CpID,CompanyNm,Role,ActiveStatus,MasterAccountID,OurCustNo,Terms,TermsCode,APEMail,PaymentDays,CurrCode,OnHold,CreditLimit,CustSvcRep,IndustryNm,WebSite,CpLastEdit
1004,[STAGING],D,A,NULL,NULL,(None),Net 30,NULL,NULL,USD,NULL,-1,NULL,NULL,NULL,
1024,MIlK RUNS,D,A,NULL,,(None),,,0,USD, ,-1,NULL,,,
1056,JEI WAREHOUSE,D,A,NULL,,(None),Net 30,,0,USD, ,-1,NULL,,,
1093,RECYCLEFORCE WAREHOUSE,D,A,NULL,,(None),Net 30,,NULL,USD, ,-1,NULL,,,
1101,ADVANCED DRAINAGE SYSTEMS,C,A,NULL,,Net 30,,Sourabh.Ratnaparkhi@ads-pipe.com,0,USD, ,-1,NULL,,,
1104,BRYAN PLASTICS PROCESSING LLC,A,A,NULL,,Net 30,Net 30,office@bryanplastics.com; cbostelman@bryanplastics.com; mcarroll@bryanplastics.com; ab@scrapmanagement.com,0,USD, ,-1,NULL,,,
1108,EAST JORDAN PLASTICS INC,P,A,NULL,,Net 30,,albraunstein1@yahoo.com; AP@EJPlastics.com; mike@ejplastics.com,0,USD, ,-1,NULL,,,
1109,ENPOL,C,A,NULL,,Net 30,,,0,USD, ,-1,NULL,,,
1111,GENERAL MILL SUPPLY CO INC,A,A,NULL,,Net 30,Net 30,janet@genmill.com,0,USD, ,-1,NULL,,,
1114,KW PLASTICS,P,A,NULL,,Net 30,,ajordan@kwplastics.com,0,USD, ,100000,NULL,,,
1115,NEED CO,P,A,NULL,,Net 30,,,0,USD, ,-1,NULL,,,
1120,RECYCLING MANAGEMENT RESOURCES,A,A,NULL,,Net 30,,,0,USD, ,-1,NULL,,,
1122,RIVER CITY POLYMERS LLC,C,A,NULL,,Net 30,,,0,USD, ,-1,NULL,,,
1123,SIWIN CORPORATION,A,A,NULL,,Net 30,Net 30,,0,USD, ,-1,NULL,,,
1124,SOMERSET RECYCLING SERVICES LLC,P,A,NULL,,Net 30,,,0,USD, ,-1,NULL,,,
1125,SUMMERTIME FARMS INC,C,A,NULL,,COD,,,0,USD, ,-1,NULL,,,
1126,ALA RECYCLING INDUSTRIES,P,A,NULL,,COD,,kim@alarecycling.com,0,USD, ,-1,NULL,,,
1128,FRANKLIN PLASTICS,P,A,NULL,,Net 45,Net 45,sonya@franklin-scrap.com; leslie@franklin-scrap.com,0,USD, ,-1,NULL,,,
1130,PRIORITY RECYCLING,A,A,NULL,,Net 15,Net 10,,0,USD, ,-1,NULL,,,
1131,RDS,P,A,NULL,,Cash Against Docs,Net 30,,0,USD, ,-1,NULL,,,
1132,RMR CENTRAL CAROLINA LLC,P,A,NULL,,(None),Net 30,,0,USD, ,-1,NULL,,,
1136,INTERNATIONAL ALLOY,A,A,NULL,,Net 30,Net 30,accountspayable@scraptrader.com,0,USD, ,-1,NULL,,,
1137,PADNOS - C,A,A,NULL,,Net 30,Net 30,remittanceadvice@padnos.com; Sheri.Hayward@padnos.com,0,USD, ,100000,NULL,,,
1138,RAFF RECYCLING CORPORATION,A,A,NULL,,Net 15,Net 30,,0,USD, ,-1,NULL,,,
1139,WM RAY'S TRASH,A,A,NULL,,Net 30,Net 30,Jennifer.Pugh@raystrash.com; CBirch@raystrash.com,0,USD, ,-1,NULL,,,
1140,RECYCLE SOLUTIONS,A,A,NULL,,Net 30,,,0,USD, ,-1,NULL,,,
1144,AMWARE EXPRESS LLC,D,A,NULL,,(None),Net 30,,0,USD, ,-1,NULL,,,
1153,CH ROBINSON,D,A,NULL,,(None),Net 30,Jim.Allen@chrobinson.com,0,USD, ,-1,NULL,,,
1155,COMMAND TRANSPORTATION LLC,D,A,NULL,,(None),Net 30,knawrocki@commandtransportation.com,0,USD, ,-1,NULL,,,
1166,P&R TRUCKING INC,D,A,NULL,,(None),Net 30,,0,USD, ,-1,NULL,,,
1169,PFS TRANSPORTATION INC.,D,A,NULL,,(None),Net 30,,0,USD, ,-1,NULL,,,
1170,PRIDE LOGISTICS LLC,D,A,NULL,,(None),Net 30,,0,USD, ,-1,NULL,,,
1172,SCHNEIDER LOGISTICS - GA,D,A,NULL,,(None),Net 30,,NULL,USD, ,-1,NULL,,,
1173,SCHNEIDER NATIONAL INC,D,A,NULL,,(None),Net 30,,0,USD, ,-1,NULL,,,
1174,SDS LOGISTICS SERVICES,D,A,NULL,,(None),Net 30,,0,USD, ,-1,NULL,,,
1177,TOTAL QUALITY LOGISTICS,D,A,NULL,,(None),Net 30,Invoicing (Invoicing@tql.com),0,USD,N,-1,NULL,,www.tql.com,
1178,TRANSMAR DISTRIBUTION SERVICES LTD,D,A,NULL,,(None),Net 30,,0,USD, ,-1,NULL,,,
1179,TRANSNATIONAL LOGISTICS CORP,D,A,NULL,,(None),Net 30,,0,USD, ,-1,NULL,,,
1181,TRANSPORTATION RESOURCES,D,A,NULL,,(None),Net 30,lori@transportationresource.com; accounting@transportationresource.com,0,USD, ,-1,NULL,,,
1184,TRINITY LOGISTICS,D,A,NULL,,(None),Net 30,,0,USD, ,-1,NULL,,,
1188,FREIGHTQUOTE.COM,D,A,NULL,,Net 30,Net 30,,0,USD, ,-1,NULL,,,
1189,FREIGHTWAYS CORP,D,A,NULL,,(None),NULL,,0,USD, ,-1,NULL,,,
1190,ACORN FARMS,V,A,NULL,TEST91913,(None),Net 30,,0,USD, ,-1,NULL,,,
1192,ADVANCED DISPOSAL,S,A,NULL,,(None),Net 30,,0,USD, ,-1,NULL,,,
1193,ALLEN COUNTY RECYCLERS INC.,P,A,NULL,,Net 30,Net 30,,0,USD, ,-1,NULL,,,
1194,ATLANTIC NURSERIES INC,S,A,NULL,,(None),Net 30,,0,USD, ,-1,NULL,,,
1195,BAYSHORE RECYCLING CORP,S,A,NULL,,(None),Net 30,,0,USD, ,-1,NULL,,,
1196,BEDS AND BORDERS,S,A,NULL,,(None),Net 30,,0,USD, ,-1,NULL,,,
1199,BUTLER PAPER RECYCLING INC,A,A,NULL,,Net 30,Net 30,AP@ButlerPaper.com; seberling@butlerpaper.com; mtaylor@butlerpaper.com,0,USD, ,-1,NULL,,,
1200,CASCADES RECOVERY,S,A,NULL,,(None),Net 30,,0,USD, ,-1,NULL,,,
1201,CEDRUS NURSERY,S,A,NULL,,(None),Net 30,,0,USD, ,-1,NULL,,,
1202,CELLMARK INC,P,A,NULL,,Net 30,Net 30,,0,USD, ,-1,NULL,,,
1205,COLGATE PAPER STOCK,V,A,NULL,,(None),Net 30,,0,USD, ,-1,NULL,,,
1208,CUMBERLAND RECYCLING,V,A,NULL,,(None),COD,,0,USD, ,-1,NULL,,,
1212,DELTA PLASTICS INC.,A,A,NULL,,1% Net 10,1% 10 Net 30,,0,USD, ,-1,NULL,,,
1214,EAST COAST NURSERIES,S,A,NULL,,(None),Net 30,,0,USD, ,-1,NULL,,,
1215,EKMAN RECYCLING,A,A,NULL,,Net 30,Net 30,,0,USD, ,-1,NULL,,,
1216,EMPIRE RECYCLING CORP,P,A,NULL,,(None),Net 30,,0,USD, ,-1,NULL,,,
1220,FREEHOLD CARTAGE INC,S,A,NULL,,(None),Net 30,,0,USD, ,-1,NULL,,,
1221,GLOVER PERENNIALS,S,A,NULL,,(None),Net 30,,0,USD, ,-1,NULL,,,
1222,GREAT LAKES PAPER,S,A,NULL,,(None),Net 30,,0,USD, ,-1,NULL,,,
1223,GREAT LAKES RECYCLING,S,A,NULL,,(None),Net 30,Stacey@glradvanced.com,0,USD, ,-1,NULL,,,
1225,GREENEVILLE IRON & METALS,S,A,NULL,,(None),Net 30,info@greenevilleironandmetals.com,0,USD, ,-1,NULL,,,
1226,HALF HOLLOW NURSERY INC,S,A,NULL,,(None),Net 30,,0,USD, ,-1,NULL,,,
1227,HOPEWELL NURSERY,S,A,NULL,,(None),Net 30,,0,USD, ,-1,NULL,,,
1228,INDIGO PLASTICS INC,P,A,NULL,,Net 15,Net 30,,0,USD, ,-1,NULL,,,
1229,LANDCRAFT ENVIRONMENTS LTD,S,A,NULL,,(None),Net 30,,0,USD, ,-1,NULL,,,
1230,LAWRENCE LANDSCAPES,S,A,NULL,,(None),Net 30,,0,USD, ,-1,NULL,,,
1231,LINCOLN NURSERIES,S,A,NULL,,(None),Net 30,,0,USD, ,-1,NULL,,,
1232,MARCK INDUSTRIES INC,S,A,NULL,,Net 30,Net 30,,0,USD, ,-1,NULL,,http://www.marck.net,
1233,MARCK RECYCLING,S,A,NULL,,(None),Net 30,,0,USD, ,-1,NULL,,,
1234,MARJAC NURSERY,S,A,NULL,,(None),Net 30,,0,USD, ,-1,NULL,,,
1236,MERCER GROUP INTL,S,A,NULL,,(None),Net 30,,0,USD, ,-1,NULL,,,
1238,MID-SOUTH RECYCLING,S,A,NULL,,(None),Net 30,,0,USD, ,-1,NULL,,,
1246,ONE SUN NURSERY,S,A,NULL,,(None),Net 30,,0,USD, ,-1,NULL,,,
1247,ONEIDA HERKIMER COUNTY,S,A,NULL,,(None),Net 30,,0,USD, ,-1,NULL,,,
1248,ORIGINAL MATRESS FACTORY,S,A,NULL,,(None),Net 30,,0,USD, ,-1,NULL,,,
1250,PEFORMANCE FOOD GROUP - TN,S,A,NULL,,(None),Net 30,,0,USD, ,-1,NULL,,,
1251,PFG-CUSTOMIZED NEW JERSEY,S,A,NULL,,(None),Net 30,,0,USD, ,-1,NULL,,,
1254,PLASTIC REUSE,S,A,NULL,,(None),Net 30,,0,USD, ,-1,NULL,,,
1256,POWER PALLET INC,S,A,NULL,,(None),Net 30,accountsreceivable@powerpalletinc.com,0,USD, ,-1,NULL,,,
1257,PRATT INDUSTRIES,P,A,NULL,,(None),Net 30,,0,USD, ,-1,NULL,,,
1259,RETURNABLE SERVICES,S,A,NULL,,(None),Net 30,,0,USD, ,-1,NULL,,,
1262,SANICO INC.,S,A,NULL,,(None),Net 30,,0,USD, ,-1,NULL,,,
1263,SCOTT FARMS NURSERYS,S,A,NULL,,(None),Net 30,,0,USD, ,-1,NULL,,,
1267,SOUTHERN SCRAP / PRES WMS,S,A,NULL,,(None),Net 30,,0,USD, ,-1,NULL,,,
1275,TUCKAHOE NURSERIES INC,S,A,NULL,,(None),Net 30,,0,USD, ,-1,NULL,,,
1278,WERLOR WASTE,S,A,NULL,,(None),Net 30,,0,USD, ,-1,NULL,,,
1284,ZOZZARO ATLANTIC COAST PROCESSING LLC,S,A,NULL,,(None),Net 30,,0,USD, ,-1,NULL,,,
1285,ACCURATE PAPER RECYCLING,S,A,NULL,,(None),Net 15,,0,USD, ,-1,NULL,,,
1286,AJ'S RECYCLING SERVICES,A,A,NULL,,Net 30,Net 30,,0,USD, ,-1,NULL,,,
1287,AMERICAN DISMANTLER,P,A,NULL,,Net 30,Net 30,,0,USD, ,-1,NULL,,,
1288,ASHEVILLE WASTE PAPER,S,A,NULL,,(None),Net 30,annette@ashewp.com,0,USD, ,-1,NULL,,,
1290,BRIAN POLLACK,A,A,NULL,,(None),Net 30,,0,USD, ,-1,NULL,,,
1291,CGS SERVICES INC.,S,A,NULL,,(None),Net 30,SArthur@cgsservices.com,0,USD, ,-1,NULL,,,
1292,CHS PLASTICS INC,A,A,NULL,,Net 30,Net 30,Heather@chsplasticsinc.com,0,USD, ,-1,NULL,,,
1293,Z - GENERAL MILL SUPPLY CO,A,A,NULL,,Net 30,Net 30,,0,USD, ,-1,NULL,,,
1294,GLOBAL PAK INC,V,A,NULL,,(None),Net 30,,0,USD, ,-1,NULL,,www.global-pak.com,
1296,GLOBAL RESOURCES,S,A,NULL,,(None),Due on receipt,,0,USD, ,-1,NULL,,,
1297,HOOF'S FARRIER VET SUPPLY,S,A,NULL,,(None),Net 30,,0,USD, ,-1,NULL,,,
1298,IN-PLAS RECYCLING,P,A,NULL,,Net 10,Net 30,kathy@inplasrecycling.com; tracyb@inplasrecycling.com,0,USD, ,-1,NULL,,,
1299,JB PLASTICS,A,A,NULL,,Net 30,Net 30,,0,USD, ,-1,NULL,,,
1300,JIM RIFF,S,A,NULL,,(None),Net 30,,0,USD, ,-1,NULL,,,
1303,MCC RECYCLING SERVICES LLC,V,A,NULL,,(None),Net 30,,0,USD, ,-1,NULL,,,
1306,MONTGOMERY PAPER CO,A,A,NULL,,Net 30,Net 30,Sales@MontgomeryPaper.com,0,USD, ,-1,NULL,,,
1307,MONTGOMERY RECYCLING,S,A,NULL,,(None),Net 15,,0,USD, ,-1,NULL,,,
1308,OMNISOURCE,S,A,NULL,,(None),Net 30,,0,USD, ,-1,NULL,,,
1311,TOTALL METAL RECYCLING,S,A,NULL,,(None),Due on receipt,,0,USD, ,-1,NULL,,,
1312,TRI-CITY WASTE PAPER,S,A,NULL,,(None),Net 30,,0,USD, ,-1,NULL,,,
1313,AGRI-LINK PLASTICS IINC,S,A,NULL,,(None),Due on receipt,,0,USD, ,-1,NULL,,,
1315,BFI RALEIGH RECYCLERY,S,A,NULL,,(None),Net 30,,0,USD, ,-1,NULL,,,
1318,GDS CONOVER MRF,P,A,NULL,,(None),Net 30,,0,USD, ,-1,NULL,,,
1323,MASTER FIBERS INC,S,A,NULL,,(None),Net 30,monica.wilie@masterfibers.com,0,USD, ,-1,NULL,,,
1326,POWERHOUSE RECYCLING,A,A,NULL,,Net 30,Net 30,,0,USD, ,-1,NULL,,,
1331,ZOOK'S PLASTIC RECOVERY,S,A,NULL,,(None),Net 30,,0,USD, ,-1,NULL,,,
1333,ANTHRACITE AUTO PARTS,S,A,NULL,,(None),Net 30,,0,USD, ,-1,NULL,,,
1335,CASELLA WASTE SYSTEMS,A,A,NULL,,(None),Net 30,,0,USD, ,-1,NULL,,,
1336,CITY CARTING & RECYCLING,S,A,NULL,,(None),Net 30,,0,USD, ,-1,NULL,,,
1338,CLINTON NURSERIES INC,S,A,NULL,,(None),Net 30,,0,USD, ,-1,NULL,,,
1339,CONIGLIARO INDUSTRIES,S,A,NULL,,(None),Net 30,dfox@conigliaro.com,0,USD, ,-1,NULL,,,
1342,DRUMCO,S,A,NULL,,(None),Net 30,,0,USD, ,-1,NULL,,,
1343,EL HARVEY & SONS,P,A,NULL,,(None),Net 30,,0,USD, ,-1,NULL,,,
1351,GREENSTAR RECYCLING - PITTSBURGH,S,A,NULL,,(None),NULL,,0,USD, ,-1,NULL,,,
1357,NH KELMAN,P,A,NULL,,Net 30,Net 30,,0,USD, ,-1,NULL,,,
1359,WIN WASTE INNOVATIVE,V,A,NULL,,(None),Net 30,,0,USD, ,-1,NULL,,,
1360,OPR SYSTEMS INC,V,A,NULL,,(None),Net 30,,0,USD, ,-1,NULL,,,
1361,ORE RECOVERED MATERIAL,S,A,NULL,,(None),Net 30,,0,USD, ,-1,NULL,,,
1362,PAWTUCKET RECYCLING ASSOC.,S,A,NULL,,(None),Net 30,,0,USD, ,-1,NULL,,,
1364,PENN WASTE RECYCLING,S,A,NULL,,(None),Net 30,,0,USD, ,-1,NULL,,,
1367,RHB REMOVAL,S,A,NULL,,(None),Net 30,,0,USD, ,-1,NULL,,,
1377,WM RECYCLE AMERICA,A,A,NULL,,Net 30,Net 30,"bgonza19@wm.com; tschaff1@wm.com; Gonzales, Brianna <bgonza19@wm.com>",0,USD, ,-1,NULL,,,
1378,YORKSHIRE PAPER CORP,S,A,NULL,,(None),Net 30,,0,USD, ,-1,NULL,,,
1380,BALCONES RECYCLING,P,A,NULL,,Net 15,Net 30,ar@balconesresources.com,0,USD, ,-1,NULL,,,
1381,BATLINER PAPER STOCK CO,S,A,NULL,,(None),Net 30,swegener@pioneerintl.com,0,USD, ,-1,NULL,,,
1383,CEDAR POLY LLC,A,A,NULL,,Net 30,Net 30,,0,USD, ,-1,NULL,,,
1384,CHANNELED RESOURCES GROUP,S,A,NULL,,(None),Net 30,,0,USD, ,-1,NULL,,,
1385,COMBINED RESOURCES,S,A,NULL,,(None),Net 30,,0,USD, ,-1,NULL,,,
1386,COMMERCIAL RECYCLING CORP,S,A,NULL,,(None),Net 30,invoicing@comrecycling.net,0,USD, ,-1,NULL,,,
1387,COMMUNITY RESOURCE INC,S,A,NULL,,(None),Net 30,carey.barfield@communityresourceinc.com,0,USD, ,-1,NULL,,,
1391,DR. PLASTICS INC.,S,A,NULL,,(None),Net 30,,0,USD, ,-1,NULL,,,
1393,EAGLE ENTERPRISES RECYCLING INC,S,A,NULL,,(None),Net 30,jacquej@eerecycling.com,0,USD, ,-1,NULL,,,
1395,FEDERAL INTERNATIONAL,P,A,NULL,,Net 30,Net 30,,0,USD, ,-1,NULL,,,
1396,FIRSTAR FIBER,A,A,NULL,,Net 30,Net 60,leecornell@firstarfiber.com; seastman@firstarfiber.com; d.easdale@firstarfiber.com,0,USD, ,-1,NULL,,,
1398,GROOT WASTE,S,A,NULL,,(None),Net 30,mmedina@groot.com,0,USD, ,-1,NULL,,,
1400,IROW SHREDDING RECYCLING,S,A,NULL,,(None),Net 30,,0,USD, ,-1,NULL,,,
1404,MIDLAND DAVIS,S,A,NULL,,(None),Net 30,Sofia.Montoya@midlanddavis.com;Amanda.McLean@midlanddavis.com,0,USD, ,-1,NULL,,midlanddavis.com,
1405,MIDWEST FIBER INC,P,A,NULL,,(None),Net 30,tsherriff@Midwest-Fiber.com,0,USD, ,-1,NULL,,,
1407,MISSOURI PLASTICS,S,A,NULL,,(None),Net 30,,0,USD, ,-1,NULL,,,
1408,MR&C SERVICES,S,A,NULL,,(None),Net 15,,0,USD, ,-1,NULL,,,
1410,NORTH CEDAR SOUTH LLC,S,A,NULL,,(None),Net 30,,0,USD, ,-1,NULL,,,
1412,OUTAGAMIE COUNTY RECYCLING,S,A,NULL,,(None),Net 30,Shari.peterson@outagamie.org; patty.adams@outagamie.org,0,USD, ,-1,NULL,,,
1413,PIONEER PAPERSTOCK,S,A,NULL,,(None),Net 30,khowe@Pioneerintl.com,0,USD, ,-1,NULL,,,
1414,PRI GROUP LLC,V,A,NULL,,COD,Net 30,kyle.corbitt@ThePRIGroup.com,0,USD, ,-1,NULL,,,
1415,QUINCY RECYCLE PAPER,S,A,NULL,,(None),COD,RBluhm@quincyrecycle.com,0,USD, ,-1,NULL,,,
1417,RECYCLING WORKS INC,A,A,NULL,,Net 30,Net 30,ap@wasteawaygroup.com,0,USD, ,-1,NULL,,,
1418,REVOLUTION RECOVERY LLC,P,A,NULL,,Net 30,Net 30,elyse@Revolutionrecovery.com,0,USD, ,-1,NULL,,,
1420,SOUTHERN RECYCLING CENTER,S,A,NULL,,(None),Net 30,,0,USD, ,-1,NULL,,,
1424,VIM RECYCLERS LLP,A,A,NULL,,Net 30,Net 30,,0,USD, ,-1,NULL,,,
1428,SKY RECYCLING,A,A,NULL,,(None),Net 30,,0,USD, ,-1,NULL,,,
1429,TRANSFER SYSTEMS & WAREHOUSING,V,A,NULL,,(None),Net 30,werner2@accs.net,0,USD, ,-1,NULL,,,
1431,RECYCLEFORCE,A,A,NULL,,(None),Net 30,,0,USD, ,-1,NULL,,,
1433,UCS,P,A,NULL,,Net 30,Net 30,nt@ucsincny.com,0,USD, ,-1,NULL,,,
1434,XPO LOGISTICS,D,A,NULL,,(None),Net 30,,NULL,USD, ,-1,NULL,,,
1435,SERYMAN PLASTICS,C,A,NULL,,COD,,,0,USD, ,-1,NULL,,,
1436,UPPER VALLEY DISPOSAL SERVICES,V,A,NULL,,(None),Net 30,Gail@uvds.com,0,USD, ,-1,NULL,,,
1442,KTI INC,D,A,NULL,,(None),Net 15,,0,USD, ,-1,NULL,,,
1443,UNITED PLASTIC RECYCLING INC,C,A,NULL,,Net 45,,ap@jetpoly.com,0,USD, ,-1,NULL,,,
1444,WASTE-NOT RECYCLING,V,A,NULL,,(None),Net 15,,0,USD, ,-1,NULL,,,
1445,PRIORITY WAREHOUSE,D,A,NULL,,(None),Net 10,,0,USD, ,-1,NULL,,,
1446,VAN WERT SOLID WASTE,A,A,NULL,,(None),Net 30,,0,USD, ,-1,NULL,,,
1450,MARTIN COUNTY RECYCLING,V,A,NULL,,(None),Net 30,,0,USD, ,-1,NULL,,,
1451,CONTI GROUP,X,A,NULL,,Net 30,,,0,USD, ,-1,NULL,,,
1453,JOHNS DISPOSAL SERVICES,V,A,NULL,,(None),Net 10,,0,USD, ,-1,NULL,,http://www.johnsdisposal.com/,
1454,FAR WEST FIBERS INC,V,A,NULL,,(None),Net 30,LUpshaw@farwestrecycling.com,0,USD, ,-1,NULL,,http://www.farwestfibers.com,
1455,PETOSKEY PLASTICS,A,A,NULL,,Net 30,Net 30,tdeagostino@petoskeyplastics.com,0,USD, ,-1,NULL,,,
1457,SHUMAN PLASTICS,C,A,NULL,,Net 15,,,0,USD, ,-1,NULL,,http://www.shuman-plastics.com/,
1458,FAITH RECYCLING SERVICES LLC,X,A,NULL,,COD,,,0,USD, ,-1,NULL,,,
1459,US RECYCLING GROUP,V,A,NULL,,(None),,,0,USD, ,-1,NULL,,,
1461,MEMPHIS RECYCLING SERVICES,V,A,NULL,,(None),COD,tjwilson@recyclingit.com,0,USD, ,-1,NULL,,,
1464,AMERICAN RECYCING OF WNC,C,A,NULL,,Net 30,Net 30,,0,USD, ,-1,NULL,,http://www.amrecyclingofwnc.com/,
1466,AR RECYCLING LLC,A,A,NULL,,COD,Net 30,Docs@ar-recycling.com,0,USD, ,-1,NULL,,http://www.ar-recycling.com,
1467,EASTERN POULTRY,V,A,NULL,,(None),Net 30,,0,USD, ,-1,NULL,,,
1468,PPP LLC,X,A,NULL,,Prepayment,,,0,USD, ,-1,NULL,,www.ppprecycle.com,
1469,SPECIALIZED FIBERS,V,A,NULL,,(None),Net 15,,0,USD, ,-1,NULL,,,
1470,DUPUY CONSULTANTS,X,A,NULL,,Net 15,,dupuyjoshp@gmail.com,0,USD, ,-1,NULL,,,
1471,PLS LOGISTICS SERVICES,D,A,NULL,,(None),Net 30,accountsreceivable@plslogistics.com; lbrown@plslogistics.com; bwoessner@plslogistics.com; sudecree@plslogistics.com,0,USD, ,-1,NULL,,plslogistics.com,
1472,OVERBEY PLASTICS,V,A,NULL,,(None),COD,,0,USD, ,-1,NULL,,overbeyplastics.com,
1474,VISH GROUP,X,A,NULL,,Net 30,Net 30,billing@vishgroup.com,0,USD, ,-1,NULL,,,
1475,INTERWEST PAPER,A,A,NULL,,(None),Net 15,hope@interwestpaper.com; marjan@interwestpaper.com,0,USD, ,-1,NULL,,,
1476,KW PLASTICS WAREHOUSE,D,A,NULL,,(None),Net 30,,0,USD, ,-1,NULL,,,
1477,RECYCLE-IT LLC,P,A,NULL,,Net 30,Net 30,,0,USD, ,-1,NULL,,,
1478,RECYCLE-IT WAREHOUSE,D,A,NULL,,(None),,,NULL,USD, ,-1,NULL,,,
1480,AXLE LOGISTICS,D,A,NULL,,(None),Net 30,carrie.ollom@axlelogistics.com,0,USD, ,-1,NULL,,axlelogistics.com,
1481,FHU WE R EXPORTING SP ZOO,V,A,NULL,ID45687US,(None),COD,,0,EUR, ,-1,NULL,,fhuwerexporting.com,
1482,JC HORIZON LTD,A,A,NULL,,Net 30,Net 30,niki@jchorizonltd.com; sally@jchorizonltd.com; ben@jchorizonltd.com; Becky@jchorizonltd.com; tracy@jchorizonltd.com;Luna@jchorizonltd.com,0,USD, ,-1,NULL,,,
1484,ASHEBORO RECYCLING,A,A,NULL,,(None),Net 30,,0,USD, ,-1,NULL,,,
1486,EVERGREEN PLASTICS,C,A,NULL,,Net 30,,accountspayable@evergreenplastics.com,0,USD, ,-1,NULL,,www.evergreenplastics.com,
1488,GLOBAL EXPRESS LOGISTICS INC,D,A,NULL,,(None),Net 30,,NULL,USD, ,-1,NULL,,,
1489,G & F TRUCKING INC,D,A,NULL,,(None),Net 30,,NULL,USD, ,-1,NULL,,,
1490,DST EXPRESS INC,D,A,NULL,,(None),Net 30,,NULL,USD, ,-1,NULL,,,
1491,SOUTHWAY CARRIERS INC,D,A,NULL,,(None),Net 30,,0,USD, ,-1,NULL,,,
1492,TRIDENT POLYMERS,V,A,NULL,,(None),COD,,0,USD, ,-1,NULL,,http://www.tridentpolymers.com/,
1493,MUCHAI LLC,D,A,NULL,,(None),Net 30,,0,USD, ,-1,NULL,,,
1494,ISUSTAIN INC,V,A,NULL,,(None),COD,,0,USD, ,-1,NULL,,,
1495,ECHO LOGISTICS,D,A,NULL,,(None),Net 30,brendan.lowry@echo.com,0,USD, ,-1,NULL,,www.echo.com,
1496,ROLL ON TRANSPORTATION,D,A,NULL,,(None),Net 30,admin@ rollonindustries.com,0,USD, ,-1,NULL,,www.rollontrans.com,
1497,JUNIPER HILL NURSERY INC,V,A,NULL,,(None),Net 30,,0,USD, ,-1,NULL,,www.juniperhillgreenhouses.com,
1500,MAUSER PACKAGING - REIDSVILLE,A,A,NULL,,Net 30,Net 30,ICSReidsvilleAP@iconserv.com,0,USD, ,-1,NULL,,,
1501,TAYLOR LOGISTICS INC,D,A,NULL,,(None),Net 30,,0,USD, ,-1,NULL,,www.taylorlogistics.com,
1502,EVANS DELIVERY - WEST CONTRACT,D,A,NULL,,(None),Net 30,lisa.woodcock@evansdelivery.com,0,USD, ,-1,NULL,,,
1503,W ENTERPRISES LLC,V,A,NULL,,(None),Net 15,,0,USD, ,-1,NULL,,,
1504,TRANS DYNAMICS INC,D,A,NULL,,(None),Net 30,kwilkerson@transdynamics.com,0,USD, ,-1,NULL,,transdynamics.com,
1505,EAST TERRA PLASTIC RECYCLING,A,A,NULL,,Net 30,Net 30,doc@east-terra.com; lucytao@east-terra.com; jaychu@east-terra.com,0,USD, ,-1,NULL,,,
1507,DELTA LOGISTICS LLC,D,A,NULL,,Net 30,Net 30,ar@deltalogisticsllc.com,0,USD, ,-1,NULL,,,
1508,PRIME 360,S,A,NULL,,(None),Net 30,,0,USD, ,-1,NULL,,,
1509,BROADWAY INTERMODAL LLC,D,A,NULL,,(None),,credit@wallstreetsystemsinc.com,0,USD, ,-1,NULL,,,
1510,COUGLES RECYCLING INC,V,A,NULL,,(None),Net 30,d.long@couglesrecycling.com,0,USD, ,-1,NULL,,couglesrecycling.com,
1511,RECOMMUNITY CORP,V,A,NULL,,(None),Net 30,arassist@recommunity.com; ;jgibson8@republicservices.com,0,USD, ,-1,NULL,,,
1512,EWS ALABAMA INC,V,A,NULL,,(None),COD,,0,USD, ,-1,NULL,,,
1513,CPM RECYCLING SERVICES,V,A,NULL,,(None),Net 30,CPMRecycleService@hotmail.com,0,USD, ,-1,NULL,,,
1515,PALLET RESOURCE,A,A,NULL,,(None),Net 30,,0,USD, ,-1,NULL,,,
1516,SERVICE RECYCLING,V,A,NULL,,(None),Net 30,s.nichols@servicerecycling.net,0,USD, ,-1,NULL,,,
1517,STRETCH LOGISTICS INC,D,A,NULL,,(None),Net 30,tneal@stretchlogistics.com,0,USD, ,-1,NULL,,,
1519,OCCUPATIONAL TRAINING CENTER,V,A,NULL,,(None),Net 30,jcarducci@otcbc.org,0,USD, ,-1,NULL,,,
1520,AMERICAN METAL & PAPER RECYCLING INC,V,A,NULL,,(None),Net 10,Donna@AmericanMPR.com,0,USD, ,-1,NULL,,,
1524,UNITED STATES RECYCLING,V,A,NULL,,(None),COD,kmccrane@unitedstatesrecycling.com,0,USD, ,-1,NULL,,,
1525,PROGRESSIVE RECYCLING SOLUTIONS,V,A,NULL,,(None),Net 30,,0,USD, ,-1,NULL,,,
1527,TOTAL RECYCLE INC,V,A,NULL,,(None),Net 30,sophia.mascaro@jpmascaro.com,0,USD, ,-1,NULL,,,
1529,CITY FIBERS INC,A,A,NULL,,Net 10,Net 10,susy@cityfibers.com,0,USD, ,-1,NULL,,,
1530,JOES PLASTICS,C,A,NULL,,Prepayment,,joe@800plastics.com;stacy@800PLASTICS.COM,0,USD, ,-1,NULL,,800.plastics.com,
1531,MIXED PLASTICS LLC,X,A,NULL,,Net 30,Net 30,accounting@mixedplastics.com,0,USD, ,-1,NULL,,http://www.mixedplastics.com/index.html,
1532,GREENWASTE RECOVERY LLC,A,A,NULL,,Net 30,Net 30, baguilar@greenwaste.com,0,USD, ,-1,NULL,,,
1533,CONCORD PLASTICS INC,S,A,NULL,,(None),Net 30,,0,USD, ,-1,NULL,,,
1534,THE WORTHINGTON COMPANY,D,A,NULL,,(None),Net 30,mjmcvey@worthingtoncompany.com; apeterson@worthingtoncompany.com; accounting@worthingtoncompany.com,0,USD, ,-1,NULL,,,
1535,EAGLE WASTE & RECYCLING INC,S,A,NULL,,(None),Net 30,,0,USD, ,-1,NULL,,,
1536,SPOT FREIGHT INC,D,A,NULL,,(None),Net 30,,0,USD, ,-1,NULL,,,
1537,GREEN PLUS PLASTICS,V,A,NULL,,(None),COD,,0,USD, ,-1,NULL,,,
1538,NATURE'S WOOD PRODUCTS LLC,S,A,NULL,,(None),Net 30,,0,USD, ,-1,NULL,,,
1539,ELCO VENTURES LLC,C,A,NULL,,Net 30,,,0,USD, ,-1,NULL,,,
1540,BYPRODUCT RECYCLING LLC,A,A,NULL,,Prepayment,Net 30,,0,USD, ,-1,NULL,,,
1544,GP HARMON RECYCLING,C,A,NULL,,(None),Net 30,harmontaplastic@gapac.com; Carol.Shell@GAPAC.com,0,USD, ,-1,NULL,,,
1545,B&D WAREHOUSE - INVENTORY ONLY,D,A,NULL,,(None),Net 30,,0,USD, ,-1,NULL,,,
1549,NUVIDA PLASTIC TECHNOLOGY INC,C,A,NULL,,Net 45,N45,nuvidaacctspayable@nuvidaplastics.com,0,USD, ,-1,NULL,,,
1550,NOLAN TRANSPORT GROUP INC,D,A,NULL,,(None),Net 30,terry.wright@ntgfreight.com,0,USD, ,-1,NULL,,,
1551,CUSTOM POLYMERS PET,A,A,NULL,,Net 30,Net 30,suzzanne@custompolymerspet.com,0,USD, ,-1,NULL,,,
1552,ABM POLYMERS INC,X,A,NULL,,Net 30,,,0,USD, ,-1,NULL,,,
1553,CHOPTANK TRANSPORT INC,D,A,NULL,,(None),Net 30,Sharon.taylor@choptanktransport.com;allison.scharch@choptanktransport.com; danielle.brodka@choptanktransport.com,0,USD, ,-1,NULL,,,
1554,DYNAMIC LOGISTIX LLC,D,A,NULL,,(None),Net 30,ronda.smith@flopath.com; meley.king@flopath.com,0,USD, ,-1,NULL,,,
1555,LOGISTICS MADE SIMPLE INC,D,A,NULL,,(None),Net 30,apinvoices@logisticsms.net;gregbrannon@logisticsms.net; kholley@logisticsms.net,0,USD, ,-1,NULL,,,
1556,CHAMPION POLYMER RECYCLING,C,A,NULL,,Net 30,,,0,USD, ,-1,NULL,,,
1558,THE ACTION ENVIRONMENTAL GROUP INC,V,A,NULL,,(None),Net 30,rwhite@actioncarting.com; vvitale@iswaste.com,0,USD, ,-1,NULL,,,
1560,GIORDANOS RECYCLING,P,A,NULL,,COD,COD,,0,USD, ,-1,NULL,,www.giordanosrecycling.com,
1561,ARUNDEL RECYCLING CENTER,C,A,NULL,,Net 30,,,0,USD, ,-1,NULL,,http://arundelrecycling.com/,
1563,HUDSON BAYLOR BROOKHAVEN,V,A,NULL,,(None),Net 15,,0,USD, ,-1,NULL,,,
1564,MID AMERICA RECYCLING,V,A,NULL,,(None),COD,,0,USD, ,-1,NULL,,,
1565,MONDO POLYMER TECHNOLOGIES INC,A,A,NULL,,Net 30,,ap@mondopolymer.com; sue@mondopolymer.com,0,USD, ,-1,NULL,,,
1566,ANGEL OF SHAVANO RECYCLING LLC,V,A,NULL,,Net 30,COD,shavanorecycling@gmail.com,0,USD, ,-1,NULL,,,
1567,GERALD STRUVE,A,A,NULL,,COD,COD,,0,USD, ,-1,NULL,,,
1569,SAVAGE LOGISTICS INC,D,A,NULL,,(None),Net 30,AccountsReceviable@savageservices.com; christinathompson@savageservices.com,0,USD, ,-1,NULL,,www.savagelogistics.net,
1570,AMINO TRANSPORT INC,D,A,NULL,,(None),Net 30,marquita@shipamino.com; billing@shipamino.com,0,USD, ,-1,NULL,,,
1571,DUNN COUNTY SOLID WASTE & RECYCLING,V,A,NULL,,(None),Net 15,dduerst@co.dunn.wi.us,0,USD, ,-1,NULL,,,
1572,KELLER FREIGHT SOLUTIONS,D,A,NULL,,(None),Net 30,billing@kellerlogistics.com,0,USD, ,-1,NULL,,,
1573,METRO REYCLING SOLUTIONS,A,A,NULL,,Net 30,Net 30,,0,USD, ,-1,NULL,,,
1574,TRANSTECH INC,D,A,NULL,,(None),Net 30,billing@transtechlogistics.net,0,USD, ,-1,NULL,,www.transtechbroker.com,
1575,JJS RECYCLING FACTORY LLC,A,A,NULL,,Net 30,Net 30,mobradovic@jjsrecycling.com;vera@jjsrecycling.com;,0,USD, ,-1,NULL,,,
1576,ALLIED RESOURCE RECOVERY INC,V,A,NULL,,(None),Net 15,officeadmin@ALLIEDRESOURCERECOVERY.COM,0,USD, ,-1,NULL,,,
1577,CHESAPEAKE MATERIALS SERVICES LLC,A,A,NULL,,Net 30,Net 30,Melissa@cmsplastic.com,0,USD, ,-1,NULL,,,
1578,REPCO SERVICES LLC,A,A,NULL,,Net 30,Net 30,kris@repcollc.com; jenni@repcollc.com,0,USD, ,-1,NULL,,,
1580,ASTRO INDUSTRIES INC,C,A,NULL,,Net 30,,sherri@astroindustriesus.com,0,USD, ,-1,NULL,,,
1582,GREENMINE INC,X,A,NULL,,Net 30,Net 30,seamus@green-mine.com; jessica@green-mine.com,0,USD, ,-1,NULL,,,
1584,PETMATE,X,A,NULL,,Net 30,Net 30,ap@petmate.com,0,USD, ,-1,NULL,,www.spectrumpolymers.com,
1585,AVON PLASTICS,X,A,NULL,,Net 30,Net 30,accounts.payable@avonplastics.com,0,USD, ,-1,NULL,,avonplastics.com,
1587,FL PLASTIC LLC,X,A,NULL,,Net 15,,FLPlastic@Outlook.com,0,USD, ,-1,NULL,,,
1588,RUMPKE RECYCLING,A,A,NULL,,Net 30,Net 30,Nancy.Zagaros@Rumpke.com,0,USD, ,-1,NULL,,www.rumpke.com,
1589,GAR PLASTICS INC,A,A,NULL,,Net 30,Net 30,,0,USD, ,-1,NULL,,www.garplastics.com,
1590,GREEN PLANET 21 INC - DALLAS,V,A,NULL,,(None),Net 10,,0,USD, ,-1,NULL,,www.americanshredding.com,
1591,ECO FULFILLMENT LLC,D,A,NULL,,(None),Net 30,billing@ecofulfillment.com,0,USD, ,-1,NULL,,,
1593,LRS LOGISTICS LLC,D,A,NULL,,(None),Net 30,,0,USD, ,-1,NULL,,,
1594,ALBERT BROS INC,V,A,NULL,,(None),Net 30,,0,USD, ,-1,NULL,,,
1595,ANTEK MADISON PLASTICS USA LTD,A,A,NULL,,Net 20,Net 30,accounting@antekmadison.com,0,USD, ,-1,NULL,,,
1597,PINE RIDGE LANDFILL,D,A,NULL,,(None),COD,,0,USD, ,-1,NULL,,,
1598,LAUDADIO POLYMERS INC,A,A,NULL,,(None),Net 30,csrhouston@laudadiopolymers.com,0,USD, ,-1,NULL,,,
1599,UNIFI MANUFACTURING INC,A,A,NULL,,Net 30,Net 30,ap@unifi.com,0,USD, ,-1,NULL,,www.unifi.com,
1600,ENVISION ECOPLAST GROUP,A,A,NULL,,Net 30,Net 30,Amy.Moore@cccllc.com,0,USD, ,-1,NULL,,,
1601,TFC RECYCLING,A,A,NULL,,Net 30,Net 30,accounting@tfcrecycling.com; ALissnils@tfcrecycling.com,0,USD, ,-1,NULL,,,
1602,P&H PROPERTIES LLC,V,A,NULL,,(None),Net 30,phpropertiesLLC@aol.com,0,USD, ,-1,NULL,,,
1603,HOM FURNITURE INC,V,A,NULL,,(None),Net 30,alubansky@homfurniture.com,0,USD, ,-1,NULL,,,
1604,DAMIRON TRANSPORTATION SERVICES INC,D,A,NULL,,(None),Net 30,damironaccounting@gmail.com,0,USD, ,-1,NULL,,,
1605,RAPAC LP,C,A,NULL,,Net 30,,apinfo@ringcontainer.com,0,USD, ,-1,NULL,,,
1606,REPCO WAREHOUSE,D,A,NULL,NULL,(None),NULL,NULL,NULL,USD,NULL,-1,NULL,NULL,NULL,
1607,RECOVER USA,A,A,NULL,,(None),Net 30,accounting@recoverusa.com; sacha@recoverUSA.com,0,USD, ,-1,NULL,,,
1608,HALL COUNTY GOVERNMENT,V,A,NULL,,(None),Net 30,tansley@hallcounty.org,0,USD, ,-1,NULL,,,
1609,K&B PLASTIC INDUSTRIES,V,A,NULL,,(None),Net 15,p-m-i@outlook.com,0,USD, ,-1,NULL,,,
1610,ULTRA POLY CORPORATION,A,A,NULL,,Net 30,Net 30,APMaterials@Ultra-Poly.com,0,USD, ,-1,NULL,,,
1611,FIRST STAR LOGISTICS LLC,D,A,NULL,,(None),Net 30,invoicing@firststarllc.com,0,USD, ,-1,NULL,,,
1612,NEWCO FIBERS INC,A,A,NULL,,Net 30,Net 30,,0,USD, ,-1,NULL,,,
1613,LYCOMING COUNTY RESOURCE MNGT SERVICES,V,A,NULL,,(None),Net 30,,0,USD, ,-1,NULL,,,
1615,JE KOCAK TRUCKING & TRANS SVS LLC,D,A,NULL,,(None),Net 30,,0,USD, ,-1,NULL,,,
1616,GREEN PLANET 21 INC,V,A,NULL,,(None),Net 10,iinvoices@greenplanet21.com; BSingh@greenplanet21.com; Erika@greenplanet21.com; katherine@greenplanet21.com; ABerry@greenplanet21.com,0,USD, ,-1,NULL,,,
1617,MARK UPDEGRAFF TRUCKING INC,D,A,NULL,,(None),Net 30,Accounting.updegrafftrucking@comcast.net,0,USD, ,-1,NULL,,,
1619,CARAUSTAR RECYCLING,V,A,NULL,,(None),Net 30,lisa.jones@caraustarcom,0,USD, ,-1,NULL,,,
1620,ARRIVE LOGISTICS LLC,D,A,NULL,,(None),Net 30,accountspayable@arrivelogistics.com; hragland@arrivelogistics.com,0,USD, ,-1,NULL,,,
1621,PFG CDC PERFORMANCE FOOD GROUP  LEBANON,V,A,NULL,,(None),Net 15,,0,USD, ,-1,NULL,,,
1622,TOWN OF WELLESLEY RDF,V,A,NULL,,(None),Net 30,,0,USD, ,-1,NULL,,http://www.ci.wellesley.ma.us/pages/FOV1-0001FDB3/rdf/I,
1623,ATLANTIC COAST RECYCLING OF OCEAN,A,A,NULL,,Net 15,Net 15,joann.torre@atlanticcoastfibers.com,0,USD, ,-1,NULL,,,
1624,PINNACLE RECYCLING LLC,S,A,NULL,,(None),Net 30,srickert@pinnaclerecycling.com,0,USD, ,-1,NULL,,,
1625,D&M RECYCLING INC,V,A,NULL,,(None),Net 30,,0,USD, ,-1,NULL,,,
1627,GROOT INDUSTRIES INC,V,A,NULL,,(None),Net 30,mmedina@groot.com,0,USD, ,-1,NULL,,,
1628,NORTH COUNTRY MATERIAL SALES,A,A,NULL,,Net 30,COD,,0,USD, ,-1,NULL,,,
1629,MATSON LOGISTICS SERVICES LLC,D,A,NULL,,(None),Net 30,tarajones@matson.com,0,USD, ,-1,NULL,,,
1630,IRP LOGISTICS LLC,A,A,NULL,,Net 30,Net 30,,0,USD, ,-1,NULL,,,
1631,ATC PLASTICS LLC,V,A,NULL,,(None),Net 30,jmachado@atcplastics.com,0,USD, ,-1,NULL,,www.atcplastics.com,
1632,NEXT SPECIALTY RESINS INC,A,A,NULL,,Net 30,Net 10,minea@nextresins.com,0,USD, ,-1,NULL,,www.nextresins.com,
1633,BNSF LOGISTICS LLC,D,A,NULL,,(None),Net 30,,0,USD, ,-1,NULL,,,
1634,PF TRADING,V,A,NULL,,(None),Net 30,,0,USD, ,-1,NULL,,,
1636,DIRECT POLYMERS LLC,A,A,NULL,,Net 30,Net 30,,0,USD, ,-1,NULL,,,
1637,IWS TRANSFER SYSTEMS OF NY INC,V,A,NULL,,(None),Net 30,vvitale@iswaste.com,0,USD, ,-1,NULL,,,
1638,SACCO TRUCKING INC,D,A,NULL,,(None),Net 30,saccotrucking@gmail.com,0,USD, ,-1,NULL,,saccotrucking@gmail.com,
1639,WASTE CONNECTIONS (Albany),S,A,NULL,,(None),Net 30,AlexisC@WasteConnections.com,0,USD, ,-1,NULL,,,
1641,NOVOLEX,X,A,NULL,,Net 30,Net 30,Katie.Bohm@novolex.com; Novolex_AP@onlinecapturecenter.com,0,USD, ,-1,NULL,,,
1642,REDWOOD MULTIMODAL,D,A,NULL,,(None),Net 30,ap@redwoodlogistics.com,0,USD, ,-1,NULL,,,
1643,SEAVIEW PLASTIC RECYCLING INC,X,A,NULL,,Net 30,Net 30,Tracey@seaviewplasticrecycling.com,0,USD, ,-1,NULL,,,
1644,THE FAIRFAX COMPANIES,V,A,NULL,,(None),Net 30,ashley@ffxsite.net,0,USD, ,-1,NULL,,,
1645,CORESTATES RECYCLING,A,A,NULL,,(None),Net 30,apatch@csprecycling.com,0,USD, ,-1,NULL,,,
1646,JET POLYMER RECYCLING INC,X,A,NULL,,Net 30,Net 30,ap@jetpoly.com,0,USD, ,-1,NULL,,www.jetpolymer.com,
1649,MACO IMPORT & EXPORT INC,X,A,NULL,,Net 30,Net 30,fiona@macorecycling.com,0,USD, ,-1,NULL,,,
1650,KINGS TRANSFER INC,D,A,NULL,,(None),Net 30,loric.kings@gmail.com,0,USD, ,-1,NULL,,,
1651,COOK PAPER RECYCLING,V,A,NULL,,(None),Net 30,dboman@cookpaper.com; ljurden@cookpaper.com,0,USD, ,-1,NULL,,,
1653,INDIANA CARDINAL INC,A,A,NULL,,(None),Net 30,,0,USD, ,-1,NULL,,,
1656,JAMES R SMITH TRUCKING COMPANY INC,D,A,NULL,,(None),Net 30,AmberH@jamesrsmith.com,0,USD, ,-1,NULL,,,
1661,JAMES A SMITH TRANSPORTATION INC,D,A,NULL,,(None),Net 30,amberh@jamesrsmith.com,0,USD, ,-1,NULL,,,
1662,RPM RECYCLING,X,A,NULL,,50% Prepay/50% Against Docs,,,0,USD, ,-1,NULL,,,
1663,WJW ASSOCIATES LTD,D,A,NULL,,(None),Net 30,,0,USD, ,-1,NULL,,,
1665,FIBRE DRUM SALES INC,V,A,NULL,,(None),Net 30,,0,USD, ,-1,NULL,,www.fdspackaging.com,
1666,GEORGIA SEED DEVELOPMENT,V,A,NULL,,(None),Net 30,,0,USD, ,-1,NULL,,,
1667,WASTE SOLUTIONS INC,V,A,NULL,,(None),Net 30,,0,USD, ,-1,NULL,,,
1668,GREEN PROCESSING COMPANY INC,X,A,NULL,,Net 30,,payables@green-processing.com,0,USD, ,-1,NULL,,www.green-processing.com,
1669,SUPERIOR PALLETS INC,V,A,NULL,,(None),Net 30,,0,USD, ,-1,NULL,,,
1670,FRANKFORT PLASTICS INC,V,A,NULL,,(None),Net 30,,0,USD, ,-1,NULL,,,
1671,FEDERAL RECYCLING & WASTE SOLUTIONS,A,A,NULL,,Net 30,Net 30,,0,USD, ,-1,NULL,,,
1672,BSD PLASTICS INC,X,A,NULL,,Net 30,Net 30,office@bsdplasticsinc.com; manny@bsdplasticsinc.com,0,USD, ,-1,NULL,,,
1673,ADVANCED DISPOSAL WI,V,A,NULL,,(None),Net 30,,0,USD, ,-1,NULL,,,
1674,ARIZONA PACIFIC PLASTICS LLC,X,A,NULL,,Net 30,, npoole@recycle1az.com; ap@recycle1az.com,0,USD, ,-1,NULL,,,
1677,GREEN PLANET 21 INC - CENCAL,V,A,NULL,,(None),Net 10,ABerry@greenplanet21.com; cwoodrow@greenplanet21.com,0,USD, ,-1,NULL,,,
1678,KJ PLASTICS INC,A,A,NULL,,Net 30,Net 30,sue@kjplasticsinc.com,0,USD, ,-1,NULL,,,
1679,EVERGREEN RECYCLING,V,A,NULL,,(None),,,0,USD, ,-1,NULL,,,
1680,48 FORTY SOLUTIONS - AA,A,A,NULL,,Net 30,Net 30,,0,USD, ,-1,NULL,,,
1681,VIDA CORPORATION,X,A,NULL,,50% Prepay/50% Against Docs,,paige@vidacorp.net,0,USD, ,-1,NULL,,,
1683,WASTE PRO - OCALA FL,V,A,NULL,,(None),Net 30,,0,USD, ,-1,NULL,,,
1684,PROGRESS PALLET INC,V,A,NULL,,(None),Net 10,,0,USD, ,-1,NULL,,,
1685,THE PALLET EXPRESS,A,A,NULL,,(None),Net 30,,0,USD, ,-1,NULL,,,
1687,CITY OF HIGH POINT,V,A,NULL,,(None),Net 30,,0,USD, ,-1,NULL,,www.highpointnc.gov,
1688,REPUBLIC SERVICES - JAX,V,A,NULL,,Net 30,Net 30,ZPierce@republicservices.com; CMcDaniel4@republicservices.com,0,USD, ,-1,NULL,,,
1689,RECYCLING SERVICES OF FLORIDA INC,V,A,NULL,,(None),Net 30,mlaw@recyclingit.com,0,USD, ,-1,NULL,,,
1690,RE-GEN INC,V,A,NULL,,(None),Net 30,,0,USD, ,-1,NULL,,,
1691,CJ POLY,X,A,NULL,,Net 10,Net 10,kelly@cjpoly.com,0,USD, ,-1,NULL,,,
1693,DCO ENVIRONMENTAL & RECYCLING LLC,X,A,NULL,,Net 30,Net 30,jrozar@dcointl.com,0,USD, ,-1,NULL,,,
1694,RAPID RECYCLING,V,A,NULL,,(None),Net 30,janet@rapidrecycling.com,0,USD, ,-1,NULL,,,
1695,REPUBLIC SERVICES INC,V,A,NULL,,(None),Net 30,AHolt3@republicservices.com,0,USD, ,-1,NULL,,,
1696,CENTRAL STATES REPROCESSING LLC,X,A,NULL,,Net 30,,amy@csrlnk.com,0,USD, ,-1,NULL,,,
1697,MRC POLYMERS,A,A,NULL,,Net 30,,,0,USD, ,-1,NULL,,,
1698,BLUE LINE TRANSFER,V,A,NULL,,(None),Net 30,,0,USD, ,-1,NULL,,,
1700,INDUSTRIAL RECYCLERS,A,A,NULL,,Net 30,Net 30,accounting@industrial-recyclers.com;steven@industrial-recyclers.com,0,USD, ,-1,NULL,,,
1702,IHC TRADING,A,A,NULL,,Net 30,Net 30,,0,USD, ,-1,NULL,,,
1703,STAIMAN RECYCLING CORP,V,A,NULL,,(None),Net 30,kdalton@staimanrecycling.com,0,USD, ,-1,NULL,,,
1705,TRIM-TEX INC,X,A,NULL,,Net 30,Net 30,payables@trim-tex.com,0,USD, ,-1,NULL,,,
1706,BURRTEC WASTE INDUSTRIES INC,V,A,NULL,,(None),Net 30,,0,USD, ,-1,NULL,,,
1708,JS PALLET COMPANY,V,A,NULL,,(None),Net 30,bookkeeper@jspalletinc.com,0,USD, ,-1,NULL,,,
1709,HORRY COUNTY SOLID WASTE AUTHORITY,V,A,NULL,,(None),Net 30,ckeith@solidwasteauthority.org,0,USD, ,-1,NULL,,,
1710,GREEN PLANET 21 INC - TACOMA,A,A,NULL,,(None),Net 30,invoices@greenplanet21.com; BSingh@greenplanet21.com; Erika@greenplanet21.com; katherine@greenplanet21.com; ABerry@greenplanet21.com,0,USD, ,-1,NULL,,,
1712,US PLASTICS RECOVERY,A,A,NULL,,Net 30,Net 30,tisha.digby@usprecovery.com; accounting@usprecovery.com; steve.hogan@usprecovery.com,0,USD, ,-1,NULL,,,
1713,WESTROCK CP LLC,V,A,NULL,,(None),Net 30,shibbon.george@westrock.com,0,USD, ,-1,NULL,,www.westrock.com,
1714,RECYCLABLE MATERIALS MARKETING,X,A,NULL,,Net 30,Net 30,,0,USD, ,-1,NULL,,,
1715,MILLER RECYCLING CORPORATION,V,A,NULL,,(None),Net 30,,0,USD, ,-1,NULL,,,
1716,DIMEX,X,A,NULL,,Net 30,Net 30,,0,USD, ,-1,NULL,,,
1717,CONSOLIDATED SCRAP RESOURCE INC,V,A,NULL,,(None),Net 30,,0,USD, ,-1,NULL,,,
1720,COLUMBIA RECYCLING CORPORATION,X,A,NULL,,Net 30,,cowenby@columbiarecyclingcorp.org,0,USD, ,-1,NULL,,,
1722,TIMEWELL DRAINAGE PRODUCTS,X,A,NULL,,Net 30,Net 30,lkindhart@timewellpipe.com,0,USD, ,-1,NULL,,,
1723,IMS RECYCLING SERVICES,V,A,NULL,,(None),Prepayment,andyd@imsrecycling.com,0,USD, ,-1,NULL,,,
1724,FRIEDMAN RECYCLING,A,A,NULL,,(None),Net 30,,0,USD, ,-1,NULL,,,
1725,RESOURCE WASTE SERVICES LLC,V,A,NULL,,(None),Net 30,AcctsReceivable@ReEnergyHoldings.com; isteding@reenergyholdings.com;,0,USD, ,-1,NULL,,,
1727,MID VALLEY RECYCLING LLC,V,A,NULL,,(None),Net 30,,0,USD, ,-1,IB        ,,,
1728,STANDARD WASTE SERVICES,V,A,NULL,,(None),Net 30,,0,USD, ,-1,NULL,,,
1729,FLORES PALLET LLC,V,A,NULL,,(None),Net 30,maria@florespallets.com,0,USD, ,-1,NULL,,http://www.florespallets.com/,
1731,MILLENNIUM RECYCLING,V,A,NULL,,(None),Net 30,,0,USD, ,-1,NULL,,,
1733,TOWN RECYCLING,V,A,NULL,,(None),Net 30,,0,USD, ,-1,NULL,,www.townrecyclingusa.com,
1735,DIAMOND FOREST RESOURCES,V,A,NULL,,(None),Net 30,,0,USD, ,-1,NULL,,,
1736,BUTTS RECYCLING INC,V,A,NULL,,(None),Net 30,,0,USD, ,-1,NULL,,,
1737,PLASTIMUM,C,A,NULL,,Net 30,,jgoodsell@plastimum.com,0,USD, ,-1,NULL,,,
1738,STARLUX CORP,V,A,NULL,,(None),Net 30,,0,USD, ,-1,NULL,,,
1739,UCW LOGISTICS LLC,D,A,NULL,,(None),Net 30,ar@ucwlogistics.com,0,USD, ,-1,NULL,,,
1740,CARDINAL RECYCLING,X,A,NULL,,Net 30,Net 30,tn@triadbiz.rr.com,0,USD, ,-1,NULL,,,
1741,AVANGARD INNOVATIVE,A,A,NULL,,Net 30,Net 30,dhudson@avaicg.com,0,USD, ,-1,NULL,,,
1742,GREEN EARTH LLC,V,A,NULL,,(None),Net 30,,0,USD, ,-1,NULL,,,
1744,POLYPRO INDUSTRIAL RECYCLING,X,A,NULL,,Net 30,Net 30,lee @polyprorecycling.com,0,USD, ,-1,NULL,,,
1745,WASTE CONNECTIONS OF AZ - TUCSON DIVISION,V,A,NULL,,(None),Prepayment,,0,USD, ,-1,NULL,,,
1747,PALLET PRO INC,A,A,NULL,,(None),Net 30,,0,USD, ,-1,NULL,,,
1749,CENTRE COUNTY RECYCLING & REFUSE,V,A,NULL,,(None),Net 15,PLucas@centrecountyrecycles.org; KFye@centrecountyrecycles.org,0,USD, ,-1,NULL,,,
1750,ACI PLASTICS WEST,C,A,NULL,,Net 30,Net 30,,0,USD, ,35000,NULL,,,
1751,CARBONLITE RECYCLING LLC,X,A,NULL,,Net 45,,Dbloxom@carbonliterecycling.com; ib@ucsincny.com,0,USD, ,-1,NULL,,,
1753,PALLET LOGISTICS MANAGEMENT INC,V,A,NULL,,(None),Net 30,,0,USD, ,-1,NULL,,www.plmgt.com,
1756,ELK COUNTY SOLID WASTE AUTHORITY,V,A,NULL,,(None),Net 30,,0,USD, ,-1,NULL,,,
1757,PHILADELPHIA PLASTIC RECYCLING,A,A,NULL,,Net 15,Net 30,diana@philaplast.com; ib@ucsincny.com,0,USD, ,-1,NULL,,,
1758,PECONIC RECYCLING & TRANSFER,V,A,NULL,,(None),Net 30,,0,USD, ,-1,NULL,,,
1759,TRANPAK INC,X,A,NULL,,Net 30,,AccountsPayable@tranpak.com,0,USD, ,-1,NULL,,,
1760,AMERICAN PALLET INC,V,A,NULL,,(None),Net 30,,0,USD, ,-1,NULL,,www.americanpalletinc.com,
1761,US GRANULES CORPORATION,X,A,NULL,,Net 30,,joyce@usgranules.com,0,USD, ,-1,NULL,,https://usgranules.com/,
1762,BIG SKY ENVIRONMENTAL LLC,D,A,NULL,,Net 30,Net 30,,0,USD, ,-1,NULL,,,
1764,RAMS RECYCLING AND CONTAINER SERVICES INC,V,A,NULL,,(None),Net 30,,0,USD, ,-1,NULL,,,
1765,PLASTICYCLE,A,A,NULL,,(None),Net 30,nnandalall@plasticycle.com,0,USD, ,-1,NULL,,http://plasticycle.com,
1766,ATLAS PALLET CORP,V,A,NULL,,(None),Net 30,,0,USD, ,-1,NULL,,,
1767,USEDPLASTICPALLETS.COM,V,A,NULL,,(None),Net 30,,0,USD, ,-1,NULL,,,
1769,DK TRADING CORPORATION,V,A,NULL,,(None),Net 30,susann@dk-t.com,0,USD, ,-1,NULL,,,
1770,SUNNKING INC,V,A,NULL,,(None),Net 30,aspall@sunnking.com,0,USD, ,-1,NULL,,,
1771,FORT KNOX QRP,V,A,NULL,,(None),Net 15,,0,USD, ,-1,NULL,,,
1772,IGPS LOGISTICS LLC,A,A,NULL,,(None),Net 30,,0,USD, ,-1,NULL,,,
1773,POTENTIAL INDUSTRIES INC,V,A,NULL,,(None),Net 30,belen.angelo@potentialindustries.com,0,USD, ,-1,NULL,,,
1775,STERICYCLE,A,A,NULL,,Net 60,Net 60,invoices@stericycle.coupahost.com,0,USD, ,-1,NULL,,,
1776,NEW LIFE PLASTIC RECYCLING INC,V,A,NULL,,(None),Net 30,,0,USD, ,-1,NULL,,www.newlifeplastics.com,
1778,PREMIER GROUP RECYCLING INC,A,A,NULL,,Net 30,Net 30,,0,USD, ,-1,NULL,,,
1779,WASTE PRO - ATLANTA GA,V,A,NULL,,(None),Net 30,Stephanie Taylor [mailto:staylor@wasteprousa.com),0,USD, ,-1,NULL,,,
1780,KONZ WOOD PRODUCTS,V,A,NULL,,(None),Net 30,,0,USD, ,-1,NULL,,www.konzwoodproducts.com,
1782,PALLET SERVICES INC,A,A,NULL,,(None),Net 30,,0,USD, ,-1,NULL,,,
1783,UNIVERSAL PACKAGE LLC,V,A,NULL,,(None),Net 30,,0,USD, ,-1,NULL,,,
1784,PLASTIC SERVICES INC.,V,A,NULL,,(None),Net 20,,0,USD, ,-1,NULL,,,
1785,LOST BROTHERS PALLET CORP,A,A,NULL,,(None),Net 30,,0,USD, ,-1,NULL,,,
1786,PLANET RECYCLING,A,A,NULL,,(None),Net 30,,0,USD, ,-1,NULL,,,
1788,DIAMOND K INC,V,A,NULL,,(None),Net 30,,0,USD, ,-1,NULL,,,
1789,GORGO PALLET,V,A,NULL,,(None),Net 30,ddimatheo@gorgogroup.com,0,USD, ,-1,NULL,,,
1790,RECYCLE 1,A,A,NULL,,Net 30,Net 30,npoole@recycle1az.com,0,USD, ,-1,NULL,,,
1791,QRH POLYMERS,V,A,NULL,,(None),Net 30,,0,USD, ,-1,NULL,,,
1792,SOLID WASTE AUTHORITY,V,A,NULL,,(None),COD,,0,USD, ,-1,NULL,,,
1794,THE RECYCLING GROUP,V,A,NULL,,(None),Net 30,,0,USD, ,-1,NULL,,,
1795,ROWAN COUNTY,A,A,NULL,,(None),Net 30,,0,USD, ,-1,NULL,,,
1796,SERRAPRO INDUSTRIES,A,A,NULL,,(None),Net 30,,0,USD, ,-1,NULL,,,
1798,PRIME WOODCRAFT,V,A,NULL,,(None),Net 30,,0,USD, ,-1,NULL,,,
1799,ALLIED PAPER STOCK,V,A,NULL,,(None),Net 30,,0,USD, ,-1,NULL,,,
1800,POSEY COUNTY SWD,A,A,NULL,,(None),Net 30,jdavis_pcswd@yahoo.com,0,USD, ,-1,NULL,,,
1802,48 FORTY SOLUTIONS - IB,A,A,NULL,,Net 30,,,0,USD, ,-1,NULL,,,
1803,48 FORTY SOLUTIONS - RP,A,A,NULL,,Net 30,Net 30,,0,USD, ,-1,NULL,,,
1804,48 FORTY SOLUTIONS - TW,A,A,NULL,,Net 30,,,0,USD, ,-1,NULL,,,
1805,PETRO PALLET,V,A,NULL,,(None),Net 30,,0,USD, ,-1,NULL,,,
1806,NEALS PALLET CO,V,A,NULL,,(None),Net 30,,0,USD, ,-1,NULL,,,
1807,PALLET CENTRAL ENTERPRISES INC,V,A,NULL,,(None),Net 30,,0,USD, ,-1,NULL,,www.palletcentralent.com,
1808,TELFER INC,A,A,NULL,,(None),Net 30,,0,USD, ,-1,NULL,,,
1809,TOWN OF BLACKSTONE,V,A,NULL,,(None),Net 30,,0,USD, ,-1,NULL,,,
1811,AARON INDUSTRIES CORP,X,A,NULL,,Net 30,,pattyb@aaroninc.com,0,USD, ,-1,NULL,,,
1812,RELIABLE TRANSPORTATION SOLUTIONS,D,A,NULL,,(None),Net 30,,0,USD, ,-1,NULL,,,
1814,GREEN CIRCLE RECYCLING LLC,V,A,NULL,,(None),Net 30,,0,USD, ,-1,NULL,,,
1815,UNITED STATES PLASTIC CORP,S,A,NULL,,Net 30,,eft@usplastic.com (ACH remit only),0,USD, ,-1,NULL,,,
1817,3R RECYCLING INC,V,A,NULL,,(None),Net 10,,0,USD, ,-1,NULL,,,
1818,GLOBAL POLYMERS LLC,X,A,NULL,,Net 30,Net 30,angela@globalpolymerscorp.com; Eric@globalpolymerscorp.com,0,USD, ,-1,NULL,,,
1819,VANTAGE PLASTICS,X,A,NULL,,(None),,,0,USD, ,-1,NULL,,,
1821,TWIN CITY PALLET INC,A,A,NULL,,Net 30,,accounting@twincitypallet.com,0,USD, ,-1,NULL,,http://www.twincitypallet.com,
1824,DAK Americas LLC - Richmond,X,A,NULL,,Net 30,Net 30,ap.ri@alpekpolyester.com,0,USD, ,-1,NULL,,,
1825,Leah Couick,D,A,NULL,,(None),,,0,USD, ,-1,NULL,,,
1826,Amy McFadden,D,A,NULL,,(None),,,0,USD, ,-1,NULL,,,
1829,RANDY'S ENVIRONMENTAL SERVICES,V,A,NULL,,(None),Net 30,,0,USD, ,-1,NULL,,www.randysenvironmentalservices.com,
1830,EXPRESS LOGISTICS INC,D,A,NULL,,Net 30,Net 30,AR@exp-logistics.com,0,USD, ,-1,NULL,,www.exp-logistics.com,
1831,PALOGIX SUPPLY CHAIN SERVICES LLC,V,A,NULL,,(None),Net 30,,0,USD, ,-1,NULL,,,
1834,ALLEN RECYCLING,V,A,NULL,,Net 30,Net 30,RECYALLEN6@BELLSOUTH.NET,0,USD, ,-1,NULL,,,
1835,FEDERAL CORRECTIONAL INSTITUTION,V,A,NULL,,Net 30,Net 30,rruss@bop.gov,0,USD, ,-1,NULL,,BOP.GOV,
1836,ARONSON RECYCLING,A,A,NULL,,(None),Net 10,,0,USD, ,-1,NULL,,http://www.aronsonrecycling.com/,
1837,MARTEX FIBER SOUTHERN CORP,V,A,NULL,,(None),Net 30,dlewis@martexfiber.com,0,USD, ,-1,NULL,,,
1838,AMS PALLET SYSTEMS,A,A,NULL,,(None),Net 30,,0,USD, ,-1,NULL,,http://www.amspallets.com/,
1842,FT STEWART ARMY BASE,V,A,NULL,,(None),Net 30,,0,USD, ,-1,NULL,,,
1843,THE PALLET FACTORY,A,A,NULL,,(None),Net 30,,0,USD, ,-1,NULL,,,
1844,PYTHONS OF ST CLOUD INC,A,A,NULL,,Net 30,Net 30,,0,USD, ,-1,NULL,,,
1845,DAK AMERICAS,V,A,NULL,,(None),Net 30,ap.us@alpekpolyester.com,0,USD, ,-1,NULL,,,
1846,A PLUS PALLET CO LLC,V,A,NULL,,Net 30,Net 30,,0,USD, ,-1,NULL,,http://www.apluspalletcollc.com/,
1848,SIGMA RECYCLING INC,A,A,NULL,,50% Prepay/50% Against Docs,Net 15,Billing@srinc.us.com; Harshit.Arora@srinc.us.com,0,USD, ,-1,NULL,,,
1850,RECOLOGY,V,A,NULL,,(None),Net 30,,0,USD, ,-1,NULL,,https://www.recology.com/,
1851,FULMER LOGISTICS SERVICES INC,D,A,NULL,,(None),Net 30,,0,USD, ,-1,NULL,,,
1852,JASPER SALVAGE,V,A,NULL,,Net 30,Net 30,sslindauer@hotmail.com,0,USD, ,-1,NULL,,https://jaspersalvage.net/,
1853,BLUE OCEAN PLASTICS,X,A,NULL,,Net 30,Net 30,,0,USD, ,-1,NULL,,http://blueoceanplastics.net/,
1854,MARCUS PAPER COMPANY,V,A,NULL,,(None),Net 30,,0,USD, ,-1,NULL,,,
1855,PLASTIC WORLD RECYCLING INC,V,A,NULL,,(None),Net 30,,0,USD, ,-1,NULL,,,
1856,KEYSTONE POWDERED METAL COMPANY,V,A,NULL,,(None),Net 30,,0,USD, ,-1,NULL,,,
1857,VANGEL PAPER INC.,V,A,NULL,,(None),Net 30,Valerie Androutsopoulos <Valerie@vangelinc.com>,0,USD, ,-1,NULL,,,
1859,MENARDS DISTRIBUTION CENTER,V,A,NULL,,(None),Net 30,jathomps@menard-inc.com,0,USD, ,-1,NULL,,,
1860,MID AMERICA STEEL DRUM COMPANY,V,A,NULL,,(None),Net 30,dong@masdinc.com; dln@masdinc.com;; ar@masdinc.com,0,USD, ,-1,NULL,,,
1861,METROPOLITAN FIBER,A,A,NULL,,(None),Net 30,,0,USD, ,-1,NULL,,,
1862,I-90 REPROCESSING LLC,V,A,NULL,,(None),Net 30,,0,USD, ,-1,NULL,,,
1863,MCINTOSH BOX AND PALLET COMPANY,A,A,NULL,,Net 30,Net 30,ledford@mcintoshbox.com,0,USD, ,-1,NULL,,,
1865,MCNEILLY WOOD PRODUCTS,V,A,NULL,,Net 30,Net 30,dan@mcneillywoodproducts.com,0,USD, ,-1,NULL,,http://mcneillywoodproducts.com/,
1866,HAMILTON POLYMERS COMPANY,A,A,NULL,,2% N10,Net 30,accounting@hamiltonpolymers.com,0,USD, ,-1,NULL,,,
1867,TITAN PALLET COMPANY LLC,S,A,NULL,,(None),COD,<dan@titanpallet.com>,0,USD, ,-1,NULL,,,
1868,GREENSOUTH RECYCLING,V,A,NULL,,Net 30,Net 30,adam@greensouthrecycling.com,0,USD, ,-1,NULL,,http://greensouthrecycling.com/GSR/Home.html,
1869,PLASTIC MATERIALS INC,A,A,NULL,,Net 45,N45,DKolibab@plasticmaterialsinc.com; pblevins@plasticmaterialsinc.com,0,USD, ,-1,NULL,,,
1870,HILEX POLY,X,A,NULL,,Net 30,Net 30,Bryce.jackson@novolex.com,0,USD, ,-1,NULL,,,
1871,LAKEWAY PALLET,V,A,NULL,,(None),Net 30,<info@lakewaypallet.com>,0,USD, ,-1,NULL,,,
1872,WAGRAM PAPER STOCK INC.,V,A,NULL,,(None),Net 30,blaviner@windstream.net,0,USD, ,-1,NULL,,,
1873,AKROTEX EXTRUSION INC,V,A,NULL,,Net 30,COD,brucebyerly@akrotex.com,0,USD, ,-1,NULL,,,
1874,HAMPTON FARMS,V,A,NULL,,(None),Net 30,jollervides@hamptonfarms.com,0,USD, ,-1,NULL,,,
1875,FAST GROWING TREES,A,A,NULL,,(None),Net 30,,0,USD, ,-1,NULL,,,
1876,A TO Z PAWN,V,A,NULL,,(None),Net 30,,0,USD, ,-1,NULL,,,
1877,TRI-POWER RECYCLING LLC,A,A,NULL,,Net 30,Net 30,,0,USD, ,-1,NULL,,,
1878,PAL-SERV,V,A,NULL,,(None),Net 30,,0,USD, ,-1,NULL,,,
1879,PIVOT TRADING,A,A,NULL,,Net 30,Net 30,,0,USD, ,-1,NULL,,,
1880,SCRAP MANAGEMENT,A,A,NULL,,(None),,,0,USD, ,-1,NULL,,,
1881,FSI INC,D,A,NULL,,(None),Net 30,<brian@fsiinc.biz>,0,USD, ,-1,NULL,,http://www.fsiinc.biz/,
1882,INDORAMA VENTURES,X,A,NULL,,Net 30,Net 30,AP.IVSS@us.indorama.net,0,USD, ,-1,NULL,,,
1883,METROPLEX WOOD PALLETS,S,A,NULL,,(None),Net 30,<George@metroplexwood.com>,0,USD, ,-1,NULL,,http://www.metroplexwood.com/,
1884,FORT JACKSON ARMY BASE,A,A,NULL,,(None),Net 30,ernest.b.dicks.naf@mail.mil,0,USD, ,-1,NULL,,,
1885,FRYMAN'S RECYCLING,A,A,NULL,,Net 30,Net 30,,0,USD, ,-1,NULL,,,
1886,KALUZNY BROTHERS,V,A,NULL,,(None),Net 30,,0,USD, ,-1,NULL,,,
1887,CAROLINA RECYCLE PARTNERS,A,A,NULL,,Net 30,Net 30,,0,USD, ,-1,NULL,,,
1888,CITY CARTING WESTCHESTER,V,A,NULL,,Net 30,Net 30,,0,USD, ,-1,NULL,,,
1889,BELL COUNTY RECYCLING CTR,V,A,NULL,,(None),Net 30,Bellcountysolidwaste@outlook.com,0,USD, ,-1,NULL,,,
1890,FAIRFIELD PROCESSING CORPORATION,V,A,NULL,,(None),Net 30,,0,USD, ,-1,NULL,,,
1891,EFS PLASTICS US INC,X,A,NULL,,Net 30,Net 30,efsinvoices@efs-plastics.ca,0,USD, ,-1,NULL,,,
1892,CONTAINERS N PALLETS LLC,V,A,NULL,,(None),COD,,0,USD, ,-1,NULL,,,
1894,POLYONE CORPORATION,V,A,NULL,,(None),Net 30,Patricia.sites@polyone.com,0,USD, ,-1,NULL,,,
1895,POLK COUNTY SOLID WASTE RECOVERY MRF,V,A,NULL,,(None),Net 30,todd.rue@co.polk.mn.us,0,USD, ,-1,NULL,,,
1896,ADAMS PLASTICS,A,A,NULL,,Net 30,Net 30,jvizconde@adamsplastics.com,0,USD, ,-1,NULL,,,
1898,ZANESVILLE PALLET,V,A,NULL,,Net 30,Net 30,Zane@zanesvillepallet.com,0,USD, ,-1,NULL,,,
1900,B & L POLYMER PROCESSING,X,A,NULL,,Net 30,Net 30,accounting@blpolymer.com,0,USD, ,-1,NULL,,,
1901,US COLUMBUS TRADE LLC,V,A,NULL,,(None),Net 30,,0,USD, ,-1,NULL,,,
1902,ENTERPRIZE CONTAINER CORP,V,A,NULL,,(None),Net 30,,0,USD, ,-1,NULL,,,
1903,DONCO PAPER SUPPLY COMPANY,X,A,NULL,,Net 30,,,0,USD, ,-1,NULL,,,
1904,HAYES RECYCLED PALLETS,A,A,NULL,,(None),Net 30,Hayespallets@hotmail.com,0,USD, ,-1,NULL,,,
1905,EASTERN RECYCLING SERVICES,A,A,NULL,,Net 30,Net 30,TClark@ersmd.com,0,USD, ,-1,NULL,,https://ersmd.com/,
1907,KELCO RECYCLING INC,A,A,NULL,,Net 30,Net 30,mike@kelcorecycling.com,0,USD, ,-1,NULL,,,
1908,FIBERON,A,A,NULL,,Net 30,Net 30,accountspayable@fiberondecking.com,0,USD, ,-1,NULL,,,
1909,ENVIROVISION TECHNOLOGIES LLC,X,A,NULL,,Net 30,Net 30,,0,USD, ,-1,NULL,,,
1910,HILL BROTHERS LOGISTICS,D,A,NULL,,(None),Net 30,crism@hillbros.com,0,USD, ,-1,NULL,,,
1911,SUNSWEET COMPANY,V,A,NULL,,(None),Net 30,,0,USD, ,-1,NULL,,,
1912,POLY-PLUS SOLUTIONS INC.,X,A,NULL,,Net 30,Net 30,,0,USD, ,-1,NULL,,,
1913,CALCO PALLETS INC,S,A,NULL,,(None),,,0,USD, ,-1,NULL,,www.usacalco.com,
1914,NORTHLAND PALLET INC,P,A,NULL,,Net 30,Net 30,,0,USD, ,-1,NULL,,http://northlandpallet.com/,
1915,EMI RECYCLING,S,A,NULL,,Net 30,Net 30,Stephen_Jackson@emirecycling.com,0,USD, ,-1,NULL,,www.emirecycling.com,
1916,UBER FREIGHT,D,A,NULL,,Net 30,Net 30,shipper-support@uber.com,0,USD, ,-1,NULL,,Uber.com,
1917,J T CONTAINER INC,V,A,NULL,,(None),Prepayment,,0,USD, ,-1,NULL,,,
1918,DRUMCO INC,P,A,NULL,,Net 30,Net 30,ggunn@drumco.com,0,USD, ,-1,NULL,,www.earthminded.com,
1920,CURBSIDE MANAGEMENT,S,A,NULL,,Net 30,Net 30,swait@curbie.com,0,USD, ,-1,NULL,,,
1922,ENVIRONMENTAL WASTE RECYCLING INC,P,A,NULL,,Net 30,Net 30,envwasrec@gmail.com,0,USD, ,-1,NULL,,,
1923,SCHUPAN RECYCLING,P,A,NULL,,Net 30,Net 30,ekane@schupan.com,0,USD, ,100000,NULL,,,
1924,FV RECYCLING,A,A,NULL,,Net 30,Net 30,quinten.williams@fvrecycling.com,0,USD, ,-1,NULL,,http://fvrecycling.com/,
1925,SSWA RECYCLING,S,A,NULL,,Net 30,Net 30,sswarecycling@comcast.net,0,USD, ,-1,NULL,,,
1926,THE REMM GROUP,V,A,NULL,,Net 30,Net 30,sam@remm.ca,0,USD, ,-1,NULL,,,
1928,AA PALLET INC,V,A,NULL,,(None),Net 30,,0,USD, ,-1,NULL,,,
1929,BIRDSONG PEANUTS,A,A,NULL,,Net 30,Net 30,dlangston@birdsong-peanuts.com,0,USD, ,-1,NULL,,,
1930,SAVANNAH PALLETS,A,A,NULL,,(None),Net 30,NULL,0,USD, ,-1,NULL,,,
1932,HEARTLAND RECYCLERS LLC,V,A,NULL,,(None),Net 30,NULL,0,USD, ,-1,NULL,,,
1933,CLOVER PLASTICS LLC,X,A,NULL,,Net 30,Net 30,NULL,0,USD, ,-1,NULL,,,
1934,LUNDBERG FAMILY FARMS,V,A,NULL,,(None),Net 30,NULL,0,USD, ,-1,NULL,,www.lundberg.com,
1935,U POLYMERS,X,A,NULL,,COD,,NULL,0,USD, ,-1,NULL,,,
1936,ICS CARGO CLEAN,V,A,NULL,,(None),Net 30,NULL,0,USD, ,-1,NULL,,,
1937,KENTUCKY RECYCLING,A,A,NULL,,(None),Net 30,NULL,0,USD, ,-1,NULL,,,
1938,LOUIS MONTELEONE FIBRES LTD,A,A,NULL,,Net 30,Net 30,NULL,0,USD, ,-1,NULL,,,
1939,CENTENNIAL CONTAINER,V,A,NULL,,Net 30,,NULL,0,USD, ,-1,NULL,,,
1940,REVERSE RECYCLING,V,A,NULL,,(None),Net 30,NULL,0,USD, ,-1,NULL,,,
1941,COFFEE COUNTY RECYCLING CENTER,P,A,NULL,,Net 30,Net 30,NULL,0,USD, ,-1,NULL,,,
1943,DECATUR RECYCLING DEPT,S,A,NULL,,Net 30,,NULL,0,USD, ,-1,NULL,,,
1944,WARRICK COUNTY SWMD,V,A,NULL,,(None),Net 30,NULL,0,USD, ,-1,NULL,,,
1945,ADVANCE PALLET INC,V,A,NULL,,(None),Net 30,NULL,0,USD, ,-1,NULL,,,
1946,FCI SCHUYLKILL/ UNICOR RECYCLING,D,A,NULL,,(None),,NULL,0,USD, ,-1,NULL,,,
1947,LASKO DISTRIBUTION CENTER,V,A,NULL,,(None),Net 30,NULL,0,USD, ,-1,NULL,,,
1948,CHOICE PLASTICS INC,X,A,NULL,,Net 30,Net 30,NULL,0,USD, ,-1,NULL,,,
1949,POLYCHEM USA INC,X,A,NULL,,(None),Net 30,NULL,0,USD, ,-1,NULL,,,
1950,UNICOR,D,A,NULL,,COD,,NULL,0,USD, ,-1,NULL,,,
1951,BARRETTE OUTDOOR LIVING INC,X,A,NULL,,(None),Net 30,NULL,0,USD, ,-1,NULL,,,
1953,GFL ENVIRONMENTAL INC,V,A,NULL,,(None),Net 30,NULL,0,USD, ,-1,NULL,,,
1954,BEDFORD TECHNOLOGY LLC,C,A,NULL,,Net 30,,NULL,0,USD, ,-1,NULL,,,
1955,POLYMER RECYCLING AND CONSULTING,A,A,NULL,,Net 20,Net 30,NULL,0,USD, ,0,NULL,,,
1956,NEXT GENERATION PLASTICS,X,A,NULL,,Net 30,,NULL,0,USD, ,-1,NULL,,,
1958,PACKAGING PARTNERS LTD,V,A,NULL,,(None),Net 30,NULL,0,USD, ,-1,NULL,,,
1959,MIDDLE BAY TRANSPORTATION,D,A,NULL,,(None),COD,NULL,0,USD, ,-1,NULL,,,
1960,EXTERA,P,A,NULL,,Net 30,,NULL,0,USD, ,-1,NULL,,,
1961,SI KOTE TECHNOLOGIES,S,A,NULL,,Net 30,,NULL,0,USD, ,-1,NULL,,,
1963,GREIF,A,A,NULL,,Net 30,Net 30,NULL,0,USD, ,-1,NULL,,,
1965,DRS RECYCLING,A,A,NULL,,(None),Net 30,NULL,0,USD, ,-1,NULL,,,
1966,FRANKLIN PALLET RECYCLING,V,A,NULL,,(None),Net 30,NULL,0,USD, ,-1,NULL,,,
1967,FOAM PACK INDUSTRIES,V,A,NULL,,(None),Net 30,NULL,0,USD, ,-1,NULL,,,
1968,SPROUT,P,A,NULL,,Net 30,Net 30,NULL,0,USD, ,-1,NULL,,,
1971,PALKING INC,V,A,NULL,,(None),Net 30,NULL,0,USD, ,-1,NULL,,,
1972,HILTON DISPLAYS,P,A,NULL,,Net 30,,NULL,0,USD, ,-1,NULL,,,
1973,GREIF - LM,V,A,NULL,,(None),Net 30,NULL,0,USD, ,-1,NULL,,,
1974,ADVANCED IMPACT TECHNOLOGIES INC,A,A,NULL,,Net 30,,NULL,0,USD, ,-1,NULL,,,
1975,HODGE DISTRIBUTION & LOGISTICS,A,A,NULL,,Net 30,,NULL,0,USD, ,-1,NULL,,,
1976,CATAWBA PLASTICS,A,A,NULL,,Net 30,Net 30,NULL,0,USD, ,-1,NULL,,,
1977,LTI SMARTGLASS,S,A,NULL,,Net 30,Net 30,NULL,0,USD, ,-1,NULL,,,
1980,KENTUCKY SOUTH RECYCLING,V,A,NULL,,Net 30,Net 30,NULL,0,USD, ,-1,NULL,,,
1981,POLYSOURCE INC,C,A,NULL,,Net 30,Net 30,NULL,0,USD, ,-1,NULL,,,
1983,BEDFORD ENTERPRISES INC.,S,A,NULL,,(None),Net 30,NULL,0,USD, ,-1,NULL,,,
1984,ZACK'S RECYCLING,S,A,NULL,,Net 30,Net 30,NULL,0,USD, ,-1,NULL,,,
1985,EASCO BROKERAGE,V,A,NULL,,(None),Net 30,NULL,0,USD, ,-1,NULL,,,
1986,TRIGON PLASTICS LLC,C,A,NULL,,(None),,NULL,0,USD, ,-1,NULL,,,
1987,PATRICK INDUSTRIES INC,S,A,NULL,,Net 30,Net 30,NULL,0,USD, ,-1,NULL,,,
1988,CITY OF PLAINVIEW,S,A,NULL,,Net 30,Net 30,NULL,0,USD, ,-1,NULL,,,
1989,C & J PALLET CO,S,A,NULL,,Net 30,Net 30,NULL,0,USD, ,-1,NULL,,,
1990,PLASTIC PALLET PRODUCTION,S,A,NULL,,Net 30,Net 30,NULL,0,USD, ,-1,NULL,,,
1991,APPERTAIN CORP,S,A,NULL,,Prepayment,Prepayment,NULL,0,USD, ,-1,NULL,,,
1992,B SCHOENBERG & COMPANY,C,A,NULL,,Net 30,Net 30,NULL,0,USD, ,-1,NULL,,,
1993,FRICKS PALLET COMPANY,V,A,NULL,,(None),Net 30,NULL,0,USD, ,-1,NULL,,,
1994,DMS RECYCLING LLC,X,A,NULL,,Net 30,Net 30,NULL,0,USD, ,-1,NULL,,www.dmsrecycling.com,
1995,DYNAMIC WASTE SYSTEMS INC,S,A,NULL,,(None),Net 14,NULL,0,USD, ,-1,NULL,,,
1996,EAST WEST TRADING LLC,V,A,NULL,,(None),Net 30,NULL,0,USD, ,-1,NULL,,,
1997,GLOBAL POLYMER NETWORK LLC,X,A,NULL,,(None),Net 30,NULL,0,USD, ,-1,NULL,,,
1998,BLUE RIDGE PALLET LLC,S,A,NULL,,Net 30,Net 30,NULL,0,USD, ,-1,NULL,,,
1999,A-1 PALLET CO,V,A,NULL,,(None),Net 30,NULL,0,USD, ,-1,NULL,,,
2000,FOX PLASTIC,S,A,NULL,,Net 30,Net 30,NULL,0,USD, ,-1,NULL,,,
2001,ARCH POLYMERS INC,C,A,NULL,,Net 45,Net 45,NULL,0,USD, ,-1,NULL,,,
2002,MIDWEST FIBRE SALES CORP,V,A,NULL,,(None),Net 30,NULL,0,USD, ,-1,NULL,,,
2003,STEIN SERVICE & SUPPLY LLC,V,A,NULL,,(None),Net 30,NULL,0,USD, ,-1,NULL,,,
2004,HOX RECYCLING INC,V,A,NULL,,(None),Net 30,NULL,0,USD, ,-1,NULL,,,
2005,HGD WASTE,P,A,NULL,,Net 30,Net 30,NULL,0,USD, ,-1,NULL,,,
2006,MARGLEN INDUSTRIES,C,A,NULL,,Net 30,Net 30,NULL,0,USD, ,-1,NULL,,,
2007,FEDEX,S,A,NULL,,Net 30,Net 30,NULL,0,USD, ,-1,NULL,,,
2010,GLOBAL RECOVERY LLC,S,A,NULL,,COD,,NULL,0,USD, ,-1,NULL,,www.globalrecoveryllc.com,
2011,PALLET CONSULTANTS OF ATLANTA,S,A,NULL,,Net 30,Net 30,NULL,0,USD, ,-1,NULL,,,
2012,RECYCLING CONCEPTS INC,S,A,NULL,,Wire Transfer,Wire On Documents,NULL,0,USD, ,-1,NULL,,,
2013,ROBERT WALLICK ASSOCIATES LLC,P,A,NULL,,(None),Net 30,NULL,0,USD, ,-1,NULL,,,
2014,WASTE RECYCLING,S,A,NULL,,Net 30,Net 30,NULL,0,USD, ,-1,NULL,,,
2015,RAM - RECOVERED ASSET MANAGEMENT,S,A,NULL,,Net 30,Net 30,NULL,0,USD, ,-1,NULL,,,
2016,POLY PLUS SOLUTIONS LLC,V,A,NULL,,(None),Net 30,NULL,0,USD, ,-1,NULL,,,
2017,NELSON CO,S,A,NULL,,Net 30,Net 30,NULL,0,USD, ,-1,NULL,,,
2019,BIRCH RECYCLING,S,A,NULL,,Net 30,Net 30,NULL,0,USD, ,-1,NULL,,,
2020,KAL POLYMERS AMERICA LLC,X,A,NULL,,Net 30,Net 30,NULL,0,USD, ,-1,NULL,,,
2021,LOPEZ SCRAP METAL,P,A,NULL,,Net 15,Net 15,NULL,0,USD, ,-1,NULL,,,
2022,INTEGRICO COMPOSITES,P,A,NULL,,Net 30,Net 30,NULL,0,USD, ,-1,NULL,,,
2023,JC PALLET CO INC,P,A,NULL,,Net 30,Net 30,NULL,0,USD, ,-1,NULL,,,
2024,VEPAR LLC,A,A,NULL,,(None),COD,NULL,0,USD, ,-1,NULL,,,
2026,CHOCTAW NATION RECYCLING CENTER,A,A,NULL,,Net 30,Net 30,NULL,0,USD, ,-1,NULL,,,
2027,TAMCO MFG / US PLASTICS,S,A,NULL,,Net 30,Net 30,NULL,0,USD, ,-1,NULL,,,
2028,MERLIN PLASTICS,S,A,NULL,,Net 30,Net 30,NULL,0,USD, ,-1,NULL,,,
2029,FCC ENVIRONMENTAL SERVICES,P,A,NULL,,Net 30,Net 30,NULL,0,USD, ,-1,NULL,,,
2030,USEDCARDBOARDBOXES.COM,A,A,NULL,,Net 30,Net 30,NULL,0,USD, ,-1,NULL,,,
2031,EARTHMINDED,V,A,NULL,,Net 30,Net 30,NULL,0,USD, ,-1,NULL,,,
2032,AKT LOGISTICS LLC,D,A,NULL,,(None),Net 30,NULL,0,USD, ,-1,NULL,,,
2033,TRANSEND LOGISTICS,D,A,NULL,,(None),Net 30,NULL,0,USD, ,-1,NULL,,,
2034,HIGH SPEED TRIPLE T TRUCKING LCC,D,A,NULL,,(None),Net 15,NULL,0,USD, ,-1,NULL,,,
2035,ACE PLASTIC,A,A,NULL,,Net 30,Net 30,NULL,0,USD, ,-1,NULL,,,
2036,ALLAN COMPANY,P,A,NULL,,(None),Net 30,NULL,0,USD, ,-1,NULL,,,
2037,RECYCLING ASSOCIATES LLC,A,A,NULL,,Net 60,COD,NULL,0,USD, ,-1,NULL,,,
2038,Universal Commodity Services Inc,A,A,NULL,,Net 30,Net 30,NULL,0,USD, ,-1,NULL,,,
2039,COLLINS PALLET RECYCLING,A,A,NULL,,Net 30,Net 30,NULL,0,USD, ,-1,NULL,,,
2040,WEBB PALLET SERVICE,V,A,NULL,,(None),Net 30,NULL,0,USD, ,-1,NULL,,,
2041,GREENVIEW MATERIALS INC,A,A,NULL,,Net 30,Net 30,NULL,0,USD, ,-1,NULL,,,
2042,MID AMERICA PAPER RECYCLING,S,A,NULL,,Net 30,Net 30,NULL,0,USD, ,-1,NULL,,,
2043,STAT INC,S,A,NULL,,Net 30,Net 30,NULL,0,USD, ,-1,NULL,,,
2044,PREZERO US SERVICES LLC,A,A,NULL,,Net 15,Net 30,NULL,0,USD, ,-1,NULL,,,
2046,OMNISOURCE ELECTRONICS RECYCLING,A,A,NULL,,(None),Net 30,NULL,0,USD, ,-1,NULL,,,
2047,HUCK'S PIGGYBACK SERVICE,D,A,NULL,,Net 30,,NULL,0,USD, ,-1,NULL,,,
2049,GREEN WORKS INC,S,A,NULL,,Net 30,Net 30,NULL,0,USD, ,-1,NULL,,,
2050,HPJ INDUSTRIES,P,A,NULL,,Net 30,Net 30,NULL,0,USD, ,-1,NULL,,,
2051,REHRIG PACIFIC COMPANY,S,A,NULL,,Net 30,Net 30,NULL,0,USD, ,-1,NULL,,,
2052,PLASTIC RECYCLERS,V,A,NULL,,(None),Net 30,NULL,0,USD, ,-1,NULL,,,
2054,VIKOZ ENTERPRISES INC,V,A,NULL,,(None),Net 30,NULL,0,USD, ,-1,NULL,,,
2055,MAUSER PACKAGING - CLEVELAND,A,A,NULL,,(None),Net 30,NULL,0,USD, ,-1,NULL,,,
2057,MYERS DIVERSIFIED,S,A,NULL,,(None),Net 30,NULL,0,USD, ,-1,NULL,,,
2058,TRIVALENCE,C,A,NULL,,(None),Net 30,NULL,0,USD, ,-1,NULL,,,
2059,D&J'S SERVICES LLC,A,A,NULL,,Net 30,Net 30,NULL,0,USD, ,-1,NULL,,,
2060,BALLYHOO PLASTICS LLC,X,A,NULL,,Net 30,,NULL,0,USD, ,-1,NULL,,,
2061,ADVANCED WASTE MANAGEMENT,S,A,NULL,,(None),Net 30,NULL,0,USD, ,-1,NULL,,,
2063,MOLDAMATIC LLC,S,A,NULL,,(None),Net 30,NULL,0,USD, ,-1,NULL,,,
2064,BEDFORD RECYCLING,V,A,NULL,,(None),Net 30,NULL,0,USD, ,-1,NULL,,,
2066,DAVIS LOGAN LLC,A,A,NULL,,(None),Net 30,NULL,0,USD, ,-1,NULL,,,
2068,GREER RECYCLING,A,A,NULL,,(None),Net 30,NULL,0,USD, ,-1,NULL,,,
2069,KAMPS PALLETS,A,A,NULL,,Net 30,Net 30,NULL,0,USD, ,-1,NULL,,,
2070,PALLET EXCHANGE INC,A,A,NULL,,(None),Net 30,NULL,0,USD, ,-1,NULL,,,
2071,MACON COUNTY SOLID WASTE,S,A,NULL,,(None),Net 30,NULL,0,USD, ,-1,NULL,,,
2072,PALADIN FREIGHT,D,A,NULL,,(None),Net 30,NULL,0,USD, ,-1,NULL,,,
2073,ELORA PALLET,S,A,NULL,,Net 30,Net 30,NULL,0,USD, ,-1,NULL,,,
2074,PERRIGO CO. INC.,A,A,NULL,,(None),Net 30,NULL,0,USD, ,-1,NULL,,,
2075,REVOLUTION COMPANY,A,A,NULL,,Net 30,Net 30,NULL,0,USD, ,-1,NULL,,,
2076,KAMPS INC,P,A,NULL,,(None),Net 30,NULL,0,USD, ,-1,NULL,,,
2078,CHAMBERS DRUM CO INC,S,A,NULL,,Net 30,Net 30,NULL,0,USD, ,-1,NULL,,,
2079,UNIVERSAL ENVIRONMENTAL SERVICES,A,A,NULL,,(None),Net 30,NULL,0,USD, ,-1,NULL,,,
2080,TC PACKAGING LLC,X,A,NULL,,Net 30,,NULL,0,USD, ,-1,NULL,,,
2082,ACE IRON & METAL INC,V,A,NULL,,(None),Net 30,NULL,0,USD, ,-1,NULL,,,
2083,BD CUSTOM MANUFACTURING,X,A,NULL,,Net 30,,NULL,0,USD, ,-1,NULL,,,
2085,GREENWAY RESOURCE RECOVERY LLC,V,A,NULL,,(None),Net 30,NULL,0,USD, ,-1,NULL,,,
2086,HARRIS MATERIAL EXCHANGE INC,A,A,NULL,,Net 10,Net 10,NULL,0,USD, ,-1,NULL,,,
2087,BD CUSTOM MANUFACTURING INC,X,A,NULL,,(None),Net 30,NULL,0,USD, ,-1,NULL,,,
2088,PLASTIC REGRINDERS INC,V,A,NULL,,(None),Net 15,NULL,0,USD, ,-1,NULL,,,
2089,ALLSTAR RECYCLING PARTNERS LLC,V,A,NULL,,(None),Net 30,NULL,0,USD, ,-1,NULL,,,
2090,ALLY LOGISTICS,D,A,NULL,,(None),Net 30,NULL,0,USD, ,-1,NULL,,,
2091,MACON COUNTY SOLID WASTE - TW,S,A,NULL,,(None),Net 30,NULL,0,USD, ,-1,NULL,,,
2092,MITSUBISHI LOGISNEXT AMERICAS,A,A,NULL,,(None),Net 30,NULL,0,USD, ,-1,NULL,,,
2093,KEYSTONE PALLET AND RECYCLING LLC,V,A,NULL,,(None),Net 30,NULL,0,USD, ,-1,NULL,,,
2094,PALLET EXPRESS INC,V,A,NULL,,(None),Net 30,NULL,0,USD, ,-1,NULL,,,
2095,DOWNEY & SONS PALLET CO,S,A,NULL,,(None),Net 30,NULL,0,USD, ,-1,NULL,,,
2097,FOUNTAIN VALLEY ENTERPRISE INC,D,A,NULL,,(None),Net 30,NULL,0,USD, ,-1,NULL,,,
2098,INTERNATIONAL TRANSLOAD LOGISTICS,D,A,NULL,,(None),Net 30,NULL,0,USD, ,-1,NULL,,,
2099,SYRACUSE WASTE HAULERS,V,A,NULL,,(None),Net 30,NULL,0,USD, ,-1,NULL,,,
2100,STORELLI RECYCLING,S,A,NULL,,(None),Net 30,NULL,0,USD, ,-1,NULL,,,
2101,NORTHERN TRANSITIONS,A,A,NULL,,(None),Net 30,NULL,0,USD, ,-1,NULL,,,
2102,OCTAL,S,A,NULL,,(None),Net 30,NULL,0,USD, ,-1,NULL,,,
2103,B3 LOGISTIX,D,A,NULL,,(None),Net 30,NULL,0,USD, ,-1,NULL,,,
2104,GREENLAND PLASTIC RECYCLING,X,A,NULL,,(None),50% Prepayment,NULL,0,USD, ,-1,NULL,,,
2105,PLUS MATERIALS INC,A,A,NULL,,Net 30,Net 30,NULL,0,USD, ,-1,NULL,,,
2106,JEI INC,A,A,NULL,,Net 30,Net 30,NULL,0,USD, ,-1,NULL,,,
2107,MERCURY POLYMERS LLC,X,A,NULL,,50% Prepay/50% Against Docs,50% Prepayment,NULL,0,USD, ,0,NULL,,,
2108,MILLWOOD INC,S,A,NULL,,Net 30,Net 30,NULL,0,USD, ,0,NULL,,https://www.millwoodinc.com/,
2110,BDL SUPPLY,V,A,NULL,,(None),Net 30,NULL,0,USD, ,0,NULL,,,
2111,NEED PO,S,A,NULL,,Net 30,Net 30,NULL,0,USD, ,0,NULL,,,
2113,VALE SALVAGE & RECYCLING,V,A,NULL,,Net 30,Net 30,NULL,0,USD, ,0,NULL,,,
2114,CAROLINA RECYCLING & CONSULTING LLC,A,A,NULL,,Net 30,Net 30,NULL,0,USD, ,10000,NULL,,,
2115,SUNCOAST PLASTICS,P,A,NULL,,Net 30,Net 30,NULL,0,USD, ,0,NULL,,,
2116,SKAGIT RIVER STEEL & RECYCLING INC,S,A,NULL,,(None),Net 30,NULL,0,USD, ,0,NULL,,,
2117,RECYCLE CORP,X,A,NULL,,Prepayment,,NULL,0,USD, ,0,NULL,,,
2118,TREX COMPANY,C,A,NULL,,Net 30,Net 30,NULL,0,USD, ,20000,NULL,,,
2119,BLACKROCK PLASTICS LLC,V,A,NULL,,(None),Net 30,NULL,0,USD, ,0,NULL,,,
2121,COYOTE LOGISTICS,D,A,NULL,,(None),,NULL,0,USD, ,0,NULL,,,
2122,TRANSFIX,D,A,NULL,,(None),Net 30,NULL,0,USD, ,0,NULL,,,
2124,QUEST TRANSPORTATION,D,A,NULL,,(None),Net 30,NULL,0,USD, ,0,NULL,,,
2125,PLASGAD USA LLC,S,A,NULL,,(None),Net 30,NULL,0,USD, ,0,NULL,,,
2126,GRAY ROCK LLC,D,A,NULL,,(None),Net 30,NULL,0,USD, ,0,NULL,,www.GrayRockTransport.com,
2127,CONSTANT RECYCLING,A,A,NULL,,(None),Net 30,NULL,0,USD, ,0,NULL,,,
2128,CWD FLATBED TRUCKING INC,D,A,NULL,,(None),Net 30,NULL,0,USD, ,0,NULL,,,
2129,3L Distribution,A,A,NULL,,Net 30,Net 30,NULL,0,USD, ,0,NULL,,,
2130,TOTAL RECYCLING PAPER & PLASTIC,A,A,NULL,,(None),Net 30,NULL,0,USD, ,0,NULL,,,
2131,NEW INDY RECYCLING LLC,V,A,NULL,,(None),Net 30,NULL,0,USD, ,0,NULL,,,
2132,EARTH RESOURCES RECYCLING,V,A,NULL,,(None),Net 30,NULL,0,USD, ,0,NULL,,,
2133,M & W LOGISTICS GROUP INC,D,A,NULL,,(None),Net 30,NULL,0,USD, ,0,NULL,,,
2134,PRO PALLET SOUTH,V,A,NULL,,(None),Net 30,NULL,0,USD, ,0,NULL,,,
2135,PERFORMANCE PALLET CORP,V,A,NULL,,(None),Net 30,NULL,0,USD, ,0,NULL,,,
2136,GATEWAY RECYCLING,V,A,NULL,,(None),Net 30,NULL,0,USD, ,0,NULL,,,
2137,CT POLYMERS,A,A,NULL,,Net 30,Net 30,NULL,0,USD, ,0,NULL,,,
2138,ADVANCE DRUM SERVICE INC,V,A,NULL,,(None),Net 30,NULL,0,USD, ,0,NULL,,,
2139,MAZZA RECYCLING SERVICES LTD,V,A,NULL,,(None),Net 30,NULL,0,USD, ,0,NULL,,,
2140,VALLEYWOOD INDUSTRIES INC,V,A,NULL,,(None),Net 30,NULL,0,USD, ,0,NULL,,,
2141,CIRCLE PACKAGING CO,V,A,NULL,,(None),Net 30,NULL,0,USD, ,0,NULL,,,
2142,UPSTREAM RECYCLING,A,A,NULL,,(None),Net 30,NULL,0,USD, ,0,NULL,,,
2143,SARE PLASTICS,V,A,NULL,,(None),Net 30,NULL,0,USD, ,0,NULL,,,
2144,ALUF PLASTICS,X,A,NULL,,(None),Net 30,NULL,0,USD, ,0,NULL,,,
2145,GUERO PALLETS INC,V,A,NULL,,(None),Net 30,NULL,0,USD, ,0,NULL,,,
2146,FORT STEWART ARMY BASE,V,A,NULL,,(None),Net 30,NULL,0,USD, ,0,NULL,,,
2147,NAZARETH PALLET COMPANY,V,A,NULL,,(None),Net 10,NULL,0,USD, ,0,NULL,,,
2148,LIGHTING RESOURCES INC,V,A,NULL,,(None),Net 30,NULL,0,USD, ,0,NULL,,,
2149,TIMI PLASTICS INC,V,A,NULL,,(None),Net 30,NULL,0,USD, ,0,NULL,,,
2151,POLYREPS INC,A,A,NULL,,(None),Net 30,NULL,0,USD, ,0,NULL,,,
2152,TOTAL RECYCLING & WASTE SOLUTIONS,V,A,NULL,,Net 30,Net 30,NULL,0,USD, ,0,NULL,,www.ttlrecycling.com,
2154,TRUCKER TBD,D,A,NULL,,Net 30,COD,NULL,0,USD, ,0,NULL,,,
2155,TRUE PLASTICS RECYCLING LLC,X,A,NULL,,Net 30,,NULL,0,USD, ,0,NULL,,,
2157,RECYCLING RECOVERY,V,A,NULL,,(None),Net 30,NULL,0,USD, ,0,NULL,,,
2158,AZEK CO,V,A,NULL,,(None),Net 30,NULL,0,USD, ,0,NULL,,,
2160,NAPIER PALLET INC,V,A,NULL,,(None),Net 30,NULL,0,USD, ,0,NULL,,,
2161,SESSIONS PEANUTS,V,A,NULL,,(None),Net 30,NULL,0,USD, ,0,NULL,,,
2163,MARCK INDUSTRIES - ROGERS,A,A,NULL,,Net 30,Net 30,NULL,0,USD, ,0,NULL,,,
2164,MACON COUNTY SOLID WASTE - TN,V,A,NULL,,(None),Net 30,NULL,0,USD, ,0,NULL,,,
2165,MARCK INDUSTRIES - BROOKLAND,V,A,NULL,,(None),Net 30,NULL,0,USD, ,0,NULL,,,
2166,GREEN RHINO RECYCLING,X,A,NULL,,Net 30,Net 30,NULL,0,USD, ,0,NULL,,,
2168,APS RECYCLE INC,V,A,NULL,,(None),Net 10,NULL,0,USD, ,0,NULL,,,
2169,RECYCLING ASSOCIATES INC,V,A,NULL,,(None),Net 30,NULL,0,USD, ,0,NULL,,,
2170,GOODWILL EASTERSEALS OF THE GULF COAST,V,A,NULL,,(None),Net 30,NULL,0,USD, ,0,NULL,,,
2171,GOLDEN BEAR RECYCLING LLC,A,A,NULL,,(None),Net 30,NULL,0,USD, ,0,NULL,,,
2172,PARALLEL PRODUCTS,V,A,NULL,,(None),Net 30,NULL,0,USD, ,0,NULL,,,
2173,FLOBOTICS LLC,C,A,NULL,,(None),,NULL,0,USD, ,0,NULL,,,
2175,USER FRIENDLY RECYCLING LLC,V,A,NULL,,(None),Net 30,NULL,0,USD, ,0,NULL,,,
2176,VERDECO RECYCLING INC,A,A,NULL,,(None),Net 30,NULL,0,USD, ,0,NULL,,,
2177,ICTV,V,A,NULL,,(None),Net 30,NULL,0,USD, ,0,NULL,,,
2179,LNT PALLET COMPANY,V,A,NULL,,(None),Net 30,NULL,0,USD, ,0,NULL,,,
2180,SOUTHERN CONN PALLET CO,V,A,NULL,,(None),Net 30,NULL,0,USD, ,0,NULL,,,
2181,INDEX PACKAGING,A,A,NULL,,(None),Net 30,NULL,0,USD, ,0,NULL,,,
2182,TOWN OF DERRY TRANSFER STATION,A,A,NULL,,(None),Net 30,NULL,0,USD, ,0,NULL,,,
2184,EAST CENTRAL RECYCLING,V,A,NULL,,(None),Net 30,NULL,0,USD, ,0,NULL,,,
2185,ANSUYA POLYMERS,V,A,NULL,,(None),Net 30,NULL,0,USD, ,0,NULL,,,
2186,WASTE COMMISSION OF SCOTT COUNTY,V,A,NULL,,(None),Net 30,NULL,0,USD, ,0,NULL,,,
2187,MARCK INDUSTRIES INC (LA),V,A,NULL,,(None),Net 30,NULL,0,USD, ,0,NULL,,,
2188,DONLEY PALLET,V,A,NULL,,(None),Net 30,NULL,0,USD, ,0,NULL,,,
2189,W & W MATERIALS SUPPLY INC,V,A,NULL,,(None),Net 30,NULL,0,USD, ,0,NULL,,,
2190,REGENEX,X,A,NULL,,(None),Net 30,NULL,0,USD, ,0,NULL,,,
2191,NEXUS FUELS LLC,A,A,NULL,,Net 30,,NULL,0,USD, ,0,NULL,,,
2192,CUTTING EDGE GRINDING INC,A,A,NULL,,Net 30,Net 30,NULL,0,USD, ,0,NULL,,,
2193,BROTHERS RECYCLING,A,A,NULL,,(None),Net 30,NULL,0,USD, ,0,NULL,,,
2194,GREENWAY PRODUCTS AND SERVICES,A,A,NULL,,(None),Net 30,NULL,0,USD, ,0,NULL,,,
2195,INTEGRITY EXPRESS LOGISTICS LLC,D,A,NULL,,(None),Net 30,NULL,0,USD, ,0,NULL,,,
2197,INTEGRITY FIBER SUPPLY,V,A,NULL,,(None),Net 30,NULL,0,USD, ,0,NULL,,,
2198,ALL BUSINESS & COMMERCIAL RECYCLING,V,A,NULL,,(None),Net 30,NULL,0,USD, ,0,NULL,,,
2199,EDS PALLET WORLD,V,A,NULL,,(None),Net 30,NULL,0,USD, ,0,NULL,,,
2200,VERTICE INDUSTRIES,V,A,NULL,,(None),Net 30,NULL,0,USD, ,0,NULL,,,
2201,HESS WOOD RECYCLING INC,A,A,NULL,,(None),Net 30,NULL,0,USD, ,0,NULL,,,
2202,SUCHY METAL & RECYCLING,V,A,NULL,,(None),Net 30,NULL,0,USD, ,0,NULL,,,
2204,CCR IND LLC,A,A,NULL,,(None),Net 30,NULL,0,USD, ,0,NULL,,,
2205,INTEGRITY RECYCLING,A,A,NULL,,(None),Net 30,NULL,0,USD, ,0,NULL,,,
2206,LAKESTATE INDUSTRIES,V,A,NULL,,(None),Net 30,NULL,0,USD, ,0,NULL,,,
2207,BAY POLYMER,A,A,NULL,,Net 30,COD,NULL,0,USD, ,0,NULL,,,
2209,ROTO POLYMERS,X,A,NULL,,(None),Net 30,NULL,0,USD, ,0,NULL,,,
2210,IMACC CORP,V,A,NULL,,(None),Net 30,NULL,0,USD, ,0,NULL,,,
2211,LASTIQUE INTERNATIONAL CORPORATION,V,A,NULL,,(None),Net 30,NULL,0,USD, ,0,NULL,,,
2212,HT HACKNEY,V,A,NULL,,(None),Net 30,NULL,0,USD, ,0,NULL,,,
2213,UNIVERSAL SCRAP METALS INC,V,A,NULL,,(None),Prepayment,NULL,0,USD, ,0,NULL,,,
2215,MAUSER PACKAGING - BRIGHTON,V,A,NULL,,(None),Net 30,NULL,0,USD, ,0,NULL,,,
2216,YORKSHIRE RECYCLING,V,A,NULL,,(None),Net 30,NULL,0,USD, ,0,NULL,,www.yorkshirerecycling.com,
2217,SOUTH BAY RECYCLING LLC,V,A,NULL,,(None),Net 30,NULL,0,USD, ,0,NULL,,www.SBRecycling.net,
2218,ETERNITY SOLUTIONS LLC,D,A,NULL,,(None),Net 30,NULL,0,USD, ,0,NULL,,,
2219,AMERICAN RECYCLING SERVICES,V,A,NULL,,(None),Net 30,NULL,0,USD, ,0,NULL,,,
2220,NORTECH WASTE LLC,V,A,NULL,,Net 30,Net 30,NULL,0,USD, ,0,NULL,,,
2221,SILVER PHOENIX LLC,V,A,NULL,,(None),Wire Against Docs,NULL,0,USD, ,0,NULL,,,
2223,GREAT LAKES TRANSPORT SOLUTIONS,D,A,NULL,,(None),Net 30,NULL,0,USD, ,0,NULL,,,
2224,FORTUNE SKY RECYCLING,V,A,NULL,,(None),Net 30,NULL,0,USD, ,0,NULL,,,
2225,HAY CREEK PALLET,V,A,NULL,,(None),Net 30,NULL,0,USD, ,0,NULL,,,
2226,CALIFORNIA WASTE SERVICES LLC,V,A,NULL,,(None),Net 30,NULL,0,USD, ,0,NULL,,,
2227,BYRD TRADING LLC,V,A,NULL,,(None),Net 15,NULL,0,USD, ,0,NULL,,,
2228,PENN PALLET INC,V,A,NULL,,(None),Net 30,NULL,0,USD, ,0,NULL,,,
2229,INGRAM EXPRESS SERVICES,X,A,NULL,,Net 30,Net 30,NULL,0,USD, ,0,NULL,,,
2230,STARPLAST USA,V,A,NULL,,(None),Net 30,NULL,0,USD, ,0,NULL,,,
2231,GRANVILLE PALLET COMPANY INC,V,A,NULL,,(None),Net 30,NULL,0,USD, ,0,NULL,,,
2232,AMP ROBOTICS CORP,A,A,NULL,,(None),Net 30,NULL,0,USD, ,100000,NULL,,,
2233,GUNNISON RECYCLING,V,A,NULL,,(None),Net 30,NULL,0,USD, ,0,NULL,,,
2235,KANAWHA COUNTY SOLID WASTE AUTHORITY,V,A,NULL,,(None),COD,NULL,0,USD, ,0,NULL,,,
2236,UNIVERSAL PLASTICS PURCHASING,A,A,NULL,,(None),Net 30,NULL,0,USD, ,0,NULL,,,
2240,GEORGIA PACIFIC RECYCLING,A,A,NULL,,Net 30,Net 30,NULL,0,USD, ,0,NULL,,,
2241,MAUSER PACKAGING - LOUISVILLE,V,A,NULL,,Net 30,,NULL,0,USD, ,0,NULL,,,
2242,PREMIER METAL & RECYCLING INC,V,A,NULL,,(None),Net 30,NULL,0,USD, ,0,NULL,,,
2244,PACIFIC PALLET EXCHANGE INC,V,A,NULL,,(None),Net 30,NULL,0,USD, ,0,NULL,,,
2245,ALLEGHENY RECYCLED PRODUCTS,V,A,NULL,,(None),Net 30,NULL,0,USD, ,0,NULL,,,
2246,KENMORE CONSTRUCTION CO,S,A,NULL,,(None),Net 30,NULL,0,USD, ,0,NULL,,,
2247,OVERDEVEST NURSERY LP,V,A,NULL,,(None),Net 30,NULL,0,USD, ,0,NULL,,,
2248,48 FORTY SOLUTIONS - LM,A,A,NULL,,(None),Net 30,NULL,0,USD, ,0,NULL,,,
2249,ATHENS SERVICES,V,A,NULL,,(None),Net 15,NULL,0,USD, ,0,NULL,,www.athensservices.com,
2250,INTERSTATE WASTE SERVICES,V,A,NULL,,(None),Net 30,NULL,0,USD, ,0,NULL,,,
2251,PALLET CONSULTANTS,V,A,NULL,,(None),Net 30,NULL,0,USD, ,0,NULL,,,
2252,MIDWEST PRODUCT RECOVERY,A,A,NULL,,Net 30,Net 30,NULL,0,USD, ,0,NULL,,,
2253,HAULIN AND SUCH,V,A,NULL,,(None),Net 30,NULL,0,USD, ,0,NULL,,,
2254,SONCO WASTE SOLUTIONS LLC,V,A,NULL,,(None),Net 30,NULL,0,USD, ,0,NULL,,,
2255,INSOURCE MATERIALS,X,A,NULL,,Net 30,Net 30,NULL,0,USD, ,0,NULL,,,
2256,NAPA RECYCLING AND WASTE SVS,V,A,NULL,,(None),Net 15,NULL,0,USD, ,0,NULL,,,
2257,29 LOGISTICS LLC,D,A,NULL,,(None),Net 30,NULL,0,USD, ,0,NULL,,,
2258,GREEN EVOLUTION RECYCLING,V,A,NULL,,(None),Net 30,NULL,0,USD, ,0,NULL,,,
2259,ST LUCIE COUNTY,V,A,NULL,,(None),Net 30,NULL,0,USD, ,0,NULL,,,
2260,TOMRA NORTH AMERICA INC,A,A,NULL,,(None),Net 30,NULL,0,USD, ,0,NULL,,,
2261,COUNTY SANITATION DISTRICTS OF LA COUNTY,V,A,NULL,,(None),Prepayment,NULL,0,USD, ,0,NULL,,,
2262,PALLET SERVICES LLC,V,A,NULL,,(None),Net 30,NULL,0,USD, ,0,NULL,,,
2263,BO'S PALLETS,V,A,NULL,,(None),Net 30,NULL,0,USD, ,0,NULL,,,
2264,ALLIED PALLET CO,V,A,NULL,,(None),Net 30,NULL,0,USD, ,0,NULL,,,
2265,WINTERS BROS,V,A,NULL,,(None),Net 30,NULL,0,USD, ,0,NULL,,,
2266,THE CARY COMPANY,V,A,NULL,,(None),Net 30,NULL,0,USD, ,0,NULL,,,
2267,CAVALRY TRUCKING LLC,D,A,NULL,,(None),Net 30,NULL,0,USD, ,0,NULL,,,
2268,FREIGHTPROS,D,A,NULL,,(None),Net 30,NULL,0,USD, ,0,NULL,,,
2269,NORTHLAND FARMS,V,A,NULL,,(None),Net 30,NULL,0,USD, ,0,NULL,,,
2270,TRANZSTAR,D,A,NULL,,(None),Net 30,NULL,0,USD, ,0,NULL,,,
2271,BROAD RIVER ASSETS,S,A,NULL,,COD,COD,NULL,0,USD, ,0,NULL,,,
2272,CAROLINA BLUEBERRY GROUP,X,A,NULL,,(None),Net 30,NULL,0,USD, ,0,NULL,,,
2274,HEATH INDUSTRIAL,V,A,NULL,,(None),Prepayment,NULL,0,USD, ,0,NULL,,,
2275,USHIP,D,A,NULL,,(None),COD,NULL,0,USD, ,0,NULL,,,
2276,SUN FIBER LLC,X,A,NULL,,(None),Net 30,NULL,0,USD, ,0,NULL,,,
2277,GRIFFIN FARM MACHINE COMPANY,V,A,NULL,,(None),COD,NULL,0,USD, ,0,NULL,,,
2278,WALKER RECYCLING INC,A,A,NULL,,(None),Net 30,NULL,0,USD, ,0,NULL,,,
2279,PITT PENN RECYCLING CO LLC,V,A,NULL,,(None),Net 30,NULL,0,USD, ,0,NULL,,,
2280,EDCO DISPOSAL,V,A,NULL,,(None),Net 15,NULL,0,USD, ,0,NULL,,,
2281,SANCO SERVICES,V,A,NULL,,(None),Net 15,NULL,0,USD, ,0,NULL,,,
2282,M DAVIS GROUP,V,A,NULL,,(None),COD,NULL,0,USD, ,0,NULL,,,
2283,FORT PAYNE RECYCLING,V,A,NULL,,(None),Net 30,NULL,0,USD, ,0,NULL,,,
2284,JFC INTERNATIONAL ,V,A,NULL,,(None),Net 30,NULL,0,USD, ,0,NULL,,,
2285,PIONEER RECYCLING SERVICES LLC,A,A,NULL,,(None),Net 30,NULL,0,USD, ,0,NULL,,,
2286,GOODWILL GULF COAST INC,V,A,NULL,,(None),Net 30,NULL,0,USD, ,0,NULL,,,
2287,HAMTRAMCK RECYCLING,V,A,NULL,,(None),Net 30,NULL,0,USD, ,0,NULL,,,
2288,SYNCOT PLASTICS,X,A,NULL,,(None),Net 30,NULL,0,USD, ,0,NULL,,,
2290,MYRON BOWLING AUCTIONEERS INC,V,A,NULL,,(None),COD,NULL,0,USD, ,0,NULL,,,
2291,HIGH POINT PLASTICS,C,A,NULL,,Prepayment,,NULL,0,USD, ,0,NULL,,,
2292,CENTURION CONTAINER LLC,V,A,NULL,,(None),Net 30,NULL,0,USD, ,0,NULL,,,
2293,A&J ENTERPRISES,D,A,NULL,,(None),Prepayment,NULL,0,USD, ,0,NULL,,,
2295,ACHEM INDUSTRY AMERICA INC,V,A,NULL,,(None),Net 30,NULL,0,USD, ,0,NULL,,,
2296,MITCHELL CONTAINER SERVICES INC,V,A,NULL,,(None),COD,NULL,0,USD, ,0,NULL,,,
2297,COSCO CONTAINER LINES,D,A,NULL,,(None),,NULL,0,USD, ,0,NULL,,,
2299,HAPAG - LLOYD,D,A,NULL,,(None),,NULL,0,USD, ,0,NULL,,,
2300,MING'S RECYCLING,X,A,NULL,,Net 15,Net 15,NULL,0,USD, ,0,NULL,,,
2301,METRO WASTE AUTHORITY,A,A,NULL,,(None),Net 30,NULL,0,USD, ,0,NULL,,,
2302,FOUR WAY PALLET,V,A,NULL,,(None),Net 15,NULL,0,USD, ,0,NULL,,,
2303,A&S METALS,V,A,NULL,,(None),Net 30,NULL,0,USD, ,0,NULL,,,
2304,MOTION CITY TRANSPORTATION ,D,A,NULL,,Net 14,Net 14,NULL,0,USD, ,0,NULL,,,
2305,HD PALLET COMPANY LLC,V,A,NULL,,(None),Net 30,NULL,0,USD, ,0,NULL,,,
2306,SELECT PALLETS OF EDISON,A,A,NULL,,(None),Net 30,NULL,0,USD, ,0,NULL,,,
2307,CAPITAL PAPER RECYCLING,V,A,NULL,,(None),Net 30,NULL,0,USD, ,0,NULL,,,
2308,M&J FARMS,V,A,NULL,,(None),Net 30,NULL,0,USD, ,0,NULL,,,
2309,PLACON CORP,X,A,NULL,,(None),Net 60,NULL,0,USD, ,0,NULL,,,
2310,NEW ENGLAND RECYCLING,V,A,NULL,,(None),Net 30,NULL,0,USD, ,0,NULL,,,
2311,GREENE COUNTY PALLETS INC,V,A,NULL,,(None),COD,NULL,0,USD, ,0,NULL,,,
2312,PLASTICS PLUS,V,A,NULL,,(None),Net 30,NULL,0,USD, ,0,NULL,,,
2313,501K RECYCLING LLC,A,A,NULL,,(None),Net 30,NULL,0,USD, ,0,NULL,,,
2314,ADVANTAGE PALLETS,V,A,NULL,,(None),COD,NULL,0,USD, ,0,NULL,,,
2315,MCGARD INNOVATIVE SECURITY PRODUCTS,A,A,NULL,,(None),Net 30,NULL,0,USD, ,0,NULL,,,
2316,PLASTIC SCRAP SOLUTIONS,X,A,NULL,,Prepayment,,NULL,0,USD, ,0,NULL,,,
2317,CAGLIA ENVIRONMENTAL LLC,V,A,NULL,,(None),Net 30,NULL,0,USD, ,0,NULL,,,
2320,UNITED STEEL AND AGGREGATE INC,D,A,NULL,,(None),Wire Against Docs,NULL,0,USD, ,0,NULL,,,
2321,UNITED STATES PLASTIC CORPORATION,D,A,NULL,,(None),Prepayment,NULL,0,USD, ,0,NULL,,,
2322,KELDORAN UNLIMITED,D,A,NULL,,(None),Wire Against Docs,NULL,0,USD, ,0,NULL,,,
2323,DOCK 2 DOCK LLC,D,A,NULL,,(None),Wire On Documents,NULL,0,USD, ,0,NULL,,,
2324,LOVE PALLET,A,A,NULL,,(None),Net 30,NULL,0,USD, ,0,NULL,,,
2325,EPES LOGISTICS SERVICES INC,D,A,NULL,,(None),Net 30,NULL,0,USD, ,0,NULL,,,
2326,THERMOPLASTIC TRADING INC,A,A,NULL,,Net 30,Wire Against Docs,NULL,0,USD, ,0,NULL,,,
2327,FLORIDA PLASTIC RECYCLING,V,A,NULL,,(None),Net 30,NULL,0,USD, ,0,NULL,,,
2328,FALCON PAPERS,A,A,NULL,,Wire Transfer,Net 30,NULL,0,USD, ,0,NULL,,,
2329,CW CARRIERS USA,A,A,NULL,,Prepayment,Prepayment,NULL,0,USD, ,0,NULL,,,
2330,CERTIFIED ENTERPRISES,A,A,NULL,,COD,Net 15,NULL,0,USD, ,0,NULL,,,
2331,GREENVIEW WASHINGTON WAREHOUSE,D,A,NULL,,(None),Net 30,NULL,0,USD, ,0,NULL,,,
2332,GEORGETOWN PAPER STOCK,A,A,NULL,,(None),Net 15,NULL,0,USD, ,0,NULL,,,
2333,CUSTOM POLYMERS INC,X,A,NULL,,Net 15,Net 15,NULL,0,USD, ,0,NULL,,,
2334,360RESINS LLC,A,A,NULL,,Net 10,Net 10,NULL,0,USD, ,0,NULL,,,
2335,CONTINENTAL INDUSTRIES GROUP INC,X,A,NULL,,(None),,NULL,0,USD, ,0,NULL,,,
2336,FLEX TECH HOSE & TUBING LLC,V,A,NULL,,(None),Net 30,NULL,0,USD, ,0,NULL,,,
2337,BIRDSONG PEANUTS - GA,V,A,NULL,,(None),Net 30,NULL,0,USD, ,0,NULL,,,
2338,COMPLETE RESOURCE MANAGEMENT,V,A,NULL,,(None),Net 30,NULL,0,USD, ,0,NULL,,,
2339,RECYCLING & WASTE REDUCTION,D,A,NULL,,(None),Prepayment,NULL,0,USD, ,0,NULL,,,
2340,NORMAN TEXTILE SALES,V,A,NULL,,(None),Net 30,NULL,0,USD, ,0,NULL,,,
2341,FULL CIRCLE TECHNOLOGIES LLC,V,A,NULL,,(None),Net 30,NULL,0,USD, ,0,NULL,,,
2342,APJ RECYCLING,P,A,NULL,,Net 30,Net 30,NULL,0,USD, ,0,NULL,,,
2344,REMM GROUP,V,A,NULL,,(None),Net 30,NULL,0,USD, ,0,NULL,,,
2345,PIKE PLASTICS RECYCLING LLC,X,A,NULL,,(None),Net 30,NULL,0,USD, ,0,NULL,,,
2346,ARMSTRONG RECYCLING CENTER,V,A,NULL,,(None),Net 30,NULL,0,USD, ,0,NULL,,,
2347,NORTHCOAST RECYCLING,V,A,NULL,,(None),Net 30,NULL,0,USD, ,0,NULL,,,
2348,ECOLOGY RECYCLING & CONSULTING INC,A,A,NULL,,(None),Net 30,NULL,0,USD, ,0,NULL,,,
2349,"SUMMIT POLYMERS,LLC",V,A,NULL,,(None),50% Prepayment,NULL,0,USD, ,0,NULL,,,
2350,GM PALLETS LLC,V,A,NULL,,(None),Net 30,NULL,0,USD, ,0,NULL,,,
2351,CITY OF LAURINBURG,V,A,NULL,,(None),Net 30,NULL,0,USD, ,0,NULL,,,
2352,DIXIE PLASTICS INC.,X,A,NULL,,(None),,NULL,0,USD, ,0,NULL,,,
2353,NORTH PLUS LOGISTICS,D,A,NULL,,(None),Net 30,NULL,0,USD, ,0,NULL,,,
2354,4TH GENERATION RECYCLING,P,A,NULL,,Net 30,Net 30,NULL,0,USD, ,0,NULL,,,
2355,JACKSON COUNTY DEVELOPMENTAL CENTER,V,A,NULL,,(None),Net 30,NULL,0,USD, ,0,NULL,,,
2356,S&B PALLET CO,A,A,NULL,,(None),Net 30,NULL,0,USD, ,0,NULL,,,
2357,GENERAL PALLET INDUSTRIES,V,A,NULL,,(None),Net 30,NULL,0,USD, ,0,NULL,,,
2358,BLUE MARBLE RECYCLING LLC,V,A,NULL,,(None),COD,NULL,0,USD, ,0,NULL,,,
2359,LEXINGTON MUNICIPAL RECYCLING,V,A,NULL,,(None),Net 30,NULL,0,USD, ,0,NULL,,,
2360,CUMBERLAND COUNTY RECYCLING CENTER,A,A,NULL,,(None),Net 30,NULL,0,USD, ,0,NULL,,,
2361,CEDAR RIDGE MINISTRIES RECYCLING,V,A,NULL,,(None),Net 30,NULL,0,USD, ,0,NULL,,,
2363,TOYOTETSU AMERICA INC,A,A,NULL,,(None),Net 30,NULL,0,USD, ,0,NULL,,,
2364,GRAVITY CONCEPTS LIMITED ,D,A,NULL,,(None),Net 30,NULL,0,USD, ,0,NULL,,,
2365,CL FREIGHTS,D,A,NULL,,(None),Net 30,NULL,0,USD, ,0,NULL,,,
2367,KAMPS TWIN LLC,V,A,NULL,,Net 30,,NULL,0,USD, ,0,NULL,,,
2368,RTS SOLUTIONS LLC,V,A,NULL,,(None),Net 30,NULL,0,USD, ,0,NULL,,,
2369,PARKER PALLET,A,A,NULL,,(None),Net 30,NULL,0,USD, ,0,NULL,,,
2370,POORAN PALLETS,A,A,NULL,,(None),Net 30,NULL,0,USD, ,0,NULL,,,
2371,EATON CORPORATION,A,A,NULL,,(None),Net 30,NULL,0,USD, ,0,NULL,,,
2372,DIVERSIFIED RECYCLING SERVICES LLC,V,A,NULL,,(None),Net 30,NULL,0,USD, ,0,NULL,,,
2373,NAV LOGISTICS INC,D,A,NULL,,(None),Net 15,NULL,0,USD, ,0,NULL,,,
2374,SAXON KOGER,D,A,NULL,,(None),,NULL,0,USD, ,0,NULL,,,
2375,JC POLYMER,A,A,NULL,,Net 30,Net 30,NULL,0,USD, ,0,NULL,,,
2376,STUFF RECYCLING,V,A,NULL,,(None),Net 30,NULL,0,USD, ,0,NULL,,,
2377,SA RECYCLING LLC,V,A,NULL,,(None),Net 30,NULL,0,USD, ,0,NULL,,,
2378,DOMINO PLASTICS COMPANY,V,A,NULL,,(None),COD,NULL,0,USD, ,0,NULL,,,
2379,INFILTRATOR WATER TECHNOLOGIES,V,A,NULL,,(None),Net 30,NULL,0,USD, ,0,NULL,,,
2380,DYNAMIC LIFECYCLE INNOVATIONS,V,A,NULL,,(None),Net 30,NULL,0,USD, ,0,NULL,,,
2381,OMEGA PLASTICS LLC,X,A,NULL,,(None),Net 30,NULL,0,USD, ,0,NULL,,,
2382,CIMCO RESOURCES INC,A,A,NULL,,(None),Wire Against Docs,NULL,0,USD, ,0,NULL,,,
2383,THE SHIP GROUP LOGISTICS,D,A,NULL,,(None),Net 15,NULL,0,USD, ,0,NULL,,,
2384,W AND W MATERIALS SUPPLY,V,A,NULL,,(None),Net 30,NULL,0,USD, ,0,NULL,,,
2385,CENTRAL CONVERTING,V,A,NULL,,(None),Net 30,NULL,0,USD, ,0,NULL,,,
2386,GRAPHIC PALLET & TRANSPORT INC,V,A,NULL,,(None),Net 30,NULL,0,USD, ,0,NULL,,,
2387,SEAFRIGO,V,A,NULL,,(None),Net 30,NULL,0,USD, ,0,NULL,,,
2388,SM SALISBURY WAREHOUSE,V,A,NULL,,(None),,NULL,0,USD, ,0,NULL,,,
2389,FEDEX GROUND BING 0137,V,A,NULL,,(None),Net 30,NULL,0,USD, ,0,NULL,,,
2390,GP THE BEST PLASTICS,X,A,NULL,,Prepayment,Net 15,NULL,0,USD, ,0,NULL,,,
2392,BIZ AID LLC RECYCLING,V,A,NULL,,(None),Net 15,NULL,0,USD, ,0,NULL,,,
2393,VALUE CLOTHING,V,A,NULL,,(None),Net 30,NULL,0,USD, ,0,NULL,,,
2394,DUFFY BOX & RECYCLING INC,V,A,NULL,,(None),Net 30,NULL,0,USD, ,0,NULL,,,
2395,CORPORATE GRIND LLC,V,A,NULL,,(None),Net 30,NULL,0,USD, ,0,NULL,,,
2396,ADUSA DISTRIBUTION,V,A,NULL,,(None),Net 30,NULL,0,USD, ,0,NULL,,,
2397,HARRIS TEETER,A,A,NULL,,(None),Net 30,NULL,0,USD, ,0,NULL,,,
2398,PURECYCLE TECHNOLOGIES INC FEU,X,A,NULL,,Net 30,,NULL,0,USD, ,0,NULL,,,
2399,RECYCLING TECHNOLOGY CONSULTANTS,A,A,NULL,,Net 30,Net 30,NULL,0,USD, ,0,NULL,,,
2401,BERGER RECYCLING,V,A,NULL,,(None),Net 30,NULL,0,USD, ,0,NULL,,,
2402,GLOBAL CIRCLE RECYCLING LLC,A,A,NULL,,(None),Prepayment,NULL,0,USD, ,0,NULL,,,
2403,RANDY'S RECYCLING,V,A,NULL,,(None),Net 30,NULL,0,USD, ,0,NULL,,,
2404,LOFTY'S TEXTILE WASTE INC,V,A,NULL,,(None),Net 30,NULL,0,USD, ,0,NULL,,,
2405,SAVE THAT STUFF INC,V,A,NULL,,(None),Net 30,NULL,0,USD, ,0,NULL,,,
2408,INZI CONTROLS ALABAMA,A,A,NULL,,(None),Net 30,NULL,0,USD, ,0,NULL,,,
2409,RISE BUILDING PRODUCTS,V,A,NULL,,(None),Net 30,NULL,0,USD, ,0,NULL,,,
2410,FULL CIRCLE RECYCLING,V,A,NULL,,(None),Net 30,NULL,0,USD, ,0,NULL,,,
2411,J&M MECHANICAL SERVICES,V,A,NULL,,(None),Net 30,NULL,0,USD, ,0,NULL,,,
2412,AXJO,A,A,NULL,,Net 45,Net 45,NULL,0,USD, ,0,NULL,,,
2413,TILE SHOP DISTRIBUTION CENTER,V,A,NULL,,(None),Net 30,NULL,0,USD, ,0,NULL,,,
2414,MS MATERIALS LLC,V,A,NULL,,(None),Net 15,NULL,0,USD, ,0,NULL,,,
2415,PAPER RECOVERY OF GEORGIA,V,A,NULL,,(None),Net 30,NULL,0,USD, ,0,NULL,,,
2417,IBC TOTE RECYCLING LLC,A,A,NULL,,Net 15,Net 30,NULL,0,USD, ,0,NULL,,,
2418,SPOT-ON SERVICES,X,A,NULL,,Cash Against Docs,Wire Against Docs,NULL,0,USD, ,0,NULL,,,
2419,COMPLETE RECYCLING SOLUTIONS LLC,V,A,NULL,,(None),Net 30,NULL,0,USD, ,0,NULL,,,
2420,NATIONAL BOX EXCHANGE INC,X,A,NULL,,Net 15,,NULL,0,USD, ,15000,NULL,,,
2421,PHASE SCIENTIFIC,A,A,NULL,,(None),Due on receipt,NULL,0,USD, ,0,NULL,,phasescientific.com,
2422,RUNNING OX LOGISTICS,D,A,NULL,,(None),Net 30,NULL,0,USD, ,0,NULL,,,
2423,WARREN OIL COMPANY,V,A,NULL,,(None),Net 30,NULL,0,USD, ,0,NULL,,,
2424,JAMPLAST INC,A,A,NULL,,Net 30,Net 30,NULL,0,USD, ,0,NULL,,,
2426,W SILVER RECYCLING,V,A,NULL,,(None),Net 30,NULL,0,USD, ,0,NULL,,,
2427,STANDARD LOGISTICS,D,A,NULL,,(None),Net 15,NULL,0,USD, ,0,NULL,,,
2428,JEI DALLAS WAREHOUSE,D,A,NULL,,(None),Net 30,NULL,0,USD, ,0,NULL,,,
2429,GRUBER PALLETS INC,A,A,NULL,,Net 15,Net 15,NULL,0,USD, ,0,NULL,,,
2430,LAURINBURG PUBLIC WORKS,A,A,NULL,,(None),Net 30,NULL,0,USD, ,0,NULL,,,
2431,ROBERTS ENTERPRISES,V,A,NULL,,(None),Net 30,NULL,0,USD, ,0,NULL,,,
2432,3 RIVERS LOGISTICS INC,D,A,NULL,,(None),Net 30,NULL,0,USD, ,0,NULL,,,
2433,DEN HARTOG INDUSTRIES,V,A,NULL,,(None),Net 30,NULL,0,USD, ,0,NULL,,,
2434,COUNT JUNKULA OF CHARLOTTE,V,A,NULL,,(None),Net 30,NULL,0,USD, ,0,NULL,,,
2435,L & S PLASTICS INC,X,A,NULL,,Net 30,,NULL,0,USD, ,0,NULL,,,
2436,THE CUMBERLAND GROUP LLC,A,A,NULL,,Net 45,Net 45,NULL,0,USD, ,0,NULL,,,
2437,SEEDBOX SOLUTION,V,A,NULL,,(None),Net 30,NULL,0,USD, ,0,NULL,,,
2438,JONES BARREL COMPANY,V,A,NULL,,(None),Net 30,NULL,0,USD, ,0,NULL,,,
2439,FLEETGENIUS,V,A,NULL,,(None),Net 30,NULL,0,USD, ,0,NULL,,,
2440,INTEGRITY FIBER,V,A,NULL,,(None),Net 30,NULL,0,USD, ,0,NULL,,,
2441,DOUG HEIRS,A,A,NULL,,(None),Net 30,NULL,0,USD, ,0,NULL,,,
2442,MAUSER PACKAGING - SOUTH PLAINFIELD,A,A,NULL,,Net 30,Net 30,NULL,0,USD, ,0,NULL,,,
2443,GOLD STAR METALS,V,A,NULL,,(None),Net 15,NULL,0,USD, ,0,NULL,,,
2444,CITY OF GULF SHORES,V,A,NULL,,(None),Net 30,NULL,0,USD, ,0,NULL,,,
2445,CONCRETE DESIGNS INC,V,A,NULL,,(None),Net 30,NULL,0,USD, ,0,NULL,,,
2446,EMPIRE KOSHER POULTRY,V,A,NULL,,(None),Net 30,NULL,0,USD, ,0,NULL,,,
2447,RIVER AND RAIL ENVIRONMENTAL,V,A,NULL,,(None),Net 30,NULL,0,USD, ,0,NULL,,,
2449,BYHEART,A,A,NULL,,(None),Net 30,NULL,0,USD, ,0,NULL,,www.byheart.com,
2450,SYNOVA,V,A,NULL,,(None),Net 30,NULL,0,USD, ,0,NULL,,,
2451,TARACON,V,A,NULL,,(None),Net 30,NULL,0,USD, ,0,NULL,,,
2452,REBOXCO INTERNATIONAL LLC,A,A,NULL,,Net 30,Net 30,NULL,0,USD, ,0,NULL,,,
2453,CORNING MEDIATECH,V,A,NULL,,(None),Net 30,NULL,0,USD, ,0,NULL,,,
2454,GENESIS RECYCLING LLC,X,A,NULL,,50% Prepay/50% Against Docs,,NULL,0,USD, ,0,NULL,,,
2455,WINCO PLASTICS,V,A,NULL,,(None),Net 30,NULL,0,USD, ,0,NULL,,,
2456,APPLETON PALLETS,V,A,NULL,,(None),Net 30,NULL,0,USD, ,0,NULL,,,
2457,KNAPP INC,V,A,NULL,,(None),Net 30,NULL,0,USD, ,0,NULL,,www.knapp.com,
2458,POLYTECH RESOURCES LLC,S,A,NULL,,(None),Net 30,NULL,0,USD, ,0,NULL,,,
2459,FROZEN DESSERT SUPPLIES,A,A,NULL,,(None),Net 30,NULL,0,USD, ,0,NULL,,,
2460,LI RISING LLC,X,A,NULL,,(None),Wire Against Docs,NULL,0,USD, ,0,NULL,,,
2461,FOUR SEASONS PRODUCE,A,A,NULL,,Net 30,Net 30,NULL,0,USD, ,0,NULL,,,
2462,GOINS PLASTIC SOURCE INC,V,A,NULL,,(None),Net 30,NULL,0,USD, ,0,NULL,,,
2463,D&K ENTERPRISES,X,A,NULL,,1% Net 10,1% Net10,NULL,0,USD, ,0,NULL,,,
2464,RE-TECK,V,A,NULL,,(None),Net 30,NULL,0,USD, ,0,NULL,,,
2465,LOOP PAPER RECYCLING INC,A,A,NULL,,Net 30,Net 30,NULL,0,USD, ,0,NULL,,,
2466,ROHN INDUSTRIES,V,A,NULL,,(None),Net 30,NULL,0,USD, ,0,NULL,,,
2468,R3CYCLE INDUSTRIES LLC,A,A,NULL,,(None),Net 30,NULL,0,USD, ,0,NULL,,,
2469,VALLEY PALLET RECYCLER INC,A,A,NULL,,(None),Net 30,NULL,0,USD, ,0,NULL,,,
2471,ORLANDO RECYCLING,V,A,NULL,,(None),Net 30,NULL,0,USD, ,0,NULL,,,
2473,SMART 3PL INC,P,A,NULL,,Net 30,Net 30,NULL,0,USD, ,0,NULL,,,
2474,INLAND DIE CASTING,V,A,NULL,,(None),Net 30,NULL,0,USD, ,0,NULL,,,
2475,TRUCK STOP 40 LLC,D,A,NULL,,(None),Net 30,NULL,0,USD, ,0,NULL,,,
2476,BAKKAVOR FOODS USA INC,V,A,NULL,,(None),Net 30,NULL,0,USD, ,0,NULL,,,
2477,ELEMENT INTERNATIONAL TRADE INC,V,A,NULL,,(None),Net 30,NULL,0,USD, ,0,NULL,,,
2478,EMTELLE,A,A,NULL,,(None),Net 30,NULL,0,USD, ,0,NULL,,,
2479,ITNOLAP PALLET,V,A,NULL,,(None),Net 30,NULL,0,USD, ,0,NULL,,,
2480,THE PENROD COMPANY,V,A,NULL,,(None),Net 30,NULL,0,USD, ,0,NULL,,,
2481,NORTHSTAR TRADING,X,A,NULL,,Net 30,Net 30,NULL,0,USD, ,0,NULL,,,
2482,AOWR,A,A,NULL,,(None),Net 30,NULL,0,USD, ,0,NULL,,,
2483,ENERGYNC,V,A,NULL,,(None),Net 30,NULL,0,USD, ,0,NULL,,,
2484,WILSON WASTE CO,V,A,NULL,,(None),Net 30,NULL,0,USD, ,0,NULL,,,
2485,COMPLETE LIQUIDATORS,V,A,NULL,,(None),Net 30,NULL,0,USD, ,0,NULL,,,
2486,PALLET-TECH SOLUTIONS,V,A,NULL,,(None),Net 30,NULL,0,USD, ,0,NULL,,,
2487,THE CHEFS WAREHOUSE,V,A,NULL,,(None),Net 30,NULL,0,USD, ,0,NULL,,,
2488,FAIRFIELD PALLET,A,A,NULL,,(None),Net 30,NULL,0,USD, ,0,NULL,,,
2489,AUGUST THOMSEN CORP,V,A,NULL,,(None),Net 30,NULL,0,USD, ,0,NULL,,,
2491,SD POLYMERS LLC,C,A,NULL,,Net 30,,NULL,0,USD, ,0,NULL,,,
2492,SOFRESH INC,V,A,NULL,,(None),Net 30,NULL,0,USD, ,0,NULL,,,
2493,AAA PLASTICS & PAPER RECYCLING,V,A,NULL,,(None),Net 14,NULL,0,USD, ,0,NULL,,,
2494,S&A PALLET RECYCLING,A,A,NULL,,(None),Net 30,NULL,0,USD, ,0,NULL,,,
2495,MAUSER PACKAGING SOLUTIONS,X,A,NULL,,(None),Net 30,NULL,0,USD, ,0,NULL,,,
2496,TOMSON SCRAP METAL,V,A,NULL,,(None),Net 10,NULL,0,USD, ,0,NULL,,,
2498,GREENOVATIVE SOLUTIONS,X,A,NULL,,Net 30,,NULL,0,USD, ,0,NULL,,,
2499,GAF,V,A,NULL,,(None),Net 30,NULL,0,USD, ,0,NULL,,,
2500,BACE CORP,V,A,NULL,,(None),Net 30,NULL,0,USD, ,0,NULL,,,
2501,W WAREHOUSING,X,A,NULL,,Net 30,,NULL,0,USD, ,0,NULL,,,
2502,RETURN POLYMERS INC,X,A,NULL,,Net 30,Net 30,NULL,0,USD, ,0,NULL,,,
2503,INDUSTRIAL PALLET CORP,V,A,NULL,,(None),Net 30,NULL,0,USD, ,0,NULL,,,
2504,SNF HOLDING COMPANY,A,A,NULL,,(None),Net 30,NULL,0,USD, ,0,NULL,,,
2505,IN HOME VACCINES LLC,V,A,NULL,,Net 30,Net 30,NULL,0,USD, ,0,NULL,,,
2506,JABIL,V,A,NULL,,(None),Net 30,NULL,0,USD, ,0,NULL,,,
2507,TALCO PLASTICS,X,A,NULL,,Net 15,Net 15,NULL,0,USD, ,0,NULL,,,
2508,DCL,V,A,NULL,,(None),Net 30,NULL,0,USD, ,0,NULL,,,
2509,PEACHEY PALLET,A,A,NULL,,(None),Net 30,NULL,0,USD, ,0,NULL,,,
2510,ALL PALLET RECYCLING LLC,V,A,NULL,,(None),Net 30,NULL,0,USD, ,0,NULL,,,
2511,WINTERRA SOLUTIONS,V,A,NULL,,(None),Net 30,NULL,0,USD, ,0,NULL,,,
2512,CRC SOUTHERN RECYCLING INC,A,A,NULL,,(None),Net 30,NULL,0,USD, ,0,NULL,,,
2514,PEDESTAL PALLETS INC,A,A,NULL,,(None),Net 30,NULL,0,USD, ,0,NULL,,,
2516,HELLO BELLO,V,A,NULL,,(None),Net 30,NULL,0,USD, ,0,NULL,,,
2517,OCEAN STATE JOBBERS,A,A,NULL,,(None),Net 30,NULL,0,USD, ,0,NULL,,,
2518,ALTERNATE SOURCE RECYCLING,A,A,NULL,,(None),Net 30,NULL,0,USD, ,0,NULL,,,
2519,SAM SERVICES LLC,V,A,NULL,,(None),Net 30,NULL,0,USD, ,0,NULL,,,
2520,KAMPS HUGO,A,A,NULL,,(None),Net 30,NULL,0,USD, ,0,NULL,,,
2521,ABBOTT,V,A,NULL,,(None),Net 30,NULL,0,USD, ,0,NULL,,,
2522,PREMIER MATERIAL SOLUTIONS,A,A,NULL,,Net 30,Net 30,NULL,0,USD, ,0,NULL,,,
2523,CABKA NORTH AMERICA INC,A,A,NULL,,(None),Net 30,NULL,0,USD, ,0,NULL,,,
2524,ENGINEERED PLASTICS,V,A,NULL,,(None),Net 30,NULL,0,USD, ,0,NULL,,,
2525,GXO,A,A,NULL,,(None),Net 30,NULL,0,USD, ,0,NULL,,,
2526,B LINE SERVICES,V,A,NULL,,(None),Net 30,NULL,0,USD, ,0,NULL,,,
2527,ULTRA PRO INTERNATIONAL LLC,V,A,NULL,,(None),Net 30,NULL,0,USD, ,0,NULL,,,
2528,VENTEK SOLUTIONS LLC,V,A,NULL,,(None),Net 30,NULL,0,USD, ,0,NULL,,,
2529,SOLA POLYMERS,V,A,NULL,,(None),Wire Against Docs,NULL,0,USD, ,0,NULL,,,
2530,DTLR,V,A,NULL,,(None),Net 30,NULL,0,USD, ,0,NULL,,,
2531,HANSEN PALLET CO,V,A,NULL,,(None),Net 30,NULL,0,USD, ,0,NULL,,,
2532,USALLIANCE TRADE GROUP LLC,V,A,NULL,,(None),Net 30,NULL,0,USD, ,0,NULL,,,
2533,BERG MILL SUPPLY CO INC,V,A,NULL,,(None),Net 30,NULL,0,USD, ,0,NULL,,,
2534,G C PALLET AND STORAGE,V,A,NULL,,(None),Net 30,NULL,0,USD, ,0,NULL,,,
2535,TIPTOP EXPRESS,V,A,NULL,,(None),Net 30,NULL,0,USD, ,0,NULL,,,
2536,POWER PLASTIC RECYCLING,A,A,NULL,,(None),Net 10,NULL,0,USD, ,0,NULL,,,
2537,FREEPOINT ECO-SYSTEMS SUPPLY & TRADING,V,A,NULL,,(None),Net 30,NULL,0,USD, ,0,NULL,,,
2538,INDUSTRIAL PLASTIC RECYCLING INC,P,A,NULL,,Net 30,,NULL,0,USD, ,0,NULL,,,
2539,MEMPHIS TIRE RECYCLERS LLC,X,A,NULL,,Cash Against Docs,,NULL,0,USD, ,0,NULL,,,
2540,SCHROEDERS PALLET SERVICE,V,A,NULL,,(None),Net 30,NULL,0,USD, ,0,NULL,,,
2541,JEI FT SMITH 4TH ST WAREHOUSE,D,A,NULL,,(None),Net 30,NULL,0,USD, ,0,NULL,,,
2542,FURROW AUCTION COMPANY,V,A,NULL,,(None),Due on receipt,NULL,0,USD, ,0,NULL,,,
2543,SHIPLY,D,A,NULL,,(None),Due on receipt,NULL,0,USD, ,0,NULL,,,
2544,CONSERVATION MANAGEMENT,V,A,NULL,,(None),Net 30,NULL,0,USD, ,0,NULL,,,
2545,DC TRUCKING,D,A,NULL,,(None),Net 10,NULL,0,USD, ,0,NULL,,,
2546,MULDROWS RECYCLING,V,A,NULL,,(None),COD,NULL,0,USD, ,0,NULL,,,
2547,FLIPPING IRON INC,V,A,NULL,,(None),Net 30,NULL,0,USD, ,0,NULL,,,
2548,W & W PALLET LLC,V,A,NULL,,(None),Net 30,NULL,0,USD, ,0,NULL,,,
2549,KLEANGRO DISTRIBUTION,V,A,NULL,,(None),Net 30,NULL,0,USD, ,0,NULL,,,
2550,LANIER PALLET RECYCLING INC,V,A,NULL,,(None),Net 30,NULL,0,USD, ,0,NULL,,,
2551,EXXACT EXPRESS,D,A,NULL,,(None),Net 15,NULL,0,USD, ,0,NULL,,,
2552,CARGILL,V,A,NULL,,(None),Net 30,NULL,0,USD, ,0,NULL,,,
2553,MICHAEL DAY ENTERPRISES LLC,X,A,NULL,,Net 30,Net 30,NULL,0,USD, ,0,NULL,,,
2554,WINMATE COMMUNICATION US INC,A,A,NULL,,(None),Net 30,NULL,0,USD, ,0,NULL,,,
2555,FASTENAL CO,V,A,NULL,,(None),Net 30,NULL,0,USD, ,0,NULL,,,
2556,LOPEZ & CO METALS LLC,V,A,NULL,,(None),Net 15,NULL,0,USD, ,0,NULL,,,
2557,AMERICAN FIBER SERVICES LLC,A,A,NULL,,(None),Net 30,NULL,0,USD, ,0,NULL,,,
2558,INTERNATIONAL PAPER,V,A,NULL,,(None),Net 30,NULL,0,USD, ,0,NULL,,,
2559,PAUL TRANSPORTATION,D,A,NULL,,(None),Net 30,NULL,0,USD, ,0,NULL,,,
2560,SOUTHWEST PALLETS,V,A,NULL,,(None),Net 30,NULL,0,USD, ,0,NULL,,,
2561,SILON US LLC,A,A,NULL,,Net 30,Net 30,NULL,0,USD, ,0,NULL,,,
2563,AV CARGO SOLUTIONS,V,A,NULL,,(None),Net 30,NULL,0,USD, ,0,NULL,,,
2564,ADVANCED METALS,V,A,NULL,,(None),Net 30,NULL,0,USD, ,0,NULL,,,
2565,FENCE FINDERS LLC,V,A,NULL,,(None),Net 30,NULL,0,USD, ,0,NULL,,,
2566,RIVULIS,V,A,NULL,,(None),Net 30,NULL,0,USD, ,0,NULL,,,
2567,WEXFORD INTERNATIONAL,X,A,NULL,,(None),Net 30,NULL,0,USD, ,0,NULL,,,
2568,ATLANTIC TRANSPORT LLC,V,A,NULL,,(None),Net 30,NULL,0,USD, ,0,NULL,,,
2569,LA POLY INC,X,A,NULL,,Net 30,,NULL,0,USD, ,0,NULL,,,
2570,CLOROX SERVICES COMPANY,V,A,NULL,,(None),Net 45,NULL,0,USD, ,0,NULL,,,
2571,HAPPE HOMES,V,A,NULL,,(None),Net 30,NULL,0,USD, ,0,NULL,,,
2572,JEI CLARKSVILLE WAREHOUSE,D,A,NULL,,(None),Net 30,NULL,0,USD, ,0,NULL,,,
2573,ARGENTUM RECYCLING,V,A,NULL,,(None),Net 30,NULL,0,USD, ,0,NULL,,,
2574,CROSS INDUSTRIES,V,A,NULL,,(None),Net 30,NULL,0,USD, ,0,NULL,,,
2575,UTZ QUALITY FOODS,A,A,NULL,,(None),Net 30,NULL,0,USD, ,0,NULL,,,
2576,RECYCLING ASSOCIATES WAREHOUSE,V,A,NULL,,(None),Net 30,NULL,0,USD, ,0,NULL,,,
2577,TOTAL RECYCLING SOLUTIONS,V,A,NULL,,(None),Wire Against Docs,NULL,0,USD, ,0,NULL,,,
2578,GULFSTREAM SERVICES,A,A,NULL,,(None),Net 30,NULL,0,USD, ,0,NULL,,,
2579,TMC TRANSPORTATION,D,A,NULL,,(None),Net 30,NULL,0,USD, ,0,NULL,,,
2580,INNOVATIVE CLAIMS SERVICE,V,A,NULL,,(None),Net 30,NULL,0,USD, ,0,NULL,,,
2581,MV HOUSTON CROSS DOCK,D,A,NULL,,(None),,NULL,0,USD, ,0,NULL,,,
2582,TIDWELL ENTERPRISES LLC,A,A,NULL,,Cash Against Docs,Wire On Documents,NULL,0,USD, ,0,NULL,,,
2583,TYSON FOODS,V,A,NULL,,(None),Net 30,NULL,0,USD, ,0,NULL,,,
2585,NOVA CIRCULAR SOLUTIONS,A,A,NULL,,Net 30,Net 30,NULL,0,USD, ,0,NULL,,,
2587,PRO PALLET LLC,V,A,NULL,,(None),Net 30,NULL,0,USD, ,0,NULL,,,
2588,CROSSPOINT POLYMER TECHNOLOGIES LLC,X,A,NULL,,Net 30,Net 30,NULL,0,USD, ,0,NULL,,,
2589,BRUCE OAKLEY INC,D,A,NULL,,(None),Net 30,NULL,0,USD, ,0,NULL,,,
2591,A & M RAILROAD,D,A,NULL,,(None),Net 30,NULL,0,USD, ,0,NULL,,,
2592,BONNETTE AUCTION COMPANY,S,A,NULL,,(None),Prepayment,NULL,0,USD, ,0,NULL,,,
2593,TLC WORLDWIDE LOGISTICS HOLLY SPRINGS,X,A,NULL,,(None),Net 30,NULL,0,USD, ,0,NULL,,,
2594,BERRY GLOBAL INC,V,A,NULL,,(None),Net 30,NULL,0,USD, ,0,NULL,,,
2595,JBS,V,A,NULL,,(None),Net 30,NULL,0,USD, ,0,NULL,,,
2596,SERVICE MATERIALS GROUP LLC,V,A,NULL,,(None),Net 30,NULL,0,USD, ,0,NULL,,,
2597,DM PLASTICS INC,A,A,NULL,,(None),Net 30,NULL,0,USD, ,0,NULL,,,
2598,VERITY RECYCLING LLC,V,A,NULL,,(None),Net 30,NULL,0,USD, ,0,NULL,,,
2599,NEW MARCO CONTAINERS,V,A,NULL,,(None),Net 30,NULL,0,USD, ,0,NULL,,,
2600,DURA-LINE,V,A,NULL,,(None),Net 30,NULL,0,USD, ,0,NULL,,,
2601,SERAPHIM PLASTICS LLC,X,A,NULL,,(None),Net 10,NULL,0,USD, ,0,NULL,,,
2602,XNM LLC,A,A,NULL,,(None),Net 30,NULL,0,USD, ,0,NULL,,,
2603,FAIRWAY PACKAGING,V,A,NULL,,(None),Net 30,NULL,0,USD, ,0,NULL,,,
2604,CONTINENTAL PAPER GRADING,V,A,NULL,,(None),Net 30,NULL,0,USD, ,0,NULL,,,
2605,TOTAL ENVIRONMENTAL,A,A,NULL,,(None),Net 30,NULL,0,USD, ,0,NULL,,,
2606,HAMILTON PLASTICS INC,V,A,NULL,,(None),Net 30,NULL,0,USD, ,0,NULL,,,
2607,GREEN DIVERSION RECYCLING LLC,V,A,NULL,,(None),Net 30,NULL,0,USD, ,0,NULL,,,
2608,EVERGREEN RECYCLERS,V,A,NULL,,(None),Net 30,NULL,0,USD, ,0,NULL,,,
2609,BR INTERNATIONAL USA LLC,A,A,NULL,,Net 30,Net 30,NULL,0,USD, ,0,NULL,,,
2610,GREENWOOD PALLET COMPANY,A,A,NULL,,(None),Net 30,NULL,0,USD, ,0,NULL,,,
2611,LIFETIME PRODUCTS,V,A,NULL,,Net 15,Net 15,NULL,0,USD, ,0,NULL,,,
2612,COOPER TRUCKLINE INC,D,A,NULL,,(None),Net 30,NULL,0,USD, ,0,NULL,,,
2614,TRAILER LEASING COMPANY,D,A,NULL,,(None),Net 30,NULL,0,USD, ,0,NULL,,,
2615,DIRECT RESINS LLC,X,A,NULL,,Net 30,,NULL,0,USD, ,0,NULL,,,
2617,CAPITAL RECOVERY SERVICES,V,A,NULL,,(None),Net 30,NULL,0,USD, ,0,NULL,,,
2618,PHARMACEUTICAL ASSOCIATES,A,A,NULL,,(None),Net 30,NULL,0,USD, ,0,NULL,,,
2619,GOYA FOODS GREAT LAKES,V,A,NULL,,(None),Net 30,NULL,0,USD, ,0,NULL,,,
2620,SUSTAINABILITY SOLUTIONS LLC,V,A,NULL,,COD,COD,NULL,0,USD, ,0,NULL,,,
2621,LG ENERGY SOLUTION,V,A,NULL,,(None),Net 30,NULL,0,USD, ,0,NULL,,,
2622,JIFRAM EXTRUSIONS INC,X,A,NULL,,(None),Net 30,NULL,0,USD, ,0,NULL,,,
2623,SHARK LOGISTICS INC,D,A,NULL,,(None),Net 30,NULL,0,USD, ,0,NULL,,,
2624,WASTE PRO RECYCLING,V,A,NULL,,(None),Net 15,NULL,0,USD, ,0,NULL,,,
2625,EVA RECYCLING,V,A,NULL,,(None),Net 30,NULL,0,USD, ,0,NULL,,,
2626,EVA RECYCLING WAREHOUSE,D,A,NULL,,(None),Net 30,NULL,0,USD, ,0,NULL,,,
2627,MISSOURI DEPT OF HEALTH,V,A,NULL,,(None),Net 30,NULL,0,USD, ,0,NULL,,,
2628,PACKIQ,V,A,NULL,,(None),Net 30,NULL,0,USD, ,0,NULL,,,
2629,ATD INC,X,A,NULL,,Net 10,,NULL,0,USD, ,0,NULL,,,
2630,JIT-EX LLC,D,A,NULL,,(None),Net 30,NULL,0,USD, ,0,NULL,,,
2631,EXPORT HANDLING SERVICES,V,A,NULL,,(None),Wire Against Docs,NULL,0,USD, ,0,NULL,,,
2632,COVAR TRANSPORTATION,D,A,NULL,,(None),Net 30,NULL,0,USD, ,0,NULL,,,
2633,SOARING EAGLE MATERIAL CO,X,A,NULL,,Net 30,,NULL,0,USD, ,0,NULL,,,
2634,RUG PAD USA,V,A,NULL,,(None),Net 30,NULL,0,USD, ,0,NULL,,,
2637,SA RECYCLING - IB,V,A,NULL,,(None),Net 30,NULL,0,USD, ,0,NULL,,,
2638,TRUE NORTH SEAFOOD,V,A,NULL,,(None),Net 30,NULL,0,USD, ,0,NULL,,,
2639,JEI ENNIS WAREHOUSE,D,A,NULL,,(None),Net 30,NULL,0,USD, ,0,NULL,,,
2640,JEI HOPE CAMPUS WAREHOUSE,D,A,NULL,,(None),Net 30,NULL,0,USD, ,0,NULL,,,
2642,CLOSE THE LOOP PLASTIC RECYCLING,V,A,NULL,,(None),Net 30,NULL,0,USD, ,0,NULL,,,
2643,ROYAL WASTE SERVICES INC,V,A,NULL,,(None),Net 30,NULL,0,USD, ,0,NULL,,,
2644,ANJUN AMERICA,V,A,NULL,,(None),Net 30,NULL,0,USD, ,0,NULL,,,
2645,MAINSTREAM ENGINEERING CORP,V,A,NULL,,(None),Net 30,NULL,0,USD, ,0,NULL,,,
2646,SA RECYCLING  - AB,V,A,NULL,,(None),Net 30,NULL,0,USD, ,0,NULL,,,
2647,ESKA USA,V,A,NULL,,(None),Net 30,NULL,0,USD, ,0,NULL,,,
2648,CROSS COUNTRY WIDE LOGISTICS,D,A,NULL,,(None),Net 15,NULL,0,USD, ,0,NULL,,,
2649,#1 POLYMER SOURCE INC,V,A,NULL,,(None),Net 30,NULL,0,USD, ,0,NULL,,,
2651,ONEWORLD EQUIPMENT CORP,V,A,NULL,,(None),Net 30,NULL,0,USD, ,0,NULL,,,
2652,NORTH GEORGIA TELECOM INC,V,A,NULL,,(None),Net 30,NULL,0,USD, ,0,NULL,,,
2653,CARBON FIBER RECYCLING LLC,V,A,NULL,,(None),Net 30,NULL,0,USD, ,0,NULL,,,
2654,EPRO,A,A,NULL,,(None),Net 30,NULL,0,USD, ,0,NULL,,,
2655,STERIGENICS,V,A,NULL,,(None),Net 30,NULL,0,USD, ,0,NULL,,,
2656,SCHNEIDER ELECTRIC,V,A,NULL,,(None),Net 30,NULL,0,USD, ,0,NULL,,,
2657,MICHIGAN MILK PRODUCERS ASSOCIATION,V,A,NULL,,(None),Net 30,NULL,0,USD, ,0,NULL,,,
2658,AREWAY,V,A,NULL,,(None),Net 30,NULL,0,USD, ,0,NULL,,,
2659,SYSCO,V,A,NULL,,(None),Net 30,NULL,0,USD, ,0,NULL,,,
2660,NOVUM IMPERIA,V,A,NULL,,(None),Net 30,NULL,0,USD, ,0,NULL,,,
2661,GREAT LAKES SKIPPER,V,A,NULL,,(None),Net 30,NULL,0,USD, ,0,NULL,,,
2662,PRECISION INDUSTRIAL,V,A,NULL,,(None),Prepayment,NULL,0,USD, ,0,NULL,,,
2663,BRYAN FRASER,V,A,NULL,,(None),Net 30,NULL,0,USD, ,0,NULL,,,
2664,ENVIRONMENTAL RECYCLING SOLUTIONS SC INC,V,A,NULL,,(None),Net 30,NULL,0,USD, ,0,NULL,,,
2665,EXCELL USA INC,V,A,NULL,,(None),Net 30,NULL,0,USD, ,0,NULL,,,
2666,GREENPOINT INDUSTRIES,V,A,NULL,,(None),Net 30,NULL,0,USD, ,0,NULL,,,
2667,J AND J SNACK FOODS SALES CORP,V,A,NULL,,(None),Net 30,NULL,0,USD, ,0,NULL,,,
2668,CJ LOGISTICS AMERICA LLC,A,A,NULL,,(None),Net 30,NULL,0,USD, ,0,NULL,,,
2669,REVOLUTION SUSTAINABLE MATERIALS LLC,X,A,NULL,,Net 30,Net 30,NULL,0,USD, ,0,NULL,,,
2670,GERDAU METAL RECYCLING,A,A,NULL,,(None),Net 30,NULL,0,USD, ,0,NULL,,,
2671,PFIZER,A,A,NULL,,(None),Net 30,NULL,0,USD, ,0,NULL,,,
2672,BLINDS BY NOON AND SHUTTERS,V,A,NULL,,(None),Net 30,NULL,0,USD, ,0,NULL,,,
2673,KAWARTHA POLYMERS INC,V,A,NULL,,(None),Net 30,NULL,0,USD, ,0,NULL,,,
2675,SWIFT EXPRESS - PLUS CHICAGO WAREHOUSE,D,A,NULL,,(None),Net 30,NULL,0,USD, ,0,NULL,,,
2676,FORWARD RECYCLING SOLUTIONS LLC,A,A,NULL,,Net 30,Net 30,NULL,0,USD, ,0,NULL,,,
2677,WILLIE JONES,V,A,NULL,,(None),Net 30,NULL,0,USD, ,0,NULL,,,
2678,NORTHERN PALLET INC,S,A,NULL,,(None),Net 30,NULL,0,USD, ,0,NULL,,,
2679,YICHANG INC,V,A,NULL,,(None),Net 30,NULL,0,USD, ,0,NULL,,,
2680,UNIVERSAL HANDICRAFT INC,V,A,NULL,,(None),Net 30,NULL,0,USD, ,0,NULL,,,
2681,UFP INDUSTRIES,V,A,NULL,,(None),,NULL,0,USD, ,0,NULL,,,
2683,EMERALD PAPER GROUP,V,A,NULL,,(None),Net 30,NULL,0,USD, ,0,NULL,,,
2684,WORTH HIGGINS & ASSOCIATES,V,A,NULL,,(None),Net 30,NULL,0,USD, ,0,NULL,,,
2685,INTERNATIONAL PRECISION COMPONENTS CORP,V,A,NULL,,(None),Net 30,NULL,0,USD, ,0,NULL,,,
2686,JG CHEMPAC INC,V,A,NULL,,(None),Net 30,NULL,0,USD, ,0,NULL,,,
2687,SOUTHERN PERFECTION FABRICATION,V,A,NULL,,(None),Net 30,NULL,0,USD, ,0,NULL,,,
2688,SUPREME PLASTIC RECYCLING INC,X,A,NULL,,(None),Net 30,NULL,0,USD, ,0,NULL,,,
2689,MANCHESTER PACKAGING COMPANY,V,A,NULL,,(None),Net 30,NULL,0,USD, ,0,NULL,,,
2690,INDUSTRIAL PALLET CORP - AB,A,A,NULL,,(None),Net 30,NULL,0,USD, ,0,NULL,,,
2691,ABM BY PRODEX LLC,A,A,NULL,,(None),Wire Against Docs,NULL,0,USD, ,0,NULL,,,
2692,PHILLIPS AND TEMRO,V,A,NULL,,(None),Net 30,NULL,0,USD, ,0,NULL,,,
2693,SOUTHERN HOBBY DISTRIBUTION,V,A,NULL,,(None),Net 30,NULL,0,USD, ,0,NULL,,,
2695,BIOMINERALES PHARMA LLC,V,A,NULL,,(None),Net 30,NULL,0,USD, ,0,NULL,,,
2696,WASTE LOGIX,V,A,NULL,,(None),Net 30,NULL,0,USD, ,0,NULL,,,
2697,POWER DRIVE SUPPLY,V,A,NULL,,(None),Prepayment,NULL,0,USD, ,0,NULL,,,
2698,SECOND HARVEST FOOD BANK,A,A,NULL,,(None),Net 30,NULL,0,USD, ,0,NULL,,,
2699,RUSSELL INDUSTRIES INC,D,A,NULL,,Net 30,,NULL,0,USD, ,0,NULL,,,
2700,KMI FABRICATORS INC,D,A,NULL,,(None),Wire Against Docs,NULL,0,USD, ,0,NULL,,,
2701,WORLD'S FINEST CHOCOLATE,V,A,NULL,,(None),Net 30,NULL,0,USD, ,0,NULL,,,
2702,XAERUS PERFORMANCE FLUIDS,V,A,NULL,,(None),Net 30,NULL,0,USD, ,0,NULL,,,
2703,THOSE BUCKET PEOPLE LLC,X,A,NULL,,Net 30,Net 30,NULL,0,USD, ,0,NULL,,,
2704,TUMALO CREEK TRANSPORTATION,D,A,NULL,,(None),Net 30,NULL,0,USD, ,0,NULL,,,
2705,HYUNDAI POLYTECH AMERICA,V,A,NULL,,(None),Net 10,NULL,0,USD, ,0,NULL,,,
2706,DW TOOL INC,V,A,NULL,,(None),Net 30,NULL,0,USD, ,0,NULL,,,
2707,HD PALLET COMPANY,A,A,NULL,,(None),Net 30,NULL,0,USD, ,0,NULL,,,
2708,REVOLUTIONARY PLASTICS,A,A,NULL,,(None),Net 30,NULL,0,USD, ,0,NULL,,,
2709,ROADRUNNER MODERN WASTE & RECYCLING,V,A,NULL,,(None),Net 30,NULL,0,USD, ,0,NULL,,,
2711,BRIGHTSTAR AUCTIONS,V,A,NULL,,(None),Prepayment,NULL,0,USD, ,0,NULL,,,
2712,PRESSCRETE CO INC,D,A,NULL,,(None),Net 30,NULL,0,USD, ,0,NULL,,,
2713,MONTANA MILLING INC,V,A,NULL,,(None),Net 30,NULL,0,USD, ,0,NULL,,,
2715,MAXION WHEELS USA LLC,V,A,NULL,,(None),Net 30,NULL,0,USD, ,0,NULL,,,
2716,QUANTAM LOGISTICS LLC,D,A,NULL,,(None),Net 30,NULL,0,USD, ,0,NULL,,,
2717,USA PACKAGING LLC,V,A,NULL,,(None),Net 30,NULL,0,USD, ,0,NULL,,,
2718,INDUSTRIAL AUCTION SERVICES,V,A,NULL,,(None),Prepayment,NULL,0,USD, ,0,NULL,,,
2719,SEABOARD MARINE,D,A,NULL,,(None),Net 30,NULL,0,USD, ,0,NULL,,,
2720,ABC TECHNOLOGIES,V,A,NULL,,Net 30,Net 30,NULL,0,USD, ,0,NULL,,,
2721,TAPATIO HOT SAUCE,V,A,NULL,,(None),Net 30,NULL,0,USD, ,0,NULL,,,
2722,INTERBULK USA,V,A,NULL,,(None),Net 30,NULL,0,USD, ,0,NULL,,,
2723,MOLDED PRODUCTS INC,V,A,NULL,,(None),Net 30,NULL,0,USD, ,0,NULL,,,
2724,ACCESS GLOBAL EXPRESS LLC,D,A,NULL,,(None),Net 15,NULL,0,USD, ,0,NULL,,,
2725,ROBBINS RESOURCE MANAGEMENT INC,A,A,NULL,,Net 15,Net 15,NULL,0,USD, ,0,NULL,,,
2726,KRAFT CHEMICAL,V,A,NULL,,(None),Net 30,NULL,0,USD, ,0,NULL,,,
2727,BUBBIES HOMEMADE ICE CREAM & DESSERTS INC,V,A,NULL,,(None),Net 30,NULL,0,USD, ,0,NULL,,,
2729,DAVID MCLAWHORN,A,A,NULL,,Net 30,Net 30,NULL,0,USD, ,0,NULL,,,
2730,EMOTIV MOBILITY,V,A,NULL,,(None),Due on receipt,NULL,0,USD, ,0,NULL,,,
2731,RECLAIM CRAFT WAREHOUSE,V,A,NULL,,(None),Due on receipt,NULL,0,USD, ,0,NULL,,,
2732,NORDIC COLD CHAIN SOLUTIONS,A,A,NULL,,(None),Net 30,NULL,0,USD, ,0,NULL,,,
2733,KYLE WENTWORTH,D,A,NULL,,(None),Net 30,NULL,0,USD, ,0,NULL,,,
2734,CARPENTER CO,V,A,NULL,,(None),Net 30,NULL,0,USD, ,0,NULL,,,
2736,GREAT DANE,V,A,NULL,,(None),Net 30,NULL,0,USD, ,0,NULL,,,
2738,PIGGYBACK SERVICE,D,A,NULL,,(None),Net 30,NULL,0,USD, ,0,NULL,,,
2739,COREMARK,V,A,NULL,,(None),Net 30,NULL,0,USD, ,0,NULL,,,
2740,RAVAGO CHEMICALS NORTH AMERICA,V,A,NULL,,(None),Net 30,NULL,0,USD, ,0,NULL,,,
2741,AIRTAPP FABRICATIONS INC,V,A,NULL,,(None),Net 30,NULL,0,USD, ,0,NULL,,,
2742,TEXAS AEROPLASTICS,V,A,NULL,,(None),Net 30,NULL,0,USD, ,0,NULL,,,
2743,CARUSO USA,V,A,NULL,,(None),Net 30,NULL,0,USD, ,0,NULL,,,
2744,ROSHKING EQUIPMENT BROKERS LLC,X,A,NULL,,COD,,NULL,0,USD, ,0,NULL,,,
2745,DEXTER GROUP,V,A,NULL,,(None),Net 30,NULL,0,USD, ,0,NULL,,,
2747,SUSTAINABILITY SOLUTIONS INC,X,A,NULL,,COD,,NULL,0,USD, ,0,NULL,,,
2748,VISSCHER CARAVELLE NA,V,A,NULL,,(None),Net 30,NULL,0,USD, ,0,NULL,,,
2749,ZIP SHIP,V,A,NULL,,(None),Net 30,NULL,0,USD, ,0,NULL,,,
2750,L&S PLASTICS INC,V,A,NULL,,(None),Net 30,NULL,0,USD, ,0,NULL,,,
2751,ALL IN ONE PLASTIC,X,A,NULL,,(None),Net 30,NULL,0,USD, ,0,NULL,,,
2752,ANSEI AMERICA,A,A,NULL,,(None),Net 30,NULL,0,USD, ,0,NULL,,,
2753,MULTIPLY CHURCH,X,A,NULL,,(None),Net 30,NULL,0,USD, ,0,NULL,,,
2754,DMP RANCH AND PLASTIC COMPANY LLC,A,A,NULL,,Net 30,Net 30,NULL,0,USD, ,0,NULL,,,
2755,ENVIRONMENTAL COMPLIANCE RESOURCES,V,A,NULL,,(None),Net 30,NULL,0,USD, ,0,NULL,,,
2757,AA FREIGHT LOGISTICS LLC,D,A,NULL,,Net 30,Net 30,NULL,0,USD, ,0,NULL,,,
2758,RIDLEY BLOCK OPERATIONS,V,A,NULL,,Net 30,Net 30,NULL,0,USD, ,0,NULL,,,
2759,EAGLE DISTRIBUTING CO INC,V,A,NULL,,(None),Net 30,NULL,0,USD, ,0,NULL,,,
2760,S&S BROKERAGE INC,D,A,NULL,,(None),Net 30,NULL,0,USD, ,0,NULL,,,
2761,SHORELINE PRODUCTS INC,V,A,NULL,,(None),Net 15,NULL,0,USD, ,0,NULL,,,
2762,KUEHNE NAGEL,D,A,NULL,,(None),N 25,NULL,0,USD, ,0,NULL,,,
2763,ASAHI,V,A,NULL,,(None),Net 30,NULL,0,USD, ,0,NULL,,,
2765,CONTAINER SOLUTIONS,A,A,NULL,,(None),Net 30,NULL,0,USD, ,0,NULL,,,
2766,C&C RECYCLING INC,D,A,NULL,,(None),Net 30,NULL,0,USD, ,0,NULL,,,
2767,UBOXES LLC,V,A,NULL,,(None),Net 30,NULL,0,USD, ,0,NULL,,,
321,RECYCLE SOLUTIONS WAREHOUSE,A,A,NULL,,Net 30,Net 30,,0,USD, ,-1,NULL,,,
399,WESTBURY PAPERSTOCK WAREHOUSE,V,A,NULL,,(None),Net 30,,NULL,USD, ,-1,NULL,,,
401,WPPP WAREHOUSE,V,A,NULL,,(None),Net 30,,NULL,USD, ,-1,NULL,,,
