LedgerID,TradeDt,BuySellNo,Source,Sale,Cost,GrossProfit,Commission,AdjCpID,AdjType,AdjFxAmount,APBatchNo,ARBatchNo,ReferenceID
1001,2019-02-04 00:00:00,51661,B,4537.35,2549.64,1987.71,0,NULL,NULL,NULL,NULL,NULL,NULL
1002,2019-02-06 00:00:00,51656,B,3668.4,2421.6,1246.8,0,NULL,NULL,NULL,NULL,NULL,NULL
1003,2019-02-08 00:00:00,51690,B,17984.4,17128,856.4,299.74,NULL,NULL,NULL,NULL,NULL,NULL
1004,2019-02-08 00:00:00,51682,B,4063.2,1693,2370.2,948.08,NULL,NULL,NULL,NULL,NULL,NULL
1005,2019-02-08 00:00:00,51676,B,10549.5,8087,2462.5,0,NULL,NULL,NULL,NULL,NULL,NULL
1006,2019-02-13 00:00:00,51665,B,4250,4000,250,0,NULL,NULL,NULL,NULL,NULL,NULL
1007,2019-02-13 00:00:00,51662,B,2058.2,1029.1,1029.1,0,NULL,NULL,NULL,NULL,NULL,NULL
1009,2019-02-13 00:00:00,51655,B,492.25,436.5,55.75,0,NULL,NULL,NULL,NULL,NULL,NULL
1010,2019-02-13 00:00:00,51657,B,3529.75,1936,1593.75,0,NULL,NULL,NULL,NULL,NULL,NULL
1011,2019-02-13 00:00:00,51658,B,9948.82,9308,640.82,0,NULL,NULL,NULL,NULL,NULL,NULL
1012,2019-02-13 00:00:00,51659,B,1989.6,1071.6,918,321.3,NULL,NULL,NULL,NULL,NULL,NULL
1013,2019-02-13 00:00:00,51660,B,7316,3292.2,4023.8,1609.52,NULL,NULL,NULL,NULL,NULL,NULL
1014,2019-02-13 00:00:00,51663,B,3535,2850.64,684.36,0,NULL,NULL,NULL,NULL,NULL,NULL
1016,2019-02-14 00:00:00,51672,B,3244.1,1195,2049.1,759.64,NULL,NULL,NULL,NULL,NULL,NULL
1018,2019-02-14 00:00:00,51666,B,7838.22,6275.48,1562.74,625.408,NULL,NULL,NULL,NULL,NULL,NULL
1020,2019-02-14 00:00:00,51674,B,1115,525,590,0,NULL,NULL,NULL,NULL,NULL,NULL
1021,2019-02-14 00:00:00,51679,B,1687.5,1217.18,470.32,188.128,NULL,NULL,NULL,NULL,NULL,NULL
1022,2019-02-14 00:00:00,51688,B,3704.4,2812,892.4,0,NULL,NULL,NULL,NULL,NULL,NULL
1023,2019-02-14 00:00:00,51697,B,1580.7,1243,337.7,0,NULL,NULL,NULL,NULL,NULL,NULL
1024,2019-02-15 00:00:00,51694,B,351.5,281.28,70.22,0,NULL,NULL,NULL,NULL,NULL,NULL
1025,2019-02-18 00:00:00,51681,B,1600.04,1358.86,241.18,96.472,NULL,NULL,NULL,NULL,NULL,NULL
1026,2019-02-19 00:00:00,51694 / 4714,B,168.72,168.72,0,0,NULL,NULL,NULL,NULL,NULL,NULL
1027,2019-02-19 00:00:00,51685,B,1020.6,508.4,512.2,204.88,NULL,NULL,NULL,NULL,NULL,NULL
1029,2019-02-14 00:00:00,51668,B,5184,3888,1296,0,NULL,NULL,NULL,NULL,NULL,NULL
1030,2019-02-22 00:00:00,51692,B,23526.75,18551.25,4975.5,0,NULL,NULL,NULL,NULL,NULL,NULL
1031,2019-02-25 00:00:00,51668,A,-1334.4,0,-1334.4,0,1778,S,-1334.4,0,NULL,NULL
1032,2019-06-06 00:00:00,51668,A,0,-1000.8,1000.8,0,1607,P,-1000.8,103186,NULL,NULL
1033,2019-02-27 00:00:00,51733,B,2148,1309.2,838.8,0,NULL,NULL,NULL,NULL,NULL,NULL
1034,2019-02-27 00:00:00,51732,B,2166,1341.4,824.6,0,NULL,NULL,NULL,NULL,NULL,NULL
1035,2019-02-27 00:00:00,51731,B,2104,1316.6,787.4,0,NULL,NULL,NULL,NULL,NULL,NULL
1036,2019-02-28 00:00:00,51670,B,3101,1108,1993,0,NULL,NULL,NULL,NULL,NULL,NULL
1037,2019-02-28 00:00:00,51696,B,1781,1056.2,724.8,0,NULL,NULL,NULL,NULL,NULL,NULL
1038,2019-02-28 00:00:00,51689,B,3175.4,1987,1188.4,0,NULL,NULL,NULL,NULL,NULL,NULL
1039,2019-05-28 00:00:00,51302,A,0,-536.85,536.85,0,1466,P,-536.85,103151,NULL,NULL
1040,2019-02-28 00:00:00,51302,B,0,0,0,0,NULL,NULL,NULL,NULL,NULL,NULL
1041,2019-03-01 00:00:00,51703,B,3295.8,2197.2,1098.6,434.544,NULL,NULL,NULL,NULL,NULL,NULL
1042,2019-03-01 00:00:00,51695,B,2212,1142.4,1069.6,0,NULL,NULL,NULL,NULL,NULL,NULL
1043,2019-02-21 00:00:00,51687-R,B,0,0,0,0,NULL,NULL,NULL,NULL,NULL,NULL
1044,2019-02-14 00:00:00,51687,B,518.4,984.4,-466,0,NULL,NULL,NULL,NULL,NULL,NULL
1045,2019-03-04 00:00:00,51723,B,2679,1667.75,1011.25,404.5,NULL,NULL,NULL,NULL,NULL,NULL
1046,2019-03-05 00:00:00,51687-JCH,B,1526.4,664,862.4,0,NULL,NULL,NULL,NULL,NULL,NULL
1047,2019-03-06 00:00:00,51671,B,4809.7,1717.75,3091.95,0,NULL,NULL,NULL,NULL,NULL,NULL
1048,2019-03-06 00:00:00,51698,B,1345.75,697.96,647.79,0,NULL,NULL,NULL,NULL,NULL,NULL
1049,2019-03-06 00:00:00,51709,B,4270.2,2135.1,2135.1,0,NULL,NULL,NULL,NULL,NULL,NULL
1050,2019-03-06 00:00:00,51718,B,4979.88,1758.08,3221.8,1288.72,NULL,NULL,NULL,NULL,NULL,NULL
1051,2019-03-06 00:00:00,51702,B,2089,1662.5,426.5,170.6,NULL,NULL,NULL,NULL,NULL,NULL
1052,2019-03-06 00:00:00,51734,B,2422.75,1522.5,900.25,360.1,NULL,NULL,NULL,NULL,NULL,NULL
1053,2019-03-07 00:00:00,51722,B,2204.03,1236.74,967.29,386.916,NULL,NULL,NULL,NULL,NULL,NULL
1054,2019-03-07 00:00:00,51738,B,4104.88,2210.32,1894.56,0,NULL,NULL,NULL,NULL,NULL,NULL
1055,2019-03-07 00:00:00,51749,B,1789.05,1251,538.05,0,NULL,NULL,NULL,NULL,NULL,NULL
1056,2019-02-06 00:00:00,51663,A,0,57.6,-57.6,0,1306,P,57.6,102958,NULL,NULL
1057,2019-02-13 00:00:00,51686,B,3643.2,2845.85,797.35,0,NULL,NULL,NULL,NULL,NULL,NULL
1058,2019-03-07 00:00:00,51730,B,238.14,475,-236.86,-82.901,NULL,NULL,NULL,NULL,NULL,NULL
1059,2019-01-30 00:00:00,51671,A,0,-613.55,613.55,0,1683,P,-613.55,102950,NULL,NULL
1060,2019-03-11 00:00:00,51664,B,3422,2787.6,634.4,0,NULL,NULL,NULL,NULL,NULL,NULL
1061,2019-03-11 00:00:00,51667,B,8190,6660,1530,612,NULL,NULL,NULL,NULL,NULL,NULL
1062,2019-03-11 00:00:00,51677,B,2728.9,1650,1078.9,0,NULL,NULL,NULL,NULL,NULL,NULL
1063,2019-03-11 00:00:00,51678,B,5000.71,1650,3350.71,0,NULL,NULL,NULL,NULL,NULL,NULL
1064,2019-03-11 00:00:00,51721,B,2552.4,1065,1487.4,0,NULL,NULL,NULL,NULL,NULL,NULL
1065,2019-03-11 00:00:00,51710,B,2438,318,2120,742,NULL,NULL,NULL,NULL,NULL,NULL
1066,2019-03-11 00:00:00,51701,B,3871.8,2772,1099.8,439.92,NULL,NULL,NULL,NULL,NULL,NULL
1067,2019-03-12 00:00:00,51720,B,1658.4,1269.1,389.3,155.72,NULL,NULL,NULL,NULL,NULL,NULL
1068,2019-03-12 00:00:00,51717,B,2974.09,1324.74,1649.35,659.74,NULL,NULL,NULL,NULL,NULL,NULL
1069,2019-03-12 00:00:00,51716,B,1976.06,945.9,1030.16,412.064,NULL,NULL,NULL,NULL,NULL,NULL
1070,2019-03-12 00:00:00,51680,B,6664.13,5471.87,1192.26,476.904,NULL,NULL,NULL,NULL,NULL,NULL
1071,2019-03-15 00:00:00,51729,B,6065.55,4666.8,1398.75,559.5,NULL,NULL,NULL,NULL,NULL,NULL
1072,2019-03-15 00:00:00,51752,B,3325.18,2031.9,1293.28,0,NULL,NULL,NULL,NULL,NULL,NULL
1073,2019-03-15 00:00:00,51756,B,3811.64,3154.58,657.06,0,NULL,NULL,NULL,NULL,NULL,NULL
1074,2019-03-15 00:00:00,51685-1,B,291.6,291.6,0,0,NULL,NULL,NULL,NULL,NULL,NULL
1075,2019-03-15 00:00:00,51668,A,-9.72,0,-9.72,0,1778,S,-9.72,0,NULL,NULL
1077,2019-03-18 00:00:00,51631,B,1655,0,1655,0,NULL,NULL,NULL,NULL,NULL,NULL
1078,2019-03-18 00:00:00,51725,B,5331.9,4808.5,523.4,0,NULL,NULL,NULL,NULL,NULL,NULL
1081,2019-01-21 00:00:00,51708,B,268.5,268.5,0,0,NULL,NULL,NULL,NULL,NULL,NULL
1083,2019-03-19 00:00:00,51746R,B,2025.28,2025.28,0,0,NULL,NULL,NULL,NULL,NULL,NULL
1084,2019-03-19 00:00:00,51672,A,0,150,-150,0,1611,P,150,102971,NULL,NULL
1085,2019-03-15 00:00:00,51737,B,1865.2,1820.93,44.27,17.708,NULL,NULL,NULL,NULL,NULL,NULL
1086,2019-03-20 00:00:00,51724,B,1942.52,1800,142.52,0,NULL,NULL,NULL,NULL,NULL,NULL
1087,2019-04-05 00:00:00,51730,A,0,-475,475,0,1800,P,-475,103012,NULL,NULL
1090,2019-03-21 00:00:00,51761,B,2427.14,1327.4,1099.74,439.896,NULL,NULL,NULL,NULL,NULL,NULL
1091,2019-03-21 00:00:00,51763,B,2612.4,1083.5,1528.9,0,NULL,NULL,NULL,NULL,NULL,NULL
1092,2019-03-21 00:00:00,51700,B,5447,4922,525,210,NULL,NULL,NULL,NULL,NULL,NULL
1093,2019-03-21 00:00:00,51699,B,5285.8,4765.5,520.3,208.12,NULL,NULL,NULL,NULL,NULL,NULL
1094,2019-03-25 00:00:00,51683,B,150,227.38,-77.38,-30.952,NULL,NULL,NULL,NULL,NULL,NULL
1095,2019-03-25 00:00:00,51782,B,7929.6,6608,1321.6,0,NULL,NULL,NULL,NULL,NULL,NULL
1096,2019-03-25 00:00:00,51776,B,4125,4000,125,0,NULL,NULL,NULL,NULL,NULL,NULL
1098,2019-03-25 00:00:00,51753,B,7844,6712,1132,452.8,NULL,NULL,NULL,NULL,NULL,NULL
1099,2019-03-25 00:00:00,51751,B,4086.6,1451.4,2635.2,922.32,NULL,NULL,NULL,NULL,NULL,NULL
1100,2019-03-25 00:00:00,51757,B,3019.5,1930.2,1089.3,435.72,NULL,NULL,NULL,NULL,NULL,NULL
1101,2019-03-26 00:00:00,51741,B,10906.48,9648.04,1258.44,0,NULL,NULL,NULL,NULL,NULL,NULL
1102,2019-03-26 00:00:00,51715,B,537.45,85.02,452.43,0,NULL,NULL,NULL,NULL,NULL,NULL
1103,2019-03-26 00:00:00,51715R,B,214.98,214.98,0,0,NULL,NULL,NULL,NULL,NULL,NULL
1104,2019-03-26 00:00:00,51714,B,2537.93,2087,450.93,0,NULL,NULL,NULL,NULL,NULL,NULL
1106,2019-03-27 00:00:00,51744,B,-208.38,0,-208.38,-72.933,NULL,NULL,NULL,NULL,NULL,NULL
1107,2019-03-27 00:00:00,51739,B,1414.24,1675.6,-261.36,0,NULL,NULL,NULL,NULL,NULL,NULL
1109,2019-03-27 00:00:00,51770,B,3907.67,1934,1973.67,0,NULL,NULL,NULL,NULL,NULL,NULL
1110,2019-03-27 00:00:00,51747,B,3546,2896.08,649.92,0,NULL,NULL,NULL,NULL,NULL,NULL
1112,2019-03-29 00:00:00,51760,B,1723.65,1344.91,378.74,151.496,NULL,NULL,NULL,NULL,NULL,NULL
1113,2019-03-29 00:00:00,51786,B,1977.8,1750,227.8,0,NULL,NULL,NULL,NULL,NULL,NULL
1115,2019-04-01 00:00:00,51666,A,0.78,0,0.78,0,1610,S,0.78,0,NULL,NULL
1116,2019-04-01 00:00:00,51754,B,7930.95,6773.1,1157.85,463.14,NULL,NULL,NULL,NULL,NULL,NULL
1117,2019-04-01 00:00:00,51764,B,1520.4,1350,170.4,68.16,NULL,NULL,NULL,NULL,NULL,NULL
1118,2019-04-01 00:00:00,51774,B,502.05,464.18,37.87,0,NULL,NULL,NULL,NULL,NULL,NULL
1119,2019-04-01 00:00:00,51774A,B,200.82,200.82,0,0,NULL,NULL,NULL,NULL,NULL,NULL
1120,2019-03-29 00:00:00,51795,B,1541.1,1107.1,434,0,NULL,NULL,NULL,NULL,NULL,NULL
1121,2019-04-02 00:00:00,51775,B,4758.75,4158.03,600.72,240.288,NULL,NULL,NULL,NULL,NULL,NULL
1122,2019-04-02 00:00:00,51794,B,4020.72,3667.2,353.52,0,NULL,NULL,NULL,NULL,NULL,NULL
1123,2019-04-02 00:00:00,51787,B,2039.85,1750,289.85,0,NULL,NULL,NULL,NULL,NULL,NULL
1124,2019-04-05 00:00:00,51730A,B,475,475,0,0,NULL,NULL,NULL,NULL,NULL,NULL
1125,2019-04-08 00:00:00,51703,A,-12.24,0,-12.24,0,1578,S,-12.24,0,NULL,NULL
1126,2019-04-08 00:00:00,51800,B,2724,1731,993,397.2,NULL,NULL,NULL,NULL,NULL,NULL
1127,2019-04-09 00:00:00,51808,B,4569.28,2926.56,1642.72,0,NULL,NULL,NULL,NULL,NULL,NULL
1128,2019-04-09 00:00:00,51806,B,2644.8,1327.2,1317.6,0,NULL,NULL,NULL,NULL,NULL,NULL
1129,2019-04-09 00:00:00,51772,B,3575.3,3003.05,572.25,228.9,NULL,NULL,NULL,NULL,NULL,NULL
1130,2019-04-09 00:00:00,51778,B,780.72,254.82,525.9,0,NULL,NULL,NULL,NULL,NULL,NULL
1131,2019-04-09 00:00:00,51778A,B,195.18,195.18,0,0,NULL,NULL,NULL,NULL,NULL,NULL
1132,2019-03-27 00:00:00,51745,B,2890.86,2189.22,701.64,50,NULL,NULL,NULL,NULL,NULL,NULL
1133,2019-04-11 00:00:00,51735,B,231.8,115.9,115.9,0,NULL,NULL,NULL,NULL,NULL,NULL
1134,2019-04-11 00:00:00,51762,B,7017.6,6272.6,745,0,NULL,NULL,NULL,NULL,NULL,NULL
1135,2019-04-12 00:00:00,51780,B,4575.55,1736.51,2839.04,1135.616,NULL,NULL,NULL,NULL,NULL,NULL
1136,2019-04-12 00:00:00,51781,B,2426.4,2024,402.4,0,NULL,NULL,NULL,NULL,NULL,NULL
1137,2019-04-12 00:00:00,51789,B,4178.4,3606,572.4,228.96,NULL,NULL,NULL,NULL,NULL,NULL
1138,2019-04-12 00:00:00,51813,B,739.6,1391.72,-652.12,-260.848,NULL,NULL,NULL,NULL,NULL,NULL
1139,2019-04-12 00:00:00,51817,B,2650.03,1533.44,1116.59,446.636,NULL,NULL,NULL,NULL,NULL,NULL
1143,2019-04-16 00:00:00,51820,B,6022.8,4966,1056.8,0,NULL,NULL,NULL,NULL,NULL,NULL
1144,2019-04-17 00:00:00,51815,B,520.5,456.8,63.7,0,NULL,NULL,NULL,NULL,NULL,NULL
1145,2019-04-17 00:00:00,51815A,B,208.2,208.2,0,0,NULL,NULL,NULL,NULL,NULL,NULL
1146,2019-04-16 00:00:00,51765,B,3970.2,3513.66,456.54,182.616,NULL,NULL,NULL,NULL,NULL,NULL
1147,2019-04-19 00:00:00,51743,B,18772.88,17361,1411.88,0,NULL,NULL,NULL,NULL,NULL,NULL
1148,2019-04-19 00:00:00,51766,B,5387.2,4669,718.2,287.28,NULL,NULL,NULL,NULL,NULL,NULL
1149,2019-04-19 00:00:00,51790,B,5004,4302.26,701.74,280.696,NULL,NULL,NULL,NULL,NULL,NULL
1150,2019-04-19 00:00:00,51816,B,3566.25,2171.9,1394.35,557.74,NULL,NULL,NULL,NULL,NULL,NULL
1151,2019-04-19 00:00:00,51819,B,3217.8,668.21,2549.59,0,NULL,NULL,NULL,NULL,NULL,NULL
1152,2019-04-19 00:00:00,51821,B,2231.4,1100,1131.4,50,NULL,NULL,NULL,NULL,NULL,NULL
1153,2019-04-19 00:00:00,51832,B,1938.1,1247,691.1,0,NULL,NULL,NULL,NULL,NULL,NULL
1154,2019-04-19 00:00:00,51742,B,22368.5,19084.35,3284.15,0,NULL,NULL,NULL,NULL,NULL,NULL
1155,2019-04-19 00:00:00,51836,B,2321.6,1345.1,976.5,390.6,NULL,NULL,NULL,NULL,NULL,NULL
1158,2019-04-22 00:00:00,51814,B,4278.96,4513,-234.04,0,NULL,NULL,NULL,NULL,NULL,NULL
1159,2019-04-16 00:00:00,51822,B,725.1,960,-234.9,0,NULL,NULL,NULL,NULL,NULL,NULL
1160,2019-04-30 00:00:00,51822,A,0,-600,600,0,1548,P,-600,103124,NULL,NULL
1162,2019-04-24 00:00:00,51824,B,1926,1551.8,374.2,0,NULL,NULL,NULL,NULL,NULL,NULL
1163,2019-04-24 00:00:00,51825,B,6226.4,4856.69,1369.71,0,NULL,NULL,NULL,NULL,NULL,NULL
1164,2019-04-26 00:00:00,51834,B,4668,3938,730,292,NULL,NULL,NULL,NULL,NULL,NULL
1165,2019-04-26 00:00:00,51839,B,1671.2,831.2,840,0,NULL,NULL,NULL,NULL,NULL,NULL
1166,2019-04-26 00:00:00,51851,B,2902.39,1779.45,1122.94,0,NULL,NULL,NULL,NULL,NULL,NULL
1167,2019-04-26 00:00:00,51848,B,4257.84,2846.56,1411.28,0,NULL,NULL,NULL,NULL,NULL,NULL
1168,2019-04-26 00:00:00,51838,B,3636,3048.8,587.2,50,NULL,NULL,NULL,NULL,NULL,NULL
1169,2019-04-26 00:00:00,51748,B,3320.8,2706.64,614.16,0,NULL,NULL,NULL,NULL,NULL,NULL
1170,2019-04-26 00:00:00,51759,B,493.55,466.49,27.06,0,NULL,NULL,NULL,NULL,NULL,NULL
1171,2019-04-26 00:00:00,51837,B,3417.6,2918.6,499,0,NULL,NULL,NULL,NULL,NULL,NULL
1172,2019-03-25 00:00:00,51728,B,12076.05,10873.05,1203,0,NULL,NULL,NULL,NULL,NULL,NULL
1173,2019-04-29 00:00:00,51728,A,-1227.77,0,-1227.77,0,1299,S,-1227.77,0,NULL,NULL
1178,2019-04-30 00:00:00,51841,B,779.34,525,254.34,101.736,NULL,NULL,NULL,NULL,NULL,NULL
1179,2019-04-30 00:00:00,51849,B,1227.06,714.75,512.31,50,NULL,NULL,NULL,NULL,NULL,NULL
1181,2019-04-30 00:00:00,51755,B,2106.25,2307.2,-200.95,0,NULL,NULL,NULL,NULL,NULL,NULL
1182,2019-04-30 00:00:00,51830,B,1956,1297.7,658.3,0,NULL,NULL,NULL,NULL,NULL,NULL
1183,2019-04-30 00:00:00,51833,B,2255.5,1000,1255.5,502.2,NULL,NULL,NULL,NULL,NULL,NULL
1184,2019-05-03 00:00:00,51840,B,11972.66,9798.29,2174.37,0,NULL,NULL,NULL,NULL,NULL,NULL
1186,2019-05-03 00:00:00,51852,B,2692.9,2160.79,532.11,212.844,NULL,NULL,NULL,NULL,NULL,NULL
1187,2019-05-03 00:00:00,51861,B,2993.75,2575.52,418.23,0,NULL,NULL,NULL,NULL,NULL,NULL
1188,2019-05-03 00:00:00,51853,B,2272,1612,660,264,NULL,NULL,NULL,NULL,NULL,NULL
1189,2019-05-06 00:00:00,51863,B,5993.69,3655,2338.69,0,NULL,NULL,NULL,NULL,NULL,NULL
1190,2019-05-06 00:00:00,51865,B,3901.8,3167.04,734.76,257.166,NULL,NULL,NULL,NULL,NULL,NULL
1191,2019-05-08 00:00:00,51829,B,8029,7374,655,229.25,NULL,NULL,NULL,NULL,NULL,NULL
1192,2019-05-08 00:00:00,51854,B,1746.47,1278.52,467.95,187.18,NULL,NULL,NULL,NULL,NULL,NULL
1193,2019-05-08 00:00:00,51864,B,3468,2023,1445,578,NULL,NULL,NULL,NULL,NULL,NULL
1195,2019-05-10 00:00:00,51823,B,5088.44,3506.91,1581.53,632.612,NULL,NULL,NULL,NULL,NULL,NULL
1196,2019-05-10 00:00:00,51845,B,2291.2,2004.8,286.4,50,NULL,NULL,NULL,NULL,NULL,NULL
1197,2019-05-03 00:00:00,51768,B,3740,3401.68,338.32,135.328,NULL,NULL,NULL,NULL,NULL,NULL
1198,2019-04-24 00:00:00,51767,B,5101.2,4789,312.2,124.88,NULL,NULL,NULL,NULL,NULL,NULL
1200,2019-05-13 00:00:00,51710,A,-1185.56,0,-1185.56,0,1114,S,-1185.56,0,NULL,NULL
1201,2019-05-14 00:00:00,51713,B,0,2036,-2036,0,NULL,NULL,NULL,NULL,NULL,NULL
1202,2019-05-15 00:00:00,51713,A,0,-2036,2036,0,1306,P,-2036,103122,NULL,NULL
1203,2019-05-10 00:00:00,51801,B,3599.4,2929.52,669.88,0,NULL,NULL,NULL,NULL,NULL,NULL
1204,2019-05-14 00:00:00,51843,B,778.05,1550,-771.95,-308.78,NULL,NULL,NULL,NULL,NULL,NULL
1205,2019-05-14 00:00:00,51869,B,1687.9,1250,437.9,175.16,NULL,NULL,NULL,NULL,NULL,NULL
1206,2019-05-14 00:00:00,51870,B,7752.5,7167,585.5,204.925,NULL,NULL,NULL,NULL,NULL,NULL
1207,2019-05-14 00:00:00,51873,B,5385.6,5026.35,359.25,0,NULL,NULL,NULL,NULL,NULL,NULL
1208,2019-05-14 00:00:00,51885,B,3608.9,1250,2358.9,943.56,NULL,NULL,NULL,NULL,NULL,NULL
1209,2020-06-15 00:00:00,51843,A,0,-250,250,0,1822,P,-250,104640,NULL,NULL
1210,2019-05-16 00:00:00,51802,B,3042.2,2635.87,406.33,0,NULL,NULL,NULL,NULL,NULL,NULL
1211,2019-05-16 00:00:00,51809,B,1047.8,690.32,357.48,125.118,NULL,NULL,NULL,NULL,NULL,NULL
1212,2019-05-16 00:00:00,51872,B,2027.85,895.01,1132.84,453.136,NULL,NULL,NULL,NULL,NULL,NULL
1213,2019-05-17 00:00:00,51876,B,7408,3333.6,4074.4,1629.76,NULL,NULL,NULL,NULL,NULL,NULL
1214,2019-05-21 00:00:00,51904,B,2285.48,1516.82,768.66,0,NULL,NULL,NULL,NULL,NULL,NULL
1215,2019-05-22 00:00:00,51814,A,0,-150,150,0,1495,P,-150,103138,NULL,NULL
1216,2019-05-22 00:00:00,51887,B,4196,3427,769,269.15,NULL,NULL,NULL,NULL,NULL,NULL
1217,2019-05-22 00:00:00,51874,B,2043.9,1984,59.9,0,NULL,NULL,NULL,NULL,NULL,NULL
1218,2019-05-22 00:00:00,51875,B,2963,1958.26,1004.74,401.896,NULL,NULL,NULL,NULL,NULL,NULL
1219,2019-05-22 00:00:00,51880,B,1173.6,1535,-361.4,-144.56,NULL,NULL,NULL,NULL,NULL,NULL
1220,2019-05-24 00:00:00,51844,B,2491.7,1304,1187.7,415.695,NULL,NULL,NULL,NULL,NULL,NULL
1221,2019-05-24 00:00:00,51895,B,4783.2,4400,383.2,153.28,NULL,NULL,NULL,NULL,NULL,NULL
1222,2019-05-24 00:00:00,51896,B,2311.4,1196.4,1115,390.25,NULL,NULL,NULL,NULL,NULL,NULL
1223,2019-05-24 00:00:00,51911,B,1682.04,1166.28,515.76,0,NULL,NULL,NULL,NULL,NULL,NULL
1224,2019-05-24 00:00:00,51732,A,-14,0,-14,0,1482,S,-14,0,NULL,NULL
1225,2019-03-19 00:00:00,51746,B,-1536,-1536,0,0,NULL,NULL,NULL,NULL,NULL,NULL
1226,2019-05-24 00:00:00,51791,B,7344.5,6099.82,1244.68,497.872,NULL,NULL,NULL,NULL,NULL,NULL
1227,2019-05-24 00:00:00,51868,B,4941.95,2012.6,2929.35,50,NULL,NULL,NULL,NULL,NULL,NULL
1228,2019-05-24 00:00:00,51878,B,4125,4000,125,0,NULL,NULL,NULL,NULL,NULL,NULL
1230,2019-05-28 00:00:00,51897,B,708.38,750,-41.62,0,NULL,NULL,NULL,NULL,NULL,NULL
1231,2019-01-05 00:00:00,51654,B,0,0,0,0,NULL,NULL,NULL,NULL,NULL,NULL
1232,2019-05-28 00:00:00,51302A,B,536.85,536.85,0,0,NULL,NULL,NULL,NULL,NULL,NULL
1233,2019-05-30 00:00:00,51932,B,883.6,675,208.6,0,NULL,NULL,NULL,NULL,NULL,NULL
1234,2019-05-30 00:00:00,51920,B,3036.44,1320,1716.44,686.576,NULL,NULL,NULL,NULL,NULL,NULL
1235,2019-05-30 00:00:00,51900,B,6342,4500.4,1841.6,0,NULL,NULL,NULL,NULL,NULL,NULL
1236,2019-05-30 00:00:00,51886,B,2829.4,1414.7,1414.7,565.88,NULL,NULL,NULL,NULL,NULL,NULL
1237,2019-05-30 00:00:00,51890,B,2621,2277.85,343.15,0,NULL,NULL,NULL,NULL,NULL,NULL
1238,2019-05-31 00:00:00,51893,B,1352,625,727,254.45,NULL,NULL,NULL,NULL,NULL,NULL
1239,2019-05-31 00:00:00,51914,B,2482.62,1458.54,1024.08,0,NULL,NULL,NULL,NULL,NULL,NULL
1240,2019-05-31 00:00:00,51877,B,791.07,1000,-208.93,50,NULL,NULL,NULL,NULL,NULL,NULL
1242,2019-06-03 00:00:00,51746-UCS,B,0,2025.28,-2025.28,0,NULL,NULL,NULL,NULL,NULL,NULL
1243,2019-06-04 00:00:00,51903,B,2753.85,1206,1547.85,0,NULL,NULL,NULL,NULL,NULL,NULL
1244,2019-06-04 00:00:00,51923,B,14098.8,12734.4,1364.4,0,NULL,NULL,NULL,NULL,NULL,NULL
1246,2019-06-04 00:00:00,51939,B,1778.73,1175,603.73,241.492,NULL,NULL,NULL,NULL,NULL,NULL
1248,2019-06-05 00:00:00,51921,B,2338.15,1400,938.15,50,NULL,NULL,NULL,NULL,NULL,NULL
1249,2019-06-06 00:00:00,51936,B,0,250,-250,0,NULL,NULL,NULL,NULL,NULL,NULL
1250,2019-06-06 00:00:00,51668A,B,1000.8,1000.8,0,0,NULL,NULL,NULL,NULL,NULL,NULL
1251,2019-06-06 00:00:00,51930,B,4125,4000,125,0,NULL,NULL,NULL,NULL,NULL,NULL
1252,2019-06-06 00:00:00,51941,B,3042,1791.19,1250.81,0,NULL,NULL,NULL,NULL,NULL,NULL
1253,2019-06-07 00:00:00,51906,B,5221.02,2993.04,2227.98,0,NULL,NULL,NULL,NULL,NULL,NULL
1254,2019-06-07 00:00:00,51919,B,4140.02,1825.04,2314.98,925.992,NULL,NULL,NULL,NULL,NULL,NULL
1255,2019-06-07 00:00:00,51792,B,6882,5719.5,1162.5,465,NULL,NULL,NULL,NULL,NULL,NULL
1256,2019-06-07 00:00:00,51929,B,5652.08,4818,834.08,241.928,NULL,NULL,NULL,NULL,NULL,NULL
1257,2019-06-07 00:00:00,51838,F,-35,0,-35,0,1482,S,-35,NULL,1831,NULL
1258,2019-04-29 00:00:00,51736,B,-260.4,0,-260.4,0,NULL,NULL,NULL,NULL,NULL,NULL
1259,2019-05-29 00:00:00,51736,A,0,-700,700,0,1292,P,-700,103194,NULL,NULL
1260,2019-06-11 00:00:00,51861,A,26.4,0,26.4,0,1137,S,26.4,0,NULL,NULL
1261,2019-06-11 00:00:00,51949,B,3842.4,2881.8,960.6,384.24,NULL,NULL,NULL,NULL,NULL,NULL
1262,2019-06-12 00:00:00,51950,B,1744.21,1685,59.21,25,NULL,NULL,NULL,NULL,NULL,NULL
1263,2019-06-12 00:00:00,51960,B,1755.42,1255.64,499.78,0,NULL,NULL,NULL,NULL,NULL,NULL
1264,2019-04-22 00:00:00,51805,B,0,2175,-2175,-870,NULL,NULL,NULL,NULL,NULL,NULL
1265,2019-06-13 00:00:00,51954,B,1827.7,1320,507.7,203.08,NULL,NULL,NULL,NULL,NULL,NULL
1266,2019-06-14 00:00:00,51871,B,613.79,550,63.79,0,NULL,NULL,NULL,NULL,NULL,NULL
1267,2019-06-17 00:00:00,51891,B,2723.2,2364.72,358.48,0,NULL,NULL,NULL,NULL,NULL,NULL
1268,2019-06-17 00:00:00,51934,B,1684,837.12,846.88,0,NULL,NULL,NULL,NULL,NULL,NULL
1269,2019-06-18 00:00:00,51955,B,2284.62,1287.6,997.02,0,NULL,NULL,NULL,NULL,NULL,NULL
1270,2019-06-19 00:00:00,51909,B,1048,1981,-933,0,NULL,NULL,NULL,NULL,NULL,NULL
1271,2019-06-19 00:00:00,51942,B,7621.08,6305.35,1315.73,526.292,NULL,NULL,NULL,NULL,NULL,NULL
1272,2019-06-19 00:00:00,51968,B,6486.4,4957.31,1529.09,0,NULL,NULL,NULL,NULL,NULL,NULL
1273,2019-06-20 00:00:00,51984,B,8198.56,7086.9,1111.66,0,NULL,NULL,NULL,NULL,NULL,NULL
1274,2019-06-20 00:00:00,51951,B,605.77,865,-259.23,0,NULL,NULL,NULL,NULL,NULL,NULL
1275,2019-06-20 00:00:00,51980,B,3348.92,1941.84,1407.08,0,NULL,NULL,NULL,NULL,NULL,NULL
1276,2019-06-25 00:00:00,51988,B,1702,750,952,0,NULL,NULL,NULL,NULL,NULL,NULL
1277,2019-06-25 00:00:00,51938,B,5115.2,4448,667.2,266.88,NULL,NULL,NULL,NULL,NULL,NULL
1278,2019-06-25 00:00:00,51953,B,1690.3,488.55,1201.75,50,NULL,NULL,NULL,NULL,NULL,NULL
1279,2019-06-25 00:00:00,51969,B,2216.4,1897.76,318.64,111.524,NULL,NULL,NULL,NULL,NULL,NULL
1280,2019-06-25 00:00:00,51989,B,4850.4,3687.8,1162.6,465.04,NULL,NULL,NULL,NULL,NULL,NULL
1281,2019-06-25 00:00:00,51966,B,1919.6,1100,819.6,327.84,NULL,NULL,NULL,NULL,NULL,NULL
1282,2019-06-25 00:00:00,51944,B,5374.2,4372,1002.2,400.88,NULL,NULL,NULL,NULL,NULL,NULL
1283,2019-06-26 00:00:00,51915,B,3395.66,1178.89,2216.77,886.708,NULL,NULL,NULL,NULL,NULL,NULL
1284,2019-06-26 00:00:00,51943,B,3394.75,2505.48,889.27,355.708,NULL,NULL,NULL,NULL,NULL,NULL
1285,2019-06-27 00:00:00,51935,B,1255.2,978.45,276.75,110.7,NULL,NULL,NULL,NULL,NULL,NULL
1286,2019-06-27 00:00:00,52002,B,5545.8,4491,1054.8,421.92,NULL,NULL,NULL,NULL,NULL,NULL
1287,2019-06-27 00:00:00,51945,B,5418.4,4393,1025.4,410.16,NULL,NULL,NULL,NULL,NULL,NULL
1288,2019-06-27 00:00:00,51933,B,2391.01,1427.59,963.42,337.197,NULL,NULL,NULL,NULL,NULL,NULL
1290,2019-06-28 00:00:00,51973,B,5462.24,5351.6,110.64,0,NULL,NULL,NULL,NULL,NULL,NULL
1291,2019-06-28 00:00:00,51983,B,4450.34,4147.86,302.48,0,NULL,NULL,NULL,NULL,NULL,NULL
1292,2019-07-01 00:00:00,51987,B,3513.9,3164.31,349.59,0,NULL,NULL,NULL,NULL,NULL,NULL
1293,2019-07-01 00:00:00,51974,B,4128,2612.6,1515.4,0,NULL,NULL,NULL,NULL,NULL,NULL
1294,2019-07-02 00:00:00,51982,B,2466.1,1908.2,557.9,273.16,NULL,NULL,NULL,NULL,NULL,NULL
1295,2019-07-02 00:00:00,51993,B,4615.85,4200,415.85,166.34,NULL,NULL,NULL,NULL,NULL,NULL
1296,2019-07-02 00:00:00,52007,B,6829.5,1613.01,5216.49,2086.596,NULL,NULL,NULL,NULL,NULL,NULL
1297,2019-07-03 00:00:00,51972,B,1580.22,963.8,616.42,50,NULL,NULL,NULL,NULL,NULL,NULL
1298,2019-07-03 00:00:00,52000,B,9814.76,7766.83,2047.93,0,NULL,NULL,NULL,NULL,NULL,NULL
1299,2019-07-08 00:00:00,51964,B,0,2810,-2810,0,NULL,NULL,NULL,NULL,NULL,NULL
1300,2019-07-08 00:00:00,51908,B,1520.25,1040,480.25,168.088,NULL,NULL,NULL,NULL,NULL,NULL
1302,2019-07-11 00:00:00,51995,B,6423.2,5801.6,621.6,248.64,NULL,NULL,NULL,NULL,NULL,NULL
1303,2019-07-11 00:00:00,51992,B,1561.41,1237,324.41,129.764,NULL,NULL,NULL,NULL,NULL,NULL
1304,2019-07-11 00:00:00,51948,B,4117,3596,521,208.4,NULL,NULL,NULL,NULL,NULL,NULL
1305,2019-07-10 00:00:00,51969,F,-35,0,-35,0,1482,S,-35,NULL,1862,NULL
1306,2019-07-12 00:00:00,51879,B,4040.4,2193,1847.4,50,NULL,NULL,NULL,NULL,NULL,NULL
1307,2019-07-12 00:00:00,51981,B,7198.15,5935.62,1262.53,0,NULL,NULL,NULL,NULL,NULL,NULL
1308,2019-07-12 00:00:00,51956,B,1981.2,1231.2,750,0,NULL,NULL,NULL,NULL,NULL,NULL
1309,2019-06-04 00:00:00,51898,B,4753.45,4308.6,444.85,0,NULL,NULL,NULL,NULL,NULL,NULL
1311,2019-07-12 00:00:00,52001,B,1578,850,728,0,NULL,NULL,NULL,NULL,NULL,NULL
1312,2019-07-12 00:00:00,51892,B,4244.4,3657.74,586.66,0,NULL,NULL,NULL,NULL,NULL,NULL
1313,2019-07-12 00:00:00,51976,B,827.56,757.44,70.12,28.048,NULL,NULL,NULL,NULL,NULL,NULL
1315,2019-07-16 00:00:00,52017,B,4363.88,3348.8,1015.08,406.032,NULL,NULL,NULL,NULL,NULL,NULL
1316,2019-07-17 00:00:00,51907,B,7001.2,4874.45,2126.75,0,NULL,NULL,NULL,NULL,NULL,NULL
1317,2019-07-17 00:00:00,51961,B,5668,4885,783,313.2,NULL,NULL,NULL,NULL,NULL,NULL
1318,2019-07-17 00:00:00,51990,B,13215.22,11302.04,1913.18,0,NULL,NULL,NULL,NULL,NULL,NULL
1319,2019-07-19 00:00:00,51979,B,3710.4,2314,1396.4,50,NULL,NULL,NULL,NULL,NULL,NULL
1320,2019-07-19 00:00:00,51959,B,1518.94,1620,-101.06,0,NULL,NULL,NULL,NULL,NULL,NULL
1321,2019-07-19 00:00:00,51958,B,1584.66,1620,-35.34,0,NULL,NULL,NULL,NULL,NULL,NULL
1322,2019-07-19 00:00:00,52033,B,10800.4,9969.6,830.8,0,NULL,NULL,NULL,NULL,NULL,NULL
1323,2019-07-19 00:00:00,51985,B,1318.61,1145,173.61,69.444,NULL,NULL,NULL,NULL,NULL,NULL
1324,2019-07-19 00:00:00,52003,B,1434,1175,259,103.6,NULL,NULL,NULL,NULL,NULL,NULL
1327,2019-07-19 00:00:00,52031,B,1818,1454.4,363.6,145.44,NULL,NULL,NULL,NULL,NULL,NULL
1329,2019-07-22 00:00:00,51997,B,4896.7,4043.2,853.5,341.4,NULL,NULL,NULL,NULL,NULL,NULL
1330,2019-07-22 00:00:00,52038,B,4056,2352.6,1703.4,0,NULL,NULL,NULL,NULL,NULL,NULL
1331,2019-07-22 00:00:00,52036,B,7041.6,5288.25,1753.35,0,NULL,NULL,NULL,NULL,NULL,NULL
1332,2019-07-22 00:00:00,52047,B,7255,6719.61,535.39,164.156,NULL,NULL,NULL,NULL,NULL,NULL
1333,2019-07-22 00:00:00,52044,B,6900,6412.56,487.44,144.976,NULL,NULL,NULL,NULL,NULL,NULL
1335,2019-07-24 00:00:00,51999,B,1497.77,862.8,634.97,50,NULL,NULL,NULL,NULL,NULL,NULL
1336,2019-07-24 00:00:00,51962,B,5616,4845,771,308.4,NULL,NULL,NULL,NULL,NULL,NULL
1337,2019-07-24 00:00:00,51946,B,5083,4435,648,259.2,NULL,NULL,NULL,NULL,NULL,NULL
1338,2019-07-24 00:00:00,51994,B,6654.6,5365.5,1289.1,0,NULL,NULL,NULL,NULL,NULL,NULL
1339,2019-07-25 00:00:00,51899,B,5885.1,1765.53,4119.57,0,NULL,NULL,NULL,NULL,NULL,NULL
1340,2019-07-26 00:00:00,51972,A,-0.04,0,-0.04,0,1464,S,-0.04,0,NULL,NULL
1341,2019-07-26 00:00:00,51669,B,2097.76,1045,1052.76,0,NULL,NULL,NULL,NULL,NULL,NULL
1342,2019-07-26 00:00:00,52014,B,1481.43,1212,269.43,0,NULL,NULL,NULL,NULL,NULL,NULL
1343,2019-07-26 00:00:00,52032,B,1995.4,1775,220.4,88.16,NULL,NULL,NULL,NULL,NULL,NULL
1344,2019-07-30 00:00:00,52015,B,4125,4000,125,0,NULL,NULL,NULL,NULL,NULL,NULL
1345,2019-07-30 00:00:00,52050,B,3940.6,3013.4,927.2,370.88,NULL,NULL,NULL,NULL,NULL,NULL
1346,2019-07-30 00:00:00,52017,A,920.56,0,920.56,0,1114,S,920.56,0,NULL,NULL
1347,2019-07-19 00:00:00,52037,B,4435.46,1827.28,2608.18,0,NULL,NULL,NULL,NULL,NULL,NULL
1348,2019-07-30 00:00:00,51975,B,3976,2647.2,1328.8,0,NULL,NULL,NULL,NULL,NULL,NULL
1349,2019-07-30 00:00:00,52011,B,5543.2,4789,754.2,301.68,NULL,NULL,NULL,NULL,NULL,NULL
1350,2019-07-30 00:00:00,52018,B,5585.58,5089.7,495.88,0,NULL,NULL,NULL,NULL,NULL,NULL
1351,2019-07-31 00:00:00,52060,B,10584.6,9770.4,814.2,0,NULL,NULL,NULL,NULL,NULL,NULL
1352,2019-07-31 00:00:00,52061,B,1279.8,853.2,426.6,0,NULL,NULL,NULL,NULL,NULL,NULL
1353,2019-08-02 00:00:00,52093,B,1710,800,910,0,NULL,NULL,NULL,NULL,NULL,NULL
1354,2019-08-02 00:00:00,52058,B,7446.4,6234.8,1211.6,0,NULL,NULL,NULL,NULL,NULL,NULL
1355,2019-08-02 00:00:00,52021,B,5167.26,3249.6,1917.66,767.064,NULL,NULL,NULL,NULL,NULL,NULL
1357,2019-08-06 00:00:00,51894,B,1684.85,1292.14,392.71,137.449,NULL,NULL,NULL,NULL,NULL,NULL
1358,2019-08-06 00:00:00,52095,B,8557,8003.6,553.4,50,NULL,NULL,NULL,NULL,NULL,NULL
1359,2019-08-06 00:00:00,51937,B,5064,2532,2532,1012.8,NULL,NULL,NULL,NULL,NULL,NULL
1360,2019-08-06 00:00:00,52008,B,5089.6,3689,1400.6,490.21,NULL,NULL,NULL,NULL,NULL,NULL
1361,2019-08-06 00:00:00,52046,B,12345.44,11349.84,995.6,398.24,NULL,NULL,NULL,NULL,NULL,NULL
1363,2019-08-07 00:00:00,52022,B,5679.8,3281.6,2398.2,959.28,NULL,NULL,NULL,NULL,NULL,NULL
1364,2019-08-07 00:00:00,52020,B,8471,7833.2,637.8,0,NULL,NULL,NULL,NULL,NULL,NULL
1365,2019-07-19 00:00:00,52016,B,4466.4,4280.3,186.1,74.44,NULL,NULL,NULL,NULL,NULL,NULL
1366,2019-08-07 00:00:00,52027,B,4173.8,3389.04,784.76,0,NULL,NULL,NULL,NULL,NULL,NULL
1367,2019-08-08 00:00:00,51928,B,847.5,865,-17.5,0,NULL,NULL,NULL,NULL,NULL,NULL
1369,2019-08-08 00:00:00,52006,B,2913.4,1378.35,1535.05,0,NULL,NULL,NULL,NULL,NULL,NULL
1370,2019-08-09 00:00:00,51907,A,-12,0,-12,0,1549,S,-12,0,NULL,NULL
1371,2019-08-09 00:00:00,51302A,A,-536.85,0,-536.85,0,1466,S,-536.85,0,NULL,NULL
1372,2019-08-09 00:00:00,51931,B,279.84,139.92,139.92,55.968,NULL,NULL,NULL,NULL,NULL,NULL
1373,2019-08-09 00:00:00,52053,B,2875.31,1665.46,1209.85,50,NULL,NULL,NULL,NULL,NULL,NULL
1375,2019-08-09 00:00:00,52065,B,3824.8,1461.6,2363.2,827.12,NULL,NULL,NULL,NULL,NULL,NULL
1376,2019-08-06 00:00:00,52041,B,3694.3,1286.9,2407.4,962.96,NULL,NULL,NULL,NULL,NULL,NULL
1377,2019-08-12 00:00:00,52068,B,10623.86,4769.74,5854.12,292.706,NULL,NULL,NULL,NULL,NULL,NULL
1378,2019-08-12 00:00:00,52062,B,13622.4,12693.6,928.8,0,NULL,NULL,NULL,NULL,NULL,NULL
1379,2019-08-13 00:00:00,52099,B,2159.63,1789.6,370.03,0,NULL,NULL,NULL,NULL,NULL,NULL
1380,2019-08-13 00:00:00,52109,B,522.15,494,28.15,0,NULL,NULL,NULL,NULL,NULL,NULL
1381,2019-08-13 00:00:00,52104,B,4218,2054.5,2163.5,757.225,NULL,NULL,NULL,NULL,NULL,NULL
1382,2019-08-13 00:00:00,52081,B,2191.82,1776.6,415.22,0,NULL,NULL,NULL,NULL,NULL,NULL
1383,2019-08-14 00:00:00,52080,B,2152.09,1754.2,397.89,0,NULL,NULL,NULL,NULL,NULL,NULL
1385,2019-08-15 00:00:00,52094,B,3932,2643.6,1288.4,0,NULL,NULL,NULL,NULL,NULL,NULL
1386,2019-08-15 00:00:00,52110,B,838.46,99.82,738.64,0,NULL,NULL,NULL,NULL,NULL,NULL
1387,2019-08-15 00:00:00,52067,B,10794.96,4834.64,5960.32,298.016,NULL,NULL,NULL,NULL,NULL,NULL
1388,2019-07-22 00:00:00,52039,B,2826.9,2282.14,544.76,0,NULL,NULL,NULL,NULL,NULL,NULL
1389,2019-08-16 00:00:00,52072,B,5603,4835,768,307.2,NULL,NULL,NULL,NULL,NULL,NULL
1390,2019-08-16 00:00:00,52086,B,7588.62,5687.28,1901.34,760.536,NULL,NULL,NULL,NULL,NULL,NULL
1391,2019-08-16 00:00:00,52097,B,4334.4,3546.78,787.62,275.667,NULL,NULL,NULL,NULL,NULL,NULL
1392,2019-08-16 00:00:00,52119,B,10712.5,9855.5,857,0,NULL,NULL,NULL,NULL,NULL,NULL
1393,2019-08-16 00:00:00,52105,B,11949.45,10484.08,1465.37,0,NULL,NULL,NULL,NULL,NULL,NULL
1394,2019-08-14 00:00:00,52038,F,-35,0,-35,0,1482,S,-35,NULL,1905,NULL
1396,2019-08-20 00:00:00,52023,B,5557.72,3382.4,2175.32,870.128,NULL,NULL,NULL,NULL,NULL,NULL
1397,2019-08-20 00:00:00,52084,B,2719.32,2239.44,479.88,191.952,NULL,NULL,NULL,NULL,NULL,NULL
1398,2019-08-20 00:00:00,52103,B,7036,5822.25,1213.75,0,NULL,NULL,NULL,NULL,NULL,NULL
1399,2019-08-21 00:00:00,52074,B,5613.4,4843,770.4,308.16,NULL,NULL,NULL,NULL,NULL,NULL
1401,2019-08-21 00:00:00,52056,B,1585.44,1175,410.44,164.176,NULL,NULL,NULL,NULL,NULL,NULL
1402,2019-08-21 00:00:00,52066,B,10320.81,4654.79,5666.02,283.301,NULL,NULL,NULL,NULL,NULL,NULL
1403,2019-08-22 00:00:00,52069,B,9829.26,4468.34,5360.92,268.046,NULL,NULL,NULL,NULL,NULL,NULL
1405,2019-08-22 00:00:00,52106,B,11521.99,10151.26,1370.73,0,NULL,NULL,NULL,NULL,NULL,NULL
1406,2019-08-22 00:00:00,52026,B,8479.6,7888,591.6,0,NULL,NULL,NULL,NULL,NULL,NULL
1407,2019-08-22 00:00:00,52088,B,10951.13,9918,1033.13,0,NULL,NULL,NULL,NULL,NULL,NULL
1408,2019-08-22 00:00:00,52135,B,2427.39,1642.49,784.9,313.96,NULL,NULL,NULL,NULL,NULL,NULL
1409,2019-08-23 00:00:00,51958,A,-0.02,0,-0.02,0,1137,S,-0.02,0,NULL,NULL
1410,2019-08-09 00:00:00,52063,A,0,-1315,1315,0,1377,P,-1315,103458,NULL,NULL
1412,2019-08-23 00:00:00,52133,B,7365.13,3772.64,3592.49,0,NULL,NULL,NULL,NULL,NULL,NULL
1413,2019-08-23 00:00:00,52145,B,1332,621.6,710.4,0,NULL,NULL,NULL,NULL,NULL,NULL
1414,2019-07-19 00:00:00,52012,B,8991.3,8613.69,377.61,0,NULL,NULL,NULL,NULL,NULL,NULL
1415,2019-08-27 00:00:00,52035,B,2062,1056.2,1005.8,402.32,NULL,NULL,NULL,NULL,NULL,NULL
1416,2019-08-27 00:00:00,52057,B,2302.89,2032.4,270.49,0,NULL,NULL,NULL,NULL,NULL,NULL
1418,2019-08-27 00:00:00,52112,B,2215.95,1221.6,994.35,348.023,NULL,NULL,NULL,NULL,NULL,NULL
1419,2019-08-27 00:00:00,52120,B,2270.12,1887.11,383.01,0,NULL,NULL,NULL,NULL,NULL,NULL
1420,2019-08-27 00:00:00,52064,B,993.57,900.97,92.6,37.04,NULL,NULL,NULL,NULL,NULL,NULL
1421,2019-08-27 00:00:00,52079,B,7872,3542.4,4329.6,1731.84,NULL,NULL,NULL,NULL,NULL,NULL
1422,2019-08-27 00:00:00,52102,B,1480.15,750,730.15,292.06,NULL,NULL,NULL,NULL,NULL,NULL
1423,2019-08-27 00:00:00,52115,B,5848.36,2144,3704.36,0,NULL,NULL,NULL,NULL,NULL,NULL
1424,2019-08-27 00:00:00,52126,B,10437.5,9602.5,835,0,NULL,NULL,NULL,NULL,NULL,NULL
1425,2019-08-27 00:00:00,52132,B,1216.8,400,816.8,0,NULL,NULL,NULL,NULL,NULL,NULL
1426,2019-08-30 00:00:00,52134,B,7308,3749,3559,0,NULL,NULL,NULL,NULL,NULL,NULL
1427,2019-08-30 00:00:00,52078,B,3381.33,1687.58,1693.75,0,NULL,NULL,NULL,NULL,NULL,NULL
1428,2019-08-30 00:00:00,52082,B,1658.87,882.52,776.35,0,NULL,NULL,NULL,NULL,NULL,NULL
1430,2019-08-30 00:00:00,52083,B,1344.19,1149.36,194.83,77.932,NULL,NULL,NULL,NULL,NULL,NULL
1431,2019-08-30 00:00:00,52096,B,1269.94,368.76,901.18,360.472,NULL,NULL,NULL,NULL,NULL,NULL
1434,2019-08-30 00:00:00,52147,B,4092,2935.25,1156.75,57.838,NULL,NULL,NULL,NULL,NULL,NULL
1435,2019-08-21 00:00:00,52005,B,1408.5,492.88,915.62,0,NULL,NULL,NULL,NULL,NULL,NULL
1436,2019-08-09 00:00:00,51901,B,0,0,0,0,NULL,NULL,NULL,NULL,NULL,NULL
1437,2019-07-16 00:00:00,51986,B,2821,2587.5,233.5,50,NULL,NULL,NULL,NULL,NULL,NULL
1438,2019-09-06 00:00:00,52045,B,10626.18,9013,1613.18,0,NULL,NULL,NULL,NULL,NULL,NULL
1439,2019-09-06 00:00:00,52148,B,6446.4,5479.6,966.8,0,NULL,NULL,NULL,NULL,NULL,NULL
1441,2019-09-09 00:00:00,52146,B,5221.56,3338.56,1883,703.2,NULL,NULL,NULL,NULL,NULL,NULL
1443,2019-09-09 00:00:00,52028,B,3755.2,3054.16,701.04,0,NULL,NULL,NULL,NULL,NULL,NULL
1446,2019-09-10 00:00:00,52136,B,12398.4,11365.2,1033.2,363.28,NULL,NULL,NULL,NULL,NULL,NULL
1447,2019-09-10 00:00:00,52178,B,2002.05,1439.4,562.65,196.928,NULL,NULL,NULL,NULL,NULL,NULL
1448,2019-09-10 00:00:00,52171,B,8612.9,8090.2,522.7,0,NULL,NULL,NULL,NULL,NULL,NULL
1449,2019-09-10 00:00:00,52076,B,5535.4,4783,752.4,300.96,NULL,NULL,NULL,NULL,NULL,NULL
1450,2019-09-10 00:00:00,52166,B,5452.2,4719,733.2,293.28,NULL,NULL,NULL,NULL,NULL,NULL
1451,2019-09-09 00:00:00,52139,B,2301.08,1250,1051.08,0,NULL,NULL,NULL,NULL,NULL,NULL
1452,2019-09-10 00:00:00,52137,B,1164.27,1215,-50.73,0,NULL,NULL,NULL,NULL,NULL,NULL
1453,2019-09-10 00:00:00,52116,B,1545.98,1295,250.98,100.392,NULL,NULL,NULL,NULL,NULL,NULL
1455,2019-09-10 00:00:00,52158,B,5004.86,2891.92,2112.94,0,NULL,NULL,NULL,NULL,NULL,NULL
1456,2019-09-10 00:00:00,52142,B,12643.2,11250.2,1393,0,NULL,NULL,NULL,NULL,NULL,NULL
1460,2019-09-11 00:00:00,52124,B,2310.36,1945.16,365.2,83.344,NULL,NULL,NULL,NULL,NULL,NULL
1461,2019-09-11 00:00:00,52124,A,-156.84,0,-156.84,0,1549,S,-156.84,0,NULL,NULL
1462,2019-09-10 00:00:00,52098,B,7373.96,6815.33,558.63,0,NULL,NULL,NULL,NULL,NULL,NULL
1463,2019-08-30 00:00:00,51767,A,0,-235.44,235.44,0,1377,P,-235.44,103542,NULL,NULL
1464,2019-09-13 00:00:00,52057,A,-0.4,0,-0.4,0,1299,S,-0.4,0,NULL,NULL
1465,2019-09-13 00:00:00,52085,B,776.65,883,-106.35,0,NULL,NULL,NULL,NULL,NULL,NULL
1466,2019-09-13 00:00:00,52130,B,914.17,710.02,204.15,0,NULL,NULL,NULL,NULL,NULL,NULL
1467,2019-09-13 00:00:00,52174,B,1948.72,1465,483.72,50,NULL,NULL,NULL,NULL,NULL,NULL
1468,2019-09-13 00:00:00,52117,B,658.95,386.6,272.35,50,NULL,NULL,NULL,NULL,NULL,NULL
1469,2019-09-13 00:00:00,52165,B,1164.8,850,314.8,110.18,NULL,NULL,NULL,NULL,NULL,NULL
1470,2019-09-13 00:00:00,52177,B,1722,866.6,855.4,0,NULL,NULL,NULL,NULL,NULL,NULL
1471,2019-09-13 00:00:00,52164,B,18315,14985,3330,0,NULL,NULL,NULL,NULL,NULL,NULL
1472,2019-09-13 00:00:00,52172,B,9017.53,8388.4,629.13,0,NULL,NULL,NULL,NULL,NULL,NULL
1473,2019-09-13 00:00:00,52179,B,1070,800,270,94.5,NULL,NULL,NULL,NULL,NULL,NULL
1479,2019-09-16 00:00:00,52184,B,11862.45,10876.25,986.2,0,NULL,NULL,NULL,NULL,NULL,NULL
1484,2019-08-30 00:00:00,52073,B,5603,4691,912,289.92,NULL,NULL,NULL,NULL,NULL,NULL
1485,2019-09-17 00:00:00,52087,B,1948.72,1368.26,580.46,-124.306,NULL,NULL,NULL,NULL,NULL,NULL
1488,2019-09-18 00:00:00,52180,B,2955.74,1795.7,1160.04,406.014,NULL,NULL,NULL,NULL,NULL,NULL
1489,2019-09-18 00:00:00,52182,B,1170.66,1304.72,-134.06,0,NULL,NULL,NULL,NULL,NULL,NULL
1490,2019-09-18 00:00:00,52197,B,4709.64,4120.94,588.7,0,NULL,NULL,NULL,NULL,NULL,NULL
1491,2019-08-27 00:00:00,52070,B,10657.79,4782.61,5875.18,293.759,NULL,NULL,NULL,NULL,NULL,NULL
1492,2019-09-17 00:00:00,52131,B,3179.55,2567.2,612.35,244.94,NULL,NULL,NULL,NULL,NULL,NULL
1494,2019-09-19 00:00:00,52034,B,0,350,-350,0,NULL,NULL,NULL,NULL,NULL,NULL
1495,2019-08-09 00:00:00,52059,B,0,0,0,50,NULL,NULL,NULL,NULL,NULL,NULL
1496,2019-08-23 00:00:00,52063,B,0,1315,-1315,0,NULL,NULL,NULL,NULL,NULL,NULL
1497,2019-09-19 00:00:00,52157,B,2153.52,1758.72,394.8,0,NULL,NULL,NULL,NULL,NULL,NULL
1498,2019-09-19 00:00:00,51977,B,801.06,978.7,-177.64,-71.056,NULL,NULL,NULL,NULL,NULL,NULL
1499,2019-09-20 00:00:00,51977R,B,471.3,471.3,0,0,NULL,NULL,NULL,NULL,NULL,NULL
1500,2019-09-10 00:00:00,52075,B,5496.4,4753,743.4,297.36,NULL,NULL,NULL,NULL,NULL,NULL
1502,2019-09-23 00:00:00,52194,B,10215,9356.4,858.6,0,NULL,NULL,NULL,NULL,NULL,NULL
1505,2019-09-24 00:00:00,52209,B,2528.4,2031.75,496.65,0,NULL,NULL,NULL,NULL,NULL,NULL
1506,2019-09-25 00:00:00,52230,B,2327.36,1870.2,457.16,0,NULL,NULL,NULL,NULL,NULL,NULL
1507,2019-09-25 00:00:00,52210,B,2049.6,1647,402.6,0,NULL,NULL,NULL,NULL,NULL,NULL
1508,2019-09-25 00:00:00,52109,A,0,-300,300,0,1620,P,-300,103537,NULL,NULL
1509,2019-08-21 00:00:00,52206,A,0,-640,640,0,1548,P,-640,103571,NULL,NULL
1511,2019-09-18 00:00:00,52167,B,5746,4945,801,320.4,NULL,NULL,NULL,NULL,NULL,NULL
1512,2019-07-29 00:00:00,52085,A,0,310.66,-310.66,0,1798,P,310.66,103545,NULL,NULL
1513,2019-09-26 00:00:00,52168,B,5283.2,4589,694.2,277.68,NULL,NULL,NULL,NULL,NULL,NULL
1514,2019-09-26 00:00:00,52183,B,4708.8,2879.4,1829.4,50,NULL,NULL,NULL,NULL,NULL,NULL
1515,2019-09-26 00:00:00,52224,B,10567.5,9722.1,845.4,0,NULL,NULL,NULL,NULL,NULL,NULL
1516,2019-09-26 00:00:00,51990,A,-0.99,0,-0.99,0,1549,S,-0.99,0,NULL,NULL
1517,2019-09-27 00:00:00,52191,B,2536.49,1329.94,1206.55,482.62,NULL,NULL,NULL,NULL,NULL,NULL
1518,2019-09-27 00:00:00,52202,B,945,905,40,0,NULL,NULL,NULL,NULL,NULL,NULL
1520,2019-08-30 00:00:00,52030,B,2124,1231,893,0,NULL,NULL,NULL,NULL,NULL,NULL
1521,2019-09-27 00:00:00,52030,A,-929.93,0,-929.93,0,1128,S,-929.93,0,NULL,NULL
1522,2019-09-17 00:00:00,52019,B,5654.6,5445.56,209.04,0,NULL,NULL,NULL,NULL,NULL,NULL
1524,2019-09-27 00:00:00,52208,B,4984,2862.4,2121.6,0,NULL,NULL,NULL,NULL,NULL,NULL
1525,2019-09-27 00:00:00,52228,B,3598.46,3002.56,595.9,50,NULL,NULL,NULL,NULL,NULL,NULL
1526,2019-09-30 00:00:00,52188,B,7130.27,6352.6,777.67,0,NULL,NULL,NULL,NULL,NULL,NULL
1528,2019-10-01 00:00:00,52217,B,270.73,974.18,-703.45,-299.345,NULL,NULL,NULL,NULL,NULL,NULL
1529,2019-10-01 00:00:00,52222,B,4162,1882.4,2279.6,911.84,NULL,NULL,NULL,NULL,NULL,NULL
1530,2019-10-01 00:00:00,52221,B,11928,10298,1630,0,NULL,NULL,NULL,NULL,NULL,NULL
1531,2019-10-01 00:00:00,52143,B,5203.44,2168.1,3035.34,1214.136,NULL,NULL,NULL,NULL,NULL,NULL
1532,2019-10-01 00:00:00,52213,B,22223.16,20592.38,1630.78,652.312,NULL,NULL,NULL,NULL,NULL,NULL
1533,2019-10-01 00:00:00,52212,B,20420.64,19098.52,1322.12,528.848,NULL,NULL,NULL,NULL,NULL,NULL
1534,2019-10-01 00:00:00,52169,B,5473,4735,738,295.2,NULL,NULL,NULL,NULL,NULL,NULL
1535,2019-10-01 00:00:00,52175R,B,3569.4,2480,1089.4,381.29,NULL,NULL,NULL,NULL,NULL,NULL
1536,2019-10-02 00:00:00,52257,B,10557.5,9712.9,844.6,0,NULL,NULL,NULL,NULL,NULL,NULL
1537,2019-09-02 00:00:00,52127,A,0,-193.2,193.2,0,1860,P,-193.2,103560,NULL,NULL
1538,2019-09-10 00:00:00,52181,B,10417.5,9584.1,833.4,0,NULL,NULL,NULL,NULL,NULL,NULL
1539,2019-09-09 00:00:00,52127,B,10227.5,9602.5,625,0,NULL,NULL,NULL,NULL,NULL,NULL
1540,2019-10-02 00:00:00,52233,B,5033.4,4194.5,838.9,0,NULL,NULL,NULL,NULL,NULL,NULL
1541,2019-10-02 00:00:00,52236,B,5172.6,4310.5,862.1,0,NULL,NULL,NULL,NULL,NULL,NULL
1542,2019-10-02 00:00:00,52241,B,2403.02,1385,1018.02,50,NULL,NULL,NULL,NULL,NULL,NULL
1543,2019-10-02 00:00:00,52237,B,5049.6,4208,841.6,0,NULL,NULL,NULL,NULL,NULL,NULL
1544,2019-09-16 00:00:00,52113,B,2159,1215.9,943.1,330.085,NULL,NULL,NULL,NULL,NULL,NULL
1545,2019-10-03 00:00:00,52176,B,1813.44,1508.7,304.74,106.659,NULL,NULL,NULL,NULL,NULL,NULL
1546,2019-10-03 00:00:00,52199,B,2032.78,1720.7,312.08,0,NULL,NULL,NULL,NULL,NULL,NULL
1547,2019-10-03 00:00:00,52204,B,12138.3,11126.78,1011.52,354.608,NULL,NULL,NULL,NULL,NULL,NULL
1548,2019-10-03 00:00:00,52220,B,6039,5074.7,964.3,50,NULL,NULL,NULL,NULL,NULL,NULL
1549,2019-10-03 00:00:00,52225,B,1672.08,923.5,748.58,0,NULL,NULL,NULL,NULL,NULL,NULL
1550,2019-10-03 00:00:00,52226,B,5745,4838,907,0,NULL,NULL,NULL,NULL,NULL,NULL
1551,2019-10-03 00:00:00,52234,B,11928,9255,2673,50,NULL,NULL,NULL,NULL,NULL,NULL
1552,2019-10-03 00:00:00,52235,B,9057.95,8366,691.95,0,NULL,NULL,NULL,NULL,NULL,NULL
1553,2019-09-23 00:00:00,52206,B,436,640,-204,0,NULL,NULL,NULL,NULL,NULL,NULL
1554,2019-08-30 00:00:00,52155,B,3574,2909.2,664.8,265.92,NULL,NULL,NULL,NULL,NULL,NULL
1555,2019-10-07 00:00:00,52238,B,1153.76,480,673.76,50,NULL,NULL,NULL,NULL,NULL,NULL
1556,2019-10-07 00:00:00,52159,B,917.7,905.9,11.8,0,NULL,NULL,NULL,NULL,NULL,NULL
1557,2019-10-07 00:00:00,52227,B,1666.24,800,866.24,346.496,NULL,NULL,NULL,NULL,NULL,NULL
1558,2019-10-08 00:00:00,52073,A,-187.2,0,-187.2,0,1757,S,-187.2,0,NULL,NULL
1559,2019-10-08 00:00:00,52087,A,-935.62,0,-935.62,0,1128,S,-935.62,0,NULL,NULL
1560,2019-09-17 00:00:00,52160,B,1190.2,1192.79,-2.59,0,NULL,NULL,NULL,NULL,NULL,NULL
1561,2019-10-10 00:00:00,52255,B,5452.2,4719,733.2,293.28,NULL,NULL,NULL,NULL,NULL,NULL
1562,2019-10-10 00:00:00,52029,B,3874.2,3149.36,724.84,0,NULL,NULL,NULL,NULL,NULL,NULL
1563,2019-10-10 00:00:00,52244,B,3130.2,1221.7,1908.5,667.975,NULL,NULL,NULL,NULL,NULL,NULL
1564,2019-10-10 00:00:00,52216,B,6183,4555.1,1627.9,50,NULL,NULL,NULL,NULL,NULL,NULL
1565,2019-10-15 00:00:00,52264,B,5828.8,3902.38,1926.42,0,NULL,NULL,NULL,NULL,NULL,NULL
1566,2019-10-15 00:00:00,52173,B,2047,1193.25,853.75,0,NULL,NULL,NULL,NULL,NULL,NULL
1567,2019-10-15 00:00:00,52205,B,6933.6,3201,3732.6,0,NULL,NULL,NULL,NULL,NULL,NULL
1568,2019-10-15 00:00:00,52207,B,571.8,442.18,129.62,0,NULL,NULL,NULL,NULL,NULL,NULL
1569,2019-10-15 00:00:00,52231,B,355.25,306.25,49,0,NULL,NULL,NULL,NULL,NULL,NULL
1570,2019-10-15 00:00:00,52242,B,4792.8,3994,798.8,319.52,NULL,NULL,NULL,NULL,NULL,NULL
1571,2019-10-15 00:00:00,52243,B,3664.7,1167.6,2497.1,873.985,NULL,NULL,NULL,NULL,NULL,NULL
1572,2019-10-15 00:00:00,52249,B,1618.61,1116.16,502.45,50,NULL,NULL,NULL,NULL,NULL,NULL
1573,2019-10-15 00:00:00,52258,B,1584,1155,429,50,NULL,NULL,NULL,NULL,NULL,NULL
1574,2019-10-15 00:00:00,52265,B,7459.4,6281.6,1177.8,0,NULL,NULL,NULL,NULL,NULL,NULL
1575,2019-10-15 00:00:00,52266,B,3152.8,1797.6,1355.2,542.08,NULL,NULL,NULL,NULL,NULL,NULL
1576,2019-10-15 00:00:00,52175,B,0,1555,-1555,0,NULL,NULL,NULL,NULL,NULL,NULL
1577,2019-10-15 00:00:00,52203,B,5893.57,4562.76,1330.81,465.784,NULL,NULL,NULL,NULL,NULL,NULL
1578,2019-10-15 00:00:00,52279,B,629.64,330,299.64,29.964,NULL,NULL,NULL,NULL,NULL,NULL
1579,2019-10-15 00:00:00,52219,B,1695.38,1602.2,93.18,32.613,NULL,NULL,NULL,NULL,NULL,NULL
1580,2019-10-15 00:00:00,52269,B,5296,4236.8,1059.2,373.68,NULL,NULL,NULL,NULL,NULL,NULL
1581,2019-10-15 00:00:00,52276,B,4288,3850.2,437.8,175.12,NULL,NULL,NULL,NULL,NULL,NULL
1582,2019-10-16 00:00:00,52254,B,5634.2,4859,775.2,310.08,NULL,NULL,NULL,NULL,NULL,NULL
1584,2019-10-16 00:00:00,52275,B,2016,1301.6,714.4,285.76,NULL,NULL,NULL,NULL,NULL,NULL
1585,2019-10-17 00:00:00,52259,B,5558.49,4360.66,1197.83,50,NULL,NULL,NULL,NULL,NULL,NULL
1586,2019-10-18 00:00:00,52185,B,948.74,910,38.74,0,NULL,NULL,NULL,NULL,NULL,NULL
1587,2019-10-18 00:00:00,52278,B,1887.25,1343.21,544.04,50,NULL,NULL,NULL,NULL,NULL,NULL
1588,2019-10-18 00:00:00,52218,B,1363.39,1300,63.39,22.187,NULL,NULL,NULL,NULL,NULL,NULL
1589,2019-10-18 00:00:00,52121,B,327.2,550,-222.8,0,NULL,NULL,NULL,NULL,NULL,NULL
1590,2019-10-18 00:00:00,52140,B,1602.72,1175,427.72,0,NULL,NULL,NULL,NULL,NULL,NULL
1591,2019-10-18 00:00:00,52284,B,13458,9506.4,3951.6,50,NULL,NULL,NULL,NULL,NULL,NULL
1592,2019-09-23 00:00:00,52192,B,8429.6,7962.9,466.7,0,NULL,NULL,NULL,NULL,NULL,NULL
1593,2019-10-01 00:00:00,52198,B,8299,7077.6,1221.4,0,NULL,NULL,NULL,NULL,NULL,NULL
1597,2019-10-23 00:00:00,52198,A,-193,0,-193,0,1630,S,-193,0,NULL,NULL
1598,2019-10-23 00:00:00,52283,B,11316.09,9374.2,1941.89,0,NULL,NULL,NULL,NULL,NULL,NULL
1599,2019-10-24 00:00:00,52270,B,7263,5585,1678,50,NULL,NULL,NULL,NULL,NULL,NULL
1600,2019-10-24 00:00:00,52280,B,3715.2,2577.8,1137.4,50,NULL,NULL,NULL,NULL,NULL,NULL
1601,2019-10-24 00:00:00,52281,B,3169.8,1956.4,1213.4,50,NULL,NULL,NULL,NULL,NULL,NULL
1602,2019-10-24 00:00:00,52289,B,7253.22,5766.6,1486.62,0,NULL,NULL,NULL,NULL,NULL,NULL
1603,2019-10-24 00:00:00,52290,B,7866,6624,1242,0,NULL,NULL,NULL,NULL,NULL,NULL
1604,2019-10-25 00:00:00,52245,B,3054,1217.6,1836.4,642.74,NULL,NULL,NULL,NULL,NULL,NULL
1605,2019-10-25 00:00:00,52251,B,3771,2680.75,1090.25,436.1,NULL,NULL,NULL,NULL,NULL,NULL
1606,2019-10-25 00:00:00,52253,B,5460,4725,735,294,NULL,NULL,NULL,NULL,NULL,NULL
1607,2019-10-25 00:00:00,52263,B,9708.48,2947.6,6760.88,2704.352,NULL,NULL,NULL,NULL,NULL,NULL
1608,2019-10-25 00:00:00,52274,B,10709.75,8973.15,1736.6,694.64,NULL,NULL,NULL,NULL,NULL,NULL
1609,2019-10-25 00:00:00,52298,B,3635.9,2505.93,1129.97,0,NULL,NULL,NULL,NULL,NULL,NULL
1610,2019-10-28 00:00:00,52271,B,3643,2914.4,728.6,0,NULL,NULL,NULL,NULL,NULL,NULL
1611,2019-10-28 00:00:00,52297,B,3852,2667,1185,414.75,NULL,NULL,NULL,NULL,NULL,NULL
1612,2019-10-28 00:00:00,52307,B,13994.74,13359.91,634.83,253.932,NULL,NULL,NULL,NULL,NULL,NULL
1613,2019-09-27 00:00:00,52071,B,5464.8,4542,922.8,369.12,NULL,NULL,NULL,NULL,NULL,NULL
1615,2019-10-29 00:00:00,52229,B,3028.08,2649.57,378.51,0,NULL,NULL,NULL,NULL,NULL,NULL
1616,2019-10-30 00:00:00,52252,B,5233.8,4551,682.8,273.12,NULL,NULL,NULL,NULL,NULL,NULL
1617,2019-10-30 00:00:00,52295,B,10323.25,8876.2,1447.05,506.468,NULL,NULL,NULL,NULL,NULL,NULL
1618,2019-10-30 00:00:00,52318,B,2878.4,2259.4,619,247.6,NULL,NULL,NULL,NULL,NULL,NULL
1620,2019-10-31 00:00:00,52285,B,10580,9522,1058,0,NULL,NULL,NULL,NULL,NULL,NULL
1621,2019-10-31 00:00:00,52291,B,7223.8,5983.84,1239.96,0,NULL,NULL,NULL,NULL,NULL,NULL
1622,2019-10-31 00:00:00,52317,B,1706.9,1075.2,631.7,252.68,NULL,NULL,NULL,NULL,NULL,NULL
1624,2019-10-23 00:00:00,52296,B,1859.85,1343.42,516.43,206.572,NULL,NULL,NULL,NULL,NULL,NULL
1625,2019-11-01 00:00:00,52303,B,3470,2429,1041,416.4,NULL,NULL,NULL,NULL,NULL,NULL
1626,2019-11-01 00:00:00,52261,B,12580.8,11159.43,1421.37,0,NULL,NULL,NULL,NULL,NULL,NULL
1627,2019-11-01 00:00:00,52282,B,6111,4888.8,1222.2,427.77,NULL,NULL,NULL,NULL,NULL,NULL
1628,2019-11-01 00:00:00,52300,B,3542.4,1299.6,2242.8,784.98,NULL,NULL,NULL,NULL,NULL,NULL
1629,2019-11-01 00:00:00,52305,B,2931.9,2224.2,707.7,283.08,NULL,NULL,NULL,NULL,NULL,NULL
1630,2019-11-01 00:00:00,52308,B,1004.76,988,16.76,5.866,NULL,NULL,NULL,NULL,NULL,NULL
1631,2019-11-04 00:00:00,52145,A,0,28.4,-28.4,0,1907,P,28.4,103699,NULL,NULL
1632,2019-11-04 00:00:00,52009,B,1582.62,1105.56,477.06,166.971,NULL,NULL,NULL,NULL,NULL,NULL
1633,2019-11-04 00:00:00,52193,B,7195.5,5486.88,1708.62,0,NULL,NULL,NULL,NULL,NULL,NULL
1635,2019-11-05 00:00:00,52175,A,0,-1555,1555,0,1578,P,-1555,103708,NULL,NULL
1636,2019-11-05 00:00:00,52110INV,B,460.18,460.18,0,0,NULL,NULL,NULL,NULL,NULL,NULL
1637,2019-11-05 00:00:00,52005INV,B,42.12,42.12,0,0,NULL,NULL,NULL,NULL,NULL,NULL
1638,2019-11-05 00:00:00,52007INV,B,347.82,347.82,0,0,NULL,NULL,NULL,NULL,NULL,NULL
1639,2019-11-05 00:00:00,52324,B,7403.4,4284.75,3118.65,0,NULL,NULL,NULL,NULL,NULL,NULL
1640,2019-11-05 00:00:00,52328,B,5179.2,4509,670.2,268.08,NULL,NULL,NULL,NULL,NULL,NULL
1641,2019-11-05 00:00:00,52096A,B,0,1050,-1050,-420,NULL,NULL,NULL,NULL,NULL,NULL
1642,2019-11-06 00:00:00,52311,B,5447,4692.5,754.5,50,NULL,NULL,NULL,NULL,NULL,NULL
1643,2019-11-06 00:00:00,52312,B,6065.8,5049.5,1016.3,50,NULL,NULL,NULL,NULL,NULL,NULL
1644,2019-11-06 00:00:00,52314,B,10567.5,9510.75,1056.75,0,NULL,NULL,NULL,NULL,NULL,NULL
1645,2019-11-07 00:00:00,52272,B,3862,2975.84,886.16,0,NULL,NULL,NULL,NULL,NULL,NULL
1646,2019-11-07 00:00:00,52320,B,4582.63,3142.57,1440.06,576.024,NULL,NULL,NULL,NULL,NULL,NULL
1647,2019-11-08 00:00:00,52334,B,1579.88,1122.6,457.28,0,NULL,NULL,NULL,NULL,NULL,NULL
1648,2019-11-08 00:00:00,52335,B,1739.32,1144.2,595.12,0,NULL,NULL,NULL,NULL,NULL,NULL
1650,2019-11-08 00:00:00,52149,B,7695.18,6030.12,1665.06,666.024,NULL,NULL,NULL,NULL,NULL,NULL
1651,2019-11-08 00:00:00,52250,B,4918.2,4398,520.2,208.08,NULL,NULL,NULL,NULL,NULL,NULL
1652,2019-11-08 00:00:00,52267,B,315.6,-123.9,439.5,0,NULL,NULL,NULL,NULL,NULL,NULL
1653,2019-10-23 00:00:00,52304,B,2455.2,1151.45,1303.75,521.5,NULL,NULL,NULL,NULL,NULL,NULL
1654,2019-11-08 00:00:00,52301,B,3126,1354,1772,620.2,NULL,NULL,NULL,NULL,NULL,NULL
1655,2019-11-08 00:00:00,52302,B,3169.2,1326.4,1842.8,644.98,NULL,NULL,NULL,NULL,NULL,NULL
1656,2019-11-11 00:00:00,52322,B,6336.96,5281.93,1055.03,422.012,NULL,NULL,NULL,NULL,NULL,NULL
1657,2019-11-12 00:00:00,52260,B,2821.5,1880,941.5,50,NULL,NULL,NULL,NULL,NULL,NULL
1658,2019-11-12 00:00:00,52327,B,5345.6,4637,708.6,283.44,NULL,NULL,NULL,NULL,NULL,NULL
1659,2019-11-12 00:00:00,52357,B,1218.8,1056.32,162.48,0,NULL,NULL,NULL,NULL,NULL,NULL
1660,2019-11-13 00:00:00,52306,B,8138.64,7511.69,626.95,0,NULL,NULL,NULL,NULL,NULL,NULL
1661,2019-11-13 00:00:00,52329,B,2992.8,2277,715.8,286.32,NULL,NULL,NULL,NULL,NULL,NULL
1662,2019-11-15 00:00:00,52195,B,7586.7,6732.85,853.85,0,NULL,NULL,NULL,NULL,NULL,NULL
1664,2019-11-15 00:00:00,52343,B,4092.4,3223.2,869.2,0,NULL,NULL,NULL,NULL,NULL,NULL
1665,2019-11-15 00:00:00,52349,B,13173.6,11753.4,1420.2,0,NULL,NULL,NULL,NULL,NULL,NULL
1666,2019-11-15 00:00:00,52319,B,361.21,750,-388.79,-155.516,NULL,NULL,NULL,NULL,NULL,NULL
1667,2019-11-18 00:00:00,52227,A,-0.1,0,-0.1,0,1104,S,-0.1,0,NULL,NULL
1669,2019-11-18 00:00:00,52186,B,1561.47,1325,236.47,0,NULL,NULL,NULL,NULL,NULL,NULL
1670,2019-11-18 00:00:00,52345,B,11112.51,9015.4,2097.11,0,NULL,NULL,NULL,NULL,NULL,NULL
1671,2019-11-19 00:00:00,51694,A,14.06,0,14.06,0,1774,S,14.06,0,NULL,NULL
1673,2019-11-19 00:00:00,52294,B,0,630,-630,0,NULL,NULL,NULL,NULL,NULL,NULL
1674,2019-11-19 00:00:00,52309,B,2079,1599.89,479.11,0,NULL,NULL,NULL,NULL,NULL,NULL
1675,2019-11-19 00:00:00,52123,B,4125,4000,125,0,NULL,NULL,NULL,NULL,NULL,NULL
1677,2019-11-19 00:00:00,52313,B,7844,3529.8,4314.2,1725.68,NULL,NULL,NULL,NULL,NULL,NULL
1678,2019-11-19 00:00:00,52365,B,2780.7,1968.65,812.05,50,NULL,NULL,NULL,NULL,NULL,NULL
1679,2019-11-19 00:00:00,52323,B,7861.14,4293.4,3567.74,50,NULL,NULL,NULL,NULL,NULL,NULL
1680,2019-11-20 00:00:00,52315,B,7669.73,6458.72,1211.01,0,NULL,NULL,NULL,NULL,NULL,NULL
1681,2019-11-20 00:00:00,52346,B,7841.49,6603.36,1238.13,0,NULL,NULL,NULL,NULL,NULL,NULL
1682,2019-11-21 00:00:00,52326,B,5379.4,4663,716.4,286.56,NULL,NULL,NULL,NULL,NULL,NULL
1683,2019-11-25 00:00:00,52293,B,4682.11,3625.5,1056.61,422.644,NULL,NULL,NULL,NULL,NULL,NULL
1684,2019-11-25 00:00:00,52316,B,7676,6464,1212,0,NULL,NULL,NULL,NULL,NULL,NULL
1685,2019-11-25 00:00:00,52348,B,1465.6,1192,273.6,95.76,NULL,NULL,NULL,NULL,NULL,NULL
1686,2019-11-25 00:00:00,52367,B,11343.93,9393.4,1950.53,0,NULL,NULL,NULL,NULL,NULL,NULL
1687,2019-11-25 00:00:00,52325,B,5457.4,4723,734.4,293.76,NULL,NULL,NULL,NULL,NULL,NULL
1689,2019-11-25 00:00:00,52280,F,-35,0,-35,0,1482,S,-35,NULL,2046,NULL
1690,2019-09-20 00:00:00,52217,A,0,151.82,-151.82,0,1515,P,151.82,103793,NULL,NULL
1691,2019-10-02 00:00:00,52219,A,0,302.2,-302.2,0,1515,P,302.2,103794,NULL,NULL
1692,2019-11-26 00:00:00,52347,B,7426.91,6254.24,1172.67,0,NULL,NULL,NULL,NULL,NULL,NULL
1693,2019-11-27 00:00:00,52364,B,10385,9346.5,1038.5,0,NULL,NULL,NULL,NULL,NULL,NULL
1694,2019-11-27 00:00:00,52388,B,3806.25,3675,131.25,0,NULL,NULL,NULL,NULL,NULL,NULL
1696,2019-11-27 00:00:00,52355,B,7520.2,6332.8,1187.4,0,NULL,NULL,NULL,NULL,NULL,NULL
1697,2019-11-27 00:00:00,52382,B,10340,9306,1034,0,NULL,NULL,NULL,NULL,NULL,NULL
1698,2019-12-03 00:00:00,52404,B,827.4,893.76,-66.36,-6.636,NULL,NULL,NULL,NULL,NULL,NULL
1699,2019-12-05 00:00:00,51809INV,B,259.68,259.68,0,0,NULL,NULL,NULL,NULL,NULL,NULL
1701,2019-12-05 00:00:00,52351,B,12788.48,11590.28,1198.2,0,NULL,NULL,NULL,NULL,NULL,NULL
1702,2019-11-27 00:00:00,52294,A,0,-630,630,0,1548,P,-630,103834,NULL,NULL
1703,2019-11-01 00:00:00,52319,A,0,-388.79,388.79,0,1831,P,-388.79,103870,NULL,NULL
1704,2019-12-31 00:00:00,52279,A,0,-41.42,41.42,0,1431,P,-41.42,103878,NULL,NULL
1705,2019-12-05 00:00:00,52247,B,2385,1841.84,543.16,0,NULL,NULL,NULL,NULL,NULL,NULL
1706,2019-12-06 00:00:00,52353,B,12454.2,11164.8,1289.4,0,NULL,NULL,NULL,NULL,NULL,NULL
1707,2019-12-09 00:00:00,51909,A,-891.16,0,-891.16,0,1549,S,-891.16,0,NULL,NULL
1708,2019-07-08 00:00:00,51996,B,7000,1630.59,5369.41,0,NULL,NULL,NULL,NULL,NULL,NULL
1709,2019-08-06 00:00:00,52118,B,15000,0,15000,0,NULL,NULL,NULL,NULL,NULL,NULL
1710,2019-09-09 00:00:00,52132INV,B,950,950,0,0,NULL,NULL,NULL,NULL,NULL,NULL
1712,2019-12-10 00:00:00,52432INV,B,850,850,0,-425,NULL,NULL,NULL,NULL,NULL,NULL
1714,2019-12-11 00:00:00,52342,B,12018.4,11053,965.4,386.16,NULL,NULL,NULL,NULL,NULL,NULL
1716,2019-12-11 00:00:00,52394,B,3947.4,3412.3,535.1,0,NULL,NULL,NULL,NULL,NULL,NULL
1717,2019-12-11 00:00:00,52403,B,6805.75,6075.54,730.21,73.021,NULL,NULL,NULL,NULL,NULL,NULL
1718,2019-12-12 00:00:00,52215,B,0,0,0,0,NULL,NULL,NULL,NULL,NULL,NULL
1720,2019-12-12 00:00:00,52187,B,1088.9,1325,-236.1,0,NULL,NULL,NULL,NULL,NULL,NULL
1721,2019-12-12 00:00:00,52310,B,506.41,380,126.41,0,NULL,NULL,NULL,NULL,NULL,NULL
1722,2019-12-12 00:00:00,52392,B,7540.8,6755.3,785.5,0,NULL,NULL,NULL,NULL,NULL,NULL
1723,2019-12-13 00:00:00,52410,B,2007.6,1450,557.6,223.04,NULL,NULL,NULL,NULL,NULL,NULL
1724,2019-12-13 00:00:00,52399,B,1979.1,1575,404.1,161.64,NULL,NULL,NULL,NULL,NULL,NULL
1725,2019-12-13 00:00:00,52395,B,11148.2,10351.9,796.3,0,NULL,NULL,NULL,NULL,NULL,NULL
1726,2019-12-13 00:00:00,52393,B,4428,3652,776,0,NULL,NULL,NULL,NULL,NULL,NULL
1727,2019-12-13 00:00:00,52138,B,1603,1000,603,0,NULL,NULL,NULL,NULL,NULL,NULL
1729,2019-12-13 00:00:00,52385INV,B,584.26,584.26,0,0,NULL,NULL,NULL,NULL,NULL,NULL
1730,2019-12-13 00:00:00,52385,B,800.58,-24.26,824.84,0,NULL,NULL,NULL,NULL,NULL,NULL
1731,2019-12-13 00:00:00,52161,B,0,1675,-1675,0,NULL,NULL,NULL,NULL,NULL,NULL
1732,2019-12-13 00:00:00,52288,B,3953.6,2888.08,1065.52,0,NULL,NULL,NULL,NULL,NULL,NULL
1733,2019-12-13 00:00:00,52376,B,1995.84,1572.4,423.44,148.204,NULL,NULL,NULL,NULL,NULL,NULL
1734,2019-12-13 00:00:00,52405,B,7348.5,5822.5,1526,50,NULL,NULL,NULL,NULL,NULL,NULL
1735,2019-11-25 00:00:00,52381,B,1674.4,800,874.4,349.76,NULL,NULL,NULL,NULL,NULL,NULL
1736,2019-12-13 00:00:00,52408,B,2388.24,1150,1238.24,495.296,NULL,NULL,NULL,NULL,NULL,NULL
1738,2019-12-13 00:00:00,52421,B,1751.5,1026.8,724.7,50,NULL,NULL,NULL,NULL,NULL,NULL
1739,2019-12-16 00:00:00,52175R,F,-35,0,-35,0,1482,S,-35,NULL,2076,NULL
1740,2019-12-18 00:00:00,52412,B,2957.6,2076,881.6,0,NULL,NULL,NULL,NULL,NULL,NULL
1741,2019-12-19 00:00:00,52411,B,1785.6,1450,335.6,134.24,NULL,NULL,NULL,NULL,NULL,NULL
1743,2019-12-19 00:00:00,52418,B,1090.43,389.44,700.99,70.099,NULL,NULL,NULL,NULL,NULL,NULL
1744,2019-12-19 00:00:00,52301,A,-6,0,-6,0,1104,S,-6,0,NULL,NULL
1745,2019-12-19 00:00:00,52302,A,-6,0,-6,0,1104,S,-6,0,NULL,NULL
1746,2019-11-19 00:00:00,52299,B,4138,3310.4,827.6,331.04,NULL,NULL,NULL,NULL,NULL,NULL
1747,2019-12-20 00:00:00,52386,B,23021.28,21487.04,1534.24,536.984,NULL,NULL,NULL,NULL,NULL,NULL
1748,2019-12-13 00:00:00,52413,B,2972.6,1195.5,1777.1,710.84,NULL,NULL,NULL,NULL,NULL,NULL
1750,2019-12-31 00:00:00,52400,B,14516.21,13843.53,672.68,50,NULL,NULL,NULL,NULL,NULL,NULL
1753,2019-12-30 00:00:00,52273,B,3539.2,2831.36,707.84,0,NULL,NULL,NULL,NULL,NULL,NULL
1754,2019-12-30 00:00:00,52417,B,1171.7,1100,71.7,0,NULL,NULL,NULL,NULL,NULL,NULL
1755,2019-12-30 00:00:00,52391,B,3254,2277.8,976.2,390.48,NULL,NULL,NULL,NULL,NULL,NULL
1756,2019-12-30 00:00:00,52384,B,4659.2,3515.6,1143.6,0,NULL,NULL,NULL,NULL,NULL,NULL
1757,2019-12-31 00:00:00,52279INV,B,41.42,41.42,0,0,NULL,NULL,NULL,NULL,NULL,NULL
1758,2019-12-31 00:00:00,52409,B,362.68,90.67,272.01,0,NULL,NULL,NULL,NULL,NULL,NULL
1759,2019-12-31 00:00:00,52425,B,12698.24,11433.68,1264.56,0,NULL,NULL,NULL,NULL,NULL,NULL
1760,2020-01-02 00:00:00,52395,A,-35,0,-35,0,1111,S,-35,0,NULL,NULL
1761,2020-01-02 00:00:00,52415,B,2305.8,1210,1095.8,438.32,NULL,NULL,NULL,NULL,NULL,NULL
1762,2019-12-10 00:00:00,52432,B,0,1414,-1414,-707,NULL,NULL,NULL,NULL,NULL,NULL
1763,2020-01-02 00:00:00,52416,B,1288.8,1100,188.8,0,NULL,NULL,NULL,NULL,NULL,NULL
1764,2020-01-02 00:00:00,52435,B,10492.5,9443.25,1049.25,0,NULL,NULL,NULL,NULL,NULL,NULL
1765,2020-01-02 00:00:00,52440B,B,1481.84,847.43,634.41,0,NULL,NULL,NULL,NULL,NULL,NULL
1769,2020-01-06 00:00:00,52268,B,3528,794.6,2733.4,0,NULL,NULL,NULL,NULL,NULL,NULL
1770,2020-01-06 00:00:00,52452,B,16437,15508,929,50,NULL,NULL,NULL,NULL,NULL,NULL
1771,2020-01-06 00:00:00,52443,B,5031.3,4638.74,392.56,0,NULL,NULL,NULL,NULL,NULL,NULL
1772,2020-01-06 00:00:00,52344,B,5369.6,1174.6,4195,1678,NULL,NULL,NULL,NULL,NULL,NULL
1773,2020-01-06 00:00:00,52398,B,3049.3,1744.72,1304.58,50,NULL,NULL,NULL,NULL,NULL,NULL
1774,2020-01-06 00:00:00,52439,B,4326.52,2906.6,1419.92,141.992,NULL,NULL,NULL,NULL,NULL,NULL
1775,2019-12-11 00:00:00,52374,B,6707.75,5941.15,766.6,76.66,NULL,NULL,NULL,NULL,NULL,NULL
1776,2020-01-08 00:00:00,52370,B,498.3,-451.3,949.6,0,NULL,NULL,NULL,NULL,NULL,NULL
1777,2020-01-08 00:00:00,52450,B,4346.43,2925.65,1420.78,50,NULL,NULL,NULL,NULL,NULL,NULL
1778,2020-01-08 00:00:00,52438,B,4465.78,2489.9,1975.88,0,NULL,NULL,NULL,NULL,NULL,NULL
1781,2020-01-08 00:00:00,52448,B,2013.3,1424,589.3,206.255,NULL,NULL,NULL,NULL,NULL,NULL
1782,2020-01-08 00:00:00,52445,B,4125,4000,125,0,NULL,NULL,NULL,NULL,NULL,NULL
1783,2020-01-08 00:00:00,52436,B,1524,844.08,679.92,271.968,NULL,NULL,NULL,NULL,NULL,NULL
1784,2020-01-08 00:00:00,52420,B,3993.55,2755.25,1238.3,123.83,NULL,NULL,NULL,NULL,NULL,NULL
1785,2020-01-09 00:00:00,52423,B,2616.3,2856.1,-239.8,0,NULL,NULL,NULL,NULL,NULL,NULL
1789,2020-01-10 00:00:00,52422,B,10981.65,8865.54,2116.11,0,NULL,NULL,NULL,NULL,NULL,NULL
1790,2020-01-10 00:00:00,52372,B,7107.14,5984.96,1122.18,0,NULL,NULL,NULL,NULL,NULL,NULL
1791,2020-01-10 00:00:00,52454,B,4452.69,3827.54,625.15,0,NULL,NULL,NULL,NULL,NULL,NULL
1792,2020-01-10 00:00:00,52426,B,1216.38,960,256.38,0,NULL,NULL,NULL,NULL,NULL,NULL
1793,2020-01-10 00:00:00,52444,B,3458.4,2036.95,1421.45,0,NULL,NULL,NULL,NULL,NULL,NULL
1794,2020-01-10 00:00:00,52371,B,12378.3,11472.57,905.73,0,NULL,NULL,NULL,NULL,NULL,NULL
1796,2020-02-27 00:00:00,52433,A,0,-150,150,0,1620,P,-150,104119,NULL,NULL
1798,2020-01-14 00:00:00,52292,B,0,0,0,0,NULL,NULL,NULL,NULL,NULL,NULL
1799,2020-01-14 00:00:00,52402,B,1472.86,1360,112.86,50,NULL,NULL,NULL,NULL,NULL,NULL
1800,2020-01-14 00:00:00,52456,B,4922.4,3686.4,1236,0,NULL,NULL,NULL,NULL,NULL,NULL
1801,2020-01-15 00:00:00,52457,B,2678.38,2693.84,-15.46,0,NULL,NULL,NULL,NULL,NULL,NULL
1803,2020-01-15 00:00:00,52471,B,4976.51,2682,2294.51,803.079,NULL,NULL,NULL,NULL,NULL,NULL
1804,2020-01-15 00:00:00,52472,B,405.99,90.22,315.77,0,NULL,NULL,NULL,NULL,NULL,NULL
1805,2019-12-20 00:00:00,52380,B,11580.24,11006.25,573.99,235.42,NULL,NULL,NULL,NULL,NULL,NULL
1806,2020-01-15 00:00:00,52380,A,14.56,0,14.56,0,1101,S,14.56,,NULL,NULL
1808,2020-01-15 00:00:00,52467,B,2284.98,1288.8,996.18,0,NULL,NULL,NULL,NULL,NULL,NULL
1811,2020-01-16 00:00:00,51736,A,28.6,0,28.6,0,1636,S,28.6,0,NULL,NULL
1812,2020-01-17 00:00:00,52279INV,A,-41.42,0,-41.42,0,1431,S,-41.42,0,NULL,NULL
1813,2020-01-17 00:00:00,52362,B,1583.48,1583.48,0,0,NULL,NULL,NULL,NULL,NULL,NULL
1814,2020-01-17 00:00:00,52397,B,2524.8,1964,560.8,50,NULL,NULL,NULL,NULL,NULL,NULL
1815,2020-01-17 00:00:00,52407,B,6669.78,5463.4,1206.38,0,NULL,NULL,NULL,NULL,NULL,NULL
1816,2020-01-17 00:00:00,52500,B,4488.77,3108.42,1380.35,50,NULL,NULL,NULL,NULL,NULL,NULL
1817,2020-01-17 00:00:00,52496,B,3425.62,2358.12,1067.5,0,NULL,NULL,NULL,NULL,NULL,NULL
1818,2020-01-17 00:00:00,52465,B,1687.5,1222.51,464.99,0,NULL,NULL,NULL,NULL,NULL,NULL
1819,2020-01-21 00:00:00,52437,B,1571.4,978.4,593,207.55,NULL,NULL,NULL,NULL,NULL,NULL
1820,2020-01-21 00:00:00,52451,B,1708,1365,343,137.2,NULL,NULL,NULL,NULL,NULL,NULL
1821,2020-01-21 00:00:00,52468,B,2331.44,2094.59,236.85,0,NULL,NULL,NULL,NULL,NULL,NULL
1822,2020-01-21 00:00:00,52470,B,8613.35,7232.6,1380.75,50,NULL,NULL,NULL,NULL,NULL,NULL
1823,2020-01-21 00:00:00,52488,B,2735.6,1181.44,1554.16,50,NULL,NULL,NULL,NULL,NULL,NULL
1824,2020-01-21 00:00:00,52513,B,4414.19,2918,1496.19,149.619,NULL,NULL,NULL,NULL,NULL,NULL
1825,2020-01-21 00:00:00,52464,B,1329.16,1127.86,201.3,0,NULL,NULL,NULL,NULL,NULL,NULL
1826,2020-01-21 00:00:00,52466,B,1155.2,880,275.2,110.08,NULL,NULL,NULL,NULL,NULL,NULL
1827,2020-01-21 00:00:00,52484,B,9383.24,8503.84,879.4,0,NULL,NULL,NULL,NULL,NULL,NULL
1828,2020-01-08 00:00:00,52379,B,11704.84,11045.75,659.09,263.636,NULL,NULL,NULL,NULL,NULL,NULL
1829,2020-01-22 00:00:00,52379,A,29.96,0,29.96,0,1101,S,29.96,,NULL,NULL
1830,2020-01-22 00:00:00,52282,A,-407.4,0,-407.4,0,1630,S,-407.4,0,NULL,NULL
1831,2020-01-22 00:00:00,52347,A,-3.04,0,-3.04,0,1630,S,-3.04,0,NULL,NULL
1833,2020-01-23 00:00:00,52389,B,1826.18,1523.13,303.05,0,NULL,NULL,NULL,NULL,NULL,NULL
1835,2020-01-23 00:00:00,52541,B,543.6,430,113.6,0,NULL,NULL,NULL,NULL,NULL,NULL
1836,2020-01-23 00:00:00,52501,B,16985,16329.6,655.4,262.16,NULL,NULL,NULL,NULL,NULL,NULL
1837,2020-01-09 00:00:00,52412,A,0,-221.5,221.5,0,1139,P,-221.5,103968,NULL,NULL
1838,2020-01-23 00:00:00,52523,B,1116,0,1116,446.4,NULL,NULL,NULL,NULL,NULL,NULL
1839,2019-12-31 00:00:00,51674,A,-1115,0,-1115,0,1582,S,-1115,0,NULL,NULL
1840,2019-12-31 00:00:00,51695,A,-2212,0,-2212,0,1582,S,-2212,0,NULL,NULL
1841,2019-12-31 00:00:00,51696,A,-1781,0,-1781,0,1582,S,-1781,0,NULL,NULL
1842,2019-12-12 00:00:00,52214,B,0,0,0,0,NULL,NULL,NULL,NULL,NULL,NULL
1843,2020-01-27 00:00:00,52187,A,-6,0,-6,0,1104,S,-6,0,NULL,NULL
1844,2020-01-27 00:00:00,52258,A,-728.65,0,-728.65,0,1712,S,-728.65,0,NULL,NULL
1845,2020-01-28 00:00:00,52507,B,7027.8,5695.4,1332.4,0,NULL,NULL,NULL,NULL,NULL,NULL
1846,2020-01-28 00:00:00,52248,B,2901.3,2106.93,794.37,0,NULL,NULL,NULL,NULL,NULL,NULL
1847,2020-01-28 00:00:00,52485,B,9413.8,8558,855.8,0,NULL,NULL,NULL,NULL,NULL,NULL
1848,2020-01-28 00:00:00,52486,B,5939.5,4532.5,1407,0,NULL,NULL,NULL,NULL,NULL,NULL
1849,2020-01-29 00:00:00,52542,B,4307.38,2857.9,1449.48,144.948,NULL,NULL,NULL,NULL,NULL,NULL
1850,2020-01-29 00:00:00,52527,B,3756.5,2420,1336.5,50,NULL,NULL,NULL,NULL,NULL,NULL
1851,2020-01-29 00:00:00,52540,B,4473.26,2947,1526.26,152.626,NULL,NULL,NULL,NULL,NULL,NULL
1852,2020-01-29 00:00:00,52511,B,3330.1,933.01,2397.09,958.836,NULL,NULL,NULL,NULL,NULL,NULL
1853,2020-01-29 00:00:00,52414,B,2177.28,1345,832.28,332.912,NULL,NULL,NULL,NULL,NULL,NULL
1854,2020-01-28 00:00:00,52509,B,1964.3,1150,814.3,325.72,NULL,NULL,NULL,NULL,NULL,NULL
1855,2020-01-29 00:00:00,52508,B,5748,4922.84,825.16,0,NULL,NULL,NULL,NULL,NULL,NULL
1856,2020-01-29 00:00:00,52504,B,6638.88,4979.16,1659.72,50,NULL,NULL,NULL,NULL,NULL,NULL
1859,2020-01-08 00:00:00,52377,B,1670.48,1641.2,29.28,10.248,NULL,NULL,NULL,NULL,NULL,NULL
1860,2020-01-31 00:00:00,52331,B,0,525,-525,0,NULL,NULL,NULL,NULL,NULL,NULL
1861,2020-01-31 00:00:00,52330,B,0,525,-525,0,NULL,NULL,NULL,NULL,NULL,NULL
1862,2020-01-29 00:00:00,52502,B,6625.6,4981.68,1643.92,50,NULL,NULL,NULL,NULL,NULL,NULL
1863,2020-01-31 00:00:00,52503,B,6708.8,5020.92,1687.88,50,NULL,NULL,NULL,NULL,NULL,NULL
1864,2020-01-31 00:00:00,52455,B,1650.8,666.32,984.48,0,NULL,NULL,NULL,NULL,NULL,NULL
1865,2020-01-31 00:00:00,52547,B,1575.34,895,680.34,272.136,NULL,NULL,NULL,NULL,NULL,NULL
1866,2020-01-31 00:00:00,52531,B,602.4,-179.4,781.8,0,NULL,NULL,NULL,NULL,NULL,NULL
1867,2020-01-31 00:00:00,52505,B,4922,4280,642,0,NULL,NULL,NULL,NULL,NULL,NULL
1869,2020-01-23 00:00:00,52446,B,8154.42,5826.78,2327.64,0,NULL,NULL,NULL,NULL,NULL,NULL
1871,2020-02-03 00:00:00,52396,B,2260.68,2026.63,234.05,0,NULL,NULL,NULL,NULL,NULL,NULL
1873,2020-02-04 00:00:00,52479,B,7595.1,5992.44,1602.66,641.064,NULL,NULL,NULL,NULL,NULL,NULL
1875,2020-02-04 00:00:00,52571,B,5197.5,4002.5,1195,0,NULL,NULL,NULL,NULL,NULL,NULL
1877,2020-02-05 00:00:00,52378,B,1735.68,1571,164.68,57.638,NULL,NULL,NULL,NULL,NULL,NULL
1879,2020-02-03 00:00:00,52570,B,1506,875,631,50,NULL,NULL,NULL,NULL,NULL,NULL
1880,2020-02-05 00:00:00,52559,B,2967.93,2395.96,571.97,0,NULL,NULL,NULL,NULL,NULL,NULL
1881,2020-02-05 00:00:00,52545,B,3603.6,1807.4,1796.2,0,NULL,NULL,NULL,NULL,NULL,NULL
1882,2020-02-05 00:00:00,52517,B,1955.8,1475,480.8,192.32,NULL,NULL,NULL,NULL,NULL,NULL
1883,2020-02-05 00:00:00,52552,B,1527.05,604.82,922.23,0,NULL,NULL,NULL,NULL,NULL,NULL
1884,2020-02-05 00:00:00,52543,B,3841.31,2393.88,1447.43,0,NULL,NULL,NULL,NULL,NULL,NULL
1885,2020-02-06 00:00:00,52554,B,1963.44,1480,483.44,50,NULL,NULL,NULL,NULL,NULL,NULL
1886,2020-02-06 00:00:00,52577,B,237.84,-85.17,323.01,0,NULL,NULL,NULL,NULL,NULL,NULL
1887,2020-02-06 00:00:00,52366A,B,0,1425,-1425,0,NULL,NULL,NULL,NULL,NULL,NULL
1888,2020-02-06 00:00:00,52514,B,4125.9,3499.2,626.7,0,NULL,NULL,NULL,NULL,NULL,NULL
1891,2020-02-06 00:00:00,52366,B,0,750,-750,0,NULL,NULL,NULL,NULL,NULL,NULL
1892,2020-02-07 00:00:00,52447,B,10379,8773.2,1605.8,0,NULL,NULL,NULL,NULL,NULL,NULL
1893,2020-02-07 00:00:00,52497,B,5276.5,3051.8,2224.7,50,NULL,NULL,NULL,NULL,NULL,NULL
1894,2020-02-07 00:00:00,52489,B,932,569.6,362.4,50,NULL,NULL,NULL,NULL,NULL,NULL
1895,2020-02-07 00:00:00,52480,B,7764.3,6121.2,1643.1,657.24,NULL,NULL,NULL,NULL,NULL,NULL
1896,2020-02-07 00:00:00,52518,B,2483.36,1475,1008.36,403.344,NULL,NULL,NULL,NULL,NULL,NULL
1897,2020-02-07 00:00:00,52519,B,1973.58,1475,498.58,199.432,NULL,NULL,NULL,NULL,NULL,NULL
1898,2020-02-07 00:00:00,52520,B,2278.8,1475,803.8,321.52,NULL,NULL,NULL,NULL,NULL,NULL
1899,2020-02-07 00:00:00,52526,B,1821.22,1146.62,674.6,50,NULL,NULL,NULL,NULL,NULL,NULL
1902,2020-02-07 00:00:00,52493,B,7218.75,5981.25,1237.5,0,NULL,NULL,NULL,NULL,NULL,NULL
1903,2020-02-07 00:00:00,52521,B,7748,7107.7,640.3,256.12,NULL,NULL,NULL,NULL,NULL,NULL
1904,2020-02-07 00:00:00,52525,B,4240,2447.8,1792.2,0,NULL,NULL,NULL,NULL,NULL,NULL
1905,2020-02-07 00:00:00,52532,B,364,-101,465,0,NULL,NULL,NULL,NULL,NULL,NULL
1906,2020-02-07 00:00:00,52524,B,4004,2447.4,1556.6,0,NULL,NULL,NULL,NULL,NULL,NULL
1907,2020-02-07 00:00:00,52539,B,50.4,-238.48,288.88,0,NULL,NULL,NULL,NULL,NULL,NULL
1908,2020-02-07 00:00:00,52546,B,5461.54,4681.32,780.22,273.077,NULL,NULL,NULL,NULL,NULL,NULL
1910,2020-02-04 00:00:00,51957,B,0,3950,-3950,0,NULL,NULL,NULL,NULL,NULL,NULL
1911,2020-02-10 00:00:00,52569,B,2827.2,1351.8,1475.4,50,NULL,NULL,NULL,NULL,NULL,NULL
1913,2020-02-11 00:00:00,52539INV,B,648.48,648.48,0,0,NULL,NULL,NULL,NULL,NULL,NULL
1914,2020-02-11 00:00:00,52568,B,3757.6,1966,1791.6,627.06,NULL,NULL,NULL,NULL,NULL,NULL
1915,2020-02-11 00:00:00,52368,B,4500.27,3624.49,875.78,0,NULL,NULL,NULL,NULL,NULL,NULL
1916,2020-02-11 00:00:00,52550,B,2808.96,1686.72,1122.24,0,NULL,NULL,NULL,NULL,NULL,NULL
1917,2020-02-11 00:00:00,52510,B,2396.4,1597.6,798.8,0,NULL,NULL,NULL,NULL,NULL,NULL
1919,2020-02-13 00:00:00,52512,B,6099,5193.2,905.8,362.32,NULL,NULL,NULL,NULL,NULL,NULL
1920,2020-02-13 00:00:00,52572,B,4288,3480.4,807.6,282.66,NULL,NULL,NULL,NULL,NULL,NULL
1921,2020-03-12 00:00:00,52366,A,0,-750,750,0,1930,P,-750,104178,NULL,NULL
1922,2020-03-12 00:00:00,52366A,A,0,-1425,1425,0,1930,P,-1425,104177,NULL,NULL
1923,2020-02-13 00:00:00,52585,B,3724.84,2013.6,1711.24,0,NULL,NULL,NULL,NULL,NULL,NULL
1925,2020-02-14 00:00:00,52563,B,5083.32,3690,1393.32,139.332,NULL,NULL,NULL,NULL,NULL,NULL
1926,2020-02-14 00:00:00,52586,B,2503.6,1351,1152.6,0,NULL,NULL,NULL,NULL,NULL,NULL
1927,2020-02-17 00:00:00,52638,A,0,-6630.76,6630.76,0,1645,P,-6630.76,104075,NULL,NULL
1928,2020-02-14 00:00:00,52638,B,0,0,0,0,NULL,NULL,NULL,NULL,NULL,NULL
1929,2020-02-17 00:00:00,52596,B,2185,1389.5,795.5,50,NULL,NULL,NULL,NULL,NULL,NULL
1930,2020-02-04 00:00:00,52516,B,2087.5,1475,612.5,245,NULL,NULL,NULL,NULL,NULL,NULL
1931,2020-02-19 00:00:00,52584,B,3045,1895,1150,0,NULL,NULL,NULL,NULL,NULL,NULL
1932,2020-02-20 00:00:00,52553,B,4081.88,2755.4,1326.48,132.648,NULL,NULL,NULL,NULL,NULL,NULL
1933,2020-02-20 00:00:00,52566,B,4420.57,2908.42,1512.15,50,NULL,NULL,NULL,NULL,NULL,NULL
1934,2020-02-20 00:00:00,52581,B,4039.2,3366,673.2,235.62,NULL,NULL,NULL,NULL,NULL,NULL
1935,2020-02-20 00:00:00,52606,B,4694.47,3100.2,1594.27,0,NULL,NULL,NULL,NULL,NULL,NULL
1936,2020-02-20 00:00:00,52589,B,3523.2,2109.4,1413.8,0,NULL,NULL,NULL,NULL,NULL,NULL
1937,2020-02-20 00:00:00,52591,B,4378.44,3285.8,1092.64,0,NULL,NULL,NULL,NULL,NULL,NULL
1938,2020-02-20 00:00:00,52605,B,10175.6,9848.6,327,0,NULL,NULL,NULL,NULL,NULL,NULL
1939,2020-02-21 00:00:00,52499,B,569.62,550,19.62,7.848,NULL,NULL,NULL,NULL,NULL,NULL
1940,2020-02-21 00:00:00,52548,B,7526.01,6411,1115.01,0,NULL,NULL,NULL,NULL,NULL,NULL
1941,2020-02-21 00:00:00,52551,B,3884,3157.2,726.8,0,NULL,NULL,NULL,NULL,NULL,NULL
1942,2020-02-21 00:00:00,52602,B,4429,2755.75,1673.25,50,NULL,NULL,NULL,NULL,NULL,NULL
1943,2020-02-21 00:00:00,52474,B,3448.8,1986.9,1461.9,584.76,NULL,NULL,NULL,NULL,NULL,NULL
1944,2020-02-21 00:00:00,52588,B,2535.92,1679.9,856.02,0,NULL,NULL,NULL,NULL,NULL,NULL
1945,2020-02-24 00:00:00,52541,F,-35,0,-35,0,1482,S,-35,NULL,2147,NULL
1946,2020-02-25 00:00:00,52604,B,322.1,0,322.1,0,NULL,NULL,NULL,NULL,NULL,NULL
1947,2020-02-26 00:00:00,52494,B,7082.08,5868.01,1214.07,0,NULL,NULL,NULL,NULL,NULL,NULL
1948,2020-02-26 00:00:00,52575,B,527.02,550,-22.98,-9.192,NULL,NULL,NULL,NULL,NULL,NULL
1950,2020-02-26 00:00:00,52623,B,4613.4,3946.2,667.2,0,NULL,NULL,NULL,NULL,NULL,NULL
1951,2020-02-26 00:00:00,52625,B,4067.47,2702.4,1365.07,50,NULL,NULL,NULL,NULL,NULL,NULL
1952,2020-02-26 00:00:00,52573,B,1883,753.2,1129.8,395.43,NULL,NULL,NULL,NULL,NULL,NULL
1954,2020-02-26 00:00:00,52627,B,4272.95,3144.93,1128.02,0,NULL,NULL,NULL,NULL,NULL,NULL
1955,2020-02-26 00:00:00,52515,B,1595.16,1059.9,535.26,214.104,NULL,NULL,NULL,NULL,NULL,NULL
1956,2020-02-27 00:00:00,52601,B,745.89,371.1,374.79,0,NULL,NULL,NULL,NULL,NULL,NULL
2956,2020-02-27 00:00:00,52555,B,1631.34,1089.8,541.54,189.539,NULL,NULL,NULL,NULL,NULL,NULL
2957,2020-02-27 00:00:00,52587,B,1575.94,880.4,695.54,243.439,NULL,NULL,NULL,NULL,NULL,NULL
2958,2020-02-27 00:00:00,52590,B,2309.12,1445.75,863.37,345.348,NULL,NULL,NULL,NULL,NULL,NULL
2959,2020-02-27 00:00:00,52595,B,2276.4,1337.6,938.8,328.58,NULL,NULL,NULL,NULL,NULL,NULL
2960,2020-02-28 00:00:00,52579,B,2318.04,1450,868.04,347.216,NULL,NULL,NULL,NULL,NULL,NULL
2961,2020-02-28 00:00:00,52580,B,2041.84,1450,591.84,236.736,NULL,NULL,NULL,NULL,NULL,NULL
2962,2020-02-28 00:00:00,52561,B,4884.44,3580.8,1303.64,130.364,NULL,NULL,NULL,NULL,NULL,NULL
2964,2020-02-28 00:00:00,52446,A,-2219.61,0,-2219.61,0,1697,S,-2219.61,0,NULL,NULL
2965,2020-02-28 00:00:00,52576,B,2630.5,895,1735.5,694.2,NULL,NULL,NULL,NULL,NULL,NULL
2966,2020-02-28 00:00:00,52582,B,10720.14,9773.75,946.39,0,NULL,NULL,NULL,NULL,NULL,NULL
2967,2020-02-28 00:00:00,52622,B,2060,824,1236,0,NULL,NULL,NULL,NULL,NULL,NULL
2968,2020-02-28 00:00:00,52626,B,3939.76,2650.8,1288.96,128.896,NULL,NULL,NULL,NULL,NULL,NULL
2969,2020-02-28 00:00:00,52629,B,3963.52,2696.6,1266.92,0,NULL,NULL,NULL,NULL,NULL,NULL
2970,2020-03-02 00:00:00,52577INV,B,85.17,85.17,0,0,NULL,NULL,NULL,NULL,NULL,NULL
2971,2020-03-03 00:00:00,52557,B,4287.36,3874.8,412.56,144.396,NULL,NULL,NULL,NULL,NULL,NULL
2974,2020-03-03 00:00:00,52650,B,2192.75,1757.75,435,50,NULL,NULL,NULL,NULL,NULL,NULL
2977,2020-03-04 00:00:00,52574,A,-798.4,0,-798.4,0,1933,S,-798.4,0,NULL,NULL
2978,2020-02-10 00:00:00,52574,B,4901.04,3758.94,1142.1,0,NULL,NULL,NULL,NULL,NULL,NULL
2979,2020-03-04 00:00:00,52583,B,5902.23,4805.22,1097.01,0,NULL,NULL,NULL,NULL,NULL,NULL
2980,2020-03-04 00:00:00,52608,B,9171.8,8338,833.8,0,NULL,NULL,NULL,NULL,NULL,NULL
2981,2020-03-04 00:00:00,52628,B,5046.47,3496.9,1549.57,0,NULL,NULL,NULL,NULL,NULL,NULL
2982,2020-03-04 00:00:00,52648,B,2090.45,1265,825.45,0,NULL,NULL,NULL,NULL,NULL,NULL
2983,2020-03-04 00:00:00,52635,B,938.16,600,338.16,50,NULL,NULL,NULL,NULL,NULL,NULL
2984,2020-03-04 00:00:00,52636,B,925.86,600,325.86,50,NULL,NULL,NULL,NULL,NULL,NULL
2985,2020-03-05 00:00:00,52655,B,2422.25,2065.02,357.23,0,NULL,NULL,NULL,NULL,NULL,NULL
2986,2020-03-05 00:00:00,52647,B,2845,1695,1150,0,NULL,NULL,NULL,NULL,NULL,NULL
2989,2020-03-09 00:00:00,52428,B,4065.6,3767.36,298.24,0,NULL,NULL,NULL,NULL,NULL,NULL
2990,2020-03-09 00:00:00,52681,B,7320.6,4635.25,2685.35,0,NULL,NULL,NULL,NULL,NULL,NULL
2991,2020-03-09 00:00:00,52630,B,4202.88,2814,1388.88,0,NULL,NULL,NULL,NULL,NULL,NULL
2992,2020-03-09 00:00:00,52657,B,141.05,0,141.05,0,NULL,NULL,NULL,NULL,NULL,NULL
2993,2020-03-06 00:00:00,52654,B,1257.85,722.26,535.59,187.457,NULL,NULL,NULL,NULL,NULL,NULL
2994,2020-03-09 00:00:00,52644,B,1033.58,1413.36,-379.78,-151.912,NULL,NULL,NULL,NULL,NULL,NULL
2996,2020-03-05 00:00:00,52537,B,-1245,-1245,0,0,NULL,NULL,NULL,NULL,NULL,NULL
2997,2020-03-03 00:00:00,52651,B,1290.53,798.05,492.48,0,NULL,NULL,NULL,NULL,NULL,NULL
2999,2020-03-10 00:00:00,52730,B,598.8,0,598.8,0,NULL,NULL,NULL,NULL,NULL,NULL
3000,2020-03-10 00:00:00,52453,B,0,0,0,0,NULL,NULL,NULL,NULL,NULL,NULL
3001,2020-03-11 00:00:00,52632,B,1504.02,893.67,610.35,0,NULL,NULL,NULL,NULL,NULL,NULL
3003,2020-02-04 00:00:00,52406,B,9267.75,8443.95,823.8,0,NULL,NULL,NULL,NULL,NULL,NULL
3006,2020-02-07 00:00:00,52492,B,7346.33,6086.96,1259.37,0,NULL,NULL,NULL,NULL,NULL,NULL
3007,2020-02-07 00:00:00,52491,B,7573.13,6190.63,1382.5,0,NULL,NULL,NULL,NULL,NULL,NULL
3008,2020-02-14 00:00:00,52549,B,9018.9,8403.98,614.92,0,NULL,NULL,NULL,NULL,NULL,NULL
3009,2020-02-05 00:00:00,52506,B,9306.22,8671.71,634.51,0,NULL,NULL,NULL,NULL,NULL,NULL
3010,2020-03-11 00:00:00,52653,B,2544,1132.2,1411.8,0,NULL,NULL,NULL,NULL,NULL,NULL
3012,2020-03-12 00:00:00,52664,B,1436.29,1025,411.29,50,NULL,NULL,NULL,NULL,NULL,NULL
3013,2020-03-12 00:00:00,52366AINV,B,1425,1425,0,0,NULL,NULL,NULL,NULL,NULL,NULL
3014,2020-03-12 00:00:00,52366INV,B,750,750,0,0,NULL,NULL,NULL,NULL,NULL,NULL
3015,2020-03-10 00:00:00,52641,B,4753.8,3808.05,945.75,0,NULL,NULL,NULL,NULL,NULL,NULL
3016,2020-03-12 00:00:00,52663,B,4020,2614.92,1405.08,0,NULL,NULL,NULL,NULL,NULL,NULL
3017,2020-03-12 00:00:00,52688,B,4212.12,3413.5,798.62,0,NULL,NULL,NULL,NULL,NULL,NULL
3019,2020-03-13 00:00:00,52656,B,1645,975,670,0,NULL,NULL,NULL,NULL,NULL,NULL
3020,2020-03-13 00:00:00,52691,B,3896.42,3257.6,638.82,0,NULL,NULL,NULL,NULL,NULL,NULL
3023,2020-03-12 00:00:00,52645,B,1821.66,1413.36,408.3,163.32,NULL,NULL,NULL,NULL,NULL,NULL
3024,2020-03-13 00:00:00,52658,B,4400.7,3761.7,639,0,NULL,NULL,NULL,NULL,NULL,NULL
3025,2020-03-13 00:00:00,52678,B,2654.4,1557.6,1096.8,0,NULL,NULL,NULL,NULL,NULL,NULL
3026,2020-03-13 00:00:00,52692,B,9103.6,8276,827.6,0,NULL,NULL,NULL,NULL,NULL,NULL
3027,2020-03-18 00:00:00,52695,B,885.71,733.06,152.65,50,NULL,NULL,NULL,NULL,NULL,NULL
3029,2020-03-03 00:00:00,52643,B,1704.42,1728.36,-23.94,-9.576,NULL,NULL,NULL,NULL,NULL,NULL
3030,2020-03-20 00:00:00,52481,B,7684.38,6017.92,1666.46,666.584,NULL,NULL,NULL,NULL,NULL,NULL
3032,2020-03-20 00:00:00,52603,B,5142,4742.4,399.6,50,NULL,NULL,NULL,NULL,NULL,NULL
3033,2020-03-20 00:00:00,52631,B,4939.66,3145.3,1794.36,179.436,NULL,NULL,NULL,NULL,NULL,NULL
3035,2020-03-23 00:00:00,52666,B,2052.4,1790,262.4,104.96,NULL,NULL,NULL,NULL,NULL,NULL
3036,2020-03-23 00:00:00,52735,B,2321.25,1702.25,619,50,NULL,NULL,NULL,NULL,NULL,NULL
3037,2020-03-23 00:00:00,52535,B,2195.2,1100,1095.2,0,NULL,NULL,NULL,NULL,NULL,NULL
3038,2020-03-23 00:00:00,52672,B,3586.8,1884,1702.8,595.98,NULL,NULL,NULL,NULL,NULL,NULL
3039,2020-03-23 00:00:00,52722,B,4671.37,3801.2,870.17,304.56,NULL,NULL,NULL,NULL,NULL,NULL
3040,2020-03-23 00:00:00,52429,B,3451.4,2761.12,690.28,0,NULL,NULL,NULL,NULL,NULL,NULL
3041,2020-03-23 00:00:00,52717,B,4792.15,4307.5,484.65,169.628,NULL,NULL,NULL,NULL,NULL,NULL
3042,2020-03-23 00:00:00,52702,B,2196.96,1575,621.96,248.784,NULL,NULL,NULL,NULL,NULL,NULL
3043,2020-03-23 00:00:00,52698,B,2782.6,1413.3,1369.3,0,NULL,NULL,NULL,NULL,NULL,NULL
3044,2020-03-23 00:00:00,52534,B,1971.2,1050,921.2,0,NULL,NULL,NULL,NULL,NULL,NULL
3045,2020-03-23 00:00:00,52642,B,2830.08,1260,1570.08,628.032,NULL,NULL,NULL,NULL,NULL,NULL
3046,2020-03-23 00:00:00,52693,B,7175.7,5701.5,1474.2,0,NULL,NULL,NULL,NULL,NULL,NULL
3047,2020-03-23 00:00:00,52652,B,9387.22,8507.8,879.42,0,NULL,NULL,NULL,NULL,NULL,NULL
3049,2020-03-23 00:00:00,52649,B,4433.1,2824.4,1608.7,643.48,NULL,NULL,NULL,NULL,NULL,NULL
3052,2020-03-24 00:00:00,52736,B,1645.62,1216.86,428.76,0,NULL,NULL,NULL,NULL,NULL,NULL
3053,2020-03-24 00:00:00,52714,B,1705.55,1414.83,290.72,0,NULL,NULL,NULL,NULL,NULL,NULL
3054,2020-03-24 00:00:00,52603,A,0,-907.2,907.2,0,2005,P,-907.2,104222,NULL,NULL
3055,2020-03-24 00:00:00,52749,B,4304,3239,1065,0,NULL,NULL,NULL,NULL,NULL,NULL
3056,2020-03-24 00:00:00,52746,B,0,908.3,-908.3,-454.15,NULL,NULL,NULL,NULL,NULL,NULL
3057,2020-03-12 00:00:00,52745,B,0,908.3,-908.3,-454.15,NULL,NULL,NULL,NULL,NULL,NULL
3060,2020-03-25 00:00:00,52594,B,12821.6,12238.6,583,0,NULL,NULL,NULL,NULL,NULL,NULL
3061,2020-03-25 00:00:00,52719,B,1151.99,695,456.99,50,NULL,NULL,NULL,NULL,NULL,NULL
3062,2020-03-25 00:00:00,52634,B,1172.9,850,322.9,0,NULL,NULL,NULL,NULL,NULL,NULL
3063,2020-03-25 00:00:00,52733,B,2109.06,1062.33,1046.73,0,NULL,NULL,NULL,NULL,NULL,NULL
3064,2020-03-25 00:00:00,52734,B,1707.75,674.1,1033.65,0,NULL,NULL,NULL,NULL,NULL,NULL
3065,2020-03-25 00:00:00,52737,B,1912.08,1058.4,853.68,298.788,NULL,NULL,NULL,NULL,NULL,NULL
3066,2020-03-26 00:00:00,52673,B,4804.08,4209.62,594.46,50,NULL,NULL,NULL,NULL,NULL,NULL
3067,2020-03-26 00:00:00,52427,B,4732.2,4263.68,468.52,0,NULL,NULL,NULL,NULL,NULL,NULL
3068,2020-03-26 00:00:00,52756,B,4842.2,3936.6,905.6,362.24,NULL,NULL,NULL,NULL,NULL,NULL
3069,2020-03-26 00:00:00,52728,B,8980.4,8164,816.4,0,NULL,NULL,NULL,NULL,NULL,NULL
3070,2020-03-26 00:00:00,52727,B,4068,2847.6,1220.4,0,NULL,NULL,NULL,NULL,NULL,NULL
3071,2020-03-26 00:00:00,52711,B,2405.38,1150,1255.38,502.152,NULL,NULL,NULL,NULL,NULL,NULL
3072,2020-03-26 00:00:00,52703,B,2072.76,1380,692.76,50,NULL,NULL,NULL,NULL,NULL,NULL
3073,2020-03-26 00:00:00,52701,B,2035.82,1575,460.82,184.328,NULL,NULL,NULL,NULL,NULL,NULL
3074,2020-03-26 00:00:00,52597,B,1592.64,1275,317.64,0,NULL,NULL,NULL,NULL,NULL,NULL
3075,2020-03-26 00:00:00,52621,B,1304.1,719.6,584.5,204.575,NULL,NULL,NULL,NULL,NULL,NULL
3076,2020-03-26 00:00:00,52683,B,5911.36,5066.88,844.48,295.568,NULL,NULL,NULL,NULL,NULL,NULL
3077,2020-03-26 00:00:00,52699,B,1719.58,1445.75,273.83,109.532,NULL,NULL,NULL,NULL,NULL,NULL
3078,2020-03-26 00:00:00,52700,B,1942.92,1377.2,565.72,226.288,NULL,NULL,NULL,NULL,NULL,NULL
3079,2020-02-28 00:00:00,52618,B,4767.9,3444.22,1323.68,50,NULL,NULL,NULL,NULL,NULL,NULL
3080,2020-03-26 00:00:00,52607,B,2145.75,1716.6,429.15,98.49,NULL,NULL,NULL,NULL,NULL,NULL
3081,2020-03-26 00:00:00,52674,B,3425.04,1640,1785.04,0,NULL,NULL,NULL,NULL,NULL,NULL
3082,2020-03-26 00:00:00,52716,B,255.5,173.74,81.76,0,NULL,NULL,NULL,NULL,NULL,NULL
3084,2020-03-26 00:00:00,52752,B,4741.55,3666.83,1074.72,0,NULL,NULL,NULL,NULL,NULL,NULL
3085,2020-03-27 00:00:00,52689,B,3122.46,1850.44,1272.02,0,NULL,NULL,NULL,NULL,NULL,NULL
3086,2020-03-27 00:00:00,52725,B,4334,3758,576,0,NULL,NULL,NULL,NULL,NULL,NULL
3087,2020-03-27 00:00:00,52751,B,4529.8,3241.7,1288.1,0,NULL,NULL,NULL,NULL,NULL,NULL
3088,2020-03-27 00:00:00,52758,B,3238.4,2025.2,1213.2,0,NULL,NULL,NULL,NULL,NULL,NULL
3090,2020-03-30 00:00:00,52706,B,2165.76,1575,590.76,236.304,NULL,NULL,NULL,NULL,NULL,NULL
3091,2020-03-30 00:00:00,52708,B,2001,1575,426,170.4,NULL,NULL,NULL,NULL,NULL,NULL
3092,2020-03-30 00:00:00,52768,B,578,675,-97,0,NULL,NULL,NULL,NULL,NULL,NULL
3093,2020-03-31 00:00:00,52720,B,4065.28,3109.4,955.88,334.558,NULL,NULL,NULL,NULL,NULL,NULL
3094,2020-04-01 00:00:00,52669,B,133.74,64.64,69.1,0,NULL,NULL,NULL,NULL,NULL,NULL
3095,2020-04-01 00:00:00,52767,B,1787,1070.6,716.4,0,NULL,NULL,NULL,NULL,NULL,NULL
3096,2020-04-01 00:00:00,52430,B,4132.6,3306.08,826.52,0,NULL,NULL,NULL,NULL,NULL,NULL
3097,2020-04-01 00:00:00,52665,B,2101.12,1265.32,835.8,334.32,NULL,NULL,NULL,NULL,NULL,NULL
3098,2020-04-01 00:00:00,52707,B,1663.2,1575,88.2,35.28,NULL,NULL,NULL,NULL,NULL,NULL
3099,2020-04-01 00:00:00,52760,B,823.59,700,123.59,0,NULL,NULL,NULL,NULL,NULL,NULL
3101,2020-04-03 00:00:00,52757,B,4366,3046.4,1319.6,527.84,NULL,NULL,NULL,NULL,NULL,NULL
3102,2020-04-03 00:00:00,52776,B,850.8,587.7,263.1,0,NULL,NULL,NULL,NULL,NULL,NULL
3103,2020-04-06 00:00:00,52483,B,7562.7,6191.8,1370.9,548.36,NULL,NULL,NULL,NULL,NULL,NULL
3104,2020-04-06 00:00:00,52660,B,2299.45,1979.75,319.7,0,NULL,NULL,NULL,NULL,NULL,NULL
3105,2020-04-06 00:00:00,52668,B,9288.9,8011,1277.9,0,NULL,NULL,NULL,NULL,NULL,NULL
3106,2020-04-01 00:00:00,52694,B,2826.8,1153.8,1673,585.55,NULL,NULL,NULL,NULL,NULL,NULL
3107,2020-04-06 00:00:00,52696,B,2271.5,3266.34,-994.84,0,NULL,NULL,NULL,NULL,NULL,NULL
3108,2020-04-06 00:00:00,52712,B,2453.44,1350,1103.44,441.376,NULL,NULL,NULL,NULL,NULL,NULL
3109,2020-04-06 00:00:00,52724,B,4774.22,4138.14,636.08,0,NULL,NULL,NULL,NULL,NULL,NULL
3110,2020-04-06 00:00:00,52764,B,4624.62,3090.06,1534.56,0,NULL,NULL,NULL,NULL,NULL,NULL
3111,2020-04-09 00:00:00,52791,B,2510,1380.5,1129.5,451.8,NULL,NULL,NULL,NULL,NULL,NULL
3112,2020-04-09 00:00:00,52792,B,1993.2,1620,373.2,0,NULL,NULL,NULL,NULL,NULL,NULL
3113,2020-04-09 00:00:00,52472,A,-365.85,0,-365.85,0,1428,S,-365.85,0,NULL,NULL
3114,2020-04-10 00:00:00,52815,B,1552.5,1389.08,163.42,0,NULL,NULL,NULL,NULL,NULL,NULL
3115,2020-04-10 00:00:00,52677,B,5366.66,4541.02,825.64,-1326.857,NULL,NULL,NULL,NULL,NULL,NULL
3116,2020-04-10 00:00:00,52761,B,1469.82,1430,39.82,15.928,NULL,NULL,NULL,NULL,NULL,NULL
3117,2020-04-10 00:00:00,52766,B,1928.91,1655,273.91,109.564,NULL,NULL,NULL,NULL,NULL,NULL
3118,2020-04-10 00:00:00,52777,B,1792,1475,317,126.8,NULL,NULL,NULL,NULL,NULL,NULL
3119,2020-04-10 00:00:00,52778,B,1870,1475,395,158,NULL,NULL,NULL,NULL,NULL,NULL
3120,2020-04-10 00:00:00,52779,B,1971.19,1475,496.19,198.476,NULL,NULL,NULL,NULL,NULL,NULL
3121,2020-04-10 00:00:00,52786,B,4055.2,2461.04,1594.16,0,NULL,NULL,NULL,NULL,NULL,NULL
3122,2020-04-10 00:00:00,52783,B,2508.8,1939.1,569.7,0,NULL,NULL,NULL,NULL,NULL,NULL
3123,2020-04-10 00:00:00,52369,B,4222.16,3899.49,322.67,0,NULL,NULL,NULL,NULL,NULL,NULL
3124,2020-04-10 00:00:00,52598,B,1105.15,1158,-52.85,0,NULL,NULL,NULL,NULL,NULL,NULL
3125,2020-04-10 00:00:00,52704,B,1668.64,1275,393.64,0,NULL,NULL,NULL,NULL,NULL,NULL
3126,2020-04-10 00:00:00,52748,B,5005,3025,1980,0,NULL,NULL,NULL,NULL,NULL,NULL
3127,2020-04-10 00:00:00,52803,B,2994.71,1577.41,1417.3,0,NULL,NULL,NULL,NULL,NULL,NULL
3128,2019-11-20 00:00:00,52390,B,421.15,421.15,0,0,NULL,NULL,NULL,NULL,NULL,NULL
3129,2020-04-14 00:00:00,52697,B,3983.3,3439.98,543.32,0,NULL,NULL,NULL,NULL,NULL,NULL
3130,2020-04-15 00:00:00,52765,B,2454.2,1601.5,852.7,50,NULL,NULL,NULL,NULL,NULL,NULL
3131,2020-04-15 00:00:00,52670,B,5014.8,3437.4,1577.4,0,NULL,NULL,NULL,NULL,NULL,NULL
3132,2020-04-15 00:00:00,52762,B,7105.5,5686.64,1418.86,567.544,NULL,NULL,NULL,NULL,NULL,NULL
3133,2020-04-15 00:00:00,52773,B,3361.88,2689.5,672.38,268.952,NULL,NULL,NULL,NULL,NULL,NULL
3135,2020-04-15 00:00:00,52817,B,1236.42,824.28,412.14,0,NULL,NULL,NULL,NULL,NULL,NULL
3136,2020-04-15 00:00:00,52823,B,1472.08,-80,1552.08,0,NULL,NULL,NULL,NULL,NULL,NULL
3137,2020-04-16 00:00:00,52677,A,-3300,0,-3300,0,1630,S,-3300,0,NULL,NULL
3138,2020-04-16 00:00:00,52616INV,B,2046.68,2046.68,0,0,NULL,NULL,NULL,NULL,NULL,NULL
3139,2020-04-16 00:00:00,52747,B,3755.29,2511.4,1243.89,124.389,NULL,NULL,NULL,NULL,NULL,NULL
3140,2020-04-16 00:00:00,52770,B,4261.4,3504.6,756.8,302.72,NULL,NULL,NULL,NULL,NULL,NULL
3141,2020-04-16 00:00:00,52787,B,6601.15,5225.83,1375.32,0,NULL,NULL,NULL,NULL,NULL,NULL
3142,2020-04-16 00:00:00,52799,B,1673.86,1463.6,210.26,73.591,NULL,NULL,NULL,NULL,NULL,NULL
3143,2020-04-16 00:00:00,52806,B,1899.08,1454.76,444.32,0,NULL,NULL,NULL,NULL,NULL,NULL
3144,2020-04-17 00:00:00,52684,B,8864.24,6835.38,2028.86,761.544,NULL,NULL,NULL,NULL,NULL,NULL
3145,2020-04-17 00:00:00,52685,B,7554.8,6009.25,1545.55,618.22,NULL,NULL,NULL,NULL,NULL,NULL
3146,2020-04-17 00:00:00,52147,A,-4092,0,-4092,0,1704,S,-4092,0,NULL,NULL
3147,2020-04-17 00:00:00,52222,A,-4162,0,-4162,0,1704,S,-4162,0,NULL,NULL
3148,2020-02-07 00:00:00,52560,B,4382.84,3359.8,1023.04,409.216,NULL,NULL,NULL,NULL,NULL,NULL
3149,2020-03-01 00:00:00,52530,A,0,-262.25,262.25,0,1428,P,-262.25,104378,NULL,NULL
3150,2020-01-21 00:00:00,52530,B,547,547,0,0,NULL,NULL,NULL,NULL,NULL,NULL
3151,2020-04-20 00:00:00,52604,A,-262.25,0,-262.25,0,1428,S,-262.25,0,NULL,NULL
3153,2020-04-20 00:00:00,52814,B,0,6050,-6050,-6050,NULL,NULL,NULL,NULL,NULL,NULL
3154,2020-04-20 00:00:00,52763,B,4801.94,3798,1003.94,0,NULL,NULL,NULL,NULL,NULL,NULL
3155,2020-04-20 00:00:00,52826,B,3087.6,1588.36,1499.24,0,NULL,NULL,NULL,NULL,NULL,NULL
3156,2020-04-20 00:00:00,52788,B,5216.16,4405.1,811.06,50,NULL,NULL,NULL,NULL,NULL,NULL
3157,2020-04-21 00:00:00,52780,B,1737.94,1475,262.94,105.176,NULL,NULL,NULL,NULL,NULL,NULL
3158,2020-04-21 00:00:00,52816,B,4727.58,3020.49,1707.09,50,NULL,NULL,NULL,NULL,NULL,NULL
3159,2020-04-21 00:00:00,52793,B,1141.92,907.6,234.32,0,NULL,NULL,NULL,NULL,NULL,NULL
3160,2020-04-22 00:00:00,52599,B,1506.8,1000,506.8,0,NULL,NULL,NULL,NULL,NULL,NULL
3161,2020-04-22 00:00:00,52715,B,5229.77,4582.86,646.91,0,NULL,NULL,NULL,NULL,NULL,NULL
3162,2020-04-22 00:00:00,52731,B,-750,-750,0,0,NULL,NULL,NULL,NULL,NULL,NULL
3163,2020-04-22 00:00:00,52729,B,8984.8,8168,816.8,0,NULL,NULL,NULL,NULL,NULL,NULL
3165,2020-04-22 00:00:00,52769,B,4776.53,3284.56,1491.97,0,NULL,NULL,NULL,NULL,NULL,NULL
3166,2020-04-22 00:00:00,52774,B,4611.2,3511.8,1099.4,0,NULL,NULL,NULL,NULL,NULL,NULL
3167,2020-04-22 00:00:00,52775,B,4261.4,3329.8,931.6,0,NULL,NULL,NULL,NULL,NULL,NULL
3168,2020-04-22 00:00:00,52785,B,1807.2,1608.75,198.45,0,NULL,NULL,NULL,NULL,NULL,NULL
3169,2020-04-23 00:00:00,52845,B,772.16,515,257.16,0,NULL,NULL,NULL,NULL,NULL,NULL
3171,2020-04-23 00:00:00,52782,B,2537.52,1450,1087.52,0,NULL,NULL,NULL,NULL,NULL,NULL
3172,2020-04-23 00:00:00,52811,B,1929.6,1300,629.6,251.84,NULL,NULL,NULL,NULL,NULL,NULL
3173,2020-04-23 00:00:00,52832,B,1435.2,949,486.2,0,NULL,NULL,NULL,NULL,NULL,NULL
3174,2020-04-23 00:00:00,52805,B,2082.6,852.6,1230,430.5,NULL,NULL,NULL,NULL,NULL,NULL
3175,2020-04-23 00:00:00,52829,B,5080.8,4115.5,965.3,50,NULL,NULL,NULL,NULL,NULL,NULL
3177,2019-12-12 00:00:00,52433,B,2697,2697,0,-257.75,NULL,NULL,NULL,NULL,NULL,NULL
3180,2020-02-26 00:00:00,52616,B,0,0,0,0,NULL,NULL,NULL,NULL,NULL,NULL
3181,2020-04-24 00:00:00,52537INV,B,2345,2345,0,0,NULL,NULL,NULL,NULL,NULL,NULL
3182,2020-04-24 00:00:00,52436,A,0,5.92,-5.92,0,1940,P,5.92,104429,NULL,NULL
3183,2020-04-27 00:00:00,52820,B,1459.2,912,547.2,0,NULL,NULL,NULL,NULL,NULL,NULL
3184,2020-04-27 00:00:00,52825,B,5833.35,3412.65,2420.7,50,NULL,NULL,NULL,NULL,NULL,NULL
3185,2020-04-27 00:00:00,52366AINV,A,-1425,0,-1425,0,1930,S,-1425,0,NULL,NULL
3186,2020-04-27 00:00:00,52366INV,A,-756,0,-756,0,1930,S,-756,0,NULL,NULL
3187,2020-04-27 00:00:00,52453INV,B,1350,1350,0,0,NULL,NULL,NULL,NULL,NULL,NULL
3188,2020-04-27 00:00:00,52731INV,B,1295,1295,0,0,NULL,NULL,NULL,NULL,NULL,NULL
3189,2020-04-28 00:00:00,52621,A,-1152.36,0,-1152.36,0,1114,S,-1152.36,0,NULL,NULL
3190,2020-04-28 00:00:00,52844,B,0,540,-540,0,NULL,NULL,NULL,NULL,NULL,NULL
3191,2020-04-29 00:00:00,52676,B,0,300,-300,-30,NULL,NULL,NULL,NULL,NULL,NULL
3192,2020-04-29 00:00:00,52804,B,659.38,1045.75,-386.37,-154.548,NULL,NULL,NULL,NULL,NULL,NULL
3193,2020-04-30 00:00:00,52835,B,1112.72,450,662.72,50,NULL,NULL,NULL,NULL,NULL,NULL
3194,2020-04-30 00:00:00,52830,B,5128.8,4245.5,883.3,50,NULL,NULL,NULL,NULL,NULL,NULL
3195,2020-04-30 00:00:00,52838,B,2277.8,1300,977.8,391.12,NULL,NULL,NULL,NULL,NULL,NULL
3196,2020-04-30 00:00:00,52827,B,6375.6,4658.6,1717,50,NULL,NULL,NULL,NULL,NULL,NULL
3197,2020-04-30 00:00:00,52828,B,6160,4520,1640,50,NULL,NULL,NULL,NULL,NULL,NULL
3198,2020-04-30 00:00:00,52818,B,681.6,469.8,211.8,0,NULL,NULL,NULL,NULL,NULL,NULL
3199,2020-04-30 00:00:00,52853,B,3182.4,783.9,2398.5,959.4,NULL,NULL,NULL,NULL,NULL,NULL
3201,2020-05-04 00:00:00,52475,B,3986.4,3189.12,797.28,0,NULL,NULL,NULL,NULL,NULL,NULL
3202,2020-05-04 00:00:00,52781,B,1907.08,1335,572.08,228.832,NULL,NULL,NULL,NULL,NULL,NULL
3203,2020-05-04 00:00:00,52840,B,1869.99,1165,704.99,281.996,NULL,NULL,NULL,NULL,NULL,NULL
3204,2020-05-04 00:00:00,52860,B,1257,838,419,167.6,NULL,NULL,NULL,NULL,NULL,NULL
3205,2020-05-04 00:00:00,52861,B,1245.6,830.4,415.2,166.08,NULL,NULL,NULL,NULL,NULL,NULL
3206,2020-05-04 00:00:00,52862,B,1239,826,413,165.2,NULL,NULL,NULL,NULL,NULL,NULL
3207,2020-05-04 00:00:00,52866,B,1973.58,1320,653.58,50,NULL,NULL,NULL,NULL,NULL,NULL
3208,2020-05-04 00:00:00,52867,B,1929.24,1320,609.24,50,NULL,NULL,NULL,NULL,NULL,NULL
3209,2020-05-04 00:00:00,52871,B,868,450,418,0,NULL,NULL,NULL,NULL,NULL,NULL
3210,2020-05-05 00:00:00,52836,B,2245.2,1067.15,1178.05,0,NULL,NULL,NULL,NULL,NULL,NULL
3211,2020-05-05 00:00:00,52810,B,2116.03,1335,781.03,312.412,NULL,NULL,NULL,NULL,NULL,NULL
3213,2020-05-05 00:00:00,52807,B,1776.7,1270.8,505.9,177.065,NULL,NULL,NULL,NULL,NULL,NULL
3214,2020-04-20 00:00:00,52834,B,100,100,0,0,NULL,NULL,NULL,NULL,NULL,NULL
3216,2020-05-06 00:00:00,52876,B,1181.61,397.67,783.94,0,NULL,NULL,NULL,NULL,NULL,NULL
3217,2020-05-06 00:00:00,52837,B,2026.88,1300,726.88,290.752,NULL,NULL,NULL,NULL,NULL,NULL
3218,2020-05-06 00:00:00,52884,B,1997.8,1141.6,856.2,342.48,NULL,NULL,NULL,NULL,NULL,NULL
3219,2020-05-06 00:00:00,52831,B,3957.3,3135.2,822.1,50,NULL,NULL,NULL,NULL,NULL,NULL
3220,2020-05-08 00:00:00,52718,B,12995.2,12498.34,496.86,0,NULL,NULL,NULL,NULL,NULL,NULL
3221,2020-05-08 00:00:00,52839,B,2080.8,1300,780.8,312.32,NULL,NULL,NULL,NULL,NULL,NULL
3223,2020-05-09 00:00:00,52869,B,2119.4,1216.6,902.8,0,NULL,NULL,NULL,NULL,NULL,NULL
3224,2020-05-09 00:00:00,52891,B,2363.76,1010,1353.76,541.504,NULL,NULL,NULL,NULL,NULL,NULL
3225,2020-05-09 00:00:00,52889,B,2566.7,855.6,1711.1,0,NULL,NULL,NULL,NULL,NULL,NULL
3226,2020-05-09 00:00:00,52896,B,2635.57,1205,1430.57,50,NULL,NULL,NULL,NULL,NULL,NULL
3227,2020-05-09 00:00:00,52858,B,10382.31,7781.54,2600.77,0,NULL,NULL,NULL,NULL,NULL,NULL
3228,2020-05-09 00:00:00,52859,B,9978.66,7812.44,2166.22,0,NULL,NULL,NULL,NULL,NULL,NULL
3229,2020-05-09 00:00:00,52868,B,1756.92,1250,506.92,202.768,NULL,NULL,NULL,NULL,NULL,NULL
3230,2020-04-15 00:00:00,52789,B,897.54,1137.36,-239.82,-149.562,NULL,NULL,NULL,NULL,NULL,NULL
3231,2020-05-11 00:00:00,52789,A,-187.5,0,-187.5,0,1104,S,-187.5,0,NULL,NULL
3232,2020-05-11 00:00:00,52784,B,1302.4,1073.89,228.51,0,NULL,NULL,NULL,NULL,NULL,NULL
3233,2020-05-11 00:00:00,52893,B,1321.2,1068.66,252.54,0,NULL,NULL,NULL,NULL,NULL,NULL
3234,2020-05-11 00:00:00,52856,B,684.49,570.6,113.89,0,NULL,NULL,NULL,NULL,NULL,NULL
3237,2020-05-01 00:00:00,52885,B,2522,1424.2,1097.8,0,NULL,NULL,NULL,NULL,NULL,NULL
3240,2020-03-20 00:00:00,52482,B,7345.44,5841.96,1503.48,601.392,NULL,NULL,NULL,NULL,NULL,NULL
3241,2020-05-12 00:00:00,52498,B,0,200,-200,0,NULL,NULL,NULL,NULL,NULL,NULL
3242,2020-05-08 00:00:00,52847,B,5973.4,5253,720.4,0,NULL,NULL,NULL,NULL,NULL,NULL
3243,2020-05-13 00:00:00,52855,B,11579.41,10177.92,1401.49,0,NULL,NULL,NULL,NULL,NULL,NULL
3244,2020-05-13 00:00:00,52895,B,13811,13140.6,670.4,268.16,NULL,NULL,NULL,NULL,NULL,NULL
3245,2020-05-14 00:00:00,52755,A,-1041.5,0,-1041.5,0,1956,S,-1041.5,0,NULL,NULL
3246,2020-05-15 00:00:00,52841,B,782.1,631.38,150.72,0,NULL,NULL,NULL,NULL,NULL,NULL
3247,2020-05-15 00:00:00,52851,B,1449.69,1104.6,345.09,0,NULL,NULL,NULL,NULL,NULL,NULL
3248,2020-05-15 00:00:00,52854,B,2087.48,1724.44,363.04,0,NULL,NULL,NULL,NULL,NULL,NULL
3249,2020-05-15 00:00:00,52846,B,3247.73,2562.78,684.95,0,NULL,NULL,NULL,NULL,NULL,NULL
3250,2020-05-15 00:00:00,52852,B,6610.72,5287.33,1323.39,0,NULL,NULL,NULL,NULL,NULL,NULL
3251,2020-05-15 00:00:00,52892,B,1222.2,813.6,408.6,163.44,NULL,NULL,NULL,NULL,NULL,NULL
3252,2020-05-15 00:00:00,52888,B,1075,917.5,157.5,63,NULL,NULL,NULL,NULL,NULL,NULL
3253,2020-04-22 00:00:00,52755,B,16780.8,15166.2,1614.6,229.24,NULL,NULL,NULL,NULL,NULL,NULL
3256,2020-05-15 00:00:00,52887,B,1596,1150,446,178.4,NULL,NULL,NULL,NULL,NULL,NULL
3257,2020-05-15 00:00:00,52600,B,2139.6,850,1289.6,0,NULL,NULL,NULL,NULL,NULL,NULL
3258,2020-04-23 00:00:00,52675,B,2000,2195,-195,0,NULL,NULL,NULL,NULL,NULL,NULL
3259,2020-05-18 00:00:00,52336,B,0,0,0,0,NULL,NULL,NULL,NULL,NULL,NULL
3260,2020-05-19 00:00:00,52336INV,B,650,650,0,0,NULL,NULL,NULL,NULL,NULL,NULL
3261,2020-05-19 00:00:00,52898,B,762,315,447,178.8,NULL,NULL,NULL,NULL,NULL,NULL
3262,2020-05-21 00:00:00,52877,B,0,0,0,0,NULL,NULL,NULL,NULL,NULL,NULL
3263,2020-05-21 00:00:00,52901,B,1318.8,1068,250.8,0,NULL,NULL,NULL,NULL,NULL,NULL
3264,2020-05-21 00:00:00,52890,B,1644,920,724,289.6,NULL,NULL,NULL,NULL,NULL,NULL
3265,2020-05-21 00:00:00,52822,B,0,-100,100,10,NULL,NULL,NULL,NULL,NULL,NULL
3266,2020-05-21 00:00:00,52900,B,1557.28,944.8,612.48,0,NULL,NULL,NULL,NULL,NULL,NULL
3267,2020-05-21 00:00:00,52929,B,2574,1589,985,0,NULL,NULL,NULL,NULL,NULL,NULL
3268,2020-05-22 00:00:00,52935,B,2456,1228,1228,50,NULL,NULL,NULL,NULL,NULL,NULL
3269,2020-05-22 00:00:00,52366INV,A,6,0,6,0,1930,S,6,0,NULL,NULL
3270,2020-05-22 00:00:00,52432INV,A,-850,0,-850,0,1972,S,-850,0,NULL,NULL
3271,2020-05-22 00:00:00,52709,B,2466.6,875,1591.6,0,NULL,NULL,NULL,NULL,NULL,NULL
3272,2020-05-22 00:00:00,52932,B,7502.4,5952.56,1549.84,0,NULL,NULL,NULL,NULL,NULL,NULL
3273,2020-05-27 00:00:00,52870,B,2013.2,480.69,1532.51,0,NULL,NULL,NULL,NULL,NULL,NULL
3274,2020-05-27 00:00:00,52930,B,2783.57,1391.79,1391.78,0,NULL,NULL,NULL,NULL,NULL,NULL
3275,NULL,52877,A,0,-590,590,0,1137,P,-590,0,NULL,NULL
3276,2020-05-28 00:00:00,52927,B,3210.72,2006.7,1204.02,50,NULL,NULL,NULL,NULL,NULL,NULL
3277,2020-05-28 00:00:00,52920,B,10250.76,9659.37,591.39,0,NULL,NULL,NULL,NULL,NULL,NULL
3278,2020-05-28 00:00:00,52940,B,7946.5,6573.24,1373.26,0,NULL,NULL,NULL,NULL,NULL,NULL
3280,2020-05-28 00:00:00,52878,B,3148.2,1969.6,1178.6,117.86,NULL,NULL,NULL,NULL,NULL,NULL
3281,2020-05-28 00:00:00,52902,B,1228.8,1250,-21.2,-8.48,NULL,NULL,NULL,NULL,NULL,NULL
3282,2020-05-29 00:00:00,52936,B,83.4,0,83.4,0,NULL,NULL,NULL,NULL,NULL,NULL
3284,2020-05-29 00:00:00,52921,B,3832.2,1788.7,2043.5,0,NULL,NULL,NULL,NULL,NULL,NULL
3285,2020-05-29 00:00:00,52897,B,3888.18,969.7,2918.48,1167.392,NULL,NULL,NULL,NULL,NULL,NULL
3286,2020-06-02 00:00:00,52822INV,B,4575,4575,0,0,NULL,NULL,NULL,NULL,NULL,NULL
3288,2020-06-03 00:00:00,52942,B,1779.3,709.32,1069.98,0,NULL,NULL,NULL,NULL,NULL,NULL
3289,2020-06-03 00:00:00,52949,B,3174.3,2720,454.3,0,NULL,NULL,NULL,NULL,NULL,NULL
3290,2020-06-03 00:00:00,52824,B,0,0,0,0,NULL,NULL,NULL,NULL,NULL,NULL
3291,2020-06-04 00:00:00,52824INV,B,860,860,0,0,NULL,NULL,NULL,NULL,NULL,NULL
3292,2020-05-28 00:00:00,52931,B,1152.8,1189,-36.2,0,NULL,NULL,NULL,NULL,NULL,NULL
3293,2020-06-04 00:00:00,52905,B,1300.32,1030.9,269.42,0,NULL,NULL,NULL,NULL,NULL,NULL
3294,2020-06-04 00:00:00,52848,B,1251.55,1291.04,-39.49,0,NULL,NULL,NULL,NULL,NULL,NULL
3297,2020-06-04 00:00:00,52476,B,3652.6,2922.08,730.52,0,NULL,NULL,NULL,NULL,NULL,NULL
3298,2020-07-14 00:00:00,52931,A,0,-219.6,219.6,0,1298,P,-219.6,104703,NULL,NULL
3299,2020-06-05 00:00:00,52939,B,2754.88,1585.9,1168.98,50,NULL,NULL,NULL,NULL,NULL,NULL
3300,2020-06-05 00:00:00,52941,B,1524.56,869.04,655.52,262.208,NULL,NULL,NULL,NULL,NULL,NULL
3302,2020-06-05 00:00:00,52953,B,606.24,350,256.24,0,NULL,NULL,NULL,NULL,NULL,NULL
3303,2020-06-05 00:00:00,52682,B,1160.96,1010,150.96,60.384,NULL,NULL,NULL,NULL,NULL,NULL
3304,2020-06-05 00:00:00,52933,B,2584.75,1921.6,663.15,265.26,NULL,NULL,NULL,NULL,NULL,NULL
3305,2020-06-05 00:00:00,52923,B,3846.6,963.7,2882.9,1153.16,NULL,NULL,NULL,NULL,NULL,NULL
3306,2020-06-05 00:00:00,52924,B,1954.8,858.6,1096.2,438.48,NULL,NULL,NULL,NULL,NULL,NULL
3309,2020-06-04 00:00:00,52894,B,4286.52,3372.68,913.84,50,NULL,NULL,NULL,NULL,NULL,NULL
3316,2020-06-10 00:00:00,52950,B,4545,1818,2727,1090.8,NULL,NULL,NULL,NULL,NULL,NULL
3317,2020-06-11 00:00:00,52951,B,0,350,-350,0,NULL,NULL,NULL,NULL,NULL,NULL
3318,2020-06-11 00:00:00,52908,B,1049.4,795,254.4,101.76,NULL,NULL,NULL,NULL,NULL,NULL
3319,2020-06-04 00:00:00,52857,B,282.3,128.2,154.1,0,NULL,NULL,NULL,NULL,NULL,NULL
3321,2020-06-12 00:00:00,52731INV,A,-1295,0,-1295,0,1885,S,-1295,0,NULL,NULL
3322,2020-06-01 00:00:00,52431,A,0,42,-42,0,1975,P,42,104639,NULL,NULL
3323,2020-06-01 00:00:00,52433,A,0,42,-42,0,1975,P,42,104639,NULL,NULL
3324,2020-06-12 00:00:00,52909,B,1519.5,1128.4,391.1,0,NULL,NULL,NULL,NULL,NULL,NULL
3325,2020-06-12 00:00:00,52945,B,1129.2,762.2,367,0,NULL,NULL,NULL,NULL,NULL,NULL
3326,2020-06-12 00:00:00,52710A,B,1747.8,0,1747.8,0,NULL,NULL,NULL,NULL,NULL,NULL
3327,2020-06-12 00:00:00,52710,B,548.28,875,-326.72,0,NULL,NULL,NULL,NULL,NULL,NULL
3328,2020-06-12 00:00:00,52903,B,1684.16,940,744.16,297.664,NULL,NULL,NULL,NULL,NULL,NULL
3329,2020-06-12 00:00:00,52904,B,1578.96,1250,328.96,131.584,NULL,NULL,NULL,NULL,NULL,NULL
3330,2020-06-12 00:00:00,52956,B,7887.06,6058.04,1829.02,731.608,NULL,NULL,NULL,NULL,NULL,NULL
3331,2020-06-15 00:00:00,51843INV,B,250,250,0,0,NULL,NULL,NULL,NULL,NULL,NULL
3332,2020-06-17 00:00:00,52906,B,1229.82,972.2,257.62,0,NULL,NULL,NULL,NULL,NULL,NULL
3333,2020-06-17 00:00:00,52981,B,4012.2,2674.8,1337.4,133.74,NULL,NULL,NULL,NULL,NULL,NULL
3335,2020-06-17 00:00:00,52910,B,893.72,945,-51.28,-20.512,NULL,NULL,NULL,NULL,NULL,NULL
3336,2020-06-17 00:00:00,52937,B,3668.4,2619,1049.4,104.94,NULL,NULL,NULL,NULL,NULL,NULL
3337,2020-06-18 00:00:00,52962,B,2182.05,1547.82,634.23,0,NULL,NULL,NULL,NULL,NULL,NULL
3338,2020-06-18 00:00:00,52967,B,2206.35,1337.4,868.95,50,NULL,NULL,NULL,NULL,NULL,NULL
3339,2020-06-18 00:00:00,52989,B,2971.5,1932,1039.5,0,NULL,NULL,NULL,NULL,NULL,NULL
3340,2020-06-18 00:00:00,52984,B,4922.4,3411.2,1511.2,50,NULL,NULL,NULL,NULL,NULL,NULL
3341,2020-06-18 00:00:00,52985,B,4510.8,3527.6,983.2,50,NULL,NULL,NULL,NULL,NULL,NULL
3343,2020-06-18 00:00:00,52991,B,1277.68,575,702.68,0,NULL,NULL,NULL,NULL,NULL,NULL
3344,2020-06-19 00:00:00,52969,B,3066.75,2005,1061.75,50,NULL,NULL,NULL,NULL,NULL,NULL
3345,2020-06-19 00:00:00,52928,B,0,0,0,0,NULL,NULL,NULL,NULL,NULL,NULL
3346,2020-06-23 00:00:00,52974,B,2364.6,1419.5,945.1,50,NULL,NULL,NULL,NULL,NULL,NULL
3347,2020-06-26 00:00:00,52993,B,2206.88,1380.5,826.38,0,NULL,NULL,NULL,NULL,NULL,NULL
3348,2020-06-26 00:00:00,52964,B,2847.86,1960.51,887.35,0,NULL,NULL,NULL,NULL,NULL,NULL
3349,2020-06-26 00:00:00,52913,B,1497.2,1200,297.2,0,NULL,NULL,NULL,NULL,NULL,NULL
3350,2020-06-26 00:00:00,52911,B,1360.14,1350,10.14,50,NULL,NULL,NULL,NULL,NULL,NULL
3351,2020-06-26 00:00:00,52914,B,1872,975,897,358.8,NULL,NULL,NULL,NULL,NULL,NULL
3352,2020-06-26 00:00:00,52987,B,3729.6,3142.63,586.97,50,NULL,NULL,NULL,NULL,NULL,NULL
3353,2020-06-26 00:00:00,52988,B,3908.1,3439.2,468.9,50,NULL,NULL,NULL,NULL,NULL,NULL
3355,2020-06-26 00:00:00,52955,B,2177.75,1917.75,260,50,NULL,NULL,NULL,NULL,NULL,NULL
3357,2020-07-01 00:00:00,52336INV,A,-650,0,-650,0,1836,S,-650,0,NULL,NULL
3358,2020-07-01 00:00:00,53032,B,1491.68,1295.26,196.42,50,NULL,NULL,NULL,NULL,NULL,NULL
3359,2020-06-30 00:00:00,52985,D,-45.11,0,-45.11,0,1212,S,-45.11,NULL,2307,NULL
3360,2020-06-30 00:00:00,52989,D,-29.72,0,-29.72,0,1212,S,-29.72,NULL,2307,NULL
3363,2020-07-02 00:00:00,52917,B,1134.22,847.4,286.82,0,NULL,NULL,NULL,NULL,NULL,NULL
3365,2020-07-02 00:00:00,53003,B,1165.04,731.26,433.78,0,NULL,NULL,NULL,NULL,NULL,NULL
3366,2020-07-02 00:00:00,52973,B,3655.8,1917.5,1738.3,0,NULL,NULL,NULL,NULL,NULL,NULL
3367,2020-07-02 00:00:00,52938,B,3967.56,2603.5,1364.06,136.406,NULL,NULL,NULL,NULL,NULL,NULL
3368,2020-07-06 00:00:00,53009,B,1564.8,1099.92,464.88,50,NULL,NULL,NULL,NULL,NULL,NULL
3369,2020-07-06 00:00:00,53017,B,15280,14835.6,444.4,0,NULL,NULL,NULL,NULL,NULL,NULL
3370,2020-07-06 00:00:00,53008,B,2943.45,1691.2,1252.25,125.225,NULL,NULL,NULL,NULL,NULL,NULL
3371,2020-07-06 00:00:00,52968,B,3117.08,2293.93,823.15,0,NULL,NULL,NULL,NULL,NULL,NULL
3372,2020-07-06 00:00:00,53007,B,3248.63,1761.6,1487.03,148.703,NULL,NULL,NULL,NULL,NULL,NULL
3373,2020-07-06 00:00:00,53028,B,1591.2,1315.6,275.6,0,NULL,NULL,NULL,NULL,NULL,NULL
3374,2020-07-06 00:00:00,52918,B,1858.12,1348.7,509.42,0,NULL,NULL,NULL,NULL,NULL,NULL
3375,2020-07-06 00:00:00,53004,B,4342.8,3088.2,1254.6,0,NULL,NULL,NULL,NULL,NULL,NULL
3376,2020-07-06 00:00:00,52952,B,2196,1746,450,0,NULL,NULL,NULL,NULL,NULL,NULL
3377,2020-07-06 00:00:00,53001,B,7175.4,6481.8,693.6,0,NULL,NULL,NULL,NULL,NULL,NULL
3378,2020-07-06 00:00:00,53019,B,3147,2308.8,838.2,0,NULL,NULL,NULL,NULL,NULL,NULL
3379,2020-07-06 00:00:00,53002,B,5148,3985.6,1162.4,0,NULL,NULL,NULL,NULL,NULL,NULL
3381,2020-07-06 00:00:00,52915,B,1557.92,300,1257.92,0,NULL,NULL,NULL,NULL,NULL,NULL
3382,2020-07-06 00:00:00,52477,B,4142,3313.12,828.88,0,NULL,NULL,NULL,NULL,NULL,NULL
3383,2020-07-06 00:00:00,52925,B,3747.6,1008.2,2739.4,1095.76,NULL,NULL,NULL,NULL,NULL,NULL
3385,2020-07-08 00:00:00,53018,B,2784.4,2472.25,312.15,124.86,NULL,NULL,NULL,NULL,NULL,NULL
3386,2020-07-08 00:00:00,53058,B,3403.5,1305.7,2097.8,209.78,NULL,NULL,NULL,NULL,NULL,NULL
3388,2020-07-08 00:00:00,52994,B,4450.6,3418,1032.6,0,NULL,NULL,NULL,NULL,NULL,NULL
3390,2020-07-08 00:00:00,53026,B,1110.98,966.55,144.43,57.772,NULL,NULL,NULL,NULL,NULL,NULL
3391,2020-07-09 00:00:00,52759,B,7618.5,4362.75,3255.75,0,NULL,NULL,NULL,NULL,NULL,NULL
3395,2020-04-30 00:00:00,52390,A,0,291,-291,0,1428,P,291,104696,NULL,NULL
3396,2020-04-30 00:00:00,52530,A,0,373,-373,0,1428,P,373,104697,NULL,NULL
3397,2020-06-30 00:00:00,52390,A,0,291,-291,0,1428,P,291,104783,NULL,NULL
3398,2020-06-30 00:00:00,52530,A,0,168,-168,0,1428,P,168,104784,NULL,NULL
3399,2020-07-10 00:00:00,52530,A,0,168,-168,0,1428,P,168,104699,NULL,NULL
3400,2020-07-10 00:00:00,52390,A,0,291,-291,0,1428,P,291,104698,NULL,NULL
3401,2020-05-29 00:00:00,52530,A,0,187.5,-187.5,0,1428,P,187.5,104701,NULL,NULL
3402,2020-05-29 00:00:00,52390,A,0,187.5,-187.5,0,1428,P,187.5,104700,NULL,NULL
3403,2020-07-10 00:00:00,53013,B,1763.31,1439.1,324.21,0,NULL,NULL,NULL,NULL,NULL,NULL
3404,2020-07-10 00:00:00,53006,B,7492.5,6175.18,1317.32,0,NULL,NULL,NULL,NULL,NULL,NULL
3405,2020-07-10 00:00:00,52946,B,1434.24,946.3,487.94,0,NULL,NULL,NULL,NULL,NULL,NULL
3406,2020-07-10 00:00:00,52947,B,1445.4,968.7,476.7,0,NULL,NULL,NULL,NULL,NULL,NULL
3407,2020-07-10 00:00:00,53000,B,4145.75,3200.3,945.45,0,NULL,NULL,NULL,NULL,NULL,NULL
3409,2020-07-08 00:00:00,53034,B,3878.7,2955.2,923.5,50,NULL,NULL,NULL,NULL,NULL,NULL
3410,2020-06-26 00:00:00,52986,B,4384.8,3569.6,815.2,50,NULL,NULL,NULL,NULL,NULL,NULL
3411,2020-07-14 00:00:00,52931INV,B,219.6,219.6,0,0,NULL,NULL,NULL,NULL,NULL,NULL
3412,2020-07-15 00:00:00,53054,B,1786.95,711.98,1074.97,0,NULL,NULL,NULL,NULL,NULL,NULL
3413,2020-07-15 00:00:00,53029,B,1933.62,1400,533.62,213.448,NULL,NULL,NULL,NULL,NULL,NULL
3414,2020-07-15 00:00:00,53014,B,1460.8,1226.6,234.2,0,NULL,NULL,NULL,NULL,NULL,NULL
3415,2020-07-15 00:00:00,53051,B,3086.4,2575,511.4,0,NULL,NULL,NULL,NULL,NULL,NULL
3416,2020-07-15 00:00:00,53049,B,3259.2,2496.2,763,0,NULL,NULL,NULL,NULL,NULL,NULL
3417,2020-07-15 00:00:00,53047,B,2892.45,1371.32,1521.13,152.113,NULL,NULL,NULL,NULL,NULL,NULL
3418,2020-07-15 00:00:00,53063,B,4874.1,3945.7,928.4,50,NULL,NULL,NULL,NULL,NULL,NULL
3419,2020-07-15 00:00:00,53042,B,357.06,820,-462.94,-185.176,NULL,NULL,NULL,NULL,NULL,NULL
3421,2020-07-15 00:00:00,52963,B,5994,2397.6,3596.4,1438.56,NULL,NULL,NULL,NULL,NULL,NULL
3422,2020-07-10 00:00:00,52999,B,4399.29,3632.86,766.43,50,NULL,NULL,NULL,NULL,NULL,NULL
3423,2020-07-17 00:00:00,53050,B,3019.2,2661.2,358,0,NULL,NULL,NULL,NULL,NULL,NULL
3424,2020-07-17 00:00:00,52992,B,309.2,0,309.2,0,NULL,NULL,NULL,NULL,NULL,NULL
3425,2020-07-17 00:00:00,52970,B,1231.8,821.2,410.6,164.24,NULL,NULL,NULL,NULL,NULL,NULL
3426,2020-07-17 00:00:00,52971,B,1209.6,806.4,403.2,161.28,NULL,NULL,NULL,NULL,NULL,NULL
3427,2020-07-17 00:00:00,52972,B,1212,808,404,161.6,NULL,NULL,NULL,NULL,NULL,NULL
3428,2020-07-20 00:00:00,52987,D,-37.3,0,-37.3,0,1212,S,-37.3,NULL,2318,NULL
3429,2020-07-20 00:00:00,52988,D,-39.08,0,-39.08,0,1212,S,-39.08,NULL,2318,NULL
3430,2020-07-20 00:00:00,52986,D,-43.85,0,-43.85,0,1212,S,-43.85,NULL,2318,NULL
3431,2020-06-18 00:00:00,52958,B,931.8,585.65,346.15,138.46,NULL,NULL,NULL,NULL,NULL,NULL
3432,2020-07-06 00:00:00,52916,B,1499.68,1050,449.68,0,NULL,NULL,NULL,NULL,NULL,NULL
3433,2020-07-23 00:00:00,52982,B,5182.8,3984.06,1198.74,0,NULL,NULL,NULL,NULL,NULL,NULL
3434,2020-07-23 00:00:00,53039,B,7275.6,6704.6,571,0,NULL,NULL,NULL,NULL,NULL,NULL
3435,2020-07-23 00:00:00,53033,B,1455.6,1233.22,222.38,50,NULL,NULL,NULL,NULL,NULL,NULL
3436,2020-07-23 00:00:00,53081,B,1624.8,1437.4,187.4,50,NULL,NULL,NULL,NULL,NULL,NULL
3438,2020-07-23 00:00:00,53020,B,3036.2,1964.6,1071.6,378.64,NULL,NULL,NULL,NULL,NULL,NULL
3441,2020-07-21 00:00:00,53063,D,-48.74,0,-48.74,0,1212,S,-48.74,NULL,2335,NULL
3442,2020-07-28 00:00:00,53097,B,3838.8,2968.6,870.2,50,NULL,NULL,NULL,NULL,NULL,NULL
3443,2020-07-28 00:00:00,53961INV,B,1600,1600,0,0,NULL,NULL,NULL,NULL,NULL,NULL
3444,2020-07-28 00:00:00,52980,B,-550,-650,100,0,NULL,NULL,NULL,NULL,NULL,NULL
3445,2020-07-28 00:00:00,53052,B,2673.44,2100.56,572.88,0,NULL,NULL,NULL,NULL,NULL,NULL
3446,2020-07-28 00:00:00,53068,B,2122.2,1436.6,685.6,0,NULL,NULL,NULL,NULL,NULL,NULL
3447,2020-07-28 00:00:00,53079,B,1246.7,924.01,322.69,50,NULL,NULL,NULL,NULL,NULL,NULL
3448,2020-07-28 00:00:00,53062,B,5800.9,5012,788.9,315.56,NULL,NULL,NULL,NULL,NULL,NULL
3449,2020-07-28 00:00:00,52478,B,3495.2,2796.16,699.04,0,NULL,NULL,NULL,NULL,NULL,NULL
3450,2020-07-28 00:00:00,52958INV,B,264.35,264.35,0,0,NULL,NULL,NULL,NULL,NULL,NULL
3451,2020-07-28 00:00:00,52877INV,B,590,590,0,0,NULL,NULL,NULL,NULL,NULL,NULL
3453,2020-06-29 00:00:00,52961,B,-1600,-1137.5,-462.5,-185,NULL,NULL,NULL,NULL,NULL,NULL
3454,2020-07-30 00:00:00,53074,B,3386.16,2579.76,806.4,0,NULL,NULL,NULL,NULL,NULL,NULL
3455,2020-07-30 00:00:00,53066,B,662.74,818.2,-155.46,0,NULL,NULL,NULL,NULL,NULL,NULL
3456,2020-07-30 00:00:00,53025,B,855.28,844.38,10.9,0,NULL,NULL,NULL,NULL,NULL,NULL
3457,2020-07-30 00:00:00,53105,B,3205.35,2579.78,625.57,0,NULL,NULL,NULL,NULL,NULL,NULL
3458,2020-07-30 00:00:00,53070,B,2291.4,1474.2,817.2,0,NULL,NULL,NULL,NULL,NULL,NULL
3459,2020-07-30 00:00:00,53071,B,2035.8,1417.4,618.4,0,NULL,NULL,NULL,NULL,NULL,NULL
3460,2020-07-30 00:00:00,53064,B,526.97,430,96.97,9.697,NULL,NULL,NULL,NULL,NULL,NULL
3461,2020-07-30 00:00:00,53059,B,3456.72,1702.24,1754.48,50,NULL,NULL,NULL,NULL,NULL,NULL
3462,2020-07-30 00:00:00,53080,B,1582.02,985,597.02,50,NULL,NULL,NULL,NULL,NULL,NULL
3463,2020-07-30 00:00:00,52957,B,7484.4,6018,1466.4,586.56,NULL,NULL,NULL,NULL,NULL,NULL
3464,2020-07-30 00:00:00,53046,B,5670,2268,3402,1360.8,NULL,NULL,NULL,NULL,NULL,NULL
3465,2020-07-30 00:00:00,53023,B,522.25,330.75,191.5,0,NULL,NULL,NULL,NULL,NULL,NULL
3466,2020-07-30 00:00:00,53024,B,481.5,298,183.5,0,NULL,NULL,NULL,NULL,NULL,NULL
3471,2020-06-15 00:00:00,52964,A,0,650,-650,0,1808,P,650,104932,NULL,NULL
3472,2020-07-02 00:00:00,52979,B,-550,-650,100,0,NULL,NULL,NULL,NULL,NULL,NULL
3473,2020-08-03 00:00:00,52979INV,B,650,650,0,0,NULL,NULL,NULL,NULL,NULL,NULL
3474,2020-08-03 00:00:00,52980INV,B,650,650,0,0,NULL,NULL,NULL,NULL,NULL,NULL
3475,2020-08-03 00:00:00,52977,B,-550,-650,100,0,NULL,NULL,NULL,NULL,NULL,NULL
3476,2020-08-03 00:00:00,52977INV,B,650,650,0,0,NULL,NULL,NULL,NULL,NULL,NULL
3477,2020-08-03 00:00:00,52978,B,-550,-650,100,0,NULL,NULL,NULL,NULL,NULL,NULL
3478,2020-08-03 00:00:00,53056,B,-550,-650,100,0,NULL,NULL,NULL,NULL,NULL,NULL
3479,2020-08-03 00:00:00,53055,B,-550,-650,100,0,NULL,NULL,NULL,NULL,NULL,NULL
3480,2020-08-04 00:00:00,53073,B,2815.02,2256.37,558.65,0,NULL,NULL,NULL,NULL,NULL,NULL
3481,2020-08-04 00:00:00,53101,B,970.54,968.18,2.36,0,NULL,NULL,NULL,NULL,NULL,NULL
3482,2020-08-04 00:00:00,53040,B,7533.9,6476.15,1057.75,0,NULL,NULL,NULL,NULL,NULL,NULL
3483,2020-07-08 00:00:00,52983,B,7915.46,7413.86,501.6,0,NULL,NULL,NULL,NULL,NULL,NULL
3484,2020-08-04 00:00:00,52978INV,B,650,650,0,0,NULL,NULL,NULL,NULL,NULL,NULL
3485,2020-08-04 00:00:00,53055INV,B,650,650,0,0,NULL,NULL,NULL,NULL,NULL,NULL
3486,2020-08-04 00:00:00,53056INV,B,650,650,0,0,NULL,NULL,NULL,NULL,NULL,NULL
3487,2020-08-05 00:00:00,53100,B,2051.56,879.24,1172.32,0,NULL,NULL,NULL,NULL,NULL,NULL
3488,2020-08-05 00:00:00,53072,B,1980.54,1405.12,575.42,0,NULL,NULL,NULL,NULL,NULL,NULL
3489,2020-08-05 00:00:00,53067,B,2034,1506.8,527.2,0,NULL,NULL,NULL,NULL,NULL,NULL
3490,2020-08-05 00:00:00,53104,B,152.85,0,152.85,0,NULL,NULL,NULL,NULL,NULL,NULL
3491,2020-08-04 00:00:00,53097,D,-38.39,0,-38.39,0,1212,S,-38.39,NULL,2349,NULL
3495,2020-08-07 00:00:00,51809INV,A,-259.68,0,-259.68,0,1796,S,-259.68,0,NULL,NULL
3496,2020-08-07 00:00:00,51843INV,A,-250,0,-250,0,1822,S,-250,0,NULL,NULL
3497,2020-08-07 00:00:00,53110,B,6304.05,5616.89,687.16,50,NULL,NULL,NULL,NULL,NULL,NULL
3498,2020-08-07 00:00:00,53065,B,2204,3009.2,-805.2,-322.08,NULL,NULL,NULL,NULL,NULL,NULL
3500,2020-08-07 00:00:00,53096,B,3669.6,2410.1,1259.5,0,NULL,NULL,NULL,NULL,NULL,NULL
3501,2020-08-07 00:00:00,53075,B,2385.6,1802,583.6,50,NULL,NULL,NULL,NULL,NULL,NULL
3507,2020-08-12 00:00:00,53143,B,3438,2599.8,838.2,50,NULL,NULL,NULL,NULL,NULL,NULL
3508,2020-08-12 00:00:00,53126,B,4769.1,3471,1298.1,500.18,NULL,NULL,NULL,NULL,NULL,NULL
3509,2020-08-12 00:00:00,53106,B,1212.08,930.72,281.36,50,NULL,NULL,NULL,NULL,NULL,NULL
3510,2020-08-12 00:00:00,53111,B,1371.6,1272.77,98.83,50,NULL,NULL,NULL,NULL,NULL,NULL
3511,2020-08-12 00:00:00,53113,B,1488,1310.27,177.73,50,NULL,NULL,NULL,NULL,NULL,NULL
3512,2020-08-12 00:00:00,53128,B,1496.93,1050,446.93,50,NULL,NULL,NULL,NULL,NULL,NULL
3513,2020-07-31 00:00:00,52960,B,1370.4,1328.7,41.7,16.68,NULL,NULL,NULL,NULL,NULL,NULL
3514,2020-08-12 00:00:00,53038,B,1165.2,776.8,388.4,155.36,NULL,NULL,NULL,NULL,NULL,NULL
3515,2020-08-12 00:00:00,53037,B,1250.4,833.6,416.8,166.72,NULL,NULL,NULL,NULL,NULL,NULL
3516,2020-08-12 00:00:00,52960INV,B,171.3,171.3,0,0,NULL,NULL,NULL,NULL,NULL,NULL
3517,2020-08-12 00:00:00,53061,B,8487.84,5416.8,3071.04,50,NULL,NULL,NULL,NULL,NULL,NULL
3518,2020-08-12 00:00:00,52514,A,0,-40,40,0,1536,P,-40,104902,NULL,NULL
3519,2020-08-13 00:00:00,53026INV,B,52.45,52.45,0,0,NULL,NULL,NULL,NULL,NULL,NULL
3520,2020-08-13 00:00:00,53026INV,A,-52.45,0,-52.45,0,1680,S,-52.45,0,NULL,NULL
3521,2020-08-06 00:00:00,53162,B,100,100,0,0,NULL,NULL,NULL,NULL,NULL,NULL
3522,2020-08-13 00:00:00,52870,A,0,-60,60,0,1536,P,-60,104918,NULL,NULL
3523,2020-08-18 00:00:00,53143,D,-34.38,0,-34.38,0,1212,S,-34.38,NULL,2361,NULL
3524,2020-08-18 00:00:00,53126,D,-47.65,0,-47.65,0,1212,S,-47.65,NULL,2361,NULL
3525,2020-06-02 00:00:00,52529,B,661,661,0,-949,NULL,NULL,NULL,NULL,NULL,NULL
3526,2020-07-31 00:00:00,53015,B,1117.45,1207.3,-89.85,0,NULL,NULL,NULL,NULL,NULL,NULL
3527,2020-08-19 00:00:00,53157,B,3891.2,2864.4,1026.8,410.72,NULL,NULL,NULL,NULL,NULL,NULL
3528,2020-07-31 00:00:00,53083,B,772.07,1073.33,-301.26,0,NULL,NULL,NULL,NULL,NULL,NULL
3530,2020-08-19 00:00:00,53172,B,0,0,0,50,NULL,NULL,NULL,NULL,NULL,NULL
3531,2020-08-19 00:00:00,53129,B,1998.44,1364.67,633.77,50,NULL,NULL,NULL,NULL,NULL,NULL
3532,2020-08-19 00:00:00,53115,B,1793.4,1601.25,192.15,0,NULL,NULL,NULL,NULL,NULL,NULL
3533,2020-08-19 00:00:00,53131,B,4892,3881.8,1010.2,0,NULL,NULL,NULL,NULL,NULL,NULL
3534,2020-08-19 00:00:00,53095,B,4742.9,4058.4,684.5,50,NULL,NULL,NULL,NULL,NULL,NULL
3535,2020-08-19 00:00:00,53107,B,1400.42,678.24,722.18,50,NULL,NULL,NULL,NULL,NULL,NULL
3536,2020-07-23 00:00:00,52948,B,0,12,-12,-1.2,NULL,NULL,NULL,NULL,NULL,NULL
3537,2020-08-19 00:00:00,52948INV,B,500,500,0,0,NULL,NULL,NULL,NULL,NULL,NULL
3538,2020-08-20 00:00:00,53961INV,A,-425,0,-425,0,1702,S,-425,0,NULL,NULL
3539,2020-08-20 00:00:00,53087,B,7961.14,6945.53,1015.61,0,NULL,NULL,NULL,NULL,NULL,NULL
3540,2020-08-20 00:00:00,53043,B,1364.4,1004.3,360.1,0,NULL,NULL,NULL,NULL,NULL,NULL
3541,2020-08-20 00:00:00,53198,B,1447.3,1050,397.3,50,NULL,NULL,NULL,NULL,NULL,NULL
3542,2020-08-24 00:00:00,53102,B,1197.26,1073.13,124.13,0,NULL,NULL,NULL,NULL,NULL,NULL
3543,2020-08-24 00:00:00,53119,B,889.83,944.75,-54.92,-21.968,NULL,NULL,NULL,NULL,NULL,NULL
3544,2020-08-24 00:00:00,52912,B,1426.03,1365.53,60.5,0,NULL,NULL,NULL,NULL,NULL,NULL
3545,2020-08-26 00:00:00,52607,A,-147.75,0,-147.75,0,1955,S,-147.75,0,NULL,NULL
3546,2020-08-26 00:00:00,53062,A,-260.96,0,-260.96,0,1561,S,-260.96,0,NULL,NULL
3547,2020-08-26 00:00:00,53133,B,20658.85,18900.65,1758.2,0,NULL,NULL,NULL,NULL,NULL,NULL
3548,2020-08-26 00:00:00,53132,B,3372,2702.06,669.94,0,NULL,NULL,NULL,NULL,NULL,NULL
3549,2020-08-26 00:00:00,53206,B,112.21,0,112.21,0,NULL,NULL,NULL,NULL,NULL,NULL
3550,2020-08-26 00:00:00,52922,B,3402.18,2416.63,985.55,0,NULL,NULL,NULL,NULL,NULL,NULL
3551,2020-08-26 00:00:00,53196,B,7725.53,6614.39,1111.14,444.456,NULL,NULL,NULL,NULL,NULL,NULL
3553,2020-08-26 00:00:00,53010,B,1733.76,1191.96,541.8,50,NULL,NULL,NULL,NULL,NULL,NULL
3554,2020-08-26 00:00:00,53152,B,3299.2,2062,1237.2,494.88,NULL,NULL,NULL,NULL,NULL,NULL
3555,2020-08-26 00:00:00,52738,B,4158.2,3326.56,831.64,0,NULL,NULL,NULL,NULL,NULL,NULL
3556,2020-08-26 00:00:00,53146,B,6189.65,5720.8,468.85,0,NULL,NULL,NULL,NULL,NULL,NULL
3557,2020-08-26 00:00:00,53159,B,900,760,140,56,NULL,NULL,NULL,NULL,NULL,NULL
3558,2020-08-26 00:00:00,53171,B,808.5,577,231.5,23.15,NULL,NULL,NULL,NULL,NULL,NULL
3559,2019-12-19 00:00:00,52431,B,2008,2008,0,-84.75,NULL,NULL,NULL,NULL,NULL,NULL
3560,2020-08-28 00:00:00,53139,B,3334.14,2593.22,740.92,0,NULL,NULL,NULL,NULL,NULL,NULL
3561,2020-08-28 00:00:00,53211,B,1180,1027.14,152.86,61.144,NULL,NULL,NULL,NULL,NULL,NULL
3562,2020-08-28 00:00:00,53189,B,2769.39,1288.72,1480.67,592.268,NULL,NULL,NULL,NULL,NULL,NULL
3563,2020-08-28 00:00:00,53144,B,5277,2110.8,3166.2,1266.48,NULL,NULL,NULL,NULL,NULL,NULL
3564,2020-07-01 00:00:00,52433,A,0,127.5,-127.5,0,1975,P,127.5,104974,NULL,NULL
3565,2020-07-01 00:00:00,52431,A,0,127.5,-127.5,0,1975,P,127.5,104973,NULL,NULL
3566,2020-08-31 00:00:00,52958,A,-72,0,-72,0,1700,S,-72,0,NULL,NULL
3567,2020-08-07 00:00:00,52990,B,1663.65,1886.26,-222.61,0,NULL,NULL,NULL,NULL,NULL,NULL
3568,2020-09-01 00:00:00,53212,B,3475.65,2590.8,884.85,50,NULL,NULL,NULL,NULL,NULL,NULL
3569,2020-09-01 00:00:00,53057,B,5042.6,3819.8,1222.8,50,NULL,NULL,NULL,NULL,NULL,NULL
3570,2020-09-01 00:00:00,53109,B,1101.43,-311.43,1412.86,50,NULL,NULL,NULL,NULL,NULL,NULL
3571,2020-09-01 00:00:00,53141,B,2146,1717.6,428.4,171.36,NULL,NULL,NULL,NULL,NULL,NULL
3572,2020-09-01 00:00:00,53167,B,2911.13,1600.8,1310.33,524.132,NULL,NULL,NULL,NULL,NULL,NULL
3573,2020-09-01 00:00:00,53168,B,2190,1752.8,437.2,174.88,NULL,NULL,NULL,NULL,NULL,NULL
3574,2020-09-01 00:00:00,53072,A,-0.54,0,-0.54,0,2086,S,-0.54,0,NULL,NULL
3575,2020-09-02 00:00:00,53162CR,B,-100,-100,0,0,NULL,NULL,NULL,NULL,NULL,NULL
3576,2020-09-03 00:00:00,53103,B,878.14,904.2,-26.06,0,NULL,NULL,NULL,NULL,NULL,NULL
3577,2020-09-04 00:00:00,53221,B,1218.53,1089.53,129,0,NULL,NULL,NULL,NULL,NULL,NULL
3578,2020-09-04 00:00:00,53218,B,1938.13,1359,579.13,231.652,NULL,NULL,NULL,NULL,NULL,NULL
3579,2020-09-09 00:00:00,53160,B,1197.54,1050,147.54,0,NULL,NULL,NULL,NULL,NULL,NULL
3580,2020-09-09 00:00:00,53215,B,2755.2,1589.8,1165.4,0,NULL,NULL,NULL,NULL,NULL,NULL
3581,2020-09-09 00:00:00,53186,B,3002.2,1804.6,1197.6,50,NULL,NULL,NULL,NULL,NULL,NULL
3582,2020-09-09 00:00:00,53177,B,1157.84,1150,7.84,0,NULL,NULL,NULL,NULL,NULL,NULL
3583,2020-09-09 00:00:00,53154,B,1801.8,1385.67,416.13,50,NULL,NULL,NULL,NULL,NULL,NULL
3584,2020-09-09 00:00:00,53155,B,1753.5,1428.81,324.69,50,NULL,NULL,NULL,NULL,NULL,NULL
3585,2020-09-09 00:00:00,53156,B,1572.2,1303.41,268.79,50,NULL,NULL,NULL,NULL,NULL,NULL
3586,2020-09-09 00:00:00,53170,B,768.74,560,208.74,0,NULL,NULL,NULL,NULL,NULL,NULL
3588,2020-09-01 00:00:00,52529,A,0,141,-141,0,1975,P,141,105023,NULL,NULL
3589,2020-09-10 00:00:00,53112,B,898.72,668.28,230.44,50,NULL,NULL,NULL,NULL,NULL,NULL
3590,2020-09-10 00:00:00,53214,B,4140.4,2726.6,1413.8,0,NULL,NULL,NULL,NULL,NULL,NULL
3591,2020-09-11 00:00:00,53178,B,1386.38,1250,136.38,0,NULL,NULL,NULL,NULL,NULL,NULL
3592,2020-09-11 00:00:00,53203,B,490.73,290.8,199.93,0,NULL,NULL,NULL,NULL,NULL,NULL
3593,2020-09-11 00:00:00,53134,B,3652.8,2942.53,710.27,0,NULL,NULL,NULL,NULL,NULL,NULL
3594,2020-09-11 00:00:00,53197,B,4966.85,3859.81,1107.04,0,NULL,NULL,NULL,NULL,NULL,NULL
3595,2020-09-11 00:00:00,53169,B,4951.9,4219.7,732.2,50,NULL,NULL,NULL,NULL,NULL,NULL
3596,2020-09-11 00:00:00,52740,B,4469.2,3575.36,893.84,0,NULL,NULL,NULL,NULL,NULL,NULL
3597,2020-09-11 00:00:00,53088,B,0,0,0,0,NULL,NULL,NULL,NULL,NULL,NULL
3598,2020-09-15 00:00:00,53213,B,3390.31,2590.2,800.11,50,NULL,NULL,NULL,NULL,NULL,NULL
3599,2020-09-17 00:00:00,52433,A,0,496,-496,0,1977,P,496,105048,NULL,NULL
3600,2020-09-17 00:00:00,53119INV,B,100.25,100.25,0,0,NULL,NULL,NULL,NULL,NULL,NULL
3601,2020-09-17 00:00:00,52758,A,-7.59,0,-7.59,0,1124,S,-7.59,0,NULL,NULL
3602,2020-09-17 00:00:00,53222,B,5792.5,5056.8,735.7,73.57,NULL,NULL,NULL,NULL,NULL,NULL
3603,2020-09-17 00:00:00,53205,B,5284.48,4374.88,909.6,50,NULL,NULL,NULL,NULL,NULL,NULL
3604,2020-09-17 00:00:00,53228,B,3734,6197.6,-2463.6,-1231.8,NULL,NULL,NULL,NULL,NULL,NULL
3605,2020-08-31 00:00:00,52390,A,0,338,-338,0,1428,P,338,105055,NULL,NULL
3606,2020-08-31 00:00:00,52530,A,0,338,-338,0,1428,P,338,105056,NULL,NULL
3607,2020-09-18 00:00:00,52530,A,0,235.5,-235.5,0,1428,P,235.5,105057,NULL,NULL
3608,2020-09-18 00:00:00,52390,A,0,235.5,-235.5,0,1428,P,235.5,105058,NULL,NULL
3609,2020-09-25 00:00:00,53250,A,0,-1700,1700,0,1548,P,-1700,105076,NULL,NULL
3610,2020-09-18 00:00:00,53250,B,0,0,0,0,NULL,NULL,NULL,NULL,NULL,NULL
3611,2020-09-18 00:00:00,53145,B,775.24,1060.19,-284.95,-113.98,NULL,NULL,NULL,NULL,NULL,NULL
3612,2020-09-21 00:00:00,53233,B,2622.76,1873.4,749.36,0,NULL,NULL,NULL,NULL,NULL,NULL
3613,2020-09-21 00:00:00,53225,B,492,306.5,185.5,0,NULL,NULL,NULL,NULL,NULL,NULL
3614,2020-09-21 00:00:00,53226,B,406.75,252.25,154.5,0,NULL,NULL,NULL,NULL,NULL,NULL
3616,2020-09-23 00:00:00,53188,B,0,0,0,0,NULL,NULL,NULL,NULL,NULL,NULL
3617,2020-09-23 00:00:00,53216,B,3367.8,2592.08,775.72,0,NULL,NULL,NULL,NULL,NULL,NULL
3618,2020-09-23 00:00:00,53089,B,0,0,0,0,NULL,NULL,NULL,NULL,NULL,NULL
3620,2020-09-23 00:00:00,53243,B,3290.9,2210.83,1080.07,0,NULL,NULL,NULL,NULL,NULL,NULL
3621,2020-09-23 00:00:00,53176,B,2305.98,895,1410.98,450.392,NULL,NULL,NULL,NULL,NULL,NULL
3622,2020-09-23 00:00:00,53229,B,708.64,1006.58,-297.94,-119.176,NULL,NULL,NULL,NULL,NULL,NULL
3623,2020-09-24 00:00:00,52964,A,0,-650,650,0,1808,P,-650,105069,NULL,NULL
3624,2020-09-24 00:00:00,53078,B,0,250,-250,0,NULL,NULL,NULL,NULL,NULL,NULL
3625,2020-09-24 00:00:00,53235,B,4820.8,3837.2,983.6,0,NULL,NULL,NULL,NULL,NULL,NULL
3626,2020-09-23 00:00:00,53232,B,1643.4,1415.15,228.25,0,NULL,NULL,NULL,NULL,NULL,NULL
3627,2020-09-24 00:00:00,53245,B,3133.58,1249.63,1883.95,50,NULL,NULL,NULL,NULL,NULL,NULL
3628,2020-09-25 00:00:00,53077,B,0,0,0,0,NULL,NULL,NULL,NULL,NULL,NULL
3629,2020-09-25 00:00:00,53204,B,2117.18,1150,967.18,0,NULL,NULL,NULL,NULL,NULL,NULL
3630,2020-09-25 00:00:00,53220,B,3707.12,2690.82,1016.3,0,NULL,NULL,NULL,NULL,NULL,NULL
3631,2020-09-09 00:00:00,53237,B,100,100,0,0,NULL,NULL,NULL,NULL,NULL,NULL
3632,2020-08-01 00:00:00,53083,A,0,115.2,-115.2,0,1306,P,115.2,105186,NULL,NULL
3633,2020-09-25 00:00:00,53096/53250,B,323.9,323.9,0,0,NULL,NULL,NULL,NULL,NULL,NULL
3634,2020-08-05 00:00:00,53109,A,0,311.43,-311.43,0,2005,P,311.43,105085,NULL,NULL
3635,2020-09-29 00:00:00,52983,A,2123.66,0,2123.66,0,2058,S,2123.66,0,NULL,NULL
3637,2020-09-30 00:00:00,53280,B,0,0,0,100,NULL,NULL,NULL,NULL,NULL,NULL
3638,2020-09-30 00:00:00,53280,A,0,-4230,4230,0,2005,P,-4230,105088,NULL,NULL
3639,2020-09-30 00:00:00,53239,B,23323.7,22086.64,1237.06,0,NULL,NULL,NULL,NULL,NULL,NULL
3640,2020-09-30 00:00:00,53246,B,5124,4475.1,648.9,259.56,NULL,NULL,NULL,NULL,NULL,NULL
3641,2020-08-26 00:00:00,53084,B,1812.14,1002.65,809.49,0,NULL,NULL,NULL,NULL,NULL,NULL
3642,2020-10-02 00:00:00,53236,B,2294.6,1647.9,646.7,0,NULL,NULL,NULL,NULL,NULL,NULL
3643,2020-10-02 00:00:00,53182,B,1636.14,1350,286.14,0,NULL,NULL,NULL,NULL,NULL,NULL
3644,2020-10-02 00:00:00,53180,B,1850,1150,700,0,NULL,NULL,NULL,NULL,NULL,NULL
3645,2020-10-02 00:00:00,53181,B,1471.08,1033.43,437.65,0,NULL,NULL,NULL,NULL,NULL,NULL
3646,2020-10-02 00:00:00,53258,B,3140,2304,836,0,NULL,NULL,NULL,NULL,NULL,NULL
3647,2020-10-02 00:00:00,53255,B,13427.6,12449.2,978.4,50,NULL,NULL,NULL,NULL,NULL,NULL
3648,2020-10-02 00:00:00,53114,B,898.72,918.28,-19.56,50,NULL,NULL,NULL,NULL,NULL,NULL
3650,2020-10-02 00:00:00,53251,B,1692.79,1700,-7.21,-2.884,NULL,NULL,NULL,NULL,NULL,NULL
3651,2020-10-02 00:00:00,53224,B,68.96,155.82,-86.86,0,NULL,NULL,NULL,NULL,NULL,NULL
3652,2020-10-02 00:00:00,53219,B,1137.39,1140,-2.61,-1.044,NULL,NULL,NULL,NULL,NULL,NULL
3653,2020-10-02 00:00:00,53147,B,7616.7,6779.5,837.2,0,NULL,NULL,NULL,NULL,NULL,NULL
3654,2020-10-02 00:00:00,53005,B,0,239.2,-239.2,0,NULL,NULL,NULL,NULL,NULL,NULL
3655,2020-10-02 00:00:00,53263,B,2577.83,1155.11,1422.72,142.272,NULL,NULL,NULL,NULL,NULL,NULL
3656,2020-10-02 00:00:00,53240,B,875.68,674.04,201.64,50,NULL,NULL,NULL,NULL,NULL,NULL
3657,2020-10-02 00:00:00,52529,A,0,1748,-1748,0,1974,P,1748,105093,NULL,NULL
3658,2020-07-05 00:00:00,52999,A,0,150,-150,0,2072,P,150,105107,NULL,NULL
3659,2020-10-02 00:00:00,53179,B,1668.3,1335,333.3,0,NULL,NULL,NULL,NULL,NULL,NULL
3660,2020-08-05 00:00:00,53113,A,0,65,-65,0,2090,P,65,105111,NULL,NULL
3662,2020-10-07 00:00:00,53241,B,1470.75,1173.33,297.42,50,NULL,NULL,NULL,NULL,NULL,NULL
3663,2020-10-07 00:00:00,53242,B,849.68,630.06,219.62,50,NULL,NULL,NULL,NULL,NULL,NULL
3664,2020-10-01 00:00:00,52529,A,0,9,-9,0,1975,P,9,105118,NULL,NULL
3666,2020-10-08 00:00:00,53119INV,A,-100.25,0,-100.25,0,2070,S,-100.25,0,NULL,NULL
3667,2020-10-08 00:00:00,53014,A,-1460.8,0,-1460.8,0,2060,S,-1460.8,0,NULL,NULL
3668,2020-10-08 00:00:00,52677,A,-1316.66,0,-1316.66,0,1630,S,-1316.66,0,NULL,NULL
3669,2020-10-08 00:00:00,53183,B,1487.55,1100,387.55,0,NULL,NULL,NULL,NULL,NULL,NULL
3671,2020-10-08 00:00:00,53289,B,1447.95,869.39,578.56,50,NULL,NULL,NULL,NULL,NULL,NULL
3672,2020-10-08 00:00:00,53308,B,-100,-100,0,0,NULL,NULL,NULL,NULL,NULL,NULL
3674,2020-10-08 00:00:00,53256,B,5607,4415.64,1191.36,50,NULL,NULL,NULL,NULL,NULL,NULL
3675,2020-10-08 00:00:00,53265,B,5859,4991,868,347.2,NULL,NULL,NULL,NULL,NULL,NULL
3676,2020-10-09 00:00:00,53293,B,1798.5,1434.8,363.7,50,NULL,NULL,NULL,NULL,NULL,NULL
3677,2020-10-09 00:00:00,53252,B,1733.78,1650,83.78,33.512,NULL,NULL,NULL,NULL,NULL,NULL
3678,2020-10-06 00:00:00,53217,B,4300,3449.6,850.4,50,NULL,NULL,NULL,NULL,NULL,NULL
3679,2020-10-13 00:00:00,53238,B,4975.71,3303.4,1672.31,0,NULL,NULL,NULL,NULL,NULL,NULL
3680,2020-10-13 00:00:00,53262,B,487.25,308.25,179,0,NULL,NULL,NULL,NULL,NULL,NULL
3681,2020-10-13 00:00:00,53261,B,492.5,305,187.5,0,NULL,NULL,NULL,NULL,NULL,NULL
3682,2020-10-13 00:00:00,53259,B,2927,2176.2,750.8,0,NULL,NULL,NULL,NULL,NULL,NULL
3683,2020-10-13 00:00:00,53260,B,3353,2431.8,921.2,0,NULL,NULL,NULL,NULL,NULL,NULL
3684,2020-10-13 00:00:00,53230,B,10718,8466.96,2251.04,0,NULL,NULL,NULL,NULL,NULL,NULL
3685,2020-10-08 00:00:00,53231,B,10799.25,8525.46,2273.79,0,NULL,NULL,NULL,NULL,NULL,NULL
3686,2020-10-13 00:00:00,53274,B,3952,2780.05,1171.95,468.78,NULL,NULL,NULL,NULL,NULL,NULL
3687,2020-10-14 00:00:00,53264,B,2527.95,1196.81,1331.14,133.114,NULL,NULL,NULL,NULL,NULL,NULL
3689,2020-10-16 00:00:00,53268,B,3243.4,1733.5,1509.9,50,NULL,NULL,NULL,NULL,NULL,NULL
3690,2020-10-16 00:00:00,53283,B,1879.92,1315,564.92,0,NULL,NULL,NULL,NULL,NULL,NULL
3692,2020-10-16 00:00:00,53257,B,3745.8,2923.2,822.6,329.04,NULL,NULL,NULL,NULL,NULL,NULL
3693,2020-10-16 00:00:00,52741,B,3599.8,2879.84,719.96,0,NULL,NULL,NULL,NULL,NULL,NULL
3694,2020-10-16 00:00:00,53301,B,16976.2,15926.4,1049.8,0,NULL,NULL,NULL,NULL,NULL,NULL
3695,2020-10-16 00:00:00,53311,B,3000.8,2421.8,579,219.596,NULL,NULL,NULL,NULL,NULL,NULL
3696,2020-09-09 00:00:00,52739,B,4158.2,3336.8,821.4,0,NULL,NULL,NULL,NULL,NULL,NULL
3697,2020-10-20 00:00:00,53300,B,2794.8,1650,1144.8,457.92,NULL,NULL,NULL,NULL,NULL,NULL
3698,2020-10-20 00:00:00,53217,D,-43,0,-43,0,1212,S,-43,NULL,2439,NULL
3699,2020-10-20 00:00:00,53311,D,-30.01,0,-30.01,0,1212,S,-30.01,NULL,2439,NULL
3700,2020-10-21 00:00:00,53309,B,4084,3267.2,816.8,81.68,NULL,NULL,NULL,NULL,NULL,NULL
3701,2020-10-21 00:00:00,53305,B,1782,1421.64,360.36,50,NULL,NULL,NULL,NULL,NULL,NULL
3702,2020-10-21 00:00:00,53306,B,1883.25,1202.41,680.84,50,NULL,NULL,NULL,NULL,NULL,NULL
3703,2020-10-21 00:00:00,53296,B,2806.87,1540.66,1266.21,50,NULL,NULL,NULL,NULL,NULL,NULL
3704,2020-10-21 00:00:00,53310,B,7459.2,6451.2,1008,403.2,NULL,NULL,NULL,NULL,NULL,NULL
3706,2020-10-21 00:00:00,53320,B,4028,3021,1007,0,NULL,NULL,NULL,NULL,NULL,NULL
3709,2020-10-21 00:00:00,53199,B,-876,-2224.24,1348.24,0,NULL,NULL,NULL,NULL,NULL,NULL
3710,2020-10-21 00:00:00,53200,B,-1000,-2060.38,1060.38,0,NULL,NULL,NULL,NULL,NULL,NULL
3711,2020-10-21 00:00:00,53282,B,2318.4,1545.6,772.8,309.12,NULL,NULL,NULL,NULL,NULL,NULL
3713,2020-10-22 00:00:00,53313,B,1460.04,1050.44,409.6,0,NULL,NULL,NULL,NULL,NULL,NULL
3714,2020-10-22 00:00:00,53314,B,1007.4,724.79,282.61,0,NULL,NULL,NULL,NULL,NULL,NULL
3715,2020-10-22 00:00:00,53253,B,4940.6,3875.7,1064.9,0,NULL,NULL,NULL,NULL,NULL,NULL
3716,2020-10-23 00:00:00,53298,B,3114.2,1443.2,1671,0,NULL,NULL,NULL,NULL,NULL,NULL
3717,2020-10-23 00:00:00,53297,B,871.28,713.2,158.08,63.232,NULL,NULL,NULL,NULL,NULL,NULL
3718,2020-10-23 00:00:00,53291,B,2972.8,1121.6,1851.2,740.48,NULL,NULL,NULL,NULL,NULL,NULL
3719,2020-10-27 00:00:00,53321,B,1852.2,1083.15,769.05,0,NULL,NULL,NULL,NULL,NULL,NULL
3720,2020-10-27 00:00:00,53307,B,1739.25,1387.53,351.72,50,NULL,NULL,NULL,NULL,NULL,NULL
3721,2020-10-28 00:00:00,53163,B,0,250,-250,0,NULL,NULL,NULL,NULL,NULL,NULL
3722,2020-08-17 00:00:00,53163A,B,-250,-250,0,0,NULL,NULL,NULL,NULL,NULL,NULL
3723,2020-10-29 00:00:00,53211INV,B,72.86,72.86,0,0,NULL,NULL,NULL,NULL,NULL,NULL
3724,2020-10-29 00:00:00,53328,B,1952.25,1644.23,308.02,50,NULL,NULL,NULL,NULL,NULL,NULL
3725,2020-10-30 00:00:00,53354,B,2794.18,1653.4,1140.78,0,NULL,NULL,NULL,NULL,NULL,NULL
3726,2020-10-30 00:00:00,53329,B,4821.52,3557.9,1263.62,0,NULL,NULL,NULL,NULL,NULL,NULL
3728,2020-10-16 00:00:00,53273,B,4184,3342.4,841.6,50,NULL,NULL,NULL,NULL,NULL,NULL
3729,2020-11-02 00:00:00,53327,B,1654.5,1393.46,261.04,50,NULL,NULL,NULL,NULL,NULL,NULL
3730,2020-11-03 00:00:00,53362,B,659.34,737.64,-78.3,50,NULL,NULL,NULL,NULL,NULL,NULL
3731,2020-11-03 00:00:00,53195,B,1805.7,1284.5,521.2,0,NULL,NULL,NULL,NULL,NULL,NULL
3732,2020-11-03 00:00:00,53348,B,3419,2557,862,420.8,NULL,NULL,NULL,NULL,NULL,NULL
3733,2020-11-05 00:00:00,53316,B,1749,1362.7,386.3,0,NULL,NULL,NULL,NULL,NULL,NULL
3734,2020-11-05 00:00:00,53254,B,3351,2680.8,670.2,0,NULL,NULL,NULL,NULL,NULL,NULL
3735,2020-11-05 00:00:00,53332,B,7528,6587,941,0,NULL,NULL,NULL,NULL,NULL,NULL
3737,2020-11-05 00:00:00,53341,B,2260.26,1650,610.26,244.104,NULL,NULL,NULL,NULL,NULL,NULL
3738,2020-11-06 00:00:00,53238,A,-309.91,0,-309.91,0,1455,S,-309.91,0,NULL,NULL
3739,2020-09-30 00:00:00,53263,A,0,300,-300,0,1495,P,300,105278,NULL,NULL
3741,2020-11-06 00:00:00,53319,B,1707.16,1321.77,385.39,154.156,NULL,NULL,NULL,NULL,NULL,NULL
3742,2020-11-09 00:00:00,53346,B,2293.33,1996.22,297.11,0,NULL,NULL,NULL,NULL,NULL,NULL
3743,2020-11-09 00:00:00,53347,B,3222.05,2702.85,519.2,0,NULL,NULL,NULL,NULL,NULL,NULL
3744,2020-11-09 00:00:00,53359,B,1500,1342.5,157.5,50,NULL,NULL,NULL,NULL,NULL,NULL
3745,2020-11-09 00:00:00,53330,B,2473.5,1824.5,649,50,NULL,NULL,NULL,NULL,NULL,NULL
3746,2020-11-09 00:00:00,53361,B,1872,1600,272,108.8,NULL,NULL,NULL,NULL,NULL,NULL
3747,2020-11-09 00:00:00,53304,B,599.36,299.68,299.68,50,NULL,NULL,NULL,NULL,NULL,NULL
3748,2020-11-09 00:00:00,53317,B,1349.42,1294,55.42,0,NULL,NULL,NULL,NULL,NULL,NULL
3749,2020-11-10 00:00:00,53339,B,4879.6,3992.4,887.2,50,NULL,NULL,NULL,NULL,NULL,NULL
3750,2020-11-05 00:00:00,53331,B,3174.37,2492.14,682.23,0,NULL,NULL,NULL,NULL,NULL,NULL
3751,2020-11-04 00:00:00,52528,B,3458,3458,0,0,NULL,NULL,NULL,NULL,NULL,NULL
3752,2020-11-11 00:00:00,53295,B,1898.25,1653.59,244.66,50,NULL,NULL,NULL,NULL,NULL,NULL
3753,2020-11-11 00:00:00,53364,B,4851,3174,1677,0,NULL,NULL,NULL,NULL,NULL,NULL
3754,2020-11-10 00:00:00,53358,B,5775.84,4633.8,1142.04,50,NULL,NULL,NULL,NULL,NULL,NULL
3755,2020-11-11 00:00:00,53366,B,3761.8,3009.44,752.36,0,NULL,NULL,NULL,NULL,NULL,NULL
3756,2020-11-12 00:00:00,53353,B,23630.05,21922.6,1707.45,0,NULL,NULL,NULL,NULL,NULL,NULL
3757,2020-11-12 00:00:00,53302,B,1916.82,1617.32,299.5,0,NULL,NULL,NULL,NULL,NULL,NULL
3758,2020-11-12 00:00:00,53200INV,B,2060.38,2060.38,0,0,NULL,NULL,NULL,NULL,NULL,NULL
3759,2020-11-12 00:00:00,53199INV,B,876,876,0,0,NULL,NULL,NULL,NULL,NULL,NULL
3760,2020-11-12 00:00:00,53199IN,B,1348.24,1348.24,0,0,NULL,NULL,NULL,NULL,NULL,NULL
3761,2020-10-31 00:00:00,52390,A,0,374.5,-374.5,0,1428,P,374.5,105251,NULL,NULL
3762,2020-10-31 00:00:00,52530,A,0,374.5,-374.5,0,1428,P,374.5,105252,NULL,NULL
3765,2020-11-13 00:00:00,53342,B,2662.4,1850,812.4,324.96,NULL,NULL,NULL,NULL,NULL,NULL
3766,2020-11-13 00:00:00,53365,B,1727.8,1400,327.8,131.12,NULL,NULL,NULL,NULL,NULL,NULL
3768,2020-10-21 00:00:00,53184,B,2090.4,3003.6,-913.2,-365.28,NULL,NULL,NULL,NULL,NULL,NULL
3769,2020-11-13 00:00:00,53244,B,6788.61,6285.75,502.86,201.144,NULL,NULL,NULL,NULL,NULL,NULL
3770,2020-11-17 00:00:00,53339,D,-48.8,0,-48.8,0,1212,S,-48.8,NULL,2468,NULL
3771,2020-11-17 00:00:00,53352,B,5192.14,3844.4,1347.74,0,NULL,NULL,NULL,NULL,NULL,NULL
3772,2020-11-17 00:00:00,53294,B,1830.75,1084.41,746.34,50,NULL,NULL,NULL,NULL,NULL,NULL
3773,2020-11-17 00:00:00,53384,B,1712.25,1436.34,275.91,50,NULL,NULL,NULL,NULL,NULL,NULL
3774,2020-11-17 00:00:00,53385,B,1924.5,1659.35,265.15,50,NULL,NULL,NULL,NULL,NULL,NULL
3775,2020-11-17 00:00:00,53376,B,1909.2,1094,815.2,326.08,NULL,NULL,NULL,NULL,NULL,NULL
3776,2020-11-18 00:00:00,53337,B,8845.2,8002.8,842.4,336.96,NULL,NULL,NULL,NULL,NULL,NULL
3777,2020-11-18 00:00:00,53338,B,8435.49,7632.11,803.38,321.352,NULL,NULL,NULL,NULL,NULL,NULL
3778,2020-11-20 00:00:00,52390,A,0,289.5,-289.5,0,1428,P,289.5,105276,NULL,NULL
3779,2020-11-20 00:00:00,52530,A,0,289.5,-289.5,0,1428,P,289.5,105277,NULL,NULL
3780,2020-11-20 00:00:00,53372,B,2643.02,2208,435.02,0,NULL,NULL,NULL,NULL,NULL,NULL
3781,2020-11-20 00:00:00,53333,B,449.25,277.25,172,0,NULL,NULL,NULL,NULL,NULL,NULL
3782,2020-11-20 00:00:00,53334,B,526.25,328.75,197.5,0,NULL,NULL,NULL,NULL,NULL,NULL
3783,2020-11-20 00:00:00,53335,B,463.5,279.5,184,0,NULL,NULL,NULL,NULL,NULL,NULL
3784,2020-11-20 00:00:00,53388,B,627.6,0,627.6,50,NULL,NULL,NULL,NULL,NULL,NULL
3785,2020-11-20 00:00:00,53394,B,2786,2228.8,557.2,222.88,NULL,NULL,NULL,NULL,NULL,NULL
3786,2020-10-30 00:00:00,53351,B,4582.6,4117.5,465.1,50,NULL,NULL,NULL,NULL,NULL,NULL
3787,2020-11-23 00:00:00,53351,A,0,-368.1,368.1,0,2019,P,-368.1,105287,NULL,NULL
3788,2020-10-16 00:00:00,52976,B,3156.84,3283.2,-126.36,0,NULL,NULL,NULL,NULL,NULL,NULL
3789,2020-11-24 00:00:00,53400,B,2454.22,1300,1154.22,0,NULL,NULL,NULL,NULL,NULL,NULL
3790,2020-11-24 00:00:00,53315,B,1638.17,1550,88.17,0,NULL,NULL,NULL,NULL,NULL,NULL
3791,2020-11-24 00:00:00,53373,B,1749.86,1709.8,40.06,0,NULL,NULL,NULL,NULL,NULL,NULL
3792,2020-11-24 00:00:00,53336,B,2648.8,2138,510.8,0,NULL,NULL,NULL,NULL,NULL,NULL
3794,2020-11-24 00:00:00,53377,B,8104,6483.2,1620.8,648.32,NULL,NULL,NULL,NULL,NULL,NULL
3796,2020-11-25 00:00:00,52975,B,3312.4,2243.7,1068.7,0,NULL,NULL,NULL,NULL,NULL,NULL
3797,2020-11-25 00:00:00,53378,B,5724,2289.6,3434.4,1373.76,NULL,NULL,NULL,NULL,NULL,NULL
3798,2020-11-30 00:00:00,53215,A,-31.23,0,-31.23,0,1124,S,-31.23,0,NULL,NULL
3799,2020-12-01 00:00:00,53395,B,1893.75,1647.05,246.7,50,NULL,NULL,NULL,NULL,NULL,NULL
3800,2020-12-01 00:00:00,53390,B,4395.6,3596.4,799.2,50,NULL,NULL,NULL,NULL,NULL,NULL
3801,2020-12-01 00:00:00,53349,B,3391.2,2654.4,736.8,294.72,NULL,NULL,NULL,NULL,NULL,NULL
3802,2020-12-01 00:00:00,53343,B,2826.85,1950,876.85,350.74,NULL,NULL,NULL,NULL,NULL,NULL
3803,2020-12-01 00:00:00,53351,D,-45.83,0,-45.83,0,1212,S,-45.83,NULL,2486,NULL
3805,2020-11-06 00:00:00,53318,B,1775.8,1670.16,105.64,42.256,NULL,NULL,NULL,NULL,NULL,NULL
3806,2020-12-03 00:00:00,53227,B,3415.5,2656.5,759,0,NULL,NULL,NULL,NULL,NULL,NULL
3807,2020-12-03 00:00:00,53416,B,169.6,45.64,123.96,0,NULL,NULL,NULL,NULL,NULL,NULL
3809,2020-12-03 00:00:00,53148,B,7797.6,6929.6,868,0,NULL,NULL,NULL,NULL,NULL,NULL
3810,2020-12-04 00:00:00,53401,B,1640.73,1320.71,320.02,0,NULL,NULL,NULL,NULL,NULL,NULL
3811,2020-12-04 00:00:00,53418,B,7642.08,5943.84,1698.24,679.296,NULL,NULL,NULL,NULL,NULL,NULL
3812,2020-12-04 00:00:00,53408,B,4440.8,2515.2,1925.6,0,NULL,NULL,NULL,NULL,NULL,NULL
3813,2020-12-04 00:00:00,53345,B,2598.26,1850,748.26,299.304,NULL,NULL,NULL,NULL,NULL,NULL
3814,2020-12-18 00:00:00,53449,A,0,-438.7,438.7,0,1915,P,-438.7,105364,NULL,NULL
3815,2020-12-07 00:00:00,53449,B,0,0,0,0,NULL,NULL,NULL,NULL,NULL,NULL
3816,2020-12-08 00:00:00,53390,D,-43.96,0,-43.96,0,1212,S,-43.96,NULL,2493,NULL
3817,2020-10-21 00:00:00,53340,B,2438,2438,0,0,NULL,NULL,NULL,NULL,NULL,NULL
3818,2020-12-08 00:00:00,53379,B,5526,2210.4,3315.6,1326.24,NULL,NULL,NULL,NULL,NULL,NULL
3819,2020-12-09 00:00:00,53367,B,3854.8,3083.84,770.96,0,NULL,NULL,NULL,NULL,NULL,NULL
3820,2020-12-03 00:00:00,53382,B,4168.38,3501.44,666.94,50,NULL,NULL,NULL,NULL,NULL,NULL
3821,2020-11-24 00:00:00,53355,B,3326,2415.6,910.4,0,NULL,NULL,NULL,NULL,NULL,NULL
3822,2020-12-10 00:00:00,52530,A,0,-139,139,0,1428,P,-139,105331,NULL,NULL
3823,2020-12-10 00:00:00,52390,A,0,-139,139,0,1428,P,-139,105330,NULL,NULL
3824,2020-12-10 00:00:00,52530,A,0,339.5,-339.5,0,1428,P,339.5,105331,NULL,NULL
3825,2020-12-10 00:00:00,52390,A,0,339.5,-339.5,0,1428,P,339.5,105330,NULL,NULL
3826,2020-12-10 00:00:00,10194,B,-200.5,-200.5,0,0,NULL,NULL,NULL,NULL,NULL,NULL
3827,2020-12-10 00:00:00,10194A,B,-200.5,-200.5,0,0,NULL,NULL,NULL,NULL,NULL,NULL
3828,2020-12-11 00:00:00,53114,A,-91.18,0,-91.18,0,1128,S,-91.18,0,NULL,NULL
3829,2020-12-11 00:00:00,53294,A,-2.68,0,-2.68,0,1104,S,-2.68,0,NULL,NULL
3830,2020-12-11 00:00:00,53402,B,1762,1415.5,346.5,0,NULL,NULL,NULL,NULL,NULL,NULL
3831,2020-12-11 00:00:00,53380,B,9085,7900,1185,0,NULL,NULL,NULL,NULL,NULL,NULL
3832,2020-12-11 00:00:00,53422,B,3165.8,1987.62,1178.18,50,NULL,NULL,NULL,NULL,NULL,NULL
3833,2020-12-11 00:00:00,53270,B,1356,1942.44,-586.44,50,NULL,NULL,NULL,NULL,NULL,NULL
3835,2020-12-11 00:00:00,53410,B,3662.4,2470.8,1191.6,0,NULL,NULL,NULL,NULL,NULL,NULL
3836,2020-12-11 00:00:00,53421,B,6025.62,4877,1148.62,50,NULL,NULL,NULL,NULL,NULL,NULL
3838,2020-12-15 00:00:00,53422,D,-31.66,0,-31.66,0,1212,S,-31.66,NULL,2506,NULL
3839,2020-12-15 00:00:00,53382,A,487.5,0,487.5,0,2115,S,487.5,0,NULL,NULL
3840,2020-11-23 00:00:00,53382,A,0,409.5,-409.5,0,1941,P,409.5,105346,NULL,NULL
3841,2020-12-11 00:00:00,53419,B,1338.99,1418,-79.01,0,NULL,NULL,NULL,NULL,NULL,NULL
3844,2021-04-16 00:00:00,53389,A,0,-1500,1500,0,2090,P,-1500,105733,NULL,NULL
3846,2020-12-17 00:00:00,53386,B,2492.7,1624.05,868.65,0,NULL,NULL,NULL,NULL,NULL,NULL
3847,2020-12-17 00:00:00,53456,B,2481.6,1482.6,999,0,NULL,NULL,NULL,NULL,NULL,NULL
3848,2020-12-17 00:00:00,53431,B,1698.05,1466.13,231.92,92.768,NULL,NULL,NULL,NULL,NULL,NULL
3849,2020-12-17 00:00:00,53412,B,4650.78,3026.48,1624.3,0,NULL,NULL,NULL,NULL,NULL,NULL
3850,2020-12-17 00:00:00,53396,B,1851.75,1621.4,230.35,50,NULL,NULL,NULL,NULL,NULL,NULL
3851,2020-12-17 00:00:00,53417,B,1467.36,1222.8,244.56,50,NULL,NULL,NULL,NULL,NULL,NULL
3852,2020-12-17 00:00:00,53437,B,2153.34,965.24,1188.1,0,NULL,NULL,NULL,NULL,NULL,NULL
3853,2020-12-17 00:00:00,53434,B,598,0,598,50,NULL,NULL,NULL,NULL,NULL,NULL
3854,2020-12-11 00:00:00,53435,B,586.74,588.8,-2.06,0,NULL,NULL,NULL,NULL,NULL,NULL
3855,2020-12-17 00:00:00,53432,B,3198.6,2522.8,675.8,270.32,NULL,NULL,NULL,NULL,NULL,NULL
3856,2020-12-17 00:00:00,53454,B,1471.51,1280.6,190.91,76.364,NULL,NULL,NULL,NULL,NULL,NULL
3857,2020-12-17 00:00:00,53344,B,2598.26,1850,748.26,142.56,NULL,NULL,NULL,NULL,NULL,NULL
3858,2020-12-17 00:00:00,53406,B,884.32,1306,-421.68,0,NULL,NULL,NULL,NULL,NULL,NULL
3859,2020-12-21 00:00:00,53470,B,600.08,383.72,216.36,50,NULL,NULL,NULL,NULL,NULL,NULL
3860,2020-12-22 00:00:00,53436,B,1729.84,994.24,735.6,0,NULL,NULL,NULL,NULL,NULL,NULL
3861,2020-12-22 00:00:00,53439,B,1518.44,783.84,734.6,0,NULL,NULL,NULL,NULL,NULL,NULL
3862,2020-12-22 00:00:00,53455,B,1846.46,1760,86.46,34.584,NULL,NULL,NULL,NULL,NULL,NULL
3863,2020-12-22 00:00:00,53447,B,7578,6898,680,0,NULL,NULL,NULL,NULL,NULL,NULL
3864,2020-12-22 00:00:00,53292,B,3409.6,1251.2,2158.4,863.36,NULL,NULL,NULL,NULL,NULL,NULL
3865,2020-12-23 00:00:00,53446,B,2200.38,1568.76,631.62,0,NULL,NULL,NULL,NULL,NULL,NULL
3867,2020-12-23 00:00:00,53427,B,2139.2,1850,289.2,115.68,NULL,NULL,NULL,NULL,NULL,NULL
3868,2020-12-23 00:00:00,53462,B,1730.4,1430.23,300.17,0,NULL,NULL,NULL,NULL,NULL,NULL
3869,2020-12-23 00:00:00,53426,B,240.03,186.69,53.34,21.336,NULL,NULL,NULL,NULL,NULL,NULL
3870,2020-12-23 00:00:00,53429,B,3325.84,1314,2011.84,804.736,NULL,NULL,NULL,NULL,NULL,NULL
3871,2020-12-30 00:00:00,53200,A,-1060.38,0,-1060.38,0,1114,S,-1060.38,0,NULL,NULL
3872,2020-12-30 00:00:00,53199,A,-1348.24,0,-1348.24,0,1114,S,-1348.24,0,NULL,NULL
3873,2021-01-04 00:00:00,53475,B,2013.2,1850,163.2,65.28,NULL,NULL,NULL,NULL,NULL,NULL
3874,2021-01-05 00:00:00,53440,B,2508.24,1066.64,1441.6,0,NULL,NULL,NULL,NULL,NULL,NULL
3875,2021-01-05 00:00:00,53428,B,2031.12,1850,181.12,72.448,NULL,NULL,NULL,NULL,NULL,NULL
3876,2021-01-07 00:00:00,53479,B,2310.72,1533.1,777.62,0,NULL,NULL,NULL,NULL,NULL,NULL
3877,2021-01-07 00:00:00,53445,B,1757.6,878,879.6,351.84,NULL,NULL,NULL,NULL,NULL,NULL
3878,2021-01-07 00:00:00,53473,B,1593.2,910.4,682.8,0,NULL,NULL,NULL,NULL,NULL,NULL
3879,2021-01-08 00:00:00,53457,B,4809.2,4590.6,218.6,50,NULL,NULL,NULL,NULL,NULL,NULL
3880,2021-01-08 00:00:00,53405,B,4287.2,2982.4,1304.8,0,NULL,NULL,NULL,NULL,NULL,NULL
3882,2021-01-08 00:00:00,53397,B,2061,1822.84,238.16,50,NULL,NULL,NULL,NULL,NULL,NULL
3883,2021-01-08 00:00:00,53407,B,3972.4,3914.8,57.6,50,NULL,NULL,NULL,NULL,NULL,NULL
3884,2021-01-08 00:00:00,53476,B,2279.4,1850,429.4,171.76,NULL,NULL,NULL,NULL,NULL,NULL
3885,2021-01-08 00:00:00,53485,B,1516.08,1263.4,252.68,50,NULL,NULL,NULL,NULL,NULL,NULL
3886,2021-01-08 00:00:00,53448,B,6282,6064.87,217.13,0,NULL,NULL,NULL,NULL,NULL,NULL
3887,2021-01-11 00:00:00,53409,B,1920.42,1803.73,116.69,0,NULL,NULL,NULL,NULL,NULL,NULL
3888,2021-01-12 00:00:00,53472,B,2410.8,1400,1010.8,404.32,NULL,NULL,NULL,NULL,NULL,NULL
3889,2021-01-12 00:00:00,53433,B,3304.8,2570.4,734.4,293.76,NULL,NULL,NULL,NULL,NULL,NULL
3890,2021-01-12 00:00:00,53425,B,2519.9,1954.96,564.94,0,NULL,NULL,NULL,NULL,NULL,NULL
3891,2020-10-01 00:00:00,53176,A,0,285,-285,0,1620,P,285,105406,NULL,NULL
3892,2021-01-13 00:00:00,53471,B,8406,7355.25,1050.75,0,NULL,NULL,NULL,NULL,NULL,NULL
3893,2021-01-13 00:00:00,53442,B,1657.88,923.68,734.2,0,NULL,NULL,NULL,NULL,NULL,NULL
3897,2021-01-14 00:00:00,53450,B,8498.16,10499.72,-2001.56,0,NULL,NULL,NULL,NULL,NULL,NULL
3898,2021-01-15 00:00:00,53495,B,5880.45,5104.19,776.26,0,NULL,NULL,NULL,NULL,NULL,NULL
3899,2021-01-15 00:00:00,53430,B,2662.32,1233.4,1428.92,571.568,NULL,NULL,NULL,NULL,NULL,NULL
3901,2021-01-15 00:00:00,53466,B,3097,1822,1275,50,NULL,NULL,NULL,NULL,NULL,NULL
3902,2021-01-15 00:00:00,53424,B,9487.3,8463.19,1024.11,409.644,NULL,NULL,NULL,NULL,NULL,NULL
3903,2021-01-15 00:00:00,53444,B,1843.24,976.64,866.6,0,NULL,NULL,NULL,NULL,NULL,NULL
3904,2021-01-15 00:00:00,53513,B,1843.24,976.64,866.6,0,NULL,NULL,NULL,NULL,NULL,NULL
3905,2021-01-15 00:00:00,53398,B,4886.4,4131.8,754.6,0,NULL,NULL,NULL,NULL,NULL,NULL
3906,2021-01-19 00:00:00,53494,B,1738.88,1375.6,363.28,0,NULL,NULL,NULL,NULL,NULL,NULL
3907,2021-01-19 00:00:00,53464,B,1690.5,1723.36,-32.86,50,NULL,NULL,NULL,NULL,NULL,NULL
3908,2021-01-19 00:00:00,53463,B,1966.86,1601.4,365.46,0,NULL,NULL,NULL,NULL,NULL,NULL
3909,2021-01-19 00:00:00,53451,B,8731.2,7276,1455.2,0,NULL,NULL,NULL,NULL,NULL,NULL
3910,2021-01-20 00:00:00,53457,D,-48.09,0,-48.09,0,1212,S,-48.09,NULL,2545,NULL
3911,2021-01-20 00:00:00,53465,B,2318.71,415,1903.71,190.371,NULL,NULL,NULL,NULL,NULL,NULL
3912,2021-01-20 00:00:00,53326,B,3212.64,1301.6,1911.04,764.416,NULL,NULL,NULL,NULL,NULL,NULL
3913,2021-01-20 00:00:00,53521,B,680.8,0,680.8,50,NULL,NULL,NULL,NULL,NULL,NULL
3914,2021-01-20 00:00:00,53524,B,1344,675.6,668.4,267.36,NULL,NULL,NULL,NULL,NULL,NULL
3915,2021-01-08 00:00:00,53356,B,3275,2385,890,0,NULL,NULL,NULL,NULL,NULL,NULL
3916,2021-01-15 00:00:00,53357,B,1172.45,1123.47,48.98,0,NULL,NULL,NULL,NULL,NULL,NULL
3917,2021-01-21 00:00:00,53423,B,1732.05,1586.91,145.14,50,NULL,NULL,NULL,NULL,NULL,NULL
3918,2021-01-25 00:00:00,I1418203,B,72.87,72.87,0,0,NULL,NULL,NULL,NULL,NULL,NULL
3919,2021-01-25 00:00:00,I1418204,B,264.4,264.4,0,0,NULL,NULL,NULL,NULL,NULL,NULL
3920,2021-01-14 00:00:00,53477,B,2037,1650,387,154.8,NULL,NULL,NULL,NULL,NULL,NULL
3921,2021-01-13 00:00:00,53478,B,2076,1987.5,88.5,35.4,NULL,NULL,NULL,NULL,NULL,NULL
3922,2021-01-25 00:00:00,53344,A,-391.86,0,-391.86,0,1137,S,-391.86,0,NULL,NULL
3923,2021-01-25 00:00:00,53509,B,2169,1650,519,207.6,NULL,NULL,NULL,NULL,NULL,NULL
3924,2021-01-26 00:00:00,53512,B,8549.82,7944.3,605.52,242.208,NULL,NULL,NULL,NULL,NULL,NULL
3925,2021-01-26 00:00:00,53528,B,2067.36,1836.6,230.76,92.304,NULL,NULL,NULL,NULL,NULL,NULL
3926,2021-01-27 00:00:00,53483,B,0,0,0,0,NULL,NULL,NULL,NULL,NULL,NULL
3927,2021-01-27 00:00:00,53483INV,B,1825,1825,0,0,NULL,NULL,NULL,NULL,NULL,NULL
3928,2021-01-27 00:00:00,53484,B,18166.54,17506,660.54,0,NULL,NULL,NULL,NULL,NULL,NULL
3929,2021-01-27 00:00:00,53453,B,2231.5,1565.75,665.75,0,NULL,NULL,NULL,NULL,NULL,NULL
3930,2021-01-27 00:00:00,53520,B,1421.56,1300,121.56,0,NULL,NULL,NULL,NULL,NULL,NULL
3931,2021-01-27 00:00:00,53518,B,1081,432.6,648.4,259.36,NULL,NULL,NULL,NULL,NULL,NULL
3932,2021-01-27 00:00:00,53532,B,6252,4584.8,1667.2,50,NULL,NULL,NULL,NULL,NULL,NULL
3933,2021-01-27 00:00:00,53539,B,1513.26,882.36,630.9,0,NULL,NULL,NULL,NULL,NULL,NULL
3934,2021-01-27 00:00:00,53540,B,1631.56,916.16,715.4,0,NULL,NULL,NULL,NULL,NULL,NULL
3936,2021-01-28 00:00:00,53480,B,1490.58,950,540.58,0,NULL,NULL,NULL,NULL,NULL,NULL
3937,2021-01-28 00:00:00,53493,B,521,364.7,156.3,0,NULL,NULL,NULL,NULL,NULL,NULL
3938,2021-01-28 00:00:00,53519,B,7913.13,3069.65,4843.48,50,NULL,NULL,NULL,NULL,NULL,NULL
3939,2021-01-28 00:00:00,53383,B,5440,6301.33,-861.33,50,NULL,NULL,NULL,NULL,NULL,NULL
3940,2021-01-28 00:00:00,53516,B,1631.42,916.12,715.3,0,NULL,NULL,NULL,NULL,NULL,NULL
3941,2021-01-29 00:00:00,I1418203,A,-72.87,0,-72.87,0,1680,S,-72.87,0,NULL,NULL
3942,2021-01-29 00:00:00,I1418204,A,-264.4,0,-264.4,0,1680,S,-264.4,0,NULL,NULL
3943,2021-01-29 00:00:00,53403,B,1291.2,1049.1,242.1,0,NULL,NULL,NULL,NULL,NULL,NULL
3944,2021-01-29 00:00:00,53487,B,3497.6,1337.4,2160.2,864.08,NULL,NULL,NULL,NULL,NULL,NULL
3945,2021-01-29 00:00:00,53488,B,2186.48,958.3,1228.18,491.272,NULL,NULL,NULL,NULL,NULL,NULL
3946,2021-01-29 00:00:00,53492,B,3589.52,2727.36,862.16,0,NULL,NULL,NULL,NULL,NULL,NULL
3947,2021-01-29 00:00:00,53533,B,6125.25,4491.85,1633.4,50,NULL,NULL,NULL,NULL,NULL,NULL
3948,2021-01-29 00:00:00,53496,B,1003.5,223,780.5,312.2,NULL,NULL,NULL,NULL,NULL,NULL
3949,2021-01-29 00:00:00,53498,B,2298,1775,523,209.2,NULL,NULL,NULL,NULL,NULL,NULL
3950,2021-01-29 00:00:00,53517,B,7382.7,6681.95,700.75,0,NULL,NULL,NULL,NULL,NULL,NULL
3951,2021-01-29 00:00:00,53551,B,2202.5,1762,440.5,0,NULL,NULL,NULL,NULL,NULL,NULL
3952,2021-01-29 00:00:00,53552,B,2152.5,1722,430.5,0,NULL,NULL,NULL,NULL,NULL,NULL
3953,2021-01-29 00:00:00,53515,B,1625.12,914.32,710.8,0,NULL,NULL,NULL,NULL,NULL,NULL
3954,2021-02-03 00:00:00,53503,B,0,3675,-3675,-1470,NULL,NULL,NULL,NULL,NULL,NULL
3955,2021-02-03 00:00:00,53542,B,1066.5,428.4,638.1,255.24,NULL,NULL,NULL,NULL,NULL,NULL
3956,2021-02-03 00:00:00,53510,B,2339.2,1650,689.2,275.68,NULL,NULL,NULL,NULL,NULL,NULL
3957,2021-02-03 00:00:00,53460,B,432.6,0,432.6,0,NULL,NULL,NULL,NULL,NULL,NULL
3958,2021-02-03 00:00:00,53368,B,3894.2,3115.36,778.84,0,NULL,NULL,NULL,NULL,NULL,NULL
3959,2021-02-03 00:00:00,53474,B,7522.74,5851.02,1671.72,668.688,NULL,NULL,NULL,NULL,NULL,NULL
3960,2021-02-03 00:00:00,53553,B,5937,2374.8,3562.2,1424.88,NULL,NULL,NULL,NULL,NULL,NULL
3961,2021-02-03 00:00:00,53486,B,877.6,836,41.6,16.64,NULL,NULL,NULL,NULL,NULL,NULL
3963,2021-02-03 00:00:00,53443,B,1888.88,1039.68,849.2,0,NULL,NULL,NULL,NULL,NULL,NULL
3964,2021-02-03 00:00:00,53514,B,1625.12,914.32,710.8,0,NULL,NULL,NULL,NULL,NULL,NULL
3965,2021-02-03 00:00:00,53538,B,1513.26,882.36,630.9,0,NULL,NULL,NULL,NULL,NULL,NULL
3966,2021-02-03 00:00:00,53505,B,2912.8,1622,1290.8,516.32,NULL,NULL,NULL,NULL,NULL,NULL
3968,2020-12-17 00:00:00,53389,B,2449.2,2743.78,-294.58,0,NULL,NULL,NULL,NULL,NULL,NULL
3970,2021-02-04 00:00:00,53508,B,2131.92,1650,481.92,192.768,NULL,NULL,NULL,NULL,NULL,NULL
3971,2021-02-03 00:00:00,53467,B,7615.36,5783.64,1831.72,50,NULL,NULL,NULL,NULL,NULL,NULL
3972,2021-02-05 00:00:00,53568,B,4287.4,3649.8,637.6,0,NULL,NULL,NULL,NULL,NULL,NULL
3973,2021-02-05 00:00:00,53511,B,2631.6,1650,981.6,392.64,NULL,NULL,NULL,NULL,NULL,NULL
3974,2021-02-09 00:00:00,52931INV,A,-109.8,0,-109.8,0,1298,S,-109.8,0,NULL,NULL
3975,2021-02-04 00:00:00,53534,B,6020.25,4414.85,1605.4,50,NULL,NULL,NULL,NULL,NULL,NULL
3976,2021-02-11 00:00:00,53469,B,8305.8,5594.4,2711.4,1084.56,NULL,NULL,NULL,NULL,NULL,NULL
3977,2021-02-11 00:00:00,53399,B,406,239.5,166.5,0,NULL,NULL,NULL,NULL,NULL,NULL
3978,2021-02-11 00:00:00,53420,B,406,239.5,166.5,0,NULL,NULL,NULL,NULL,NULL,NULL
3979,2021-02-11 00:00:00,53482,B,420,255,165,0,NULL,NULL,NULL,NULL,NULL,NULL
3980,2021-02-11 00:00:00,53554,B,262,156.5,105.5,0,NULL,NULL,NULL,NULL,NULL,NULL
3981,2021-02-11 00:00:00,53489,B,3415.12,1329.6,2085.52,834.208,NULL,NULL,NULL,NULL,NULL,NULL
3982,2021-02-11 00:00:00,53535,B,3735.4,2988.32,747.08,0,NULL,NULL,NULL,NULL,NULL,NULL
3983,2021-02-12 00:00:00,53555,B,2133.8,2243.66,-109.86,0,NULL,NULL,NULL,NULL,NULL,NULL
3984,2021-02-16 00:00:00,53481,B,1573.2,1394.14,179.06,0,NULL,NULL,NULL,NULL,NULL,NULL
3985,2021-02-16 00:00:00,53566,B,1380.4,1700,-319.6,-127.84,NULL,NULL,NULL,NULL,NULL,NULL
3986,2021-02-17 00:00:00,53564,B,2581.2,1750,831.2,332.48,NULL,NULL,NULL,NULL,NULL,NULL
3987,2021-02-17 00:00:00,53560,B,1356.7,814.02,542.68,50,NULL,NULL,NULL,NULL,NULL,NULL
3988,2021-02-17 00:00:00,53543,B,6603.52,5149.48,1454.04,50,NULL,NULL,NULL,NULL,NULL,NULL
3989,2021-02-17 00:00:00,53537,B,12739.52,10748.97,1990.55,796.22,NULL,NULL,NULL,NULL,NULL,NULL
3990,2021-02-18 00:00:00,53589,B,6934.4,5252.6,1681.8,0,NULL,NULL,NULL,NULL,NULL,NULL
3991,2021-02-23 00:00:00,53438,B,1175.86,685.96,489.9,0,NULL,NULL,NULL,NULL,NULL,NULL
3992,2021-02-23 00:00:00,53594,B,2487.2,1528.6,958.6,0,NULL,NULL,NULL,NULL,NULL,NULL
3993,2021-02-23 00:00:00,53441,B,2508.24,1066.64,1441.6,0,NULL,NULL,NULL,NULL,NULL,NULL
3994,2021-02-23 00:00:00,53569,B,5561.4,3968.7,1592.7,0,NULL,NULL,NULL,NULL,NULL,NULL
3995,2021-02-24 00:00:00,53585,B,8566.36,4734.96,3831.4,0,NULL,NULL,NULL,NULL,NULL,NULL
3997,2021-02-25 00:00:00,53501,B,7750,4433.6,3316.4,1326.56,NULL,NULL,NULL,NULL,NULL,NULL
3998,2021-02-25 00:00:00,53567,B,3206.5,2016,1190.5,50,NULL,NULL,NULL,NULL,NULL,NULL
3999,2021-02-25 00:00:00,53562,B,2504.8,1850,654.8,0,NULL,NULL,NULL,NULL,NULL,NULL
4000,2021-02-25 00:00:00,53506,B,8763.93,7244.71,1519.22,0,NULL,NULL,NULL,NULL,NULL,NULL
4001,2021-02-25 00:00:00,53655,B,5161.6,4516.4,645.2,258.08,NULL,NULL,NULL,NULL,NULL,NULL
4003,2021-02-26 00:00:00,53592,B,3542.86,1251.08,2291.78,0,NULL,NULL,NULL,NULL,NULL,NULL
4004,2021-02-26 00:00:00,53590,B,3878,3153.6,724.4,289.76,NULL,NULL,NULL,NULL,NULL,NULL
4005,2021-02-26 00:00:00,53656,B,4612.72,3330.84,1281.88,50,NULL,NULL,NULL,NULL,NULL,NULL
4006,2021-02-26 00:00:00,53639,B,1224,288,936,0,NULL,NULL,NULL,NULL,NULL,NULL
4008,2021-02-26 00:00:00,53640,B,1230.8,0,1230.8,0,NULL,NULL,NULL,NULL,NULL,NULL
4011,2021-03-01 00:00:00,53536,B,3601.2,2880.96,720.24,0,NULL,NULL,NULL,NULL,NULL,NULL
4012,2021-03-01 00:00:00,53548,B,1892.8,1318,574.8,0,NULL,NULL,NULL,NULL,NULL,NULL
4013,2021-03-03 00:00:00,53483INV,A,-1825,0,-1825,0,2105,S,-1825,0,NULL,NULL
4014,2021-04-30 00:00:00,53544,A,0,-213,213,0,1428,P,-213,105790,NULL,NULL
4016,2021-03-03 00:00:00,53634,B,1714.86,1583.97,130.89,52.356,NULL,NULL,NULL,NULL,NULL,NULL
4017,2021-03-03 00:00:00,53619,B,5567.24,4127.77,1439.47,0,NULL,NULL,NULL,NULL,NULL,NULL
4018,2021-03-03 00:00:00,53644,B,1979.32,1547.5,431.82,0,NULL,NULL,NULL,NULL,NULL,NULL
4019,2021-03-03 00:00:00,53522,B,4697.1,3611.82,1085.28,0,NULL,NULL,NULL,NULL,NULL,NULL
4020,2021-03-03 00:00:00,53546,B,1205.09,750,455.09,45.509,NULL,NULL,NULL,NULL,NULL,NULL
4021,2021-03-03 00:00:00,53621,B,3498.13,2732.4,765.73,0,NULL,NULL,NULL,NULL,NULL,NULL
4022,2021-03-03 00:00:00,53507,B,667.5,597.78,69.72,50,NULL,NULL,NULL,NULL,NULL,NULL
4023,2021-03-03 00:00:00,53641,B,1072.7,0,1072.7,0,NULL,NULL,NULL,NULL,NULL,NULL
4024,2021-03-03 00:00:00,53499,B,2655.4,1800,855.4,342.16,NULL,NULL,NULL,NULL,NULL,NULL
4025,2021-03-03 00:00:00,53587,B,2737,2150,587,234.8,NULL,NULL,NULL,NULL,NULL,NULL
4026,2021-03-03 00:00:00,53643,B,4000,2230,1770,0,NULL,NULL,NULL,NULL,NULL,NULL
4027,2021-03-03 00:00:00,53604,B,658.4,0,658.4,50,NULL,NULL,NULL,NULL,NULL,NULL
4028,2021-03-01 00:00:00,53637,B,5590.2,4876.2,714,285.6,NULL,NULL,NULL,NULL,NULL,NULL
4029,2021-03-01 00:00:00,53638,B,5061.42,4666.14,395.28,158.112,NULL,NULL,NULL,NULL,NULL,NULL
4030,2021-03-04 00:00:00,53586,B,1999.3,2150,-150.7,-60.28,NULL,NULL,NULL,NULL,NULL,NULL
4031,2021-03-04 00:00:00,53611,B,3536,3138,398,50,NULL,NULL,NULL,NULL,NULL,NULL
4033,2021-03-04 00:00:00,53593,B,2203.88,1555.68,648.2,50,NULL,NULL,NULL,NULL,NULL,NULL
4034,2021-03-04 00:00:00,53597,B,922.6,659,263.6,50,NULL,NULL,NULL,NULL,NULL,NULL
4035,2021-03-05 00:00:00,53610,B,3825,3429,396,50,NULL,NULL,NULL,NULL,NULL,NULL
4036,2021-02-01 00:00:00,53544,B,213,213,0,0,NULL,NULL,NULL,NULL,NULL,NULL
4037,2021-03-12 00:00:00,53645,B,1094.4,808.8,285.6,50,NULL,NULL,NULL,NULL,NULL,NULL
4038,2021-03-08 00:00:00,53609,B,3522.2,2065.7,1456.5,50,NULL,NULL,NULL,NULL,NULL,NULL
4039,2021-03-12 00:00:00,53606,B,2885.93,2467.2,418.73,0,NULL,NULL,NULL,NULL,NULL,NULL
4040,2021-03-12 00:00:00,53531,B,8681.88,7991.1,690.78,276.312,NULL,NULL,NULL,NULL,NULL,NULL
4041,2021-03-12 00:00:00,53661,B,1030.8,257.7,773.1,309.24,NULL,NULL,NULL,NULL,NULL,NULL
4042,2021-03-12 00:00:00,53588,B,2114.8,1700,414.8,165.92,NULL,NULL,NULL,NULL,NULL,NULL
4043,2021-03-12 00:00:00,53684,B,4107.3,2589,1518.3,607.32,NULL,NULL,NULL,NULL,NULL,NULL
4045,2021-03-12 00:00:00,53272,B,2797.2,1750.25,1046.95,418.78,NULL,NULL,NULL,NULL,NULL,NULL
4046,2021-03-12 00:00:00,53599,B,3506.91,2694.05,812.86,325.144,NULL,NULL,NULL,NULL,NULL,NULL
4048,2021-03-12 00:00:00,53648,B,1951.6,1115.2,836.4,50,NULL,NULL,NULL,NULL,NULL,NULL
4051,2021-02-26 00:00:00,53633,B,12303,11072.7,1230.3,0,NULL,NULL,NULL,NULL,NULL,NULL
4052,2021-03-16 00:00:00,53633,A,-658.6,0,-658.6,0,2127,S,-658.6,0,NULL,NULL
4053,2021-03-16 00:00:00,53620,B,15865,14343.75,1521.25,0,NULL,NULL,NULL,NULL,NULL,NULL
4054,2021-03-17 00:00:00,53649,B,1025.34,512.67,512.67,0,NULL,NULL,NULL,NULL,NULL,NULL
4055,2021-03-17 00:00:00,53662,B,1088.4,544.2,544.2,0,NULL,NULL,NULL,NULL,NULL,NULL
4056,2021-03-17 00:00:00,53663,B,1078.8,539.4,539.4,0,NULL,NULL,NULL,NULL,NULL,NULL
4057,2021-03-17 00:00:00,53673,B,1676.8,838.4,838.4,335.36,NULL,NULL,NULL,NULL,NULL,NULL
4058,2021-03-17 00:00:00,53665,B,829.26,414.63,414.63,0,NULL,NULL,NULL,NULL,NULL,NULL
4059,2021-03-17 00:00:00,53666,B,1112.4,556.2,556.2,0,NULL,NULL,NULL,NULL,NULL,NULL
4060,2021-03-17 00:00:00,53672,B,6021.62,4822.65,1198.97,0,NULL,NULL,NULL,NULL,NULL,NULL
4061,2021-03-17 00:00:00,53690,B,7161.6,5669.6,1492,0,NULL,NULL,NULL,NULL,NULL,NULL
4062,2021-03-17 00:00:00,53547,B,858.3,750,108.3,10.83,NULL,NULL,NULL,NULL,NULL,NULL
4063,2021-03-17 00:00:00,53581,B,3316.16,1391.8,1924.36,769.744,NULL,NULL,NULL,NULL,NULL,NULL
4064,2021-03-17 00:00:00,53582,B,3528.24,1419.8,2108.44,843.376,NULL,NULL,NULL,NULL,NULL,NULL
4066,2021-03-17 00:00:00,53678,B,8873.25,6031.62,2841.63,0,NULL,NULL,NULL,NULL,NULL,NULL
4068,2021-03-18 00:00:00,53646,B,15359.58,14501.7,857.88,0,NULL,NULL,NULL,NULL,NULL,NULL
4069,2021-03-18 00:00:00,53635,B,5405.4,3652.7,1752.7,701.08,NULL,NULL,NULL,NULL,NULL,NULL
4070,2021-03-18 00:00:00,53671,B,2969.1,2346,623.1,0,NULL,NULL,NULL,NULL,NULL,NULL
4071,2021-03-18 00:00:00,53452R,B,5921.6,4530.9,1390.7,0,NULL,NULL,NULL,NULL,NULL,NULL
4072,2021-03-18 00:00:00,53632,B,16873,14204.7,2668.3,266.83,NULL,NULL,NULL,NULL,NULL,NULL
4073,2021-03-18 00:00:00,53591,B,12624,10257,2367,0,NULL,NULL,NULL,NULL,NULL,NULL
4074,2021-03-18 00:00:00,53660,B,1744.4,1370.6,373.8,0,NULL,NULL,NULL,NULL,NULL,NULL
4076,2021-03-18 00:00:00,53596,B,894.64,550,344.64,0,NULL,NULL,NULL,NULL,NULL,NULL
4077,2021-03-19 00:00:00,53598,B,7407.36,5761.28,1646.08,658.432,NULL,NULL,NULL,NULL,NULL,NULL
4078,2021-03-19 00:00:00,53650,B,733.54,0,733.54,50,NULL,NULL,NULL,NULL,NULL,NULL
4079,2021-03-23 00:00:00,53545,B,1454.4,800,654.4,0,NULL,NULL,NULL,NULL,NULL,NULL
4081,2021-03-30 00:00:00,53608,A,0,-162.5,162.5,0,2106,P,-162.5,105668,NULL,NULL
4082,2021-03-17 00:00:00,53608,B,6030.57,5440.67,589.9,0,NULL,NULL,NULL,NULL,NULL,NULL
4085,2021-03-25 00:00:00,53085,B,0,250,-250,0,NULL,NULL,NULL,NULL,NULL,NULL
4086,2021-03-25 00:00:00,53680,B,11867.04,7793.28,4073.76,0,NULL,NULL,NULL,NULL,NULL,NULL
4087,2021-03-25 00:00:00,53685,B,6174,5397.6,776.4,310.56,NULL,NULL,NULL,NULL,NULL,NULL
4088,2021-03-25 00:00:00,53652,B,12339.2,10025.6,2313.6,0,NULL,NULL,NULL,NULL,NULL,NULL
4089,2021-03-25 00:00:00,53664,B,1002,501,501,0,NULL,NULL,NULL,NULL,NULL,NULL
4090,2021-03-25 00:00:00,53583,B,3404.56,1533.2,1871.36,748.544,NULL,NULL,NULL,NULL,NULL,NULL
4091,2021-03-25 00:00:00,53696,B,12505.5,11254.95,1250.55,0,NULL,NULL,NULL,NULL,NULL,NULL
4092,2021-03-25 00:00:00,53677,B,2630.25,2150,480.25,192.1,NULL,NULL,NULL,NULL,NULL,NULL
4093,2021-03-25 00:00:00,53659,B,141.04,35.46,105.58,0,NULL,NULL,NULL,NULL,NULL,NULL
4094,2021-03-25 00:00:00,53616,B,4120.8,3651,469.8,50,NULL,NULL,NULL,NULL,NULL,NULL
4095,2021-03-25 00:00:00,53694,B,3708.72,2747.2,961.52,0,NULL,NULL,NULL,NULL,NULL,NULL
4096,2021-03-26 00:00:00,53416,A,-159.33,0,-159.33,0,1428,S,-159.33,0,NULL,NULL
4097,2021-03-26 00:00:00,53460,A,-432.6,0,-432.6,0,1428,S,-432.6,0,NULL,NULL
4098,2021-03-26 00:00:00,53659,A,-141.04,0,-141.04,0,1428,S,-141.04,0,NULL,NULL
4099,2021-03-26 00:00:00,53452,B,0,800,-800,0,NULL,NULL,NULL,NULL,NULL,NULL
4100,2021-03-26 00:00:00,53607,B,11139.2,9050.6,2088.6,0,NULL,NULL,NULL,NULL,NULL,NULL
4101,2021-03-26 00:00:00,53647,B,5985.34,4787.64,1197.7,0,NULL,NULL,NULL,NULL,NULL,NULL
4102,2021-03-26 00:00:00,53651,B,1968.9,2100,-131.1,121.6,NULL,NULL,NULL,NULL,NULL,NULL
4103,2021-03-26 00:00:00,53676,B,2472.12,2150,322.12,128.848,NULL,NULL,NULL,NULL,NULL,NULL
4104,2021-03-26 00:00:00,53614,B,3804.43,3453,351.43,50,NULL,NULL,NULL,NULL,NULL,NULL
4105,2021-03-26 00:00:00,53617,B,4142.39,3570,572.39,50,NULL,NULL,NULL,NULL,NULL,NULL
4106,2021-03-26 00:00:00,53642,B,4464,2852.68,1611.32,0,NULL,NULL,NULL,NULL,NULL,NULL
4107,2021-03-30 00:00:00,53691,B,735,294,441,0,NULL,NULL,NULL,NULL,NULL,NULL
4108,2021-03-30 00:00:00,53692,B,668,0,668,50,NULL,NULL,NULL,NULL,NULL,NULL
4109,2021-03-30 00:00:00,53693,B,3856.68,2856.8,999.88,0,NULL,NULL,NULL,NULL,NULL,NULL
4110,2021-03-30 00:00:00,53695,B,3605.85,2671,934.85,0,NULL,NULL,NULL,NULL,NULL,NULL
4112,2021-04-02 00:00:00,53706,B,16374.5,15111.79,1262.71,50,NULL,NULL,NULL,NULL,NULL,NULL
4113,2021-04-02 00:00:00,53737,B,7355.04,5923.93,1431.11,0,NULL,NULL,NULL,NULL,NULL,NULL
4114,2021-04-02 00:00:00,53721,B,1105.2,552.6,552.6,0,NULL,NULL,NULL,NULL,NULL,NULL
4115,2021-04-02 00:00:00,53719,B,1580.94,790.47,790.47,316.188,NULL,NULL,NULL,NULL,NULL,NULL
4116,2021-04-02 00:00:00,53715,B,5288.85,4313.88,974.97,50,NULL,NULL,NULL,NULL,NULL,NULL
4117,2021-04-02 00:00:00,53712,B,3193.2,1504.2,1689,675.6,NULL,NULL,NULL,NULL,NULL,NULL
4118,2021-04-02 00:00:00,53716,B,12752.6,10078.88,2673.72,0,NULL,NULL,NULL,NULL,NULL,NULL
4119,2021-04-02 00:00:00,53711,B,4141.48,2640,1501.48,50,NULL,NULL,NULL,NULL,NULL,NULL
4120,2021-04-02 00:00:00,53500,B,2869.2,2000,869.2,347.68,NULL,NULL,NULL,NULL,NULL,NULL
4121,2021-04-02 00:00:00,53703,B,2376.54,2150,226.54,90.616,NULL,NULL,NULL,NULL,NULL,NULL
4122,2021-04-02 00:00:00,53658,B,15192,10763.6,4428.4,1721.36,NULL,NULL,NULL,NULL,NULL,NULL
4123,2021-04-02 00:00:00,53615,B,4028.32,3669,359.32,50,NULL,NULL,NULL,NULL,NULL,NULL
4125,2021-04-02 00:00:00,53723,B,6936,5895.6,1040.4,0,NULL,NULL,NULL,NULL,NULL,NULL
4126,2021-04-05 00:00:00,53681,B,0,0,0,0,NULL,NULL,NULL,NULL,NULL,NULL
4127,2021-03-17 00:00:00,53704,B,6011.6,5314.6,697,278.8,NULL,NULL,NULL,NULL,NULL,NULL
4128,2021-03-24 00:00:00,53561,B,0,0,0,0,NULL,NULL,NULL,NULL,NULL,NULL
4129,2021-04-05 00:00:00,53561INV,B,3245.31,3245.31,0,0,NULL,NULL,NULL,NULL,NULL,NULL
4130,2021-03-26 00:00:00,53602,B,0,0,0,0,NULL,NULL,NULL,NULL,NULL,NULL
4131,2021-04-05 00:00:00,53602INV,B,3530,3530,0,0,NULL,NULL,NULL,NULL,NULL,NULL
4132,2021-04-06 00:00:00,53681R,B,8497.75,7655.52,842.23,286.892,NULL,NULL,NULL,NULL,NULL,NULL
4133,2021-04-06 00:00:00,53689,B,22546,20338.4,2207.6,0,NULL,NULL,NULL,NULL,NULL,NULL
4134,2021-04-06 00:00:00,53679,B,6723.2,6017.25,705.95,0,NULL,NULL,NULL,NULL,NULL,NULL
4135,2021-04-06 00:00:00,53750,B,5191.8,4647,544.8,50,NULL,NULL,NULL,NULL,NULL,NULL
4136,2021-04-06 00:00:00,53675,B,9553.5,8492,1061.5,50,NULL,NULL,NULL,NULL,NULL,NULL
4137,2021-07-22 00:00:00,53707,A,0,-796.16,796.16,0,2079,P,-796.16,106113,NULL,NULL
4138,2021-04-07 00:00:00,53730,B,4477,3267.6,1209.4,50,NULL,NULL,NULL,NULL,NULL,NULL
4140,2021-04-09 00:00:00,53672,A,-0.16,0,-0.16,0,1455,S,-0.16,0,NULL,NULL
4141,2021-04-09 00:00:00,53727,B,9642,7616,2026,0,NULL,NULL,NULL,NULL,NULL,NULL
4143,2021-04-02 00:00:00,53670,B,3804.43,6706.85,-2902.42,50,NULL,NULL,NULL,NULL,NULL,NULL
4144,2021-03-25 00:00:00,53670CR,B,-3350,-3350,0,0,NULL,NULL,NULL,NULL,NULL,NULL
4145,2021-04-12 00:00:00,53736,B,3963.84,1300,2663.84,1065.536,NULL,NULL,NULL,NULL,NULL,NULL
4146,2021-04-12 00:00:00,53764,B,1596.8,798.4,798.4,319.36,NULL,NULL,NULL,NULL,NULL,NULL
4147,2021-04-12 00:00:00,53743,B,1779.8,1132.6,647.2,64.72,NULL,NULL,NULL,NULL,NULL,NULL
4148,2021-04-12 00:00:00,53720,B,1285.86,642.93,642.93,257.172,NULL,NULL,NULL,NULL,NULL,NULL
4149,2021-04-12 00:00:00,53763,B,693.6,150,543.6,217.44,NULL,NULL,NULL,NULL,NULL,NULL
4150,2021-04-12 00:00:00,53595,B,2292,1669,623,0,NULL,NULL,NULL,NULL,NULL,NULL
4151,2021-04-12 00:00:00,53739,B,4010.4,2064.7,1945.7,50,NULL,NULL,NULL,NULL,NULL,NULL
4152,2021-04-12 00:00:00,53747,B,2229.24,1324.75,904.49,0,NULL,NULL,NULL,NULL,NULL,NULL
4153,2021-04-12 00:00:00,53748,B,2341.8,1359.05,982.75,0,NULL,NULL,NULL,NULL,NULL,NULL
4154,2021-04-12 00:00:00,53699,B,1334,400,934,373.6,NULL,NULL,NULL,NULL,NULL,NULL
4155,2021-04-12 00:00:00,53667,B,1797.6,1412.4,385.2,0,NULL,NULL,NULL,NULL,NULL,NULL
4156,2021-04-12 00:00:00,53674,B,643,385.8,257.2,50,NULL,NULL,NULL,NULL,NULL,NULL
4157,2021-04-12 00:00:00,53731,B,3002,1801.2,1200.8,50,NULL,NULL,NULL,NULL,NULL,NULL
4158,2021-04-12 00:00:00,53707,B,4356.96,5100,-743.04,50,NULL,NULL,NULL,NULL,NULL,NULL
4159,2021-04-13 00:00:00,53057,A,-1353.18,0,-1353.18,0,1466,S,-1353.18,0,NULL,NULL
4160,2021-02-26 00:00:00,53636,B,1210.5,200,1010.5,404.2,NULL,NULL,NULL,NULL,NULL,NULL
4161,2021-03-12 00:00:00,53570,B,13186.56,10679.52,2507.04,952.816,NULL,NULL,NULL,NULL,NULL,NULL
4163,2021-04-14 00:00:00,53724,B,11103.19,10220.95,882.24,0,NULL,NULL,NULL,NULL,NULL,NULL
4164,2021-04-14 00:00:00,53777,B,2508.6,1267.26,1241.34,496.536,NULL,NULL,NULL,NULL,NULL,NULL
4165,2021-04-14 00:00:00,53783,B,4541.9,2477.4,2064.5,825.8,NULL,NULL,NULL,NULL,NULL,NULL
4167,2021-04-14 00:00:00,53697,B,5675.8,5232.9,442.9,177.16,NULL,NULL,NULL,NULL,NULL,NULL
4170,2021-03-18 00:00:00,53527,B,-1000,0,-1000,-400,NULL,NULL,NULL,NULL,NULL,NULL
4171,2021-03-12 00:00:00,53613,B,3995.68,3714,281.68,50,NULL,NULL,NULL,NULL,NULL,NULL
4172,2021-03-12 00:00:00,53612,B,3780.29,3537,243.29,50,NULL,NULL,NULL,NULL,NULL,NULL
4173,2021-04-15 00:00:00,53753,B,6052.8,4800.45,1252.35,0,NULL,NULL,NULL,NULL,NULL,NULL
4174,2021-04-15 00:00:00,53756,B,956,478,478,50,NULL,NULL,NULL,NULL,NULL,NULL
4175,2021-04-15 00:00:00,53223,B,6663.3,5961.9,701.4,0,NULL,NULL,NULL,NULL,NULL,NULL
4176,2021-04-15 00:00:00,53733,B,2479.27,2150,329.27,131.708,NULL,NULL,NULL,NULL,NULL,NULL
4177,2021-04-15 00:00:00,53740,B,2968.64,1827.7,1140.94,371.08,NULL,NULL,NULL,NULL,NULL,NULL
4179,2021-04-21 00:00:00,53790,B,1797.42,898.71,898.71,359.484,NULL,NULL,NULL,NULL,NULL,NULL
4181,2021-04-22 00:00:00,53654,B,994.5,643.5,351,140.4,NULL,NULL,NULL,NULL,NULL,NULL
4182,2021-04-22 00:00:00,53769,B,4868.8,2070.8,2798,279.8,NULL,NULL,NULL,NULL,NULL,NULL
4183,2021-04-22 00:00:00,53801,B,1435.2,717.6,717.6,287.04,NULL,NULL,NULL,NULL,NULL,NULL
4184,2021-04-22 00:00:00,53775,B,7786.38,4748.24,3038.14,1215.256,NULL,NULL,NULL,NULL,NULL,NULL
4185,2021-04-22 00:00:00,53773,B,6591.6,5073.6,1518,607.2,NULL,NULL,NULL,NULL,NULL,NULL
4186,2021-04-22 00:00:00,53653,B,1689.8,1093.4,596.4,238.56,NULL,NULL,NULL,NULL,NULL,NULL
4187,2021-04-20 00:00:00,53761,B,2344.59,2253.05,91.54,36.616,NULL,NULL,NULL,NULL,NULL,NULL
4188,2021-04-22 00:00:00,53762,B,2684.1,2253.05,431.05,172.42,NULL,NULL,NULL,NULL,NULL,NULL
4189,2021-04-22 00:00:00,53781,B,8442,7035,1407,50,NULL,NULL,NULL,NULL,NULL,NULL
4190,2021-04-22 00:00:00,53717,B,9232.2,6921.38,2310.82,50,NULL,NULL,NULL,NULL,NULL,NULL
4191,2021-04-22 00:00:00,53794,B,12810.51,11030.72,1779.79,50,NULL,NULL,NULL,NULL,NULL,NULL
4192,2021-04-22 00:00:00,53725,B,976.64,1307.78,-331.14,0,NULL,NULL,NULL,NULL,NULL,NULL
4193,2021-04-22 00:00:00,53726,B,1013.37,792,221.37,0,NULL,NULL,NULL,NULL,NULL,NULL
4194,2021-04-22 00:00:00,53734,B,2593.3,1427.76,1165.54,0,NULL,NULL,NULL,NULL,NULL,NULL
4195,2021-04-22 00:00:00,53792,B,1861.2,1184.4,676.8,67.68,NULL,NULL,NULL,NULL,NULL,NULL
4196,2021-04-22 00:00:00,53784,B,10117.36,8758.7,1358.66,0,NULL,NULL,NULL,NULL,NULL,NULL
4197,2021-04-22 00:00:00,53735,B,9445.92,6982.4,2463.52,50,NULL,NULL,NULL,NULL,NULL,NULL
4199,2021-04-23 00:00:00,53793,B,2838.78,1932.49,906.29,50,NULL,NULL,NULL,NULL,NULL,NULL
4200,2021-04-23 00:00:00,53802,B,7452,6334.2,1117.8,0,NULL,NULL,NULL,NULL,NULL,NULL
4203,2021-04-23 00:00:00,53749,B,204.68,51.17,153.51,0,NULL,NULL,NULL,NULL,NULL,NULL
4204,2021-04-23 00:00:00,53461,B,124.8,0,124.8,0,NULL,NULL,NULL,NULL,NULL,NULL
4205,2021-04-23 00:00:00,53760,B,3788.85,3474.13,314.72,0,NULL,NULL,NULL,NULL,NULL,NULL
4206,2021-04-27 00:00:00,53774,B,12383.6,11410.74,972.86,389.144,NULL,NULL,NULL,NULL,NULL,NULL
4207,2021-04-27 00:00:00,53809,B,2644.51,1610.8,1033.71,0,NULL,NULL,NULL,NULL,NULL,NULL
4208,2021-04-27 00:00:00,53798,B,2004.84,1199.1,805.74,0,NULL,NULL,NULL,NULL,NULL,NULL
4209,2021-04-27 00:00:00,53788,B,2280.96,2253.05,27.91,11.164,NULL,NULL,NULL,NULL,NULL,NULL
4210,2021-04-27 00:00:00,53780,B,2120.6,1806.4,314.2,50,NULL,NULL,NULL,NULL,NULL,NULL
4212,2021-04-28 00:00:00,53713,B,3713.84,1559.4,2154.44,861.776,NULL,NULL,NULL,NULL,NULL,NULL
4213,2021-04-28 00:00:00,53741,B,250,322.64,-72.64,-29.056,NULL,NULL,NULL,NULL,NULL,NULL
4214,2021-04-28 00:00:00,53805,B,1755.12,1244.8,510.32,0,NULL,NULL,NULL,NULL,NULL,NULL
4215,2021-04-28 00:00:00,53799,B,3460,1994.73,1465.27,0,NULL,NULL,NULL,NULL,NULL,NULL
4216,2021-04-28 00:00:00,53787,B,579.6,0,579.6,50,NULL,NULL,NULL,NULL,NULL,NULL
4217,2021-04-28 00:00:00,53806,B,5223.92,3417.1,1806.82,722.728,NULL,NULL,NULL,NULL,NULL,NULL
4218,2021-04-29 00:00:00,53461,A,-124.8,0,-124.8,0,1428,S,-124.8,0,NULL,NULL
4219,2021-04-29 00:00:00,53749,A,-204.68,0,-204.68,0,1428,S,-204.68,0,NULL,NULL
4220,2021-04-30 00:00:00,53544,A,0,213,-213,0,1428,P,213,105790,NULL,NULL
4222,2021-04-30 00:00:00,53786,B,4018.75,3293,725.75,0,NULL,NULL,NULL,NULL,NULL,NULL
4223,2021-04-30 00:00:00,53789,B,2237.77,2253.05,-15.28,-6.112,NULL,NULL,NULL,NULL,NULL,NULL
4224,2021-04-30 00:00:00,53767,B,14827.6,12749.81,2077.79,0,NULL,NULL,NULL,NULL,NULL,NULL
4225,2021-04-23 00:00:00,53795,B,8984.8,7759.6,1225.2,0,NULL,NULL,NULL,NULL,NULL,NULL
4226,2021-04-28 00:00:00,53744,B,2849.51,2415.48,434.03,0,NULL,NULL,NULL,NULL,NULL,NULL
4227,2021-05-03 00:00:00,53807,B,4850.1,4082.72,767.38,0,NULL,NULL,NULL,NULL,NULL,NULL
4228,2021-05-03 00:00:00,53815,B,12964.8,10488,2476.8,0,NULL,NULL,NULL,NULL,NULL,NULL
4229,2021-05-03 00:00:00,53728,B,1012.8,800,212.8,0,NULL,NULL,NULL,NULL,NULL,NULL
4230,2021-05-03 00:00:00,53705,B,9460.8,8409.6,1051.2,50,NULL,NULL,NULL,NULL,NULL,NULL
4231,2021-05-03 00:00:00,53823,B,1986,893.7,1092.3,0,NULL,NULL,NULL,NULL,NULL,NULL
4232,2021-05-03 00:00:00,53824,B,1995.4,725.6,1269.8,0,NULL,NULL,NULL,NULL,NULL,NULL
4233,2024-05-24 00:00:00,53605,A,0,-227.15,227.15,0,2068,P,-227.15,111429,NULL,NULL
4234,2021-02-24 00:00:00,53605,B,1053.15,908.6,144.55,7.82,NULL,NULL,NULL,NULL,NULL,NULL
4237,2021-04-30 00:00:00,53797,B,2000,2000,0,0,NULL,NULL,NULL,NULL,NULL,NULL
4238,2021-07-07 00:00:00,53686,A,0,-327.02,327.02,0,2106,P,-327.02,106021,NULL,NULL
4239,2021-04-23 00:00:00,53686,B,3924.24,3270.2,654.04,0,NULL,NULL,NULL,NULL,NULL,NULL
4240,2021-05-06 00:00:00,53827,B,1132.8,566.4,566.4,226.56,NULL,NULL,NULL,NULL,NULL,NULL
4241,2021-05-06 00:00:00,53822,B,2030.4,1180.48,849.92,0,NULL,NULL,NULL,NULL,NULL,NULL
4242,2021-05-06 00:00:00,53826,B,3448.5,2873.75,574.75,0,NULL,NULL,NULL,NULL,NULL,NULL
4243,2021-05-06 00:00:00,53765,B,3340.48,2733.12,607.36,0,NULL,NULL,NULL,NULL,NULL,NULL
4244,2021-05-06 00:00:00,53841,B,3558,2372,1186,0,NULL,NULL,NULL,NULL,NULL,NULL
4245,2021-05-06 00:00:00,53821,B,14679.5,13310.8,1368.7,0,NULL,NULL,NULL,NULL,NULL,NULL
4246,2021-05-06 00:00:00,53785,B,0,0,0,0,NULL,NULL,NULL,NULL,NULL,NULL
4247,2021-05-07 00:00:00,53829,B,5658,3017.6,2640.4,1056.16,NULL,NULL,NULL,NULL,NULL,NULL
4248,2021-05-07 00:00:00,53846,B,1826,1162,664,66.4,NULL,NULL,NULL,NULL,NULL,NULL
4249,2021-05-10 00:00:00,53810,B,1057.52,1100,-42.48,0,NULL,NULL,NULL,NULL,NULL,NULL
4250,2021-05-10 00:00:00,53843,B,1556,933.6,622.4,248.96,NULL,NULL,NULL,NULL,NULL,NULL
4251,2021-05-10 00:00:00,53825,B,1566.48,1174.86,391.62,0,NULL,NULL,NULL,NULL,NULL,NULL
4252,2021-05-12 00:00:00,53800,B,1354,947.8,406.2,50,NULL,NULL,NULL,NULL,NULL,NULL
4253,2021-05-13 00:00:00,53383,A,-1088,0,-1088,0,1585,S,-1088,0,NULL,NULL
4255,2021-05-14 00:00:00,53839,B,985.6,492.8,492.8,197.12,NULL,NULL,NULL,NULL,NULL,NULL
4256,2021-05-14 00:00:00,53819,B,1765.92,1750,15.92,6.368,NULL,NULL,NULL,NULL,NULL,NULL
4258,2021-05-14 00:00:00,53803,B,2018.4,1011,1007.4,402.96,NULL,NULL,NULL,NULL,NULL,NULL
4259,2021-05-14 00:00:00,53831,B,7529.96,6789.86,740.1,296.04,NULL,NULL,NULL,NULL,NULL,NULL
4260,2021-05-14 00:00:00,53861,B,1806.75,985.5,821.25,328.5,NULL,NULL,NULL,NULL,NULL,NULL
4261,2021-05-14 00:00:00,53866,B,6735.6,2993.6,3742,1496.8,NULL,NULL,NULL,NULL,NULL,NULL
4263,2021-05-14 00:00:00,53847,B,25110.09,20570.84,4539.25,0,NULL,NULL,NULL,NULL,NULL,NULL
4266,2021-05-17 00:00:00,53732R,B,-1730,-1730,0,0,NULL,NULL,NULL,NULL,NULL,NULL
4267,2021-05-14 00:00:00,53816,B,2209.35,2450,-240.65,-96.26,NULL,NULL,NULL,NULL,NULL,NULL
4268,2021-05-14 00:00:00,53813,B,8132.4,6121.6,2010.8,804.32,NULL,NULL,NULL,NULL,NULL,NULL
4270,2021-05-14 00:00:00,53820,B,17593.8,16310.8,1283,0,NULL,NULL,NULL,NULL,NULL,NULL
4271,2021-05-18 00:00:00,53830,B,10776.3,9719.8,1056.5,0,NULL,NULL,NULL,NULL,NULL,NULL
4274,2021-05-20 00:00:00,53838,B,2614.5,1830.15,784.35,0,NULL,NULL,NULL,NULL,NULL,NULL
4275,2021-05-20 00:00:00,53857,B,3989.04,3263.76,725.28,0,NULL,NULL,NULL,NULL,NULL,NULL
4276,2021-05-20 00:00:00,53862,B,9475.2,6790.13,2685.07,844.588,NULL,NULL,NULL,NULL,NULL,NULL
4277,2021-05-20 00:00:00,53850,B,1013,506.5,506.5,50,NULL,NULL,NULL,NULL,NULL,NULL
4278,2021-05-20 00:00:00,53812,B,12373.85,11374.44,999.41,99.941,NULL,NULL,NULL,NULL,NULL,NULL
4279,2021-05-20 00:00:00,53700,B,833.42,850,-16.58,-1.658,NULL,NULL,NULL,NULL,NULL,NULL
4280,2021-05-20 00:00:00,53832,B,4896,2527,2369,50,NULL,NULL,NULL,NULL,NULL,NULL
4281,2021-05-20 00:00:00,53845,B,180.88,45.22,135.66,0,NULL,NULL,NULL,NULL,NULL,NULL
4282,2021-05-20 00:00:00,53844,B,3562.35,3297,265.35,50,NULL,NULL,NULL,NULL,NULL,NULL
4283,2021-05-20 00:00:00,53873,B,6466.83,5416.51,1050.32,0,NULL,NULL,NULL,NULL,NULL,NULL
4284,2021-05-20 00:00:00,53849,B,15902.62,15065.64,836.98,0,NULL,NULL,NULL,NULL,NULL,NULL
4285,2021-05-20 00:00:00,53859,B,3759,3257.8,501.2,0,NULL,NULL,NULL,NULL,NULL,NULL
4287,2021-03-24 00:00:00,53718,B,2262,1983.4,278.6,0,NULL,NULL,NULL,NULL,NULL,NULL
4288,2021-05-21 00:00:00,53882,B,1051.2,525.6,525.6,210.24,NULL,NULL,NULL,NULL,NULL,NULL
4289,2021-05-21 00:00:00,53863,B,1454,872.4,581.6,0,NULL,NULL,NULL,NULL,NULL,NULL
4290,2021-05-21 00:00:00,53836,B,8608,7611.4,996.6,0,NULL,NULL,NULL,NULL,NULL,NULL
4291,2021-05-24 00:00:00,53872,B,2487.94,1895,592.94,237.176,NULL,NULL,NULL,NULL,NULL,NULL
4292,2021-05-25 00:00:00,53848,B,1906,1532.8,373.2,50,NULL,NULL,NULL,NULL,NULL,NULL
4295,2021-05-25 00:00:00,53440,A,0,-350,350,0,2126,P,-350,105874,NULL,NULL
4296,2021-05-25 00:00:00,53441,A,-2508.24,0,-2508.24,0,1909,S,-2508.24,0,NULL,NULL
4297,2021-05-25 00:00:00,53890,B,15537.6,14007,1530.6,0,NULL,NULL,NULL,NULL,NULL,NULL
4298,2021-05-25 00:00:00,53738,B,2297.46,1920.78,376.68,0,NULL,NULL,NULL,NULL,NULL,NULL
4299,2021-05-25 00:00:00,53887,B,1423.2,474.4,948.8,0,NULL,NULL,NULL,NULL,NULL,NULL
4300,2021-05-25 00:00:00,53811,B,8074,7340,734,0,NULL,NULL,NULL,NULL,NULL,NULL
4301,2021-05-26 00:00:00,53898,B,5119.2,3659.6,1459.6,0,NULL,NULL,NULL,NULL,NULL,NULL
4302,2021-05-26 00:00:00,53808,B,5036.1,4060.92,975.18,50,NULL,NULL,NULL,NULL,NULL,NULL
4303,2021-05-26 00:00:00,53880,B,1676.5,1005.9,670.6,50,NULL,NULL,NULL,NULL,NULL,NULL
4304,2021-05-27 00:00:00,53654,A,0.01,0,0.01,0,1137,S,0.01,0,NULL,NULL
4305,2021-05-28 00:00:00,53837,B,13772.5,10231,3541.5,0,NULL,NULL,NULL,NULL,NULL,NULL
4306,2021-05-28 00:00:00,53834,B,6936,5513.8,1422.2,0,NULL,NULL,NULL,NULL,NULL,NULL
4307,2021-05-28 00:00:00,53897,B,5249.6,4700.2,549.4,50,NULL,NULL,NULL,NULL,NULL,NULL
4308,2021-05-20 00:00:00,53851,B,9893.94,8530.38,1363.56,545.424,NULL,NULL,NULL,NULL,NULL,NULL
4310,2021-06-01 00:00:00,I1459707,B,308,308,0,0,NULL,NULL,NULL,NULL,NULL,NULL
4312,2021-05-20 00:00:00,53852,B,2089.8,1014.98,1074.82,50,NULL,NULL,NULL,NULL,NULL,NULL
4313,2021-06-01 00:00:00,53932R,B,-207.78,-207.78,0,0,NULL,NULL,NULL,NULL,NULL,NULL
4315,2021-06-02 00:00:00,53776,B,9214.43,8190.6,1023.83,50,NULL,NULL,NULL,NULL,NULL,NULL
4316,2021-06-02 00:00:00,53903,B,718.4,150,568.4,227.36,NULL,NULL,NULL,NULL,NULL,NULL
4317,2021-06-02 00:00:00,53835,B,0,0,0,0,NULL,NULL,NULL,NULL,NULL,NULL
4319,2021-06-02 00:00:00,53893,B,5352,4618,734,0,NULL,NULL,NULL,NULL,NULL,NULL
4320,2021-06-02 00:00:00,53895,B,18554.8,16939.6,1615.2,0,NULL,NULL,NULL,NULL,NULL,NULL
4321,2021-06-02 00:00:00,53865,B,10024.4,8432.5,1591.9,0,NULL,NULL,NULL,NULL,NULL,NULL
4322,2021-06-02 00:00:00,53864,B,12981.2,11623.2,1358,0,NULL,NULL,NULL,NULL,NULL,NULL
4323,2021-06-03 00:00:00,53791,B,15405.12,11604.63,3800.49,1520.196,NULL,NULL,NULL,NULL,NULL,NULL
4324,2021-06-03 00:00:00,53870,B,5763.6,2561.6,3202,1280.8,NULL,NULL,NULL,NULL,NULL,NULL
4326,2021-06-03 00:00:00,53886,B,8656,7743.9,912.1,91.21,NULL,NULL,NULL,NULL,NULL,NULL
4327,2021-06-04 00:00:00,53651,A,435.1,0,435.1,0,1137,S,435.1,0,NULL,NULL
4328,2021-06-04 00:00:00,53885,B,903.68,962.96,-59.28,0,NULL,NULL,NULL,NULL,NULL,NULL
4329,2021-06-04 00:00:00,53867,B,6452.69,5201.28,1251.41,50,NULL,NULL,NULL,NULL,NULL,NULL
4331,2021-06-08 00:00:00,53902,B,981.6,687.12,294.48,50,NULL,NULL,NULL,NULL,NULL,NULL
4332,2021-06-09 00:00:00,53915,B,0,0,0,0,NULL,NULL,NULL,NULL,NULL,NULL
4333,2021-06-09 00:00:00,53584,B,0,809,-809,0,NULL,NULL,NULL,NULL,NULL,NULL
4334,2021-06-09 00:00:00,53884,B,17384.9,12129,5255.9,0,NULL,NULL,NULL,NULL,NULL,NULL
4336,2021-06-09 00:00:00,53833,B,8156,6966.6,1189.4,0,NULL,NULL,NULL,NULL,NULL,NULL
4337,2021-06-09 00:00:00,53869,B,2242,1121,1121,448.4,NULL,NULL,NULL,NULL,NULL,NULL
4338,2021-06-09 00:00:00,53918,B,4905.75,2530.25,2375.5,50,NULL,NULL,NULL,NULL,NULL,NULL
4339,2021-06-09 00:00:00,53911,B,4329,2597.4,1731.6,692.64,NULL,NULL,NULL,NULL,NULL,NULL
4340,2021-06-09 00:00:00,53896,B,5348.2,4404.4,943.8,50,NULL,NULL,NULL,NULL,NULL,NULL
4341,2021-06-09 00:00:00,53913,B,1500,1376.5,123.5,0,NULL,NULL,NULL,NULL,NULL,NULL
4342,2021-06-09 00:00:00,53924,B,5100,1267.2,3832.8,1533.12,NULL,NULL,NULL,NULL,NULL,NULL
4343,2021-06-10 00:00:00,53927,B,17679.2,16035.8,1643.4,0,NULL,NULL,NULL,NULL,NULL,NULL
4345,2021-06-10 00:00:00,53883,B,2504,1825.8,678.2,67.82,NULL,NULL,NULL,NULL,NULL,NULL
4347,2021-05-25 00:00:00,53881,B,4916.4,3818.7,1097.7,50,NULL,NULL,NULL,NULL,NULL,NULL
4348,2021-05-27 00:00:00,53881,A,0,519.3,-519.3,0,1941,P,519.3,105933,NULL,NULL
4350,2021-06-03 00:00:00,53840,B,4408.8,3692,716.8,286.72,NULL,NULL,NULL,NULL,NULL,NULL
4352,2021-06-14 00:00:00,53876,B,5145.79,3472.9,1672.89,669.156,NULL,NULL,NULL,NULL,NULL,NULL
4353,2021-06-14 00:00:00,53871,B,0,0,0,0,NULL,NULL,NULL,NULL,NULL,NULL
4354,2021-06-14 00:00:00,53875,B,0,0,0,0,NULL,NULL,NULL,NULL,NULL,NULL
4355,2021-04-14 00:00:00,53732,B,4060.65,15811.45,-11750.8,-4700.32,NULL,NULL,NULL,NULL,NULL,NULL
4356,2021-06-15 00:00:00,53929,B,6661.5,3610.59,3050.91,50,NULL,NULL,NULL,NULL,NULL,NULL
4357,2021-06-15 00:00:00,53935,B,3151.5,2341.9,809.6,0,NULL,NULL,NULL,NULL,NULL,NULL
4358,2021-06-15 00:00:00,53921,B,6124.8,4680.6,1444.2,577.68,NULL,NULL,NULL,NULL,NULL,NULL
4359,2021-06-15 00:00:00,53909,B,10507.2,8527.2,1980,792,NULL,NULL,NULL,NULL,NULL,NULL
4360,2021-06-15 00:00:00,53934,B,1812,541.2,1270.8,508.32,NULL,NULL,NULL,NULL,NULL,NULL
4361,2021-06-15 00:00:00,53940,B,2556,1278,1278,0,NULL,NULL,NULL,NULL,NULL,NULL
4362,2021-06-15 00:00:00,53687,B,358,191,167,0,NULL,NULL,NULL,NULL,NULL,NULL
4363,2021-06-15 00:00:00,53722,B,290,162.5,127.5,0,NULL,NULL,NULL,NULL,NULL,NULL
4364,2021-06-15 00:00:00,53766,B,262.5,155,107.5,0,NULL,NULL,NULL,NULL,NULL,NULL
4365,2021-06-15 00:00:00,53900,B,317.75,179.25,138.5,0,NULL,NULL,NULL,NULL,NULL,NULL
4366,2021-06-15 00:00:00,53964,B,266.75,147.25,119.5,0,NULL,NULL,NULL,NULL,NULL,NULL
4367,2021-06-15 00:00:00,53856,B,2544,1480.43,1063.57,0,NULL,NULL,NULL,NULL,NULL,NULL
4368,2021-06-15 00:00:00,53914,B,1072,652.8,419.2,167.68,NULL,NULL,NULL,NULL,NULL,NULL
4369,2021-06-15 00:00:00,53939,B,2222,1800,422,0,NULL,NULL,NULL,NULL,NULL,NULL
4371,2021-06-16 00:00:00,53925,B,26877.01,24761.18,2115.83,846.332,NULL,NULL,NULL,NULL,NULL,NULL
4372,2021-06-16 00:00:00,53951,B,1228.8,614.4,614.4,245.76,NULL,NULL,NULL,NULL,NULL,NULL
4373,2021-06-16 00:00:00,53910,B,15388.8,10869.6,4519.2,50,NULL,NULL,NULL,NULL,NULL,NULL
4374,2021-06-16 00:00:00,53906,B,2146.62,1689.96,456.66,0,NULL,NULL,NULL,NULL,NULL,NULL
4375,2021-06-16 00:00:00,53904,B,3899.06,3190.14,708.92,0,NULL,NULL,NULL,NULL,NULL,NULL
4376,2021-06-16 00:00:00,53943,B,1635.9,623.2,1012.7,0,NULL,NULL,NULL,NULL,NULL,NULL
4377,2021-06-17 00:00:00,53862,A,-573.6,0,-573.6,0,1561,S,-573.6,0,NULL,NULL
4378,2021-06-18 00:00:00,53873,A,-1.26,0,-1.26,0,1455,S,-1.26,0,NULL,NULL
4379,2021-06-09 00:00:00,53901,B,4688.2,3790.26,897.94,50,NULL,NULL,NULL,NULL,NULL,NULL
4380,2021-06-18 00:00:00,53919,B,1930.12,2040,-109.88,-43.952,NULL,NULL,NULL,NULL,NULL,NULL
4381,2021-06-18 00:00:00,53948,B,2469,2120.05,348.95,0,NULL,NULL,NULL,NULL,NULL,NULL
4382,2021-06-18 00:00:00,53962,B,2329.5,1710.5,619,0,NULL,NULL,NULL,NULL,NULL,NULL
4383,2021-06-21 00:00:00,53933,B,12342.4,10471.09,1871.31,0,NULL,NULL,NULL,NULL,NULL,NULL
4384,2021-06-21 00:00:00,53941,B,786.6,347.4,439.2,50,NULL,NULL,NULL,NULL,NULL,NULL
4385,2021-06-21 00:00:00,53894,B,7466.8,6033.43,1433.37,523.348,NULL,NULL,NULL,NULL,NULL,NULL
4386,2021-06-22 00:00:00,53956,B,8824,6785,2039,0,NULL,NULL,NULL,NULL,NULL,NULL
4387,2021-06-22 00:00:00,53877,B,5472.48,3943,1529.48,611.792,NULL,NULL,NULL,NULL,NULL,NULL
4388,2021-06-22 00:00:00,53796,B,7339.53,6701.31,638.22,0,NULL,NULL,NULL,NULL,NULL,NULL
4391,2021-06-25 00:00:00,53817,B,2427.66,2445,-17.34,-6.936,NULL,NULL,NULL,NULL,NULL,NULL
4392,2021-06-25 00:00:00,53905,B,3822.5,3127.5,695,0,NULL,NULL,NULL,NULL,NULL,NULL
4393,2021-06-25 00:00:00,53868,B,1160.96,588.48,572.48,50,NULL,NULL,NULL,NULL,NULL,NULL
4394,2021-06-25 00:00:00,53967,B,5871.36,4479.87,1391.49,0,NULL,NULL,NULL,NULL,NULL,NULL
4395,2021-06-25 00:00:00,53947,B,5289.6,1322.4,3967.2,1586.88,NULL,NULL,NULL,NULL,NULL,NULL
4396,2021-06-29 00:00:00,53953,B,4627.32,3926,701.32,0,NULL,NULL,NULL,NULL,NULL,NULL
4397,2021-06-29 00:00:00,53936,B,288.15,144.07,144.08,0,NULL,NULL,NULL,NULL,NULL,NULL
4398,2021-06-29 00:00:00,53981,B,6025.45,4051.75,1973.7,0,NULL,NULL,NULL,NULL,NULL,NULL
4399,2021-06-29 00:00:00,53949,B,11057.7,9912.28,1145.42,50,NULL,NULL,NULL,NULL,NULL,NULL
4400,2021-06-29 00:00:00,53966,B,2629.86,1154,1475.86,0,NULL,NULL,NULL,NULL,NULL,NULL
4401,2021-06-29 00:00:00,53961,B,1632.4,1187.2,445.2,0,NULL,NULL,NULL,NULL,NULL,NULL
4402,2021-06-29 00:00:00,53954,B,18150,16445,1705,0,NULL,NULL,NULL,NULL,NULL,NULL
4403,2021-06-29 00:00:00,53944,B,1766.16,1123.92,642.24,0,NULL,NULL,NULL,NULL,NULL,NULL
4404,2021-07-13 00:00:00,53835,A,0,2357,-2357,0,2130,P,2357,106038,NULL,NULL
4405,2021-06-30 00:00:00,53972,B,1045.2,522.6,522.6,0,NULL,NULL,NULL,NULL,NULL,NULL
4406,2021-06-30 00:00:00,53945,B,11660.7,10502.9,1157.8,0,NULL,NULL,NULL,NULL,NULL,NULL
4407,2021-06-30 00:00:00,53960,B,16424.1,15458.4,965.7,0,NULL,NULL,NULL,NULL,NULL,NULL
4408,2021-06-30 00:00:00,53970,B,2724,1999.8,724.2,0,NULL,NULL,NULL,NULL,NULL,NULL
4409,2021-06-30 00:00:00,53974,B,667,266.8,400.2,0,NULL,NULL,NULL,NULL,NULL,NULL
4410,2021-06-30 00:00:00,53950,B,10922.85,10059.56,863.29,50,NULL,NULL,NULL,NULL,NULL,NULL
4411,2021-06-30 00:00:00,53842,B,3459,2306,1153,0,NULL,NULL,NULL,NULL,NULL,NULL
4412,2021-06-30 00:00:00,53926,B,1984.96,1527.49,457.47,45.747,NULL,NULL,NULL,NULL,NULL,NULL
4417,2021-07-01 00:00:00,53968,B,8520,6816,1704,0,NULL,NULL,NULL,NULL,NULL,NULL
4418,2021-07-07 00:00:00,53938,B,480,240,240,50,NULL,NULL,NULL,NULL,NULL,NULL
4419,2021-07-07 00:00:00,53959,B,7620,6096,1524,50,NULL,NULL,NULL,NULL,NULL,NULL
4420,2021-07-07 00:00:00,54000,B,2710.4,1971.2,739.2,0,NULL,NULL,NULL,NULL,NULL,NULL
4421,2021-07-07 00:00:00,53982,B,5231.4,3051.65,2179.75,871.9,NULL,NULL,NULL,NULL,NULL,NULL
4422,2021-07-07 00:00:00,53957,B,7880,6304,1576,50,NULL,NULL,NULL,NULL,NULL,NULL
4423,2021-07-07 00:00:00,54003,B,2040,1498.2,541.8,0,NULL,NULL,NULL,NULL,NULL,NULL
4424,2021-07-07 00:00:00,53969,B,1459.5,556,903.5,0,NULL,NULL,NULL,NULL,NULL,NULL
4425,2021-07-01 00:00:00,53879,B,0,0,0,0,NULL,NULL,NULL,NULL,NULL,NULL
4426,2021-07-10 00:00:00,54012,B,1034.4,517.2,517.2,0,NULL,NULL,NULL,NULL,NULL,NULL
4427,2021-07-10 00:00:00,53985,B,9600,8448,1152,0,NULL,NULL,NULL,NULL,NULL,NULL
4428,2021-07-10 00:00:00,53952,B,3646.2,2500,1146.2,458.48,NULL,NULL,NULL,NULL,NULL,NULL
4429,2021-07-10 00:00:00,53983,B,5260.2,4064.7,1195.5,478.2,NULL,NULL,NULL,NULL,NULL,NULL
4430,2021-07-10 00:00:00,53942,B,7464,6220,1244,50,NULL,NULL,NULL,NULL,NULL,NULL
4431,2021-07-10 00:00:00,53987,B,1016.4,834.9,181.5,0,NULL,NULL,NULL,NULL,NULL,NULL
4432,2021-07-10 00:00:00,54004,B,1845.9,703.2,1142.7,0,NULL,NULL,NULL,NULL,NULL,NULL
4433,2021-07-10 00:00:00,53997,B,1665.73,1060.01,605.72,0,NULL,NULL,NULL,NULL,NULL,NULL
4434,2021-07-13 00:00:00,6082,B,155,155,0,0,NULL,NULL,NULL,NULL,NULL,NULL
4435,2021-06-30 00:00:00,53980,B,-2084.72,-2084.72,0,0,NULL,NULL,NULL,NULL,NULL,NULL
4436,2021-07-14 00:00:00,53920,B,8363.57,5402.7,2960.87,0,NULL,NULL,NULL,NULL,NULL,NULL
4437,2021-07-14 00:00:00,54015,B,6112.44,4858.81,1253.63,0,NULL,NULL,NULL,NULL,NULL,NULL
4438,2021-07-14 00:00:00,53991,B,2044.8,1573.6,471.2,47.12,NULL,NULL,NULL,NULL,NULL,NULL
4439,2021-07-14 00:00:00,53979,B,351.36,58.56,292.8,50,NULL,NULL,NULL,NULL,NULL,NULL
4440,2021-07-14 00:00:00,54036,B,0,0,0,0,NULL,NULL,NULL,NULL,NULL,NULL
4441,2021-06-15 00:00:00,54036,A,0,-4619.15,4619.15,0,1879,P,-4619.15,106059,NULL,NULL
4442,2021-07-14 00:00:00,53978,B,1252,350,902,360.8,NULL,NULL,NULL,NULL,NULL,NULL
4443,2021-07-15 00:00:00,54013,B,18630,15602.8,3027.2,0,NULL,NULL,NULL,NULL,NULL,NULL
4444,2021-07-15 00:00:00,53955,B,15179,11649,3530,0,NULL,NULL,NULL,NULL,NULL,NULL
4445,2021-07-15 00:00:00,53993,B,9316.22,8053.89,1262.33,0,NULL,NULL,NULL,NULL,NULL,NULL
4446,2021-07-15 00:00:00,53973,B,2644.8,1998,646.8,50,NULL,NULL,NULL,NULL,NULL,NULL
4447,2021-07-14 00:00:00,53986,B,13155.35,11910.93,1244.42,0,NULL,NULL,NULL,NULL,NULL,NULL
4450,2021-06-02 00:00:00,53891,B,244.8,0,244.8,0,NULL,NULL,NULL,NULL,NULL,NULL
4451,2021-07-15 00:00:00,53729,B,0,1950,-1950,0,NULL,NULL,NULL,NULL,NULL,NULL
4452,2021-07-15 00:00:00,53994,B,9366.8,8021.27,1345.53,0,NULL,NULL,NULL,NULL,NULL,NULL
4453,2021-07-15 00:00:00,53946,B,4961.71,3992.7,969.01,387.604,NULL,NULL,NULL,NULL,NULL,NULL
4454,2021-07-16 00:00:00,53939INV,B,500,500,0,0,NULL,NULL,NULL,NULL,NULL,NULL
4455,2021-06-14 00:00:00,53853,B,11718.9,10318.74,1400.16,0,NULL,NULL,NULL,NULL,NULL,NULL
4456,2021-06-10 00:00:00,53855,B,1846.81,1422.2,424.61,0,NULL,NULL,NULL,NULL,NULL,NULL
4457,2021-07-16 00:00:00,6082,A,-155,0,-155,0,2130,S,-155,0,NULL,NULL
4458,2021-07-16 00:00:00,53992,B,958.4,868.88,89.52,0,NULL,NULL,NULL,NULL,NULL,NULL
4460,2021-07-19 00:00:00,53855,A,-30,0,-30,0,1299,S,-30,0,NULL,NULL
4461,2021-07-19 00:00:00,54022,B,11047.6,9958.4,1089.2,0,NULL,NULL,NULL,NULL,NULL,NULL
4462,2021-07-19 00:00:00,53912,B,0,2288.35,-2288.35,0,NULL,NULL,NULL,NULL,NULL,NULL
4463,2021-07-20 00:00:00,54014,B,1616,150,1466,586.4,NULL,NULL,NULL,NULL,NULL,NULL
4464,2021-07-20 00:00:00,53916,B,208.8,52.2,156.6,0,NULL,NULL,NULL,NULL,NULL,NULL
4465,2021-07-20 00:00:00,53977,B,545,0,545,0,NULL,NULL,NULL,NULL,NULL,NULL
4466,2021-07-20 00:00:00,54025,B,1457.4,555.2,902.2,0,NULL,NULL,NULL,NULL,NULL,NULL
4467,2021-07-20 00:00:00,53963,B,14480.67,13115.98,1364.69,116.469,NULL,NULL,NULL,NULL,NULL,NULL
4468,2021-07-21 00:00:00,53874,B,1300,775,525,210,NULL,NULL,NULL,NULL,NULL,NULL
4469,2021-07-21 00:00:00,53975,B,7753.6,6343.8,1409.8,50,NULL,NULL,NULL,NULL,NULL,NULL
4470,2021-07-21 00:00:00,53937,B,0,0,0,50,NULL,NULL,NULL,NULL,NULL,NULL
4472,2021-07-21 00:00:00,53984,B,0,0,0,0,NULL,NULL,NULL,NULL,NULL,NULL
4473,2021-07-22 00:00:00,54011,B,5255.77,3919.2,1336.57,0,NULL,NULL,NULL,NULL,NULL,NULL
4474,2021-07-22 00:00:00,54028,B,4730.4,3153.6,1576.8,630.72,NULL,NULL,NULL,NULL,NULL,NULL
4475,2021-07-23 00:00:00,53899,B,5181.6,3466,1715.6,0,NULL,NULL,NULL,NULL,NULL,NULL
4476,2021-07-23 00:00:00,54040,B,1612.8,1075.2,537.6,0,NULL,NULL,NULL,NULL,NULL,NULL
4477,2021-07-23 00:00:00,53845,A,-180.88,0,-180.88,0,1428,S,-180.88,0,NULL,NULL
4478,2021-07-23 00:00:00,53916,A,-208.8,0,-208.8,0,1428,S,-208.8,0,NULL,NULL
4479,2021-07-23 00:00:00,54005,B,559.8,200,359.8,143.92,NULL,NULL,NULL,NULL,NULL,NULL
4482,2021-07-27 00:00:00,54034,B,909.6,454.8,454.8,181.92,NULL,NULL,NULL,NULL,NULL,NULL
4483,2021-07-27 00:00:00,54055,B,1573,572,1001,400.4,NULL,NULL,NULL,NULL,NULL,NULL
4484,2021-07-27 00:00:00,54007,B,9646,7807.8,1838.2,0,NULL,NULL,NULL,NULL,NULL,NULL
4485,2021-07-27 00:00:00,54018,B,7891.2,6549,1342.2,536.88,NULL,NULL,NULL,NULL,NULL,NULL
4486,2021-07-27 00:00:00,54031,B,7146,3176,3970,1588,NULL,NULL,NULL,NULL,NULL,NULL
4487,2021-07-27 00:00:00,54066,B,2527.2,1555.2,972,97.2,NULL,NULL,NULL,NULL,NULL,NULL
4488,2021-07-28 00:00:00,54019,B,10389.6,8741.75,1647.85,0,NULL,NULL,NULL,NULL,NULL,NULL
4489,2021-07-28 00:00:00,54020,B,12230.43,9137.37,3093.06,0,NULL,NULL,NULL,NULL,NULL,NULL
4490,2021-07-28 00:00:00,54033,B,3742.2,2731.2,1011,404.4,NULL,NULL,NULL,NULL,NULL,NULL
4491,2021-07-28 00:00:00,54016,B,4042.72,3307.68,735.04,0,NULL,NULL,NULL,NULL,NULL,NULL
4492,2021-07-29 00:00:00,53926INV,B,372.51,372.51,0,0,NULL,NULL,NULL,NULL,NULL,NULL
4493,2021-07-29 00:00:00,53991INV,B,126.4,126.4,0,0,NULL,NULL,NULL,NULL,NULL,NULL
4495,2021-07-29 00:00:00,53995,B,2576,3295,-719,0,NULL,NULL,NULL,NULL,NULL,NULL
4496,2021-07-29 00:00:00,54021,B,7105.4,6014.14,1091.26,0,NULL,NULL,NULL,NULL,NULL,NULL
4497,2021-07-30 00:00:00,54008,B,4347,3353.4,993.6,0,NULL,NULL,NULL,NULL,NULL,NULL
4498,2021-07-30 00:00:00,54009,B,4396,3391.2,1004.8,0,NULL,NULL,NULL,NULL,NULL,NULL
4499,2021-07-30 00:00:00,54010,B,3871,2986.2,884.8,0,NULL,NULL,NULL,NULL,NULL,NULL
4500,2021-07-30 00:00:00,53917,B,20688,18211.41,2476.59,990.636,NULL,NULL,NULL,NULL,NULL,NULL
4501,2021-07-30 00:00:00,54048,B,1170,117,1053,421.2,NULL,NULL,NULL,NULL,NULL,NULL
4502,2021-07-30 00:00:00,53998,B,1353,861,492,0,NULL,NULL,NULL,NULL,NULL,NULL
4503,2021-08-03 00:00:00,54057,B,1960,1950,10,4,NULL,NULL,NULL,NULL,NULL,NULL
4504,2021-08-03 00:00:00,54063,B,1498,150,1348,539.2,NULL,NULL,NULL,NULL,NULL,NULL
4505,2021-08-05 00:00:00,54039,B,16995.2,13379.2,3616,0,NULL,NULL,NULL,NULL,NULL,NULL
4506,2021-08-05 00:00:00,54058,B,2390,2000,390,156,NULL,NULL,NULL,NULL,NULL,NULL
4507,2021-08-05 00:00:00,54059,B,2455,2400,55,22,NULL,NULL,NULL,NULL,NULL,NULL
4508,2021-08-05 00:00:00,54069,B,2461.2,200,2261.2,904.48,NULL,NULL,NULL,NULL,NULL,NULL
4509,2021-08-05 00:00:00,54089,B,874.8,437.4,437.4,0,NULL,NULL,NULL,NULL,NULL,NULL
4510,2021-08-05 00:00:00,54068,B,10628.8,8902,1726.8,0,NULL,NULL,NULL,NULL,NULL,NULL
4511,2021-08-05 00:00:00,54081,B,11872.5,10685.25,1187.25,0,NULL,NULL,NULL,NULL,NULL,NULL
4512,2021-08-05 00:00:00,54037,B,6277.76,5354.56,923.2,50,NULL,NULL,NULL,NULL,NULL,NULL
4513,2021-08-05 00:00:00,54044,B,1605,535,1070,50,NULL,NULL,NULL,NULL,NULL,NULL
4514,2021-08-05 00:00:00,54071,B,3998.4,3002.85,995.55,398.22,NULL,NULL,NULL,NULL,NULL,NULL
4515,2021-08-05 00:00:00,54062,B,12164.4,10432.24,1732.16,50,NULL,NULL,NULL,NULL,NULL,NULL
4516,2021-08-05 00:00:00,54076,B,4872,3097.1,1774.9,0,NULL,NULL,NULL,NULL,NULL,NULL
4517,2021-08-05 00:00:00,54024,B,6184.75,3912,2272.75,227.275,NULL,NULL,NULL,NULL,NULL,NULL
4518,2021-08-05 00:00:00,54053,B,7329.3,6443.8,885.5,88.55,NULL,NULL,NULL,NULL,NULL,NULL
4519,2021-08-05 00:00:00,53858,B,1841.4,1171.8,669.6,66.96,NULL,NULL,NULL,NULL,NULL,NULL
4520,2021-08-05 00:00:00,54026,B,2204.88,1469.92,734.96,0,NULL,NULL,NULL,NULL,NULL,NULL
4521,2021-08-06 00:00:00,54041,B,7700,4550,3150,0,NULL,NULL,NULL,NULL,NULL,NULL
4523,2021-08-06 00:00:00,54049,B,2092.44,1693.88,398.56,50,NULL,NULL,NULL,NULL,NULL,NULL
4524,2021-08-06 00:00:00,54042,B,12004,10814,1190,0,NULL,NULL,NULL,NULL,NULL,NULL
4526,2021-08-11 00:00:00,54110,B,2472.5,1780.2,692.3,0,NULL,NULL,NULL,NULL,NULL,NULL
4527,2021-08-11 00:00:00,54067,B,937.95,789.28,148.67,59.468,NULL,NULL,NULL,NULL,NULL,NULL
4528,2021-08-11 00:00:00,54075,B,4905,2432.75,2472.25,50,NULL,NULL,NULL,NULL,NULL,NULL
4529,2021-08-11 00:00:00,54098,B,1584,1152,432,0,NULL,NULL,NULL,NULL,NULL,NULL
4530,2021-08-11 00:00:00,54103,B,1521,1115.4,405.6,0,NULL,NULL,NULL,NULL,NULL,NULL
4531,2021-08-11 00:00:00,54077,B,12832.1,11705.85,1126.25,0,NULL,NULL,NULL,NULL,NULL,NULL
4532,2021-08-12 00:00:00,53901,A,-20.57,0,-20.57,0,1124,S,-20.57,0,NULL,NULL
4533,2021-08-13 00:00:00,54104,B,1704,1249.6,454.4,0,NULL,NULL,NULL,NULL,NULL,NULL
4534,2021-08-13 00:00:00,54096,B,10553.04,8427,2126.04,0,NULL,NULL,NULL,NULL,NULL,NULL
4535,2021-08-13 00:00:00,54084,B,3717,2239.2,1477.8,0,NULL,NULL,NULL,NULL,NULL,NULL
4536,2021-08-13 00:00:00,54079,B,6981.65,4528.48,2453.17,981.268,NULL,NULL,NULL,NULL,NULL,NULL
4538,2021-08-13 00:00:00,54050,B,2447.76,1981.52,466.24,50,NULL,NULL,NULL,NULL,NULL,NULL
4539,2021-08-13 00:00:00,54070,B,23591.15,20792.2,2798.95,1119.58,NULL,NULL,NULL,NULL,NULL,NULL
4540,2021-08-13 00:00:00,54091,B,2160.6,1329.6,831,83.1,NULL,NULL,NULL,NULL,NULL,NULL
4541,2021-08-16 00:00:00,54105,B,1455,1067,388,0,NULL,NULL,NULL,NULL,NULL,NULL
4542,2021-08-16 00:00:00,54113,B,5002.8,4093.2,909.6,0,NULL,NULL,NULL,NULL,NULL,NULL
4543,2021-08-16 00:00:00,54054,B,1007.98,589.12,418.86,167.544,NULL,NULL,NULL,NULL,NULL,NULL
4544,2021-08-16 00:00:00,54092,B,5806.68,4270.29,1536.39,614.556,NULL,NULL,NULL,NULL,NULL,NULL
4545,2021-08-16 00:00:00,54051,B,2206.89,1786.53,420.36,50,NULL,NULL,NULL,NULL,NULL,NULL
4546,2021-08-16 00:00:00,54097,B,5128.8,3419.2,1709.6,683.84,NULL,NULL,NULL,NULL,NULL,NULL
4547,2021-08-16 00:00:00,54047,B,7080.98,5590.5,1490.48,0,NULL,NULL,NULL,NULL,NULL,NULL
4548,2021-08-17 00:00:00,54004,A,0.01,0,0.01,0,1137,S,0.01,0,NULL,NULL
4549,2021-08-17 00:00:00,53878,B,5485.09,3771.3,1713.79,685.516,NULL,NULL,NULL,NULL,NULL,NULL
4550,2021-08-17 00:00:00,54102,B,31542,30412,1130,0,NULL,NULL,NULL,NULL,NULL,NULL
4551,2021-08-18 00:00:00,54073,B,18496.8,15751.67,2745.13,50,NULL,NULL,NULL,NULL,NULL,NULL
4552,2021-08-18 00:00:00,54111,B,2694,1648.8,1045.2,50,NULL,NULL,NULL,NULL,NULL,NULL
4553,2021-08-18 00:00:00,54093,B,6096,3783.2,2312.8,50,NULL,NULL,NULL,NULL,NULL,NULL
4554,2021-08-18 00:00:00,54115,B,1346.4,448.8,897.6,0,NULL,NULL,NULL,NULL,NULL,NULL
4555,2021-08-18 00:00:00,54078,B,3744,3122,622,0,NULL,NULL,NULL,NULL,NULL,NULL
4556,2021-08-18 00:00:00,54106,B,25436.4,23825.4,1611,50,NULL,NULL,NULL,NULL,NULL,NULL
4557,2021-08-18 00:00:00,53965,B,4224.65,2890.55,1334.1,0,NULL,NULL,NULL,NULL,NULL,NULL
4558,2021-08-19 00:00:00,54117,B,1980.55,990.28,990.27,396.108,NULL,NULL,NULL,NULL,NULL,NULL
4559,2021-08-19 00:00:00,54095,B,6836.8,5183.97,1652.83,0,NULL,NULL,NULL,NULL,NULL,NULL
4560,2021-08-19 00:00:00,54027,B,10915,8322.2,2592.8,0,NULL,NULL,NULL,NULL,NULL,NULL
4561,2021-08-20 00:00:00,54085,B,2754,1605.96,1148.04,0,NULL,NULL,NULL,NULL,NULL,NULL
4562,2021-08-20 00:00:00,53958,B,4426.8,3162,1264.8,0,NULL,NULL,NULL,NULL,NULL,NULL
4563,2021-08-20 00:00:00,54072,B,4209,3224,985,0,NULL,NULL,NULL,NULL,NULL,NULL
4564,2021-08-20 00:00:00,54023,B,5479.2,3652.8,1826.4,50,NULL,NULL,NULL,NULL,NULL,NULL
4565,2021-08-23 00:00:00,53745,B,4222.75,3726,496.75,50,NULL,NULL,NULL,NULL,NULL,NULL
4566,2021-08-23 00:00:00,54116,B,1752,350,1402,560.8,NULL,NULL,NULL,NULL,NULL,NULL
4567,2021-08-23 00:00:00,54119,B,5059.47,3891.9,1167.57,439.19,NULL,NULL,NULL,NULL,NULL,NULL
4568,2021-08-23 00:00:00,54080,B,0,733.87,-733.87,0,NULL,NULL,NULL,NULL,NULL,NULL
4569,2021-08-25 00:00:00,54083,B,2499,1503,996,0,NULL,NULL,NULL,NULL,NULL,NULL
4570,2021-08-25 00:00:00,54094,B,7708.8,6464.15,1244.65,0,NULL,NULL,NULL,NULL,NULL,NULL
4571,2021-08-25 00:00:00,54088,B,10146.76,8975.98,1170.78,0,NULL,NULL,NULL,NULL,NULL,NULL
4572,2021-08-25 00:00:00,54064,B,7484.4,5443.2,2041.2,816.48,NULL,NULL,NULL,NULL,NULL,NULL
4573,2021-08-25 00:00:00,54123,B,1390.2,529.6,860.6,0,NULL,NULL,NULL,NULL,NULL,NULL
4574,2021-08-25 00:00:00,54141,B,2799,933,1866,0,NULL,NULL,NULL,NULL,NULL,NULL
4575,2021-08-25 00:00:00,54107,B,12047.88,8946,3101.88,1240.752,NULL,NULL,NULL,NULL,NULL,NULL
4576,2021-08-25 00:00:00,54132,B,10532.5,6652.2,3880.3,0,NULL,NULL,NULL,NULL,NULL,NULL
4577,2021-08-25 00:00:00,53976,B,731.2,365.6,365.6,0,NULL,NULL,NULL,NULL,NULL,NULL
4578,2021-08-25 00:00:00,54130,B,20628.48,17866.5,2761.98,1104.792,NULL,NULL,NULL,NULL,NULL,NULL
4579,2021-08-26 00:00:00,54108,B,18774.44,16325.6,2448.84,979.536,NULL,NULL,NULL,NULL,NULL,NULL
4580,2021-08-26 00:00:00,54090,B,9388.56,6539.4,2849.16,50,NULL,NULL,NULL,NULL,NULL,NULL
4581,2021-08-26 00:00:00,54122,B,9681.6,7743.4,1938.2,0,NULL,NULL,NULL,NULL,NULL,NULL
4582,2021-08-13 00:00:00,54035,B,8153.6,6735,1418.6,50,NULL,NULL,NULL,NULL,NULL,NULL
4583,2021-08-27 00:00:00,54140,B,1017.6,508.8,508.8,0,NULL,NULL,NULL,NULL,NULL,NULL
4584,2021-08-27 00:00:00,54151,B,3574.8,3318.96,255.84,102.336,NULL,NULL,NULL,NULL,NULL,NULL
4585,2021-08-27 00:00:00,54147,B,8733.1,6875.8,1857.3,0,NULL,NULL,NULL,NULL,NULL,NULL
4586,2021-08-27 00:00:00,54146,B,9730.8,5289.58,4441.22,1776.488,NULL,NULL,NULL,NULL,NULL,NULL
4588,2021-08-30 00:00:00,54136,B,1842.4,1316,526.4,50,NULL,NULL,NULL,NULL,NULL,NULL
4589,2021-08-30 00:00:00,54112,B,3838.35,3067.27,771.08,0,NULL,NULL,NULL,NULL,NULL,NULL
4590,2021-08-31 00:00:00,54074,B,16674.3,13236.3,3438,0,NULL,NULL,NULL,NULL,NULL,NULL
4593,2021-09-01 00:00:00,54056,B,-2100,0,-2100,0,NULL,NULL,NULL,NULL,NULL,NULL
4594,2021-09-01 00:00:00,54082,B,18684,15777.6,2906.4,0,NULL,NULL,NULL,NULL,NULL,NULL
4596,2021-09-01 00:00:00,54099,B,5063.82,1386.72,3677.1,0,NULL,NULL,NULL,NULL,NULL,NULL
4597,2021-09-01 00:00:00,54100,B,6818,4401.1,2416.9,50,NULL,NULL,NULL,NULL,NULL,NULL
4598,2021-09-01 00:00:00,54145,B,5255.72,4482.82,772.9,50,NULL,NULL,NULL,NULL,NULL,NULL
4600,2021-09-01 00:00:00,54056R,B,2478.4,2168.6,309.8,50,NULL,NULL,NULL,NULL,NULL,NULL
4602,2021-09-03 00:00:00,54006,B,9853.31,8927.33,925.98,0,NULL,NULL,NULL,NULL,NULL,NULL
4603,2021-09-03 00:00:00,54154,B,1430,150,1280,512,NULL,NULL,NULL,NULL,NULL,NULL
4604,2021-09-03 00:00:00,54046,B,1596,506.8,1089.2,50,NULL,NULL,NULL,NULL,NULL,NULL
4605,2021-09-03 00:00:00,54168,B,2424.4,350,2074.4,829.76,NULL,NULL,NULL,NULL,NULL,NULL
4606,2021-09-07 00:00:00,54045,B,1299.6,433.2,866.4,50,NULL,NULL,NULL,NULL,NULL,NULL
4609,2021-09-08 00:00:00,54109,B,3583.4,2897.4,686,50,NULL,NULL,NULL,NULL,NULL,NULL
4610,2021-09-08 00:00:00,54065,B,7042.2,5102.4,1939.8,775.92,NULL,NULL,NULL,NULL,NULL,NULL
4611,2021-09-08 00:00:00,54148,B,24028.2,22875,1153.2,461.28,NULL,NULL,NULL,NULL,NULL,NULL
4612,2021-09-08 00:00:00,54164,B,5784.8,3302.4,2482.4,992.96,NULL,NULL,NULL,NULL,NULL,NULL
4613,2021-09-08 00:00:00,54183,B,5322,3902.8,1419.2,0,NULL,NULL,NULL,NULL,NULL,NULL
4614,2021-09-08 00:00:00,54172,B,14521.65,13125.34,1396.31,0,NULL,NULL,NULL,NULL,NULL,NULL
4615,2021-09-07 00:00:00,54149,B,1980,1320,660,0,NULL,NULL,NULL,NULL,NULL,NULL
4616,2021-09-10 00:00:00,54200,B,3327,2437.6,889.4,0,NULL,NULL,NULL,NULL,NULL,NULL
4617,2021-09-10 00:00:00,54190,B,10508.7,6770.67,3738.03,50,NULL,NULL,NULL,NULL,NULL,NULL
4618,2021-09-10 00:00:00,54128,B,1910,1339.8,570.2,0,NULL,NULL,NULL,NULL,NULL,NULL
4619,2021-09-10 00:00:00,54174,B,2166,1540,626,0,NULL,NULL,NULL,NULL,NULL,NULL
4620,2021-09-10 00:00:00,54167,B,3797.2,2589,1208.2,0,NULL,NULL,NULL,NULL,NULL,NULL
4621,2021-09-10 00:00:00,54158,B,7890,6575,1315,50,NULL,NULL,NULL,NULL,NULL,NULL
4622,2021-09-10 00:00:00,54131,B,603.2,200,403.2,161.28,NULL,NULL,NULL,NULL,NULL,NULL
4624,2021-09-10 00:00:00,54150,B,16801.2,13733.47,3067.73,50,NULL,NULL,NULL,NULL,NULL,NULL
4625,2021-09-13 00:00:00,54180,B,1443.2,721.6,721.6,288.64,NULL,NULL,NULL,NULL,NULL,NULL
4626,2021-09-13 00:00:00,54159,B,19284.48,16058.4,3226.08,1290.432,NULL,NULL,NULL,NULL,NULL,NULL
4627,2021-09-13 00:00:00,54175,B,1539,1128.6,410.4,0,NULL,NULL,NULL,NULL,NULL,NULL
4628,2021-09-13 00:00:00,54176,B,1644,1205.6,438.4,0,NULL,NULL,NULL,NULL,NULL,NULL
4629,2021-09-13 00:00:00,54142,B,10001.6,8930,1071.6,50,NULL,NULL,NULL,NULL,NULL,NULL
4630,2021-09-13 00:00:00,54143,B,6604.2,5381.2,1223,50,NULL,NULL,NULL,NULL,NULL,NULL
4631,2021-09-13 00:00:00,54160,B,2963.54,1248,1715.54,0,NULL,NULL,NULL,NULL,NULL,NULL
4632,2021-09-15 00:00:00,54067INV,B,198.49,198.49,0,0,NULL,NULL,NULL,NULL,NULL,NULL
4633,2021-09-15 00:00:00,54197,B,4665.92,2930.1,1735.82,50,NULL,NULL,NULL,NULL,NULL,NULL
4634,2021-09-15 00:00:00,54178,B,4610.4,4237.2,373.2,0,NULL,NULL,NULL,NULL,NULL,NULL
4635,2021-09-15 00:00:00,54182,B,10835,7880,2955,50,NULL,NULL,NULL,NULL,NULL,NULL
4637,2021-09-15 00:00:00,54114,B,1867.8,1188.6,679.2,67.92,NULL,NULL,NULL,NULL,NULL,NULL
4638,2021-09-18 00:00:00,54204,B,3451,1802.52,1648.48,0,NULL,NULL,NULL,NULL,NULL,NULL
4639,2021-09-18 00:00:00,54198,B,1465.2,666,799.2,0,NULL,NULL,NULL,NULL,NULL,NULL
4640,2021-09-18 00:00:00,54184,B,3989.47,3174.6,814.87,0,NULL,NULL,NULL,NULL,NULL,NULL
4642,2021-09-15 00:00:00,54170,B,4282.6,2976.3,1306.3,0,NULL,NULL,NULL,NULL,NULL,NULL
4643,2021-09-21 00:00:00,53757,B,1459.2,851.2,608,50,NULL,NULL,NULL,NULL,NULL,NULL
4644,2021-09-21 00:00:00,54222,B,3828,3452,376,150.4,NULL,NULL,NULL,NULL,NULL,NULL
4645,2021-09-21 00:00:00,54201,B,9916.8,8954,962.8,0,NULL,NULL,NULL,NULL,NULL,NULL
4646,2021-09-21 00:00:00,54179,B,1300,390,910,364,NULL,NULL,NULL,NULL,NULL,NULL
4647,2021-09-21 00:00:00,54216,B,1404,350,1054,421.6,NULL,NULL,NULL,NULL,NULL,NULL
4648,2021-09-21 00:00:00,54244,B,19935,17542.8,2392.2,956.88,NULL,NULL,NULL,NULL,NULL,NULL
4649,2021-09-21 00:00:00,54191,B,11562.96,9418.8,2144.16,0,NULL,NULL,NULL,NULL,NULL,NULL
4651,2021-09-23 00:00:00,54207,B,1626,1192.4,433.6,0,NULL,NULL,NULL,NULL,NULL,NULL
4652,2021-09-23 00:00:00,54193,B,10026.72,8461.05,1565.67,0,NULL,NULL,NULL,NULL,NULL,NULL
4654,2021-09-23 00:00:00,54162,B,7124.7,5181.6,1943.1,777.24,NULL,NULL,NULL,NULL,NULL,NULL
4655,2021-09-23 00:00:00,54221,B,7999.2,6298.16,1701.04,50,NULL,NULL,NULL,NULL,NULL,NULL
4656,2021-09-23 00:00:00,54219,B,7177.5,6356.8,820.7,82.07,NULL,NULL,NULL,NULL,NULL,NULL
4657,2021-09-23 00:00:00,54133,B,4180,3442.4,737.6,0,NULL,NULL,NULL,NULL,NULL,NULL
4658,2021-09-23 00:00:00,54153,B,3464,2618,846,50,NULL,NULL,NULL,NULL,NULL,NULL
4659,2021-09-25 00:00:00,54231,B,1482.8,943.6,539.2,215.68,NULL,NULL,NULL,NULL,NULL,NULL
4660,2021-09-25 00:00:00,54196,B,6722.08,4040.91,2681.17,1072.468,NULL,NULL,NULL,NULL,NULL,NULL
4661,2021-09-25 00:00:00,54187,B,6840.96,4213.6,2627.36,1050.944,NULL,NULL,NULL,NULL,NULL,NULL
4663,2021-09-25 00:00:00,54165,B,11343,8659.52,2683.48,1073.392,NULL,NULL,NULL,NULL,NULL,NULL
4664,2021-09-25 00:00:00,54238,B,1472,150,1322,528.8,NULL,NULL,NULL,NULL,NULL,NULL
4665,2021-09-25 00:00:00,54237,B,1526,150,1376,550.4,NULL,NULL,NULL,NULL,NULL,NULL
4666,2021-09-25 00:00:00,54134,B,10929.6,9204.4,1725.2,0,NULL,NULL,NULL,NULL,NULL,NULL
4667,2021-09-25 00:00:00,54220,B,9848.7,8646.98,1201.72,480.688,NULL,NULL,NULL,NULL,NULL,NULL
4669,2021-09-25 00:00:00,54138,B,14462.8,13440,1022.8,0,NULL,NULL,NULL,NULL,NULL,NULL
4670,2021-09-27 00:00:00,53797,A,-2000,0,-2000,0,1974,S,-2000,0,NULL,NULL
4671,2021-09-08 00:00:00,54061,B,3230.2,2025.4,1204.8,0,NULL,NULL,NULL,NULL,NULL,NULL
4673,2021-09-27 00:00:00,54061,A,-602.4,0,-602.4,0,1299,S,-602.4,0,NULL,NULL
4675,2021-09-28 00:00:00,54245,B,1420,150,1270,508,NULL,NULL,NULL,NULL,NULL,NULL
4677,2021-09-28 00:00:00,54188,B,1362.33,879.57,482.76,0,NULL,NULL,NULL,NULL,NULL,NULL
4678,2021-09-29 00:00:00,54232,B,2464.8,1632,832.8,0,NULL,NULL,NULL,NULL,NULL,NULL
4679,2021-09-29 00:00:00,54152,B,10419.6,8827.98,1591.62,0,NULL,NULL,NULL,NULL,NULL,NULL
4680,2021-09-29 00:00:00,54212,B,20212.8,19168.3,1044.5,0,NULL,NULL,NULL,NULL,NULL,NULL
4681,2021-09-29 00:00:00,54236,B,17665.2,15301.4,2363.8,50,NULL,NULL,NULL,NULL,NULL,NULL
4682,2021-09-29 00:00:00,54228,B,6217.2,3746.88,2470.32,0,NULL,NULL,NULL,NULL,NULL,NULL
4683,2021-09-29 00:00:00,54211,B,10430.4,8412.5,2017.9,0,NULL,NULL,NULL,NULL,NULL,NULL
4684,2021-09-29 00:00:00,54248,B,1452,484,968,50,NULL,NULL,NULL,NULL,NULL,NULL
4685,2021-09-29 00:00:00,54241,B,3066,1713.2,1352.8,50,NULL,NULL,NULL,NULL,NULL,NULL
4686,2021-09-29 00:00:00,54139,B,4015.2,2437.8,1577.4,0,NULL,NULL,NULL,NULL,NULL,NULL
4687,2021-09-29 00:00:00,54229,B,2221.8,950,1271.8,0,NULL,NULL,NULL,NULL,NULL,NULL
4688,2021-09-29 00:00:00,54202,B,28953.2,26753.5,2199.7,219.97,NULL,NULL,NULL,NULL,NULL,NULL
4690,2021-09-30 00:00:00,54225,B,3418.72,2706.49,712.23,0,NULL,NULL,NULL,NULL,NULL,NULL
4691,2021-09-30 00:00:00,54194,B,13825,11850,1975,50,NULL,NULL,NULL,NULL,NULL,NULL
4692,2021-09-30 00:00:00,54224,B,4238.66,3048.24,1190.42,50,NULL,NULL,NULL,NULL,NULL,NULL
4693,2021-09-30 00:00:00,54260,B,4278.4,3863,415.4,0,NULL,NULL,NULL,NULL,NULL,NULL
4694,2021-09-30 00:00:00,54261,B,9545.8,8502.15,1043.65,0,NULL,NULL,NULL,NULL,NULL,NULL
4695,2021-09-21 00:00:00,54205,B,1036.8,154.24,882.56,88.256,NULL,NULL,NULL,NULL,NULL,NULL
4696,2021-10-01 00:00:00,54273,B,1570.8,350,1220.8,488.32,NULL,NULL,NULL,NULL,NULL,NULL
4697,2021-10-01 00:00:00,54274,B,2219.4,1638,581.4,50,NULL,NULL,NULL,NULL,NULL,NULL
4698,2021-10-01 00:00:00,54217,B,3856,3084.8,771.2,50,NULL,NULL,NULL,NULL,NULL,NULL
4699,2021-10-01 00:00:00,54223,B,7083.25,5862,1221.25,50,NULL,NULL,NULL,NULL,NULL,NULL
4700,2021-09-28 00:00:00,54177,B,3543.93,2683.27,860.66,344.264,NULL,NULL,NULL,NULL,NULL,NULL
4701,2021-10-01 00:00:00,54155,B,7035.2,6568.8,466.4,0,NULL,NULL,NULL,NULL,NULL,NULL
4702,2021-10-01 00:00:00,54251,B,1147,688.2,458.8,45.88,NULL,NULL,NULL,NULL,NULL,NULL
4703,2021-10-01 00:00:00,54252,B,1145,687,458,45.8,NULL,NULL,NULL,NULL,NULL,NULL
4704,2021-10-01 00:00:00,54254,B,681.95,250,431.95,43.195,NULL,NULL,NULL,NULL,NULL,NULL
4705,2021-10-01 00:00:00,54280,B,8648,7619,1029,0,NULL,NULL,NULL,NULL,NULL,NULL
4706,2021-09-01 00:00:00,54121,B,10995,9603.2,1391.8,0,NULL,NULL,NULL,NULL,NULL,NULL
4707,2021-10-01 00:00:00,54218,B,2075,2100,-25,-10,NULL,NULL,NULL,NULL,NULL,NULL
4708,2021-10-01 00:00:00,54249,B,8280,7287.2,992.8,0,NULL,NULL,NULL,NULL,NULL,NULL
4709,2021-10-04 00:00:00,54233,B,0,0,0,0,NULL,NULL,NULL,NULL,NULL,NULL
4710,2021-10-04 00:00:00,54233INV,B,1950,1950,0,0,NULL,NULL,NULL,NULL,NULL,NULL
4711,2021-10-04 00:00:00,54275,B,2116.67,1652,464.67,50,NULL,NULL,NULL,NULL,NULL,NULL
4712,2021-10-04 00:00:00,54268,B,4474.4,2774.6,1699.8,679.92,NULL,NULL,NULL,NULL,NULL,NULL
4713,2021-10-05 00:00:00,54276,B,2228.31,1650.6,577.71,50,NULL,NULL,NULL,NULL,NULL,NULL
4714,2021-10-05 00:00:00,54257,B,1287,117,1170,468,NULL,NULL,NULL,NULL,NULL,NULL
4715,2021-10-05 00:00:00,54277,B,3163.6,2157,1006.6,0,NULL,NULL,NULL,NULL,NULL,NULL
4716,2021-10-05 00:00:00,54271,B,4342.8,3594,748.8,299.52,NULL,NULL,NULL,NULL,NULL,NULL
4718,2021-10-06 00:00:00,54281,B,2889,2357,532,0,NULL,NULL,NULL,NULL,NULL,NULL
4719,2021-10-06 00:00:00,54272,B,4784.4,1440,3344.4,1337.76,NULL,NULL,NULL,NULL,NULL,NULL
4720,2021-10-06 00:00:00,54227,B,14854.41,12056.41,2798,0,NULL,NULL,NULL,NULL,NULL,NULL
4721,2021-10-06 00:00:00,54266,B,7151.1,5200.8,1950.3,780.12,NULL,NULL,NULL,NULL,NULL,NULL
4722,2021-10-06 00:00:00,54267,B,6623.1,4816.8,1806.3,722.52,NULL,NULL,NULL,NULL,NULL,NULL
4723,2021-10-06 00:00:00,54279,B,2654.54,2474.88,179.66,71.864,NULL,NULL,NULL,NULL,NULL,NULL
4724,2021-10-06 00:00:00,54263,B,7504.9,6408.2,1096.7,438.68,NULL,NULL,NULL,NULL,NULL,NULL
4726,2021-10-07 00:00:00,54253,B,19740.8,17830.4,1910.4,50,NULL,NULL,NULL,NULL,NULL,NULL
4727,2021-10-07 00:00:00,54214,B,8013.9,3996,4017.9,401.79,NULL,NULL,NULL,NULL,NULL,NULL
4729,2021-10-11 00:00:00,54246,B,630,75,555,222,NULL,NULL,NULL,NULL,NULL,NULL
4730,2021-10-11 00:00:00,54262,B,453.5,0,453.5,0,NULL,NULL,NULL,NULL,NULL,NULL
4731,2021-10-11 00:00:00,54258,B,1294.4,1035.52,258.88,50,NULL,NULL,NULL,NULL,NULL,NULL
4732,2021-10-13 00:00:00,54072,F,-35,0,-35,0,1482,S,-35,NULL,2923,NULL
4733,2021-10-15 00:00:00,54302,B,2403.54,1246.28,1157.26,115.726,NULL,NULL,NULL,NULL,NULL,NULL
4734,2021-10-15 00:00:00,54156,B,10008.78,8310.93,1697.85,0,NULL,NULL,NULL,NULL,NULL,NULL
4735,2021-10-15 00:00:00,54259,B,10327,8982,1345,0,NULL,NULL,NULL,NULL,NULL,NULL
4736,2021-10-15 00:00:00,54163,B,7260,5280,1980,792,NULL,NULL,NULL,NULL,NULL,NULL
4737,2021-10-15 00:00:00,54292,B,4190.72,2560.89,1629.83,162.983,NULL,NULL,NULL,NULL,NULL,NULL
4738,2021-10-15 00:00:00,54144,B,2336.8,1930.4,406.4,50,NULL,NULL,NULL,NULL,NULL,NULL
4739,2021-10-15 00:00:00,54126,B,18183.8,14618.7,3565.1,50,NULL,NULL,NULL,NULL,NULL,NULL
4740,2021-10-15 00:00:00,54125,B,18643.8,15181.1,3462.7,50,NULL,NULL,NULL,NULL,NULL,NULL
4741,2021-10-15 00:00:00,54129,B,6088.5,4386.2,1702.3,0,NULL,NULL,NULL,NULL,NULL,NULL
4742,2021-10-15 00:00:00,54171,B,6712.86,4099.89,2612.97,0,NULL,NULL,NULL,NULL,NULL,NULL
4743,2021-10-15 00:00:00,54235,B,6713.6,4614.6,2099,839.6,NULL,NULL,NULL,NULL,NULL,NULL
4744,2021-10-15 00:00:00,54300,B,6808,4748,2060,824,NULL,NULL,NULL,NULL,NULL,NULL
4745,2021-10-15 00:00:00,54199,B,3174,2129,1045,104.5,NULL,NULL,NULL,NULL,NULL,NULL
4746,2021-10-15 00:00:00,54255,B,790.2,250,540.2,54.02,NULL,NULL,NULL,NULL,NULL,NULL
4747,2021-10-15 00:00:00,54316,B,10506.4,8112,2394.4,0,NULL,NULL,NULL,NULL,NULL,NULL
4748,2021-10-20 00:00:00,54290,B,2662.2,2150,512.2,204.88,NULL,NULL,NULL,NULL,NULL,NULL
4749,2021-10-20 00:00:00,54317,B,1445.4,1051.2,394.2,157.68,NULL,NULL,NULL,NULL,NULL,NULL
4750,2021-10-20 00:00:00,54226,B,10120,9469.5,650.5,0,NULL,NULL,NULL,NULL,NULL,NULL
4751,2021-10-20 00:00:00,54206,B,9678.4,7663.95,2014.45,50,NULL,NULL,NULL,NULL,NULL,NULL
4752,2021-10-20 00:00:00,54203,B,5932.8,4915.2,1017.6,50,NULL,NULL,NULL,NULL,NULL,NULL
4753,2021-10-20 00:00:00,54285,B,6192,5196.77,995.23,50,NULL,NULL,NULL,NULL,NULL,NULL
4754,2021-10-20 00:00:00,54299,B,15039.18,13593.1,1446.08,0,NULL,NULL,NULL,NULL,NULL,NULL
4755,2021-10-20 00:00:00,54210,B,9835.2,8271.5,1563.7,0,NULL,NULL,NULL,NULL,NULL,NULL
4756,2021-10-18 00:00:00,54186,B,5925.92,3704,2221.92,888.768,NULL,NULL,NULL,NULL,NULL,NULL
4757,2021-10-20 00:00:00,54297,B,918,510,408,163.2,NULL,NULL,NULL,NULL,NULL,NULL
4758,2021-10-20 00:00:00,54296,B,4250.4,2489,1761.4,704.56,NULL,NULL,NULL,NULL,NULL,NULL
4759,2021-10-20 00:00:00,54287,B,7077.6,3932,3145.6,1258.24,NULL,NULL,NULL,NULL,NULL,NULL
4760,2021-10-20 00:00:00,54230,B,1962.56,950,1012.56,0,NULL,NULL,NULL,NULL,NULL,NULL
4761,2021-10-20 00:00:00,54185,B,6174.56,2376.32,3798.24,0,NULL,NULL,NULL,NULL,NULL,NULL
4762,2021-09-25 00:00:00,54215,B,7833,6597.4,1235.6,0,NULL,NULL,NULL,NULL,NULL,NULL
4763,2021-10-20 00:00:00,54265,B,2995.97,2433.21,562.76,0,NULL,NULL,NULL,NULL,NULL,NULL
4764,2021-03-18 00:00:00,53683,B,2492.88,2492.88,0,0,NULL,NULL,NULL,NULL,NULL,NULL
4766,2021-10-21 00:00:00,54122,A,0.06,0,0.06,0,2118,S,0.06,0,NULL,NULL
4767,2021-10-22 00:00:00,54336,B,2991.6,2508.8,482.8,0,NULL,NULL,NULL,NULL,NULL,NULL
4768,2021-10-22 00:00:00,54322,B,920.64,460.32,460.32,0,NULL,NULL,NULL,NULL,NULL,NULL
4769,2021-10-22 00:00:00,54270,B,12158.58,10849.19,1309.39,0,NULL,NULL,NULL,NULL,NULL,NULL
4770,2021-10-22 00:00:00,54234,B,10115.28,8467,1648.28,659.312,NULL,NULL,NULL,NULL,NULL,NULL
4771,2021-10-22 00:00:00,54189,B,1514.8,1082,432.8,0,NULL,NULL,NULL,NULL,NULL,NULL
4772,2021-10-22 00:00:00,54269,B,3525,2350,1175,0,NULL,NULL,NULL,NULL,NULL,NULL
4773,2021-10-22 00:00:00,54247,B,6707.2,5661.2,1046,50,NULL,NULL,NULL,NULL,NULL,NULL
4774,2021-10-22 00:00:00,54243,B,4816,3026.72,1789.28,715.712,NULL,NULL,NULL,NULL,NULL,NULL
4775,2021-10-22 00:00:00,54312,B,1730,150,1580,632,NULL,NULL,NULL,NULL,NULL,NULL
4776,2021-09-25 00:00:00,54209,B,10080,6641.2,3438.8,0,NULL,NULL,NULL,NULL,NULL,NULL
4777,2021-10-25 00:00:00,52510,A,-798.8,0,-798.8,0,1955,S,-798.8,0,NULL,NULL
4778,2021-10-25 00:00:00,52958INV,A,-264.35,0,-264.35,0,1765,S,-264.35,0,NULL,NULL
4779,2021-10-25 00:00:00,54169,B,0,0,0,0,NULL,NULL,NULL,NULL,NULL,NULL
4780,2021-10-25 00:00:00,53996,B,0,0,0,0,NULL,NULL,NULL,NULL,NULL,NULL
4781,2021-10-25 00:00:00,54335,B,1278,1022.4,255.6,102.24,NULL,NULL,NULL,NULL,NULL,NULL
4782,2021-10-25 00:00:00,54321,B,4817.4,4094.79,722.61,50,NULL,NULL,NULL,NULL,NULL,NULL
4783,2021-10-25 00:00:00,54250,B,7094.4,4980.4,2114,845.6,NULL,NULL,NULL,NULL,NULL,NULL
4784,2021-10-25 00:00:00,53996R,B,0,4723.94,-4723.94,0,NULL,NULL,NULL,NULL,NULL,NULL
4785,2021-10-25 00:00:00,54315,B,855.6,250,605.6,60.56,NULL,NULL,NULL,NULL,NULL,NULL
4786,2021-10-25 00:00:00,54169R,B,8676.7,7089.75,1586.95,0,NULL,NULL,NULL,NULL,NULL,NULL
4787,2021-10-26 00:00:00,52670,A,-5014.8,0,-5014.8,0,1662,S,-5014.8,0,NULL,NULL
4788,2021-10-26 00:00:00,52755,A,-2359.3,0,-2359.3,0,1956,S,-2359.3,0,NULL,NULL
4789,2021-10-26 00:00:00,54334,B,2625.6,1753.6,872,0,NULL,NULL,NULL,NULL,NULL,NULL
4790,2021-10-26 00:00:00,54353,B,1741.08,1017.03,724.05,72.405,NULL,NULL,NULL,NULL,NULL,NULL
4791,2021-10-26 00:00:00,54345,B,4204.2,3617,587.2,184.88,NULL,NULL,NULL,NULL,NULL,NULL
4792,2021-10-26 00:00:00,54323,B,0,-300,300,0,NULL,NULL,NULL,NULL,NULL,NULL
4793,2021-10-27 00:00:00,54323INV,B,300,300,0,0,NULL,NULL,NULL,NULL,NULL,NULL
4794,2021-10-28 00:00:00,54240INV,B,100,100,0,0,NULL,NULL,NULL,NULL,NULL,NULL
4797,2021-10-28 00:00:00,54256,B,210,0,210,0,NULL,NULL,NULL,NULL,NULL,NULL
4798,2021-10-28 00:00:00,54291,B,6694.26,5278,1416.26,141.626,NULL,NULL,NULL,NULL,NULL,NULL
4799,2021-10-28 00:00:00,54364,B,1392.6,350,1042.6,417.04,NULL,NULL,NULL,NULL,NULL,NULL
4800,2021-10-28 00:00:00,54313,B,1449.6,483.2,966.4,0,NULL,NULL,NULL,NULL,NULL,NULL
4801,2021-10-28 00:00:00,54356,B,1448,150,1298,519.2,NULL,NULL,NULL,NULL,NULL,NULL
4802,2021-10-29 00:00:00,54006,A,-44.56,0,-44.56,0,1137,S,-44.56,0,NULL,NULL
4803,2021-10-29 00:00:00,54365,B,6963,5068.8,1894.2,0,NULL,NULL,NULL,NULL,NULL,NULL
4804,2021-10-29 00:00:00,54357,B,1442,150,1292,516.8,NULL,NULL,NULL,NULL,NULL,NULL
4805,2021-10-29 00:00:00,54242,B,2052.6,1306.2,746.4,74.64,NULL,NULL,NULL,NULL,NULL,NULL
4806,2021-10-28 00:00:00,54264,B,10299.4,8359,1940.4,0,NULL,NULL,NULL,NULL,NULL,NULL
4807,2021-11-02 00:00:00,54306,B,5806.08,4297.4,1508.68,0,NULL,NULL,NULL,NULL,NULL,NULL
4808,2021-11-02 00:00:00,54341,B,5636.4,4430.6,1205.8,120.58,NULL,NULL,NULL,NULL,NULL,NULL
4809,2021-11-02 00:00:00,54307,B,3849.28,3030,819.28,0,NULL,NULL,NULL,NULL,NULL,NULL
4810,2021-11-02 00:00:00,54332,B,1212,350,862,344.8,NULL,NULL,NULL,NULL,NULL,NULL
4811,2021-11-02 00:00:00,54380,B,16648.32,15047.52,1600.8,0,NULL,NULL,NULL,NULL,NULL,NULL
4813,2021-11-02 00:00:00,54309,B,15454.2,14139.9,1314.3,0,NULL,NULL,NULL,NULL,NULL,NULL
4814,2021-11-02 00:00:00,54370,B,5187.2,3158.16,2029.04,202.904,NULL,NULL,NULL,NULL,NULL,NULL
4815,2021-11-02 00:00:00,54311,B,6640,3316.8,3323.2,0,NULL,NULL,NULL,NULL,NULL,NULL
4816,2021-11-02 00:00:00,54337,B,5372.4,3907.2,1465.2,146.52,NULL,NULL,NULL,NULL,NULL,NULL
4817,2021-11-02 00:00:00,54375,B,1159,579.5,579.5,57.95,NULL,NULL,NULL,NULL,NULL,NULL
4818,2021-11-03 00:00:00,54355,B,13429.2,12250,1179.2,0,NULL,NULL,NULL,NULL,NULL,NULL
4819,2021-11-03 00:00:00,54378,B,1192,894,298,0,NULL,NULL,NULL,NULL,NULL,NULL
4820,2021-11-03 00:00:00,54363,B,943,150,793,317.2,NULL,NULL,NULL,NULL,NULL,NULL
4821,2021-11-03 00:00:00,54369,B,11067.54,8818.32,2249.22,224.922,NULL,NULL,NULL,NULL,NULL,NULL
4822,2021-11-03 00:00:00,54351,B,2766.54,2033.7,732.84,0,NULL,NULL,NULL,NULL,NULL,NULL
4823,2021-11-03 00:00:00,54366,B,5157,3586,1571,628.4,NULL,NULL,NULL,NULL,NULL,NULL
4824,2021-11-03 00:00:00,54344,B,4533.2,3561.8,971.4,388.56,NULL,NULL,NULL,NULL,NULL,NULL
4825,2021-11-03 00:00:00,54305,B,24617.1,21440.7,3176.4,1270.56,NULL,NULL,NULL,NULL,NULL,NULL
4826,2021-11-03 00:00:00,54374,B,855.6,250,605.6,60.56,NULL,NULL,NULL,NULL,NULL,NULL
4827,2021-11-02 00:00:00,54354,B,12759.26,11416.18,1343.08,0,NULL,NULL,NULL,NULL,NULL,NULL
4829,2021-11-08 00:00:00,54320,B,8489.2,6463.8,2025.4,202.54,NULL,NULL,NULL,NULL,NULL,NULL
4830,2021-11-08 00:00:00,54371,B,8224,6804,1420,460.4,NULL,NULL,NULL,NULL,NULL,NULL
4831,2021-11-08 00:00:00,54367,B,15202.46,12696.56,2505.9,0,NULL,NULL,NULL,NULL,NULL,NULL
4835,2021-11-09 00:00:00,54314,B,0,1500,-1500,0,NULL,NULL,NULL,NULL,NULL,NULL
4836,2021-11-09 00:00:00,54415,B,1876.63,1435.07,441.56,24.156,NULL,NULL,NULL,NULL,NULL,NULL
4837,2021-11-09 00:00:00,54416,B,2057.51,1573.39,484.12,48.412,NULL,NULL,NULL,NULL,NULL,NULL
4838,2021-11-09 00:00:00,54303,B,19678.8,17205.21,2473.59,989.436,NULL,NULL,NULL,NULL,NULL,NULL
4839,2021-11-09 00:00:00,54283,B,18362.93,17576.58,786.35,0,NULL,NULL,NULL,NULL,NULL,NULL
4840,2021-11-09 00:00:00,54284,B,15984.85,15149.82,835.03,0,NULL,NULL,NULL,NULL,NULL,NULL
4841,2021-11-10 00:00:00,54373,B,0,278.88,-278.88,0,NULL,NULL,NULL,NULL,NULL,NULL
4842,2021-11-10 00:00:00,54041INC,B,1025,1025,0,0,NULL,NULL,NULL,NULL,NULL,NULL
4843,2021-11-10 00:00:00,54314INV,B,1500,1500,0,0,NULL,NULL,NULL,NULL,NULL,NULL
4844,2021-11-10 00:00:00,54318,B,10281.6,8143.4,2138.2,855.28,NULL,NULL,NULL,NULL,NULL,NULL
4845,2021-11-10 00:00:00,54310,B,8597.4,8124.8,472.6,0,NULL,NULL,NULL,NULL,NULL,NULL
4846,2021-11-10 00:00:00,54401,B,3753,2586.5,1166.5,0,NULL,NULL,NULL,NULL,NULL,NULL
4847,2021-11-10 00:00:00,54340,B,27256.32,25552.8,1703.52,0,NULL,NULL,NULL,NULL,NULL,NULL
4848,2021-11-11 00:00:00,54324,B,0,-300,300,0,NULL,NULL,NULL,NULL,NULL,NULL
4849,2021-11-11 00:00:00,54324INV,B,300,300,0,0,NULL,NULL,NULL,NULL,NULL,NULL
4850,2021-11-08 00:00:00,54368,B,3587,2954,633,0,NULL,NULL,NULL,NULL,NULL,NULL
4851,2021-11-12 00:00:00,54319,B,8871,6250.4,2620.6,262.06,NULL,NULL,NULL,NULL,NULL,NULL
4852,2021-11-12 00:00:00,54394,B,8256.55,7314,942.55,94.255,NULL,NULL,NULL,NULL,NULL,NULL
4853,2021-11-12 00:00:00,54406,B,6248.16,4381,1867.16,186.716,NULL,NULL,NULL,NULL,NULL,NULL
4854,2021-11-12 00:00:00,54404,B,9065.1,7700,1365.1,0,NULL,NULL,NULL,NULL,NULL,NULL
4855,2021-11-12 00:00:00,54417,B,1933.58,1478.62,454.96,45.496,NULL,NULL,NULL,NULL,NULL,NULL
4856,2021-11-12 00:00:00,54293,B,9920.4,7203.55,2716.85,271.685,NULL,NULL,NULL,NULL,NULL,NULL
4857,2021-11-12 00:00:00,54399,B,16636.62,15036.94,1599.68,0,NULL,NULL,NULL,NULL,NULL,NULL
4858,2021-11-12 00:00:00,54372,B,5798.8,4917.11,881.69,352.676,NULL,NULL,NULL,NULL,NULL,NULL
4859,2021-11-15 00:00:00,54395,B,8452.65,7402,1050.65,105.065,NULL,NULL,NULL,NULL,NULL,NULL
4861,2021-11-15 00:00:00,54418,B,2102.9,1608.1,494.8,49.48,NULL,NULL,NULL,NULL,NULL,NULL
4862,2021-11-15 00:00:00,54352,B,16568,14326,2242,224.2,NULL,NULL,NULL,NULL,NULL,NULL
4863,2021-11-15 00:00:00,54338,B,7147.8,5198.4,1949.4,779.76,NULL,NULL,NULL,NULL,NULL,NULL
4864,2021-11-15 00:00:00,54387,B,1921.5,732,1189.5,0,NULL,NULL,NULL,NULL,NULL,NULL
4865,2021-11-15 00:00:00,54301,B,3914.4,3714.94,199.46,0,NULL,NULL,NULL,NULL,NULL,NULL
4866,2021-11-16 00:00:00,54427,B,0,500,-500,0,NULL,NULL,NULL,NULL,NULL,NULL
4867,2021-11-16 00:00:00,54427INV,B,750,750,0,0,NULL,NULL,NULL,NULL,NULL,NULL
4869,2021-11-16 00:00:00,54397,B,2097.6,1944.65,152.95,0,NULL,NULL,NULL,NULL,NULL,NULL
4870,2021-11-16 00:00:00,54411,B,3753,3198.8,554.2,221.68,NULL,NULL,NULL,NULL,NULL,NULL
4872,2021-11-17 00:00:00,54328,B,26327.73,25322.85,1004.88,0,NULL,NULL,NULL,NULL,NULL,NULL
4873,2021-11-17 00:00:00,54325,B,18880.91,17897.88,983.03,0,NULL,NULL,NULL,NULL,NULL,NULL
4874,2021-11-17 00:00:00,54392,B,4457.4,3874,583.4,233.36,NULL,NULL,NULL,NULL,NULL,NULL
4875,2021-11-17 00:00:00,54396,B,8569.2,7331.6,1237.6,123.76,NULL,NULL,NULL,NULL,NULL,NULL
4876,2021-11-17 00:00:00,54329,B,26209.83,25209.45,1000.38,0,NULL,NULL,NULL,NULL,NULL,NULL
4877,2021-11-17 00:00:00,54390,B,1840.84,950,890.84,0,NULL,NULL,NULL,NULL,NULL,NULL
4878,2021-11-29 00:00:00,54187,A,0,-120.68,120.68,0,1688,P,-120.68,106594,NULL,NULL
4879,2021-11-18 00:00:00,54445,B,1449.8,1054.4,395.4,158.16,NULL,NULL,NULL,NULL,NULL,NULL
4880,2021-11-18 00:00:00,54464,B,3237,2158,1079,0,NULL,NULL,NULL,NULL,NULL,NULL
4881,2021-11-18 00:00:00,54429,B,8240.9,7478.55,762.35,0,NULL,NULL,NULL,NULL,NULL,NULL
4882,2021-11-18 00:00:00,54450,B,7288.7,6730.16,558.54,0,NULL,NULL,NULL,NULL,NULL,NULL
4883,2021-11-18 00:00:00,54407,B,1752,525.6,1226.4,490.56,NULL,NULL,NULL,NULL,NULL,NULL
4884,2021-11-18 00:00:00,54288,B,6642,3690,2952,1180.8,NULL,NULL,NULL,NULL,NULL,NULL
4885,2021-11-18 00:00:00,54386,B,898.2,250,648.2,64.82,NULL,NULL,NULL,NULL,NULL,NULL
4886,2021-11-18 00:00:00,54343,B,873.6,109.2,764.4,76.44,NULL,NULL,NULL,NULL,NULL,NULL
4887,2021-11-08 00:00:00,54326,B,4370.7,2443.18,1927.52,0,NULL,NULL,NULL,NULL,NULL,NULL
4888,2021-11-20 00:00:00,54405,B,8669.62,7675.48,994.14,0,NULL,NULL,NULL,NULL,NULL,NULL
4890,2021-11-20 00:00:00,54451,B,5888,5436.8,451.2,0,NULL,NULL,NULL,NULL,NULL,NULL
4891,2021-11-20 00:00:00,54410,B,3731.4,2383.7,1347.7,0,NULL,NULL,NULL,NULL,NULL,NULL
4892,2021-11-20 00:00:00,54440,B,12344.63,9088.13,3256.5,1302.6,NULL,NULL,NULL,NULL,NULL,NULL
4893,2021-11-20 00:00:00,54383,B,1283.64,427.88,855.76,85.576,NULL,NULL,NULL,NULL,NULL,NULL
4894,2021-11-20 00:00:00,54402,B,6903.6,4816.2,2087.4,208.74,NULL,NULL,NULL,NULL,NULL,NULL
4895,2021-11-22 00:00:00,54443,B,0,-300,300,0,NULL,NULL,NULL,NULL,NULL,NULL
4896,2021-11-22 00:00:00,54443INV,B,300,300,0,0,NULL,NULL,NULL,NULL,NULL,NULL
4897,2021-11-22 00:00:00,54434,B,4547.4,2825,1722.4,688.96,NULL,NULL,NULL,NULL,NULL,NULL
4898,2021-11-22 00:00:00,54358,B,3612.4,2463,1149.4,0,NULL,NULL,NULL,NULL,NULL,NULL
4900,2021-11-15 00:00:00,54436,B,5468.52,4299.26,1169.26,0,NULL,NULL,NULL,NULL,NULL,NULL
4901,2021-11-24 00:00:00,54485,B,11821.6,10585,1236.6,0,NULL,NULL,NULL,NULL,NULL,NULL
4902,2021-11-24 00:00:00,54424,B,15842.4,12742.8,3099.6,0,NULL,NULL,NULL,NULL,NULL,NULL
4903,2021-11-24 00:00:00,54419,B,1764.09,1349.01,415.08,41.508,NULL,NULL,NULL,NULL,NULL,NULL
4904,2021-11-24 00:00:00,54491,B,4892.4,2859.6,2032.8,0,NULL,NULL,NULL,NULL,NULL,NULL
4905,2021-11-24 00:00:00,54452,B,817.8,408.9,408.9,0,NULL,NULL,NULL,NULL,NULL,NULL
4906,2021-11-24 00:00:00,54403,B,6267.04,3839.8,2427.24,970.896,NULL,NULL,NULL,NULL,NULL,NULL
4907,2021-11-24 00:00:00,54435,B,6474.4,3988.4,2486,0,NULL,NULL,NULL,NULL,NULL,NULL
4909,2021-11-24 00:00:00,54453,B,27553.5,26533,1020.5,0,NULL,NULL,NULL,NULL,NULL,NULL
4910,2021-11-24 00:00:00,54388,B,3064,1762.8,1301.2,130.12,NULL,NULL,NULL,NULL,NULL,NULL
4911,2021-11-24 00:00:00,54483,B,957.87,532.15,425.72,170.288,NULL,NULL,NULL,NULL,NULL,NULL
4912,2021-11-24 00:00:00,54426,B,2097.9,1428.67,669.23,0,NULL,NULL,NULL,NULL,NULL,NULL
4913,2021-11-24 00:00:00,54400,B,3138.81,1774.06,1364.75,0,NULL,NULL,NULL,NULL,NULL,NULL
4914,2021-11-24 00:00:00,54379,B,6704.32,4566,2138.32,0,NULL,NULL,NULL,NULL,NULL,NULL
4915,2021-11-24 00:00:00,54359,B,1743,1657.4,85.6,0,NULL,NULL,NULL,NULL,NULL,NULL
4916,2021-11-24 00:00:00,54409,B,9952.8,9048,904.8,90.48,NULL,NULL,NULL,NULL,NULL,NULL
4917,2021-11-25 00:00:00,54350,B,7101.92,4189.8,2912.12,1164.848,NULL,NULL,NULL,NULL,NULL,NULL
4918,2021-11-25 00:00:00,54376,B,4579.2,3326.53,1252.67,0,NULL,NULL,NULL,NULL,NULL,NULL
4919,2021-11-25 00:00:00,54457,B,1227.6,111.6,1116,446.4,NULL,NULL,NULL,NULL,NULL,NULL
4920,2021-11-25 00:00:00,54298,B,6864.16,4818.4,2045.76,0,NULL,NULL,NULL,NULL,NULL,NULL
4921,2021-11-26 00:00:00,54459,B,6392.58,5916.56,476.02,190.408,NULL,NULL,NULL,NULL,NULL,NULL
4922,2021-11-29 00:00:00,54442,B,1486,150,1336,534.4,NULL,NULL,NULL,NULL,NULL,NULL
4923,2021-11-30 00:00:00,54433,B,0,100,-100,0,NULL,NULL,NULL,NULL,NULL,NULL
4924,2021-11-30 00:00:00,54456,B,0,500.72,-500.72,0,NULL,NULL,NULL,NULL,NULL,NULL
4925,2021-11-30 00:00:00,54487,B,1509.2,1097.6,411.6,164.64,NULL,NULL,NULL,NULL,NULL,NULL
4926,2021-11-30 00:00:00,54482,B,7075.38,5169.6,1905.78,762.312,NULL,NULL,NULL,NULL,NULL,NULL
4928,2021-11-30 00:00:00,54463,B,18092.8,17404.8,688,0,NULL,NULL,NULL,NULL,NULL,NULL
4929,2021-11-30 00:00:00,54462,B,10446.6,8471,1975.6,0,NULL,NULL,NULL,NULL,NULL,NULL
4930,2021-11-30 00:00:00,54346,B,7539.2,8858.2,-1319,0,NULL,NULL,NULL,NULL,NULL,NULL
4931,2021-11-30 00:00:00,54408,B,2764.8,2202.4,562.4,224.96,NULL,NULL,NULL,NULL,NULL,NULL
4932,2021-11-30 00:00:00,54474,B,10046.4,8767.8,1278.6,127.86,NULL,NULL,NULL,NULL,NULL,NULL
4933,2021-11-30 00:00:00,54460,B,6476.48,4626.2,1850.28,740.112,NULL,NULL,NULL,NULL,NULL,NULL
4934,2021-11-30 00:00:00,54439,B,5484.8,4296.24,1188.56,475.424,NULL,NULL,NULL,NULL,NULL,NULL
4935,2021-11-30 00:00:00,54476,B,12664.26,11414.5,1249.76,0,NULL,NULL,NULL,NULL,NULL,NULL
4937,2021-12-02 00:00:00,54398,B,4035.64,2861.95,1173.69,117.369,NULL,NULL,NULL,NULL,NULL,NULL
4938,2021-12-02 00:00:00,54308,B,17710.84,16152.68,1558.16,0,NULL,NULL,NULL,NULL,NULL,NULL
4939,2021-12-02 00:00:00,54484,B,3795.78,3456.39,339.39,0,NULL,NULL,NULL,NULL,NULL,NULL
4940,2021-12-02 00:00:00,54518,B,1876.56,1340.4,536.16,53.616,NULL,NULL,NULL,NULL,NULL,NULL
4941,2021-12-02 00:00:00,54389,B,858,150,708,283.2,NULL,NULL,NULL,NULL,NULL,NULL
4942,2021-12-02 00:00:00,54475,B,1292,775.2,516.8,51.68,NULL,NULL,NULL,NULL,NULL,NULL
4944,2021-09-10 00:00:00,54135,B,10976.44,10046.47,929.97,0,NULL,NULL,NULL,NULL,NULL,NULL
4945,2021-12-03 00:00:00,54490,B,4963.2,3060.16,1903.04,190.304,NULL,NULL,NULL,NULL,NULL,NULL
4946,2021-12-07 00:00:00,54496,B,9048.16,7835.6,1212.56,0,NULL,NULL,NULL,NULL,NULL,NULL
4947,2021-12-07 00:00:00,54495,B,7786.45,6229.16,1557.29,0,NULL,NULL,NULL,NULL,NULL,NULL
4948,2021-12-07 00:00:00,54446,B,5051.54,3849.9,1201.64,120.164,NULL,NULL,NULL,NULL,NULL,NULL
4949,2021-12-07 00:00:00,54489,B,9154,8429.4,724.6,289.84,NULL,NULL,NULL,NULL,NULL,NULL
4950,2021-12-07 00:00:00,54444,B,384,0,384,0,NULL,NULL,NULL,NULL,NULL,NULL
4951,2021-12-07 00:00:00,54441,B,14343.73,10734.13,3609.6,1443.84,NULL,NULL,NULL,NULL,NULL,NULL
4952,2021-12-08 00:00:00,54521,B,6654.04,6028.93,625.11,0,NULL,NULL,NULL,NULL,NULL,NULL
4954,2021-12-08 00:00:00,54504,B,10252.3,7673,2579.3,0,NULL,NULL,NULL,NULL,NULL,NULL
4955,2021-12-08 00:00:00,54479,B,9921.6,8248.4,1673.2,0,NULL,NULL,NULL,NULL,NULL,NULL
4956,2021-12-09 00:00:00,54516,B,2046.8,1565.2,481.6,48.16,NULL,NULL,NULL,NULL,NULL,NULL
4957,2021-12-09 00:00:00,54501,B,5821.2,1500.86,4320.34,1728.136,NULL,NULL,NULL,NULL,NULL,NULL
4958,2021-12-09 00:00:00,54523,B,3574.8,3756.4,-181.6,-72.64,NULL,NULL,NULL,NULL,NULL,NULL
4959,2021-12-09 00:00:00,54437,B,4521.6,3975.8,545.8,0,NULL,NULL,NULL,NULL,NULL,NULL
4960,2021-12-09 00:00:00,54547,B,2763.2,1884,879.2,0,NULL,NULL,NULL,NULL,NULL,NULL
4961,2021-12-09 00:00:00,54166,B,1927.8,1500,427.8,0,NULL,NULL,NULL,NULL,NULL,NULL
4964,2021-12-13 00:00:00,54240INV,A,50,0,50,0,1968,S,50,0,NULL,NULL
4965,2021-12-13 00:00:00,54561,B,2641.28,1920.64,720.64,0,NULL,NULL,NULL,NULL,NULL,NULL
4966,2021-12-13 00:00:00,54562,B,8192,6946.2,1245.8,0,NULL,NULL,NULL,NULL,NULL,NULL
4967,2021-12-13 00:00:00,54511,B,10345.44,9344,1001.44,0,NULL,NULL,NULL,NULL,NULL,NULL
4968,2021-12-13 00:00:00,54454,B,28056.38,27017.25,1039.13,0,NULL,NULL,NULL,NULL,NULL,NULL
4969,2021-12-13 00:00:00,54500,B,8190,7043.4,1146.6,64.66,NULL,NULL,NULL,NULL,NULL,NULL
4970,2021-12-13 00:00:00,54480,B,9711.2,5039.2,4672,1868.8,NULL,NULL,NULL,NULL,NULL,NULL
4971,2021-10-06 00:00:00,54240,B,0,-100,100,0,NULL,NULL,NULL,NULL,NULL,NULL
4972,2021-10-25 00:00:00,54169R,A,0,889.2,-889.2,0,1292,P,889.2,106951,NULL,NULL
4974,2021-12-14 00:00:00,54578,B,2571,1885.4,685.6,0,NULL,NULL,NULL,NULL,NULL,NULL
4975,2021-12-14 00:00:00,54543,B,904.4,300,604.4,0,NULL,NULL,NULL,NULL,NULL,NULL
4976,2021-12-14 00:00:00,54391,B,4936.8,3702.6,1234.2,493.68,NULL,NULL,NULL,NULL,NULL,NULL
4977,2021-12-02 00:00:00,54420,B,9335.76,8642.68,693.08,0,NULL,NULL,NULL,NULL,NULL,NULL
4978,2021-12-15 00:00:00,54486,B,0,4843,-4843,0,NULL,NULL,NULL,NULL,NULL,NULL
4979,2021-12-16 00:00:00,54414,B,6931.2,4721.2,2210,201,NULL,NULL,NULL,NULL,NULL,NULL
4980,2021-12-16 00:00:00,54531,B,10184.4,7240.3,2944.1,0,NULL,NULL,NULL,NULL,NULL,NULL
4981,2021-12-16 00:00:00,54349,B,7757.9,6532.21,1225.69,0,NULL,NULL,NULL,NULL,NULL,NULL
4982,2021-12-16 00:00:00,54513,B,3683.7,2689.19,994.51,0,NULL,NULL,NULL,NULL,NULL,NULL
4983,2021-12-16 00:00:00,54471,B,5765.28,4305.24,1460.04,584.016,NULL,NULL,NULL,NULL,NULL,NULL
4984,2021-12-16 00:00:00,54522,B,2371.3,2036.22,335.08,134.032,NULL,NULL,NULL,NULL,NULL,NULL
4985,2021-12-16 00:00:00,54481,B,6902.45,5181.28,1721.17,688.468,NULL,NULL,NULL,NULL,NULL,NULL
4988,2021-11-16 00:00:00,54428,B,3555.4,3368.6,186.8,-73.36,NULL,NULL,NULL,NULL,NULL,NULL
4989,2021-12-17 00:00:00,54428,A,-245.2,0,-245.2,0,1137,S,-245.2,0,NULL,NULL
4990,2021-12-08 00:00:00,54503,B,3252.1,2931.92,320.18,128.072,NULL,NULL,NULL,NULL,NULL,NULL
4991,2021-12-17 00:00:00,54497,B,12030.9,10851.4,1179.5,117.95,NULL,NULL,NULL,NULL,NULL,NULL
4993,2021-12-20 00:00:00,54493,B,13582.8,12354.6,1228.2,122.82,NULL,NULL,NULL,NULL,NULL,NULL
4994,2021-12-20 00:00:00,54538,B,12909.6,12050.2,859.4,85.94,NULL,NULL,NULL,NULL,NULL,NULL
4995,2021-12-20 00:00:00,54520,B,878.8,250,628.8,62.88,NULL,NULL,NULL,NULL,NULL,NULL
4996,2021-12-20 00:00:00,54540,B,9943.2,8286,1657.2,165.72,NULL,NULL,NULL,NULL,NULL,NULL
4997,2021-12-20 00:00:00,54548,B,10255.1,8968.5,1286.6,0,NULL,NULL,NULL,NULL,NULL,NULL
4998,2021-12-20 00:00:00,54553,B,779.2,350,429.2,171.68,NULL,NULL,NULL,NULL,NULL,NULL
4999,2021-12-20 00:00:00,54502,B,2707.6,200,2507.6,1003.04,NULL,NULL,NULL,NULL,NULL,NULL
5001,2021-12-20 00:00:00,54560,B,3270,2050,1220,488,NULL,NULL,NULL,NULL,NULL,NULL
5002,2021-12-20 00:00:00,54505,B,1248,150,1098,439.2,NULL,NULL,NULL,NULL,NULL,NULL
5003,2021-12-20 00:00:00,54506,B,1596,150,1446,578.4,NULL,NULL,NULL,NULL,NULL,NULL
5004,2021-12-20 00:00:00,54564,B,7000,4113.08,2886.92,288.692,NULL,NULL,NULL,NULL,NULL,NULL
5006,2021-12-20 00:00:00,54550,B,2536.8,1686,850.8,0,NULL,NULL,NULL,NULL,NULL,NULL
5007,2021-12-20 00:00:00,54499,B,9059.6,8309.2,750.4,300.16,NULL,NULL,NULL,NULL,NULL,NULL
5008,2021-12-20 00:00:00,54557,B,1468.15,1300,168.15,0,NULL,NULL,NULL,NULL,NULL,NULL
5009,2021-12-20 00:00:00,54558,B,1209.93,1300,-90.07,0,NULL,NULL,NULL,NULL,NULL,NULL
5010,2021-10-28 00:00:00,54327,B,9187.2,8293.1,894.1,89.41,NULL,NULL,NULL,NULL,NULL,NULL
5012,2021-12-21 00:00:00,54466INV,B,2340,2340,0,0,NULL,NULL,NULL,NULL,NULL,NULL
5013,2021-12-20 00:00:00,54466,B,0,0,0,0,NULL,NULL,NULL,NULL,NULL,NULL
5014,2021-12-21 00:00:00,54510,B,10032,8584,1448,0,NULL,NULL,NULL,NULL,NULL,NULL
5016,2021-12-21 00:00:00,54530,B,11502.4,9896,1606.4,0,NULL,NULL,NULL,NULL,NULL,NULL
5017,2021-12-21 00:00:00,54467,B,6620.16,3995.2,2624.96,1049.984,NULL,NULL,NULL,NULL,NULL,NULL
5018,2021-12-21 00:00:00,54535,B,18681.55,17652.18,1029.37,0,NULL,NULL,NULL,NULL,NULL,NULL
5019,2021-12-21 00:00:00,54525,B,14521.38,11333.76,3187.62,0,NULL,NULL,NULL,NULL,NULL,NULL
5020,2021-12-21 00:00:00,54469,B,5955.36,4408.7,1546.66,618.664,NULL,NULL,NULL,NULL,NULL,NULL
5021,2021-12-21 00:00:00,54573,B,10112.5,4595,5517.5,0,NULL,NULL,NULL,NULL,NULL,NULL
5022,2021-12-20 00:00:00,54537,B,1288,350,938,375.2,NULL,NULL,NULL,NULL,NULL,NULL
5023,2021-12-22 00:00:00,54593,B,6794.7,5807.2,987.5,0,NULL,NULL,NULL,NULL,NULL,NULL
5024,2021-12-22 00:00:00,54566,B,1353,1107,246,98.4,NULL,NULL,NULL,NULL,NULL,NULL
5025,2021-12-22 00:00:00,54565,B,4052.8,1907.2,2145.6,214.56,NULL,NULL,NULL,NULL,NULL,NULL
5026,2021-12-22 00:00:00,54563,B,12778.8,11308.41,1470.39,0,NULL,NULL,NULL,NULL,NULL,NULL
5028,2021-12-22 00:00:00,54582,B,3259.9,3261.15,-1.25,-0.5,NULL,NULL,NULL,NULL,NULL,NULL
5029,2021-12-22 00:00:00,54585,B,5750,4115,1635,604,NULL,NULL,NULL,NULL,NULL,NULL
5030,2021-12-22 00:00:00,54572,B,1247.4,450,797.4,318.96,NULL,NULL,NULL,NULL,NULL,NULL
5031,2021-12-22 00:00:00,54601,B,4280.6,251.8,4028.8,1611.52,NULL,NULL,NULL,NULL,NULL,NULL
5032,2021-12-22 00:00:00,54542,B,4502.1,0,4502.1,0,NULL,NULL,NULL,NULL,NULL,NULL
5033,2021-12-22 00:00:00,54524,B,4672.48,3771.71,900.77,360.308,NULL,NULL,NULL,NULL,NULL,NULL
5034,2021-12-22 00:00:00,54587,B,13847.4,6941.52,6905.88,0,NULL,NULL,NULL,NULL,NULL,NULL
5035,2021-12-22 00:00:00,54588,B,14031.15,6982.8,7048.35,0,NULL,NULL,NULL,NULL,NULL,NULL
5036,2021-12-23 00:00:00,54600,B,3065,2322.6,742.4,0,NULL,NULL,NULL,NULL,NULL,NULL
5038,2021-12-28 00:00:00,54544INV,B,300,300,0,0,NULL,NULL,NULL,NULL,NULL,NULL
5039,2021-12-28 00:00:00,54602,B,3965,2100,1865,746,NULL,NULL,NULL,NULL,NULL,NULL
5041,2021-12-28 00:00:00,54465,B,2286.08,1986.4,299.68,29.968,NULL,NULL,NULL,NULL,NULL,NULL
5042,2021-11-24 00:00:00,54425,B,-1000,0,-1000,0,NULL,NULL,NULL,NULL,NULL,NULL
5043,2021-12-30 00:00:00,54519,B,0,2600,-2600,0,NULL,NULL,NULL,NULL,NULL,NULL
5044,2021-12-30 00:00:00,54619,B,13444.2,12292.4,1151.8,115.18,NULL,NULL,NULL,NULL,NULL,NULL
5045,2021-12-30 00:00:00,54555,B,2662.4,2384,278.4,-0.288,NULL,NULL,NULL,NULL,NULL,NULL
5046,2021-12-30 00:00:00,54529,B,16855.8,15235.05,1620.75,0,NULL,NULL,NULL,NULL,NULL,NULL
5047,2021-12-30 00:00:00,54508,B,4811.6,3660.4,1151.2,0,NULL,NULL,NULL,NULL,NULL,NULL
5048,2021-12-30 00:00:00,54539,B,4747.2,2842.8,1904.4,0,NULL,NULL,NULL,NULL,NULL,NULL
5049,2021-12-30 00:00:00,54603,B,9783.4,2600,7183.4,0,NULL,NULL,NULL,NULL,NULL,NULL
5050,2021-12-30 00:00:00,54526,B,7040,3840,3200,0,NULL,NULL,NULL,NULL,NULL,NULL
5051,2021-12-30 00:00:00,54592,B,14205.27,11087.04,3118.23,0,NULL,NULL,NULL,NULL,NULL,NULL
5052,2021-12-30 00:00:00,54559,B,11598,10853.4,744.6,0,NULL,NULL,NULL,NULL,NULL,NULL
5053,2021-12-30 00:00:00,54554,B,2770,1643,1127,112.7,NULL,NULL,NULL,NULL,NULL,NULL
5054,2021-12-30 00:00:00,54431,B,4320,3456,864,345.6,NULL,NULL,NULL,NULL,NULL,NULL
5055,2021-12-30 00:00:00,54430,B,4485.74,3844.92,640.82,256.328,NULL,NULL,NULL,NULL,NULL,NULL
5056,2021-12-30 00:00:00,54017,B,3389.54,2773.26,616.28,0,NULL,NULL,NULL,NULL,NULL,NULL
5058,2021-12-30 00:00:00,54579,B,1932.75,1877.08,55.67,0,NULL,NULL,NULL,NULL,NULL,NULL
5059,2021-12-30 00:00:00,54377,B,6296.4,4645.4,1651,660.4,NULL,NULL,NULL,NULL,NULL,NULL
5060,2021-12-30 00:00:00,54589,B,1656.8,1037.5,619.3,0,NULL,NULL,NULL,NULL,NULL,NULL
5061,2022-01-03 00:00:00,54532,B,9294.3,6888.23,2406.07,0,NULL,NULL,NULL,NULL,NULL,NULL
5062,2021-12-30 00:00:00,54536,B,1614.15,672.66,941.49,94.149,NULL,NULL,NULL,NULL,NULL,NULL
5063,2022-01-04 00:00:00,54583,B,0,3500,-3500,0,NULL,NULL,NULL,NULL,NULL,NULL
5066,2022-01-06 00:00:00,54631,B,4505.6,4110.2,395.4,0,NULL,NULL,NULL,NULL,NULL,NULL
5067,2022-01-06 00:00:00,54629,B,9461.52,7884.6,1576.92,107.692,NULL,NULL,NULL,NULL,NULL,NULL
5070,2022-01-06 00:00:00,54591,B,1442.52,480.84,961.68,96.168,NULL,NULL,NULL,NULL,NULL,NULL
5071,2022-01-06 00:00:00,54621,B,5632.53,3572.53,2060,0,NULL,NULL,NULL,NULL,NULL,NULL
5073,2022-01-06 00:00:00,54612,B,2661.2,2142.8,518.4,0,NULL,NULL,NULL,NULL,NULL,NULL
5074,2022-01-06 00:00:00,54622,B,3605,3309.4,295.6,118.24,NULL,NULL,NULL,NULL,NULL,NULL
5075,2022-01-06 00:00:00,54551,B,5190.51,3912.4,1278.11,127.811,NULL,NULL,NULL,NULL,NULL,NULL
5076,2022-01-06 00:00:00,54623,B,1120,140,980,98,NULL,NULL,NULL,NULL,NULL,NULL
5077,2022-01-06 00:00:00,54470,B,6291.2,4662.6,1628.6,651.44,NULL,NULL,NULL,NULL,NULL,NULL
5078,2022-01-06 00:00:00,54596,B,6182.4,4275.2,1907.2,762.88,NULL,NULL,NULL,NULL,NULL,NULL
5079,2022-01-06 00:00:00,54468,B,6275.2,4279,1996.2,798.48,NULL,NULL,NULL,NULL,NULL,NULL
5080,2022-01-06 00:00:00,54472,B,5523.2,4430.07,1093.13,437.252,NULL,NULL,NULL,NULL,NULL,NULL
5081,2022-01-06 00:00:00,54614,B,6897.7,5964.68,933.02,0,NULL,NULL,NULL,NULL,NULL,NULL
5082,2022-01-07 00:00:00,54346,A,-396.8,0,-396.8,0,2118,S,-396.8,0,NULL,NULL
5083,2021-11-04 00:00:00,54195,B,5492,4314,1178,50,NULL,NULL,NULL,NULL,NULL,NULL
5084,2022-01-07 00:00:00,54545,B,7524.66,6735.16,789.5,0,NULL,NULL,NULL,NULL,NULL,NULL
5085,2022-01-07 00:00:00,54286,B,2238.6,1838.48,400.12,0,NULL,NULL,NULL,NULL,NULL,NULL
5086,2022-01-07 00:00:00,54514,B,6999.2,1900,5099.2,0,NULL,NULL,NULL,NULL,NULL,NULL
5087,2022-01-07 00:00:00,54498,B,21655.7,18899.52,2756.18,1102.472,NULL,NULL,NULL,NULL,NULL,NULL
5088,2022-01-07 00:00:00,54473,B,5574.4,4567.8,1006.6,402.64,NULL,NULL,NULL,NULL,NULL,NULL
5090,2022-01-10 00:00:00,54657,B,1194,1074.6,119.4,47.76,NULL,NULL,NULL,NULL,NULL,NULL
5092,2022-01-10 00:00:00,54509,B,4903.6,3658.4,1245.2,0,NULL,NULL,NULL,NULL,NULL,NULL
5093,2022-01-10 00:00:00,54620,B,8513.74,6626.09,1887.65,0,NULL,NULL,NULL,NULL,NULL,NULL
5095,2022-01-11 00:00:00,54650,B,9361,8180,1181,0,NULL,NULL,NULL,NULL,NULL,NULL
5096,2022-01-11 00:00:00,54632,B,9866.8,8608.05,1258.75,0,NULL,NULL,NULL,NULL,NULL,NULL
5097,2022-01-11 00:00:00,54571,B,1348,150,1198,479.2,NULL,NULL,NULL,NULL,NULL,NULL
5098,2022-01-12 00:00:00,54611,B,10131.9,8864.7,1267.2,126.72,NULL,NULL,NULL,NULL,NULL,NULL
5099,2022-01-12 00:00:00,54586,B,2655,1949.42,705.58,0,NULL,NULL,NULL,NULL,NULL,NULL
5100,2022-01-12 00:00:00,54360,B,1743,1157.4,585.6,0,NULL,NULL,NULL,NULL,NULL,NULL
5101,2021-11-20 00:00:00,54413,B,7639.36,5368,2271.36,177.136,NULL,NULL,NULL,NULL,NULL,NULL
5102,2022-01-06 00:00:00,54412,B,1417.5,950,467.5,0,NULL,NULL,NULL,NULL,NULL,NULL
5104,2022-01-13 00:00:00,54652,B,14296,11436.8,2859.2,0,NULL,NULL,NULL,NULL,NULL,NULL
5105,2022-01-13 00:00:00,54604,B,4764.8,3341.98,1422.82,0,NULL,NULL,NULL,NULL,NULL,NULL
5106,2022-01-13 00:00:00,54595,B,6457.6,4719.8,1737.8,695.12,NULL,NULL,NULL,NULL,NULL,NULL
5107,2022-01-13 00:00:00,54361,B,1653,1145.4,507.6,0,NULL,NULL,NULL,NULL,NULL,NULL
5108,2021-12-28 00:00:00,54544,B,0,-300,300,0,NULL,NULL,NULL,NULL,NULL,NULL
5113,2022-01-14 00:00:00,54425R,B,1233.6,750,483.6,0,NULL,NULL,NULL,NULL,NULL,NULL
5114,2022-01-14 00:00:00,54644,B,0,-300,300,0,NULL,NULL,NULL,NULL,NULL,NULL
5115,2022-01-14 00:00:00,54661,B,708.36,354.18,354.18,0,NULL,NULL,NULL,NULL,NULL,NULL
5116,2022-01-14 00:00:00,54667,B,9921.6,8608.4,1313.2,0,NULL,NULL,NULL,NULL,NULL,NULL
5117,2022-01-14 00:00:00,54648,B,9931.6,8833.71,1097.89,109.789,NULL,NULL,NULL,NULL,NULL,NULL
5118,2022-01-14 00:00:00,54647,B,4947.2,3264.4,1682.8,168.28,NULL,NULL,NULL,NULL,NULL,NULL
5119,2022-01-14 00:00:00,54624,B,4051.2,2025.6,2025.6,202.56,NULL,NULL,NULL,NULL,NULL,NULL
5120,2022-01-14 00:00:00,54653,B,6573.6,4583.9,1989.7,198.97,NULL,NULL,NULL,NULL,NULL,NULL
5121,2022-02-02 00:00:00,54722,A,0,-3326.15,3326.15,0,2194,P,-3326.15,106958,NULL,NULL
5122,2022-01-17 00:00:00,54722,B,0,0,0,0,NULL,NULL,NULL,NULL,NULL,NULL
5123,2022-01-17 00:00:00,54555,A,-281.28,0,-281.28,0,1700,S,-281.28,0,NULL,NULL
5124,NULL,54555,A,0,-175.8,175.8,0,1307,P,-175.8,0,NULL,NULL
5125,2022-01-10 00:00:00,54590,B,2805.6,1686,1119.6,0,NULL,NULL,NULL,NULL,NULL,NULL
5126,2022-01-17 00:00:00,54644INV,B,300,300,0,0,NULL,NULL,NULL,NULL,NULL,NULL
5127,2022-01-17 00:00:00,54687,B,1728,1267.2,460.8,0,NULL,NULL,NULL,NULL,NULL,NULL
5128,2022-01-17 00:00:00,54688,B,1809,1326.6,482.4,0,NULL,NULL,NULL,NULL,NULL,NULL
5129,2022-01-17 00:00:00,54660,B,1018.8,509.4,509.4,0,NULL,NULL,NULL,NULL,NULL,NULL
5130,2022-01-17 00:00:00,54633,B,9600,8000,1600,110,NULL,NULL,NULL,NULL,NULL,NULL
5131,2021-12-22 00:00:00,54342,B,10429.37,8329.4,2099.97,209.997,NULL,NULL,NULL,NULL,NULL,NULL
5132,2022-01-18 00:00:00,54461,B,0,250,-250,0,NULL,NULL,NULL,NULL,NULL,NULL
5133,2022-01-18 00:00:00,54689,B,1689,1238.6,450.4,0,NULL,NULL,NULL,NULL,NULL,NULL
5134,2022-01-18 00:00:00,54330,B,26337.55,25332.3,1005.25,0,NULL,NULL,NULL,NULL,NULL,NULL
5135,2022-01-18 00:00:00,54331,B,26501.3,25489.8,1011.5,0,NULL,NULL,NULL,NULL,NULL,NULL
5136,2022-01-18 00:00:00,54348,B,6411.3,5976.11,435.19,0,NULL,NULL,NULL,NULL,NULL,NULL
5137,2022-01-18 00:00:00,54599,B,239.5,0,239.5,0,NULL,NULL,NULL,NULL,NULL,NULL
5139,2022-01-20 00:00:00,54659,B,1004,501.37,502.63,0,NULL,NULL,NULL,NULL,NULL,NULL
5140,2022-01-20 00:00:00,54659INV,B,646.51,646.51,0,0,NULL,NULL,NULL,NULL,NULL,NULL
5142,2022-01-20 00:00:00,54679,B,1466,150,1316,526.4,NULL,NULL,NULL,NULL,NULL,NULL
5143,2022-01-20 00:00:00,54680,B,1596,150,1446,578.4,NULL,NULL,NULL,NULL,NULL,NULL
5144,2022-01-20 00:00:00,54690,B,1770,1298,472,0,NULL,NULL,NULL,NULL,NULL,NULL
5145,2022-01-20 00:00:00,54651,B,13496.84,12342.51,1154.33,0,NULL,NULL,NULL,NULL,NULL,NULL
5146,2022-01-20 00:00:00,54666,B,3264.8,2767.2,497.6,49.76,NULL,NULL,NULL,NULL,NULL,NULL
5147,2022-01-20 00:00:00,54640,B,3286.8,2789.2,497.6,49.76,NULL,NULL,NULL,NULL,NULL,NULL
5148,2022-01-20 00:00:00,54641,B,3339.6,2186,1153.6,115.36,NULL,NULL,NULL,NULL,NULL,NULL
5149,2022-01-20 00:00:00,54638,B,8029,6925,1104,110.4,NULL,NULL,NULL,NULL,NULL,NULL
5150,2022-01-20 00:00:00,54698,B,1223.2,111.2,1112,444.8,NULL,NULL,NULL,NULL,NULL,NULL
5151,2022-01-20 00:00:00,54704,B,20516.08,18148.84,2367.24,946.896,NULL,NULL,NULL,NULL,NULL,NULL
5152,2022-01-20 00:00:00,54670,B,3614,2094.58,1519.42,151.942,NULL,NULL,NULL,NULL,NULL,NULL
5153,2022-01-20 00:00:00,54683,B,7080.3,5292.74,1787.56,178.756,NULL,NULL,NULL,NULL,NULL,NULL
5154,2022-01-21 00:00:00,54742,B,0,-4200,4200,0,NULL,NULL,NULL,NULL,NULL,NULL
5155,2022-01-21 00:00:00,54552,B,0,300,-300,-120,NULL,NULL,NULL,NULL,NULL,NULL
5156,2022-01-21 00:00:00,54665,B,1411.85,1026.8,385.05,38.505,NULL,NULL,NULL,NULL,NULL,NULL
5157,2022-01-21 00:00:00,54639,B,3148.2,2675.8,472.4,47.24,NULL,NULL,NULL,NULL,NULL,NULL
5158,2022-01-21 00:00:00,54664,B,677,150,527,210.8,NULL,NULL,NULL,NULL,NULL,NULL
5159,2022-01-25 00:00:00,54584,B,8857.8,6200.1,2657.7,0,NULL,NULL,NULL,NULL,NULL,NULL
5160,2022-01-25 00:00:00,54695,B,4923.04,3139.95,1783.09,178.309,NULL,NULL,NULL,NULL,NULL,NULL
5161,2022-01-25 00:00:00,54696,B,8076.6,4733.65,3342.95,334.295,NULL,NULL,NULL,NULL,NULL,NULL
5162,2022-01-25 00:00:00,54675,B,9054,7545,1509,150.9,NULL,NULL,NULL,NULL,NULL,NULL
5163,2022-01-25 00:00:00,54692,B,9417.6,8123.07,1294.53,517.812,NULL,NULL,NULL,NULL,NULL,NULL
5164,2022-01-25 00:00:00,54646,B,780,250,530,53,NULL,NULL,NULL,NULL,NULL,NULL
5165,2022-01-25 00:00:00,54701,B,6060,4883,1177,470.8,NULL,NULL,NULL,NULL,NULL,NULL
5166,2022-01-25 00:00:00,54663,B,1048,524,524,52.4,NULL,NULL,NULL,NULL,NULL,NULL
5167,2022-01-25 00:00:00,54580,B,30225.96,18347.85,11878.11,0,NULL,NULL,NULL,NULL,NULL,NULL
5170,2022-01-13 00:00:00,54574,B,12003,5961.9,6041.1,0,NULL,NULL,NULL,NULL,NULL,NULL
5171,2022-01-26 00:00:00,54634,B,1837,1336,501,0,NULL,NULL,NULL,NULL,NULL,NULL
5172,2022-01-26 00:00:00,54694,B,14179.4,12220.2,1959.2,195.92,NULL,NULL,NULL,NULL,NULL,NULL
5173,2022-01-26 00:00:00,54693,B,14456.8,13179.6,1277.2,0,NULL,NULL,NULL,NULL,NULL,NULL
5174,2022-01-26 00:00:00,54339,B,3876,2713.2,1162.8,465.12,NULL,NULL,NULL,NULL,NULL,NULL
5175,2022-01-26 00:00:00,54685,B,1735.2,1060.4,674.8,0,NULL,NULL,NULL,NULL,NULL,NULL
5176,2022-01-26 00:00:00,54684,B,3879.2,2520.57,1358.63,0,NULL,NULL,NULL,NULL,NULL,NULL
5177,2022-01-26 00:00:00,54674,B,1070.4,150,920.4,368.16,NULL,NULL,NULL,NULL,NULL,NULL
5179,2022-01-27 00:00:00,54615,B,4915.1,3735.2,1179.9,0,NULL,NULL,NULL,NULL,NULL,NULL
5180,2022-01-27 00:00:00,54699,B,4820.8,3757.6,1063.2,0,NULL,NULL,NULL,NULL,NULL,NULL
5181,2022-01-27 00:00:00,54567,B,4473.5,3634,839.5,0,NULL,NULL,NULL,NULL,NULL,NULL
5182,2022-01-27 00:00:00,54568,B,4533.3,3665.2,868.1,0,NULL,NULL,NULL,NULL,NULL,NULL
5183,2022-01-27 00:00:00,54569,B,4664.4,3443.6,1220.8,0,NULL,NULL,NULL,NULL,NULL,NULL
5184,2022-01-27 00:00:00,54616,B,4445.9,3619.6,826.3,0,NULL,NULL,NULL,NULL,NULL,NULL
5185,2022-01-27 00:00:00,54711,B,1690.5,644,1046.5,0,NULL,NULL,NULL,NULL,NULL,NULL
5186,2022-01-10 00:00:00,54607,B,12347.57,10109.96,2237.61,0,NULL,NULL,NULL,NULL,NULL,NULL
5187,2022-01-28 00:00:00,54725,B,14332,11465.6,2866.4,0,NULL,NULL,NULL,NULL,NULL,NULL
5188,2022-01-28 00:00:00,54726,B,3710,3188.8,521.2,208.48,NULL,NULL,NULL,NULL,NULL,NULL
5190,2022-02-01 00:00:00,54527,B,4744.25,5728.68,-984.43,0,NULL,NULL,NULL,NULL,NULL,NULL
5191,2022-02-01 00:00:00,54735,B,2898,2116.4,781.6,0,NULL,NULL,NULL,NULL,NULL,NULL
5192,2022-02-01 00:00:00,54733,B,3430,2697.6,732.4,0,NULL,NULL,NULL,NULL,NULL,NULL
5193,2022-02-01 00:00:00,54754,B,2308.8,1731.6,577.2,230.88,NULL,NULL,NULL,NULL,NULL,NULL
5194,2022-02-01 00:00:00,54709,B,12619.59,11511.11,1108.48,0,NULL,NULL,NULL,NULL,NULL,NULL
5195,2022-02-01 00:00:00,54681,B,3841.2,3181.6,659.6,65.96,NULL,NULL,NULL,NULL,NULL,NULL
5196,2022-02-01 00:00:00,54682,B,3623.4,2964.6,658.8,65.88,NULL,NULL,NULL,NULL,NULL,NULL
5197,2022-02-01 00:00:00,54613,B,7930.4,6337.6,1592.8,0,NULL,NULL,NULL,NULL,NULL,NULL
5199,2022-02-02 00:00:00,54722INV,B,3326.15,3326.15,0,0,NULL,NULL,NULL,NULL,NULL,NULL
5200,2022-01-06 00:00:00,54635,B,11612.35,8179.56,3432.79,0,NULL,NULL,NULL,NULL,NULL,NULL
5201,2022-02-03 00:00:00,54731,B,5950.7,3482.4,2468.3,987.32,NULL,NULL,NULL,NULL,NULL,NULL
5202,2022-02-03 00:00:00,54745,B,4736,2841.6,1894.4,189.44,NULL,NULL,NULL,NULL,NULL,NULL
5203,2022-02-03 00:00:00,54575,B,12396,6128,6268,0,NULL,NULL,NULL,NULL,NULL,NULL
5205,2022-01-13 00:00:00,54642,B,15505.96,6628.96,8877,0,NULL,NULL,NULL,NULL,NULL,NULL
5208,2022-01-26 00:00:00,54673,B,14953.55,6799.8,8153.75,0,NULL,NULL,NULL,NULL,NULL,NULL
5209,2022-02-03 00:00:00,54706,B,14828.4,7033.44,7794.96,0,NULL,NULL,NULL,NULL,NULL,NULL
5211,2021-12-21 00:00:00,54421,B,7684.34,7432.4,251.94,0,NULL,NULL,NULL,NULL,NULL,NULL
5212,2021-12-07 00:00:00,54421,A,0,-92.63,92.63,0,1299,P,-92.63,107046,NULL,NULL
5213,2021-12-07 00:00:00,54422,A,0,-92.63,92.63,0,1299,P,-92.63,107046,NULL,NULL
5214,2021-12-07 00:00:00,54423,A,0,-92.63,92.63,0,1299,P,-92.63,107046,NULL,NULL
5215,2022-01-06 00:00:00,54423,B,6038.42,5877.92,160.5,0,NULL,NULL,NULL,NULL,NULL,NULL
5216,2022-01-06 00:00:00,54422,B,7220.12,6993.97,226.15,0,NULL,NULL,NULL,NULL,NULL,NULL
5217,2022-02-04 00:00:00,54758,B,1338,150,1188,475.2,NULL,NULL,NULL,NULL,NULL,NULL
5218,2022-02-04 00:00:00,54546,B,7851.56,9217.6,-1366.04,0,NULL,NULL,NULL,NULL,NULL,NULL
5219,2022-02-04 00:00:00,54762,B,13057.2,11487.6,1569.6,156.96,NULL,NULL,NULL,NULL,NULL,NULL
5220,2022-02-04 00:00:00,54519R,B,-400,-400,0,0,NULL,NULL,NULL,NULL,NULL,NULL
5221,2022-02-04 00:00:00,54594,B,8484,5469.2,3014.8,301.48,NULL,NULL,NULL,NULL,NULL,NULL
5222,2022-02-04 00:00:00,54625,B,875.2,350,525.2,210.08,NULL,NULL,NULL,NULL,NULL,NULL
5224,2022-02-04 00:00:00,54686,B,1166.4,734.22,432.18,0,NULL,NULL,NULL,NULL,NULL,NULL
5225,2022-02-07 00:00:00,54686INV,B,524.73,524.73,0,0,NULL,NULL,NULL,NULL,NULL,NULL
5226,2021-08-19 00:00:00,54118,B,6599.64,6599.64,0,0,NULL,NULL,NULL,NULL,NULL,NULL
5228,2022-02-08 00:00:00,54637,B,8237.4,6628.8,1608.6,643.44,NULL,NULL,NULL,NULL,NULL,NULL
5229,2022-01-13 00:00:00,54533,B,9335.7,6895.88,2439.82,0,NULL,NULL,NULL,NULL,NULL,NULL
5231,2022-01-20 00:00:00,54534,B,10374,7054.32,3319.68,0,NULL,NULL,NULL,NULL,NULL,NULL
5232,2022-02-10 00:00:00,54708,B,6572.64,2840.8,3731.84,373.184,NULL,NULL,NULL,NULL,NULL,NULL
5233,2022-02-10 00:00:00,54756,B,8527.2,7752,775.2,0,NULL,NULL,NULL,NULL,NULL,NULL
5234,2022-02-10 00:00:00,54678,B,23315.85,22088.7,1227.15,0,NULL,NULL,NULL,NULL,NULL,NULL
5235,2022-02-10 00:00:00,54795,B,20239.5,17001.18,3238.32,0,NULL,NULL,NULL,NULL,NULL,NULL
5236,2022-02-10 00:00:00,54618,B,4786.3,3797.2,989.1,0,NULL,NULL,NULL,NULL,NULL,NULL
5237,2022-02-10 00:00:00,54727,B,8132.6,6945,1187.6,118.76,NULL,NULL,NULL,NULL,NULL,NULL
5238,2022-02-10 00:00:00,54721,B,6256,4792,1464,585.6,NULL,NULL,NULL,NULL,NULL,NULL
5240,2022-02-10 00:00:00,54713,B,9116.1,7270,1846.1,0,NULL,NULL,NULL,NULL,NULL,NULL
5242,2022-01-13 00:00:00,54672,B,14818.5,7029.12,7789.38,0,NULL,NULL,NULL,NULL,NULL,NULL
5249,2022-02-11 00:00:00,54777,B,13596.4,12433.55,1162.85,0,NULL,NULL,NULL,NULL,NULL,NULL
5251,2022-02-11 00:00:00,54576,B,12103.5,5873.4,6230.1,0,NULL,NULL,NULL,NULL,NULL,NULL
5252,2022-02-14 00:00:00,54751,B,5268,4204.7,1063.3,0,NULL,NULL,NULL,NULL,NULL,NULL
5253,2022-02-14 00:00:00,54728,B,9094.6,7845,1249.6,124.96,NULL,NULL,NULL,NULL,NULL,NULL
5254,2022-02-14 00:00:00,54759,B,6005.32,5072.66,932.66,93.266,NULL,NULL,NULL,NULL,NULL,NULL
5255,2022-02-14 00:00:00,54788,B,2980.8,2200,780.8,312.32,NULL,NULL,NULL,NULL,NULL,NULL
5256,2022-02-14 00:00:00,54752,B,2397.6,1899.23,498.37,199.348,NULL,NULL,NULL,NULL,NULL,NULL
5257,2022-02-14 00:00:00,54799,B,20652.84,18666.99,1985.85,794.34,NULL,NULL,NULL,NULL,NULL,NULL
5258,2022-02-10 00:00:00,54669,B,2416,2166.4,249.6,99.84,NULL,NULL,NULL,NULL,NULL,NULL
5259,2022-02-15 00:00:00,54783,B,3514.8,2300,1214.8,485.92,NULL,NULL,NULL,NULL,NULL,NULL
5260,2022-02-15 00:00:00,54766,B,6558,4443.2,2114.8,845.92,NULL,NULL,NULL,NULL,NULL,NULL
5261,2022-02-15 00:00:00,54697,B,5583.2,3045.2,2538,1015.2,NULL,NULL,NULL,NULL,NULL,NULL
5262,2022-02-15 00:00:00,54753,B,6171,3879.8,2291.2,916.48,NULL,NULL,NULL,NULL,NULL,NULL
5264,2022-01-13 00:00:00,54643,B,13732.55,6537.12,7195.43,0,NULL,NULL,NULL,NULL,NULL,NULL
5266,2022-02-17 00:00:00,54787,B,2410.8,1604.8,806,0,NULL,NULL,NULL,NULL,NULL,NULL
5267,2022-02-17 00:00:00,54737,B,4556,3522,1034,0,NULL,NULL,NULL,NULL,NULL,NULL
5268,2022-02-17 00:00:00,54738,B,4457.4,2450,2007.4,0,NULL,NULL,NULL,NULL,NULL,NULL
5269,2022-02-17 00:00:00,54739,B,4678.4,2450,2228.4,0,NULL,NULL,NULL,NULL,NULL,NULL
5270,2022-02-17 00:00:00,54700,B,4850.7,3781.6,1069.1,0,NULL,NULL,NULL,NULL,NULL,NULL
5271,2022-02-17 00:00:00,54793,B,4918.4,3151.8,1766.6,176.66,NULL,NULL,NULL,NULL,NULL,NULL
5272,2022-02-17 00:00:00,54794,B,3812.4,2406.62,1405.78,562.312,NULL,NULL,NULL,NULL,NULL,NULL
5273,2022-02-01 00:00:00,54662,B,1872.4,748.96,1123.44,112.344,NULL,NULL,NULL,NULL,NULL,NULL
5274,2022-02-21 00:00:00,54780,B,4897.28,4051.68,845.6,0,NULL,NULL,NULL,NULL,NULL,NULL
5275,2022-02-21 00:00:00,54810,B,1766.4,1324.8,441.6,176.64,NULL,NULL,NULL,NULL,NULL,NULL
5276,2022-02-22 00:00:00,54785,B,4986.93,4171.81,815.12,81.512,NULL,NULL,NULL,NULL,NULL,NULL
5277,2022-02-22 00:00:00,54806,B,12498.6,11400.75,1097.85,0,NULL,NULL,NULL,NULL,NULL,NULL
5278,2022-02-22 00:00:00,54723,B,2336,1592,744,74.4,NULL,NULL,NULL,NULL,NULL,NULL
5279,2022-02-22 00:00:00,54755,B,953.6,119.2,834.4,83.44,NULL,NULL,NULL,NULL,NULL,NULL
5280,2022-02-22 00:00:00,54784,B,2240.28,1200,1040.28,0,NULL,NULL,NULL,NULL,NULL,NULL
5281,2022-02-22 00:00:00,54770,B,5878.98,2357.6,3521.38,0,NULL,NULL,NULL,NULL,NULL,NULL
5282,2022-02-22 00:00:00,54808,B,3452,600,2852,0,NULL,NULL,NULL,NULL,NULL,NULL
5284,2022-02-25 00:00:00,54821,B,6289.8,5151.6,1138.2,0,NULL,NULL,NULL,NULL,NULL,NULL
5285,2022-02-25 00:00:00,54824,B,4071.6,2858.8,1212.8,0,NULL,NULL,NULL,NULL,NULL,NULL
5286,2022-02-25 00:00:00,54658,B,1096,350,746,298.4,NULL,NULL,NULL,NULL,NULL,NULL
5287,2022-02-25 00:00:00,54829,B,3886,3106,780,312,NULL,NULL,NULL,NULL,NULL,NULL
5288,2022-02-25 00:00:00,54734,B,3289.51,2542.12,747.39,0,NULL,NULL,NULL,NULL,NULL,NULL
5289,2022-02-25 00:00:00,54801,B,9406.54,8062.22,1344.32,0,NULL,NULL,NULL,NULL,NULL,NULL
5291,2022-02-25 00:00:00,54763,B,16434.6,13092.2,3342.4,1336.96,NULL,NULL,NULL,NULL,NULL,NULL
5292,2022-02-25 00:00:00,54776,B,8878,7235.2,1642.8,164.28,NULL,NULL,NULL,NULL,NULL,NULL
5293,2022-02-25 00:00:00,54779,B,1631.51,1535.8,95.71,0,NULL,NULL,NULL,NULL,NULL,NULL
5294,2022-02-25 00:00:00,54716,B,5057.7,3457.6,1600.1,0,NULL,NULL,NULL,NULL,NULL,NULL
5295,2022-02-25 00:00:00,54718,B,4784,3348,1436,0,NULL,NULL,NULL,NULL,NULL,NULL
5296,2022-02-25 00:00:00,54719,B,4752.95,3300.8,1452.15,0,NULL,NULL,NULL,NULL,NULL,NULL
5297,2022-02-25 00:00:00,54714,B,4728.8,3569.2,1159.6,0,NULL,NULL,NULL,NULL,NULL,NULL
5298,2022-02-25 00:00:00,54761,B,5803.21,5008.09,795.12,79.512,NULL,NULL,NULL,NULL,NULL,NULL
5299,2022-02-25 00:00:00,54786,B,15418.56,13630.56,1788,178.8,NULL,NULL,NULL,NULL,NULL,NULL
5300,2022-02-25 00:00:00,54814,B,3801.6,2450,1351.6,540.64,NULL,NULL,NULL,NULL,NULL,NULL
5301,2022-02-25 00:00:00,54826,B,1522.5,580,942.5,0,NULL,NULL,NULL,NULL,NULL,NULL
5302,2022-02-25 00:00:00,54813,B,3628.8,2284.4,1344.4,537.76,NULL,NULL,NULL,NULL,NULL,NULL
5303,2022-02-25 00:00:00,54671,B,4960.35,2718,2242.35,224.235,NULL,NULL,NULL,NULL,NULL,NULL
5304,2022-02-25 00:00:00,54830,B,10720.2,9694.5,1025.7,102.57,NULL,NULL,NULL,NULL,NULL,NULL
5305,2022-02-25 00:00:00,54729,B,8135.69,5241.1,2894.59,1157.836,NULL,NULL,NULL,NULL,NULL,NULL
5306,2022-02-25 00:00:00,54730,B,5924.5,4868.7,1055.8,422.32,NULL,NULL,NULL,NULL,NULL,NULL
5307,2022-02-25 00:00:00,54816,B,13672,10937.6,2734.4,0,NULL,NULL,NULL,NULL,NULL,NULL
5308,2022-02-25 00:00:00,54577,B,12100.5,5966.8,6133.7,0,NULL,NULL,NULL,NULL,NULL,NULL
5309,2022-02-25 00:00:00,54833,B,1056,528,528,52.8,NULL,NULL,NULL,NULL,NULL,NULL
5313,2022-04-28 00:00:00,54421,A,0,-161.2,161.2,0,1299,P,-161.2,107728,NULL,NULL
5315,2022-03-02 00:00:00,54807,B,10906.28,9211.18,1695.1,0,NULL,NULL,NULL,NULL,NULL,NULL
5316,2022-03-02 00:00:00,54715,B,4885.2,3398.8,1486.4,0,NULL,NULL,NULL,NULL,NULL,NULL
5317,2022-03-02 00:00:00,54747,B,5249.6,3413.96,1835.64,734.256,NULL,NULL,NULL,NULL,NULL,NULL
5318,2022-03-02 00:00:00,54800,B,4425.2,3308.8,1116.4,0,NULL,NULL,NULL,NULL,NULL,NULL
5319,2022-03-02 00:00:00,54819,B,7896.36,6685.67,1210.69,121.069,NULL,NULL,NULL,NULL,NULL,NULL
5320,2022-03-02 00:00:00,54809,B,2619.2,1627.4,991.8,99.18,NULL,NULL,NULL,NULL,NULL,NULL
5321,2022-03-02 00:00:00,54828,B,3409.2,2462.2,947,0,NULL,NULL,NULL,NULL,NULL,NULL
5322,2022-03-02 00:00:00,54832,B,6127.2,3404,2723.2,1089.28,NULL,NULL,NULL,NULL,NULL,NULL
5324,2022-03-02 00:00:00,54812,B,12150,6045,6105,0,NULL,NULL,NULL,NULL,NULL,NULL
5326,2022-03-03 00:00:00,54580,A,-5191.84,0,-5191.84,0,1577,S,-5191.84,0,NULL,NULL
5327,2022-03-03 00:00:00,54811,B,16013.4,14165.7,1847.7,0,NULL,NULL,NULL,NULL,NULL,NULL
5328,2022-03-03 00:00:00,54781,B,2805,1809.28,995.72,0,NULL,NULL,NULL,NULL,NULL,NULL
5331,2022-03-03 00:00:00,54782,B,12308.8,10581.6,1727.2,0,NULL,NULL,NULL,NULL,NULL,NULL
5332,2022-03-03 00:00:00,54769,B,6769.4,4285.6,2483.8,993.52,NULL,NULL,NULL,NULL,NULL,NULL
5333,2022-03-03 00:00:00,54772,B,5501.2,4377.59,1123.61,449.444,NULL,NULL,NULL,NULL,NULL,NULL
5334,2022-03-03 00:00:00,54778,B,5874,3524.4,2349.6,0,NULL,NULL,NULL,NULL,NULL,NULL
5335,2022-03-04 00:00:00,54636,B,0,1217.29,-1217.29,0,NULL,NULL,NULL,NULL,NULL,NULL
5336,2022-03-04 00:00:00,54717,B,4765.6,3786.4,979.2,0,NULL,NULL,NULL,NULL,NULL,NULL
5337,2022-02-25 00:00:00,54802,B,9124.63,7792.4,1332.23,0,NULL,NULL,NULL,NULL,NULL,NULL
5338,2022-03-04 00:00:00,54746,B,4339.2,3495.57,843.63,84.363,NULL,NULL,NULL,NULL,NULL,NULL
5339,2022-03-04 00:00:00,54488,B,1489.4,947.8,541.6,54.16,NULL,NULL,NULL,NULL,NULL,NULL
5340,2022-02-28 00:00:00,54834,B,19897.44,17410.26,2487.18,0,NULL,NULL,NULL,NULL,NULL,NULL
5341,2022-03-08 00:00:00,54362,B,0,4292,-4292,0,NULL,NULL,NULL,NULL,NULL,NULL
5343,2022-03-08 00:00:00,54888,B,2940,980,1960,0,NULL,NULL,NULL,NULL,NULL,NULL
5344,2022-03-09 00:00:00,54748,B,1520.2,1105.6,414.6,0,NULL,NULL,NULL,NULL,NULL,NULL
5345,2022-03-09 00:00:00,54823,B,11024,9172,1852,0,NULL,NULL,NULL,NULL,NULL,NULL
5347,2022-03-09 00:00:00,54878,B,14611.1,11688.88,2922.22,0,NULL,NULL,NULL,NULL,NULL,NULL
5348,2022-03-09 00:00:00,54822,B,3396.6,2177.4,1219.2,0,NULL,NULL,NULL,NULL,NULL,NULL
5349,2022-03-09 00:00:00,54825,B,4304,3223,1081,108.1,NULL,NULL,NULL,NULL,NULL,NULL
5350,2022-03-03 00:00:00,54736,B,1164.52,1237.1,-72.58,0,NULL,NULL,NULL,NULL,NULL,NULL
5351,2022-03-09 00:00:00,54775,B,11183.6,8295,2888.6,1155.44,NULL,NULL,NULL,NULL,NULL,NULL
5352,2022-03-09 00:00:00,54820,B,6973.2,5209.2,1764,705.6,NULL,NULL,NULL,NULL,NULL,NULL
5353,2022-02-04 00:00:00,54702,B,5704,4987.2,716.8,286.72,NULL,NULL,NULL,NULL,NULL,NULL
5354,2022-03-02 00:00:00,54796,B,6256.4,5091.02,1165.38,466.152,NULL,NULL,NULL,NULL,NULL,NULL
5356,2022-03-10 00:00:00,54862,B,4719.6,3447.29,1272.31,0,NULL,NULL,NULL,NULL,NULL,NULL
5357,2022-03-10 00:00:00,54846,B,3699,3266,433,173.2,NULL,NULL,NULL,NULL,NULL,NULL
5359,2022-03-11 00:00:00,54814,A,0.01,0,0.01,0,1137,S,0.01,0,NULL,NULL
5361,2022-03-11 00:00:00,54883,B,2786.13,2610.09,176.04,0,NULL,NULL,NULL,NULL,NULL,NULL
5362,2022-03-11 00:00:00,54884,B,3078,2040.43,1037.57,0,NULL,NULL,NULL,NULL,NULL,NULL
5364,2022-03-09 00:00:00,54668,B,10047.78,8469.7,1578.08,0,NULL,NULL,NULL,NULL,NULL,NULL
5366,2022-09-07 00:00:00,54528,A,0,-4840.16,4840.16,0,1299,P,-4840.16,108358,NULL,NULL
5367,2022-03-14 00:00:00,54854,B,3720.64,3565.59,155.05,0,NULL,NULL,NULL,NULL,NULL,NULL
5368,2022-03-14 00:00:00,54897,B,11280.62,8720.4,2560.22,0,NULL,NULL,NULL,NULL,NULL,NULL
5369,2022-03-14 00:00:00,54835,B,19634.4,17180.1,2454.3,0,NULL,NULL,NULL,NULL,NULL,NULL
5370,2022-03-14 00:00:00,54860,B,6735,5792.1,942.9,94.29,NULL,NULL,NULL,NULL,NULL,NULL
5371,2022-03-14 00:00:00,54771,B,6182.05,4887.1,1294.95,517.98,NULL,NULL,NULL,NULL,NULL,NULL
5372,2022-03-14 00:00:00,54880,B,16320,15096,1224,0,NULL,NULL,NULL,NULL,NULL,NULL
5373,2022-03-14 00:00:00,54855,B,4970.4,4185.6,784.8,0,NULL,NULL,NULL,NULL,NULL,NULL
5374,2022-03-14 00:00:00,54890,B,6267.6,3482,2785.6,1114.24,NULL,NULL,NULL,NULL,NULL,NULL
5376,2022-03-11 00:00:00,54847,B,5748.3,1300,4448.3,1779.32,NULL,NULL,NULL,NULL,NULL,NULL
5377,2022-03-10 00:00:00,54859,B,3969,3324.8,644.2,257.68,NULL,NULL,NULL,NULL,NULL,NULL
5378,2022-03-15 00:00:00,54882,B,1240.2,413.4,826.8,330.72,NULL,NULL,NULL,NULL,NULL,NULL
5379,2022-03-15 00:00:00,54848,B,9859.68,8216.4,1643.28,114.328,NULL,NULL,NULL,NULL,NULL,NULL
5380,2022-03-15 00:00:00,54912,B,4436.85,3332.3,1104.55,110.455,NULL,NULL,NULL,NULL,NULL,NULL
5382,2022-03-08 00:00:00,54760,B,5838,4931.31,906.69,90.669,NULL,NULL,NULL,NULL,NULL,NULL
5383,2022-03-16 00:00:00,54874,B,3310.4,1654.4,1656,0,NULL,NULL,NULL,NULL,NULL,NULL
5384,2022-03-16 00:00:00,54908,B,2798.2,1898.38,899.82,0,NULL,NULL,NULL,NULL,NULL,NULL
5385,2022-03-16 00:00:00,54512,B,6805.76,5499.14,1306.62,0,NULL,NULL,NULL,NULL,NULL,NULL
5386,2022-03-16 00:00:00,54899,B,6377.55,4638,1739.55,173.955,NULL,NULL,NULL,NULL,NULL,NULL
5387,2022-03-16 00:00:00,54887,B,156,0,156,0,NULL,NULL,NULL,NULL,NULL,NULL
5388,2022-03-16 00:00:00,54831,B,19970.9,17490,2480.9,248.09,NULL,NULL,NULL,NULL,NULL,NULL
5389,2022-02-25 00:00:00,54598,B,10763.75,7417.1,3346.65,0,NULL,NULL,NULL,NULL,NULL,NULL
5390,2022-03-11 00:00:00,54818,B,1275,800,475,0,NULL,NULL,NULL,NULL,NULL,NULL
5391,2022-03-02 00:00:00,54707,B,21676.6,13897.2,7779.4,0,NULL,NULL,NULL,NULL,NULL,NULL
5392,2022-03-17 00:00:00,54879,B,8801.81,6806.02,1995.79,0,NULL,NULL,NULL,NULL,NULL,NULL
5393,2022-03-11 00:00:00,54881,B,3920.4,2811.6,1108.8,443.52,NULL,NULL,NULL,NULL,NULL,NULL
5394,2022-03-18 00:00:00,54919,B,3331.8,2415.11,916.69,0,NULL,NULL,NULL,NULL,NULL,NULL
5395,2022-03-18 00:00:00,54928,B,3029.4,2115.77,913.63,0,NULL,NULL,NULL,NULL,NULL,NULL
5396,2022-03-18 00:00:00,54917,B,11211.2,9474,1737.2,0,NULL,NULL,NULL,NULL,NULL,NULL
5397,2022-03-18 00:00:00,54885,B,8452.4,5966.4,2486,248.6,NULL,NULL,NULL,NULL,NULL,NULL
5398,2022-03-18 00:00:00,54910,B,16419,13472,2947,0,NULL,NULL,NULL,NULL,NULL,NULL
5399,2022-03-18 00:00:00,54844,B,9707.85,8812.8,895.05,0,NULL,NULL,NULL,NULL,NULL,NULL
5400,2022-03-18 00:00:00,54886,B,9933.45,9017.6,915.85,0,NULL,NULL,NULL,NULL,NULL,NULL
5401,2022-03-18 00:00:00,54869,B,4510.3,3549.3,961,0,NULL,NULL,NULL,NULL,NULL,NULL
5402,2022-03-18 00:00:00,54861,B,3438,1375,2063,0,NULL,NULL,NULL,NULL,NULL,NULL
5403,2022-03-18 00:00:00,54932,B,3067.2,2234,833.2,0,NULL,NULL,NULL,NULL,NULL,NULL
5405,2022-03-18 00:00:00,54768,B,5810.6,4026.2,1784.4,713.76,NULL,NULL,NULL,NULL,NULL,NULL
5406,2022-03-18 00:00:00,54817,B,8172.6,6959.6,1213,485.2,NULL,NULL,NULL,NULL,NULL,NULL
5407,2022-03-18 00:00:00,54654,B,2657.88,2537.5,120.38,48.152,NULL,NULL,NULL,NULL,NULL,NULL
5408,2022-03-14 00:00:00,54797,B,6404,5022.2,1381.8,552.72,NULL,NULL,NULL,NULL,NULL,NULL
5409,2022-03-21 00:00:00,54789,B,7124.4,3958,3166.4,1266.56,NULL,NULL,NULL,NULL,NULL,NULL
5411,2022-03-22 00:00:00,54842,B,12191.2,10558,1633.2,0,NULL,NULL,NULL,NULL,NULL,NULL
5412,2022-03-22 00:00:00,54840,B,12012,8335,3677,367.7,NULL,NULL,NULL,NULL,NULL,NULL
5414,2022-03-22 00:00:00,54856,B,4330.9,2828.78,1502.12,0,NULL,NULL,NULL,NULL,NULL,NULL
5415,2022-03-22 00:00:00,54773,B,6868,5428,1440,576,NULL,NULL,NULL,NULL,NULL,NULL
5416,2022-03-22 00:00:00,54902,B,6174,3414,2760,1104,NULL,NULL,NULL,NULL,NULL,NULL
5417,2022-03-22 00:00:00,54907,B,11892,10764,1128,0,NULL,NULL,NULL,NULL,NULL,NULL
5420,2022-03-18 00:00:00,54896,B,4179.77,3097.79,1081.98,108.198,NULL,NULL,NULL,NULL,NULL,NULL
5422,2022-03-23 00:00:00,54936,B,20446.08,19168.2,1277.88,0,NULL,NULL,NULL,NULL,NULL,NULL
5423,2022-03-23 00:00:00,54863,B,4602.3,3551.2,1051.1,0,NULL,NULL,NULL,NULL,NULL,NULL
5424,2022-03-23 00:00:00,54870,B,4462,3522,940,0,NULL,NULL,NULL,NULL,NULL,NULL
5425,2022-03-23 00:00:00,54921,B,1408,700,708,0,NULL,NULL,NULL,NULL,NULL,NULL
5426,2022-03-23 00:00:00,54900,B,4095,2716.07,1378.93,137.893,NULL,NULL,NULL,NULL,NULL,NULL
5427,2022-03-24 00:00:00,54903,B,17833.2,15563.4,2269.8,907.92,NULL,NULL,NULL,NULL,NULL,NULL
5428,2022-03-24 00:00:00,54920,B,3369.6,3166.6,203,81.2,NULL,NULL,NULL,NULL,NULL,NULL
5429,2022-03-24 00:00:00,54946,B,672,0,672,0,NULL,NULL,NULL,NULL,NULL,NULL
5430,2022-03-24 00:00:00,54940,B,741.6,200,541.6,54.16,NULL,NULL,NULL,NULL,NULL,NULL
5431,2022-03-25 00:00:00,54655,B,2745,2340,405,162,NULL,NULL,NULL,NULL,NULL,NULL
5433,2022-03-25 00:00:00,54803,B,11999.6,10035.6,1964,0,NULL,NULL,NULL,NULL,NULL,NULL
5434,2022-03-25 00:00:00,54841,B,4517.64,2620.88,1896.76,189.676,NULL,NULL,NULL,NULL,NULL,NULL
5436,2022-03-25 00:00:00,54934,B,3591,2525,1066,426.4,NULL,NULL,NULL,NULL,NULL,NULL
5437,2022-03-25 00:00:00,54901,B,1529.76,509.92,1019.84,101.984,NULL,NULL,NULL,NULL,NULL,NULL
5438,2022-03-28 00:00:00,54956,B,3072.6,2227.23,845.37,0,NULL,NULL,NULL,NULL,NULL,NULL
5439,2022-03-28 00:00:00,54871,B,4634.5,3619.5,1015,0,NULL,NULL,NULL,NULL,NULL,NULL
5440,2022-03-22 00:00:00,54851,B,6422.94,5937.86,485.08,0,NULL,NULL,NULL,NULL,NULL,NULL
5441,2022-03-28 00:00:00,54935,B,4082.4,2525,1557.4,622.96,NULL,NULL,NULL,NULL,NULL,NULL
5442,2022-03-28 00:00:00,54925,B,377.85,0,377.85,0,NULL,NULL,NULL,NULL,NULL,NULL
5443,2022-03-28 00:00:00,54947,B,9045,7839,1206,120.6,NULL,NULL,NULL,NULL,NULL,NULL
5444,2022-03-30 00:00:00,54656,B,-441.2,2340,-2781.2,-1112.48,NULL,NULL,NULL,NULL,NULL,NULL
5445,2022-03-02 00:00:00,54528,B,1965.04,6805.2,-4840.16,0,NULL,NULL,NULL,NULL,NULL,NULL
5446,2022-03-30 00:00:00,54905,B,3065.9,2133.2,932.7,0,NULL,NULL,NULL,NULL,NULL,NULL
5447,2022-03-30 00:00:00,54906,B,3836.7,2129.2,1707.5,0,NULL,NULL,NULL,NULL,NULL,NULL
5448,2022-03-30 00:00:00,54969,B,3009.96,2173.86,836.1,0,NULL,NULL,NULL,NULL,NULL,NULL
5449,2022-03-31 00:00:00,54820,A,-192.28,0,-192.28,0,1455,S,-192.28,0,NULL,NULL
5450,2022-03-31 00:00:00,54926,B,10944,9264,1680,672,NULL,NULL,NULL,NULL,NULL,NULL
5451,2022-03-31 00:00:00,54853,B,14018,10432,3586,0,NULL,NULL,NULL,NULL,NULL,NULL
5452,2022-03-31 00:00:00,54927,B,2806,550,2256,0,NULL,NULL,NULL,NULL,NULL,NULL
5453,2022-03-31 00:00:00,54961,B,1468.8,600,868.8,0,NULL,NULL,NULL,NULL,NULL,NULL
5454,2022-03-31 00:00:00,54916,B,1654.2,551.4,1102.8,110.28,NULL,NULL,NULL,NULL,NULL,NULL
5455,2022-03-31 00:00:00,54943,B,4314.6,2400,1914.6,765.84,NULL,NULL,NULL,NULL,NULL,NULL
5456,2022-03-31 00:00:00,54913,B,423,211.5,211.5,21.15,NULL,NULL,NULL,NULL,NULL,NULL
5457,2022-03-31 00:00:00,54849,B,9521.28,7934.4,1586.88,158.688,NULL,NULL,NULL,NULL,NULL,NULL
5459,2022-04-01 00:00:00,54857,B,10008,4170,5838,0,NULL,NULL,NULL,NULL,NULL,NULL
5460,2022-04-01 00:00:00,54978,B,1060,530,530,53,NULL,NULL,NULL,NULL,NULL,NULL
5461,2022-04-01 00:00:00,54749,B,1788.6,1304,484.6,0,NULL,NULL,NULL,NULL,NULL,NULL
5462,2022-04-01 00:00:00,54839,B,9763.95,8826.48,937.47,55.457,NULL,NULL,NULL,NULL,NULL,NULL
5464,2022-04-01 00:00:00,54865,B,4710.4,3611.2,1099.2,0,NULL,NULL,NULL,NULL,NULL,NULL
5465,2022-04-01 00:00:00,54872,B,4756.4,3631.6,1124.8,0,NULL,NULL,NULL,NULL,NULL,NULL
5466,2022-04-01 00:00:00,54982,B,5152,2742,2410,0,NULL,NULL,NULL,NULL,NULL,NULL
5467,2022-04-01 00:00:00,54989,B,3002.4,2253.2,749.2,299.68,NULL,NULL,NULL,NULL,NULL,NULL
5468,2022-04-01 00:00:00,54792,B,2130,1278,852,340.8,NULL,NULL,NULL,NULL,NULL,NULL
5469,2022-04-01 00:00:00,54952,B,3665.25,2521.75,1143.5,114.35,NULL,NULL,NULL,NULL,NULL,NULL
5471,2022-03-25 00:00:00,54898,B,4203.5,3072.95,1130.55,0,NULL,NULL,NULL,NULL,NULL,NULL
5472,2022-04-01 00:00:00,54815,B,3093.2,2109,984.2,48.42,NULL,NULL,NULL,NULL,NULL,NULL
5473,2022-04-05 00:00:00,54868,B,4128.5,3142.5,986,0,NULL,NULL,NULL,NULL,NULL,NULL
5475,2022-04-05 00:00:00,54866,B,5004.8,3712.4,1292.4,0,NULL,NULL,NULL,NULL,NULL,NULL
5476,2022-04-05 00:00:00,54960,B,7874.4,6727.2,1147.2,0,NULL,NULL,NULL,NULL,NULL,NULL
5477,2022-04-05 00:00:00,54915,B,5250,4000,1250,500,NULL,NULL,NULL,NULL,NULL,NULL
5478,2022-04-05 00:00:00,54864,B,9753.7,5662.4,4091.3,1636.52,NULL,NULL,NULL,NULL,NULL,NULL
5479,2022-04-05 00:00:00,54909,B,8380.46,6856.74,1523.72,152.372,NULL,NULL,NULL,NULL,NULL,NULL
5480,2022-04-06 00:00:00,54705,B,0,0,0,0,NULL,NULL,NULL,NULL,NULL,NULL
5481,2022-04-07 00:00:00,54963,B,11732.5,9747,1985.5,198.55,NULL,NULL,NULL,NULL,NULL,NULL
5482,2022-04-07 00:00:00,54993,B,1593,531,1062,106.2,NULL,NULL,NULL,NULL,NULL,NULL
5484,2022-04-07 00:00:00,54955,B,10654.8,9033,1621.8,0,NULL,NULL,NULL,NULL,NULL,NULL
5485,2022-04-07 00:00:00,54944,B,14013.8,12012.2,2001.6,800.64,NULL,NULL,NULL,NULL,NULL,NULL
5486,2022-04-07 00:00:00,54951,B,13234.8,11527.85,1706.95,682.78,NULL,NULL,NULL,NULL,NULL,NULL
5487,2022-04-07 00:00:00,54930,B,14916,5797.4,9118.6,911.86,NULL,NULL,NULL,NULL,NULL,NULL
5488,2022-04-07 00:00:00,54843,B,10253.6,9205,1048.6,0,NULL,NULL,NULL,NULL,NULL,NULL
5489,2022-04-07 00:00:00,54981,B,4652.9,2607.2,2045.7,0,NULL,NULL,NULL,NULL,NULL,NULL
5490,2022-04-07 00:00:00,54973,B,692.8,200,492.8,49.28,NULL,NULL,NULL,NULL,NULL,NULL
5491,2022-04-07 00:00:00,54850,B,20667.92,18680.62,1987.3,794.92,NULL,NULL,NULL,NULL,NULL,NULL
5492,2022-04-08 00:00:00,54671,A,-1028.85,0,-1028.85,0,1299,S,-1028.85,0,NULL,NULL
5494,2022-04-08 00:00:00,54953,B,2271.92,1622.8,649.12,64.912,NULL,NULL,NULL,NULL,NULL,NULL
5495,2022-04-08 00:00:00,54980,B,12080.5,11019.37,1061.13,0,NULL,NULL,NULL,NULL,NULL,NULL
5496,2022-04-01 00:00:00,54904,B,2845.1,2094.8,750.3,0,NULL,NULL,NULL,NULL,NULL,NULL
5497,2022-04-08 00:00:00,54967,B,8413.2,6899.6,1513.6,0,NULL,NULL,NULL,NULL,NULL,NULL
5498,2022-04-11 00:00:00,54957,B,2333.1,1888.7,444.4,44.44,NULL,NULL,NULL,NULL,NULL,NULL
5499,2022-04-11 00:00:00,55015,B,10816,9604.8,1211.2,0,NULL,NULL,NULL,NULL,NULL,NULL
5500,2022-04-11 00:00:00,54992,B,8421,5774.4,2646.6,264.66,NULL,NULL,NULL,NULL,NULL,NULL
5503,2022-03-23 00:00:00,54918,B,3602.37,2773.55,828.82,0,NULL,NULL,NULL,NULL,NULL,NULL
5504,2022-04-12 00:00:00,54968,B,4548.6,3480,1068.6,0,NULL,NULL,NULL,NULL,NULL,NULL
5505,2022-04-12 00:00:00,54995,B,4311.3,3267.2,1044.1,0,NULL,NULL,NULL,NULL,NULL,NULL
5506,2022-04-12 00:00:00,54922,B,16357.5,12359,3998.5,0,NULL,NULL,NULL,NULL,NULL,NULL
5507,2022-04-12 00:00:00,54966,B,3725.45,3699.15,26.3,0,NULL,NULL,NULL,NULL,NULL,NULL
5508,2022-04-12 00:00:00,54976,B,20636.05,18672.8,1963.25,0,NULL,NULL,NULL,NULL,NULL,NULL
5509,2022-04-12 00:00:00,54911,B,16602.3,13622.4,2979.9,0,NULL,NULL,NULL,NULL,NULL,NULL
5511,2022-04-12 00:00:00,54983,B,13659.15,13326,333.15,0,NULL,NULL,NULL,NULL,NULL,NULL
5512,2022-04-12 00:00:00,54948,B,4802.4,3101.05,1701.35,170.135,NULL,NULL,NULL,NULL,NULL,NULL
5513,2022-04-12 00:00:00,54798,B,7844.4,5400.6,2443.8,977.52,NULL,NULL,NULL,NULL,NULL,NULL
5514,2022-04-12 00:00:00,55014,B,9469.6,7564,1905.6,762.24,NULL,NULL,NULL,NULL,NULL,NULL
5517,2022-04-13 00:00:00,54765,B,13213.8,0,13213.8,1321.38,NULL,NULL,NULL,NULL,NULL,NULL
5518,2022-04-13 00:00:00,54764,B,15043.4,0,15043.4,1504.34,NULL,NULL,NULL,NULL,NULL,NULL
5519,2022-04-13 00:00:00,54764,A,-1.45,0,-1.45,0,2240,S,-1.45,0,NULL,NULL
5520,2022-04-12 00:00:00,54949,B,3146.4,2089.24,1057.16,0,NULL,NULL,NULL,NULL,NULL,NULL
5521,2022-04-11 00:00:00,54942,B,7039.7,5327.4,1712.3,684.92,NULL,NULL,NULL,NULL,NULL,NULL
5523,2022-04-14 00:00:00,54945,B,17193.28,15124.19,2069.09,0,NULL,NULL,NULL,NULL,NULL,NULL
5525,2022-04-14 00:00:00,54994,B,436.25,218.13,218.12,21.812,NULL,NULL,NULL,NULL,NULL,NULL
5526,2022-04-14 00:00:00,54950,B,5156,1995.6,3160.4,0,NULL,NULL,NULL,NULL,NULL,NULL
5527,2022-04-14 00:00:00,54958,B,3161.2,2806.4,354.8,0,NULL,NULL,NULL,NULL,NULL,NULL
5529,2022-04-14 00:00:00,55001,B,7919.12,6119.32,1799.8,179.98,NULL,NULL,NULL,NULL,NULL,NULL
5530,2022-04-14 00:00:00,54999,B,13269.4,11958.15,1311.25,131.125,NULL,NULL,NULL,NULL,NULL,NULL
5531,2022-04-14 00:00:00,55028,B,5120,3130,1990,199,NULL,NULL,NULL,NULL,NULL,NULL
5532,2022-04-14 00:00:00,55043,B,4150.4,2562.8,1587.6,158.76,NULL,NULL,NULL,NULL,NULL,NULL
5534,2022-04-14 00:00:00,55038,B,1030.8,515.4,515.4,0,NULL,NULL,NULL,NULL,NULL,NULL
5535,2022-04-14 00:00:00,55008,B,11951.94,10772.4,1179.54,117.954,NULL,NULL,NULL,NULL,NULL,NULL
5536,2022-04-15 00:00:00,54707,A,-0.6,0,-0.6,0,1474,S,-0.6,0,NULL,NULL
5537,2022-04-15 00:00:00,54991,B,3083.4,2314.2,769.2,307.68,NULL,NULL,NULL,NULL,NULL,NULL
5538,2022-04-15 00:00:00,55012,B,3817.8,2525,1292.8,517.12,NULL,NULL,NULL,NULL,NULL,NULL
5539,2022-04-15 00:00:00,55039,B,4279.82,2980.64,1299.18,519.672,NULL,NULL,NULL,NULL,NULL,NULL
5540,2022-04-15 00:00:00,54836,B,3931.2,2340,1591.2,636.48,NULL,NULL,NULL,NULL,NULL,NULL
5541,2022-04-18 00:00:00,54845,B,0,4906.72,-4906.72,0,NULL,NULL,NULL,NULL,NULL,NULL
5543,2022-04-18 00:00:00,55029,B,5068.8,1837.6,3231.2,0,NULL,NULL,NULL,NULL,NULL,NULL
5544,2022-04-19 00:00:00,54570,B,4760.8,2673.6,2087.2,0,NULL,NULL,NULL,NULL,NULL,NULL
5545,2022-04-19 00:00:00,55021,B,1579.6,1148.8,430.8,0,NULL,NULL,NULL,NULL,NULL,NULL
5546,2022-04-19 00:00:00,55013,B,3645,2525,1120,448,NULL,NULL,NULL,NULL,NULL,NULL
5547,2022-04-19 00:00:00,55025,B,3828,3280,548,219.2,NULL,NULL,NULL,NULL,NULL,NULL
5548,2022-04-19 00:00:00,55010,B,2552.03,1250,1302.03,0,NULL,NULL,NULL,NULL,NULL,NULL
5549,2022-04-20 00:00:00,54858,B,10300,4202.4,6097.6,0,NULL,NULL,NULL,NULL,NULL,NULL
5550,2022-04-20 00:00:00,54996,B,6279,5016,1263,0,NULL,NULL,NULL,NULL,NULL,NULL
5551,2022-04-20 00:00:00,55063,B,3628.8,2578.4,1050.4,0,NULL,NULL,NULL,NULL,NULL,NULL
5552,2022-04-20 00:00:00,55024,B,7801.2,5000.6,2800.6,1120.24,NULL,NULL,NULL,NULL,NULL,NULL
5553,2022-04-20 00:00:00,55000,B,8780.86,7146.8,1634.06,163.406,NULL,NULL,NULL,NULL,NULL,NULL
5556,2021-12-20 00:00:00,54541,B,0,568.02,-568.02,0,NULL,NULL,NULL,NULL,NULL,NULL
5557,2022-06-15 00:00:00,54541,A,0,-189.34,189.34,0,1550,P,-189.34,107821,NULL,NULL
5558,2022-04-25 00:00:00,55066,B,9525,8855,670,0,NULL,NULL,NULL,NULL,NULL,NULL
5559,2022-04-25 00:00:00,55056,B,4659.52,4004.76,654.76,0,NULL,NULL,NULL,NULL,NULL,NULL
5560,2022-04-25 00:00:00,55023,B,2896.4,2025,871.4,0,NULL,NULL,NULL,NULL,NULL,NULL
5561,2022-04-25 00:00:00,55044,B,6014.6,4619.3,1395.3,0,NULL,NULL,NULL,NULL,NULL,NULL
5562,2022-04-26 00:00:00,55020,B,8470,7261.8,1208.2,0,NULL,NULL,NULL,NULL,NULL,NULL
5564,2022-04-26 00:00:00,55079,B,4033.8,2739,1294.8,0,NULL,NULL,NULL,NULL,NULL,NULL
5565,2022-04-26 00:00:00,55031,B,2497.44,1863.52,633.92,253.568,NULL,NULL,NULL,NULL,NULL,NULL
5566,2022-04-26 00:00:00,55078,B,13439.08,12289.68,1149.4,0,NULL,NULL,NULL,NULL,NULL,NULL
5567,2022-04-26 00:00:00,54990,B,8991.3,7687.55,1303.75,0,NULL,NULL,NULL,NULL,NULL,NULL
5569,2022-04-26 00:00:00,54974,B,9223.2,7686,1537.2,153.72,NULL,NULL,NULL,NULL,NULL,NULL
5572,2022-04-26 00:00:00,54845A,B,12285.2,2304.48,9980.72,0,NULL,NULL,NULL,NULL,NULL,NULL
5573,2022-04-27 00:00:00,54740,B,0,2700,-2700,0,NULL,NULL,NULL,NULL,NULL,NULL
5574,2022-04-27 00:00:00,54931,B,1667.6,1061.2,606.4,60.64,NULL,NULL,NULL,NULL,NULL,NULL
5575,2022-04-27 00:00:00,55054,B,1109,150,959,383.6,NULL,NULL,NULL,NULL,NULL,NULL
5576,2022-04-27 00:00:00,55083,B,588,294,294,29.4,NULL,NULL,NULL,NULL,NULL,NULL
5577,2022-04-27 00:00:00,55094,B,16594.5,13616,2978.5,0,NULL,NULL,NULL,NULL,NULL,NULL
5578,2022-04-27 00:00:00,55087,B,2479.8,1843.94,635.86,254.344,NULL,NULL,NULL,NULL,NULL,NULL
5579,2022-04-27 00:00:00,55035,B,10378.8,9271.88,1106.92,110.692,NULL,NULL,NULL,NULL,NULL,NULL
5580,2022-04-27 00:00:00,54933,B,6108.45,4072.3,2036.15,203.615,NULL,NULL,NULL,NULL,NULL,NULL
5581,2022-04-27 00:00:00,55011,B,3446,1723,1723,0,NULL,NULL,NULL,NULL,NULL,NULL
5582,2022-04-28 00:00:00,52948INV,A,-500,0,-500,0,2066,S,-500,0,NULL,NULL
5583,2022-04-28 00:00:00,53991INV,A,-126.4,0,-126.4,0,2066,S,-126.4,0,NULL,NULL
5584,2022-04-28 00:00:00,53926INV,A,-372.51,0,-372.51,0,2066,S,-372.51,0,NULL,NULL
5585,2022-04-28 00:00:00,55064,B,4624.32,3619.8,1004.52,0,NULL,NULL,NULL,NULL,NULL,NULL
5586,2022-04-28 00:00:00,55045,B,6603.3,3671.6,2931.7,0,NULL,NULL,NULL,NULL,NULL,NULL
5587,2022-04-28 00:00:00,55091,B,9408,6476,2932,0,NULL,NULL,NULL,NULL,NULL,NULL
5588,2022-04-28 00:00:00,55027,B,10144,8055,2089,0,NULL,NULL,NULL,NULL,NULL,NULL
5589,2022-04-28 00:00:00,54954,B,2943,1350,1593,0,NULL,NULL,NULL,NULL,NULL,NULL
5590,2022-04-28 00:00:00,55002,B,6508.8,4009.6,2499.2,999.68,NULL,NULL,NULL,NULL,NULL,NULL
5591,2022-04-28 00:00:00,55003,B,6508.8,3977.2,2531.6,1012.64,NULL,NULL,NULL,NULL,NULL,NULL
5592,2022-03-02 00:00:00,54845,A,0,864.18,-864.18,0,2106,P,864.18,107628,NULL,NULL
5593,2022-04-05 00:00:00,54873,B,4921.95,4065,856.95,0,NULL,NULL,NULL,NULL,NULL,NULL
5594,2022-04-29 00:00:00,55065,B,4925.8,4006.8,919,0,NULL,NULL,NULL,NULL,NULL,NULL
5595,2022-04-29 00:00:00,55092,B,4994,4098.6,895.4,0,NULL,NULL,NULL,NULL,NULL,NULL
5596,2022-04-29 00:00:00,55093,B,4677.2,3866.4,810.8,0,NULL,NULL,NULL,NULL,NULL,NULL
5597,2022-04-29 00:00:00,55115,B,17647.2,16416,1231.2,0,NULL,NULL,NULL,NULL,NULL,NULL
5598,2022-04-29 00:00:00,55046,B,6426.4,4788.8,1637.6,0,NULL,NULL,NULL,NULL,NULL,NULL
5599,2022-04-29 00:00:00,55049,B,6206,4652,1554,0,NULL,NULL,NULL,NULL,NULL,NULL
5600,2022-04-29 00:00:00,55017,B,11844,9542.4,2301.6,920.64,NULL,NULL,NULL,NULL,NULL,NULL
5601,2022-04-29 00:00:00,55007,B,11326.1,10282.8,1043.3,104.33,NULL,NULL,NULL,NULL,NULL,NULL
5602,2022-04-29 00:00:00,55005,B,10371.2,7991.4,2379.8,951.92,NULL,NULL,NULL,NULL,NULL,NULL
5603,2022-04-29 00:00:00,55004,B,7549.2,5025.8,2523.4,1009.36,NULL,NULL,NULL,NULL,NULL,NULL
5605,2022-04-29 00:00:00,55030,B,-950,-950,0,0,NULL,NULL,NULL,NULL,NULL,NULL
5606,2022-04-29 00:00:00,55030INV,B,950,950,0,0,NULL,NULL,NULL,NULL,NULL,NULL
5607,2022-03-31 00:00:00,54941,B,6998.7,5305.4,1693.3,677.32,NULL,NULL,NULL,NULL,NULL,NULL
5608,2022-04-29 00:00:00,55058,B,4347.2,3549.6,797.6,0,NULL,NULL,NULL,NULL,NULL,NULL
5610,2022-04-29 00:00:00,54977,B,3142.24,2356.68,785.56,0,NULL,NULL,NULL,NULL,NULL,NULL
5611,2022-04-29 00:00:00,55128,B,19833.6,18511.65,1321.95,0,NULL,NULL,NULL,NULL,NULL,NULL
5612,2022-04-29 00:00:00,55036,B,0,176,-176,0,NULL,NULL,NULL,NULL,NULL,NULL
5613,2022-04-29 00:00:00,55048,B,5829,4568,1261,0,NULL,NULL,NULL,NULL,NULL,NULL
5614,2022-04-29 00:00:00,54891,B,0,1186.56,-1186.56,-474.624,NULL,NULL,NULL,NULL,NULL,NULL
5615,2022-04-29 00:00:00,54892,B,0,1211.12,-1211.12,-484.448,NULL,NULL,NULL,NULL,NULL,NULL
5616,2022-04-29 00:00:00,55040,B,7470,3735,3735,1494,NULL,NULL,NULL,NULL,NULL,NULL
5617,2022-04-29 00:00:00,55068,B,10605.3,9669.6,935.7,93.57,NULL,NULL,NULL,NULL,NULL,NULL
5618,2022-04-29 00:00:00,55101,B,21580.02,20381.13,1198.89,479.556,NULL,NULL,NULL,NULL,NULL,NULL
5619,2022-04-29 00:00:00,54891R,B,2521.44,1175,1346.44,538.576,NULL,NULL,NULL,NULL,NULL,NULL
5620,2022-04-14 00:00:00,55006,B,3867.6,2761.43,1106.17,110.617,NULL,NULL,NULL,NULL,NULL,NULL
5622,2022-04-07 00:00:00,54877,B,2194.4,1755.52,438.88,0,NULL,NULL,NULL,NULL,NULL,NULL
5623,2022-03-25 00:00:00,54876,B,2402,1981.6,420.4,0,NULL,NULL,NULL,NULL,NULL,NULL
5626,2022-04-26 00:00:00,55018,B,6281.2,4920.4,1360.8,544.32,NULL,NULL,NULL,NULL,NULL,NULL
5627,2022-05-06 00:00:00,54964,B,0,0,0,0,NULL,NULL,NULL,NULL,NULL,NULL
5628,2022-05-06 00:00:00,54964INV,B,2450,2450,0,0,NULL,NULL,NULL,NULL,NULL,NULL
5630,2022-05-06 00:00:00,55085,B,2343.6,1692.6,651,65.1,NULL,NULL,NULL,NULL,NULL,NULL
5631,2022-05-06 00:00:00,55121,B,3454,2200,1254,0,NULL,NULL,NULL,NULL,NULL,NULL
5632,2022-05-06 00:00:00,55140,B,4309.4,3066,1243.4,497.36,NULL,NULL,NULL,NULL,NULL,NULL
5633,2022-01-18 00:00:00,54720,B,7373.28,7373.28,0,0,NULL,NULL,NULL,NULL,NULL,NULL
5634,2022-05-02 00:00:00,54937,B,2572.68,2104.92,467.76,0,NULL,NULL,NULL,NULL,NULL,NULL
5635,2022-05-06 00:00:00,54985,B,1243.23,0,1243.23,0,NULL,NULL,NULL,NULL,NULL,NULL
5636,2022-05-06 00:00:00,55114,B,9432.8,7639.8,1793,0,NULL,NULL,NULL,NULL,NULL,NULL
5637,2022-05-06 00:00:00,55127,B,4568.4,2811.2,1757.2,0,NULL,NULL,NULL,NULL,NULL,NULL
5638,2022-05-06 00:00:00,55059,B,13843.27,11478.82,2364.45,236.445,NULL,NULL,NULL,NULL,NULL,NULL
5639,2022-05-06 00:00:00,55034,B,1450.8,925.4,525.4,0,NULL,NULL,NULL,NULL,NULL,NULL
5640,2022-05-06 00:00:00,55088,B,11138.4,8717,2421.4,0,NULL,NULL,NULL,NULL,NULL,NULL
5641,2022-05-06 00:00:00,55135,B,13452,12301.5,1150.5,0,NULL,NULL,NULL,NULL,NULL,NULL
5642,2022-05-06 00:00:00,55139,B,4145.85,2439.05,1706.8,0,NULL,NULL,NULL,NULL,NULL,NULL
5643,2022-05-06 00:00:00,55052,B,5388.2,2461.4,2926.8,0,NULL,NULL,NULL,NULL,NULL,NULL
5644,2022-05-06 00:00:00,55126,B,1351.8,450,901.8,360.72,NULL,NULL,NULL,NULL,NULL,NULL
5645,2022-05-06 00:00:00,55120,B,1006.4,503.2,503.2,0,NULL,NULL,NULL,NULL,NULL,NULL
5646,2022-05-06 00:00:00,55077,B,1714,300,1414,565.6,NULL,NULL,NULL,NULL,NULL,NULL
5647,2022-05-06 00:00:00,55118,B,3838.09,2653.09,1185,0,NULL,NULL,NULL,NULL,NULL,NULL
5648,2022-05-06 00:00:00,55041,B,6159,4341.2,1817.8,727.12,NULL,NULL,NULL,NULL,NULL,NULL
5649,2022-05-06 00:00:00,55086,B,703.2,234.4,468.8,46.88,NULL,NULL,NULL,NULL,NULL,NULL
5651,2022-05-06 00:00:00,55096,B,1382.67,775,607.67,0,NULL,NULL,NULL,NULL,NULL,NULL
5652,2022-05-06 00:00:00,55098,B,2818.8,2350,468.8,187.52,NULL,NULL,NULL,NULL,NULL,NULL
5654,2022-05-06 00:00:00,54893R,B,959.31,1175,-215.69,-86.276,NULL,NULL,NULL,NULL,NULL,NULL
5655,2022-05-06 00:00:00,54892R,B,2573.63,889.42,1684.21,673.684,NULL,NULL,NULL,NULL,NULL,NULL
5656,2022-05-06 00:00:00,54895,B,2642.31,2409.16,233.15,93.26,NULL,NULL,NULL,NULL,NULL,NULL
5657,2022-05-06 00:00:00,55105,B,6897.6,4540.4,2357.2,942.88,NULL,NULL,NULL,NULL,NULL,NULL
5658,2022-05-06 00:00:00,55132,B,15181,11951,3230,0,NULL,NULL,NULL,NULL,NULL,NULL
5659,2022-05-06 00:00:00,55047,B,6194.4,4238.35,1956.05,0,NULL,NULL,NULL,NULL,NULL,NULL
5660,2022-05-06 00:00:00,55145,B,20376.54,19177.92,1198.62,0,NULL,NULL,NULL,NULL,NULL,NULL
5661,2022-05-06 00:00:00,54892RINV,B,285.58,285.58,0,0,NULL,NULL,NULL,NULL,NULL,NULL
5662,2022-05-06 00:00:00,55117,B,8126.8,6354.6,1772.2,177.22,NULL,NULL,NULL,NULL,NULL,NULL
5663,2022-05-06 00:00:00,55032,B,2137.96,1847.18,290.78,116.312,NULL,NULL,NULL,NULL,NULL,NULL
5664,2022-05-06 00:00:00,55069,B,6826.4,6084.4,742,0,NULL,NULL,NULL,NULL,NULL,NULL
5665,2022-05-06 00:00:00,55055,B,6872.92,4608.12,2264.8,0,NULL,NULL,NULL,NULL,NULL,NULL
5666,2022-05-06 00:00:00,55033,B,2712.6,1573.3,1139.3,455.72,NULL,NULL,NULL,NULL,NULL,NULL
5667,2022-05-06 00:00:00,55051,B,6258.2,4684.4,1573.8,0,NULL,NULL,NULL,NULL,NULL,NULL
5668,2022-05-06 00:00:00,55053,B,5652.1,2534.2,3117.9,0,NULL,NULL,NULL,NULL,NULL,NULL
5669,2022-05-06 00:00:00,55089,B,7009.2,5515.2,1494,597.6,NULL,NULL,NULL,NULL,NULL,NULL
5670,2022-05-09 00:00:00,55124,B,4547.4,2919,1628.4,0,NULL,NULL,NULL,NULL,NULL,NULL
5671,2022-05-09 00:00:00,55123,B,6378,5104.8,1273.2,0,NULL,NULL,NULL,NULL,NULL,NULL
5672,2022-05-09 00:00:00,55136,B,5515.8,4569.2,946.6,0,NULL,NULL,NULL,NULL,NULL,NULL
5674,2022-05-03 00:00:00,55139,A,0,207.35,-207.35,0,1139,P,207.35,107972,NULL,NULL
5675,2022-05-09 00:00:00,55139,A,508.95,0,508.95,0,2137,S,508.95,0,NULL,NULL
5676,2022-05-09 00:00:00,55022,B,1316,600,716,0,NULL,NULL,NULL,NULL,NULL,NULL
5677,2022-05-09 00:00:00,54975,B,9084.96,7542,1542.96,154.296,NULL,NULL,NULL,NULL,NULL,NULL
5678,2022-05-09 00:00:00,55137,B,4503.6,2918.4,1585.2,0,NULL,NULL,NULL,NULL,NULL,NULL
5679,2022-05-06 00:00:00,55034INV,B,274.6,274.6,0,0,NULL,NULL,NULL,NULL,NULL,NULL
5680,2022-05-10 00:00:00,54752INV,B,300.77,300.77,0,0,NULL,NULL,NULL,NULL,NULL,NULL
5681,2022-05-10 00:00:00,55034INV,A,-274.6,0,-274.6,0,1775,S,-274.6,0,NULL,NULL
5682,2022-05-10 00:00:00,54686INV,A,-524.73,0,-524.73,0,1775,S,-524.73,0,NULL,NULL
5684,2022-05-10 00:00:00,55103,B,6324,5066.4,1257.6,0,NULL,NULL,NULL,NULL,NULL,NULL
5685,2022-05-10 00:00:00,55060,B,19966,16201.88,3764.12,1505.648,NULL,NULL,NULL,NULL,NULL,NULL
5686,2022-05-10 00:00:00,55131,B,7476.6,4318.6,3158,1263.2,NULL,NULL,NULL,NULL,NULL,NULL
5687,2022-05-10 00:00:00,55147,B,6181.2,3338,2843.2,1137.28,NULL,NULL,NULL,NULL,NULL,NULL
5688,2022-05-10 00:00:00,55148,B,6830.6,4616.2,2214.4,885.76,NULL,NULL,NULL,NULL,NULL,NULL
5689,2022-05-10 00:00:00,55067,B,1467.62,1048.3,419.32,41.932,NULL,NULL,NULL,NULL,NULL,NULL
5690,2022-05-10 00:00:00,55102,B,1294.01,800,494.01,0,NULL,NULL,NULL,NULL,NULL,NULL
5691,2022-05-10 00:00:00,55141,B,2538,2160,378,151.2,NULL,NULL,NULL,NULL,NULL,NULL
5692,2022-04-29 00:00:00,55081,B,13059.55,9950.75,3108.8,0,NULL,NULL,NULL,NULL,NULL,NULL
5693,2022-05-11 00:00:00,55062,B,15989.4,12587.4,3402,0,NULL,NULL,NULL,NULL,NULL,NULL
5694,2022-05-12 00:00:00,54839,A,-382.9,0,-382.9,0,1577,S,-382.9,0,NULL,NULL
5695,2022-05-09 00:00:00,55134,B,88.9,71.12,17.78,7.112,NULL,NULL,NULL,NULL,NULL,NULL
5696,2022-05-12 00:00:00,55146,B,9341.2,7664.4,1676.8,670.72,NULL,NULL,NULL,NULL,NULL,NULL
5697,2022-05-12 00:00:00,55110,B,10585,8452,2133,0,NULL,NULL,NULL,NULL,NULL,NULL
5698,2022-05-12 00:00:00,55111,B,6075,4869.6,1205.4,0,NULL,NULL,NULL,NULL,NULL,NULL
5699,2022-05-12 00:00:00,55196,B,6541.2,4634,1907.2,190.72,NULL,NULL,NULL,NULL,NULL,NULL
5700,2022-05-12 00:00:00,55113,B,1732,1470.4,261.6,0,NULL,NULL,NULL,NULL,NULL,NULL
5701,2022-05-12 00:00:00,55112,B,16064.8,12989.93,3074.87,307.487,NULL,NULL,NULL,NULL,NULL,NULL
5702,2022-05-12 00:00:00,55167,B,15922.76,11732.56,4190.2,419.02,NULL,NULL,NULL,NULL,NULL,NULL
5703,2022-05-12 00:00:00,55143,B,1696,500,1196,0,NULL,NULL,NULL,NULL,NULL,NULL
5704,2022-05-12 00:00:00,55144,B,1800,500,1300,0,NULL,NULL,NULL,NULL,NULL,NULL
5705,2022-05-12 00:00:00,55160,B,1940,600,1340,0,NULL,NULL,NULL,NULL,NULL,NULL
5706,2022-05-12 00:00:00,55119,B,2606.1,1214.96,1391.14,139.114,NULL,NULL,NULL,NULL,NULL,NULL
5707,2022-05-12 00:00:00,55095,B,2187,950,1237,0,NULL,NULL,NULL,NULL,NULL,NULL
5708,2022-05-12 00:00:00,55037,B,12078.3,10595,1483.3,148.33,NULL,NULL,NULL,NULL,NULL,NULL
5709,2022-05-12 00:00:00,55104,B,7696.8,4893.2,2803.6,1121.44,NULL,NULL,NULL,NULL,NULL,NULL
5710,2022-05-12 00:00:00,55076,B,4384.8,2406.6,1978.2,791.28,NULL,NULL,NULL,NULL,NULL,NULL
5711,2022-05-16 00:00:00,54892RINV,A,-285.58,0,-285.58,0,1577,S,-285.58,0,NULL,NULL
5712,2022-05-16 00:00:00,55164,B,3342.6,2100,1242.6,497.04,NULL,NULL,NULL,NULL,NULL,NULL
5713,2022-05-16 00:00:00,55168,B,3648.08,3372.52,275.56,27.556,NULL,NULL,NULL,NULL,NULL,NULL
5714,2022-05-16 00:00:00,55075,B,2874.97,2354.89,520.08,0,NULL,NULL,NULL,NULL,NULL,NULL
5715,2022-05-16 00:00:00,55042,B,4760,3078,1682,0,NULL,NULL,NULL,NULL,NULL,NULL
5716,2022-05-16 00:00:00,55122,B,5240,3322,1918,0,NULL,NULL,NULL,NULL,NULL,NULL
5717,2022-05-16 00:00:00,55178,B,7293,6100,1193,0,NULL,NULL,NULL,NULL,NULL,NULL
5718,2022-05-16 00:00:00,55149,B,4239,2089,2150,860,NULL,NULL,NULL,NULL,NULL,NULL
5719,2022-05-16 00:00:00,55165,B,3159,1349.5,1809.5,723.8,NULL,NULL,NULL,NULL,NULL,NULL
5720,2022-05-16 00:00:00,55169,B,2662.2,1898.6,763.6,0,NULL,NULL,NULL,NULL,NULL,NULL
5721,2022-05-16 00:00:00,54986,B,10595,9323.6,1271.4,127.14,NULL,NULL,NULL,NULL,NULL,NULL
5722,2022-05-16 00:00:00,55099,B,6518.4,5035.2,1483.2,593.28,NULL,NULL,NULL,NULL,NULL,NULL
5723,2022-05-16 00:00:00,55211,B,5383.68,4411.44,972.24,0,NULL,NULL,NULL,NULL,NULL,NULL
5724,2022-05-18 00:00:00,55125,B,5448.3,4571,877.3,0,NULL,NULL,NULL,NULL,NULL,NULL
5725,2022-05-18 00:00:00,55163,B,2667.6,2114.32,553.28,0,NULL,NULL,NULL,NULL,NULL,NULL
5726,2022-05-18 00:00:00,55070,B,1450.8,1200,250.8,0,NULL,NULL,NULL,NULL,NULL,NULL
5727,2022-05-18 00:00:00,55172,B,7184.1,6042.5,1141.6,0,NULL,NULL,NULL,NULL,NULL,NULL
5728,2022-05-18 00:00:00,55161,B,2132,550,1582,0,NULL,NULL,NULL,NULL,NULL,NULL
5729,2022-05-18 00:00:00,55176,B,6732,5234,1498,0,NULL,NULL,NULL,NULL,NULL,NULL
5730,2022-05-18 00:00:00,55179,B,6982.8,5865,1117.8,0,NULL,NULL,NULL,NULL,NULL,NULL
5731,2022-05-18 00:00:00,55080,B,8556,6318.8,2237.2,0,NULL,NULL,NULL,NULL,NULL,NULL
5732,2022-05-18 00:00:00,55133,B,17262,16440,822,0,NULL,NULL,NULL,NULL,NULL,NULL
5733,2022-05-18 00:00:00,55082,B,12006,10999.8,1006.2,402.48,NULL,NULL,NULL,NULL,NULL,NULL
5734,2022-05-18 00:00:00,55195,B,9293.5,5752,3541.5,1416.6,NULL,NULL,NULL,NULL,NULL,NULL
5735,2022-05-18 00:00:00,55009,B,12219.2,5964,6255.2,588.56,NULL,NULL,NULL,NULL,NULL,NULL
5736,2022-05-19 00:00:00,55194,B,0,8627,-8627,0,NULL,NULL,NULL,NULL,NULL,NULL
5737,2022-05-06 00:00:00,55019,B,6355,4920.4,1434.6,573.84,NULL,NULL,NULL,NULL,NULL,NULL
5738,2022-05-20 00:00:00,55197,B,894,447,447,0,NULL,NULL,NULL,NULL,NULL,NULL
5739,2022-05-20 00:00:00,55198,B,891.6,445.8,445.8,0,NULL,NULL,NULL,NULL,NULL,NULL
5740,2022-05-20 00:00:00,55116,B,6611.25,4040,2571.25,257.125,NULL,NULL,NULL,NULL,NULL,NULL
5741,2022-05-20 00:00:00,55106,B,7671.6,4509.6,3162,1264.8,NULL,NULL,NULL,NULL,NULL,NULL
5742,2022-05-20 00:00:00,55107,B,16501.22,15673.4,827.82,331.128,NULL,NULL,NULL,NULL,NULL,NULL
5743,2022-05-20 00:00:00,55235,B,10633,6860,3773,377.3,NULL,NULL,NULL,NULL,NULL,NULL
5745,2022-05-20 00:00:00,54987,B,8920,7849.6,1070.4,107.04,NULL,NULL,NULL,NULL,NULL,NULL
5746,2022-05-20 00:00:00,54988,B,11725,10318,1407,140.7,NULL,NULL,NULL,NULL,NULL,NULL
5747,2022-05-20 00:00:00,55129,B,5907.36,4922.8,984.56,98.456,NULL,NULL,NULL,NULL,NULL,NULL
5748,2022-05-23 00:00:00,55162,B,16185,13280,2905,0,NULL,NULL,NULL,NULL,NULL,NULL
5749,2022-05-23 00:00:00,55156,B,11741.6,8774,2967.6,1187.04,NULL,NULL,NULL,NULL,NULL,NULL
5750,2022-05-23 00:00:00,55186,B,8132.4,5162.6,2969.8,1187.92,NULL,NULL,NULL,NULL,NULL,NULL
5751,2022-05-23 00:00:00,55260,B,0,3479,-3479,0,NULL,NULL,NULL,NULL,NULL,NULL
5752,2022-05-24 00:00:00,55241,B,20374.5,18744.54,1629.96,0,NULL,NULL,NULL,NULL,NULL,NULL
5753,2022-05-24 00:00:00,55173,B,7078.5,5962.5,1116,0,NULL,NULL,NULL,NULL,NULL,NULL
5754,2022-05-24 00:00:00,55248,B,11102.4,9585.2,1517.2,0,NULL,NULL,NULL,NULL,NULL,NULL
5755,2022-05-24 00:00:00,55073,B,3564,1950,1614,645.6,NULL,NULL,NULL,NULL,NULL,NULL
5756,2022-05-24 00:00:00,55236,B,2532.6,1691.38,841.22,336.488,NULL,NULL,NULL,NULL,NULL,NULL
5757,2022-05-24 00:00:00,55246,B,9057.4,6489.2,2568.2,0,NULL,NULL,NULL,NULL,NULL,NULL
5758,2022-05-24 00:00:00,55138,B,7456.8,4335.2,3121.6,0,NULL,NULL,NULL,NULL,NULL,NULL
5759,2022-05-24 00:00:00,55258,B,3385.82,3254.08,131.74,13.174,NULL,NULL,NULL,NULL,NULL,NULL
5761,2022-05-16 00:00:00,55188,B,7762,7762,0,0,NULL,NULL,NULL,NULL,NULL,NULL
5762,2022-05-25 00:00:00,55159,B,10755,8632,2123,0,NULL,NULL,NULL,NULL,NULL,NULL
5763,2022-05-25 00:00:00,55239,B,5262.4,3177.3,2085.1,208.51,NULL,NULL,NULL,NULL,NULL,NULL
5764,2022-05-25 00:00:00,55225,B,7360,4124,3236,1294.4,NULL,NULL,NULL,NULL,NULL,NULL
5765,2022-05-25 00:00:00,55226,B,7456,4150.4,3305.6,1322.24,NULL,NULL,NULL,NULL,NULL,NULL
5766,2022-05-25 00:00:00,55223,B,25056.5,15405.36,9651.14,0,NULL,NULL,NULL,NULL,NULL,NULL
5767,2022-05-25 00:00:00,55267,B,474,237,237,23.7,NULL,NULL,NULL,NULL,NULL,NULL
5768,2022-04-26 00:00:00,55090,B,2036,550,1486,0,NULL,NULL,NULL,NULL,NULL,NULL
5769,2022-05-26 00:00:00,55249,B,11045.46,10100.78,944.68,0,NULL,NULL,NULL,NULL,NULL,NULL
5770,2022-05-26 00:00:00,55247,B,2092,900,1192,0,NULL,NULL,NULL,NULL,NULL,NULL
5771,2022-05-26 00:00:00,55268,B,2484,300,2184,0,NULL,NULL,NULL,NULL,NULL,NULL
5772,2022-05-26 00:00:00,55269,B,2264,300,1964,0,NULL,NULL,NULL,NULL,NULL,NULL
5773,2022-05-26 00:00:00,55184,B,7296.3,5603.6,1692.7,0,NULL,NULL,NULL,NULL,NULL,NULL
5774,2022-05-26 00:00:00,55251,B,8702.4,6875.2,1827.2,0,NULL,NULL,NULL,NULL,NULL,NULL
5775,2022-05-26 00:00:00,55252,B,9139.2,7220.4,1918.8,0,NULL,NULL,NULL,NULL,NULL,NULL
5776,2022-05-26 00:00:00,55289,B,19072.6,17855.2,1217.4,486.96,NULL,NULL,NULL,NULL,NULL,NULL
5778,2022-05-27 00:00:00,55189,B,2348,600,1748,0,NULL,NULL,NULL,NULL,NULL,NULL
5779,2022-05-27 00:00:00,55190,B,2216,600,1616,0,NULL,NULL,NULL,NULL,NULL,NULL
5780,2022-05-27 00:00:00,55205,B,9324,6748.6,2575.4,0,NULL,NULL,NULL,NULL,NULL,NULL
5781,2022-05-27 00:00:00,55171,B,6883.8,4590.3,2293.5,0,NULL,NULL,NULL,NULL,NULL,NULL
5782,2022-05-26 00:00:00,55206,B,9030,6740,2290,0,NULL,NULL,NULL,NULL,NULL,NULL
5783,2022-05-27 00:00:00,55298,B,6222,5192,1030,103,NULL,NULL,NULL,NULL,NULL,NULL
5784,2022-05-27 00:00:00,55193,B,1619.85,800,819.85,0,NULL,NULL,NULL,NULL,NULL,NULL
5785,2022-05-27 00:00:00,55261,B,9710.4,7736,1974.4,789.76,NULL,NULL,NULL,NULL,NULL,NULL
5787,2022-05-30 00:00:00,55254,B,2856.6,1813.8,1042.8,0,NULL,NULL,NULL,NULL,NULL,NULL
5788,2022-05-30 00:00:00,55220,B,5878.8,3919.2,1959.6,195.96,NULL,NULL,NULL,NULL,NULL,NULL
5790,2022-04-14 00:00:00,54923INV,B,5204,5204,0,0,NULL,NULL,NULL,NULL,NULL,NULL
5792,2022-05-24 00:00:00,55218,B,15493.29,12862.15,2631.14,0,NULL,NULL,NULL,NULL,NULL,NULL
5794,2022-05-31 00:00:00,55272,B,2217.4,1736.96,480.44,0,NULL,NULL,NULL,NULL,NULL,NULL
5795,2022-06-01 00:00:00,55277,B,3311.8,2573.89,737.91,295.164,NULL,NULL,NULL,NULL,NULL,NULL
5796,2022-06-01 00:00:00,55271,B,2368,600,1768,0,NULL,NULL,NULL,NULL,NULL,NULL
5797,2022-06-01 00:00:00,55302,B,7123.2,4748.8,2374.4,187.44,NULL,NULL,NULL,NULL,NULL,NULL
5798,2022-06-01 00:00:00,55306,B,1663.2,500,1163.2,0,NULL,NULL,NULL,NULL,NULL,NULL
5799,2022-04-14 00:00:00,54923INV,A,0,1040.8,-1040.8,0,2106,P,1040.8,108438,NULL,NULL
5800,2022-05-20 00:00:00,55221,B,6706.58,5148.65,1557.93,623.172,NULL,NULL,NULL,NULL,NULL,NULL
5801,2022-06-04 00:00:00,55250,B,11827.5,10815.94,1011.56,0,NULL,NULL,NULL,NULL,NULL,NULL
5802,2022-06-04 00:00:00,55280,B,2192,300,1892,0,NULL,NULL,NULL,NULL,NULL,NULL
5803,2022-06-04 00:00:00,55283,B,2192,300,1892,0,NULL,NULL,NULL,NULL,NULL,NULL
5804,2022-06-04 00:00:00,55282,B,2240,300,1940,0,NULL,NULL,NULL,NULL,NULL,NULL
5805,2022-06-04 00:00:00,55292,B,2272,800,1472,0,NULL,NULL,NULL,NULL,NULL,NULL
5806,2022-06-04 00:00:00,55181,B,6501,4330.7,2170.3,0,NULL,NULL,NULL,NULL,NULL,NULL
5807,2022-06-04 00:00:00,55180,B,7071.9,5860.85,1211.05,0,NULL,NULL,NULL,NULL,NULL,NULL
5808,2022-06-04 00:00:00,55185,B,7088.4,5310.8,1777.6,0,NULL,NULL,NULL,NULL,NULL,NULL
5809,2022-06-04 00:00:00,55320,B,7342.5,6385,957.5,0,NULL,NULL,NULL,NULL,NULL,NULL
5810,2022-06-04 00:00:00,55321,B,7415.1,6429.2,985.9,0,NULL,NULL,NULL,NULL,NULL,NULL
5811,2022-06-04 00:00:00,55253,B,3180.6,2045.8,1134.8,0,NULL,NULL,NULL,NULL,NULL,NULL
5812,2022-06-04 00:00:00,54923A,B,10928.4,6754,4174.4,0,NULL,NULL,NULL,NULL,NULL,NULL
5813,2022-06-04 00:00:00,55199,B,6779.43,6287.9,491.53,196.612,NULL,NULL,NULL,NULL,NULL,NULL
5815,2022-06-04 00:00:00,55291,B,4972.15,1550,3422.15,1368.86,NULL,NULL,NULL,NULL,NULL,NULL
5816,2022-06-04 00:00:00,55130,B,9295.22,7678.66,1616.56,646.624,NULL,NULL,NULL,NULL,NULL,NULL
5817,2022-06-04 00:00:00,55273,B,3898.8,2527.2,1371.6,0,NULL,NULL,NULL,NULL,NULL,NULL
5818,2022-06-04 00:00:00,55192,B,15654.96,9194.88,6460.08,0,NULL,NULL,NULL,NULL,NULL,NULL
5819,2022-06-04 00:00:00,55191,B,18007.08,10486.24,7520.84,0,NULL,NULL,NULL,NULL,NULL,NULL
5820,2022-06-04 00:00:00,55303,B,1555.4,989.8,565.6,56.56,NULL,NULL,NULL,NULL,NULL,NULL
5821,2022-06-04 00:00:00,55242,B,25018.25,23930.5,1087.75,0,NULL,NULL,NULL,NULL,NULL,NULL
5822,2022-06-04 00:00:00,55305,B,1771.2,200,1571.2,0,NULL,NULL,NULL,NULL,NULL,NULL
5823,2022-06-04 00:00:00,55219,B,5468,3290.4,2177.6,0,NULL,NULL,NULL,NULL,NULL,NULL
5824,2022-06-04 00:00:00,55315,B,5148,3718,1430,0,NULL,NULL,NULL,NULL,NULL,NULL
5828,2022-06-07 00:00:00,55375,B,8000,7928,72,0,NULL,NULL,NULL,NULL,NULL,NULL
5829,2022-06-04 00:00:00,55316,B,4460.4,2728.31,1732.09,0,NULL,NULL,NULL,NULL,NULL,NULL
5831,2022-05-31 00:00:00,54630,B,12434.73,8357.16,4077.57,0,NULL,NULL,NULL,NULL,NULL,NULL
5833,2022-06-09 00:00:00,55296,B,6771.6,5094.36,1677.24,167.724,NULL,NULL,NULL,NULL,NULL,NULL
5834,2022-06-09 00:00:00,55170,B,0,-300,300,30,NULL,NULL,NULL,NULL,NULL,NULL
5835,2022-06-09 00:00:00,55204,B,9072.9,7611.65,1461.25,0,NULL,NULL,NULL,NULL,NULL,NULL
5836,2022-06-09 00:00:00,55270,B,5812.8,4797.96,1014.84,0,NULL,NULL,NULL,NULL,NULL,NULL
5837,2022-06-09 00:00:00,55322,B,7256.7,6317.4,939.3,0,NULL,NULL,NULL,NULL,NULL,NULL
5838,2022-06-09 00:00:00,55174,B,6633,3914,2719,0,NULL,NULL,NULL,NULL,NULL,NULL
5839,2022-06-09 00:00:00,55294,B,10579.2,8027,2552.2,255.22,NULL,NULL,NULL,NULL,NULL,NULL
5840,2022-06-09 00:00:00,55295,B,10115.6,7952.25,2163.35,216.335,NULL,NULL,NULL,NULL,NULL,NULL
5841,2022-06-09 00:00:00,55293,B,4538.7,3118.06,1420.64,0,NULL,NULL,NULL,NULL,NULL,NULL
5842,2022-06-09 00:00:00,54703,B,4168.8,1930,2238.8,895.52,NULL,NULL,NULL,NULL,NULL,NULL
5843,2022-06-09 00:00:00,55290,B,5330.7,4145.3,1185.4,474.16,NULL,NULL,NULL,NULL,NULL,NULL
5844,2022-06-09 00:00:00,55304,B,9033.2,6061,2972.2,1188.88,NULL,NULL,NULL,NULL,NULL,NULL
5845,2022-06-09 00:00:00,55307,B,1060,150,910,364,NULL,NULL,NULL,NULL,NULL,NULL
5846,2022-06-09 00:00:00,55074,B,7430.4,4896,2534.4,1013.76,NULL,NULL,NULL,NULL,NULL,NULL
5847,2022-06-09 00:00:00,55234,B,10720,8540,2180,0,NULL,NULL,NULL,NULL,NULL,NULL
5848,2022-06-09 00:00:00,55327,B,1667.3,847.08,820.22,82.022,NULL,NULL,NULL,NULL,NULL,NULL
5849,2022-06-09 00:00:00,55330,B,1078,539,539,53.9,NULL,NULL,NULL,NULL,NULL,NULL
5850,2022-06-10 00:00:00,55334,B,4168.8,2108.8,2060,824,NULL,NULL,NULL,NULL,NULL,NULL
5851,2022-06-10 00:00:00,55297,B,12565.7,9966,2599.7,0,NULL,NULL,NULL,NULL,NULL,NULL
5852,2022-06-10 00:00:00,55216,B,9378.38,8525.8,852.58,0,NULL,NULL,NULL,NULL,NULL,NULL
5855,2022-06-10 00:00:00,55177,B,7068.6,5365.9,1702.7,0,NULL,NULL,NULL,NULL,NULL,NULL
5856,2022-06-10 00:00:00,55284,B,2128,300,1828,0,NULL,NULL,NULL,NULL,NULL,NULL
5857,2022-06-10 00:00:00,55182,B,6557.1,3863.2,2693.9,269.39,NULL,NULL,NULL,NULL,NULL,NULL
5858,2022-06-10 00:00:00,55378,B,2751.03,1880.53,870.5,0,NULL,NULL,NULL,NULL,NULL,NULL
5859,2022-06-10 00:00:00,55332,B,3310.12,2712.28,597.84,239.136,NULL,NULL,NULL,NULL,NULL,NULL
5860,2022-06-10 00:00:00,55264,B,7038,3517.2,3520.8,1408.32,NULL,NULL,NULL,NULL,NULL,NULL
5861,2022-06-10 00:00:00,55237,B,12194.84,9528.66,2666.18,1066.472,NULL,NULL,NULL,NULL,NULL,NULL
5862,2022-06-10 00:00:00,55276,B,1564.74,521.58,1043.16,104.316,NULL,NULL,NULL,NULL,NULL,NULL
5863,2022-06-10 00:00:00,55367,B,1571.4,523.8,1047.6,104.76,NULL,NULL,NULL,NULL,NULL,NULL
5864,2022-06-10 00:00:00,55301,B,0,6368.93,-6368.93,0,NULL,NULL,NULL,NULL,NULL,NULL
5865,2022-06-10 00:00:00,55300,B,0,6000.11,-6000.11,0,NULL,NULL,NULL,NULL,NULL,NULL
5866,2022-06-13 00:00:00,55224R,B,0,700,-700,0,NULL,NULL,NULL,NULL,NULL,NULL
5868,2022-06-13 00:00:00,55108,B,1920,650,1270,0,NULL,NULL,NULL,NULL,NULL,NULL
5869,2022-06-13 00:00:00,55336,B,6346.2,4230.8,2115.4,161.54,NULL,NULL,NULL,NULL,NULL,NULL
5870,2022-06-13 00:00:00,55238,B,3814.8,1523.2,2291.6,229.16,NULL,NULL,NULL,NULL,NULL,NULL
5871,2022-06-13 00:00:00,55338,B,18440,16863,1577,157.7,NULL,NULL,NULL,NULL,NULL,NULL
5872,2022-06-13 00:00:00,55243,B,24345.5,23558.15,787.35,0,NULL,NULL,NULL,NULL,NULL,NULL
5873,2022-06-10 00:00:00,55217,B,8482.1,7711,771.1,0,NULL,NULL,NULL,NULL,NULL,NULL
5874,2022-06-14 00:00:00,54208,B,295,0,295,0,NULL,NULL,NULL,NULL,NULL,NULL
5875,2022-06-10 00:00:00,55257,B,8492.88,7720.8,772.08,0,NULL,NULL,NULL,NULL,NULL,NULL
5876,2022-06-15 00:00:00,55372,B,16312,15088.6,1223.4,0,NULL,NULL,NULL,NULL,NULL,NULL
5877,2022-06-15 00:00:00,55109,B,1384,550,834,0,NULL,NULL,NULL,NULL,NULL,NULL
5878,2022-06-15 00:00:00,55344,B,7225,6262.5,962.5,0,NULL,NULL,NULL,NULL,NULL,NULL
5879,2022-06-15 00:00:00,55288,B,314,0,314,0,NULL,NULL,NULL,NULL,NULL,NULL
5880,2022-06-15 00:00:00,55333,B,9061.6,7712,1349.6,134.96,NULL,NULL,NULL,NULL,NULL,NULL
5881,2022-06-15 00:00:00,55337,B,8862,5908,2954,295.4,NULL,NULL,NULL,NULL,NULL,NULL
5883,2022-06-01 00:00:00,54720,A,0,231.73,-231.73,0,1975,P,231.73,107843,NULL,NULL
5884,2022-06-17 00:00:00,55256INV,B,7918.72,7918.72,0,0,NULL,NULL,NULL,NULL,NULL,NULL
5885,2022-06-14 00:00:00,55300,A,0,-1270.83,1270.83,0,1177,P,-1270.83,107858,NULL,NULL
5886,2022-05-09 00:00:00,55113INV,B,204.6,204.6,0,0,NULL,NULL,NULL,NULL,NULL,NULL
5887,2022-06-21 00:00:00,55259,B,1491.6,1073.5,418.1,167.24,NULL,NULL,NULL,NULL,NULL,NULL
5888,2022-06-21 00:00:00,55286,B,17974,16266.4,1707.6,0,NULL,NULL,NULL,NULL,NULL,NULL
5889,2022-06-21 00:00:00,55157,B,21034,17219.56,3814.44,0,NULL,NULL,NULL,NULL,NULL,NULL
5890,2022-06-21 00:00:00,55202,B,9760.4,8208,1552.4,0,NULL,NULL,NULL,NULL,NULL,NULL
5891,2022-06-21 00:00:00,55346,B,7344,6066,1278,0,NULL,NULL,NULL,NULL,NULL,NULL
5892,2022-06-21 00:00:00,55347,B,7585.4,6250.6,1334.8,0,NULL,NULL,NULL,NULL,NULL,NULL
5893,2022-06-21 00:00:00,55317,B,2280,300,1980,0,NULL,NULL,NULL,NULL,NULL,NULL
5894,2022-06-21 00:00:00,55319,B,2404,300,2104,0,NULL,NULL,NULL,NULL,NULL,NULL
5895,2022-06-21 00:00:00,55279,B,8496.6,5930,2566.6,0,NULL,NULL,NULL,NULL,NULL,NULL
5896,2022-06-21 00:00:00,55348,B,6715,5668.4,1046.6,0,NULL,NULL,NULL,NULL,NULL,NULL
5897,2022-06-21 00:00:00,55349,B,6674.2,5661.2,1013,0,NULL,NULL,NULL,NULL,NULL,NULL
5898,2022-06-21 00:00:00,55400,B,6784.7,4390.1,2394.6,0,NULL,NULL,NULL,NULL,NULL,NULL
5900,2022-06-21 00:00:00,55084,B,16606.2,13789.33,2816.87,1126.748,NULL,NULL,NULL,NULL,NULL,NULL
5901,2022-06-21 00:00:00,55287,B,2968,2522.8,445.2,178.08,NULL,NULL,NULL,NULL,NULL,NULL
5902,2022-06-21 00:00:00,55278,B,8732.4,7560.2,1172.2,468.88,NULL,NULL,NULL,NULL,NULL,NULL
5903,2022-06-21 00:00:00,55142,B,1525,1000,525,0,NULL,NULL,NULL,NULL,NULL,NULL
5904,2022-06-21 00:00:00,55405,B,1130,565,565,56.5,NULL,NULL,NULL,NULL,NULL,NULL
5905,2022-06-21 00:00:00,55388,B,3844.8,2389.2,1455.6,0,NULL,NULL,NULL,NULL,NULL,NULL
5906,2022-06-21 00:00:00,55383,B,15162,11480,3682,368.2,NULL,NULL,NULL,NULL,NULL,NULL
5907,2022-06-21 00:00:00,55310,B,487,243.5,243.5,24.35,NULL,NULL,NULL,NULL,NULL,NULL
5908,2022-06-21 00:00:00,55366,B,1746,600,1146,0,NULL,NULL,NULL,NULL,NULL,NULL
5909,2022-06-21 00:00:00,55385,B,1638,500,1138,0,NULL,NULL,NULL,NULL,NULL,NULL
5910,2022-06-21 00:00:00,55403,B,1753.2,500,1253.2,0,NULL,NULL,NULL,NULL,NULL,NULL
5911,2022-06-21 00:00:00,55420,B,1677.6,500,1177.6,0,NULL,NULL,NULL,NULL,NULL,NULL
5912,2022-06-13 00:00:00,55376,B,5713.2,3339.4,2373.8,0,NULL,NULL,NULL,NULL,NULL,NULL
5913,2023-01-02 00:00:00,55376,A,0,273,-273,0,1139,P,273,109155,NULL,NULL
5914,2022-06-04 00:00:00,55263,B,3248.64,1549,1699.64,679.856,NULL,NULL,NULL,NULL,NULL,NULL
5916,2022-06-23 00:00:00,55256,B,0,0,0,0,NULL,NULL,NULL,NULL,NULL,NULL
5917,2022-06-24 00:00:00,55386,B,8644,5039.8,3604.2,1441.68,NULL,NULL,NULL,NULL,NULL,NULL
5918,2022-06-24 00:00:00,54962,B,1904,650,1254,0,NULL,NULL,NULL,NULL,NULL,NULL
5919,2022-06-24 00:00:00,55175,B,6439.6,3751.6,2688,0,NULL,NULL,NULL,NULL,NULL,NULL
5920,2022-06-24 00:00:00,55419,B,2921.4,1619.84,1301.56,0,NULL,NULL,NULL,NULL,NULL,NULL
5921,2022-06-24 00:00:00,55339,B,996.8,498.4,498.4,0,NULL,NULL,NULL,NULL,NULL,NULL
5924,2022-06-24 00:00:00,55314,B,19557.64,17348.08,2209.56,0,NULL,NULL,NULL,NULL,NULL,NULL
5925,2022-06-24 00:00:00,55409,B,5691.4,4226.8,1464.6,0,NULL,NULL,NULL,NULL,NULL,NULL
5926,2022-06-24 00:00:00,55430,B,2890,2082.5,807.5,80.75,NULL,NULL,NULL,NULL,NULL,NULL
5927,2022-06-24 00:00:00,55431,B,4287.6,1130,3157.6,0,NULL,NULL,NULL,NULL,NULL,NULL
5928,2022-06-24 00:00:00,55414,B,2043.3,1391.9,651.4,0,NULL,NULL,NULL,NULL,NULL,NULL
5929,2022-06-27 00:00:00,55402,B,5774.55,3849.7,1924.85,192.485,NULL,NULL,NULL,NULL,NULL,NULL
5930,2022-06-27 00:00:00,55313,B,5868.4,5158.5,709.9,0,NULL,NULL,NULL,NULL,NULL,NULL
5931,2022-06-27 00:00:00,55389,B,10792.32,6931.6,3860.72,386.072,NULL,NULL,NULL,NULL,NULL,NULL
5932,2022-06-27 00:00:00,55350,B,7150.2,6047.2,1103,0,NULL,NULL,NULL,NULL,NULL,NULL
5934,2022-06-27 00:00:00,55187,B,9853.2,8809.36,1043.84,104.384,NULL,NULL,NULL,NULL,NULL,NULL
5935,2022-06-17 00:00:00,55427,B,5698.6,5698.6,0,0,NULL,NULL,NULL,NULL,NULL,NULL
5936,2022-06-17 00:00:00,55428,B,5757.24,5757.24,0,0,NULL,NULL,NULL,NULL,NULL,NULL
5937,2022-06-21 00:00:00,55256INV,A,0,-29.52,29.52,0,2041,P,-29.52,107901,NULL,NULL
5939,2022-06-24 00:00:00,55214,B,363.31,0,363.31,0,NULL,NULL,NULL,NULL,NULL,NULL
5940,2022-06-28 00:00:00,55308,B,661.1,480.8,180.3,0,NULL,NULL,NULL,NULL,NULL,NULL
5941,2022-06-28 00:00:00,55308,A,-0.52,0,-0.52,0,1326,S,-0.52,0,NULL,NULL
5942,2022-06-30 00:00:00,55373,B,7355.01,6355.52,999.49,99.949,NULL,NULL,NULL,NULL,NULL,NULL
5944,2022-06-30 00:00:00,55424,B,6861.2,4439.6,2421.6,0,NULL,NULL,NULL,NULL,NULL,NULL
5945,2022-06-30 00:00:00,55392,B,10710,8205.2,2504.8,250.48,NULL,NULL,NULL,NULL,NULL,NULL
5946,2022-06-30 00:00:00,55299,B,28108,20225.6,7882.4,788.24,NULL,NULL,NULL,NULL,NULL,NULL
5947,2022-06-30 00:00:00,55382,B,5872,3955.2,1916.8,766.72,NULL,NULL,NULL,NULL,NULL,NULL
5948,2022-06-30 00:00:00,55381,B,5257.46,4036.5,1220.96,122.096,NULL,NULL,NULL,NULL,NULL,NULL
5949,2022-06-30 00:00:00,55440,B,18277.6,6856.06,11421.54,0,NULL,NULL,NULL,NULL,NULL,NULL
5950,2022-06-30 00:00:00,55441,B,18612,6914.69,11697.31,0,NULL,NULL,NULL,NULL,NULL,NULL
5951,2022-06-30 00:00:00,55390,B,14699.16,13441.99,1257.17,0,NULL,NULL,NULL,NULL,NULL,NULL
5952,2022-06-30 00:00:00,55410,B,1162.59,400,762.59,0,NULL,NULL,NULL,NULL,NULL,NULL
5953,2022-06-30 00:00:00,55468,B,2975.4,2020.33,955.07,0,NULL,NULL,NULL,NULL,NULL,NULL
5954,2022-07-01 00:00:00,55255,B,15942.4,12550.4,3392,0,NULL,NULL,NULL,NULL,NULL,NULL
5955,2022-07-01 00:00:00,55418,B,14532,11217.24,3314.76,1325.904,NULL,NULL,NULL,NULL,NULL,NULL
5956,2022-07-01 00:00:00,55200,B,9891.92,9212,679.92,0,NULL,NULL,NULL,NULL,NULL,NULL
5958,2022-07-01 00:00:00,55458,B,20981.4,19335.8,1645.6,0,NULL,NULL,NULL,NULL,NULL,NULL
5959,2022-06-30 00:00:00,55318,B,2956,300,2656,0,NULL,NULL,NULL,NULL,NULL,NULL
5960,2022-07-01 00:00:00,55421,B,11659.38,10246.25,1413.13,565.252,NULL,NULL,NULL,NULL,NULL,NULL
5961,2022-07-04 00:00:00,55401,B,12254.4,11152.8,1101.6,110.16,NULL,NULL,NULL,NULL,NULL,NULL
5962,2022-07-04 00:00:00,55434,B,4265.19,3100.25,1164.94,0,NULL,NULL,NULL,NULL,NULL,NULL
5963,2022-07-04 00:00:00,55423,B,1064,300,764,305.6,NULL,NULL,NULL,NULL,NULL,NULL
5964,2022-07-04 00:00:00,55417,B,1540.8,513.6,1027.2,410.88,NULL,NULL,NULL,NULL,NULL,NULL
5965,2022-07-04 00:00:00,55444,B,3110.4,2206,904.4,361.76,NULL,NULL,NULL,NULL,NULL,NULL
5969,2022-06-17 00:00:00,55428,A,0,-150,150,0,2267,P,-150,107948,NULL,NULL
5970,2022-07-01 00:00:00,55446,B,7497,6233,1264,0,NULL,NULL,NULL,NULL,NULL,NULL
5971,2022-07-05 00:00:00,55152,B,0,200,-200,-20,NULL,NULL,NULL,NULL,NULL,NULL
5972,2022-06-30 00:00:00,55351,B,7459.6,6485,974.6,0,NULL,NULL,NULL,NULL,NULL,NULL
5973,2022-05-27 00:00:00,55274,B,2100.82,1883.12,217.7,21.77,NULL,NULL,NULL,NULL,NULL,NULL
5974,2022-07-05 00:00:00,55447,B,7775.8,6446.2,1329.6,0,NULL,NULL,NULL,NULL,NULL,NULL
5975,2022-07-05 00:00:00,55312,B,6728.6,5513,1215.6,0,NULL,NULL,NULL,NULL,NULL,NULL
5977,2022-07-05 00:00:00,55384,B,7508,6404.8,1103.2,441.28,NULL,NULL,NULL,NULL,NULL,NULL
5978,2022-07-05 00:00:00,55380,B,9092,5018.7,4073.3,1629.32,NULL,NULL,NULL,NULL,NULL,NULL
5979,2022-07-05 00:00:00,55404,B,3390.56,3124.8,265.76,0,NULL,NULL,NULL,NULL,NULL,NULL
5980,2022-07-04 00:00:00,55415,B,13155.77,11437.18,1718.59,0,NULL,NULL,NULL,NULL,NULL,NULL
5982,2022-07-06 00:00:00,54979,B,0,3500,-3500,-350,NULL,NULL,NULL,NULL,NULL,NULL
5983,2022-07-06 00:00:00,55448,B,7497,6283,1214,0,NULL,NULL,NULL,NULL,NULL,NULL
5984,2022-07-07 00:00:00,55422,B,17630,15458,2172,868.8,NULL,NULL,NULL,NULL,NULL,NULL
5985,2022-07-07 00:00:00,55429,B,15385.4,12306,3079.4,307.94,NULL,NULL,NULL,NULL,NULL,NULL
5986,2022-07-07 00:00:00,55355,B,1966,0,1966,0,NULL,NULL,NULL,NULL,NULL,NULL
5989,2022-07-07 00:00:00,55396,B,7488,4159.2,3328.8,1331.52,NULL,NULL,NULL,NULL,NULL,NULL
5990,2022-07-07 00:00:00,55397,B,7804,4246.1,3557.9,1423.16,NULL,NULL,NULL,NULL,NULL,NULL
5991,2022-07-07 00:00:00,55398,B,7160,3919,3241,1296.4,NULL,NULL,NULL,NULL,NULL,NULL
5992,2022-07-07 00:00:00,55472,B,1812.8,1153.6,659.2,65.92,NULL,NULL,NULL,NULL,NULL,NULL
5993,2022-07-07 00:00:00,55341,B,11356.4,9736.6,1619.8,0,NULL,NULL,NULL,NULL,NULL,NULL
5994,2022-07-07 00:00:00,55453,B,11681.2,10472.8,1208.4,0,NULL,NULL,NULL,NULL,NULL,NULL
5995,2022-07-07 00:00:00,55452,B,12702,10259,2443,0,NULL,NULL,NULL,NULL,NULL,NULL
5996,2022-07-08 00:00:00,55353,B,1600,600,1000,0,NULL,NULL,NULL,NULL,NULL,NULL
5997,2022-07-08 00:00:00,55432,B,1920,600,1320,0,NULL,NULL,NULL,NULL,NULL,NULL
5998,2022-07-08 00:00:00,55473,B,5026,4546.4,479.6,47.96,NULL,NULL,NULL,NULL,NULL,NULL
5999,2022-07-08 00:00:00,55426,B,672.14,1000,-327.86,0,NULL,NULL,NULL,NULL,NULL,NULL
6000,2022-06-15 00:00:00,55097,B,7082.88,2223.04,4859.84,0,NULL,NULL,NULL,NULL,NULL,NULL
6001,2022-07-08 00:00:00,55097,A,0.14,0,0.14,0,2050,S,0.14,,NULL,NULL
6002,2022-07-11 00:00:00,55451,B,4482,2350,2132,852.8,NULL,NULL,NULL,NULL,NULL,NULL
6003,2022-07-11 00:00:00,55416,B,7178.2,5733.6,1444.6,577.84,NULL,NULL,NULL,NULL,NULL,NULL
6004,2022-07-11 00:00:00,55463,B,8712,6927.2,1784.8,713.92,NULL,NULL,NULL,NULL,NULL,NULL
6005,2022-07-11 00:00:00,55411,B,150,0,150,0,NULL,NULL,NULL,NULL,NULL,NULL
6006,2022-07-11 00:00:00,55533,B,150,0,150,0,NULL,NULL,NULL,NULL,NULL,NULL
6007,2022-07-11 00:00:00,55534,B,66,0,66,0,NULL,NULL,NULL,NULL,NULL,NULL
6008,2022-07-11 00:00:00,55437,B,18584.64,6683.6,11901.04,0,NULL,NULL,NULL,NULL,NULL,NULL
6009,2022-07-11 00:00:00,55459,B,6902,3998,2904,290.4,NULL,NULL,NULL,NULL,NULL,NULL
6010,2022-07-11 00:00:00,55460,B,7000.6,4092.8,2907.8,290.78,NULL,NULL,NULL,NULL,NULL,NULL
6011,2022-07-06 00:00:00,55438,B,18989.76,6842.24,12147.52,0,NULL,NULL,NULL,NULL,NULL,NULL
6012,2022-07-07 00:00:00,55476,B,6820.4,5673.8,1146.6,0,NULL,NULL,NULL,NULL,NULL,NULL
6013,2022-07-12 00:00:00,54977,A,-589.17,0,-589.17,0,1577,S,-589.17,0,NULL,NULL
6014,2022-07-13 00:00:00,55223,A,-357.95,0,-357.95,0,1474,S,-357.95,0,NULL,NULL
6015,2022-07-13 00:00:00,55374,B,13432.8,9614.2,3818.6,1527.44,NULL,NULL,NULL,NULL,NULL,NULL
6016,2022-07-05 00:00:00,55328,B,0,0,0,0,NULL,NULL,NULL,NULL,NULL,NULL
6017,2022-07-18 00:00:00,55170INV,B,3025,3025,0,0,NULL,NULL,NULL,NULL,NULL,NULL
6018,2022-07-01 00:00:00,54720,A,0,33.32,-33.32,0,1975,P,33.32,108051,NULL,NULL
6019,2022-07-07 00:00:00,55356,B,2592,0,2592,0,NULL,NULL,NULL,NULL,NULL,NULL
6020,2022-06-09 00:00:00,55335,B,14563.5,13929.63,633.87,0,NULL,NULL,NULL,NULL,NULL,NULL
6024,2022-07-18 00:00:00,55457,B,5528.64,4514.32,1014.32,0,NULL,NULL,NULL,NULL,NULL,NULL
6025,2022-07-18 00:00:00,55455,B,13965.6,11929.2,2036.4,0,NULL,NULL,NULL,NULL,NULL,NULL
6026,2022-07-18 00:00:00,55474,B,1196,600,596,0,NULL,NULL,NULL,NULL,NULL,NULL
6027,2022-07-18 00:00:00,55435,B,6448,3315,3133,1253.2,NULL,NULL,NULL,NULL,NULL,NULL
6028,2022-07-18 00:00:00,55487,B,5638.14,4198.33,1439.81,143.981,NULL,NULL,NULL,NULL,NULL,NULL
6029,2022-07-18 00:00:00,55478,B,5168.16,2909.84,2258.32,225.832,NULL,NULL,NULL,NULL,NULL,NULL
6030,2022-07-18 00:00:00,55450,B,3499.2,2350,1149.2,459.68,NULL,NULL,NULL,NULL,NULL,NULL
6031,2022-07-18 00:00:00,55488,B,3120.69,2260.88,859.81,343.924,NULL,NULL,NULL,NULL,NULL,NULL
6032,2022-07-18 00:00:00,55481,B,3780,2625,1155,462,NULL,NULL,NULL,NULL,NULL,NULL
6036,2022-07-18 00:00:00,55519,B,7306.2,3564,3742.2,374.22,NULL,NULL,NULL,NULL,NULL,NULL
6037,2022-07-18 00:00:00,55443,B,6783,4756,2027,810.8,NULL,NULL,NULL,NULL,NULL,NULL
6038,2022-07-18 00:00:00,55466,B,6168,4220.8,1947.2,778.88,NULL,NULL,NULL,NULL,NULL,NULL
6039,2022-07-18 00:00:00,55492,B,7486,4531,2955,1182,NULL,NULL,NULL,NULL,NULL,NULL
6040,2022-07-18 00:00:00,55494,B,7736.8,4539.6,3197.2,1278.88,NULL,NULL,NULL,NULL,NULL,NULL
6041,2022-07-18 00:00:00,55442,B,8348,6174,2174,869.6,NULL,NULL,NULL,NULL,NULL,NULL
6042,2022-07-18 00:00:00,55340,B,6924,5477.2,1446.8,144.68,NULL,NULL,NULL,NULL,NULL,NULL
6043,2022-07-18 00:00:00,55408,B,5150.4,3605.2,1545.2,154.52,NULL,NULL,NULL,NULL,NULL,NULL
6044,2022-07-18 00:00:00,55486,B,2225,1750,475,190,NULL,NULL,NULL,NULL,NULL,NULL
6045,2022-06-23 00:00:00,55387,B,7470.48,7470.48,0,0,NULL,NULL,NULL,NULL,NULL,NULL
6046,2022-07-18 00:00:00,55439,B,19242.72,6879.92,12362.8,0,NULL,NULL,NULL,NULL,NULL,NULL
6047,2022-07-18 00:00:00,55479,B,18094.08,6824,11270.08,0,NULL,NULL,NULL,NULL,NULL,NULL
6048,2022-07-18 00:00:00,55480,B,18557.76,6791.36,11766.4,0,NULL,NULL,NULL,NULL,NULL,NULL
6049,2022-07-18 00:00:00,55449,B,13292.4,10720,2572.4,257.24,NULL,NULL,NULL,NULL,NULL,NULL
6050,2022-07-18 00:00:00,55526,B,587,293.5,293.5,29.35,NULL,NULL,NULL,NULL,NULL,NULL
6051,2022-07-18 00:00:00,55477,B,1020.64,800,220.64,0,NULL,NULL,NULL,NULL,NULL,NULL
6052,2022-07-18 00:00:00,55520,B,13206.6,11537.55,1669.05,0,NULL,NULL,NULL,NULL,NULL,NULL
6053,2022-07-18 00:00:00,55521,B,13404.6,11709,1695.6,0,NULL,NULL,NULL,NULL,NULL,NULL
6055,2022-07-18 00:00:00,55379,B,16337.2,12861.2,3476,0,NULL,NULL,NULL,NULL,NULL,NULL
6056,2022-07-19 00:00:00,55342,B,14973,12043.5,2929.5,0,NULL,NULL,NULL,NULL,NULL,NULL
6057,2022-07-18 00:00:00,55326,B,10636.8,9728.4,908.4,90.84,NULL,NULL,NULL,NULL,NULL,NULL
6058,2022-07-18 00:00:00,55325,B,9763.2,8932,831.2,83.12,NULL,NULL,NULL,NULL,NULL,NULL
6059,2022-07-18 00:00:00,55445,B,4880.64,3661.12,1219.52,0,NULL,NULL,NULL,NULL,NULL,NULL
6060,2022-07-18 00:00:00,55467,B,12587,10131,2456,0,NULL,NULL,NULL,NULL,NULL,NULL
6061,2022-07-21 00:00:00,55510,B,0,197.77,-197.77,0,NULL,NULL,NULL,NULL,NULL,NULL
6063,2022-07-21 00:00:00,55531,B,4179.6,2109.6,2070,828,NULL,NULL,NULL,NULL,NULL,NULL
6064,2022-07-21 00:00:00,55527,B,4002,3117,885,354,NULL,NULL,NULL,NULL,NULL,NULL
6065,2022-07-21 00:00:00,55324,B,3387.2,3148.23,238.97,23.897,NULL,NULL,NULL,NULL,NULL,NULL
6066,2022-07-21 00:00:00,55470,B,9592,7617.4,1974.6,197.46,NULL,NULL,NULL,NULL,NULL,NULL
6067,2022-07-21 00:00:00,55535,B,12262.8,9940,2322.8,232.28,NULL,NULL,NULL,NULL,NULL,NULL
6068,2022-07-21 00:00:00,55522,B,13041.6,11255.4,1786.2,0,NULL,NULL,NULL,NULL,NULL,NULL
6069,2022-07-22 00:00:00,55412,B,8803.71,7319.18,1484.53,593.812,NULL,NULL,NULL,NULL,NULL,NULL
6070,2022-07-22 00:00:00,55539,B,12053.49,10994.74,1058.75,0,NULL,NULL,NULL,NULL,NULL,NULL
6071,2022-07-22 00:00:00,55425,B,11138.4,9656.8,1481.6,592.64,NULL,NULL,NULL,NULL,NULL,NULL
6072,2022-07-22 00:00:00,55491,B,8306.8,6409.2,1897.6,759.04,NULL,NULL,NULL,NULL,NULL,NULL
6073,2022-07-21 00:00:00,55394,B,1579.01,1500,79.01,0,NULL,NULL,NULL,NULL,NULL,NULL
6074,2022-07-22 00:00:00,55490,B,8018,5276,2742,1096.8,NULL,NULL,NULL,NULL,NULL,NULL
6075,2022-07-22 00:00:00,55464,B,8124,5912,2212,834.8,NULL,NULL,NULL,NULL,NULL,NULL
6076,2022-07-22 00:00:00,55465,B,8572,7204.6,1367.4,546.96,NULL,NULL,NULL,NULL,NULL,NULL
6077,2022-07-22 00:00:00,55550,B,2811.6,2030.6,781,0,NULL,NULL,NULL,NULL,NULL,NULL
6078,2022-07-22 00:00:00,55544,B,1356,500,856,0,NULL,NULL,NULL,NULL,NULL,NULL
6079,2022-07-22 00:00:00,55552,B,0,0,0,0,NULL,NULL,NULL,NULL,NULL,NULL
6080,2022-07-18 00:00:00,55262,B,5450.4,3980.5,1469.9,587.96,NULL,NULL,NULL,NULL,NULL,NULL
6081,2022-07-22 00:00:00,55542,B,3631.04,3137.34,493.7,0,NULL,NULL,NULL,NULL,NULL,NULL
6082,2022-07-22 00:00:00,55395,B,9922.5,8927.16,995.34,99.534,NULL,NULL,NULL,NULL,NULL,NULL
6083,2022-06-27 00:00:00,55256A,B,12835.3,9218.72,3616.58,0,NULL,NULL,NULL,NULL,NULL,NULL
6085,2022-07-26 00:00:00,55576INV,B,500,0,500,0,NULL,NULL,NULL,NULL,NULL,NULL
6086,2022-07-18 00:00:00,55524,B,7868,5883,1985,0,NULL,NULL,NULL,NULL,NULL,NULL
6088,2022-07-27 00:00:00,55546,B,3337.2,2188.8,1148.4,459.36,NULL,NULL,NULL,NULL,NULL,NULL
6090,2022-07-27 00:00:00,55529,B,10312.4,6078.4,4234,0,NULL,NULL,NULL,NULL,NULL,NULL
6091,2022-07-27 00:00:00,55562,B,2870.4,1965.6,904.8,0,NULL,NULL,NULL,NULL,NULL,NULL
6092,2022-07-27 00:00:00,55368,B,5446.35,3869.78,1576.57,0,NULL,NULL,NULL,NULL,NULL,NULL
6093,2022-07-27 00:00:00,55556,B,4444.2,2958.04,1486.16,0,NULL,NULL,NULL,NULL,NULL,NULL
6096,2022-07-25 00:00:00,55387,A,0,18.4,-18.4,0,2041,P,18.4,108134,NULL,NULL
6097,2022-07-27 00:00:00,55525,B,17268.3,16366.8,901.5,0,NULL,NULL,NULL,NULL,NULL,NULL
6098,2022-06-24 00:00:00,55285,B,2691.71,2554.42,137.29,0,NULL,NULL,NULL,NULL,NULL,NULL
6099,2022-07-27 00:00:00,55565,B,9948.4,7470.48,2477.92,0,NULL,NULL,NULL,NULL,NULL,NULL
6100,2022-07-28 00:00:00,55566,B,3623.4,1986.8,1636.6,0,NULL,NULL,NULL,NULL,NULL,NULL
6101,2022-07-29 00:00:00,55568,B,12651.52,11449.6,1201.92,0,NULL,NULL,NULL,NULL,NULL,NULL
6102,2022-07-29 00:00:00,55513,B,0,4790.4,-4790.4,0,NULL,NULL,NULL,NULL,NULL,NULL
6103,2022-07-29 00:00:00,55512,B,0,4819.2,-4819.2,0,NULL,NULL,NULL,NULL,NULL,NULL
6104,2022-07-29 00:00:00,55511,B,0,4804.8,-4804.8,0,NULL,NULL,NULL,NULL,NULL,NULL
6105,2022-07-29 00:00:00,55581,B,3715.47,2798.44,917.03,366.812,NULL,NULL,NULL,NULL,NULL,NULL
6106,2022-07-29 00:00:00,55563,B,2150.4,1401.6,748.8,0,NULL,NULL,NULL,NULL,NULL,NULL
6107,2022-07-29 00:00:00,55538,B,2256,567.85,1688.15,0,NULL,NULL,NULL,NULL,NULL,NULL
6108,2022-07-29 00:00:00,55543,B,5259.6,1950,3309.6,1323.84,NULL,NULL,NULL,NULL,NULL,NULL
6109,2022-07-29 00:00:00,55545,B,3307.5,2250,1057.5,423,NULL,NULL,NULL,NULL,NULL,NULL
6110,2022-07-29 00:00:00,55471,B,2284.2,950,1334.2,0,NULL,NULL,NULL,NULL,NULL,NULL
6111,2022-08-02 00:00:00,55475,B,14430.24,12710.84,1719.4,687.76,NULL,NULL,NULL,NULL,NULL,NULL
6112,2022-08-02 00:00:00,55540,B,13851.32,12634.65,1216.67,0,NULL,NULL,NULL,NULL,NULL,NULL
6113,2022-08-02 00:00:00,55201,B,10774.4,8988,1786.4,0,NULL,NULL,NULL,NULL,NULL,NULL
6114,2022-06-01 00:00:00,55183,B,6562,3863,2699,269.9,NULL,NULL,NULL,NULL,NULL,NULL
6115,2022-08-02 00:00:00,55536,B,3661.2,2125,1536.2,614.48,NULL,NULL,NULL,NULL,NULL,NULL
6116,2022-08-02 00:00:00,55553,B,3277.8,2974.8,303,121.2,NULL,NULL,NULL,NULL,NULL,NULL
6117,2022-08-02 00:00:00,55506,B,9388.14,6136.3,3251.84,1300.736,NULL,NULL,NULL,NULL,NULL,NULL
6118,2022-08-02 00:00:00,55587,B,2435.4,1683.73,751.67,75.167,NULL,NULL,NULL,NULL,NULL,NULL
6120,2022-08-03 00:00:00,55523,B,9629.4,6711.4,2918,291.8,NULL,NULL,NULL,NULL,NULL,NULL
6122,2022-08-03 00:00:00,55554,B,4117.49,2692.92,1424.57,569.828,NULL,NULL,NULL,NULL,NULL,NULL
6123,2022-08-03 00:00:00,55564,B,9315,7781.8,1533.2,0,NULL,NULL,NULL,NULL,NULL,NULL
6124,2022-08-03 00:00:00,55588,B,4719.6,4097.6,622,248.8,NULL,NULL,NULL,NULL,NULL,NULL
6125,2022-08-03 00:00:00,55585,B,3230.6,2485.08,745.52,298.208,NULL,NULL,NULL,NULL,NULL,NULL
6126,2022-08-08 00:00:00,55266,B,0,2797.57,-2797.57,0,NULL,NULL,NULL,NULL,NULL,NULL
6127,2022-08-08 00:00:00,55570,B,3220,2744,476,190.4,NULL,NULL,NULL,NULL,NULL,NULL
6128,2022-08-08 00:00:00,55572,B,7273,6504.5,768.5,0,NULL,NULL,NULL,NULL,NULL,NULL
6130,2022-08-08 00:00:00,55537,B,3137.4,2125,1012.4,404.96,NULL,NULL,NULL,NULL,NULL,NULL
6131,2022-08-08 00:00:00,55496,B,8895.8,7278.4,1617.4,646.96,NULL,NULL,NULL,NULL,NULL,NULL
6132,2022-08-08 00:00:00,55497,B,8793.2,7213.6,1579.6,631.84,NULL,NULL,NULL,NULL,NULL,NULL
6133,2022-08-08 00:00:00,55413,B,-2750,0,-2750,0,NULL,NULL,NULL,NULL,NULL,NULL
6134,2022-08-08 00:00:00,55589,B,5070,1450,3620,1448,NULL,NULL,NULL,NULL,NULL,NULL
6135,2022-08-04 00:00:00,55608,B,5616.4,4747.2,869.2,347.68,NULL,NULL,NULL,NULL,NULL,NULL
6136,2022-08-10 00:00:00,55561,B,0,625,-625,0,NULL,NULL,NULL,NULL,NULL,NULL
6137,2022-08-10 00:00:00,55561INV,B,625,625,0,0,NULL,NULL,NULL,NULL,NULL,NULL
6138,2022-08-10 00:00:00,55530,B,-3507,-3507,0,0,NULL,NULL,NULL,NULL,NULL,NULL
6139,2022-07-11 00:00:00,55530INV,B,3507,3507,0,0,NULL,NULL,NULL,NULL,NULL,NULL
6140,2022-08-10 00:00:00,55603,B,15280.29,14534.91,745.38,0,NULL,NULL,NULL,NULL,NULL,NULL
6141,2022-08-10 00:00:00,55399,B,1488.52,1466.12,22.4,2.24,NULL,NULL,NULL,NULL,NULL,NULL
6142,2022-08-10 00:00:00,55574,B,11575.4,10010,1565.4,156.54,NULL,NULL,NULL,NULL,NULL,NULL
6143,2022-08-10 00:00:00,55600,B,2281.6,625,1656.6,0,NULL,NULL,NULL,NULL,NULL,NULL
6144,2022-08-02 00:00:00,55590,B,1464,500,964,0,NULL,NULL,NULL,NULL,NULL,NULL
6145,2022-08-11 00:00:00,55328INV,B,1920,1920,0,0,NULL,NULL,NULL,NULL,NULL,NULL
6146,2022-08-11 00:00:00,55607,B,2985,2050,935,374,NULL,NULL,NULL,NULL,NULL,NULL
6147,2022-08-11 00:00:00,55601,B,13336.38,9449,3887.38,0,NULL,NULL,NULL,NULL,NULL,NULL
6148,2022-08-11 00:00:00,55541,B,10439.4,9558.41,880.99,0,NULL,NULL,NULL,NULL,NULL,NULL
6149,2022-08-11 00:00:00,55626,B,9586.4,6696.6,2889.8,1155.92,NULL,NULL,NULL,NULL,NULL,NULL
6150,2022-08-11 00:00:00,55605,B,7617.6,4232,3385.6,1354.24,NULL,NULL,NULL,NULL,NULL,NULL
6151,2022-08-11 00:00:00,55493,B,7805.2,4710.2,3095,1238,NULL,NULL,NULL,NULL,NULL,NULL
6152,2022-08-11 00:00:00,55596,B,2378.2,1616.93,761.27,304.508,NULL,NULL,NULL,NULL,NULL,NULL
6153,2022-06-21 00:00:00,55393,B,1339.2,2950,-1610.8,-295,NULL,NULL,NULL,NULL,NULL,NULL
6154,2022-07-05 00:00:00,55275,B,0,2200,-2200,-220,NULL,NULL,NULL,NULL,NULL,NULL
6155,2022-08-01 00:00:00,55188,A,0,33.32,-33.32,0,1975,P,33.32,108218,NULL,NULL
6156,2022-08-15 00:00:00,55584,B,5824.65,3883.1,1941.55,194.155,NULL,NULL,NULL,NULL,NULL,NULL
6157,2022-08-16 00:00:00,55495,B,6843.8,5912.2,931.6,372.64,NULL,NULL,NULL,NULL,NULL,NULL
6158,2022-08-17 00:00:00,55009,A,-369.6,0,-369.6,0,2255,S,-369.6,0,NULL,NULL
6159,2022-08-17 00:00:00,55571,B,2654.4,2156.7,497.7,0,NULL,NULL,NULL,NULL,NULL,NULL
6160,2022-08-17 00:00:00,55503,B,7227.6,4382.4,2845.2,1138.08,NULL,NULL,NULL,NULL,NULL,NULL
6161,2022-08-17 00:00:00,55630,B,14140.7,12726.63,1414.07,0,NULL,NULL,NULL,NULL,NULL,NULL
6162,2022-08-17 00:00:00,55485,B,1682.41,1166.45,515.96,0,NULL,NULL,NULL,NULL,NULL,NULL
6163,2022-08-18 00:00:00,55569,B,-129.1,0,-129.1,0,NULL,NULL,NULL,NULL,NULL,NULL
6164,2022-08-18 00:00:00,55628,B,10833.6,9825.07,1008.53,0,NULL,NULL,NULL,NULL,NULL,NULL
6165,2022-08-22 00:00:00,55624,B,2335,1699.59,635.41,254.164,NULL,NULL,NULL,NULL,NULL,NULL
6166,2022-08-22 00:00:00,55602,B,1236,425,811,0,NULL,NULL,NULL,NULL,NULL,NULL
6167,2022-08-22 00:00:00,55580,B,3728.4,2365.65,1362.75,545.1,NULL,NULL,NULL,NULL,NULL,NULL
6168,2022-08-22 00:00:00,55623,B,11528.4,10720.8,807.6,323.04,NULL,NULL,NULL,NULL,NULL,NULL
6169,2022-08-22 00:00:00,55499,B,7185.8,6338.4,847.4,338.96,NULL,NULL,NULL,NULL,NULL,NULL
6171,2022-08-22 00:00:00,55647,B,4337.92,3425.15,912.77,0,NULL,NULL,NULL,NULL,NULL,NULL
6172,2022-08-22 00:00:00,55594,B,4121.6,1875,2246.6,224.66,NULL,NULL,NULL,NULL,NULL,NULL
6173,2022-08-22 00:00:00,55583,B,1384,600,784,0,NULL,NULL,NULL,NULL,NULL,NULL
6174,2022-08-22 00:00:00,55604,B,2260,600,1660,0,NULL,NULL,NULL,NULL,NULL,NULL
6175,2022-08-23 00:00:00,55625,B,3300,2300,1000,400,NULL,NULL,NULL,NULL,NULL,NULL
6176,2022-08-23 00:00:00,55627,B,14810.4,14069.88,740.52,0,NULL,NULL,NULL,NULL,NULL,NULL
6177,2022-08-24 00:00:00,55567,B,12693.6,10083.1,2610.5,261.05,NULL,NULL,NULL,NULL,NULL,NULL
6178,2022-08-24 00:00:00,55501,B,5475.8,3746.6,1729.2,691.68,NULL,NULL,NULL,NULL,NULL,NULL
6179,2022-08-24 00:00:00,55498,B,7174.4,4615.6,2558.8,1023.52,NULL,NULL,NULL,NULL,NULL,NULL
6180,2022-08-24 00:00:00,55549,B,5608.2,3657,1951.2,780.48,NULL,NULL,NULL,NULL,NULL,NULL
6181,2022-08-24 00:00:00,55609,B,19653.82,17445.94,2207.88,0,NULL,NULL,NULL,NULL,NULL,NULL
6182,2022-08-24 00:00:00,55645,B,11476.36,9129.36,2347,0,NULL,NULL,NULL,NULL,NULL,NULL
6183,2022-08-24 00:00:00,55633,B,12410.86,10597.22,1813.64,0,NULL,NULL,NULL,NULL,NULL,NULL
6184,2022-08-24 00:00:00,55576,B,725.4,925,-199.6,0,NULL,NULL,NULL,NULL,NULL,NULL
6185,2022-08-24 00:00:00,55650,B,1856.4,800,1056.4,0,NULL,NULL,NULL,NULL,NULL,NULL
6186,2022-08-24 00:00:00,55648,B,9628.8,8492.07,1136.73,0,NULL,NULL,NULL,NULL,NULL,NULL
6187,2022-08-25 00:00:00,54659INV,A,-150,0,-150,0,1775,S,-150,0,NULL,NULL
6188,2022-08-26 00:00:00,55618,B,17856.72,15464.97,2391.75,956.7,NULL,NULL,NULL,NULL,NULL,NULL
6189,2022-08-26 00:00:00,55456,B,11270,10754.8,515.2,0,NULL,NULL,NULL,NULL,NULL,NULL
6190,2022-08-26 00:00:00,55629,B,3345,3139.4,205.6,0,NULL,NULL,NULL,NULL,NULL,NULL
6191,2022-08-26 00:00:00,55634,B,3714.5,2340,1374.5,137.45,NULL,NULL,NULL,NULL,NULL,NULL
6192,2022-08-26 00:00:00,55660,B,1914,1378.08,535.92,53.592,NULL,NULL,NULL,NULL,NULL,NULL
6193,2022-08-26 00:00:00,55662,B,1574.89,800,774.89,0,NULL,NULL,NULL,NULL,NULL,NULL
6194,2022-08-26 00:00:00,55649,B,6562.46,5971.2,591.26,0,NULL,NULL,NULL,NULL,NULL,NULL
6196,2022-08-29 00:00:00,55606,B,1169.75,281.4,888.35,88.835,NULL,NULL,NULL,NULL,NULL,NULL
6197,2022-08-29 00:00:00,55597,B,12846.4,11010,1836.4,183.64,NULL,NULL,NULL,NULL,NULL,NULL
6199,2022-08-29 00:00:00,55595,B,2451.57,1875,576.57,57.657,NULL,NULL,NULL,NULL,NULL,NULL
6200,2022-08-30 00:00:00,55673,B,3430,3047.6,382.4,38.24,NULL,NULL,NULL,NULL,NULL,NULL
6201,2022-08-30 00:00:00,55610,B,8364,6279,2085,834,NULL,NULL,NULL,NULL,NULL,NULL
6202,2022-08-30 00:00:00,55674,B,2373.25,1421.09,952.16,0,NULL,NULL,NULL,NULL,NULL,NULL
6203,2022-08-30 00:00:00,55573,B,9202.53,7602.09,1600.44,640.176,NULL,NULL,NULL,NULL,NULL,NULL
6204,2022-08-30 00:00:00,55620,B,4636.42,3436.79,1199.63,0,NULL,NULL,NULL,NULL,NULL,NULL
6205,2022-08-31 00:00:00,55680,B,3050,2120,930,0,NULL,NULL,NULL,NULL,NULL,NULL
6206,2022-08-31 00:00:00,55655,B,8725,5770.8,2954.2,295.42,NULL,NULL,NULL,NULL,NULL,NULL
6207,2022-08-31 00:00:00,55668,B,4265,2269.2,1995.8,199.58,NULL,NULL,NULL,NULL,NULL,NULL
6208,2022-08-31 00:00:00,55635,B,3501.5,2830.42,671.08,268.432,NULL,NULL,NULL,NULL,NULL,NULL
6209,2022-08-31 00:00:00,55598,B,12958,11100,1858,185.8,NULL,NULL,NULL,NULL,NULL,NULL
6210,2022-09-01 00:00:00,55687,B,4957.2,3487.77,1469.43,146.943,NULL,NULL,NULL,NULL,NULL,NULL
6211,2022-09-01 00:00:00,55667,B,496.8,124.2,372.6,0,NULL,NULL,NULL,NULL,NULL,NULL
6212,2022-09-01 00:00:00,55508,B,5172.05,3389,1783.05,178.305,NULL,NULL,NULL,NULL,NULL,NULL
6213,2022-09-01 00:00:00,55500,B,4769,3262,1507,602.8,NULL,NULL,NULL,NULL,NULL,NULL
6215,2022-08-29 00:00:00,55575,B,796.6,450,346.6,0,NULL,NULL,NULL,NULL,NULL,NULL
6216,2022-09-06 00:00:00,55575INV,B,500,500,0,0,NULL,NULL,NULL,NULL,NULL,NULL
6217,2022-09-06 00:00:00,55672,B,3008,2528,480,48,NULL,NULL,NULL,NULL,NULL,NULL
6218,2022-09-06 00:00:00,55671,B,2464,1246,1218,121.8,NULL,NULL,NULL,NULL,NULL,NULL
6219,2022-09-06 00:00:00,55632,B,2420,1921.8,498.2,199.28,NULL,NULL,NULL,NULL,NULL,NULL
6220,2022-09-06 00:00:00,55646,B,6473.28,2972.9,3500.38,0,NULL,NULL,NULL,NULL,NULL,NULL
6221,2022-09-07 00:00:00,55393,A,-1339.2,0,-1339.2,0,2105,S,-1339.2,0,NULL,NULL
6222,2022-08-08 00:00:00,55532,B,6516,4464.8,2051.2,820.48,NULL,NULL,NULL,NULL,NULL,NULL
6223,2022-09-07 00:00:00,55653,B,14344.41,12889.18,1455.23,0,NULL,NULL,NULL,NULL,NULL,NULL
6224,2022-09-07 00:00:00,55502,B,7049,4869.6,2179.4,871.76,NULL,NULL,NULL,NULL,NULL,NULL
6225,2022-09-09 00:00:00,55691,B,11570,9779.8,1790.2,0,NULL,NULL,NULL,NULL,NULL,NULL
6226,2022-09-09 00:00:00,55693,B,11289.2,9558.4,1730.8,0,NULL,NULL,NULL,NULL,NULL,NULL
6227,2022-09-09 00:00:00,55678,B,9644.1,8710.8,933.3,0,NULL,NULL,NULL,NULL,NULL,NULL
6228,2022-09-09 00:00:00,55676,B,9350,8002.1,1347.9,0,NULL,NULL,NULL,NULL,NULL,NULL
6229,2022-09-09 00:00:00,55611,B,5742.8,4235.5,1507.3,602.92,NULL,NULL,NULL,NULL,NULL,NULL
6230,2022-09-09 00:00:00,55677,B,3255,2366.6,888.4,355.36,NULL,NULL,NULL,NULL,NULL,NULL
6231,2022-09-09 00:00:00,55679,B,1592,1238,354,0,NULL,NULL,NULL,NULL,NULL,NULL
6232,2022-09-09 00:00:00,55688,B,3773.5,2806.28,967.22,96.722,NULL,NULL,NULL,NULL,NULL,NULL
6234,2022-09-09 00:00:00,55640,B,3256,1628,1628,0,NULL,NULL,NULL,NULL,NULL,NULL
6236,2022-09-12 00:00:00,55636,B,7201.75,5662.25,1539.5,153.95,NULL,NULL,NULL,NULL,NULL,NULL
6237,2022-09-12 00:00:00,55665,B,4194,2938.6,1255.4,0,NULL,NULL,NULL,NULL,NULL,NULL
6238,2022-09-12 00:00:00,55657,B,11610,10260,1350,135,NULL,NULL,NULL,NULL,NULL,NULL
6239,2022-09-09 00:00:00,55621,B,765.8,385,380.8,38.08,NULL,NULL,NULL,NULL,NULL,NULL
6240,2022-09-12 00:00:00,55507,B,3504.78,3097.84,406.94,40.694,NULL,NULL,NULL,NULL,NULL,NULL
6241,2022-09-19 00:00:00,55699,B,10727.6,9090.4,1637.2,0,NULL,NULL,NULL,NULL,NULL,NULL
6242,2022-09-19 00:00:00,55682,B,4278.08,3875.94,402.14,0,NULL,NULL,NULL,NULL,NULL,NULL
6243,2022-09-19 00:00:00,55666,B,0,-100,100,15,NULL,NULL,NULL,NULL,NULL,NULL
6244,2022-09-19 00:00:00,55709,B,2167.2,1342.71,824.49,0,NULL,NULL,NULL,NULL,NULL,NULL
6245,2022-09-19 00:00:00,55686,B,10329.2,8978.98,1350.22,0,NULL,NULL,NULL,NULL,NULL,NULL
6246,2022-09-19 00:00:00,55617,B,2846.2,2073.4,772.8,77.28,NULL,NULL,NULL,NULL,NULL,NULL
6247,2022-09-19 00:00:00,55700,B,2616,2129,487,194.8,NULL,NULL,NULL,NULL,NULL,NULL
6248,2022-09-19 00:00:00,55612,B,5423.6,4330.7,1092.9,437.16,NULL,NULL,NULL,NULL,NULL,NULL
6249,2022-09-19 00:00:00,55613,B,5213.6,4098.2,1115.4,446.16,NULL,NULL,NULL,NULL,NULL,NULL
6251,2022-09-19 00:00:00,55666INV,B,100,100,0,0,NULL,NULL,NULL,NULL,NULL,NULL
6252,2022-08-09 00:00:00,55599,B,7221.64,7221.64,0,0,NULL,NULL,NULL,NULL,NULL,NULL
6253,2022-09-20 00:00:00,55652,B,800.8,0,800.8,0,NULL,NULL,NULL,NULL,NULL,NULL
6254,2022-09-21 00:00:00,55732,B,3772,3017.6,754.4,0,NULL,NULL,NULL,NULL,NULL,NULL
6255,2022-09-21 00:00:00,55654,B,14560.73,13083.55,1477.18,0,NULL,NULL,NULL,NULL,NULL,NULL
6256,2022-09-21 00:00:00,55702,B,3313.8,1623.4,1690.4,0,NULL,NULL,NULL,NULL,NULL,NULL
6257,2022-09-21 00:00:00,55690,B,8912.4,5642.5,3269.9,1307.96,NULL,NULL,NULL,NULL,NULL,NULL
6258,2022-09-21 00:00:00,55661,B,3433.32,2019.6,1413.72,141.372,NULL,NULL,NULL,NULL,NULL,NULL
6259,2022-09-21 00:00:00,55720,B,2633.4,1827,806.4,322.56,NULL,NULL,NULL,NULL,NULL,NULL
6260,2022-09-21 00:00:00,55658,B,11345.4,9744.4,1601,160.1,NULL,NULL,NULL,NULL,NULL,NULL
6261,2022-09-21 00:00:00,55670,B,2224.8,1737.4,487.4,0,NULL,NULL,NULL,NULL,NULL,NULL
6262,2022-09-22 00:00:00,55706,B,4475.04,3837.52,637.52,0,NULL,NULL,NULL,NULL,NULL,NULL
6263,2022-09-22 00:00:00,55717,B,14942.88,13792.08,1150.8,0,NULL,NULL,NULL,NULL,NULL,NULL
6264,2022-09-22 00:00:00,55695,B,15003,12669.2,2333.8,0,NULL,NULL,NULL,NULL,NULL,NULL
6265,2022-09-22 00:00:00,55705,B,11452.5,10498.12,954.38,0,NULL,NULL,NULL,NULL,NULL,NULL
6266,2022-09-22 00:00:00,55712,B,2647.4,1503.2,1144.2,457.68,NULL,NULL,NULL,NULL,NULL,NULL
6267,2022-09-22 00:00:00,55736,B,1498.5,1098.9,399.6,39.96,NULL,NULL,NULL,NULL,NULL,NULL
6268,2022-09-01 00:00:00,55188,A,0,33.32,-33.32,0,1975,P,33.32,108432,NULL,NULL
6269,2022-09-26 00:00:00,55722,B,9890,7726.8,2163.2,865.28,NULL,NULL,NULL,NULL,NULL,NULL
6270,2022-09-26 00:00:00,55599A,B,10494.4,0,10494.4,0,NULL,NULL,NULL,NULL,NULL,NULL
6272,2022-09-26 00:00:00,55723,B,2808,1400,1408,563.2,NULL,NULL,NULL,NULL,NULL,NULL
6273,2022-09-26 00:00:00,55738,B,6098.4,2444,3654.4,548.16,NULL,NULL,NULL,NULL,NULL,NULL
6274,2022-09-26 00:00:00,55729,B,2444,1950,494,197.6,NULL,NULL,NULL,NULL,NULL,NULL
6275,2022-09-26 00:00:00,55701,B,9381.2,7984,1397.2,209.58,NULL,NULL,NULL,NULL,NULL,NULL
6276,2022-09-01 00:00:00,55413R,B,5248.48,3050.37,2198.11,0,NULL,NULL,NULL,NULL,NULL,NULL
6278,2022-09-27 00:00:00,55730,B,11469.9,11028.75,441.15,0,NULL,NULL,NULL,NULL,NULL,NULL
6279,2022-07-27 00:00:00,55555,B,3357.79,2876,481.79,0,NULL,NULL,NULL,NULL,NULL,NULL
6280,2022-09-29 00:00:00,55438,A,-1739.76,0,-1739.76,0,1474,S,-1739.76,0,NULL,NULL
6281,2022-09-29 00:00:00,55439,A,-2394.36,0,-2394.36,0,1474,S,-2394.36,0,NULL,NULL
6282,2022-09-29 00:00:00,55479,A,-1449.36,0,-1449.36,0,1474,S,-1449.36,0,NULL,NULL
6283,2022-09-29 00:00:00,55437,A,-791.64,0,-791.64,0,1474,S,-791.64,0,NULL,NULL
6284,2022-09-29 00:00:00,55480,A,-1419.48,0,-1419.48,0,1474,S,-1419.48,0,NULL,NULL
6285,2022-09-30 00:00:00,55757,B,2692,1650,1042,416.8,NULL,NULL,NULL,NULL,NULL,NULL
6286,2022-09-30 00:00:00,55755,B,5390.4,4045.2,1345.2,0,NULL,NULL,NULL,NULL,NULL,NULL
6288,2022-09-30 00:00:00,55733,B,14200.09,12968.18,1231.91,0,NULL,NULL,NULL,NULL,NULL,NULL
6289,2022-09-30 00:00:00,55703,B,13826.12,12794.32,1031.8,0,NULL,NULL,NULL,NULL,NULL,NULL
6290,2022-09-30 00:00:00,55774,B,7344,3273,4071,0,NULL,NULL,NULL,NULL,NULL,NULL
6291,2022-09-30 00:00:00,55725,B,4070.4,2517.8,1552.6,155.26,NULL,NULL,NULL,NULL,NULL,NULL
6292,2022-09-30 00:00:00,55716,B,1724.52,1402.88,321.64,128.656,NULL,NULL,NULL,NULL,NULL,NULL
6293,2022-09-30 00:00:00,55735,B,3164,1758.2,1405.8,562.32,NULL,NULL,NULL,NULL,NULL,NULL
6294,2022-09-30 00:00:00,55619,B,1280.8,10.6,1270.2,37.02,NULL,NULL,NULL,NULL,NULL,NULL
6295,2022-09-30 00:00:00,55742,B,927.16,570.56,356.6,53.49,NULL,NULL,NULL,NULL,NULL,NULL
6296,2022-09-30 00:00:00,55752,B,7239.6,4022,3217.6,1287.04,NULL,NULL,NULL,NULL,NULL,NULL
6297,2022-09-30 00:00:00,55734,B,3048,2139.2,908.8,136.32,NULL,NULL,NULL,NULL,NULL,NULL
6298,2022-09-30 00:00:00,55740,B,1700.8,1430,270.8,108.32,NULL,NULL,NULL,NULL,NULL,NULL
6299,2022-09-30 00:00:00,55721,B,5445.6,4367.36,1078.24,161.736,NULL,NULL,NULL,NULL,NULL,NULL
6300,2022-09-30 00:00:00,55739,B,3591.25,2265,1326.25,198.938,NULL,NULL,NULL,NULL,NULL,NULL
6302,2022-09-30 00:00:00,55659,B,11178,9603,1575,157.5,NULL,NULL,NULL,NULL,NULL,NULL
6303,2022-09-30 00:00:00,55675,B,8991.62,7382.52,1609.1,643.64,NULL,NULL,NULL,NULL,NULL,NULL
6304,2022-09-30 00:00:00,55731,B,5336,3685.16,1650.84,0,NULL,NULL,NULL,NULL,NULL,NULL
6305,2022-09-30 00:00:00,55651,B,1092.5,250,842.5,0,NULL,NULL,NULL,NULL,NULL,NULL
6307,2022-09-30 00:00:00,55727,B,1200,1050,150,0,NULL,NULL,NULL,NULL,NULL,NULL
6308,2022-10-03 00:00:00,55762,B,2660,1684.67,975.33,97.533,NULL,NULL,NULL,NULL,NULL,NULL
6309,2022-10-03 00:00:00,55582,B,3605,2009.97,1595.03,638.012,NULL,NULL,NULL,NULL,NULL,NULL
6310,2022-10-05 00:00:00,55769,B,5202,4051,1151,172.65,NULL,NULL,NULL,NULL,NULL,NULL
6311,2022-10-05 00:00:00,55663,B,732,0,732,0,NULL,NULL,NULL,NULL,NULL,NULL
6312,2022-10-05 00:00:00,55753,B,2244,2090,154,0,NULL,NULL,NULL,NULL,NULL,NULL
6313,2022-10-05 00:00:00,55754,B,1372,1150,222,0,NULL,NULL,NULL,NULL,NULL,NULL
6314,2022-10-06 00:00:00,55404,A,-27.5,0,-27.5,0,2086,S,-27.5,0,NULL,NULL
6315,2022-09-30 00:00:00,55710,B,4265.1,3581,684.1,0,NULL,NULL,NULL,NULL,NULL,NULL
6316,2022-08-24 00:00:00,55656,B,7200.9,7200.9,0,0,NULL,NULL,NULL,NULL,NULL,NULL
6317,2022-09-26 00:00:00,55656A,B,10251.5,7200.9,3050.6,0,NULL,NULL,NULL,NULL,NULL,NULL
6318,2022-08-22 00:00:00,55577,B,6279,4979.5,1299.5,129.95,NULL,NULL,NULL,NULL,NULL,NULL
6319,2022-10-06 00:00:00,55770,B,1976,1333.8,642.2,0,NULL,NULL,NULL,NULL,NULL,NULL
6320,2022-10-07 00:00:00,55201,A,0,8288,-8288,0,1482,P,8288,108524,NULL,NULL
6321,2022-09-26 00:00:00,55753INV,B,200,200,0,0,NULL,NULL,NULL,NULL,NULL,NULL
6322,2022-09-27 00:00:00,55754INV,B,1100,1100,0,0,NULL,NULL,NULL,NULL,NULL,NULL
6323,2022-10-10 00:00:00,55578,B,0,200,-200,0,NULL,NULL,NULL,NULL,NULL,NULL
6324,2022-10-10 00:00:00,55694,B,0,150,-150,0,NULL,NULL,NULL,NULL,NULL,NULL
6325,2022-10-10 00:00:00,55783,B,3920,2353.2,1566.8,235.02,NULL,NULL,NULL,NULL,NULL,NULL
6326,2022-10-10 00:00:00,55782,B,9615,8845.8,769.2,115.38,NULL,NULL,NULL,NULL,NULL,NULL
6327,2022-10-10 00:00:00,55756,B,1058.16,775,283.16,0,NULL,NULL,NULL,NULL,NULL,NULL
6328,2022-10-13 00:00:00,55779,B,2611.8,1890.7,721.1,108.165,NULL,NULL,NULL,NULL,NULL,NULL
6329,2022-10-13 00:00:00,55785,B,2862,2013,849,84.9,NULL,NULL,NULL,NULL,NULL,NULL
6332,2022-10-13 00:00:00,55791,B,7003.8,4918,2085.8,834.32,NULL,NULL,NULL,NULL,NULL,NULL
6333,2022-10-13 00:00:00,55777,B,2392,1896,496,198.4,NULL,NULL,NULL,NULL,NULL,NULL
6334,2022-10-13 00:00:00,55786,B,2426.4,1650,776.4,310.56,NULL,NULL,NULL,NULL,NULL,NULL
6335,2022-10-13 00:00:00,55825,B,1800,1575,225,0,NULL,NULL,NULL,NULL,NULL,NULL
6338,2022-10-14 00:00:00,55830,B,1200,1050,150,0,NULL,NULL,NULL,NULL,NULL,NULL
6339,2022-10-14 00:00:00,55743,B,2064,850,1214,0,NULL,NULL,NULL,NULL,NULL,NULL
6340,2022-10-14 00:00:00,55793,B,1626.4,1255,371.4,0,NULL,NULL,NULL,NULL,NULL,NULL
6341,2022-10-17 00:00:00,55716INV,B,287.12,287.12,0,0,NULL,NULL,NULL,NULL,NULL,NULL
6342,2022-10-17 00:00:00,55794,B,3490.56,2945.28,545.28,0,NULL,NULL,NULL,NULL,NULL,NULL
6343,2022-10-17 00:00:00,55776,B,9765,8951.25,813.75,0,NULL,NULL,NULL,NULL,NULL,NULL
6344,2022-10-17 00:00:00,55801,B,2064,1550,514,205.6,NULL,NULL,NULL,NULL,NULL,NULL
6346,2022-10-17 00:00:00,55765,B,2369.06,1509.12,859.94,128.991,NULL,NULL,NULL,NULL,NULL,NULL
6347,2022-10-17 00:00:00,55766,B,2390.98,1518.71,872.27,130.841,NULL,NULL,NULL,NULL,NULL,NULL
6348,2022-10-17 00:00:00,55809,B,9393.72,8496.8,896.92,89.692,NULL,NULL,NULL,NULL,NULL,NULL
6349,2022-10-17 00:00:00,55594INV,B,2325,2325,0,0,NULL,NULL,NULL,NULL,NULL,NULL
6350,2022-10-17 00:00:00,55631,B,148.05,-200,348.05,0,NULL,NULL,NULL,NULL,NULL,NULL
6351,2022-10-17 00:00:00,55715,B,67.08,-200,267.08,0,NULL,NULL,NULL,NULL,NULL,NULL
6352,2022-10-17 00:00:00,55771,B,33.27,-200,233.27,0,NULL,NULL,NULL,NULL,NULL,NULL
6353,2022-10-17 00:00:00,55631INV,B,200,200,0,0,NULL,NULL,NULL,NULL,NULL,NULL
6354,2022-10-17 00:00:00,55715INV,B,200,200,0,0,NULL,NULL,NULL,NULL,NULL,NULL
6355,2022-10-17 00:00:00,55771INV,B,200,200,0,0,NULL,NULL,NULL,NULL,NULL,NULL
6356,2022-10-17 00:00:00,55793INV,B,845,845,0,0,NULL,NULL,NULL,NULL,NULL,NULL
6357,2022-10-18 00:00:00,54933,A,-100,0,-100,0,1577,S,-100,0,NULL,NULL
6358,2022-10-13 00:00:00,55804,B,5451.6,3581.1,1870.5,0,NULL,NULL,NULL,NULL,NULL,NULL
6359,2022-10-17 00:00:00,55807,B,4760.8,2579.76,2181.04,0,NULL,NULL,NULL,NULL,NULL,NULL
6360,2022-10-13 00:00:00,55805,B,4197.9,2699.2,1498.7,0,NULL,NULL,NULL,NULL,NULL,NULL
6361,2022-10-20 00:00:00,55772,B,14899.23,14062.4,836.83,0,NULL,NULL,NULL,NULL,NULL,NULL
6362,2022-10-20 00:00:00,55824,B,9002.91,7469.16,1533.75,0,NULL,NULL,NULL,NULL,NULL,NULL
6363,2022-10-20 00:00:00,55828,B,817.81,485,332.81,33.281,NULL,NULL,NULL,NULL,NULL,NULL
6364,2022-10-20 00:00:00,55751,B,8637.2,6893.15,1744.05,0,NULL,NULL,NULL,NULL,NULL,NULL
6365,2022-10-20 00:00:00,55826,B,1942.4,1324.8,617.6,0,NULL,NULL,NULL,NULL,NULL,NULL
6366,2022-10-20 00:00:00,55800,B,1904,1473.5,430.5,172.2,NULL,NULL,NULL,NULL,NULL,NULL
6367,2022-10-20 00:00:00,55802,B,1846.4,2000,-153.6,0,NULL,NULL,NULL,NULL,NULL,NULL
6368,2022-10-20 00:00:00,55787,B,8860.8,7538.2,1322.6,132.26,NULL,NULL,NULL,NULL,NULL,NULL
6369,2022-10-20 00:00:00,55750,B,1050,450,600,0,NULL,NULL,NULL,NULL,NULL,NULL
6370,2022-10-20 00:00:00,55814,B,1418.58,816.69,601.89,0,NULL,NULL,NULL,NULL,NULL,NULL
6371,2022-10-24 00:00:00,55807,A,-1000,0,-1000,0,2316,S,-1000,0,NULL,NULL
6373,2022-09-27 00:00:00,55728,B,9857.75,8247.59,1610.16,0,NULL,NULL,NULL,NULL,NULL,NULL
6374,2022-10-25 00:00:00,55692,B,0,6944,-6944,0,NULL,NULL,NULL,NULL,NULL,NULL
6376,2022-09-01 00:00:00,54964,A,0,2450,-2450,0,2106,P,2450,108580,NULL,NULL
6377,2022-10-25 00:00:00,55619,A,-950,0,-950,0,1577,S,-950,0,NULL,NULL
6378,2022-10-25 00:00:00,55827,B,9133.5,8372.37,761.13,0,NULL,NULL,NULL,NULL,NULL,NULL
6379,2022-10-25 00:00:00,55799,B,1369.05,547.62,821.43,123.215,NULL,NULL,NULL,NULL,NULL,NULL
6380,2022-10-25 00:00:00,55748,B,6191.4,4970.4,1221,122.1,NULL,NULL,NULL,NULL,NULL,NULL
6381,2022-10-27 00:00:00,55759,B,9490.5,7170.6,2319.9,347.985,NULL,NULL,NULL,NULL,NULL,NULL
6382,2022-10-27 00:00:00,55760,B,8770.5,6626.6,2143.9,321.585,NULL,NULL,NULL,NULL,NULL,NULL
6384,2022-10-28 00:00:00,55780,B,10435,10017.6,417.4,0,NULL,NULL,NULL,NULL,NULL,NULL
6385,2022-10-28 00:00:00,55829,B,9128.7,5967.8,3160.9,1264.36,NULL,NULL,NULL,NULL,NULL,NULL
6386,2022-10-28 00:00:00,55869,B,1225.61,465,760.61,76.061,NULL,NULL,NULL,NULL,NULL,NULL
6387,2022-10-31 00:00:00,55784,B,11669.61,10645.96,1023.65,0,NULL,NULL,NULL,NULL,NULL,NULL
6388,2022-10-31 00:00:00,55775,B,5356.8,3755.2,1601.6,640.64,NULL,NULL,NULL,NULL,NULL,NULL
6389,2022-10-31 00:00:00,55741,B,8792.49,6699.04,2093.45,314.018,NULL,NULL,NULL,NULL,NULL,NULL
6390,2022-10-31 00:00:00,55724,B,10823.7,7594.22,3229.48,0,NULL,NULL,NULL,NULL,NULL,NULL
6391,2022-10-31 00:00:00,55749,B,6711.6,5337.6,1374,137.4,NULL,NULL,NULL,NULL,NULL,NULL
6393,2022-11-01 00:00:00,55898INV,B,1200,1200,0,0,NULL,NULL,NULL,NULL,NULL,NULL
6395,2022-11-02 00:00:00,55891,B,2424,1800,624,249.6,NULL,NULL,NULL,NULL,NULL,NULL
6396,2022-11-02 00:00:00,55863,B,1362.4,1071.05,291.35,0,NULL,NULL,NULL,NULL,NULL,NULL
6397,2022-11-02 00:00:00,55873,B,2804,2381.4,422.6,63.39,NULL,NULL,NULL,NULL,NULL,NULL
6398,2022-11-02 00:00:00,55763,B,2003.19,1372.76,630.43,94.565,NULL,NULL,NULL,NULL,NULL,NULL
6399,2022-11-02 00:00:00,55764,B,2035.35,1536.83,498.52,74.778,NULL,NULL,NULL,NULL,NULL,NULL
6400,2022-11-02 00:00:00,55767,B,2373.86,1661.22,712.64,106.896,NULL,NULL,NULL,NULL,NULL,NULL
6402,2022-11-02 00:00:00,55714,B,486.6,162.2,324.4,129.76,NULL,NULL,NULL,NULL,NULL,NULL
6403,2022-11-02 00:00:00,55815,B,2570.4,1350,1220.4,0,NULL,NULL,NULL,NULL,NULL,NULL
6404,2022-11-02 00:00:00,55859,B,5011.2,3403.52,1607.68,241.152,NULL,NULL,NULL,NULL,NULL,NULL
6405,2022-11-02 00:00:00,55870,B,950.06,465,485.06,48.506,NULL,NULL,NULL,NULL,NULL,NULL
6406,2022-11-02 00:00:00,55871,B,1364.77,315,1049.77,104.977,NULL,NULL,NULL,NULL,NULL,NULL
6407,2022-11-02 00:00:00,55768,B,1656.1,1047.2,608.9,91.335,NULL,NULL,NULL,NULL,NULL,NULL
6409,2022-11-03 00:00:00,55862,B,2688,1645,1043,417.2,NULL,NULL,NULL,NULL,NULL,NULL
6410,2022-11-03 00:00:00,55803,B,2696,1640,1056,422.4,NULL,NULL,NULL,NULL,NULL,NULL
6411,2022-11-03 00:00:00,55864,B,9658,7927.2,1730.8,0,NULL,NULL,NULL,NULL,NULL,NULL
6412,2022-11-03 00:00:00,55861,B,13922.3,7741.3,6181,0,NULL,NULL,NULL,NULL,NULL,NULL
6414,2022-11-03 00:00:00,55857,B,2179.74,1678.88,500.86,75.129,NULL,NULL,NULL,NULL,NULL,NULL
6415,2022-11-03 00:00:00,55831,B,1968.14,1445.92,522.22,0,NULL,NULL,NULL,NULL,NULL,NULL
6416,2022-11-03 00:00:00,55868,B,2003.2,1401,602.2,240.88,NULL,NULL,NULL,NULL,NULL,NULL
6417,2022-11-07 00:00:00,55878,B,2916,1814.2,1101.8,0,NULL,NULL,NULL,NULL,NULL,NULL
6418,2022-11-07 00:00:00,55892,B,3832,2582.64,1249.36,0,NULL,NULL,NULL,NULL,NULL,NULL
6419,2022-11-07 00:00:00,55882,B,2602,1675.7,926.3,138.945,NULL,NULL,NULL,NULL,NULL,NULL
6420,2022-11-07 00:00:00,55887,B,10996.2,9896.58,1099.62,439.848,NULL,NULL,NULL,NULL,NULL,NULL
6421,2022-11-03 00:00:00,55795,B,7622.19,3807.03,3815.16,0,NULL,NULL,NULL,NULL,NULL,NULL
6422,2022-11-02 00:00:00,55797,B,0,271.47,-271.47,0,NULL,NULL,NULL,NULL,NULL,NULL
6423,2022-11-08 00:00:00,55884,B,3364.16,2470.55,893.61,0,NULL,NULL,NULL,NULL,NULL,NULL
6424,2022-11-08 00:00:00,55798,B,910.54,1620.6,-710.06,-156.509,NULL,NULL,NULL,NULL,NULL,NULL
6425,2022-11-08 00:00:00,55819,B,864.05,1618.43,-754.38,-113.157,NULL,NULL,NULL,NULL,NULL,NULL
6426,2022-11-08 00:00:00,55832,B,1137,1156.32,-19.32,-2.898,NULL,NULL,NULL,NULL,NULL,NULL
6427,2022-11-08 00:00:00,55747,B,6259.4,5018.4,1241,124.1,NULL,NULL,NULL,NULL,NULL,NULL
6428,2022-10-28 00:00:00,55681,B,1227.44,915.88,311.56,0,NULL,NULL,NULL,NULL,NULL,NULL
6429,NULL,55188,A,0,100.75,-100.75,0,1975,P,100.75,0,NULL,NULL
6430,2022-11-09 00:00:00,55885,B,3464,2196,1268,190.2,NULL,NULL,NULL,NULL,NULL,NULL
6431,2022-11-09 00:00:00,55879,B,9036.4,7492.8,1543.6,0,NULL,NULL,NULL,NULL,NULL,NULL
6432,2022-11-09 00:00:00,55874,B,7481.27,6559.16,922.11,138.317,NULL,NULL,NULL,NULL,NULL,NULL
6433,2022-11-09 00:00:00,55880,B,1945,1350,595,238,NULL,NULL,NULL,NULL,NULL,NULL
6434,2022-11-09 00:00:00,55881,B,1979,900,1079,431.6,NULL,NULL,NULL,NULL,NULL,NULL
6435,2022-11-09 00:00:00,55916,B,4284,2441.6,1842.4,0,NULL,NULL,NULL,NULL,NULL,NULL
6436,2022-11-09 00:00:00,55872,B,1318.01,315,1003.01,100.301,NULL,NULL,NULL,NULL,NULL,NULL
6437,2022-11-10 00:00:00,55913,B,7135.2,3964,3171.2,1268.48,NULL,NULL,NULL,NULL,NULL,NULL
6438,2022-11-10 00:00:00,55856,B,107.7,0,107.7,0,NULL,NULL,NULL,NULL,NULL,NULL
6439,2022-11-10 00:00:00,55761,B,4199,3370.5,828.5,0,NULL,NULL,NULL,NULL,NULL,NULL
6440,2022-11-11 00:00:00,55100,B,0,0,0,0,NULL,NULL,NULL,NULL,NULL,NULL
6443,2022-11-14 00:00:00,55718,B,5059.2,3675.41,1383.79,553.516,NULL,NULL,NULL,NULL,NULL,NULL
6444,2022-11-14 00:00:00,55789,B,8714.16,7360.62,1353.54,0,NULL,NULL,NULL,NULL,NULL,NULL
6445,2022-11-14 00:00:00,55796,B,0,299.87,-299.87,-119.948,NULL,NULL,NULL,NULL,NULL,NULL
6446,2022-11-15 00:00:00,55868INV,B,200,200,0,0,NULL,NULL,NULL,NULL,NULL,NULL
6449,2022-11-15 00:00:00,55903,B,2796,1675,1121,448.4,NULL,NULL,NULL,NULL,NULL,NULL
6450,2022-11-15 00:00:00,55683,B,5388.8,4778.4,610.4,0,NULL,NULL,NULL,NULL,NULL,NULL
6451,2022-11-15 00:00:00,55889,B,2719,1750,969,387.6,NULL,NULL,NULL,NULL,NULL,NULL
6452,2022-11-15 00:00:00,55865,B,5961.54,3897.93,2063.61,0,NULL,NULL,NULL,NULL,NULL,NULL
6453,2022-11-16 00:00:00,55883,B,3528,2625.8,902.2,360.88,NULL,NULL,NULL,NULL,NULL,NULL
6454,2022-09-12 00:00:00,55719,B,1312.75,1312.75,0,0,NULL,NULL,NULL,NULL,NULL,NULL
6455,2022-11-16 00:00:00,55929,B,421.6,421.6,0,0,NULL,NULL,NULL,NULL,NULL,NULL
6457,2022-11-17 00:00:00,55926,B,3432,1764.8,1667.2,0,NULL,NULL,NULL,NULL,NULL,NULL
6458,2022-10-25 00:00:00,55806,B,0,2860.15,-2860.15,0,NULL,NULL,NULL,NULL,NULL,NULL
6459,2022-11-17 00:00:00,55905,B,6009,4826.4,1182.6,473.04,NULL,NULL,NULL,NULL,NULL,NULL
6461,2022-11-17 00:00:00,55910,B,2336,947.79,1388.21,555.284,NULL,NULL,NULL,NULL,NULL,NULL
6462,2022-11-17 00:00:00,55907,B,2080,1350,730,292,NULL,NULL,NULL,NULL,NULL,NULL
6463,2022-11-17 00:00:00,55908,B,1943,1176,767,0,NULL,NULL,NULL,NULL,NULL,NULL
6464,2022-09-30 00:00:00,55704,B,-3875,-3875,0,0,NULL,NULL,NULL,NULL,NULL,NULL
6465,2022-11-18 00:00:00,55704INV,B,3875,3875,0,0,NULL,NULL,NULL,NULL,NULL,NULL
6466,2022-11-01 00:00:00,55898,B,0,-1200,1200,0,NULL,NULL,NULL,NULL,NULL,NULL
6468,2022-11-17 00:00:00,55914,B,5660,4967.89,692.11,103.817,NULL,NULL,NULL,NULL,NULL,NULL
6470,2022-11-23 00:00:00,55866,B,0,425.11,-425.11,0,NULL,NULL,NULL,NULL,NULL,NULL
6471,2022-11-24 00:00:00,55934,B,24786,22589,2197,878.8,NULL,NULL,NULL,NULL,NULL,NULL
6472,2022-11-24 00:00:00,55922,B,7088.08,6513.21,574.87,0,NULL,NULL,NULL,NULL,NULL,NULL
6473,2022-11-24 00:00:00,55893,B,6344.1,5788.8,555.3,0,NULL,NULL,NULL,NULL,NULL,NULL
6475,2022-11-24 00:00:00,55920,B,2060,1621.08,438.92,175.568,NULL,NULL,NULL,NULL,NULL,NULL
6476,2022-11-24 00:00:00,55737,B,0,0,0,0,NULL,NULL,NULL,NULL,NULL,NULL
6477,2022-11-24 00:00:00,55930,B,1411.2,1397.63,13.57,-47.965,NULL,NULL,NULL,NULL,NULL,NULL
6478,2022-11-24 00:00:00,55904,B,1812.6,1173.78,638.82,0,NULL,NULL,NULL,NULL,NULL,NULL
6479,2022-11-24 00:00:00,55896,B,1500,1312.5,187.5,0,NULL,NULL,NULL,NULL,NULL,NULL
6480,2022-11-24 00:00:00,55931,B,1800,1575,225,0,NULL,NULL,NULL,NULL,NULL,NULL
6481,2022-11-24 00:00:00,55917,B,8937.64,7015.63,1922.01,0,NULL,NULL,NULL,NULL,NULL,NULL
6482,2022-11-24 00:00:00,55939,B,5400,4200,1200,120,NULL,NULL,NULL,NULL,NULL,NULL
6483,2022-11-24 00:00:00,55938,B,3395.6,2865.31,530.29,0,NULL,NULL,NULL,NULL,NULL,NULL
6484,2022-11-24 00:00:00,55963,B,5920,3660,2260,904,NULL,NULL,NULL,NULL,NULL,NULL
6485,2022-11-24 00:00:00,55927,B,2025,685,1340,0,NULL,NULL,NULL,NULL,NULL,NULL
6489,2022-11-28 00:00:00,55933,B,7834.41,5940.18,1894.23,284.135,NULL,NULL,NULL,NULL,NULL,NULL
6490,2022-11-28 00:00:00,55915,B,2613.6,1960.2,653.4,0,NULL,NULL,NULL,NULL,NULL,NULL
6491,2022-11-28 00:00:00,55923,B,5889,4704,1185,474,NULL,NULL,NULL,NULL,NULL,NULL
6492,2022-11-28 00:00:00,55875,B,7347.2,6467.6,879.6,131.94,NULL,NULL,NULL,NULL,NULL,NULL
6493,2022-11-28 00:00:00,55877,B,1425.6,645,780.6,312.24,NULL,NULL,NULL,NULL,NULL,NULL
6494,2022-11-29 00:00:00,55188,A,0,30,-30,0,1975,P,30,108743,NULL,NULL
6503,2022-11-30 00:00:00,55761,A,-500.46,0,-500.46,0,2137,S,-500.46,0,NULL,NULL
6504,2022-12-01 00:00:00,55952,B,12120,10771.65,1348.35,539.34,NULL,NULL,NULL,NULL,NULL,NULL
6505,2022-12-01 00:00:00,55909,B,7168,2716,4452,0,NULL,NULL,NULL,NULL,NULL,NULL
6506,2022-12-01 00:00:00,55961,B,3916,1175,2741,411.15,NULL,NULL,NULL,NULL,NULL,NULL
6507,2022-12-01 00:00:00,55925,B,2832,1783.2,1048.8,419.52,NULL,NULL,NULL,NULL,NULL,NULL
6508,2022-12-01 00:00:00,55940,B,5196,4064,1132,113.2,NULL,NULL,NULL,NULL,NULL,NULL
6509,2022-12-01 00:00:00,55947,B,865.1,465,400.1,40.01,NULL,NULL,NULL,NULL,NULL,NULL
6510,2022-12-01 00:00:00,55950,B,1917.6,1088.4,829.2,0,NULL,NULL,NULL,NULL,NULL,NULL
6511,2022-12-02 00:00:00,55902,B,1988,1422.25,565.75,0,NULL,NULL,NULL,NULL,NULL,NULL
6512,2022-12-02 00:00:00,55823,B,-892.8,1050,-1942.8,0,NULL,NULL,NULL,NULL,NULL,NULL
6513,2022-12-02 00:00:00,55942,B,8057.8,5378.1,2679.7,1071.88,NULL,NULL,NULL,NULL,NULL,NULL
6514,2022-11-16 00:00:00,55929,A,0,0.8,-0.8,0,1428,P,0.8,108789,NULL,NULL
6515,2022-12-05 00:00:00,55953,B,13865.94,10759.32,3106.62,1242.648,NULL,NULL,NULL,NULL,NULL,NULL
6516,2022-12-05 00:00:00,55918,B,3152,1825,1327,530.8,NULL,NULL,NULL,NULL,NULL,NULL
6530,2022-10-27 00:00:00,55840,B,0,0,0,0,NULL,NULL,NULL,NULL,NULL,NULL
6531,2022-10-31 00:00:00,55841,B,0,0,0,0,NULL,NULL,NULL,NULL,NULL,NULL
6532,2022-11-03 00:00:00,55842,B,0,0,0,0,NULL,NULL,NULL,NULL,NULL,NULL
6533,2022-11-10 00:00:00,55851,B,0,0,0,0,NULL,NULL,NULL,NULL,NULL,NULL
6534,2022-11-10 00:00:00,55850,B,0,0,0,0,NULL,NULL,NULL,NULL,NULL,NULL
6535,2022-11-09 00:00:00,55849,B,0,0,0,0,NULL,NULL,NULL,NULL,NULL,NULL
6536,2022-11-09 00:00:00,55848,B,0,0,0,0,NULL,NULL,NULL,NULL,NULL,NULL
6537,2022-11-03 00:00:00,55843,B,0,0,0,0,NULL,NULL,NULL,NULL,NULL,NULL
6538,2022-11-08 00:00:00,55847,B,0,0,0,0,NULL,NULL,NULL,NULL,NULL,NULL
6539,2022-11-08 00:00:00,55846,B,0,0,0,0,NULL,NULL,NULL,NULL,NULL,NULL
6540,2022-11-07 00:00:00,55844,B,0,0,0,0,NULL,NULL,NULL,NULL,NULL,NULL
6541,2022-11-07 00:00:00,55845,B,0,0,0,0,NULL,NULL,NULL,NULL,NULL,NULL
6542,2022-12-06 00:00:00,PO8142FRT,B,13850,13850,0,0,NULL,NULL,NULL,NULL,NULL,NULL
6544,2022-12-06 00:00:00,55951,B,5403.15,4022,1381.15,0,NULL,NULL,NULL,NULL,NULL,NULL
6545,2022-12-06 00:00:00,55958,B,6684.4,5411.8,1272.6,190.89,NULL,NULL,NULL,NULL,NULL,NULL
6546,2022-12-06 00:00:00,55906,B,4586.69,3541.67,1045.02,418.008,NULL,NULL,NULL,NULL,NULL,NULL
6547,2022-12-06 00:00:00,55867,B,8191.8,6963.03,1228.77,491.508,NULL,NULL,NULL,NULL,NULL,NULL
6548,2022-12-06 00:00:00,55928,B,6880,6020,860,129,NULL,NULL,NULL,NULL,NULL,NULL
6549,2022-12-06 00:00:00,55948,B,1138.41,465,673.41,67.341,NULL,NULL,NULL,NULL,NULL,NULL
6550,2022-12-08 00:00:00,55924,B,3352,2002.8,1349.2,0,NULL,NULL,NULL,NULL,NULL,NULL
6551,2022-12-09 00:00:00,55966,B,8588.07,6102.16,2485.91,994.364,NULL,NULL,NULL,NULL,NULL,NULL
6552,2022-12-12 00:00:00,55911,B,2404,1815,589,235.6,NULL,NULL,NULL,NULL,NULL,NULL
6553,2022-12-12 00:00:00,55919,B,5100,2270,2830,424.5,NULL,NULL,NULL,NULL,NULL,NULL
6554,2022-12-12 00:00:00,55888,B,2961.4,2224.6,736.8,294.72,NULL,NULL,NULL,NULL,NULL,NULL
6555,2022-12-12 00:00:00,55941,B,1881.5,1434.83,446.67,0,NULL,NULL,NULL,NULL,NULL,NULL
6556,2022-12-12 00:00:00,55946,B,-216.85,850,-1066.85,0,NULL,NULL,NULL,NULL,NULL,NULL
6557,2022-12-13 00:00:00,55985,B,2045,1228.8,816.2,0,NULL,NULL,NULL,NULL,NULL,NULL
6558,2022-12-13 00:00:00,55970,B,4216.8,3584.16,632.64,0,NULL,NULL,NULL,NULL,NULL,NULL
6559,2022-12-13 00:00:00,55976,B,3597.5,2130.1,1467.4,220.11,NULL,NULL,NULL,NULL,NULL,NULL
6560,2022-12-01 00:00:00,55188,A,0,161.2,-161.2,0,1975,P,161.2,108829,NULL,NULL
6561,2022-12-06 00:00:00,55932,B,8182.09,6861.15,1320.94,0,NULL,NULL,NULL,NULL,NULL,NULL
6562,2022-12-14 00:00:00,55936,B,8263.67,6927.3,1336.37,0,NULL,NULL,NULL,NULL,NULL,NULL
6563,2022-12-14 00:00:00,55937,B,5563.08,4709.25,853.83,0,NULL,NULL,NULL,NULL,NULL,NULL
6564,2022-12-14 00:00:00,56001,B,8012.22,6072.2,1940.02,776.008,NULL,NULL,NULL,NULL,NULL,NULL
6565,2022-12-14 00:00:00,55974,B,8737.72,6838.4,1899.32,0,NULL,NULL,NULL,NULL,NULL,NULL
6566,2022-12-14 00:00:00,55971,B,4615,3315,1300,130,NULL,NULL,NULL,NULL,NULL,NULL
6567,2022-12-14 00:00:00,56010,B,429.14,140.03,289.11,28.911,NULL,NULL,NULL,NULL,NULL,NULL
6568,2022-12-14 00:00:00,56011,B,589.21,400.29,188.92,18.892,NULL,NULL,NULL,NULL,NULL,NULL
6569,2022-11-21 00:00:00,55843,A,0,150,-150,0,1177,P,150,109451,NULL,NULL
6570,2022-11-29 00:00:00,55816,B,5006.4,3754.8,1251.6,42.26,NULL,NULL,NULL,NULL,NULL,NULL
6571,2022-12-16 00:00:00,56017,B,1532.69,1450,82.69,12.404,NULL,NULL,NULL,NULL,NULL,NULL
6572,2022-12-16 00:00:00,55968,B,1828.8,1250,578.8,0,NULL,NULL,NULL,NULL,NULL,NULL
6573,2022-12-16 00:00:00,56013,B,5809.95,4647.96,1161.99,121.131,NULL,NULL,NULL,NULL,NULL,NULL
6574,2022-12-16 00:00:00,55990,B,538.8,179.6,359.2,0,NULL,NULL,NULL,NULL,NULL,NULL
6575,2022-12-16 00:00:00,56003,B,812.94,270.98,541.96,0,NULL,NULL,NULL,NULL,NULL,NULL
6576,2022-12-16 00:00:00,56002,B,823.89,274.63,549.26,0,NULL,NULL,NULL,NULL,NULL,NULL
6577,2022-12-16 00:00:00,55989,B,862.23,287.41,574.82,0,NULL,NULL,NULL,NULL,NULL,NULL
6578,2022-12-16 00:00:00,55988,B,1456.1,1164.88,291.22,0,NULL,NULL,NULL,NULL,NULL,NULL
6580,2022-12-16 00:00:00,55987,B,1578.6,1262.88,315.72,0,NULL,NULL,NULL,NULL,NULL,NULL
6581,2022-12-16 00:00:00,55981,B,10536.5,9726,810.5,0,NULL,NULL,NULL,NULL,NULL,NULL
6583,2022-12-16 00:00:00,55994,B,7167.3,4363,2804.3,1121.72,NULL,NULL,NULL,NULL,NULL,NULL
6584,2022-12-16 00:00:00,55954,B,6233.24,4075.58,2157.66,0,NULL,NULL,NULL,NULL,NULL,NULL
6585,2022-12-16 00:00:00,55949,B,2560,1364.4,1195.6,0,NULL,NULL,NULL,NULL,NULL,NULL
6588,2022-12-20 00:00:00,55957,B,7395,6190,1205,180.75,NULL,NULL,NULL,NULL,NULL,NULL
6590,2022-12-20 00:00:00,55912,B,1652.32,826.16,826.16,82.616,NULL,NULL,NULL,NULL,NULL,NULL
6591,2022-12-20 00:00:00,55972,B,5155.8,3647.8,1508,150.8,NULL,NULL,NULL,NULL,NULL,NULL
6592,2022-12-21 00:00:00,56016,B,4370.1,3959.6,410.5,0,NULL,NULL,NULL,NULL,NULL,NULL
6593,2022-12-20 00:00:00,55993,B,258.68,0,258.68,0,NULL,NULL,NULL,NULL,NULL,NULL
6594,2022-12-22 00:00:00,55967,B,2232,1250,982,0,NULL,NULL,NULL,NULL,NULL,NULL
6595,2022-12-22 00:00:00,56022,B,4382.4,3788.95,593.45,0,NULL,NULL,NULL,NULL,NULL,NULL
6596,2022-12-22 00:00:00,55969,B,1061.6,530.8,530.8,79.62,NULL,NULL,NULL,NULL,NULL,NULL
6597,2022-12-22 00:00:00,56032,B,258.53,0,258.53,0,NULL,NULL,NULL,NULL,NULL,NULL
6598,2022-12-22 00:00:00,56040,B,258.53,0,258.53,0,NULL,NULL,NULL,NULL,NULL,NULL
6599,2022-12-22 00:00:00,56041,B,258.53,0,258.53,0,NULL,NULL,NULL,NULL,NULL,NULL
6600,2022-12-22 00:00:00,55973,B,4759.56,3403.96,1355.6,135.56,NULL,NULL,NULL,NULL,NULL,NULL
6602,2022-12-23 00:00:00,56056INV,B,2200,2200,0,0,NULL,NULL,NULL,NULL,NULL,NULL
6603,2022-11-18 00:00:00,55890,B,5300,5300,0,0,NULL,NULL,NULL,NULL,NULL,NULL
6604,2022-12-27 00:00:00,56000,B,4655.88,3491.91,1163.97,0,NULL,NULL,NULL,NULL,NULL,NULL
6605,2022-12-27 00:00:00,55921,B,8296.59,7902.3,394.29,0,NULL,NULL,NULL,NULL,NULL,NULL
6606,2022-12-27 00:00:00,55964,B,6168,5216,952,142.8,NULL,NULL,NULL,NULL,NULL,NULL
6608,2022-12-23 00:00:00,56056,B,0,-2200,2200,0,NULL,NULL,NULL,NULL,NULL,NULL
6609,2022-12-30 00:00:00,55955,B,6885.13,6152.04,733.09,109.964,NULL,NULL,NULL,NULL,NULL,NULL
6610,2022-12-30 00:00:00,55991,B,7856.42,6602.12,1254.3,188.145,NULL,NULL,NULL,NULL,NULL,NULL
6611,2022-12-30 00:00:00,56012,B,2086.24,1852.18,234.06,0,NULL,NULL,NULL,NULL,NULL,NULL
6612,2022-12-30 00:00:00,55945,B,3620,2606.4,1013.6,152.04,NULL,NULL,NULL,NULL,NULL,NULL
6613,2022-12-30 00:00:00,56034,B,1027.7,561.68,466.02,0,NULL,NULL,NULL,NULL,NULL,NULL
6614,2022-12-30 00:00:00,56030,B,1073.6,855.8,217.8,0,NULL,NULL,NULL,NULL,NULL,NULL
6615,2022-12-30 00:00:00,56058,B,99,0,99,0,NULL,NULL,NULL,NULL,NULL,NULL
6616,2022-12-30 00:00:00,56019,B,710.13,400.5,309.63,30.963,NULL,NULL,NULL,NULL,NULL,NULL
6617,2022-12-30 00:00:00,56048,B,739.57,450,289.57,28.957,NULL,NULL,NULL,NULL,NULL,NULL
6618,2022-12-29 00:00:00,55984,B,506.77,618.28,-111.51,0,NULL,NULL,NULL,NULL,NULL,NULL
6619,2023-01-03 00:00:00,56062,B,102,0,102,0,NULL,NULL,NULL,NULL,NULL,NULL
6620,2023-01-04 00:00:00,55983,B,857.25,996.33,-139.08,0,NULL,NULL,NULL,NULL,NULL,NULL
6621,2023-01-04 00:00:00,56065,B,146,0,146,0,NULL,NULL,NULL,NULL,NULL,NULL
6622,2023-01-05 00:00:00,56013,A,-354.45,0,-354.45,0,1577,S,-354.45,0,NULL,NULL
6623,2023-08-22 00:00:00,56013,A,0,-283.56,283.56,0,1941,P,-283.56,109876,NULL,NULL
6624,2023-01-05 00:00:00,55956,B,0,2993.38,-2993.38,0,NULL,NULL,NULL,NULL,NULL,NULL
6625,2023-01-06 00:00:00,56020,B,1281.6,1500,-218.4,-87.36,NULL,NULL,NULL,NULL,NULL,NULL
6626,2023-01-11 00:00:00,55876,B,1166.4,897.23,269.17,107.668,NULL,NULL,NULL,NULL,NULL,NULL
6627,2023-01-11 00:00:00,56052,B,2136,1265,871,348.4,NULL,NULL,NULL,NULL,NULL,NULL
6628,2023-01-13 00:00:00,56023,B,6834,5392,1442,216.3,NULL,NULL,NULL,NULL,NULL,NULL
6630,2023-01-13 00:00:00,55965,B,6075,5150,925,138.75,NULL,NULL,NULL,NULL,NULL,NULL
6631,2023-01-13 00:00:00,56042,B,4903.6,3467.6,1436,143.6,NULL,NULL,NULL,NULL,NULL,NULL
6632,2023-01-13 00:00:00,56038,B,4911.4,3472.4,1439,143.9,NULL,NULL,NULL,NULL,NULL,NULL
6633,2023-01-13 00:00:00,56069,B,-164.34,0,-164.34,0,NULL,NULL,NULL,NULL,NULL,NULL
6634,2023-01-13 00:00:00,56074,B,158.8,0,158.8,0,NULL,NULL,NULL,NULL,NULL,NULL
6635,2022-12-02 00:00:00,55986,A,0,-156,156,0,2046,P,-156,109800,NULL,NULL
6636,2022-12-16 00:00:00,55986,B,1381,1260.8,120.2,0,NULL,NULL,NULL,NULL,NULL,NULL
6637,2023-01-17 00:00:00,56039,B,-2524,-1262,-1262,-504.8,NULL,NULL,NULL,NULL,NULL,NULL
6638,2023-01-17 00:00:00,56072,B,972.57,470,502.57,75.386,NULL,NULL,NULL,NULL,NULL,NULL
6640,2023-01-20 00:00:00,56077,B,5030.4,3022,2008.4,301.26,NULL,NULL,NULL,NULL,NULL,NULL
6641,2023-01-20 00:00:00,55860,B,0,2614.73,-2614.73,0,NULL,NULL,NULL,NULL,NULL,NULL
6642,2023-01-20 00:00:00,56081,B,1384.8,800,584.8,233.92,NULL,NULL,NULL,NULL,NULL,NULL
6643,2023-01-20 00:00:00,56070,B,879.84,1600,-720.16,-288.064,NULL,NULL,NULL,NULL,NULL,NULL
6644,2023-01-20 00:00:00,56064,B,4682.4,3334.8,1347.6,202.14,NULL,NULL,NULL,NULL,NULL,NULL
6645,2023-01-20 00:00:00,56045,B,651.44,412.96,238.48,0,NULL,NULL,NULL,NULL,NULL,NULL
6646,2023-01-20 00:00:00,56073,B,1150.28,470,680.28,102.042,NULL,NULL,NULL,NULL,NULL,NULL
6647,2023-01-20 00:00:00,56083,B,1165.92,470,695.92,104.388,NULL,NULL,NULL,NULL,NULL,NULL
6649,2023-01-23 00:00:00,56086,B,3317.04,2735.28,581.76,0,NULL,NULL,NULL,NULL,NULL,NULL
6650,2023-01-23 00:00:00,56043,B,5036.2,3699.2,1337,133.7,NULL,NULL,NULL,NULL,NULL,NULL
6651,2023-01-23 00:00:00,56104,B,2131.2,1116,1015.2,0,NULL,NULL,NULL,NULL,NULL,NULL
6652,2023-01-24 00:00:00,56121,B,4461.6,3702.6,759,113.85,NULL,NULL,NULL,NULL,NULL,NULL
6654,2023-01-25 00:00:00,55816,A,-829,0,-829,0,2316,S,-829,0,NULL,NULL
6656,2022-12-28 00:00:00,56021,B,7975,7337,638,0,NULL,NULL,NULL,NULL,NULL,NULL
6657,2023-01-27 00:00:00,56126,B,0,-2000,2000,200,NULL,NULL,NULL,NULL,NULL,NULL
6658,2023-01-27 00:00:00,56135,B,0,-2200,2200,0,NULL,NULL,NULL,NULL,NULL,NULL
6659,2023-01-27 00:00:00,56111,B,2210,1109.5,1100.5,165.075,NULL,NULL,NULL,NULL,NULL,NULL
6660,2023-01-27 00:00:00,56076,B,1440,1156.29,283.71,0,NULL,NULL,NULL,NULL,NULL,NULL
6661,2023-01-27 00:00:00,56059,B,391,328.44,62.56,0,NULL,NULL,NULL,NULL,NULL,NULL
6662,2023-01-27 00:00:00,56112,B,7945.2,6317,1628.2,0,NULL,NULL,NULL,NULL,NULL,NULL
6663,2023-01-27 00:00:00,56087,B,3346.16,2697.12,649.04,0,NULL,NULL,NULL,NULL,NULL,NULL
6664,2023-01-27 00:00:00,56055,B,20224.32,18336,1888.32,50,NULL,NULL,NULL,NULL,NULL,NULL
6669,2023-01-27 00:00:00,56106,B,6339,4226,2113,316.95,NULL,NULL,NULL,NULL,NULL,NULL
6670,2023-01-27 00:00:00,56107,B,1920,960.01,959.99,143.999,NULL,NULL,NULL,NULL,NULL,NULL
6671,2023-01-27 00:00:00,56102,B,1735.2,1039,696.2,278.48,NULL,NULL,NULL,NULL,NULL,NULL
6672,2023-01-27 00:00:00,56071,B,5190,2590,2600,390,NULL,NULL,NULL,NULL,NULL,NULL
6673,2023-01-27 00:00:00,56044,B,5441.8,3948.8,1493,149.3,NULL,NULL,NULL,NULL,NULL,NULL
6674,2023-01-27 00:00:00,56109,B,70.8,0,70.8,0,NULL,NULL,NULL,NULL,NULL,NULL
6675,2023-01-27 00:00:00,56084,B,1224.91,470,754.91,113.237,NULL,NULL,NULL,NULL,NULL,NULL
6676,2023-01-30 00:00:00,56005,B,864.39,288.13,576.26,0,NULL,NULL,NULL,NULL,NULL,NULL
6677,2023-01-31 00:00:00,56004,B,1331,266.2,1064.8,0,NULL,NULL,NULL,NULL,NULL,NULL
6678,2023-01-31 00:00:00,56122,B,1316.16,1258.04,58.12,0,NULL,NULL,NULL,NULL,NULL,NULL
6679,2023-02-01 00:00:00,56113,B,7470,6311.06,1158.94,0,NULL,NULL,NULL,NULL,NULL,NULL
6680,2023-02-01 00:00:00,56028,B,8524.31,6447.3,2077.01,311.552,NULL,NULL,NULL,NULL,NULL,NULL
6681,2023-02-01 00:00:00,55982,B,10488.4,9681.6,806.8,0,NULL,NULL,NULL,NULL,NULL,NULL
6682,2023-02-01 00:00:00,56075,B,1891.2,1585,306.2,122.48,NULL,NULL,NULL,NULL,NULL,NULL
6683,2023-02-01 00:00:00,56053,B,6989.76,5436.48,1553.28,621.312,NULL,NULL,NULL,NULL,NULL,NULL
6684,2023-02-01 00:00:00,56108,B,4822.08,4037.42,784.66,313.864,NULL,NULL,NULL,NULL,NULL,NULL
6685,2023-02-01 00:00:00,56079,B,1155.6,1400,-244.4,0,NULL,NULL,NULL,NULL,NULL,NULL
6687,2023-01-23 00:00:00,56066,B,1401.09,1475,-73.91,0,NULL,NULL,NULL,NULL,NULL,NULL
6688,2023-01-25 00:00:00,56080,B,7466.25,6492.15,974.1,0,NULL,NULL,NULL,NULL,NULL,NULL
6689,2023-02-02 00:00:00,56102INV,B,250,250,0,0,NULL,NULL,NULL,NULL,NULL,NULL
6690,2023-02-02 00:00:00,56129,B,3482,2054.38,1427.62,0,NULL,NULL,NULL,NULL,NULL,NULL
6691,2023-02-03 00:00:00,56134,B,13926.9,13418.1,508.8,0,NULL,NULL,NULL,NULL,NULL,NULL
6692,2023-02-03 00:00:00,56085,B,2945.6,2456.7,488.9,0,NULL,NULL,NULL,NULL,NULL,NULL
6693,2023-02-03 00:00:00,56088,B,1169.6,584.8,584.8,87.72,NULL,NULL,NULL,NULL,NULL,NULL
6694,2023-02-03 00:00:00,56119,B,1203.12,1215,-11.88,-4.752,NULL,NULL,NULL,NULL,NULL,NULL
6695,2023-02-03 00:00:00,56120,B,1343.52,1215,128.52,51.408,NULL,NULL,NULL,NULL,NULL,NULL
6696,2023-02-03 00:00:00,56124,B,7081.2,3934,3147.2,1258.88,NULL,NULL,NULL,NULL,NULL,NULL
6697,2023-02-03 00:00:00,56125,B,5396.4,2998,2398.4,959.36,NULL,NULL,NULL,NULL,NULL,NULL
6698,2023-02-03 00:00:00,56110,B,1351.2,540.48,810.72,121.608,NULL,NULL,NULL,NULL,NULL,NULL
6699,2023-02-03 00:00:00,56116,B,1629.6,670.97,958.63,0,NULL,NULL,NULL,NULL,NULL,NULL
6700,2022-12-16 00:00:00,55992,B,2524.6,1402.1,1122.5,35.321,NULL,NULL,NULL,NULL,NULL,NULL
6702,2023-02-07 00:00:00,56148,B,7189.6,5444.2,1745.4,698.16,NULL,NULL,NULL,NULL,NULL,NULL
6703,2023-02-07 00:00:00,56152,B,2622.2,1049.6,1572.6,629.04,NULL,NULL,NULL,NULL,NULL,NULL
6705,2023-01-24 00:00:00,56051,B,931.68,1027.29,-95.61,-38.244,NULL,NULL,NULL,NULL,NULL,NULL
6706,2023-02-09 00:00:00,56109,A,-0.8,0,-0.8,0,1649,S,-0.8,0,NULL,NULL
6707,2022-07-05 00:00:00,55343,B,0,3500,-3500,0,NULL,NULL,NULL,NULL,NULL,NULL
6708,2023-02-09 00:00:00,56153,B,491,300,191,0,NULL,NULL,NULL,NULL,NULL,NULL
6709,2023-02-10 00:00:00,56135INV,B,2200,2200,0,0,NULL,NULL,NULL,NULL,NULL,NULL
6710,2023-02-10 00:00:00,56126INV,B,2000,2000,0,0,NULL,NULL,NULL,NULL,NULL,NULL
6711,2023-02-10 00:00:00,56119INV,B,250,250,0,0,NULL,NULL,NULL,NULL,NULL,NULL
6712,2023-02-10 00:00:00,56120INV,B,250,250,0,0,NULL,NULL,NULL,NULL,NULL,NULL
6713,2023-02-10 00:00:00,56139,B,5491.2,3979.2,1512,226.8,NULL,NULL,NULL,NULL,NULL,NULL
6715,2022-02-17 00:00:00,54541,A,0,-189.34,189.34,0,2268,P,-189.34,109264,NULL,NULL
6716,2023-02-14 00:00:00,55763,A,-0.09,0,-0.09,0,1299,S,-0.09,0,NULL,NULL
6718,2023-02-14 00:00:00,56164,B,7066.4,5902.3,1164.1,0,NULL,NULL,NULL,NULL,NULL,NULL
6719,2023-02-14 00:00:00,56163,B,1819.68,1039,780.68,312.272,NULL,NULL,NULL,NULL,NULL,NULL
6720,2023-02-15 00:00:00,55992,A,-887.03,0,-887.03,0,2240,S,-887.03,0,NULL,NULL
6721,2023-02-15 00:00:00,56149,B,11736,11075.6,660.4,0,NULL,NULL,NULL,NULL,NULL,NULL
6722,2023-02-10 00:00:00,56068,B,1819.2,1307.55,511.65,0,NULL,NULL,NULL,NULL,NULL,NULL
6723,2023-02-17 00:00:00,56078,B,5868,4699.2,1168.8,467.52,NULL,NULL,NULL,NULL,NULL,NULL
6724,2023-02-17 00:00:00,56118,B,0,0,0,0,NULL,NULL,NULL,NULL,NULL,NULL
6725,2023-02-17 00:00:00,56157,B,3168.99,2476.21,692.78,0,NULL,NULL,NULL,NULL,NULL,NULL
6726,2023-02-17 00:00:00,56185,B,352.8,0,352.8,0,NULL,NULL,NULL,NULL,NULL,NULL
6727,2023-02-17 00:00:00,56132,B,5523.2,4714.6,808.6,0,NULL,NULL,NULL,NULL,NULL,NULL
6729,2023-02-17 00:00:00,56103,B,1547.52,1039,508.52,203.408,NULL,NULL,NULL,NULL,NULL,NULL
6730,2023-02-17 00:00:00,56136,B,9726.5,7146,2580.5,50,NULL,NULL,NULL,NULL,NULL,NULL
6731,2023-02-17 00:00:00,56144,B,4499.6,3249.8,1249.8,187.47,NULL,NULL,NULL,NULL,NULL,NULL
6732,2023-02-17 00:00:00,56145,B,3514,2907,607,41.05,NULL,NULL,NULL,NULL,NULL,NULL
6733,2023-02-17 00:00:00,56158,B,2651.6,1718.2,933.4,373.36,NULL,NULL,NULL,NULL,NULL,NULL
6735,2023-02-20 00:00:00,56140,B,5207.8,3804.8,1403,210.45,NULL,NULL,NULL,NULL,NULL,NULL
6736,2023-02-17 00:00:00,56150,B,0,0,0,0,NULL,NULL,NULL,NULL,NULL,NULL
6740,2023-02-23 00:00:00,56191,B,6711.9,4842,1869.9,747.96,NULL,NULL,NULL,NULL,NULL,NULL
6741,2023-02-23 00:00:00,56171,B,7915.09,5884.57,2030.52,304.578,NULL,NULL,NULL,NULL,NULL,NULL
6742,2023-02-23 00:00:00,56168,B,6890.4,5846.4,1044,0,NULL,NULL,NULL,NULL,NULL,NULL
6743,2023-02-23 00:00:00,56183,B,4080.51,3600.45,480.06,0,NULL,NULL,NULL,NULL,NULL,NULL
6744,2023-02-23 00:00:00,56115,B,7479.93,6677.8,802.13,0,NULL,NULL,NULL,NULL,NULL,NULL
6745,2023-02-23 00:00:00,55371,B,4076.2,4076.2,0,0,NULL,NULL,NULL,NULL,NULL,NULL
6747,2023-02-23 00:00:00,56141,B,5532.8,4004.8,1528,229.2,NULL,NULL,NULL,NULL,NULL,NULL
6748,2023-02-23 00:00:00,56128,B,138.62,83.25,55.37,8.306,NULL,NULL,NULL,NULL,NULL,NULL
6749,2023-02-23 00:00:00,56194,B,1684.8,1010.88,673.92,0,NULL,NULL,NULL,NULL,NULL,NULL
6750,2023-02-24 00:00:00,56159,B,18456.68,16726.9,1729.78,50,NULL,NULL,NULL,NULL,NULL,NULL
6751,2023-02-27 00:00:00,56082,B,44.8,-200,244.8,0,NULL,NULL,NULL,NULL,NULL,NULL
6752,2023-01-17 00:00:00,56082INV,B,200,200,0,0,NULL,NULL,NULL,NULL,NULL,NULL
6753,2023-02-27 00:00:00,56172,B,0,0,0,0,NULL,NULL,NULL,NULL,NULL,NULL
6754,2023-02-14 00:00:00,56172INV,B,3275,3275,0,0,NULL,NULL,NULL,NULL,NULL,NULL
6755,2023-02-20 00:00:00,56114,B,8549.32,6363.6,2185.72,327.858,NULL,NULL,NULL,NULL,NULL,NULL
6756,2023-02-02 00:00:00,56103INV,B,250,250,0,0,NULL,NULL,NULL,NULL,NULL,NULL
6757,2023-02-28 00:00:00,56192,B,3421.71,2946.47,475.24,0,NULL,NULL,NULL,NULL,NULL,NULL
6758,2023-02-28 00:00:00,56215,B,4048.38,3448.69,599.69,0,NULL,NULL,NULL,NULL,NULL,NULL
6759,2023-02-28 00:00:00,56166,B,2668.4,1871.6,796.8,318.72,NULL,NULL,NULL,NULL,NULL,NULL
6761,2023-03-01 00:00:00,56196,B,6144,4608,1536,180.4,NULL,NULL,NULL,NULL,NULL,NULL
6762,2023-03-01 00:00:00,56190,B,3628.6,2100.4,1528.2,229.23,NULL,NULL,NULL,NULL,NULL,NULL
6763,2023-03-01 00:00:00,56165,B,3144.4,2001.6,1142.8,457.12,NULL,NULL,NULL,NULL,NULL,NULL
6764,2023-02-10 00:00:00,56163INV,B,250,250,0,0,NULL,NULL,NULL,NULL,NULL,NULL
6765,2023-02-28 00:00:00,56211,B,8582.3,7023.8,1558.5,0,NULL,NULL,NULL,NULL,NULL,NULL
6766,2023-01-13 00:00:00,56094,B,3553.6,1332.6,2221,333.15,NULL,NULL,NULL,NULL,NULL,NULL
6767,2023-01-27 00:00:00,56099,B,3529.8,1961,1568.8,235.32,NULL,NULL,NULL,NULL,NULL,NULL
6768,2023-01-27 00:00:00,56100,B,3040,1900,1140,171,NULL,NULL,NULL,NULL,NULL,NULL
6769,2023-01-27 00:00:00,56101,B,3337.6,2086,1251.6,187.74,NULL,NULL,NULL,NULL,NULL,NULL
6770,2023-03-02 00:00:00,56184,B,4151.16,3532.48,618.68,0,NULL,NULL,NULL,NULL,NULL,NULL
6771,2023-03-02 00:00:00,56154,B,690,-175,865,0,NULL,NULL,NULL,NULL,NULL,NULL
6772,2023-03-02 00:00:00,56156,B,400,0,400,0,NULL,NULL,NULL,NULL,NULL,NULL
6774,2023-02-22 00:00:00,56154INV,B,1200,1200,0,0,NULL,NULL,NULL,NULL,NULL,NULL
6775,2023-02-22 00:00:00,56156INV,B,2000,2000,0,0,NULL,NULL,NULL,NULL,NULL,NULL
6777,2023-03-03 00:00:00,56167,B,0,0,0,0,NULL,NULL,NULL,NULL,NULL,NULL
6779,2023-03-03 00:00:00,56127,B,1125.85,470,655.85,98.378,NULL,NULL,NULL,NULL,NULL,NULL
6780,2023-03-03 00:00:00,56170,B,7997.68,6014.4,1983.28,297.492,NULL,NULL,NULL,NULL,NULL,NULL
6781,2023-02-01 00:00:00,56123,B,66,0,66,0,NULL,NULL,NULL,NULL,NULL,NULL
6782,2023-03-07 00:00:00,56138,B,3295.08,2561.78,733.3,0,NULL,NULL,NULL,NULL,NULL,NULL
6783,2023-03-07 00:00:00,56137,B,6196,5266.6,929.4,0,NULL,NULL,NULL,NULL,NULL,NULL
6784,2023-03-07 00:00:00,56175,B,9081.6,8355.6,726,0,NULL,NULL,NULL,NULL,NULL,NULL
6786,2023-03-07 00:00:00,56143,B,5112,2654,2458,368.7,NULL,NULL,NULL,NULL,NULL,NULL
6787,2023-03-07 00:00:00,56146,B,-73.6,2344.8,-2418.4,-352.68,NULL,NULL,NULL,NULL,NULL,NULL
6789,2023-03-08 00:00:00,56132INV,B,-1034.6,-1034.6,0,0,NULL,NULL,NULL,NULL,NULL,NULL
6790,2023-03-09 00:00:00,56174,B,5258.4,2804.48,2453.92,981.568,NULL,NULL,NULL,NULL,NULL,NULL
6791,2023-03-09 00:00:00,56130,B,1116.6,470,646.6,96.99,NULL,NULL,NULL,NULL,NULL,NULL
6792,2023-03-09 00:00:00,56131,B,1155.49,470,685.49,102.824,NULL,NULL,NULL,NULL,NULL,NULL
6794,2023-03-10 00:00:00,56204,B,1093.6,546.8,546.8,82.02,NULL,NULL,NULL,NULL,NULL,NULL
6796,2023-03-10 00:00:00,56213,B,3081.9,1725.45,1356.45,50,NULL,NULL,NULL,NULL,NULL,NULL
6797,2023-03-10 00:00:00,56117,B,1367.91,367.91,1000,0,NULL,NULL,NULL,NULL,NULL,NULL
6801,2023-03-13 00:00:00,56207,B,792.8,650,142.8,0,NULL,NULL,NULL,NULL,NULL,NULL
6803,2023-03-13 00:00:00,56199,B,1946.66,1450,496.66,198.664,NULL,NULL,NULL,NULL,NULL,NULL
6806,2023-03-14 00:00:00,56198,B,1708,1450,258,103.2,NULL,NULL,NULL,NULL,NULL,NULL
6807,2023-03-13 00:00:00,56209,B,98,0,98,0,NULL,NULL,NULL,NULL,NULL,NULL
6808,2023-03-15 00:00:00,56169,B,0,0,0,0,NULL,NULL,NULL,NULL,NULL,NULL
6809,2023-03-07 00:00:00,56197,B,1532.52,1450,82.52,33.008,NULL,NULL,NULL,NULL,NULL,NULL
6810,2023-03-13 00:00:00,56216,B,1315.2,1125,190.2,76.08,NULL,NULL,NULL,NULL,NULL,NULL
6811,2023-03-10 00:00:00,56217,B,1624.8,1300,324.8,129.92,NULL,NULL,NULL,NULL,NULL,NULL
6812,2023-03-07 00:00:00,56147,B,3153.6,2365.2,788.4,118.26,NULL,NULL,NULL,NULL,NULL,NULL
6813,2023-03-17 00:00:00,56249,B,4114.8,3429,685.8,102.87,NULL,NULL,NULL,NULL,NULL,NULL
6814,2023-03-17 00:00:00,56219,B,9107.54,7919.6,1187.94,0,NULL,NULL,NULL,NULL,NULL,NULL
6815,2023-03-17 00:00:00,56203,B,11407.2,10592.4,814.8,0,NULL,NULL,NULL,NULL,NULL,NULL
6816,2023-03-17 00:00:00,56210,B,48.8,0,48.8,0,NULL,NULL,NULL,NULL,NULL,NULL
6817,2023-03-17 00:00:00,56202,B,1445.22,1650,-204.78,-81.912,NULL,NULL,NULL,NULL,NULL,NULL
6818,2023-03-17 00:00:00,56267,B,1368,1550,-182,-72.8,NULL,NULL,NULL,NULL,NULL,NULL
6819,2023-03-17 00:00:00,56248,B,1503.48,1350,153.48,0,NULL,NULL,NULL,NULL,NULL,NULL
6820,2023-03-17 00:00:00,56067,B,1990.8,1750,240.8,0,NULL,NULL,NULL,NULL,NULL,NULL
6821,2023-03-17 00:00:00,56269,B,2209.2,1218.4,990.8,0,NULL,NULL,NULL,NULL,NULL,NULL
6822,2023-03-17 00:00:00,56253,B,1323.3,1131.53,191.77,76.708,NULL,NULL,NULL,NULL,NULL,NULL
6823,2023-03-17 00:00:00,56218,B,3892,1958.35,1933.65,0,NULL,NULL,NULL,NULL,NULL,NULL
6824,2023-03-17 00:00:00,56250,B,154,0,154,0,NULL,NULL,NULL,NULL,NULL,NULL
6826,2023-03-17 00:00:00,56235,B,1169.76,470,699.76,104.964,NULL,NULL,NULL,NULL,NULL,NULL
6827,2023-03-17 00:00:00,56236,B,1176.79,470,706.79,106.019,NULL,NULL,NULL,NULL,NULL,NULL
6828,2023-03-20 00:00:00,56214,B,150.8,-200,350.8,0,NULL,NULL,NULL,NULL,NULL,NULL
6829,2023-03-20 00:00:00,56214INV,B,200,200,0,0,NULL,NULL,NULL,NULL,NULL,NULL
6830,2023-03-20 00:00:00,171736,B,25.71,25.71,0,0,NULL,NULL,NULL,NULL,NULL,NULL
6831,2023-01-05 00:00:00,55876INV,B,302.77,302.77,0,0,NULL,NULL,NULL,NULL,NULL,NULL
6832,2023-03-20 00:00:00,55890,A,0,-2700,2700,0,2328,P,-2700,109140,NULL,NULL
6833,2022-10-06 00:00:00,55737INV,B,2330,2330,0,0,NULL,NULL,NULL,NULL,NULL,NULL
6834,2023-02-17 00:00:00,56128INV,B,631.75,631.75,0,0,NULL,NULL,NULL,NULL,NULL,NULL
6835,2022-07-29 00:00:00,55587INV,B,316.27,316.27,0,0,NULL,NULL,NULL,NULL,NULL,NULL
6837,2023-03-03 00:00:00,56133,B,8654.4,7227,1427.4,0,NULL,NULL,NULL,NULL,NULL,NULL
6838,2023-02-23 00:00:00,56173,B,7241.87,4778.3,2463.57,369.536,NULL,NULL,NULL,NULL,NULL,NULL
6839,2023-03-22 00:00:00,56195,B,6444,5477.4,966.6,0,NULL,NULL,NULL,NULL,NULL,NULL
6840,2023-03-22 00:00:00,56265,B,8500.64,7238.95,1261.69,0,NULL,NULL,NULL,NULL,NULL,NULL
6841,2023-03-22 00:00:00,56243,B,4993.62,4583.32,410.3,0,NULL,NULL,NULL,NULL,NULL,NULL
6843,2023-03-22 00:00:00,56290,B,14280,13351.6,928.4,371.36,NULL,NULL,NULL,NULL,NULL,NULL
6844,2023-03-22 00:00:00,56271,B,1660.4,1407.6,252.8,101.12,NULL,NULL,NULL,NULL,NULL,NULL
6845,2023-03-22 00:00:00,56240,B,2196.4,1633.36,563.04,0,NULL,NULL,NULL,NULL,NULL,NULL
6846,2023-03-17 00:00:00,56284,B,102,0,102,0,NULL,NULL,NULL,NULL,NULL,NULL
6847,2022-06-01 00:00:00,55259INV,B,826.5,826.5,0,0,NULL,NULL,NULL,NULL,NULL,NULL
6848,2023-02-01 00:00:00,56142INV,B,500,500,0,0,NULL,NULL,NULL,NULL,NULL,NULL
6849,2023-03-23 00:00:00,56266,B,1664.4,1400,264.4,105.76,NULL,NULL,NULL,NULL,NULL,NULL
6850,2023-03-23 00:00:00,56200,B,1894.26,1450,444.26,177.704,NULL,NULL,NULL,NULL,NULL,NULL
6851,2023-03-23 00:00:00,56212,B,8275.8,6267.2,2008.6,301.29,NULL,NULL,NULL,NULL,NULL,NULL
6853,2023-03-23 00:00:00,56245,B,1686.4,1064.4,622,0,NULL,NULL,NULL,NULL,NULL,NULL
6854,2022-11-24 00:00:00,55886,B,7112.8,5484,1628.8,244.32,NULL,NULL,NULL,NULL,NULL,NULL
6855,2023-03-22 00:00:00,56296,B,3675.6,3097.03,578.57,231.428,NULL,NULL,NULL,NULL,NULL,NULL
6856,2023-03-27 00:00:00,56208,B,5012,3018.4,1993.6,299.04,NULL,NULL,NULL,NULL,NULL,NULL
6857,2023-03-27 00:00:00,56282,B,1808.76,1300,508.76,0,NULL,NULL,NULL,NULL,NULL,NULL
6858,2023-03-27 00:00:00,56279,B,1430,1025.89,404.11,0,NULL,NULL,NULL,NULL,NULL,NULL
6859,2023-03-27 00:00:00,56280,B,1520,1100.43,419.57,0,NULL,NULL,NULL,NULL,NULL,NULL
6866,2023-03-28 00:00:00,56331,B,9463.35,8229,1234.35,0,NULL,NULL,NULL,NULL,NULL,NULL
6867,2023-03-28 00:00:00,56298,B,1654.8,1450,204.8,81.92,NULL,NULL,NULL,NULL,NULL,NULL
6868,2023-03-28 00:00:00,56302,B,1622.4,1294.6,327.8,131.12,NULL,NULL,NULL,NULL,NULL,NULL
6870,2023-03-28 00:00:00,56201,B,1800.4,1700,100.4,40.16,NULL,NULL,NULL,NULL,NULL,NULL
6871,2023-03-28 00:00:00,56244,B,1681.6,1066.2,615.4,0,NULL,NULL,NULL,NULL,NULL,NULL
6872,2023-03-29 00:00:00,56293,B,9216.1,8014,1202.1,0,NULL,NULL,NULL,NULL,NULL,NULL
6873,2023-03-29 00:00:00,56257,B,2979.2,2174,805.2,0,NULL,NULL,NULL,NULL,NULL,NULL
6874,2023-03-29 00:00:00,56285,B,963.32,450,513.32,76.998,NULL,NULL,NULL,NULL,NULL,NULL
6875,2023-03-29 00:00:00,56286,B,1093.78,450,643.78,96.567,NULL,NULL,NULL,NULL,NULL,NULL
6877,2023-03-30 00:00:00,56326,B,4052.43,3451.96,600.47,0,NULL,NULL,NULL,NULL,NULL,NULL
6878,2023-03-30 00:00:00,56299,B,1892.8,1450,442.8,177.12,NULL,NULL,NULL,NULL,NULL,NULL
6879,2023-03-30 00:00:00,56268,B,1580.6,922.55,658.05,0,NULL,NULL,NULL,NULL,NULL,NULL
6880,2023-03-30 00:00:00,56251,B,3392,2474.4,917.6,367.04,NULL,NULL,NULL,NULL,NULL,NULL
6881,2023-03-30 00:00:00,56318,B,6305.4,5278.2,1027.2,154.08,NULL,NULL,NULL,NULL,NULL,NULL
6882,2023-03-31 00:00:00,52384,A,-2692.4,0,-2692.4,0,1751,S,-2692.4,0,NULL,NULL
6883,2023-03-31 00:00:00,52443,A,-5031.3,0,-5031.3,0,1751,S,-5031.3,0,NULL,NULL
6884,2023-03-31 00:00:00,52488,A,-2735.6,0,-2735.6,0,1751,S,-2735.6,0,NULL,NULL
6885,2023-03-31 00:00:00,52486,A,-5939.5,0,-5939.5,0,1751,S,-5939.5,0,NULL,NULL
6886,2023-03-31 00:00:00,52571,A,-5197.5,0,-5197.5,0,1751,S,-5197.5,0,NULL,NULL
6887,2023-02-06 00:00:00,56142,B,182,100,82,0,NULL,NULL,NULL,NULL,NULL,NULL
6888,2023-02-01 00:00:00,56153INV,B,250,250,0,0,NULL,NULL,NULL,NULL,NULL,NULL
6889,2023-03-23 00:00:00,56206,B,3515,2184.05,1330.95,0,NULL,NULL,NULL,NULL,NULL,NULL
6890,2023-03-31 00:00:00,56304,B,825.38,480.15,345.23,51.785,NULL,NULL,NULL,NULL,NULL,NULL
6891,2023-03-31 00:00:00,56305,B,837.75,485.1,352.65,52.898,NULL,NULL,NULL,NULL,NULL,NULL
6893,2023-03-31 00:00:00,56289,B,7308,6272,1036,414.4,NULL,NULL,NULL,NULL,NULL,NULL
6895,2023-04-03 00:00:00,56346,B,7599.6,6510.8,1088.8,163.32,NULL,NULL,NULL,NULL,NULL,NULL
6896,2023-04-03 00:00:00,56270,B,238,250,-12,0,NULL,NULL,NULL,NULL,NULL,NULL
6898,2023-04-04 00:00:00,56327,B,1855.56,1635.32,220.24,0,NULL,NULL,NULL,NULL,NULL,NULL
6899,2023-03-20 00:00:00,56162,B,7254,5352.2,1901.8,760.72,NULL,NULL,NULL,NULL,NULL,NULL
6901,2023-04-04 00:00:00,56278,B,1023.5,409.4,614.1,92.115,NULL,NULL,NULL,NULL,NULL,NULL
6902,2023-04-04 00:00:00,56306,B,1974,1050,924,369.6,NULL,NULL,NULL,NULL,NULL,NULL
6903,2023-04-04 00:00:00,56301,B,1402.8,930.43,472.37,188.948,NULL,NULL,NULL,NULL,NULL,NULL
6904,2023-04-04 00:00:00,56287,B,4409,2407.1,2001.9,0,NULL,NULL,NULL,NULL,NULL,NULL
6905,2023-03-09 00:00:00,56270INV,B,250,250,0,0,NULL,NULL,NULL,NULL,NULL,NULL
6906,2023-03-28 00:00:00,56275,B,1892.8,1725,167.8,67.12,NULL,NULL,NULL,NULL,NULL,NULL
6907,2023-04-04 00:00:00,56264,B,17718.8,16294.5,1424.3,0,NULL,NULL,NULL,NULL,NULL,NULL
6908,2023-04-05 00:00:00,56325,B,4350.34,3369.42,980.92,0,NULL,NULL,NULL,NULL,NULL,NULL
6909,2023-04-05 00:00:00,56307,B,5478.9,4696.2,782.7,0,NULL,NULL,NULL,NULL,NULL,NULL
6910,2023-04-05 00:00:00,56330,B,2744,1503.8,1240.2,186.03,NULL,NULL,NULL,NULL,NULL,NULL
6911,2023-04-05 00:00:00,56260,B,9150.82,7974.1,1176.72,176.508,NULL,NULL,NULL,NULL,NULL,NULL
6912,2023-04-05 00:00:00,56288,B,1563.4,1204.2,359.2,0,NULL,NULL,NULL,NULL,NULL,NULL
6913,2023-04-05 00:00:00,56344,B,2882.6,2367.85,514.75,0,NULL,NULL,NULL,NULL,NULL,NULL
6914,2023-04-05 00:00:00,56347,B,1503,1300,203,81.2,NULL,NULL,NULL,NULL,NULL,NULL
6915,2023-04-05 00:00:00,56359,B,1578,1190.6,387.4,58.11,NULL,NULL,NULL,NULL,NULL,NULL
6916,2023-04-06 00:00:00,56342,B,1061.84,450,611.84,91.776,NULL,NULL,NULL,NULL,NULL,NULL
6919,2023-03-31 00:00:00,56303,B,1042.25,566.9,475.35,71.303,NULL,NULL,NULL,NULL,NULL,NULL
6920,2023-04-07 00:00:00,56373,B,1058.45,600,458.45,0,NULL,NULL,NULL,NULL,NULL,NULL
6921,2023-04-07 00:00:00,56335,B,1018,450,568,85.2,NULL,NULL,NULL,NULL,NULL,NULL
6922,2023-04-11 00:00:00,56332,B,5878.6,3288.4,2590.2,388.53,NULL,NULL,NULL,NULL,NULL,NULL
6924,2022-11-16 00:00:00,55935,B,4170.4,4170.4,0,0,NULL,NULL,NULL,NULL,NULL,NULL
6925,2023-04-12 00:00:00,56367,B,4672.8,3164.2,1508.6,226.29,NULL,NULL,NULL,NULL,NULL,NULL
6926,2023-04-12 00:00:00,56354,B,2214.24,1542.68,671.56,268.624,NULL,NULL,NULL,NULL,NULL,NULL
6927,2023-04-12 00:00:00,56391,B,7182,3990,3192,1276.8,NULL,NULL,NULL,NULL,NULL,NULL
6928,2023-04-12 00:00:00,56381,B,2244.65,1100,1144.65,0,NULL,NULL,NULL,NULL,NULL,NULL
6929,2023-04-12 00:00:00,56360,B,1689,1212.8,476.2,71.43,NULL,NULL,NULL,NULL,NULL,NULL
6930,2023-04-13 00:00:00,56353,B,22859.4,20928.5,1930.9,0,NULL,NULL,NULL,NULL,NULL,NULL
6931,2023-04-14 00:00:00,56349,B,11808.98,10933.87,875.11,0,NULL,NULL,NULL,NULL,NULL,NULL
6932,2023-04-14 00:00:00,56357,B,7954,6790,1164,0,NULL,NULL,NULL,NULL,NULL,NULL
6933,2023-04-14 00:00:00,56358,B,7728.5,6597.5,1131,0,NULL,NULL,NULL,NULL,NULL,NULL
6934,2023-02-08 00:00:00,56118INV,B,1500,1500,0,0,NULL,NULL,NULL,NULL,NULL,NULL
6937,2023-04-14 00:00:00,56382,B,1402.87,1168,234.87,0,NULL,NULL,NULL,NULL,NULL,NULL
6938,2023-04-14 00:00:00,56343,B,8375.64,7315.1,1060.54,0,NULL,NULL,NULL,NULL,NULL,NULL
6939,2023-04-14 00:00:00,56370,B,8115.9,6676.6,1439.3,0,NULL,NULL,NULL,NULL,NULL,NULL
6940,2023-04-14 00:00:00,56379,B,8076.36,7189.16,887.2,133.08,NULL,NULL,NULL,NULL,NULL,NULL
6942,2023-04-14 00:00:00,56355,B,3077.27,1848.6,1228.67,491.468,NULL,NULL,NULL,NULL,NULL,NULL
6944,2023-04-14 00:00:00,56319,B,7642.8,6544.4,1098.4,164.76,NULL,NULL,NULL,NULL,NULL,NULL
6945,2023-04-17 00:00:00,56415,B,1695,1259.57,435.43,0,NULL,NULL,NULL,NULL,NULL,NULL
6946,2023-04-17 00:00:00,56397,B,2416.98,1476,940.98,0,NULL,NULL,NULL,NULL,NULL,NULL
6947,2023-04-17 00:00:00,56324,B,7740,6772.5,967.5,0,NULL,NULL,NULL,NULL,NULL,NULL
6948,2023-04-17 00:00:00,56242,B,5076,2342,2734,410.1,NULL,NULL,NULL,NULL,NULL,NULL
6949,2023-04-17 00:00:00,56399,B,9851.2,9327.2,524,0,NULL,NULL,NULL,NULL,NULL,NULL
6950,2023-04-17 00:00:00,56387,B,3114.1,1639,1475.1,0,NULL,NULL,NULL,NULL,NULL,NULL
6951,2023-04-17 00:00:00,56365,B,1672.77,1350,322.77,129.108,NULL,NULL,NULL,NULL,NULL,NULL
6952,2023-04-17 00:00:00,56368,B,1746.1,1010,736.1,294.44,NULL,NULL,NULL,NULL,NULL,NULL
6953,2023-04-17 00:00:00,56366,B,1749,1399.8,349.2,139.68,NULL,NULL,NULL,NULL,NULL,NULL
6954,2023-04-17 00:00:00,56378,B,5983.5,4910.16,1073.34,161.001,NULL,NULL,NULL,NULL,NULL,NULL
6955,2023-03-21 00:00:00,56274,B,2903.64,2903.64,0,0,NULL,NULL,NULL,NULL,NULL,NULL
6957,2023-03-14 00:00:00,56268INV,B,27.45,27.45,0,0,NULL,NULL,NULL,NULL,NULL,NULL
6958,2023-04-18 00:00:00,56294,B,2136.2,1729.5,406.7,0,NULL,NULL,NULL,NULL,NULL,NULL
6959,2023-04-18 00:00:00,56440,B,2226.9,1256.2,970.7,0,NULL,NULL,NULL,NULL,NULL,NULL
6960,2023-04-03 00:00:00,56356,B,2645.3,2349.25,296.05,0,NULL,NULL,NULL,NULL,NULL,NULL
6961,2023-04-19 00:00:00,56413,B,2904.45,1782.2,1122.25,118.338,NULL,NULL,NULL,NULL,NULL,NULL
6962,2023-04-19 00:00:00,56281,B,4512.69,4245.46,267.23,0,NULL,NULL,NULL,NULL,NULL,NULL
6963,2023-04-19 00:00:00,56361,B,9110.2,7867.9,1242.3,496.92,NULL,NULL,NULL,NULL,NULL,NULL
6964,2023-04-19 00:00:00,56362,B,2734.4,1833.6,900.8,360.32,NULL,NULL,NULL,NULL,NULL,NULL
6966,2023-04-19 00:00:00,56377,B,630,581.54,48.46,19.384,NULL,NULL,NULL,NULL,NULL,NULL
6968,2023-04-21 00:00:00,171736,A,-25.71,0,-25.71,0,1782,S,-25.71,0,NULL,NULL
6969,2023-04-21 00:00:00,56039INV,B,1262,1262,0,0,NULL,NULL,NULL,NULL,NULL,NULL
6970,2023-04-14 00:00:00,56400,B,704.4,612,92.4,0,NULL,NULL,NULL,NULL,NULL,NULL
6971,2023-04-19 00:00:00,56252,B,3809.6,2508.8,1300.8,520.32,NULL,NULL,NULL,NULL,NULL,NULL
6972,2023-04-21 00:00:00,56323,B,27.7,-200,227.7,0,NULL,NULL,NULL,NULL,NULL,NULL
6973,2023-03-28 00:00:00,56323INV,B,200,200,0,0,NULL,NULL,NULL,NULL,NULL,NULL
6974,2023-04-21 00:00:00,56419,B,1598.3,975.1,623.2,0,NULL,NULL,NULL,NULL,NULL,NULL
6975,2023-04-21 00:00:00,56416,B,2370,1700,670,0,NULL,NULL,NULL,NULL,NULL,NULL
6976,2023-04-21 00:00:00,56408,B,6314.1,5104.4,1209.7,0,NULL,NULL,NULL,NULL,NULL,NULL
6978,2023-04-21 00:00:00,56422,B,1842.15,1084.6,757.55,0,NULL,NULL,NULL,NULL,NULL,NULL
6979,2023-04-21 00:00:00,56320,B,7786.8,6656.4,1130.4,169.56,NULL,NULL,NULL,NULL,NULL,NULL
6980,2023-04-21 00:00:00,56334,B,1102.6,450,652.6,97.89,NULL,NULL,NULL,NULL,NULL,NULL
6981,2023-04-24 00:00:00,56414,B,7765.2,6319.17,1446.03,216.905,NULL,NULL,NULL,NULL,NULL,NULL
6984,2023-04-25 00:00:00,56328,B,9667.97,8637.82,1030.15,0,NULL,NULL,NULL,NULL,NULL,NULL
6985,2023-04-25 00:00:00,56363,B,8523.8,7412,1111.8,0,NULL,NULL,NULL,NULL,NULL,NULL
6986,2023-04-25 00:00:00,56364,B,8629.6,7504,1125.6,0,NULL,NULL,NULL,NULL,NULL,NULL
6987,2023-04-25 00:00:00,56445,B,1273.89,982.86,291.03,0,NULL,NULL,NULL,NULL,NULL,NULL
6988,2023-04-25 00:00:00,56457,B,2259,1501.8,757.2,302.88,NULL,NULL,NULL,NULL,NULL,NULL
6989,2023-04-25 00:00:00,56451,B,7095.6,5897.92,1197.68,179.652,NULL,NULL,NULL,NULL,NULL,NULL
6990,2023-04-25 00:00:00,56404,B,3496,2403.5,1092.5,437,NULL,NULL,NULL,NULL,NULL,NULL
6991,2023-04-25 00:00:00,56410,B,1689,1465,224,89.6,NULL,NULL,NULL,NULL,NULL,NULL
6992,2023-04-25 00:00:00,56411,B,1928.17,1450,478.17,191.268,NULL,NULL,NULL,NULL,NULL,NULL
6993,2023-04-25 00:00:00,56412,B,2043,1450,593,237.2,NULL,NULL,NULL,NULL,NULL,NULL
6994,2023-04-26 00:00:00,56446,B,8726.2,7588,1138.2,0,NULL,NULL,NULL,NULL,NULL,NULL
6995,2023-04-26 00:00:00,56447,B,8795.2,7648,1147.2,0,NULL,NULL,NULL,NULL,NULL,NULL
6996,2023-04-26 00:00:00,56444,B,6662.25,5011.3,1650.95,660.38,NULL,NULL,NULL,NULL,NULL,NULL
6999,2023-04-26 00:00:00,56459,B,8954.1,8152.15,801.95,0,NULL,NULL,NULL,NULL,NULL,NULL
7000,2023-04-26 00:00:00,56380,B,6582.4,5314,1268.4,0,NULL,NULL,NULL,NULL,NULL,NULL
7001,2023-04-26 00:00:00,56417,B,7305.3,6220.2,1085.1,0,NULL,NULL,NULL,NULL,NULL,NULL
7002,2023-04-26 00:00:00,56424,B,1737,1350,387,154.8,NULL,NULL,NULL,NULL,NULL,NULL
7003,2023-04-26 00:00:00,56394,B,8229.4,6174.8,2054.6,821.84,NULL,NULL,NULL,NULL,NULL,NULL
7004,2023-04-26 00:00:00,56436,B,4076.6,3412.8,663.8,99.57,NULL,NULL,NULL,NULL,NULL,NULL
7005,2023-04-26 00:00:00,56437,B,4083.4,3542.2,541.2,81.18,NULL,NULL,NULL,NULL,NULL,NULL
7006,2023-04-26 00:00:00,56429,B,451.2,593.6,-142.4,0,NULL,NULL,NULL,NULL,NULL,NULL
7007,2023-04-27 00:00:00,56303,A,-0.03,0,-0.03,0,1299,S,-0.03,0,NULL,NULL
7008,2023-04-06 00:00:00,56383,B,7921.4,7921.4,0,0,NULL,NULL,NULL,NULL,NULL,NULL
7009,2023-04-10 00:00:00,56384,B,7541.6,7541.6,0,0,NULL,NULL,NULL,NULL,NULL,NULL
7010,2023-04-11 00:00:00,56385,B,8056.76,8056.76,0,0,NULL,NULL,NULL,NULL,NULL,NULL
7011,2023-04-27 00:00:00,56420,B,5094,4075.2,1018.8,152.82,NULL,NULL,NULL,NULL,NULL,NULL
7012,2023-04-17 00:00:00,56423,B,3523,3523,0,0,NULL,NULL,NULL,NULL,NULL,NULL
7013,2023-04-28 00:00:00,56383A,B,9528.9,8419.66,1109.24,0,NULL,NULL,NULL,NULL,NULL,NULL
7014,2023-04-28 00:00:00,56384A,B,9953.25,8794.61,1158.64,0,NULL,NULL,NULL,NULL,NULL,NULL
7015,2023-04-26 00:00:00,56406,B,0,0,0,0,NULL,NULL,NULL,NULL,NULL,NULL
7016,2023-04-28 00:00:00,56395,B,10458.56,8838.36,1620.2,648.08,NULL,NULL,NULL,NULL,NULL,NULL
7017,2023-04-28 00:00:00,56389,B,1631.25,1300,331.25,132.5,NULL,NULL,NULL,NULL,NULL,NULL
7018,2023-04-28 00:00:00,56454,B,1540,770,770,115.5,NULL,NULL,NULL,NULL,NULL,NULL
7019,2023-04-28 00:00:00,56453,B,783.39,550,233.39,0,NULL,NULL,NULL,NULL,NULL,NULL
7020,2023-04-28 00:00:00,56336,B,1131.31,450,681.31,102.197,NULL,NULL,NULL,NULL,NULL,NULL
7021,2023-04-28 00:00:00,56465,B,677,450,227,0,NULL,NULL,NULL,NULL,NULL,NULL
7022,2023-05-03 00:00:00,56343,A,0.01,0,0.01,0,1455,S,0.01,0,NULL,NULL
7023,2023-05-04 00:00:00,56489,B,2196.4,1679.6,516.8,206.72,NULL,NULL,NULL,NULL,NULL,NULL
7024,2023-05-04 00:00:00,56452,B,7921,6701.74,1219.26,0,NULL,NULL,NULL,NULL,NULL,NULL
7025,2023-05-04 00:00:00,56439,B,19086.3,16749.6,2336.7,0,NULL,NULL,NULL,NULL,NULL,NULL
7026,2023-05-04 00:00:00,56470,B,4063.65,3037.97,1025.68,153.852,NULL,NULL,NULL,NULL,NULL,NULL
7027,2023-05-04 00:00:00,56398,B,2528.73,2177.52,351.21,0,NULL,NULL,NULL,NULL,NULL,NULL
7029,2023-05-04 00:00:00,56494,B,2387.2,1441.8,945.4,141.81,NULL,NULL,NULL,NULL,NULL,NULL
7030,2023-05-04 00:00:00,56455,B,6258.6,5411.6,847,50,NULL,NULL,NULL,NULL,NULL,NULL
7031,2023-05-03 00:00:00,56466,B,5412.4,4305,1107.4,442.96,NULL,NULL,NULL,NULL,NULL,NULL
7032,2023-05-04 00:00:00,56468,B,1608.3,1250,358.3,143.32,NULL,NULL,NULL,NULL,NULL,NULL
7033,2023-05-04 00:00:00,56434,B,1730.22,1476.96,253.26,101.304,NULL,NULL,NULL,NULL,NULL,NULL
7034,2023-05-04 00:00:00,56462,B,1749.15,1168.7,580.45,232.18,NULL,NULL,NULL,NULL,NULL,NULL
7035,2023-05-04 00:00:00,56433,B,2245.95,1627.68,618.27,247.308,NULL,NULL,NULL,NULL,NULL,NULL
7036,2023-05-04 00:00:00,56438,B,2547.36,795,1752.36,700.944,NULL,NULL,NULL,NULL,NULL,NULL
7037,2023-05-04 00:00:00,56372,B,512.31,265.38,246.93,0,NULL,NULL,NULL,NULL,NULL,NULL
7038,2023-05-04 00:00:00,56432,B,6615,5485,1130,452,NULL,NULL,NULL,NULL,NULL,NULL
7039,2023-05-04 00:00:00,56481,B,15661.7,14081.1,1580.6,632.24,NULL,NULL,NULL,NULL,NULL,NULL
7040,2023-04-19 00:00:00,56426,B,1000,1000,0,0,NULL,NULL,NULL,NULL,NULL,NULL
7041,2023-05-04 00:00:00,56321,B,7444.8,6390.4,1054.4,158.16,NULL,NULL,NULL,NULL,NULL,NULL
7043,2023-05-05 00:00:00,56516INV,B,350,350,0,0,NULL,NULL,NULL,NULL,NULL,NULL
7046,2023-05-05 00:00:00,56448,B,9385.15,8161,1224.15,0,NULL,NULL,NULL,NULL,NULL,NULL
7047,2023-05-05 00:00:00,56484,B,2038.38,1348,690.38,276.152,NULL,NULL,NULL,NULL,NULL,NULL
7048,2023-05-05 00:00:00,56461,B,2149.56,1836.74,312.82,50,NULL,NULL,NULL,NULL,NULL,NULL
7049,2023-05-05 00:00:00,56469,B,3264,2442,822,123.3,NULL,NULL,NULL,NULL,NULL,NULL
7050,2023-05-05 00:00:00,56463,B,2147.7,1400,747.7,299.08,NULL,NULL,NULL,NULL,NULL,NULL
7051,2023-05-05 00:00:00,56405,B,5184,2494,2690,403.5,NULL,NULL,NULL,NULL,NULL,NULL
7052,2023-05-05 00:00:00,56474,B,7545.6,6468.8,1076.8,161.52,NULL,NULL,NULL,NULL,NULL,NULL
7053,2023-05-08 00:00:00,56488,B,3878,3102.4,775.6,310.24,NULL,NULL,NULL,NULL,NULL,NULL
7054,2023-05-09 00:00:00,56490,B,3105,1452.74,1652.26,247.839,NULL,NULL,NULL,NULL,NULL,NULL
7055,2023-05-09 00:00:00,56348,B,10218.5,9401.02,817.48,0,NULL,NULL,NULL,NULL,NULL,NULL
7056,2023-05-09 00:00:00,56418,B,6933.6,6122.4,811.2,0,NULL,NULL,NULL,NULL,NULL,NULL
7057,2023-05-09 00:00:00,56441,B,1449.92,566,883.92,132.588,NULL,NULL,NULL,NULL,NULL,NULL
7058,2023-05-09 00:00:00,56482,B,4434.72,3334.95,1099.77,164.966,NULL,NULL,NULL,NULL,NULL,NULL
7059,2023-05-09 00:00:00,56435,B,2616.6,1615.8,1000.8,400.32,NULL,NULL,NULL,NULL,NULL,NULL
7066,2023-05-11 00:00:00,56497,B,1410,1205,205,0,NULL,NULL,NULL,NULL,NULL,NULL
7067,2023-05-11 00:00:00,56506,B,1836,1293.36,542.64,0,NULL,NULL,NULL,NULL,NULL,NULL
7068,2023-05-11 00:00:00,56496,B,15844.2,14536.8,1307.4,196.11,NULL,NULL,NULL,NULL,NULL,NULL
7069,2023-05-11 00:00:00,56471,B,2103,1010,1093,0,NULL,NULL,NULL,NULL,NULL,NULL
7070,2023-04-07 00:00:00,56297,B,4050.65,3469.8,580.85,0,NULL,NULL,NULL,NULL,NULL,NULL
7071,2023-05-12 00:00:00,56297,A,-2.4,0,-2.4,0,1111,S,-2.4,0,NULL,NULL
7073,2023-05-15 00:00:00,56548INV,B,350,350,0,0,NULL,NULL,NULL,NULL,NULL,NULL
7075,2023-05-15 00:00:00,56550INV,B,350,350,0,0,NULL,NULL,NULL,NULL,NULL,NULL
7077,2023-05-15 00:00:00,56551INV,B,350,350,0,0,NULL,NULL,NULL,NULL,NULL,NULL
7080,2023-05-16 00:00:00,56467,B,0,-200,200,0,NULL,NULL,NULL,NULL,NULL,NULL
7081,2023-05-01 00:00:00,56467INV,B,200,200,0,0,NULL,NULL,NULL,NULL,NULL,NULL
7084,2023-05-16 00:00:00,56525,B,2556,1607,949,0,NULL,NULL,NULL,NULL,NULL,NULL
7085,2023-05-16 00:00:00,56509,B,3090.24,1736,1354.24,0,NULL,NULL,NULL,NULL,NULL,NULL
7086,2023-05-16 00:00:00,56538,B,3096,2079.8,1016.2,102.43,NULL,NULL,NULL,NULL,NULL,NULL
7087,2023-05-16 00:00:00,56513,B,4307.8,3507.3,800.5,120.075,NULL,NULL,NULL,NULL,NULL,NULL
7089,2023-05-16 00:00:00,56500,B,26325.18,24577.6,1747.58,699.032,NULL,NULL,NULL,NULL,NULL,NULL
7091,2023-05-16 00:00:00,56475,B,7682.4,6575.2,1107.2,166.08,NULL,NULL,NULL,NULL,NULL,NULL
7093,2023-05-05 00:00:00,56516,B,0,-350,350,0,NULL,NULL,NULL,NULL,NULL,NULL
7095,2023-05-18 00:00:00,56492,B,2621.31,2139.7,481.61,0,NULL,NULL,NULL,NULL,NULL,NULL
7096,2023-05-18 00:00:00,56493,B,6140.4,5436.45,703.95,0,NULL,NULL,NULL,NULL,NULL,NULL
7097,2023-05-18 00:00:00,56510,B,11910,10322,1588,0,NULL,NULL,NULL,NULL,NULL,NULL
7100,2023-05-19 00:00:00,56545,B,4159.2,1050,3109.2,1243.68,NULL,NULL,NULL,NULL,NULL,NULL
7101,2023-05-19 00:00:00,56539,B,2196,1659.8,536.2,80.43,NULL,NULL,NULL,NULL,NULL,NULL
7102,2023-05-19 00:00:00,56504,B,2209.68,730,1479.68,591.872,NULL,NULL,NULL,NULL,NULL,NULL
7103,2023-05-22 00:00:00,56406INV,B,482.09,482.09,0,0,NULL,NULL,NULL,NULL,NULL,NULL
7105,2023-05-23 00:00:00,56578INV,B,350,350,0,0,NULL,NULL,NULL,NULL,NULL,NULL
7106,2023-05-24 00:00:00,56211,A,0,-2852,2852,0,1298,P,-2852,109496,NULL,NULL
7107,2023-05-15 00:00:00,56550,B,0,-350,350,0,NULL,NULL,NULL,NULL,NULL,NULL
7108,2023-05-15 00:00:00,56551,B,0,-350,350,0,NULL,NULL,NULL,NULL,NULL,NULL
7109,2023-05-15 00:00:00,56548,B,0,-350,350,0,NULL,NULL,NULL,NULL,NULL,NULL
7110,2023-05-05 00:00:00,56230,B,3123.4,2231,892.4,0,NULL,NULL,NULL,NULL,NULL,NULL
7111,2023-05-18 00:00:00,56255,B,3126.4,2344.8,781.6,117.24,NULL,NULL,NULL,NULL,NULL,NULL
7112,2023-05-25 00:00:00,56508,B,9283.95,8073,1210.95,0,NULL,NULL,NULL,NULL,NULL,NULL
7113,2023-05-25 00:00:00,56555,B,3118.05,2014.35,1103.7,165.555,NULL,NULL,NULL,NULL,NULL,NULL
7114,2023-05-25 00:00:00,56258,B,3902.85,2122.3,1780.55,267.083,NULL,NULL,NULL,NULL,NULL,NULL
7115,2023-05-25 00:00:00,56562,B,3918,3134.4,783.6,313.44,NULL,NULL,NULL,NULL,NULL,NULL
7116,2023-05-25 00:00:00,56528,B,2891.52,1657.72,1233.8,493.52,NULL,NULL,NULL,NULL,NULL,NULL
7117,2023-05-25 00:00:00,56392,B,6456,4842,1614,242.1,NULL,NULL,NULL,NULL,NULL,NULL
7118,2023-05-25 00:00:00,56523,B,8992.2,7028.4,1963.8,785.52,NULL,NULL,NULL,NULL,NULL,NULL
7119,2023-05-25 00:00:00,56526,B,965.92,450,515.92,77.388,NULL,NULL,NULL,NULL,NULL,NULL
7120,2023-04-11 00:00:00,56386,B,7394.36,7394.36,0,0,NULL,NULL,NULL,NULL,NULL,NULL
7121,2023-04-19 00:00:00,56443,B,7324.7,7324.7,0,0,NULL,NULL,NULL,NULL,NULL,NULL
7122,2023-05-26 00:00:00,56576,B,2916,2131.8,784.2,0,NULL,NULL,NULL,NULL,NULL,NULL
7124,2023-05-26 00:00:00,56491,B,3870.95,3088.65,782.3,50,NULL,NULL,NULL,NULL,NULL,NULL
7125,2023-05-26 00:00:00,56521,B,6034.4,2955.6,3078.8,461.82,NULL,NULL,NULL,NULL,NULL,NULL
7126,2023-05-26 00:00:00,56543,B,1824,1100,724,0,NULL,NULL,NULL,NULL,NULL,NULL
7129,2023-05-26 00:00:00,56385A,B,9425.4,8344.05,1081.35,0,NULL,NULL,NULL,NULL,NULL,NULL
7130,2023-05-03 00:00:00,56386,A,0,-150,150,0,1620,P,-150,109524,NULL,NULL
7131,2023-05-26 00:00:00,56386A,B,9469.1,8436.42,1032.68,0,NULL,NULL,NULL,NULL,NULL,NULL
7132,2023-05-26 00:00:00,56542,B,1554,1246,308,123.2,NULL,NULL,NULL,NULL,NULL,NULL
7133,2023-05-26 00:00:00,56529,B,2743.5,1706.6,1036.9,414.76,NULL,NULL,NULL,NULL,NULL,NULL
7134,2023-05-30 00:00:00,56472,B,1905,1010,895,0,NULL,NULL,NULL,NULL,NULL,NULL
7135,2023-05-30 00:00:00,56566,B,2928.8,1878.4,1050.4,0,NULL,NULL,NULL,NULL,NULL,NULL
7136,2023-06-02 00:00:00,56571,B,9067.75,7885,1182.75,0,NULL,NULL,NULL,NULL,NULL,NULL
7137,2023-06-02 00:00:00,56575,B,9206.65,8427.7,778.95,0,NULL,NULL,NULL,NULL,NULL,NULL
7138,2023-06-02 00:00:00,56547,B,3632.84,1050,2582.84,1033.136,NULL,NULL,NULL,NULL,NULL,NULL
7139,2023-06-02 00:00:00,56572,B,5781,1927,3854,50,NULL,NULL,NULL,NULL,NULL,NULL
7140,2023-06-02 00:00:00,56587,B,9590,8822.8,767.2,0,NULL,NULL,NULL,NULL,NULL,NULL
7141,2023-06-02 00:00:00,56546,B,3677.8,2331.6,1346.2,538.48,NULL,NULL,NULL,NULL,NULL,NULL
7143,2023-06-02 00:00:00,56530,B,1896,1480.6,415.4,166.16,NULL,NULL,NULL,NULL,NULL,NULL
7144,2023-06-02 00:00:00,56531,B,1946.28,1464.88,481.4,192.56,NULL,NULL,NULL,NULL,NULL,NULL
7145,2023-06-02 00:00:00,56512,B,511.39,356.89,154.5,0,NULL,NULL,NULL,NULL,NULL,NULL
7146,2023-06-02 00:00:00,56522,B,1903,611.2,1291.8,50,NULL,NULL,NULL,NULL,NULL,NULL
7152,2023-05-17 00:00:00,56505,B,1322.4,760,562.4,224.96,NULL,NULL,NULL,NULL,NULL,NULL
7153,2023-05-11 00:00:00,56505INV,B,250,250,0,0,NULL,NULL,NULL,NULL,NULL,NULL
7154,2023-06-02 00:00:00,56485,B,2084.55,2053.5,31.05,0,NULL,NULL,NULL,NULL,NULL,NULL
7155,2023-06-02 00:00:00,56591,B,6598.8,3666,2932.8,1173.12,NULL,NULL,NULL,NULL,NULL,NULL
7156,2023-06-02 00:00:00,56495,B,18430.72,16378.5,2052.22,0,NULL,NULL,NULL,NULL,NULL,NULL
7159,2023-06-02 00:00:00,56498,B,6982.4,5464,1518.4,0,NULL,NULL,NULL,NULL,NULL,NULL
7160,2023-06-02 00:00:00,56483,B,7097.6,5671,1426.6,213.99,NULL,NULL,NULL,NULL,NULL,NULL
7161,2023-06-02 00:00:00,56563,B,3996,3179.2,816.8,326.72,NULL,NULL,NULL,NULL,NULL,NULL
7162,2023-06-02 00:00:00,56407,B,0,260.94,-260.94,0,NULL,NULL,NULL,NULL,NULL,NULL
7163,2023-06-02 00:00:00,56537,B,8904.5,7690.25,1214.25,485.7,NULL,NULL,NULL,NULL,NULL,NULL
7164,2023-06-02 00:00:00,56541,B,3838.75,2825,1013.75,405.5,NULL,NULL,NULL,NULL,NULL,NULL
7165,2023-06-02 00:00:00,56514,B,2819.4,1794.2,1025.2,410.08,NULL,NULL,NULL,NULL,NULL,NULL
7166,2023-06-02 00:00:00,56564,B,12583.2,11280.5,1302.7,521.08,NULL,NULL,NULL,NULL,NULL,NULL
7167,2023-06-02 00:00:00,56476,B,7500,6388,1112,166.8,NULL,NULL,NULL,NULL,NULL,NULL
7168,2023-06-02 00:00:00,56515,B,554,300,254,0,NULL,NULL,NULL,NULL,NULL,NULL
7170,2023-05-09 00:00:00,56460,B,4872.4,2945.6,1926.8,770.72,NULL,NULL,NULL,NULL,NULL,NULL
7171,2023-05-26 00:00:00,56376INV,B,477.42,477.42,0,0,NULL,NULL,NULL,NULL,NULL,NULL
7173,2023-06-02 00:00:00,56567,B,3080.64,2032.24,1048.4,0,NULL,NULL,NULL,NULL,NULL,NULL
7174,2023-04-22 00:00:00,56350,A,0,186.73,-186.73,0,1428,P,186.73,109580,NULL,NULL
7175,2023-05-23 00:00:00,56578,B,0,550,-550,0,NULL,NULL,NULL,NULL,NULL,NULL
7176,2023-06-07 00:00:00,56594,B,0,0,0,0,NULL,NULL,NULL,NULL,NULL,NULL
7177,2023-06-07 00:00:00,56601,B,1782,1503.5,278.5,0,NULL,NULL,NULL,NULL,NULL,NULL
7178,2023-06-07 00:00:00,56593,B,6697.6,5286,1411.6,0,NULL,NULL,NULL,NULL,NULL,NULL
7179,2023-06-07 00:00:00,56585,B,3736,2988.8,747.2,298.88,NULL,NULL,NULL,NULL,NULL,NULL
7180,2023-06-07 00:00:00,56586,B,3906,3124.8,781.2,312.48,NULL,NULL,NULL,NULL,NULL,NULL
7181,2023-06-07 00:00:00,56565,B,11379.69,10115.28,1264.41,505.764,NULL,NULL,NULL,NULL,NULL,NULL
7183,2023-06-08 00:00:00,56577,B,3236.4,2306.7,929.7,0,NULL,NULL,NULL,NULL,NULL,NULL
7184,2023-06-08 00:00:00,56507,B,994.02,690.16,303.86,0,NULL,NULL,NULL,NULL,NULL,NULL
7185,2023-06-08 00:00:00,56573,B,4788,3529.15,1258.85,0,NULL,NULL,NULL,NULL,NULL,NULL
7186,2023-06-08 00:00:00,56611,B,7388.2,6249.8,1138.4,170.76,NULL,NULL,NULL,NULL,NULL,NULL
7187,2023-02-13 00:00:00,56169,A,0,1450,-1450,0,1299,P,1450,109681,NULL,NULL
7188,2023-06-13 00:00:00,56600,B,1795.5,1475,320.5,128.2,NULL,NULL,NULL,NULL,NULL,NULL
7189,2023-06-13 00:00:00,56614,B,1713.96,1200,513.96,205.584,NULL,NULL,NULL,NULL,NULL,NULL
7190,2023-06-13 00:00:00,56520,B,5878.5,4702.8,1175.7,470.28,NULL,NULL,NULL,NULL,NULL,NULL
7191,2023-06-13 00:00:00,56568,B,5268.9,2940.38,2328.52,0,NULL,NULL,NULL,NULL,NULL,NULL
7193,2024-02-26 00:00:00,56375,A,0,-517.99,517.99,0,1299,P,-517.99,110570,NULL,NULL
7194,2023-05-04 00:00:00,56375,B,1717.02,2253.46,-536.44,0,NULL,NULL,NULL,NULL,NULL,NULL
7195,2023-06-13 00:00:00,56544,B,2094.75,1633.2,461.55,69.233,NULL,NULL,NULL,NULL,NULL,NULL
7196,2023-06-14 00:00:00,56524,B,3800.44,3646.93,153.51,0,NULL,NULL,NULL,NULL,NULL,NULL
7197,2023-06-15 00:00:00,56653,B,900,0,900,0,NULL,NULL,NULL,NULL,NULL,NULL
7198,2023-02-23 00:00:00,56211,A,0,652,-652,0,1298,P,652,109607,NULL,NULL
7199,2023-06-15 00:00:00,56579,B,0,0,0,0,NULL,NULL,NULL,NULL,NULL,NULL
7200,2023-06-15 00:00:00,56442,B,1612.4,566,1046.4,156.96,NULL,NULL,NULL,NULL,NULL,NULL
7201,2023-06-15 00:00:00,56602,B,2262,1490.2,771.8,115.77,NULL,NULL,NULL,NULL,NULL,NULL
7202,2023-06-15 00:00:00,56590,B,528,0,528,0,NULL,NULL,NULL,NULL,NULL,NULL
7203,2023-05-26 00:00:00,56376,B,-977.64,-477.42,-500.22,0,NULL,NULL,NULL,NULL,NULL,NULL
7204,2023-06-16 00:00:00,56588,B,6411,5556.2,854.8,0,NULL,NULL,NULL,NULL,NULL,NULL
7205,2023-06-16 00:00:00,56629,B,1567.44,1325,242.44,96.976,NULL,NULL,NULL,NULL,NULL,NULL
7206,2023-06-16 00:00:00,56616,B,-291.2,-400,108.8,0,NULL,NULL,NULL,NULL,NULL,NULL
7208,2023-06-20 00:00:00,56625,B,1872,1230,642,256.8,NULL,NULL,NULL,NULL,NULL,NULL
7209,2023-06-20 00:00:00,56646,B,11719.12,10882.04,837.08,334.832,NULL,NULL,NULL,NULL,NULL,NULL
7214,2023-04-03 00:00:00,56350,B,3735.65,3735.65,0,0,NULL,NULL,NULL,NULL,NULL,NULL
7215,2023-06-20 00:00:00,56511,B,13996.72,8306.05,5690.67,0,NULL,NULL,NULL,NULL,NULL,NULL
7216,2023-06-21 00:00:00,56638,B,9126.4,7936,1190.4,0,NULL,NULL,NULL,NULL,NULL,NULL
7217,2023-06-22 00:00:00,56348,A,-0.5,0,-0.5,0,1636,S,-0.5,0,NULL,NULL
7218,2023-06-22 00:00:00,56622,B,6345,5020.8,1324.2,529.68,NULL,NULL,NULL,NULL,NULL,NULL
7219,2023-06-22 00:00:00,56615,B,2535,1150,1385,554,NULL,NULL,NULL,NULL,NULL,NULL
7220,2023-06-22 00:00:00,56609,B,2624,665,1959,0,NULL,NULL,NULL,NULL,NULL,NULL
7221,2023-06-22 00:00:00,56604,B,2849,2136,713,285.2,NULL,NULL,NULL,NULL,NULL,NULL
7222,2023-06-22 00:00:00,56626,B,962.46,295.95,666.51,99.977,NULL,NULL,NULL,NULL,NULL,NULL
7223,2023-06-22 00:00:00,56627,B,928.1,450,478.1,71.715,NULL,NULL,NULL,NULL,NULL,NULL
7224,2023-06-23 00:00:00,56647,B,1607.4,1131.22,476.18,0,NULL,NULL,NULL,NULL,NULL,NULL
7225,2023-06-23 00:00:00,56648,B,1756.59,1328.65,427.94,0,NULL,NULL,NULL,NULL,NULL,NULL
7226,2023-06-23 00:00:00,56650,B,2062.8,1000,1062.8,0,NULL,NULL,NULL,NULL,NULL,NULL
7227,2023-06-23 00:00:00,56613,B,899.12,451.08,448.04,67.206,NULL,NULL,NULL,NULL,NULL,NULL
7228,2023-06-23 00:00:00,56620,B,3970,3059.2,910.8,364.32,NULL,NULL,NULL,NULL,NULL,NULL
7229,2023-06-23 00:00:00,56641,B,2006.52,1650.6,355.92,142.368,NULL,NULL,NULL,NULL,NULL,NULL
7230,2023-06-23 00:00:00,56603,B,6525,3000,3525,528.75,NULL,NULL,NULL,NULL,NULL,NULL
7231,2023-06-24 00:00:00,56621,B,3854,3083.2,770.8,308.32,NULL,NULL,NULL,NULL,NULL,NULL
7232,2023-06-24 00:00:00,56624,B,7357.6,5028.8,2328.8,931.52,NULL,NULL,NULL,NULL,NULL,NULL
7233,2023-06-08 00:00:00,56609INV,B,325,325,0,0,NULL,NULL,NULL,NULL,NULL,NULL
7234,2023-03-29 00:00:00,56301INV,B,369.57,369.57,0,0,NULL,NULL,NULL,NULL,NULL,NULL
7235,2023-06-27 00:00:00,56649,B,855,571.63,283.37,0,NULL,NULL,NULL,NULL,NULL,NULL
7237,2023-06-27 00:00:00,56661,B,5169.6,2872,2297.6,919.04,NULL,NULL,NULL,NULL,NULL,NULL
7239,2023-05-16 00:00:00,56504INV,B,350,350,0,0,NULL,NULL,NULL,NULL,NULL,NULL
7240,2023-03-28 00:00:00,56334INV,B,900,900,0,0,NULL,NULL,NULL,NULL,NULL,NULL
7241,2023-06-28 00:00:00,56633,B,696,605.36,90.64,36.256,NULL,NULL,NULL,NULL,NULL,NULL
7242,2023-06-28 00:00:00,56569,B,1023.04,846.72,176.32,26.448,NULL,NULL,NULL,NULL,NULL,NULL
7243,2023-06-28 00:00:00,56654,B,3044.8,2671.2,373.6,149.44,NULL,NULL,NULL,NULL,NULL,NULL
7244,2023-06-28 00:00:00,56657,B,3289.6,2878.4,411.2,164.48,NULL,NULL,NULL,NULL,NULL,NULL
7245,2023-06-28 00:00:00,56639,B,1842.12,1450,392.12,156.848,NULL,NULL,NULL,NULL,NULL,NULL
7246,2023-06-30 00:00:00,56599,B,11534.88,9614.86,1920.02,768.008,NULL,NULL,NULL,NULL,NULL,NULL
7247,2023-06-30 00:00:00,56660,B,6291.2,4718.4,1572.8,235.92,NULL,NULL,NULL,NULL,NULL,NULL
7248,2023-06-30 00:00:00,56540,B,1212,993.17,218.83,32.825,NULL,NULL,NULL,NULL,NULL,NULL
7249,2023-06-28 00:00:00,56636,B,0,500,-500,0,NULL,NULL,NULL,NULL,NULL,NULL
7250,2023-06-30 00:00:00,56619,B,1903.5,985,918.5,0,NULL,NULL,NULL,NULL,NULL,NULL
7251,2023-06-30 00:00:00,56642,B,2084.28,1730.16,354.12,141.648,NULL,NULL,NULL,NULL,NULL,NULL
7252,2023-06-30 00:00:00,56643,B,1755.45,1633,122.45,48.98,NULL,NULL,NULL,NULL,NULL,NULL
7253,2023-06-30 00:00:00,56645,B,1966.8,1674.6,292.2,116.88,NULL,NULL,NULL,NULL,NULL,NULL
7254,2023-06-30 00:00:00,56671,B,6260.94,5379.7,881.24,132.186,NULL,NULL,NULL,NULL,NULL,NULL
7255,2023-06-30 00:00:00,56635,B,1542.99,725,817.99,0,NULL,NULL,NULL,NULL,NULL,NULL
7256,2023-06-30 00:00:00,56659,B,2776.2,1586.4,1189.8,178.47,NULL,NULL,NULL,NULL,NULL,NULL
7257,2023-04-21 00:00:00,56401,B,9628.1,8632.89,995.21,0,NULL,NULL,NULL,NULL,NULL,NULL
7258,2023-04-26 00:00:00,56371,B,5856.17,5449.99,406.18,0,NULL,NULL,NULL,NULL,NULL,NULL
7259,2023-07-06 00:00:00,56674,B,7167.6,6316.2,851.4,127.71,NULL,NULL,NULL,NULL,NULL,NULL
7260,2023-06-19 00:00:00,56608,B,0,-185,185,27.75,NULL,NULL,NULL,NULL,NULL,NULL
7261,2023-06-01 00:00:00,56608INV,B,750,750,0,0,NULL,NULL,NULL,NULL,NULL,NULL
7262,2023-07-06 00:00:00,56656,B,2992,2592.8,399.2,159.68,NULL,NULL,NULL,NULL,NULL,NULL
7263,2023-02-13 00:00:00,56169INV,B,-1450,-1450,0,0,NULL,NULL,NULL,NULL,NULL,NULL
7264,2023-06-02 00:00:00,56351,B,0,0,0,0,NULL,NULL,NULL,NULL,NULL,NULL
7265,2023-06-02 00:00:00,56352,B,0,0,0,0,NULL,NULL,NULL,NULL,NULL,NULL
7267,2023-06-27 00:00:00,56637,B,7632.68,7632.68,0,0,NULL,NULL,NULL,NULL,NULL,NULL
7268,2023-05-31 00:00:00,56570,B,7988,7988,0,0,NULL,NULL,NULL,NULL,NULL,NULL
7269,2023-07-11 00:00:00,56443A,B,9496.7,8419.74,1076.96,0,NULL,NULL,NULL,NULL,NULL,NULL
7270,2023-07-11 00:00:00,56651,B,1672.56,1350,322.56,129.024,NULL,NULL,NULL,NULL,NULL,NULL
7271,2023-07-11 00:00:00,56687,B,1961.84,1347.92,613.92,0,NULL,NULL,NULL,NULL,NULL,NULL
7272,2023-07-11 00:00:00,56634,B,10752.5,9487.5,1265,189.75,NULL,NULL,NULL,NULL,NULL,NULL
7273,2023-07-11 00:00:00,56658,B,7185.6,6712.4,473.2,0,NULL,NULL,NULL,NULL,NULL,NULL
7274,2023-07-11 00:00:00,56686,B,775.12,585,190.12,76.048,NULL,NULL,NULL,NULL,NULL,NULL
7275,2023-07-11 00:00:00,56670,B,1219.9,554.5,665.4,99.81,NULL,NULL,NULL,NULL,NULL,NULL
7278,2023-07-16 00:00:00,56688,B,6321.6,3825.7,2495.9,0,NULL,NULL,NULL,NULL,NULL,NULL
7279,2023-07-16 00:00:00,56662,B,6289.2,3496,2793.2,1117.28,NULL,NULL,NULL,NULL,NULL,NULL
7280,2023-07-16 00:00:00,56678,B,4132,2619.3,1512.7,226.905,NULL,NULL,NULL,NULL,NULL,NULL
7281,2023-07-16 00:00:00,56628,B,3283.92,2052.45,1231.47,0,NULL,NULL,NULL,NULL,NULL,NULL
7282,2023-07-15 00:00:00,56612,B,25.9,-200,225.9,0,NULL,NULL,NULL,NULL,NULL,NULL
7283,2023-07-17 00:00:00,56612INV,B,200,200,0,0,NULL,NULL,NULL,NULL,NULL,NULL
7284,2023-06-09 00:00:00,56616INV,B,400,400,0,0,NULL,NULL,NULL,NULL,NULL,NULL
7285,2023-07-18 00:00:00,56351INV,B,1335,1335,0,0,NULL,NULL,NULL,NULL,NULL,NULL
7286,2023-07-18 00:00:00,56352INV,B,1335,1335,0,0,NULL,NULL,NULL,NULL,NULL,NULL
7287,2023-07-19 00:00:00,56630,B,915.6,949.47,-33.87,0,NULL,NULL,NULL,NULL,NULL,NULL
7288,2023-07-19 00:00:00,56685,B,6553.6,5529.6,1024,0,NULL,NULL,NULL,NULL,NULL,NULL
7289,2023-07-19 00:00:00,56666,B,17732.5,16447.54,1284.96,513.984,NULL,NULL,NULL,NULL,NULL,NULL
7290,2023-07-19 00:00:00,56665,B,11620,10790,830,332,NULL,NULL,NULL,NULL,NULL,NULL
7291,2023-07-19 00:00:00,56535,B,-1000,-785,-215,-32.25,NULL,NULL,NULL,NULL,NULL,NULL
7292,2023-07-19 00:00:00,56702,B,12139.4,11302.2,837.2,0,NULL,NULL,NULL,NULL,NULL,NULL
7293,2023-07-19 00:00:00,56664,B,6234,5496,738,0,NULL,NULL,NULL,NULL,NULL,NULL
7294,2023-06-07 00:00:00,56534,B,-1000,-785,-215,-32.25,NULL,NULL,NULL,NULL,NULL,NULL
7295,2023-07-20 00:00:00,56570A,B,9637,8560.61,1076.39,0,NULL,NULL,NULL,NULL,NULL,NULL
7296,2023-07-20 00:00:00,56700,B,1654.32,1562.52,91.8,0,NULL,NULL,NULL,NULL,NULL,NULL
7297,2023-07-20 00:00:00,56679,B,2411.28,1300,1111.28,444.512,NULL,NULL,NULL,NULL,NULL,NULL
7298,2023-07-20 00:00:00,56502,B,5949.32,3889.94,2059.38,0,NULL,NULL,NULL,NULL,NULL,NULL
7299,2023-07-21 00:00:00,56532,B,2125,1275,850,0,NULL,NULL,NULL,NULL,NULL,NULL
7300,2023-07-22 00:00:00,56711,B,1704.2,1180,524.2,209.68,NULL,NULL,NULL,NULL,NULL,NULL
7302,2023-07-22 00:00:00,56689,B,13280.15,12462.91,817.24,0,NULL,NULL,NULL,NULL,NULL,NULL
7303,2023-07-22 00:00:00,56680,B,1553.6,1278,275.6,110.24,NULL,NULL,NULL,NULL,NULL,NULL
7304,2023-07-22 00:00:00,56708,B,1827.1,1162.7,664.4,99.66,NULL,NULL,NULL,NULL,NULL,NULL
7305,2023-07-22 00:00:00,56652,B,4133.6,3698.25,435.35,0,NULL,NULL,NULL,NULL,NULL,NULL
7306,2023-07-25 00:00:00,56663,B,4572,2540,2032,812.8,NULL,NULL,NULL,NULL,NULL,NULL
7307,2023-07-25 00:00:00,56690,B,6439.6,5303.2,1136.4,0,NULL,NULL,NULL,NULL,NULL,NULL
7308,2023-07-25 00:00:00,56715,B,8220.6,5689,2531.6,0,NULL,NULL,NULL,NULL,NULL,NULL
7309,2023-03-01 00:00:00,56227,B,4815.1,4815.1,0,0,NULL,NULL,NULL,NULL,NULL,NULL
7311,2023-03-03 00:00:00,56229,B,3929.35,3929.35,0,0,NULL,NULL,NULL,NULL,NULL,NULL
7312,2023-03-01 00:00:00,56226,B,5207.54,5207.54,0,0,NULL,NULL,NULL,NULL,NULL,NULL
7313,2023-07-27 00:00:00,55434,A,-3293.94,0,-3293.94,0,1299,S,-3293.94,0,NULL,NULL
7314,2023-07-27 00:00:00,56701,B,1186.68,1195,-8.32,0,NULL,NULL,NULL,NULL,NULL,NULL
7315,2023-07-27 00:00:00,56699,B,9719.84,8136.44,1583.4,0,NULL,NULL,NULL,NULL,NULL,NULL
7316,2023-07-27 00:00:00,56691,B,4676,3036,1640,656,NULL,NULL,NULL,NULL,NULL,NULL
7317,2023-07-28 00:00:00,56707,B,988.17,450,538.17,80.726,NULL,NULL,NULL,NULL,NULL,NULL
7318,2023-02-28 00:00:00,56225,B,5609.62,5609.62,0,0,NULL,NULL,NULL,NULL,NULL,NULL
7319,2023-08-01 00:00:00,56705,B,2560,1044.85,1515.15,0,NULL,NULL,NULL,NULL,NULL,NULL
7320,2023-08-01 00:00:00,56724,B,2757.6,2031,726.6,108.99,NULL,NULL,NULL,NULL,NULL,NULL
7321,2023-08-01 00:00:00,56730,B,1228.8,1132,96.8,38.72,NULL,NULL,NULL,NULL,NULL,NULL
7322,2023-08-01 00:00:00,56736,B,1387.36,586,801.36,320.544,NULL,NULL,NULL,NULL,NULL,NULL
7323,2023-08-01 00:00:00,56729,B,1513.2,1205,308.2,123.28,NULL,NULL,NULL,NULL,NULL,NULL
7324,2023-08-01 00:00:00,56709,B,7506,6267.15,1238.85,495.54,NULL,NULL,NULL,NULL,NULL,NULL
7325,2023-06-27 00:00:00,56655,B,2121,1836.4,284.6,113.84,NULL,NULL,NULL,NULL,NULL,NULL
7326,2023-08-02 00:00:00,56697,B,427.5,0,427.5,64.125,NULL,NULL,NULL,NULL,NULL,NULL
7327,2023-08-03 00:00:00,56608R,B,161.8,800,-638.2,-95.73,NULL,NULL,NULL,NULL,NULL,NULL
7328,2023-08-03 00:00:00,56713,B,2177.5,1675,502.5,0,NULL,NULL,NULL,NULL,NULL,NULL
7329,2023-07-27 00:00:00,56736INV,B,250,250,0,0,NULL,NULL,NULL,NULL,NULL,NULL
7330,2023-08-04 00:00:00,56732,B,1095.12,707,388.12,0,NULL,NULL,NULL,NULL,NULL,NULL
7331,2023-08-04 00:00:00,56734,B,1192.4,742,450.4,0,NULL,NULL,NULL,NULL,NULL,NULL
7332,2023-08-04 00:00:00,56733,B,1287.36,796,491.36,0,NULL,NULL,NULL,NULL,NULL,NULL
7333,2023-08-04 00:00:00,56741,B,1726.08,1180,546.08,218.432,NULL,NULL,NULL,NULL,NULL,NULL
7334,2023-08-04 00:00:00,56692,B,2086,1400.6,685.4,0,NULL,NULL,NULL,NULL,NULL,NULL
7335,2023-08-04 00:00:00,56745,B,7381.4,5173.6,2207.8,883.12,NULL,NULL,NULL,NULL,NULL,NULL
7336,2023-08-07 00:00:00,56748,B,1068.12,963.09,105.03,0,NULL,NULL,NULL,NULL,NULL,NULL
7337,2023-08-07 00:00:00,56747,B,1432.2,1281.16,151.04,0,NULL,NULL,NULL,NULL,NULL,NULL
7339,2023-06-07 00:00:00,56613INV,B,178.92,178.92,0,0,NULL,NULL,NULL,NULL,NULL,NULL
7340,2022-12-19 00:00:00,56019INV,B,64.5,64.5,0,0,NULL,NULL,NULL,NULL,NULL,NULL
7341,2023-06-12 00:00:00,56626INV,B,154.05,154.05,0,0,NULL,NULL,NULL,NULL,NULL,NULL
7342,2023-08-10 00:00:00,56716,B,50.39,-200,250.39,0,NULL,NULL,NULL,NULL,NULL,NULL
7343,2023-07-26 00:00:00,56716INV,B,200,200,0,0,NULL,NULL,NULL,NULL,NULL,NULL
7344,2023-05-17 00:00:00,56534INV,B,985,985,0,0,NULL,NULL,NULL,NULL,NULL,NULL
7345,2023-05-18 00:00:00,56535INV,B,985,985,0,0,NULL,NULL,NULL,NULL,NULL,NULL
7347,2023-08-10 00:00:00,56727,B,6203.4,4079.56,2123.84,0,NULL,NULL,NULL,NULL,NULL,NULL
7348,2023-08-10 00:00:00,56731,B,6871.4,4850.4,2021,303.15,NULL,NULL,NULL,NULL,NULL,NULL
7349,2023-08-10 00:00:00,56735,B,7318.8,4066,3252.8,1301.12,NULL,NULL,NULL,NULL,NULL,NULL
7350,2023-08-10 00:00:00,56757,B,0,-350,350,0,NULL,NULL,NULL,NULL,NULL,NULL
7351,2023-08-11 00:00:00,56763,B,1466.48,1331.2,135.28,0,NULL,NULL,NULL,NULL,NULL,NULL
7352,2023-08-11 00:00:00,56753,B,1559.04,1180,379.04,151.616,NULL,NULL,NULL,NULL,NULL,NULL
7353,2023-08-14 00:00:00,56693,B,24.7,-200,224.7,0,NULL,NULL,NULL,NULL,NULL,NULL
7354,2023-07-18 00:00:00,56693INV,B,200,200,0,0,NULL,NULL,NULL,NULL,NULL,NULL
7355,2023-08-08 00:00:00,56757INV,B,350,350,0,0,NULL,NULL,NULL,NULL,NULL,NULL
7356,2023-05-05 00:00:00,56256,B,3206.4,2404.8,801.6,120.24,NULL,NULL,NULL,NULL,NULL,NULL
7357,2023-08-16 00:00:00,56706,B,71.82,35.91,35.91,0,NULL,NULL,NULL,NULL,NULL,NULL
7358,2023-08-16 00:00:00,56710,B,2068,975,1093,437.2,NULL,NULL,NULL,NULL,NULL,NULL
7359,2023-08-17 00:00:00,56777,B,4030,3224,806,120.9,NULL,NULL,NULL,NULL,NULL,NULL
7360,2023-08-18 00:00:00,56473,B,1326.08,925,401.08,0,NULL,NULL,NULL,NULL,NULL,NULL
7361,2023-08-18 00:00:00,56767,B,1586.4,1412.4,174,0,NULL,NULL,NULL,NULL,NULL,NULL
7362,2023-08-18 00:00:00,56764,B,1315.6,598,717.6,107.64,NULL,NULL,NULL,NULL,NULL,NULL
7363,2023-08-18 00:00:00,56744,B,2863.28,1441.64,1421.64,213.246,NULL,NULL,NULL,NULL,NULL,NULL
7364,2023-08-18 00:00:00,56789,B,1269.6,600,669.6,0,NULL,NULL,NULL,NULL,NULL,NULL
7365,2023-08-21 00:00:00,56672,B,5909.4,4727.52,1181.88,472.752,NULL,NULL,NULL,NULL,NULL,NULL
7366,2023-08-21 00:00:00,56775,B,9411.84,7737.68,1674.16,669.664,NULL,NULL,NULL,NULL,NULL,NULL
7367,2023-08-21 00:00:00,56749,B,988.2,525,463.2,0,NULL,NULL,NULL,NULL,NULL,NULL
7368,2023-08-21 00:00:00,56750,B,1049.4,525,524.4,0,NULL,NULL,NULL,NULL,NULL,NULL
7369,2023-08-21 00:00:00,56740,B,798.66,500,298.66,44.799,NULL,NULL,NULL,NULL,NULL,NULL
7370,2023-08-21 00:00:00,56796,B,1380,400,980,0,NULL,NULL,NULL,NULL,NULL,NULL
7371,2023-08-22 00:00:00,56766,B,1255.68,586,669.68,267.872,NULL,NULL,NULL,NULL,NULL,NULL
7372,2023-08-23 00:00:00,56756,B,14785.2,13186.8,1598.4,0,NULL,NULL,NULL,NULL,NULL,NULL
7373,2023-08-23 00:00:00,56762,B,5888.4,4626.6,1261.8,0,NULL,NULL,NULL,NULL,NULL,NULL
7374,2023-08-23 00:00:00,56784,B,1685,662,1023,153.45,NULL,NULL,NULL,NULL,NULL,NULL
7375,2023-06-23 00:00:00,56633INV,B,682.64,682.64,0,0,NULL,NULL,NULL,NULL,NULL,NULL
7376,2023-08-24 00:00:00,56742,B,7640,6685,955,0,NULL,NULL,NULL,NULL,NULL,NULL
7377,2023-08-24 00:00:00,56743,B,7612,6660.5,951.5,0,NULL,NULL,NULL,NULL,NULL,NULL
7378,2023-08-24 00:00:00,56758,B,3868.6,2708.02,1160.58,0,NULL,NULL,NULL,NULL,NULL,NULL
7379,2023-08-24 00:00:00,56768,B,7218.2,5095.2,2123,318.45,NULL,NULL,NULL,NULL,NULL,NULL
7380,2023-08-24 00:00:00,56746,B,5513.1,4058,1455.1,582.04,NULL,NULL,NULL,NULL,NULL,NULL
7381,2023-08-24 00:00:00,56760,B,1707,425,1282,0,NULL,NULL,NULL,NULL,NULL,NULL
7382,2023-08-24 00:00:00,56801,B,0,-350,350,0,NULL,NULL,NULL,NULL,NULL,NULL
7383,2023-08-15 00:00:00,56801INV,B,350,350,0,0,NULL,NULL,NULL,NULL,NULL,NULL
7384,2023-08-25 00:00:00,56790,B,900,600,300,0,NULL,NULL,NULL,NULL,NULL,NULL
7385,2023-08-25 00:00:00,56797,B,1095,400,695,0,NULL,NULL,NULL,NULL,NULL,NULL
7386,2023-08-28 00:00:00,56755,B,1182.32,1054.08,128.24,0,NULL,NULL,NULL,NULL,NULL,NULL
7387,2023-08-28 00:00:00,56815,B,1498.56,1300,198.56,79.424,NULL,NULL,NULL,NULL,NULL,NULL
7388,2023-08-28 00:00:00,56809,B,3946.05,2534.58,1411.47,0,NULL,NULL,NULL,NULL,NULL,NULL
7389,2023-08-28 00:00:00,56773,B,5130.4,3562,1568.4,235.26,NULL,NULL,NULL,NULL,NULL,NULL
7390,2023-08-28 00:00:00,56696,B,1450,825,625,93.75,NULL,NULL,NULL,NULL,NULL,NULL
7391,2023-08-30 00:00:00,56814,B,5203.63,3101.45,2102.18,315.327,NULL,NULL,NULL,NULL,NULL,NULL
7392,2023-08-30 00:00:00,56722,B,1157.46,926.84,230.62,0,NULL,NULL,NULL,NULL,NULL,NULL
7393,2023-08-30 00:00:00,56759,B,6456.8,5073.2,1383.6,0,NULL,NULL,NULL,NULL,NULL,NULL
7394,2023-08-30 00:00:00,56834,B,1094.4,400,694.4,0,NULL,NULL,NULL,NULL,NULL,NULL
7395,2023-07-28 00:00:00,56738,B,837,837,0,0,NULL,NULL,NULL,NULL,NULL,NULL
7396,2023-08-18 00:00:00,56225,A,0,127.99,-127.99,0,1975,P,127.99,109867,NULL,NULL
7397,2023-08-18 00:00:00,56227,A,0,127.99,-127.99,0,1975,P,127.99,109868,NULL,NULL
7398,2023-08-18 00:00:00,56226,A,0,127.99,-127.99,0,1975,P,127.99,109869,NULL,NULL
7399,2023-08-18 00:00:00,56229,A,0,127.99,-127.99,0,1975,P,127.99,109870,NULL,NULL
7400,2023-08-18 00:00:00,56228,A,0,128,-128,0,1975,P,128,109871,NULL,NULL
7402,2023-08-31 00:00:00,56813,B,1851.36,1205,646.36,258.544,NULL,NULL,NULL,NULL,NULL,NULL
7403,2023-09-06 00:00:00,56812,B,888.96,347.08,541.88,0,NULL,NULL,NULL,NULL,NULL,NULL
7404,2023-09-06 00:00:00,56817,B,9295.92,8133.93,1161.99,0,NULL,NULL,NULL,NULL,NULL,NULL
7405,2023-09-06 00:00:00,56818,B,9612,8410.5,1201.5,0,NULL,NULL,NULL,NULL,NULL,NULL
7407,2023-09-06 00:00:00,56723,B,7800,5980,1820,273,NULL,NULL,NULL,NULL,NULL,NULL
7408,2023-09-06 00:00:00,56259,B,3701.16,2372.48,1328.68,199.302,NULL,NULL,NULL,NULL,NULL,NULL
7409,2023-09-06 00:00:00,56770,B,5009.4,2568,2441.4,0,NULL,NULL,NULL,NULL,NULL,NULL
7410,2023-09-06 00:00:00,56726,B,4914.54,3485.01,1429.53,0,NULL,NULL,NULL,NULL,NULL,NULL
7412,2023-08-31 00:00:00,56819,B,3420,2160,1260,189,NULL,NULL,NULL,NULL,NULL,NULL
7413,2023-09-06 00:00:00,56786,B,1799.96,1170,629.96,251.984,NULL,NULL,NULL,NULL,NULL,NULL
7414,2023-09-07 00:00:00,56825,B,4582.6,3463,1119.6,167.94,NULL,NULL,NULL,NULL,NULL,NULL
7420,2023-08-31 00:00:00,56766INV,B,250,250,0,0,NULL,NULL,NULL,NULL,NULL,NULL
7421,2023-09-11 00:00:00,56802,B,3361.6,1991.36,1370.24,0,NULL,NULL,NULL,NULL,NULL,NULL
7422,2023-09-11 00:00:00,56804,B,3510.4,1755.2,1755.2,0,NULL,NULL,NULL,NULL,NULL,NULL
7424,2023-09-11 00:00:00,56808,B,3197.6,913.6,2284,913.6,NULL,NULL,NULL,NULL,NULL,NULL
7425,2023-09-12 00:00:00,56837,B,1920,1440,480,0,NULL,NULL,NULL,NULL,NULL,NULL
7426,2023-09-12 00:00:00,56847,B,2550,1350,1200,0,NULL,NULL,NULL,NULL,NULL,NULL
7427,2023-09-12 00:00:00,56728,B,6188.85,4966.56,1222.29,488.916,NULL,NULL,NULL,NULL,NULL,NULL
7428,2023-09-12 00:00:00,56855,B,68.4,-200,268.4,0,NULL,NULL,NULL,NULL,NULL,NULL
7430,2023-09-12 00:00:00,56830,B,672,504,168,0,NULL,NULL,NULL,NULL,NULL,NULL
7431,2023-09-12 00:00:00,56845,B,1358,1300,58,23.2,NULL,NULL,NULL,NULL,NULL,NULL
7432,2023-09-12 00:00:00,56864,B,1651.44,1282.64,368.8,0,NULL,NULL,NULL,NULL,NULL,NULL
7433,2023-09-06 00:00:00,56855INV,B,200,200,0,0,NULL,NULL,NULL,NULL,NULL,NULL
7434,2023-09-12 00:00:00,56835,B,3052.8,2839.2,213.6,0,NULL,NULL,NULL,NULL,NULL,NULL
7435,2023-09-13 00:00:00,56776,B,6840,5511.75,1328.25,199.238,NULL,NULL,NULL,NULL,NULL,NULL
7436,2023-09-13 00:00:00,56772,B,133,0,133,0,NULL,NULL,NULL,NULL,NULL,NULL
7437,2023-09-13 00:00:00,56828,B,133,0,133,0,NULL,NULL,NULL,NULL,NULL,NULL
7438,2023-09-06 00:00:00,56816,B,1150.8,935.4,215.4,0,NULL,NULL,NULL,NULL,NULL,NULL
7439,2023-09-14 00:00:00,56842,B,3196.6,2174.8,1021.8,0,NULL,NULL,NULL,NULL,NULL,NULL
7440,2023-09-15 00:00:00,56863,B,2342.4,1373.6,968.8,145.32,NULL,NULL,NULL,NULL,NULL,NULL
7441,2023-09-19 00:00:00,56866,B,1342.32,890,452.32,180.928,NULL,NULL,NULL,NULL,NULL,NULL
7442,2023-09-19 00:00:00,56856,B,1471,586,885,354,NULL,NULL,NULL,NULL,NULL,NULL
7443,2023-09-07 00:00:00,56820,B,1668,1553.25,114.75,0,NULL,NULL,NULL,NULL,NULL,NULL
7444,2023-09-07 00:00:00,56821,B,1654.4,1554.23,100.17,0,NULL,NULL,NULL,NULL,NULL,NULL
7445,2023-09-07 00:00:00,56822,B,1666.4,1570.05,96.35,0,NULL,NULL,NULL,NULL,NULL,NULL
7446,2023-09-26 00:00:00,56850,B,4350.35,3339.86,1010.49,0,NULL,NULL,NULL,NULL,NULL,NULL
7447,2023-09-26 00:00:00,56853,B,649.95,-106.5,756.45,113.468,NULL,NULL,NULL,NULL,NULL,NULL
7448,2023-09-26 00:00:00,56852,B,14244.3,13395.44,848.86,0,NULL,NULL,NULL,NULL,NULL,NULL
7449,2023-09-26 00:00:00,56827,B,3655.8,2777.9,877.9,0,NULL,NULL,NULL,NULL,NULL,NULL
7450,2023-09-26 00:00:00,56873,B,1920,1440,480,0,NULL,NULL,NULL,NULL,NULL,NULL
7451,2023-09-26 00:00:00,56831,B,1920,1440,480,0,NULL,NULL,NULL,NULL,NULL,NULL
7452,2023-09-26 00:00:00,56872,B,1920,1440,480,0,NULL,NULL,NULL,NULL,NULL,NULL
7453,2023-09-26 00:00:00,56874,B,2720,1440,1280,0,NULL,NULL,NULL,NULL,NULL,NULL
7454,2023-09-26 00:00:00,56880,B,1214.16,1200,14.16,5.664,NULL,NULL,NULL,NULL,NULL,NULL
7455,2023-09-26 00:00:00,56885,B,1478.4,1150,328.4,131.36,NULL,NULL,NULL,NULL,NULL,NULL
7456,2023-09-26 00:00:00,56860,B,1440,400,1040,0,NULL,NULL,NULL,NULL,NULL,NULL
7457,2023-09-27 00:00:00,56607,B,0,0,0,0,NULL,NULL,NULL,NULL,NULL,NULL
7458,2023-06-07 00:00:00,56607INV,B,2615,2615,0,0,NULL,NULL,NULL,NULL,NULL,NULL
7459,2023-09-27 00:00:00,56785,B,0,1825,-1825,-730,NULL,NULL,NULL,NULL,NULL,NULL
7461,2023-09-27 00:00:00,56833,B,0,1604,-1604,-641.6,NULL,NULL,NULL,NULL,NULL,NULL
7462,2023-09-12 00:00:00,56833INV,B,1675,1675,0,0,NULL,NULL,NULL,NULL,NULL,NULL
7463,2023-09-27 00:00:00,56896,B,4719,3880.8,838.2,0,NULL,NULL,NULL,NULL,NULL,NULL
7465,2023-09-27 00:00:00,56893,B,3060,2125,935,140.25,NULL,NULL,NULL,NULL,NULL,NULL
7466,2023-09-27 00:00:00,56889,B,3714.75,1428.75,2286,342.9,NULL,NULL,NULL,NULL,NULL,NULL
7467,2023-09-27 00:00:00,56888,B,7161.6,6266.4,895.2,0,NULL,NULL,NULL,NULL,NULL,NULL
7468,2023-09-27 00:00:00,56879,B,4255.2,3467.2,788,118.2,NULL,NULL,NULL,NULL,NULL,NULL
7469,2023-09-27 00:00:00,56754,B,1107.5,1052,55.5,0,NULL,NULL,NULL,NULL,NULL,NULL
7470,2023-09-27 00:00:00,56675,B,1005.1,466.8,538.3,80.745,NULL,NULL,NULL,NULL,NULL,NULL
7471,2023-09-27 00:00:00,56912,B,2507.5,1327.5,1180,0,NULL,NULL,NULL,NULL,NULL,NULL
7472,2023-09-27 00:00:00,56865,B,6789.6,3772,3017.6,1207.04,NULL,NULL,NULL,NULL,NULL,NULL
7473,2023-09-27 00:00:00,56902,B,9704.88,8896.14,808.74,0,NULL,NULL,NULL,NULL,NULL,NULL
7474,2023-09-27 00:00:00,56824,B,1662.4,1556.63,105.77,0,NULL,NULL,NULL,NULL,NULL,NULL
7475,2023-09-27 00:00:00,56892,B,1567,783.5,783.5,117.525,NULL,NULL,NULL,NULL,NULL,NULL
7476,2023-09-27 00:00:00,56894,B,1713.64,800,913.64,365.456,NULL,NULL,NULL,NULL,NULL,NULL
7478,2023-09-28 00:00:00,56891,B,1239.24,787.77,451.47,0,NULL,NULL,NULL,NULL,NULL,NULL
7479,2023-09-28 00:00:00,56924,B,1523.12,800,723.12,289.248,NULL,NULL,NULL,NULL,NULL,NULL
7480,2023-09-28 00:00:00,56840,B,3596.2,3056.77,539.43,0,NULL,NULL,NULL,NULL,NULL,NULL
7481,2023-09-28 00:00:00,56859,B,4176,1685.2,2490.8,373.62,NULL,NULL,NULL,NULL,NULL,NULL
7482,2023-09-28 00:00:00,56925,B,1466.4,480,986.4,98.64,NULL,NULL,NULL,NULL,NULL,NULL
7483,2023-09-28 00:00:00,56897,B,7876,6891.5,984.5,0,NULL,NULL,NULL,NULL,NULL,NULL
7484,2023-09-28 00:00:00,56899,B,4144,3180,964,385.6,NULL,NULL,NULL,NULL,NULL,NULL
7485,2023-09-29 00:00:00,56840,A,-0.1,0,-0.1,0,1405,S,-0.1,0,NULL,NULL
7486,2023-09-29 00:00:00,56884,B,3670.08,2705.04,965.04,0,NULL,NULL,NULL,NULL,NULL,NULL
7487,2023-09-30 00:00:00,56839,B,7485.6,6549.9,935.7,0,NULL,NULL,NULL,NULL,NULL,NULL
7488,2023-09-30 00:00:00,56878,B,7987.2,6988.8,998.4,0,NULL,NULL,NULL,NULL,NULL,NULL
7490,2023-09-30 00:00:00,56915,B,1712.52,1300,412.52,165.008,NULL,NULL,NULL,NULL,NULL,NULL
7491,2023-09-30 00:00:00,56903,B,1039.35,860,179.35,0,NULL,NULL,NULL,NULL,NULL,NULL
7492,2023-10-02 00:00:00,56839,A,-0.2,0,-0.2,0,1405,S,-0.2,0,NULL,NULL
7494,2023-09-07 00:00:00,56823,B,1626.4,1520.33,106.07,0,NULL,NULL,NULL,NULL,NULL,NULL
7495,2023-09-06 00:00:00,56810,B,3456,1935,1521,0,NULL,NULL,NULL,NULL,NULL,NULL
7496,2023-10-03 00:00:00,56810,A,-279,0,-279,0,1700,S,-279,0,NULL,NULL
7497,2023-10-03 00:00:00,56911,B,1920,1440,480,0,NULL,NULL,NULL,NULL,NULL,NULL
7498,2023-10-03 00:00:00,56920,B,310.75,31.08,279.67,41.951,NULL,NULL,NULL,NULL,NULL,NULL
7499,2023-10-03 00:00:00,56851,B,6512.31,5803.98,708.33,0,NULL,NULL,NULL,NULL,NULL,NULL
7501,2023-10-03 00:00:00,56913,B,1920,1440,480,0,NULL,NULL,NULL,NULL,NULL,NULL
7502,2023-10-03 00:00:00,56922,B,2720,1440,1280,0,NULL,NULL,NULL,NULL,NULL,NULL
7503,2023-10-05 00:00:00,56793,B,0,-200,200,0,NULL,NULL,NULL,NULL,NULL,NULL
7504,2023-08-16 00:00:00,56793INV,B,200,200,0,0,NULL,NULL,NULL,NULL,NULL,NULL
7505,2023-10-06 00:00:00,56857,B,0,-200,200,0,NULL,NULL,NULL,NULL,NULL,NULL
7506,2023-09-06 00:00:00,56857INV,B,200,200,0,0,NULL,NULL,NULL,NULL,NULL,NULL
7507,2023-10-06 00:00:00,56799,B,0,-200,200,0,NULL,NULL,NULL,NULL,NULL,NULL
7508,2023-09-14 00:00:00,56799INV,B,200,200,0,0,NULL,NULL,NULL,NULL,NULL,NULL
7509,2023-10-06 00:00:00,56798,B,0,-200,200,0,NULL,NULL,NULL,NULL,NULL,NULL
7510,2023-08-18 00:00:00,56798INV,B,200,200,0,0,NULL,NULL,NULL,NULL,NULL,NULL
7511,2023-10-09 00:00:00,56919,B,9672.96,8866.88,806.08,0,NULL,NULL,NULL,NULL,NULL,NULL
7512,2023-10-09 00:00:00,56909,B,2207,1765.6,441.4,66.21,NULL,NULL,NULL,NULL,NULL,NULL
7513,2023-10-09 00:00:00,56868,B,1789.25,1673.2,116.05,0,NULL,NULL,NULL,NULL,NULL,NULL
7514,2023-10-09 00:00:00,56900,B,4128,3150,978,391.2,NULL,NULL,NULL,NULL,NULL,NULL
7515,2023-10-09 00:00:00,56881,B,6323.2,3822.39,2500.81,375.122,NULL,NULL,NULL,NULL,NULL,NULL
7516,2023-10-09 00:00:00,56907,B,1216.8,400,816.8,0,NULL,NULL,NULL,NULL,NULL,NULL
7517,2023-10-09 00:00:00,56871,B,4648,3948.75,699.25,0,NULL,NULL,NULL,NULL,NULL,NULL
7518,2023-10-10 00:00:00,56838,B,260,195,65,0,NULL,NULL,NULL,NULL,NULL,NULL
7519,2023-10-10 00:00:00,56844,B,270,202.5,67.5,0,NULL,NULL,NULL,NULL,NULL,NULL
7520,2023-10-10 00:00:00,56854,B,270,202.5,67.5,0,NULL,NULL,NULL,NULL,NULL,NULL
7521,2023-10-10 00:00:00,56867,B,280,210,70,0,NULL,NULL,NULL,NULL,NULL,NULL
7522,2023-10-10 00:00:00,56905,B,290,217.5,72.5,0,NULL,NULL,NULL,NULL,NULL,NULL
7523,2023-10-11 00:00:00,56878,A,-0.2,0,-0.2,0,1405,S,-0.2,0,NULL,NULL
7524,2023-10-12 00:00:00,56737,B,0,750,-750,0,NULL,NULL,NULL,NULL,NULL,NULL
7525,2023-10-12 00:00:00,56858,B,6238.5,4905.36,1333.14,533.256,NULL,NULL,NULL,NULL,NULL,NULL
7526,2023-10-12 00:00:00,56958,B,4220.1,2713,1507.1,226.065,NULL,NULL,NULL,NULL,NULL,NULL
7527,2023-10-12 00:00:00,56936,B,9840.24,9020.22,820.02,0,NULL,NULL,NULL,NULL,NULL,NULL
7528,2023-10-12 00:00:00,56739,B,5625,2450,3175,476.25,NULL,NULL,NULL,NULL,NULL,NULL
7529,2023-10-12 00:00:00,56921,B,8347.5,6462.5,1885,754,NULL,NULL,NULL,NULL,NULL,NULL
7530,2023-10-13 00:00:00,56916,B,3931,3337.05,593.95,0,NULL,NULL,NULL,NULL,NULL,NULL
7531,2023-10-15 00:00:00,56963,B,8582.19,7831,751.19,0,NULL,NULL,NULL,NULL,NULL,NULL
7533,2023-10-15 00:00:00,56898,B,7924,6933.5,990.5,0,NULL,NULL,NULL,NULL,NULL,NULL
7534,2023-09-27 00:00:00,56811,B,2332.4,1334.4,998,0,NULL,NULL,NULL,NULL,NULL,NULL
7535,2023-09-30 00:00:00,56910,B,3798.7,2659.16,1139.54,0,NULL,NULL,NULL,NULL,NULL,NULL
7536,2023-10-15 00:00:00,56949,B,1177.08,792.36,384.72,0,NULL,NULL,NULL,NULL,NULL,NULL
7537,2023-10-17 00:00:00,56917,B,1188.8,1102.97,85.83,34.332,NULL,NULL,NULL,NULL,NULL,NULL
7538,2023-10-18 00:00:00,56940,B,12996.3,5613,7383.3,2953.32,NULL,NULL,NULL,NULL,NULL,NULL
7539,2023-10-18 00:00:00,56946,B,2755.2,2469.6,285.6,0,NULL,NULL,NULL,NULL,NULL,NULL
7540,2023-10-18 00:00:00,56932,B,427.36,0,427.36,64.104,NULL,NULL,NULL,NULL,NULL,NULL
7541,2023-10-18 00:00:00,56976,B,1624.56,1218.42,406.14,0,NULL,NULL,NULL,NULL,NULL,NULL
7542,2023-10-18 00:00:00,56923,B,1326,400,926,0,NULL,NULL,NULL,NULL,NULL,NULL
7543,2023-10-18 00:00:00,56930,B,5959.8,4570.37,1389.43,555.772,NULL,NULL,NULL,NULL,NULL,NULL
7544,2023-10-20 00:00:00,56942,B,4112,3484,628,0,NULL,NULL,NULL,NULL,NULL,NULL
7545,2023-10-20 00:00:00,56869,B,1735.7,1624.08,111.62,0,NULL,NULL,NULL,NULL,NULL,NULL
7546,2023-10-20 00:00:00,56890,B,2382.8,2371.2,11.6,4.64,NULL,NULL,NULL,NULL,NULL,NULL
7547,2023-10-25 00:00:00,56960,B,750,705,45,0,NULL,NULL,NULL,NULL,NULL,NULL
7561,2023-10-30 00:00:00,56941,B,5340,4272,1068,160.2,NULL,NULL,NULL,NULL,NULL,NULL
7562,2023-10-30 00:00:00,56947,B,5307.5,4246,1061.5,159.225,NULL,NULL,NULL,NULL,NULL,NULL
7563,2023-10-30 00:00:00,56948,B,5157.38,4125.9,1031.48,154.722,NULL,NULL,NULL,NULL,NULL,NULL
7564,2023-10-30 00:00:00,56966,B,7816,7034.4,781.6,0,NULL,NULL,NULL,NULL,NULL,NULL
7565,2023-10-30 00:00:00,56980,B,2164.8,935,1229.8,0,NULL,NULL,NULL,NULL,NULL,NULL
7566,2023-10-30 00:00:00,56931,B,2037,1192,845,338,NULL,NULL,NULL,NULL,NULL,NULL
7567,2023-10-30 00:00:00,56959,B,5661.09,4666.2,994.89,0,NULL,NULL,NULL,NULL,NULL,NULL
7579,2023-10-03 00:00:00,56938,B,1114,1114,0,0,NULL,NULL,NULL,NULL,NULL,NULL
7580,2023-10-25 00:00:00,56992,B,1243,1243,0,0,NULL,NULL,NULL,NULL,NULL,NULL
7581,2023-10-25 00:00:00,56991,B,1207,1207,0,0,NULL,NULL,NULL,NULL,NULL,NULL
7582,2023-10-24 00:00:00,56990,B,1234,1234,0,0,NULL,NULL,NULL,NULL,NULL,NULL
7583,2023-10-18 00:00:00,56972,B,1102,1102,0,0,NULL,NULL,NULL,NULL,NULL,NULL
7584,2023-10-17 00:00:00,56971,B,1174,1174,0,0,NULL,NULL,NULL,NULL,NULL,NULL
7585,2023-10-16 00:00:00,56970,B,1096,1096,0,0,NULL,NULL,NULL,NULL,NULL,NULL
7586,2023-10-12 00:00:00,56969,B,1278,1278,0,0,NULL,NULL,NULL,NULL,NULL,NULL
7587,2023-10-10 00:00:00,56962,B,1126,1126,0,0,NULL,NULL,NULL,NULL,NULL,NULL
7588,2023-10-09 00:00:00,56961,B,1135,1135,0,0,NULL,NULL,NULL,NULL,NULL,NULL
7589,2023-10-04 00:00:00,56939,B,1117,1117,0,0,NULL,NULL,NULL,NULL,NULL,NULL
7590,2023-10-30 00:00:00,56967,B,4140,3616.88,523.12,0,NULL,NULL,NULL,NULL,NULL,NULL
7591,2023-10-30 00:00:00,56973,B,3910,3496.25,413.75,0,NULL,NULL,NULL,NULL,NULL,NULL
7592,2023-10-30 00:00:00,56968,B,4140,3605.87,534.13,0,NULL,NULL,NULL,NULL,NULL,NULL
7593,2023-10-30 00:00:00,56965,B,3910,3494.28,415.72,0,NULL,NULL,NULL,NULL,NULL,NULL
7594,2023-10-30 00:00:00,57010,B,4140,3603.25,536.75,0,NULL,NULL,NULL,NULL,NULL,NULL
7595,2023-11-01 00:00:00,56993,B,1210,1210,0,0,NULL,NULL,NULL,NULL,NULL,NULL
7596,2023-11-01 00:00:00,56994,B,1207,1207,0,0,NULL,NULL,NULL,NULL,NULL,NULL
7597,2023-11-02 00:00:00,56995,B,1120,1120,0,0,NULL,NULL,NULL,NULL,NULL,NULL
7598,2023-11-02 00:00:00,56836,B,0,400,-400,0,NULL,NULL,NULL,NULL,NULL,NULL
7600,2023-11-02 00:00:00,56935,B,4591.02,2610.48,1980.54,0,NULL,NULL,NULL,NULL,NULL,NULL
7603,2023-11-03 00:00:00,57003,B,4140,3581.6,558.4,0,NULL,NULL,NULL,NULL,NULL,NULL
7604,2023-11-03 00:00:00,56979,B,14986.65,13411.13,1575.52,0,NULL,NULL,NULL,NULL,NULL,NULL
7605,2023-11-03 00:00:00,56937,B,8331.2,7230.4,1100.8,0,NULL,NULL,NULL,NULL,NULL,NULL
7606,2023-11-03 00:00:00,56914,B,9838.4,8636.6,1201.8,180.27,NULL,NULL,NULL,NULL,NULL,NULL
7607,2023-11-03 00:00:00,56985,B,1340.52,1001.4,339.12,0,NULL,NULL,NULL,NULL,NULL,NULL
7608,2023-11-03 00:00:00,57011,B,4140,3578.45,561.55,0,NULL,NULL,NULL,NULL,NULL,NULL
7609,2023-11-03 00:00:00,56984,B,8733,6486,2247,898.8,NULL,NULL,NULL,NULL,NULL,NULL
7610,2023-11-03 00:00:00,56950,B,9171.7,7606,1565.7,626.28,NULL,NULL,NULL,NULL,NULL,NULL
7611,2023-11-03 00:00:00,56977,B,2298,1079.8,1218.2,487.28,NULL,NULL,NULL,NULL,NULL,NULL
7612,2023-11-03 00:00:00,56943,B,1563,996.85,566.15,84.923,NULL,NULL,NULL,NULL,NULL,NULL
7613,2023-11-02 00:00:00,56986,B,3916,3130,786,314.4,NULL,NULL,NULL,NULL,NULL,NULL
7614,2024-02-26 00:00:00,56918,A,0,-1692.8,1692.8,0,1299,P,-1692.8,110571,NULL,NULL
7618,2023-11-07 00:00:00,56996,B,1153,1153,0,0,NULL,NULL,NULL,NULL,NULL,NULL
7619,2023-11-07 00:00:00,56997,B,1156,1156,0,0,NULL,NULL,NULL,NULL,NULL,NULL
7620,2023-11-07 00:00:00,57029,B,3990,3515.22,474.78,0,NULL,NULL,NULL,NULL,NULL,NULL
7621,2023-11-08 00:00:00,57047,B,0,2476.92,-2476.92,0,NULL,NULL,NULL,NULL,NULL,NULL
7622,2023-11-03 00:00:00,56952,B,8856.28,7907.55,948.73,0,NULL,NULL,NULL,NULL,NULL,NULL
7623,2023-09-14 00:00:00,56856INV,B,250,250,0,0,NULL,NULL,NULL,NULL,NULL,NULL
7624,2023-09-27 00:00:00,56924INV,B,250,250,0,0,NULL,NULL,NULL,NULL,NULL,NULL
7625,2023-11-08 00:00:00,57002,B,5226,4020,1206,180.9,NULL,NULL,NULL,NULL,NULL,NULL
7626,2023-11-08 00:00:00,56982,B,1490.4,977,513.4,205.36,NULL,NULL,NULL,NULL,NULL,NULL
7627,2023-10-26 00:00:00,57051,B,838.8,838.8,0,0,NULL,NULL,NULL,NULL,NULL,NULL
7628,2023-11-12 00:00:00,57045,B,4140,3607.5,532.5,0,NULL,NULL,NULL,NULL,NULL,NULL
7629,2023-11-12 00:00:00,57009,B,1496,1012,484,0,NULL,NULL,NULL,NULL,NULL,NULL
7631,2023-11-12 00:00:00,56988,B,4141.39,3011.92,1129.47,169.421,NULL,NULL,NULL,NULL,NULL,NULL
7632,2023-11-12 00:00:00,57008,B,1635.32,815,820.32,0,NULL,NULL,NULL,NULL,NULL,NULL
7633,2023-11-12 00:00:00,57027,B,570.56,509.78,60.78,0,NULL,NULL,NULL,NULL,NULL,NULL
7634,2023-11-12 00:00:00,56989,B,3357.2,2725.8,631.4,0,NULL,NULL,NULL,NULL,NULL,NULL
7635,2023-11-02 00:00:00,57012,B,17023.5,13095,3928.5,0,NULL,NULL,NULL,NULL,NULL,NULL
7636,2023-11-12 00:00:00,57000,B,1384.6,1030,354.6,141.84,NULL,NULL,NULL,NULL,NULL,NULL
7637,2023-08-30 00:00:00,56812INV,B,402.92,402.92,0,0,NULL,NULL,NULL,NULL,NULL,NULL
7638,2023-11-15 00:00:00,56870,B,1714.11,1613.28,100.83,0,NULL,NULL,NULL,NULL,NULL,NULL
7639,2023-11-15 00:00:00,56906,B,260,195,65,0,NULL,NULL,NULL,NULL,NULL,NULL
7640,2023-11-15 00:00:00,56953,B,260,195,65,0,NULL,NULL,NULL,NULL,NULL,NULL
7641,2023-11-15 00:00:00,56964,B,260,195,65,0,NULL,NULL,NULL,NULL,NULL,NULL
7642,2023-11-15 00:00:00,56978,B,6724,4564.89,2159.11,323.867,NULL,NULL,NULL,NULL,NULL,NULL
7643,2023-11-15 00:00:00,56901,B,1186.57,856.97,329.6,0,NULL,NULL,NULL,NULL,NULL,NULL
7644,2023-11-15 00:00:00,56983,B,1281.72,977,304.72,121.888,NULL,NULL,NULL,NULL,NULL,NULL
7645,2023-11-15 00:00:00,57028,B,7324,6014.65,1309.35,196.403,NULL,NULL,NULL,NULL,NULL,NULL
7646,2023-11-10 00:00:00,57039,B,1192,1192,0,0,NULL,NULL,NULL,NULL,NULL,NULL
7647,2023-11-15 00:00:00,57040,B,1237,1237,0,0,NULL,NULL,NULL,NULL,NULL,NULL
7648,2023-11-16 00:00:00,56225,A,0,-2211.1,2211.1,0,2044,P,-2211.1,110117,NULL,NULL
7649,2023-11-16 00:00:00,56228,A,0,2211.08,-2211.08,0,2044,P,2211.08,110118,NULL,NULL
7650,2023-03-07 00:00:00,56228,B,5340.45,5340.45,0,0,NULL,NULL,NULL,NULL,NULL,NULL
7651,2023-11-16 00:00:00,56228,A,0,-2211.08,2211.08,0,2044,P,-2211.08,110119,NULL,NULL
7652,2023-11-16 00:00:00,56229,A,0,-2211.08,2211.08,0,2044,P,-2211.08,110120,NULL,NULL
7653,2023-10-03 00:00:00,56918,B,1699.2,5152.8,-3453.6,0,NULL,NULL,NULL,NULL,NULL,NULL
7654,2023-10-04 00:00:00,56901INV,B,423.03,423.03,0,0,NULL,NULL,NULL,NULL,NULL,NULL
7655,2023-11-17 00:00:00,57001,B,3505.5,2267.95,1237.55,495.02,NULL,NULL,NULL,NULL,NULL,NULL
7656,2023-11-20 00:00:00,56908,B,39.6,-500,539.6,0,NULL,NULL,NULL,NULL,NULL,NULL
7657,2023-09-27 00:00:00,56908INV,B,500,500,0,0,NULL,NULL,NULL,NULL,NULL,NULL
7658,2023-11-20 00:00:00,56944,B,2356.37,1894.08,462.29,0,NULL,NULL,NULL,NULL,NULL,NULL
7659,2023-11-20 00:00:00,56998,B,1562.36,1400,162.36,64.944,NULL,NULL,NULL,NULL,NULL,NULL
7660,2023-11-20 00:00:00,57024,B,2862.3,2044.5,817.8,122.67,NULL,NULL,NULL,NULL,NULL,NULL
7661,2023-11-03 00:00:00,57004,B,0,0,0,0,NULL,NULL,NULL,NULL,NULL,NULL
7662,2023-11-21 00:00:00,57041,B,1186,1186,0,0,NULL,NULL,NULL,NULL,NULL,NULL
7663,2023-11-22 00:00:00,57022,B,0,330,-330,0,NULL,NULL,NULL,NULL,NULL,NULL
7664,2023-11-22 00:00:00,57076,B,1702.52,1341.6,360.92,0,NULL,NULL,NULL,NULL,NULL,NULL
7665,2023-11-22 00:00:00,57005,B,7957.95,6304.3,1653.65,0,NULL,NULL,NULL,NULL,NULL,NULL
7666,2023-11-22 00:00:00,57033,B,9093.8,7404,1689.8,675.92,NULL,NULL,NULL,NULL,NULL,NULL
7668,2023-11-22 00:00:00,57050,B,1785,1591.8,193.2,0,NULL,NULL,NULL,NULL,NULL,NULL
7669,2023-11-22 00:00:00,57046,B,4140,3587.13,552.87,0,NULL,NULL,NULL,NULL,NULL,NULL
7671,2023-11-22 00:00:00,57006,B,5323.8,4390.84,932.96,0,NULL,NULL,NULL,NULL,NULL,NULL
7672,2023-11-22 00:00:00,57026,B,7060.5,5820.2,1240.3,186.045,NULL,NULL,NULL,NULL,NULL,NULL
7673,2023-11-22 00:00:00,57031,B,5203.15,4269.63,933.52,140.028,NULL,NULL,NULL,NULL,NULL,NULL
7674,2023-11-27 00:00:00,56862,B,0,-200,200,0,NULL,NULL,NULL,NULL,NULL,NULL
7675,2023-11-09 00:00:00,56862INV,B,200,200,0,0,NULL,NULL,NULL,NULL,NULL,NULL
7676,2023-11-28 00:00:00,56146,A,67.2,0,67.2,0,2316,S,67.2,0,NULL,NULL
7677,2023-11-28 00:00:00,56981,B,-500,-500,0,0,NULL,NULL,NULL,NULL,NULL,NULL
7678,2023-11-28 00:00:00,57053,B,9968.5,9370.39,598.11,0,NULL,NULL,NULL,NULL,NULL,NULL
7680,2023-11-29 00:00:00,57042,B,1222,1222,0,0,NULL,NULL,NULL,NULL,NULL,NULL
7681,2023-11-29 00:00:00,57058,B,438.4,356.2,82.2,0,NULL,NULL,NULL,NULL,NULL,NULL
7682,2023-11-30 00:00:00,56981INV,B,500,500,0,0,NULL,NULL,NULL,NULL,NULL,NULL
7683,2023-11-30 00:00:00,57056,B,1295.04,963.36,331.68,132.672,NULL,NULL,NULL,NULL,NULL,NULL
7684,2023-11-30 00:00:00,57065,B,1056.72,979.14,77.58,31.032,NULL,NULL,NULL,NULL,NULL,NULL
7686,2023-11-30 00:00:00,57023,B,7515.4,2463.85,5051.55,757.733,NULL,NULL,NULL,NULL,NULL,NULL
7688,2023-11-30 00:00:00,57061,B,1421.96,1200,221.96,88.784,NULL,NULL,NULL,NULL,NULL,NULL
7689,2023-11-30 00:00:00,57062,B,1472.32,900,572.32,0,NULL,NULL,NULL,NULL,NULL,NULL
7690,2023-11-30 00:00:00,57081,B,999.9,480,519.9,0,NULL,NULL,NULL,NULL,NULL,NULL
7691,2023-11-30 00:00:00,57043,B,8210.16,4231.45,3978.71,0,NULL,NULL,NULL,NULL,NULL,NULL
7692,2023-08-21 00:00:00,56751INV,B,364.6,364.6,0,0,NULL,NULL,NULL,NULL,NULL,NULL
7693,2023-11-30 00:00:00,57092,B,1177,1177,0,0,NULL,NULL,NULL,NULL,NULL,NULL
7694,2023-12-01 00:00:00,56504INV,A,-350,0,-350,0,1803,S,-350,0,NULL,NULL
7695,2023-11-22 00:00:00,57035,B,1362,1192.2,169.8,0,NULL,NULL,NULL,NULL,NULL,NULL
7696,2023-11-30 00:00:00,57025,B,748,750,-2,0,NULL,NULL,NULL,NULL,NULL,NULL
7697,2023-12-01 00:00:00,57088,B,4140,3573.09,566.91,0,NULL,NULL,NULL,NULL,NULL,NULL
7698,2023-11-30 00:00:00,57034,B,1825.33,1557.66,267.67,0,NULL,NULL,NULL,NULL,NULL,NULL
7699,2023-12-01 00:00:00,57083,B,4948.8,3930.6,1018.2,0,NULL,NULL,NULL,NULL,NULL,NULL
7700,2023-12-04 00:00:00,57114,B,294,294,0,0,NULL,NULL,NULL,NULL,NULL,NULL
7701,2023-12-05 00:00:00,57030,B,7174.8,3986,3188.8,1275.52,NULL,NULL,NULL,NULL,NULL,NULL
7702,2023-12-05 00:00:00,57087,B,3956.4,1854.56,2101.84,315.276,NULL,NULL,NULL,NULL,NULL,NULL
7703,2023-12-05 00:00:00,57060,B,2268,1607.1,660.9,0,NULL,NULL,NULL,NULL,NULL,NULL
7704,2023-12-05 00:00:00,57059,B,3137.2,2258.7,878.5,0,NULL,NULL,NULL,NULL,NULL,NULL
7705,2023-12-05 00:00:00,57093,B,1237,1237,0,0,NULL,NULL,NULL,NULL,NULL,NULL
7706,2023-12-07 00:00:00,57075,B,9445.2,8709,736.2,0,NULL,NULL,NULL,NULL,NULL,NULL
7707,2023-12-07 00:00:00,57097,B,1753,1521.9,231.1,0,NULL,NULL,NULL,NULL,NULL,NULL
7708,2023-12-07 00:00:00,57098,B,1554.12,1455.1,99.02,0,NULL,NULL,NULL,NULL,NULL,NULL
7709,2023-12-07 00:00:00,57066,B,1411.8,1065.72,346.08,0,NULL,NULL,NULL,NULL,NULL,NULL
7710,2023-12-07 00:00:00,57054,B,6827.2,5547.6,1279.6,0,NULL,NULL,NULL,NULL,NULL,NULL
7711,2023-12-07 00:00:00,57055,B,6324,5222,1102,0,NULL,NULL,NULL,NULL,NULL,NULL
7712,2023-12-07 00:00:00,57036,B,1582.8,832.47,750.33,300.132,NULL,NULL,NULL,NULL,NULL,NULL
7713,2023-12-07 00:00:00,57037,B,1616.4,860.58,755.82,302.328,NULL,NULL,NULL,NULL,NULL,NULL
7714,2023-12-07 00:00:00,57113,B,4140,3532.11,607.89,0,NULL,NULL,NULL,NULL,NULL,NULL
7715,2023-12-08 00:00:00,57044,B,1710.6,1200,510.6,204.24,NULL,NULL,NULL,NULL,NULL,NULL
7716,2023-12-08 00:00:00,57112,B,1955,1732.64,222.36,0,NULL,NULL,NULL,NULL,NULL,NULL
7717,2023-12-08 00:00:00,57101,B,1092.6,480,612.6,0,NULL,NULL,NULL,NULL,NULL,NULL
7718,2023-12-07 00:00:00,57110,B,1240,1240,0,0,NULL,NULL,NULL,NULL,NULL,NULL
7719,2023-12-14 00:00:00,57105,B,1421.64,1254.58,167.06,0,NULL,NULL,NULL,NULL,NULL,NULL
7720,2023-12-14 00:00:00,57116,B,1441.56,1310.6,130.96,0,NULL,NULL,NULL,NULL,NULL,NULL
7721,2023-12-14 00:00:00,57078,B,1641.4,1444.96,196.44,0,NULL,NULL,NULL,NULL,NULL,NULL
7722,2023-12-14 00:00:00,57086,B,1196.6,1300,-103.4,-41.36,NULL,NULL,NULL,NULL,NULL,NULL
7723,2023-12-14 00:00:00,57096,B,7113.6,5117.6,1996,798.4,NULL,NULL,NULL,NULL,NULL,NULL
7724,2023-12-14 00:00:00,57063,B,8848.77,8006.03,842.74,337.096,NULL,NULL,NULL,NULL,NULL,NULL
7725,2023-12-14 00:00:00,57117,B,4780.8,3839.6,941.2,0,NULL,NULL,NULL,NULL,NULL,NULL
7726,2023-12-14 00:00:00,57091,B,937.12,900,37.12,0,NULL,NULL,NULL,NULL,NULL,NULL
7727,2023-12-14 00:00:00,57100,B,4264.5,2687.2,1577.3,630.92,NULL,NULL,NULL,NULL,NULL,NULL
7728,2023-09-12 00:00:00,56853A,B,106.5,106.5,0,0,NULL,NULL,NULL,NULL,NULL,NULL
7729,2023-12-18 00:00:00,57032,B,5073.25,3902.5,1170.75,468.3,NULL,NULL,NULL,NULL,NULL,NULL
7730,2023-12-18 00:00:00,57123,B,129.6,0,129.6,0,NULL,NULL,NULL,NULL,NULL,NULL
7731,2023-12-20 00:00:00,57079,B,13037.3,11559,1478.3,0,NULL,NULL,NULL,NULL,NULL,NULL
7732,2023-12-20 00:00:00,57038,B,7412.4,4118,3294.4,1317.76,NULL,NULL,NULL,NULL,NULL,NULL
7733,2023-12-20 00:00:00,57137,B,3910,3460.49,449.51,0,NULL,NULL,NULL,NULL,NULL,NULL
7734,2023-12-20 00:00:00,57080,B,13097.6,12331.9,765.7,50,NULL,NULL,NULL,NULL,NULL,NULL
7735,2023-12-20 00:00:00,57118,B,3273.6,2403.6,870,0,NULL,NULL,NULL,NULL,NULL,NULL
7736,2023-12-20 00:00:00,57119,B,3273.6,2390,883.6,0,NULL,NULL,NULL,NULL,NULL,NULL
7737,2023-12-20 00:00:00,57125,B,1125,400,725,0,NULL,NULL,NULL,NULL,NULL,NULL
7738,2023-10-02 00:00:00,56751,B,0,2865.4,-2865.4,-429.81,NULL,NULL,NULL,NULL,NULL,NULL
7739,2023-12-22 00:00:00,57077,B,1422.68,1434.4,-11.72,0,NULL,NULL,NULL,NULL,NULL,NULL
7740,2023-12-22 00:00:00,57107,B,14345.45,12766.49,1578.96,0,NULL,NULL,NULL,NULL,NULL,NULL
7741,2023-12-22 00:00:00,56999,B,1285.6,1178,107.6,43.04,NULL,NULL,NULL,NULL,NULL,NULL
7742,2023-12-22 00:00:00,57089,B,1332.64,1150,182.64,73.056,NULL,NULL,NULL,NULL,NULL,NULL
7743,2023-12-22 00:00:00,57147,B,1248,700,548,0,NULL,NULL,NULL,NULL,NULL,NULL
7744,2023-12-21 00:00:00,57171,B,1168,1168,0,0,NULL,NULL,NULL,NULL,NULL,NULL
7745,2023-12-19 00:00:00,57111,B,1132,1132,0,0,NULL,NULL,NULL,NULL,NULL,NULL
7747,2023-12-13 00:00:00,57192,B,9,9,0,0,NULL,NULL,NULL,NULL,NULL,NULL
7748,2023-12-28 00:00:00,57155,B,411.58,424.65,-13.07,-1.307,NULL,NULL,NULL,NULL,NULL,NULL
7749,2023-12-28 00:00:00,57150,B,3962.1,2971.58,990.52,0,NULL,NULL,NULL,NULL,NULL,NULL
7750,2023-12-28 00:00:00,57153,B,8316,7276.5,1039.5,0,NULL,NULL,NULL,NULL,NULL,NULL
7751,2023-12-28 00:00:00,57099,B,1117.8,650,467.8,0,NULL,NULL,NULL,NULL,NULL,NULL
7752,2023-12-28 00:00:00,57177,B,1107,954.21,152.79,0,NULL,NULL,NULL,NULL,NULL,NULL
7753,2023-12-28 00:00:00,57181,B,4140,3605.05,534.95,0,NULL,NULL,NULL,NULL,NULL,NULL
7754,2023-12-28 00:00:00,57163,B,1215.01,589,626.01,250.404,NULL,NULL,NULL,NULL,NULL,NULL
7755,2023-12-28 00:00:00,57140,B,2337.48,1458.95,878.53,131.78,NULL,NULL,NULL,NULL,NULL,NULL
7756,2023-12-28 00:00:00,57135,B,1163.82,817.5,346.32,0,NULL,NULL,NULL,NULL,NULL,NULL
7757,2023-12-28 00:00:00,57122,B,3273.6,1909.4,1364.2,0,NULL,NULL,NULL,NULL,NULL,NULL
7758,2023-12-28 00:00:00,57165,B,3273.6,2407,866.6,0,NULL,NULL,NULL,NULL,NULL,NULL
7759,2023-12-28 00:00:00,57166,B,3273.6,2344.1,929.5,0,NULL,NULL,NULL,NULL,NULL,NULL
7760,2023-12-28 00:00:00,57172,B,1120,1120,0,0,NULL,NULL,NULL,NULL,NULL,NULL
7761,2023-12-29 00:00:00,57193,B,1222,1222,0,0,NULL,NULL,NULL,NULL,NULL,NULL
7762,2023-12-12 00:00:00,56975,A,0,-6944,6944,0,2106,P,-6944,111753,NULL,NULL
7763,2023-12-20 00:00:00,57021,A,0,-7133,7133,0,2106,P,-7133,112899,NULL,NULL
7764,2023-10-30 00:00:00,56975,B,0,8644,-8644,0,NULL,NULL,NULL,NULL,NULL,NULL
7765,2023-11-22 00:00:00,57021,B,0,8833,-8833,0,NULL,NULL,NULL,NULL,NULL,NULL
7766,2024-01-02 00:00:00,57124,B,11128,9315,1813,675.2,NULL,NULL,NULL,NULL,NULL,NULL
7767,2024-01-02 00:00:00,57120,B,3273.6,2093.1,1180.5,0,NULL,NULL,NULL,NULL,NULL,NULL
7768,2024-01-02 00:00:00,57121,B,3273.6,2009.4,1264.2,0,NULL,NULL,NULL,NULL,NULL,NULL
7769,2023-12-19 00:00:00,57155INV,B,125.35,125.35,0,0,NULL,NULL,NULL,NULL,NULL,NULL
7770,2023-01-13 00:00:00,56045INV,B,237.04,237.04,0,0,NULL,NULL,NULL,NULL,NULL,NULL
7771,2023-11-30 00:00:00,57066INV,B,104.28,104.28,0,0,NULL,NULL,NULL,NULL,NULL,NULL
7772,2024-01-04 00:00:00,57191,B,1862.48,1381.6,480.88,0,NULL,NULL,NULL,NULL,NULL,NULL
7773,2024-01-04 00:00:00,57151,B,4122.4,3091.8,1030.6,0,NULL,NULL,NULL,NULL,NULL,NULL
7774,2024-01-04 00:00:00,57152,B,7942,6949.25,992.75,0,NULL,NULL,NULL,NULL,NULL,NULL
7775,2024-01-04 00:00:00,57156,B,2622.04,1969.7,652.34,260.936,NULL,NULL,NULL,NULL,NULL,NULL
7776,2024-01-04 00:00:00,57129,B,9480.48,8138.25,1342.23,0,NULL,NULL,NULL,NULL,NULL,NULL
7777,2024-01-04 00:00:00,57073,B,7300.8,5411.6,1889.2,283.38,NULL,NULL,NULL,NULL,NULL,NULL
7778,2024-01-04 00:00:00,57128,B,7749,6673.5,1075.5,0,NULL,NULL,NULL,NULL,NULL,NULL
7779,2024-01-04 00:00:00,57106,B,1596,957.6,638.4,95.76,NULL,NULL,NULL,NULL,NULL,NULL
7780,2024-01-04 00:00:00,57108,B,1615,969,646,96.9,NULL,NULL,NULL,NULL,NULL,NULL
7781,2024-01-04 00:00:00,57176,B,1661,996.6,664.4,99.66,NULL,NULL,NULL,NULL,NULL,NULL
7782,2024-01-04 00:00:00,57134,B,1289.68,1059,230.68,92.272,NULL,NULL,NULL,NULL,NULL,NULL
7783,2024-01-04 00:00:00,57131,B,8619.6,7604.4,1015.2,406.08,NULL,NULL,NULL,NULL,NULL,NULL
7784,2024-01-04 00:00:00,57189,B,8955.45,4508.7,4446.75,0,NULL,NULL,NULL,NULL,NULL,NULL
7785,2024-01-05 00:00:00,57149,B,0,-200,200,0,NULL,NULL,NULL,NULL,NULL,NULL
7786,2024-01-04 00:00:00,57194,B,1156,1156,0,0,NULL,NULL,NULL,NULL,NULL,NULL
7787,2024-01-05 00:00:00,57195,B,1216,1216,0,0,NULL,NULL,NULL,NULL,NULL,NULL
7789,2024-01-09 00:00:00,57064,B,-1651,-1200,-451,-180.4,NULL,NULL,NULL,NULL,NULL,NULL
7790,2024-01-09 00:00:00,57190,B,1218.16,1202.66,15.5,0,NULL,NULL,NULL,NULL,NULL,NULL
7791,2024-01-09 00:00:00,57184,B,3465.72,2952.28,513.44,0,NULL,NULL,NULL,NULL,NULL,NULL
7792,2024-01-09 00:00:00,57188,B,4167.8,3526.6,641.2,0,NULL,NULL,NULL,NULL,NULL,NULL
7793,2024-01-09 00:00:00,57109,B,110.95,578.88,-467.93,0,NULL,NULL,NULL,NULL,NULL,NULL
7794,2024-01-09 00:00:00,57139,B,2745.6,1372.8,1372.8,549.12,NULL,NULL,NULL,NULL,NULL,NULL
7795,2023-12-12 00:00:00,57064INV,B,1200,1200,0,0,NULL,NULL,NULL,NULL,NULL,NULL
7796,2024-01-09 00:00:00,57169,B,2006.4,1142.2,864.2,345.68,NULL,NULL,NULL,NULL,NULL,NULL
7797,2024-01-09 00:00:00,56610,B,1864,450,1414,0,NULL,NULL,NULL,NULL,NULL,NULL
7798,2023-11-16 00:00:00,57056INV,B,141.64,141.64,0,0,NULL,NULL,NULL,NULL,NULL,NULL
7799,2023-12-15 00:00:00,57149INV,B,200,200,0,0,NULL,NULL,NULL,NULL,NULL,NULL
7800,2024-01-11 00:00:00,57212,B,0,-200,200,0,NULL,NULL,NULL,NULL,NULL,NULL
7801,2024-01-11 00:00:00,57212INV,B,200,200,0,0,NULL,NULL,NULL,NULL,NULL,NULL
7803,2024-01-12 00:00:00,57160,B,8531,5414.25,3116.75,0,NULL,NULL,NULL,NULL,NULL,NULL
7804,2024-01-16 00:00:00,57146,B,10373.66,9356.63,1017.03,0,NULL,NULL,NULL,NULL,NULL,NULL
7805,2024-01-16 00:00:00,57175,B,7154.4,5636.8,1517.6,0,NULL,NULL,NULL,NULL,NULL,NULL
7806,2024-01-16 00:00:00,57013,B,2776.8,1081.4,1695.4,678.16,NULL,NULL,NULL,NULL,NULL,NULL
7807,2024-01-16 00:00:00,57132,B,1085.76,417.44,668.32,267.328,NULL,NULL,NULL,NULL,NULL,NULL
7808,2024-01-16 00:00:00,57164,B,1569.36,1400,169.36,67.744,NULL,NULL,NULL,NULL,NULL,NULL
7809,2024-01-16 00:00:00,57204,B,72.4,0,72.4,0,NULL,NULL,NULL,NULL,NULL,NULL
7810,2024-01-17 00:00:00,57057,B,3884.4,2939,945.4,0,NULL,NULL,NULL,NULL,NULL,NULL
7811,2024-01-17 00:00:00,57209,B,1698,1018.8,679.2,101.88,NULL,NULL,NULL,NULL,NULL,NULL
7812,2024-01-17 00:00:00,57162,B,1248,625,623,249.2,NULL,NULL,NULL,NULL,NULL,NULL
7813,2024-01-17 00:00:00,57180,B,1266.72,745.71,521.01,208.404,NULL,NULL,NULL,NULL,NULL,NULL
7814,2024-01-17 00:00:00,57168,B,3273.6,2405.3,868.3,0,NULL,NULL,NULL,NULL,NULL,NULL
7815,2024-01-18 00:00:00,56987,B,1554,1192,362,144.8,NULL,NULL,NULL,NULL,NULL,NULL
7816,2024-01-19 00:00:00,57115,B,745.92,489,256.92,0,NULL,NULL,NULL,NULL,NULL,NULL
7817,2024-01-19 00:00:00,57167,B,3273.6,2479.8,793.8,0,NULL,NULL,NULL,NULL,NULL,NULL
7819,2023-12-21 00:00:00,57154INV,B,500,500,0,0,NULL,NULL,NULL,NULL,NULL,NULL
7821,2024-01-19 00:00:00,57144,B,5727.4,4488,1239.4,0,NULL,NULL,NULL,NULL,NULL,NULL
7822,2024-01-19 00:00:00,57007,B,10125.6,9241.54,884.06,0,NULL,NULL,NULL,NULL,NULL,NULL
7823,2024-01-19 00:00:00,57173,B,7297.2,4054,3243.2,1297.28,NULL,NULL,NULL,NULL,NULL,NULL
7824,2024-01-22 00:00:00,57141,B,6069,4531.78,1537.22,0,NULL,NULL,NULL,NULL,NULL,NULL
7825,2024-01-22 00:00:00,57142,B,5897.5,4632.32,1265.18,0,NULL,NULL,NULL,NULL,NULL,NULL
7826,2024-01-22 00:00:00,57143,B,5825.4,4585.46,1239.94,0,NULL,NULL,NULL,NULL,NULL,NULL
7827,2024-01-22 00:00:00,57145,B,1248.16,858.11,390.05,0,NULL,NULL,NULL,NULL,NULL,NULL
7828,2024-01-22 00:00:00,57221,B,2580,2161.5,418.5,167.4,NULL,NULL,NULL,NULL,NULL,NULL
7829,2024-01-22 00:00:00,57205,B,1008,633.3,374.7,149.88,NULL,NULL,NULL,NULL,NULL,NULL
7830,2024-01-19 00:00:00,57205INV,B,335.7,335.7,0,0,NULL,NULL,NULL,NULL,NULL,NULL
7831,2023-03-07 00:00:00,56216INV,B,300,300,0,0,NULL,NULL,NULL,NULL,NULL,NULL
7832,2024-01-08 00:00:00,57164INV,B,200,200,0,0,NULL,NULL,NULL,NULL,NULL,NULL
7833,2024-01-23 00:00:00,57226,B,1980.95,1528.4,452.55,181.02,NULL,NULL,NULL,NULL,NULL,NULL
7834,2024-01-23 00:00:00,57260,B,6969.6,5100.2,1869.4,186.94,NULL,NULL,NULL,NULL,NULL,NULL
7835,2024-01-23 00:00:00,57234,B,2101,1041,1060,0,NULL,NULL,NULL,NULL,NULL,NULL
7837,2024-01-24 00:00:00,57262,B,545.05,683.61,-138.56,0,NULL,NULL,NULL,NULL,NULL,NULL
7838,2024-01-24 00:00:00,57222,B,2386.8,1998,388.8,155.52,NULL,NULL,NULL,NULL,NULL,NULL
7840,2024-01-24 00:00:00,57183,B,1092,479.05,612.95,245.18,NULL,NULL,NULL,NULL,NULL,NULL
7841,2024-01-24 00:00:00,57133,B,1588.08,1119,469.08,187.632,NULL,NULL,NULL,NULL,NULL,NULL
7842,2024-01-24 00:00:00,57136,B,1404,969,435,174,NULL,NULL,NULL,NULL,NULL,NULL
7843,2024-01-24 00:00:00,57148,B,4270,3203.85,1066.15,0,NULL,NULL,NULL,NULL,NULL,NULL
7845,2024-01-25 00:00:00,57179,B,6042.82,3960.97,2081.85,0,NULL,NULL,NULL,NULL,NULL,NULL
7848,2024-01-26 00:00:00,57258,B,2572.08,2099.46,472.62,70.893,NULL,NULL,NULL,NULL,NULL,NULL
7849,2024-01-19 00:00:00,57230,B,1343.98,1121.99,221.99,0,NULL,NULL,NULL,NULL,NULL,NULL
7850,2024-01-26 00:00:00,57218,B,2562,250,2312,0,NULL,NULL,NULL,NULL,NULL,NULL
7851,2024-01-29 00:00:00,57138,B,5262.4,4481.4,781,312.4,NULL,NULL,NULL,NULL,NULL,NULL
7852,2024-01-29 00:00:00,57228,B,5946.24,4088.04,1858.2,278.73,NULL,NULL,NULL,NULL,NULL,NULL
7853,2024-01-29 00:00:00,57210,B,2170.8,1447.2,723.6,108.54,NULL,NULL,NULL,NULL,NULL,NULL
7854,2024-01-29 00:00:00,57170,B,3273.6,2447.8,825.8,0,NULL,NULL,NULL,NULL,NULL,NULL
7855,2024-01-26 00:00:00,57282,B,0,402.72,-402.72,0,NULL,NULL,NULL,NULL,NULL,NULL
7856,2024-01-30 00:00:00,57264,B,535,566.68,-31.68,0,NULL,NULL,NULL,NULL,NULL,NULL
7857,2024-01-30 00:00:00,57185,B,9767.25,9181.22,586.03,0,NULL,NULL,NULL,NULL,NULL,NULL
7858,2024-01-30 00:00:00,57247,B,-3279.88,-3279.88,0,0,NULL,NULL,NULL,NULL,NULL,NULL
7859,2024-01-30 00:00:00,57178,B,4464.3,3973.3,491,0,NULL,NULL,NULL,NULL,NULL,NULL
7860,2024-01-31 00:00:00,57227,B,451.52,699,-247.48,-37.122,NULL,NULL,NULL,NULL,NULL,NULL
7861,2024-01-31 00:00:00,57130,B,2294,975,1319,197.85,NULL,NULL,NULL,NULL,NULL,NULL
7862,2024-01-31 00:00:00,57263,B,666.35,761.83,-95.48,0,NULL,NULL,NULL,NULL,NULL,NULL
7863,2024-01-31 00:00:00,57268,B,2597.18,2226.15,371.03,55.655,NULL,NULL,NULL,NULL,NULL,NULL
7864,2024-01-31 00:00:00,57273,B,8425.2,7021,1404.2,0,NULL,NULL,NULL,NULL,NULL,NULL
7865,2024-01-31 00:00:00,57272,B,8250.56,7751.58,498.98,0,NULL,NULL,NULL,NULL,NULL,NULL
7866,2024-01-31 00:00:00,57232,B,6639.2,5314.04,1325.16,530.064,NULL,NULL,NULL,NULL,NULL,NULL
7867,2024-01-31 00:00:00,57219,B,1154.4,807.19,347.21,138.884,NULL,NULL,NULL,NULL,NULL,NULL
7868,2024-01-31 00:00:00,57259,B,8082.6,6486.2,1596.4,0,NULL,NULL,NULL,NULL,NULL,NULL
7869,2024-01-11 00:00:00,57196,B,1246,1246,0,0,NULL,NULL,NULL,NULL,NULL,NULL
7870,2024-01-12 00:00:00,57197,B,1219,1219,0,0,NULL,NULL,NULL,NULL,NULL,NULL
7871,2024-01-12 00:00:00,57198,B,1135,1135,0,0,NULL,NULL,NULL,NULL,NULL,NULL
7872,2024-01-24 00:00:00,57199,B,1171,1171,0,0,NULL,NULL,NULL,NULL,NULL,NULL
7873,2024-01-26 00:00:00,57200,B,1201,1201,0,0,NULL,NULL,NULL,NULL,NULL,NULL
7874,2024-01-30 00:00:00,57201,B,1177,1177,0,0,NULL,NULL,NULL,NULL,NULL,NULL
7875,2024-01-31 00:00:00,57202,B,1207,1207,0,0,NULL,NULL,NULL,NULL,NULL,NULL
7877,2024-02-02 00:00:00,57352,B,1700,1516,184,0,NULL,NULL,NULL,NULL,NULL,NULL
7878,2024-02-02 00:00:00,57354,B,3910,3469.85,440.15,0,NULL,NULL,NULL,NULL,NULL,NULL
7879,2024-02-02 00:00:00,57355,B,2550,2272.02,277.98,0,NULL,NULL,NULL,NULL,NULL,NULL
7880,2024-02-02 00:00:00,57356,B,3910,3481.53,428.47,0,NULL,NULL,NULL,NULL,NULL,NULL
7881,2024-02-02 00:00:00,57208,B,4140,3602.96,537.04,0,NULL,NULL,NULL,NULL,NULL,NULL
7882,2024-02-02 00:00:00,57220,B,900,778.32,121.68,0,NULL,NULL,NULL,NULL,NULL,NULL
7883,2024-02-02 00:00:00,57275,B,4140,3575.97,564.03,0,NULL,NULL,NULL,NULL,NULL,NULL
7884,2024-02-02 00:00:00,57341,B,4140,3591.49,548.51,0,NULL,NULL,NULL,NULL,NULL,NULL
7885,2024-02-04 00:00:00,57287,B,1761.3,884.84,876.46,0,NULL,NULL,NULL,NULL,NULL,NULL
7886,2024-02-04 00:00:00,57223,B,2498.4,2082,416.4,166.56,NULL,NULL,NULL,NULL,NULL,NULL
7887,2024-02-04 00:00:00,57284,B,1154,925,229,34.35,NULL,NULL,NULL,NULL,NULL,NULL
7888,2024-02-04 00:00:00,57299,B,5123.2,3939.02,1184.18,118.418,NULL,NULL,NULL,NULL,NULL,NULL
7889,2024-02-05 00:00:00,57207,B,1619.3,1468.65,150.65,22.598,NULL,NULL,NULL,NULL,NULL,NULL
7890,2024-02-05 00:00:00,57289,B,4057.02,2896.46,1160.56,0,NULL,NULL,NULL,NULL,NULL,NULL
7891,2024-02-05 00:00:00,57251,B,3273.6,2620.6,653,0,NULL,NULL,NULL,NULL,NULL,NULL
7892,2024-02-05 00:00:00,57253,B,3273.6,2413.8,859.8,0,NULL,NULL,NULL,NULL,NULL,NULL
7893,2024-02-05 00:00:00,57254,B,3273.6,2596.8,676.8,0,NULL,NULL,NULL,NULL,NULL,NULL
7894,2024-02-05 00:00:00,57309,B,3273.6,2648,625.6,0,NULL,NULL,NULL,NULL,NULL,NULL
7895,2024-02-06 00:00:00,57365,B,120,120,0,0,NULL,NULL,NULL,NULL,NULL,NULL
7896,2024-02-06 00:00:00,57314,B,10247.2,9529.2,718,0,NULL,NULL,NULL,NULL,NULL,NULL
7897,2024-02-06 00:00:00,57329,B,4304,3567.7,736.3,0,NULL,NULL,NULL,NULL,NULL,NULL
7898,2024-02-06 00:00:00,57276,B,0,-200,200,0,NULL,NULL,NULL,NULL,NULL,NULL
7899,2024-02-06 00:00:00,57186,B,9802.5,9214.35,588.15,0,NULL,NULL,NULL,NULL,NULL,NULL
7900,2024-02-06 00:00:00,57246,B,2703.6,2253,450.6,180.24,NULL,NULL,NULL,NULL,NULL,NULL
7901,2024-02-06 00:00:00,57324,B,2044.36,1259.26,785.1,0,NULL,NULL,NULL,NULL,NULL,NULL
7903,2024-02-06 00:00:00,57070,B,0,1130,-1130,-452,NULL,NULL,NULL,NULL,NULL,NULL
7904,2024-02-06 00:00:00,57323,B,1053,742.86,310.14,124.056,NULL,NULL,NULL,NULL,NULL,NULL
7905,2024-02-06 00:00:00,57285,B,2326.4,1659,667.4,0,NULL,NULL,NULL,NULL,NULL,NULL
7906,2024-01-05 00:00:00,57132INV,B,310.56,310.56,0,0,NULL,NULL,NULL,NULL,NULL,NULL
7907,2024-01-08 00:00:00,57180INV,B,243.29,243.29,0,0,NULL,NULL,NULL,NULL,NULL,NULL
7908,2024-01-18 00:00:00,57183INV,B,257.95,257.95,0,0,NULL,NULL,NULL,NULL,NULL,NULL
7909,2024-01-18 00:00:00,57276INV,B,200,200,0,0,NULL,NULL,NULL,NULL,NULL,NULL
7910,2024-01-26 00:00:00,57219INV,B,236.81,236.81,0,0,NULL,NULL,NULL,NULL,NULL,NULL
7911,2024-02-07 00:00:00,57203,B,1201,1201,0,0,NULL,NULL,NULL,NULL,NULL,NULL
7913,2024-02-07 00:00:00,57307,B,6076.8,5307.6,769.2,0,NULL,NULL,NULL,NULL,NULL,NULL
7915,2024-02-07 00:00:00,57290,B,8028,7024.5,1003.5,0,NULL,NULL,NULL,NULL,NULL,NULL
7916,2024-02-07 00:00:00,57231,B,5032.8,4091.48,941.32,0,NULL,NULL,NULL,NULL,NULL,NULL
7917,2024-02-07 00:00:00,57274,B,6821.64,3023.88,3797.76,569.664,NULL,NULL,NULL,NULL,NULL,NULL
7918,2024-02-07 00:00:00,57267,B,11341.2,9583,1758.2,703.28,NULL,NULL,NULL,NULL,NULL,NULL
7919,2024-02-07 00:00:00,57283,B,2094.3,1079.24,1015.06,0,NULL,NULL,NULL,NULL,NULL,NULL
7920,2024-02-07 00:00:00,57321,B,7253.4,6501,752.4,0,NULL,NULL,NULL,NULL,NULL,NULL
7921,2024-02-07 00:00:00,57224,B,4857.6,3764,1093.6,164.04,NULL,NULL,NULL,NULL,NULL,NULL
7922,2024-02-08 00:00:00,57288,B,1314,1275,39,15.6,NULL,NULL,NULL,NULL,NULL,NULL
7923,2024-02-09 00:00:00,57317,B,9288,8679,609,0,NULL,NULL,NULL,NULL,NULL,NULL
7924,2024-02-13 00:00:00,57187,B,525,435,90,0,NULL,NULL,NULL,NULL,NULL,NULL
7925,2024-02-13 00:00:00,57308,B,4062.5,3575,487.5,0,NULL,NULL,NULL,NULL,NULL,NULL
7926,2024-02-13 00:00:00,57304,B,3625.68,2216.42,1409.26,563.704,NULL,NULL,NULL,NULL,NULL,NULL
7927,2024-02-01 00:00:00,57323INV,B,328.14,328.14,0,0,NULL,NULL,NULL,NULL,NULL,NULL
7928,2024-02-14 00:00:00,57366,B,2046.15,1092.82,953.33,0,NULL,NULL,NULL,NULL,NULL,NULL
7929,2024-02-14 00:00:00,57367,B,2089.35,1248.58,840.77,0,NULL,NULL,NULL,NULL,NULL,NULL
7930,2024-02-14 00:00:00,57325,B,2504.88,1772.93,731.95,0,NULL,NULL,NULL,NULL,NULL,NULL
7931,2024-02-14 00:00:00,57336,B,1344.2,595,749.2,0,NULL,NULL,NULL,NULL,NULL,NULL
7932,2024-02-14 00:00:00,57335,B,943.8,708,235.8,0,NULL,NULL,NULL,NULL,NULL,NULL
7933,2024-02-06 00:00:00,57294,B,1080,1139,-59,-23.6,NULL,NULL,NULL,NULL,NULL,NULL
7934,2024-02-15 00:00:00,57362,B,1342,1300,42,16.8,NULL,NULL,NULL,NULL,NULL,NULL
7936,2024-02-21 00:00:00,57358,B,10426.32,8881.68,1544.64,0,NULL,NULL,NULL,NULL,NULL,NULL
7937,2024-02-21 00:00:00,57359,B,2845.8,2021.8,824,123.6,NULL,NULL,NULL,NULL,NULL,NULL
7938,2024-02-21 00:00:00,57357,B,2268,1512,756,113.4,NULL,NULL,NULL,NULL,NULL,NULL
7939,2024-02-21 00:00:00,57248,B,2323.2,1936,387.2,154.88,NULL,NULL,NULL,NULL,NULL,NULL
7940,2024-02-21 00:00:00,57386,B,1270,800,470,0,NULL,NULL,NULL,NULL,NULL,NULL
7941,2024-02-21 00:00:00,57302,B,1809.75,950,859.75,343.9,NULL,NULL,NULL,NULL,NULL,NULL
7942,2024-02-21 00:00:00,57330,B,1058.2,682.5,375.7,150.28,NULL,NULL,NULL,NULL,NULL,NULL
7943,2024-02-21 00:00:00,57322,B,9836.16,8388.33,1447.83,0,NULL,NULL,NULL,NULL,NULL,NULL
7944,2024-02-21 00:00:00,57360,B,1238.1,1000,238.1,0,NULL,NULL,NULL,NULL,NULL,NULL
7945,2024-02-07 00:00:00,57310,B,2380.8,2422.7,-41.9,0,NULL,NULL,NULL,NULL,NULL,NULL
7946,2024-01-31 00:00:00,57328,B,7109.4,7109.4,0,0,NULL,NULL,NULL,NULL,NULL,NULL
7947,2024-02-23 00:00:00,57316,B,1443.13,1338.07,105.06,0,NULL,NULL,NULL,NULL,NULL,NULL
7948,2024-02-23 00:00:00,57433,B,1793.04,1377.42,415.62,0,NULL,NULL,NULL,NULL,NULL,NULL
7949,2024-02-23 00:00:00,57328-INV,B,8526,7109.4,1416.6,0,NULL,NULL,NULL,NULL,NULL,NULL
7951,2024-02-23 00:00:00,57370,B,1360,1150,210,84,NULL,NULL,NULL,NULL,NULL,NULL
7953,2024-02-23 00:00:00,57380,B,902.64,650,252.64,0,NULL,NULL,NULL,NULL,NULL,NULL
7954,2024-02-23 00:00:00,57378,B,1144,400,744,0,NULL,NULL,NULL,NULL,NULL,NULL
7955,2024-02-23 00:00:00,57379,B,1333.2,439,894.2,0,NULL,NULL,NULL,NULL,NULL,NULL
7956,2024-02-23 00:00:00,57394,B,1994.33,1677.28,317.05,0,NULL,NULL,NULL,NULL,NULL,NULL
7957,2023-10-10 00:00:00,56943INV,B,320.65,320.65,0,0,NULL,NULL,NULL,NULL,NULL,NULL
7958,2024-02-07 00:00:00,57335INV,B,342,342,0,0,NULL,NULL,NULL,NULL,NULL,NULL
7959,2024-02-19 00:00:00,57363INV,B,200,200,0,0,NULL,NULL,NULL,NULL,NULL,NULL
7960,2024-02-26 00:00:00,57389,B,10512,9508,1004,401.6,NULL,NULL,NULL,NULL,NULL,NULL
7961,2024-02-26 00:00:00,57387,B,2131.2,1420.8,710.4,106.56,NULL,NULL,NULL,NULL,NULL,NULL
7962,2024-02-29 00:00:00,57369,B,2146.05,2140,6.05,0,NULL,NULL,NULL,NULL,NULL,NULL
7964,2024-02-29 00:00:00,57305,B,6756.48,5925.76,830.72,0,NULL,NULL,NULL,NULL,NULL,NULL
7965,2024-02-29 00:00:00,57225,B,3088,2517.58,570.42,85.563,NULL,NULL,NULL,NULL,NULL,NULL
7968,2024-02-29 00:00:00,57417,B,8760,8188.38,571.62,0,NULL,NULL,NULL,NULL,NULL,NULL
7969,2024-02-29 00:00:00,57313,B,7190.4,6034.8,1155.6,0,NULL,NULL,NULL,NULL,NULL,NULL
7970,2024-02-29 00:00:00,57319,B,6653.57,5510.57,1143,0,NULL,NULL,NULL,NULL,NULL,NULL
7971,2024-02-29 00:00:00,57424,B,10316,9542.82,773.18,0,NULL,NULL,NULL,NULL,NULL,NULL
7972,2024-02-29 00:00:00,57337,B,9689,9107.66,581.34,0,NULL,NULL,NULL,NULL,NULL,NULL
7973,2024-01-24 00:00:00,57126,B,-500,0,-500,0,NULL,NULL,NULL,NULL,NULL,NULL
7974,2024-02-29 00:00:00,57437,B,1984.8,1300,684.8,273.92,NULL,NULL,NULL,NULL,NULL,NULL
7975,2024-02-29 00:00:00,57403,B,1848,1400,448,179.2,NULL,NULL,NULL,NULL,NULL,NULL
7976,2024-02-29 00:00:00,57423,B,1756.8,1100,656.8,262.72,NULL,NULL,NULL,NULL,NULL,NULL
7977,2024-02-29 00:00:00,57421,B,6502.4,3844.95,2657.45,0,NULL,NULL,NULL,NULL,NULL,NULL
7978,2024-02-29 00:00:00,57353,B,0,1750,-1750,0,NULL,NULL,NULL,NULL,NULL,NULL
7980,2024-02-29 00:00:00,57315,B,1780.8,1070.54,710.26,284.104,NULL,NULL,NULL,NULL,NULL,NULL
7981,2024-02-29 00:00:00,57391,B,3108,2886,222,0,NULL,NULL,NULL,NULL,NULL,NULL
7982,2024-02-23 00:00:00,57423INV,B,200,200,0,0,NULL,NULL,NULL,NULL,NULL,NULL
7983,2024-02-23 00:00:00,57363,B,1466,1150,316,126.4,NULL,NULL,NULL,NULL,NULL,NULL
7984,2024-03-01 00:00:00,57446,B,0,-200,200,0,NULL,NULL,NULL,NULL,NULL,NULL
7985,2024-03-01 00:00:00,57455,B,0,-200,200,0,NULL,NULL,NULL,NULL,NULL,NULL
7986,2024-02-23 00:00:00,57446INV,B,200,200,0,0,NULL,NULL,NULL,NULL,NULL,NULL
7987,2024-02-26 00:00:00,57455INV,B,200,200,0,0,NULL,NULL,NULL,NULL,NULL,NULL
7988,2024-03-01 00:00:00,57410,B,4033.59,3405.34,628.25,0,NULL,NULL,NULL,NULL,NULL,NULL
7989,2024-03-06 00:00:00,55538,A,-2256,0,-2256,0,2207,S,-2256,0,NULL,NULL
7990,2024-03-07 00:00:00,57057,D,-38.84,0,-38.84,0,2075,S,-38.84,NULL,4513,NULL
7991,2024-02-20 00:00:00,57342,B,1210,1210,0,0,NULL,NULL,NULL,NULL,NULL,NULL
7992,2024-02-27 00:00:00,57343,B,1222,1222,0,0,NULL,NULL,NULL,NULL,NULL,NULL
7993,2024-03-07 00:00:00,57444,B,1634.4,1200,434.4,0,NULL,NULL,NULL,NULL,NULL,NULL
7994,2024-01-19 00:00:00,57154,B,38.5,-500,538.5,0,NULL,NULL,NULL,NULL,NULL,NULL
7996,2024-03-07 00:00:00,57431,B,5227.3,4271,956.3,0,NULL,NULL,NULL,NULL,NULL,NULL
7998,2024-03-07 00:00:00,57468,B,9160.2,7520.6,1639.6,0,NULL,NULL,NULL,NULL,NULL,NULL
7999,2024-03-07 00:00:00,57295,B,1126.2,809.36,316.84,126.736,NULL,NULL,NULL,NULL,NULL,NULL
8000,2024-03-07 00:00:00,57404,B,1728,1400,328,131.2,NULL,NULL,NULL,NULL,NULL,NULL
8001,2024-03-07 00:00:00,57480,B,591,0,591,0,NULL,NULL,NULL,NULL,NULL,NULL
8002,2024-03-07 00:00:00,57381,B,1326.2,650,676.2,0,NULL,NULL,NULL,NULL,NULL,NULL
8003,2024-03-07 00:00:00,57442,B,1145.04,289,856.04,0,NULL,NULL,NULL,NULL,NULL,NULL
8004,2024-03-07 00:00:00,57489,B,1109.68,839,270.68,108.272,NULL,NULL,NULL,NULL,NULL,NULL
8005,2024-03-08 00:00:00,57384,B,8744.4,7287,1457.4,0,NULL,NULL,NULL,NULL,NULL,NULL
8006,2024-02-29 00:00:00,57344,B,1258,1258,0,0,NULL,NULL,NULL,NULL,NULL,NULL
8007,2024-03-06 00:00:00,57345,B,1132,1132,0,0,NULL,NULL,NULL,NULL,NULL,NULL
8008,2024-02-29 00:00:00,57392,B,5127,4272.5,854.5,0,NULL,NULL,NULL,NULL,NULL,NULL
8009,2024-03-08 00:00:00,56943INV,A,-320.65,0,-320.65,0,2301,S,-320.65,0,NULL,NULL
8010,2024-03-01 00:00:00,57295INV,B,229.64,229.64,0,0,NULL,NULL,NULL,NULL,NULL,NULL
8011,2024-03-08 00:00:00,57364,B,1955,1734.96,220.04,0,NULL,NULL,NULL,NULL,NULL,NULL
8012,2024-03-08 00:00:00,57507,B,3910,3470.83,439.17,0,NULL,NULL,NULL,NULL,NULL,NULL
8015,2024-03-11 00:00:00,57292,B,8004,7003.5,1000.5,0,NULL,NULL,NULL,NULL,NULL,NULL
8016,2024-03-11 00:00:00,57473,B,5139.2,2877.2,2262,904.8,NULL,NULL,NULL,NULL,NULL,NULL
8017,2024-03-11 00:00:00,57440,B,2824.36,2161.31,663.05,0,NULL,NULL,NULL,NULL,NULL,NULL
8019,2024-03-07 00:00:00,57465,B,6333.34,4747.52,1585.82,634.328,NULL,NULL,NULL,NULL,NULL,NULL
8021,2024-03-12 00:00:00,57453,B,1603.2,1328,275.2,0,NULL,NULL,NULL,NULL,NULL,NULL
8022,2024-03-12 00:00:00,57484,B,2743.8,1557.3,1186.5,474.6,NULL,NULL,NULL,NULL,NULL,NULL
8023,2024-03-12 00:00:00,57382,B,1019.13,650,369.13,0,NULL,NULL,NULL,NULL,NULL,NULL
8024,2024-03-12 00:00:00,57483,B,868.45,635,233.45,0,NULL,NULL,NULL,NULL,NULL,NULL
8025,2024-03-13 00:00:00,57290,A,-2100,0,-2100,0,1636,S,-2100,0,NULL,NULL
8026,2024-03-14 00:00:00,57506,B,2191.2,1435.2,756,0,NULL,NULL,NULL,NULL,NULL,NULL
8027,2024-03-14 00:00:00,56751INV,A,-364.6,0,-364.6,0,1861,S,-364.6,0,NULL,NULL
8028,2024-03-14 00:00:00,57451,B,1420.8,1133.6,287.2,0,NULL,NULL,NULL,NULL,NULL,NULL
8029,2024-03-14 00:00:00,57470,B,1380,1080,300,120,NULL,NULL,NULL,NULL,NULL,NULL
8030,2024-03-14 00:00:00,57448,B,2061.96,1944.64,117.32,0,NULL,NULL,NULL,NULL,NULL,NULL
8031,2024-03-14 00:00:00,57244,B,5179.25,4557.74,621.51,0,NULL,NULL,NULL,NULL,NULL,NULL
8032,2024-03-14 00:00:00,57301,B,6117.6,5301.92,815.68,0,NULL,NULL,NULL,NULL,NULL,NULL
8033,2024-03-14 00:00:00,57326,B,8400,6297.2,2102.8,315.42,NULL,NULL,NULL,NULL,NULL,NULL
8034,2024-03-14 00:00:00,57327,B,8736,6202.8,2533.2,379.98,NULL,NULL,NULL,NULL,NULL,NULL
8035,2024-03-14 00:00:00,57320,B,6867.2,6171.2,696,0,NULL,NULL,NULL,NULL,NULL,NULL
8037,2024-03-14 00:00:00,57449,B,10257.48,7534.29,2723.19,408.479,NULL,NULL,NULL,NULL,NULL,NULL
8038,2024-03-14 00:00:00,57405,B,1888.8,1100,788.8,315.52,NULL,NULL,NULL,NULL,NULL,NULL
8039,2024-03-14 00:00:00,57517,B,1538.4,1245,293.4,117.36,NULL,NULL,NULL,NULL,NULL,NULL
8040,2024-03-14 00:00:00,57490,B,1572,1459,113,45.2,NULL,NULL,NULL,NULL,NULL,NULL
8041,2024-03-14 00:00:00,57441,B,1273.56,1001.91,271.65,108.66,NULL,NULL,NULL,NULL,NULL,NULL
8042,2024-03-14 00:00:00,57398,B,6159.6,2411,3748.6,562.29,NULL,NULL,NULL,NULL,NULL,NULL
8043,2024-03-14 00:00:00,57464,B,7140,4784,2356,942.4,NULL,NULL,NULL,NULL,NULL,NULL
8044,2024-03-14 00:00:00,57390,B,149.94,140.76,9.18,0,NULL,NULL,NULL,NULL,NULL,NULL
8045,2024-03-14 00:00:00,57377,B,860.4,-25,885.4,132.81,NULL,NULL,NULL,NULL,NULL,NULL
8046,2024-03-14 00:00:00,57516,B,1929.96,1441.14,488.82,0,NULL,NULL,NULL,NULL,NULL,NULL
8047,2024-03-14 00:00:00,57361,B,1190.4,900,290.4,0,NULL,NULL,NULL,NULL,NULL,NULL
8048,2024-03-14 00:00:00,57523,B,856.8,245,611.8,0,NULL,NULL,NULL,NULL,NULL,NULL
8049,2024-03-06 00:00:00,57441INV,B,357.09,357.09,0,0,NULL,NULL,NULL,NULL,NULL,NULL
8050,2023-11-07 00:00:00,57027INV,B,65.22,65.22,0,0,NULL,NULL,NULL,NULL,NULL,NULL
8051,2024-02-29 00:00:00,57126R,B,9680.44,8970.46,709.98,0,NULL,NULL,NULL,NULL,NULL,NULL
8053,2024-03-15 00:00:00,57469,B,8003.7,5508.42,2495.28,0,NULL,NULL,NULL,NULL,NULL,NULL
8055,2024-03-17 00:00:00,57399,B,412,0,412,61.8,NULL,NULL,NULL,NULL,NULL,NULL
8056,2024-03-17 00:00:00,57499,B,386.94,0,386.94,58.041,NULL,NULL,NULL,NULL,NULL,NULL
8057,2024-03-17 00:00:00,57504,B,2260,790,1470,588,NULL,NULL,NULL,NULL,NULL,NULL
8058,2024-03-18 00:00:00,57291,B,7592,6643,949,0,NULL,NULL,NULL,NULL,NULL,NULL
8059,2024-03-19 00:00:00,57511,B,0,-200,200,0,NULL,NULL,NULL,NULL,NULL,NULL
8060,2024-03-15 00:00:00,57511INV,B,200,200,0,0,NULL,NULL,NULL,NULL,NULL,NULL
8061,2024-02-29 00:00:00,57236,B,6864,5817,1047,418.8,NULL,NULL,NULL,NULL,NULL,NULL
8062,2024-03-19 00:00:00,57481,B,3552,2889.6,662.4,264.96,NULL,NULL,NULL,NULL,NULL,NULL
8064,2024-03-21 00:00:00,57452,B,1622.4,1336,286.4,0,NULL,NULL,NULL,NULL,NULL,NULL
8065,2024-03-21 00:00:00,57540,B,1545.6,1304,241.6,0,NULL,NULL,NULL,NULL,NULL,NULL
8066,2024-03-21 00:00:00,57546,B,1905.6,1200,705.6,0,NULL,NULL,NULL,NULL,NULL,NULL
8067,2024-03-21 00:00:00,57492,B,7224.8,6183,1041.8,416.72,NULL,NULL,NULL,NULL,NULL,NULL
8068,2024-03-21 00:00:00,57427,B,7371,6142.5,1228.5,0,NULL,NULL,NULL,NULL,NULL,NULL
8069,2024-03-21 00:00:00,57515,B,5085.2,3801.12,1284.08,0,NULL,NULL,NULL,NULL,NULL,NULL
8070,2024-03-21 00:00:00,57533,B,1471.2,1245,226.2,90.48,NULL,NULL,NULL,NULL,NULL,NULL
8071,2024-03-21 00:00:00,57522,B,2718.48,715,2003.48,0,NULL,NULL,NULL,NULL,NULL,NULL
8073,2024-03-21 00:00:00,57400,B,414.84,0,414.84,62.226,NULL,NULL,NULL,NULL,NULL,NULL
8074,2024-03-21 00:00:00,57401,B,413.74,0,413.74,62.061,NULL,NULL,NULL,NULL,NULL,NULL
8075,2024-03-21 00:00:00,57371,B,4503.4,2193.2,2310.2,0,NULL,NULL,NULL,NULL,NULL,NULL
8076,2024-03-21 00:00:00,57438,B,1629.6,885,744.6,0,NULL,NULL,NULL,NULL,NULL,NULL
8077,2024-03-21 00:00:00,57485,B,3968.8,2099.6,1869.2,280.38,NULL,NULL,NULL,NULL,NULL,NULL
8078,2024-02-13 00:00:00,57315INV,B,79.46,79.46,0,0,NULL,NULL,NULL,NULL,NULL,NULL
8080,2024-03-22 00:00:00,57534,B,1219.2,689,530.2,0,NULL,NULL,NULL,NULL,NULL,NULL
8081,2024-03-22 00:00:00,57418,B,8934,8479.87,454.13,0,NULL,NULL,NULL,NULL,NULL,NULL
8082,2024-03-22 00:00:00,57510,B,4025,3499.48,525.52,0,NULL,NULL,NULL,NULL,NULL,NULL
8083,2024-03-22 00:00:00,57532,B,1387.2,965,422.2,0,NULL,NULL,NULL,NULL,NULL,NULL
8084,2024-03-22 00:00:00,57536,B,1238.4,1045,193.4,77.36,NULL,NULL,NULL,NULL,NULL,NULL
8085,2024-03-22 00:00:00,57436,B,8288,5793.2,2494.8,374.22,NULL,NULL,NULL,NULL,NULL,NULL
8087,2024-03-22 00:00:00,57509,B,3910,3466.7,443.3,0,NULL,NULL,NULL,NULL,NULL,NULL
8090,2024-03-22 00:00:00,57498,B,4342,3075.65,1266.35,0,NULL,NULL,NULL,NULL,NULL,NULL
8092,2024-03-22 00:00:00,57420,B,0,115,-115,0,NULL,NULL,NULL,NULL,NULL,NULL
8094,2024-03-19 00:00:00,57393,B,2368.6,1867,501.6,0,NULL,NULL,NULL,NULL,NULL,NULL
8095,2024-03-26 00:00:00,57505,B,6545.11,3699.41,2845.7,0,NULL,NULL,NULL,NULL,NULL,NULL
8096,2024-03-25 00:00:00,57482,B,221.6,100,121.6,0,NULL,NULL,NULL,NULL,NULL,NULL
8097,2024-03-14 00:00:00,57426,B,1744.6,1464.4,280.2,0,NULL,NULL,NULL,NULL,NULL,NULL
8099,2024-03-05 00:00:00,57482INV,B,600,600,0,0,NULL,NULL,NULL,NULL,NULL,NULL
8100,2024-03-21 00:00:00,57385,B,429,868,-439,0,NULL,NULL,NULL,NULL,NULL,NULL
8101,2024-03-18 00:00:00,57438INV,B,250,250,0,0,NULL,NULL,NULL,NULL,NULL,NULL
8102,2024-03-26 00:00:00,55957,A,-6429,0,-6429,0,2255,S,-6429,0,NULL,NULL
8103,2024-03-26 00:00:00,56023,A,-6834,0,-6834,0,2255,S,-6834,0,NULL,NULL
8104,2024-03-26 00:00:00,56121,A,-4461.6,0,-4461.6,0,2255,S,-4461.6,0,NULL,NULL
8105,2024-03-27 00:00:00,57547,B,1555.2,1100,455.2,182.08,NULL,NULL,NULL,NULL,NULL,NULL
8106,2024-03-28 00:00:00,57475,B,9705.6,9024.8,680.8,0,NULL,NULL,NULL,NULL,NULL,NULL
8107,2024-03-28 00:00:00,57525,B,2756.6,2362.8,393.8,0,NULL,NULL,NULL,NULL,NULL,NULL
8108,2024-03-28 00:00:00,57528,B,6991.6,6170.4,821.2,0,NULL,NULL,NULL,NULL,NULL,NULL
8109,2024-03-28 00:00:00,57526,B,991.36,750,241.36,0,NULL,NULL,NULL,NULL,NULL,NULL
8110,2024-03-28 00:00:00,57466,B,8676.8,7494.93,1181.87,0,NULL,NULL,NULL,NULL,NULL,NULL
8111,2024-03-28 00:00:00,57502,B,398.2,0,398.2,0,NULL,NULL,NULL,NULL,NULL,NULL
8112,2024-03-28 00:00:00,57530,B,381.75,0,381.75,0,NULL,NULL,NULL,NULL,NULL,NULL
8113,2024-03-28 00:00:00,57439,B,1574.4,885,689.4,0,NULL,NULL,NULL,NULL,NULL,NULL
8114,2024-03-25 00:00:00,57439INV,B,250,250,0,0,NULL,NULL,NULL,NULL,NULL,NULL
8115,2024-03-28 00:00:00,57472,B,2589.36,1892.32,697.04,0,NULL,NULL,NULL,NULL,NULL,NULL
8116,2024-03-28 00:00:00,57529,B,6368,1592,4776,0,NULL,NULL,NULL,NULL,NULL,NULL
8117,2024-03-28 00:00:00,57537,B,1872,1070,802,320.8,NULL,NULL,NULL,NULL,NULL,NULL
8118,2024-03-28 00:00:00,57541,B,1786.68,1250,536.68,0,NULL,NULL,NULL,NULL,NULL,NULL
8119,2024-03-28 00:00:00,57578,B,1860,1250,610,0,NULL,NULL,NULL,NULL,NULL,NULL
8120,2024-03-28 00:00:00,57579,B,1855.2,1250,605.2,0,NULL,NULL,NULL,NULL,NULL,NULL
8121,2024-03-28 00:00:00,57538,B,2128.56,1125,1003.56,401.424,NULL,NULL,NULL,NULL,NULL,NULL
8124,2024-03-22 00:00:00,57447,B,0,250.21,-250.21,0,NULL,NULL,NULL,NULL,NULL,NULL
8125,2024-03-29 00:00:00,57526INV,B,450,450,0,0,NULL,NULL,NULL,NULL,NULL,NULL
8128,2024-03-29 00:00:00,57512,B,0,-200,200,0,NULL,NULL,NULL,NULL,NULL,NULL
8129,2024-03-22 00:00:00,57346,B,1210,1210,0,0,NULL,NULL,NULL,NULL,NULL,NULL
8130,2024-03-28 00:00:00,57347,B,1210,1210,0,0,NULL,NULL,NULL,NULL,NULL,NULL
8132,2024-03-05 00:00:00,57430,B,6633.57,6633.57,0,0,NULL,NULL,NULL,NULL,NULL,NULL
8133,2024-04-01 00:00:00,57591,B,3570,3251.25,318.75,0,NULL,NULL,NULL,NULL,NULL,NULL
8134,2024-04-01 00:00:00,57565,B,1051.2,690,361.2,0,NULL,NULL,NULL,NULL,NULL,NULL
8135,2024-04-01 00:00:00,57592,B,5862.1,5105.7,756.4,0,NULL,NULL,NULL,NULL,NULL,NULL
8136,2024-04-01 00:00:00,57494,B,4325.2,3021.7,1303.5,0,NULL,NULL,NULL,NULL,NULL,NULL
8137,2024-04-01 00:00:00,57539,B,5589,3819.5,1769.5,707.8,NULL,NULL,NULL,NULL,NULL,NULL
8138,2024-04-01 00:00:00,57430-INV,B,8622.6,7669.12,953.48,0,NULL,NULL,NULL,NULL,NULL,NULL
8139,2024-04-01 00:00:00,57491,B,1399.2,1309,90.2,36.08,NULL,NULL,NULL,NULL,NULL,NULL
8140,2024-04-01 00:00:00,57542,B,2065.8,650,1415.8,0,NULL,NULL,NULL,NULL,NULL,NULL
8141,2024-04-01 00:00:00,57531,B,4288,2895.6,1392.4,0,NULL,NULL,NULL,NULL,NULL,NULL
8142,2024-04-01 00:00:00,57560,B,389.6,0,389.6,58.44,NULL,NULL,NULL,NULL,NULL,NULL
8143,2024-04-01 00:00:00,57508,B,1105.9,425,680.9,0,NULL,NULL,NULL,NULL,NULL,NULL
8144,2024-04-01 00:00:00,57527,B,947.52,635,312.52,0,NULL,NULL,NULL,NULL,NULL,NULL
8145,2024-03-12 00:00:00,57504INV,B,2060,2060,0,0,NULL,NULL,NULL,NULL,NULL,NULL
8147,2024-03-07 00:00:00,57425,B,699.8,4452.26,-3752.46,0,NULL,NULL,NULL,NULL,NULL,NULL
8148,2024-04-01 00:00:00,57425,A,0,-3344.4,3344.4,0,1128,P,-3344.4,111074,NULL,NULL
8149,2024-04-02 00:00:00,57237,B,9773.39,8498.6,1274.79,509.916,NULL,NULL,NULL,NULL,NULL,NULL
8150,2024-04-03 00:00:00,57471,B,375,635,-260,0,NULL,NULL,NULL,NULL,NULL,NULL
8151,2024-04-03 00:00:00,57569,B,3307.32,1100,2207.32,0,NULL,NULL,NULL,NULL,NULL,NULL
8152,2024-04-03 00:00:00,57581,B,1698.4,650,1048.4,0,NULL,NULL,NULL,NULL,NULL,NULL
8153,2024-04-03 00:00:00,57503,B,4442.9,3240,1202.9,0,NULL,NULL,NULL,NULL,NULL,NULL
8154,2024-04-03 00:00:00,57559,B,4141.93,2149.44,1992.49,0,NULL,NULL,NULL,NULL,NULL,NULL
8155,2024-03-04 00:00:00,57489INV,B,200,200,0,0,NULL,NULL,NULL,NULL,NULL,NULL
8156,2024-03-11 00:00:00,57490INV,B,200,200,0,0,NULL,NULL,NULL,NULL,NULL,NULL
8157,2024-03-26 00:00:00,57491INV,B,200,200,0,0,NULL,NULL,NULL,NULL,NULL,NULL
8158,2024-04-05 00:00:00,57587,B,1171.2,776.73,394.47,0,NULL,NULL,NULL,NULL,NULL,NULL
8159,2024-04-05 00:00:00,57434,B,2031.23,1845.47,185.76,0,NULL,NULL,NULL,NULL,NULL,NULL
8160,2024-04-05 00:00:00,57593,B,3250,2302.5,947.5,142.125,NULL,NULL,NULL,NULL,NULL,NULL
8161,2024-04-05 00:00:00,57543,B,3027.6,2503,524.6,0,NULL,NULL,NULL,NULL,NULL,NULL
8163,2024-03-29 00:00:00,57467,B,6430.52,5435.66,994.86,0,NULL,NULL,NULL,NULL,NULL,NULL
8164,2024-04-05 00:00:00,57564,B,1471.2,1109,362.2,144.88,NULL,NULL,NULL,NULL,NULL,NULL
8165,2024-04-05 00:00:00,57402,B,419.6,0,419.6,62.94,NULL,NULL,NULL,NULL,NULL,NULL
8166,2024-04-05 00:00:00,57561,B,423.2,0,423.2,63.48,NULL,NULL,NULL,NULL,NULL,NULL
8169,2024-04-08 00:00:00,57588,B,1432.8,953.8,479,0,NULL,NULL,NULL,NULL,NULL,NULL
8170,2024-04-08 00:00:00,57582,B,1495.2,1000,495.2,198.08,NULL,NULL,NULL,NULL,NULL,NULL
8171,2024-04-08 00:00:00,57567,B,11104.52,9914.75,1189.77,0,NULL,NULL,NULL,NULL,NULL,NULL
8172,2024-04-08 00:00:00,57608,B,7047,5989.6,1057.4,0,NULL,NULL,NULL,NULL,NULL,NULL
8173,2024-04-08 00:00:00,57562,B,7131.6,3962,3169.6,1267.84,NULL,NULL,NULL,NULL,NULL,NULL
8174,2024-04-08 00:00:00,57500,B,484,0,484,72.6,NULL,NULL,NULL,NULL,NULL,NULL
8175,2024-04-05 00:00:00,57556,B,2629.06,978.3,1650.76,0,NULL,NULL,NULL,NULL,NULL,NULL
8176,2024-04-09 00:00:00,57609,B,2308.92,1731.69,577.23,0,NULL,NULL,NULL,NULL,NULL,NULL
8177,2024-04-09 00:00:00,57479,B,1411.2,1080,331.2,0,NULL,NULL,NULL,NULL,NULL,NULL
8178,2024-04-09 00:00:00,57577,B,1175.46,245,930.46,0,NULL,NULL,NULL,NULL,NULL,NULL
8180,2024-04-11 00:00:00,57598,B,6919.8,4682.82,2236.98,0,NULL,NULL,NULL,NULL,NULL,NULL
8182,2024-04-10 00:00:00,57596,B,3045.24,1070,1975.24,0,NULL,NULL,NULL,NULL,NULL,NULL
8183,2024-04-12 00:00:00,57391,A,-938,0,-938,0,2354,S,-938,0,NULL,NULL
8190,2024-04-12 00:00:00,57589,B,1537.32,971.22,566.1,0,NULL,NULL,NULL,NULL,NULL,NULL
8191,2024-04-12 00:00:00,57610,B,1346.4,1078.85,267.55,107.02,NULL,NULL,NULL,NULL,NULL,NULL
8192,2024-04-12 00:00:00,57486,B,9936.96,9108.88,828.08,0,NULL,NULL,NULL,NULL,NULL,NULL
8193,2024-04-12 00:00:00,57633,B,4378.8,3678.6,700.2,0,NULL,NULL,NULL,NULL,NULL,NULL
8194,2024-04-12 00:00:00,57497,B,2466,2802.25,-336.25,0,NULL,NULL,NULL,NULL,NULL,NULL
8195,2024-04-12 00:00:00,57583,B,1039.2,674.76,364.44,54.666,NULL,NULL,NULL,NULL,NULL,NULL
8196,2024-04-12 00:00:00,57535,B,9583.2,8555.2,1028,154.2,NULL,NULL,NULL,NULL,NULL,NULL
8197,2024-04-12 00:00:00,57463,B,1572,1150,422,168.8,NULL,NULL,NULL,NULL,NULL,NULL
8198,2024-04-12 00:00:00,57600,B,1420.8,1085,335.8,134.32,NULL,NULL,NULL,NULL,NULL,NULL
8199,2024-04-12 00:00:00,57627,B,1353.6,970,383.6,153.44,NULL,NULL,NULL,NULL,NULL,NULL
8201,2024-04-12 00:00:00,57415,B,2234.42,1672.73,561.69,0,NULL,NULL,NULL,NULL,NULL,NULL
8202,2024-04-12 00:00:00,57487,B,803.66,395.74,407.92,163.168,NULL,NULL,NULL,NULL,NULL,NULL
8203,2024-04-12 00:00:00,57501,B,923.78,437.86,485.92,194.368,NULL,NULL,NULL,NULL,NULL,NULL
8204,2024-04-12 00:00:00,57621,B,6579.51,4150.27,2429.24,0,NULL,NULL,NULL,NULL,NULL,NULL
8205,2024-04-15 00:00:00,57637,B,1005.6,-252,1257.6,0,NULL,NULL,NULL,NULL,NULL,NULL
8206,2024-04-15 00:00:00,57653,B,521.5,0,521.5,78.225,NULL,NULL,NULL,NULL,NULL,NULL
8207,2024-04-15 00:00:00,57573,B,490.53,323.32,167.21,0,NULL,NULL,NULL,NULL,NULL,NULL
8208,2024-04-16 00:00:00,57518,A,-1800,0,-1800,0,2316,S,-1800,0,NULL,NULL
8209,2024-04-16 00:00:00,57410,A,-150,0,-150,0,2137,S,-150,0,NULL,NULL
8212,2024-01-24 00:00:00,57252,B,3273.6,2413.8,859.8,0,NULL,NULL,NULL,NULL,NULL,NULL
8213,2024-04-16 00:00:00,57639,B,1680,1315,365,0,NULL,NULL,NULL,NULL,NULL,NULL
8214,2024-04-16 00:00:00,57644,B,1603.2,1375,228.2,91.28,NULL,NULL,NULL,NULL,NULL,NULL
8215,2024-04-16 00:00:00,57597,B,2410.02,1205.01,1205.01,180.752,NULL,NULL,NULL,NULL,NULL,NULL
8216,2024-04-16 00:00:00,57544,B,2766.6,2203.43,563.17,0,NULL,NULL,NULL,NULL,NULL,NULL
8217,2024-04-16 00:00:00,57628,B,2269.5,775,1494.5,224.175,NULL,NULL,NULL,NULL,NULL,NULL
8218,2024-04-17 00:00:00,57607,B,6425.43,5062.46,1362.97,0,NULL,NULL,NULL,NULL,NULL,NULL
8219,2024-04-17 00:00:00,57585,B,1958,1606,352,0,NULL,NULL,NULL,NULL,NULL,NULL
8220,2024-04-17 00:00:00,57611,B,5062,3127.9,1934.1,773.64,NULL,NULL,NULL,NULL,NULL,NULL
8222,2024-04-17 00:00:00,57686,B,3380.52,920,2460.52,0,NULL,NULL,NULL,NULL,NULL,NULL
8224,2024-04-18 00:00:00,57518,B,-1800,-1800,0,0,NULL,NULL,NULL,NULL,NULL,NULL
8225,2024-04-12 00:00:00,57518INV,B,1800,1800,0,0,NULL,NULL,NULL,NULL,NULL,NULL
8226,2024-04-18 00:00:00,57689,B,2827,2049.57,777.43,116.615,NULL,NULL,NULL,NULL,NULL,NULL
8230,2024-04-18 00:00:00,57566,B,377.21,930,-552.79,0,NULL,NULL,NULL,NULL,NULL,NULL
8231,2024-04-18 00:00:00,57625,B,7924,5318.87,2605.13,1042.052,NULL,NULL,NULL,NULL,NULL,NULL
8232,2024-04-08 00:00:00,57610INV,B,171.15,171.15,0,0,NULL,NULL,NULL,NULL,NULL,NULL
8233,2024-04-11 00:00:00,57348,B,1204,1204,0,0,NULL,NULL,NULL,NULL,NULL,NULL
8234,2024-04-19 00:00:00,57598,D,-69.2,0,-69.2,0,2463,S,-69.2,NULL,4627,NULL
8235,2024-04-19 00:00:00,57429,B,8530.2,7108.5,1421.7,0,NULL,NULL,NULL,NULL,NULL,NULL
8236,2024-04-19 00:00:00,57634,B,10400.25,9551.25,849,0,NULL,NULL,NULL,NULL,NULL,NULL
8237,2024-04-19 00:00:00,57620,B,4140,3593.25,546.75,0,NULL,NULL,NULL,NULL,NULL,NULL
8238,2024-04-19 00:00:00,57714,B,850,754.12,95.88,0,NULL,NULL,NULL,NULL,NULL,NULL
8239,2024-04-17 00:00:00,57450,B,1816.63,1536.25,280.38,0,NULL,NULL,NULL,NULL,NULL,NULL
8241,2024-04-19 00:00:00,57718INV,B,400,400,0,0,NULL,NULL,NULL,NULL,NULL,NULL
8242,2024-04-10 00:00:00,57637INV,B,950,950,0,0,NULL,NULL,NULL,NULL,NULL,NULL
8244,2024-04-22 00:00:00,57712INV,B,900,900,0,0,NULL,NULL,NULL,NULL,NULL,NULL
8245,2024-04-22 00:00:00,57657,B,1444.8,1130.9,313.9,0,NULL,NULL,NULL,NULL,NULL,NULL
8246,2024-04-22 00:00:00,57690,B,8331.8,3466.13,4865.67,729.851,NULL,NULL,NULL,NULL,NULL,NULL
8247,2024-04-22 00:00:00,55708,B,582.92,2425.84,-1842.92,0,NULL,NULL,NULL,NULL,NULL,NULL
8248,2024-04-25 00:00:00,57676,B,1560,1350,210,84,NULL,NULL,NULL,NULL,NULL,NULL
8249,2024-04-25 00:00:00,57645,B,1303.2,1258.62,44.58,17.832,NULL,NULL,NULL,NULL,NULL,NULL
8250,2024-04-25 00:00:00,57646,B,1514.4,1375,139.4,55.76,NULL,NULL,NULL,NULL,NULL,NULL
8251,2024-04-25 00:00:00,57629,B,935,675,260,39,NULL,NULL,NULL,NULL,NULL,NULL
8253,2024-04-25 00:00:00,57638,B,12167.55,10009.75,2157.8,863.12,NULL,NULL,NULL,NULL,NULL,NULL
8254,2024-04-25 00:00:00,57697,B,1581.6,1040,541.6,216.64,NULL,NULL,NULL,NULL,NULL,NULL
8255,2024-04-25 00:00:00,57666,B,1672.8,1125,547.8,0,NULL,NULL,NULL,NULL,NULL,NULL
8256,2024-04-25 00:00:00,57580,B,2595.89,650,1945.89,0,NULL,NULL,NULL,NULL,NULL,NULL
8257,2024-01-24 00:00:00,57235,B,6489,5264,1225,490,NULL,NULL,NULL,NULL,NULL,NULL
8258,2024-04-26 00:00:00,57705,B,1751.64,1536.79,214.85,0,NULL,NULL,NULL,NULL,NULL,NULL
8259,2024-04-26 00:00:00,57661,B,2438.8,2005.6,433.2,173.28,NULL,NULL,NULL,NULL,NULL,NULL
8260,2024-04-26 00:00:00,57318,B,10360.32,7390.4,2969.92,445.488,NULL,NULL,NULL,NULL,NULL,NULL
8261,2024-04-26 00:00:00,57679,B,4039.2,3140.2,899,0,NULL,NULL,NULL,NULL,NULL,NULL
8262,2024-04-26 00:00:00,57659,B,1473.6,1150,323.6,129.44,NULL,NULL,NULL,NULL,NULL,NULL
8263,2024-04-26 00:00:00,57613,B,0,0,0,0,NULL,NULL,NULL,NULL,NULL,NULL
8264,2024-04-26 00:00:00,57685,B,0,355,-355,0,NULL,NULL,NULL,NULL,NULL,NULL
8265,2024-04-26 00:00:00,57632,B,0,301.61,-301.61,0,NULL,NULL,NULL,NULL,NULL,NULL
8266,2024-04-29 00:00:00,57716,B,2263.08,1200,1063.08,425.232,NULL,NULL,NULL,NULL,NULL,NULL
8267,2024-04-29 00:00:00,57682,B,4478.4,2488,1990.4,796.16,NULL,NULL,NULL,NULL,NULL,NULL
8269,2024-04-29 00:00:00,57704,B,6128.22,4560.48,1567.74,235.161,NULL,NULL,NULL,NULL,NULL,NULL
8270,2024-04-29 00:00:00,57663,B,1579.2,630,949.2,0,NULL,NULL,NULL,NULL,NULL,NULL
8271,2024-04-12 00:00:00,57636,B,1533.6,960,573.6,0,NULL,NULL,NULL,NULL,NULL,NULL
8272,2024-04-30 00:00:00,57388,B,5060,4505.09,554.91,0,NULL,NULL,NULL,NULL,NULL,NULL
8273,2024-04-30 00:00:00,57668,B,4344.78,2084.94,2259.84,0,NULL,NULL,NULL,NULL,NULL,NULL
8274,2024-04-26 00:00:00,57351,B,1210,1210,0,0,NULL,NULL,NULL,NULL,NULL,NULL
8275,2024-04-26 00:00:00,57350,B,1159,1159,0,0,NULL,NULL,NULL,NULL,NULL,NULL
8276,2024-04-16 00:00:00,57349,B,1183,1183,0,0,NULL,NULL,NULL,NULL,NULL,NULL
8278,2024-04-05 00:00:00,57524,B,2934.4,2477.4,457,0,NULL,NULL,NULL,NULL,NULL,NULL
8279,2024-04-09 00:00:00,57487INV,B,254.26,254.26,0,0,NULL,NULL,NULL,NULL,NULL,NULL
8281,2024-05-01 00:00:00,57660,B,6537,5208,1329,531.6,NULL,NULL,NULL,NULL,NULL,NULL
8282,2024-05-01 00:00:00,57699,B,2367.48,1183.74,1183.74,177.561,NULL,NULL,NULL,NULL,NULL,NULL
8283,2024-05-01 00:00:00,57572,B,0,-300,300,0,NULL,NULL,NULL,NULL,NULL,NULL
8284,2024-05-01 00:00:00,57669,B,3037.1,3020.7,16.4,0,NULL,NULL,NULL,NULL,NULL,NULL
8285,2024-05-01 00:00:00,57670,B,3109.7,3084,25.7,0,NULL,NULL,NULL,NULL,NULL,NULL
8286,2024-05-01 00:00:00,57671,B,3102.14,3089.4,12.74,0,NULL,NULL,NULL,NULL,NULL,NULL
8287,2024-05-01 00:00:00,57652,B,4413.64,2932.79,1480.85,222.128,NULL,NULL,NULL,NULL,NULL,NULL
8290,2024-05-01 00:00:00,57695,B,8571.05,6101.35,2469.7,0,NULL,NULL,NULL,NULL,NULL,NULL
8291,2024-05-01 00:00:00,57658,B,3118,2420.55,697.45,0,NULL,NULL,NULL,NULL,NULL,NULL
8292,2024-04-19 00:00:00,57696,B,7000,4925,2075,0,NULL,NULL,NULL,NULL,NULL,NULL
8293,2024-04-25 00:00:00,57674,B,1919.78,1767.78,152,0,NULL,NULL,NULL,NULL,NULL,NULL
8294,2024-04-16 00:00:00,57572INV,B,300,300,0,0,NULL,NULL,NULL,NULL,NULL,NULL
8296,2024-05-02 00:00:00,57623,A,-130,0,-130,0,1199,S,-130,0,NULL,NULL
8297,2024-04-18 00:00:00,57623,B,5756.2,3722.4,2033.8,0,NULL,NULL,NULL,NULL,NULL,NULL
8298,2024-05-02 00:00:00,57662,B,2403.2,1652.2,751,0,NULL,NULL,NULL,NULL,NULL,NULL
8299,2024-04-09 00:00:00,57501INV,B,112.14,112.14,0,0,NULL,NULL,NULL,NULL,NULL,NULL
8300,2024-03-18 00:00:00,57512INV,B,200,200,0,0,NULL,NULL,NULL,NULL,NULL,NULL
8301,2024-04-03 00:00:00,57573INV,B,311.68,311.68,0,0,NULL,NULL,NULL,NULL,NULL,NULL
8303,2024-05-03 00:00:00,57715,B,1692,1270,422,0,NULL,NULL,NULL,NULL,NULL,NULL
8304,2024-05-03 00:00:00,57584,B,1364,1105.9,258.1,0,NULL,NULL,NULL,NULL,NULL,NULL
8307,2024-05-01 00:00:00,57590,B,770.4,614.5,155.9,0,NULL,NULL,NULL,NULL,NULL,NULL
8312,2024-05-06 00:00:00,57684,B,8185.9,7376.79,809.11,0,NULL,NULL,NULL,NULL,NULL,NULL
8313,2024-05-06 00:00:00,57698,B,2058.65,1724.3,334.35,0,NULL,NULL,NULL,NULL,NULL,NULL
8314,2024-05-06 00:00:00,57555,B,362,0,362,0,NULL,NULL,NULL,NULL,NULL,NULL
8315,2024-05-06 00:00:00,57570,B,328.5,0,328.5,0,NULL,NULL,NULL,NULL,NULL,NULL
8316,2024-05-06 00:00:00,57601,B,356.35,0,356.35,0,NULL,NULL,NULL,NULL,NULL,NULL
8317,2024-05-06 00:00:00,57667,B,382.15,0,382.15,0,NULL,NULL,NULL,NULL,NULL,NULL
8318,2024-05-06 00:00:00,57694,B,7488.8,4333.19,3155.61,0,NULL,NULL,NULL,NULL,NULL,NULL
8319,2024-05-06 00:00:00,57654,B,1696,1100,596,238.4,NULL,NULL,NULL,NULL,NULL,NULL
8320,2024-05-06 00:00:00,57642,B,1015.3,526.88,488.42,0,NULL,NULL,NULL,NULL,NULL,NULL
8321,2024-05-06 00:00:00,57664,B,1632,780,852,0,NULL,NULL,NULL,NULL,NULL,NULL
8322,2024-05-03 00:00:00,57752,B,1204,1204,0,0,NULL,NULL,NULL,NULL,NULL,NULL
8323,2024-05-06 00:00:00,57753,B,1186,1186,0,0,NULL,NULL,NULL,NULL,NULL,NULL
8324,2024-04-01 00:00:00,57564INV,B,200,200,0,0,NULL,NULL,NULL,NULL,NULL,NULL
8325,2024-04-10 00:00:00,57627INV,B,200,200,0,0,NULL,NULL,NULL,NULL,NULL,NULL
8326,2024-05-07 00:00:00,57792,B,1700,1511.86,188.14,0,NULL,NULL,NULL,NULL,NULL,NULL
8327,2024-05-07 00:00:00,57793,B,1955,1741.28,213.72,0,NULL,NULL,NULL,NULL,NULL,NULL
8328,2024-05-07 00:00:00,57719,B,1634.4,1040,594.4,237.76,NULL,NULL,NULL,NULL,NULL,NULL
8329,2024-05-07 00:00:00,57711,B,1653.6,1138,515.6,206.24,NULL,NULL,NULL,NULL,NULL,NULL
8330,2024-03-26 00:00:00,57411,B,3879.4,2410.1,1469.3,0,NULL,NULL,NULL,NULL,NULL,NULL
8331,2024-05-08 00:00:00,57411,A,-150,0,-150,0,2137,S,-150,0,NULL,NULL
8332,2024-03-22 00:00:00,57413,B,4161.6,2584.4,1577.2,0,NULL,NULL,NULL,NULL,NULL,NULL
8333,2024-03-22 00:00:00,57412,B,3580.2,2375.3,1204.9,0,NULL,NULL,NULL,NULL,NULL,NULL
8334,2024-03-22 00:00:00,57409,B,3471.91,2058.42,1413.49,0,NULL,NULL,NULL,NULL,NULL,NULL
8335,2024-05-08 00:00:00,57409,A,-150,0,-150,0,2137,S,-150,0,NULL,NULL
8336,2024-05-08 00:00:00,57412,A,-150,0,-150,0,2137,S,-150,0,NULL,NULL
8337,2024-05-08 00:00:00,57413,A,-150,0,-150,0,2137,S,-150,0,NULL,NULL
8338,2024-04-29 00:00:00,57590INV,B,350.5,350.5,0,0,NULL,NULL,NULL,NULL,NULL,NULL
8339,2024-05-01 00:00:00,57019,B,40.18,-500,540.18,0,NULL,NULL,NULL,NULL,NULL,NULL
8340,2023-11-07 00:00:00,57019INV,B,500,500,0,0,NULL,NULL,NULL,NULL,NULL,NULL
8341,2024-05-08 00:00:00,57740,B,1339.2,825,514.2,205.68,NULL,NULL,NULL,NULL,NULL,NULL
8342,2024-04-22 00:00:00,57712,B,852.84,-175,1027.84,0,NULL,NULL,NULL,NULL,NULL,NULL
8343,2024-05-09 00:00:00,57513,B,6867.3,4578.2,2289.1,343.365,NULL,NULL,NULL,NULL,NULL,NULL
8345,2024-05-10 00:00:00,57750,B,5587.2,3104,2483.2,993.28,NULL,NULL,NULL,NULL,NULL,NULL
8346,2024-05-10 00:00:00,57729,B,2893.15,2330.4,562.75,0,NULL,NULL,NULL,NULL,NULL,NULL
8347,2024-05-10 00:00:00,57735,B,6742.8,5383.3,1359.5,0,NULL,NULL,NULL,NULL,NULL,NULL
8348,2024-05-10 00:00:00,57545,B,2509.2,2052.28,456.92,0,NULL,NULL,NULL,NULL,NULL,NULL
8349,2024-05-10 00:00:00,57730,B,1492.8,970,522.8,209.12,NULL,NULL,NULL,NULL,NULL,NULL
8350,2024-05-10 00:00:00,57665,B,1582.5,938.25,644.25,0,NULL,NULL,NULL,NULL,NULL,NULL
8351,2024-05-07 00:00:00,57730INV,B,200,200,0,0,NULL,NULL,NULL,NULL,NULL,NULL
8352,2024-05-14 00:00:00,57825,B,399,399,0,0,NULL,NULL,NULL,NULL,NULL,NULL
8353,2024-05-14 00:00:00,57769,B,1468.8,1200,268.8,107.52,NULL,NULL,NULL,NULL,NULL,NULL
8354,2024-05-14 00:00:00,57727,B,15667.75,13879.75,1788,0,NULL,NULL,NULL,NULL,NULL,NULL
8355,2024-05-14 00:00:00,57706,B,2176,1632,544,0,NULL,NULL,NULL,NULL,NULL,NULL
8356,2024-05-14 00:00:00,57779,B,4224.25,2367.42,1856.83,278.525,NULL,NULL,NULL,NULL,NULL,NULL
8358,2024-05-14 00:00:00,57720,B,1360.8,1065,295.8,118.32,NULL,NULL,NULL,NULL,NULL,NULL
8359,2024-05-14 00:00:00,57738,B,909,925,-16,-6.4,NULL,NULL,NULL,NULL,NULL,NULL
8361,2024-04-29 00:00:00,57630,B,11062,10924.5,137.5,0,NULL,NULL,NULL,NULL,NULL,NULL
8362,2024-05-15 00:00:00,57705,A,-27.96,0,-27.96,0,1137,S,-27.96,0,NULL,NULL
8363,2024-05-15 00:00:00,57615,B,2902.5,2644.5,258,0,NULL,NULL,NULL,NULL,NULL,NULL
8364,2024-05-15 00:00:00,57737,B,10529.75,9687.37,842.38,0,NULL,NULL,NULL,NULL,NULL,NULL
8365,2024-05-15 00:00:00,57743,B,9405.85,8159.6,1246.25,0,NULL,NULL,NULL,NULL,NULL,NULL
8366,2024-05-15 00:00:00,57672,B,3083.99,3049.65,34.34,0,NULL,NULL,NULL,NULL,NULL,NULL
8367,2024-05-15 00:00:00,57673,B,3292.71,3259.05,33.66,0,NULL,NULL,NULL,NULL,NULL,NULL
8368,2024-05-15 00:00:00,57748,B,1423.2,1250,173.2,69.28,NULL,NULL,NULL,NULL,NULL,NULL
8369,2024-05-15 00:00:00,57736,B,2999.6,1227.9,1771.7,0,NULL,NULL,NULL,NULL,NULL,NULL
8371,2024-05-15 00:00:00,57774,B,1436.58,718.29,718.29,107.744,NULL,NULL,NULL,NULL,NULL,NULL
8372,2024-05-15 00:00:00,57741,B,2054.4,1100,954.4,381.76,NULL,NULL,NULL,NULL,NULL,NULL
8373,2024-04-19 00:00:00,57718,B,2277.6,775,1502.6,0,NULL,NULL,NULL,NULL,NULL,NULL
8375,2024-05-15 00:00:00,57742,B,13164.8,11248.88,1915.92,766.368,NULL,NULL,NULL,NULL,NULL,NULL
8377,2024-05-15 00:00:00,57755,B,1168,1168,0,0,NULL,NULL,NULL,NULL,NULL,NULL
8378,2024-05-14 00:00:00,57754,B,1078,1078,0,0,NULL,NULL,NULL,NULL,NULL,NULL
8379,2024-04-09 00:00:00,57636INV,B,300,300,0,0,NULL,NULL,NULL,NULL,NULL,NULL
8380,2024-02-21 00:00:00,57339,B,8566.2,7992.73,573.47,0,NULL,NULL,NULL,NULL,NULL,NULL
8382,2024-04-05 00:00:00,57414,B,4562.8,3018.2,1544.6,0,NULL,NULL,NULL,NULL,NULL,NULL
8383,2024-05-20 00:00:00,57414,A,-150,0,-150,0,2137,S,-150,0,NULL,NULL
8384,2024-03-22 00:00:00,57419,B,3546,2721.6,824.4,0,NULL,NULL,NULL,NULL,NULL,NULL
8385,2024-05-20 00:00:00,57734,B,1987.8,1425,562.8,225.12,NULL,NULL,NULL,NULL,NULL,NULL
8386,2024-05-20 00:00:00,57602,B,7081.63,6130.29,951.34,0,NULL,NULL,NULL,NULL,NULL,NULL
8387,2024-05-20 00:00:00,57603,B,7652.47,6664.98,987.49,0,NULL,NULL,NULL,NULL,NULL,NULL
8388,2024-05-20 00:00:00,57428,B,8557.5,7131.25,1426.25,0,NULL,NULL,NULL,NULL,NULL,NULL
8389,2024-05-20 00:00:00,57776,B,3146,2646.17,499.83,0,NULL,NULL,NULL,NULL,NULL,NULL
8390,2024-05-20 00:00:00,57778,B,2812.8,2022,790.8,118.62,NULL,NULL,NULL,NULL,NULL,NULL
8391,2024-05-20 00:00:00,57806,B,2880,2290,590,88.5,NULL,NULL,NULL,NULL,NULL,NULL
8392,2024-05-20 00:00:00,57796,B,4800.6,3793.2,1007.4,0,NULL,NULL,NULL,NULL,NULL,NULL
8393,2024-05-20 00:00:00,57780,B,3276.75,2364,912.75,131.997,NULL,NULL,NULL,NULL,NULL,NULL
8395,2024-05-20 00:00:00,57756,B,1180,1180,0,0,NULL,NULL,NULL,NULL,NULL,NULL
8396,2024-05-21 00:00:00,57757,B,1150,1150,0,0,NULL,NULL,NULL,NULL,NULL,NULL
8398,2024-05-20 00:00:00,57810,A,0,447.6,-447.6,0,2496,P,447.6,111055,NULL,NULL
8400,2024-05-22 00:00:00,57802,B,3855.6,2950.7,904.9,0,NULL,NULL,NULL,NULL,NULL,NULL
8401,2024-05-22 00:00:00,57808,B,3812,3117.33,694.67,0,NULL,NULL,NULL,NULL,NULL,NULL
8402,2024-05-22 00:00:00,57823,B,3350,2832.5,517.5,0,NULL,NULL,NULL,NULL,NULL,NULL
8403,2024-05-22 00:00:00,57675,B,3297.3,3069.9,227.4,0,NULL,NULL,NULL,NULL,NULL,NULL
8405,2024-05-22 00:00:00,57810,B,4462,3133.2,1328.8,0,NULL,NULL,NULL,NULL,NULL,NULL
8406,2024-05-22 00:00:00,57812,B,2937.6,2019.6,918,137.7,NULL,NULL,NULL,NULL,NULL,NULL
8407,2024-05-22 00:00:00,57803,B,1478.4,1050,428.4,171.36,NULL,NULL,NULL,NULL,NULL,NULL
8408,2024-05-22 00:00:00,57576,B,3057,2202.7,854.3,0,NULL,NULL,NULL,NULL,NULL,NULL
8409,2024-05-22 00:00:00,57751,B,1125.6,690,435.6,65.34,NULL,NULL,NULL,NULL,NULL,NULL
8410,2024-05-23 00:00:00,57799,B,5212.97,3739.82,1473.15,0,NULL,NULL,NULL,NULL,NULL,NULL
8411,2024-05-23 00:00:00,57771,B,2350.08,1151.68,1198.4,0,NULL,NULL,NULL,NULL,NULL,NULL
8412,2024-05-01 00:00:00,57642INV,B,158.12,158.12,0,0,NULL,NULL,NULL,NULL,NULL,NULL
8413,2024-05-24 00:00:00,56164INV,B,432.4,432.4,0,0,NULL,NULL,NULL,NULL,NULL,NULL
8414,2024-04-01 00:00:00,57425INV,B,3344.4,3344.4,0,0,NULL,NULL,NULL,NULL,NULL,NULL
8416,2024-05-24 00:00:00,53828INV,B,4496.25,4496.25,0,0,NULL,NULL,NULL,NULL,NULL,NULL
8417,2024-03-14 00:00:00,57508INV,B,300,300,0,0,NULL,NULL,NULL,NULL,NULL,NULL
8418,2023-11-28 00:00:00,57065INV,B,170.86,170.86,0,0,NULL,NULL,NULL,NULL,NULL,NULL
8420,2024-04-16 00:00:00,57657INV,B,44.1,44.1,0,0,NULL,NULL,NULL,NULL,NULL,NULL
8421,2024-05-14 00:00:00,57330INV,B,192.5,192.5,0,0,NULL,NULL,NULL,NULL,NULL,NULL
8422,2024-05-24 00:00:00,56999INV,B,222,222,0,0,NULL,NULL,NULL,NULL,NULL,NULL
8423,2024-03-19 00:00:00,57536INV,B,200,200,0,0,NULL,NULL,NULL,NULL,NULL,NULL
8424,2024-05-24 00:00:00,57824,B,4025,3456.52,568.48,0,NULL,NULL,NULL,NULL,NULL,NULL
8425,2024-05-27 00:00:00,57838,B,6811.9,5948.75,863.15,0,NULL,NULL,NULL,NULL,NULL,NULL
8426,2024-05-27 00:00:00,57568,B,10263.72,9682.75,580.97,0,NULL,NULL,NULL,NULL,NULL,NULL
8427,2024-05-27 00:00:00,57821,B,415.6,0,415.6,62.34,NULL,NULL,NULL,NULL,NULL,NULL
8428,2024-05-27 00:00:00,57788,B,4144.8,2826,1318.8,0,NULL,NULL,NULL,NULL,NULL,NULL
8429,2024-05-27 00:00:00,57804,B,1442.4,900,542.4,216.96,NULL,NULL,NULL,NULL,NULL,NULL
8430,2024-05-27 00:00:00,57805,B,1490.4,900,590.4,236.16,NULL,NULL,NULL,NULL,NULL,NULL
8431,2024-05-27 00:00:00,57830,B,8094.24,7356.6,737.64,0,NULL,NULL,NULL,NULL,NULL,NULL
8432,2024-05-27 00:00:00,57848,B,1821.6,1000,821.6,0,NULL,NULL,NULL,NULL,NULL,NULL
8433,2024-05-28 00:00:00,57231INV,B,-3291.48,-3291.48,0,0,NULL,NULL,NULL,NULL,NULL,NULL
8434,2024-05-29 00:00:00,57822,B,1166.4,1004.4,162,64.8,NULL,NULL,NULL,NULL,NULL,NULL
8435,2024-05-29 00:00:00,57832,B,7167.9,4472.67,2695.23,0,NULL,NULL,NULL,NULL,NULL,NULL
8437,2024-05-29 00:00:00,57761,B,1333.56,800,533.56,0,NULL,NULL,NULL,NULL,NULL,NULL
8438,2024-05-29 00:00:00,57744,B,4996.8,3794.2,1202.6,180.39,NULL,NULL,NULL,NULL,NULL,NULL
8439,2024-05-31 00:00:00,57780,D,-32.77,0,-32.77,0,2463,S,-32.77,NULL,4724,NULL
8440,2024-05-20 00:00:00,57703,B,1245.6,1140,105.6,42.24,NULL,NULL,NULL,NULL,NULL,NULL
8441,2024-05-31 00:00:00,57845,B,1377.6,904.6,473,0,NULL,NULL,NULL,NULL,NULL,NULL
8442,2024-05-31 00:00:00,57896,B,6660.6,5730.9,929.7,0,NULL,NULL,NULL,NULL,NULL,NULL
8443,2024-05-31 00:00:00,57807,B,10327.5,9427.24,900.26,0,NULL,NULL,NULL,NULL,NULL,NULL
8445,2024-05-31 00:00:00,57811,B,1497.6,1085,412.6,165.04,NULL,NULL,NULL,NULL,NULL,NULL
8446,2024-05-31 00:00:00,57817,B,4469.6,1494.2,2975.4,0,NULL,NULL,NULL,NULL,NULL,NULL
8447,2024-05-31 00:00:00,57819,B,4681.75,1430.01,3251.74,0,NULL,NULL,NULL,NULL,NULL,NULL
8448,2024-05-31 00:00:00,57831,B,8408.4,7124.1,1284.3,0,NULL,NULL,NULL,NULL,NULL,NULL
8449,2024-05-31 00:00:00,57875,B,8723,6919.25,1803.75,0,NULL,NULL,NULL,NULL,NULL,NULL
8450,2024-05-22 00:00:00,57851,B,3910,3474.13,435.87,0,NULL,NULL,NULL,NULL,NULL,NULL
8451,2024-05-09 00:00:00,57794,B,4250,3775.77,474.23,0,NULL,NULL,NULL,NULL,NULL,NULL
8452,2024-06-03 00:00:00,57846,B,1243.2,882.2,361,0,NULL,NULL,NULL,NULL,NULL,NULL
8453,2024-06-03 00:00:00,57847,B,2001,1334,667,0,NULL,NULL,NULL,NULL,NULL,NULL
8454,2024-06-03 00:00:00,57849,B,1891.2,1000,891.2,0,NULL,NULL,NULL,NULL,NULL,NULL
8455,2024-06-04 00:00:00,57780,A,585,0,585,0,2463,S,585,0,NULL,NULL
8456,2024-06-05 00:00:00,57832,D,-71.68,0,-71.68,0,2463,S,-71.68,NULL,4735,NULL
8457,2024-06-05 00:00:00,57841,B,1942.4,1800.77,141.63,0,NULL,NULL,NULL,NULL,NULL,NULL
8458,2024-06-05 00:00:00,57643,B,1144,925,219,87.6,NULL,NULL,NULL,NULL,NULL,NULL
8459,2024-06-05 00:00:00,57874,B,1456.6,1075,381.6,152.64,NULL,NULL,NULL,NULL,NULL,NULL
8460,2024-06-05 00:00:00,57857,B,4557.6,2532,2025.6,810.24,NULL,NULL,NULL,NULL,NULL,NULL
8461,2024-06-05 00:00:00,57782,B,3138,2401.2,736.8,294.72,NULL,NULL,NULL,NULL,NULL,NULL
8462,2024-06-03 00:00:00,57916,B,41.46,41.46,0,0,NULL,NULL,NULL,NULL,NULL,NULL
8463,2024-04-30 00:00:00,57747,B,571.75,571.75,0,0,NULL,NULL,NULL,NULL,NULL,NULL
8464,2024-04-23 00:00:00,57700,B,447.74,447.74,0,0,NULL,NULL,NULL,NULL,NULL,NULL
8465,2024-05-24 00:00:00,57758,B,1186,1186,0,0,NULL,NULL,NULL,NULL,NULL,NULL
8466,2024-05-24 00:00:00,57759,B,1123,1123,0,0,NULL,NULL,NULL,NULL,NULL,NULL
8467,2024-05-30 00:00:00,57760,B,1180,1180,0,0,NULL,NULL,NULL,NULL,NULL,NULL
8468,2024-06-05 00:00:00,57762,B,1243,1243,0,0,NULL,NULL,NULL,NULL,NULL,NULL
8469,2024-06-06 00:00:00,57860,B,850,758.46,91.54,0,NULL,NULL,NULL,NULL,NULL,NULL
8470,2024-05-14 00:00:00,57749,B,6543.9,5826.6,717.3,96.9,NULL,NULL,NULL,NULL,NULL,NULL
8471,2024-06-07 00:00:00,57749,A,-475.05,0,-475.05,0,1561,S,-475.05,0,NULL,NULL
8472,2024-04-18 00:00:00,57655,B,1631.2,815.6,815.6,0,NULL,NULL,NULL,NULL,NULL,NULL
8473,2024-04-18 00:00:00,57656,B,1568.8,784.4,784.4,0,NULL,NULL,NULL,NULL,NULL,NULL
8474,2024-05-03 00:00:00,57687,B,3019.8,1725.6,1294.2,0,NULL,NULL,NULL,NULL,NULL,NULL
8475,2024-05-03 00:00:00,57688,B,2970.8,1697.6,1273.2,0,NULL,NULL,NULL,NULL,NULL,NULL
8476,2024-06-30 00:00:00,57749,A,0,-411.71,411.71,0,1995,P,-411.71,111305,NULL,NULL
8477,2024-06-07 00:00:00,57924,B,2550,2272.11,277.89,0,NULL,NULL,NULL,NULL,NULL,NULL
8478,2024-06-10 00:00:00,57919,B,3161.6,2273.2,888.4,0,NULL,NULL,NULL,NULL,NULL,NULL
8479,2024-06-10 00:00:00,57828,B,7095.6,5414.1,1681.5,0,NULL,NULL,NULL,NULL,NULL,NULL
8480,2024-06-10 00:00:00,57873,B,2527.2,2092,435.2,0,NULL,NULL,NULL,NULL,NULL,NULL
8481,2024-06-10 00:00:00,57789,B,4341.59,2960.18,1381.41,0,NULL,NULL,NULL,NULL,NULL,NULL
8482,2024-06-10 00:00:00,57856,B,4799.2,3439,1360.2,544.08,NULL,NULL,NULL,NULL,NULL,NULL
8483,2024-06-10 00:00:00,57850,B,1142,1040,102,40.8,NULL,NULL,NULL,NULL,NULL,NULL
8484,2024-06-10 00:00:00,57839,B,1351.2,910,441.2,66.18,NULL,NULL,NULL,NULL,NULL,NULL
8486,2024-06-10 00:00:00,57820,B,3976,1146.4,2829.6,0,NULL,NULL,NULL,NULL,NULL,NULL
8487,2024-06-10 00:00:00,57901,B,1281.28,750,531.28,212.512,NULL,NULL,NULL,NULL,NULL,NULL
8488,2024-05-01 00:00:00,57619,B,609.79,609.79,0,0,NULL,NULL,NULL,NULL,NULL,NULL
8489,2024-06-11 00:00:00,57898,B,7226.28,6423.36,802.92,0,NULL,NULL,NULL,NULL,NULL,NULL
8490,2024-06-11 00:00:00,57899,B,7296.66,6485.92,810.74,0,NULL,NULL,NULL,NULL,NULL,NULL
8491,2024-05-14 00:00:00,57731,B,13619.25,8996.25,4623,0,NULL,NULL,NULL,NULL,NULL,NULL
8492,2024-06-12 00:00:00,57843,B,11026.26,10209.5,816.76,0,NULL,NULL,NULL,NULL,NULL,NULL
8493,2024-06-12 00:00:00,57907,B,11444.95,9780.23,1664.72,0,NULL,NULL,NULL,NULL,NULL,NULL
8494,2024-06-12 00:00:00,57708,B,0,-150,150,0,NULL,NULL,NULL,NULL,NULL,NULL
8495,2024-06-12 00:00:00,57844,B,4500,4100,400,0,NULL,NULL,NULL,NULL,NULL,NULL
8496,2024-06-13 00:00:00,57921,B,4025,3546.71,478.29,0,NULL,NULL,NULL,NULL,NULL,NULL
8497,2024-06-13 00:00:00,57858,B,5060,4535.15,524.85,0,NULL,NULL,NULL,NULL,NULL,NULL
8498,2024-06-13 00:00:00,57946,B,5060,4506.04,553.96,0,NULL,NULL,NULL,NULL,NULL,NULL
8499,2024-06-13 00:00:00,57859,B,4308,1196.2,3111.8,0,NULL,NULL,NULL,NULL,NULL,NULL
8500,2024-05-23 00:00:00,57822INV,B,235.6,235.6,0,0,NULL,NULL,NULL,NULL,NULL,NULL
8501,2024-06-14 00:00:00,57640,B,255.7,700.7,-445,0,NULL,NULL,NULL,NULL,NULL,NULL
8502,2024-06-07 00:00:00,57862,B,1204,1204,0,0,NULL,NULL,NULL,NULL,NULL,NULL
8503,2024-06-12 00:00:00,57863,B,1207,1207,0,0,NULL,NULL,NULL,NULL,NULL,NULL
8505,2024-05-21 00:00:00,57804INV,B,200,200,0,0,NULL,NULL,NULL,NULL,NULL,NULL
8506,2024-06-17 00:00:00,57912,B,2242.86,1121.43,1121.43,168.215,NULL,NULL,NULL,NULL,NULL,NULL
8507,2024-06-17 00:00:00,57732,B,0,0,0,0,NULL,NULL,NULL,NULL,NULL,NULL
8508,2024-06-17 00:00:00,57842,B,1936,1644.83,291.17,0,NULL,NULL,NULL,NULL,NULL,NULL
8509,2024-06-17 00:00:00,57910,B,1833.3,925,908.3,363.32,NULL,NULL,NULL,NULL,NULL,NULL
8510,2024-06-17 00:00:00,57911,B,1340,875,465,186,NULL,NULL,NULL,NULL,NULL,NULL
8511,2024-06-17 00:00:00,57915,B,1000,895.83,104.17,41.668,NULL,NULL,NULL,NULL,NULL,NULL
8512,2024-06-17 00:00:00,57905,B,1827.76,792.32,1035.44,0,NULL,NULL,NULL,NULL,NULL,NULL
8514,2024-06-18 00:00:00,57914,B,2116.68,648.16,1468.52,0,NULL,NULL,NULL,NULL,NULL,NULL
8515,2024-06-17 00:00:00,57732INV,B,1050,1050,0,0,NULL,NULL,NULL,NULL,NULL,NULL
8516,2024-06-17 00:00:00,57942,B,3274.5,1989.7,1284.8,192.72,NULL,NULL,NULL,NULL,NULL,NULL
8518,2024-02-26 00:00:00,57392,A,0,-3120,3120,0,1299,P,-3120,111680,NULL,NULL
8519,2024-06-10 00:00:00,57840,B,6211,2644.69,3566.31,1426.524,NULL,NULL,NULL,NULL,NULL,NULL
8520,2024-06-20 00:00:00,57947,B,2226.8,835.05,1391.75,208.763,NULL,NULL,NULL,NULL,NULL,NULL
8521,2024-06-20 00:00:00,57918,B,15286.68,13696.96,1589.72,635.888,NULL,NULL,NULL,NULL,NULL,NULL
8522,2024-06-20 00:00:00,57691,B,3824.1,2685.8,1138.3,0,NULL,NULL,NULL,NULL,NULL,NULL
8523,2024-06-20 00:00:00,57809,B,8891.3,7743.7,1147.6,0,NULL,NULL,NULL,NULL,NULL,NULL
8524,2024-06-20 00:00:00,57936,B,8916.48,7914.64,1001.84,150.276,NULL,NULL,NULL,NULL,NULL,NULL
8525,2024-06-20 00:00:00,57906,B,12426.5,9591.75,2834.75,1133.9,NULL,NULL,NULL,NULL,NULL,NULL
8526,2024-06-20 00:00:00,57904,B,1201.2,530,671.2,268.48,NULL,NULL,NULL,NULL,NULL,NULL
8527,2024-06-20 00:00:00,57931,B,6744,7189.9,-445.9,0,NULL,NULL,NULL,NULL,NULL,NULL
8529,2024-06-21 00:00:00,57903,B,1800.05,1122.51,677.54,271.016,NULL,NULL,NULL,NULL,NULL,NULL
8530,2024-06-22 00:00:00,57826,B,8435.9,7093.83,1342.07,0,NULL,NULL,NULL,NULL,NULL,NULL
8531,2024-06-22 00:00:00,57955,B,7200,4000,3200,1280,NULL,NULL,NULL,NULL,NULL,NULL
8532,2024-06-22 00:00:00,57937,B,1692,725,967,0,NULL,NULL,NULL,NULL,NULL,NULL
8533,2024-06-22 00:00:00,57935,B,1468,1025,443,0,NULL,NULL,NULL,NULL,NULL,NULL
8534,2024-06-24 00:00:00,57908,B,2330,1333,997,0,NULL,NULL,NULL,NULL,NULL,NULL
8536,2024-06-24 00:00:00,57934,B,1055.34,839.65,215.69,86.276,NULL,NULL,NULL,NULL,NULL,NULL
8537,2024-06-24 00:00:00,57764,B,1312.08,800,512.08,204.832,NULL,NULL,NULL,NULL,NULL,NULL
8538,2024-06-24 00:00:00,57922,B,1565.3,947.86,617.44,92.616,NULL,NULL,NULL,NULL,NULL,NULL
8539,2024-06-25 00:00:00,55708,A,-582.92,0,-582.92,0,2272,S,-582.92,0,NULL,NULL
8540,2024-06-13 00:00:00,57915INV,B,179.17,179.17,0,0,NULL,NULL,NULL,NULL,NULL,NULL
8541,2024-06-26 00:00:00,57957,B,5868.4,4396.4,1472,588.8,NULL,NULL,NULL,NULL,NULL,NULL
8542,2024-06-26 00:00:00,57900,B,3118.95,2903.85,215.1,0,NULL,NULL,NULL,NULL,NULL,NULL
8543,2024-06-27 00:00:00,57959,B,1547.4,1083.18,464.22,0,NULL,NULL,NULL,NULL,NULL,NULL
8545,2024-06-27 00:00:00,57927,B,8154.8,6652.6,1502.2,0,NULL,NULL,NULL,NULL,NULL,NULL
8546,2024-06-27 00:00:00,57678,B,0,134.2,-134.2,0,NULL,NULL,NULL,NULL,NULL,NULL
8547,2024-06-27 00:00:00,57932,B,406,0,406,60.9,NULL,NULL,NULL,NULL,NULL,NULL
8548,2024-06-27 00:00:00,57973,B,1929.6,1822.4,107.2,0,NULL,NULL,NULL,NULL,NULL,NULL
8549,2024-06-27 00:00:00,57991,B,1480,725,755,0,NULL,NULL,NULL,NULL,NULL,NULL
8550,2024-06-27 00:00:00,57928,B,488,-175,663,0,NULL,NULL,NULL,NULL,NULL,NULL
8551,2024-06-27 00:00:00,57929,B,493,-175,668,0,NULL,NULL,NULL,NULL,NULL,NULL
8552,2024-06-27 00:00:00,57930,B,513,-75,588,0,NULL,NULL,NULL,NULL,NULL,NULL
8553,2024-06-27 00:00:00,57933,B,5112.8,2394.4,2718.4,0,NULL,NULL,NULL,NULL,NULL,NULL
8554,2024-06-18 00:00:00,57930INV,B,850,850,0,0,NULL,NULL,NULL,NULL,NULL,NULL
8555,2024-06-19 00:00:00,57929INV,B,850,850,0,0,NULL,NULL,NULL,NULL,NULL,NULL
8556,2024-06-20 00:00:00,57928INV,B,850,850,0,0,NULL,NULL,NULL,NULL,NULL,NULL
8557,2024-06-20 00:00:00,57937INV,B,250,250,0,0,NULL,NULL,NULL,NULL,NULL,NULL
8558,2024-06-25 00:00:00,57991INV,B,250,250,0,0,NULL,NULL,NULL,NULL,NULL,NULL
8559,2024-06-28 00:00:00,58001,B,1474,1065,409,0,NULL,NULL,NULL,NULL,NULL,NULL
8560,2024-06-28 00:00:00,57872,B,407,0,407,0,NULL,NULL,NULL,NULL,NULL,NULL
8561,2024-06-28 00:00:00,57923,B,362,0,362,0,NULL,NULL,NULL,NULL,NULL,NULL
8562,2024-07-02 00:00:00,57974,B,6892.2,5858.9,1033.3,0,NULL,NULL,NULL,NULL,NULL,NULL
8563,2024-07-02 00:00:00,57956,B,1240,1100,140,56,NULL,NULL,NULL,NULL,NULL,NULL
8564,2024-07-02 00:00:00,57902,B,1188,950,238,95.2,NULL,NULL,NULL,NULL,NULL,NULL
8565,2024-07-02 00:00:00,57967,B,2600.4,591,2009.4,0,NULL,NULL,NULL,NULL,NULL,NULL
8566,2024-07-02 00:00:00,57968,B,3187.8,1427.07,1760.73,0,NULL,NULL,NULL,NULL,NULL,NULL
8567,2024-07-02 00:00:00,57975,B,535,-500,1035,0,NULL,NULL,NULL,NULL,NULL,NULL
8568,2024-07-02 00:00:00,57999,B,539,-500,1039,0,NULL,NULL,NULL,NULL,NULL,NULL
8569,2024-07-02 00:00:00,57990,B,3385.6,2750.8,634.8,95.22,NULL,NULL,NULL,NULL,NULL,NULL
8570,2024-07-02 00:00:00,57897,B,135.2,0,135.2,0,NULL,NULL,NULL,NULL,NULL,NULL
8571,2024-06-17 00:00:00,57864,B,1192,1192,0,0,NULL,NULL,NULL,NULL,NULL,NULL
8572,2024-06-18 00:00:00,57865,B,1192,1192,0,0,NULL,NULL,NULL,NULL,NULL,NULL
8573,2024-06-24 00:00:00,57866,B,1108,1108,0,0,NULL,NULL,NULL,NULL,NULL,NULL
8574,2024-06-28 00:00:00,57867,B,1225,1225,0,0,NULL,NULL,NULL,NULL,NULL,NULL
8575,2024-07-02 00:00:00,57868,B,1222,1222,0,0,NULL,NULL,NULL,NULL,NULL,NULL
8576,2024-05-22 00:00:00,57805INV,B,200,200,0,0,NULL,NULL,NULL,NULL,NULL,NULL
8577,2024-06-05 00:00:00,57901INV,B,200,200,0,0,NULL,NULL,NULL,NULL,NULL,NULL
8578,2024-07-01 00:00:00,57902INV,B,200,200,0,0,NULL,NULL,NULL,NULL,NULL,NULL
8579,2024-06-26 00:00:00,57975INV,B,1850,1850,0,0,NULL,NULL,NULL,NULL,NULL,NULL
8580,2024-06-27 00:00:00,57999INV,B,1850,1850,0,0,NULL,NULL,NULL,NULL,NULL,NULL
8582,2024-07-03 00:00:00,57961,B,3910,3467.61,442.39,0,NULL,NULL,NULL,NULL,NULL,NULL
8583,2024-07-03 00:00:00,57972,B,4250,3774.32,475.68,0,NULL,NULL,NULL,NULL,NULL,NULL
8584,2024-07-03 00:00:00,57998,B,501,-175,676,0,NULL,NULL,NULL,NULL,NULL,NULL
8585,2024-07-03 00:00:00,58000,B,551,-500,1051,0,NULL,NULL,NULL,NULL,NULL,NULL
8587,2024-07-08 00:00:00,57945,B,9666.8,8244.8,1422,568.8,NULL,NULL,NULL,NULL,NULL,NULL
8589,2024-07-08 00:00:00,57677,B,1161.46,820,341.46,0,NULL,NULL,NULL,NULL,NULL,NULL
8590,2024-07-08 00:00:00,57952,B,2391.6,1779.21,612.39,0,NULL,NULL,NULL,NULL,NULL,NULL
8591,2024-07-08 00:00:00,58008,B,344.8,0,344.8,51.72,NULL,NULL,NULL,NULL,NULL,NULL
8592,2024-07-08 00:00:00,57970,B,3855.94,2629.05,1226.89,0,NULL,NULL,NULL,NULL,NULL,NULL
8593,2024-07-08 00:00:00,58013,B,1458,1100,358,143.2,NULL,NULL,NULL,NULL,NULL,NULL
8595,2024-07-09 00:00:00,57979,B,5383.6,4716,667.6,100.14,NULL,NULL,NULL,NULL,NULL,NULL
8596,2024-07-09 00:00:00,57958,B,4500,4100,400,0,NULL,NULL,NULL,NULL,NULL,NULL
8598,2024-07-10 00:00:00,57951,B,8061.6,7053.9,1007.7,0,NULL,NULL,NULL,NULL,NULL,NULL
8599,2024-07-09 00:00:00,58045,B,5168.8,4054.6,1114.2,445.68,NULL,NULL,NULL,NULL,NULL,NULL
8600,2024-07-08 00:00:00,58032,B,6728.6,6728.6,0,0,NULL,NULL,NULL,NULL,NULL,NULL
8601,2024-07-10 00:00:00,57995,B,1192,1051.8,140.2,0,NULL,NULL,NULL,NULL,NULL,NULL
8602,2024-07-10 00:00:00,57827,B,8641.6,7266.8,1374.8,0,NULL,NULL,NULL,NULL,NULL,NULL
8603,2024-07-10 00:00:00,58016,B,611,-75,686,0,NULL,NULL,NULL,NULL,NULL,NULL
8604,2024-07-10 00:00:00,57953,B,2602,1510.2,1091.8,0,NULL,NULL,NULL,NULL,NULL,NULL
8607,2024-07-11 00:00:00,57996,B,1294,1092.6,201.4,0,NULL,NULL,NULL,NULL,NULL,NULL
8608,2024-07-11 00:00:00,57926,B,968.12,725,243.12,97.248,NULL,NULL,NULL,NULL,NULL,NULL
8609,2024-07-11 00:00:00,57992,B,7448.4,5990.6,1457.8,0,NULL,NULL,NULL,NULL,NULL,NULL
8610,2024-07-11 00:00:00,58020,B,1638.4,1425.82,212.58,0,NULL,NULL,NULL,NULL,NULL,NULL
8611,2024-07-11 00:00:00,57766,B,854.59,32.33,822.26,328.904,NULL,NULL,NULL,NULL,NULL,NULL
8612,2024-07-11 00:00:00,57833,B,8241.5,5923.83,2317.67,0,NULL,NULL,NULL,NULL,NULL,NULL
8613,2024-07-11 00:00:00,57855,B,6419.25,5563.35,855.9,342.36,NULL,NULL,NULL,NULL,NULL,NULL
8614,2024-07-11 00:00:00,58048,B,2827.8,1157.63,1670.17,0,NULL,NULL,NULL,NULL,NULL,NULL
8615,2024-07-15 00:00:00,57683,B,0,2270.74,-2270.74,0,NULL,NULL,NULL,NULL,NULL,NULL
8617,2024-07-17 00:00:00,58054,B,1256,995,261,104.4,NULL,NULL,NULL,NULL,NULL,NULL
8619,2024-07-17 00:00:00,58098,B,3910,3484.67,425.33,0,NULL,NULL,NULL,NULL,NULL,NULL
8620,2024-07-17 00:00:00,58099,B,3910,3473.55,436.45,0,NULL,NULL,NULL,NULL,NULL,NULL
8621,2024-07-15 00:00:00,58003,B,7344.4,5768.4,1576,0,NULL,NULL,NULL,NULL,NULL,NULL
8623,2024-07-17 00:00:00,57938,B,2947,1684,1263,0,NULL,NULL,NULL,NULL,NULL,NULL
8624,2024-07-10 00:00:00,57954,B,3312,1993.6,1318.4,0,NULL,NULL,NULL,NULL,NULL,NULL
8625,2024-07-18 00:00:00,58037,B,1276.6,1177.66,98.94,0,NULL,NULL,NULL,NULL,NULL,NULL
8627,2024-07-10 00:00:00,57869,B,1144,1144,0,0,NULL,NULL,NULL,NULL,NULL,NULL
8628,2024-07-17 00:00:00,57870,B,1174,1174,0,0,NULL,NULL,NULL,NULL,NULL,NULL
8629,2024-07-18 00:00:00,57871,B,1180,1180,0,0,NULL,NULL,NULL,NULL,NULL,NULL
8630,2024-07-19 00:00:00,58100,B,4140,3593.07,546.93,0,NULL,NULL,NULL,NULL,NULL,NULL
8631,2024-07-22 00:00:00,57692,B,0,-300,300,0,NULL,NULL,NULL,NULL,NULL,NULL
8632,2024-07-01 00:00:00,57692INV,B,300,300,0,0,NULL,NULL,NULL,NULL,NULL,NULL
8633,2024-07-22 00:00:00,58083,B,1674,1050,624,249.6,NULL,NULL,NULL,NULL,NULL,NULL
8634,2024-07-22 00:00:00,58019,B,860,800,60,6,NULL,NULL,NULL,NULL,NULL,NULL
8635,2024-07-22 00:00:00,58053,B,1374,1000,374,149.6,NULL,NULL,NULL,NULL,NULL,NULL
8636,2024-07-22 00:00:00,58005,B,3116.68,2894.81,221.87,0,NULL,NULL,NULL,NULL,NULL,NULL
8637,2024-07-22 00:00:00,58091,B,5013,2539.7,2473.3,370.995,NULL,NULL,NULL,NULL,NULL,NULL
8638,2024-07-22 00:00:00,58072,B,5730.4,3444,2286.4,914.56,NULL,NULL,NULL,NULL,NULL,NULL
8639,2024-07-22 00:00:00,58029,B,1289.52,722.38,567.14,85.071,NULL,NULL,NULL,NULL,NULL,NULL
8640,2024-07-22 00:00:00,57994,B,13278.85,12257.4,1021.45,0,NULL,NULL,NULL,NULL,NULL,NULL
8641,2024-07-22 00:00:00,57980,B,8523.3,8097.13,426.17,0,NULL,NULL,NULL,NULL,NULL,NULL
8643,2024-07-22 00:00:00,58046,B,5110,4043.6,1066.4,426.56,NULL,NULL,NULL,NULL,NULL,NULL
8644,2024-07-22 00:00:00,58047,B,4989.6,3905,1084.6,433.84,NULL,NULL,NULL,NULL,NULL,NULL
8645,2024-07-22 00:00:00,57768,B,8496.4,7643,853.4,341.36,NULL,NULL,NULL,NULL,NULL,NULL
8646,2024-07-22 00:00:00,57985,B,1586.2,980,606.2,242.48,NULL,NULL,NULL,NULL,NULL,NULL
8647,2024-07-22 00:00:00,58050,B,1504.36,650,854.36,341.744,NULL,NULL,NULL,NULL,NULL,NULL
8648,2024-07-22 00:00:00,58002,B,3835.16,2195.76,1639.4,0,NULL,NULL,NULL,NULL,NULL,NULL
8650,2024-07-22 00:00:00,57833,D,-82.42,0,-82.42,0,2463,S,-82.42,NULL,4842,NULL
8652,2024-07-23 00:00:00,58007,B,6260.8,7035.45,-774.65,0,NULL,NULL,NULL,NULL,NULL,NULL
8653,2024-06-27 00:00:00,57920,B,10749.02,10116.72,632.3,0,NULL,NULL,NULL,NULL,NULL,NULL
8654,2024-07-19 00:00:00,57745,B,5121.6,3407.6,1714,0,NULL,NULL,NULL,NULL,NULL,NULL
8655,2024-07-23 00:00:00,58055,B,3872,3097.6,774.4,116.16,NULL,NULL,NULL,NULL,NULL,NULL
8656,2024-07-23 00:00:00,58085,B,1557.6,1383.6,174,0,NULL,NULL,NULL,NULL,NULL,NULL
8658,2024-07-23 00:00:00,57988,B,1130.25,1073.76,56.49,22.596,NULL,NULL,NULL,NULL,NULL,NULL
8660,2024-07-23 00:00:00,58116,B,1192,1192,0,0,NULL,NULL,NULL,NULL,NULL,NULL
8661,2024-07-22 00:00:00,58115,B,1225,1225,0,0,NULL,NULL,NULL,NULL,NULL,NULL
8662,2024-07-10 00:00:00,57988INV,B,472.24,472.24,0,0,NULL,NULL,NULL,NULL,NULL,NULL
8663,2024-07-18 00:00:00,57634INV,B,100.48,100.48,0,0,NULL,NULL,NULL,NULL,NULL,NULL
8664,2024-07-24 00:00:00,58063,B,2136.15,1811.24,324.91,129.964,NULL,NULL,NULL,NULL,NULL,NULL
8665,2024-07-17 00:00:00,58021,B,10026.93,8760.6,1266.33,0,NULL,NULL,NULL,NULL,NULL,NULL
8666,2024-07-25 00:00:00,57107,A,-10353,0,-10353,0,1636,S,-10353,0,NULL,NULL
8667,2024-07-23 00:00:00,57635,B,1157.86,717.52,440.34,176.136,NULL,NULL,NULL,NULL,NULL,NULL
8668,2024-07-25 00:00:00,58009,B,9911.25,8325.45,1585.8,0,NULL,NULL,NULL,NULL,NULL,NULL
8669,2024-07-26 00:00:00,57960,B,2492,1691,801,0,NULL,NULL,NULL,NULL,NULL,NULL
8670,2024-07-26 00:00:00,58064,B,378,0,378,0,NULL,NULL,NULL,NULL,NULL,NULL
8671,2024-07-26 00:00:00,57969,B,2859,1479.75,1379.25,0,NULL,NULL,NULL,NULL,NULL,NULL
8672,2024-07-26 00:00:00,58036,B,563,-175,738,0,NULL,NULL,NULL,NULL,NULL,NULL
8673,2024-07-26 00:00:00,58066,B,1296,731,565,0,NULL,NULL,NULL,NULL,NULL,NULL
8674,2024-07-26 00:00:00,58010,B,9598.75,8062.95,1535.8,0,NULL,NULL,NULL,NULL,NULL,NULL
8675,2024-07-26 00:00:00,58061,B,5154,2478.6,2675.4,401.31,NULL,NULL,NULL,NULL,NULL,NULL
8676,2024-07-26 00:00:00,57983,B,986.7,550,436.7,174.68,NULL,NULL,NULL,NULL,NULL,NULL
8677,2024-07-26 00:00:00,58052,B,1144,550,594,553.52,NULL,NULL,NULL,NULL,NULL,NULL
8678,2024-07-23 00:00:00,57939,B,3148.6,1799.2,1349.4,0,NULL,NULL,NULL,NULL,NULL,NULL
8679,2024-07-24 00:00:00,58066INV,B,200,200,0,0,NULL,NULL,NULL,NULL,NULL,NULL
8680,2024-07-26 00:00:00,58031,B,0,0,0,0,NULL,NULL,NULL,NULL,NULL,NULL
8681,2024-07-26 00:00:00,58049,B,5097.28,4704.38,392.9,0,NULL,NULL,NULL,NULL,NULL,NULL
8683,2024-07-26 00:00:00,58014,B,11858.97,11041.11,817.86,0,NULL,NULL,NULL,NULL,NULL,NULL
8684,2024-07-26 00:00:00,58084,B,1080,650,430,64.5,NULL,NULL,NULL,NULL,NULL,NULL
8685,2024-07-26 00:00:00,57853,B,300,225,75,0,NULL,NULL,NULL,NULL,NULL,NULL
8686,2024-07-26 00:00:00,58090,B,13411.5,10876.33,2535.17,1014.068,NULL,NULL,NULL,NULL,NULL,NULL
8687,2024-07-26 00:00:00,58092,B,4276.8,3129.8,1147,172.05,NULL,NULL,NULL,NULL,NULL,NULL
8688,2024-05-24 00:00:00,53605INV,B,227.15,227.15,0,0,NULL,NULL,NULL,NULL,NULL,NULL
8689,2024-07-29 00:00:00,53605INV,A,-227.15,0,-227.15,0,2068,S,-227.15,0,NULL,NULL
8690,2024-07-29 00:00:00,53828INV,A,-4496.25,0,-4496.25,0,2068,S,-4496.25,0,NULL,NULL
8692,2021-05-19 00:00:00,53828,B,0,0,0,0,NULL,NULL,NULL,NULL,NULL,NULL
8693,2024-07-11 00:00:00,57763,B,0,-50,50,0,NULL,NULL,NULL,NULL,NULL,NULL
8695,2024-07-29 00:00:00,57997,B,1670,800,870,0,NULL,NULL,NULL,NULL,NULL,NULL
8696,2024-07-30 00:00:00,58186,B,0,7092.14,-7092.14,0,NULL,NULL,NULL,NULL,NULL,NULL
8697,2024-05-24 00:00:00,57763INV,B,200,200,0,0,NULL,NULL,NULL,NULL,NULL,NULL
8698,2024-07-10 00:00:00,57976,B,1467.4,1030,437.4,174.96,NULL,NULL,NULL,NULL,NULL,NULL
8699,2024-07-30 00:00:00,57487,A,514.41,0,514.41,0,2412,S,514.41,0,NULL,NULL
8700,2024-07-30 00:00:00,57183,A,516,0,516,0,2412,S,516,0,NULL,NULL
8701,2024-07-30 00:00:00,57180,A,487.68,0,487.68,0,2412,S,487.68,0,NULL,NULL
8703,2024-07-31 00:00:00,58146,B,14137.9,13835.96,301.94,0,NULL,NULL,NULL,NULL,NULL,NULL
8704,2024-07-31 00:00:00,58109,B,554,-115,669,0,NULL,NULL,NULL,NULL,NULL,NULL
8708,2024-08-01 00:00:00,58106,B,3166,2689.5,476.5,0,NULL,NULL,NULL,NULL,NULL,NULL
8709,2024-08-01 00:00:00,58132,B,2369.62,1995.3,374.32,0,NULL,NULL,NULL,NULL,NULL,NULL
8710,2024-08-01 00:00:00,58133,B,4064,3389.66,674.34,0,NULL,NULL,NULL,NULL,NULL,NULL
8711,2024-08-01 00:00:00,58077,B,3258.15,3033.45,224.7,0,NULL,NULL,NULL,NULL,NULL,NULL
8713,2024-07-31 00:00:00,58139,B,2912.7,1664.4,1248.3,0,NULL,NULL,NULL,NULL,NULL,NULL
8714,2024-07-29 00:00:00,58117,B,1177,1177,0,0,NULL,NULL,NULL,NULL,NULL,NULL
8715,2024-07-30 00:00:00,58118,B,1216,1216,0,0,NULL,NULL,NULL,NULL,NULL,NULL
8716,2024-07-15 00:00:00,58050INV,B,200,200,0,0,NULL,NULL,NULL,NULL,NULL,NULL
8717,2024-08-02 00:00:00,58081,B,1518,1375,143,0,NULL,NULL,NULL,NULL,NULL,NULL
8718,2024-08-02 00:00:00,58107,B,10711.98,9918.5,793.48,0,NULL,NULL,NULL,NULL,NULL,NULL
8719,2024-08-02 00:00:00,58103,B,4140,3595.89,544.11,0,NULL,NULL,NULL,NULL,NULL,NULL
8720,2024-08-02 00:00:00,58126,B,4140,3584.24,555.76,0,NULL,NULL,NULL,NULL,NULL,NULL
8722,2024-08-02 00:00:00,58150,B,3910,3476.83,433.17,0,NULL,NULL,NULL,NULL,NULL,NULL
8723,2024-08-02 00:00:00,57925,B,746.5,701.71,44.79,0,NULL,NULL,NULL,NULL,NULL,NULL
8724,2024-08-02 00:00:00,57834,B,6566.3,4831.41,1734.89,0,NULL,NULL,NULL,NULL,NULL,NULL
8725,2024-08-02 00:00:00,58134,B,1238,1000,238,95.2,NULL,NULL,NULL,NULL,NULL,NULL
8726,2024-08-02 00:00:00,58079,B,1194,1075,119,47.6,NULL,NULL,NULL,NULL,NULL,NULL
8727,2024-08-02 00:00:00,58135,B,784.8,539.55,245.25,98.1,NULL,NULL,NULL,NULL,NULL,NULL
8728,2024-08-02 00:00:00,58108,B,579,-175,754,0,NULL,NULL,NULL,NULL,NULL,NULL
8729,2024-08-02 00:00:00,58114,B,7976,5213.15,2762.85,1105.14,NULL,NULL,NULL,NULL,NULL,NULL
8731,2024-08-02 00:00:00,58093,B,0,-600,600,0,NULL,NULL,NULL,NULL,NULL,NULL
8734,2024-07-25 00:00:00,58135INV,B,450.45,450.45,0,0,NULL,NULL,NULL,NULL,NULL,NULL
8735,2024-08-05 00:00:00,57183,A,-516,0,-516,0,2412,S,-516,0,NULL,NULL
8736,2024-08-02 00:00:00,58169,B,3847.2,1090,2757.2,413.58,NULL,NULL,NULL,NULL,NULL,NULL
8737,2024-08-02 00:00:00,58120,B,1192,1192,0,0,NULL,NULL,NULL,NULL,NULL,NULL
8738,2024-08-01 00:00:00,58119,B,1249,1249,0,0,NULL,NULL,NULL,NULL,NULL,NULL
8739,2024-07-09 00:00:00,57766INV,B,262.67,262.67,0,0,NULL,NULL,NULL,NULL,NULL,NULL
8740,2024-07-16 00:00:00,57635INV,B,200,200,0,0,NULL,NULL,NULL,NULL,NULL,NULL
8741,2024-07-25 00:00:00,57997INV,B,250,250,0,0,NULL,NULL,NULL,NULL,NULL,NULL
8742,2024-08-05 00:00:00,58161,B,1897.2,1328.04,569.16,0,NULL,NULL,NULL,NULL,NULL,NULL
8743,2024-08-05 00:00:00,57781,B,5183.75,2824.54,2359.21,346.106,NULL,NULL,NULL,NULL,NULL,NULL
8744,2024-07-29 00:00:00,58134INV,B,200,200,0,0,NULL,NULL,NULL,NULL,NULL,NULL
8748,2024-07-01 00:00:00,58000INV,B,1850,1850,0,0,NULL,NULL,NULL,NULL,NULL,NULL
8749,2024-07-02 00:00:00,57998INV,B,850,850,0,0,NULL,NULL,NULL,NULL,NULL,NULL
8750,2024-07-08 00:00:00,58016INV,B,850,850,0,0,NULL,NULL,NULL,NULL,NULL,NULL
8751,2024-07-22 00:00:00,58036INV,B,850,850,0,0,NULL,NULL,NULL,NULL,NULL,NULL
8752,2024-07-22 00:00:00,58093INV,B,950,950,0,0,NULL,NULL,NULL,NULL,NULL,NULL
8753,2024-07-24 00:00:00,58094INV,B,950,950,0,0,NULL,NULL,NULL,NULL,NULL,NULL
8754,2024-07-26 00:00:00,58109INV,B,850,850,0,0,NULL,NULL,NULL,NULL,NULL,NULL
8755,2024-07-29 00:00:00,58108INV,B,850,850,0,0,NULL,NULL,NULL,NULL,NULL,NULL
8756,2024-08-07 00:00:00,58127,B,0,-300,300,0,NULL,NULL,NULL,NULL,NULL,NULL
8757,2024-07-19 00:00:00,58127INV,B,300,300,0,0,NULL,NULL,NULL,NULL,NULL,NULL
8761,2024-08-02 00:00:00,58128,B,2104,2169.95,-65.95,0,NULL,NULL,NULL,NULL,NULL,NULL
8762,2024-07-19 00:00:00,58104,B,4435,4435,0,0,NULL,NULL,NULL,NULL,NULL,NULL
8763,2024-08-07 00:00:00,58156,B,4547.2,3305.8,1241.4,186.21,NULL,NULL,NULL,NULL,NULL,NULL
8764,2024-08-07 00:00:00,58137,B,10520.28,9741,779.28,0,NULL,NULL,NULL,NULL,NULL,NULL
8765,2024-08-07 00:00:00,58076,B,9557.5,8028.3,1529.2,0,NULL,NULL,NULL,NULL,NULL,NULL
8766,2024-08-07 00:00:00,58149,B,4140,3581.73,558.27,0,NULL,NULL,NULL,NULL,NULL,NULL
8767,2024-08-07 00:00:00,58190,B,4140,3582.22,557.78,0,NULL,NULL,NULL,NULL,NULL,NULL
8768,2024-08-07 00:00:00,58082,B,1174,1225,-51,0,NULL,NULL,NULL,NULL,NULL,NULL
8769,2024-07-10 00:00:00,58020INV,B,24.18,24.18,0,0,NULL,NULL,NULL,NULL,NULL,NULL
8770,2024-08-08 00:00:00,58159,B,1008,861.6,146.4,0,NULL,NULL,NULL,NULL,NULL,NULL
8771,2024-08-08 00:00:00,58178,B,2972,1691.6,1280.4,0,NULL,NULL,NULL,NULL,NULL,NULL
8772,2024-08-08 00:00:00,58166,B,7594.38,6596.74,997.64,0,NULL,NULL,NULL,NULL,NULL,NULL
8774,2024-08-08 00:00:00,58087,B,8095.95,5852.8,2243.15,336.473,NULL,NULL,NULL,NULL,NULL,NULL
8775,2024-08-08 00:00:00,58170,B,3253.6,1090,2163.6,324.54,NULL,NULL,NULL,NULL,NULL,NULL
8776,2024-07-31 00:00:00,58096,B,2448,1224,1224,183.6,NULL,NULL,NULL,NULL,NULL,NULL
8777,2024-07-22 00:00:00,58088,B,3027,1614.4,1412.6,211.89,NULL,NULL,NULL,NULL,NULL,NULL
8778,2024-07-31 00:00:00,58143,B,2885.4,1648.8,1236.6,0,NULL,NULL,NULL,NULL,NULL,NULL
8779,2024-08-01 00:00:00,57940,B,3126.2,1786.4,1339.8,0,NULL,NULL,NULL,NULL,NULL,NULL
8780,2024-08-09 00:00:00,58056,B,3670,2936,734,110.1,NULL,NULL,NULL,NULL,NULL,NULL
8781,2024-08-09 00:00:00,58035,B,1339.84,786.42,553.42,0,NULL,NULL,NULL,NULL,NULL,NULL
8783,2024-08-12 00:00:00,57622,A,-1576.4,0,-1576.4,0,1700,S,-1576.4,0,NULL,NULL
8784,2024-06-24 00:00:00,57622,B,2635.2,2706.8,-71.6,0,NULL,NULL,NULL,NULL,NULL,NULL
8785,2024-08-12 00:00:00,57834,D,-65.66,0,-65.66,0,2463,S,-65.66,NULL,4885,NULL
8786,2024-07-10 00:00:00,5793INV,B,250,250,0,0,NULL,NULL,NULL,NULL,NULL,NULL
8787,2024-07-16 00:00:00,58052INV,B,250,250,0,0,NULL,NULL,NULL,NULL,NULL,NULL
8788,2024-07-12 00:00:00,58054INV,B,150,150,0,0,NULL,NULL,NULL,NULL,NULL,NULL
8789,2024-08-13 00:00:00,58130,B,0,0,0,0,NULL,NULL,NULL,NULL,NULL,NULL
8790,2024-07-24 00:00:00,58130INV,B,3100,3100,0,0,NULL,NULL,NULL,NULL,NULL,NULL
8792,2024-08-20 00:00:00,58128,A,0,-460.95,460.95,0,1520,P,-460.95,111641,NULL,NULL
8793,2024-08-13 00:00:00,58102,B,1260.9,1114,146.9,0,NULL,NULL,NULL,NULL,NULL,NULL
8794,2024-08-13 00:00:00,58163,B,8244.39,6674.03,1570.36,0,NULL,NULL,NULL,NULL,NULL,NULL
8795,2024-08-13 00:00:00,58198,B,6456.1,5820.73,635.37,0,NULL,NULL,NULL,NULL,NULL,NULL
8796,2024-08-13 00:00:00,57781,D,-51.84,0,-51.84,0,2463,S,-51.84,NULL,4891,NULL
8797,2024-08-06 00:00:00,58121,B,1213,1213,0,0,NULL,NULL,NULL,NULL,NULL,NULL
8798,2024-08-07 00:00:00,58122,B,1105,1105,0,0,NULL,NULL,NULL,NULL,NULL,NULL
8799,2024-08-14 00:00:00,58017,B,4233,5019.9,-786.9,0,NULL,NULL,NULL,NULL,NULL,NULL
8800,2024-08-14 00:00:00,58184,B,3290.95,1374.45,1916.5,0,NULL,NULL,NULL,NULL,NULL,NULL
8801,2024-08-16 00:00:00,58197,B,520.41,245.72,274.69,109.876,NULL,NULL,NULL,NULL,NULL,NULL
8802,2024-08-16 00:00:00,58147,B,3214.7,2951.2,263.5,0,NULL,NULL,NULL,NULL,NULL,NULL
8803,2024-08-16 00:00:00,58148,B,394.4,0,394.4,59.16,NULL,NULL,NULL,NULL,NULL,NULL
8804,2024-08-16 00:00:00,58233,B,1451.88,1148.44,303.44,0,NULL,NULL,NULL,NULL,NULL,NULL
8805,2024-08-16 00:00:00,58180,B,0,-150,150,0,NULL,NULL,NULL,NULL,NULL,NULL
8806,2024-08-16 00:00:00,58196,B,12637.5,11381.25,1256.25,0,NULL,NULL,NULL,NULL,NULL,NULL
8807,2024-08-16 00:00:00,58033,B,5652,4996,656,0,NULL,NULL,NULL,NULL,NULL,NULL
8809,2024-08-16 00:00:00,58175,B,1792.65,1257.19,535.46,214.184,NULL,NULL,NULL,NULL,NULL,NULL
8810,2024-08-16 00:00:00,58230,B,1619.3,850,769.3,0,NULL,NULL,NULL,NULL,NULL,NULL
8811,2024-08-16 00:00:00,58142,B,1148,1075,73,29.2,NULL,NULL,NULL,NULL,NULL,NULL
8812,2024-08-16 00:00:00,58144,B,789.6,621.81,167.79,67.116,NULL,NULL,NULL,NULL,NULL,NULL
8813,2024-08-16 00:00:00,58192,B,1740.14,1335.13,405.01,0,NULL,NULL,NULL,NULL,NULL,NULL
8814,2024-08-16 00:00:00,58171,B,1184.66,1065,119.66,47.864,NULL,NULL,NULL,NULL,NULL,NULL
8815,2024-08-16 00:00:00,58051,B,842.58,113.83,728.75,0,NULL,NULL,NULL,NULL,NULL,NULL
8816,2024-08-16 00:00:00,58141,B,3204,1559.94,1644.06,0,NULL,NULL,NULL,NULL,NULL,NULL
8817,2024-08-16 00:00:00,58185,B,3259.75,1517.25,1742.5,0,NULL,NULL,NULL,NULL,NULL,NULL
8818,2024-08-16 00:00:00,58145,B,0,-550,550,0,NULL,NULL,NULL,NULL,NULL,NULL
8819,2024-08-16 00:00:00,57986,B,1644.5,830,814.5,325.8,NULL,NULL,NULL,NULL,NULL,NULL
8820,2024-08-16 00:00:00,57987,B,1436.6,830,606.6,242.64,NULL,NULL,NULL,NULL,NULL,NULL
8823,2024-08-16 00:00:00,58068,B,0,0,0,0,NULL,NULL,NULL,NULL,NULL,NULL
8824,2024-08-19 00:00:00,58264,B,2536.8,1993.2,543.6,0,NULL,NULL,NULL,NULL,NULL,NULL
8835,2024-08-20 00:00:00,58080,B,1222,1125,97,38.8,NULL,NULL,NULL,NULL,NULL,NULL
8841,2024-08-20 00:00:00,58179,B,11693.09,10654,1039.09,0,NULL,NULL,NULL,NULL,NULL,NULL
8842,2024-08-19 00:00:00,58253,B,3504,2190,1314,0,NULL,NULL,NULL,NULL,NULL,NULL
8843,2024-08-16 00:00:00,58140,B,2995.3,1711.6,1283.7,0,NULL,NULL,NULL,NULL,NULL,NULL
8844,2024-08-21 00:00:00,58030,B,0,3414.4,-3414.4,0,NULL,NULL,NULL,NULL,NULL,NULL
8852,2024-08-02 00:00:00,58089,B,4552.72,3532.96,1019.76,0,NULL,NULL,NULL,NULL,NULL,NULL
8853,2024-08-21 00:00:00,58210,B,0,-300,300,0,NULL,NULL,NULL,NULL,NULL,NULL
8854,2024-08-20 00:00:00,58312,B,3910,3479.58,430.42,0,NULL,NULL,NULL,NULL,NULL,NULL
8855,2024-08-22 00:00:00,58227,B,0,-300,300,0,NULL,NULL,NULL,NULL,NULL,NULL
8857,2024-08-16 00:00:00,58124,B,1111,1111,0,0,NULL,NULL,NULL,NULL,NULL,NULL
8858,2024-08-14 00:00:00,58123,B,1174,1174,0,0,NULL,NULL,NULL,NULL,NULL,NULL
8859,2024-07-29 00:00:00,57852,B,1653,1982.75,-329.75,0,NULL,NULL,NULL,NULL,NULL,NULL
8860,2024-08-22 00:00:00,58313,B,3910,3490.31,419.69,0,NULL,NULL,NULL,NULL,NULL,NULL
8861,2024-08-23 00:00:00,57993,B,325,243.75,81.25,0,NULL,NULL,NULL,NULL,NULL,NULL
8862,2024-08-23 00:00:00,57854,B,300,225,75,0,NULL,NULL,NULL,NULL,NULL,NULL
8863,2024-08-23 00:00:00,57861,B,260,195,65,0,NULL,NULL,NULL,NULL,NULL,NULL
8864,2024-08-23 00:00:00,57909,B,280,210,70,0,NULL,NULL,NULL,NULL,NULL,NULL
8868,2024-07-24 00:00:00,58075,B,7496.4,7496.4,0,0,NULL,NULL,NULL,NULL,NULL,NULL
8869,2024-08-22 00:00:00,58299,B,1201,1201,0,0,NULL,NULL,NULL,NULL,NULL,NULL
8870,2024-08-23 00:00:00,58160,B,1096,879.2,216.8,0,NULL,NULL,NULL,NULL,NULL,NULL
8871,2024-08-23 00:00:00,58075-INV,B,10397.5,8250.91,2146.59,0,NULL,NULL,NULL,NULL,NULL,NULL
8872,2024-08-23 00:00:00,58234,B,3402.28,3123.4,278.88,0,NULL,NULL,NULL,NULL,NULL,NULL
8873,2024-08-23 00:00:00,58168,B,7290,5452.5,1837.5,0,NULL,NULL,NULL,NULL,NULL,NULL
8874,2024-08-21 00:00:00,58212,B,2400,1900,500,0,NULL,NULL,NULL,NULL,NULL,NULL
8875,2024-08-21 00:00:00,58265,B,2128,1672,456,0,NULL,NULL,NULL,NULL,NULL,NULL
8876,2024-08-21 00:00:00,58235,B,10225.8,8694.8,1531,0,NULL,NULL,NULL,NULL,NULL,NULL
8877,2024-08-23 00:00:00,58191,B,1196,1175,21,8.4,NULL,NULL,NULL,NULL,NULL,NULL
8878,2024-08-23 00:00:00,58136,B,264,-150,414,165.6,NULL,NULL,NULL,NULL,NULL,NULL
8879,2024-08-23 00:00:00,58201,B,502,-225,727,0,NULL,NULL,NULL,NULL,NULL,NULL
8880,2024-08-20 00:00:00,58281,B,1394,1000,394,157.6,NULL,NULL,NULL,NULL,NULL,NULL
8881,2024-07-29 00:00:00,58145INV,B,950,950,0,0,NULL,NULL,NULL,NULL,NULL,NULL
8882,2024-08-12 00:00:00,58201INV,B,850,850,0,0,NULL,NULL,NULL,NULL,NULL,NULL
8884,2024-08-07 00:00:00,58197INV,B,339.28,339.28,0,0,NULL,NULL,NULL,NULL,NULL,NULL
8885,2024-08-26 00:00:00,58054INV,A,-150,0,-150,0,2469,S,-150,0,NULL,NULL
8886,2024-08-26 00:00:00,58052,A,789.8,0,789.8,0,2412,S,789.8,0,NULL,NULL
8887,2024-08-26 00:00:00,56406INV,A,-482.09,0,-482.09,0,1937,S,-482.09,0,NULL,NULL
8888,2024-08-26 00:00:00,58298,B,2368,1880,488,0,NULL,NULL,NULL,NULL,NULL,NULL
8889,2024-08-26 00:00:00,58277,B,5770.7,4036.7,1734,0,NULL,NULL,NULL,NULL,NULL,NULL
8890,2024-08-26 00:00:00,58285,B,9733.6,8978.2,755.4,0,NULL,NULL,NULL,NULL,NULL,NULL
8891,2024-08-26 00:00:00,58095,B,1204,1200,4,1.6,NULL,NULL,NULL,NULL,NULL,NULL
8894,2024-08-26 00:00:00,58231,B,1536,1180,356,142.4,NULL,NULL,NULL,NULL,NULL,NULL
8895,2024-08-26 00:00:00,58249,B,11473.85,10028.23,1445.62,578.248,NULL,NULL,NULL,NULL,NULL,NULL
8896,2024-08-20 00:00:00,58154,B,1256,1000,256,102.4,NULL,NULL,NULL,NULL,NULL,NULL
8898,2024-08-27 00:00:00,58136INV,B,990,990,0,0,NULL,NULL,NULL,NULL,NULL,NULL
8899,2024-08-27 00:00:00,58210INV,B,300,300,0,0,NULL,NULL,NULL,NULL,NULL,NULL
8900,2024-08-27 00:00:00,58230INV,B,250,250,0,0,NULL,NULL,NULL,NULL,NULL,NULL
8901,2024-08-27 00:00:00,58227INV,B,300,300,0,0,NULL,NULL,NULL,NULL,NULL,NULL
8902,2024-08-27 00:00:00,58200,B,1180,896,284,0,NULL,NULL,NULL,NULL,NULL,NULL
8903,2024-08-27 00:00:00,58267,B,696.6,556.39,140.21,0,NULL,NULL,NULL,NULL,NULL,NULL
8904,2024-08-27 00:00:00,58268,B,491.2,389.05,102.15,0,NULL,NULL,NULL,NULL,NULL,NULL
8905,2024-08-27 00:00:00,58248,B,1200,1050,150,60,NULL,NULL,NULL,NULL,NULL,NULL
8907,2024-08-28 00:00:00,58286,B,5896.8,2526.6,3370.2,505.53,NULL,NULL,NULL,NULL,NULL,NULL
8908,2024-08-28 00:00:00,58205,B,735.48,458.83,276.65,110.66,NULL,NULL,NULL,NULL,NULL,NULL
8909,2024-08-28 00:00:00,58283,B,2737.6,1766.61,970.99,0,NULL,NULL,NULL,NULL,NULL,NULL
8910,2024-08-28 00:00:00,58167,B,4845,3860,985,0,NULL,NULL,NULL,NULL,NULL,NULL
8911,2024-08-28 00:00:00,58247,B,1204,240.8,963.2,144.48,NULL,NULL,NULL,NULL,NULL,NULL
8912,2024-08-28 00:00:00,58266,B,422.3,332.92,89.38,0,NULL,NULL,NULL,NULL,NULL,NULL
8913,2024-08-28 00:00:00,58157,B,1209.64,985.62,224.02,89.608,NULL,NULL,NULL,NULL,NULL,NULL
8914,2024-08-28 00:00:00,58155,B,1035.99,910.51,125.48,50.192,NULL,NULL,NULL,NULL,NULL,NULL
8915,2024-08-28 00:00:00,58172,B,930.79,965.87,-35.08,-14.032,NULL,NULL,NULL,NULL,NULL,NULL
8916,2024-08-28 00:00:00,58195,B,2766,1337.4,1428.6,0,NULL,NULL,NULL,NULL,NULL,NULL
8917,2024-08-28 00:00:00,58214,B,1274.4,908.6,365.8,54.87,NULL,NULL,NULL,NULL,NULL,NULL
8918,2024-08-21 00:00:00,57950,B,4680.77,4201.02,479.75,0,NULL,NULL,NULL,NULL,NULL,NULL
8919,2024-08-08 00:00:00,58129,B,2100,1900,200,0,NULL,NULL,NULL,NULL,NULL,NULL
8921,2024-08-13 00:00:00,INV58157,B,9.38,9.38,0,0,NULL,NULL,NULL,NULL,NULL,NULL
8922,2024-08-29 00:00:00,58284,B,2460.1,1713.03,747.07,0,NULL,NULL,NULL,NULL,NULL,NULL
8923,2024-08-16 00:00:00,INV58205,B,191.17,191.17,0,0,NULL,NULL,NULL,NULL,NULL,NULL
8924,2024-08-29 00:00:00,58043,B,-2128,-2128,0,0,NULL,NULL,NULL,NULL,NULL,NULL
8925,2024-08-29 00:00:00,58199,B,-2194,-2194,0,0,NULL,NULL,NULL,NULL,NULL,NULL
8926,2024-08-29 00:00:00,58097,B,12512.02,11160.06,1351.96,0,NULL,NULL,NULL,NULL,NULL,NULL
8928,2024-08-29 00:00:00,58207,B,1125.6,675,450.6,67.59,NULL,NULL,NULL,NULL,NULL,NULL
8929,2024-08-29 00:00:00,58215,B,1227.96,896.99,330.97,49.646,NULL,NULL,NULL,NULL,NULL,NULL
8930,2024-08-30 00:00:00,58006,B,0,0,0,0,NULL,NULL,NULL,NULL,NULL,NULL
8931,2024-08-30 00:00:00,58237,B,2533.15,2271.1,262.05,0,NULL,NULL,NULL,NULL,NULL,NULL
8932,2024-08-30 00:00:00,58282,B,7071.4,5055.59,2015.81,0,NULL,NULL,NULL,NULL,NULL,NULL
8933,2024-08-30 00:00:00,58326,B,9399.6,6802.2,2597.4,0,NULL,NULL,NULL,NULL,NULL,NULL
8934,2024-09-03 00:00:00,58297,B,1174,1062.2,111.8,44.72,NULL,NULL,NULL,NULL,NULL,NULL
8935,2024-09-03 00:00:00,58202,B,7508.7,5005.8,2502.9,375.435,NULL,NULL,NULL,NULL,NULL,NULL
8938,2024-09-04 00:00:00,58289,B,11433,9527.5,1905.5,0,NULL,NULL,NULL,NULL,NULL,NULL
8939,2024-09-04 00:00:00,58337,B,1289.88,850,439.88,175.952,NULL,NULL,NULL,NULL,NULL,NULL
8940,2024-09-04 00:00:00,58311,B,4435.6,4012.5,423.1,0,NULL,NULL,NULL,NULL,NULL,NULL
8942,2024-09-05 00:00:00,58238,B,11262,9385,1877,0,NULL,NULL,NULL,NULL,NULL,NULL
8943,2024-09-05 00:00:00,58290,B,2260.95,1789.81,471.14,188.456,NULL,NULL,NULL,NULL,NULL,NULL
8944,2024-09-05 00:00:00,58288,B,0,-595,595,0,NULL,NULL,NULL,NULL,NULL,NULL
8945,2024-09-06 00:00:00,58269,B,632.9,566.6,66.3,0,NULL,NULL,NULL,NULL,NULL,NULL
8946,2024-09-06 00:00:00,58271,B,631.47,503.33,128.14,0,NULL,NULL,NULL,NULL,NULL,NULL
8947,2024-09-06 00:00:00,58204,B,2163,1545,618,0,NULL,NULL,NULL,NULL,NULL,NULL
8948,2024-09-06 00:00:00,58317,B,792,645.15,146.85,58.74,NULL,NULL,NULL,NULL,NULL,NULL
8949,2024-09-06 00:00:00,58273,B,1606,850,756,0,NULL,NULL,NULL,NULL,NULL,NULL
8950,2024-09-06 00:00:00,58296,B,1082,1030,52,20.8,NULL,NULL,NULL,NULL,NULL,NULL
8951,2024-09-06 00:00:00,58067,B,692,570,122,0,NULL,NULL,NULL,NULL,NULL,NULL
8952,2024-09-06 00:00:00,58292,B,5533.5,3661.2,1872.3,0,NULL,NULL,NULL,NULL,NULL,NULL
8953,2024-09-03 00:00:00,58293,B,4503,3241.6,1261.4,0,NULL,NULL,NULL,NULL,NULL,NULL
8954,2024-09-03 00:00:00,58294,B,6178.5,4345.2,1833.3,0,NULL,NULL,NULL,NULL,NULL,NULL
8955,2024-09-04 00:00:00,58295,B,5910.9,3952.48,1958.42,0,NULL,NULL,NULL,NULL,NULL,NULL
8956,2024-09-10 00:00:00,58351,B,6728.4,3738,2990.4,1196.16,NULL,NULL,NULL,NULL,NULL,NULL
8957,2024-09-10 00:00:00,58270,B,1116,1075,41,16.4,NULL,NULL,NULL,NULL,NULL,NULL
8959,2024-09-10 00:00:00,58282,D,-70.71,0,-70.71,0,2463,S,-70.71,NULL,4943,NULL
8960,2023-12-12 00:00:00,INV56975,B,6944,6944,0,0,NULL,NULL,NULL,NULL,NULL,NULL
8961,2024-08-30 00:00:00,INV58067,B,1350,1350,0,0,NULL,NULL,NULL,NULL,NULL,NULL
8962,2024-09-10 00:00:00,58344,B,1616,1385,231,0,NULL,NULL,NULL,NULL,NULL,NULL
8963,2024-09-11 00:00:00,58345,B,1582,1385,197,0,NULL,NULL,NULL,NULL,NULL,NULL
8964,2024-09-11 00:00:00,58365,B,400,0,400,0,NULL,NULL,NULL,NULL,NULL,NULL
8965,2024-09-11 00:00:00,58287,B,0,-595,595,0,NULL,NULL,NULL,NULL,NULL,NULL
8966,2024-09-11 00:00:00,58362,B,10733.85,7554,3179.85,0,NULL,NULL,NULL,NULL,NULL,NULL
8967,2024-09-11 00:00:00,58355,B,200,0,200,0,NULL,NULL,NULL,NULL,NULL,NULL
8968,2024-09-09 00:00:00,58030-REJ,B,0,0,0,0,NULL,NULL,NULL,NULL,NULL,NULL
8969,2024-08-30 00:00:00,INV58317,B,429.85,429.85,0,0,NULL,NULL,NULL,NULL,NULL,NULL
8970,2024-09-09 00:00:00,58302,B,1063,1063,0,0,NULL,NULL,NULL,NULL,NULL,NULL
8971,2024-09-06 00:00:00,58301,B,1177,1177,0,0,NULL,NULL,NULL,NULL,NULL,NULL
8972,2024-08-29 00:00:00,58300,B,1159,1159,0,0,NULL,NULL,NULL,NULL,NULL,NULL
8973,2024-09-12 00:00:00,58234,A,-0.01,0,-0.01,0,1963,S,-0.01,0,NULL,NULL
8974,2024-09-12 00:00:00,58346,B,1613.3,1385,228.3,0,NULL,NULL,NULL,NULL,NULL,NULL
8975,2024-09-12 00:00:00,58314,B,4140,3600.32,539.68,0,NULL,NULL,NULL,NULL,NULL,NULL
8976,2024-09-12 00:00:00,58272,B,232.6,10.4,222.2,0,NULL,NULL,NULL,NULL,NULL,NULL
8977,2024-09-12 00:00:00,58303,B,1135,1135,0,0,NULL,NULL,NULL,NULL,NULL,NULL
8979,2024-09-04 00:00:00,INV58273,B,250,250,0,0,NULL,NULL,NULL,NULL,NULL,NULL
8980,2024-09-13 00:00:00,INV58035,B,68.58,68.58,0,0,NULL,NULL,NULL,NULL,NULL,NULL
8981,2024-09-13 00:00:00,58354,B,1187.1,735,452.1,45.21,NULL,NULL,NULL,NULL,NULL,NULL
8982,2024-09-13 00:00:00,58074,B,5902.4,3583.6,2318.8,0,NULL,NULL,NULL,NULL,NULL,NULL
8983,2024-09-13 00:00:00,58417,B,3910,3482.85,427.15,0,NULL,NULL,NULL,NULL,NULL,NULL
8984,2024-09-13 00:00:00,58310,B,5612,4737.67,874.33,349.732,NULL,NULL,NULL,NULL,NULL,NULL
8985,2024-09-13 00:00:00,58392,B,1695.5,1432.47,263.03,0,NULL,NULL,NULL,NULL,NULL,NULL
8986,2024-09-13 00:00:00,58360,B,2431.4,1704.42,726.98,0,NULL,NULL,NULL,NULL,NULL,NULL
8987,2024-08-16 00:00:00,58203,B,3025.2,3025.2,0,0,NULL,NULL,NULL,NULL,NULL,NULL
8988,2024-08-23 00:00:00,58073,B,0,0,0,0,NULL,NULL,NULL,NULL,NULL,NULL
8989,2024-08-23 00:00:00,58239,B,8866.85,8866.85,0,0,NULL,NULL,NULL,NULL,NULL,NULL
8990,2024-02-16 00:00:00,57306,A,0,-1203.36,1203.36,0,2424,P,-1203.36,111961,NULL,NULL
8991,2024-05-31 00:00:00,57454,B,3295.7,6097.04,-2801.34,0,NULL,NULL,NULL,NULL,NULL,NULL
8992,2024-10-15 00:00:00,57454,A,0,-3460.51,3460.51,0,1299,P,-3460.51,112429,NULL,NULL
8993,2024-09-16 00:00:00,INV58051,B,436.17,436.17,0,0,NULL,NULL,NULL,NULL,NULL,NULL
8994,2024-09-16 00:00:00,INV58287,B,950,950,0,0,NULL,NULL,NULL,NULL,NULL,NULL
8995,2024-09-16 00:00:00,INV58288,B,950,950,0,0,NULL,NULL,NULL,NULL,NULL,NULL
8996,2024-09-16 00:00:00,INV58154,B,200,200,0,0,NULL,NULL,NULL,NULL,NULL,NULL
8997,2024-08-28 00:00:00,INV58297,B,112.8,112.8,0,0,NULL,NULL,NULL,NULL,NULL,NULL
8998,2024-09-16 00:00:00,58239-INV,B,12321,9756.92,2564.08,0,NULL,NULL,NULL,NULL,NULL,NULL
8999,2024-08-13 00:00:00,INV58144,B,323.19,323.19,0,0,NULL,NULL,NULL,NULL,NULL,NULL
9001,2024-08-09 00:00:00,INV58102,B,211,211,0,0,NULL,NULL,NULL,NULL,NULL,NULL
9002,2024-09-17 00:00:00,58381,B,11292,9410,1882,0,NULL,NULL,NULL,NULL,NULL,NULL
9003,2024-09-17 00:00:00,58404,B,1400,1358,42,0,NULL,NULL,NULL,NULL,NULL,NULL
9004,2024-09-17 00:00:00,58416,B,4140,3621.08,518.92,0,NULL,NULL,NULL,NULL,NULL,NULL
9005,2024-09-17 00:00:00,58399,B,1272,1102.4,169.6,67.84,NULL,NULL,NULL,NULL,NULL,NULL
9006,2024-09-17 00:00:00,58342,B,1280,1000,280,112,NULL,NULL,NULL,NULL,NULL,NULL
9007,2024-03-15 00:00:00,57474,B,0,695,-695,0,NULL,NULL,NULL,NULL,NULL,NULL
9008,2024-09-18 00:00:00,58158,B,1268,1185,83,33.2,NULL,NULL,NULL,NULL,NULL,NULL
9009,2024-09-18 00:00:00,58363,B,3639.04,2278.36,1360.68,0,NULL,NULL,NULL,NULL,NULL,NULL
9010,2024-09-18 00:00:00,58361,B,2209.2,1637.76,571.44,0,NULL,NULL,NULL,NULL,NULL,NULL
9011,2024-09-19 00:00:00,58164,B,11241.6,9368,1873.6,0,NULL,NULL,NULL,NULL,NULL,NULL
9012,2024-09-20 00:00:00,58401,B,10014.94,8474.18,1540.76,0,NULL,NULL,NULL,NULL,NULL,NULL
9013,2024-09-20 00:00:00,58291,B,6815,5770,1045,0,NULL,NULL,NULL,NULL,NULL,NULL
9014,2024-09-20 00:00:00,INV58102,A,211,0,211,0,2076,S,211,0,NULL,NULL
9015,2024-08-20 00:00:00,58236,B,3052,1744,1308,0,NULL,NULL,NULL,NULL,NULL,NULL
9016,2024-08-26 00:00:00,58251,B,3408.8,2130.5,1278.3,0,NULL,NULL,NULL,NULL,NULL,NULL
9017,2024-08-26 00:00:00,58252,B,3324,2077.5,1246.5,0,NULL,NULL,NULL,NULL,NULL,NULL
9018,2024-08-26 00:00:00,58250,B,3360,2100,1260,0,NULL,NULL,NULL,NULL,NULL,NULL
9019,2024-08-27 00:00:00,58254,B,3380.8,2113,1267.8,0,NULL,NULL,NULL,NULL,NULL,NULL
9020,2024-09-20 00:00:00,58323,B,1575.6,1201.1,374.5,0,NULL,NULL,NULL,NULL,NULL,NULL
9021,2024-08-19 00:00:00,INV58266,B,612.08,612.08,0,0,NULL,NULL,NULL,NULL,NULL,NULL
9022,2024-08-20 00:00:00,INV58267,B,388.61,388.61,0,0,NULL,NULL,NULL,NULL,NULL,NULL
9023,2024-08-21 00:00:00,INV58268,B,555.95,555.95,0,0,NULL,NULL,NULL,NULL,NULL,NULL
9024,2024-08-22 00:00:00,INV58269,B,378.4,378.4,0,0,NULL,NULL,NULL,NULL,NULL,NULL
9025,2024-08-26 00:00:00,INV58271,B,441.67,441.67,0,0,NULL,NULL,NULL,NULL,NULL,NULL
9026,2024-08-27 00:00:00,INV58272,B,934.6,934.6,0,0,NULL,NULL,NULL,NULL,NULL,NULL
9027,2024-02-29 00:00:00,57306,B,-1604.48,1053.36,-2657.84,0,NULL,NULL,NULL,NULL,NULL,NULL
9028,2024-08-16 00:00:00,58261,B,5733,5122,611,0,NULL,NULL,NULL,NULL,NULL,NULL
9030,2024-09-27 00:00:00,INV58095,B,-100,-100,0,0,NULL,NULL,NULL,NULL,NULL,NULL
9031,2024-09-27 00:00:00,INV58095,A,-100,0,-100,0,2324,S,-100,0,NULL,NULL
9032,2024-09-27 00:00:00,57330INV,A,192.5,0,192.5,0,2324,S,192.5,0,NULL,NULL
9033,2024-09-27 00:00:00,58348,B,1213.56,657.39,556.17,83.426,NULL,NULL,NULL,NULL,NULL,NULL
9034,2024-09-27 00:00:00,58349,B,1196.76,653.19,543.57,81.536,NULL,NULL,NULL,NULL,NULL,NULL
9035,2024-09-27 00:00:00,58353,B,4515.2,2526.2,1989,298.35,NULL,NULL,NULL,NULL,NULL,NULL
9036,2024-09-27 00:00:00,58461,B,10521.53,9447.9,1073.63,0,NULL,NULL,NULL,NULL,NULL,NULL
9037,2024-09-27 00:00:00,58384,B,1608.84,1153.49,455.35,0,NULL,NULL,NULL,NULL,NULL,NULL
9038,2024-09-27 00:00:00,58415,B,13128.5,12753.4,375.1,0,NULL,NULL,NULL,NULL,NULL,NULL
9039,2024-09-27 00:00:00,58406,B,12780.3,10101.2,2679.1,1071.64,NULL,NULL,NULL,NULL,NULL,NULL
9040,2024-09-27 00:00:00,58397,B,15609.44,15131.6,477.84,0,NULL,NULL,NULL,NULL,NULL,NULL
9041,2024-09-27 00:00:00,58444,B,5411.2,4005.6,1405.6,562.24,NULL,NULL,NULL,NULL,NULL,NULL
9042,2024-09-27 00:00:00,58352,B,1174,865,309,123.6,NULL,NULL,NULL,NULL,NULL,NULL
9043,2024-09-27 00:00:00,58378,B,1294,935,359,143.6,NULL,NULL,NULL,NULL,NULL,NULL
9044,2024-09-27 00:00:00,58405,B,211.2,-141.6,352.8,0,NULL,NULL,NULL,NULL,NULL,NULL
9045,2024-09-27 00:00:00,58364,B,3768.8,2262.5,1506.3,0,NULL,NULL,NULL,NULL,NULL,NULL
9046,2024-09-27 00:00:00,58388,B,1098,1075,23,9.2,NULL,NULL,NULL,NULL,NULL,NULL
9047,2024-09-30 00:00:00,58343,B,1256,1000,256,102.4,NULL,NULL,NULL,NULL,NULL,NULL
9048,2024-09-30 00:00:00,58379,B,10727.2,7329.6,3397.6,1359.04,NULL,NULL,NULL,NULL,NULL,NULL
9049,2024-09-30 00:00:00,58318,B,2358.72,1965.6,393.12,58.968,NULL,NULL,NULL,NULL,NULL,NULL
9050,2024-09-27 00:00:00,58307,B,1291,1291,0,0,NULL,NULL,NULL,NULL,NULL,NULL
9051,2024-09-26 00:00:00,58306,B,1339,1339,0,0,NULL,NULL,NULL,NULL,NULL,NULL
9052,2024-09-19 00:00:00,58305,B,1105,1105,0,0,NULL,NULL,NULL,NULL,NULL,NULL
9053,2024-10-01 00:00:00,58458,B,1700,1010,690,0,NULL,NULL,NULL,NULL,NULL,NULL
9054,2024-10-01 00:00:00,58398,B,10422,9779.8,642.2,0,NULL,NULL,NULL,NULL,NULL,NULL
9055,2024-10-01 00:00:00,58470,B,5998.5,4665.5,1333,0,NULL,NULL,NULL,NULL,NULL,NULL
9056,2024-10-01 00:00:00,58336,B,7711.7,5090.09,2621.61,0,NULL,NULL,NULL,NULL,NULL,NULL
9057,2024-10-01 00:00:00,58319,B,1367.46,1139.55,227.91,34.187,NULL,NULL,NULL,NULL,NULL,NULL
9058,2024-10-02 00:00:00,57700,A,0,-35.04,35.04,0,2493,P,-35.04,111910,NULL,NULL
9059,2024-10-02 00:00:00,57747,A,0,-41.72,41.72,0,2493,P,-41.72,111912,NULL,NULL
9060,2024-10-02 00:00:00,58459,B,498,402.55,95.45,0,NULL,NULL,NULL,NULL,NULL,NULL
9061,2024-10-02 00:00:00,58442,B,9181.7,7695.25,1486.45,222.968,NULL,NULL,NULL,NULL,NULL,NULL
9062,2024-10-02 00:00:00,58432,B,1232,1075,157,62.8,NULL,NULL,NULL,NULL,NULL,NULL
9063,2024-10-02 00:00:00,58418,B,4957.04,3751.08,1205.96,0,NULL,NULL,NULL,NULL,NULL,NULL
9064,2024-10-02 00:00:00,58453,B,809.6,400,409.6,0,NULL,NULL,NULL,NULL,NULL,NULL
9065,2024-09-13 00:00:00,INV58342,B,200,200,0,0,NULL,NULL,NULL,NULL,NULL,NULL
9066,2024-09-17 00:00:00,INV58343,B,200,200,0,0,NULL,NULL,NULL,NULL,NULL,NULL
9067,2024-09-17 00:00:00,58304,B,1141,1141,0,0,NULL,NULL,NULL,NULL,NULL,NULL
9068,2024-10-03 00:00:00,58429,B,4140,3608.92,531.08,0,NULL,NULL,NULL,NULL,NULL,NULL
9069,2024-10-03 00:00:00,58505,B,4140,3583.95,556.05,0,NULL,NULL,NULL,NULL,NULL,NULL
9070,2024-10-02 00:00:00,58308,B,1204,1204,0,0,NULL,NULL,NULL,NULL,NULL,NULL
9071,2024-10-03 00:00:00,58509,B,1102,1102,0,0,NULL,NULL,NULL,NULL,NULL,NULL
9072,2024-08-21 00:00:00,INV58199,B,2194,2194,0,0,NULL,NULL,NULL,NULL,NULL,NULL
9073,2024-10-07 00:00:00,58385,B,2450,1750,700,0,NULL,NULL,NULL,NULL,NULL,NULL
9074,2024-10-04 00:00:00,58510,B,1177,1177,0,0,NULL,NULL,NULL,NULL,NULL,NULL
9075,2024-02-16 00:00:00,INV57306,B,3138.36,3138.36,0,0,NULL,NULL,NULL,NULL,NULL,NULL
9076,2024-08-05 00:00:00,INV58043,B,2128,2128,0,0,NULL,NULL,NULL,NULL,NULL,NULL
9077,2024-08-26 00:00:00,INV58231,B,150,150,0,0,NULL,NULL,NULL,NULL,NULL,NULL
9078,2024-09-16 00:00:00,INV58405,B,591.6,591.6,0,0,NULL,NULL,NULL,NULL,NULL,NULL
9079,2024-09-13 00:00:00,INV58399,B,197.6,197.6,0,0,NULL,NULL,NULL,NULL,NULL,NULL
9080,2024-08-15 00:00:00,INV58155,B,14.49,14.49,0,0,NULL,NULL,NULL,NULL,NULL,NULL
9081,2024-10-08 00:00:00,58011,B,8471.38,7716.5,754.88,0,NULL,NULL,NULL,NULL,NULL,NULL
9082,2024-10-08 00:00:00,58407,B,12441,10367.5,2073.5,0,NULL,NULL,NULL,NULL,NULL,NULL
9083,2024-10-08 00:00:00,58474,B,2100,1500,600,0,NULL,NULL,NULL,NULL,NULL,NULL
9084,2024-10-08 00:00:00,58533,B,3910,3446.05,463.95,0,NULL,NULL,NULL,NULL,NULL,NULL
9085,2024-10-08 00:00:00,58445,B,14308.35,14096.74,211.61,0,NULL,NULL,NULL,NULL,NULL,NULL
9086,2024-10-08 00:00:00,58409,B,9471.4,7463.8,2007.6,0,NULL,NULL,NULL,NULL,NULL,NULL
9087,2024-10-08 00:00:00,58431,B,1800.5,1315.75,484.75,0,NULL,NULL,NULL,NULL,NULL,NULL
9088,2024-10-08 00:00:00,58412,B,3240,1785,1455,0,NULL,NULL,NULL,NULL,NULL,NULL
9089,2024-10-08 00:00:00,58477,B,562,-170,732,0,NULL,NULL,NULL,NULL,NULL,NULL
9090,2024-10-08 00:00:00,58478,B,532,-170,702,0,NULL,NULL,NULL,NULL,NULL,NULL
9091,2024-10-08 00:00:00,58448,B,5346,3366.6,1979.4,0,NULL,NULL,NULL,NULL,NULL,NULL
9092,2024-10-08 00:00:00,58275,B,-3073.05,-3023.05,-50,-7.5,NULL,NULL,NULL,NULL,NULL,NULL
9093,2024-10-08 00:00:00,58276,B,-3033.45,-3033.45,0,0,NULL,NULL,NULL,NULL,NULL,NULL
9094,2024-10-08 00:00:00,58472,B,1696.97,1125,571.97,0,NULL,NULL,NULL,NULL,NULL,NULL
9095,2024-10-08 00:00:00,58078,B,0,0,0,0,NULL,NULL,NULL,NULL,NULL,NULL
9096,2024-10-08 00:00:00,58321,B,1169.1,974.25,194.85,29.228,NULL,NULL,NULL,NULL,NULL,NULL
9097,2024-10-08 00:00:00,58393,B,2558.4,1214,1344.4,0,NULL,NULL,NULL,NULL,NULL,NULL
9098,2024-10-09 00:00:00,58535,B,4140,3603.13,536.87,0,NULL,NULL,NULL,NULL,NULL,NULL
9102,2024-08-20 00:00:00,58278,B,2717.2,2717.2,0,0,NULL,NULL,NULL,NULL,NULL,NULL
9103,2024-08-20 00:00:00,58279,B,2912.2,2912.2,0,0,NULL,NULL,NULL,NULL,NULL,NULL
9104,2024-09-18 00:00:00,58427,B,8712.02,8712.02,0,0,NULL,NULL,NULL,NULL,NULL,NULL
9105,2024-10-15 00:00:00,58460,B,1150,905,245,0,NULL,NULL,NULL,NULL,NULL,NULL
9106,2024-10-15 00:00:00,58457,B,2462.9,1713.87,749.03,0,NULL,NULL,NULL,NULL,NULL,NULL
9107,2024-10-15 00:00:00,58456,B,1223.9,1146.95,76.95,0,NULL,NULL,NULL,NULL,NULL,NULL
9108,2024-10-15 00:00:00,58497,B,4761,1947.1,2813.9,1125.56,NULL,NULL,NULL,NULL,NULL,NULL
9109,2024-10-15 00:00:00,58467,B,5216,2504,2712,406.8,NULL,NULL,NULL,NULL,NULL,NULL
9110,2024-10-15 00:00:00,58430,B,6314,3833.5,2480.5,0,NULL,NULL,NULL,NULL,NULL,NULL
9111,2024-10-15 00:00:00,58443,B,6264,5599.8,664.2,0,NULL,NULL,NULL,NULL,NULL,NULL
9112,2024-10-15 00:00:00,58386,B,2808.64,1755.4,1053.24,0,NULL,NULL,NULL,NULL,NULL,NULL
9114,2024-10-15 00:00:00,58451,B,1234,900,334,133.6,NULL,NULL,NULL,NULL,NULL,NULL
9115,2024-10-15 00:00:00,58550,B,5463.52,3731.76,1731.76,692.704,NULL,NULL,NULL,NULL,NULL,NULL
9116,2024-10-15 00:00:00,58382,B,444.6,0,444.6,0,NULL,NULL,NULL,NULL,NULL,NULL
9117,2024-10-15 00:00:00,58389,B,502.2,0,502.2,0,NULL,NULL,NULL,NULL,NULL,NULL
9118,2024-10-15 00:00:00,58464,B,423.6,0,423.6,0,NULL,NULL,NULL,NULL,NULL,NULL
9119,2024-10-15 00:00:00,58465,B,334.5,0,334.5,0,NULL,NULL,NULL,NULL,NULL,NULL
9120,2024-10-15 00:00:00,58506,B,8074,7090.5,983.5,393.4,NULL,NULL,NULL,NULL,NULL,NULL
9121,2024-10-15 00:00:00,58484,B,1264.8,670.2,594.6,89.19,NULL,NULL,NULL,NULL,NULL,NULL
9122,2024-10-15 00:00:00,58502,B,13412,9548.6,3863.4,0,NULL,NULL,NULL,NULL,NULL,NULL
9124,2024-10-15 00:00:00,58394,B,-380.5,-1195,814.5,0,NULL,NULL,NULL,NULL,NULL,NULL
9127,2024-09-27 00:00:00,58395,B,-292,-1195,903,0,NULL,NULL,NULL,NULL,NULL,NULL
9128,2024-10-15 00:00:00,58265,A,-1322.3,0,-1322.3,0,2137,S,-1322.3,0,NULL,NULL
9130,2024-10-09 00:00:00,58521,B,305.05,305.05,0,0,NULL,NULL,NULL,NULL,NULL,NULL
9134,2024-09-17 00:00:00,58425,B,10728.96,10728.96,0,0,NULL,NULL,NULL,NULL,NULL,NULL
9136,2024-10-15 00:00:00,58499,B,13269.9,3500,9769.9,0,NULL,NULL,NULL,NULL,NULL,NULL
9137,2024-10-17 00:00:00,58584,B,1612,1128.4,483.6,0,NULL,NULL,NULL,NULL,NULL,NULL
9138,2024-10-17 00:00:00,58528,B,7463,6146,1317,0,NULL,NULL,NULL,NULL,NULL,NULL
9139,2024-10-17 00:00:00,58524,B,8867.25,6762.24,2105.01,0,NULL,NULL,NULL,NULL,NULL,NULL
9140,2024-10-17 00:00:00,58469,B,5752.3,4624.4,1127.9,0,NULL,NULL,NULL,NULL,NULL,NULL
9141,2024-10-17 00:00:00,58462,B,9953.62,8937.94,1015.68,0,NULL,NULL,NULL,NULL,NULL,NULL
9142,2024-10-17 00:00:00,58488,B,4180.25,3793.16,387.09,0,NULL,NULL,NULL,NULL,NULL,NULL
9143,2024-10-17 00:00:00,58492,B,14335.3,13925.72,409.58,0,NULL,NULL,NULL,NULL,NULL,NULL
9144,2024-10-17 00:00:00,58493,B,14333.55,13924.02,409.53,0,NULL,NULL,NULL,NULL,NULL,NULL
9145,2024-10-17 00:00:00,58548,B,8927.6,8210.2,717.4,0,NULL,NULL,NULL,NULL,NULL,NULL
9146,2024-10-17 00:00:00,58549,B,10244.15,8116.32,2127.83,0,NULL,NULL,NULL,NULL,NULL,NULL
9147,2024-10-17 00:00:00,58347,B,5818.4,3988.1,1830.3,0,NULL,NULL,NULL,NULL,NULL,NULL
9148,2024-10-17 00:00:00,58463,B,-200,-650,450,0,NULL,NULL,NULL,NULL,NULL,NULL
9149,2024-10-17 00:00:00,58501,B,923.05,642,281.05,0,NULL,NULL,NULL,NULL,NULL,NULL
9150,2024-10-17 00:00:00,58483,B,1291.32,831.6,459.72,68.958,NULL,NULL,NULL,NULL,NULL,NULL
9151,2024-10-17 00:00:00,58471,B,1648.8,687,961.8,0,NULL,NULL,NULL,NULL,NULL,NULL
9152,2024-10-17 00:00:00,58500,B,12355.2,3350,9005.2,0,NULL,NULL,NULL,NULL,NULL,NULL
9153,2024-10-18 00:00:00,58498,B,1096,894.2,201.8,0,NULL,NULL,NULL,NULL,NULL,NULL
9155,2024-10-18 00:00:00,58466,B,2128.2,900,1228.2,491.28,NULL,NULL,NULL,NULL,NULL,NULL
9156,2024-10-18 00:00:00,58520,B,2511,884.5,1626.5,650.6,NULL,NULL,NULL,NULL,NULL,NULL
9157,2024-10-18 00:00:00,58479,B,552.64,387.98,164.66,0,NULL,NULL,NULL,NULL,NULL,NULL
9158,2024-10-21 00:00:00,58408,B,11256,9380,1876,0,NULL,NULL,NULL,NULL,NULL,NULL
9159,2024-10-21 00:00:00,58547,B,3998,3282,716,0,NULL,NULL,NULL,NULL,NULL,NULL
9160,2024-07-03 00:00:00,57971,B,0,0,0,0,NULL,NULL,NULL,NULL,NULL,NULL
9161,2024-10-21 00:00:00,58410,B,8707.8,7157.6,1550.2,0,NULL,NULL,NULL,NULL,NULL,NULL
9162,2024-10-15 00:00:00,58475,B,3379.86,2925.2,454.66,0,NULL,NULL,NULL,NULL,NULL,NULL
9163,2024-10-18 00:00:00,58546,B,3619,3080.91,538.09,0,NULL,NULL,NULL,NULL,NULL,NULL
9164,2024-08-02 00:00:00,58094,B,0,-550,550,0,NULL,NULL,NULL,NULL,NULL,NULL
9165,2024-10-24 00:00:00,57971INV,B,1100,1100,0,0,NULL,NULL,NULL,NULL,NULL,NULL
9166,2024-10-24 00:00:00,58613,B,1068,863.3,204.7,81.88,NULL,NULL,NULL,NULL,NULL,NULL
9167,2024-10-24 00:00:00,58537,B,1274,615,659,98.85,NULL,NULL,NULL,NULL,NULL,NULL
9168,2024-10-24 00:00:00,58551,B,9461.1,8454.6,1006.5,150.975,NULL,NULL,NULL,NULL,NULL,NULL
9169,2024-10-24 00:00:00,58538,B,1206.72,655.68,551.04,82.656,NULL,NULL,NULL,NULL,NULL,NULL
9170,2024-10-24 00:00:00,58539,B,1327.2,685.8,641.4,96.21,NULL,NULL,NULL,NULL,NULL,NULL
9171,2024-10-24 00:00:00,58585,B,8636.25,6580,2056.25,0,NULL,NULL,NULL,NULL,NULL,NULL
9172,2024-10-24 00:00:00,58586,B,8523.27,6493.92,2029.35,0,NULL,NULL,NULL,NULL,NULL,NULL
9173,2024-10-24 00:00:00,58587,B,8851.29,6743.84,2107.45,0,NULL,NULL,NULL,NULL,NULL,NULL
9174,2024-10-24 00:00:00,58588,B,8908.2,6787.2,2121,0,NULL,NULL,NULL,NULL,NULL,NULL
9175,2024-10-24 00:00:00,58487,B,9787.2,8530,1257.2,502.88,NULL,NULL,NULL,NULL,NULL,NULL
9176,2024-10-24 00:00:00,58567,B,1228,1075,153,61.2,NULL,NULL,NULL,NULL,NULL,NULL
9177,2024-10-24 00:00:00,58452,B,1298,900,398,159.2,NULL,NULL,NULL,NULL,NULL,NULL
9178,2024-10-24 00:00:00,58564,B,11188.8,7119,4069.8,1627.92,NULL,NULL,NULL,NULL,NULL,NULL
9179,2024-10-24 00:00:00,58566,B,1070.88,625,445.88,66.882,NULL,NULL,NULL,NULL,NULL,NULL
9180,2024-10-24 00:00:00,58608,B,6096,5160.8,935.2,0,NULL,NULL,NULL,NULL,NULL,NULL
9182,2024-10-24 00:00:00,58508,B,1600.96,1385.24,215.72,0,NULL,NULL,NULL,NULL,NULL,NULL
9183,2024-10-24 00:00:00,58578,B,1185.5,-570.5,1756,0,NULL,NULL,NULL,NULL,NULL,NULL
9185,2024-10-09 00:00:00,58511,B,1234,1234,0,0,NULL,NULL,NULL,NULL,NULL,NULL
9186,2024-10-10 00:00:00,58512,B,1216,1216,0,0,NULL,NULL,NULL,NULL,NULL,NULL
9187,2024-10-15 00:00:00,58513,B,1282,1282,0,0,NULL,NULL,NULL,NULL,NULL,NULL
9188,2024-10-23 00:00:00,58514,B,1174,1174,0,0,NULL,NULL,NULL,NULL,NULL,NULL
9190,2024-10-25 00:00:00,58425-INV,B,12394.55,12003.19,391.36,0,NULL,NULL,NULL,NULL,NULL,NULL
9191,2024-10-25 00:00:00,58606,B,4140,3586.97,553.03,0,NULL,NULL,NULL,NULL,NULL,NULL
9192,2024-10-25 00:00:00,58607,B,4140,3555.04,584.96,0,NULL,NULL,NULL,NULL,NULL,NULL
9193,2024-10-25 00:00:00,58534,B,425,380.31,44.69,0,NULL,NULL,NULL,NULL,NULL,NULL
9194,2024-09-19 00:00:00,INV58394,B,1400,1400,0,0,NULL,NULL,NULL,NULL,NULL,NULL
9195,2024-09-24 00:00:00,INV58395,B,1400,1400,0,0,NULL,NULL,NULL,NULL,NULL,NULL
9196,2024-09-27 00:00:00,INV58396,B,1400,1400,0,0,NULL,NULL,NULL,NULL,NULL,NULL
9197,2024-09-27 00:00:00,INV58477,B,850,850,0,0,NULL,NULL,NULL,NULL,NULL,NULL
9198,2024-09-30 00:00:00,INV58463,B,650,650,0,0,NULL,NULL,NULL,NULL,NULL,NULL
9199,2024-10-03 00:00:00,INV58478,B,850,850,0,0,NULL,NULL,NULL,NULL,NULL,NULL
9200,2024-10-29 00:00:00,57917,B,0,0,0,0,NULL,NULL,NULL,NULL,NULL,NULL
9201,2024-10-29 00:00:00,58597,B,771.83,562.47,209.36,0,NULL,NULL,NULL,NULL,NULL,NULL
9202,2024-10-29 00:00:00,58630,B,904.8,400,504.8,0,NULL,NULL,NULL,NULL,NULL,NULL
9203,2024-10-30 00:00:00,58604,B,8356.6,7053.86,1302.74,0,NULL,NULL,NULL,NULL,NULL,NULL
9204,2024-10-09 00:00:00,INV58451,B,200,200,0,0,NULL,NULL,NULL,NULL,NULL,NULL
9205,2024-10-21 00:00:00,INV58452,B,200,200,0,0,NULL,NULL,NULL,NULL,NULL,NULL
9206,2024-10-15 00:00:00,INV58578,B,1185.5,1185.5,0,0,NULL,NULL,NULL,NULL,NULL,NULL
9207,2024-09-25 00:00:00,INV58275,B,6023.05,6023.05,0,0,NULL,NULL,NULL,NULL,NULL,NULL
9208,2024-09-25 00:00:00,INV58276,B,6933.45,6933.45,0,0,NULL,NULL,NULL,NULL,NULL,NULL
9209,2024-10-31 00:00:00,58542,B,12784,10528,2256,0,NULL,NULL,NULL,NULL,NULL,NULL
9210,2024-10-31 00:00:00,58570,B,4083.1,2833.24,1249.86,0,NULL,NULL,NULL,NULL,NULL,NULL
9211,2024-10-31 00:00:00,58612,B,7596,4220,3376,1350.4,NULL,NULL,NULL,NULL,NULL,NULL
9212,2024-10-31 00:00:00,58626,B,1166.4,831.6,334.8,50.22,NULL,NULL,NULL,NULL,NULL,NULL
9213,2024-10-31 00:00:00,58589,B,8832.18,6729.28,2102.9,0,NULL,NULL,NULL,NULL,NULL,NULL
9214,2024-10-31 00:00:00,58590,B,8843.1,6737.6,2105.5,0,NULL,NULL,NULL,NULL,NULL,NULL
9215,2024-10-31 00:00:00,58615,B,14793.1,14350.72,442.38,0,NULL,NULL,NULL,NULL,NULL,NULL
9216,2024-10-31 00:00:00,58619,B,7946.4,7133.7,812.7,0,NULL,NULL,NULL,NULL,NULL,NULL
9217,2024-10-31 00:00:00,58581,B,7228.9,4732.24,2496.66,0,NULL,NULL,NULL,NULL,NULL,NULL
9218,2024-10-31 00:00:00,58631,B,1126,1000,126,50.4,NULL,NULL,NULL,NULL,NULL,NULL
9219,2024-10-31 00:00:00,58572,B,0,-595,595,0,NULL,NULL,NULL,NULL,NULL,NULL
9220,2024-10-31 00:00:00,58573,B,0,-495,495,0,NULL,NULL,NULL,NULL,NULL,NULL
9221,2024-10-31 00:00:00,58574,B,0,-495,495,0,NULL,NULL,NULL,NULL,NULL,NULL
9222,2024-10-31 00:00:00,58575,B,0,-495,495,0,NULL,NULL,NULL,NULL,NULL,NULL
9223,2024-10-31 00:00:00,58576,B,0,-495,495,0,NULL,NULL,NULL,NULL,NULL,NULL
9224,2024-10-31 00:00:00,58577,B,0,-495,495,0,NULL,NULL,NULL,NULL,NULL,NULL
9225,2024-06-19 00:00:00,57944,A,0,-5782.35,5782.35,0,2176,P,-5782.35,112993,NULL,NULL
9226,2024-11-01 00:00:00,58347,A,-1.4,0,-1.4,0,1199,S,-1.4,0,NULL,NULL
9227,2024-11-01 00:00:00,58427-INV,B,11557.5,8712.02,2845.48,0,NULL,NULL,NULL,NULL,NULL,NULL
9228,2024-11-01 00:00:00,58611,B,2692.5,2369.4,323.1,0,NULL,NULL,NULL,NULL,NULL,NULL
9229,2024-11-01 00:00:00,58629,B,1278,900,378,151.2,NULL,NULL,NULL,NULL,NULL,NULL
9230,2024-11-01 00:00:00,58614,B,5882.8,4656.8,1226,0,NULL,NULL,NULL,NULL,NULL,NULL
9231,2024-11-01 00:00:00,58507,B,7126,4304,2822,0,NULL,NULL,NULL,NULL,NULL,NULL
9232,2024-08-20 00:00:00,58278/79,B,88.2,88.2,0,0,NULL,NULL,NULL,NULL,NULL,NULL
9233,2024-07-31 00:00:00,58042,B,12162.4,8281.2,3881.2,0,NULL,NULL,NULL,NULL,NULL,NULL
9234,2024-11-05 00:00:00,58042,A,-507.4,0,-507.4,0,1299,S,-507.4,0,NULL,NULL
9236,2024-11-05 00:00:00,58647,B,2360,1822.5,537.5,0,NULL,NULL,NULL,NULL,NULL,NULL
9237,2024-11-05 00:00:00,58628,B,6095,4545,1550,0,NULL,NULL,NULL,NULL,NULL,NULL
9238,2024-11-05 00:00:00,58616,B,14667.8,14472.44,195.36,0,NULL,NULL,NULL,NULL,NULL,NULL
9239,2024-11-05 00:00:00,58617,B,9100.96,8103.88,997.08,0,NULL,NULL,NULL,NULL,NULL,NULL
9241,2024-10-29 00:00:00,INV58577,B,950,950,0,0,NULL,NULL,NULL,NULL,NULL,NULL
9242,2024-10-28 00:00:00,INV58576,B,950,950,0,0,NULL,NULL,NULL,NULL,NULL,NULL
9243,2024-10-22 00:00:00,INV58572,B,950,950,0,0,NULL,NULL,NULL,NULL,NULL,NULL
9244,2024-11-06 00:00:00,58390,B,4291,2138.12,2152.88,0,NULL,NULL,NULL,NULL,NULL,NULL
9246,2024-11-07 00:00:00,58656,B,2906.4,1789.9,1116.5,0,NULL,NULL,NULL,NULL,NULL,NULL
9247,2024-11-07 00:00:00,58592,B,8858.43,6749.28,2109.15,0,NULL,NULL,NULL,NULL,NULL,NULL
9248,2024-11-07 00:00:00,58593,B,8899.59,6780.64,2118.95,0,NULL,NULL,NULL,NULL,NULL,NULL
9249,2024-11-07 00:00:00,58594,B,8840.79,6735.84,2104.95,0,NULL,NULL,NULL,NULL,NULL,NULL
9250,2024-11-07 00:00:00,58595,B,8845.83,6739.68,2106.15,0,NULL,NULL,NULL,NULL,NULL,NULL
9251,2024-11-07 00:00:00,58633,B,8402.8,6602.67,1800.13,0,NULL,NULL,NULL,NULL,NULL,NULL
9252,2024-11-08 00:00:00,58649,B,675,695,-20,0,NULL,NULL,NULL,NULL,NULL,NULL
9254,2024-11-08 00:00:00,58638,B,14271.25,13863.5,407.75,0,NULL,NULL,NULL,NULL,NULL,NULL
9255,2024-11-11 00:00:00,58635,B,0,0,0,0,NULL,NULL,NULL,NULL,NULL,NULL
9256,2024-11-12 00:00:00,58591,B,8829.45,6727.2,2102.25,0,NULL,NULL,NULL,NULL,NULL,NULL
9257,2024-11-12 00:00:00,58596,B,8837.64,6733.44,2104.2,0,NULL,NULL,NULL,NULL,NULL,NULL
9258,2024-11-12 00:00:00,58664,B,8800.68,6705.28,2095.4,0,NULL,NULL,NULL,NULL,NULL,NULL
9259,2024-11-12 00:00:00,58681,B,1692.72,846.36,846.36,0,NULL,NULL,NULL,NULL,NULL,NULL
9260,2024-11-07 00:00:00,58525,B,303.24,276.17,27.07,0,NULL,NULL,NULL,NULL,NULL,NULL
9261,2024-11-13 00:00:00,58622,B,300,225,75,0,NULL,NULL,NULL,NULL,NULL,NULL
9262,2024-09-19 00:00:00,58415,A,0,758.2,-758.2,0,1630,P,758.2,112302,NULL,NULL
9263,2024-11-13 00:00:00,58415,A,780.5,0,780.5,0,2436,S,780.5,0,NULL,NULL
9266,2024-10-15 00:00:00,58583,B,9541.63,9541.63,0,0,NULL,NULL,NULL,NULL,NULL,NULL
9267,2024-10-10 00:00:00,58522,B,454.08,454.08,0,0,NULL,NULL,NULL,NULL,NULL,NULL
9269,2024-11-13 00:00:00,58583A,B,12127.8,9558.43,2569.37,0,NULL,NULL,NULL,NULL,NULL,NULL
9270,2024-11-13 00:00:00,58652,B,802,0,802,0,NULL,NULL,NULL,NULL,NULL,NULL
9271,2024-11-13 00:00:00,58627,B,4922.4,2988.6,1933.8,0,NULL,NULL,NULL,NULL,NULL,NULL
9272,2024-11-14 00:00:00,58132,A,-0.62,0,-0.62,0,2035,S,-0.62,0,NULL,NULL
9274,2024-11-14 00:00:00,58688,B,1471.6,618.95,852.65,127.898,NULL,NULL,NULL,NULL,NULL,NULL
9275,2024-11-14 00:00:00,58650,B,404,467.97,-63.97,0,NULL,NULL,NULL,NULL,NULL,NULL
9277,2024-11-14 00:00:00,58700,B,1120,990,130,52,NULL,NULL,NULL,NULL,NULL,NULL
9278,2024-11-14 00:00:00,58552,B,10211.22,9124.92,1086.3,162.945,NULL,NULL,NULL,NULL,NULL,NULL
9279,2024-11-14 00:00:00,58655,B,1120.57,706.61,413.96,62.094,NULL,NULL,NULL,NULL,NULL,NULL
9280,2024-11-14 00:00:00,58666,B,8958.39,6825.44,2132.95,0,NULL,NULL,NULL,NULL,NULL,NULL
9281,2024-11-14 00:00:00,58411,B,1101.2,868.1,233.1,0,NULL,NULL,NULL,NULL,NULL,NULL
9282,2024-11-14 00:00:00,58651,B,5862,4809,1053,0,NULL,NULL,NULL,NULL,NULL,NULL
9283,2024-11-14 00:00:00,58639,B,14605.85,14188.54,417.31,0,NULL,NULL,NULL,NULL,NULL,NULL
9284,2024-11-14 00:00:00,58634,B,11704,9713,1991,796.4,NULL,NULL,NULL,NULL,NULL,NULL
9285,2024-11-14 00:00:00,58605,B,4799.64,5174.76,-375.12,0,NULL,NULL,NULL,NULL,NULL,NULL
9286,2024-11-14 00:00:00,58624,B,2325.75,1794.59,531.16,0,NULL,NULL,NULL,NULL,NULL,NULL
9290,2024-10-22 00:00:00,58618,B,6697.73,6697.73,0,0,NULL,NULL,NULL,NULL,NULL,NULL
9291,2024-11-15 00:00:00,58618INV,B,11308,8473.26,2834.74,425.211,NULL,NULL,NULL,NULL,NULL,NULL
9292,2024-11-15 00:00:00,58686,B,3640,3322.63,317.37,0,NULL,NULL,NULL,NULL,NULL,NULL
9293,2024-11-08 00:00:00,58682,B,6506.32,6506.32,0,0,NULL,NULL,NULL,NULL,NULL,NULL
9294,2024-11-18 00:00:00,58665,B,8947.26,6816.96,2130.3,0,NULL,NULL,NULL,NULL,NULL,NULL
9295,2024-11-12 00:00:00,INV58650,B,227.03,227.03,0,0,NULL,NULL,NULL,NULL,NULL,NULL
9296,2024-11-20 00:00:00,58620,B,2109.39,1619.08,490.31,73.547,NULL,NULL,NULL,NULL,NULL,NULL
9298,2024-11-20 00:00:00,58706,B,2937.6,813.2,2124.4,849.76,NULL,NULL,NULL,NULL,NULL,NULL
9300,2024-11-21 00:00:00,58741,B,0,0,0,0,NULL,NULL,NULL,NULL,NULL,NULL
9301,2024-11-21 00:00:00,58668,B,8997.87,6855.52,2142.35,0,NULL,NULL,NULL,NULL,NULL,NULL
9302,2024-11-21 00:00:00,58689,B,8813.2,7009.6,1803.6,270.54,NULL,NULL,NULL,NULL,NULL,NULL
9303,2024-11-21 00:00:00,58579,B,440.4,0,440.4,0,NULL,NULL,NULL,NULL,NULL,NULL
9305,2024-08-09 00:00:00,58232,B,0,0,0,0,NULL,NULL,NULL,NULL,NULL,NULL
9306,2024-09-03 00:00:00,58316,B,0,0,0,0,NULL,NULL,NULL,NULL,NULL,NULL
9307,2024-11-08 00:00:00,58640,B,0,375,-375,0,NULL,NULL,NULL,NULL,NULL,NULL
9309,2024-11-06 00:00:00,58540,B,3586.2,3586.2,0,0,NULL,NULL,NULL,NULL,NULL,NULL
9310,2024-11-22 00:00:00,58669,B,8826.3,6724.8,2101.5,0,NULL,NULL,NULL,NULL,NULL,NULL
9311,2024-11-22 00:00:00,58621,B,2607,1824.9,782.1,117.315,NULL,NULL,NULL,NULL,NULL,NULL
9312,2024-11-22 00:00:00,58687,B,5943,4742.4,1200.6,480.24,NULL,NULL,NULL,NULL,NULL,NULL
9313,2024-11-22 00:00:00,58691,B,5922,3033.8,2888.2,0,NULL,NULL,NULL,NULL,NULL,NULL
9314,2024-11-22 00:00:00,58728,B,1810.76,1601.04,209.72,0,NULL,NULL,NULL,NULL,NULL,NULL
9315,2024-10-24 00:00:00,58531,B,418.8,210,208.8,0,NULL,NULL,NULL,NULL,NULL,NULL
9316,2024-11-05 00:00:00,58519,B,1440,1105,335,134,NULL,NULL,NULL,NULL,NULL,NULL
9317,2024-10-23 00:00:00,INV58573,B,950,950,0,0,NULL,NULL,NULL,NULL,NULL,NULL
9318,2024-10-24 00:00:00,INV58574,B,950,950,0,0,NULL,NULL,NULL,NULL,NULL,NULL
9319,2024-10-25 00:00:00,INV58575,B,950,950,0,0,NULL,NULL,NULL,NULL,NULL,NULL
9320,2024-11-25 00:00:00,58667,B,8852.55,6744.8,2107.75,0,NULL,NULL,NULL,NULL,NULL,NULL
9321,2024-11-14 00:00:00,58111,B,2947.6,2260.72,686.88,0,NULL,NULL,NULL,NULL,NULL,NULL
9322,2024-11-26 00:00:00,58336,D,-77.12,0,-77.12,0,2463,S,-77.12,NULL,5110,NULL
9323,2024-11-26 00:00:00,58711,B,1684,819,865,346,NULL,NULL,NULL,NULL,NULL,NULL
9324,2024-11-26 00:00:00,58709,B,8430.4,7028,1402.4,560.96,NULL,NULL,NULL,NULL,NULL,NULL
9325,2024-11-26 00:00:00,58697,B,14400.75,13989.3,411.45,0,NULL,NULL,NULL,NULL,NULL,NULL
9326,2024-10-30 00:00:00,INV58629,B,200,200,0,0,NULL,NULL,NULL,NULL,NULL,NULL
9327,2024-09-27 00:00:00,INV58378,B,250,250,0,0,NULL,NULL,NULL,NULL,NULL,NULL
9328,2024-12-02 00:00:00,58749,B,9467.72,8644.44,823.28,0,NULL,NULL,NULL,NULL,NULL,NULL
9329,2024-12-02 00:00:00,58703,B,192.48,0,192.48,28.872,NULL,NULL,NULL,NULL,NULL,NULL
9330,2024-12-02 00:00:00,58752,B,9640.4,8712.6,927.8,139.17,NULL,NULL,NULL,NULL,NULL,NULL
9331,2024-12-02 00:00:00,58693,B,4173,3536.62,636.38,0,NULL,NULL,NULL,NULL,NULL,NULL
9332,2024-12-02 00:00:00,58678,B,457.8,0,457.8,0,NULL,NULL,NULL,NULL,NULL,NULL
9334,2024-10-15 00:00:00,58396,B,0,-1195,1195,0,NULL,NULL,NULL,NULL,NULL,NULL
9335,2024-12-05 00:00:00,58610,B,4001.1,3200.88,800.22,320.088,NULL,NULL,NULL,NULL,NULL,NULL
9336,2024-12-05 00:00:00,58671,B,8804.67,6708.32,2096.35,0,NULL,NULL,NULL,NULL,NULL,NULL
9337,2024-12-05 00:00:00,58702,B,219.13,0,219.13,32.87,NULL,NULL,NULL,NULL,NULL,NULL
9338,2024-12-05 00:00:00,58742,B,0,-595,595,0,NULL,NULL,NULL,NULL,NULL,NULL
9339,2024-12-06 00:00:00,INV58458/59,B,277.45,277.45,0,0,NULL,NULL,NULL,NULL,NULL,NULL
9340,2024-12-06 00:00:00,INV58078,B,2150,2150,0,0,NULL,NULL,NULL,NULL,NULL,NULL
9341,2024-12-06 00:00:00,INV58531,B,250,250,0,0,NULL,NULL,NULL,NULL,NULL,NULL
9342,2024-12-06 00:00:00,INV58352,B,250,250,0,0,NULL,NULL,NULL,NULL,NULL,NULL
9343,2024-11-07 00:00:00,INV58652,B,810,810,0,0,NULL,NULL,NULL,NULL,NULL,NULL
9345,2024-12-06 00:00:00,58625,B,4125,3292.5,832.5,0,NULL,NULL,NULL,NULL,NULL,NULL
9346,2024-12-06 00:00:00,58707,B,12253.08,11035.48,1217.6,0,NULL,NULL,NULL,NULL,NULL,NULL
9347,2024-12-06 00:00:00,58623,B,700,500,200,0,NULL,NULL,NULL,NULL,NULL,NULL
9348,2024-12-06 00:00:00,58758,B,3487.5,2927.5,560,0,NULL,NULL,NULL,NULL,NULL,NULL
9349,2024-12-06 00:00:00,58699,B,752.96,350,402.96,60.444,NULL,NULL,NULL,NULL,NULL,NULL
9350,2024-12-06 00:00:00,58486,B,5853.12,3727.59,2125.53,318.83,NULL,NULL,NULL,NULL,NULL,NULL
9351,2024-12-06 00:00:00,58743,B,0,-595,595,0,NULL,NULL,NULL,NULL,NULL,NULL
9352,2024-12-06 00:00:00,58744,B,0,-595,595,0,NULL,NULL,NULL,NULL,NULL,NULL
9353,2024-12-06 00:00:00,58745,B,0,-595,595,0,NULL,NULL,NULL,NULL,NULL,NULL
9354,2024-12-09 00:00:00,58540A,B,4000,3586.2,413.8,0,NULL,NULL,NULL,NULL,NULL,NULL
9355,2024-11-22 00:00:00,58515,B,1180,1180,0,0,NULL,NULL,NULL,NULL,NULL,NULL
9356,2024-11-26 00:00:00,58516,B,1150,1150,0,0,NULL,NULL,NULL,NULL,NULL,NULL
9357,2024-11-27 00:00:00,58517,B,1174,1174,0,0,NULL,NULL,NULL,NULL,NULL,NULL
9358,2024-11-15 00:00:00,58715,B,561,494.76,66.24,0,NULL,NULL,NULL,NULL,NULL,NULL
9359,2024-12-09 00:00:00,58786,B,3910,3482.19,427.81,0,NULL,NULL,NULL,NULL,NULL,NULL
9360,2024-12-10 00:00:00,58569,B,3870,3072.83,797.17,0,NULL,NULL,NULL,NULL,NULL,NULL
9361,2024-12-10 00:00:00,58710,B,906.1,130,776.1,310.44,NULL,NULL,NULL,NULL,NULL,NULL
9362,2024-12-10 00:00:00,58714,B,1212.2,715.6,496.6,74.49,NULL,NULL,NULL,NULL,NULL,NULL
9363,2024-12-10 00:00:00,58757,B,1231.2,645.6,585.6,87.84,NULL,NULL,NULL,NULL,NULL,NULL
9364,2024-12-11 00:00:00,INV58051,A,-218.09,0,-218.09,0,2441,S,-218.09,0,NULL,NULL
9365,2024-12-10 00:00:00,58781,B,1150,1150,0,0,NULL,NULL,NULL,NULL,NULL,NULL
9366,2024-12-05 00:00:00,58518,B,1171,1171,0,0,NULL,NULL,NULL,NULL,NULL,NULL
9367,2024-12-06 00:00:00,58777,B,1201,1201,0,0,NULL,NULL,NULL,NULL,NULL,NULL
9368,2024-12-12 00:00:00,58785,B,4025,3540.01,484.99,0,NULL,NULL,NULL,NULL,NULL,NULL
9369,2024-12-12 00:00:00,58784,B,4140,3590.83,549.17,0,NULL,NULL,NULL,NULL,NULL,NULL
9370,2024-12-02 00:00:00,INV58742,B,1050,1050,0,0,NULL,NULL,NULL,NULL,NULL,NULL
9371,2024-12-03 00:00:00,INV58743,B,1050,1050,0,0,NULL,NULL,NULL,NULL,NULL,NULL
9372,2024-12-04 00:00:00,INV58744,B,1050,1050,0,0,NULL,NULL,NULL,NULL,NULL,NULL
9373,2024-12-05 00:00:00,INV58745,B,1050,1050,0,0,NULL,NULL,NULL,NULL,NULL,NULL
9376,2024-12-13 00:00:00,58543,B,11480.1,9454.2,2025.9,0,NULL,NULL,NULL,NULL,NULL,NULL
9377,2024-12-13 00:00:00,58694,B,3568.8,2792.2,776.6,310.64,NULL,NULL,NULL,NULL,NULL,NULL
9378,2024-12-13 00:00:00,58582,B,6693,4713.17,1979.83,0,NULL,NULL,NULL,NULL,NULL,NULL
9380,2024-12-13 00:00:00,58746,B,0,-595,595,0,NULL,NULL,NULL,NULL,NULL,NULL
9381,2024-12-13 00:00:00,58765,B,0,-595,595,0,NULL,NULL,NULL,NULL,NULL,NULL
9382,2024-12-13 00:00:00,58766,B,0,-595,595,0,NULL,NULL,NULL,NULL,NULL,NULL
9383,2024-12-13 00:00:00,58767,B,0,-595,595,0,NULL,NULL,NULL,NULL,NULL,NULL
9384,2024-12-13 00:00:00,58731,B,1404,1115,289,115.6,NULL,NULL,NULL,NULL,NULL,NULL
9385,2024-12-13 00:00:00,58753,B,1507.68,1260.59,247.09,98.836,NULL,NULL,NULL,NULL,NULL,NULL
9386,2024-12-17 00:00:00,INV58051,A,-218.08,0,-218.08,0,2441,S,-218.08,0,NULL,NULL
9388,2024-12-20 00:00:00,58760,B,2262.06,1508.04,754.02,0,NULL,NULL,NULL,NULL,NULL,NULL
9389,2024-12-20 00:00:00,58759,B,1796.94,1623.13,173.81,0,NULL,NULL,NULL,NULL,NULL,NULL
9390,2024-12-20 00:00:00,58779,B,1324.35,1260.75,63.6,0,NULL,NULL,NULL,NULL,NULL,NULL
9391,2024-12-20 00:00:00,58815,B,5327,4495.25,831.75,0,NULL,NULL,NULL,NULL,NULL,NULL
9392,2024-12-20 00:00:00,58729,B,1719,1110,609,243.6,NULL,NULL,NULL,NULL,NULL,NULL
9393,2024-12-20 00:00:00,58772,B,1772,1658.8,113.2,16.98,NULL,NULL,NULL,NULL,NULL,NULL
9394,2024-12-20 00:00:00,58773,B,1772.4,1508.96,263.44,39.516,NULL,NULL,NULL,NULL,NULL,NULL
9395,2024-12-20 00:00:00,58768,B,0,-520,520,0,NULL,NULL,NULL,NULL,NULL,NULL
9396,2024-12-20 00:00:00,58811,B,1126.53,750.34,376.19,56.429,NULL,NULL,NULL,NULL,NULL,NULL
9397,2024-12-20 00:00:00,58814,B,1306.64,822.72,483.92,0,NULL,NULL,NULL,NULL,NULL,NULL
9398,2024-12-23 00:00:00,58795,B,8755.11,6670.56,2084.55,0,NULL,NULL,NULL,NULL,NULL,NULL
9399,2024-12-23 00:00:00,58796,B,8802.36,6706.56,2095.8,0,NULL,NULL,NULL,NULL,NULL,NULL
9400,2024-12-23 00:00:00,58797,B,8834.7,6731.2,2103.5,0,NULL,NULL,NULL,NULL,NULL,NULL
9401,2024-12-23 00:00:00,58798,B,8226.75,6268,1958.75,0,NULL,NULL,NULL,NULL,NULL,NULL
9402,2024-07-26 00:00:00,57943,B,8268.86,6153.15,2115.71,197.357,NULL,NULL,NULL,NULL,NULL,NULL
9404,2024-11-22 00:00:00,58568,B,-1960,0,-1960,-294,NULL,NULL,NULL,NULL,NULL,NULL
9406,2024-10-25 00:00:00,58563,B,3501,2970.18,530.82,0,NULL,NULL,NULL,NULL,NULL,NULL
9407,2024-12-06 00:00:00,INV58746,B,1050,1050,0,0,NULL,NULL,NULL,NULL,NULL,NULL
9408,2024-12-26 00:00:00,INV58765,B,1050,1050,0,0,NULL,NULL,NULL,NULL,NULL,NULL
9409,2024-12-30 00:00:00,58831,B,1299.6,866.4,433.2,0,NULL,NULL,NULL,NULL,NULL,NULL
9410,2024-12-30 00:00:00,58698,B,14708.75,14318.42,390.33,0,NULL,NULL,NULL,NULL,NULL,NULL
9411,2024-12-30 00:00:00,58813,B,1044,930,114,45.6,NULL,NULL,NULL,NULL,NULL,NULL
9412,2024-12-30 00:00:00,58732,B,1728.48,580,1148.48,0,NULL,NULL,NULL,NULL,NULL,NULL
9413,2024-12-31 00:00:00,57505,A,-4196.11,0,-4196.11,0,1636,S,-4196.11,0,NULL,NULL
9414,2024-12-31 00:00:00,57640,A,-255.7,0,-255.7,0,1636,S,-255.7,0,NULL,NULL
9415,2024-12-31 00:00:00,58750,B,9430.92,8200.8,1230.12,0,NULL,NULL,NULL,NULL,NULL,NULL
9416,2024-12-31 00:00:00,58735,B,1454.4,725,729.4,0,NULL,NULL,NULL,NULL,NULL,NULL
9417,2024-12-31 00:00:00,56301INV,A,-369.57,0,-369.57,0,2369,S,-369.57,0,NULL,NULL
9418,2024-12-31 00:00:00,INV58613,B,106.7,106.7,0,0,NULL,NULL,NULL,NULL,NULL,NULL
9419,2024-11-22 00:00:00,INV58710,B,250,250,0,0,NULL,NULL,NULL,NULL,NULL,NULL
9423,2025-01-06 00:00:00,58832,B,1384.2,922.8,461.4,0,NULL,NULL,NULL,NULL,NULL,NULL
9424,2025-01-06 00:00:00,58865,B,1445.4,963.6,481.8,0,NULL,NULL,NULL,NULL,NULL,NULL
9425,2025-01-06 00:00:00,58830,B,7160.4,5896.8,1263.6,0,NULL,NULL,NULL,NULL,NULL,NULL
9427,2025-01-06 00:00:00,58800,B,8826.72,6725.12,2101.6,0,NULL,NULL,NULL,NULL,NULL,NULL
9428,2025-01-06 00:00:00,58801,B,8837.22,6733.12,2104.1,0,NULL,NULL,NULL,NULL,NULL,NULL
9429,2025-01-06 00:00:00,58833,B,5802.75,4668.5,1134.25,0,NULL,NULL,NULL,NULL,NULL,NULL
9430,2025-01-07 00:00:00,58769,B,18077.63,17084,993.63,0,NULL,NULL,NULL,NULL,NULL,NULL
9433,2024-12-19 00:00:00,58819,B,3720.64,3720.64,0,0,NULL,NULL,NULL,NULL,NULL,NULL
9434,2025-01-08 00:00:00,58673,B,8812.02,6713.92,2098.1,0,NULL,NULL,NULL,NULL,NULL,NULL
9435,2025-01-08 00:00:00,58793,B,8770.86,6682.56,2088.3,0,NULL,NULL,NULL,NULL,NULL,NULL
9436,2025-01-08 00:00:00,58840,B,222,-275,497,0,NULL,NULL,NULL,NULL,NULL,NULL
9437,2025-01-08 00:00:00,58841,B,192,-275,467,0,NULL,NULL,NULL,NULL,NULL,NULL
9438,2025-01-08 00:00:00,58846,B,2192.4,1017.9,1174.5,469.8,NULL,NULL,NULL,NULL,NULL,NULL
9439,2025-01-09 00:00:00,58670,B,8903.37,6783.52,2119.85,0,NULL,NULL,NULL,NULL,NULL,NULL
9440,2025-01-09 00:00:00,58843,B,210.5,0,210.5,31.575,NULL,NULL,NULL,NULL,NULL,NULL
9441,2025-01-09 00:00:00,58824,B,5572.8,3096,2476.8,990.72,NULL,NULL,NULL,NULL,NULL,NULL
9443,2024-12-19 00:00:00,58783,B,1162,1162,0,0,NULL,NULL,NULL,NULL,NULL,NULL
9444,2024-12-18 00:00:00,58782,B,1180,1180,0,0,NULL,NULL,NULL,NULL,NULL,NULL
9445,2024-12-12 00:00:00,58780,B,1150,1150,0,0,NULL,NULL,NULL,NULL,NULL,NULL
9447,2025-01-10 00:00:00,58676,B,-1263.85,2525,-3788.85,0,NULL,NULL,NULL,NULL,NULL,NULL
9449,2024-11-26 00:00:00,58713,B,9584.55,9584.55,0,0,NULL,NULL,NULL,NULL,NULL,NULL
9450,2024-12-20 00:00:00,58764,B,11097.9,9066.2,2031.7,0,NULL,NULL,NULL,NULL,NULL,NULL
9451,2025-01-03 00:00:00,58868,B,1222,1222,0,0,NULL,NULL,NULL,NULL,NULL,NULL
9452,2025-01-08 00:00:00,58869,B,1120,1120,0,0,NULL,NULL,NULL,NULL,NULL,NULL
9453,2025-01-10 00:00:00,58842,B,4140,3596.87,543.13,0,NULL,NULL,NULL,NULL,NULL,NULL
9454,2025-01-10 00:00:00,58473,B,2450,1750,700,0,NULL,NULL,NULL,NULL,NULL,NULL
9455,2025-01-10 00:00:00,58696,B,2450,1750,700,0,NULL,NULL,NULL,NULL,NULL,NULL
9456,2025-01-10 00:00:00,58527,B,2100,1500,600,0,NULL,NULL,NULL,NULL,NULL,NULL
9457,2025-01-10 00:00:00,58816,B,0,-25,25,3.75,NULL,NULL,NULL,NULL,NULL,NULL
9458,2025-01-06 00:00:00,58799,B,8798.16,6703.36,2094.8,0,NULL,NULL,NULL,NULL,NULL,NULL
9459,2025-01-10 00:00:00,58897,B,3910,3488.29,421.71,0,NULL,NULL,NULL,NULL,NULL,NULL
9461,2025-01-10 00:00:00,58883,B,3364.25,3096.37,267.88,0,NULL,NULL,NULL,NULL,NULL,NULL
9462,2025-01-13 00:00:00,58837,B,13914.23,12748.75,1165.48,0,NULL,NULL,NULL,NULL,NULL,NULL
9463,2025-01-13 00:00:00,58802,B,8686.86,6618.56,2068.3,0,NULL,NULL,NULL,NULL,NULL,NULL
9464,2025-01-13 00:00:00,58803,B,8708.49,6635.04,2073.45,0,NULL,NULL,NULL,NULL,NULL,NULL
9466,2025-01-14 00:00:00,INV58766,B,1050,1050,0,0,NULL,NULL,NULL,NULL,NULL,NULL
9467,2025-01-14 00:00:00,INV5867,B,1050,1050,0,0,NULL,NULL,NULL,NULL,NULL,NULL
9468,2025-01-14 00:00:00,INV58768,B,1050,1050,0,0,NULL,NULL,NULL,NULL,NULL,NULL
9469,2025-01-14 00:00:00,INV58840,B,1150,1150,0,0,NULL,NULL,NULL,NULL,NULL,NULL
9470,2025-01-14 00:00:00,INV58841,B,1150,1150,0,0,NULL,NULL,NULL,NULL,NULL,NULL
9472,2025-01-06 00:00:00,58770,B,1734,1351.08,382.92,0,NULL,NULL,NULL,NULL,NULL,NULL
9473,2025-01-16 00:00:00,57943,A,-400,0,-400,0,1299,S,-400,0,NULL,NULL
9474,2025-01-16 00:00:00,58042,A,-2587.75,0,-2587.75,0,1299,S,-2587.75,0,NULL,NULL
9475,2025-01-16 00:00:00,57943,A,0.28,0,0.28,0,1299,S,0.28,0,NULL,NULL
9476,2024-12-06 00:00:00,58701,B,11124.86,9586.08,1538.78,0,NULL,NULL,NULL,NULL,NULL,NULL
9477,2024-11-05 00:00:00,58503,B,10729.18,9253.2,1475.98,0,NULL,NULL,NULL,NULL,NULL,NULL
9480,2024-12-11 00:00:00,58771,B,6938.45,6938.45,0,0,NULL,NULL,NULL,NULL,NULL,NULL
9481,2024-12-10 00:00:00,58704,B,6913.42,6913.42,0,0,NULL,NULL,NULL,NULL,NULL,NULL
9482,2024-12-30 00:00:00,58852,B,7359.39,7359.39,0,0,NULL,NULL,NULL,NULL,NULL,NULL
9483,2024-12-10 00:00:00,58705,B,7597.06,7597.06,0,0,NULL,NULL,NULL,NULL,NULL,NULL
9484,2024-12-30 00:00:00,58853,B,7067.97,7067.97,0,0,NULL,NULL,NULL,NULL,NULL,NULL
9485,2025-01-17 00:00:00,INV58813,B,250,250,0,0,NULL,NULL,NULL,NULL,NULL,NULL
9487,2025-01-17 00:00:00,58902,B,10926.44,10145.98,780.46,0,NULL,NULL,NULL,NULL,NULL,NULL
9488,2025-01-17 00:00:00,58916,B,10764,9936,828,0,NULL,NULL,NULL,NULL,NULL,NULL
9489,2025-01-20 00:00:00,56153,A,0,-50,50,0,2322,P,-50,112493,NULL,NULL
9492,2025-01-22 00:00:00,58834,B,6249.6,4003.4,2246.2,0,NULL,NULL,NULL,NULL,NULL,NULL
9493,2024-10-10 00:00:00,58523,B,445.43,445.43,0,0,NULL,NULL,NULL,NULL,NULL,NULL
9494,2025-01-23 00:00:00,57662,A,-2403.2,0,-2403.2,0,2468,S,-2403.2,0,NULL,NULL
9495,2024-09-17 00:00:00,58424,B,0,2025.2,-2025.2,0,NULL,NULL,NULL,NULL,NULL,NULL
9496,2025-01-27 00:00:00,INV58729,B,350,350,0,0,NULL,NULL,NULL,NULL,NULL,NULL
9498,2025-01-27 00:00:00,58838,B,13572.53,12497.34,1075.19,0,NULL,NULL,NULL,NULL,NULL,NULL
9499,2025-01-27 00:00:00,58881,B,1027.8,750,277.8,0,NULL,NULL,NULL,NULL,NULL,NULL
9500,2025-01-27 00:00:00,58866,B,1267.2,844.8,422.4,0,NULL,NULL,NULL,NULL,NULL,NULL
9501,2025-01-27 00:00:00,58901,B,1465.2,976.8,488.4,0,NULL,NULL,NULL,NULL,NULL,NULL
9502,2025-01-27 00:00:00,58919,B,1384.2,922.8,461.4,0,NULL,NULL,NULL,NULL,NULL,NULL
9503,2025-01-27 00:00:00,58906,B,18066.45,17210.7,855.75,0,NULL,NULL,NULL,NULL,NULL,NULL
9504,2025-01-27 00:00:00,58877,B,6286.6,4992.3,1294.3,226.503,NULL,NULL,NULL,NULL,NULL,NULL
9505,2025-01-27 00:00:00,58878,B,6966.6,5532.3,1434.3,251.003,NULL,NULL,NULL,NULL,NULL,NULL
9506,2025-01-27 00:00:00,58850,B,9418.57,8416.59,1001.98,0,NULL,NULL,NULL,NULL,NULL,NULL
9507,2025-01-27 00:00:00,58672,B,8791.44,6698.24,2093.2,0,NULL,NULL,NULL,NULL,NULL,NULL
9508,2025-01-17 00:00:00,58636,B,9647.46,8621.13,1026.33,153.95,NULL,NULL,NULL,NULL,NULL,NULL
9509,2025-01-28 00:00:00,58674,B,8571.57,6530.72,2040.85,0,NULL,NULL,NULL,NULL,NULL,NULL
9510,2025-01-28 00:00:00,58717,B,8260.35,6293.6,1966.75,0,NULL,NULL,NULL,NULL,NULL,NULL
9511,2025-01-28 00:00:00,58898,B,1121.2,835.08,286.12,0,NULL,NULL,NULL,NULL,NULL,NULL
9512,2025-01-28 00:00:00,58806,B,8812.65,6714.4,2098.25,0,NULL,NULL,NULL,NULL,NULL,NULL
9513,2025-01-28 00:00:00,58867,B,1247.4,940.2,307.2,53.76,NULL,NULL,NULL,NULL,NULL,NULL
9514,2025-01-28 00:00:00,58848,B,649.6,615,34.6,5.19,NULL,NULL,NULL,NULL,NULL,NULL
9515,2025-01-08 00:00:00,58823,B,5640,4016,1624,649.6,NULL,NULL,NULL,NULL,NULL,NULL
9516,2025-01-28 00:00:00,58893,B,6527.4,2844.92,3682.48,0,NULL,NULL,NULL,NULL,NULL,NULL
9517,2025-01-28 00:00:00,58907,B,1908.01,1384.07,523.94,0,NULL,NULL,NULL,NULL,NULL,NULL
9518,2025-01-28 00:00:00,58716,B,8250.27,6285.92,1964.35,0,NULL,NULL,NULL,NULL,NULL,NULL
9519,2025-01-29 00:00:00,58835,B,3281.8,2492.6,789.2,315.68,NULL,NULL,NULL,NULL,NULL,NULL
9520,2025-02-05 00:00:00,58794,B,8818.32,6718.72,2099.6,0,NULL,NULL,NULL,NULL,NULL,NULL
9521,2025-02-05 00:00:00,58930,B,7045.38,5609.1,1436.28,277.599,NULL,NULL,NULL,NULL,NULL,NULL
9522,2025-02-05 00:00:00,58900,B,1554,1100,454,181.6,NULL,NULL,NULL,NULL,NULL,NULL
9523,2025-02-05 00:00:00,58921,B,1483.2,994.8,488.4,0,NULL,NULL,NULL,NULL,NULL,NULL
9524,2025-02-05 00:00:00,58920,B,1436.4,957.6,478.8,0,NULL,NULL,NULL,NULL,NULL,NULL
9525,2025-02-06 00:00:00,58879,B,1018.8,750,268.8,0,NULL,NULL,NULL,NULL,NULL,NULL
9526,2025-02-06 00:00:00,58880,B,1060.2,750,310.2,0,NULL,NULL,NULL,NULL,NULL,NULL
9527,2025-01-30 00:00:00,58859,B,4746,3881.55,864.45,0,NULL,NULL,NULL,NULL,NULL,NULL
9528,2025-02-06 00:00:00,58934,B,1390.8,927.2,463.6,0,NULL,NULL,NULL,NULL,NULL,NULL
9529,2025-01-16 00:00:00,58748,B,1817.8,1090.68,727.12,0,NULL,NULL,NULL,NULL,NULL,NULL
9530,2025-02-06 00:00:00,58938,B,9407.52,7055.64,2351.88,411.579,NULL,NULL,NULL,NULL,NULL,NULL
9531,2025-02-06 00:00:00,58675,B,8680.14,6613.44,2066.7,0,NULL,NULL,NULL,NULL,NULL,NULL
9532,2025-02-06 00:00:00,58776,B,5028,3750.2,1277.8,0,NULL,NULL,NULL,NULL,NULL,NULL
9534,2025-02-06 00:00:00,58943,B,1422,1035,387,0,NULL,NULL,NULL,NULL,NULL,NULL
9536,2025-02-06 00:00:00,58847,B,688.72,615,73.72,11.058,NULL,NULL,NULL,NULL,NULL,NULL
9538,2025-02-06 00:00:00,58718,B,8896.02,6777.92,2118.1,0,NULL,NULL,NULL,NULL,NULL,NULL
9539,2025-02-06 00:00:00,58923,B,6585,4701,1884,0,NULL,NULL,NULL,NULL,NULL,NULL
9540,2025-02-06 00:00:00,58807,B,8796.9,6702.4,2094.5,0,NULL,NULL,NULL,NULL,NULL,NULL
9541,2025-02-06 00:00:00,58736,B,1594.8,650,944.8,0,NULL,NULL,NULL,NULL,NULL,NULL
9542,2025-02-06 00:00:00,58927,B,833.4,650,183.4,32.095,NULL,NULL,NULL,NULL,NULL,NULL
9543,2025-02-06 00:00:00,58719,B,8260.94,6195.24,2065.7,0,NULL,NULL,NULL,NULL,NULL,NULL
9544,2025-02-06 00:00:00,58937,B,9588.48,7360.92,2227.56,389.823,NULL,NULL,NULL,NULL,NULL,NULL
9545,2025-02-06 00:00:00,58720,B,8854.65,6746.4,2108.25,0,NULL,NULL,NULL,NULL,NULL,NULL
9546,2025-02-06 00:00:00,58936,B,7495.2,4164,3331.2,1332.48,NULL,NULL,NULL,NULL,NULL,NULL
9547,2025-02-07 00:00:00,58721,B,8599.08,6551.68,2047.4,0,NULL,NULL,NULL,NULL,NULL,NULL
9549,2025-01-01 00:00:00,58975,B,75,75,0,0,NULL,NULL,NULL,NULL,NULL,NULL
9550,2025-02-07 00:00:00,58680,B,0,1754.56,-1754.56,0,NULL,NULL,NULL,NULL,NULL,NULL
9551,2025-02-07 00:00:00,58708,B,0,0,0,0,NULL,NULL,NULL,NULL,NULL,NULL
9552,2025-01-08 00:00:00,58884,B,9204.8,9204.8,0,0,NULL,NULL,NULL,NULL,NULL,NULL
9553,2025-02-10 00:00:00,58915,B,1150,950,200,80,NULL,NULL,NULL,NULL,NULL,NULL
9554,2024-07-08 00:00:00,57944,B,0,5782.35,-5782.35,-867.353,NULL,NULL,NULL,NULL,NULL,NULL
9555,2025-02-10 00:00:00,58884A,B,11431.1,9356.83,2074.27,0,NULL,NULL,NULL,NULL,NULL,NULL
9556,2025-02-10 00:00:00,58571R,B,5613.4,839,4774.4,0,NULL,NULL,NULL,NULL,NULL,NULL
9557,2025-02-10 00:00:00,58962,B,179.43,0,179.43,31.4,NULL,NULL,NULL,NULL,NULL,NULL
9558,2025-02-10 00:00:00,58377,B,1638,500,1138,0,NULL,NULL,NULL,NULL,NULL,NULL
9559,2025-02-10 00:00:00,58722,B,8484.84,6464.64,2020.2,0,NULL,NULL,NULL,NULL,NULL,NULL
9560,2025-02-10 00:00:00,58820,B,0,-595,595,0,NULL,NULL,NULL,NULL,NULL,NULL
9561,2025-02-07 00:00:00,58882,B,4140,3588.35,551.65,0,NULL,NULL,NULL,NULL,NULL,NULL
9562,2025-02-10 00:00:00,58913,B,2790,2418,372,0,NULL,NULL,NULL,NULL,NULL,NULL
9563,2024-12-16 00:00:00,58822,B,950,950,0,0,NULL,NULL,NULL,NULL,NULL,NULL
9565,2025-01-13 00:00:00,58804,B,8810.97,6711.52,2099.45,0,NULL,NULL,NULL,NULL,NULL,NULL
9566,2025-02-11 00:00:00,58733,B,1203,772.76,430.24,172.096,NULL,NULL,NULL,NULL,NULL,NULL
9567,2025-01-10 00:00:00,58836,B,-782.84,-782.84,0,0,NULL,NULL,NULL,NULL,NULL,NULL
9568,2025-02-11 00:00:00,58905,B,6453,4771.8,1681.2,0,NULL,NULL,NULL,NULL,NULL,NULL
9569,2025-02-11 00:00:00,58544,B,13584.45,11114.55,2469.9,0,NULL,NULL,NULL,NULL,NULL,NULL
9570,2025-02-11 00:00:00,58918,B,1500,0,1500,0,NULL,NULL,NULL,NULL,NULL,NULL
9571,2025-02-06 00:00:00,58886,B,0,-150,150,0,NULL,NULL,NULL,NULL,NULL,NULL
9572,2025-02-06 00:00:00,58887,B,0,0,0,0,NULL,NULL,NULL,NULL,NULL,NULL
9573,2025-02-12 00:00:00,58849,B,764.16,615,149.16,22.374,NULL,NULL,NULL,NULL,NULL,NULL
9574,2025-02-12 00:00:00,58885,B,1058,1200,-142,-56.8,NULL,NULL,NULL,NULL,NULL,NULL
9575,2025-02-12 00:00:00,58959,B,9495,8735.4,759.6,132.93,NULL,NULL,NULL,NULL,NULL,NULL
9576,2025-02-12 00:00:00,58946,B,1182,909,273,109.2,NULL,NULL,NULL,NULL,NULL,NULL
9577,2025-02-12 00:00:00,58944,B,1640,1035,605,0,NULL,NULL,NULL,NULL,NULL,NULL
9578,2025-02-12 00:00:00,58904,B,5493,4585.4,907.6,0,NULL,NULL,NULL,NULL,NULL,NULL
9579,2025-02-12 00:00:00,58899,B,7424.56,5649.62,1774.94,0,NULL,NULL,NULL,NULL,NULL,NULL
9580,2025-02-06 00:00:00,58890,B,4176.2,3516.8,659.4,0,NULL,NULL,NULL,NULL,NULL,NULL
9581,2025-02-13 00:00:00,58958,B,5077.8,3419.8,1658,0,NULL,NULL,NULL,NULL,NULL,NULL
9582,2025-02-13 00:00:00,58924,B,13192,12659.16,532.84,0,NULL,NULL,NULL,NULL,NULL,NULL
9583,2025-01-10 00:00:00,58751,B,2268,1750,518,0,NULL,NULL,NULL,NULL,NULL,NULL
9584,2025-02-14 00:00:00,58851,B,0,257.12,-257.12,0,NULL,NULL,NULL,NULL,NULL,NULL
9586,2025-05-01 00:00:00,58751,A,0,-130,130,0,1292,P,-130,113136,NULL,NULL
9587,2025-02-14 00:00:00,58723,B,8621.13,6568.48,2052.65,0,NULL,NULL,NULL,NULL,NULL,NULL
9588,2025-02-14 00:00:00,58724,B,8641.5,6584,2057.5,0,NULL,NULL,NULL,NULL,NULL,NULL
9589,2025-02-14 00:00:00,58725,B,8591.31,6545.76,2045.55,0,NULL,NULL,NULL,NULL,NULL,NULL
9590,2025-02-14 00:00:00,58948,B,8449.14,7837.44,611.7,0,NULL,NULL,NULL,NULL,NULL,NULL
9591,2025-02-14 00:00:00,58949,B,8787.24,8095.04,692.2,0,NULL,NULL,NULL,NULL,NULL,NULL
9592,2025-02-14 00:00:00,58950,B,8416.17,7812.32,603.85,0,NULL,NULL,NULL,NULL,NULL,NULL
9593,2025-02-14 00:00:00,58526,B,1100,545,555,0,NULL,NULL,NULL,NULL,NULL,NULL
9598,2025-02-14 00:00:00,58738,B,1840.8,500,1340.8,0,NULL,NULL,NULL,NULL,NULL,NULL
9599,2025-02-17 00:00:00,INV58733,B,152.24,152.24,0,0,NULL,NULL,NULL,NULL,NULL,NULL
9603,2025-01-30 00:00:00,INV58943,B,300,300,0,0,NULL,NULL,NULL,NULL,NULL,NULL
9604,2025-02-04 00:00:00,INV58944,B,300,300,0,0,NULL,NULL,NULL,NULL,NULL,NULL
9605,2025-02-05 00:00:00,INV58915,B,300,300,0,0,NULL,NULL,NULL,NULL,NULL,NULL
9606,2024-12-13 00:00:00,INV58770,B,18.92,18.92,0,0,NULL,NULL,NULL,NULL,NULL,NULL
9607,2025-02-03 00:00:00,INV58946,B,200,200,0,0,NULL,NULL,NULL,NULL,NULL,NULL
9608,2025-02-17 00:00:00,INV58886,B,1490,1490,0,0,NULL,NULL,NULL,NULL,NULL,NULL
9609,2025-02-17 00:00:00,INV58887,B,1490,1490,0,0,NULL,NULL,NULL,NULL,NULL,NULL
9610,2025-01-07 00:00:00,INV58820,B,1050,1050,0,0,NULL,NULL,NULL,NULL,NULL,NULL
9611,2025-02-14 00:00:00,58892,B,3874.1,3262.4,611.7,0,NULL,NULL,NULL,NULL,NULL,NULL
9612,2025-02-14 00:00:00,58891,B,3834.2,3228.8,605.4,0,NULL,NULL,NULL,NULL,NULL,NULL
9613,2025-02-19 00:00:00,INV58822,B,600,600,0,0,NULL,NULL,NULL,NULL,NULL,NULL
9615,2025-02-20 00:00:00,58246,B,1483.2,741.6,741.6,0,NULL,NULL,NULL,NULL,NULL,NULL
9616,2025-02-20 00:00:00,58957,B,10996.8,10365.4,631.4,0,NULL,NULL,NULL,NULL,NULL,NULL
9617,2025-02-20 00:00:00,58978,B,8678.46,6612.16,2066.3,0,NULL,NULL,NULL,NULL,NULL,NULL
9618,2025-02-20 00:00:00,58979,B,8759.52,6673.92,2085.6,0,NULL,NULL,NULL,NULL,NULL,NULL
9619,2025-02-14 00:00:00,58854,B,8469.37,6610.24,1859.13,0,NULL,NULL,NULL,NULL,NULL,NULL
9620,2025-02-17 00:00:00,58922,B,1345.86,897.24,448.62,0,NULL,NULL,NULL,NULL,NULL,NULL
9621,2025-02-20 00:00:00,58971,B,1752,1075,677,270.8,NULL,NULL,NULL,NULL,NULL,NULL
9622,2025-02-19 00:00:00,58914,B,1172,950,222,0,NULL,NULL,NULL,NULL,NULL,NULL
9624,2025-02-20 00:00:00,58965,B,1539.76,1289.29,250.47,0,NULL,NULL,NULL,NULL,NULL,NULL
9625,2025-02-20 00:00:00,58839,B,8618.4,6279.92,2338.48,0,NULL,NULL,NULL,NULL,NULL,NULL
9626,2025-02-20 00:00:00,58844,B,8582.7,6624.05,1958.65,0,NULL,NULL,NULL,NULL,NULL,NULL
9627,2025-02-21 00:00:00,58748,A,-545.34,0,-545.34,0,2588,S,-545.34,0,NULL,NULL
9628,2025-02-21 00:00:00,58726,B,8409.87,6407.52,2002.35,0,NULL,NULL,NULL,NULL,NULL,NULL
9629,2025-02-21 00:00:00,58727,B,8754.06,6669.76,2084.3,0,NULL,NULL,NULL,NULL,NULL,NULL
9630,2025-02-21 00:00:00,58994,B,8695.26,6624.96,2070.3,0,NULL,NULL,NULL,NULL,NULL,NULL
9631,2025-02-21 00:00:00,58995,B,8408.19,6406.24,2001.95,0,NULL,NULL,NULL,NULL,NULL,NULL
9632,2025-02-21 00:00:00,58980,B,8801.31,6705.76,2095.55,0,NULL,NULL,NULL,NULL,NULL,NULL
9633,2025-02-21 00:00:00,58981,B,8817.69,6718.24,2099.45,0,NULL,NULL,NULL,NULL,NULL,NULL
9634,2025-02-21 00:00:00,58982,B,8809.92,6712.32,2097.6,0,NULL,NULL,NULL,NULL,NULL,NULL
9635,2025-02-21 00:00:00,58990,B,1218,875,343,137.2,NULL,NULL,NULL,NULL,NULL,NULL
9636,2025-02-21 00:00:00,58969,B,777.68,615,162.68,28.469,NULL,NULL,NULL,NULL,NULL,NULL
9637,2025-02-21 00:00:00,58947,B,4395.8,3347.93,1047.87,0,NULL,NULL,NULL,NULL,NULL,NULL
9638,2025-02-24 00:00:00,58855,B,9792.48,7928.32,1864.16,0,NULL,NULL,NULL,NULL,NULL,NULL
9639,2025-02-24 00:00:00,58856,B,10066.91,8003.36,2063.55,0,NULL,NULL,NULL,NULL,NULL,NULL
9640,2025-02-24 00:00:00,58985,B,9869.4,7787.4,2082,0,NULL,NULL,NULL,NULL,NULL,NULL
9641,2025-02-24 00:00:00,58986,B,9924.21,7829.16,2095.05,0,NULL,NULL,NULL,NULL,NULL,NULL
9642,2025-02-24 00:00:00,58876,B,8479.6,6905.2,1574.4,629.76,NULL,NULL,NULL,NULL,NULL,NULL
9643,2025-02-25 00:00:00,58884A,A,-9.8,0,-9.8,0,1114,S,-9.8,0,NULL,NULL
9644,2025-02-25 00:00:00,58926,B,1476,555,921,368.4,NULL,NULL,NULL,NULL,NULL,NULL
9645,2025-02-26 00:00:00,58972,B,1796,1077.6,718.4,0,NULL,NULL,NULL,NULL,NULL,NULL
9646,2025-02-26 00:00:00,59063,B,1600,960,640,0,NULL,NULL,NULL,NULL,NULL,NULL
9647,2025-02-26 00:00:00,59064,B,1624,974.4,649.6,0,NULL,NULL,NULL,NULL,NULL,NULL
9648,2025-02-26 00:00:00,58858,B,10972,8519.4,2452.6,0,NULL,NULL,NULL,NULL,NULL,NULL
9649,2025-02-26 00:00:00,58935,B,10306.4,9513.6,792.8,0,NULL,NULL,NULL,NULL,NULL,NULL
9650,2025-02-26 00:00:00,58996,B,8822.52,6721.92,2100.6,0,NULL,NULL,NULL,NULL,NULL,NULL
9651,2025-02-26 00:00:00,58997,B,8486.31,6465.76,2020.55,0,NULL,NULL,NULL,NULL,NULL,NULL
9652,2025-02-26 00:00:00,59065,B,8817.48,6718.08,2099.4,0,NULL,NULL,NULL,NULL,NULL,NULL
9653,2025-02-26 00:00:00,59066,B,8562.12,6523.52,2038.6,0,NULL,NULL,NULL,NULL,NULL,NULL
9654,2025-02-26 00:00:00,59069,B,8517.39,6489.44,2027.95,0,NULL,NULL,NULL,NULL,NULL,NULL
9655,2025-02-26 00:00:00,59070,B,8419.95,6415.2,2004.75,0,NULL,NULL,NULL,NULL,NULL,NULL
9656,2025-02-26 00:00:00,58939,B,15262.32,13856.58,1405.74,0,NULL,NULL,NULL,NULL,NULL,NULL
9657,2025-02-26 00:00:00,58974,B,4653.4,3924.71,728.69,0,NULL,NULL,NULL,NULL,NULL,NULL
9658,2025-02-26 00:00:00,59059,B,1818,850,968,0,NULL,NULL,NULL,NULL,NULL,NULL
9659,2025-02-26 00:00:00,58888,B,3897.2,3117.76,779.44,311.776,NULL,NULL,NULL,NULL,NULL,NULL
9661,2025-02-26 00:00:00,58977,B,1092.36,804.58,287.78,50.362,NULL,NULL,NULL,NULL,NULL,NULL
9662,2025-02-26 00:00:00,58734,B,1454.4,875,579.4,231.76,NULL,NULL,NULL,NULL,NULL,NULL
9663,2025-02-26 00:00:00,58968,B,6646.4,3665.5,2980.9,0,NULL,NULL,NULL,NULL,NULL,NULL
9664,2025-02-26 00:00:00,59058,B,5094,3686.6,1407.4,0,NULL,NULL,NULL,NULL,NULL,NULL
9665,2025-02-26 00:00:00,58945,B,6490.6,5399.8,1090.8,0,NULL,NULL,NULL,NULL,NULL,NULL
9666,2025-02-25 00:00:00,58899,D,-74.25,0,-74.25,0,2463,S,-74.25,NULL,5272,NULL
9667,2025-02-20 00:00:00,58889,B,2828,2020,808,0,NULL,NULL,NULL,NULL,NULL,NULL
9668,2025-02-28 00:00:00,58976,B,1558,1050,508,203.2,NULL,NULL,NULL,NULL,NULL,NULL
9669,2025-02-28 00:00:00,58917,B,1500,0,1500,0,NULL,NULL,NULL,NULL,NULL,NULL
9671,2025-02-28 00:00:00,58988,B,9918.54,7824.84,2093.7,0,NULL,NULL,NULL,NULL,NULL,NULL
9672,2025-02-28 00:00:00,59067,B,8642.34,6584.64,2057.7,0,NULL,NULL,NULL,NULL,NULL,NULL
9673,2025-02-28 00:00:00,59068,B,8800.05,6704.8,2095.25,0,NULL,NULL,NULL,NULL,NULL,NULL
9674,2025-02-28 00:00:00,59071,B,8544.27,6509.92,2034.35,0,NULL,NULL,NULL,NULL,NULL,NULL
9676,2025-02-25 00:00:00,59074,B,10095.6,10095.6,0,26.25,NULL,NULL,NULL,NULL,NULL,NULL
9677,2025-01-24 00:00:00,INV58914,B,300,300,0,0,NULL,NULL,NULL,NULL,NULL,NULL
9678,2024-11-13 00:00:00,58639,A,0,-0.84,0.84,0,1630,P,-0.84,112706,NULL,NULL
9679,2025-03-04 00:00:00,58857,B,10713.04,8477.96,2235.08,0,NULL,NULL,NULL,NULL,NULL,NULL
9680,2025-03-04 00:00:00,58998,B,8535.66,6503.36,2032.3,0,NULL,NULL,NULL,NULL,NULL,NULL
9681,2025-03-04 00:00:00,58999,B,8392.86,6394.56,1998.3,0,NULL,NULL,NULL,NULL,NULL,NULL
9682,2025-03-04 00:00:00,59000,B,8422.26,6416.96,2005.3,0,NULL,NULL,NULL,NULL,NULL,NULL
9683,2025-03-04 00:00:00,58983,B,8562.12,6523.52,2038.6,0,NULL,NULL,NULL,NULL,NULL,NULL
9684,2025-03-04 00:00:00,59073,B,8421,6416,2005,0,NULL,NULL,NULL,NULL,NULL,NULL
9685,2025-03-04 00:00:00,58805,B,8713.11,6638.56,2074.55,0,NULL,NULL,NULL,NULL,NULL,NULL
9686,2025-03-04 00:00:00,58970,B,2387,1705,682,0,NULL,NULL,NULL,NULL,NULL,NULL
9687,2025-03-04 00:00:00,59061,B,1046,875,171,68.4,NULL,NULL,NULL,NULL,NULL,NULL
9688,2025-03-04 00:00:00,59082,B,6650,3800,2850,498.75,NULL,NULL,NULL,NULL,NULL,NULL
9689,2025-03-04 00:00:00,58961,B,2158.2,1073.28,1084.92,0,NULL,NULL,NULL,NULL,NULL,NULL
9690,2025-03-04 00:00:00,59109,B,1678.04,850,828.04,124.206,NULL,NULL,NULL,NULL,NULL,NULL
9691,2025-02-28 00:00:00,58987,B,9684.18,7689.32,1994.86,0,NULL,NULL,NULL,NULL,NULL,NULL
9692,2025-03-06 00:00:00,58963,B,0,0,0,0,NULL,NULL,NULL,NULL,NULL,NULL
9693,2025-03-06 00:00:00,59001,B,8624.28,6570.88,2053.4,0,NULL,NULL,NULL,NULL,NULL,NULL
9695,2025-03-06 00:00:00,58966,B,526.5,-400,926.5,0,NULL,NULL,NULL,NULL,NULL,NULL
9696,2025-03-06 00:00:00,58967,B,526.56,-550,1076.56,0,NULL,NULL,NULL,NULL,NULL,NULL
9697,2025-03-06 00:00:00,59094,B,2621.52,1076.28,1545.24,0,NULL,NULL,NULL,NULL,NULL,NULL
9698,2025-01-13 00:00:00,58884,A,0,150,-150,0,2223,P,150,112921,NULL,NULL
9699,2025-03-07 00:00:00,59096,B,1454.2,1050,404.2,161.68,NULL,NULL,NULL,NULL,NULL,NULL
9700,2025-03-07 00:00:00,58993,B,18322.73,17129,1193.73,0,NULL,NULL,NULL,NULL,NULL,NULL
9701,2025-03-07 00:00:00,59111,B,1630.42,1261.44,368.98,0,NULL,NULL,NULL,NULL,NULL,NULL
9702,2025-03-07 00:00:00,59002,B,8684.76,6616.96,2067.8,0,NULL,NULL,NULL,NULL,NULL,NULL
9703,2025-03-07 00:00:00,59003,B,8684.76,6616.96,2067.8,0,NULL,NULL,NULL,NULL,NULL,NULL
9704,2025-03-07 00:00:00,59010,B,8683.92,6616.32,2067.6,0,NULL,NULL,NULL,NULL,NULL,NULL
9705,2025-03-07 00:00:00,58712,B,0,0,0,0,NULL,NULL,NULL,NULL,NULL,NULL
9706,2025-03-07 00:00:00,59060,B,1634.6,915,719.6,0,NULL,NULL,NULL,NULL,NULL,NULL
9707,2025-03-07 00:00:00,58739,B,1669.2,1115,554.2,221.68,NULL,NULL,NULL,NULL,NULL,NULL
9708,2025-03-07 00:00:00,58740,B,1629.6,771.6,858,150.15,NULL,NULL,NULL,NULL,NULL,NULL
9709,2025-03-07 00:00:00,59129,B,565,357.65,207.35,0,NULL,NULL,NULL,NULL,NULL,NULL
9710,2025-03-07 00:00:00,59124,B,1570.4,1000,570.4,85.56,NULL,NULL,NULL,NULL,NULL,NULL
9711,2025-03-10 00:00:00,58933,B,0,-1581,1581,0,NULL,NULL,NULL,NULL,NULL,NULL
9712,2025-03-10 00:00:00,59102,B,7098.66,5143.7,1954.96,342.118,NULL,NULL,NULL,NULL,NULL,NULL
9714,2025-03-11 00:00:00,59136,B,1700.6,927.6,773,0,NULL,NULL,NULL,NULL,NULL,NULL
9715,2025-03-11 00:00:00,59143,B,1603.44,1336.2,267.24,40.086,NULL,NULL,NULL,NULL,NULL,NULL
9716,2025-03-12 00:00:00,58691,A,-0.05,0,-0.05,0,2035,S,-0.05,0,NULL,NULL
9717,2025-02-28 00:00:00,58654,B,11749.35,10055.98,1693.37,0,NULL,NULL,NULL,NULL,NULL,NULL
9718,2025-03-05 00:00:00,59004,B,7351.64,7351.64,0,0,NULL,NULL,NULL,NULL,NULL,NULL
9719,2025-03-10 00:00:00,59005,B,7572.84,7572.84,0,0,NULL,NULL,NULL,NULL,NULL,NULL
9720,2025-03-11 00:00:00,59006,B,7384.6,7384.6,0,0,NULL,NULL,NULL,NULL,NULL,NULL
9721,2025-03-12 00:00:00,59007,B,7408.76,7408.76,0,0,NULL,NULL,NULL,NULL,NULL,NULL
9722,2025-03-13 00:00:00,59020,B,7545.88,7545.88,0,0,NULL,NULL,NULL,NULL,NULL,NULL
9723,2025-03-14 00:00:00,59021,B,7443.8,7443.8,0,0,NULL,NULL,NULL,NULL,NULL,NULL
9724,2025-03-18 00:00:00,59133,B,1401.4,730,671.4,0,NULL,NULL,NULL,NULL,NULL,NULL
9725,2025-03-18 00:00:00,59011,B,8624.7,6571.2,2053.5,0,NULL,NULL,NULL,NULL,NULL,NULL
9726,2025-03-18 00:00:00,59012,B,8756.79,6671.84,2084.95,0,NULL,NULL,NULL,NULL,NULL,NULL
9727,2025-03-18 00:00:00,59013,B,8558.76,6520.96,2037.8,0,NULL,NULL,NULL,NULL,NULL,NULL
9728,2025-03-18 00:00:00,58989,B,10208.07,8109.72,2098.35,0,NULL,NULL,NULL,NULL,NULL,NULL
9729,2025-03-18 00:00:00,59008,B,10384.75,7696.24,2688.51,0,NULL,NULL,NULL,NULL,NULL,NULL
9730,2025-03-18 00:00:00,59009,B,10241.75,7604.72,2637.03,0,NULL,NULL,NULL,NULL,NULL,NULL
9731,2025-03-18 00:00:00,59116,B,1383.8,1100,283.8,113.52,NULL,NULL,NULL,NULL,NULL,NULL
9732,2025-03-18 00:00:00,59113,B,1196.8,715,481.8,84.315,NULL,NULL,NULL,NULL,NULL,NULL
9733,2025-03-18 00:00:00,59105,B,5936.06,5060.25,875.81,153.267,NULL,NULL,NULL,NULL,NULL,NULL
9734,2025-03-18 00:00:00,59106,B,1317.6,988.2,329.4,57.645,NULL,NULL,NULL,NULL,NULL,NULL
9735,2025-03-18 00:00:00,59104,B,8327.5,7120.01,1207.49,0,NULL,NULL,NULL,NULL,NULL,NULL
9736,2025-03-18 00:00:00,59128,B,1643.4,875,768.4,0,NULL,NULL,NULL,NULL,NULL,NULL
9737,2025-03-18 00:00:00,59141,B,6322.4,3604.8,2717.6,0,NULL,NULL,NULL,NULL,NULL,NULL
9738,2025-03-18 00:00:00,58940,B,384.6,0,384.6,0,NULL,NULL,NULL,NULL,NULL,NULL
9739,2025-03-18 00:00:00,58941,B,340.92,0,340.92,0,NULL,NULL,NULL,NULL,NULL,NULL
9740,2025-03-18 00:00:00,58942,B,375,0,375,0,NULL,NULL,NULL,NULL,NULL,NULL
9741,2025-03-18 00:00:00,58973,B,205.74,0,205.74,0,NULL,NULL,NULL,NULL,NULL,NULL
9742,2025-03-19 00:00:00,58961,A,0.04,0,0.04,0,1646,S,0.04,0,NULL,NULL
9743,2025-03-19 00:00:00,59139,B,1471.25,975,496.25,74.438,NULL,NULL,NULL,NULL,NULL,NULL
9744,2025-03-19 00:00:00,59088,B,10100,8649,1451,0,NULL,NULL,NULL,NULL,NULL,NULL
9747,2025-03-19 00:00:00,59161,B,1900.8,780.6,1120.2,448.08,NULL,NULL,NULL,NULL,NULL,NULL
9748,2025-02-27 00:00:00,58870,B,1237,1237,0,0,NULL,NULL,NULL,NULL,NULL,NULL
9750,2025-03-19 00:00:00,59024,B,7355.6,7355.6,0,0,NULL,NULL,NULL,NULL,NULL,NULL
9751,2025-03-20 00:00:00,59134,B,1372.8,730,642.8,0,NULL,NULL,NULL,NULL,NULL,NULL
9752,2025-03-20 00:00:00,59137,B,1601.6,873.6,728,0,NULL,NULL,NULL,NULL,NULL,NULL
9753,2025-03-20 00:00:00,59103,B,7425.17,6449.82,975.35,0,NULL,NULL,NULL,NULL,NULL,NULL
9754,2025-03-20 00:00:00,59148,B,965.16,500,465.16,81.403,NULL,NULL,NULL,NULL,NULL,NULL
9755,2025-03-20 00:00:00,59014,B,8643.6,6585.6,2058,0,NULL,NULL,NULL,NULL,NULL,NULL
9756,2025-03-20 00:00:00,59080,B,11152.53,7654.74,3497.79,0,NULL,NULL,NULL,NULL,NULL,NULL
9757,2025-03-20 00:00:00,59081,B,10201.44,7351.64,2849.8,0,NULL,NULL,NULL,NULL,NULL,NULL
9758,2025-03-20 00:00:00,59178,B,2329,2061.45,267.55,0,NULL,NULL,NULL,NULL,NULL,NULL
9759,2025-03-20 00:00:00,59153,B,4804.8,3088.8,1716,686.4,NULL,NULL,NULL,NULL,NULL,NULL
9760,2025-03-20 00:00:00,59147,B,8993.6,7505.2,1488.4,260.47,NULL,NULL,NULL,NULL,NULL,NULL
9761,2025-03-20 00:00:00,59115,B,15739.5,10095.6,5643.9,987.683,NULL,NULL,NULL,NULL,NULL,NULL
9762,2025-03-20 00:00:00,59132,B,1240.8,930.6,310.2,54.285,NULL,NULL,NULL,NULL,NULL,NULL
9764,2025-02-07 00:00:00,INV58933,B,4481,4481,0,0,NULL,NULL,NULL,NULL,NULL,NULL
9765,2025-03-21 00:00:00,INV59139,B,200,200,0,0,NULL,NULL,NULL,NULL,NULL,NULL
9766,2025-02-19 00:00:00,INV58990,B,200,200,0,0,NULL,NULL,NULL,NULL,NULL,NULL
9767,2025-03-21 00:00:00,INV58963,B,1195,1195,0,0,NULL,NULL,NULL,NULL,NULL,NULL
9768,2025-02-05 00:00:00,INV58966,B,750,750,0,0,NULL,NULL,NULL,NULL,NULL,NULL
9769,2025-03-24 00:00:00,59162,B,2576.52,738.14,1838.38,735.352,NULL,NULL,NULL,NULL,NULL,NULL
9770,2025-03-25 00:00:00,59117,B,1500,0,1500,0,NULL,NULL,NULL,NULL,NULL,NULL
9771,2025-03-25 00:00:00,59099,B,6969.6,5420.8,1548.8,271.04,NULL,NULL,NULL,NULL,NULL,NULL
9772,2025-03-25 00:00:00,59079R,B,9943.47,9163.59,779.88,0,NULL,NULL,NULL,NULL,NULL,NULL
9773,2025-03-25 00:00:00,59015,B,8597.4,6550.4,2047,0,NULL,NULL,NULL,NULL,NULL,NULL
9774,2025-03-25 00:00:00,59101,B,4969.8,3584,1385.8,554.32,NULL,NULL,NULL,NULL,NULL,NULL
9775,2025-03-25 00:00:00,59155,B,7160.4,3978,3182.4,1272.96,NULL,NULL,NULL,NULL,NULL,NULL
9776,2025-03-25 00:00:00,59035,B,1785.6,595.2,1190.4,0,NULL,NULL,NULL,NULL,NULL,NULL
9777,2025-02-26 00:00:00,INV58976,B,150,150,0,0,NULL,NULL,NULL,NULL,NULL,NULL
9778,2025-02-18 00:00:00,INV58926,B,500,500,0,0,NULL,NULL,NULL,NULL,NULL,NULL
9779,2025-02-26 00:00:00,INV589762,B,250,250,0,0,NULL,NULL,NULL,NULL,NULL,NULL
9780,2025-02-26 00:00:00,INV9061,B,250,250,0,0,NULL,NULL,NULL,NULL,NULL,NULL
9781,2025-03-05 00:00:00,INV59096,B,250,250,0,0,NULL,NULL,NULL,NULL,NULL,NULL
9782,2025-02-24 00:00:00,INV59059,B,250,250,0,0,NULL,NULL,NULL,NULL,NULL,NULL
9783,2025-02-28 00:00:00,INV59060,B,250,250,0,0,NULL,NULL,NULL,NULL,NULL,NULL
9784,2025-02-07 00:00:00,INV58967,B,750,750,0,0,NULL,NULL,NULL,NULL,NULL,NULL
9785,2025-03-26 00:00:00,59178,A,-178.5,0,-178.5,0,2417,S,-178.5,0,NULL,NULL
9786,2024-12-17 00:00:00,INV58816,B,3750,3750,0,0,NULL,NULL,NULL,NULL,NULL,NULL
9787,2025-03-26 00:00:00,59135,B,1122,620.5,501.5,0,NULL,NULL,NULL,NULL,NULL,NULL
9788,2025-03-26 00:00:00,59152,B,1846.79,1000,846.79,338.716,NULL,NULL,NULL,NULL,NULL,NULL
9789,2025-03-26 00:00:00,59172,B,1500,0,1500,0,NULL,NULL,NULL,NULL,NULL,NULL
9790,2025-03-26 00:00:00,58637,B,9677.54,8648.01,1029.53,180.168,NULL,NULL,NULL,NULL,NULL,NULL
9791,2025-03-26 00:00:00,58960,B,10436.5,9601.58,834.92,146.111,NULL,NULL,NULL,NULL,NULL,NULL
9792,2025-03-26 00:00:00,59167,B,852.84,683.62,169.22,0,NULL,NULL,NULL,NULL,NULL,NULL
9793,2024-11-14 00:00:00,58541,B,2724.73,2724.73,0,0,NULL,NULL,NULL,NULL,NULL,NULL
9794,2025-03-27 00:00:00,58541A,B,0,2724.73,-2724.73,0,NULL,NULL,NULL,NULL,NULL,NULL
9795,2024-12-17 00:00:00,58818,B,3016.2,3016.2,0,0,NULL,NULL,NULL,NULL,NULL,NULL
9796,2025-03-27 00:00:00,58818A,B,1275,4291.2,-3016.2,0,NULL,NULL,NULL,NULL,NULL,NULL
9797,2025-01-22 00:00:00,INV58885,B,95,95,0,0,NULL,NULL,NULL,NULL,NULL,NULL
9798,2025-03-27 00:00:00,59166,B,2578.95,1000,1578.95,0,NULL,NULL,NULL,NULL,NULL,NULL
9799,2025-03-27 00:00:00,59114,B,4821.6,4310.4,511.2,204.48,NULL,NULL,NULL,NULL,NULL,NULL
9800,2025-03-27 00:00:00,59138,B,1575.2,1050,525.2,78.78,NULL,NULL,NULL,NULL,NULL,NULL
9801,2025-03-27 00:00:00,59091,B,10161.6,9007.9,1153.7,0,NULL,NULL,NULL,NULL,NULL,NULL
9805,2025-03-28 00:00:00,59183,B,4404.5,3765.86,638.64,0,NULL,NULL,NULL,NULL,NULL,NULL
9806,2025-03-28 00:00:00,59184,B,7387.5,5981.62,1405.88,0,NULL,NULL,NULL,NULL,NULL,NULL
9807,2025-03-28 00:00:00,59092,B,6076,5316.5,759.5,0,NULL,NULL,NULL,NULL,NULL,NULL
9808,2025-03-28 00:00:00,59164,B,9839.2,8604.6,1234.6,0,NULL,NULL,NULL,NULL,NULL,NULL
9810,2025-03-31 00:00:00,59141,A,-504,0,-504,0,1199,S,-504,0,NULL,NULL
9811,2025-03-31 00:00:00,59154,B,1141.8,1035,106.8,42.72,NULL,NULL,NULL,NULL,NULL,NULL
9812,2025-03-31 00:00:00,59170,B,1449.36,1100,349.36,139.744,NULL,NULL,NULL,NULL,NULL,NULL
9813,2025-04-01 00:00:00,58845,B,8859.9,6507.98,2351.92,0,NULL,NULL,NULL,NULL,NULL,NULL
9815,2025-04-01 00:00:00,59193,B,9840.6,8909.8,930.8,139.62,NULL,NULL,NULL,NULL,NULL,NULL
9817,2025-04-01 00:00:00,59171,B,4470,2272,2198,0,NULL,NULL,NULL,NULL,NULL,NULL
9818,2023-12-20 00:00:00,INV57021,B,7133,7133,0,0,NULL,NULL,NULL,NULL,NULL,NULL
9819,2025-03-27 00:00:00,59030,B,7289.24,7289.24,0,0,NULL,NULL,NULL,NULL,NULL,NULL
9820,2025-04-02 00:00:00,59202,B,1555.4,848.4,707,0,NULL,NULL,NULL,NULL,NULL,NULL
9821,2025-04-02 00:00:00,59159,B,6048.1,5072.6,975.5,0,NULL,NULL,NULL,NULL,NULL,NULL
9822,2025-04-02 00:00:00,59016,B,8521.8,6492.8,2029,0,NULL,NULL,NULL,NULL,NULL,NULL
9823,2025-04-02 00:00:00,59018,B,8618.82,6566.72,2052.1,0,NULL,NULL,NULL,NULL,NULL,NULL
9824,2025-04-02 00:00:00,59019,B,8485.89,6465.44,2020.45,0,NULL,NULL,NULL,NULL,NULL,NULL
9825,2025-04-02 00:00:00,59146,B,4302,4283,19,0,NULL,NULL,NULL,NULL,NULL,NULL
9826,2025-04-02 00:00:00,59072,B,8481.27,6461.92,2019.35,0,NULL,NULL,NULL,NULL,NULL,NULL
9827,2025-04-02 00:00:00,59142,B,6733.7,5557.1,1176.6,176.49,NULL,NULL,NULL,NULL,NULL,NULL
9828,2025-02-05 00:00:00,58930,A,0,-150,150,0,2223,P,-150,112922,NULL,NULL
9829,2025-03-01 00:00:00,59074,A,0,-150,150,0,1550,P,-150,112931,NULL,NULL
9830,2025-04-04 00:00:00,59125,B,18082.36,17224.76,857.6,0,NULL,NULL,NULL,NULL,NULL,NULL
9831,2025-04-04 00:00:00,59173,B,1161.6,739,422.6,73.955,NULL,NULL,NULL,NULL,NULL,NULL
9832,2025-04-04 00:00:00,59201,B,1674.2,1100,574.2,229.68,NULL,NULL,NULL,NULL,NULL,NULL
9833,2025-04-04 00:00:00,59194,B,1370.52,892.63,477.89,83.631,NULL,NULL,NULL,NULL,NULL,NULL
9834,2025-04-04 00:00:00,59107,B,3843.35,4147.6,-304.25,-121.7,NULL,NULL,NULL,NULL,NULL,NULL
9835,2025-04-04 00:00:00,59198,B,6732,4317.6,2414.4,965.76,NULL,NULL,NULL,NULL,NULL,NULL
9836,2025-04-04 00:00:00,59231,B,1533.4,925,608.4,0,NULL,NULL,NULL,NULL,NULL,NULL
9837,2025-04-04 00:00:00,59182,B,1473.06,835,638.06,0,NULL,NULL,NULL,NULL,NULL,NULL
9838,2025-04-04 00:00:00,59160,B,4704.6,4129.2,575.4,0,NULL,NULL,NULL,NULL,NULL,NULL
9839,2025-04-07 00:00:00,59227,B,2829.6,1107.2,1722.4,688.96,NULL,NULL,NULL,NULL,NULL,NULL
9840,2025-04-08 00:00:00,59228,B,2246.4,1074.8,1171.6,468.64,NULL,NULL,NULL,NULL,NULL,NULL
9841,2025-03-19 00:00:00,59090,B,10024.91,8593.5,1431.41,0,NULL,NULL,NULL,NULL,NULL,NULL
9842,2025-03-19 00:00:00,59089,B,10255.21,8763.7,1491.51,0,NULL,NULL,NULL,NULL,NULL,NULL
9843,2025-04-10 00:00:00,59089,A,-0.12,0,-0.12,0,1672,S,-0.12,0,NULL,NULL
9845,2025-04-10 00:00:00,58818A,A,-30,0,-30,0,2106,S,-30,0,NULL,NULL
9846,2025-04-10 00:00:00,58991,A,-2700,0,-2700,0,1578,S,-2700,0,NULL,NULL
9847,2025-02-26 00:00:00,58991,B,5310,2950,2360,464,NULL,NULL,NULL,NULL,NULL,NULL
9848,2025-03-18 00:00:00,58991,A,0,-1500,1500,0,1199,P,-1500,112957,NULL,NULL
9849,2025-03-24 00:00:00,59027,B,7387.52,7387.52,0,0,NULL,NULL,NULL,NULL,NULL,NULL
9850,2025-03-25 00:00:00,59028,B,7280.12,7280.12,0,0,NULL,NULL,NULL,NULL,NULL,NULL
9851,2025-03-26 00:00:00,59029,B,7571.2,7571.2,0,0,NULL,NULL,NULL,NULL,NULL,NULL
9852,2025-03-28 00:00:00,59031,B,7296.92,7296.92,0,0,NULL,NULL,NULL,NULL,NULL,NULL
9854,2025-03-31 00:00:00,59033,B,7411.24,7411.24,0,0,NULL,NULL,NULL,NULL,NULL,NULL
9855,2025-04-10 00:00:00,59242,B,1652.2,875,777.2,0,NULL,NULL,NULL,NULL,NULL,NULL
9857,2025-04-10 00:00:00,59244,B,1514.24,345,1169.24,0,NULL,NULL,NULL,NULL,NULL,NULL
9858,2025-04-11 00:00:00,59254,B,1608.2,877.2,731,0,NULL,NULL,NULL,NULL,NULL,NULL
9859,2025-04-11 00:00:00,58808,B,10863.58,8538.44,2325.14,0,NULL,NULL,NULL,NULL,NULL,NULL
9860,2025-04-11 00:00:00,59149,B,3727.02,3072.03,654.99,0,NULL,NULL,NULL,NULL,NULL,NULL
9861,2025-04-11 00:00:00,59150,B,2582.8,2139.29,443.51,0,NULL,NULL,NULL,NULL,NULL,NULL
9862,2025-04-11 00:00:00,59240,B,8708.49,6635.04,2073.45,0,NULL,NULL,NULL,NULL,NULL,NULL
9863,2025-04-11 00:00:00,59093,B,194.3,0,194.3,34.003,NULL,NULL,NULL,NULL,NULL,NULL
9864,2025-04-11 00:00:00,59225,B,262.8,0,262.8,45.99,NULL,NULL,NULL,NULL,NULL,NULL
9865,2025-04-11 00:00:00,59076,B,1705,1100,605,242,NULL,NULL,NULL,NULL,NULL,NULL
9868,2025-04-15 00:00:00,59079,B,0,0,0,0,NULL,NULL,NULL,NULL,NULL,NULL
9869,2025-02-25 00:00:00,58951,B,9786,9786,0,0,NULL,NULL,NULL,NULL,NULL,NULL
9870,2025-03-19 00:00:00,58951B,B,1021.8,1021.8,0,0,NULL,NULL,NULL,NULL,NULL,NULL
9871,2025-03-17 00:00:00,59022,B,7064.84,7064.84,0,0,NULL,NULL,NULL,NULL,NULL,NULL
9872,2025-03-19 00:00:00,INV59152,B,250,250,0,0,NULL,NULL,NULL,NULL,NULL,NULL
9873,2025-04-02 00:00:00,INV59231,B,300,300,0,0,NULL,NULL,NULL,NULL,NULL,NULL
9874,2025-03-12 00:00:00,INV59128,B,300,300,0,0,NULL,NULL,NULL,NULL,NULL,NULL
9875,2025-03-21 00:00:00,INV59138,B,200,200,0,0,NULL,NULL,NULL,NULL,NULL,NULL
9876,2025-04-07 00:00:00,INV59242,B,300,300,0,0,NULL,NULL,NULL,NULL,NULL,NULL
9877,2025-03-26 00:00:00,INV59154,B,250,250,0,0,NULL,NULL,NULL,NULL,NULL,NULL
9879,2024-12-31 00:00:00,INV58734,B,250,250,0,0,NULL,NULL,NULL,NULL,NULL,NULL
9880,2024-06-19 00:00:00,INV57944,B,5782.35,5782.35,0,0,NULL,NULL,NULL,NULL,NULL,NULL
9881,2025-04-18 00:00:00,59165,B,9722.56,8444.52,1278.04,0,NULL,NULL,NULL,NULL,NULL,NULL
9882,2025-04-18 00:00:00,58951A,B,12837,11361.6,1475.4,0,NULL,NULL,NULL,NULL,NULL,NULL
9883,2025-04-18 00:00:00,59158,B,1720.4,946.8,773.6,0,NULL,NULL,NULL,NULL,NULL,NULL
9884,2025-04-18 00:00:00,59280,B,1744.6,951.6,793,0,NULL,NULL,NULL,NULL,NULL,NULL
9885,2025-04-18 00:00:00,59238,B,5076,3538,1538,0,NULL,NULL,NULL,NULL,NULL,NULL
9886,2025-04-18 00:00:00,59206,B,10361.67,9345.82,1015.85,0,NULL,NULL,NULL,NULL,NULL,NULL
9887,2025-04-18 00:00:00,59236,B,1196.8,950,246.8,98.72,NULL,NULL,NULL,NULL,NULL,NULL
9888,2025-04-18 00:00:00,59250,B,10000,9302.12,697.88,122.129,NULL,NULL,NULL,NULL,NULL,NULL
9889,2025-04-18 00:00:00,59108,B,8509.7,6863.6,1646.1,658.44,NULL,NULL,NULL,NULL,NULL,NULL
9890,2025-04-18 00:00:00,58992,B,7800,5380,2420,968,NULL,NULL,NULL,NULL,NULL,NULL
9891,2025-04-18 00:00:00,59237,B,8044.2,6628.35,1415.85,212.378,NULL,NULL,NULL,NULL,NULL,NULL
9892,2025-04-18 00:00:00,59271,B,1830.4,875,955.4,0,NULL,NULL,NULL,NULL,NULL,NULL
9893,2025-04-18 00:00:00,59282,B,2625.84,1171.76,1454.08,0,NULL,NULL,NULL,NULL,NULL,NULL
9894,2025-03-20 00:00:00,59025,B,7317.48,7317.48,0,0,NULL,NULL,NULL,NULL,NULL,NULL
9895,2025-04-21 00:00:00,59077,B,0,0,0,0,NULL,NULL,NULL,NULL,NULL,NULL
9896,2025-04-21 00:00:00,59098,B,4867,3218.5,1648.5,0,NULL,NULL,NULL,NULL,NULL,NULL
9897,2025-04-10 00:00:00,59229,B,2311.2,1078.4,1232.8,493.12,NULL,NULL,NULL,NULL,NULL,NULL
9898,2025-04-22 00:00:00,59308,B,0,0,0,0,NULL,NULL,NULL,NULL,NULL,NULL
9899,2025-04-22 00:00:00,59165,A,-0.16,0,-0.16,0,1111,S,-0.16,0,NULL,NULL
9900,2025-03-18 00:00:00,59023,B,7352.71,7352.71,0,0,NULL,NULL,NULL,NULL,NULL,NULL
9901,2025-03-21 00:00:00,59026,B,7064.04,7064.04,0,0,NULL,NULL,NULL,NULL,NULL,NULL
9904,2025-04-23 00:00:00,59095,B,18148,8050,10098,0,NULL,NULL,NULL,NULL,NULL,NULL
9905,2025-04-23 00:00:00,59283,B,9113.28,7572.84,1540.44,0,NULL,NULL,NULL,NULL,NULL,NULL
9906,2025-04-23 00:00:00,59284,B,9060.7,7384.6,1676.1,0,NULL,NULL,NULL,NULL,NULL,NULL
9907,2025-04-23 00:00:00,59285,B,8901.42,7408.76,1492.66,0,NULL,NULL,NULL,NULL,NULL,NULL
9908,2025-04-23 00:00:00,59205,B,6111.65,5125.9,985.75,0,NULL,NULL,NULL,NULL,NULL,NULL
9909,2025-04-23 00:00:00,59017,B,8843.52,6737.92,2105.6,0,NULL,NULL,NULL,NULL,NULL,NULL
9911,2025-04-23 00:00:00,59110,B,5676,4809,867,0,NULL,NULL,NULL,NULL,NULL,NULL
9912,2025-04-23 00:00:00,58984,B,10035.5,7697.72,2337.78,0,NULL,NULL,NULL,NULL,NULL,NULL
9913,2025-04-23 00:00:00,59157,B,9023.84,6767.88,2255.96,0,NULL,NULL,NULL,NULL,NULL,NULL
9914,2025-04-23 00:00:00,59249,B,1460.8,950,510.8,0,NULL,NULL,NULL,NULL,NULL,NULL
9915,2025-04-23 00:00:00,59301,B,4442.4,2468,1974.4,789.76,NULL,NULL,NULL,NULL,NULL,NULL
9916,2025-04-23 00:00:00,59169,B,0,0,0,0,NULL,NULL,NULL,NULL,NULL,NULL
9917,2025-04-23 00:00:00,59219,B,4326,2162.6,2163.4,0,NULL,NULL,NULL,NULL,NULL,NULL
9919,2025-04-11 00:00:00,59243,B,1086.96,547.68,539.28,0,NULL,NULL,NULL,NULL,NULL,NULL
9920,2025-03-06 00:00:00,59055,B,750,750,0,0,NULL,NULL,NULL,NULL,NULL,NULL
9921,2025-03-28 00:00:00,59032,B,7151.8,7151.8,0,0,NULL,NULL,NULL,NULL,NULL,NULL
9922,2025-04-23 00:00:00,59130,B,2433,1851.03,581.97,174.591,NULL,NULL,NULL,NULL,NULL,NULL
9923,2025-04-23 00:00:00,59131,B,2340,1770.17,569.83,170.949,NULL,NULL,NULL,NULL,NULL,NULL
9924,2025-04-23 00:00:00,59224,B,2462.4,1846.8,615.6,184.68,NULL,NULL,NULL,NULL,NULL,NULL
9925,2025-04-23 00:00:00,59241,B,8616.3,6519.52,2096.78,0,NULL,NULL,NULL,NULL,NULL,NULL
9926,2025-04-09 00:00:00,58871,B,1210,1210,0,0,NULL,NULL,NULL,NULL,NULL,NULL
9927,2025-03-06 00:00:00,59112,B,2956,1770,1186,474.4,NULL,NULL,NULL,NULL,NULL,NULL
9928,2025-04-24 00:00:00,58821,B,0,-595,595,0,NULL,NULL,NULL,NULL,NULL,NULL
9929,2025-04-25 00:00:00,59315,B,1105.5,520,585.5,0,NULL,NULL,NULL,NULL,NULL,NULL
9930,2025-04-25 00:00:00,59239,B,13217.05,11660,1557.05,0,NULL,NULL,NULL,NULL,NULL,NULL
9932,2025-04-23 00:00:00,59226,B,0,0,0,0,NULL,NULL,NULL,NULL,NULL,NULL
9933,2025-04-28 00:00:00,59303,B,7873.4,7049.19,824.21,0,NULL,NULL,NULL,NULL,NULL,NULL
9934,2025-04-28 00:00:00,59289,B,1469,1130,339,59.325,NULL,NULL,NULL,NULL,NULL,NULL
9935,2025-04-28 00:00:00,59304,B,7728,6446,1282,224.35,NULL,NULL,NULL,NULL,NULL,NULL
9936,2025-04-28 00:00:00,59309,B,2410.2,1083.9,1326.3,530.52,NULL,NULL,NULL,NULL,NULL,NULL
9937,2025-04-28 00:00:00,59310,B,2228.4,1073.8,1154.6,461.84,NULL,NULL,NULL,NULL,NULL,NULL
9939,2025-04-10 00:00:00,INV59236,B,150,150,0,0,NULL,NULL,NULL,NULL,NULL,NULL
9941,2025-04-30 00:00:00,59195,B,9975.4,8644,1331.4,0,NULL,NULL,NULL,NULL,NULL,NULL
9942,2025-05-02 00:00:00,59332,B,2050.4,1118.4,932,0,NULL,NULL,NULL,NULL,NULL,NULL
9943,2025-05-02 00:00:00,59343,B,1678.6,915.6,763,0,NULL,NULL,NULL,NULL,NULL,NULL
9944,2025-05-02 00:00:00,59270,B,6117,4770.2,1346.8,0,NULL,NULL,NULL,NULL,NULL,NULL
9945,2025-05-02 00:00:00,59127,B,6468.15,4518.4,1949.75,0,NULL,NULL,NULL,NULL,NULL,NULL
9946,2025-05-02 00:00:00,59036,B,1245,415,830,0,NULL,NULL,NULL,NULL,NULL,NULL
9947,2025-05-02 00:00:00,59346,B,537.96,268.98,268.98,0,NULL,NULL,NULL,NULL,NULL,NULL
9949,2025-05-06 00:00:00,59203,B,9316.8,8539,777.8,0,NULL,NULL,NULL,NULL,NULL,NULL
9950,2025-05-06 00:00:00,59218,B,0,-800,800,0,NULL,NULL,NULL,NULL,NULL,NULL
9951,2025-05-06 00:00:00,59311,B,3375,2100,1275,223.125,NULL,NULL,NULL,NULL,NULL,NULL
9952,2025-05-06 00:00:00,59290,B,2822.47,1520.65,1301.82,0,NULL,NULL,NULL,NULL,NULL,NULL
9953,2025-05-06 00:00:00,59336,B,1603.36,1444.94,158.42,0,NULL,NULL,NULL,NULL,NULL,NULL
9954,2025-05-06 00:00:00,59334,B,2900,1780,1120,448,NULL,NULL,NULL,NULL,NULL,NULL
9955,2025-05-06 00:00:00,59337,B,1328.8,775,553.8,96.915,NULL,NULL,NULL,NULL,NULL,NULL
9957,2025-05-06 00:00:00,59307,B,857.56,570.38,287.18,0,NULL,NULL,NULL,NULL,NULL,NULL
9958,2025-05-06 00:00:00,59345,B,1294.8,495,799.8,0,NULL,NULL,NULL,NULL,NULL,NULL
9959,2025-04-14 00:00:00,58872,B,1180,1180,0,0,NULL,NULL,NULL,NULL,NULL,NULL
9960,2025-04-15 00:00:00,59291,B,1234,1234,0,0,NULL,NULL,NULL,NULL,NULL,NULL
9961,2025-04-21 00:00:00,59292,B,1225,1225,0,0,NULL,NULL,NULL,NULL,NULL,NULL
9963,2025-04-23 00:00:00,59293,B,1228,1228,0,0,NULL,NULL,NULL,NULL,NULL,NULL
9964,2025-05-05 00:00:00,59298,B,1168,1168,0,0,NULL,NULL,NULL,NULL,NULL,NULL
9965,2025-05-02 00:00:00,59297,B,1198,1198,0,0,NULL,NULL,NULL,NULL,NULL,NULL
9966,2025-04-30 00:00:00,59296,B,1165,1165,0,0,NULL,NULL,NULL,NULL,NULL,NULL
9967,2025-04-28 00:00:00,59295,B,1114,1114,0,0,NULL,NULL,NULL,NULL,NULL,NULL
9968,2025-04-25 00:00:00,59294,B,1216,1216,0,0,NULL,NULL,NULL,NULL,NULL,NULL
9971,2025-05-07 00:00:00,59306,B,4140,3586.55,553.45,0,NULL,NULL,NULL,NULL,NULL,NULL
9976,2025-05-07 00:00:00,59168,B,5703.6,3917.48,1786.12,0,NULL,NULL,NULL,NULL,NULL,NULL
9977,2025-05-07 00:00:00,59355,B,1700,1505.09,194.91,0,NULL,NULL,NULL,NULL,NULL,NULL
9982,2025-05-07 00:00:00,59287,B,8363.88,7317.48,1046.4,0,NULL,NULL,NULL,NULL,NULL,NULL
9984,2025-05-08 00:00:00,59314,B,0,0,0,0,NULL,NULL,NULL,NULL,NULL,NULL
9985,2025-05-06 00:00:00,59348,B,3232,1123,2109,0,NULL,NULL,NULL,NULL,NULL,NULL
9986,2025-05-08 00:00:00,59163,A,-0.17,0,-0.17,0,1672,S,-0.17,0,NULL,NULL
9987,2025-03-27 00:00:00,59163,B,10490.17,8937.6,1552.57,0,NULL,NULL,NULL,NULL,NULL,NULL
9988,2025-05-08 00:00:00,59176,B,9394,7118.95,2275.05,0,NULL,NULL,NULL,NULL,NULL,NULL
9989,2025-05-08 00:00:00,59177,B,9372,7569.09,1802.91,0,NULL,NULL,NULL,NULL,NULL,NULL
9995,2025-05-07 00:00:00,59351,B,5060,4502.98,557.02,0,NULL,NULL,NULL,NULL,NULL,NULL
9996,2025-05-07 00:00:00,59375,B,5060,4525.74,534.26,0,NULL,NULL,NULL,NULL,NULL,NULL
9997,2025-05-07 00:00:00,59394,B,2530,2253.86,276.14,0,NULL,NULL,NULL,NULL,NULL,NULL
9998,2025-04-23 00:00:00,59302B,B,997.38,997.38,0,0,NULL,NULL,NULL,NULL,NULL,NULL
9999,2025-04-22 00:00:00,59302,B,9516.22,9516.22,0,0,NULL,NULL,NULL,NULL,NULL,NULL
10001,2025-04-28 00:00:00,59339,B,2424,2424,0,0,NULL,NULL,NULL,NULL,NULL,NULL
10002,2025-04-16 00:00:00,59023,A,0,18.37,-18.37,0,2106,P,18.37,113121,NULL,NULL
10003,2025-05-07 00:00:00,59299,B,1147,1147,0,0,NULL,NULL,NULL,NULL,NULL,NULL
10005,2025-05-12 00:00:00,59272,B,947.65,950,-2.35,-0.94,NULL,NULL,NULL,NULL,NULL,NULL
10006,2025-05-12 00:00:00,59344,B,1500,0,1500,0,NULL,NULL,NULL,NULL,NULL,NULL
10007,2025-05-12 00:00:00,59400,B,1000,0,1000,0,NULL,NULL,NULL,NULL,NULL,NULL
10008,2025-05-12 00:00:00,58809,B,9014.06,6555.68,2458.38,0,NULL,NULL,NULL,NULL,NULL,NULL
10009,2025-05-12 00:00:00,59174,B,8929.58,6494.24,2435.34,0,NULL,NULL,NULL,NULL,NULL,NULL
10010,2025-05-12 00:00:00,59175,B,9210.74,6698.72,2512.02,0,NULL,NULL,NULL,NULL,NULL,NULL
10011,2025-05-12 00:00:00,59253,B,6659.1,6068.5,590.6,0,NULL,NULL,NULL,NULL,NULL,NULL
10014,2025-05-12 00:00:00,59368,B,5113.5,3968.1,1145.4,200.445,NULL,NULL,NULL,NULL,NULL,NULL
10015,2025-05-12 00:00:00,58810R,B,10222.5,515,9707.5,0,NULL,NULL,NULL,NULL,NULL,NULL
10016,2025-05-12 00:00:00,59370,B,265.14,0,265.14,46.4,NULL,NULL,NULL,NULL,NULL,NULL
10017,2025-05-12 00:00:00,58810,B,0,8149.44,-8149.44,0,NULL,NULL,NULL,NULL,NULL,NULL
10018,2025-05-12 00:00:00,59364,B,8523.48,6494.08,2029.4,0,NULL,NULL,NULL,NULL,NULL,NULL
10019,2025-05-12 00:00:00,59341,B,8734.32,6654.72,2079.6,0,NULL,NULL,NULL,NULL,NULL,NULL
10021,2025-05-12 00:00:00,59363,B,8669.43,6605.28,2064.15,0,NULL,NULL,NULL,NULL,NULL,NULL
10023,2025-05-12 00:00:00,59317,B,2408,1750,658,0,NULL,NULL,NULL,NULL,NULL,NULL
10024,2025-05-12 00:00:00,59318,B,2492,1750,742,0,NULL,NULL,NULL,NULL,NULL,NULL
10025,2025-04-30 00:00:00,59365,B,0,0,0,0,NULL,NULL,NULL,NULL,NULL,NULL
10026,2025-05-07 00:00:00,59354,B,4048,3598.95,449.05,0,NULL,NULL,NULL,NULL,NULL,NULL
10027,2025-05-08 00:00:00,59358,B,6251,3619,2632,460.6,NULL,NULL,NULL,NULL,NULL,NULL
10028,2025-05-12 00:00:00,59251,B,9770,5540.22,4229.78,740.212,NULL,NULL,NULL,NULL,NULL,NULL
10029,2025-05-12 00:00:00,59338,B,8769.6,6626,2143.6,857.44,NULL,NULL,NULL,NULL,NULL,NULL
10030,2025-05-12 00:00:00,59083,B,1574.4,595,979.4,0,NULL,NULL,NULL,NULL,NULL,NULL
10031,2025-05-12 00:00:00,59372,B,3684,1075,2609,0,NULL,NULL,NULL,NULL,NULL,NULL
10032,2025-05-13 00:00:00,INV58933,A,-2090.3,0,-2090.3,0,2114,S,-2090.3,0,NULL,NULL
10033,2025-05-13 00:00:00,57454,A,0,1730.25,-1730.25,0,1299,P,1730.25,113292,NULL,NULL
10034,2025-05-13 00:00:00,59398,B,1680.03,916.38,763.65,0,NULL,NULL,NULL,NULL,NULL,NULL
10035,2025-05-13 00:00:00,59347,B,1652.2,875,777.2,0,NULL,NULL,NULL,NULL,NULL,NULL
10036,2025-05-14 00:00:00,59349,B,2964,1156,1808,0,NULL,NULL,NULL,NULL,NULL,NULL
10037,2025-05-14 00:00:00,59084,B,1780.8,700,1080.8,0,NULL,NULL,NULL,NULL,NULL,NULL
10039,2025-05-12 00:00:00,59279,B,9302.35,7307.45,1994.9,0,NULL,NULL,NULL,NULL,NULL,NULL
10040,2025-05-08 00:00:00,59255,B,9108,7485.59,1622.41,0,NULL,NULL,NULL,NULL,NULL,NULL
10041,2025-05-08 00:00:00,59256,B,9390.9,7727.14,1663.76,0,NULL,NULL,NULL,NULL,NULL,NULL
10042,2025-05-08 00:00:00,59257,B,9328.8,7725.88,1602.92,0,NULL,NULL,NULL,NULL,NULL,NULL
10043,2025-05-08 00:00:00,59258,B,9296.6,7793.73,1502.87,0,NULL,NULL,NULL,NULL,NULL,NULL
10044,2025-05-08 00:00:00,59277,B,9346.05,7551.28,1794.77,0,NULL,NULL,NULL,NULL,NULL,NULL
10045,2025-05-12 00:00:00,59278,B,9455.3,7464.97,1990.33,0,NULL,NULL,NULL,NULL,NULL,NULL
10046,2025-05-07 00:00:00,59288,B,9027.7,7908.8,1118.9,0,NULL,NULL,NULL,NULL,NULL,NULL
10047,2025-05-07 00:00:00,59286,B,9564.28,7954.07,1610.21,0,NULL,NULL,NULL,NULL,NULL,NULL
10048,2025-04-11 00:00:00,INV59272,B,250,250,0,0,NULL,NULL,NULL,NULL,NULL,NULL
10050,2025-03-10 00:00:00,INV59107,B,352.4,352.4,0,0,NULL,NULL,NULL,NULL,NULL,NULL
10051,2025-05-08 00:00:00,59300,B,1195,1195,0,0,NULL,NULL,NULL,NULL,NULL,NULL
10052,2025-05-13 00:00:00,59376,B,1228,1228,0,0,NULL,NULL,NULL,NULL,NULL,NULL
10053,2025-05-14 00:00:00,59377,B,1240,1240,0,0,NULL,NULL,NULL,NULL,NULL,NULL
10055,2025-04-15 00:00:00,59234,B,33189.6,33189.6,0,0,NULL,NULL,NULL,NULL,NULL,NULL
10057,2025-05-15 00:00:00,59352,B,12137.75,12137.75,0,0,NULL,NULL,NULL,NULL,NULL,NULL
10058,2025-05-16 00:00:00,59302A,B,12535.5,10513.6,2021.9,0,NULL,NULL,NULL,NULL,NULL,NULL
10067,2025-05-16 00:00:00,59156,B,9392.05,8575.35,816.7,0,NULL,NULL,NULL,NULL,NULL,NULL
10068,2025-05-16 00:00:00,59412,B,4140,3592.53,547.47,0,NULL,NULL,NULL,NULL,NULL,NULL
10069,2025-05-16 00:00:00,59405,B,5060,4518.74,541.26,0,NULL,NULL,NULL,NULL,NULL,NULL
10070,2025-05-12 00:00:00,59359,B,7275.6,4715,2560.6,448.105,NULL,NULL,NULL,NULL,NULL,NULL
10071,2025-05-20 00:00:00,59361,B,0,0,0,0,NULL,NULL,NULL,NULL,NULL,NULL
10073,2025-05-21 00:00:00,59386,B,1355.04,888.76,466.28,81.599,NULL,NULL,NULL,NULL,NULL,NULL
10074,2025-03-20 00:00:00,59034,B,4476,1583.8,2892.2,0,NULL,NULL,NULL,NULL,NULL,NULL
10075,2025-04-23 00:00:00,59235,B,9561.32,9561.32,0,0,NULL,NULL,NULL,NULL,NULL,NULL
10076,2025-05-08 00:00:00,59404,B,2519,2519,0,0,NULL,NULL,NULL,NULL,NULL,NULL
10077,2025-05-21 00:00:00,59360,B,10818.9,9291.76,1527.14,0,NULL,NULL,NULL,NULL,NULL,NULL
10078,2025-05-21 00:00:00,59200,B,1002.4,876.2,126.2,0,NULL,NULL,NULL,NULL,NULL,NULL
10079,2025-05-21 00:00:00,59399,B,1192.95,745,447.95,179.18,NULL,NULL,NULL,NULL,NULL,NULL
10082,2025-02-03 00:00:00,58883,A,0,-0.1,0.1,0,1428,P,-0.1,113184,NULL,NULL
10083,2025-05-12 00:00:00,59342,B,8896.02,7527.92,1368.1,0,NULL,NULL,NULL,NULL,NULL,NULL
10085,2025-05-07 00:00:00,59356,B,2892.48,2779.82,112.66,0,NULL,NULL,NULL,NULL,NULL,NULL
10087,2025-04-23 00:00:00,59319,B,3024,3024,0,0,NULL,NULL,NULL,NULL,NULL,NULL
10088,2025-03-19 00:00:00,INV58821,B,1050,1050,0,0,NULL,NULL,NULL,NULL,NULL,NULL
10090,2025-05-23 00:00:00,59395,B,290,145,145,0,NULL,NULL,NULL,NULL,NULL,NULL
10091,2025-05-23 00:00:00,59418,B,2275,1625,650,0,NULL,NULL,NULL,NULL,NULL,NULL
10093,2025-04-23 00:00:00,59145,B,1500,0,1500,0,NULL,NULL,NULL,NULL,NULL,NULL
10094,2025-05-21 00:00:00,59411,B,878.16,532.68,345.48,0,NULL,NULL,NULL,NULL,NULL,NULL
10095,2025-05-16 00:00:00,59259,B,612,-50,662,264.8,NULL,NULL,NULL,NULL,NULL,NULL
10096,2025-05-16 00:00:00,59260,B,553.2,-50,603.2,241.28,NULL,NULL,NULL,NULL,NULL,NULL
10097,2025-05-16 00:00:00,59266,B,757.2,-50,807.2,322.88,NULL,NULL,NULL,NULL,NULL,NULL
10098,2025-05-16 00:00:00,59268,B,724.8,-50,774.8,309.92,NULL,NULL,NULL,NULL,NULL,NULL
10099,2025-05-16 00:00:00,59263,B,535.2,-200,735.2,294.08,NULL,NULL,NULL,NULL,NULL,NULL
10100,2025-05-16 00:00:00,59261,B,667.2,-200,867.2,346.88,NULL,NULL,NULL,NULL,NULL,NULL
10101,2025-05-16 00:00:00,59262,B,358.8,-50,408.8,163.52,NULL,NULL,NULL,NULL,NULL,NULL
10102,2025-05-29 00:00:00,INV59399,B,300,300,0,0,NULL,NULL,NULL,NULL,NULL,NULL
10103,2025-05-29 00:00:00,INV59361,B,1350,1350,0,0,NULL,NULL,NULL,NULL,NULL,NULL
10104,2025-04-21 00:00:00,INV59249,B,200,200,0,0,NULL,NULL,NULL,NULL,NULL,NULL
10105,2025-04-11 00:00:00,INV59271,B,300,300,0,0,NULL,NULL,NULL,NULL,NULL,NULL
10106,2025-04-29 00:00:00,INV59347,B,300,300,0,0,NULL,NULL,NULL,NULL,NULL,NULL
10107,2025-05-29 00:00:00,59449,B,908.6,750,158.6,27.755,NULL,NULL,NULL,NULL,NULL,NULL
10108,2025-05-29 00:00:00,59273,B,8525.37,6495.52,2029.85,0,NULL,NULL,NULL,NULL,NULL,NULL
10109,2025-05-29 00:00:00,59435,B,8990.4,7567.8,1422.6,569.04,NULL,NULL,NULL,NULL,NULL,NULL
10110,2025-05-29 00:00:00,59335,B,3289.6,1937.4,1352.2,236.635,NULL,NULL,NULL,NULL,NULL,NULL
10111,2025-05-29 00:00:00,59413,B,5704,4757.95,946.05,0,NULL,NULL,NULL,NULL,NULL,NULL
10112,2025-05-29 00:00:00,59388,B,1566.4,950,616.4,246.56,NULL,NULL,NULL,NULL,NULL,NULL
10113,2025-05-29 00:00:00,59387,B,1687.95,900,787.95,315.18,NULL,NULL,NULL,NULL,NULL,NULL
10114,2025-05-29 00:00:00,59422,B,1313.4,950,363.4,0,NULL,NULL,NULL,NULL,NULL,NULL
10115,2025-05-29 00:00:00,59423,B,3865,2319,1546,270.55,NULL,NULL,NULL,NULL,NULL,NULL
10116,2025-05-29 00:00:00,59401,B,7020,3900,3120,1248,NULL,NULL,NULL,NULL,NULL,NULL
10117,2025-05-29 00:00:00,59350,B,3004,1166,1838,0,NULL,NULL,NULL,NULL,NULL,NULL
10118,2025-05-29 00:00:00,59431,B,2219.4,873.3,1346.1,538.44,NULL,NULL,NULL,NULL,NULL,NULL
10119,2025-05-29 00:00:00,59414,B,2057.2,1150,907.2,136.08,NULL,NULL,NULL,NULL,NULL,NULL
10120,2025-05-30 00:00:00,INV59388,B,300,300,0,0,NULL,NULL,NULL,NULL,NULL,NULL
10122,2025-06-04 00:00:00,58545,B,8425.3,7453.15,972.15,0,NULL,NULL,NULL,NULL,NULL,NULL
10123,2025-06-04 00:00:00,59443,B,1713.69,1242,471.69,188.676,NULL,NULL,NULL,NULL,NULL,NULL
10124,2025-06-02 00:00:00,59383,B,1051,1051,0,0,NULL,NULL,NULL,NULL,NULL,NULL
10125,2025-05-29 00:00:00,59382,B,556,556,0,0,NULL,NULL,NULL,NULL,NULL,NULL
10126,2025-05-28 00:00:00,59381,B,1171,1171,0,0,NULL,NULL,NULL,NULL,NULL,NULL
10127,2025-05-21 00:00:00,59380,B,1156,1156,0,0,NULL,NULL,NULL,NULL,NULL,NULL
10128,2025-05-19 00:00:00,59379,B,1240,1240,0,0,NULL,NULL,NULL,NULL,NULL,NULL
10129,2025-05-16 00:00:00,59378,B,1240,1240,0,0,NULL,NULL,NULL,NULL,NULL,NULL
10130,2025-06-05 00:00:00,59450,B,1759.5,1556.98,202.52,0,NULL,NULL,NULL,NULL,NULL,NULL
10131,2025-06-05 00:00:00,59419,B,5060,4496.92,563.08,0,NULL,NULL,NULL,NULL,NULL,NULL
10132,2025-06-05 00:00:00,59420,B,4439,3970.33,468.67,0,NULL,NULL,NULL,NULL,NULL,NULL
10138,2025-05-30 00:00:00,59371,B,2704.2,2704.2,0,0,NULL,NULL,NULL,NULL,NULL,NULL
10139,2025-05-22 00:00:00,59442,B,2799.2,2799.2,0,0,NULL,NULL,NULL,NULL,NULL,NULL
10140,2025-05-21 00:00:00,59397,B,7271.4,7271.4,0,0,NULL,NULL,NULL,NULL,NULL,NULL
10141,2025-04-23 00:00:00,59397B,B,2111.75,2111.75,0,0,NULL,NULL,NULL,NULL,NULL,NULL
10144,2025-06-06 00:00:00,59397A,B,11134.8,9383.15,1751.65,0,NULL,NULL,NULL,NULL,NULL,NULL
10145,2025-06-06 00:00:00,59454,B,2060,1400,660,0,NULL,NULL,NULL,NULL,NULL,NULL
10146,2025-06-06 00:00:00,59453,B,4515.03,3172.39,1342.64,0,NULL,NULL,NULL,NULL,NULL,NULL
10148,2025-05-21 00:00:00,INV59422,B,250,250,0,0,NULL,NULL,NULL,NULL,NULL,NULL
10149,2025-04-14 00:00:00,INV59259,B,525,525,0,0,NULL,NULL,NULL,NULL,NULL,NULL
10150,2025-04-14 00:00:00,INV59260,B,525,525,0,0,NULL,NULL,NULL,NULL,NULL,NULL
10151,2025-04-15 00:00:00,INV59261,B,525,525,0,0,NULL,NULL,NULL,NULL,NULL,NULL
10152,2025-03-16 00:00:00,INV59263,B,525,525,0,0,NULL,NULL,NULL,NULL,NULL,NULL
10153,2025-04-17 00:00:00,INV59266,B,525,525,0,0,NULL,NULL,NULL,NULL,NULL,NULL
10155,2025-06-09 00:00:00,59316,B,1065.9,524.87,541.03,0,NULL,NULL,NULL,NULL,NULL,NULL
10156,2025-06-09 00:00:00,59446,B,1995,1596,399,0,NULL,NULL,NULL,NULL,NULL,NULL
10157,2025-06-09 00:00:00,59468,B,5353.6,3717.2,1636.4,286.37,NULL,NULL,NULL,NULL,NULL,NULL
10158,2025-06-09 00:00:00,59452,B,345.89,0,345.89,60.531,NULL,NULL,NULL,NULL,NULL,NULL
10159,2025-06-09 00:00:00,59199,B,10029.8,7670.2,2359.6,0,NULL,NULL,NULL,NULL,NULL,NULL
10160,2025-06-09 00:00:00,59269,B,9804.2,7535.8,2268.4,0,NULL,NULL,NULL,NULL,NULL,NULL
10161,2025-06-09 00:00:00,59415,B,1224.85,800,424.85,169.94,NULL,NULL,NULL,NULL,NULL,NULL
10162,2025-06-09 00:00:00,59445,B,2055.35,950,1105.35,442.14,NULL,NULL,NULL,NULL,NULL,NULL
10163,2025-06-09 00:00:00,59458,B,1228,775,453,79.275,NULL,NULL,NULL,NULL,NULL,NULL
10164,2025-06-09 00:00:00,59426,B,1419,889,530,79.5,NULL,NULL,NULL,NULL,NULL,NULL
10165,2025-06-09 00:00:00,59403,B,7168.22,5788.26,1379.96,0,NULL,NULL,NULL,NULL,NULL,NULL
10166,2025-06-09 00:00:00,59390,B,2611,1548,1063,0,NULL,NULL,NULL,NULL,NULL,NULL
10167,2025-06-09 00:00:00,59204,B,10219.2,9146,1073.2,0,NULL,NULL,NULL,NULL,NULL,NULL
10168,2025-06-09 00:00:00,59367,B,9820.8,8711,1109.8,0,NULL,NULL,NULL,NULL,NULL,NULL
10169,2025-05-21 00:00:00,59267,B,675.6,-50,725.6,290.24,NULL,NULL,NULL,NULL,NULL,NULL
10170,2025-04-18 00:00:00,INV59267,B,525,525,0,0,NULL,NULL,NULL,NULL,NULL,NULL
10171,2025-06-10 00:00:00,59410,B,8731.25,3430.14,5301.11,927.694,NULL,NULL,NULL,NULL,NULL,NULL
10172,2025-04-18 00:00:00,INV59268,B,525,525,0,0,NULL,NULL,NULL,NULL,NULL,NULL
10173,2025-04-21 00:00:00,IN V59262,B,525,525,0,0,NULL,NULL,NULL,NULL,NULL,NULL
10174,2025-06-12 00:00:00,59444,B,1894.44,1178.84,715.6,286.24,NULL,NULL,NULL,NULL,NULL,NULL
10175,2025-06-12 00:00:00,59037,B,0,-378.75,378.75,0,NULL,NULL,NULL,NULL,NULL,NULL
10176,2025-06-13 00:00:00,59448,B,8546.8,7592.2,954.6,0,NULL,NULL,NULL,NULL,NULL,NULL
10177,2025-06-13 00:00:00,59479,B,6012,3340,2672,1068.8,NULL,NULL,NULL,NULL,NULL,NULL
10178,2025-06-13 00:00:00,59481,B,1384,750,634,0,NULL,NULL,NULL,NULL,NULL,NULL
10179,2025-06-13 00:00:00,59389,B,8097,5898.5,2198.5,0,NULL,NULL,NULL,NULL,NULL,NULL
10180,2025-06-13 00:00:00,59438,B,524.01,389.64,134.37,0,NULL,NULL,NULL,NULL,NULL,NULL
10181,2025-06-13 00:00:00,59457,B,515.94,346.07,169.87,0,NULL,NULL,NULL,NULL,NULL,NULL
10182,2025-04-25 00:00:00,INV59037,B,2903.75,2903.75,0,0,NULL,NULL,NULL,NULL,NULL,NULL
10183,2025-05-20 00:00:00,INV59426,B,200,200,0,0,NULL,NULL,NULL,NULL,NULL,NULL
10184,2025-06-09 00:00:00,INV59481,B,300,300,0,0,NULL,NULL,NULL,NULL,NULL,NULL
10185,2025-03-19 00:00:00,INV59135,B,109.5,109.5,0,0,NULL,NULL,NULL,NULL,NULL,NULL
10186,2025-04-21 00:00:00,INV59315,B,130,130,0,0,NULL,NULL,NULL,NULL,NULL,NULL
10187,2025-04-23 00:00:00,INV59316,B,125.13,125.13,0,0,NULL,NULL,NULL,NULL,NULL,NULL
10188,2025-06-18 00:00:00,59353,B,10265,9443.8,821.2,0,NULL,NULL,NULL,NULL,NULL,NULL
10189,2025-06-18 00:00:00,59478,B,8292.9,7323.5,969.4,0,NULL,NULL,NULL,NULL,NULL,NULL
10192,2025-06-18 00:00:00,59085,B,1497.6,505,992.6,0,NULL,NULL,NULL,NULL,NULL,NULL
10193,2025-06-18 00:00:00,59476,B,2584,1150,1434,215.1,NULL,NULL,NULL,NULL,NULL,NULL
10194,2025-06-18 00:00:00,59477,B,2620,1150,1470,220.5,NULL,NULL,NULL,NULL,NULL,NULL
10196,2025-01-02 00:00:00,INV58846,B,12.1,12.1,0,0,NULL,NULL,NULL,NULL,NULL,NULL
10197,2024-10-03 00:00:00,58278A,B,2435,2435,0,0,NULL,NULL,NULL,NULL,NULL,NULL
10198,2025-06-10 00:00:00,59235,A,0,1560.32,-1560.32,0,2106,P,1560.32,113395,NULL,NULL
10202,2025-06-20 00:00:00,59437,B,5301,4215.56,1085.44,0,NULL,NULL,NULL,NULL,NULL,NULL
10203,2025-06-23 00:00:00,59550,B,2170.2,900,1270.2,0,NULL,NULL,NULL,NULL,NULL,NULL
10204,2025-06-23 00:00:00,59179,B,2122.12,1610.88,511.24,0,NULL,NULL,NULL,NULL,NULL,NULL
10205,2025-06-18 00:00:00,59480,B,895.09,642.04,253.05,0,NULL,NULL,NULL,NULL,NULL,NULL
10210,2025-05-07 00:00:00,59246,B,10262.5,8699.84,1562.66,0,NULL,NULL,NULL,NULL,NULL,NULL
10211,2025-05-07 00:00:00,59248,B,9175,8990.6,184.4,0,NULL,NULL,NULL,NULL,NULL,NULL
10212,2025-05-07 00:00:00,59245,B,9897.5,8096.37,1801.13,0,NULL,NULL,NULL,NULL,NULL,NULL
10213,2025-06-24 00:00:00,59106,A,-0.16,0,-0.16,0,1712,S,-0.16,0,NULL,NULL
10216,2025-06-24 00:00:00,59234A,B,42697.2,33389.84,9307.36,0,NULL,NULL,NULL,NULL,NULL,NULL
10217,2025-06-24 00:00:00,59432,B,1500,0,1500,0,NULL,NULL,NULL,NULL,NULL,NULL
10218,2025-06-24 00:00:00,59441,B,1500,0,1500,0,NULL,NULL,NULL,NULL,NULL,NULL
10219,2025-06-24 00:00:00,59474,B,1500,0,1500,0,NULL,NULL,NULL,NULL,NULL,NULL
10220,2025-06-24 00:00:00,59589,B,0,0,0,0,NULL,NULL,NULL,NULL,NULL,NULL
10221,2025-06-24 00:00:00,59421,B,10031,9228.52,802.48,140.434,NULL,NULL,NULL,NULL,NULL,NULL
10222,2025-06-24 00:00:00,59512,B,5857.6,5125.4,732.2,0,NULL,NULL,NULL,NULL,NULL,NULL
10223,2025-06-24 00:00:00,59522,B,9318.22,7292.52,2025.7,0,NULL,NULL,NULL,NULL,NULL,NULL
10224,2025-06-24 00:00:00,59523,B,9516.71,7447.86,2068.85,0,NULL,NULL,NULL,NULL,NULL,NULL
10225,2025-06-24 00:00:00,59524,B,9204.6,7203.6,2001,0,NULL,NULL,NULL,NULL,NULL,NULL
10226,2025-06-24 00:00:00,59526,B,9395.96,7353.36,2042.6,0,NULL,NULL,NULL,NULL,NULL,NULL
10227,2025-06-24 00:00:00,59054,B,4611,4976.6,-365.6,0,NULL,NULL,NULL,NULL,NULL,NULL
10229,2025-06-24 00:00:00,59555,B,11958,10719.2,1238.8,0,NULL,NULL,NULL,NULL,NULL,NULL
10230,2025-06-24 00:00:00,59407,B,2756,1748,1008,176.4,NULL,NULL,NULL,NULL,NULL,NULL
10231,2025-06-24 00:00:00,59408,B,2740.4,1793.2,947.2,165.76,NULL,NULL,NULL,NULL,NULL,NULL
10232,2025-06-24 00:00:00,59409,B,2802.8,1812.4,990.4,173.32,NULL,NULL,NULL,NULL,NULL,NULL
10233,2025-06-24 00:00:00,59455,B,3278.6,1958.8,1319.8,230.965,NULL,NULL,NULL,NULL,NULL,NULL
10235,2025-05-07 00:00:00,59247,B,9347.5,8417.71,929.79,0,NULL,NULL,NULL,NULL,NULL,NULL
10236,2025-06-24 00:00:00,59252,B,10019,5610.64,4408.36,771.463,NULL,NULL,NULL,NULL,NULL,NULL
10237,2025-06-24 00:00:00,59402,B,1558.2,1597,-38.8,-15.52,NULL,NULL,NULL,NULL,NULL,NULL
10240,2025-06-24 00:00:00,59569,B,2599.2,1044.4,1554.8,621.92,NULL,NULL,NULL,NULL,NULL,NULL
10241,2025-06-24 00:00:00,59547,B,9700.8,8363.8,1337,0,NULL,NULL,NULL,NULL,NULL,NULL
10242,2025-06-24 00:00:00,59529,B,10525.2,9446,1079.2,161.88,NULL,NULL,NULL,NULL,NULL,NULL
10243,2025-06-24 00:00:00,59424,B,2352.9,585,1767.9,0,NULL,NULL,NULL,NULL,NULL,NULL
10244,2025-06-24 00:00:00,59221,B,3924,1308,2616,0,NULL,NULL,NULL,NULL,NULL,NULL
10245,2025-03-28 00:00:00,59118,B,3984.3,3145.5,838.8,0,NULL,NULL,NULL,NULL,NULL,NULL
10246,2025-04-01 00:00:00,59119,B,3862.7,3049.5,813.2,0,NULL,NULL,NULL,NULL,NULL,NULL
10248,2025-04-23 00:00:00,58952,B,3986.2,3356.8,629.4,0,NULL,NULL,NULL,NULL,NULL,NULL
10249,2025-06-24 00:00:00,58953,B,4003.3,3371.2,632.1,0,NULL,NULL,NULL,NULL,NULL,NULL
10250,2025-05-28 00:00:00,59440,B,9266.64,9266.64,0,0,NULL,NULL,NULL,NULL,NULL,NULL
10251,2025-06-24 00:00:00,59374,B,724.85,1010,-285.15,-114.06,NULL,NULL,NULL,NULL,NULL,NULL
10252,2025-06-25 00:00:00,59548,B,1490.7,894.42,596.28,0,NULL,NULL,NULL,NULL,NULL,NULL
10253,2025-06-24 00:00:00,59352A,B,13814.18,12137.75,1676.43,0,NULL,NULL,NULL,NULL,NULL,NULL
10254,2025-04-14 00:00:00,INV59077,B,1095,1095,0,0,NULL,NULL,NULL,NULL,NULL,NULL
10255,2025-05-05 00:00:00,INV59314,B,2090,2090,0,0,NULL,NULL,NULL,NULL,NULL,NULL
10257,2025-05-20 00:00:00,INV59415,B,250,250,0,0,NULL,NULL,NULL,NULL,NULL,NULL
10258,2025-05-20 00:00:00,INV59445,B,250,250,0,0,NULL,NULL,NULL,NULL,NULL,NULL
10260,2025-06-26 00:00:00,59567,B,1364,1025,339,135.6,NULL,NULL,NULL,NULL,NULL,NULL
10261,2025-06-18 00:00:00,59075,B,11542,9833,1709,683.6,NULL,NULL,NULL,NULL,NULL,NULL
10262,2025-06-26 00:00:00,59508R,B,0,2000,-2000,0,NULL,NULL,NULL,NULL,NULL,NULL
10263,2025-06-26 00:00:00,59489,B,2070,505,1565,0,NULL,NULL,NULL,NULL,NULL,NULL
10264,2025-05-06 00:00:00,59305,B,6144.75,4366.34,1778.41,0,NULL,NULL,NULL,NULL,NULL,NULL
10267,2025-06-06 00:00:00,59384,B,1198,1198,0,0,NULL,NULL,NULL,NULL,NULL,NULL
10268,2025-06-23 00:00:00,59493,B,1210,1210,0,0,NULL,NULL,NULL,NULL,NULL,NULL
10269,2025-06-20 00:00:00,59492,B,1168,1168,0,0,NULL,NULL,NULL,NULL,NULL,NULL
10270,2025-06-18 00:00:00,59491,B,1183,1183,0,0,NULL,NULL,NULL,NULL,NULL,NULL
10271,2025-06-12 00:00:00,59385,B,1231,1231,0,0,NULL,NULL,NULL,NULL,NULL,NULL
10272,2025-06-27 00:00:00,59587,B,4140,3583.14,556.86,0,NULL,NULL,NULL,NULL,NULL,NULL
10276,2025-06-27 00:00:00,59582,B,744,800,-56,0,NULL,NULL,NULL,NULL,NULL,NULL
10277,2025-06-27 00:00:00,59525,B,9208.74,7206.84,2001.9,0,NULL,NULL,NULL,NULL,NULL,NULL
10278,2025-06-30 00:00:00,59581,B,1004.8,669.87,334.93,0,NULL,NULL,NULL,NULL,NULL,NULL
10279,2025-06-30 00:00:00,59590,B,1500,0,1500,0,NULL,NULL,NULL,NULL,NULL,NULL
10280,2025-06-30 00:00:00,59552,B,9890,9201.15,688.85,120.549,NULL,NULL,NULL,NULL,NULL,NULL
10281,2025-06-30 00:00:00,59312,B,3524.4,2133.2,1391.2,0,NULL,NULL,NULL,NULL,NULL,NULL
10282,2025-06-30 00:00:00,59527,B,9437.59,7385.94,2051.65,0,NULL,NULL,NULL,NULL,NULL,NULL
10284,2025-06-30 00:00:00,59573,B,9303.96,7281.36,2022.6,0,NULL,NULL,NULL,NULL,NULL,NULL
10286,2025-06-30 00:00:00,59396,B,284,142,142,0,NULL,NULL,NULL,NULL,NULL,NULL
10287,2025-06-30 00:00:00,59417,B,290,145,145,0,NULL,NULL,NULL,NULL,NULL,NULL
10288,2025-06-30 00:00:00,59469,B,240,120,120,0,NULL,NULL,NULL,NULL,NULL,NULL
10289,2025-06-30 00:00:00,59436,B,6342.4,5514,828.4,0,NULL,NULL,NULL,NULL,NULL,NULL
10290,2025-06-30 00:00:00,59591,B,4050,3600,450,0,NULL,NULL,NULL,NULL,NULL,NULL
10291,2025-06-30 00:00:00,59086,B,861.6,400,461.6,46.16,NULL,NULL,NULL,NULL,NULL,NULL
10292,2025-06-30 00:00:00,59532,B,1351,1000,351,52.65,NULL,NULL,NULL,NULL,NULL,NULL
10293,2025-06-30 00:00:00,59533,B,1715.8,1150,565.8,84.87,NULL,NULL,NULL,NULL,NULL,NULL
10294,2025-06-30 00:00:00,59534,B,1548.2,1000,548.2,82.23,NULL,NULL,NULL,NULL,NULL,NULL
10295,2025-06-25 00:00:00,INV59581,B,130.13,130.13,0,0,NULL,NULL,NULL,NULL,NULL,NULL
10296,2025-07-02 00:00:00,59434,B,0,0,0,0,NULL,NULL,NULL,NULL,NULL,NULL
10298,2025-07-02 00:00:00,59433,B,11728.64,10890.88,837.76,0,NULL,NULL,NULL,NULL,NULL,NULL
10299,2025-07-02 00:00:00,59610,B,11352,9592,1760,0,NULL,NULL,NULL,NULL,NULL,NULL
10300,2025-07-02 00:00:00,59605,B,5060,4510.68,549.32,0,NULL,NULL,NULL,NULL,NULL,NULL
10301,2025-07-02 00:00:00,59535,B,1603.8,1150,453.8,68.07,NULL,NULL,NULL,NULL,NULL,NULL
10302,2025-06-20 00:00:00,59406,B,1418.7,1448.5,-29.8,-5.215,NULL,NULL,NULL,NULL,NULL,NULL
10303,2025-07-03 00:00:00,59604,B,1312,805,507,0,NULL,NULL,NULL,NULL,NULL,NULL
10304,2025-06-27 00:00:00,59494,B,1168,1168,0,0,NULL,NULL,NULL,NULL,NULL,NULL
10305,2025-06-30 00:00:00,59495,B,1228,1228,0,0,NULL,NULL,NULL,NULL,NULL,NULL
10306,2025-07-08 00:00:00,59475,B,1118,1050,68,27.2,NULL,NULL,NULL,NULL,NULL,NULL
10308,2025-07-09 00:00:00,59471,B,4140,3582.49,557.51,0,NULL,NULL,NULL,NULL,NULL,NULL
10309,2025-07-09 00:00:00,59568,B,5060,4666.31,393.69,0,NULL,NULL,NULL,NULL,NULL,NULL
10310,2025-06-20 00:00:00,59470,B,-985.95,0,-985.95,-172.541,NULL,NULL,NULL,NULL,NULL,NULL
10311,2025-07-14 00:00:00,59611,B,1772.8,1483.9,288.9,0,NULL,NULL,NULL,NULL,NULL,NULL
10312,2025-07-14 00:00:00,59551,B,8261.5,5617.82,2643.68,462.644,NULL,NULL,NULL,NULL,NULL,NULL
10313,2025-07-14 00:00:00,59574,B,9402.4,7319.88,2082.52,0,NULL,NULL,NULL,NULL,NULL,NULL
10314,2025-07-14 00:00:00,59576,B,9657.01,7557.66,2099.35,0,NULL,NULL,NULL,NULL,NULL,NULL
10315,2025-07-14 00:00:00,59577,B,9298.21,7276.86,2021.35,0,NULL,NULL,NULL,NULL,NULL,NULL
10316,2025-07-14 00:00:00,59636,B,3910,3474.01,435.99,0,NULL,NULL,NULL,NULL,NULL,NULL
10318,2025-07-14 00:00:00,59556,B,5043.6,2802,2241.6,896.64,NULL,NULL,NULL,NULL,NULL,NULL
10319,2025-07-14 00:00:00,59613,B,1191.9,880.12,311.78,54.562,NULL,NULL,NULL,NULL,NULL,NULL
10320,2025-07-14 00:00:00,59537,B,1519.8,1150,369.8,55.47,NULL,NULL,NULL,NULL,NULL,NULL
10321,2025-07-14 00:00:00,59586,B,1672,842.8,829.2,331.68,NULL,NULL,NULL,NULL,NULL,NULL
10322,2025-07-14 00:00:00,59439,B,2161.8,1201,960.8,0,NULL,NULL,NULL,NULL,NULL,NULL
10323,2025-07-14 00:00:00,59583,B,869.88,458.54,411.34,0,NULL,NULL,NULL,NULL,NULL,NULL
10324,2025-07-14 00:00:00,59624,B,530.01,327.96,202.05,0,NULL,NULL,NULL,NULL,NULL,NULL
10325,2025-06-24 00:00:00,59508,B,0,-150,150,0,NULL,NULL,NULL,NULL,NULL,NULL
10326,2025-07-15 00:00:00,59570,B,6198.4,4824.6,1373.8,549.52,NULL,NULL,NULL,NULL,NULL,NULL
10328,2025-07-15 00:00:00,59538,B,1558.2,1000,558.2,83.73,NULL,NULL,NULL,NULL,NULL,NULL
10330,2025-07-16 00:00:00,59628,B,16880,14560,2320,0,NULL,NULL,NULL,NULL,NULL,NULL
10331,2025-07-16 00:00:00,59653,B,9464.6,8057.7,1406.9,0,NULL,NULL,NULL,NULL,NULL,NULL
10332,2025-07-16 00:00:00,59579,B,5068.8,2797,2271.8,908.72,NULL,NULL,NULL,NULL,NULL,NULL
10334,2025-07-17 00:00:00,59631,B,8085.2,7063.4,1021.8,153.27,NULL,NULL,NULL,NULL,NULL,NULL
10335,2025-07-17 00:00:00,59580,B,10382.75,5814.34,4568.41,799.472,NULL,NULL,NULL,NULL,NULL,NULL
10336,2025-07-17 00:00:00,59626,B,2499.5,1929.8,569.7,227.88,NULL,NULL,NULL,NULL,NULL,NULL
10337,2025-07-17 00:00:00,59536,B,1635.8,1150,485.8,72.87,NULL,NULL,NULL,NULL,NULL,NULL
10338,2025-07-17 00:00:00,59540,B,1601.8,1150,451.8,67.77,NULL,NULL,NULL,NULL,NULL,NULL
10341,2025-07-23 00:00:00,59668,B,1196,800,396,0,NULL,NULL,NULL,NULL,NULL,NULL
10342,2025-07-23 00:00:00,59625,B,7990.4,7177.72,812.68,0,NULL,NULL,NULL,NULL,NULL,NULL
10343,2025-07-23 00:00:00,59539,B,1537.8,1150,387.8,58.17,NULL,NULL,NULL,NULL,NULL,NULL
10344,2025-07-23 00:00:00,59647,B,461.16,320.29,140.87,0,NULL,NULL,NULL,NULL,NULL,NULL
10345,2025-07-23 00:00:00,59087,B,936,600,336,0,NULL,NULL,NULL,NULL,NULL,NULL
10346,2025-07-15 00:00:00,59585,B,5844.6,4917.08,927.52,0,NULL,NULL,NULL,NULL,NULL,NULL
10347,2025-07-23 00:00:00,INV58770,A,-18.92,0,-18.92,0,2578,S,-18.92,0,NULL,NULL
10348,2025-07-03 00:00:00,59352,A,0,-173.46,173.46,0,2625,P,-173.46,113542,NULL,NULL
10355,2025-07-23 00:00:00,59549,B,885.5,737.92,147.58,0,NULL,NULL,NULL,NULL,NULL,NULL
10356,2025-07-23 00:00:00,59592,B,4050,3600,450,0,NULL,NULL,NULL,NULL,NULL,NULL
10357,2025-07-23 00:00:00,59620,B,6153,2445.9,3707.1,0,NULL,NULL,NULL,NULL,NULL,NULL
10360,2025-07-23 00:00:00,59608,B,6169.6,4584.8,1584.8,0,NULL,NULL,NULL,NULL,NULL,NULL
10361,2025-07-24 00:00:00,59669,B,1358,814.8,543.2,0,NULL,NULL,NULL,NULL,NULL,NULL
10362,2025-07-24 00:00:00,59541,B,1641.8,1150,491.8,73.77,NULL,NULL,NULL,NULL,NULL,NULL
10363,2025-07-24 00:00:00,59542,B,1633.8,1150,483.8,72.57,NULL,NULL,NULL,NULL,NULL,NULL
10365,2025-04-17 00:00:00,INV59265,B,525,525,0,0,NULL,NULL,NULL,NULL,NULL,NULL
10368,2025-06-02 00:00:00,59451,B,3843.7,3843.7,0,0,NULL,NULL,NULL,NULL,NULL,NULL
10386,2025-07-25 00:00:00,59671,B,4025,3533.14,491.86,0,NULL,NULL,NULL,NULL,NULL,NULL
10387,2025-06-16 00:00:00,INV59475,B,250,250,0,0,NULL,NULL,NULL,NULL,NULL,NULL
10388,2025-07-16 00:00:00,59594,B,7905.2,7905.2,0,0,NULL,NULL,NULL,NULL,NULL,NULL
10389,2025-07-16 00:00:00,59595,B,7910.16,7910.16,0,0,NULL,NULL,NULL,NULL,NULL,NULL
10390,2025-07-17 00:00:00,59596,B,8066.32,8066.32,0,0,NULL,NULL,NULL,NULL,NULL,NULL
10391,2025-07-28 00:00:00,59670,B,8551.9,6820.52,1731.38,0,NULL,NULL,NULL,NULL,NULL,NULL
10392,2025-07-28 00:00:00,59597,B,10467.5,8364.76,2102.74,0,NULL,NULL,NULL,NULL,NULL,NULL
10393,2025-07-28 00:00:00,59598,B,10395.75,8448.28,1947.47,0,NULL,NULL,NULL,NULL,NULL,NULL
10394,2025-07-28 00:00:00,59651,B,9066.64,6593.92,2472.72,0,NULL,NULL,NULL,NULL,NULL,NULL
10395,2025-07-28 00:00:00,59672,B,9854,9065.68,788.32,137.956,NULL,NULL,NULL,NULL,NULL,NULL
10396,2025-07-28 00:00:00,59627,B,3280.2,2242.08,1038.12,415.248,NULL,NULL,NULL,NULL,NULL,NULL
10397,2025-07-28 00:00:00,59543,B,1591.8,1150,441.8,66.27,NULL,NULL,NULL,NULL,NULL,NULL
10399,2025-07-28 00:00:00,59677,B,640.58,320.29,320.29,0,NULL,NULL,NULL,NULL,NULL,NULL
10400,2025-07-29 00:00:00,59496,B,1988,1645,343,0,NULL,NULL,NULL,NULL,NULL,NULL
10401,2025-07-29 00:00:00,59498,B,2016,1665,351,0,NULL,NULL,NULL,NULL,NULL,NULL
10402,2025-07-29 00:00:00,59500,B,2023,1670,353,0,NULL,NULL,NULL,NULL,NULL,NULL
10403,2025-06-24 00:00:00,59333,B,5125.5,4065.3,1060.2,0,NULL,NULL,NULL,NULL,NULL,NULL
10404,2025-07-30 00:00:00,58125,B,0,835,-835,0,NULL,NULL,NULL,NULL,NULL,NULL
10405,2025-06-30 00:00:00,59572,B,9578.81,7496.46,2082.35,0,NULL,NULL,NULL,NULL,NULL,NULL
10406,2025-06-30 00:00:00,59575,B,9228.29,7222.14,2006.15,0,NULL,NULL,NULL,NULL,NULL,NULL
10408,2025-05-16 00:00:00,59265,B,325.8,-200,525.8,210.32,NULL,NULL,NULL,NULL,NULL,NULL
10409,2025-07-17 00:00:00,59649,B,8020.72,8020.72,0,0,NULL,NULL,NULL,NULL,NULL,NULL
10410,2025-07-21 00:00:00,59650,B,8013.36,8013.36,0,0,NULL,NULL,NULL,NULL,NULL,NULL
10411,2025-07-31 00:00:00,59684,B,1486.2,875,611.2,0,NULL,NULL,NULL,NULL,NULL,NULL
10412,2025-07-31 00:00:00,59678,B,975.9,485,490.9,0,NULL,NULL,NULL,NULL,NULL,NULL
10413,2025-07-31 00:00:00,59679,B,901,364.15,536.85,0,NULL,NULL,NULL,NULL,NULL,NULL
10416,2025-07-31 00:00:00,59693,B,478.8,239.4,239.4,0,NULL,NULL,NULL,NULL,NULL,NULL
10417,2025-07-14 00:00:00,59609,B,2025,1375,650,0,NULL,NULL,NULL,NULL,NULL,NULL
10418,2025-07-28 00:00:00,INV59684,B,300,300,0,0,NULL,NULL,NULL,NULL,NULL,NULL
10419,2025-08-04 00:00:00,59502,B,2002,1655,347,0,NULL,NULL,NULL,NULL,NULL,NULL
10420,2025-08-04 00:00:00,59584,B,2787.2,1872.6,914.6,160.055,NULL,NULL,NULL,NULL,NULL,NULL
10421,2025-08-04 00:00:00,59544,B,1567.8,850,717.8,107.67,NULL,NULL,NULL,NULL,NULL,NULL
10422,2025-08-05 00:00:00,59704,B,1751,1050.6,700.4,0,NULL,NULL,NULL,NULL,NULL,NULL
10423,2025-08-05 00:00:00,59675,B,10550,9100,1450,0,NULL,NULL,NULL,NULL,NULL,NULL
10424,2025-08-05 00:00:00,59683,B,12660,10920,1740,0,NULL,NULL,NULL,NULL,NULL,NULL
10425,2025-08-05 00:00:00,59710,B,12564.6,10616.6,1948,0,NULL,NULL,NULL,NULL,NULL,NULL
10426,2025-08-05 00:00:00,59694,B,1262,1130,132,52.8,NULL,NULL,NULL,NULL,NULL,NULL
10427,2025-08-05 00:00:00,59690,B,974.4,485,489.4,0,NULL,NULL,NULL,NULL,NULL,NULL
10428,2025-08-07 00:00:00,59681,B,4050,3600,450,0,NULL,NULL,NULL,NULL,NULL,NULL
10429,2025-08-07 00:00:00,59646,B,1685.8,950,735.8,294.32,NULL,NULL,NULL,NULL,NULL,NULL
10430,2025-08-07 00:00:00,59700,B,1280,2550,-1270,-508,NULL,NULL,NULL,NULL,NULL,NULL
10431,2025-08-07 00:00:00,59673,B,1230,1050,180,72,NULL,NULL,NULL,NULL,NULL,NULL
10432,2025-08-07 00:00:00,59707,B,1088,800,288,50.4,NULL,NULL,NULL,NULL,NULL,NULL
10433,2025-08-07 00:00:00,59638,B,1254.54,323.7,930.84,0,NULL,NULL,NULL,NULL,NULL,NULL
10434,2025-07-23 00:00:00,INV59673,B,250,250,0,0,NULL,NULL,NULL,NULL,NULL,NULL
10435,2025-07-15 00:00:00,INV59549,B,262.08,262.08,0,0,NULL,NULL,NULL,NULL,NULL,NULL
10438,2025-08-08 00:00:00,59654,B,1755.8,1150,605.8,90.87,NULL,NULL,NULL,NULL,NULL,NULL
10439,2025-07-10 00:00:00,59497,B,1125,1125,0,0,NULL,NULL,NULL,NULL,NULL,NULL
10440,2025-08-08 00:00:00,59499,B,1379,1379,0,0,NULL,NULL,NULL,NULL,NULL,NULL
10443,2025-08-12 00:00:00,59373,B,3626.4,1100,2526.4,0,NULL,NULL,NULL,NULL,NULL,NULL
10445,2025-08-13 00:00:00,59531,B,-965,1150,-2115,-317.25,NULL,NULL,NULL,NULL,NULL,NULL
10446,2025-08-14 00:00:00,59588,B,870,652.5,217.5,0,NULL,NULL,NULL,NULL,NULL,NULL
10448,2025-08-14 00:00:00,59714,B,1080,950,130,52,NULL,NULL,NULL,NULL,NULL,NULL
10449,2025-08-08 00:00:00,59545,B,1711.8,1200,511.8,76.77,NULL,NULL,NULL,NULL,NULL,NULL
10450,2025-08-12 00:00:00,59501,B,1953,1620,333,0,NULL,NULL,NULL,NULL,NULL,NULL
10451,2025-08-12 00:00:00,59503,B,1960,1625,335,0,NULL,NULL,NULL,NULL,NULL,NULL
10452,2025-08-18 00:00:00,59637,B,0,250,-250,-100,NULL,NULL,NULL,NULL,NULL,NULL
10453,2025-08-22 00:00:00,59756,B,4500,4042.55,457.45,0,NULL,NULL,NULL,NULL,NULL,NULL
10455,2025-07-28 00:00:00,59121,B,4250.3,3355.5,894.8,0,NULL,NULL,NULL,NULL,NULL,NULL
10456,2025-07-31 00:00:00,59122,B,3668.9,2896.5,772.4,0,NULL,NULL,NULL,NULL,NULL,NULL
10457,2025-07-31 00:00:00,59120,B,4043.2,3192,851.2,0,NULL,NULL,NULL,NULL,NULL,NULL
10458,2025-06-18 00:00:00,59530,B,-965,1150,-2115,-317.25,NULL,NULL,NULL,NULL,NULL,NULL
10460,2025-08-26 00:00:00,59738,B,13124.2,11320.4,1803.8,0,NULL,NULL,NULL,NULL,NULL,NULL
10461,2025-08-26 00:00:00,59746,B,1284,443.8,840.2,0,NULL,NULL,NULL,NULL,NULL,NULL
10462,2025-08-26 00:00:00,59736,B,10925.4,10264.4,661,0,NULL,NULL,NULL,NULL,NULL,NULL
10463,2025-08-26 00:00:00,59685,B,5925.35,5353.43,571.92,0,NULL,NULL,NULL,NULL,NULL,NULL
10465,2025-08-26 00:00:00,59634,B,6845.9,5667,1178.9,176.835,NULL,NULL,NULL,NULL,NULL,NULL
10466,2025-08-26 00:00:00,59775,B,1771,4958.7,-3187.7,0,NULL,NULL,NULL,NULL,NULL,NULL
10467,2025-08-26 00:00:00,59369,B,0,0,0,0,NULL,NULL,NULL,NULL,NULL,NULL
10468,2025-08-26 00:00:00,59761,B,11605,10010,1595,0,NULL,NULL,NULL,NULL,NULL,NULL
10469,2025-08-26 00:00:00,59773,B,11605,10010,1595,0,NULL,NULL,NULL,NULL,NULL,NULL
10470,2025-08-26 00:00:00,59621,B,5501.55,4290.93,1210.62,0,NULL,NULL,NULL,NULL,NULL,NULL
10471,2025-08-26 00:00:00,59706,B,9259.2,7215.7,2043.5,0,NULL,NULL,NULL,NULL,NULL,NULL
10472,2025-08-26 00:00:00,59725,B,7387.2,5114,2273.2,909.28,NULL,NULL,NULL,NULL,NULL,NULL
10473,2025-08-26 00:00:00,59755,B,9352,8261.49,1090.51,0,NULL,NULL,NULL,NULL,NULL,NULL
10474,2025-08-26 00:00:00,59427,B,2873,1281.5,1591.5,278.513,NULL,NULL,NULL,NULL,NULL,NULL
10475,2025-08-26 00:00:00,59428,B,2873,1131.5,1741.5,304.763,NULL,NULL,NULL,NULL,NULL,NULL
10476,2025-08-26 00:00:00,59740,B,1130,730,400,160,NULL,NULL,NULL,NULL,NULL,NULL
10477,2025-08-26 00:00:00,59708,B,9980,9287.86,692.14,121.125,NULL,NULL,NULL,NULL,NULL,NULL
10478,2025-08-26 00:00:00,59767,B,6698.48,4321.6,2376.88,37.809,NULL,NULL,NULL,NULL,NULL,NULL
10479,2025-08-26 00:00:00,59655,B,1521.8,1150,371.8,55.77,NULL,NULL,NULL,NULL,NULL,NULL
10480,2025-08-26 00:00:00,59658,B,1573.8,1150,423.8,63.57,NULL,NULL,NULL,NULL,NULL,NULL
10481,2025-08-26 00:00:00,59751,B,702.81,492.46,210.35,0,NULL,NULL,NULL,NULL,NULL,NULL
10482,2025-08-26 00:00:00,59615,B,8270,7190.76,1079.24,0,NULL,NULL,NULL,NULL,NULL,NULL
10484,2025-08-04 00:00:00,59442B,B,4106.11,4106.11,0,0,NULL,NULL,NULL,NULL,NULL,NULL
10485,2025-08-27 00:00:00,59442C,B,855.68,3306.15,-2450.47,0,NULL,NULL,NULL,NULL,NULL,NULL
10486,2025-08-07 00:00:00,59739,B,6768.37,6768.37,0,0,NULL,NULL,NULL,NULL,NULL,NULL
10487,2025-08-27 00:00:00,59747,B,1162.5,731.25,431.25,0,NULL,NULL,NULL,NULL,NULL,NULL
10488,2025-08-27 00:00:00,59726,B,10801.29,9896.49,904.8,0,NULL,NULL,NULL,NULL,NULL,NULL
10489,2025-08-28 00:00:00,INV59077,A,-1095,0,-1095,0,2602,S,-1095,0,NULL,NULL
10490,2025-08-13 00:00:00,59644,B,4096.32,3068.83,1027.49,410.996,NULL,NULL,NULL,NULL,NULL,NULL
10493,2025-08-29 00:00:00,59440A,B,29190,18317.34,10872.66,0,NULL,NULL,NULL,NULL,NULL,NULL
10495,2025-08-29 00:00:00,59776,B,1735.14,1023.22,711.92,106.788,NULL,NULL,NULL,NULL,NULL,NULL
10496,2025-08-29 00:00:00,59652,B,9116.36,6630.08,2486.28,0,NULL,NULL,NULL,NULL,NULL,NULL
10497,2025-08-29 00:00:00,59676,B,5931.68,3110.48,2821.2,0,NULL,NULL,NULL,NULL,NULL,NULL
10498,2025-08-29 00:00:00,59739A,B,8549.52,1050,7499.52,0,NULL,NULL,NULL,NULL,NULL,NULL
10499,2025-08-29 00:00:00,59766,B,3441.6,2904,537.6,0,NULL,NULL,NULL,NULL,NULL,NULL
10500,2025-08-29 00:00:00,59786,B,2008.6,1125,883.6,353.44,NULL,NULL,NULL,NULL,NULL,NULL
10501,2025-08-29 00:00:00,59758,B,7477.2,4154,3323.2,1329.28,NULL,NULL,NULL,NULL,NULL,NULL
10503,2025-08-29 00:00:00,59727,B,1862.82,1065.99,796.83,318.732,NULL,NULL,NULL,NULL,NULL,NULL
10504,2025-08-29 00:00:00,59692,B,8661.6,4849.6,3812,667.1,NULL,NULL,NULL,NULL,NULL,NULL
10506,2025-07-21 00:00:00,INV59646,B,250,250,0,0,NULL,NULL,NULL,NULL,NULL,NULL
10507,2025-09-02 00:00:00,59473,B,0,-150,150,0,NULL,NULL,NULL,NULL,NULL,NULL
10508,2025-09-02 00:00:00,54445,A,0.01,0,0.01,0,1137,S,0.01,0,NULL,NULL
10509,2025-08-14 00:00:00,59737,B,1522.6,525,997.6,0,NULL,NULL,NULL,NULL,NULL,NULL
10510,2025-08-26 00:00:00,59754,B,2822.18,2606.5,215.68,0,NULL,NULL,NULL,NULL,NULL,NULL
10511,2025-08-29 00:00:00,59784,B,1021.68,1070.84,-49.16,0,NULL,NULL,NULL,NULL,NULL,NULL
10512,2025-09-03 00:00:00,59630,B,10045.75,8677.68,1368.07,0,NULL,NULL,NULL,NULL,NULL,NULL
10513,2025-09-03 00:00:00,59753,B,7113.4,6786.4,327,0,NULL,NULL,NULL,NULL,NULL,NULL
10514,2025-09-03 00:00:00,59686,B,6243.2,5462.8,780.4,0,NULL,NULL,NULL,NULL,NULL,NULL
10515,2025-09-03 00:00:00,59742,B,907.2,611.1,296.1,0,NULL,NULL,NULL,NULL,NULL,NULL
10516,2025-09-03 00:00:00,59743,B,1152,898,254,0,NULL,NULL,NULL,NULL,NULL,NULL
10518,2025-09-03 00:00:00,59741,B,1149.5,730,419.5,167.8,NULL,NULL,NULL,NULL,NULL,NULL
10519,2025-09-03 00:00:00,59689,B,1188.6,0,1188.6,475.44,NULL,NULL,NULL,NULL,NULL,NULL
10520,2025-09-03 00:00:00,59712,B,5814,4507.6,1306.4,522.56,NULL,NULL,NULL,NULL,NULL,NULL
10521,2025-09-03 00:00:00,59656,B,2345.8,1150,1195.8,179.37,NULL,NULL,NULL,NULL,NULL,NULL
10522,2025-09-03 00:00:00,59657,B,1566.6,850,716.6,107.49,NULL,NULL,NULL,NULL,NULL,NULL
10523,2025-09-03 00:00:00,59659,B,1685.8,1150,535.8,80.37,NULL,NULL,NULL,NULL,NULL,NULL
10524,2025-09-03 00:00:00,59660,B,1615.8,850,765.8,114.87,NULL,NULL,NULL,NULL,NULL,NULL
10525,2025-09-03 00:00:00,59661,B,1648.3,1150,498.3,74.745,NULL,NULL,NULL,NULL,NULL,NULL
10527,2025-08-28 00:00:00,59765,B,4221.8,3333,888.8,0,NULL,NULL,NULL,NULL,NULL,NULL
10528,2025-08-28 00:00:00,59762,B,4307.3,3400.5,906.8,0,NULL,NULL,NULL,NULL,NULL,NULL
10529,2025-09-03 00:00:00,59764,B,4181.9,3301.5,880.4,0,NULL,NULL,NULL,NULL,NULL,NULL
10530,2025-09-05 00:00:00,59801,B,11215.2,10453.6,761.6,0,NULL,NULL,NULL,NULL,NULL,NULL
10531,2025-09-05 00:00:00,59797,B,1320,870,450,0,NULL,NULL,NULL,NULL,NULL,NULL
10532,2025-09-05 00:00:00,59680,B,970,600,370,148,NULL,NULL,NULL,NULL,NULL,NULL
10533,2025-09-05 00:00:00,59713,B,10411.2,5990.6,4420.6,1768.24,NULL,NULL,NULL,NULL,NULL,NULL
10534,2025-09-05 00:00:00,59795,B,3624,2824.39,799.61,319.844,NULL,NULL,NULL,NULL,NULL,NULL
10535,2025-07-15 00:00:00,59629,B,7041.8,5180.9,1860.9,325.658,NULL,NULL,NULL,NULL,NULL,NULL
10536,2025-09-08 00:00:00,59504,B,1904,1585,319,0,NULL,NULL,NULL,NULL,NULL,NULL
10537,2025-09-08 00:00:00,59505,B,2023,1670,353,0,NULL,NULL,NULL,NULL,NULL,NULL
10539,2025-09-09 00:00:00,59785,B,1699.2,1351.5,347.7,0,NULL,NULL,NULL,NULL,NULL,NULL
10540,2025-09-09 00:00:00,59791,B,1102.2,700,402.2,70.385,NULL,NULL,NULL,NULL,NULL,NULL
10541,2025-09-09 00:00:00,59768,B,886,700,186,32.55,NULL,NULL,NULL,NULL,NULL,NULL
10542,2025-09-09 00:00:00,59783,B,438.76,400,38.76,6.783,NULL,NULL,NULL,NULL,NULL,NULL
10543,2025-09-09 00:00:00,59662,B,1566.8,850,716.8,107.52,NULL,NULL,NULL,NULL,NULL,NULL
10544,2025-09-10 00:00:00,59798,B,1463,973,490,0,NULL,NULL,NULL,NULL,NULL,NULL
10545,2025-09-10 00:00:00,59799,B,1436.6,880.6,556,0,NULL,NULL,NULL,NULL,NULL,NULL
10546,2025-09-10 00:00:00,59796,B,3160,1975,1185,177.75,NULL,NULL,NULL,NULL,NULL,NULL
10547,2025-09-10 00:00:00,59810,B,3180.65,630,2550.65,446.364,NULL,NULL,NULL,NULL,NULL,NULL
10548,2025-09-03 00:00:00,59752,B,0,350,-350,0,NULL,NULL,NULL,NULL,NULL,NULL
10549,2025-09-11 00:00:00,59744,B,1200,734.8,465.2,0,NULL,NULL,NULL,NULL,NULL,NULL
10550,2025-09-11 00:00:00,59793,B,4512,4264.5,247.5,0,NULL,NULL,NULL,NULL,NULL,NULL
10552,2025-09-11 00:00:00,59757,B,1135.52,755.92,379.6,66.43,NULL,NULL,NULL,NULL,NULL,NULL
10553,2025-09-11 00:00:00,59663,B,1565.8,850,715.8,107.37,NULL,NULL,NULL,NULL,NULL,NULL
10555,2025-09-16 00:00:00,59644,A,1086.72,0,1086.72,0,1891,S,1086.72,0,NULL,NULL
10556,2025-09-16 00:00:00,59820,B,1602.48,874.08,728.4,0,NULL,NULL,NULL,NULL,NULL,NULL
10557,2025-09-16 00:00:00,59778,B,1640,875,765,306,NULL,NULL,NULL,NULL,NULL,NULL
10558,2025-09-16 00:00:00,59792,B,1375,700,675,118.125,NULL,NULL,NULL,NULL,NULL,NULL
10560,2025-09-16 00:00:00,59833,B,1654.4,850,804.4,0,NULL,NULL,NULL,NULL,NULL,NULL
10561,2025-09-18 00:00:00,59806,B,8595.4,8020.72,574.68,0,NULL,NULL,NULL,NULL,NULL,NULL
10562,2025-09-18 00:00:00,59770,B,8960.6,8855.2,105.4,0,NULL,NULL,NULL,NULL,NULL,NULL
10563,2025-09-18 00:00:00,59771,B,8965.22,8860.16,105.06,0,NULL,NULL,NULL,NULL,NULL,NULL
10564,2025-09-18 00:00:00,59805,B,9179.94,8066.32,1113.62,0,NULL,NULL,NULL,NULL,NULL,NULL
10565,2025-09-18 00:00:00,59745,B,1122,427.2,694.8,0,NULL,NULL,NULL,NULL,NULL,NULL
10566,2025-09-18 00:00:00,59788,B,11160.6,10609.2,551.4,0,NULL,NULL,NULL,NULL,NULL,NULL
10567,2025-09-18 00:00:00,59825,B,13420.48,13001.09,419.39,0,NULL,NULL,NULL,NULL,NULL,NULL
10568,2025-09-18 00:00:00,59812,B,3193.6,1996,1197.6,179.64,NULL,NULL,NULL,NULL,NULL,NULL
10569,2025-09-18 00:00:00,59811,B,2072.62,330,1742.62,304.959,NULL,NULL,NULL,NULL,NULL,NULL
10571,2025-09-18 00:00:00,59814,B,7672.8,6087.6,1585.2,277.41,NULL,NULL,NULL,NULL,NULL,NULL
10572,2025-09-18 00:00:00,59664,B,2129.8,1150,979.8,146.97,NULL,NULL,NULL,NULL,NULL,NULL
10574,NULL,59767,A,0,-1296.5,1296.5,0,1311,P,-1296.5,0,NULL,NULL
10575,2025-09-19 00:00:00,59767,A,-2160.83,0,-2160.83,0,2326,S,-2160.83,0,NULL,NULL
10576,2025-09-15 00:00:00,59817,A,0,-11.62,11.62,0,2176,P,-11.62,113881,NULL,NULL
10577,2025-09-18 00:00:00,59665,B,2489.8,1150,1339.8,200.97,NULL,NULL,NULL,NULL,NULL,NULL
10578,2025-09-22 00:00:00,59849,B,15917.1,15102.8,814.3,0,NULL,NULL,NULL,NULL,NULL,NULL
10580,2025-09-22 00:00:00,59850,B,7214.94,6499.12,715.82,0,NULL,NULL,NULL,NULL,NULL,NULL
10581,2025-09-22 00:00:00,59787,B,11734.27,11151.86,582.41,0,NULL,NULL,NULL,NULL,NULL,NULL
10582,2025-09-22 00:00:00,59818,B,10635,5846.82,4788.18,837.932,NULL,NULL,NULL,NULL,NULL,NULL
10583,2025-09-22 00:00:00,59829,B,10557,5911.92,4645.08,812.889,NULL,NULL,NULL,NULL,NULL,NULL
10584,2025-09-22 00:00:00,59830,B,9332,5225.92,4106.08,718.564,NULL,NULL,NULL,NULL,NULL,NULL
10585,2025-09-22 00:00:00,59815,B,10237.5,9418.5,819,143.325,NULL,NULL,NULL,NULL,NULL,NULL
10587,2025-09-22 00:00:00,59769,B,5736,4358.2,1377.8,0,NULL,NULL,NULL,NULL,NULL,NULL
10588,2025-09-22 00:00:00,59848,B,2293.2,1349.8,943.4,0,NULL,NULL,NULL,NULL,NULL,NULL
10589,2025-09-22 00:00:00,59616,B,7560,6652.8,907.2,0,NULL,NULL,NULL,NULL,NULL,NULL
10590,2025-09-19 00:00:00,59860,B,423.83,423.83,0,0,NULL,NULL,NULL,NULL,NULL,NULL
10591,2025-09-23 00:00:00,59841,B,7111.26,6418.48,692.78,0,NULL,NULL,NULL,NULL,NULL,NULL
10592,2025-09-24 00:00:00,59789,B,1491.16,1268.08,223.08,0,NULL,NULL,NULL,NULL,NULL,NULL
10593,2025-09-24 00:00:00,59790,B,1995.4,1030,965.4,386.16,NULL,NULL,NULL,NULL,NULL,NULL
10595,2025-09-22 00:00:00,59666,B,2491.8,1150,1341.8,201.27,NULL,NULL,NULL,NULL,NULL,NULL
10596,2025-09-22 00:00:00,59729,B,6321,5529,792,0,NULL,NULL,NULL,NULL,NULL,NULL
10597,2025-08-19 00:00:00,59772,B,9200.37,9200.37,0,0,NULL,NULL,NULL,NULL,NULL,NULL
10600,2025-09-24 00:00:00,59856,B,1075.8,639.77,436.03,0,NULL,NULL,NULL,NULL,NULL,NULL
10601,2025-09-24 00:00:00,59857,B,1408,785,623,0,NULL,NULL,NULL,NULL,NULL,NULL
10602,2025-09-24 00:00:00,59821,B,3825.8,1996.5,1829.3,274.395,NULL,NULL,NULL,NULL,NULL,NULL
10603,2025-09-24 00:00:00,59839,B,1321.54,1183.27,138.27,0,NULL,NULL,NULL,NULL,NULL,NULL
10604,2025-09-24 00:00:00,59800,B,1447.6,881.6,566,0,NULL,NULL,NULL,NULL,NULL,NULL
10606,2025-09-24 00:00:00,59809,B,3750,3250,500,0,NULL,NULL,NULL,NULL,NULL,NULL
10607,2025-09-24 00:00:00,59808,B,8320,6760,1560,0,NULL,NULL,NULL,NULL,NULL,NULL
10608,2025-09-24 00:00:00,59827,B,14145,11775,2370,0,NULL,NULL,NULL,NULL,NULL,NULL
10610,2025-09-24 00:00:00,59828,B,4488.84,3093.49,1395.35,0,NULL,NULL,NULL,NULL,NULL,NULL
10611,2025-09-24 00:00:00,59715,B,1834,1535,299,0,NULL,NULL,NULL,NULL,NULL,NULL
10612,2025-09-24 00:00:00,59716,B,2030,1675,355,0,NULL,NULL,NULL,NULL,NULL,NULL
10613,2025-09-24 00:00:00,59819,B,2296,1640,656,0,NULL,NULL,NULL,NULL,NULL,NULL
10614,2025-09-24 00:00:00,59816,B,9691.4,8835.6,855.8,0,NULL,NULL,NULL,NULL,NULL,NULL
10615,2025-09-24 00:00:00,59823,B,7232.4,6512.34,720.06,0,NULL,NULL,NULL,NULL,NULL,NULL
10616,2025-09-24 00:00:00,59847,B,1760,1100,660,264,NULL,NULL,NULL,NULL,NULL,NULL
10617,2025-09-24 00:00:00,59832,B,693.18,346.59,346.59,0,NULL,NULL,NULL,NULL,NULL,NULL
10621,2025-09-11 00:00:00,59777,B,5976,4267,1709,683.6,NULL,NULL,NULL,NULL,NULL,NULL
10622,2025-09-26 00:00:00,59888,B,4739.2,4219.6,519.6,0,NULL,NULL,NULL,NULL,NULL,NULL
10623,2025-09-26 00:00:00,59853,B,1530.98,1427.17,103.81,0,NULL,NULL,NULL,NULL,NULL,NULL
10624,2025-09-26 00:00:00,59703,B,0,700,-700,0,NULL,NULL,NULL,NULL,NULL,NULL
10625,2025-09-26 00:00:00,59703R,B,1233.6,1254.3,-20.7,0,NULL,NULL,NULL,NULL,NULL,NULL
10627,2025-09-26 00:00:00,59882,B,437.06,218.53,218.53,0,NULL,NULL,NULL,NULL,NULL,NULL
10628,2025-08-28 00:00:00,59779,B,5392.2,5392.2,0,0,NULL,NULL,NULL,NULL,NULL,NULL
10630,2025-08-22 00:00:00,INV59778,B,250,250,0,0,NULL,NULL,NULL,NULL,NULL,NULL
10631,2025-09-29 00:00:00,59858,B,1095,885,210,0,NULL,NULL,NULL,NULL,NULL,NULL
10632,2025-09-29 00:00:00,59874,B,6266.2,4287.4,1978.8,791.52,NULL,NULL,NULL,NULL,NULL,NULL
10633,2025-09-29 00:00:00,59667,B,2051.8,850,1201.8,180.27,NULL,NULL,NULL,NULL,NULL,NULL
10634,2025-09-18 00:00:00,59802,B,4779.72,3839.6,940.12,164.521,NULL,NULL,NULL,NULL,NULL,NULL
10635,2025-09-30 00:00:00,59859,B,428.5,316.02,112.48,0,NULL,NULL,NULL,NULL,NULL,NULL
10636,2025-09-30 00:00:00,59844,B,1689.6,525,1164.6,0,NULL,NULL,NULL,NULL,NULL,NULL
10637,2025-09-30 00:00:00,59871,B,8439.2,7014.4,1424.8,0,NULL,NULL,NULL,NULL,NULL,NULL
10638,2025-10-01 00:00:00,59843,B,9455,8407.6,1047.4,0,NULL,NULL,NULL,NULL,NULL,NULL
10639,2025-10-01 00:00:00,59875,B,4513.6,3546.4,967.2,0,NULL,NULL,NULL,NULL,NULL,NULL
10640,2025-10-01 00:00:00,59877,B,2331,1665,666,0,NULL,NULL,NULL,NULL,NULL,NULL
10641,2025-10-03 00:00:00,59898,B,558.48,585,-26.52,0,NULL,NULL,NULL,NULL,NULL,NULL
10642,2025-10-03 00:00:00,59873,B,5787,4525.8,1261.2,504.48,NULL,NULL,NULL,NULL,NULL,NULL
10643,2025-10-03 00:00:00,59842,B,541.56,270.78,270.78,0,NULL,NULL,NULL,NULL,NULL,NULL
10644,2025-10-03 00:00:00,59901,B,603.32,301.66,301.66,0,NULL,NULL,NULL,NULL,NULL,NULL
10645,2025-10-03 00:00:00,59904,B,1557.33,449,1108.33,0,NULL,NULL,NULL,NULL,NULL,NULL
10646,2025-10-06 00:00:00,59734,B,1500,0,1500,0,NULL,NULL,NULL,NULL,NULL,NULL
10648,2025-10-06 00:00:00,59735,B,1500,0,1500,0,NULL,NULL,NULL,NULL,NULL,NULL
10649,2025-10-06 00:00:00,59732,B,0,0,0,0,NULL,NULL,NULL,NULL,NULL,NULL
10650,2025-10-06 00:00:00,59822,B,2439.8,1679.5,760.3,114.045,NULL,NULL,NULL,NULL,NULL,NULL
10651,2025-10-06 00:00:00,59391,B,2812.6,1653.6,1159,173.85,NULL,NULL,NULL,NULL,NULL,NULL
10652,2025-10-06 00:00:00,59899,B,1746.36,1250,496.36,198.544,NULL,NULL,NULL,NULL,NULL,NULL
10653,2025-10-06 00:00:00,59884,B,6780,4825,1955,342.125,NULL,NULL,NULL,NULL,NULL,NULL
10656,2025-10-07 00:00:00,59906,B,1154.01,1014.5,139.51,0,NULL,NULL,NULL,NULL,NULL,NULL
10657,2025-10-07 00:00:00,59730,B,1500,0,1500,0,NULL,NULL,NULL,NULL,NULL,NULL
10658,2025-10-07 00:00:00,59733,B,1500,0,1500,0,NULL,NULL,NULL,NULL,NULL,NULL
10660,2025-10-07 00:00:00,59836,B,1500,0,1500,0,NULL,NULL,NULL,NULL,NULL,NULL
10662,2025-10-07 00:00:00,59838,B,1500,0,1500,0,NULL,NULL,NULL,NULL,NULL,NULL
10663,2025-10-07 00:00:00,59932,B,1500,0,1500,0,NULL,NULL,NULL,NULL,NULL,NULL
10664,2025-10-07 00:00:00,59854,B,10048.75,9221.16,827.59,144.828,NULL,NULL,NULL,NULL,NULL,NULL
10665,2025-10-07 00:00:00,59837,B,0,0,0,0,NULL,NULL,NULL,NULL,NULL,NULL
10666,2025-10-07 00:00:00,59835,B,0,0,0,0,NULL,NULL,NULL,NULL,NULL,NULL
10667,2025-10-06 00:00:00,59731,B,1250,0,1250,0,NULL,NULL,NULL,NULL,NULL,NULL
10672,2025-09-24 00:00:00,59782,B,9087.6,9200.37,-112.77,0,NULL,NULL,NULL,NULL,NULL,NULL
10673,2025-09-16 00:00:00,59817,B,10320,5930.82,4389.18,770.14,NULL,NULL,NULL,NULL,NULL,NULL
10674,2025-10-08 00:00:00,59885,B,4415.62,3211.36,1204.26,0,NULL,NULL,NULL,NULL,NULL,NULL
10675,2025-10-08 00:00:00,59717,B,1953,1620,333,0,NULL,NULL,NULL,NULL,NULL,NULL
10676,2025-10-08 00:00:00,59895,B,5914.24,5520.5,393.74,0,NULL,NULL,NULL,NULL,NULL,NULL
10677,2025-10-08 00:00:00,59872,B,7023.6,3902,3121.6,1248.64,NULL,NULL,NULL,NULL,NULL,NULL
10678,2025-10-08 00:00:00,59855,B,8074.8,4288.8,3786,662.55,NULL,NULL,NULL,NULL,NULL,NULL
10679,2025-10-08 00:00:00,59831,B,7777,2329.25,5447.75,2179.1,NULL,NULL,NULL,NULL,NULL,NULL
10680,2025-10-07 00:00:00,59908,B,976.8,940,36.8,6.44,NULL,NULL,NULL,NULL,NULL,NULL
10681,2025-10-06 00:00:00,59861,B,1723.8,1150,573.8,86.07,NULL,NULL,NULL,NULL,NULL,NULL
10682,2025-09-25 00:00:00,59728,B,1116.5,883.25,233.25,0,NULL,NULL,NULL,NULL,NULL,NULL
10685,2025-10-09 00:00:00,59862,B,1651.8,1150,501.8,75.27,NULL,NULL,NULL,NULL,NULL,NULL
10686,2025-10-13 00:00:00,59917,B,10382.6,9739.2,643.4,0,NULL,NULL,NULL,NULL,NULL,NULL
10687,2025-10-13 00:00:00,59927,B,1463,798,665,0,NULL,NULL,NULL,NULL,NULL,NULL
10688,2025-10-13 00:00:00,59896,B,6603,5367,1236,0,NULL,NULL,NULL,NULL,NULL,NULL
10689,2025-10-13 00:00:00,59926,B,1841.18,1165,676.18,270.472,NULL,NULL,NULL,NULL,NULL,NULL
10691,2025-10-13 00:00:00,59863,B,1611.8,1150,461.8,69.27,NULL,NULL,NULL,NULL,NULL,NULL
10692,2025-10-13 00:00:00,59925,B,4538.25,4107.95,430.3,0,NULL,NULL,NULL,NULL,NULL,NULL
10693,2025-10-13 00:00:00,59617,B,6370,5541.9,828.1,0,NULL,NULL,NULL,NULL,NULL,NULL
10694,2025-10-13 00:00:00,59893,B,1371.5,1061,310.5,54.338,NULL,NULL,NULL,NULL,NULL,NULL
10697,2025-06-25 00:00:00,59571,B,3702.5,3702.5,0,0,NULL,NULL,NULL,NULL,NULL,NULL
10704,2025-07-14 00:00:00,59593,B,8481.66,8481.66,0,0,NULL,NULL,NULL,NULL,NULL,NULL
10707,2025-04-28 00:00:00,59340,B,8584.08,8584.08,0,0,NULL,NULL,NULL,NULL,NULL,NULL
10713,2025-06-03 00:00:00,59465,B,2963.7,2963.7,0,0,NULL,NULL,NULL,NULL,NULL,NULL
10714,2025-10-15 00:00:00,59846,B,10821.16,9914.4,906.76,0,NULL,NULL,NULL,NULL,NULL,NULL
10715,2025-10-15 00:00:00,59876,B,3750,3375,375,0,NULL,NULL,NULL,NULL,NULL,NULL
10716,2025-10-15 00:00:00,59924,B,9735,9020,715,0,NULL,NULL,NULL,NULL,NULL,NULL
10717,2025-10-15 00:00:00,59920,B,6366.72,5379.2,987.52,0,NULL,NULL,NULL,NULL,NULL,NULL
10718,2025-10-15 00:00:00,59883,B,2156,1540,616,0,NULL,NULL,NULL,NULL,NULL,NULL
10719,2025-10-15 00:00:00,59913,B,2282,1630,652,0,NULL,NULL,NULL,NULL,NULL,NULL
10720,2025-10-15 00:00:00,59914,B,2177,1555,622,0,NULL,NULL,NULL,NULL,NULL,NULL
10721,2025-10-15 00:00:00,59910,B,5949,4304.2,1644.8,657.92,NULL,NULL,NULL,NULL,NULL,NULL
10722,2025-10-15 00:00:00,59930,B,687.35,494.21,193.14,33.8,NULL,NULL,NULL,NULL,NULL,NULL
10723,2025-10-15 00:00:00,59931,B,3143.4,1425,1718.4,687.36,NULL,NULL,NULL,NULL,NULL,NULL
10726,2025-08-04 00:00:00,59442D,B,740.15,740.15,0,0,NULL,NULL,NULL,NULL,NULL,NULL
10727,2025-09-25 00:00:00,59772,A,0,374.14,-374.14,0,2041,P,374.14,113937,NULL,NULL
10728,2025-09-30 00:00:00,59772,A,0,-865.28,865.28,0,2106,P,-865.28,113955,NULL,NULL
10729,2025-10-16 00:00:00,59840,B,2017.39,919.69,1097.7,0,NULL,NULL,NULL,NULL,NULL,NULL
10730,2025-10-17 00:00:00,59934,B,1493.8,1035.8,458,0,NULL,NULL,NULL,NULL,NULL,NULL
10731,2025-10-17 00:00:00,59935,B,1348.6,1022.6,326,0,NULL,NULL,NULL,NULL,NULL,NULL
10732,2025-10-17 00:00:00,59939,B,7165.2,5495.22,1669.98,0,NULL,NULL,NULL,NULL,NULL,NULL
10733,2025-10-17 00:00:00,59941,B,1438.8,1165,273.8,109.52,NULL,NULL,NULL,NULL,NULL,NULL
10734,2025-10-17 00:00:00,59909,B,4350,2964,1386,554.4,NULL,NULL,NULL,NULL,NULL,NULL
10735,2025-10-17 00:00:00,59881,B,2584.8,893.6,1691.2,676.48,NULL,NULL,NULL,NULL,NULL,NULL
10736,2025-10-17 00:00:00,59955,B,587.62,293.81,293.81,0,NULL,NULL,NULL,NULL,NULL,NULL
10737,2025-10-20 00:00:00,59640,B,10564.5,5916.12,4648.38,813.467,NULL,NULL,NULL,NULL,NULL,NULL
10738,2025-10-20 00:00:00,59641,B,10622.75,5948.74,4674.01,817.952,NULL,NULL,NULL,NULL,NULL,NULL
10739,2025-10-20 00:00:00,59709,B,10130,9221.16,908.84,159.047,NULL,NULL,NULL,NULL,NULL,NULL
10740,2025-10-20 00:00:00,59759,B,1052.74,728.82,323.92,56.686,NULL,NULL,NULL,NULL,NULL,NULL
10741,2025-10-20 00:00:00,59781,B,439.2,219.6,219.6,0,NULL,NULL,NULL,NULL,NULL,NULL
10742,2025-10-20 00:00:00,59878,B,5367.6,4788.15,579.45,0,NULL,NULL,NULL,NULL,NULL,NULL
10743,2025-10-20 00:00:00,59954,B,1313.4,750,563.4,225.36,NULL,NULL,NULL,NULL,NULL,NULL
10744,2025-10-20 00:00:00,59865,B,1627.8,1150,477.8,71.67,NULL,NULL,NULL,NULL,NULL,NULL
10745,2024-12-31 00:00:00,58774,A,0,-57250.36,57250.36,0,2592,P,-57250.36,113967,NULL,NULL
10746,2025-10-21 00:00:00,59918,B,9255,8513.6,741.4,0,NULL,NULL,NULL,NULL,NULL,NULL
10747,2025-10-21 00:00:00,59922,B,9937.2,8650.8,1286.4,0,NULL,NULL,NULL,NULL,NULL,NULL
10749,2025-10-21 00:00:00,59923,B,10259.61,8428.6,1831.01,0,NULL,NULL,NULL,NULL,NULL,NULL
10750,2024-10-03 00:00:00,58485,B,6521.96,6521.96,0,0,NULL,NULL,NULL,NULL,NULL,NULL
10751,2025-10-23 00:00:00,59864,B,1631.8,850,781.8,117.27,NULL,NULL,NULL,NULL,NULL,NULL
10752,2025-08-12 00:00:00,INV59588,B,447.5,447.5,0,0,NULL,NULL,NULL,NULL,NULL,NULL
10753,2025-10-24 00:00:00,59936,B,1298,918,380,0,NULL,NULL,NULL,NULL,NULL,NULL
10755,2025-10-24 00:00:00,59958,B,1104.4,675,429.4,171.76,NULL,NULL,NULL,NULL,NULL,NULL
10757,2025-08-29 00:00:00,59794,B,0,0,0,0,NULL,NULL,NULL,NULL,NULL,NULL
10758,2025-10-22 00:00:00,INV59958,B,400,400,0,0,NULL,NULL,NULL,NULL,NULL,NULL
10759,2025-08-12 00:00:00,INV59714,B,250,250,0,0,NULL,NULL,NULL,NULL,NULL,NULL
10761,2025-10-01 00:00:00,INV59899,B,350,350,0,0,NULL,NULL,NULL,NULL,NULL,NULL
10762,2025-09-11 00:00:00,INV59833,B,300,300,0,0,NULL,NULL,NULL,NULL,NULL,NULL
10763,2025-08-21 00:00:00,INV59369,B,150,150,0,0,NULL,NULL,NULL,NULL,NULL,NULL
10764,2025-10-16 00:00:00,INV59954,B,400,400,0,0,NULL,NULL,NULL,NULL,NULL,NULL
10765,2025-09-22 00:00:00,INV9856,B,145.23,145.23,0,0,NULL,NULL,NULL,NULL,NULL,NULL
10766,2025-09-25 00:00:00,INV59859,B,568.98,568.98,0,0,NULL,NULL,NULL,NULL,NULL,NULL
10767,2025-10-29 00:00:00,59894,B,1972.32,1246.54,725.78,0,NULL,NULL,NULL,NULL,NULL,NULL
10768,2025-10-29 00:00:00,59794A,B,0,0,0,0,NULL,NULL,NULL,NULL,NULL,NULL
10769,2025-10-29 00:00:00,59983,B,15960,14364,1596,0,NULL,NULL,NULL,NULL,NULL,NULL
10770,2025-10-29 00:00:00,59866,B,2099.8,1150,949.8,142.47,NULL,NULL,NULL,NULL,NULL,NULL
10771,2025-10-29 00:00:00,59867,B,1661.8,1150,511.8,76.77,NULL,NULL,NULL,NULL,NULL,NULL
10772,2025-10-29 00:00:00,59965,B,10522.6,9848.4,674.2,0,NULL,NULL,NULL,NULL,NULL,NULL
10773,2025-10-14 00:00:00,INV59930,B,417.79,417.79,0,0,NULL,NULL,NULL,NULL,NULL,NULL
10774,2025-10-30 00:00:00,59982,B,15960,14364,1596,0,NULL,NULL,NULL,NULL,NULL,NULL
10775,2025-10-09 00:00:00,59900,B,8104.8,5894.4,2210.4,386.82,NULL,NULL,NULL,NULL,NULL,NULL
10776,2025-10-31 00:00:00,59897,B,1010.6,400,610.6,0,NULL,NULL,NULL,NULL,NULL,NULL
10777,2025-10-31 00:00:00,59807,B,9081.38,8013.36,1068.02,0,NULL,NULL,NULL,NULL,NULL,NULL
10778,2025-10-31 00:00:00,59879,B,5539.8,4433.07,1106.73,0,NULL,NULL,NULL,NULL,NULL,NULL
10779,2025-10-31 00:00:00,59880,B,5325.6,4433.9,891.7,0,NULL,NULL,NULL,NULL,NULL,NULL
10780,2025-10-31 00:00:00,59971,B,3795,2362.5,1432.5,573,NULL,NULL,NULL,NULL,NULL,NULL
10781,2025-10-31 00:00:00,59970,B,1284.8,700,584.8,102.34,NULL,NULL,NULL,NULL,NULL,NULL
10782,2025-10-31 00:00:00,59979,B,3492.8,1593.2,1899.6,0,NULL,NULL,NULL,NULL,NULL,NULL
10783,2025-10-31 00:00:00,59986,B,1651.98,900,751.98,0,NULL,NULL,NULL,NULL,NULL,NULL
10784,2025-11-03 00:00:00,59993,B,8060.6,7130.3,930.3,0,NULL,NULL,NULL,NULL,NULL,NULL
10785,2025-11-03 00:00:00,59975,B,1179.2,949,230.2,92.08,NULL,NULL,NULL,NULL,NULL,NULL
10786,2025-11-04 00:00:00,59903,B,0,0,0,0,NULL,NULL,NULL,NULL,NULL,NULL
10787,2025-11-04 00:00:00,59967,B,0,0,0,0,NULL,NULL,NULL,NULL,NULL,NULL
10788,2025-10-29 00:00:00,INV59986,B,300,300,0,0,NULL,NULL,NULL,NULL,NULL,NULL
10789,2025-10-30 00:00:00,INV59975,B,250,250,0,0,NULL,NULL,NULL,NULL,NULL,NULL
10790,2025-11-05 00:00:00,59937,B,1276,1016,260,0,NULL,NULL,NULL,NULL,NULL,NULL
10791,2025-11-05 00:00:00,59961,B,1074.08,699.69,374.39,65.518,NULL,NULL,NULL,NULL,NULL,NULL
10792,2025-10-24 00:00:00,59962,B,11000,10010,990,0,NULL,NULL,NULL,NULL,NULL,NULL
10793,2025-11-05 00:00:00,59966,B,5922,5177.75,744.25,0,NULL,NULL,NULL,NULL,NULL,NULL
10794,2025-11-05 00:00:00,59972,B,1678.43,1108.22,570.21,99.787,NULL,NULL,NULL,NULL,NULL,NULL
10795,2025-11-05 00:00:00,60013,B,1009.91,942.45,67.46,0,NULL,NULL,NULL,NULL,NULL,NULL
10800,2025-07-07 00:00:00,59510,B,3931.5,3931.5,0,0,NULL,NULL,NULL,NULL,NULL,NULL
10802,2025-11-10 00:00:00,59968,B,8088,6592,1496,0,NULL,NULL,NULL,NULL,NULL,NULL
10803,2025-11-10 00:00:00,59929,B,528,264,264,0,NULL,NULL,NULL,NULL,NULL,NULL
10804,2025-11-10 00:00:00,59718,B,1876,1565,311,0,NULL,NULL,NULL,NULL,NULL,NULL
10805,2025-11-10 00:00:00,59912,B,2246.4,1342.6,903.8,0,NULL,NULL,NULL,NULL,NULL,NULL
10806,2025-11-10 00:00:00,59719,B,1911,1590,321,0,NULL,NULL,NULL,NULL,NULL,NULL
10807,2025-11-10 00:00:00,59988,B,3372.6,2502.2,870.4,0,NULL,NULL,NULL,NULL,NULL,NULL
10808,2025-11-03 00:00:00,59989,B,7340.4,6686.4,654,0,NULL,NULL,NULL,NULL,NULL,NULL
10809,2025-11-10 00:00:00,59953,B,10027.2,9031,996.2,0,NULL,NULL,NULL,NULL,NULL,NULL
10810,2025-11-10 00:00:00,59618,B,7960,6925.2,1034.8,0,NULL,NULL,NULL,NULL,NULL,NULL
10811,2025-11-10 00:00:00,59720,B,1890,1575,315,0,NULL,NULL,NULL,NULL,NULL,NULL
10812,2025-11-10 00:00:00,59911,B,2657.85,1417.3,1240.55,0,NULL,NULL,NULL,NULL,NULL,NULL
10814,2025-11-10 00:00:00,60034,B,804.96,402.48,402.48,0,NULL,NULL,NULL,NULL,NULL,NULL
10816,2025-11-10 00:00:00,59964,B,1038.4,1040.6,-2.2,-0.385,NULL,NULL,NULL,NULL,NULL,NULL
10819,2025-11-11 00:00:00,59995,B,6944.4,3858,3086.4,1234.56,NULL,NULL,NULL,NULL,NULL,NULL
10820,2025-11-11 00:00:00,60011,B,1559.8,700,859.8,150.465,NULL,NULL,NULL,NULL,NULL,NULL
10821,2025-11-11 00:00:00,60022,B,1165.13,1085,80.13,32.052,NULL,NULL,NULL,NULL,NULL,NULL
10822,2025-10-06 00:00:00,59763,B,4060.3,3205.5,854.8,0,NULL,NULL,NULL,NULL,NULL,NULL
10823,2025-11-12 00:00:00,59902,B,3750,3375,375,0,NULL,NULL,NULL,NULL,NULL,NULL
10824,2025-09-24 00:00:00,59803,B,4925.45,2347.25,2578.2,1031.28,NULL,NULL,NULL,NULL,NULL,NULL
10825,2025-11-13 00:00:00,59868,B,2185.8,1150,1035.8,155.37,NULL,NULL,NULL,NULL,NULL,NULL
10826,2025-11-13 00:00:00,59977,B,3269.2,2301,968.2,169.435,NULL,NULL,NULL,NULL,NULL,NULL
10827,2025-11-13 00:00:00,60028,B,1943.8,415,1528.8,0,NULL,NULL,NULL,NULL,NULL,NULL
10829,2025-11-13 00:00:00,60021,B,1786.4,1239.4,547,218.8,NULL,NULL,NULL,NULL,NULL,NULL
10831,2025-11-13 00:00:00,59997,B,10502.4,8910.2,1592.2,636.88,NULL,NULL,NULL,NULL,NULL,NULL
10832,2025-11-13 00:00:00,60018,B,1845.8,983.4,862.4,344.96,NULL,NULL,NULL,NULL,NULL,NULL
10833,2025-11-06 00:00:00,59973,B,4425.3,2264.37,2160.93,864.372,NULL,NULL,NULL,NULL,NULL,NULL
10837,2025-06-12 00:00:00,59511,B,4126.5,4126.5,0,0,NULL,NULL,NULL,NULL,NULL,NULL
10838,2025-06-26 00:00:00,59509,B,3931.5,3931.5,0,0,NULL,NULL,NULL,NULL,NULL,NULL
10839,2025-06-10 00:00:00,59472,B,3992.7,3992.7,0,0,NULL,NULL,NULL,NULL,NULL,NULL
10840,2025-06-03 00:00:00,59466,B,4304.7,4304.7,0,0,NULL,NULL,NULL,NULL,NULL,NULL
10846,2025-11-20 00:00:00,59721,B,1834,1535,299,0,NULL,NULL,NULL,NULL,NULL,NULL
10847,2025-11-20 00:00:00,59722,B,1953,1620,333,0,NULL,NULL,NULL,NULL,NULL,NULL
10848,2025-11-20 00:00:00,59723,B,1939,1610,329,0,NULL,NULL,NULL,NULL,NULL,NULL
10849,2025-09-25 00:00:00,59760,B,4091.6,3628.4,463.2,0,NULL,NULL,NULL,NULL,NULL,NULL
10850,2025-11-20 00:00:00,59804,B,2277,1623.75,653.25,0,NULL,NULL,NULL,NULL,NULL,NULL
10851,2025-11-20 00:00:00,59933,B,710.5,426.3,284.2,0,NULL,NULL,NULL,NULL,NULL,NULL
10853,2025-11-20 00:00:00,59980,B,3249.6,1531.6,1718,0,NULL,NULL,NULL,NULL,NULL,NULL
10854,2025-11-20 00:00:00,60014,B,13812.68,12887.78,924.9,0,NULL,NULL,NULL,NULL,NULL,NULL
10855,2025-10-24 00:00:00,59952,B,4313.5,3450.8,862.7,345.08,NULL,NULL,NULL,NULL,NULL,NULL
10856,2025-11-20 00:00:00,59992,B,4963.2,3722.4,1240.8,496.32,NULL,NULL,NULL,NULL,NULL,NULL
10857,2025-11-20 00:00:00,60025,B,10306.2,9624.8,681.4,0,NULL,NULL,NULL,NULL,NULL,NULL
10858,2025-11-20 00:00:00,60033,B,3995.6,2785.8,1209.8,0,NULL,NULL,NULL,NULL,NULL,NULL
10859,2025-11-20 00:00:00,60020,B,5508,4087.2,1420.8,568.32,NULL,NULL,NULL,NULL,NULL,NULL
10860,2025-11-20 00:00:00,60061,B,4320,2197,2123,0,NULL,NULL,NULL,NULL,NULL,NULL
10861,2025-11-20 00:00:00,60063,B,2490,1458.22,1031.78,180.562,NULL,NULL,NULL,NULL,NULL,NULL
10862,2025-11-21 00:00:00,60017,B,1628.64,525,1103.64,0,NULL,NULL,NULL,NULL,NULL,NULL
10863,2025-11-21 00:00:00,60029,B,1603.8,874.8,729,0,NULL,NULL,NULL,NULL,NULL,NULL
10864,2025-11-21 00:00:00,60037,B,0,-600,600,0,NULL,NULL,NULL,NULL,NULL,NULL
10869,2025-11-24 00:00:00,60078,B,1350.8,1175,175.8,70.32,NULL,NULL,NULL,NULL,NULL,NULL
10870,2025-11-24 00:00:00,60065,B,7401.4,6735.17,666.23,0,NULL,NULL,NULL,NULL,NULL,NULL
10871,2025-11-25 00:00:00,59869,B,2375.8,1150,1225.8,183.87,NULL,NULL,NULL,NULL,NULL,NULL
10872,2025-11-25 00:00:00,59969,B,9649.1,8340.8,1308.3,0,NULL,NULL,NULL,NULL,NULL,NULL
10873,2025-11-25 00:00:00,59990,B,3832.4,3157.2,675.2,270.08,NULL,NULL,NULL,NULL,NULL,NULL
10874,2025-11-25 00:00:00,60059,B,9823.5,7610,2213.5,0,NULL,NULL,NULL,NULL,NULL,NULL
10875,2025-11-25 00:00:00,59870,B,2259.6,1150,1109.6,166.44,NULL,NULL,NULL,NULL,NULL,NULL
10876,2025-11-25 00:00:00,60088,B,1282.6,699.6,583,0,NULL,NULL,NULL,NULL,NULL,NULL
10877,2025-11-26 00:00:00,59619,B,8115,7026.9,1088.1,0,NULL,NULL,NULL,NULL,NULL,NULL
10878,2025-11-26 00:00:00,59905,B,10335.3,9356.2,979.1,0,NULL,NULL,NULL,NULL,NULL,NULL
10880,2025-11-26 00:00:00,60060,B,4491.15,3756.2,734.95,0,NULL,NULL,NULL,NULL,NULL,NULL
10881,2025-11-26 00:00:00,60068,B,3106.5,2031.3,1075.2,0,NULL,NULL,NULL,NULL,NULL,NULL
10882,2025-11-26 00:00:00,60073,B,4788,3916.85,871.15,348.46,NULL,NULL,NULL,NULL,NULL,NULL
10886,2025-12-04 00:00:00,60035,B,9724.3,8597.55,1126.75,0,NULL,NULL,NULL,NULL,NULL,NULL
10887,2025-12-04 00:00:00,60031,B,10462.2,9216,1246.2,0,NULL,NULL,NULL,NULL,NULL,NULL
10888,2025-12-04 00:00:00,60067,B,3351,2364.4,986.6,0,NULL,NULL,NULL,NULL,NULL,NULL
10889,2025-12-04 00:00:00,60069,B,2825.25,1975.05,850.2,0,NULL,NULL,NULL,NULL,NULL,NULL
10890,2025-12-04 00:00:00,60102,B,0,-150,150,0,NULL,NULL,NULL,NULL,NULL,NULL
10891,2025-12-04 00:00:00,60064,B,8560.18,7112.28,1447.9,0,NULL,NULL,NULL,NULL,NULL,NULL
10892,2025-12-05 00:00:00,60082,B,9538.1,9042.68,495.42,0,NULL,NULL,NULL,NULL,NULL,NULL
10896,2025-12-05 00:00:00,60038,B,1192.96,857.44,335.52,0,NULL,NULL,NULL,NULL,NULL,NULL
10897,2025-12-05 00:00:00,59996,B,6231.6,3462,2769.6,1107.84,NULL,NULL,NULL,NULL,NULL,NULL
10898,2025-12-05 00:00:00,60062,B,4065,2084,1981,0,NULL,NULL,NULL,NULL,NULL,NULL
10899,2025-12-05 00:00:00,60077,B,9256.5,5275.4,3981.1,696.693,NULL,NULL,NULL,NULL,NULL,NULL
10900,2025-12-05 00:00:00,60092,B,3160,2027.5,1132.5,0,NULL,NULL,NULL,NULL,NULL,NULL
10901,2025-12-05 00:00:00,60032,B,4716.75,3520.25,1196.5,0,NULL,NULL,NULL,NULL,NULL,NULL
10902,2025-12-10 00:00:00,59963,B,718.6,431.16,287.44,0,NULL,NULL,NULL,NULL,NULL,NULL
10904,2025-12-10 00:00:00,60066,B,7394.73,6877.94,516.79,0,NULL,NULL,NULL,NULL,NULL,NULL
10906,2025-12-10 00:00:00,60101,B,1006,750,256,44.8,NULL,NULL,NULL,NULL,NULL,NULL
10907,2025-12-10 00:00:00,60104,B,5625.2,4666.4,958.8,167.79,NULL,NULL,NULL,NULL,NULL,NULL
10908,2025-12-10 00:00:00,60105,B,1708,1150,558,223.2,NULL,NULL,NULL,NULL,NULL,NULL
10910,2025-10-31 00:00:00,59957,B,3704.8,3704.8,0,0,NULL,NULL,NULL,NULL,NULL,NULL
10911,2025-12-11 00:00:00,60098,B,11220,10120,1100,0,NULL,NULL,NULL,NULL,NULL,NULL
10912,2025-12-11 00:00:00,60134,B,0,-150,150,0,NULL,NULL,NULL,NULL,NULL,NULL
10913,2025-12-12 00:00:00,59724,B,1624,1385,239,0,NULL,NULL,NULL,NULL,NULL,NULL
10914,2025-12-12 00:00:00,60015,B,7105.14,5920.95,1184.19,0,NULL,NULL,NULL,NULL,NULL,NULL
10915,2025-12-12 00:00:00,60040,B,1391.36,1000.04,391.32,0,NULL,NULL,NULL,NULL,NULL,NULL
10916,2025-12-12 00:00:00,60070,B,2299.5,1869.9,429.6,0,NULL,NULL,NULL,NULL,NULL,NULL
10917,2025-12-12 00:00:00,60090,B,8131.5,6967,1164.5,465.8,NULL,NULL,NULL,NULL,NULL,NULL
10918,2025-12-12 00:00:00,60106,B,3691.8,2751,940.8,376.32,NULL,NULL,NULL,NULL,NULL,NULL
10919,2025-12-12 00:00:00,60108,B,4817.3,4022.5,794.8,0,NULL,NULL,NULL,NULL,NULL,NULL
10920,2025-12-12 00:00:00,60113,B,716.5,429.9,286.6,0,NULL,NULL,NULL,NULL,NULL,NULL
10921,2025-12-15 00:00:00,59998,B,2170.68,1956.42,214.26,0,NULL,NULL,NULL,NULL,NULL,NULL
10922,2025-12-15 00:00:00,59632,B,7915.2,6968.4,946.8,142.02,NULL,NULL,NULL,NULL,NULL,NULL
10924,2025-12-10 00:00:00,60095,B,1468.8,1101.6,367.2,0,NULL,NULL,NULL,NULL,NULL,NULL
10925,2025-12-10 00:00:00,60039,B,1397.76,1004.64,393.12,0,NULL,NULL,NULL,NULL,NULL,NULL
10926,2025-11-26 00:00:00,60081,B,1937.76,1000,937.76,0,NULL,NULL,NULL,NULL,NULL,NULL
10927,2025-10-14 00:00:00,59921,B,8730.33,7901.41,828.92,0,NULL,NULL,NULL,NULL,NULL,NULL
10928,2025-12-16 00:00:00,60043,B,1484.8,824.8,660,0,NULL,NULL,NULL,NULL,NULL,NULL
10929,2025-12-16 00:00:00,60045,B,1470.72,821.72,649,0,NULL,NULL,NULL,NULL,NULL,NULL
10930,2025-12-16 00:00:00,60114,B,707.9,424.74,283.16,0,NULL,NULL,NULL,NULL,NULL,NULL
10931,2025-11-13 00:00:00,59978,B,3308.14,2309,999.14,174.85,NULL,NULL,NULL,NULL,NULL,NULL
10932,2025-12-18 00:00:00,60044,B,1340.16,793.16,547,0,NULL,NULL,NULL,NULL,NULL,NULL
10933,2025-12-18 00:00:00,60076,B,5527.2,4737.6,789.6,0,NULL,NULL,NULL,NULL,NULL,NULL
10934,2025-12-18 00:00:00,60091,B,2620,1845.5,774.5,135.538,NULL,NULL,NULL,NULL,NULL,NULL
10935,2025-12-18 00:00:00,60093,B,1995.2,1426.71,568.49,0,NULL,NULL,NULL,NULL,NULL,NULL
10937,2025-12-18 00:00:00,60117,B,8640,7611,1029,0,NULL,NULL,NULL,NULL,NULL,NULL
10938,2025-12-18 00:00:00,60119,B,4243.2,3182.4,1060.8,424.32,NULL,NULL,NULL,NULL,NULL,NULL
10939,2025-12-18 00:00:00,60120,B,2832,2151,681,272.4,NULL,NULL,NULL,NULL,NULL,NULL
10940,2025-12-18 00:00:00,60128,B,5609.85,4739.9,869.95,0,NULL,NULL,NULL,NULL,NULL,NULL
10941,2025-12-18 00:00:00,60145,B,538.2,269.1,269.1,0,NULL,NULL,NULL,NULL,NULL,NULL
10942,2025-12-19 00:00:00,60109,B,7384.5,6440.92,943.58,0,NULL,NULL,NULL,NULL,NULL,NULL
10943,2025-12-19 00:00:00,60079,B,7272,4086,3186,1274.4,NULL,NULL,NULL,NULL,NULL,NULL
10944,2025-12-19 00:00:00,60131,B,1062,850,212,0,NULL,NULL,NULL,NULL,NULL,NULL
10945,2025-12-19 00:00:00,60122,B,1412,1207.4,204.6,0,NULL,NULL,NULL,NULL,NULL,NULL
10946,2025-12-19 00:00:00,60148,B,10945,9982.5,962.5,0,NULL,NULL,NULL,NULL,NULL,NULL
10948,2025-12-22 00:00:00,60041,B,1949.44,926.44,1023,0,NULL,NULL,NULL,NULL,NULL,NULL
10949,2025-12-22 00:00:00,60042,B,1521.92,832.92,689,0,NULL,NULL,NULL,NULL,NULL,NULL
10951,2025-12-22 00:00:00,60083,B,9213.88,7921.6,1292.28,0,NULL,NULL,NULL,NULL,NULL,NULL
10952,2025-12-22 00:00:00,60121,B,1254.24,992.56,261.68,45.794,NULL,NULL,NULL,NULL,NULL,NULL
10953,2025-12-22 00:00:00,60124,B,1523,1000,523,0,NULL,NULL,NULL,NULL,NULL,NULL
10954,2025-12-22 00:00:00,60140,B,1092.3,1008.65,83.65,0,NULL,NULL,NULL,NULL,NULL,NULL
10955,2025-12-22 00:00:00,59466B,B,3025.7,875,2150.7,0,NULL,NULL,NULL,NULL,NULL,NULL
10965,2024-12-19 00:00:00,58775,B,81034.6,81034.6,0,0,NULL,NULL,NULL,NULL,NULL,NULL
10966,2025-12-24 00:00:00,60030,B,9066.6,6858.4,2208.2,0,NULL,NULL,NULL,NULL,NULL,NULL
10967,2025-10-03 00:00:00,INV59906,B,250,250,0,0,NULL,NULL,NULL,NULL,NULL,NULL
10968,2025-10-31 00:00:00,INV60013,B,250,250,0,0,NULL,NULL,NULL,NULL,NULL,NULL
10969,2025-12-17 00:00:00,INV60140,B,250,250,0,0,NULL,NULL,NULL,NULL,NULL,NULL
10971,2025-12-29 00:00:00,60046,B,1706.88,873.38,833.5,0,NULL,NULL,NULL,NULL,NULL,NULL
10972,2025-12-29 00:00:00,60047,B,1840.64,902.64,938,0,NULL,NULL,NULL,NULL,NULL,NULL
10973,2025-12-29 00:00:00,60142,B,7056.32,6831.36,224.96,0,NULL,NULL,NULL,NULL,NULL,NULL
10974,2025-12-30 00:00:00,60048,B,1297.28,932.42,364.86,0,NULL,NULL,NULL,NULL,NULL,NULL
10975,2025-12-30 00:00:00,60137,B,11520.6,10023.66,1496.94,0,NULL,NULL,NULL,NULL,NULL,NULL
10976,2025-12-30 00:00:00,60152,B,2598.68,2041.82,556.86,0,NULL,NULL,NULL,NULL,NULL,NULL
10977,2025-09-12 00:00:00,INV59825,B,-13001.09,-13001.09,0,0,NULL,NULL,NULL,NULL,NULL,NULL
10978,2024-12-20 00:00:00,INV58698,B,-14318.42,-14318.42,0,0,NULL,NULL,NULL,NULL,NULL,NULL
10979,2026-01-02 00:00:00,60171,A,-6208.41,0,-6208.41,0,2538,S,-6208.41,0,NULL,NULL
10980,2026-01-02 00:00:00,60171,B,0,0,0,0,NULL,NULL,NULL,NULL,NULL,NULL
10981,2025-12-18 00:00:00,60112,B,5625,4248.6,1376.4,550.56,NULL,NULL,NULL,NULL,NULL,NULL
10982,2026-01-05 00:00:00,60157,B,0,-400,400,0,NULL,NULL,NULL,NULL,NULL,NULL
10983,2026-01-05 00:00:00,60156,B,0,-250,250,0,NULL,NULL,NULL,NULL,NULL,NULL
10984,2025-12-05 00:00:00,59999,B,4116,3317,799,0,NULL,NULL,NULL,NULL,NULL,NULL
10985,2026-01-07 00:00:00,60103,B,1491,0,1491,260.925,NULL,NULL,NULL,NULL,NULL,NULL
10987,2025-11-26 00:00:00,59991,B,3458,2762.8,695.2,278.08,NULL,NULL,NULL,NULL,NULL,NULL
10988,2026-01-07 00:00:00,60049,B,1530.24,1134.74,395.5,0,NULL,NULL,NULL,NULL,NULL,NULL
10989,2026-01-07 00:00:00,60087,B,5421,3782.2,1638.8,0,NULL,NULL,NULL,NULL,NULL,NULL
10990,2026-01-07 00:00:00,60099,B,8830.13,8264.1,566.03,0,NULL,NULL,NULL,NULL,NULL,NULL
10993,2025-11-20 00:00:00,59976,B,2606.12,2060,546.12,95.571,NULL,NULL,NULL,NULL,NULL,NULL
10994,2026-01-07 00:00:00,60151,B,2488.36,1955.14,533.22,0,NULL,NULL,NULL,NULL,NULL,NULL
10995,2026-01-07 00:00:00,60123,B,1349,1194.8,154.2,0,NULL,NULL,NULL,NULL,NULL,NULL
10996,2026-01-07 00:00:00,60132,B,1028,728.17,299.83,0,NULL,NULL,NULL,NULL,NULL,NULL
10997,2025-11-26 00:00:00,60074,B,1828.64,1784,44.64,7.812,NULL,NULL,NULL,NULL,NULL,NULL
10998,2026-01-08 00:00:00,59824,B,0,0,0,0,NULL,NULL,NULL,NULL,NULL,NULL
10999,2025-10-21 00:00:00,INV59824,B,3600,3600,0,0,NULL,NULL,NULL,NULL,NULL,NULL
11000,2026-01-08 00:00:00,60147,B,4071,3357,714,0,NULL,NULL,NULL,NULL,NULL,NULL
11001,2026-01-08 00:00:00,60161,B,1424,1200,224,89.6,NULL,NULL,NULL,NULL,NULL,NULL
11002,2026-01-08 00:00:00,60133,B,910.5,320.81,589.69,0,NULL,NULL,NULL,NULL,NULL,NULL
11003,2026-01-08 00:00:00,60141,B,7546.5,6666.4,880.1,352.04,NULL,NULL,NULL,NULL,NULL,NULL
11004,2026-01-08 00:00:00,60146,B,9380.2,8610.8,769.4,0,NULL,NULL,NULL,NULL,NULL,NULL
11005,2026-01-08 00:00:00,60154,B,7577.35,7094.83,482.52,0,NULL,NULL,NULL,NULL,NULL,NULL
11008,2026-01-09 00:00:00,60023,B,11939.13,11006.35,932.78,0,NULL,NULL,NULL,NULL,NULL,NULL
11011,2026-01-09 00:00:00,60138,B,10115.56,9083.36,1032.2,0,NULL,NULL,NULL,NULL,NULL,NULL
11012,2026-01-09 00:00:00,60144,B,908.53,0,908.53,363.412,NULL,NULL,NULL,NULL,NULL,NULL
11013,2026-01-09 00:00:00,60150,B,1424.64,835.4,589.24,0,NULL,NULL,NULL,NULL,NULL,NULL
11014,2026-01-09 00:00:00,60155,B,2876.8,1438.4,1438.4,575.36,NULL,NULL,NULL,NULL,NULL,NULL
11015,2026-01-09 00:00:00,60158,B,5405.85,3883.12,1522.73,0,NULL,NULL,NULL,NULL,NULL,NULL
11017,2026-01-09 00:00:00,60107,B,3691.8,2701,990.8,396.32,NULL,NULL,NULL,NULL,NULL,NULL
11018,2025-11-20 00:00:00,60074,A,0,-137.8,137.8,0,2204,P,-137.8,114979,NULL,NULL
11019,2026-01-09 00:00:00,60100,B,1005.2,882.2,123,21.525,NULL,NULL,NULL,NULL,NULL,NULL
11020,2026-01-15 00:00:00,59851,B,0,350,-350,0,NULL,NULL,NULL,NULL,NULL,NULL
11021,2025-11-13 00:00:00,59987,B,11156.88,9968.43,1188.45,0,NULL,NULL,NULL,NULL,NULL,NULL
11022,2026-01-16 00:00:00,60130,B,10246.5,9708.95,537.55,0,NULL,NULL,NULL,NULL,NULL,NULL
11023,2026-01-16 00:00:00,59834,B,13425.6,13006.05,419.55,0,NULL,NULL,NULL,NULL,NULL,NULL
11024,2026-01-16 00:00:00,60115,B,715.4,429.24,286.16,0,NULL,NULL,NULL,NULL,NULL,NULL
11025,2026-01-16 00:00:00,60050,B,1060.48,563.38,497.1,0,NULL,NULL,NULL,NULL,NULL,NULL
11027,2026-01-16 00:00:00,60125,B,1197,715,482,192.8,NULL,NULL,NULL,NULL,NULL,NULL
11028,2026-01-16 00:00:00,60159,B,5488.56,3765.84,1722.72,0,NULL,NULL,NULL,NULL,NULL,NULL
11029,2026-01-16 00:00:00,60172,B,897.72,567.31,330.41,132.164,NULL,NULL,NULL,NULL,NULL,NULL
11030,2026-01-16 00:00:00,60188,B,7400.4,6387.25,1013.15,0,NULL,NULL,NULL,NULL,NULL,NULL
11031,2026-01-19 00:00:00,59928,B,-4050,-2926.25,-1123.75,0,NULL,NULL,NULL,NULL,NULL,NULL
11034,2026-01-19 00:00:00,60126,B,15920,13880,2040,0,NULL,NULL,NULL,NULL,NULL,NULL
11035,2026-01-16 00:00:00,60174,B,2586.48,2188.56,397.92,0,NULL,NULL,NULL,NULL,NULL,NULL
11036,2026-01-19 00:00:00,60214,A,-54175.2,0,-54175.2,0,1630,S,-54175.2,0,NULL,NULL
11037,2026-01-19 00:00:00,60214,B,0,0,0,0,NULL,NULL,NULL,NULL,NULL,NULL
11038,2026-01-20 00:00:00,60184,B,8059.8,7007,1052.8,0,NULL,NULL,NULL,NULL,NULL,NULL
11039,2026-01-19 00:00:00,59928R,B,1873.75,750,1123.75,0,NULL,NULL,NULL,NULL,NULL,NULL
11040,2025-11-05 00:00:00,INV59928,B,2926.25,2926.25,0,0,NULL,NULL,NULL,NULL,NULL,NULL
11041,2026-01-20 00:00:00,60194,B,1466,1193.2,272.8,0,NULL,NULL,NULL,NULL,NULL,NULL
11042,2026-01-20 00:00:00,59938,B,5835.2,5466.15,369.05,0,NULL,NULL,NULL,NULL,NULL,NULL
11043,2026-01-21 00:00:00,60163,B,14850,13725,1125,0,NULL,NULL,NULL,NULL,NULL,NULL
11044,2026-01-21 00:00:00,60118,B,8958.6,7626.2,1332.4,0,NULL,NULL,NULL,NULL,NULL,NULL
11045,2026-01-22 00:00:00,60149,B,0,422.6,-422.6,0,NULL,NULL,NULL,NULL,NULL,NULL
11046,2026-01-22 00:00:00,59984,B,3375,3037.5,337.5,0,NULL,NULL,NULL,NULL,NULL,NULL
11047,2026-01-23 00:00:00,59981,B,3315.2,1770.6,1544.6,0,NULL,NULL,NULL,NULL,NULL,NULL
11048,2026-01-23 00:00:00,60196,B,1650.88,525,1125.88,0,NULL,NULL,NULL,NULL,NULL,NULL
11049,2026-01-23 00:00:00,60198,B,1170,800,370,148,NULL,NULL,NULL,NULL,NULL,NULL
11050,2026-01-23 00:00:00,60199,B,5260.8,4188,1072.8,214.56,NULL,NULL,NULL,NULL,NULL,NULL
11051,2026-01-15 00:00:00,INV60198,B,600,600,0,0,NULL,NULL,NULL,NULL,NULL,NULL
11052,2026-01-27 00:00:00,60096,B,1473.84,948.33,525.51,0,NULL,NULL,NULL,NULL,NULL,NULL
11053,2026-01-27 00:00:00,60149R,B,1287,1443.5,-156.5,0,NULL,NULL,NULL,NULL,NULL,NULL
11054,2026-01-27 00:00:00,60164,B,4780,3303.2,1476.8,590.72,NULL,NULL,NULL,NULL,NULL,NULL
11056,2026-01-27 00:00:00,60181,B,2328.48,857.44,1471.04,588.416,NULL,NULL,NULL,NULL,NULL,NULL
11058,2026-01-27 00:00:00,60212,B,1586,950,636,0,NULL,NULL,NULL,NULL,NULL,NULL
11059,2026-01-27 00:00:00,60195,B,5664,4375.2,1288.8,515.52,NULL,NULL,NULL,NULL,NULL,NULL
11060,2026-01-27 00:00:00,60197,B,3171,2584.16,586.84,234.736,NULL,NULL,NULL,NULL,NULL,NULL
11061,2026-01-27 00:00:00,60201,B,9466.8,8288.2,1178.6,0,NULL,NULL,NULL,NULL,NULL,NULL
11062,2026-01-27 00:00:00,60204,B,1334,1110,224,89.6,NULL,NULL,NULL,NULL,NULL,NULL
11064,2025-09-05 00:00:00,59645,B,0,800,-800,0,NULL,NULL,NULL,NULL,NULL,NULL
11066,2026-01-13 00:00:00,60189,B,7135.6,7135.6,0,0,NULL,NULL,NULL,NULL,NULL,NULL
11067,2025-09-24 00:00:00,59779A,B,6243.6,6790.2,-546.6,0,NULL,NULL,NULL,NULL,NULL,NULL
11068,2026-01-29 00:00:00,60207,B,10007.5,7135.6,2871.9,0,NULL,NULL,NULL,NULL,NULL,NULL
11069,2026-01-29 00:00:00,59942,B,1827,1530,297,0,NULL,NULL,NULL,NULL,NULL,NULL
11070,2026-01-29 00:00:00,59943,B,1883,1570,313,0,NULL,NULL,NULL,NULL,NULL,NULL
11071,2026-01-29 00:00:00,60176,B,1995,1650,345,0,NULL,NULL,NULL,NULL,NULL,NULL
11072,2025-12-29 00:00:00,60110,B,10359,8573,1786,0,NULL,NULL,NULL,NULL,NULL,NULL
11073,2026-01-07 00:00:00,60111,B,9346.5,8123.9,1222.6,0,NULL,NULL,NULL,NULL,NULL,NULL
11074,2026-01-09 00:00:00,60160,B,7602.4,4886,2716.4,1086.56,NULL,NULL,NULL,NULL,NULL,NULL
11075,2026-01-27 00:00:00,60185,B,8316,7319,997,0,NULL,NULL,NULL,NULL,NULL,NULL
11076,2026-01-29 00:00:00,60209,B,2722.41,2218.26,504.15,0,NULL,NULL,NULL,NULL,NULL,NULL
11078,2026-01-29 00:00:00,60162,B,11791.65,11186.95,604.7,0,NULL,NULL,NULL,NULL,NULL,NULL
11079,2026-01-29 00:00:00,60177,B,1967,1630,337,0,NULL,NULL,NULL,NULL,NULL,NULL
11080,2026-01-29 00:00:00,60178,B,1834,1535,299,0,NULL,NULL,NULL,NULL,NULL,NULL
11081,2026-01-29 00:00:00,60179,B,1806,1515,291,0,NULL,NULL,NULL,NULL,NULL,NULL
11082,2026-01-29 00:00:00,60182,B,6315,5052,1263,252.6,NULL,NULL,NULL,NULL,NULL,NULL
11083,2026-01-30 00:00:00,60193,B,8748.6,7498.8,1249.8,0,NULL,NULL,NULL,NULL,NULL,NULL
11084,2026-01-30 00:00:00,60206,B,7581.6,4212,3369.6,1347.84,NULL,NULL,NULL,NULL,NULL,NULL
11085,2026-01-30 00:00:00,60208,B,14957.6,13347.6,1610,0,NULL,NULL,NULL,NULL,NULL,NULL
11086,2026-01-30 00:00:00,60210,B,6348.8,4911.4,1437.4,287.48,NULL,NULL,NULL,NULL,NULL,NULL
11088,2026-01-30 00:00:00,60220,B,1022,750,272,54.4,NULL,NULL,NULL,NULL,NULL,NULL
11089,2026-01-30 00:00:00,60226,B,4500,3500,1000,0,NULL,NULL,NULL,NULL,NULL,NULL
11090,2026-01-29 00:00:00,60190,B,9345,8523,822,0,NULL,NULL,NULL,NULL,NULL,NULL
11092,2026-02-04 00:00:00,60186,B,7925.4,6611,1314.4,0,NULL,NULL,NULL,NULL,NULL,NULL
11094,2026-01-27 00:00:00,60213,B,4969,2746.5,2222.5,333.375,NULL,NULL,NULL,NULL,NULL,NULL
11095,2026-01-22 00:00:00,INV60212,B,700,700,0,0,NULL,NULL,NULL,NULL,NULL,NULL
11096,2026-01-21 00:00:00,INV60204,B,100,100,0,0,NULL,NULL,NULL,NULL,NULL,NULL
11097,2025-12-18 00:00:00,INV60133,B,229.19,229.19,0,0,NULL,NULL,NULL,NULL,NULL,NULL
11098,2025-12-18 00:00:00,INV60132,B,121.83,121.83,0,0,NULL,NULL,NULL,NULL,NULL,NULL
11099,2026-02-06 00:00:00,60200,B,1188,818.8,369.2,0,NULL,NULL,NULL,NULL,NULL,NULL
11100,2026-02-05 00:00:00,60129,B,1087,758.7,328.3,0,NULL,NULL,NULL,NULL,NULL,NULL
11101,2026-02-11 00:00:00,60173,B,930.5,738.66,191.84,76.736,NULL,NULL,NULL,NULL,NULL,NULL
11102,2026-02-11 00:00:00,60187,B,9231.6,8044,1187.6,0,NULL,NULL,NULL,NULL,NULL,NULL
11103,2026-02-11 00:00:00,60192,B,8769.6,7647.6,1122,0,NULL,NULL,NULL,NULL,NULL,NULL
11104,2026-02-11 00:00:00,60202,B,1934,715,1219,0,NULL,NULL,NULL,NULL,NULL,NULL
11105,2026-02-11 00:00:00,60203,B,1254.4,475,779.4,155.88,NULL,NULL,NULL,NULL,NULL,NULL
11106,2026-02-11 00:00:00,60224,B,1264,1075,189,75.6,NULL,NULL,NULL,NULL,NULL,NULL
11108,2026-02-11 00:00:00,60241,B,2468.85,1242.05,1226.8,490.72,NULL,NULL,NULL,NULL,NULL,NULL
11109,2026-02-12 00:00:00,60260,B,9350.42,8491.18,859.24,0,NULL,NULL,NULL,NULL,NULL,NULL
11110,2025-12-05 00:00:00,59994,B,5161,3081,2080,832,NULL,NULL,NULL,NULL,NULL,NULL
11111,2026-01-27 00:00:00,60165,B,1201.44,850.36,351.08,140.432,NULL,NULL,NULL,NULL,NULL,NULL
11112,2025-10-28 00:00:00,INV59961,B,212.31,212.31,0,0,NULL,NULL,NULL,NULL,NULL,NULL
11113,2026-02-02 00:00:00,60239,B,7878.4,7878.4,0,0,NULL,NULL,NULL,NULL,NULL,NULL
11124,2026-02-16 00:00:00,60097,B,2047.2,1658.9,388.3,0,NULL,NULL,NULL,NULL,NULL,NULL
11125,2026-02-16 00:00:00,60245,B,3222.4,2004.2,1218.2,0,NULL,NULL,NULL,NULL,NULL,NULL
11126,2026-02-16 00:00:00,60268,B,9193.8,7904.8,1289,193.35,NULL,NULL,NULL,NULL,NULL,NULL
11131,2025-11-24 00:00:00,59774,B,4718.84,5041.5,-322.66,0,NULL,NULL,NULL,NULL,NULL,NULL
11132,2026-02-18 00:00:00,60242,B,5665.8,4933.97,731.83,0,NULL,NULL,NULL,NULL,NULL,NULL
11133,2026-02-18 00:00:00,60247,B,5516.7,3378.4,2138.3,855.32,NULL,NULL,NULL,NULL,NULL,NULL
11135,2026-02-19 00:00:00,60251,B,5575.6,3967.92,1607.68,0,NULL,NULL,NULL,NULL,NULL,NULL
11136,2026-02-19 00:00:00,60263,B,7208.6,5961.6,1247,0,NULL,NULL,NULL,NULL,NULL,NULL
11137,2026-02-19 00:00:00,60267,B,1302,1137.5,164.5,0,NULL,NULL,NULL,NULL,NULL,NULL
11138,2026-02-25 00:00:00,60269,B,5865.6,3609.6,2256,451.2,NULL,NULL,NULL,NULL,NULL,NULL
11139,2026-02-25 00:00:00,60270,B,1030,800,230,92,NULL,NULL,NULL,NULL,NULL,NULL
11140,2026-02-25 00:00:00,60276,B,1544,1000,544,0,NULL,NULL,NULL,NULL,NULL,NULL
11141,2026-02-25 00:00:00,60261,B,8784,7279.74,1504.26,0,NULL,NULL,NULL,NULL,NULL,NULL
11142,2026-02-26 00:00:00,60216,B,5768,2550,3218,643.6,NULL,NULL,NULL,NULL,NULL,NULL
11144,2026-02-26 00:00:00,60221,B,8000.66,6974.93,1025.73,205.146,NULL,NULL,NULL,NULL,NULL,NULL
11145,2026-02-26 00:00:00,60243,B,6203.4,5502.13,701.27,0,NULL,NULL,NULL,NULL,NULL,NULL
11146,2026-02-26 00:00:00,60231,B,8572.2,7981.2,591,0,NULL,NULL,NULL,NULL,NULL,NULL
11147,2026-02-26 00:00:00,60246,B,5382.4,4454.4,928,185.6,NULL,NULL,NULL,NULL,NULL,NULL
11151,2026-02-04 00:00:00,60240,B,7036.39,7036.39,0,0,NULL,NULL,NULL,NULL,NULL,NULL
11152,2026-02-05 00:00:00,60240B,B,3934.61,3934.61,0,0,NULL,NULL,NULL,NULL,NULL,NULL
11153,2026-02-27 00:00:00,60248,B,9500,8365,1135,0,NULL,NULL,NULL,NULL,NULL,NULL
11155,2026-02-27 00:00:00,60271,B,7193.15,6392.1,801.05,0,NULL,NULL,NULL,NULL,NULL,NULL
11156,2026-02-27 00:00:00,60229R,B,635.1,1192.55,-557.45,0,NULL,NULL,NULL,NULL,NULL,NULL
11157,2026-02-27 00:00:00,60233,B,1848,1545,303,0,NULL,NULL,NULL,NULL,NULL,NULL
11158,2026-02-27 00:00:00,60277,B,1093.4,759.51,333.89,66.778,NULL,NULL,NULL,NULL,NULL,NULL
11160,2026-02-27 00:00:00,60234,B,1722,1455,267,0,NULL,NULL,NULL,NULL,NULL,NULL
11161,2026-02-27 00:00:00,60024,B,11437.2,10843.17,594.03,0,NULL,NULL,NULL,NULL,NULL,NULL
11162,2026-03-02 00:00:00,60262,B,650.2,-208,858.2,171.64,NULL,NULL,NULL,NULL,NULL,NULL
11163,2026-03-02 00:00:00,60240A,B,10352.5,9862.98,489.52,0,NULL,NULL,NULL,NULL,NULL,NULL
11164,2026-03-02 00:00:00,60227,B,1500,208.28,1291.72,0,NULL,NULL,NULL,NULL,NULL,NULL
11165,2026-02-27 00:00:00,60180,B,1827,1530,297,0,NULL,NULL,NULL,NULL,NULL,NULL
11166,2026-03-02 00:00:00,60235,B,1799,1510,289,0,NULL,NULL,NULL,NULL,NULL,NULL
11167,2026-03-02 00:00:00,60236,B,1785,1500,285,0,NULL,NULL,NULL,NULL,NULL,NULL
11170,2026-02-10 00:00:00,60238,B,13131.61,13131.61,0,0,NULL,NULL,NULL,NULL,NULL,NULL
11171,2026-03-06 00:00:00,60228,B,6432,5359.2,1072.8,0,NULL,NULL,NULL,NULL,NULL,NULL
11172,2026-03-06 00:00:00,60230,B,9431.2,8695.2,736,0,NULL,NULL,NULL,NULL,NULL,NULL
11173,2026-03-06 00:00:00,60238A,B,18033.3,13131.61,4901.69,0,NULL,NULL,NULL,NULL,NULL,NULL
11174,2026-03-06 00:00:00,60237,B,1883,1570,313,0,NULL,NULL,NULL,NULL,NULL,NULL
11175,2026-03-06 00:00:00,60278,B,1869,1560,309,0,NULL,NULL,NULL,NULL,NULL,NULL
11176,2026-03-06 00:00:00,60279,B,1953,1620,333,0,NULL,NULL,NULL,NULL,NULL,NULL
11177,2026-03-06 00:00:00,60280,B,1834,1535,299,0,NULL,NULL,NULL,NULL,NULL,NULL
11179,2026-03-06 00:00:00,60289,B,23080.8,21983.2,1097.6,0,NULL,NULL,NULL,NULL,NULL,NULL
11180,2026-03-06 00:00:00,60294,B,3451.2,1655.8,1795.4,0,NULL,NULL,NULL,NULL,NULL,NULL
11181,2026-03-09 00:00:00,60015,A,-2368.38,0,-2368.38,0,1578,S,-2368.38,0,NULL,NULL
11182,2026-03-20 00:00:00,60015,A,0,-2368.38,2368.38,0,1299,P,-2368.38,115014,NULL,NULL
11183,2026-03-09 00:00:00,60239A,B,9628.75,8589.18,1039.57,0,NULL,NULL,NULL,NULL,NULL,NULL
11184,2026-03-09 00:00:00,60244,B,6682.2,5969.08,713.12,0,NULL,NULL,NULL,NULL,NULL,NULL
11186,2026-03-09 00:00:00,60292,B,6321.6,3510,2811.6,1124.596,NULL,NULL,NULL,NULL,NULL,NULL
11187,2026-03-12 00:00:00,60275,B,8614.2,7618.3,995.9,0,NULL,NULL,NULL,NULL,NULL,NULL
11192,2026-03-13 00:00:00,60298,B,1308.89,950,358.89,0,NULL,NULL,NULL,NULL,NULL,NULL
11193,2026-03-13 00:00:00,60339,B,10105.92,10105.92,0,0,NULL,NULL,NULL,NULL,NULL,NULL
11196,2026-03-13 00:00:00,60299,B,1161.6,950,211.6,42.32,NULL,NULL,NULL,NULL,NULL,NULL
11203,2026-03-06 00:00:00,60306,B,11813.33,11813.33,0,0,NULL,NULL,NULL,NULL,NULL,NULL
11204,2026-03-13 00:00:00,60316,B,1585,600,985,0,NULL,NULL,NULL,NULL,NULL,NULL
11205,2026-03-17 00:00:00,60264,B,6639.73,6099.95,539.78,0,NULL,NULL,NULL,NULL,NULL,NULL
11206,2026-03-17 00:00:00,60284,B,7637,2600,5037,1007.4,NULL,NULL,NULL,NULL,NULL,NULL
11207,2026-03-17 00:00:00,60314,B,1667.16,1200,467.16,0,NULL,NULL,NULL,NULL,NULL,NULL
11208,2026-03-17 00:00:00,60300,B,6327.4,4212,2115.4,846.16,NULL,NULL,NULL,NULL,NULL,NULL
11209,2026-03-17 00:00:00,60287,B,7170.6,6533.6,637,0,NULL,NULL,NULL,NULL,NULL,NULL
11210,2026-03-17 00:00:00,60222,B,8186.49,7136.94,1049.55,209.91,NULL,NULL,NULL,NULL,NULL,NULL
11211,2026-03-17 00:00:00,60223,B,8140.67,7096.99,1043.68,208.736,NULL,NULL,NULL,NULL,NULL,NULL
11212,2026-03-05 00:00:00,60136,B,682.8,334.29,348.51,0,NULL,NULL,NULL,NULL,NULL,NULL
11213,2025-06-26 00:00:00,59362,B,0,1612.5,-1612.5,0,NULL,NULL,NULL,NULL,NULL,NULL
11214,2025-12-16 00:00:00,INV60136,B,440.71,440.71,0,0,NULL,NULL,NULL,NULL,NULL,NULL
11215,2026-02-23 00:00:00,INV60277,B,140.49,140.49,0,0,NULL,NULL,NULL,NULL,NULL,NULL
11216,2026-02-12 00:00:00,INV60267,B,700,700,0,0,NULL,NULL,NULL,NULL,NULL,NULL
11217,2026-02-19 00:00:00,INV60276,B,700,700,0,0,NULL,NULL,NULL,NULL,NULL,NULL
11218,2026-01-12 00:00:00,INV60173,B,536.34,536.34,0,0,NULL,NULL,NULL,NULL,NULL,NULL
11219,2026-02-24 00:00:00,INV60290,B,349.72,349.72,0,0,NULL,NULL,NULL,NULL,NULL,NULL
11220,2026-01-09 00:00:00,INV60125,B,350,350,0,0,NULL,NULL,NULL,NULL,NULL,NULL
11221,2026-02-17 00:00:00,INV60262,B,1458,1458,0,0,NULL,NULL,NULL,NULL,NULL,NULL
11222,2026-02-26 00:00:00,60290,B,559.35,98.99,460.36,0,NULL,NULL,NULL,NULL,NULL,NULL
11224,2025-12-22 00:00:00,59940,B,703.51,908.3,-204.79,0,NULL,NULL,NULL,NULL,NULL,NULL
11226,2026-03-25 00:00:00,60295,B,5369.4,4737.87,631.53,0,NULL,NULL,NULL,NULL,NULL,NULL
11229,2026-03-25 00:00:00,60310,B,1736.35,750,986.35,394.54,NULL,NULL,NULL,NULL,NULL,NULL
11230,2026-03-25 00:00:00,60308,B,1405.8,1075,330.8,132.32,NULL,NULL,NULL,NULL,NULL,NULL
11231,2026-03-25 00:00:00,60309,B,1509.09,1100,409.09,163.636,NULL,NULL,NULL,NULL,NULL,NULL
11232,2026-03-25 00:00:00,60321,B,4663,0,4663,932.6,NULL,NULL,NULL,NULL,NULL,NULL
11233,2026-03-25 00:00:00,60307,B,3331.2,2661.07,670.13,0,NULL,NULL,NULL,NULL,NULL,NULL
11234,2026-03-25 00:00:00,60341,B,2379.2,1701.79,677.41,270.964,NULL,NULL,NULL,NULL,NULL,NULL
11235,2026-03-25 00:00:00,60318,B,6300.8,5014,1286.8,257.36,NULL,NULL,NULL,NULL,NULL,NULL
11236,2026-03-25 00:00:00,60332,B,1126.4,1250,-123.6,-49.44,NULL,NULL,NULL,NULL,NULL,NULL
11237,2026-03-25 00:00:00,60089,B,3997.34,3591.01,406.33,0,NULL,NULL,NULL,NULL,NULL,NULL
11238,2026-02-26 00:00:00,60175,B,2559.96,2166.12,393.84,0,NULL,NULL,NULL,NULL,NULL,NULL
11239,2026-02-17 00:00:00,INV60270,B,600,600,0,0,NULL,NULL,NULL,NULL,NULL,NULL
11240,2026-03-27 00:00:00,60296,B,1346.4,950,396.4,79.28,NULL,NULL,NULL,NULL,NULL,NULL
11241,2026-03-27 00:00:00,60330,B,5600,5102.25,497.75,0,NULL,NULL,NULL,NULL,NULL,NULL
11242,2026-03-27 00:00:00,60343,B,13804.8,12800.4,1004.4,0,NULL,NULL,NULL,NULL,NULL,NULL
11243,2026-03-27 00:00:00,60337,B,1190.86,1100,90.86,36.344,NULL,NULL,NULL,NULL,NULL,NULL
11244,2026-03-27 00:00:00,60333,B,14593.54,13410.28,1183.26,0,NULL,NULL,NULL,NULL,NULL,NULL
11245,2026-03-27 00:00:00,60331,B,0,0,0,0,NULL,NULL,NULL,NULL,NULL,NULL
11246,2026-03-27 00:00:00,60328,B,7102.2,7077,25.2,10.08,NULL,NULL,NULL,NULL,NULL,NULL
11247,2026-03-18 00:00:00,INV60337,B,200,200,0,0,NULL,NULL,NULL,NULL,NULL,NULL
11248,2026-03-16 00:00:00,INV60319,B,150,150,0,0,NULL,NULL,NULL,NULL,NULL,NULL
11249,2026-03-18 00:00:00,NV60332,B,250,250,0,0,NULL,NULL,NULL,NULL,NULL,NULL
11250,2026-03-10 00:00:00,INV60310,B,350,350,0,0,NULL,NULL,NULL,NULL,NULL,NULL
11251,2026-03-12 00:00:00,INV60309,B,350,350,0,0,NULL,NULL,NULL,NULL,NULL,NULL
11252,2026-03-31 00:00:00,59985,B,3127.5,2814.75,312.75,0,NULL,NULL,NULL,NULL,NULL,NULL
11253,2026-03-31 00:00:00,60272,B,3187.5,2868.75,318.75,0,NULL,NULL,NULL,NULL,NULL,NULL
11254,2026-03-31 00:00:00,60291,B,7803.6,6738.2,1065.4,426.16,NULL,NULL,NULL,NULL,NULL,NULL
11255,2026-03-31 00:00:00,60297,B,8014.42,6828,1186.42,0,NULL,NULL,NULL,NULL,NULL,NULL
11256,2026-04-02 00:00:00,60334,B,9114,8344,770,0,NULL,NULL,NULL,NULL,NULL,NULL
11257,2026-04-02 00:00:00,60338,B,1202.3,893,309.3,123.72,NULL,NULL,NULL,NULL,NULL,NULL
11258,2026-03-04 00:00:00,60286,B,8845.2,7441.2,1404,0,NULL,NULL,NULL,NULL,NULL,NULL
11259,2026-04-03 00:00:00,60362,B,5297.2,3917.26,1379.94,551.976,NULL,NULL,NULL,NULL,NULL,NULL
11262,2026-04-03 00:00:00,60347,B,901.55,604.34,297.21,0,NULL,NULL,NULL,NULL,NULL,NULL
11263,2026-04-03 00:00:00,60353,B,5728.8,4544.07,1184.73,473.892,NULL,NULL,NULL,NULL,NULL,NULL
11265,2026-04-03 00:00:00,60367,B,1348.6,900,448.6,67.29,NULL,NULL,NULL,NULL,NULL,NULL
11266,NULL,59827,A,0,-11775,11775,0,2030,P,-11775,0,NULL,NULL
11268,2026-03-25 00:00:00,60319,B,1329.35,1140,189.35,75.74,NULL,NULL,NULL,NULL,NULL,NULL
11269,2026-03-19 00:00:00,INV60338,B,307,307,0,0,NULL,NULL,NULL,NULL,NULL,NULL
11270,2026-04-08 00:00:00,60342,B,6839.6,6346.3,493.3,0,NULL,NULL,NULL,NULL,NULL,NULL
11272,2026-04-08 00:00:00,60363,B,774.8,614.74,160.06,0,NULL,NULL,NULL,NULL,NULL,NULL
11273,2026-04-08 00:00:00,60368,B,14528.8,13753.2,775.6,310.24,NULL,NULL,NULL,NULL,NULL,NULL
11274,2026-04-08 00:00:00,60369,B,5331.2,4569.6,761.6,0,NULL,NULL,NULL,NULL,NULL,NULL
11275,2026-03-06 00:00:00,60313,B,7486.15,7486.15,0,0,NULL,NULL,NULL,NULL,NULL,NULL
11276,2026-04-10 00:00:00,60313A,B,10285,9026.26,1258.74,0,NULL,NULL,NULL,NULL,NULL,NULL
11277,2026-04-10 00:00:00,60281,B,1890,1575,315,0,NULL,NULL,NULL,NULL,NULL,NULL
11278,2026-04-10 00:00:00,60282,B,1911,1590,321,0,NULL,NULL,NULL,NULL,NULL,NULL
11279,2026-04-10 00:00:00,60323,B,1687,1430,257,0,NULL,NULL,NULL,NULL,NULL,NULL
11280,2026-04-10 00:00:00,60324,B,1876,1565,311,0,NULL,NULL,NULL,NULL,NULL,NULL
11282,2026-04-10 00:00:00,60325,B,1827,1530,297,0,NULL,NULL,NULL,NULL,NULL,NULL
11283,2026-04-10 00:00:00,60346,B,609.36,0,609.36,0,NULL,NULL,NULL,NULL,NULL,NULL
11285,2026-04-10 00:00:00,60378,B,1351.2,1000,351.2,70.24,NULL,NULL,NULL,NULL,NULL,NULL
11286,2026-04-10 00:00:00,60379,B,3149.52,2381.23,768.29,0,NULL,NULL,NULL,NULL,NULL,NULL
11287,2026-04-10 00:00:00,60382,B,1706.4,1150,556.4,222.56,NULL,NULL,NULL,NULL,NULL,NULL
11288,2026-04-10 00:00:00,60383,B,7827.65,5233.6,2594.05,518.81,NULL,NULL,NULL,NULL,NULL,NULL
11289,2026-04-03 00:00:00,60322R,B,0,1300,-1300,0,NULL,NULL,NULL,NULL,NULL,NULL
11290,2026-04-10 00:00:00,60322,B,3814.25,1862.94,1951.31,0,NULL,NULL,NULL,NULL,NULL,NULL
11291,2026-04-03 00:00:00,60365,B,2502.24,1475,1027.24,205.448,NULL,NULL,NULL,NULL,NULL,NULL
11292,2026-04-13 00:00:00,60292,A,-0.11,0,-0.11,0,1578,S,-0.11,0,NULL,NULL
11293,2026-04-10 00:00:00,60301,B,7189.2,6285.72,903.48,180.696,NULL,NULL,NULL,NULL,NULL,NULL
11295,2026-04-13 00:00:00,60285,B,6269.2,5183.6,1085.6,0,NULL,NULL,NULL,NULL,NULL,NULL
11296,2026-04-13 00:00:00,60315R,B,3545.85,2000,1545.85,0,NULL,NULL,NULL,NULL,NULL,NULL
11297,2026-04-13 00:00:00,60335,B,8937.6,8059.6,878,0,NULL,NULL,NULL,NULL,NULL,NULL
11298,2026-04-13 00:00:00,60336,B,9097.2,8181.2,916,0,NULL,NULL,NULL,NULL,NULL,NULL
11299,2026-04-13 00:00:00,60344,B,2596.86,1748.43,848.43,0,NULL,NULL,NULL,NULL,NULL,NULL
11300,2026-04-13 00:00:00,60372,B,1995.6,1649,346.6,78.64,NULL,NULL,NULL,NULL,NULL,NULL
11301,2026-03-25 00:00:00,INV60347,B,195.66,195.66,0,0,NULL,NULL,NULL,NULL,NULL,NULL
11302,2026-04-02 00:00:00,INV60363,B,285.26,285.26,0,0,NULL,NULL,NULL,NULL,NULL,NULL
11305,2026-04-20 00:00:00,60211,B,2515.32,2494.18,21.14,0,NULL,NULL,NULL,NULL,NULL,NULL
11306,2026-04-20 00:00:00,60288,B,3217.5,2895.75,321.75,0,NULL,NULL,NULL,NULL,NULL,NULL
11307,2026-04-20 00:00:00,60360,B,6834.6,2290,4544.6,908.92,NULL,NULL,NULL,NULL,NULL,NULL
11308,2026-04-20 00:00:00,60384,B,7452,4140,3312,1324.8,NULL,NULL,NULL,NULL,NULL,NULL
11309,2026-04-20 00:00:00,60385,B,20971.9,19770,1201.9,0,NULL,NULL,NULL,NULL,NULL,NULL
11310,2026-04-20 00:00:00,60387,B,1612.8,1050,562.8,225.12,NULL,NULL,NULL,NULL,NULL,NULL
11311,2026-04-20 00:00:00,60388,B,2096.92,1200,896.92,358.768,NULL,NULL,NULL,NULL,NULL,NULL
11313,2026-04-08 00:00:00,60361,B,5108.6,4404.3,704.3,281.72,NULL,NULL,NULL,NULL,NULL,NULL
11314,2026-03-24 00:00:00,60232,B,7753.2,7157.2,596,0,NULL,NULL,NULL,NULL,NULL,NULL
11315,2026-04-22 00:00:00,60402,B,1499.16,1100,399.16,0,NULL,NULL,NULL,NULL,NULL,NULL
11316,2026-04-20 00:00:00,60391,B,8556.16,6270.65,2285.51,0,NULL,NULL,NULL,NULL,NULL,NULL
11324,2025-12-01 00:00:00,59510B,B,1100,1100,0,0,NULL,NULL,NULL,NULL,NULL,NULL
11326,2026-04-14 00:00:00,60403,B,7708.6,7708.6,0,0,NULL,NULL,NULL,NULL,NULL,NULL
11327,2026-04-24 00:00:00,60403A,B,13234.65,8105.84,5128.81,0,NULL,NULL,NULL,NULL,NULL,NULL
11328,2026-04-24 00:00:00,60415,B,1634.4,1200,434.4,173.76,NULL,NULL,NULL,NULL,NULL,NULL
11329,2026-04-24 00:00:00,60416,B,1731.12,1300,431.12,172.448,NULL,NULL,NULL,NULL,NULL,NULL
11330,2026-04-24 00:00:00,60417,B,1951.32,900,1051.32,210.264,NULL,NULL,NULL,NULL,NULL,NULL
11332,2026-04-24 00:00:00,60411,B,833.04,277.68,555.36,0,NULL,NULL,NULL,NULL,NULL,NULL
11333,2026-04-27 00:00:00,60420,B,8891,6645.5,2245.5,449.1,NULL,NULL,NULL,NULL,NULL,NULL
11335,2026-04-27 00:00:00,60317,B,11544,11036.5,507.5,0,NULL,NULL,NULL,NULL,NULL,NULL
11336,2026-04-27 00:00:00,60392,B,11250,10500,750,0,NULL,NULL,NULL,NULL,NULL,NULL
11338,2026-04-27 00:00:00,60302,B,7169.58,6190.7,978.88,195.776,NULL,NULL,NULL,NULL,NULL,NULL
11339,2026-04-27 00:00:00,60372,A,-150,0,-150,0,1137,S,-150,0,NULL,NULL
11340,2026-04-27 00:00:00,60410,B,897.12,299.04,598.08,0,NULL,NULL,NULL,NULL,NULL,NULL
11341,2026-04-27 00:00:00,60380,B,8975.4,8388.4,587,0,NULL,NULL,NULL,NULL,NULL,NULL
11343,2026-04-29 00:00:00,60426,B,1704,900,804,120.6,NULL,NULL,NULL,NULL,NULL,NULL
11347,2026-04-29 00:00:00,60393,B,2793,2202.4,590.6,0,NULL,NULL,NULL,NULL,NULL,NULL
11348,2026-04-27 00:00:00,60400,B,958.8,820.8,138,27.6,NULL,NULL,NULL,NULL,NULL,NULL
11352,2026-04-15 00:00:00,60409,B,10320.72,10320.72,0,0,NULL,NULL,NULL,NULL,NULL,NULL
11353,2026-04-29 00:00:00,60394,B,3445,2306.4,1138.6,0,NULL,NULL,NULL,NULL,NULL,NULL
11354,2026-04-29 00:00:00,60395,B,2913.3,2224,689.3,0,NULL,NULL,NULL,NULL,NULL,NULL
11355,2026-04-20 00:00:00,60418,B,9135.2,9135.2,0,0,NULL,NULL,NULL,NULL,NULL,NULL
11356,2026-05-01 00:00:00,60429,B,1791.96,1200,591.96,236.784,NULL,NULL,NULL,NULL,NULL,NULL
11357,2026-05-01 00:00:00,60428,B,2059.08,1200,859.08,343.632,NULL,NULL,NULL,NULL,NULL,NULL
11358,2026-05-01 00:00:00,60427,B,1346.4,1000,346.4,138.56,NULL,NULL,NULL,NULL,NULL,NULL
11359,2026-05-01 00:00:00,60293,B,1014.5,415,599.5,0,NULL,NULL,NULL,NULL,NULL,NULL
11360,2026-05-01 00:00:00,60396,B,3010.8,2213.2,797.6,0,NULL,NULL,NULL,NULL,NULL,NULL
11363,2026-04-27 00:00:00,60315,B,1069.46,891.18,178.28,0,NULL,NULL,NULL,NULL,NULL,NULL
11364,2026-05-05 00:00:00,60430,B,1838.4,1200,638.4,255.36,NULL,NULL,NULL,NULL,NULL,NULL
11365,2026-05-05 00:00:00,60459,B,14586,10091.19,4494.81,898.962,NULL,NULL,NULL,NULL,NULL,NULL
11366,2026-05-05 00:00:00,60458,B,13613.6,9135.2,4478.4,1791.36,NULL,NULL,NULL,NULL,NULL,NULL
11367,2026-05-05 00:00:00,60401,B,9055.2,7989.8,1065.4,0,NULL,NULL,NULL,NULL,NULL,NULL
11368,2026-05-05 00:00:00,60451,B,5085,4072.8,1012.2,404.88,NULL,NULL,NULL,NULL,NULL,NULL
11369,2026-05-05 00:00:00,60454,B,1438.15,800,638.15,95.723,NULL,NULL,NULL,NULL,NULL,NULL
11371,2026-05-06 00:00:00,60398,B,11250,10500,750,0,NULL,NULL,NULL,NULL,NULL,NULL
11372,2026-05-06 00:00:00,60424,B,5538.4,3678,1860.4,744.16,NULL,NULL,NULL,NULL,NULL,NULL
11373,2026-05-08 00:00:00,60381,B,9120.3,8037.2,1083.1,0,NULL,NULL,NULL,NULL,NULL,NULL
11374,2026-05-08 00:00:00,60303,B,7106.22,6119.25,986.97,197.394,NULL,NULL,NULL,NULL,NULL,NULL
11375,2026-05-08 00:00:00,60386,B,4267.8,1778.25,2489.55,0,NULL,NULL,NULL,NULL,NULL,NULL
11376,2026-05-08 00:00:00,60390,B,9428.75,600,8828.75,0,NULL,NULL,NULL,NULL,NULL,NULL
11377,2026-05-08 00:00:00,60450,B,1684.8,1200,484.8,193.92,NULL,NULL,NULL,NULL,NULL,NULL
11378,2026-05-08 00:00:00,60446,B,7282.8,4758.6,2524.2,1009.68,NULL,NULL,NULL,NULL,NULL,NULL
11379,2026-05-08 00:00:00,60399,B,11250,10500,750,0,NULL,NULL,NULL,NULL,NULL,NULL
11380,2026-05-08 00:00:00,60412,B,945.24,315.08,630.16,0,NULL,NULL,NULL,NULL,NULL,NULL
11381,2026-05-08 00:00:00,60413,B,877.08,292.36,584.72,0,NULL,NULL,NULL,NULL,NULL,NULL
11382,2026-05-08 00:00:00,60414,B,921.12,307.04,614.08,0,NULL,NULL,NULL,NULL,NULL,NULL
11384,2026-05-08 00:00:00,60431,B,5140.44,3862,1278.44,255.688,NULL,NULL,NULL,NULL,NULL,NULL
11385,2026-05-08 00:00:00,60433,B,8616,7218.8,1397.2,0,NULL,NULL,NULL,NULL,NULL,NULL
11386,2026-05-08 00:00:00,60452,B,8932,6555.8,2376.2,475.24,NULL,NULL,NULL,NULL,NULL,NULL
11387,2026-05-08 00:00:00,60455,B,4288,3733.91,554.09,0,NULL,NULL,NULL,NULL,NULL,NULL
11388,2026-03-30 00:00:00,INV60367,B,800,800,0,0,NULL,NULL,NULL,NULL,NULL,NULL
11389,2026-04-23 00:00:00,INV60426,B,800,800,0,0,NULL,NULL,NULL,NULL,NULL,NULL
11390,2026-04-02 00:00:00,INV60372,B,250,250,0,0,NULL,NULL,NULL,NULL,NULL,NULL
11391,2026-04-15 00:00:00,INV60387,B,750,750,0,0,NULL,NULL,NULL,NULL,NULL,NULL
11392,2026-04-24 00:00:00,INV60427,B,400,400,0,0,NULL,NULL,NULL,NULL,NULL,NULL
11394,2026-04-10 00:00:00,60370,B,3995.9,2907.6,1088.3,0,NULL,NULL,NULL,NULL,NULL,NULL
11395,2026-05-14 00:00:00,60460,B,1593.8,1250,343.8,137.52,NULL,NULL,NULL,NULL,NULL,NULL
11396,2026-05-08 00:00:00,INV60460,B,150,150,0,0,NULL,NULL,NULL,NULL,NULL,NULL
11397,2026-04-21 00:00:00,INV60417,B,700,700,0,0,NULL,NULL,NULL,NULL,NULL,NULL
11398,2026-04-16 00:00:00,INV60400,B,129.2,129.2,0,0,NULL,NULL,NULL,NULL,NULL,NULL
11399,2025-08-21 00:00:00,59648,B,5777.75,5777.75,0,0,NULL,NULL,NULL,NULL,NULL,NULL
11400,2025-07-15 00:00:00,59642,B,6037.25,6037.25,0,0,NULL,NULL,NULL,NULL,NULL,NULL
11407,2026-04-24 00:00:00,60432,B,10297.69,10297.69,0,0,NULL,NULL,NULL,NULL,NULL,NULL
11408,2026-04-29 00:00:00,60432B,B,5219.4,5219.4,0,0,NULL,NULL,NULL,NULL,NULL,NULL
11409,2026-05-05 00:00:00,60456,B,1754.9,1754.9,0,0,NULL,NULL,NULL,NULL,NULL,NULL
11411,2026-05-01 00:00:00,60397,B,3863.6,2376.4,1487.2,0,NULL,NULL,NULL,NULL,NULL,NULL
11412,2026-05-18 00:00:00,60463,B,5385.6,2992,2393.6,957.44,NULL,NULL,NULL,NULL,NULL,NULL
11413,2026-05-18 00:00:00,60482,B,4828.2,700,4128.2,0,NULL,NULL,NULL,NULL,NULL,NULL
11416,2026-05-20 00:00:00,60445,B,3632.85,2008.9,1623.95,0,NULL,NULL,NULL,NULL,NULL,NULL
11417,2026-05-20 00:00:00,60453,B,1744.4,1000,744.4,297.76,NULL,NULL,NULL,NULL,NULL,NULL
11418,2026-05-20 00:00:00,60462,B,1971.2,600,1371.2,548.48,NULL,NULL,NULL,NULL,NULL,NULL
11419,2026-04-03 00:00:00,60305,B,6741.3,4372.68,2368.62,0,NULL,NULL,NULL,NULL,NULL,NULL
11420,2025-06-06 00:00:00,59339A,B,0,2424,-2424,0,NULL,NULL,NULL,NULL,NULL,NULL
11421,2025-06-06 00:00:00,59404A,B,0,2519,-2519,0,NULL,NULL,NULL,NULL,NULL,NULL
11422,2025-06-06 00:00:00,59319A,B,0,3024,-3024,0,NULL,NULL,NULL,NULL,NULL,NULL
11423,2025-07-23 00:00:00,59371A,B,0,2704.2,-2704.2,0,NULL,NULL,NULL,NULL,NULL,NULL
11424,2025-07-23 00:00:00,59442A,B,0,2799.2,-2799.2,0,NULL,NULL,NULL,NULL,NULL,NULL
11425,2025-11-19 00:00:00,59465A,B,0,2963.7,-2963.7,0,NULL,NULL,NULL,NULL,NULL,NULL
11426,2025-11-19 00:00:00,59571A,B,0,3702.5,-3702.5,0,NULL,NULL,NULL,NULL,NULL,NULL
11427,2025-11-19 00:00:00,59472A,B,0,3992.7,-3992.7,0,NULL,NULL,NULL,NULL,NULL,NULL
11429,2026-01-07 00:00:00,59510A,B,0,3931.5,-3931.5,0,NULL,NULL,NULL,NULL,NULL,NULL
11430,2026-01-07 00:00:00,59466A,B,0,4304.7,-4304.7,0,NULL,NULL,NULL,NULL,NULL,NULL
11431,2026-05-26 00:00:00,60510,B,2692.8,1616.8,1076,430.4,NULL,NULL,NULL,NULL,NULL,NULL
11432,2026-05-26 00:00:00,60520,B,612.3,329.7,282.6,42.39,NULL,NULL,NULL,NULL,NULL,NULL
11433,2026-05-26 00:00:00,60516,B,873.99,739.53,134.46,20.169,NULL,NULL,NULL,NULL,NULL,NULL
11434,2026-05-26 00:00:00,60469,B,12056.99,10674.34,1382.65,0,NULL,NULL,NULL,NULL,NULL,NULL
11435,2026-05-26 00:00:00,60465,B,8185.4,7162.23,1023.17,0,NULL,NULL,NULL,NULL,NULL,NULL
11436,2026-05-26 00:00:00,60466,B,8529.4,7463.23,1066.17,0,NULL,NULL,NULL,NULL,NULL,NULL
11437,2026-05-26 00:00:00,60515,B,8396,6257.4,2138.6,427.72,NULL,NULL,NULL,NULL,NULL,NULL
11438,2026-05-27 00:00:00,60511,B,3714.5,1737,1977.5,791,NULL,NULL,NULL,NULL,NULL,NULL
11439,2026-05-27 00:00:00,60443,B,8993,7506,1487,0,NULL,NULL,NULL,NULL,NULL,NULL
11440,2026-05-27 00:00:00,60488,B,1852.8,1475,377.8,56.67,NULL,NULL,NULL,NULL,NULL,NULL
11441,2026-05-27 00:00:00,60447,B,10183.6,8983.25,1200.35,0,NULL,NULL,NULL,NULL,NULL,NULL
11442,2026-05-27 00:00:00,60407,B,1708,1445,263,0,NULL,NULL,NULL,NULL,NULL,NULL
11443,2026-05-27 00:00:00,60406,B,1771,1490,281,0,NULL,NULL,NULL,NULL,NULL,NULL
11444,2026-05-27 00:00:00,60405,B,1820,1525,295,0,NULL,NULL,NULL,NULL,NULL,NULL
11445,2026-05-27 00:00:00,60326,B,1855,1550,305,0,NULL,NULL,NULL,NULL,NULL,NULL
11446,2026-05-29 00:00:00,60425,B,5084.8,3667.4,1417.4,0,NULL,NULL,NULL,NULL,NULL,NULL
11447,2026-05-29 00:00:00,60442,B,8999.9,7978.1,1021.8,0,NULL,NULL,NULL,NULL,NULL,NULL
11448,2026-05-29 00:00:00,60512,B,3279.3,1685.8,1593.5,637.4,NULL,NULL,NULL,NULL,NULL,NULL
11449,2026-05-29 00:00:00,60327,B,1799,1510,289,0,NULL,NULL,NULL,NULL,NULL,NULL
11450,2026-05-29 00:00:00,60404,B,1687,1430,257,0,NULL,NULL,NULL,NULL,NULL,NULL
11451,2026-05-29 00:00:00,60487,B,9894.6,8833.7,1060.9,0,NULL,NULL,NULL,NULL,NULL,NULL
11453,2026-05-29 00:00:00,60470,B,23828.4,22766.4,1062,0,NULL,NULL,NULL,NULL,NULL,NULL
11454,2026-05-29 00:00:00,60475,B,2636.2,1000,1636.2,654.48,NULL,NULL,NULL,NULL,NULL,NULL
11456,2025-06-06 00:00:00,59357A,B,0,0,0,0,NULL,NULL,NULL,NULL,NULL,NULL
11459,2026-06-04 00:00:00,60513,B,3007.3,1653.8,1353.5,541.4,NULL,NULL,NULL,NULL,NULL,NULL
11460,2026-06-04 00:00:00,60485,B,1680,1136,544,0,NULL,NULL,NULL,NULL,NULL,NULL
11462,2026-06-04 00:00:00,60484,B,1767.75,1195.34,572.41,0,NULL,NULL,NULL,NULL,NULL,NULL
11463,2026-06-04 00:00:00,60408,B,1687,1430,257,0,NULL,NULL,NULL,NULL,NULL,NULL
11464,2026-06-04 00:00:00,60474,B,926.8,794.4,132.4,26.48,NULL,NULL,NULL,NULL,NULL,NULL
11465,2026-06-04 00:00:00,60448,B,521,0,521,0,NULL,NULL,NULL,NULL,NULL,NULL
11467,2026-06-04 00:00:00,60521,B,1694,1435,259,0,NULL,NULL,NULL,NULL,NULL,NULL
11468,2026-06-04 00:00:00,60522,B,1610,1375,235,0,NULL,NULL,NULL,NULL,NULL,NULL
11469,2026-06-04 00:00:00,60304,B,7057.8,6187.91,869.89,173.978,NULL,NULL,NULL,NULL,NULL,NULL
11470,2026-06-04 00:00:00,60502,B,1763.2,1635.2,128,19.2,NULL,NULL,NULL,NULL,NULL,NULL
11471,2026-06-04 00:00:00,60541,B,1858.5,956.7,901.8,0,NULL,NULL,NULL,NULL,NULL,NULL
11472,2026-06-04 00:00:00,60536,B,8275.4,7488.33,787.07,0,NULL,NULL,NULL,NULL,NULL,NULL
11478,2026-05-14 00:00:00,60494A,B,9014.22,9014.22,0,0,NULL,NULL,NULL,NULL,NULL,NULL
11479,2026-05-29 00:00:00,60464,B,1947,1947,0,0,NULL,NULL,NULL,NULL,NULL,NULL
11481,2026-06-09 00:00:00,60444,B,7755.6,6448.95,1306.65,0,NULL,NULL,NULL,NULL,NULL,NULL
11482,2026-06-05 00:00:00,60432A,B,13559.7,12828.14,731.56,0,NULL,NULL,NULL,NULL,NULL,NULL
11484,2026-06-09 00:00:00,60494,B,12169.5,10769.12,1400.38,0,NULL,NULL,NULL,NULL,NULL,NULL
11486,2026-06-09 00:00:00,60548,B,924.8,925,-0.2,-0.04,NULL,NULL,NULL,NULL,NULL,NULL
11487,2026-06-11 00:00:00,60435,B,11331.6,6037.25,5294.35,0,NULL,NULL,NULL,NULL,NULL,NULL
11488,2026-06-11 00:00:00,60436,B,11544.4,5777.75,5766.65,0,NULL,NULL,NULL,NULL,NULL,NULL
11489,2026-06-11 00:00:00,60449,B,2743.2,1550,1193.2,0,NULL,NULL,NULL,NULL,NULL,NULL
11491,2026-06-11 00:00:00,60476,B,1491,868.46,622.54,249.016,NULL,NULL,NULL,NULL,NULL,NULL
11492,2026-06-11 00:00:00,60479,B,2160.9,1350,810.9,0,NULL,NULL,NULL,NULL,NULL,NULL
11493,2026-06-11 00:00:00,60507,B,7403.7,6403.2,1000.5,200.1,NULL,NULL,NULL,NULL,NULL,NULL
11494,2026-06-09 00:00:00,60558,B,869.42,543.12,326.3,48.945,NULL,NULL,NULL,NULL,NULL,NULL
11497,2026-05-29 00:00:00,60517,B,2978.75,2453,525.75,78.863,NULL,NULL,NULL,NULL,NULL,NULL
11498,2026-06-12 00:00:00,60533,B,1524,1181.1,342.9,137.16,NULL,NULL,NULL,NULL,NULL,NULL
11499,2026-06-12 00:00:00,60544,B,1581.6,1225.74,355.86,142.344,NULL,NULL,NULL,NULL,NULL,NULL
11500,2026-06-12 00:00:00,60556,B,996,199.2,796.8,318.72,NULL,NULL,NULL,NULL,NULL,NULL
11501,2026-06-12 00:00:00,60560,B,1154.66,977.02,177.64,0,NULL,NULL,NULL,NULL,NULL,NULL
11503,2026-06-16 00:00:00,60493,B,1404,1150,254,0,NULL,NULL,NULL,NULL,NULL,NULL
11504,2026-06-16 00:00:00,60535,B,370.5,215.25,155.25,0,NULL,NULL,NULL,NULL,NULL,NULL
11506,2026-05-15 00:00:00,INV60474,B,405.6,405.6,0,0,NULL,NULL,NULL,NULL,NULL,NULL
11507,2026-06-08 00:00:00,INV60493,B,600,600,0,0,NULL,NULL,NULL,NULL,NULL,NULL
11508,2026-06-11 00:00:00,60468,B,6994.2,5521.52,1472.68,294.536,NULL,NULL,NULL,NULL,NULL,NULL
11509,2026-06-18 00:00:00,60165/72/331,B,682.33,682.33,0,0,NULL,NULL,NULL,NULL,NULL,NULL
11511,2026-06-19 00:00:00,60492,B,8291,6680.18,1610.82,0,NULL,NULL,NULL,NULL,NULL,NULL
11512,2026-06-19 00:00:00,60531,B,11150,8444,2706,1082.4,NULL,NULL,NULL,NULL,NULL,NULL
11513,2026-06-19 00:00:00,60532,B,2980.8,2640.4,340.4,136.16,NULL,NULL,NULL,NULL,NULL,NULL
11514,2026-06-19 00:00:00,60537,B,9954.4,8824,1130.4,0,NULL,NULL,NULL,NULL,NULL,NULL
11515,2026-06-19 00:00:00,60542,B,1781.25,904.46,876.79,0,NULL,NULL,NULL,NULL,NULL,NULL
11516,2026-06-19 00:00:00,60554,B,6761.6,5969.6,792,0,NULL,NULL,NULL,NULL,NULL,NULL
11517,2026-06-19 00:00:00,60529,B,3129.6,2184.4,945.2,378.08,NULL,NULL,NULL,NULL,NULL,NULL
11518,2026-06-25 00:00:00,60569,B,9775,8487.5,1287.5,0,NULL,NULL,NULL,NULL,NULL,NULL
11519,2026-06-10 00:00:00,60592,B,2136.3,2136.3,0,0,NULL,NULL,NULL,NULL,NULL,NULL
11520,2026-06-18 00:00:00,60582,B,1899.7,1899.7,0,0,NULL,NULL,NULL,NULL,NULL,NULL
11521,2026-06-25 00:00:00,60600,B,486.12,283.57,202.55,30.383,NULL,NULL,NULL,NULL,NULL,NULL
11522,2026-06-25 00:00:00,60611,B,864.5,731.5,133,19.95,NULL,NULL,NULL,NULL,NULL,NULL
11523,2026-06-25 00:00:00,60579,B,1872,1000,872,0,NULL,NULL,NULL,NULL,NULL,NULL
11524,2026-06-04 00:00:00,60461,B,2931,1283,1648,329.6,NULL,NULL,NULL,NULL,NULL,NULL
11525,2026-06-12 00:00:00,60471,B,1197.63,427.73,769.9,0,NULL,NULL,NULL,NULL,NULL,NULL
11526,2026-06-26 00:00:00,60623,B,1653,661.2,991.8,396.72,NULL,NULL,NULL,NULL,NULL,NULL
11527,2026-06-26 00:00:00,60486,B,10809.56,9851.43,958.13,0,NULL,NULL,NULL,NULL,NULL,NULL
11529,2026-06-04 00:00:00,60552,B,2048,2048,0,0,NULL,NULL,NULL,NULL,NULL,NULL
11530,2026-06-29 00:00:00,60555,B,6667.2,3704,2963.2,1185.28,NULL,NULL,NULL,NULL,NULL,NULL
11531,2026-06-29 00:00:00,60573,B,4118,2623.6,1494.4,224.16,NULL,NULL,NULL,NULL,NULL,NULL
11532,2026-06-29 00:00:00,60519,B,1738.8,850,888.8,0,NULL,NULL,NULL,NULL,NULL,NULL
11533,2026-06-29 00:00:00,60509,B,7178,6014,1164,232.8,NULL,NULL,NULL,NULL,NULL,NULL
11534,2026-06-30 00:00:00,60551,B,9347.2,8143.4,1203.8,0,NULL,NULL,NULL,NULL,NULL,NULL
11535,2025-10-16 00:00:00,59959,B,0,8481.66,-8481.66,0,NULL,NULL,NULL,NULL,NULL,NULL
11536,2025-10-16 00:00:00,59960,B,0,8584.08,-8584.08,0,NULL,NULL,NULL,NULL,NULL,NULL
11537,2026-05-08 00:00:00,60467,B,504,1200,-696,0,NULL,NULL,NULL,NULL,NULL,NULL
11538,2026-07-06 00:00:00,60576,B,3644,2993.2,650.8,260.32,NULL,NULL,NULL,NULL,NULL,NULL
11539,2026-07-06 00:00:00,60523,B,1722,1455,267,0,NULL,NULL,NULL,NULL,NULL,NULL
11540,2026-07-06 00:00:00,60524,B,1701,1440,261,0,NULL,NULL,NULL,NULL,NULL,NULL
11541,2026-07-06 00:00:00,60525,B,1617,1380,237,0,NULL,NULL,NULL,NULL,NULL,NULL
11542,2026-07-06 00:00:00,60584,B,1638,1395,243,0,NULL,NULL,NULL,NULL,NULL,NULL
11543,2026-07-06 00:00:00,60538,B,9738.2,8659.5,1078.7,0,NULL,NULL,NULL,NULL,NULL,NULL
11544,2026-07-06 00:00:00,60568,B,6108,4724.96,1383.04,207.456,NULL,NULL,NULL,NULL,NULL,NULL
11545,2026-07-06 00:00:00,60585,B,1708,1445,263,0,NULL,NULL,NULL,NULL,NULL,NULL
11547,2026-07-06 00:00:00,60613,B,2300.4,1750.6,549.8,82.47,NULL,NULL,NULL,NULL,NULL,NULL
11548,2026-07-06 00:00:00,60574,B,7392.79,6193.96,1198.83,239.766,NULL,NULL,NULL,NULL,NULL,NULL
11549,2026-07-08 00:00:00,60557,B,0,436.22,-436.22,0,NULL,NULL,NULL,NULL,NULL,NULL
11550,2026-06-04 00:00:00,INV60548,B,375,375,0,0,NULL,NULL,NULL,NULL,NULL,NULL
11551,2025-11-20 00:00:00,INV60074,B,137.8,137.8,0,0,NULL,NULL,NULL,NULL,NULL,NULL
11552,2026-05-13 00:00:00,INV60462,B,350,350,0,0,NULL,NULL,NULL,NULL,NULL,NULL
11553,2026-05-19 00:00:00,INV60461,B,250,250,0,0,NULL,NULL,NULL,NULL,NULL,NULL
11554,2026-07-10 00:00:00,60622,B,8446,7390.25,1055.75,0,NULL,NULL,NULL,NULL,NULL,NULL
11555,2026-07-10 00:00:00,60534,B,3970.8,0,3970.8,794.16,NULL,NULL,NULL,NULL,NULL,NULL
11556,2026-07-10 00:00:00,60589,B,9823,6998,2825,0,NULL,NULL,NULL,NULL,NULL,NULL
11557,2026-07-10 00:00:00,60601,B,2018.8,1100,918.8,367.52,NULL,NULL,NULL,NULL,NULL,NULL
11558,2026-07-10 00:00:00,60610,B,4431.6,2462,1969.6,787.84,NULL,NULL,NULL,NULL,NULL,NULL
11559,2026-07-10 00:00:00,60615,B,10189.6,7970.4,2219.2,443.84,NULL,NULL,NULL,NULL,NULL,NULL
11560,2026-06-12 00:00:00,60478,B,1666.7,1500,166.7,66.68,NULL,NULL,NULL,NULL,NULL,NULL
11561,2026-03-03 00:00:00,59472B,B,3025.7,875,2150.7,0,NULL,NULL,NULL,NULL,NULL,NULL
11562,2025-11-14 00:00:00,59465B,B,1100,1100,0,0,NULL,NULL,NULL,NULL,NULL,NULL
11563,2025-11-12 00:00:00,59571B,B,1100,1100,0,0,NULL,NULL,NULL,NULL,NULL,NULL
11564,2025-07-23 00:00:00,59371B,B,1100,1100,0,0,NULL,NULL,NULL,NULL,NULL,NULL
11565,2025-06-11 00:00:00,59404B,B,1605.2,1605.2,0,0,NULL,NULL,NULL,NULL,NULL,NULL
11566,2025-06-11 00:00:00,59357B,B,1605.2,1605.2,0,0,NULL,NULL,NULL,NULL,NULL,NULL
11567,2025-06-10 00:00:00,59319B,B,1730.2,1730.2,0,0,NULL,NULL,NULL,NULL,NULL,NULL
11568,2025-06-10 00:00:00,59339B,B,1680.2,1680.2,0,0,NULL,NULL,NULL,NULL,NULL,NULL
11569,2026-07-13 00:00:00,60652,B,529.56,308.91,220.65,33.098,NULL,NULL,NULL,NULL,NULL,NULL
11570,2026-07-14 00:00:00,60571,B,5658,4797,861,0,NULL,NULL,NULL,NULL,NULL,NULL
11571,2026-07-14 00:00:00,60577,B,5305,4413.76,891.24,0,NULL,NULL,NULL,NULL,NULL,NULL
11572,2026-07-14 00:00:00,60583,B,7412,5717.8,1694.2,338.84,NULL,NULL,NULL,NULL,NULL,NULL
11573,2025-11-24 00:00:00,59509A,B,0,3931.5,-3931.5,0,NULL,NULL,NULL,NULL,NULL,NULL
11574,2025-11-24 00:00:00,59509B,B,1100,1100,0,0,NULL,NULL,NULL,NULL,NULL,NULL
11575,2026-07-15 00:00:00,60477,B,2664.2,1800,864.2,345.68,NULL,NULL,NULL,NULL,NULL,NULL
11578,2026-07-15 00:00:00,60635,B,11250,10500,750,0,NULL,NULL,NULL,NULL,NULL,NULL
11579,2026-07-15 00:00:00,60630,B,4831.2,4026,805.2,0,NULL,NULL,NULL,NULL,NULL,NULL
11580,2026-07-15 00:00:00,60603,B,2324,1600,724,289.6,NULL,NULL,NULL,NULL,NULL,NULL
11581,2026-07-15 00:00:00,60594,B,7513.92,4174.4,3339.52,667.904,NULL,NULL,NULL,NULL,NULL,NULL
11583,2026-07-15 00:00:00,60570,B,0,500,-500,0,NULL,NULL,NULL,NULL,NULL,NULL
11584,2024-01-04 00:00:00,57114,A,0,-294,294,0,1880,P,-294,115017,NULL,NULL
11585,2024-01-13 00:00:00,57192,A,0,-9,9,0,1880,P,-9,115018,NULL,NULL
11586,2026-07-17 00:00:00,60591,B,11385.92,10167.36,1218.56,0,NULL,NULL,NULL,NULL,NULL,NULL
11587,2026-06-25 00:00:00,60614,B,1889.1,1889.1,0,0,NULL,NULL,NULL,NULL,NULL,NULL
11590,2026-07-17 00:00:00,60540,B,2916.4,2425.9,490.5,0,NULL,NULL,NULL,NULL,NULL,NULL
11591,2026-07-17 00:00:00,60657,B,5284.8,2936,2348.8,939.52,NULL,NULL,NULL,NULL,NULL,NULL
11592,2026-07-17 00:00:00,60578,B,6476.8,5432,1044.8,417.92,NULL,NULL,NULL,NULL,NULL,NULL
11593,2026-07-17 00:00:00,60580,B,9286.17,8542.86,743.31,0,NULL,NULL,NULL,NULL,NULL,NULL
11594,2026-07-17 00:00:00,60633,B,1760,1100,660,0,NULL,NULL,NULL,NULL,NULL,NULL
11595,2026-07-17 00:00:00,60634,B,1626.2,1100,526.2,0,NULL,NULL,NULL,NULL,NULL,NULL
11596,2026-07-17 00:00:00,60654,B,7868,6070.8,1797.2,0,NULL,NULL,NULL,NULL,NULL,NULL
11597,2026-07-17 00:00:00,60655,B,7828.16,6446.72,1381.44,0,NULL,NULL,NULL,NULL,NULL,NULL
11599,2026-07-17 00:00:00,60563,B,2712,1560.2,1151.8,460.72,NULL,NULL,NULL,NULL,NULL,NULL
11600,2026-07-17 00:00:00,60562,B,2508,1434.8,1073.2,429.28,NULL,NULL,NULL,NULL,NULL,NULL
11602,2026-07-21 00:00:00,60561,B,2685,1216,1469,587.6,NULL,NULL,NULL,NULL,NULL,NULL
11603,2026-07-22 00:00:00,60503,B,25265.57,9373.1,15892.47,3178.494,NULL,NULL,NULL,NULL,NULL,NULL
11606,2026-06-16 00:00:00,60543,B,4887.5,4600,287.5,0,NULL,NULL,NULL,NULL,NULL,NULL
11607,2026-07-23 00:00:00,60656,B,9798,8756,1042,0,NULL,NULL,NULL,NULL,NULL,NULL
11609,2026-07-23 00:00:00,60593,B,7695,4299.5,3395.5,679.1,NULL,NULL,NULL,NULL,NULL,NULL
11610,2024-12-31 00:00:00,58774,B,63310.36,63310.36,0,0,NULL,NULL,NULL,NULL,NULL,NULL
11611,2025-07-14 00:00:00,59639,B,6304.25,6304.25,0,0,NULL,NULL,NULL,NULL,NULL,NULL
11612,2025-07-09 00:00:00,59623,B,6304.25,6304.25,0,0,NULL,NULL,NULL,NULL,NULL,NULL
11613,2025-07-10 00:00:00,59622,B,6499.25,6499.25,0,0,NULL,NULL,NULL,NULL,NULL,NULL
11614,2025-07-07 00:00:00,59607,B,6585.25,6585.25,0,0,NULL,NULL,NULL,NULL,NULL,NULL
11615,2025-06-30 00:00:00,59606,B,6494.25,6494.25,0,0,NULL,NULL,NULL,NULL,NULL,NULL
11616,2025-06-19 00:00:00,59546,B,6363.25,6363.25,0,0,NULL,NULL,NULL,NULL,NULL,NULL
11618,2026-07-23 00:00:00,60670,B,6852.6,1500,5352.6,0,NULL,NULL,NULL,NULL,NULL,NULL
11619,2026-07-24 00:00:00,60672,B,0,5809.08,-5809.08,0,NULL,NULL,NULL,NULL,NULL,NULL
11620,2026-07-24 00:00:00,60539,B,9361,8122.5,1238.5,0,NULL,NULL,NULL,NULL,NULL,NULL
11621,2026-07-24 00:00:00,60631,B,9183.8,7021.2,2162.6,0,NULL,NULL,NULL,NULL,NULL,NULL
11622,2026-07-24 00:00:00,60632,B,6100.6,4835.05,1265.55,0,NULL,NULL,NULL,NULL,NULL,NULL
11623,2026-07-24 00:00:00,60559,B,7444.8,5458.8,1986,397.2,NULL,NULL,NULL,NULL,NULL,NULL
11624,2026-07-24 00:00:00,60605,B,5019,2007.6,3011.4,0,NULL,NULL,NULL,NULL,NULL,NULL
11625,2026-07-24 00:00:00,60606,B,3617.6,2979.2,638.4,127.68,NULL,NULL,NULL,NULL,NULL,NULL
11626,2026-07-24 00:00:00,60658,B,6721.2,3734,2987.2,1194.88,NULL,NULL,NULL,NULL,NULL,NULL
11627,2026-07-24 00:00:00,60693,B,2815.2,1156.4,1658.8,663.52,NULL,NULL,NULL,NULL,NULL,NULL
11628,2026-07-24 00:00:00,INV60400,A,-129.2,0,-129.2,0,2698,S,-129.2,0,NULL,NULL
11630,2026-06-04 00:00:00,60437,B,1391,950,441,0,NULL,NULL,NULL,NULL,NULL,NULL
11631,2026-06-04 00:00:00,60439,B,1255.06,950,305.06,0,NULL,NULL,NULL,NULL,NULL,NULL
11632,2026-06-04 00:00:00,60440,B,1122,1010,112,0,NULL,NULL,NULL,NULL,NULL,NULL
11633,2026-06-09 00:00:00,60441,B,1091.72,950,141.72,0,NULL,NULL,NULL,NULL,NULL,NULL
11634,2026-07-15 00:00:00,60438,B,1164.8,650,514.8,0,NULL,NULL,NULL,NULL,NULL,NULL
11635,2026-07-28 00:00:00,60604,B,1719.2,1175,544.2,217.68,NULL,NULL,NULL,NULL,NULL,NULL
11636,2026-07-28 00:00:00,60483,B,2002,1475,527,210.8,NULL,NULL,NULL,NULL,NULL,NULL
11637,2026-06-23 00:00:00,INV60483,B,500,500,0,0,NULL,NULL,NULL,NULL,NULL,NULL
11638,2026-06-24 00:00:00,INV60604,B,800,800,0,0,NULL,NULL,NULL,NULL,NULL,NULL
11639,2026-01-20 00:00:00,60215,B,9340,9340,0,0,NULL,NULL,NULL,NULL,NULL,NULL
11640,2026-03-25 00:00:00,60320,B,14850,13787.5,1062.5,0,NULL,NULL,NULL,NULL,NULL,NULL
11641,2026-08-03 00:00:00,60698,B,1621.56,1035.75,585.81,117.162,NULL,NULL,NULL,NULL,NULL,NULL
11642,2026-08-03 00:00:00,60691,B,1461.6,700,761.6,152.32,NULL,NULL,NULL,NULL,NULL,NULL
11643,2026-08-03 00:00:00,60636,B,1154.56,1100,54.56,10.912,NULL,NULL,NULL,NULL,NULL,NULL
11644,2026-07-22 00:00:00,60671,B,4206.44,3631.84,574.6,0,NULL,NULL,NULL,NULL,NULL,NULL
11645,2026-08-04 00:00:00,60549,B,886.4,653.86,232.54,46.508,NULL,NULL,NULL,NULL,NULL,NULL
11646,2026-08-04 00:00:00,60550,B,819.2,575.86,243.34,48.668,NULL,NULL,NULL,NULL,NULL,NULL
11647,2026-08-04 00:00:00,60547,B,8240,6194.16,2045.84,0,NULL,NULL,NULL,NULL,NULL,NULL
11648,2026-08-04 00:00:00,60575,B,5006.4,2809.2,2197.2,878.88,NULL,NULL,NULL,NULL,NULL,NULL
11649,2026-08-04 00:00:00,60607,B,6050.8,2699.4,3351.4,0,NULL,NULL,NULL,NULL,NULL,NULL
11650,2026-08-04 00:00:00,60673,B,11387.6,9349.14,2038.46,0,NULL,NULL,NULL,NULL,NULL,NULL
11651,2026-08-04 00:00:00,60702,B,1159.2,700,459.2,68.88,NULL,NULL,NULL,NULL,NULL,NULL
11652,2026-08-05 00:00:00,60692,B,1435.2,700,735.2,147.04,NULL,NULL,NULL,NULL,NULL,NULL
11653,2026-08-05 00:00:00,60602,B,2401.3,1309.8,1091.5,218.3,NULL,NULL,NULL,NULL,NULL,NULL
11654,2026-08-05 00:00:00,60694,B,2117.94,962.7,1155.24,231.048,NULL,NULL,NULL,NULL,NULL,NULL
11655,2026-07-29 00:00:00,INV60698,B,664.25,664.25,0,0,NULL,NULL,NULL,NULL,NULL,NULL
11656,2026-06-09 00:00:00,INV60549,B,646.14,646.14,0,0,NULL,NULL,NULL,NULL,NULL,NULL
11657,2026-06-09 00:00:00,INV60550,B,724.14,724.14,0,0,NULL,NULL,NULL,NULL,NULL,NULL
11658,2026-07-02 00:00:00,60650,B,2040.1,2040.1,0,0,NULL,NULL,NULL,NULL,NULL,NULL
11659,2026-08-06 00:00:00,60624,B,6250.6,5625.54,625.06,0,NULL,NULL,NULL,NULL,NULL,NULL
11660,2026-08-06 00:00:00,60714,B,614.28,358.33,255.95,38.393,NULL,NULL,NULL,NULL,NULL,NULL
11661,2026-08-07 00:00:00,60706,B,11432.4,9449.4,1983,0,NULL,NULL,NULL,NULL,NULL,NULL
11662,2026-08-07 00:00:00,60700,B,9273.6,8384.2,889.4,0,NULL,NULL,NULL,NULL,NULL,NULL
