[2026-06-06T21:14:33.461Z] [INFO] [SYSTEM] MCP Server Transport Connecting DATA: {
  "transport": "stdio"
}
[2026-06-06T21:14:33.462Z] [INFO] [SYSTEM] MCP Server Ready DATA: {
  "directory": "/Users/ib-mac/IB-Odoo_19 (LOCAL)/IB-Odoo_19",
  "transport": "stdio",
  "toolsCount": 26,
  "readyTime": 1780780473462
}
[2026-06-06T21:14:33.483Z] [INFO] [SYSTEM] MCP Server Starting DATA: {
  "directory": "/Users/ib-mac/IB-Odoo_19 (LOCAL)/IB-Odoo_19",
  "nodeVersion": "v22.15.0",
  "platform": "darwin",
  "pid": 41916,
  "configEnvironment": "development",
  "embeddingEnabled": false
}
[2026-06-06T21:14:33.484Z] [INFO] [SYSTEM] Resource Manager Started DATA: {
  "maxMemoryMB": 4096,
  "maxCpuPercent": 80,
  "embeddingFallback": true
}
[2026-06-06T21:14:33.487Z] [INFO] [MCP_REQUEST] [1] Incoming MCP request: get_graph_health DATA: {
  "method": "get_graph_health",
  "params": {}
}
[2026-06-06T21:14:33.490Z] [INFO] [GRAPH_HEALTH] [1] Graph health check DATA: {
  "healthy": false,
  "reason": "Mismatch: totals e=0, r=0, sample=0",
  "totals": {
    "entities": 0,
    "relationships": 0,
    "files": 0
  },
  "sampleCount": 0
}
[2026-06-06T21:14:35.910Z] [INFO] [SYSTEM] MCP Server Transport Connecting DATA: {
  "transport": "stdio"
}
[2026-06-06T21:14:35.910Z] [INFO] [SYSTEM] MCP Server Ready DATA: {
  "directory": "/Users/ib-mac/IB-Odoo_19 (LOCAL)/IB-Odoo_19",
  "transport": "stdio",
  "toolsCount": 26,
  "readyTime": 1780780475910
}
[2026-06-06T21:14:35.914Z] [INFO] [SYSTEM] MCP Server Starting DATA: {
  "directory": "/Users/ib-mac/IB-Odoo_19 (LOCAL)/IB-Odoo_19",
  "nodeVersion": "v22.15.0",
  "platform": "darwin",
  "pid": 41961,
  "configEnvironment": "development",
  "embeddingEnabled": false
}
[2026-06-06T21:14:35.914Z] [INFO] [SYSTEM] Resource Manager Started DATA: {
  "maxMemoryMB": 4096,
  "maxCpuPercent": 80,
  "embeddingFallback": true
}
[2026-06-06T21:14:35.918Z] [INFO] [MCP_REQUEST] [2] Incoming MCP request: batch_index DATA: {
  "method": "batch_index",
  "params": {
    "maxFilesPerBatch": 50
  }
}
[2026-06-06T21:14:41.729Z] [INFO] [SYSTEM] MCP Server Transport Connecting DATA: {
  "transport": "stdio"
}
[2026-06-06T21:14:41.729Z] [INFO] [SYSTEM] MCP Server Ready DATA: {
  "directory": "/Users/ib-mac/IB-Odoo_19 (LOCAL)/IB-Odoo_19",
  "transport": "stdio",
  "toolsCount": 26,
  "readyTime": 1780780481729
}
[2026-06-06T21:14:41.735Z] [INFO] [SYSTEM] MCP Server Starting DATA: {
  "directory": "/Users/ib-mac/IB-Odoo_19 (LOCAL)/IB-Odoo_19",
  "nodeVersion": "v22.15.0",
  "platform": "darwin",
  "pid": 42012,
  "configEnvironment": "development",
  "embeddingEnabled": false
}
[2026-06-06T21:14:41.736Z] [INFO] [SYSTEM] Resource Manager Started DATA: {
  "maxMemoryMB": 4096,
  "maxCpuPercent": 80,
  "embeddingFallback": true
}
[2026-06-06T21:14:41.739Z] [INFO] [MCP_REQUEST] [b] Incoming MCP request: batch_index DATA: {
  "method": "batch_index",
  "params": {
    "sessionId": "batch_1780780475920_hewbd8q7",
    "maxFilesPerBatch": 100
  }
}
[2026-06-06T21:14:43.271Z] [INFO] [SYSTEM] MCP Server Transport Connecting DATA: {
  "transport": "stdio"
}
[2026-06-06T21:14:43.271Z] [INFO] [SYSTEM] MCP Server Ready DATA: {
  "directory": "/Users/ib-mac/IB-Odoo_19 (LOCAL)/IB-Odoo_19",
  "transport": "stdio",
  "toolsCount": 26,
  "readyTime": 1780780483271
}
[2026-06-06T21:14:43.278Z] [INFO] [SYSTEM] MCP Server Starting DATA: {
  "directory": "/Users/ib-mac/IB-Odoo_19 (LOCAL)/IB-Odoo_19",
  "nodeVersion": "v22.15.0",
  "platform": "darwin",
  "pid": 42023,
  "configEnvironment": "development",
  "embeddingEnabled": false
}
[2026-06-06T21:14:43.278Z] [INFO] [SYSTEM] Resource Manager Started DATA: {
  "maxMemoryMB": 4096,
  "maxCpuPercent": 80,
  "embeddingFallback": true
}
[2026-06-06T21:14:43.282Z] [INFO] [MCP_REQUEST] [b] Incoming MCP request: batch_index DATA: {
  "method": "batch_index",
  "params": {
    "sessionId": "batch_1780780475920_hewbd8q7",
    "maxFilesPerBatch": 100
  }
}
[2026-06-06T21:14:44.408Z] [INFO] [SYSTEM] MCP Server Transport Connecting DATA: {
  "transport": "stdio"
}
[2026-06-06T21:14:44.408Z] [INFO] [SYSTEM] MCP Server Ready DATA: {
  "directory": "/Users/ib-mac/IB-Odoo_19 (LOCAL)/IB-Odoo_19",
  "transport": "stdio",
  "toolsCount": 26,
  "readyTime": 1780780484408
}
[2026-06-06T21:14:44.416Z] [INFO] [SYSTEM] MCP Server Starting DATA: {
  "directory": "/Users/ib-mac/IB-Odoo_19 (LOCAL)/IB-Odoo_19",
  "nodeVersion": "v22.15.0",
  "platform": "darwin",
  "pid": 42030,
  "configEnvironment": "development",
  "embeddingEnabled": false
}
[2026-06-06T21:14:44.416Z] [INFO] [SYSTEM] Resource Manager Started DATA: {
  "maxMemoryMB": 4096,
  "maxCpuPercent": 80,
  "embeddingFallback": true
}
[2026-06-06T21:14:44.419Z] [INFO] [MCP_REQUEST] [b] Incoming MCP request: batch_index DATA: {
  "method": "batch_index",
  "params": {
    "sessionId": "batch_1780780475920_hewbd8q7",
    "maxFilesPerBatch": 100
  }
}
[2026-06-06T21:14:45.677Z] [INFO] [SYSTEM] MCP Server Transport Connecting DATA: {
  "transport": "stdio"
}
[2026-06-06T21:14:45.680Z] [INFO] [SYSTEM] MCP Server Ready DATA: {
  "directory": "/Users/ib-mac/IB-Odoo_19 (LOCAL)/IB-Odoo_19",
  "transport": "stdio",
  "toolsCount": 26,
  "readyTime": 1780780485680
}
[2026-06-06T21:14:45.689Z] [INFO] [SYSTEM] MCP Server Starting DATA: {
  "directory": "/Users/ib-mac/IB-Odoo_19 (LOCAL)/IB-Odoo_19",
  "nodeVersion": "v22.15.0",
  "platform": "darwin",
  "pid": 42040,
  "configEnvironment": "development",
  "embeddingEnabled": false
}
[2026-06-06T21:14:45.689Z] [INFO] [SYSTEM] Resource Manager Started DATA: {
  "maxMemoryMB": 4096,
  "maxCpuPercent": 80,
  "embeddingFallback": true
}
[2026-06-06T21:14:45.693Z] [INFO] [MCP_REQUEST] [b] Incoming MCP request: batch_index DATA: {
  "method": "batch_index",
  "params": {
    "sessionId": "batch_1780780475920_hewbd8q7",
    "maxFilesPerBatch": 100
  }
}
[2026-06-06T21:14:47.164Z] [INFO] [SYSTEM] MCP Server Transport Connecting DATA: {
  "transport": "stdio"
}
[2026-06-06T21:14:47.164Z] [INFO] [SYSTEM] MCP Server Ready DATA: {
  "directory": "/Users/ib-mac/IB-Odoo_19 (LOCAL)/IB-Odoo_19",
  "transport": "stdio",
  "toolsCount": 26,
  "readyTime": 1780780487164
}
[2026-06-06T21:14:47.173Z] [INFO] [SYSTEM] MCP Server Starting DATA: {
  "directory": "/Users/ib-mac/IB-Odoo_19 (LOCAL)/IB-Odoo_19",
  "nodeVersion": "v22.15.0",
  "platform": "darwin",
  "pid": 42050,
  "configEnvironment": "development",
  "embeddingEnabled": false
}
[2026-06-06T21:14:47.173Z] [INFO] [SYSTEM] Resource Manager Started DATA: {
  "maxMemoryMB": 4096,
  "maxCpuPercent": 80,
  "embeddingFallback": true
}
[2026-06-06T21:14:47.176Z] [INFO] [MCP_REQUEST] [b] Incoming MCP request: batch_index DATA: {
  "method": "batch_index",
  "params": {
    "sessionId": "batch_1780780475920_hewbd8q7",
    "maxFilesPerBatch": 100
  }
}
[2026-06-06T21:14:47.710Z] [INFO] [SYSTEM] MCP Server Transport Connecting DATA: {
  "transport": "stdio"
}
[2026-06-06T21:14:47.710Z] [INFO] [SYSTEM] MCP Server Ready DATA: {
  "directory": "/Users/ib-mac/IB-Odoo_19 (LOCAL)/IB-Odoo_19",
  "transport": "stdio",
  "toolsCount": 26,
  "readyTime": 1780780487710
}
[2026-06-06T21:14:47.720Z] [INFO] [SYSTEM] MCP Server Starting DATA: {
  "directory": "/Users/ib-mac/IB-Odoo_19 (LOCAL)/IB-Odoo_19",
  "nodeVersion": "v22.15.0",
  "platform": "darwin",
  "pid": 42057,
  "configEnvironment": "development",
  "embeddingEnabled": false
}
[2026-06-06T21:14:47.720Z] [INFO] [SYSTEM] Resource Manager Started DATA: {
  "maxMemoryMB": 4096,
  "maxCpuPercent": 80,
  "embeddingFallback": true
}
[2026-06-06T21:14:47.723Z] [INFO] [MCP_REQUEST] [b] Incoming MCP request: batch_index DATA: {
  "method": "batch_index",
  "params": {
    "sessionId": "batch_1780780475920_hewbd8q7",
    "maxFilesPerBatch": 100
  }
}
[2026-06-06T21:14:48.124Z] [INFO] [SYSTEM] MCP Server Transport Connecting DATA: {
  "transport": "stdio"
}
[2026-06-06T21:14:48.124Z] [INFO] [SYSTEM] MCP Server Ready DATA: {
  "directory": "/Users/ib-mac/IB-Odoo_19 (LOCAL)/IB-Odoo_19",
  "transport": "stdio",
  "toolsCount": 26,
  "readyTime": 1780780488124
}
[2026-06-06T21:14:48.134Z] [INFO] [SYSTEM] MCP Server Starting DATA: {
  "directory": "/Users/ib-mac/IB-Odoo_19 (LOCAL)/IB-Odoo_19",
  "nodeVersion": "v22.15.0",
  "platform": "darwin",
  "pid": 42064,
  "configEnvironment": "development",
  "embeddingEnabled": false
}
[2026-06-06T21:14:48.134Z] [INFO] [SYSTEM] Resource Manager Started DATA: {
  "maxMemoryMB": 4096,
  "maxCpuPercent": 80,
  "embeddingFallback": true
}
[2026-06-06T21:14:48.137Z] [INFO] [MCP_REQUEST] [b] Incoming MCP request: batch_index DATA: {
  "method": "batch_index",
  "params": {
    "sessionId": "batch_1780780475920_hewbd8q7",
    "maxFilesPerBatch": 100
  }
}
[2026-06-06T21:14:48.566Z] [INFO] [SYSTEM] MCP Server Transport Connecting DATA: {
  "transport": "stdio"
}
[2026-06-06T21:14:48.566Z] [INFO] [SYSTEM] MCP Server Ready DATA: {
  "directory": "/Users/ib-mac/IB-Odoo_19 (LOCAL)/IB-Odoo_19",
  "transport": "stdio",
  "toolsCount": 26,
  "readyTime": 1780780488566
}
[2026-06-06T21:14:48.576Z] [INFO] [SYSTEM] MCP Server Starting DATA: {
  "directory": "/Users/ib-mac/IB-Odoo_19 (LOCAL)/IB-Odoo_19",
  "nodeVersion": "v22.15.0",
  "platform": "darwin",
  "pid": 42071,
  "configEnvironment": "development",
  "embeddingEnabled": false
}
[2026-06-06T21:14:48.576Z] [INFO] [SYSTEM] Resource Manager Started DATA: {
  "maxMemoryMB": 4096,
  "maxCpuPercent": 80,
  "embeddingFallback": true
}
[2026-06-06T21:14:48.579Z] [INFO] [MCP_REQUEST] [b] Incoming MCP request: batch_index DATA: {
  "method": "batch_index",
  "params": {
    "sessionId": "batch_1780780475920_hewbd8q7",
    "maxFilesPerBatch": 100
  }
}
[2026-06-06T21:14:48.959Z] [INFO] [SYSTEM] MCP Server Transport Connecting DATA: {
  "transport": "stdio"
}
[2026-06-06T21:14:48.959Z] [INFO] [SYSTEM] MCP Server Ready DATA: {
  "directory": "/Users/ib-mac/IB-Odoo_19 (LOCAL)/IB-Odoo_19",
  "transport": "stdio",
  "toolsCount": 26,
  "readyTime": 1780780488959
}
[2026-06-06T21:14:48.972Z] [INFO] [SYSTEM] MCP Server Starting DATA: {
  "directory": "/Users/ib-mac/IB-Odoo_19 (LOCAL)/IB-Odoo_19",
  "nodeVersion": "v22.15.0",
  "platform": "darwin",
  "pid": 42079,
  "configEnvironment": "development",
  "embeddingEnabled": false
}
[2026-06-06T21:14:48.972Z] [INFO] [SYSTEM] Resource Manager Started DATA: {
  "maxMemoryMB": 4096,
  "maxCpuPercent": 80,
  "embeddingFallback": true
}
[2026-06-06T21:14:48.975Z] [INFO] [MCP_REQUEST] [b] Incoming MCP request: batch_index DATA: {
  "method": "batch_index",
  "params": {
    "sessionId": "batch_1780780475920_hewbd8q7",
    "maxFilesPerBatch": 100
  }
}
[2026-06-06T21:14:49.375Z] [INFO] [SYSTEM] MCP Server Transport Connecting DATA: {
  "transport": "stdio"
}
[2026-06-06T21:14:49.375Z] [INFO] [SYSTEM] MCP Server Ready DATA: {
  "directory": "/Users/ib-mac/IB-Odoo_19 (LOCAL)/IB-Odoo_19",
  "transport": "stdio",
  "toolsCount": 26,
  "readyTime": 1780780489375
}
[2026-06-06T21:14:49.385Z] [INFO] [SYSTEM] MCP Server Starting DATA: {
  "directory": "/Users/ib-mac/IB-Odoo_19 (LOCAL)/IB-Odoo_19",
  "nodeVersion": "v22.15.0",
  "platform": "darwin",
  "pid": 42089,
  "configEnvironment": "development",
  "embeddingEnabled": false
}
[2026-06-06T21:14:49.385Z] [INFO] [SYSTEM] Resource Manager Started DATA: {
  "maxMemoryMB": 4096,
  "maxCpuPercent": 80,
  "embeddingFallback": true
}
[2026-06-06T21:14:49.388Z] [INFO] [MCP_REQUEST] [b] Incoming MCP request: batch_index DATA: {
  "method": "batch_index",
  "params": {
    "sessionId": "batch_1780780475920_hewbd8q7",
    "maxFilesPerBatch": 100
  }
}
[2026-06-06T21:14:49.796Z] [INFO] [SYSTEM] MCP Server Transport Connecting DATA: {
  "transport": "stdio"
}
[2026-06-06T21:14:49.797Z] [INFO] [SYSTEM] MCP Server Ready DATA: {
  "directory": "/Users/ib-mac/IB-Odoo_19 (LOCAL)/IB-Odoo_19",
  "transport": "stdio",
  "toolsCount": 26,
  "readyTime": 1780780489797
}
[2026-06-06T21:14:49.806Z] [INFO] [SYSTEM] MCP Server Starting DATA: {
  "directory": "/Users/ib-mac/IB-Odoo_19 (LOCAL)/IB-Odoo_19",
  "nodeVersion": "v22.15.0",
  "platform": "darwin",
  "pid": 42096,
  "configEnvironment": "development",
  "embeddingEnabled": false
}
[2026-06-06T21:14:49.807Z] [INFO] [SYSTEM] Resource Manager Started DATA: {
  "maxMemoryMB": 4096,
  "maxCpuPercent": 80,
  "embeddingFallback": true
}
[2026-06-06T21:14:49.810Z] [INFO] [MCP_REQUEST] [b] Incoming MCP request: batch_index DATA: {
  "method": "batch_index",
  "params": {
    "sessionId": "batch_1780780475920_hewbd8q7",
    "maxFilesPerBatch": 100
  }
}
[2026-06-06T21:14:50.189Z] [INFO] [SYSTEM] MCP Server Transport Connecting DATA: {
  "transport": "stdio"
}
[2026-06-06T21:14:50.189Z] [INFO] [SYSTEM] MCP Server Ready DATA: {
  "directory": "/Users/ib-mac/IB-Odoo_19 (LOCAL)/IB-Odoo_19",
  "transport": "stdio",
  "toolsCount": 26,
  "readyTime": 1780780490189
}
[2026-06-06T21:14:50.199Z] [INFO] [SYSTEM] MCP Server Starting DATA: {
  "directory": "/Users/ib-mac/IB-Odoo_19 (LOCAL)/IB-Odoo_19",
  "nodeVersion": "v22.15.0",
  "platform": "darwin",
  "pid": 42103,
  "configEnvironment": "development",
  "embeddingEnabled": false
}
[2026-06-06T21:14:50.199Z] [INFO] [SYSTEM] Resource Manager Started DATA: {
  "maxMemoryMB": 4096,
  "maxCpuPercent": 80,
  "embeddingFallback": true
}
[2026-06-06T21:14:50.202Z] [INFO] [MCP_REQUEST] [b] Incoming MCP request: batch_index DATA: {
  "method": "batch_index",
  "params": {
    "sessionId": "batch_1780780475920_hewbd8q7",
    "maxFilesPerBatch": 100
  }
}
[2026-06-06T21:14:50.601Z] [INFO] [SYSTEM] MCP Server Transport Connecting DATA: {
  "transport": "stdio"
}
[2026-06-06T21:14:50.601Z] [INFO] [SYSTEM] MCP Server Ready DATA: {
  "directory": "/Users/ib-mac/IB-Odoo_19 (LOCAL)/IB-Odoo_19",
  "transport": "stdio",
  "toolsCount": 26,
  "readyTime": 1780780490601
}
[2026-06-06T21:14:50.611Z] [INFO] [SYSTEM] MCP Server Starting DATA: {
  "directory": "/Users/ib-mac/IB-Odoo_19 (LOCAL)/IB-Odoo_19",
  "nodeVersion": "v22.15.0",
  "platform": "darwin",
  "pid": 42110,
  "configEnvironment": "development",
  "embeddingEnabled": false
}
[2026-06-06T21:14:50.611Z] [INFO] [SYSTEM] Resource Manager Started DATA: {
  "maxMemoryMB": 4096,
  "maxCpuPercent": 80,
  "embeddingFallback": true
}
[2026-06-06T21:14:50.614Z] [INFO] [MCP_REQUEST] [b] Incoming MCP request: batch_index DATA: {
  "method": "batch_index",
  "params": {
    "sessionId": "batch_1780780475920_hewbd8q7",
    "maxFilesPerBatch": 100
  }
}
[2026-06-06T21:14:51.001Z] [INFO] [SYSTEM] MCP Server Transport Connecting DATA: {
  "transport": "stdio"
}
[2026-06-06T21:14:51.002Z] [INFO] [SYSTEM] MCP Server Ready DATA: {
  "directory": "/Users/ib-mac/IB-Odoo_19 (LOCAL)/IB-Odoo_19",
  "transport": "stdio",
  "toolsCount": 26,
  "readyTime": 1780780491002
}
[2026-06-06T21:14:51.012Z] [INFO] [SYSTEM] MCP Server Starting DATA: {
  "directory": "/Users/ib-mac/IB-Odoo_19 (LOCAL)/IB-Odoo_19",
  "nodeVersion": "v22.15.0",
  "platform": "darwin",
  "pid": 42117,
  "configEnvironment": "development",
  "embeddingEnabled": false
}
[2026-06-06T21:14:51.012Z] [INFO] [SYSTEM] Resource Manager Started DATA: {
  "maxMemoryMB": 4096,
  "maxCpuPercent": 80,
  "embeddingFallback": true
}
[2026-06-06T21:14:51.016Z] [INFO] [MCP_REQUEST] [b] Incoming MCP request: batch_index DATA: {
  "method": "batch_index",
  "params": {
    "sessionId": "batch_1780780475920_hewbd8q7",
    "maxFilesPerBatch": 100
  }
}
[2026-06-06T21:14:51.403Z] [INFO] [SYSTEM] MCP Server Transport Connecting DATA: {
  "transport": "stdio"
}
[2026-06-06T21:14:51.403Z] [INFO] [SYSTEM] MCP Server Ready DATA: {
  "directory": "/Users/ib-mac/IB-Odoo_19 (LOCAL)/IB-Odoo_19",
  "transport": "stdio",
  "toolsCount": 26,
  "readyTime": 1780780491403
}
[2026-06-06T21:14:51.413Z] [INFO] [SYSTEM] MCP Server Starting DATA: {
  "directory": "/Users/ib-mac/IB-Odoo_19 (LOCAL)/IB-Odoo_19",
  "nodeVersion": "v22.15.0",
  "platform": "darwin",
  "pid": 42127,
  "configEnvironment": "development",
  "embeddingEnabled": false
}
[2026-06-06T21:14:51.413Z] [INFO] [SYSTEM] Resource Manager Started DATA: {
  "maxMemoryMB": 4096,
  "maxCpuPercent": 80,
  "embeddingFallback": true
}
[2026-06-06T21:14:51.417Z] [INFO] [MCP_REQUEST] [b] Incoming MCP request: batch_index DATA: {
  "method": "batch_index",
  "params": {
    "sessionId": "batch_1780780475920_hewbd8q7",
    "maxFilesPerBatch": 100
  }
}
[2026-06-06T21:14:51.797Z] [INFO] [SYSTEM] MCP Server Transport Connecting DATA: {
  "transport": "stdio"
}
[2026-06-06T21:14:51.797Z] [INFO] [SYSTEM] MCP Server Ready DATA: {
  "directory": "/Users/ib-mac/IB-Odoo_19 (LOCAL)/IB-Odoo_19",
  "transport": "stdio",
  "toolsCount": 26,
  "readyTime": 1780780491797
}
[2026-06-06T21:14:51.815Z] [INFO] [SYSTEM] MCP Server Starting DATA: {
  "directory": "/Users/ib-mac/IB-Odoo_19 (LOCAL)/IB-Odoo_19",
  "nodeVersion": "v22.15.0",
  "platform": "darwin",
  "pid": 42134,
  "configEnvironment": "development",
  "embeddingEnabled": false
}
[2026-06-06T21:14:51.816Z] [INFO] [SYSTEM] Resource Manager Started DATA: {
  "maxMemoryMB": 4096,
  "maxCpuPercent": 80,
  "embeddingFallback": true
}
[2026-06-06T21:14:51.819Z] [INFO] [MCP_REQUEST] [b] Incoming MCP request: batch_index DATA: {
  "method": "batch_index",
  "params": {
    "sessionId": "batch_1780780475920_hewbd8q7",
    "maxFilesPerBatch": 100
  }
}
[2026-06-06T21:14:52.193Z] [INFO] [SYSTEM] MCP Server Transport Connecting DATA: {
  "transport": "stdio"
}
[2026-06-06T21:14:52.193Z] [INFO] [SYSTEM] MCP Server Ready DATA: {
  "directory": "/Users/ib-mac/IB-Odoo_19 (LOCAL)/IB-Odoo_19",
  "transport": "stdio",
  "toolsCount": 26,
  "readyTime": 1780780492193
}
[2026-06-06T21:14:52.203Z] [INFO] [SYSTEM] MCP Server Starting DATA: {
  "directory": "/Users/ib-mac/IB-Odoo_19 (LOCAL)/IB-Odoo_19",
  "nodeVersion": "v22.15.0",
  "platform": "darwin",
  "pid": 42141,
  "configEnvironment": "development",
  "embeddingEnabled": false
}
[2026-06-06T21:14:52.203Z] [INFO] [SYSTEM] Resource Manager Started DATA: {
  "maxMemoryMB": 4096,
  "maxCpuPercent": 80,
  "embeddingFallback": true
}
[2026-06-06T21:14:52.206Z] [INFO] [MCP_REQUEST] [b] Incoming MCP request: batch_index DATA: {
  "method": "batch_index",
  "params": {
    "sessionId": "batch_1780780475920_hewbd8q7",
    "maxFilesPerBatch": 100
  }
}
[2026-06-06T21:14:52.610Z] [INFO] [SYSTEM] MCP Server Transport Connecting DATA: {
  "transport": "stdio"
}
[2026-06-06T21:14:52.611Z] [INFO] [SYSTEM] MCP Server Ready DATA: {
  "directory": "/Users/ib-mac/IB-Odoo_19 (LOCAL)/IB-Odoo_19",
  "transport": "stdio",
  "toolsCount": 26,
  "readyTime": 1780780492611
}
[2026-06-06T21:14:52.620Z] [INFO] [SYSTEM] MCP Server Starting DATA: {
  "directory": "/Users/ib-mac/IB-Odoo_19 (LOCAL)/IB-Odoo_19",
  "nodeVersion": "v22.15.0",
  "platform": "darwin",
  "pid": 42148,
  "configEnvironment": "development",
  "embeddingEnabled": false
}
[2026-06-06T21:14:52.620Z] [INFO] [SYSTEM] Resource Manager Started DATA: {
  "maxMemoryMB": 4096,
  "maxCpuPercent": 80,
  "embeddingFallback": true
}
[2026-06-06T21:14:52.623Z] [INFO] [MCP_REQUEST] [b] Incoming MCP request: batch_index DATA: {
  "method": "batch_index",
  "params": {
    "sessionId": "batch_1780780475920_hewbd8q7",
    "maxFilesPerBatch": 100
  }
}
[2026-06-06T21:14:53.028Z] [INFO] [SYSTEM] MCP Server Transport Connecting DATA: {
  "transport": "stdio"
}
[2026-06-06T21:14:53.028Z] [INFO] [SYSTEM] MCP Server Ready DATA: {
  "directory": "/Users/ib-mac/IB-Odoo_19 (LOCAL)/IB-Odoo_19",
  "transport": "stdio",
  "toolsCount": 26,
  "readyTime": 1780780493028
}
[2026-06-06T21:14:53.037Z] [INFO] [SYSTEM] MCP Server Starting DATA: {
  "directory": "/Users/ib-mac/IB-Odoo_19 (LOCAL)/IB-Odoo_19",
  "nodeVersion": "v22.15.0",
  "platform": "darwin",
  "pid": 42155,
  "configEnvironment": "development",
  "embeddingEnabled": false
}
[2026-06-06T21:14:53.038Z] [INFO] [SYSTEM] Resource Manager Started DATA: {
  "maxMemoryMB": 4096,
  "maxCpuPercent": 80,
  "embeddingFallback": true
}
[2026-06-06T21:14:53.041Z] [INFO] [MCP_REQUEST] [b] Incoming MCP request: batch_index DATA: {
  "method": "batch_index",
  "params": {
    "sessionId": "batch_1780780475920_hewbd8q7",
    "maxFilesPerBatch": 100
  }
}
[2026-06-06T21:14:53.438Z] [INFO] [SYSTEM] MCP Server Transport Connecting DATA: {
  "transport": "stdio"
}
[2026-06-06T21:14:53.439Z] [INFO] [SYSTEM] MCP Server Ready DATA: {
  "directory": "/Users/ib-mac/IB-Odoo_19 (LOCAL)/IB-Odoo_19",
  "transport": "stdio",
  "toolsCount": 26,
  "readyTime": 1780780493439
}
[2026-06-06T21:14:53.448Z] [INFO] [SYSTEM] MCP Server Starting DATA: {
  "directory": "/Users/ib-mac/IB-Odoo_19 (LOCAL)/IB-Odoo_19",
  "nodeVersion": "v22.15.0",
  "platform": "darwin",
  "pid": 42167,
  "configEnvironment": "development",
  "embeddingEnabled": false
}
[2026-06-06T21:14:53.449Z] [INFO] [SYSTEM] Resource Manager Started DATA: {
  "maxMemoryMB": 4096,
  "maxCpuPercent": 80,
  "embeddingFallback": true
}
[2026-06-06T21:14:53.452Z] [INFO] [MCP_REQUEST] [b] Incoming MCP request: batch_index DATA: {
  "method": "batch_index",
  "params": {
    "sessionId": "batch_1780780475920_hewbd8q7",
    "maxFilesPerBatch": 100
  }
}
[2026-06-06T21:14:53.901Z] [INFO] [SYSTEM] MCP Server Transport Connecting DATA: {
  "transport": "stdio"
}
[2026-06-06T21:14:53.902Z] [INFO] [SYSTEM] MCP Server Ready DATA: {
  "directory": "/Users/ib-mac/IB-Odoo_19 (LOCAL)/IB-Odoo_19",
  "transport": "stdio",
  "toolsCount": 26,
  "readyTime": 1780780493902
}
[2026-06-06T21:14:53.912Z] [INFO] [SYSTEM] MCP Server Starting DATA: {
  "directory": "/Users/ib-mac/IB-Odoo_19 (LOCAL)/IB-Odoo_19",
  "nodeVersion": "v22.15.0",
  "platform": "darwin",
  "pid": 42174,
  "configEnvironment": "development",
  "embeddingEnabled": false
}
[2026-06-06T21:14:53.913Z] [INFO] [SYSTEM] Resource Manager Started DATA: {
  "maxMemoryMB": 4096,
  "maxCpuPercent": 80,
  "embeddingFallback": true
}
[2026-06-06T21:14:53.916Z] [INFO] [MCP_REQUEST] [b] Incoming MCP request: batch_index DATA: {
  "method": "batch_index",
  "params": {
    "sessionId": "batch_1780780475920_hewbd8q7",
    "maxFilesPerBatch": 100
  }
}
[2026-06-06T21:14:54.322Z] [INFO] [SYSTEM] MCP Server Transport Connecting DATA: {
  "transport": "stdio"
}
[2026-06-06T21:14:54.322Z] [INFO] [SYSTEM] MCP Server Ready DATA: {
  "directory": "/Users/ib-mac/IB-Odoo_19 (LOCAL)/IB-Odoo_19",
  "transport": "stdio",
  "toolsCount": 26,
  "readyTime": 1780780494322
}
[2026-06-06T21:14:54.331Z] [INFO] [SYSTEM] MCP Server Starting DATA: {
  "directory": "/Users/ib-mac/IB-Odoo_19 (LOCAL)/IB-Odoo_19",
  "nodeVersion": "v22.15.0",
  "platform": "darwin",
  "pid": 42181,
  "configEnvironment": "development",
  "embeddingEnabled": false
}
[2026-06-06T21:14:54.332Z] [INFO] [SYSTEM] Resource Manager Started DATA: {
  "maxMemoryMB": 4096,
  "maxCpuPercent": 80,
  "embeddingFallback": true
}
[2026-06-06T21:14:54.335Z] [INFO] [MCP_REQUEST] [b] Incoming MCP request: batch_index DATA: {
  "method": "batch_index",
  "params": {
    "sessionId": "batch_1780780475920_hewbd8q7",
    "maxFilesPerBatch": 100
  }
}
[2026-06-06T21:14:54.735Z] [INFO] [SYSTEM] MCP Server Transport Connecting DATA: {
  "transport": "stdio"
}
[2026-06-06T21:14:54.735Z] [INFO] [SYSTEM] MCP Server Ready DATA: {
  "directory": "/Users/ib-mac/IB-Odoo_19 (LOCAL)/IB-Odoo_19",
  "transport": "stdio",
  "toolsCount": 26,
  "readyTime": 1780780494735
}
[2026-06-06T21:14:54.745Z] [INFO] [SYSTEM] MCP Server Starting DATA: {
  "directory": "/Users/ib-mac/IB-Odoo_19 (LOCAL)/IB-Odoo_19",
  "nodeVersion": "v22.15.0",
  "platform": "darwin",
  "pid": 42188,
  "configEnvironment": "development",
  "embeddingEnabled": false
}
[2026-06-06T21:14:54.745Z] [INFO] [SYSTEM] Resource Manager Started DATA: {
  "maxMemoryMB": 4096,
  "maxCpuPercent": 80,
  "embeddingFallback": true
}
[2026-06-06T21:14:54.749Z] [INFO] [MCP_REQUEST] [b] Incoming MCP request: batch_index DATA: {
  "method": "batch_index",
  "params": {
    "sessionId": "batch_1780780475920_hewbd8q7",
    "maxFilesPerBatch": 100
  }
}
[2026-06-06T21:14:55.157Z] [INFO] [SYSTEM] MCP Server Transport Connecting DATA: {
  "transport": "stdio"
}
[2026-06-06T21:14:55.158Z] [INFO] [SYSTEM] MCP Server Ready DATA: {
  "directory": "/Users/ib-mac/IB-Odoo_19 (LOCAL)/IB-Odoo_19",
  "transport": "stdio",
  "toolsCount": 26,
  "readyTime": 1780780495158
}
[2026-06-06T21:14:55.167Z] [INFO] [SYSTEM] MCP Server Starting DATA: {
  "directory": "/Users/ib-mac/IB-Odoo_19 (LOCAL)/IB-Odoo_19",
  "nodeVersion": "v22.15.0",
  "platform": "darwin",
  "pid": 42196,
  "configEnvironment": "development",
  "embeddingEnabled": false
}
[2026-06-06T21:14:55.168Z] [INFO] [SYSTEM] Resource Manager Started DATA: {
  "maxMemoryMB": 4096,
  "maxCpuPercent": 80,
  "embeddingFallback": true
}
[2026-06-06T21:14:55.171Z] [INFO] [MCP_REQUEST] [b] Incoming MCP request: batch_index DATA: {
  "method": "batch_index",
  "params": {
    "sessionId": "batch_1780780475920_hewbd8q7",
    "maxFilesPerBatch": 100
  }
}
[2026-06-06T21:14:55.571Z] [INFO] [SYSTEM] MCP Server Transport Connecting DATA: {
  "transport": "stdio"
}
[2026-06-06T21:14:55.571Z] [INFO] [SYSTEM] MCP Server Ready DATA: {
  "directory": "/Users/ib-mac/IB-Odoo_19 (LOCAL)/IB-Odoo_19",
  "transport": "stdio",
  "toolsCount": 26,
  "readyTime": 1780780495571
}
[2026-06-06T21:14:55.580Z] [INFO] [SYSTEM] MCP Server Starting DATA: {
  "directory": "/Users/ib-mac/IB-Odoo_19 (LOCAL)/IB-Odoo_19",
  "nodeVersion": "v22.15.0",
  "platform": "darwin",
  "pid": 42205,
  "configEnvironment": "development",
  "embeddingEnabled": false
}
[2026-06-06T21:14:55.580Z] [INFO] [SYSTEM] Resource Manager Started DATA: {
  "maxMemoryMB": 4096,
  "maxCpuPercent": 80,
  "embeddingFallback": true
}
[2026-06-06T21:14:55.584Z] [INFO] [MCP_REQUEST] [b] Incoming MCP request: batch_index DATA: {
  "method": "batch_index",
  "params": {
    "sessionId": "batch_1780780475920_hewbd8q7",
    "maxFilesPerBatch": 100
  }
}
[2026-06-06T21:14:55.976Z] [INFO] [SYSTEM] MCP Server Transport Connecting DATA: {
  "transport": "stdio"
}
[2026-06-06T21:14:55.976Z] [INFO] [SYSTEM] MCP Server Ready DATA: {
  "directory": "/Users/ib-mac/IB-Odoo_19 (LOCAL)/IB-Odoo_19",
  "transport": "stdio",
  "toolsCount": 26,
  "readyTime": 1780780495976
}
[2026-06-06T21:14:55.986Z] [INFO] [SYSTEM] MCP Server Starting DATA: {
  "directory": "/Users/ib-mac/IB-Odoo_19 (LOCAL)/IB-Odoo_19",
  "nodeVersion": "v22.15.0",
  "platform": "darwin",
  "pid": 42212,
  "configEnvironment": "development",
  "embeddingEnabled": false
}
[2026-06-06T21:14:55.986Z] [INFO] [SYSTEM] Resource Manager Started DATA: {
  "maxMemoryMB": 4096,
  "maxCpuPercent": 80,
  "embeddingFallback": true
}
[2026-06-06T21:14:55.989Z] [INFO] [MCP_REQUEST] [b] Incoming MCP request: batch_index DATA: {
  "method": "batch_index",
  "params": {
    "sessionId": "batch_1780780475920_hewbd8q7",
    "maxFilesPerBatch": 100
  }
}
[2026-06-06T21:14:56.384Z] [INFO] [SYSTEM] MCP Server Transport Connecting DATA: {
  "transport": "stdio"
}
[2026-06-06T21:14:56.385Z] [INFO] [SYSTEM] MCP Server Ready DATA: {
  "directory": "/Users/ib-mac/IB-Odoo_19 (LOCAL)/IB-Odoo_19",
  "transport": "stdio",
  "toolsCount": 26,
  "readyTime": 1780780496385
}
[2026-06-06T21:14:56.394Z] [INFO] [SYSTEM] MCP Server Starting DATA: {
  "directory": "/Users/ib-mac/IB-Odoo_19 (LOCAL)/IB-Odoo_19",
  "nodeVersion": "v22.15.0",
  "platform": "darwin",
  "pid": 42219,
  "configEnvironment": "development",
  "embeddingEnabled": false
}
[2026-06-06T21:14:56.394Z] [INFO] [SYSTEM] Resource Manager Started DATA: {
  "maxMemoryMB": 4096,
  "maxCpuPercent": 80,
  "embeddingFallback": true
}
[2026-06-06T21:14:56.397Z] [INFO] [MCP_REQUEST] [b] Incoming MCP request: batch_index DATA: {
  "method": "batch_index",
  "params": {
    "sessionId": "batch_1780780475920_hewbd8q7",
    "maxFilesPerBatch": 100
  }
}
[2026-06-06T21:14:56.794Z] [INFO] [SYSTEM] MCP Server Transport Connecting DATA: {
  "transport": "stdio"
}
[2026-06-06T21:14:56.794Z] [INFO] [SYSTEM] MCP Server Ready DATA: {
  "directory": "/Users/ib-mac/IB-Odoo_19 (LOCAL)/IB-Odoo_19",
  "transport": "stdio",
  "toolsCount": 26,
  "readyTime": 1780780496794
}
[2026-06-06T21:14:56.804Z] [INFO] [SYSTEM] MCP Server Starting DATA: {
  "directory": "/Users/ib-mac/IB-Odoo_19 (LOCAL)/IB-Odoo_19",
  "nodeVersion": "v22.15.0",
  "platform": "darwin",
  "pid": 42226,
  "configEnvironment": "development",
  "embeddingEnabled": false
}
[2026-06-06T21:14:56.804Z] [INFO] [SYSTEM] Resource Manager Started DATA: {
  "maxMemoryMB": 4096,
  "maxCpuPercent": 80,
  "embeddingFallback": true
}
[2026-06-06T21:14:56.807Z] [INFO] [MCP_REQUEST] [b] Incoming MCP request: batch_index DATA: {
  "method": "batch_index",
  "params": {
    "sessionId": "batch_1780780475920_hewbd8q7",
    "maxFilesPerBatch": 100
  }
}
[2026-06-06T21:14:57.214Z] [INFO] [SYSTEM] MCP Server Transport Connecting DATA: {
  "transport": "stdio"
}
[2026-06-06T21:14:57.214Z] [INFO] [SYSTEM] MCP Server Ready DATA: {
  "directory": "/Users/ib-mac/IB-Odoo_19 (LOCAL)/IB-Odoo_19",
  "transport": "stdio",
  "toolsCount": 26,
  "readyTime": 1780780497214
}
[2026-06-06T21:14:57.224Z] [INFO] [SYSTEM] MCP Server Starting DATA: {
  "directory": "/Users/ib-mac/IB-Odoo_19 (LOCAL)/IB-Odoo_19",
  "nodeVersion": "v22.15.0",
  "platform": "darwin",
  "pid": 42236,
  "configEnvironment": "development",
  "embeddingEnabled": false
}
[2026-06-06T21:14:57.224Z] [INFO] [SYSTEM] Resource Manager Started DATA: {
  "maxMemoryMB": 4096,
  "maxCpuPercent": 80,
  "embeddingFallback": true
}
[2026-06-06T21:14:57.227Z] [INFO] [MCP_REQUEST] [b] Incoming MCP request: batch_index DATA: {
  "method": "batch_index",
  "params": {
    "sessionId": "batch_1780780475920_hewbd8q7",
    "maxFilesPerBatch": 100
  }
}
[2026-06-06T21:14:57.644Z] [INFO] [SYSTEM] MCP Server Transport Connecting DATA: {
  "transport": "stdio"
}
[2026-06-06T21:14:57.645Z] [INFO] [SYSTEM] MCP Server Ready DATA: {
  "directory": "/Users/ib-mac/IB-Odoo_19 (LOCAL)/IB-Odoo_19",
  "transport": "stdio",
  "toolsCount": 26,
  "readyTime": 1780780497645
}
[2026-06-06T21:14:57.655Z] [INFO] [SYSTEM] MCP Server Starting DATA: {
  "directory": "/Users/ib-mac/IB-Odoo_19 (LOCAL)/IB-Odoo_19",
  "nodeVersion": "v22.15.0",
  "platform": "darwin",
  "pid": 42243,
  "configEnvironment": "development",
  "embeddingEnabled": false
}
[2026-06-06T21:14:57.655Z] [INFO] [SYSTEM] Resource Manager Started DATA: {
  "maxMemoryMB": 4096,
  "maxCpuPercent": 80,
  "embeddingFallback": true
}
[2026-06-06T21:14:57.658Z] [INFO] [MCP_REQUEST] [b] Incoming MCP request: batch_index DATA: {
  "method": "batch_index",
  "params": {
    "sessionId": "batch_1780780475920_hewbd8q7",
    "maxFilesPerBatch": 100
  }
}
[2026-06-06T21:14:58.064Z] [INFO] [SYSTEM] MCP Server Transport Connecting DATA: {
  "transport": "stdio"
}
[2026-06-06T21:14:58.065Z] [INFO] [SYSTEM] MCP Server Ready DATA: {
  "directory": "/Users/ib-mac/IB-Odoo_19 (LOCAL)/IB-Odoo_19",
  "transport": "stdio",
  "toolsCount": 26,
  "readyTime": 1780780498065
}
[2026-06-06T21:14:58.074Z] [INFO] [SYSTEM] MCP Server Starting DATA: {
  "directory": "/Users/ib-mac/IB-Odoo_19 (LOCAL)/IB-Odoo_19",
  "nodeVersion": "v22.15.0",
  "platform": "darwin",
  "pid": 42250,
  "configEnvironment": "development",
  "embeddingEnabled": false
}
[2026-06-06T21:14:58.074Z] [INFO] [SYSTEM] Resource Manager Started DATA: {
  "maxMemoryMB": 4096,
  "maxCpuPercent": 80,
  "embeddingFallback": true
}
[2026-06-06T21:14:58.077Z] [INFO] [MCP_REQUEST] [b] Incoming MCP request: batch_index DATA: {
  "method": "batch_index",
  "params": {
    "sessionId": "batch_1780780475920_hewbd8q7",
    "maxFilesPerBatch": 100
  }
}
[2026-06-06T21:14:58.477Z] [INFO] [SYSTEM] MCP Server Transport Connecting DATA: {
  "transport": "stdio"
}
[2026-06-06T21:14:58.477Z] [INFO] [SYSTEM] MCP Server Ready DATA: {
  "directory": "/Users/ib-mac/IB-Odoo_19 (LOCAL)/IB-Odoo_19",
  "transport": "stdio",
  "toolsCount": 26,
  "readyTime": 1780780498477
}
[2026-06-06T21:14:58.486Z] [INFO] [SYSTEM] MCP Server Starting DATA: {
  "directory": "/Users/ib-mac/IB-Odoo_19 (LOCAL)/IB-Odoo_19",
  "nodeVersion": "v22.15.0",
  "platform": "darwin",
  "pid": 42257,
  "configEnvironment": "development",
  "embeddingEnabled": false
}
[2026-06-06T21:14:58.486Z] [INFO] [SYSTEM] Resource Manager Started DATA: {
  "maxMemoryMB": 4096,
  "maxCpuPercent": 80,
  "embeddingFallback": true
}
[2026-06-06T21:14:58.489Z] [INFO] [MCP_REQUEST] [b] Incoming MCP request: batch_index DATA: {
  "method": "batch_index",
  "params": {
    "sessionId": "batch_1780780475920_hewbd8q7",
    "maxFilesPerBatch": 100
  }
}
[2026-06-06T21:14:58.876Z] [INFO] [SYSTEM] MCP Server Transport Connecting DATA: {
  "transport": "stdio"
}
[2026-06-06T21:14:58.877Z] [INFO] [SYSTEM] MCP Server Ready DATA: {
  "directory": "/Users/ib-mac/IB-Odoo_19 (LOCAL)/IB-Odoo_19",
  "transport": "stdio",
  "toolsCount": 26,
  "readyTime": 1780780498877
}
[2026-06-06T21:14:58.886Z] [INFO] [SYSTEM] MCP Server Starting DATA: {
  "directory": "/Users/ib-mac/IB-Odoo_19 (LOCAL)/IB-Odoo_19",
  "nodeVersion": "v22.15.0",
  "platform": "darwin",
  "pid": 42264,
  "configEnvironment": "development",
  "embeddingEnabled": false
}
[2026-06-06T21:14:58.886Z] [INFO] [SYSTEM] Resource Manager Started DATA: {
  "maxMemoryMB": 4096,
  "maxCpuPercent": 80,
  "embeddingFallback": true
}
[2026-06-06T21:14:58.889Z] [INFO] [MCP_REQUEST] [b] Incoming MCP request: batch_index DATA: {
  "method": "batch_index",
  "params": {
    "sessionId": "batch_1780780475920_hewbd8q7",
    "maxFilesPerBatch": 100
  }
}
[2026-06-06T21:14:59.272Z] [INFO] [SYSTEM] MCP Server Transport Connecting DATA: {
  "transport": "stdio"
}
[2026-06-06T21:14:59.273Z] [INFO] [SYSTEM] MCP Server Ready DATA: {
  "directory": "/Users/ib-mac/IB-Odoo_19 (LOCAL)/IB-Odoo_19",
  "transport": "stdio",
  "toolsCount": 26,
  "readyTime": 1780780499273
}
[2026-06-06T21:14:59.283Z] [INFO] [SYSTEM] MCP Server Starting DATA: {
  "directory": "/Users/ib-mac/IB-Odoo_19 (LOCAL)/IB-Odoo_19",
  "nodeVersion": "v22.15.0",
  "platform": "darwin",
  "pid": 42275,
  "configEnvironment": "development",
  "embeddingEnabled": false
}
[2026-06-06T21:14:59.283Z] [INFO] [SYSTEM] Resource Manager Started DATA: {
  "maxMemoryMB": 4096,
  "maxCpuPercent": 80,
  "embeddingFallback": true
}
[2026-06-06T21:14:59.286Z] [INFO] [MCP_REQUEST] [b] Incoming MCP request: batch_index DATA: {
  "method": "batch_index",
  "params": {
    "sessionId": "batch_1780780475920_hewbd8q7",
    "maxFilesPerBatch": 100
  }
}
[2026-06-06T21:14:59.655Z] [INFO] [SYSTEM] MCP Server Transport Connecting DATA: {
  "transport": "stdio"
}
[2026-06-06T21:14:59.656Z] [INFO] [SYSTEM] MCP Server Ready DATA: {
  "directory": "/Users/ib-mac/IB-Odoo_19 (LOCAL)/IB-Odoo_19",
  "transport": "stdio",
  "toolsCount": 26,
  "readyTime": 1780780499656
}
[2026-06-06T21:14:59.667Z] [INFO] [SYSTEM] MCP Server Starting DATA: {
  "directory": "/Users/ib-mac/IB-Odoo_19 (LOCAL)/IB-Odoo_19",
  "nodeVersion": "v22.15.0",
  "platform": "darwin",
  "pid": 42283,
  "configEnvironment": "development",
  "embeddingEnabled": false
}
[2026-06-06T21:14:59.667Z] [INFO] [SYSTEM] Resource Manager Started DATA: {
  "maxMemoryMB": 4096,
  "maxCpuPercent": 80,
  "embeddingFallback": true
}
[2026-06-06T21:14:59.670Z] [INFO] [MCP_REQUEST] [b] Incoming MCP request: batch_index DATA: {
  "method": "batch_index",
  "params": {
    "sessionId": "batch_1780780475920_hewbd8q7",
    "maxFilesPerBatch": 100
  }
}
[2026-06-06T21:15:00.061Z] [INFO] [SYSTEM] MCP Server Transport Connecting DATA: {
  "transport": "stdio"
}
[2026-06-06T21:15:00.062Z] [INFO] [SYSTEM] MCP Server Ready DATA: {
  "directory": "/Users/ib-mac/IB-Odoo_19 (LOCAL)/IB-Odoo_19",
  "transport": "stdio",
  "toolsCount": 26,
  "readyTime": 1780780500062
}
[2026-06-06T21:15:00.072Z] [INFO] [SYSTEM] MCP Server Starting DATA: {
  "directory": "/Users/ib-mac/IB-Odoo_19 (LOCAL)/IB-Odoo_19",
  "nodeVersion": "v22.15.0",
  "platform": "darwin",
  "pid": 42290,
  "configEnvironment": "development",
  "embeddingEnabled": false
}
[2026-06-06T21:15:00.072Z] [INFO] [SYSTEM] Resource Manager Started DATA: {
  "maxMemoryMB": 4096,
  "maxCpuPercent": 80,
  "embeddingFallback": true
}
[2026-06-06T21:15:00.075Z] [INFO] [MCP_REQUEST] [b] Incoming MCP request: batch_index DATA: {
  "method": "batch_index",
  "params": {
    "sessionId": "batch_1780780475920_hewbd8q7",
    "maxFilesPerBatch": 100
  }
}
[2026-06-06T21:15:00.491Z] [INFO] [SYSTEM] MCP Server Transport Connecting DATA: {
  "transport": "stdio"
}
[2026-06-06T21:15:00.492Z] [INFO] [SYSTEM] MCP Server Ready DATA: {
  "directory": "/Users/ib-mac/IB-Odoo_19 (LOCAL)/IB-Odoo_19",
  "transport": "stdio",
  "toolsCount": 26,
  "readyTime": 1780780500492
}
[2026-06-06T21:15:00.501Z] [INFO] [SYSTEM] MCP Server Starting DATA: {
  "directory": "/Users/ib-mac/IB-Odoo_19 (LOCAL)/IB-Odoo_19",
  "nodeVersion": "v22.15.0",
  "platform": "darwin",
  "pid": 42297,
  "configEnvironment": "development",
  "embeddingEnabled": false
}
[2026-06-06T21:15:00.501Z] [INFO] [SYSTEM] Resource Manager Started DATA: {
  "maxMemoryMB": 4096,
  "maxCpuPercent": 80,
  "embeddingFallback": true
}
[2026-06-06T21:15:00.504Z] [INFO] [MCP_REQUEST] [b] Incoming MCP request: batch_index DATA: {
  "method": "batch_index",
  "params": {
    "sessionId": "batch_1780780475920_hewbd8q7",
    "maxFilesPerBatch": 100
  }
}
[2026-06-06T21:15:00.941Z] [INFO] [SYSTEM] MCP Server Transport Connecting DATA: {
  "transport": "stdio"
}
[2026-06-06T21:15:00.941Z] [INFO] [SYSTEM] MCP Server Ready DATA: {
  "directory": "/Users/ib-mac/IB-Odoo_19 (LOCAL)/IB-Odoo_19",
  "transport": "stdio",
  "toolsCount": 26,
  "readyTime": 1780780500941
}
[2026-06-06T21:15:00.950Z] [INFO] [SYSTEM] MCP Server Starting DATA: {
  "directory": "/Users/ib-mac/IB-Odoo_19 (LOCAL)/IB-Odoo_19",
  "nodeVersion": "v22.15.0",
  "platform": "darwin",
  "pid": 42305,
  "configEnvironment": "development",
  "embeddingEnabled": false
}
[2026-06-06T21:15:00.951Z] [INFO] [SYSTEM] Resource Manager Started DATA: {
  "maxMemoryMB": 4096,
  "maxCpuPercent": 80,
  "embeddingFallback": true
}
[2026-06-06T21:15:00.953Z] [INFO] [MCP_REQUEST] [b] Incoming MCP request: batch_index DATA: {
  "method": "batch_index",
  "params": {
    "sessionId": "batch_1780780475920_hewbd8q7",
    "maxFilesPerBatch": 100
  }
}
[2026-06-06T21:15:01.344Z] [INFO] [SYSTEM] MCP Server Transport Connecting DATA: {
  "transport": "stdio"
}
[2026-06-06T21:15:01.346Z] [INFO] [SYSTEM] MCP Server Ready DATA: {
  "directory": "/Users/ib-mac/IB-Odoo_19 (LOCAL)/IB-Odoo_19",
  "transport": "stdio",
  "toolsCount": 26,
  "readyTime": 1780780501346
}
[2026-06-06T21:15:01.355Z] [INFO] [SYSTEM] MCP Server Starting DATA: {
  "directory": "/Users/ib-mac/IB-Odoo_19 (LOCAL)/IB-Odoo_19",
  "nodeVersion": "v22.15.0",
  "platform": "darwin",
  "pid": 42317,
  "configEnvironment": "development",
  "embeddingEnabled": false
}
[2026-06-06T21:15:01.355Z] [INFO] [SYSTEM] Resource Manager Started DATA: {
  "maxMemoryMB": 4096,
  "maxCpuPercent": 80,
  "embeddingFallback": true
}
[2026-06-06T21:15:01.358Z] [INFO] [MCP_REQUEST] [b] Incoming MCP request: batch_index DATA: {
  "method": "batch_index",
  "params": {
    "sessionId": "batch_1780780475920_hewbd8q7",
    "maxFilesPerBatch": 100
  }
}
[2026-06-06T21:15:01.798Z] [INFO] [SYSTEM] MCP Server Transport Connecting DATA: {
  "transport": "stdio"
}
[2026-06-06T21:15:01.798Z] [INFO] [SYSTEM] MCP Server Ready DATA: {
  "directory": "/Users/ib-mac/IB-Odoo_19 (LOCAL)/IB-Odoo_19",
  "transport": "stdio",
  "toolsCount": 26,
  "readyTime": 1780780501798
}
[2026-06-06T21:15:01.809Z] [INFO] [SYSTEM] MCP Server Starting DATA: {
  "directory": "/Users/ib-mac/IB-Odoo_19 (LOCAL)/IB-Odoo_19",
  "nodeVersion": "v22.15.0",
  "platform": "darwin",
  "pid": 42325,
  "configEnvironment": "development",
  "embeddingEnabled": false
}
[2026-06-06T21:15:01.810Z] [INFO] [SYSTEM] Resource Manager Started DATA: {
  "maxMemoryMB": 4096,
  "maxCpuPercent": 80,
  "embeddingFallback": true
}
[2026-06-06T21:15:01.813Z] [INFO] [MCP_REQUEST] [b] Incoming MCP request: batch_index DATA: {
  "method": "batch_index",
  "params": {
    "sessionId": "batch_1780780475920_hewbd8q7",
    "maxFilesPerBatch": 100
  }
}
[2026-06-06T21:15:02.214Z] [INFO] [SYSTEM] MCP Server Transport Connecting DATA: {
  "transport": "stdio"
}
[2026-06-06T21:15:02.214Z] [INFO] [SYSTEM] MCP Server Ready DATA: {
  "directory": "/Users/ib-mac/IB-Odoo_19 (LOCAL)/IB-Odoo_19",
  "transport": "stdio",
  "toolsCount": 26,
  "readyTime": 1780780502214
}
[2026-06-06T21:15:02.223Z] [INFO] [SYSTEM] MCP Server Starting DATA: {
  "directory": "/Users/ib-mac/IB-Odoo_19 (LOCAL)/IB-Odoo_19",
  "nodeVersion": "v22.15.0",
  "platform": "darwin",
  "pid": 42332,
  "configEnvironment": "development",
  "embeddingEnabled": false
}
[2026-06-06T21:15:02.224Z] [INFO] [SYSTEM] Resource Manager Started DATA: {
  "maxMemoryMB": 4096,
  "maxCpuPercent": 80,
  "embeddingFallback": true
}
[2026-06-06T21:15:02.227Z] [INFO] [MCP_REQUEST] [b] Incoming MCP request: batch_index DATA: {
  "method": "batch_index",
  "params": {
    "sessionId": "batch_1780780475920_hewbd8q7",
    "maxFilesPerBatch": 100
  }
}
[2026-06-06T21:15:02.624Z] [INFO] [SYSTEM] MCP Server Transport Connecting DATA: {
  "transport": "stdio"
}
[2026-06-06T21:15:02.625Z] [INFO] [SYSTEM] MCP Server Ready DATA: {
  "directory": "/Users/ib-mac/IB-Odoo_19 (LOCAL)/IB-Odoo_19",
  "transport": "stdio",
  "toolsCount": 26,
  "readyTime": 1780780502625
}
[2026-06-06T21:15:02.634Z] [INFO] [SYSTEM] MCP Server Starting DATA: {
  "directory": "/Users/ib-mac/IB-Odoo_19 (LOCAL)/IB-Odoo_19",
  "nodeVersion": "v22.15.0",
  "platform": "darwin",
  "pid": 42339,
  "configEnvironment": "development",
  "embeddingEnabled": false
}
[2026-06-06T21:15:02.635Z] [INFO] [SYSTEM] Resource Manager Started DATA: {
  "maxMemoryMB": 4096,
  "maxCpuPercent": 80,
  "embeddingFallback": true
}
[2026-06-06T21:15:02.638Z] [INFO] [MCP_REQUEST] [b] Incoming MCP request: batch_index DATA: {
  "method": "batch_index",
  "params": {
    "sessionId": "batch_1780780475920_hewbd8q7",
    "maxFilesPerBatch": 100
  }
}
[2026-06-06T21:15:03.043Z] [INFO] [SYSTEM] MCP Server Transport Connecting DATA: {
  "transport": "stdio"
}
[2026-06-06T21:15:03.043Z] [INFO] [SYSTEM] MCP Server Ready DATA: {
  "directory": "/Users/ib-mac/IB-Odoo_19 (LOCAL)/IB-Odoo_19",
  "transport": "stdio",
  "toolsCount": 26,
  "readyTime": 1780780503043
}
[2026-06-06T21:15:03.052Z] [INFO] [SYSTEM] MCP Server Starting DATA: {
  "directory": "/Users/ib-mac/IB-Odoo_19 (LOCAL)/IB-Odoo_19",
  "nodeVersion": "v22.15.0",
  "platform": "darwin",
  "pid": 42347,
  "configEnvironment": "development",
  "embeddingEnabled": false
}
[2026-06-06T21:15:03.052Z] [INFO] [SYSTEM] Resource Manager Started DATA: {
  "maxMemoryMB": 4096,
  "maxCpuPercent": 80,
  "embeddingFallback": true
}
[2026-06-06T21:15:03.055Z] [INFO] [MCP_REQUEST] [b] Incoming MCP request: batch_index DATA: {
  "method": "batch_index",
  "params": {
    "sessionId": "batch_1780780475920_hewbd8q7",
    "maxFilesPerBatch": 100
  }
}
[2026-06-06T21:15:03.442Z] [INFO] [SYSTEM] MCP Server Transport Connecting DATA: {
  "transport": "stdio"
}
[2026-06-06T21:15:03.442Z] [INFO] [SYSTEM] MCP Server Ready DATA: {
  "directory": "/Users/ib-mac/IB-Odoo_19 (LOCAL)/IB-Odoo_19",
  "transport": "stdio",
  "toolsCount": 26,
  "readyTime": 1780780503442
}
[2026-06-06T21:15:03.451Z] [INFO] [SYSTEM] MCP Server Starting DATA: {
  "directory": "/Users/ib-mac/IB-Odoo_19 (LOCAL)/IB-Odoo_19",
  "nodeVersion": "v22.15.0",
  "platform": "darwin",
  "pid": 42356,
  "configEnvironment": "development",
  "embeddingEnabled": false
}
[2026-06-06T21:15:03.452Z] [INFO] [SYSTEM] Resource Manager Started DATA: {
  "maxMemoryMB": 4096,
  "maxCpuPercent": 80,
  "embeddingFallback": true
}
[2026-06-06T21:15:03.454Z] [INFO] [MCP_REQUEST] [b] Incoming MCP request: batch_index DATA: {
  "method": "batch_index",
  "params": {
    "sessionId": "batch_1780780475920_hewbd8q7",
    "maxFilesPerBatch": 100
  }
}
[2026-06-06T21:15:03.849Z] [INFO] [SYSTEM] MCP Server Transport Connecting DATA: {
  "transport": "stdio"
}
[2026-06-06T21:15:03.849Z] [INFO] [SYSTEM] MCP Server Ready DATA: {
  "directory": "/Users/ib-mac/IB-Odoo_19 (LOCAL)/IB-Odoo_19",
  "transport": "stdio",
  "toolsCount": 26,
  "readyTime": 1780780503849
}
[2026-06-06T21:15:03.858Z] [INFO] [SYSTEM] MCP Server Starting DATA: {
  "directory": "/Users/ib-mac/IB-Odoo_19 (LOCAL)/IB-Odoo_19",
  "nodeVersion": "v22.15.0",
  "platform": "darwin",
  "pid": 42363,
  "configEnvironment": "development",
  "embeddingEnabled": false
}
[2026-06-06T21:15:03.859Z] [INFO] [SYSTEM] Resource Manager Started DATA: {
  "maxMemoryMB": 4096,
  "maxCpuPercent": 80,
  "embeddingFallback": true
}
[2026-06-06T21:15:03.862Z] [INFO] [MCP_REQUEST] [b] Incoming MCP request: batch_index DATA: {
  "method": "batch_index",
  "params": {
    "sessionId": "batch_1780780475920_hewbd8q7",
    "maxFilesPerBatch": 100
  }
}
[2026-06-06T21:15:04.269Z] [INFO] [SYSTEM] MCP Server Transport Connecting DATA: {
  "transport": "stdio"
}
[2026-06-06T21:15:04.269Z] [INFO] [SYSTEM] MCP Server Ready DATA: {
  "directory": "/Users/ib-mac/IB-Odoo_19 (LOCAL)/IB-Odoo_19",
  "transport": "stdio",
  "toolsCount": 26,
  "readyTime": 1780780504269
}
[2026-06-06T21:15:04.278Z] [INFO] [SYSTEM] MCP Server Starting DATA: {
  "directory": "/Users/ib-mac/IB-Odoo_19 (LOCAL)/IB-Odoo_19",
  "nodeVersion": "v22.15.0",
  "platform": "darwin",
  "pid": 42370,
  "configEnvironment": "development",
  "embeddingEnabled": false
}
[2026-06-06T21:15:04.278Z] [INFO] [SYSTEM] Resource Manager Started DATA: {
  "maxMemoryMB": 4096,
  "maxCpuPercent": 80,
  "embeddingFallback": true
}
[2026-06-06T21:15:04.281Z] [INFO] [MCP_REQUEST] [b] Incoming MCP request: batch_index DATA: {
  "method": "batch_index",
  "params": {
    "sessionId": "batch_1780780475920_hewbd8q7",
    "maxFilesPerBatch": 100
  }
}
[2026-06-06T21:15:04.681Z] [INFO] [SYSTEM] MCP Server Transport Connecting DATA: {
  "transport": "stdio"
}
[2026-06-06T21:15:04.682Z] [INFO] [SYSTEM] MCP Server Ready DATA: {
  "directory": "/Users/ib-mac/IB-Odoo_19 (LOCAL)/IB-Odoo_19",
  "transport": "stdio",
  "toolsCount": 26,
  "readyTime": 1780780504682
}
[2026-06-06T21:15:04.691Z] [INFO] [SYSTEM] MCP Server Starting DATA: {
  "directory": "/Users/ib-mac/IB-Odoo_19 (LOCAL)/IB-Odoo_19",
  "nodeVersion": "v22.15.0",
  "platform": "darwin",
  "pid": 42377,
  "configEnvironment": "development",
  "embeddingEnabled": false
}
[2026-06-06T21:15:04.691Z] [INFO] [SYSTEM] Resource Manager Started DATA: {
  "maxMemoryMB": 4096,
  "maxCpuPercent": 80,
  "embeddingFallback": true
}
[2026-06-06T21:15:04.694Z] [INFO] [MCP_REQUEST] [b] Incoming MCP request: batch_index DATA: {
  "method": "batch_index",
  "params": {
    "sessionId": "batch_1780780475920_hewbd8q7",
    "maxFilesPerBatch": 100
  }
}
[2026-06-06T21:15:05.099Z] [INFO] [SYSTEM] MCP Server Transport Connecting DATA: {
  "transport": "stdio"
}
[2026-06-06T21:15:05.100Z] [INFO] [SYSTEM] MCP Server Ready DATA: {
  "directory": "/Users/ib-mac/IB-Odoo_19 (LOCAL)/IB-Odoo_19",
  "transport": "stdio",
  "toolsCount": 26,
  "readyTime": 1780780505100
}
[2026-06-06T21:15:05.109Z] [INFO] [SYSTEM] MCP Server Starting DATA: {
  "directory": "/Users/ib-mac/IB-Odoo_19 (LOCAL)/IB-Odoo_19",
  "nodeVersion": "v22.15.0",
  "platform": "darwin",
  "pid": 42387,
  "configEnvironment": "development",
  "embeddingEnabled": false
}
[2026-06-06T21:15:05.110Z] [INFO] [SYSTEM] Resource Manager Started DATA: {
  "maxMemoryMB": 4096,
  "maxCpuPercent": 80,
  "embeddingFallback": true
}
[2026-06-06T21:15:05.113Z] [INFO] [MCP_REQUEST] [b] Incoming MCP request: batch_index DATA: {
  "method": "batch_index",
  "params": {
    "sessionId": "batch_1780780475920_hewbd8q7",
    "maxFilesPerBatch": 100
  }
}
[2026-06-06T21:15:05.514Z] [INFO] [SYSTEM] MCP Server Transport Connecting DATA: {
  "transport": "stdio"
}
[2026-06-06T21:15:05.514Z] [INFO] [SYSTEM] MCP Server Ready DATA: {
  "directory": "/Users/ib-mac/IB-Odoo_19 (LOCAL)/IB-Odoo_19",
  "transport": "stdio",
  "toolsCount": 26,
  "readyTime": 1780780505514
}
[2026-06-06T21:15:05.523Z] [INFO] [SYSTEM] MCP Server Starting DATA: {
  "directory": "/Users/ib-mac/IB-Odoo_19 (LOCAL)/IB-Odoo_19",
  "nodeVersion": "v22.15.0",
  "platform": "darwin",
  "pid": 42394,
  "configEnvironment": "development",
  "embeddingEnabled": false
}
[2026-06-06T21:15:05.523Z] [INFO] [SYSTEM] Resource Manager Started DATA: {
  "maxMemoryMB": 4096,
  "maxCpuPercent": 80,
  "embeddingFallback": true
}
[2026-06-06T21:15:05.526Z] [INFO] [MCP_REQUEST] [b] Incoming MCP request: batch_index DATA: {
  "method": "batch_index",
  "params": {
    "sessionId": "batch_1780780475920_hewbd8q7",
    "maxFilesPerBatch": 100
  }
}
[2026-06-06T21:15:05.914Z] [INFO] [SYSTEM] MCP Server Transport Connecting DATA: {
  "transport": "stdio"
}
[2026-06-06T21:15:05.914Z] [INFO] [SYSTEM] MCP Server Ready DATA: {
  "directory": "/Users/ib-mac/IB-Odoo_19 (LOCAL)/IB-Odoo_19",
  "transport": "stdio",
  "toolsCount": 26,
  "readyTime": 1780780505914
}
[2026-06-06T21:15:05.924Z] [INFO] [SYSTEM] MCP Server Starting DATA: {
  "directory": "/Users/ib-mac/IB-Odoo_19 (LOCAL)/IB-Odoo_19",
  "nodeVersion": "v22.15.0",
  "platform": "darwin",
  "pid": 42401,
  "configEnvironment": "development",
  "embeddingEnabled": false
}
[2026-06-06T21:15:05.924Z] [INFO] [SYSTEM] Resource Manager Started DATA: {
  "maxMemoryMB": 4096,
  "maxCpuPercent": 80,
  "embeddingFallback": true
}
[2026-06-06T21:15:05.928Z] [INFO] [MCP_REQUEST] [b] Incoming MCP request: batch_index DATA: {
  "method": "batch_index",
  "params": {
    "sessionId": "batch_1780780475920_hewbd8q7",
    "maxFilesPerBatch": 100
  }
}
[2026-06-06T21:15:06.324Z] [INFO] [SYSTEM] MCP Server Transport Connecting DATA: {
  "transport": "stdio"
}
[2026-06-06T21:15:06.324Z] [INFO] [SYSTEM] MCP Server Ready DATA: {
  "directory": "/Users/ib-mac/IB-Odoo_19 (LOCAL)/IB-Odoo_19",
  "transport": "stdio",
  "toolsCount": 26,
  "readyTime": 1780780506324
}
[2026-06-06T21:15:06.334Z] [INFO] [SYSTEM] MCP Server Starting DATA: {
  "directory": "/Users/ib-mac/IB-Odoo_19 (LOCAL)/IB-Odoo_19",
  "nodeVersion": "v22.15.0",
  "platform": "darwin",
  "pid": 42408,
  "configEnvironment": "development",
  "embeddingEnabled": false
}
[2026-06-06T21:15:06.334Z] [INFO] [SYSTEM] Resource Manager Started DATA: {
  "maxMemoryMB": 4096,
  "maxCpuPercent": 80,
  "embeddingFallback": true
}
[2026-06-06T21:15:06.337Z] [INFO] [MCP_REQUEST] [b] Incoming MCP request: batch_index DATA: {
  "method": "batch_index",
  "params": {
    "sessionId": "batch_1780780475920_hewbd8q7",
    "maxFilesPerBatch": 100
  }
}
[2026-06-06T21:15:06.740Z] [INFO] [SYSTEM] MCP Server Transport Connecting DATA: {
  "transport": "stdio"
}
[2026-06-06T21:15:06.741Z] [INFO] [SYSTEM] MCP Server Ready DATA: {
  "directory": "/Users/ib-mac/IB-Odoo_19 (LOCAL)/IB-Odoo_19",
  "transport": "stdio",
  "toolsCount": 26,
  "readyTime": 1780780506741
}
[2026-06-06T21:15:06.750Z] [INFO] [SYSTEM] MCP Server Starting DATA: {
  "directory": "/Users/ib-mac/IB-Odoo_19 (LOCAL)/IB-Odoo_19",
  "nodeVersion": "v22.15.0",
  "platform": "darwin",
  "pid": 42415,
  "configEnvironment": "development",
  "embeddingEnabled": false
}
[2026-06-06T21:15:06.750Z] [INFO] [SYSTEM] Resource Manager Started DATA: {
  "maxMemoryMB": 4096,
  "maxCpuPercent": 80,
  "embeddingFallback": true
}
[2026-06-06T21:15:06.753Z] [INFO] [MCP_REQUEST] [b] Incoming MCP request: batch_index DATA: {
  "method": "batch_index",
  "params": {
    "sessionId": "batch_1780780475920_hewbd8q7",
    "maxFilesPerBatch": 100
  }
}
[2026-06-06T21:15:07.150Z] [INFO] [SYSTEM] MCP Server Transport Connecting DATA: {
  "transport": "stdio"
}
[2026-06-06T21:15:07.150Z] [INFO] [SYSTEM] MCP Server Ready DATA: {
  "directory": "/Users/ib-mac/IB-Odoo_19 (LOCAL)/IB-Odoo_19",
  "transport": "stdio",
  "toolsCount": 26,
  "readyTime": 1780780507150
}
[2026-06-06T21:15:07.160Z] [INFO] [SYSTEM] MCP Server Starting DATA: {
  "directory": "/Users/ib-mac/IB-Odoo_19 (LOCAL)/IB-Odoo_19",
  "nodeVersion": "v22.15.0",
  "platform": "darwin",
  "pid": 42425,
  "configEnvironment": "development",
  "embeddingEnabled": false
}
[2026-06-06T21:15:07.160Z] [INFO] [SYSTEM] Resource Manager Started DATA: {
  "maxMemoryMB": 4096,
  "maxCpuPercent": 80,
  "embeddingFallback": true
}
[2026-06-06T21:15:07.163Z] [INFO] [MCP_REQUEST] [b] Incoming MCP request: batch_index DATA: {
  "method": "batch_index",
  "params": {
    "sessionId": "batch_1780780475920_hewbd8q7",
    "maxFilesPerBatch": 100
  }
}
[2026-06-06T21:15:07.549Z] [INFO] [SYSTEM] MCP Server Transport Connecting DATA: {
  "transport": "stdio"
}
[2026-06-06T21:15:07.549Z] [INFO] [SYSTEM] MCP Server Ready DATA: {
  "directory": "/Users/ib-mac/IB-Odoo_19 (LOCAL)/IB-Odoo_19",
  "transport": "stdio",
  "toolsCount": 26,
  "readyTime": 1780780507549
}
[2026-06-06T21:15:07.558Z] [INFO] [SYSTEM] MCP Server Starting DATA: {
  "directory": "/Users/ib-mac/IB-Odoo_19 (LOCAL)/IB-Odoo_19",
  "nodeVersion": "v22.15.0",
  "platform": "darwin",
  "pid": 42432,
  "configEnvironment": "development",
  "embeddingEnabled": false
}
[2026-06-06T21:15:07.559Z] [INFO] [SYSTEM] Resource Manager Started DATA: {
  "maxMemoryMB": 4096,
  "maxCpuPercent": 80,
  "embeddingFallback": true
}
[2026-06-06T21:15:07.562Z] [INFO] [MCP_REQUEST] [b] Incoming MCP request: batch_index DATA: {
  "method": "batch_index",
  "params": {
    "sessionId": "batch_1780780475920_hewbd8q7",
    "maxFilesPerBatch": 100
  }
}
[2026-06-06T21:15:07.949Z] [INFO] [SYSTEM] MCP Server Transport Connecting DATA: {
  "transport": "stdio"
}
[2026-06-06T21:15:07.949Z] [INFO] [SYSTEM] MCP Server Ready DATA: {
  "directory": "/Users/ib-mac/IB-Odoo_19 (LOCAL)/IB-Odoo_19",
  "transport": "stdio",
  "toolsCount": 26,
  "readyTime": 1780780507949
}
[2026-06-06T21:15:07.958Z] [INFO] [SYSTEM] MCP Server Starting DATA: {
  "directory": "/Users/ib-mac/IB-Odoo_19 (LOCAL)/IB-Odoo_19",
  "nodeVersion": "v22.15.0",
  "platform": "darwin",
  "pid": 42439,
  "configEnvironment": "development",
  "embeddingEnabled": false
}
[2026-06-06T21:15:07.958Z] [INFO] [SYSTEM] Resource Manager Started DATA: {
  "maxMemoryMB": 4096,
  "maxCpuPercent": 80,
  "embeddingFallback": true
}
[2026-06-06T21:15:07.961Z] [INFO] [MCP_REQUEST] [b] Incoming MCP request: batch_index DATA: {
  "method": "batch_index",
  "params": {
    "sessionId": "batch_1780780475920_hewbd8q7",
    "maxFilesPerBatch": 100
  }
}
[2026-06-06T21:15:08.354Z] [INFO] [SYSTEM] MCP Server Transport Connecting DATA: {
  "transport": "stdio"
}
[2026-06-06T21:15:08.354Z] [INFO] [SYSTEM] MCP Server Ready DATA: {
  "directory": "/Users/ib-mac/IB-Odoo_19 (LOCAL)/IB-Odoo_19",
  "transport": "stdio",
  "toolsCount": 26,
  "readyTime": 1780780508354
}
[2026-06-06T21:15:08.364Z] [INFO] [SYSTEM] MCP Server Starting DATA: {
  "directory": "/Users/ib-mac/IB-Odoo_19 (LOCAL)/IB-Odoo_19",
  "nodeVersion": "v22.15.0",
  "platform": "darwin",
  "pid": 42446,
  "configEnvironment": "development",
  "embeddingEnabled": false
}
[2026-06-06T21:15:08.364Z] [INFO] [SYSTEM] Resource Manager Started DATA: {
  "maxMemoryMB": 4096,
  "maxCpuPercent": 80,
  "embeddingFallback": true
}
[2026-06-06T21:15:08.367Z] [INFO] [MCP_REQUEST] [b] Incoming MCP request: batch_index DATA: {
  "method": "batch_index",
  "params": {
    "sessionId": "batch_1780780475920_hewbd8q7",
    "maxFilesPerBatch": 100
  }
}
[2026-06-06T21:15:08.774Z] [INFO] [SYSTEM] MCP Server Transport Connecting DATA: {
  "transport": "stdio"
}
[2026-06-06T21:15:08.774Z] [INFO] [SYSTEM] MCP Server Ready DATA: {
  "directory": "/Users/ib-mac/IB-Odoo_19 (LOCAL)/IB-Odoo_19",
  "transport": "stdio",
  "toolsCount": 26,
  "readyTime": 1780780508774
}
[2026-06-06T21:15:08.784Z] [INFO] [SYSTEM] MCP Server Starting DATA: {
  "directory": "/Users/ib-mac/IB-Odoo_19 (LOCAL)/IB-Odoo_19",
  "nodeVersion": "v22.15.0",
  "platform": "darwin",
  "pid": 42453,
  "configEnvironment": "development",
  "embeddingEnabled": false
}
[2026-06-06T21:15:08.784Z] [INFO] [SYSTEM] Resource Manager Started DATA: {
  "maxMemoryMB": 4096,
  "maxCpuPercent": 80,
  "embeddingFallback": true
}
[2026-06-06T21:15:08.787Z] [INFO] [MCP_REQUEST] [b] Incoming MCP request: batch_index DATA: {
  "method": "batch_index",
  "params": {
    "sessionId": "batch_1780780475920_hewbd8q7",
    "maxFilesPerBatch": 100
  }
}
[2026-06-06T21:15:09.184Z] [INFO] [SYSTEM] MCP Server Transport Connecting DATA: {
  "transport": "stdio"
}
[2026-06-06T21:15:09.184Z] [INFO] [SYSTEM] MCP Server Ready DATA: {
  "directory": "/Users/ib-mac/IB-Odoo_19 (LOCAL)/IB-Odoo_19",
  "transport": "stdio",
  "toolsCount": 26,
  "readyTime": 1780780509184
}
[2026-06-06T21:15:09.194Z] [INFO] [SYSTEM] MCP Server Starting DATA: {
  "directory": "/Users/ib-mac/IB-Odoo_19 (LOCAL)/IB-Odoo_19",
  "nodeVersion": "v22.15.0",
  "platform": "darwin",
  "pid": 42463,
  "configEnvironment": "development",
  "embeddingEnabled": false
}
[2026-06-06T21:15:09.194Z] [INFO] [SYSTEM] Resource Manager Started DATA: {
  "maxMemoryMB": 4096,
  "maxCpuPercent": 80,
  "embeddingFallback": true
}
[2026-06-06T21:15:09.197Z] [INFO] [MCP_REQUEST] [b] Incoming MCP request: batch_index DATA: {
  "method": "batch_index",
  "params": {
    "sessionId": "batch_1780780475920_hewbd8q7",
    "maxFilesPerBatch": 100
  }
}
[2026-06-06T21:15:09.595Z] [INFO] [SYSTEM] MCP Server Transport Connecting DATA: {
  "transport": "stdio"
}
[2026-06-06T21:15:09.596Z] [INFO] [SYSTEM] MCP Server Ready DATA: {
  "directory": "/Users/ib-mac/IB-Odoo_19 (LOCAL)/IB-Odoo_19",
  "transport": "stdio",
  "toolsCount": 26,
  "readyTime": 1780780509596
}
[2026-06-06T21:15:09.605Z] [INFO] [SYSTEM] MCP Server Starting DATA: {
  "directory": "/Users/ib-mac/IB-Odoo_19 (LOCAL)/IB-Odoo_19",
  "nodeVersion": "v22.15.0",
  "platform": "darwin",
  "pid": 42471,
  "configEnvironment": "development",
  "embeddingEnabled": false
}
[2026-06-06T21:15:09.605Z] [INFO] [SYSTEM] Resource Manager Started DATA: {
  "maxMemoryMB": 4096,
  "maxCpuPercent": 80,
  "embeddingFallback": true
}
[2026-06-06T21:15:09.608Z] [INFO] [MCP_REQUEST] [b] Incoming MCP request: batch_index DATA: {
  "method": "batch_index",
  "params": {
    "sessionId": "batch_1780780475920_hewbd8q7",
    "maxFilesPerBatch": 100
  }
}
[2026-06-06T21:15:09.997Z] [INFO] [SYSTEM] MCP Server Transport Connecting DATA: {
  "transport": "stdio"
}
[2026-06-06T21:15:09.997Z] [INFO] [SYSTEM] MCP Server Ready DATA: {
  "directory": "/Users/ib-mac/IB-Odoo_19 (LOCAL)/IB-Odoo_19",
  "transport": "stdio",
  "toolsCount": 26,
  "readyTime": 1780780509997
}
[2026-06-06T21:15:10.006Z] [INFO] [SYSTEM] MCP Server Starting DATA: {
  "directory": "/Users/ib-mac/IB-Odoo_19 (LOCAL)/IB-Odoo_19",
  "nodeVersion": "v22.15.0",
  "platform": "darwin",
  "pid": 42478,
  "configEnvironment": "development",
  "embeddingEnabled": false
}
[2026-06-06T21:15:10.006Z] [INFO] [SYSTEM] Resource Manager Started DATA: {
  "maxMemoryMB": 4096,
  "maxCpuPercent": 80,
  "embeddingFallback": true
}
[2026-06-06T21:15:10.010Z] [INFO] [MCP_REQUEST] [b] Incoming MCP request: batch_index DATA: {
  "method": "batch_index",
  "params": {
    "sessionId": "batch_1780780475920_hewbd8q7",
    "maxFilesPerBatch": 100
  }
}
[2026-06-06T21:15:10.414Z] [INFO] [SYSTEM] MCP Server Transport Connecting DATA: {
  "transport": "stdio"
}
[2026-06-06T21:15:10.415Z] [INFO] [SYSTEM] MCP Server Ready DATA: {
  "directory": "/Users/ib-mac/IB-Odoo_19 (LOCAL)/IB-Odoo_19",
  "transport": "stdio",
  "toolsCount": 26,
  "readyTime": 1780780510415
}
[2026-06-06T21:15:10.423Z] [INFO] [SYSTEM] MCP Server Starting DATA: {
  "directory": "/Users/ib-mac/IB-Odoo_19 (LOCAL)/IB-Odoo_19",
  "nodeVersion": "v22.15.0",
  "platform": "darwin",
  "pid": 42485,
  "configEnvironment": "development",
  "embeddingEnabled": false
}
[2026-06-06T21:15:10.424Z] [INFO] [SYSTEM] Resource Manager Started DATA: {
  "maxMemoryMB": 4096,
  "maxCpuPercent": 80,
  "embeddingFallback": true
}
[2026-06-06T21:15:10.427Z] [INFO] [MCP_REQUEST] [b] Incoming MCP request: batch_index DATA: {
  "method": "batch_index",
  "params": {
    "sessionId": "batch_1780780475920_hewbd8q7",
    "maxFilesPerBatch": 100
  }
}
[2026-06-06T21:15:10.818Z] [INFO] [SYSTEM] MCP Server Transport Connecting DATA: {
  "transport": "stdio"
}
[2026-06-06T21:15:10.818Z] [INFO] [SYSTEM] MCP Server Ready DATA: {
  "directory": "/Users/ib-mac/IB-Odoo_19 (LOCAL)/IB-Odoo_19",
  "transport": "stdio",
  "toolsCount": 26,
  "readyTime": 1780780510818
}
[2026-06-06T21:15:10.827Z] [INFO] [SYSTEM] MCP Server Starting DATA: {
  "directory": "/Users/ib-mac/IB-Odoo_19 (LOCAL)/IB-Odoo_19",
  "nodeVersion": "v22.15.0",
  "platform": "darwin",
  "pid": 42492,
  "configEnvironment": "development",
  "embeddingEnabled": false
}
[2026-06-06T21:15:10.828Z] [INFO] [SYSTEM] Resource Manager Started DATA: {
  "maxMemoryMB": 4096,
  "maxCpuPercent": 80,
  "embeddingFallback": true
}
[2026-06-06T21:15:10.831Z] [INFO] [MCP_REQUEST] [b] Incoming MCP request: batch_index DATA: {
  "method": "batch_index",
  "params": {
    "sessionId": "batch_1780780475920_hewbd8q7",
    "maxFilesPerBatch": 100
  }
}
[2026-06-06T21:15:11.232Z] [INFO] [SYSTEM] MCP Server Transport Connecting DATA: {
  "transport": "stdio"
}
[2026-06-06T21:15:11.233Z] [INFO] [SYSTEM] MCP Server Ready DATA: {
  "directory": "/Users/ib-mac/IB-Odoo_19 (LOCAL)/IB-Odoo_19",
  "transport": "stdio",
  "toolsCount": 26,
  "readyTime": 1780780511233
}
[2026-06-06T21:15:11.242Z] [INFO] [SYSTEM] MCP Server Starting DATA: {
  "directory": "/Users/ib-mac/IB-Odoo_19 (LOCAL)/IB-Odoo_19",
  "nodeVersion": "v22.15.0",
  "platform": "darwin",
  "pid": 42502,
  "configEnvironment": "development",
  "embeddingEnabled": false
}
[2026-06-06T21:15:11.242Z] [INFO] [SYSTEM] Resource Manager Started DATA: {
  "maxMemoryMB": 4096,
  "maxCpuPercent": 80,
  "embeddingFallback": true
}
[2026-06-06T21:15:11.245Z] [INFO] [MCP_REQUEST] [b] Incoming MCP request: batch_index DATA: {
  "method": "batch_index",
  "params": {
    "sessionId": "batch_1780780475920_hewbd8q7",
    "maxFilesPerBatch": 100
  }
}
[2026-06-06T21:15:11.644Z] [INFO] [SYSTEM] MCP Server Transport Connecting DATA: {
  "transport": "stdio"
}
[2026-06-06T21:15:11.644Z] [INFO] [SYSTEM] MCP Server Ready DATA: {
  "directory": "/Users/ib-mac/IB-Odoo_19 (LOCAL)/IB-Odoo_19",
  "transport": "stdio",
  "toolsCount": 26,
  "readyTime": 1780780511644
}
[2026-06-06T21:15:11.653Z] [INFO] [SYSTEM] MCP Server Starting DATA: {
  "directory": "/Users/ib-mac/IB-Odoo_19 (LOCAL)/IB-Odoo_19",
  "nodeVersion": "v22.15.0",
  "platform": "darwin",
  "pid": 42509,
  "configEnvironment": "development",
  "embeddingEnabled": false
}
[2026-06-06T21:15:11.654Z] [INFO] [SYSTEM] Resource Manager Started DATA: {
  "maxMemoryMB": 4096,
  "maxCpuPercent": 80,
  "embeddingFallback": true
}
[2026-06-06T21:15:11.657Z] [INFO] [MCP_REQUEST] [b] Incoming MCP request: batch_index DATA: {
  "method": "batch_index",
  "params": {
    "sessionId": "batch_1780780475920_hewbd8q7",
    "maxFilesPerBatch": 100
  }
}
[2026-06-06T21:15:12.059Z] [INFO] [SYSTEM] MCP Server Transport Connecting DATA: {
  "transport": "stdio"
}
[2026-06-06T21:15:12.059Z] [INFO] [SYSTEM] MCP Server Ready DATA: {
  "directory": "/Users/ib-mac/IB-Odoo_19 (LOCAL)/IB-Odoo_19",
  "transport": "stdio",
  "toolsCount": 26,
  "readyTime": 1780780512059
}
[2026-06-06T21:15:12.068Z] [INFO] [SYSTEM] MCP Server Starting DATA: {
  "directory": "/Users/ib-mac/IB-Odoo_19 (LOCAL)/IB-Odoo_19",
  "nodeVersion": "v22.15.0",
  "platform": "darwin",
  "pid": 42516,
  "configEnvironment": "development",
  "embeddingEnabled": false
}
[2026-06-06T21:15:12.068Z] [INFO] [SYSTEM] Resource Manager Started DATA: {
  "maxMemoryMB": 4096,
  "maxCpuPercent": 80,
  "embeddingFallback": true
}
[2026-06-06T21:15:12.071Z] [INFO] [MCP_REQUEST] [b] Incoming MCP request: batch_index DATA: {
  "method": "batch_index",
  "params": {
    "sessionId": "batch_1780780475920_hewbd8q7",
    "maxFilesPerBatch": 100
  }
}
[2026-06-06T21:15:12.469Z] [INFO] [SYSTEM] MCP Server Transport Connecting DATA: {
  "transport": "stdio"
}
[2026-06-06T21:15:12.469Z] [INFO] [SYSTEM] MCP Server Ready DATA: {
  "directory": "/Users/ib-mac/IB-Odoo_19 (LOCAL)/IB-Odoo_19",
  "transport": "stdio",
  "toolsCount": 26,
  "readyTime": 1780780512469
}
[2026-06-06T21:15:12.478Z] [INFO] [SYSTEM] MCP Server Starting DATA: {
  "directory": "/Users/ib-mac/IB-Odoo_19 (LOCAL)/IB-Odoo_19",
  "nodeVersion": "v22.15.0",
  "platform": "darwin",
  "pid": 42523,
  "configEnvironment": "development",
  "embeddingEnabled": false
}
[2026-06-06T21:15:12.478Z] [INFO] [SYSTEM] Resource Manager Started DATA: {
  "maxMemoryMB": 4096,
  "maxCpuPercent": 80,
  "embeddingFallback": true
}
[2026-06-06T21:15:12.481Z] [INFO] [MCP_REQUEST] [b] Incoming MCP request: batch_index DATA: {
  "method": "batch_index",
  "params": {
    "sessionId": "batch_1780780475920_hewbd8q7",
    "maxFilesPerBatch": 100
  }
}
[2026-06-06T21:15:12.883Z] [INFO] [SYSTEM] MCP Server Transport Connecting DATA: {
  "transport": "stdio"
}
[2026-06-06T21:15:12.883Z] [INFO] [SYSTEM] MCP Server Ready DATA: {
  "directory": "/Users/ib-mac/IB-Odoo_19 (LOCAL)/IB-Odoo_19",
  "transport": "stdio",
  "toolsCount": 26,
  "readyTime": 1780780512883
}
[2026-06-06T21:15:12.892Z] [INFO] [SYSTEM] MCP Server Starting DATA: {
  "directory": "/Users/ib-mac/IB-Odoo_19 (LOCAL)/IB-Odoo_19",
  "nodeVersion": "v22.15.0",
  "platform": "darwin",
  "pid": 42530,
  "configEnvironment": "development",
  "embeddingEnabled": false
}
[2026-06-06T21:15:12.893Z] [INFO] [SYSTEM] Resource Manager Started DATA: {
  "maxMemoryMB": 4096,
  "maxCpuPercent": 80,
  "embeddingFallback": true
}
[2026-06-06T21:15:12.898Z] [INFO] [MCP_REQUEST] [b] Incoming MCP request: batch_index DATA: {
  "method": "batch_index",
  "params": {
    "sessionId": "batch_1780780475920_hewbd8q7",
    "maxFilesPerBatch": 100
  }
}
[2026-06-06T21:15:13.299Z] [INFO] [SYSTEM] MCP Server Transport Connecting DATA: {
  "transport": "stdio"
}
[2026-06-06T21:15:13.299Z] [INFO] [SYSTEM] MCP Server Ready DATA: {
  "directory": "/Users/ib-mac/IB-Odoo_19 (LOCAL)/IB-Odoo_19",
  "transport": "stdio",
  "toolsCount": 26,
  "readyTime": 1780780513299
}
[2026-06-06T21:15:13.309Z] [INFO] [SYSTEM] MCP Server Starting DATA: {
  "directory": "/Users/ib-mac/IB-Odoo_19 (LOCAL)/IB-Odoo_19",
  "nodeVersion": "v22.15.0",
  "platform": "darwin",
  "pid": 42540,
  "configEnvironment": "development",
  "embeddingEnabled": false
}
[2026-06-06T21:15:13.309Z] [INFO] [SYSTEM] Resource Manager Started DATA: {
  "maxMemoryMB": 4096,
  "maxCpuPercent": 80,
  "embeddingFallback": true
}
[2026-06-06T21:15:13.312Z] [INFO] [MCP_REQUEST] [b] Incoming MCP request: batch_index DATA: {
  "method": "batch_index",
  "params": {
    "sessionId": "batch_1780780475920_hewbd8q7",
    "maxFilesPerBatch": 100
  }
}
[2026-06-06T21:15:13.728Z] [INFO] [SYSTEM] MCP Server Transport Connecting DATA: {
  "transport": "stdio"
}
[2026-06-06T21:15:13.729Z] [INFO] [SYSTEM] MCP Server Ready DATA: {
  "directory": "/Users/ib-mac/IB-Odoo_19 (LOCAL)/IB-Odoo_19",
  "transport": "stdio",
  "toolsCount": 26,
  "readyTime": 1780780513729
}
[2026-06-06T21:15:13.738Z] [INFO] [SYSTEM] MCP Server Starting DATA: {
  "directory": "/Users/ib-mac/IB-Odoo_19 (LOCAL)/IB-Odoo_19",
  "nodeVersion": "v22.15.0",
  "platform": "darwin",
  "pid": 42547,
  "configEnvironment": "development",
  "embeddingEnabled": false
}
[2026-06-06T21:15:13.738Z] [INFO] [SYSTEM] Resource Manager Started DATA: {
  "maxMemoryMB": 4096,
  "maxCpuPercent": 80,
  "embeddingFallback": true
}
[2026-06-06T21:15:13.742Z] [INFO] [MCP_REQUEST] [b] Incoming MCP request: batch_index DATA: {
  "method": "batch_index",
  "params": {
    "sessionId": "batch_1780780475920_hewbd8q7",
    "maxFilesPerBatch": 100
  }
}
[2026-06-06T21:15:14.151Z] [INFO] [SYSTEM] MCP Server Transport Connecting DATA: {
  "transport": "stdio"
}
[2026-06-06T21:15:14.151Z] [INFO] [SYSTEM] MCP Server Ready DATA: {
  "directory": "/Users/ib-mac/IB-Odoo_19 (LOCAL)/IB-Odoo_19",
  "transport": "stdio",
  "toolsCount": 26,
  "readyTime": 1780780514151
}
[2026-06-06T21:15:14.160Z] [INFO] [SYSTEM] MCP Server Starting DATA: {
  "directory": "/Users/ib-mac/IB-Odoo_19 (LOCAL)/IB-Odoo_19",
  "nodeVersion": "v22.15.0",
  "platform": "darwin",
  "pid": 42554,
  "configEnvironment": "development",
  "embeddingEnabled": false
}
[2026-06-06T21:15:14.161Z] [INFO] [SYSTEM] Resource Manager Started DATA: {
  "maxMemoryMB": 4096,
  "maxCpuPercent": 80,
  "embeddingFallback": true
}
[2026-06-06T21:15:14.163Z] [INFO] [MCP_REQUEST] [b] Incoming MCP request: batch_index DATA: {
  "method": "batch_index",
  "params": {
    "sessionId": "batch_1780780475920_hewbd8q7",
    "maxFilesPerBatch": 100
  }
}
[2026-06-06T21:15:14.567Z] [INFO] [SYSTEM] MCP Server Transport Connecting DATA: {
  "transport": "stdio"
}
[2026-06-06T21:15:14.567Z] [INFO] [SYSTEM] MCP Server Ready DATA: {
  "directory": "/Users/ib-mac/IB-Odoo_19 (LOCAL)/IB-Odoo_19",
  "transport": "stdio",
  "toolsCount": 26,
  "readyTime": 1780780514567
}
[2026-06-06T21:15:14.576Z] [INFO] [SYSTEM] MCP Server Starting DATA: {
  "directory": "/Users/ib-mac/IB-Odoo_19 (LOCAL)/IB-Odoo_19",
  "nodeVersion": "v22.15.0",
  "platform": "darwin",
  "pid": 42561,
  "configEnvironment": "development",
  "embeddingEnabled": false
}
[2026-06-06T21:15:14.577Z] [INFO] [SYSTEM] Resource Manager Started DATA: {
  "maxMemoryMB": 4096,
  "maxCpuPercent": 80,
  "embeddingFallback": true
}
[2026-06-06T21:15:14.580Z] [INFO] [MCP_REQUEST] [b] Incoming MCP request: batch_index DATA: {
  "method": "batch_index",
  "params": {
    "sessionId": "batch_1780780475920_hewbd8q7",
    "maxFilesPerBatch": 100
  }
}
[2026-06-06T21:15:14.987Z] [INFO] [SYSTEM] MCP Server Transport Connecting DATA: {
  "transport": "stdio"
}
[2026-06-06T21:15:14.987Z] [INFO] [SYSTEM] MCP Server Ready DATA: {
  "directory": "/Users/ib-mac/IB-Odoo_19 (LOCAL)/IB-Odoo_19",
  "transport": "stdio",
  "toolsCount": 26,
  "readyTime": 1780780514987
}
[2026-06-06T21:15:14.997Z] [INFO] [SYSTEM] MCP Server Starting DATA: {
  "directory": "/Users/ib-mac/IB-Odoo_19 (LOCAL)/IB-Odoo_19",
  "nodeVersion": "v22.15.0",
  "platform": "darwin",
  "pid": 42568,
  "configEnvironment": "development",
  "embeddingEnabled": false
}
[2026-06-06T21:15:14.997Z] [INFO] [SYSTEM] Resource Manager Started DATA: {
  "maxMemoryMB": 4096,
  "maxCpuPercent": 80,
  "embeddingFallback": true
}
[2026-06-06T21:15:15.000Z] [INFO] [MCP_REQUEST] [b] Incoming MCP request: batch_index DATA: {
  "method": "batch_index",
  "params": {
    "sessionId": "batch_1780780475920_hewbd8q7",
    "maxFilesPerBatch": 100
  }
}
[2026-06-06T21:15:15.409Z] [INFO] [SYSTEM] MCP Server Transport Connecting DATA: {
  "transport": "stdio"
}
[2026-06-06T21:15:15.409Z] [INFO] [SYSTEM] MCP Server Ready DATA: {
  "directory": "/Users/ib-mac/IB-Odoo_19 (LOCAL)/IB-Odoo_19",
  "transport": "stdio",
  "toolsCount": 26,
  "readyTime": 1780780515409
}
[2026-06-06T21:15:15.420Z] [INFO] [SYSTEM] MCP Server Starting DATA: {
  "directory": "/Users/ib-mac/IB-Odoo_19 (LOCAL)/IB-Odoo_19",
  "nodeVersion": "v22.15.0",
  "platform": "darwin",
  "pid": 42578,
  "configEnvironment": "development",
  "embeddingEnabled": false
}
[2026-06-06T21:15:15.420Z] [INFO] [SYSTEM] Resource Manager Started DATA: {
  "maxMemoryMB": 4096,
  "maxCpuPercent": 80,
  "embeddingFallback": true
}
[2026-06-06T21:15:15.424Z] [INFO] [MCP_REQUEST] [b] Incoming MCP request: batch_index DATA: {
  "method": "batch_index",
  "params": {
    "sessionId": "batch_1780780475920_hewbd8q7",
    "maxFilesPerBatch": 100
  }
}
[2026-06-06T21:15:15.904Z] [INFO] [SYSTEM] MCP Server Transport Connecting DATA: {
  "transport": "stdio"
}
[2026-06-06T21:15:15.905Z] [INFO] [SYSTEM] MCP Server Ready DATA: {
  "directory": "/Users/ib-mac/IB-Odoo_19 (LOCAL)/IB-Odoo_19",
  "transport": "stdio",
  "toolsCount": 26,
  "readyTime": 1780780515905
}
[2026-06-06T21:15:15.919Z] [INFO] [SYSTEM] MCP Server Starting DATA: {
  "directory": "/Users/ib-mac/IB-Odoo_19 (LOCAL)/IB-Odoo_19",
  "nodeVersion": "v22.15.0",
  "platform": "darwin",
  "pid": 42585,
  "configEnvironment": "development",
  "embeddingEnabled": false
}
[2026-06-06T21:15:15.920Z] [INFO] [SYSTEM] Resource Manager Started DATA: {
  "maxMemoryMB": 4096,
  "maxCpuPercent": 80,
  "embeddingFallback": true
}
[2026-06-06T21:15:15.923Z] [INFO] [MCP_REQUEST] [b] Incoming MCP request: batch_index DATA: {
  "method": "batch_index",
  "params": {
    "sessionId": "batch_1780780475920_hewbd8q7",
    "maxFilesPerBatch": 100
  }
}
[2026-06-06T21:15:16.311Z] [INFO] [SYSTEM] MCP Server Transport Connecting DATA: {
  "transport": "stdio"
}
[2026-06-06T21:15:16.311Z] [INFO] [SYSTEM] MCP Server Ready DATA: {
  "directory": "/Users/ib-mac/IB-Odoo_19 (LOCAL)/IB-Odoo_19",
  "transport": "stdio",
  "toolsCount": 26,
  "readyTime": 1780780516311
}
[2026-06-06T21:15:16.320Z] [INFO] [SYSTEM] MCP Server Starting DATA: {
  "directory": "/Users/ib-mac/IB-Odoo_19 (LOCAL)/IB-Odoo_19",
  "nodeVersion": "v22.15.0",
  "platform": "darwin",
  "pid": 42592,
  "configEnvironment": "development",
  "embeddingEnabled": false
}
[2026-06-06T21:15:16.320Z] [INFO] [SYSTEM] Resource Manager Started DATA: {
  "maxMemoryMB": 4096,
  "maxCpuPercent": 80,
  "embeddingFallback": true
}
[2026-06-06T21:15:16.323Z] [INFO] [MCP_REQUEST] [b] Incoming MCP request: batch_index DATA: {
  "method": "batch_index",
  "params": {
    "sessionId": "batch_1780780475920_hewbd8q7",
    "maxFilesPerBatch": 100
  }
}
[2026-06-06T21:15:16.747Z] [INFO] [SYSTEM] MCP Server Transport Connecting DATA: {
  "transport": "stdio"
}
[2026-06-06T21:15:16.748Z] [INFO] [SYSTEM] MCP Server Ready DATA: {
  "directory": "/Users/ib-mac/IB-Odoo_19 (LOCAL)/IB-Odoo_19",
  "transport": "stdio",
  "toolsCount": 26,
  "readyTime": 1780780516748
}
[2026-06-06T21:15:16.756Z] [INFO] [SYSTEM] MCP Server Starting DATA: {
  "directory": "/Users/ib-mac/IB-Odoo_19 (LOCAL)/IB-Odoo_19",
  "nodeVersion": "v22.15.0",
  "platform": "darwin",
  "pid": 42599,
  "configEnvironment": "development",
  "embeddingEnabled": false
}
[2026-06-06T21:15:16.757Z] [INFO] [SYSTEM] Resource Manager Started DATA: {
  "maxMemoryMB": 4096,
  "maxCpuPercent": 80,
  "embeddingFallback": true
}
[2026-06-06T21:15:16.760Z] [INFO] [MCP_REQUEST] [b] Incoming MCP request: batch_index DATA: {
  "method": "batch_index",
  "params": {
    "sessionId": "batch_1780780475920_hewbd8q7",
    "maxFilesPerBatch": 100
  }
}
[2026-06-06T21:15:17.197Z] [INFO] [SYSTEM] MCP Server Transport Connecting DATA: {
  "transport": "stdio"
}
[2026-06-06T21:15:17.198Z] [INFO] [SYSTEM] MCP Server Ready DATA: {
  "directory": "/Users/ib-mac/IB-Odoo_19 (LOCAL)/IB-Odoo_19",
  "transport": "stdio",
  "toolsCount": 26,
  "readyTime": 1780780517198
}
[2026-06-06T21:15:17.209Z] [INFO] [SYSTEM] MCP Server Starting DATA: {
  "directory": "/Users/ib-mac/IB-Odoo_19 (LOCAL)/IB-Odoo_19",
  "nodeVersion": "v22.15.0",
  "platform": "darwin",
  "pid": 42609,
  "configEnvironment": "development",
  "embeddingEnabled": false
}
[2026-06-06T21:15:17.209Z] [INFO] [SYSTEM] Resource Manager Started DATA: {
  "maxMemoryMB": 4096,
  "maxCpuPercent": 80,
  "embeddingFallback": true
}
[2026-06-06T21:15:17.213Z] [INFO] [MCP_REQUEST] [b] Incoming MCP request: batch_index DATA: {
  "method": "batch_index",
  "params": {
    "sessionId": "batch_1780780475920_hewbd8q7",
    "maxFilesPerBatch": 100
  }
}
[2026-06-06T21:15:17.619Z] [INFO] [SYSTEM] MCP Server Transport Connecting DATA: {
  "transport": "stdio"
}
[2026-06-06T21:15:17.619Z] [INFO] [SYSTEM] MCP Server Ready DATA: {
  "directory": "/Users/ib-mac/IB-Odoo_19 (LOCAL)/IB-Odoo_19",
  "transport": "stdio",
  "toolsCount": 26,
  "readyTime": 1780780517619
}
[2026-06-06T21:15:17.629Z] [INFO] [SYSTEM] MCP Server Starting DATA: {
  "directory": "/Users/ib-mac/IB-Odoo_19 (LOCAL)/IB-Odoo_19",
  "nodeVersion": "v22.15.0",
  "platform": "darwin",
  "pid": 42616,
  "configEnvironment": "development",
  "embeddingEnabled": false
}
[2026-06-06T21:15:17.629Z] [INFO] [SYSTEM] Resource Manager Started DATA: {
  "maxMemoryMB": 4096,
  "maxCpuPercent": 80,
  "embeddingFallback": true
}
[2026-06-06T21:15:17.632Z] [INFO] [MCP_REQUEST] [b] Incoming MCP request: batch_index DATA: {
  "method": "batch_index",
  "params": {
    "sessionId": "batch_1780780475920_hewbd8q7",
    "maxFilesPerBatch": 100
  }
}
[2026-06-06T21:15:18.069Z] [INFO] [SYSTEM] MCP Server Transport Connecting DATA: {
  "transport": "stdio"
}
[2026-06-06T21:15:18.070Z] [INFO] [SYSTEM] MCP Server Ready DATA: {
  "directory": "/Users/ib-mac/IB-Odoo_19 (LOCAL)/IB-Odoo_19",
  "transport": "stdio",
  "toolsCount": 26,
  "readyTime": 1780780518070
}
[2026-06-06T21:15:18.082Z] [INFO] [SYSTEM] MCP Server Starting DATA: {
  "directory": "/Users/ib-mac/IB-Odoo_19 (LOCAL)/IB-Odoo_19",
  "nodeVersion": "v22.15.0",
  "platform": "darwin",
  "pid": 42623,
  "configEnvironment": "development",
  "embeddingEnabled": false
}
[2026-06-06T21:15:18.083Z] [INFO] [SYSTEM] Resource Manager Started DATA: {
  "maxMemoryMB": 4096,
  "maxCpuPercent": 80,
  "embeddingFallback": true
}
[2026-06-06T21:15:18.087Z] [INFO] [MCP_REQUEST] [b] Incoming MCP request: batch_index DATA: {
  "method": "batch_index",
  "params": {
    "sessionId": "batch_1780780475920_hewbd8q7",
    "maxFilesPerBatch": 100
  }
}
[2026-06-06T21:15:18.491Z] [INFO] [SYSTEM] MCP Server Transport Connecting DATA: {
  "transport": "stdio"
}
[2026-06-06T21:15:18.491Z] [INFO] [SYSTEM] MCP Server Ready DATA: {
  "directory": "/Users/ib-mac/IB-Odoo_19 (LOCAL)/IB-Odoo_19",
  "transport": "stdio",
  "toolsCount": 26,
  "readyTime": 1780780518491
}
[2026-06-06T21:15:18.501Z] [INFO] [SYSTEM] MCP Server Starting DATA: {
  "directory": "/Users/ib-mac/IB-Odoo_19 (LOCAL)/IB-Odoo_19",
  "nodeVersion": "v22.15.0",
  "platform": "darwin",
  "pid": 42630,
  "configEnvironment": "development",
  "embeddingEnabled": false
}
[2026-06-06T21:15:18.501Z] [INFO] [SYSTEM] Resource Manager Started DATA: {
  "maxMemoryMB": 4096,
  "maxCpuPercent": 80,
  "embeddingFallback": true
}
[2026-06-06T21:15:18.504Z] [INFO] [MCP_REQUEST] [b] Incoming MCP request: batch_index DATA: {
  "method": "batch_index",
  "params": {
    "sessionId": "batch_1780780475920_hewbd8q7",
    "maxFilesPerBatch": 100
  }
}
[2026-06-06T21:15:18.904Z] [INFO] [SYSTEM] MCP Server Transport Connecting DATA: {
  "transport": "stdio"
}
[2026-06-06T21:15:18.904Z] [INFO] [SYSTEM] MCP Server Ready DATA: {
  "directory": "/Users/ib-mac/IB-Odoo_19 (LOCAL)/IB-Odoo_19",
  "transport": "stdio",
  "toolsCount": 26,
  "readyTime": 1780780518904
}
[2026-06-06T21:15:18.914Z] [INFO] [SYSTEM] MCP Server Starting DATA: {
  "directory": "/Users/ib-mac/IB-Odoo_19 (LOCAL)/IB-Odoo_19",
  "nodeVersion": "v22.15.0",
  "platform": "darwin",
  "pid": 42637,
  "configEnvironment": "development",
  "embeddingEnabled": false
}
[2026-06-06T21:15:18.914Z] [INFO] [SYSTEM] Resource Manager Started DATA: {
  "maxMemoryMB": 4096,
  "maxCpuPercent": 80,
  "embeddingFallback": true
}
[2026-06-06T21:15:18.918Z] [INFO] [MCP_REQUEST] [b] Incoming MCP request: batch_index DATA: {
  "method": "batch_index",
  "params": {
    "sessionId": "batch_1780780475920_hewbd8q7",
    "maxFilesPerBatch": 100
  }
}
[2026-06-06T21:15:19.313Z] [INFO] [SYSTEM] MCP Server Transport Connecting DATA: {
  "transport": "stdio"
}
[2026-06-06T21:15:19.314Z] [INFO] [SYSTEM] MCP Server Ready DATA: {
  "directory": "/Users/ib-mac/IB-Odoo_19 (LOCAL)/IB-Odoo_19",
  "transport": "stdio",
  "toolsCount": 26,
  "readyTime": 1780780519314
}
[2026-06-06T21:15:19.323Z] [INFO] [SYSTEM] MCP Server Starting DATA: {
  "directory": "/Users/ib-mac/IB-Odoo_19 (LOCAL)/IB-Odoo_19",
  "nodeVersion": "v22.15.0",
  "platform": "darwin",
  "pid": 42647,
  "configEnvironment": "development",
  "embeddingEnabled": false
}
[2026-06-06T21:15:19.324Z] [INFO] [SYSTEM] Resource Manager Started DATA: {
  "maxMemoryMB": 4096,
  "maxCpuPercent": 80,
  "embeddingFallback": true
}
[2026-06-06T21:15:19.328Z] [INFO] [MCP_REQUEST] [b] Incoming MCP request: batch_index DATA: {
  "method": "batch_index",
  "params": {
    "sessionId": "batch_1780780475920_hewbd8q7",
    "maxFilesPerBatch": 100
  }
}
[2026-06-06T21:15:19.728Z] [INFO] [SYSTEM] MCP Server Transport Connecting DATA: {
  "transport": "stdio"
}
[2026-06-06T21:15:19.728Z] [INFO] [SYSTEM] MCP Server Ready DATA: {
  "directory": "/Users/ib-mac/IB-Odoo_19 (LOCAL)/IB-Odoo_19",
  "transport": "stdio",
  "toolsCount": 26,
  "readyTime": 1780780519728
}
[2026-06-06T21:15:19.737Z] [INFO] [SYSTEM] MCP Server Starting DATA: {
  "directory": "/Users/ib-mac/IB-Odoo_19 (LOCAL)/IB-Odoo_19",
  "nodeVersion": "v22.15.0",
  "platform": "darwin",
  "pid": 42655,
  "configEnvironment": "development",
  "embeddingEnabled": false
}
[2026-06-06T21:15:19.738Z] [INFO] [SYSTEM] Resource Manager Started DATA: {
  "maxMemoryMB": 4096,
  "maxCpuPercent": 80,
  "embeddingFallback": true
}
[2026-06-06T21:15:19.740Z] [INFO] [MCP_REQUEST] [b] Incoming MCP request: batch_index DATA: {
  "method": "batch_index",
  "params": {
    "sessionId": "batch_1780780475920_hewbd8q7",
    "maxFilesPerBatch": 100
  }
}
[2026-06-06T21:15:20.140Z] [INFO] [SYSTEM] MCP Server Transport Connecting DATA: {
  "transport": "stdio"
}
[2026-06-06T21:15:20.140Z] [INFO] [SYSTEM] MCP Server Ready DATA: {
  "directory": "/Users/ib-mac/IB-Odoo_19 (LOCAL)/IB-Odoo_19",
  "transport": "stdio",
  "toolsCount": 26,
  "readyTime": 1780780520140
}
[2026-06-06T21:15:20.150Z] [INFO] [SYSTEM] MCP Server Starting DATA: {
  "directory": "/Users/ib-mac/IB-Odoo_19 (LOCAL)/IB-Odoo_19",
  "nodeVersion": "v22.15.0",
  "platform": "darwin",
  "pid": 42662,
  "configEnvironment": "development",
  "embeddingEnabled": false
}
[2026-06-06T21:15:20.150Z] [INFO] [SYSTEM] Resource Manager Started DATA: {
  "maxMemoryMB": 4096,
  "maxCpuPercent": 80,
  "embeddingFallback": true
}
[2026-06-06T21:15:20.154Z] [INFO] [MCP_REQUEST] [b] Incoming MCP request: batch_index DATA: {
  "method": "batch_index",
  "params": {
    "sessionId": "batch_1780780475920_hewbd8q7",
    "maxFilesPerBatch": 100
  }
}
[2026-06-06T21:15:20.557Z] [INFO] [SYSTEM] MCP Server Transport Connecting DATA: {
  "transport": "stdio"
}
[2026-06-06T21:15:20.557Z] [INFO] [SYSTEM] MCP Server Ready DATA: {
  "directory": "/Users/ib-mac/IB-Odoo_19 (LOCAL)/IB-Odoo_19",
  "transport": "stdio",
  "toolsCount": 26,
  "readyTime": 1780780520557
}
[2026-06-06T21:15:20.566Z] [INFO] [SYSTEM] MCP Server Starting DATA: {
  "directory": "/Users/ib-mac/IB-Odoo_19 (LOCAL)/IB-Odoo_19",
  "nodeVersion": "v22.15.0",
  "platform": "darwin",
  "pid": 42669,
  "configEnvironment": "development",
  "embeddingEnabled": false
}
[2026-06-06T21:15:20.567Z] [INFO] [SYSTEM] Resource Manager Started DATA: {
  "maxMemoryMB": 4096,
  "maxCpuPercent": 80,
  "embeddingFallback": true
}
[2026-06-06T21:15:20.569Z] [INFO] [MCP_REQUEST] [b] Incoming MCP request: batch_index DATA: {
  "method": "batch_index",
  "params": {
    "sessionId": "batch_1780780475920_hewbd8q7",
    "maxFilesPerBatch": 100
  }
}
[2026-06-06T21:15:20.981Z] [INFO] [SYSTEM] MCP Server Transport Connecting DATA: {
  "transport": "stdio"
}
[2026-06-06T21:15:20.982Z] [INFO] [SYSTEM] MCP Server Ready DATA: {
  "directory": "/Users/ib-mac/IB-Odoo_19 (LOCAL)/IB-Odoo_19",
  "transport": "stdio",
  "toolsCount": 26,
  "readyTime": 1780780520982
}
[2026-06-06T21:15:20.993Z] [INFO] [SYSTEM] MCP Server Starting DATA: {
  "directory": "/Users/ib-mac/IB-Odoo_19 (LOCAL)/IB-Odoo_19",
  "nodeVersion": "v22.15.0",
  "platform": "darwin",
  "pid": 42676,
  "configEnvironment": "development",
  "embeddingEnabled": false
}
[2026-06-06T21:15:20.993Z] [INFO] [SYSTEM] Resource Manager Started DATA: {
  "maxMemoryMB": 4096,
  "maxCpuPercent": 80,
  "embeddingFallback": true
}
[2026-06-06T21:15:20.996Z] [INFO] [MCP_REQUEST] [b] Incoming MCP request: batch_index DATA: {
  "method": "batch_index",
  "params": {
    "sessionId": "batch_1780780475920_hewbd8q7",
    "maxFilesPerBatch": 100
  }
}
[2026-06-06T21:15:21.413Z] [INFO] [SYSTEM] MCP Server Transport Connecting DATA: {
  "transport": "stdio"
}
[2026-06-06T21:15:21.413Z] [INFO] [SYSTEM] MCP Server Ready DATA: {
  "directory": "/Users/ib-mac/IB-Odoo_19 (LOCAL)/IB-Odoo_19",
  "transport": "stdio",
  "toolsCount": 26,
  "readyTime": 1780780521413
}
[2026-06-06T21:15:21.427Z] [INFO] [SYSTEM] MCP Server Starting DATA: {
  "directory": "/Users/ib-mac/IB-Odoo_19 (LOCAL)/IB-Odoo_19",
  "nodeVersion": "v22.15.0",
  "platform": "darwin",
  "pid": 42686,
  "configEnvironment": "development",
  "embeddingEnabled": false
}
[2026-06-06T21:15:21.427Z] [INFO] [SYSTEM] Resource Manager Started DATA: {
  "maxMemoryMB": 4096,
  "maxCpuPercent": 80,
  "embeddingFallback": true
}
[2026-06-06T21:15:21.430Z] [INFO] [MCP_REQUEST] [b] Incoming MCP request: batch_index DATA: {
  "method": "batch_index",
  "params": {
    "sessionId": "batch_1780780475920_hewbd8q7",
    "maxFilesPerBatch": 100
  }
}
[2026-06-06T21:15:21.862Z] [INFO] [SYSTEM] MCP Server Transport Connecting DATA: {
  "transport": "stdio"
}
[2026-06-06T21:15:21.862Z] [INFO] [SYSTEM] MCP Server Ready DATA: {
  "directory": "/Users/ib-mac/IB-Odoo_19 (LOCAL)/IB-Odoo_19",
  "transport": "stdio",
  "toolsCount": 26,
  "readyTime": 1780780521862
}
[2026-06-06T21:15:21.876Z] [INFO] [SYSTEM] MCP Server Starting DATA: {
  "directory": "/Users/ib-mac/IB-Odoo_19 (LOCAL)/IB-Odoo_19",
  "nodeVersion": "v22.15.0",
  "platform": "darwin",
  "pid": 42693,
  "configEnvironment": "development",
  "embeddingEnabled": false
}
[2026-06-06T21:15:21.877Z] [INFO] [SYSTEM] Resource Manager Started DATA: {
  "maxMemoryMB": 4096,
  "maxCpuPercent": 80,
  "embeddingFallback": true
}
[2026-06-06T21:15:21.881Z] [INFO] [MCP_REQUEST] [b] Incoming MCP request: batch_index DATA: {
  "method": "batch_index",
  "params": {
    "sessionId": "batch_1780780475920_hewbd8q7",
    "maxFilesPerBatch": 100
  }
}
[2026-06-06T21:15:22.292Z] [INFO] [SYSTEM] MCP Server Transport Connecting DATA: {
  "transport": "stdio"
}
[2026-06-06T21:15:22.292Z] [INFO] [SYSTEM] MCP Server Ready DATA: {
  "directory": "/Users/ib-mac/IB-Odoo_19 (LOCAL)/IB-Odoo_19",
  "transport": "stdio",
  "toolsCount": 26,
  "readyTime": 1780780522292
}
[2026-06-06T21:15:22.302Z] [INFO] [SYSTEM] MCP Server Starting DATA: {
  "directory": "/Users/ib-mac/IB-Odoo_19 (LOCAL)/IB-Odoo_19",
  "nodeVersion": "v22.15.0",
  "platform": "darwin",
  "pid": 42700,
  "configEnvironment": "development",
  "embeddingEnabled": false
}
[2026-06-06T21:15:22.302Z] [INFO] [SYSTEM] Resource Manager Started DATA: {
  "maxMemoryMB": 4096,
  "maxCpuPercent": 80,
  "embeddingFallback": true
}
[2026-06-06T21:15:22.305Z] [INFO] [MCP_REQUEST] [b] Incoming MCP request: batch_index DATA: {
  "method": "batch_index",
  "params": {
    "sessionId": "batch_1780780475920_hewbd8q7",
    "maxFilesPerBatch": 100
  }
}
[2026-06-06T21:15:22.707Z] [INFO] [SYSTEM] MCP Server Transport Connecting DATA: {
  "transport": "stdio"
}
[2026-06-06T21:15:22.707Z] [INFO] [SYSTEM] MCP Server Ready DATA: {
  "directory": "/Users/ib-mac/IB-Odoo_19 (LOCAL)/IB-Odoo_19",
  "transport": "stdio",
  "toolsCount": 26,
  "readyTime": 1780780522707
}
[2026-06-06T21:15:22.717Z] [INFO] [SYSTEM] MCP Server Starting DATA: {
  "directory": "/Users/ib-mac/IB-Odoo_19 (LOCAL)/IB-Odoo_19",
  "nodeVersion": "v22.15.0",
  "platform": "darwin",
  "pid": 42707,
  "configEnvironment": "development",
  "embeddingEnabled": false
}
[2026-06-06T21:15:22.717Z] [INFO] [SYSTEM] Resource Manager Started DATA: {
  "maxMemoryMB": 4096,
  "maxCpuPercent": 80,
  "embeddingFallback": true
}
[2026-06-06T21:15:22.720Z] [INFO] [MCP_REQUEST] [b] Incoming MCP request: batch_index DATA: {
  "method": "batch_index",
  "params": {
    "sessionId": "batch_1780780475920_hewbd8q7",
    "maxFilesPerBatch": 100
  }
}
[2026-06-06T21:15:23.121Z] [INFO] [SYSTEM] MCP Server Transport Connecting DATA: {
  "transport": "stdio"
}
[2026-06-06T21:15:23.121Z] [INFO] [SYSTEM] MCP Server Ready DATA: {
  "directory": "/Users/ib-mac/IB-Odoo_19 (LOCAL)/IB-Odoo_19",
  "transport": "stdio",
  "toolsCount": 26,
  "readyTime": 1780780523121
}
[2026-06-06T21:15:23.131Z] [INFO] [SYSTEM] MCP Server Starting DATA: {
  "directory": "/Users/ib-mac/IB-Odoo_19 (LOCAL)/IB-Odoo_19",
  "nodeVersion": "v22.15.0",
  "platform": "darwin",
  "pid": 42717,
  "configEnvironment": "development",
  "embeddingEnabled": false
}
[2026-06-06T21:15:23.131Z] [INFO] [SYSTEM] Resource Manager Started DATA: {
  "maxMemoryMB": 4096,
  "maxCpuPercent": 80,
  "embeddingFallback": true
}
[2026-06-06T21:15:23.134Z] [INFO] [MCP_REQUEST] [b] Incoming MCP request: batch_index DATA: {
  "method": "batch_index",
  "params": {
    "sessionId": "batch_1780780475920_hewbd8q7",
    "maxFilesPerBatch": 100
  }
}
[2026-06-06T21:15:23.543Z] [INFO] [SYSTEM] MCP Server Transport Connecting DATA: {
  "transport": "stdio"
}
[2026-06-06T21:15:23.544Z] [INFO] [SYSTEM] MCP Server Ready DATA: {
  "directory": "/Users/ib-mac/IB-Odoo_19 (LOCAL)/IB-Odoo_19",
  "transport": "stdio",
  "toolsCount": 26,
  "readyTime": 1780780523544
}
[2026-06-06T21:15:23.554Z] [INFO] [SYSTEM] MCP Server Starting DATA: {
  "directory": "/Users/ib-mac/IB-Odoo_19 (LOCAL)/IB-Odoo_19",
  "nodeVersion": "v22.15.0",
  "platform": "darwin",
  "pid": 42724,
  "configEnvironment": "development",
  "embeddingEnabled": false
}
[2026-06-06T21:15:23.554Z] [INFO] [SYSTEM] Resource Manager Started DATA: {
  "maxMemoryMB": 4096,
  "maxCpuPercent": 80,
  "embeddingFallback": true
}
[2026-06-06T21:15:23.557Z] [INFO] [MCP_REQUEST] [b] Incoming MCP request: batch_index DATA: {
  "method": "batch_index",
  "params": {
    "sessionId": "batch_1780780475920_hewbd8q7",
    "maxFilesPerBatch": 100
  }
}
[2026-06-06T21:15:23.960Z] [INFO] [SYSTEM] MCP Server Transport Connecting DATA: {
  "transport": "stdio"
}
[2026-06-06T21:15:23.961Z] [INFO] [SYSTEM] MCP Server Ready DATA: {
  "directory": "/Users/ib-mac/IB-Odoo_19 (LOCAL)/IB-Odoo_19",
  "transport": "stdio",
  "toolsCount": 26,
  "readyTime": 1780780523961
}
[2026-06-06T21:15:23.970Z] [INFO] [SYSTEM] MCP Server Starting DATA: {
  "directory": "/Users/ib-mac/IB-Odoo_19 (LOCAL)/IB-Odoo_19",
  "nodeVersion": "v22.15.0",
  "platform": "darwin",
  "pid": 42731,
  "configEnvironment": "development",
  "embeddingEnabled": false
}
[2026-06-06T21:15:23.970Z] [INFO] [SYSTEM] Resource Manager Started DATA: {
  "maxMemoryMB": 4096,
  "maxCpuPercent": 80,
  "embeddingFallback": true
}
[2026-06-06T21:15:23.973Z] [INFO] [MCP_REQUEST] [b] Incoming MCP request: batch_index DATA: {
  "method": "batch_index",
  "params": {
    "sessionId": "batch_1780780475920_hewbd8q7",
    "maxFilesPerBatch": 100
  }
}
[2026-06-06T21:15:24.375Z] [INFO] [SYSTEM] MCP Server Transport Connecting DATA: {
  "transport": "stdio"
}
[2026-06-06T21:15:24.375Z] [INFO] [SYSTEM] MCP Server Ready DATA: {
  "directory": "/Users/ib-mac/IB-Odoo_19 (LOCAL)/IB-Odoo_19",
  "transport": "stdio",
  "toolsCount": 26,
  "readyTime": 1780780524375
}
[2026-06-06T21:15:24.385Z] [INFO] [SYSTEM] MCP Server Starting DATA: {
  "directory": "/Users/ib-mac/IB-Odoo_19 (LOCAL)/IB-Odoo_19",
  "nodeVersion": "v22.15.0",
  "platform": "darwin",
  "pid": 42738,
  "configEnvironment": "development",
  "embeddingEnabled": false
}
[2026-06-06T21:15:24.385Z] [INFO] [SYSTEM] Resource Manager Started DATA: {
  "maxMemoryMB": 4096,
  "maxCpuPercent": 80,
  "embeddingFallback": true
}
[2026-06-06T21:15:24.388Z] [INFO] [MCP_REQUEST] [b] Incoming MCP request: batch_index DATA: {
  "method": "batch_index",
  "params": {
    "sessionId": "batch_1780780475920_hewbd8q7",
    "maxFilesPerBatch": 100
  }
}
[2026-06-06T21:15:24.782Z] [INFO] [SYSTEM] MCP Server Transport Connecting DATA: {
  "transport": "stdio"
}
[2026-06-06T21:15:24.782Z] [INFO] [SYSTEM] MCP Server Ready DATA: {
  "directory": "/Users/ib-mac/IB-Odoo_19 (LOCAL)/IB-Odoo_19",
  "transport": "stdio",
  "toolsCount": 26,
  "readyTime": 1780780524782
}
[2026-06-06T21:15:24.793Z] [INFO] [SYSTEM] MCP Server Starting DATA: {
  "directory": "/Users/ib-mac/IB-Odoo_19 (LOCAL)/IB-Odoo_19",
  "nodeVersion": "v22.15.0",
  "platform": "darwin",
  "pid": 42745,
  "configEnvironment": "development",
  "embeddingEnabled": false
}
[2026-06-06T21:15:24.793Z] [INFO] [SYSTEM] Resource Manager Started DATA: {
  "maxMemoryMB": 4096,
  "maxCpuPercent": 80,
  "embeddingFallback": true
}
[2026-06-06T21:15:24.796Z] [INFO] [MCP_REQUEST] [b] Incoming MCP request: batch_index DATA: {
  "method": "batch_index",
  "params": {
    "sessionId": "batch_1780780475920_hewbd8q7",
    "maxFilesPerBatch": 100
  }
}
[2026-06-06T21:15:25.201Z] [INFO] [SYSTEM] MCP Server Transport Connecting DATA: {
  "transport": "stdio"
}
[2026-06-06T21:15:25.201Z] [INFO] [SYSTEM] MCP Server Ready DATA: {
  "directory": "/Users/ib-mac/IB-Odoo_19 (LOCAL)/IB-Odoo_19",
  "transport": "stdio",
  "toolsCount": 26,
  "readyTime": 1780780525201
}
[2026-06-06T21:15:25.211Z] [INFO] [SYSTEM] MCP Server Starting DATA: {
  "directory": "/Users/ib-mac/IB-Odoo_19 (LOCAL)/IB-Odoo_19",
  "nodeVersion": "v22.15.0",
  "platform": "darwin",
  "pid": 42755,
  "configEnvironment": "development",
  "embeddingEnabled": false
}
[2026-06-06T21:15:25.211Z] [INFO] [SYSTEM] Resource Manager Started DATA: {
  "maxMemoryMB": 4096,
  "maxCpuPercent": 80,
  "embeddingFallback": true
}
[2026-06-06T21:15:25.216Z] [INFO] [MCP_REQUEST] [b] Incoming MCP request: batch_index DATA: {
  "method": "batch_index",
  "params": {
    "sessionId": "batch_1780780475920_hewbd8q7",
    "maxFilesPerBatch": 100
  }
}
[2026-06-06T21:15:25.640Z] [INFO] [SYSTEM] MCP Server Transport Connecting DATA: {
  "transport": "stdio"
}
[2026-06-06T21:15:25.641Z] [INFO] [SYSTEM] MCP Server Ready DATA: {
  "directory": "/Users/ib-mac/IB-Odoo_19 (LOCAL)/IB-Odoo_19",
  "transport": "stdio",
  "toolsCount": 26,
  "readyTime": 1780780525641
}
[2026-06-06T21:15:25.651Z] [INFO] [SYSTEM] MCP Server Starting DATA: {
  "directory": "/Users/ib-mac/IB-Odoo_19 (LOCAL)/IB-Odoo_19",
  "nodeVersion": "v22.15.0",
  "platform": "darwin",
  "pid": 42762,
  "configEnvironment": "development",
  "embeddingEnabled": false
}
[2026-06-06T21:15:25.651Z] [INFO] [SYSTEM] Resource Manager Started DATA: {
  "maxMemoryMB": 4096,
  "maxCpuPercent": 80,
  "embeddingFallback": true
}
[2026-06-06T21:15:25.654Z] [INFO] [MCP_REQUEST] [b] Incoming MCP request: batch_index DATA: {
  "method": "batch_index",
  "params": {
    "sessionId": "batch_1780780475920_hewbd8q7",
    "maxFilesPerBatch": 100
  }
}
[2026-06-06T21:15:26.033Z] [INFO] [SYSTEM] MCP Server Transport Connecting DATA: {
  "transport": "stdio"
}
[2026-06-06T21:15:26.034Z] [INFO] [SYSTEM] MCP Server Ready DATA: {
  "directory": "/Users/ib-mac/IB-Odoo_19 (LOCAL)/IB-Odoo_19",
  "transport": "stdio",
  "toolsCount": 26,
  "readyTime": 1780780526034
}
[2026-06-06T21:15:26.043Z] [INFO] [SYSTEM] MCP Server Starting DATA: {
  "directory": "/Users/ib-mac/IB-Odoo_19 (LOCAL)/IB-Odoo_19",
  "nodeVersion": "v22.15.0",
  "platform": "darwin",
  "pid": 42769,
  "configEnvironment": "development",
  "embeddingEnabled": false
}
[2026-06-06T21:15:26.044Z] [INFO] [SYSTEM] Resource Manager Started DATA: {
  "maxMemoryMB": 4096,
  "maxCpuPercent": 80,
  "embeddingFallback": true
}
[2026-06-06T21:15:26.047Z] [INFO] [MCP_REQUEST] [b] Incoming MCP request: batch_index DATA: {
  "method": "batch_index",
  "params": {
    "sessionId": "batch_1780780475920_hewbd8q7",
    "maxFilesPerBatch": 100
  }
}
[2026-06-06T21:15:26.473Z] [INFO] [SYSTEM] MCP Server Transport Connecting DATA: {
  "transport": "stdio"
}
[2026-06-06T21:15:26.473Z] [INFO] [SYSTEM] MCP Server Ready DATA: {
  "directory": "/Users/ib-mac/IB-Odoo_19 (LOCAL)/IB-Odoo_19",
  "transport": "stdio",
  "toolsCount": 26,
  "readyTime": 1780780526473
}
[2026-06-06T21:15:26.484Z] [INFO] [SYSTEM] MCP Server Starting DATA: {
  "directory": "/Users/ib-mac/IB-Odoo_19 (LOCAL)/IB-Odoo_19",
  "nodeVersion": "v22.15.0",
  "platform": "darwin",
  "pid": 42776,
  "configEnvironment": "development",
  "embeddingEnabled": false
}
[2026-06-06T21:15:26.484Z] [INFO] [SYSTEM] Resource Manager Started DATA: {
  "maxMemoryMB": 4096,
  "maxCpuPercent": 80,
  "embeddingFallback": true
}
[2026-06-06T21:15:26.487Z] [INFO] [MCP_REQUEST] [b] Incoming MCP request: batch_index DATA: {
  "method": "batch_index",
  "params": {
    "sessionId": "batch_1780780475920_hewbd8q7",
    "maxFilesPerBatch": 100
  }
}
[2026-06-06T21:15:26.885Z] [INFO] [SYSTEM] MCP Server Transport Connecting DATA: {
  "transport": "stdio"
}
[2026-06-06T21:15:26.885Z] [INFO] [SYSTEM] MCP Server Ready DATA: {
  "directory": "/Users/ib-mac/IB-Odoo_19 (LOCAL)/IB-Odoo_19",
  "transport": "stdio",
  "toolsCount": 26,
  "readyTime": 1780780526885
}
[2026-06-06T21:15:26.895Z] [INFO] [SYSTEM] MCP Server Starting DATA: {
  "directory": "/Users/ib-mac/IB-Odoo_19 (LOCAL)/IB-Odoo_19",
  "nodeVersion": "v22.15.0",
  "platform": "darwin",
  "pid": 42783,
  "configEnvironment": "development",
  "embeddingEnabled": false
}
[2026-06-06T21:15:26.895Z] [INFO] [SYSTEM] Resource Manager Started DATA: {
  "maxMemoryMB": 4096,
  "maxCpuPercent": 80,
  "embeddingFallback": true
}
[2026-06-06T21:15:26.902Z] [INFO] [MCP_REQUEST] [b] Incoming MCP request: batch_index DATA: {
  "method": "batch_index",
  "params": {
    "sessionId": "batch_1780780475920_hewbd8q7",
    "maxFilesPerBatch": 100
  }
}
[2026-06-06T21:15:27.297Z] [INFO] [SYSTEM] MCP Server Transport Connecting DATA: {
  "transport": "stdio"
}
[2026-06-06T21:15:27.297Z] [INFO] [SYSTEM] MCP Server Ready DATA: {
  "directory": "/Users/ib-mac/IB-Odoo_19 (LOCAL)/IB-Odoo_19",
  "transport": "stdio",
  "toolsCount": 26,
  "readyTime": 1780780527297
}
[2026-06-06T21:15:27.307Z] [INFO] [SYSTEM] MCP Server Starting DATA: {
  "directory": "/Users/ib-mac/IB-Odoo_19 (LOCAL)/IB-Odoo_19",
  "nodeVersion": "v22.15.0",
  "platform": "darwin",
  "pid": 42793,
  "configEnvironment": "development",
  "embeddingEnabled": false
}
[2026-06-06T21:15:27.307Z] [INFO] [SYSTEM] Resource Manager Started DATA: {
  "maxMemoryMB": 4096,
  "maxCpuPercent": 80,
  "embeddingFallback": true
}
[2026-06-06T21:15:27.310Z] [INFO] [MCP_REQUEST] [b] Incoming MCP request: batch_index DATA: {
  "method": "batch_index",
  "params": {
    "sessionId": "batch_1780780475920_hewbd8q7",
    "maxFilesPerBatch": 100
  }
}
[2026-06-06T21:15:27.710Z] [INFO] [SYSTEM] MCP Server Transport Connecting DATA: {
  "transport": "stdio"
}
[2026-06-06T21:15:27.710Z] [INFO] [SYSTEM] MCP Server Ready DATA: {
  "directory": "/Users/ib-mac/IB-Odoo_19 (LOCAL)/IB-Odoo_19",
  "transport": "stdio",
  "toolsCount": 26,
  "readyTime": 1780780527710
}
[2026-06-06T21:15:27.719Z] [INFO] [SYSTEM] MCP Server Starting DATA: {
  "directory": "/Users/ib-mac/IB-Odoo_19 (LOCAL)/IB-Odoo_19",
  "nodeVersion": "v22.15.0",
  "platform": "darwin",
  "pid": 42800,
  "configEnvironment": "development",
  "embeddingEnabled": false
}
[2026-06-06T21:15:27.719Z] [INFO] [SYSTEM] Resource Manager Started DATA: {
  "maxMemoryMB": 4096,
  "maxCpuPercent": 80,
  "embeddingFallback": true
}
[2026-06-06T21:15:27.722Z] [INFO] [MCP_REQUEST] [b] Incoming MCP request: batch_index DATA: {
  "method": "batch_index",
  "params": {
    "sessionId": "batch_1780780475920_hewbd8q7",
    "maxFilesPerBatch": 100
  }
}
[2026-06-06T21:15:28.116Z] [INFO] [SYSTEM] MCP Server Transport Connecting DATA: {
  "transport": "stdio"
}
[2026-06-06T21:15:28.116Z] [INFO] [SYSTEM] MCP Server Ready DATA: {
  "directory": "/Users/ib-mac/IB-Odoo_19 (LOCAL)/IB-Odoo_19",
  "transport": "stdio",
  "toolsCount": 26,
  "readyTime": 1780780528116
}
[2026-06-06T21:15:28.126Z] [INFO] [SYSTEM] MCP Server Starting DATA: {
  "directory": "/Users/ib-mac/IB-Odoo_19 (LOCAL)/IB-Odoo_19",
  "nodeVersion": "v22.15.0",
  "platform": "darwin",
  "pid": 42807,
  "configEnvironment": "development",
  "embeddingEnabled": false
}
[2026-06-06T21:15:28.126Z] [INFO] [SYSTEM] Resource Manager Started DATA: {
  "maxMemoryMB": 4096,
  "maxCpuPercent": 80,
  "embeddingFallback": true
}
[2026-06-06T21:15:28.129Z] [INFO] [MCP_REQUEST] [b] Incoming MCP request: batch_index DATA: {
  "method": "batch_index",
  "params": {
    "sessionId": "batch_1780780475920_hewbd8q7",
    "maxFilesPerBatch": 100
  }
}
[2026-06-06T21:15:28.532Z] [INFO] [SYSTEM] MCP Server Transport Connecting DATA: {
  "transport": "stdio"
}
[2026-06-06T21:15:28.532Z] [INFO] [SYSTEM] MCP Server Ready DATA: {
  "directory": "/Users/ib-mac/IB-Odoo_19 (LOCAL)/IB-Odoo_19",
  "transport": "stdio",
  "toolsCount": 26,
  "readyTime": 1780780528532
}
[2026-06-06T21:15:28.543Z] [INFO] [SYSTEM] MCP Server Starting DATA: {
  "directory": "/Users/ib-mac/IB-Odoo_19 (LOCAL)/IB-Odoo_19",
  "nodeVersion": "v22.15.0",
  "platform": "darwin",
  "pid": 42814,
  "configEnvironment": "development",
  "embeddingEnabled": false
}
[2026-06-06T21:15:28.543Z] [INFO] [SYSTEM] Resource Manager Started DATA: {
  "maxMemoryMB": 4096,
  "maxCpuPercent": 80,
  "embeddingFallback": true
}
[2026-06-06T21:15:28.546Z] [INFO] [MCP_REQUEST] [b] Incoming MCP request: batch_index DATA: {
  "method": "batch_index",
  "params": {
    "sessionId": "batch_1780780475920_hewbd8q7",
    "maxFilesPerBatch": 100
  }
}
[2026-06-06T21:15:28.944Z] [INFO] [SYSTEM] MCP Server Transport Connecting DATA: {
  "transport": "stdio"
}
[2026-06-06T21:15:28.944Z] [INFO] [SYSTEM] MCP Server Ready DATA: {
  "directory": "/Users/ib-mac/IB-Odoo_19 (LOCAL)/IB-Odoo_19",
  "transport": "stdio",
  "toolsCount": 26,
  "readyTime": 1780780528944
}
[2026-06-06T21:15:28.953Z] [INFO] [SYSTEM] MCP Server Starting DATA: {
  "directory": "/Users/ib-mac/IB-Odoo_19 (LOCAL)/IB-Odoo_19",
  "nodeVersion": "v22.15.0",
  "platform": "darwin",
  "pid": 42821,
  "configEnvironment": "development",
  "embeddingEnabled": false
}
[2026-06-06T21:15:28.954Z] [INFO] [SYSTEM] Resource Manager Started DATA: {
  "maxMemoryMB": 4096,
  "maxCpuPercent": 80,
  "embeddingFallback": true
}
[2026-06-06T21:15:28.957Z] [INFO] [MCP_REQUEST] [b] Incoming MCP request: batch_index DATA: {
  "method": "batch_index",
  "params": {
    "sessionId": "batch_1780780475920_hewbd8q7",
    "maxFilesPerBatch": 100
  }
}
[2026-06-06T21:15:29.353Z] [INFO] [SYSTEM] MCP Server Transport Connecting DATA: {
  "transport": "stdio"
}
[2026-06-06T21:15:29.354Z] [INFO] [SYSTEM] MCP Server Ready DATA: {
  "directory": "/Users/ib-mac/IB-Odoo_19 (LOCAL)/IB-Odoo_19",
  "transport": "stdio",
  "toolsCount": 26,
  "readyTime": 1780780529354
}
[2026-06-06T21:15:29.363Z] [INFO] [SYSTEM] MCP Server Starting DATA: {
  "directory": "/Users/ib-mac/IB-Odoo_19 (LOCAL)/IB-Odoo_19",
  "nodeVersion": "v22.15.0",
  "platform": "darwin",
  "pid": 42831,
  "configEnvironment": "development",
  "embeddingEnabled": false
}
[2026-06-06T21:15:29.363Z] [INFO] [SYSTEM] Resource Manager Started DATA: {
  "maxMemoryMB": 4096,
  "maxCpuPercent": 80,
  "embeddingFallback": true
}
[2026-06-06T21:15:29.366Z] [INFO] [MCP_REQUEST] [b] Incoming MCP request: batch_index DATA: {
  "method": "batch_index",
  "params": {
    "sessionId": "batch_1780780475920_hewbd8q7",
    "maxFilesPerBatch": 100
  }
}
[2026-06-06T21:15:29.764Z] [INFO] [SYSTEM] MCP Server Transport Connecting DATA: {
  "transport": "stdio"
}
[2026-06-06T21:15:29.764Z] [INFO] [SYSTEM] MCP Server Ready DATA: {
  "directory": "/Users/ib-mac/IB-Odoo_19 (LOCAL)/IB-Odoo_19",
  "transport": "stdio",
  "toolsCount": 26,
  "readyTime": 1780780529764
}
[2026-06-06T21:15:29.773Z] [INFO] [SYSTEM] MCP Server Starting DATA: {
  "directory": "/Users/ib-mac/IB-Odoo_19 (LOCAL)/IB-Odoo_19",
  "nodeVersion": "v22.15.0",
  "platform": "darwin",
  "pid": 42839,
  "configEnvironment": "development",
  "embeddingEnabled": false
}
[2026-06-06T21:15:29.773Z] [INFO] [SYSTEM] Resource Manager Started DATA: {
  "maxMemoryMB": 4096,
  "maxCpuPercent": 80,
  "embeddingFallback": true
}
[2026-06-06T21:15:29.776Z] [INFO] [MCP_REQUEST] [b] Incoming MCP request: batch_index DATA: {
  "method": "batch_index",
  "params": {
    "sessionId": "batch_1780780475920_hewbd8q7",
    "maxFilesPerBatch": 100
  }
}
[2026-06-06T21:15:30.173Z] [INFO] [SYSTEM] MCP Server Transport Connecting DATA: {
  "transport": "stdio"
}
[2026-06-06T21:15:30.174Z] [INFO] [SYSTEM] MCP Server Ready DATA: {
  "directory": "/Users/ib-mac/IB-Odoo_19 (LOCAL)/IB-Odoo_19",
  "transport": "stdio",
  "toolsCount": 26,
  "readyTime": 1780780530174
}
[2026-06-06T21:15:30.183Z] [INFO] [SYSTEM] MCP Server Starting DATA: {
  "directory": "/Users/ib-mac/IB-Odoo_19 (LOCAL)/IB-Odoo_19",
  "nodeVersion": "v22.15.0",
  "platform": "darwin",
  "pid": 42846,
  "configEnvironment": "development",
  "embeddingEnabled": false
}
[2026-06-06T21:15:30.183Z] [INFO] [SYSTEM] Resource Manager Started DATA: {
  "maxMemoryMB": 4096,
  "maxCpuPercent": 80,
  "embeddingFallback": true
}
[2026-06-06T21:15:30.186Z] [INFO] [MCP_REQUEST] [b] Incoming MCP request: batch_index DATA: {
  "method": "batch_index",
  "params": {
    "sessionId": "batch_1780780475920_hewbd8q7",
    "maxFilesPerBatch": 100
  }
}
[2026-06-06T21:15:30.590Z] [INFO] [SYSTEM] MCP Server Transport Connecting DATA: {
  "transport": "stdio"
}
[2026-06-06T21:15:30.591Z] [INFO] [SYSTEM] MCP Server Ready DATA: {
  "directory": "/Users/ib-mac/IB-Odoo_19 (LOCAL)/IB-Odoo_19",
  "transport": "stdio",
  "toolsCount": 26,
  "readyTime": 1780780530591
}
[2026-06-06T21:15:30.600Z] [INFO] [SYSTEM] MCP Server Starting DATA: {
  "directory": "/Users/ib-mac/IB-Odoo_19 (LOCAL)/IB-Odoo_19",
  "nodeVersion": "v22.15.0",
  "platform": "darwin",
  "pid": 42853,
  "configEnvironment": "development",
  "embeddingEnabled": false
}
[2026-06-06T21:15:30.600Z] [INFO] [SYSTEM] Resource Manager Started DATA: {
  "maxMemoryMB": 4096,
  "maxCpuPercent": 80,
  "embeddingFallback": true
}
[2026-06-06T21:15:30.603Z] [INFO] [MCP_REQUEST] [b] Incoming MCP request: batch_index DATA: {
  "method": "batch_index",
  "params": {
    "sessionId": "batch_1780780475920_hewbd8q7",
    "maxFilesPerBatch": 100
  }
}
[2026-06-06T21:15:31.019Z] [INFO] [SYSTEM] MCP Server Transport Connecting DATA: {
  "transport": "stdio"
}
[2026-06-06T21:15:31.019Z] [INFO] [SYSTEM] MCP Server Ready DATA: {
  "directory": "/Users/ib-mac/IB-Odoo_19 (LOCAL)/IB-Odoo_19",
  "transport": "stdio",
  "toolsCount": 26,
  "readyTime": 1780780531019
}
[2026-06-06T21:15:31.029Z] [INFO] [SYSTEM] MCP Server Starting DATA: {
  "directory": "/Users/ib-mac/IB-Odoo_19 (LOCAL)/IB-Odoo_19",
  "nodeVersion": "v22.15.0",
  "platform": "darwin",
  "pid": 42860,
  "configEnvironment": "development",
  "embeddingEnabled": false
}
[2026-06-06T21:15:31.029Z] [INFO] [SYSTEM] Resource Manager Started DATA: {
  "maxMemoryMB": 4096,
  "maxCpuPercent": 80,
  "embeddingFallback": true
}
[2026-06-06T21:15:31.032Z] [INFO] [MCP_REQUEST] [b] Incoming MCP request: batch_index DATA: {
  "method": "batch_index",
  "params": {
    "sessionId": "batch_1780780475920_hewbd8q7",
    "maxFilesPerBatch": 100
  }
}
[2026-06-06T21:15:31.434Z] [INFO] [SYSTEM] MCP Server Transport Connecting DATA: {
  "transport": "stdio"
}
[2026-06-06T21:15:31.434Z] [INFO] [SYSTEM] MCP Server Ready DATA: {
  "directory": "/Users/ib-mac/IB-Odoo_19 (LOCAL)/IB-Odoo_19",
  "transport": "stdio",
  "toolsCount": 26,
  "readyTime": 1780780531434
}
[2026-06-06T21:15:31.443Z] [INFO] [SYSTEM] MCP Server Starting DATA: {
  "directory": "/Users/ib-mac/IB-Odoo_19 (LOCAL)/IB-Odoo_19",
  "nodeVersion": "v22.15.0",
  "platform": "darwin",
  "pid": 42870,
  "configEnvironment": "development",
  "embeddingEnabled": false
}
[2026-06-06T21:15:31.443Z] [INFO] [SYSTEM] Resource Manager Started DATA: {
  "maxMemoryMB": 4096,
  "maxCpuPercent": 80,
  "embeddingFallback": true
}
[2026-06-06T21:15:31.446Z] [INFO] [MCP_REQUEST] [b] Incoming MCP request: batch_index DATA: {
  "method": "batch_index",
  "params": {
    "sessionId": "batch_1780780475920_hewbd8q7",
    "maxFilesPerBatch": 100
  }
}
[2026-06-06T21:15:31.845Z] [INFO] [SYSTEM] MCP Server Transport Connecting DATA: {
  "transport": "stdio"
}
[2026-06-06T21:15:31.846Z] [INFO] [SYSTEM] MCP Server Ready DATA: {
  "directory": "/Users/ib-mac/IB-Odoo_19 (LOCAL)/IB-Odoo_19",
  "transport": "stdio",
  "toolsCount": 26,
  "readyTime": 1780780531846
}
[2026-06-06T21:15:31.855Z] [INFO] [SYSTEM] MCP Server Starting DATA: {
  "directory": "/Users/ib-mac/IB-Odoo_19 (LOCAL)/IB-Odoo_19",
  "nodeVersion": "v22.15.0",
  "platform": "darwin",
  "pid": 42877,
  "configEnvironment": "development",
  "embeddingEnabled": false
}
[2026-06-06T21:15:31.855Z] [INFO] [SYSTEM] Resource Manager Started DATA: {
  "maxMemoryMB": 4096,
  "maxCpuPercent": 80,
  "embeddingFallback": true
}
[2026-06-06T21:15:31.858Z] [INFO] [MCP_REQUEST] [b] Incoming MCP request: batch_index DATA: {
  "method": "batch_index",
  "params": {
    "sessionId": "batch_1780780475920_hewbd8q7",
    "maxFilesPerBatch": 100
  }
}
[2026-06-06T21:15:32.256Z] [INFO] [SYSTEM] MCP Server Transport Connecting DATA: {
  "transport": "stdio"
}
[2026-06-06T21:15:32.257Z] [INFO] [SYSTEM] MCP Server Ready DATA: {
  "directory": "/Users/ib-mac/IB-Odoo_19 (LOCAL)/IB-Odoo_19",
  "transport": "stdio",
  "toolsCount": 26,
  "readyTime": 1780780532257
}
[2026-06-06T21:15:32.266Z] [INFO] [SYSTEM] MCP Server Starting DATA: {
  "directory": "/Users/ib-mac/IB-Odoo_19 (LOCAL)/IB-Odoo_19",
  "nodeVersion": "v22.15.0",
  "platform": "darwin",
  "pid": 42884,
  "configEnvironment": "development",
  "embeddingEnabled": false
}
[2026-06-06T21:15:32.266Z] [INFO] [SYSTEM] Resource Manager Started DATA: {
  "maxMemoryMB": 4096,
  "maxCpuPercent": 80,
  "embeddingFallback": true
}
[2026-06-06T21:15:32.270Z] [INFO] [MCP_REQUEST] [b] Incoming MCP request: batch_index DATA: {
  "method": "batch_index",
  "params": {
    "sessionId": "batch_1780780475920_hewbd8q7",
    "maxFilesPerBatch": 100
  }
}
[2026-06-06T21:15:32.671Z] [INFO] [SYSTEM] MCP Server Transport Connecting DATA: {
  "transport": "stdio"
}
[2026-06-06T21:15:32.671Z] [INFO] [SYSTEM] MCP Server Ready DATA: {
  "directory": "/Users/ib-mac/IB-Odoo_19 (LOCAL)/IB-Odoo_19",
  "transport": "stdio",
  "toolsCount": 26,
  "readyTime": 1780780532671
}
[2026-06-06T21:15:32.681Z] [INFO] [SYSTEM] MCP Server Starting DATA: {
  "directory": "/Users/ib-mac/IB-Odoo_19 (LOCAL)/IB-Odoo_19",
  "nodeVersion": "v22.15.0",
  "platform": "darwin",
  "pid": 42891,
  "configEnvironment": "development",
  "embeddingEnabled": false
}
[2026-06-06T21:15:32.681Z] [INFO] [SYSTEM] Resource Manager Started DATA: {
  "maxMemoryMB": 4096,
  "maxCpuPercent": 80,
  "embeddingFallback": true
}
[2026-06-06T21:15:32.684Z] [INFO] [MCP_REQUEST] [b] Incoming MCP request: batch_index DATA: {
  "method": "batch_index",
  "params": {
    "sessionId": "batch_1780780475920_hewbd8q7",
    "maxFilesPerBatch": 100
  }
}
[2026-06-06T21:15:33.068Z] [INFO] [SYSTEM] MCP Server Transport Connecting DATA: {
  "transport": "stdio"
}
[2026-06-06T21:15:33.069Z] [INFO] [SYSTEM] MCP Server Ready DATA: {
  "directory": "/Users/ib-mac/IB-Odoo_19 (LOCAL)/IB-Odoo_19",
  "transport": "stdio",
  "toolsCount": 26,
  "readyTime": 1780780533069
}
[2026-06-06T21:15:33.078Z] [INFO] [SYSTEM] MCP Server Starting DATA: {
  "directory": "/Users/ib-mac/IB-Odoo_19 (LOCAL)/IB-Odoo_19",
  "nodeVersion": "v22.15.0",
  "platform": "darwin",
  "pid": 42901,
  "configEnvironment": "development",
  "embeddingEnabled": false
}
[2026-06-06T21:15:33.078Z] [INFO] [SYSTEM] Resource Manager Started DATA: {
  "maxMemoryMB": 4096,
  "maxCpuPercent": 80,
  "embeddingFallback": true
}
[2026-06-06T21:15:33.081Z] [INFO] [MCP_REQUEST] [b] Incoming MCP request: batch_index DATA: {
  "method": "batch_index",
  "params": {
    "sessionId": "batch_1780780475920_hewbd8q7",
    "maxFilesPerBatch": 100
  }
}
[2026-06-06T21:15:33.495Z] [INFO] [SYSTEM] MCP Server Transport Connecting DATA: {
  "transport": "stdio"
}
[2026-06-06T21:15:33.495Z] [INFO] [SYSTEM] MCP Server Ready DATA: {
  "directory": "/Users/ib-mac/IB-Odoo_19 (LOCAL)/IB-Odoo_19",
  "transport": "stdio",
  "toolsCount": 26,
  "readyTime": 1780780533495
}
[2026-06-06T21:15:33.504Z] [INFO] [SYSTEM] MCP Server Starting DATA: {
  "directory": "/Users/ib-mac/IB-Odoo_19 (LOCAL)/IB-Odoo_19",
  "nodeVersion": "v22.15.0",
  "platform": "darwin",
  "pid": 42908,
  "configEnvironment": "development",
  "embeddingEnabled": false
}
[2026-06-06T21:15:33.504Z] [INFO] [SYSTEM] Resource Manager Started DATA: {
  "maxMemoryMB": 4096,
  "maxCpuPercent": 80,
  "embeddingFallback": true
}
[2026-06-06T21:15:33.507Z] [INFO] [MCP_REQUEST] [b] Incoming MCP request: batch_index DATA: {
  "method": "batch_index",
  "params": {
    "sessionId": "batch_1780780475920_hewbd8q7",
    "maxFilesPerBatch": 100
  }
}
[2026-06-06T21:15:33.897Z] [INFO] [SYSTEM] MCP Server Transport Connecting DATA: {
  "transport": "stdio"
}
[2026-06-06T21:15:33.898Z] [INFO] [SYSTEM] MCP Server Ready DATA: {
  "directory": "/Users/ib-mac/IB-Odoo_19 (LOCAL)/IB-Odoo_19",
  "transport": "stdio",
  "toolsCount": 26,
  "readyTime": 1780780533898
}
[2026-06-06T21:15:33.907Z] [INFO] [SYSTEM] MCP Server Starting DATA: {
  "directory": "/Users/ib-mac/IB-Odoo_19 (LOCAL)/IB-Odoo_19",
  "nodeVersion": "v22.15.0",
  "platform": "darwin",
  "pid": 42915,
  "configEnvironment": "development",
  "embeddingEnabled": false
}
[2026-06-06T21:15:33.907Z] [INFO] [SYSTEM] Resource Manager Started DATA: {
  "maxMemoryMB": 4096,
  "maxCpuPercent": 80,
  "embeddingFallback": true
}
[2026-06-06T21:15:33.910Z] [INFO] [MCP_REQUEST] [b] Incoming MCP request: batch_index DATA: {
  "method": "batch_index",
  "params": {
    "sessionId": "batch_1780780475920_hewbd8q7",
    "maxFilesPerBatch": 100
  }
}
[2026-06-06T21:15:34.307Z] [INFO] [SYSTEM] MCP Server Transport Connecting DATA: {
  "transport": "stdio"
}
[2026-06-06T21:15:34.307Z] [INFO] [SYSTEM] MCP Server Ready DATA: {
  "directory": "/Users/ib-mac/IB-Odoo_19 (LOCAL)/IB-Odoo_19",
  "transport": "stdio",
  "toolsCount": 26,
  "readyTime": 1780780534307
}
[2026-06-06T21:15:34.316Z] [INFO] [SYSTEM] MCP Server Starting DATA: {
  "directory": "/Users/ib-mac/IB-Odoo_19 (LOCAL)/IB-Odoo_19",
  "nodeVersion": "v22.15.0",
  "platform": "darwin",
  "pid": 42922,
  "configEnvironment": "development",
  "embeddingEnabled": false
}
[2026-06-06T21:15:34.317Z] [INFO] [SYSTEM] Resource Manager Started DATA: {
  "maxMemoryMB": 4096,
  "maxCpuPercent": 80,
  "embeddingFallback": true
}
[2026-06-06T21:15:34.320Z] [INFO] [MCP_REQUEST] [b] Incoming MCP request: batch_index DATA: {
  "method": "batch_index",
  "params": {
    "sessionId": "batch_1780780475920_hewbd8q7",
    "maxFilesPerBatch": 100
  }
}
[2026-06-06T21:15:34.713Z] [INFO] [SYSTEM] MCP Server Transport Connecting DATA: {
  "transport": "stdio"
}
[2026-06-06T21:15:34.713Z] [INFO] [SYSTEM] MCP Server Ready DATA: {
  "directory": "/Users/ib-mac/IB-Odoo_19 (LOCAL)/IB-Odoo_19",
  "transport": "stdio",
  "toolsCount": 26,
  "readyTime": 1780780534713
}
[2026-06-06T21:15:34.722Z] [INFO] [SYSTEM] MCP Server Starting DATA: {
  "directory": "/Users/ib-mac/IB-Odoo_19 (LOCAL)/IB-Odoo_19",
  "nodeVersion": "v22.15.0",
  "platform": "darwin",
  "pid": 42929,
  "configEnvironment": "development",
  "embeddingEnabled": false
}
[2026-06-06T21:15:34.722Z] [INFO] [SYSTEM] Resource Manager Started DATA: {
  "maxMemoryMB": 4096,
  "maxCpuPercent": 80,
  "embeddingFallback": true
}
[2026-06-06T21:15:34.726Z] [INFO] [MCP_REQUEST] [b] Incoming MCP request: batch_index DATA: {
  "method": "batch_index",
  "params": {
    "sessionId": "batch_1780780475920_hewbd8q7",
    "maxFilesPerBatch": 100
  }
}
[2026-06-06T21:15:35.115Z] [INFO] [SYSTEM] MCP Server Transport Connecting DATA: {
  "transport": "stdio"
}
[2026-06-06T21:15:35.116Z] [INFO] [SYSTEM] MCP Server Ready DATA: {
  "directory": "/Users/ib-mac/IB-Odoo_19 (LOCAL)/IB-Odoo_19",
  "transport": "stdio",
  "toolsCount": 26,
  "readyTime": 1780780535116
}
[2026-06-06T21:15:35.125Z] [INFO] [SYSTEM] MCP Server Starting DATA: {
  "directory": "/Users/ib-mac/IB-Odoo_19 (LOCAL)/IB-Odoo_19",
  "nodeVersion": "v22.15.0",
  "platform": "darwin",
  "pid": 42939,
  "configEnvironment": "development",
  "embeddingEnabled": false
}
[2026-06-06T21:15:35.125Z] [INFO] [SYSTEM] Resource Manager Started DATA: {
  "maxMemoryMB": 4096,
  "maxCpuPercent": 80,
  "embeddingFallback": true
}
[2026-06-06T21:15:35.128Z] [INFO] [MCP_REQUEST] [b] Incoming MCP request: batch_index DATA: {
  "method": "batch_index",
  "params": {
    "sessionId": "batch_1780780475920_hewbd8q7",
    "maxFilesPerBatch": 100
  }
}
[2026-06-06T21:15:35.536Z] [INFO] [SYSTEM] MCP Server Transport Connecting DATA: {
  "transport": "stdio"
}
[2026-06-06T21:15:35.536Z] [INFO] [SYSTEM] MCP Server Ready DATA: {
  "directory": "/Users/ib-mac/IB-Odoo_19 (LOCAL)/IB-Odoo_19",
  "transport": "stdio",
  "toolsCount": 26,
  "readyTime": 1780780535536
}
[2026-06-06T21:15:35.545Z] [INFO] [SYSTEM] MCP Server Starting DATA: {
  "directory": "/Users/ib-mac/IB-Odoo_19 (LOCAL)/IB-Odoo_19",
  "nodeVersion": "v22.15.0",
  "platform": "darwin",
  "pid": 42946,
  "configEnvironment": "development",
  "embeddingEnabled": false
}
[2026-06-06T21:15:35.545Z] [INFO] [SYSTEM] Resource Manager Started DATA: {
  "maxMemoryMB": 4096,
  "maxCpuPercent": 80,
  "embeddingFallback": true
}
[2026-06-06T21:15:35.548Z] [INFO] [MCP_REQUEST] [b] Incoming MCP request: batch_index DATA: {
  "method": "batch_index",
  "params": {
    "sessionId": "batch_1780780475920_hewbd8q7",
    "maxFilesPerBatch": 100
  }
}
[2026-06-06T21:15:35.954Z] [INFO] [SYSTEM] MCP Server Transport Connecting DATA: {
  "transport": "stdio"
}
[2026-06-06T21:15:35.955Z] [INFO] [SYSTEM] MCP Server Ready DATA: {
  "directory": "/Users/ib-mac/IB-Odoo_19 (LOCAL)/IB-Odoo_19",
  "transport": "stdio",
  "toolsCount": 26,
  "readyTime": 1780780535955
}
[2026-06-06T21:15:35.965Z] [INFO] [SYSTEM] MCP Server Starting DATA: {
  "directory": "/Users/ib-mac/IB-Odoo_19 (LOCAL)/IB-Odoo_19",
  "nodeVersion": "v22.15.0",
  "platform": "darwin",
  "pid": 42953,
  "configEnvironment": "development",
  "embeddingEnabled": false
}
[2026-06-06T21:15:35.965Z] [INFO] [SYSTEM] Resource Manager Started DATA: {
  "maxMemoryMB": 4096,
  "maxCpuPercent": 80,
  "embeddingFallback": true
}
[2026-06-06T21:15:35.968Z] [INFO] [MCP_REQUEST] [b] Incoming MCP request: batch_index DATA: {
  "method": "batch_index",
  "params": {
    "sessionId": "batch_1780780475920_hewbd8q7",
    "maxFilesPerBatch": 100
  }
}
[2026-06-06T21:15:36.372Z] [INFO] [SYSTEM] MCP Server Transport Connecting DATA: {
  "transport": "stdio"
}
[2026-06-06T21:15:36.372Z] [INFO] [SYSTEM] MCP Server Ready DATA: {
  "directory": "/Users/ib-mac/IB-Odoo_19 (LOCAL)/IB-Odoo_19",
  "transport": "stdio",
  "toolsCount": 26,
  "readyTime": 1780780536372
}
[2026-06-06T21:15:36.382Z] [INFO] [SYSTEM] MCP Server Starting DATA: {
  "directory": "/Users/ib-mac/IB-Odoo_19 (LOCAL)/IB-Odoo_19",
  "nodeVersion": "v22.15.0",
  "platform": "darwin",
  "pid": 42960,
  "configEnvironment": "development",
  "embeddingEnabled": false
}
[2026-06-06T21:15:36.382Z] [INFO] [SYSTEM] Resource Manager Started DATA: {
  "maxMemoryMB": 4096,
  "maxCpuPercent": 80,
  "embeddingFallback": true
}
[2026-06-06T21:15:36.385Z] [INFO] [MCP_REQUEST] [b] Incoming MCP request: batch_index DATA: {
  "method": "batch_index",
  "params": {
    "sessionId": "batch_1780780475920_hewbd8q7",
    "maxFilesPerBatch": 100
  }
}
[2026-06-06T21:15:36.780Z] [INFO] [SYSTEM] MCP Server Transport Connecting DATA: {
  "transport": "stdio"
}
[2026-06-06T21:15:36.780Z] [INFO] [SYSTEM] MCP Server Ready DATA: {
  "directory": "/Users/ib-mac/IB-Odoo_19 (LOCAL)/IB-Odoo_19",
  "transport": "stdio",
  "toolsCount": 26,
  "readyTime": 1780780536780
}
[2026-06-06T21:15:36.789Z] [INFO] [SYSTEM] MCP Server Starting DATA: {
  "directory": "/Users/ib-mac/IB-Odoo_19 (LOCAL)/IB-Odoo_19",
  "nodeVersion": "v22.15.0",
  "platform": "darwin",
  "pid": 42967,
  "configEnvironment": "development",
  "embeddingEnabled": false
}
[2026-06-06T21:15:36.789Z] [INFO] [SYSTEM] Resource Manager Started DATA: {
  "maxMemoryMB": 4096,
  "maxCpuPercent": 80,
  "embeddingFallback": true
}
[2026-06-06T21:15:36.792Z] [INFO] [MCP_REQUEST] [b] Incoming MCP request: batch_index DATA: {
  "method": "batch_index",
  "params": {
    "sessionId": "batch_1780780475920_hewbd8q7",
    "maxFilesPerBatch": 100
  }
}
[2026-06-06T21:15:37.195Z] [INFO] [SYSTEM] MCP Server Transport Connecting DATA: {
  "transport": "stdio"
}
[2026-06-06T21:15:37.195Z] [INFO] [SYSTEM] MCP Server Ready DATA: {
  "directory": "/Users/ib-mac/IB-Odoo_19 (LOCAL)/IB-Odoo_19",
  "transport": "stdio",
  "toolsCount": 26,
  "readyTime": 1780780537195
}
[2026-06-06T21:15:37.204Z] [INFO] [SYSTEM] MCP Server Starting DATA: {
  "directory": "/Users/ib-mac/IB-Odoo_19 (LOCAL)/IB-Odoo_19",
  "nodeVersion": "v22.15.0",
  "platform": "darwin",
  "pid": 42977,
  "configEnvironment": "development",
  "embeddingEnabled": false
}
[2026-06-06T21:15:37.204Z] [INFO] [SYSTEM] Resource Manager Started DATA: {
  "maxMemoryMB": 4096,
  "maxCpuPercent": 80,
  "embeddingFallback": true
}
[2026-06-06T21:15:37.207Z] [INFO] [MCP_REQUEST] [b] Incoming MCP request: batch_index DATA: {
  "method": "batch_index",
  "params": {
    "sessionId": "batch_1780780475920_hewbd8q7",
    "maxFilesPerBatch": 100
  }
}
[2026-06-06T21:15:37.613Z] [INFO] [SYSTEM] MCP Server Transport Connecting DATA: {
  "transport": "stdio"
}
[2026-06-06T21:15:37.613Z] [INFO] [SYSTEM] MCP Server Ready DATA: {
  "directory": "/Users/ib-mac/IB-Odoo_19 (LOCAL)/IB-Odoo_19",
  "transport": "stdio",
  "toolsCount": 26,
  "readyTime": 1780780537613
}
[2026-06-06T21:15:37.623Z] [INFO] [SYSTEM] MCP Server Starting DATA: {
  "directory": "/Users/ib-mac/IB-Odoo_19 (LOCAL)/IB-Odoo_19",
  "nodeVersion": "v22.15.0",
  "platform": "darwin",
  "pid": 42984,
  "configEnvironment": "development",
  "embeddingEnabled": false
}
[2026-06-06T21:15:37.624Z] [INFO] [SYSTEM] Resource Manager Started DATA: {
  "maxMemoryMB": 4096,
  "maxCpuPercent": 80,
  "embeddingFallback": true
}
[2026-06-06T21:15:37.627Z] [INFO] [MCP_REQUEST] [b] Incoming MCP request: batch_index DATA: {
  "method": "batch_index",
  "params": {
    "sessionId": "batch_1780780475920_hewbd8q7",
    "maxFilesPerBatch": 100
  }
}
[2026-06-06T21:15:38.027Z] [INFO] [SYSTEM] MCP Server Transport Connecting DATA: {
  "transport": "stdio"
}
[2026-06-06T21:15:38.027Z] [INFO] [SYSTEM] MCP Server Ready DATA: {
  "directory": "/Users/ib-mac/IB-Odoo_19 (LOCAL)/IB-Odoo_19",
  "transport": "stdio",
  "toolsCount": 26,
  "readyTime": 1780780538027
}
[2026-06-06T21:15:38.036Z] [INFO] [SYSTEM] MCP Server Starting DATA: {
  "directory": "/Users/ib-mac/IB-Odoo_19 (LOCAL)/IB-Odoo_19",
  "nodeVersion": "v22.15.0",
  "platform": "darwin",
  "pid": 42991,
  "configEnvironment": "development",
  "embeddingEnabled": false
}
[2026-06-06T21:15:38.037Z] [INFO] [SYSTEM] Resource Manager Started DATA: {
  "maxMemoryMB": 4096,
  "maxCpuPercent": 80,
  "embeddingFallback": true
}
[2026-06-06T21:15:38.040Z] [INFO] [MCP_REQUEST] [b] Incoming MCP request: batch_index DATA: {
  "method": "batch_index",
  "params": {
    "sessionId": "batch_1780780475920_hewbd8q7",
    "maxFilesPerBatch": 100
  }
}
[2026-06-06T21:15:38.444Z] [INFO] [SYSTEM] MCP Server Transport Connecting DATA: {
  "transport": "stdio"
}
[2026-06-06T21:15:38.444Z] [INFO] [SYSTEM] MCP Server Ready DATA: {
  "directory": "/Users/ib-mac/IB-Odoo_19 (LOCAL)/IB-Odoo_19",
  "transport": "stdio",
  "toolsCount": 26,
  "readyTime": 1780780538444
}
[2026-06-06T21:15:38.453Z] [INFO] [SYSTEM] MCP Server Starting DATA: {
  "directory": "/Users/ib-mac/IB-Odoo_19 (LOCAL)/IB-Odoo_19",
  "nodeVersion": "v22.15.0",
  "platform": "darwin",
  "pid": 42998,
  "configEnvironment": "development",
  "embeddingEnabled": false
}
[2026-06-06T21:15:38.453Z] [INFO] [SYSTEM] Resource Manager Started DATA: {
  "maxMemoryMB": 4096,
  "maxCpuPercent": 80,
  "embeddingFallback": true
}
[2026-06-06T21:15:38.456Z] [INFO] [MCP_REQUEST] [b] Incoming MCP request: batch_index DATA: {
  "method": "batch_index",
  "params": {
    "sessionId": "batch_1780780475920_hewbd8q7",
    "maxFilesPerBatch": 100
  }
}
[2026-06-06T21:15:38.858Z] [INFO] [SYSTEM] MCP Server Transport Connecting DATA: {
  "transport": "stdio"
}
[2026-06-06T21:15:38.858Z] [INFO] [SYSTEM] MCP Server Ready DATA: {
  "directory": "/Users/ib-mac/IB-Odoo_19 (LOCAL)/IB-Odoo_19",
  "transport": "stdio",
  "toolsCount": 26,
  "readyTime": 1780780538858
}
[2026-06-06T21:15:38.867Z] [INFO] [SYSTEM] MCP Server Starting DATA: {
  "directory": "/Users/ib-mac/IB-Odoo_19 (LOCAL)/IB-Odoo_19",
  "nodeVersion": "v22.15.0",
  "platform": "darwin",
  "pid": 43005,
  "configEnvironment": "development",
  "embeddingEnabled": false
}
[2026-06-06T21:15:38.868Z] [INFO] [SYSTEM] Resource Manager Started DATA: {
  "maxMemoryMB": 4096,
  "maxCpuPercent": 80,
  "embeddingFallback": true
}
[2026-06-06T21:15:38.871Z] [INFO] [MCP_REQUEST] [b] Incoming MCP request: batch_index DATA: {
  "method": "batch_index",
  "params": {
    "sessionId": "batch_1780780475920_hewbd8q7",
    "maxFilesPerBatch": 100
  }
}
[2026-06-06T21:15:39.277Z] [INFO] [SYSTEM] MCP Server Transport Connecting DATA: {
  "transport": "stdio"
}
[2026-06-06T21:15:39.277Z] [INFO] [SYSTEM] MCP Server Ready DATA: {
  "directory": "/Users/ib-mac/IB-Odoo_19 (LOCAL)/IB-Odoo_19",
  "transport": "stdio",
  "toolsCount": 26,
  "readyTime": 1780780539277
}
[2026-06-06T21:15:39.286Z] [INFO] [SYSTEM] MCP Server Starting DATA: {
  "directory": "/Users/ib-mac/IB-Odoo_19 (LOCAL)/IB-Odoo_19",
  "nodeVersion": "v22.15.0",
  "platform": "darwin",
  "pid": 43015,
  "configEnvironment": "development",
  "embeddingEnabled": false
}
[2026-06-06T21:15:39.286Z] [INFO] [SYSTEM] Resource Manager Started DATA: {
  "maxMemoryMB": 4096,
  "maxCpuPercent": 80,
  "embeddingFallback": true
}
[2026-06-06T21:15:39.289Z] [INFO] [MCP_REQUEST] [b] Incoming MCP request: batch_index DATA: {
  "method": "batch_index",
  "params": {
    "sessionId": "batch_1780780475920_hewbd8q7",
    "maxFilesPerBatch": 100
  }
}
[2026-06-06T21:15:39.683Z] [INFO] [SYSTEM] MCP Server Transport Connecting DATA: {
  "transport": "stdio"
}
[2026-06-06T21:15:39.683Z] [INFO] [SYSTEM] MCP Server Ready DATA: {
  "directory": "/Users/ib-mac/IB-Odoo_19 (LOCAL)/IB-Odoo_19",
  "transport": "stdio",
  "toolsCount": 26,
  "readyTime": 1780780539683
}
[2026-06-06T21:15:39.692Z] [INFO] [SYSTEM] MCP Server Starting DATA: {
  "directory": "/Users/ib-mac/IB-Odoo_19 (LOCAL)/IB-Odoo_19",
  "nodeVersion": "v22.15.0",
  "platform": "darwin",
  "pid": 43024,
  "configEnvironment": "development",
  "embeddingEnabled": false
}
[2026-06-06T21:15:39.693Z] [INFO] [SYSTEM] Resource Manager Started DATA: {
  "maxMemoryMB": 4096,
  "maxCpuPercent": 80,
  "embeddingFallback": true
}
[2026-06-06T21:15:39.696Z] [INFO] [MCP_REQUEST] [b] Incoming MCP request: batch_index DATA: {
  "method": "batch_index",
  "params": {
    "sessionId": "batch_1780780475920_hewbd8q7",
    "maxFilesPerBatch": 100
  }
}
[2026-06-06T21:15:40.143Z] [INFO] [SYSTEM] MCP Server Transport Connecting DATA: {
  "transport": "stdio"
}
[2026-06-06T21:15:40.145Z] [INFO] [SYSTEM] MCP Server Ready DATA: {
  "directory": "/Users/ib-mac/IB-Odoo_19 (LOCAL)/IB-Odoo_19",
  "transport": "stdio",
  "toolsCount": 26,
  "readyTime": 1780780540145
}
[2026-06-06T21:15:40.156Z] [INFO] [SYSTEM] MCP Server Starting DATA: {
  "directory": "/Users/ib-mac/IB-Odoo_19 (LOCAL)/IB-Odoo_19",
  "nodeVersion": "v22.15.0",
  "platform": "darwin",
  "pid": 43031,
  "configEnvironment": "development",
  "embeddingEnabled": false
}
[2026-06-06T21:15:40.156Z] [INFO] [SYSTEM] Resource Manager Started DATA: {
  "maxMemoryMB": 4096,
  "maxCpuPercent": 80,
  "embeddingFallback": true
}
[2026-06-06T21:15:40.162Z] [INFO] [MCP_REQUEST] [b] Incoming MCP request: batch_index DATA: {
  "method": "batch_index",
  "params": {
    "sessionId": "batch_1780780475920_hewbd8q7",
    "maxFilesPerBatch": 100
  }
}
[2026-06-06T21:15:40.602Z] [INFO] [SYSTEM] MCP Server Transport Connecting DATA: {
  "transport": "stdio"
}
[2026-06-06T21:15:40.602Z] [INFO] [SYSTEM] MCP Server Ready DATA: {
  "directory": "/Users/ib-mac/IB-Odoo_19 (LOCAL)/IB-Odoo_19",
  "transport": "stdio",
  "toolsCount": 26,
  "readyTime": 1780780540602
}
[2026-06-06T21:15:40.612Z] [INFO] [SYSTEM] MCP Server Starting DATA: {
  "directory": "/Users/ib-mac/IB-Odoo_19 (LOCAL)/IB-Odoo_19",
  "nodeVersion": "v22.15.0",
  "platform": "darwin",
  "pid": 43038,
  "configEnvironment": "development",
  "embeddingEnabled": false
}
[2026-06-06T21:15:40.612Z] [INFO] [SYSTEM] Resource Manager Started DATA: {
  "maxMemoryMB": 4096,
  "maxCpuPercent": 80,
  "embeddingFallback": true
}
[2026-06-06T21:15:40.616Z] [INFO] [MCP_REQUEST] [b] Incoming MCP request: batch_index DATA: {
  "method": "batch_index",
  "params": {
    "sessionId": "batch_1780780475920_hewbd8q7",
    "maxFilesPerBatch": 100
  }
}
[2026-06-06T21:15:41.038Z] [INFO] [SYSTEM] MCP Server Transport Connecting DATA: {
  "transport": "stdio"
}
[2026-06-06T21:15:41.038Z] [INFO] [SYSTEM] MCP Server Ready DATA: {
  "directory": "/Users/ib-mac/IB-Odoo_19 (LOCAL)/IB-Odoo_19",
  "transport": "stdio",
  "toolsCount": 26,
  "readyTime": 1780780541038
}
[2026-06-06T21:15:41.047Z] [INFO] [SYSTEM] MCP Server Starting DATA: {
  "directory": "/Users/ib-mac/IB-Odoo_19 (LOCAL)/IB-Odoo_19",
  "nodeVersion": "v22.15.0",
  "platform": "darwin",
  "pid": 43045,
  "configEnvironment": "development",
  "embeddingEnabled": false
}
[2026-06-06T21:15:41.047Z] [INFO] [SYSTEM] Resource Manager Started DATA: {
  "maxMemoryMB": 4096,
  "maxCpuPercent": 80,
  "embeddingFallback": true
}
[2026-06-06T21:15:41.050Z] [INFO] [MCP_REQUEST] [b] Incoming MCP request: batch_index DATA: {
  "method": "batch_index",
  "params": {
    "sessionId": "batch_1780780475920_hewbd8q7",
    "maxFilesPerBatch": 100
  }
}
[2026-06-06T21:15:41.457Z] [INFO] [SYSTEM] MCP Server Transport Connecting DATA: {
  "transport": "stdio"
}
[2026-06-06T21:15:41.457Z] [INFO] [SYSTEM] MCP Server Ready DATA: {
  "directory": "/Users/ib-mac/IB-Odoo_19 (LOCAL)/IB-Odoo_19",
  "transport": "stdio",
  "toolsCount": 26,
  "readyTime": 1780780541457
}
[2026-06-06T21:15:41.466Z] [INFO] [SYSTEM] MCP Server Starting DATA: {
  "directory": "/Users/ib-mac/IB-Odoo_19 (LOCAL)/IB-Odoo_19",
  "nodeVersion": "v22.15.0",
  "platform": "darwin",
  "pid": 43055,
  "configEnvironment": "development",
  "embeddingEnabled": false
}
[2026-06-06T21:15:41.466Z] [INFO] [SYSTEM] Resource Manager Started DATA: {
  "maxMemoryMB": 4096,
  "maxCpuPercent": 80,
  "embeddingFallback": true
}
[2026-06-06T21:15:41.469Z] [INFO] [MCP_REQUEST] [b] Incoming MCP request: batch_index DATA: {
  "method": "batch_index",
  "params": {
    "sessionId": "batch_1780780475920_hewbd8q7",
    "maxFilesPerBatch": 100
  }
}
[2026-06-06T21:15:41.880Z] [INFO] [SYSTEM] MCP Server Transport Connecting DATA: {
  "transport": "stdio"
}
[2026-06-06T21:15:41.880Z] [INFO] [SYSTEM] MCP Server Ready DATA: {
  "directory": "/Users/ib-mac/IB-Odoo_19 (LOCAL)/IB-Odoo_19",
  "transport": "stdio",
  "toolsCount": 26,
  "readyTime": 1780780541880
}
[2026-06-06T21:15:41.889Z] [INFO] [SYSTEM] MCP Server Starting DATA: {
  "directory": "/Users/ib-mac/IB-Odoo_19 (LOCAL)/IB-Odoo_19",
  "nodeVersion": "v22.15.0",
  "platform": "darwin",
  "pid": 43062,
  "configEnvironment": "development",
  "embeddingEnabled": false
}
[2026-06-06T21:15:41.889Z] [INFO] [SYSTEM] Resource Manager Started DATA: {
  "maxMemoryMB": 4096,
  "maxCpuPercent": 80,
  "embeddingFallback": true
}
[2026-06-06T21:15:41.892Z] [INFO] [MCP_REQUEST] [b] Incoming MCP request: batch_index DATA: {
  "method": "batch_index",
  "params": {
    "sessionId": "batch_1780780475920_hewbd8q7",
    "maxFilesPerBatch": 100
  }
}
[2026-06-06T21:15:42.306Z] [INFO] [SYSTEM] MCP Server Transport Connecting DATA: {
  "transport": "stdio"
}
[2026-06-06T21:15:42.306Z] [INFO] [SYSTEM] MCP Server Ready DATA: {
  "directory": "/Users/ib-mac/IB-Odoo_19 (LOCAL)/IB-Odoo_19",
  "transport": "stdio",
  "toolsCount": 26,
  "readyTime": 1780780542306
}
[2026-06-06T21:15:42.315Z] [INFO] [SYSTEM] MCP Server Starting DATA: {
  "directory": "/Users/ib-mac/IB-Odoo_19 (LOCAL)/IB-Odoo_19",
  "nodeVersion": "v22.15.0",
  "platform": "darwin",
  "pid": 43069,
  "configEnvironment": "development",
  "embeddingEnabled": false
}
[2026-06-06T21:15:42.315Z] [INFO] [SYSTEM] Resource Manager Started DATA: {
  "maxMemoryMB": 4096,
  "maxCpuPercent": 80,
  "embeddingFallback": true
}
[2026-06-06T21:15:42.318Z] [INFO] [MCP_REQUEST] [b] Incoming MCP request: batch_index DATA: {
  "method": "batch_index",
  "params": {
    "sessionId": "batch_1780780475920_hewbd8q7",
    "maxFilesPerBatch": 100
  }
}
[2026-06-06T21:15:42.724Z] [INFO] [SYSTEM] MCP Server Transport Connecting DATA: {
  "transport": "stdio"
}
[2026-06-06T21:15:42.724Z] [INFO] [SYSTEM] MCP Server Ready DATA: {
  "directory": "/Users/ib-mac/IB-Odoo_19 (LOCAL)/IB-Odoo_19",
  "transport": "stdio",
  "toolsCount": 26,
  "readyTime": 1780780542724
}
[2026-06-06T21:15:42.733Z] [INFO] [SYSTEM] MCP Server Starting DATA: {
  "directory": "/Users/ib-mac/IB-Odoo_19 (LOCAL)/IB-Odoo_19",
  "nodeVersion": "v22.15.0",
  "platform": "darwin",
  "pid": 43077,
  "configEnvironment": "development",
  "embeddingEnabled": false
}
[2026-06-06T21:15:42.734Z] [INFO] [SYSTEM] Resource Manager Started DATA: {
  "maxMemoryMB": 4096,
  "maxCpuPercent": 80,
  "embeddingFallback": true
}
[2026-06-06T21:15:42.737Z] [INFO] [MCP_REQUEST] [b] Incoming MCP request: batch_index DATA: {
  "method": "batch_index",
  "params": {
    "sessionId": "batch_1780780475920_hewbd8q7",
    "maxFilesPerBatch": 100
  }
}
[2026-06-06T21:15:43.117Z] [INFO] [SYSTEM] MCP Server Transport Connecting DATA: {
  "transport": "stdio"
}
[2026-06-06T21:15:43.117Z] [INFO] [SYSTEM] MCP Server Ready DATA: {
  "directory": "/Users/ib-mac/IB-Odoo_19 (LOCAL)/IB-Odoo_19",
  "transport": "stdio",
  "toolsCount": 26,
  "readyTime": 1780780543117
}
[2026-06-06T21:15:43.126Z] [INFO] [SYSTEM] MCP Server Starting DATA: {
  "directory": "/Users/ib-mac/IB-Odoo_19 (LOCAL)/IB-Odoo_19",
  "nodeVersion": "v22.15.0",
  "platform": "darwin",
  "pid": 43087,
  "configEnvironment": "development",
  "embeddingEnabled": false
}
[2026-06-06T21:15:43.126Z] [INFO] [SYSTEM] Resource Manager Started DATA: {
  "maxMemoryMB": 4096,
  "maxCpuPercent": 80,
  "embeddingFallback": true
}
[2026-06-06T21:15:43.129Z] [INFO] [MCP_REQUEST] [b] Incoming MCP request: batch_index DATA: {
  "method": "batch_index",
  "params": {
    "sessionId": "batch_1780780475920_hewbd8q7",
    "maxFilesPerBatch": 100
  }
}
[2026-06-06T21:15:43.545Z] [INFO] [SYSTEM] MCP Server Transport Connecting DATA: {
  "transport": "stdio"
}
[2026-06-06T21:15:43.545Z] [INFO] [SYSTEM] MCP Server Ready DATA: {
  "directory": "/Users/ib-mac/IB-Odoo_19 (LOCAL)/IB-Odoo_19",
  "transport": "stdio",
  "toolsCount": 26,
  "readyTime": 1780780543545
}
[2026-06-06T21:15:43.554Z] [INFO] [SYSTEM] MCP Server Starting DATA: {
  "directory": "/Users/ib-mac/IB-Odoo_19 (LOCAL)/IB-Odoo_19",
  "nodeVersion": "v22.15.0",
  "platform": "darwin",
  "pid": 43094,
  "configEnvironment": "development",
  "embeddingEnabled": false
}
[2026-06-06T21:15:43.554Z] [INFO] [SYSTEM] Resource Manager Started DATA: {
  "maxMemoryMB": 4096,
  "maxCpuPercent": 80,
  "embeddingFallback": true
}
[2026-06-06T21:15:43.557Z] [INFO] [MCP_REQUEST] [b] Incoming MCP request: batch_index DATA: {
  "method": "batch_index",
  "params": {
    "sessionId": "batch_1780780475920_hewbd8q7",
    "maxFilesPerBatch": 100
  }
}
[2026-06-06T21:15:43.948Z] [INFO] [SYSTEM] MCP Server Transport Connecting DATA: {
  "transport": "stdio"
}
[2026-06-06T21:15:43.948Z] [INFO] [SYSTEM] MCP Server Ready DATA: {
  "directory": "/Users/ib-mac/IB-Odoo_19 (LOCAL)/IB-Odoo_19",
  "transport": "stdio",
  "toolsCount": 26,
  "readyTime": 1780780543948
}
[2026-06-06T21:15:43.957Z] [INFO] [SYSTEM] MCP Server Starting DATA: {
  "directory": "/Users/ib-mac/IB-Odoo_19 (LOCAL)/IB-Odoo_19",
  "nodeVersion": "v22.15.0",
  "platform": "darwin",
  "pid": 43101,
  "configEnvironment": "development",
  "embeddingEnabled": false
}
[2026-06-06T21:15:43.958Z] [INFO] [SYSTEM] Resource Manager Started DATA: {
  "maxMemoryMB": 4096,
  "maxCpuPercent": 80,
  "embeddingFallback": true
}
[2026-06-06T21:15:43.961Z] [INFO] [MCP_REQUEST] [b] Incoming MCP request: batch_index DATA: {
  "method": "batch_index",
  "params": {
    "sessionId": "batch_1780780475920_hewbd8q7",
    "maxFilesPerBatch": 100
  }
}
[2026-06-06T21:15:44.369Z] [INFO] [SYSTEM] MCP Server Transport Connecting DATA: {
  "transport": "stdio"
}
[2026-06-06T21:15:44.369Z] [INFO] [SYSTEM] MCP Server Ready DATA: {
  "directory": "/Users/ib-mac/IB-Odoo_19 (LOCAL)/IB-Odoo_19",
  "transport": "stdio",
  "toolsCount": 26,
  "readyTime": 1780780544369
}
[2026-06-06T21:15:44.379Z] [INFO] [SYSTEM] MCP Server Starting DATA: {
  "directory": "/Users/ib-mac/IB-Odoo_19 (LOCAL)/IB-Odoo_19",
  "nodeVersion": "v22.15.0",
  "platform": "darwin",
  "pid": 43108,
  "configEnvironment": "development",
  "embeddingEnabled": false
}
[2026-06-06T21:15:44.379Z] [INFO] [SYSTEM] Resource Manager Started DATA: {
  "maxMemoryMB": 4096,
  "maxCpuPercent": 80,
  "embeddingFallback": true
}
[2026-06-06T21:15:44.383Z] [INFO] [MCP_REQUEST] [b] Incoming MCP request: batch_index DATA: {
  "method": "batch_index",
  "params": {
    "sessionId": "batch_1780780475920_hewbd8q7",
    "maxFilesPerBatch": 100
  }
}
[2026-06-06T21:15:44.785Z] [INFO] [SYSTEM] MCP Server Transport Connecting DATA: {
  "transport": "stdio"
}
[2026-06-06T21:15:44.785Z] [INFO] [SYSTEM] MCP Server Ready DATA: {
  "directory": "/Users/ib-mac/IB-Odoo_19 (LOCAL)/IB-Odoo_19",
  "transport": "stdio",
  "toolsCount": 26,
  "readyTime": 1780780544785
}
[2026-06-06T21:15:44.800Z] [INFO] [SYSTEM] MCP Server Starting DATA: {
  "directory": "/Users/ib-mac/IB-Odoo_19 (LOCAL)/IB-Odoo_19",
  "nodeVersion": "v22.15.0",
  "platform": "darwin",
  "pid": 43115,
  "configEnvironment": "development",
  "embeddingEnabled": false
}
[2026-06-06T21:15:44.801Z] [INFO] [SYSTEM] Resource Manager Started DATA: {
  "maxMemoryMB": 4096,
  "maxCpuPercent": 80,
  "embeddingFallback": true
}
[2026-06-06T21:15:44.804Z] [INFO] [MCP_REQUEST] [b] Incoming MCP request: batch_index DATA: {
  "method": "batch_index",
  "params": {
    "sessionId": "batch_1780780475920_hewbd8q7",
    "maxFilesPerBatch": 100
  }
}
[2026-06-06T21:15:45.240Z] [INFO] [SYSTEM] MCP Server Transport Connecting DATA: {
  "transport": "stdio"
}
[2026-06-06T21:15:45.240Z] [INFO] [SYSTEM] MCP Server Ready DATA: {
  "directory": "/Users/ib-mac/IB-Odoo_19 (LOCAL)/IB-Odoo_19",
  "transport": "stdio",
  "toolsCount": 26,
  "readyTime": 1780780545240
}
[2026-06-06T21:15:45.252Z] [INFO] [SYSTEM] MCP Server Starting DATA: {
  "directory": "/Users/ib-mac/IB-Odoo_19 (LOCAL)/IB-Odoo_19",
  "nodeVersion": "v22.15.0",
  "platform": "darwin",
  "pid": 43125,
  "configEnvironment": "development",
  "embeddingEnabled": false
}
[2026-06-06T21:15:45.252Z] [INFO] [SYSTEM] Resource Manager Started DATA: {
  "maxMemoryMB": 4096,
  "maxCpuPercent": 80,
  "embeddingFallback": true
}
[2026-06-06T21:15:45.255Z] [INFO] [MCP_REQUEST] [b] Incoming MCP request: batch_index DATA: {
  "method": "batch_index",
  "params": {
    "sessionId": "batch_1780780475920_hewbd8q7",
    "maxFilesPerBatch": 100
  }
}
[2026-06-06T21:15:45.667Z] [INFO] [SYSTEM] MCP Server Transport Connecting DATA: {
  "transport": "stdio"
}
[2026-06-06T21:15:45.667Z] [INFO] [SYSTEM] MCP Server Ready DATA: {
  "directory": "/Users/ib-mac/IB-Odoo_19 (LOCAL)/IB-Odoo_19",
  "transport": "stdio",
  "toolsCount": 26,
  "readyTime": 1780780545667
}
[2026-06-06T21:15:45.677Z] [INFO] [SYSTEM] MCP Server Starting DATA: {
  "directory": "/Users/ib-mac/IB-Odoo_19 (LOCAL)/IB-Odoo_19",
  "nodeVersion": "v22.15.0",
  "platform": "darwin",
  "pid": 43132,
  "configEnvironment": "development",
  "embeddingEnabled": false
}
[2026-06-06T21:15:45.677Z] [INFO] [SYSTEM] Resource Manager Started DATA: {
  "maxMemoryMB": 4096,
  "maxCpuPercent": 80,
  "embeddingFallback": true
}
[2026-06-06T21:15:45.680Z] [INFO] [MCP_REQUEST] [b] Incoming MCP request: batch_index DATA: {
  "method": "batch_index",
  "params": {
    "sessionId": "batch_1780780475920_hewbd8q7",
    "maxFilesPerBatch": 100
  }
}
[2026-06-06T21:15:46.087Z] [INFO] [SYSTEM] MCP Server Transport Connecting DATA: {
  "transport": "stdio"
}
[2026-06-06T21:15:46.087Z] [INFO] [SYSTEM] MCP Server Ready DATA: {
  "directory": "/Users/ib-mac/IB-Odoo_19 (LOCAL)/IB-Odoo_19",
  "transport": "stdio",
  "toolsCount": 26,
  "readyTime": 1780780546087
}
[2026-06-06T21:15:46.096Z] [INFO] [SYSTEM] MCP Server Starting DATA: {
  "directory": "/Users/ib-mac/IB-Odoo_19 (LOCAL)/IB-Odoo_19",
  "nodeVersion": "v22.15.0",
  "platform": "darwin",
  "pid": 43139,
  "configEnvironment": "development",
  "embeddingEnabled": false
}
[2026-06-06T21:15:46.096Z] [INFO] [SYSTEM] Resource Manager Started DATA: {
  "maxMemoryMB": 4096,
  "maxCpuPercent": 80,
  "embeddingFallback": true
}
[2026-06-06T21:15:46.099Z] [INFO] [MCP_REQUEST] [b] Incoming MCP request: batch_index DATA: {
  "method": "batch_index",
  "params": {
    "sessionId": "batch_1780780475920_hewbd8q7",
    "maxFilesPerBatch": 100
  }
}
[2026-06-06T21:15:46.500Z] [INFO] [SYSTEM] MCP Server Transport Connecting DATA: {
  "transport": "stdio"
}
[2026-06-06T21:15:46.500Z] [INFO] [SYSTEM] MCP Server Ready DATA: {
  "directory": "/Users/ib-mac/IB-Odoo_19 (LOCAL)/IB-Odoo_19",
  "transport": "stdio",
  "toolsCount": 26,
  "readyTime": 1780780546500
}
[2026-06-06T21:15:46.510Z] [INFO] [SYSTEM] MCP Server Starting DATA: {
  "directory": "/Users/ib-mac/IB-Odoo_19 (LOCAL)/IB-Odoo_19",
  "nodeVersion": "v22.15.0",
  "platform": "darwin",
  "pid": 43146,
  "configEnvironment": "development",
  "embeddingEnabled": false
}
[2026-06-06T21:15:46.510Z] [INFO] [SYSTEM] Resource Manager Started DATA: {
  "maxMemoryMB": 4096,
  "maxCpuPercent": 80,
  "embeddingFallback": true
}
[2026-06-06T21:15:46.513Z] [INFO] [MCP_REQUEST] [b] Incoming MCP request: batch_index DATA: {
  "method": "batch_index",
  "params": {
    "sessionId": "batch_1780780475920_hewbd8q7",
    "maxFilesPerBatch": 100
  }
}
[2026-06-06T21:15:46.920Z] [INFO] [SYSTEM] MCP Server Transport Connecting DATA: {
  "transport": "stdio"
}
[2026-06-06T21:15:46.920Z] [INFO] [SYSTEM] MCP Server Ready DATA: {
  "directory": "/Users/ib-mac/IB-Odoo_19 (LOCAL)/IB-Odoo_19",
  "transport": "stdio",
  "toolsCount": 26,
  "readyTime": 1780780546920
}
[2026-06-06T21:15:46.929Z] [INFO] [SYSTEM] MCP Server Starting DATA: {
  "directory": "/Users/ib-mac/IB-Odoo_19 (LOCAL)/IB-Odoo_19",
  "nodeVersion": "v22.15.0",
  "platform": "darwin",
  "pid": 43153,
  "configEnvironment": "development",
  "embeddingEnabled": false
}
[2026-06-06T21:15:46.930Z] [INFO] [SYSTEM] Resource Manager Started DATA: {
  "maxMemoryMB": 4096,
  "maxCpuPercent": 80,
  "embeddingFallback": true
}
[2026-06-06T21:15:46.933Z] [INFO] [MCP_REQUEST] [b] Incoming MCP request: batch_index DATA: {
  "method": "batch_index",
  "params": {
    "sessionId": "batch_1780780475920_hewbd8q7",
    "maxFilesPerBatch": 100
  }
}
[2026-06-06T21:15:47.333Z] [INFO] [SYSTEM] MCP Server Transport Connecting DATA: {
  "transport": "stdio"
}
[2026-06-06T21:15:47.334Z] [INFO] [SYSTEM] MCP Server Ready DATA: {
  "directory": "/Users/ib-mac/IB-Odoo_19 (LOCAL)/IB-Odoo_19",
  "transport": "stdio",
  "toolsCount": 26,
  "readyTime": 1780780547334
}
[2026-06-06T21:15:47.343Z] [INFO] [SYSTEM] MCP Server Starting DATA: {
  "directory": "/Users/ib-mac/IB-Odoo_19 (LOCAL)/IB-Odoo_19",
  "nodeVersion": "v22.15.0",
  "platform": "darwin",
  "pid": 43163,
  "configEnvironment": "development",
  "embeddingEnabled": false
}
[2026-06-06T21:15:47.343Z] [INFO] [SYSTEM] Resource Manager Started DATA: {
  "maxMemoryMB": 4096,
  "maxCpuPercent": 80,
  "embeddingFallback": true
}
[2026-06-06T21:15:47.346Z] [INFO] [MCP_REQUEST] [b] Incoming MCP request: batch_index DATA: {
  "method": "batch_index",
  "params": {
    "sessionId": "batch_1780780475920_hewbd8q7",
    "maxFilesPerBatch": 100
  }
}
[2026-06-06T21:15:47.753Z] [INFO] [SYSTEM] MCP Server Transport Connecting DATA: {
  "transport": "stdio"
}
[2026-06-06T21:15:47.753Z] [INFO] [SYSTEM] MCP Server Ready DATA: {
  "directory": "/Users/ib-mac/IB-Odoo_19 (LOCAL)/IB-Odoo_19",
  "transport": "stdio",
  "toolsCount": 26,
  "readyTime": 1780780547753
}
[2026-06-06T21:15:47.762Z] [INFO] [SYSTEM] MCP Server Starting DATA: {
  "directory": "/Users/ib-mac/IB-Odoo_19 (LOCAL)/IB-Odoo_19",
  "nodeVersion": "v22.15.0",
  "platform": "darwin",
  "pid": 43170,
  "configEnvironment": "development",
  "embeddingEnabled": false
}
[2026-06-06T21:15:47.762Z] [INFO] [SYSTEM] Resource Manager Started DATA: {
  "maxMemoryMB": 4096,
  "maxCpuPercent": 80,
  "embeddingFallback": true
}
[2026-06-06T21:15:47.765Z] [INFO] [MCP_REQUEST] [b] Incoming MCP request: batch_index DATA: {
  "method": "batch_index",
  "params": {
    "sessionId": "batch_1780780475920_hewbd8q7",
    "maxFilesPerBatch": 100
  }
}
[2026-06-06T21:15:48.167Z] [INFO] [SYSTEM] MCP Server Transport Connecting DATA: {
  "transport": "stdio"
}
[2026-06-06T21:15:48.167Z] [INFO] [SYSTEM] MCP Server Ready DATA: {
  "directory": "/Users/ib-mac/IB-Odoo_19 (LOCAL)/IB-Odoo_19",
  "transport": "stdio",
  "toolsCount": 26,
  "readyTime": 1780780548167
}
[2026-06-06T21:15:48.179Z] [INFO] [SYSTEM] MCP Server Starting DATA: {
  "directory": "/Users/ib-mac/IB-Odoo_19 (LOCAL)/IB-Odoo_19",
  "nodeVersion": "v22.15.0",
  "platform": "darwin",
  "pid": 43177,
  "configEnvironment": "development",
  "embeddingEnabled": false
}
[2026-06-06T21:15:48.179Z] [INFO] [SYSTEM] Resource Manager Started DATA: {
  "maxMemoryMB": 4096,
  "maxCpuPercent": 80,
  "embeddingFallback": true
}
[2026-06-06T21:15:48.182Z] [INFO] [MCP_REQUEST] [b] Incoming MCP request: batch_index DATA: {
  "method": "batch_index",
  "params": {
    "sessionId": "batch_1780780475920_hewbd8q7",
    "maxFilesPerBatch": 100
  }
}
[2026-06-06T21:15:48.588Z] [INFO] [SYSTEM] MCP Server Transport Connecting DATA: {
  "transport": "stdio"
}
[2026-06-06T21:15:48.589Z] [INFO] [SYSTEM] MCP Server Ready DATA: {
  "directory": "/Users/ib-mac/IB-Odoo_19 (LOCAL)/IB-Odoo_19",
  "transport": "stdio",
  "toolsCount": 26,
  "readyTime": 1780780548589
}
[2026-06-06T21:15:48.598Z] [INFO] [SYSTEM] MCP Server Starting DATA: {
  "directory": "/Users/ib-mac/IB-Odoo_19 (LOCAL)/IB-Odoo_19",
  "nodeVersion": "v22.15.0",
  "platform": "darwin",
  "pid": 43184,
  "configEnvironment": "development",
  "embeddingEnabled": false
}
[2026-06-06T21:15:48.598Z] [INFO] [SYSTEM] Resource Manager Started DATA: {
  "maxMemoryMB": 4096,
  "maxCpuPercent": 80,
  "embeddingFallback": true
}
[2026-06-06T21:15:48.601Z] [INFO] [MCP_REQUEST] [b] Incoming MCP request: batch_index DATA: {
  "method": "batch_index",
  "params": {
    "sessionId": "batch_1780780475920_hewbd8q7",
    "maxFilesPerBatch": 100
  }
}
[2026-06-06T21:15:49.019Z] [INFO] [SYSTEM] MCP Server Transport Connecting DATA: {
  "transport": "stdio"
}
[2026-06-06T21:15:49.019Z] [INFO] [SYSTEM] MCP Server Ready DATA: {
  "directory": "/Users/ib-mac/IB-Odoo_19 (LOCAL)/IB-Odoo_19",
  "transport": "stdio",
  "toolsCount": 26,
  "readyTime": 1780780549019
}
[2026-06-06T21:15:49.031Z] [INFO] [SYSTEM] MCP Server Starting DATA: {
  "directory": "/Users/ib-mac/IB-Odoo_19 (LOCAL)/IB-Odoo_19",
  "nodeVersion": "v22.15.0",
  "platform": "darwin",
  "pid": 43191,
  "configEnvironment": "development",
  "embeddingEnabled": false
}
[2026-06-06T21:15:49.031Z] [INFO] [SYSTEM] Resource Manager Started DATA: {
  "maxMemoryMB": 4096,
  "maxCpuPercent": 80,
  "embeddingFallback": true
}
[2026-06-06T21:15:49.034Z] [INFO] [MCP_REQUEST] [b] Incoming MCP request: batch_index DATA: {
  "method": "batch_index",
  "params": {
    "sessionId": "batch_1780780475920_hewbd8q7",
    "maxFilesPerBatch": 100
  }
}
[2026-06-06T21:15:49.452Z] [INFO] [SYSTEM] MCP Server Transport Connecting DATA: {
  "transport": "stdio"
}
[2026-06-06T21:15:49.452Z] [INFO] [SYSTEM] MCP Server Ready DATA: {
  "directory": "/Users/ib-mac/IB-Odoo_19 (LOCAL)/IB-Odoo_19",
  "transport": "stdio",
  "toolsCount": 26,
  "readyTime": 1780780549452
}
[2026-06-06T21:15:49.462Z] [INFO] [SYSTEM] MCP Server Starting DATA: {
  "directory": "/Users/ib-mac/IB-Odoo_19 (LOCAL)/IB-Odoo_19",
  "nodeVersion": "v22.15.0",
  "platform": "darwin",
  "pid": 43201,
  "configEnvironment": "development",
  "embeddingEnabled": false
}
[2026-06-06T21:15:49.462Z] [INFO] [SYSTEM] Resource Manager Started DATA: {
  "maxMemoryMB": 4096,
  "maxCpuPercent": 80,
  "embeddingFallback": true
}
[2026-06-06T21:15:49.465Z] [INFO] [MCP_REQUEST] [b] Incoming MCP request: batch_index DATA: {
  "method": "batch_index",
  "params": {
    "sessionId": "batch_1780780475920_hewbd8q7",
    "maxFilesPerBatch": 100
  }
}
[2026-06-06T21:15:49.878Z] [INFO] [SYSTEM] MCP Server Transport Connecting DATA: {
  "transport": "stdio"
}
[2026-06-06T21:15:49.878Z] [INFO] [SYSTEM] MCP Server Ready DATA: {
  "directory": "/Users/ib-mac/IB-Odoo_19 (LOCAL)/IB-Odoo_19",
  "transport": "stdio",
  "toolsCount": 26,
  "readyTime": 1780780549878
}
[2026-06-06T21:15:49.887Z] [INFO] [SYSTEM] MCP Server Starting DATA: {
  "directory": "/Users/ib-mac/IB-Odoo_19 (LOCAL)/IB-Odoo_19",
  "nodeVersion": "v22.15.0",
  "platform": "darwin",
  "pid": 43209,
  "configEnvironment": "development",
  "embeddingEnabled": false
}
[2026-06-06T21:15:49.887Z] [INFO] [SYSTEM] Resource Manager Started DATA: {
  "maxMemoryMB": 4096,
  "maxCpuPercent": 80,
  "embeddingFallback": true
}
[2026-06-06T21:15:49.890Z] [INFO] [MCP_REQUEST] [b] Incoming MCP request: batch_index DATA: {
  "method": "batch_index",
  "params": {
    "sessionId": "batch_1780780475920_hewbd8q7",
    "maxFilesPerBatch": 100
  }
}
[2026-06-06T21:15:50.296Z] [INFO] [SYSTEM] MCP Server Transport Connecting DATA: {
  "transport": "stdio"
}
[2026-06-06T21:15:50.296Z] [INFO] [SYSTEM] MCP Server Ready DATA: {
  "directory": "/Users/ib-mac/IB-Odoo_19 (LOCAL)/IB-Odoo_19",
  "transport": "stdio",
  "toolsCount": 26,
  "readyTime": 1780780550296
}
[2026-06-06T21:15:50.305Z] [INFO] [SYSTEM] MCP Server Starting DATA: {
  "directory": "/Users/ib-mac/IB-Odoo_19 (LOCAL)/IB-Odoo_19",
  "nodeVersion": "v22.15.0",
  "platform": "darwin",
  "pid": 43216,
  "configEnvironment": "development",
  "embeddingEnabled": false
}
[2026-06-06T21:15:50.305Z] [INFO] [SYSTEM] Resource Manager Started DATA: {
  "maxMemoryMB": 4096,
  "maxCpuPercent": 80,
  "embeddingFallback": true
}
[2026-06-06T21:15:50.308Z] [INFO] [MCP_REQUEST] [b] Incoming MCP request: batch_index DATA: {
  "method": "batch_index",
  "params": {
    "sessionId": "batch_1780780475920_hewbd8q7",
    "maxFilesPerBatch": 100
  }
}
[2026-06-06T21:15:50.708Z] [INFO] [SYSTEM] MCP Server Transport Connecting DATA: {
  "transport": "stdio"
}
[2026-06-06T21:15:50.708Z] [INFO] [SYSTEM] MCP Server Ready DATA: {
  "directory": "/Users/ib-mac/IB-Odoo_19 (LOCAL)/IB-Odoo_19",
  "transport": "stdio",
  "toolsCount": 26,
  "readyTime": 1780780550708
}
[2026-06-06T21:15:50.717Z] [INFO] [SYSTEM] MCP Server Starting DATA: {
  "directory": "/Users/ib-mac/IB-Odoo_19 (LOCAL)/IB-Odoo_19",
  "nodeVersion": "v22.15.0",
  "platform": "darwin",
  "pid": 43223,
  "configEnvironment": "development",
  "embeddingEnabled": false
}
[2026-06-06T21:15:50.718Z] [INFO] [SYSTEM] Resource Manager Started DATA: {
  "maxMemoryMB": 4096,
  "maxCpuPercent": 80,
  "embeddingFallback": true
}
[2026-06-06T21:15:50.721Z] [INFO] [MCP_REQUEST] [b] Incoming MCP request: batch_index DATA: {
  "method": "batch_index",
  "params": {
    "sessionId": "batch_1780780475920_hewbd8q7",
    "maxFilesPerBatch": 100
  }
}
[2026-06-06T21:15:51.124Z] [INFO] [SYSTEM] MCP Server Transport Connecting DATA: {
  "transport": "stdio"
}
[2026-06-06T21:15:51.124Z] [INFO] [SYSTEM] MCP Server Ready DATA: {
  "directory": "/Users/ib-mac/IB-Odoo_19 (LOCAL)/IB-Odoo_19",
  "transport": "stdio",
  "toolsCount": 26,
  "readyTime": 1780780551124
}
[2026-06-06T21:15:51.134Z] [INFO] [SYSTEM] MCP Server Starting DATA: {
  "directory": "/Users/ib-mac/IB-Odoo_19 (LOCAL)/IB-Odoo_19",
  "nodeVersion": "v22.15.0",
  "platform": "darwin",
  "pid": 43233,
  "configEnvironment": "development",
  "embeddingEnabled": false
}
[2026-06-06T21:15:51.135Z] [INFO] [SYSTEM] Resource Manager Started DATA: {
  "maxMemoryMB": 4096,
  "maxCpuPercent": 80,
  "embeddingFallback": true
}
[2026-06-06T21:15:51.138Z] [INFO] [MCP_REQUEST] [b] Incoming MCP request: batch_index DATA: {
  "method": "batch_index",
  "params": {
    "sessionId": "batch_1780780475920_hewbd8q7",
    "maxFilesPerBatch": 100
  }
}
[2026-06-06T21:15:51.536Z] [INFO] [SYSTEM] MCP Server Transport Connecting DATA: {
  "transport": "stdio"
}
[2026-06-06T21:15:51.536Z] [INFO] [SYSTEM] MCP Server Ready DATA: {
  "directory": "/Users/ib-mac/IB-Odoo_19 (LOCAL)/IB-Odoo_19",
  "transport": "stdio",
  "toolsCount": 26,
  "readyTime": 1780780551536
}
[2026-06-06T21:15:51.545Z] [INFO] [SYSTEM] MCP Server Starting DATA: {
  "directory": "/Users/ib-mac/IB-Odoo_19 (LOCAL)/IB-Odoo_19",
  "nodeVersion": "v22.15.0",
  "platform": "darwin",
  "pid": 43240,
  "configEnvironment": "development",
  "embeddingEnabled": false
}
[2026-06-06T21:15:51.546Z] [INFO] [SYSTEM] Resource Manager Started DATA: {
  "maxMemoryMB": 4096,
  "maxCpuPercent": 80,
  "embeddingFallback": true
}
[2026-06-06T21:15:51.549Z] [INFO] [MCP_REQUEST] [b] Incoming MCP request: batch_index DATA: {
  "method": "batch_index",
  "params": {
    "sessionId": "batch_1780780475920_hewbd8q7",
    "maxFilesPerBatch": 100
  }
}
[2026-06-06T21:15:51.954Z] [INFO] [SYSTEM] MCP Server Transport Connecting DATA: {
  "transport": "stdio"
}
[2026-06-06T21:15:51.955Z] [INFO] [SYSTEM] MCP Server Ready DATA: {
  "directory": "/Users/ib-mac/IB-Odoo_19 (LOCAL)/IB-Odoo_19",
  "transport": "stdio",
  "toolsCount": 26,
  "readyTime": 1780780551955
}
[2026-06-06T21:15:51.965Z] [INFO] [SYSTEM] MCP Server Starting DATA: {
  "directory": "/Users/ib-mac/IB-Odoo_19 (LOCAL)/IB-Odoo_19",
  "nodeVersion": "v22.15.0",
  "platform": "darwin",
  "pid": 43247,
  "configEnvironment": "development",
  "embeddingEnabled": false
}
[2026-06-06T21:15:51.965Z] [INFO] [SYSTEM] Resource Manager Started DATA: {
  "maxMemoryMB": 4096,
  "maxCpuPercent": 80,
  "embeddingFallback": true
}
[2026-06-06T21:15:51.968Z] [INFO] [MCP_REQUEST] [b] Incoming MCP request: batch_index DATA: {
  "method": "batch_index",
  "params": {
    "sessionId": "batch_1780780475920_hewbd8q7",
    "maxFilesPerBatch": 100
  }
}
[2026-06-06T21:15:52.373Z] [INFO] [SYSTEM] MCP Server Transport Connecting DATA: {
  "transport": "stdio"
}
[2026-06-06T21:15:52.373Z] [INFO] [SYSTEM] MCP Server Ready DATA: {
  "directory": "/Users/ib-mac/IB-Odoo_19 (LOCAL)/IB-Odoo_19",
  "transport": "stdio",
  "toolsCount": 26,
  "readyTime": 1780780552373
}
[2026-06-06T21:15:52.383Z] [INFO] [SYSTEM] MCP Server Starting DATA: {
  "directory": "/Users/ib-mac/IB-Odoo_19 (LOCAL)/IB-Odoo_19",
  "nodeVersion": "v22.15.0",
  "platform": "darwin",
  "pid": 43254,
  "configEnvironment": "development",
  "embeddingEnabled": false
}
[2026-06-06T21:15:52.383Z] [INFO] [SYSTEM] Resource Manager Started DATA: {
  "maxMemoryMB": 4096,
  "maxCpuPercent": 80,
  "embeddingFallback": true
}
[2026-06-06T21:15:52.386Z] [INFO] [MCP_REQUEST] [b] Incoming MCP request: batch_index DATA: {
  "method": "batch_index",
  "params": {
    "sessionId": "batch_1780780475920_hewbd8q7",
    "maxFilesPerBatch": 100
  }
}
[2026-06-06T21:15:52.797Z] [INFO] [SYSTEM] MCP Server Transport Connecting DATA: {
  "transport": "stdio"
}
[2026-06-06T21:15:52.798Z] [INFO] [SYSTEM] MCP Server Ready DATA: {
  "directory": "/Users/ib-mac/IB-Odoo_19 (LOCAL)/IB-Odoo_19",
  "transport": "stdio",
  "toolsCount": 26,
  "readyTime": 1780780552798
}
[2026-06-06T21:15:52.806Z] [INFO] [SYSTEM] MCP Server Starting DATA: {
  "directory": "/Users/ib-mac/IB-Odoo_19 (LOCAL)/IB-Odoo_19",
  "nodeVersion": "v22.15.0",
  "platform": "darwin",
  "pid": 43261,
  "configEnvironment": "development",
  "embeddingEnabled": false
}
[2026-06-06T21:15:52.807Z] [INFO] [SYSTEM] Resource Manager Started DATA: {
  "maxMemoryMB": 4096,
  "maxCpuPercent": 80,
  "embeddingFallback": true
}
[2026-06-06T21:15:52.810Z] [INFO] [MCP_REQUEST] [b] Incoming MCP request: batch_index DATA: {
  "method": "batch_index",
  "params": {
    "sessionId": "batch_1780780475920_hewbd8q7",
    "maxFilesPerBatch": 100
  }
}
[2026-06-06T21:15:53.211Z] [INFO] [SYSTEM] MCP Server Transport Connecting DATA: {
  "transport": "stdio"
}
[2026-06-06T21:15:53.211Z] [INFO] [SYSTEM] MCP Server Ready DATA: {
  "directory": "/Users/ib-mac/IB-Odoo_19 (LOCAL)/IB-Odoo_19",
  "transport": "stdio",
  "toolsCount": 26,
  "readyTime": 1780780553211
}
[2026-06-06T21:15:53.220Z] [INFO] [SYSTEM] MCP Server Starting DATA: {
  "directory": "/Users/ib-mac/IB-Odoo_19 (LOCAL)/IB-Odoo_19",
  "nodeVersion": "v22.15.0",
  "platform": "darwin",
  "pid": 43271,
  "configEnvironment": "development",
  "embeddingEnabled": false
}
[2026-06-06T21:15:53.220Z] [INFO] [SYSTEM] Resource Manager Started DATA: {
  "maxMemoryMB": 4096,
  "maxCpuPercent": 80,
  "embeddingFallback": true
}
[2026-06-06T21:15:53.223Z] [INFO] [MCP_REQUEST] [b] Incoming MCP request: batch_index DATA: {
  "method": "batch_index",
  "params": {
    "sessionId": "batch_1780780475920_hewbd8q7",
    "maxFilesPerBatch": 100
  }
}
[2026-06-06T21:15:53.621Z] [INFO] [SYSTEM] MCP Server Transport Connecting DATA: {
  "transport": "stdio"
}
[2026-06-06T21:15:53.622Z] [INFO] [SYSTEM] MCP Server Ready DATA: {
  "directory": "/Users/ib-mac/IB-Odoo_19 (LOCAL)/IB-Odoo_19",
  "transport": "stdio",
  "toolsCount": 26,
  "readyTime": 1780780553622
}
[2026-06-06T21:15:53.631Z] [INFO] [SYSTEM] MCP Server Starting DATA: {
  "directory": "/Users/ib-mac/IB-Odoo_19 (LOCAL)/IB-Odoo_19",
  "nodeVersion": "v22.15.0",
  "platform": "darwin",
  "pid": 43278,
  "configEnvironment": "development",
  "embeddingEnabled": false
}
[2026-06-06T21:15:53.631Z] [INFO] [SYSTEM] Resource Manager Started DATA: {
  "maxMemoryMB": 4096,
  "maxCpuPercent": 80,
  "embeddingFallback": true
}
[2026-06-06T21:15:53.634Z] [INFO] [MCP_REQUEST] [b] Incoming MCP request: batch_index DATA: {
  "method": "batch_index",
  "params": {
    "sessionId": "batch_1780780475920_hewbd8q7",
    "maxFilesPerBatch": 100
  }
}
[2026-06-06T21:15:54.047Z] [INFO] [SYSTEM] MCP Server Transport Connecting DATA: {
  "transport": "stdio"
}
[2026-06-06T21:15:54.047Z] [INFO] [SYSTEM] MCP Server Ready DATA: {
  "directory": "/Users/ib-mac/IB-Odoo_19 (LOCAL)/IB-Odoo_19",
  "transport": "stdio",
  "toolsCount": 26,
  "readyTime": 1780780554047
}
[2026-06-06T21:15:54.056Z] [INFO] [SYSTEM] MCP Server Starting DATA: {
  "directory": "/Users/ib-mac/IB-Odoo_19 (LOCAL)/IB-Odoo_19",
  "nodeVersion": "v22.15.0",
  "platform": "darwin",
  "pid": 43285,
  "configEnvironment": "development",
  "embeddingEnabled": false
}
[2026-06-06T21:15:54.057Z] [INFO] [SYSTEM] Resource Manager Started DATA: {
  "maxMemoryMB": 4096,
  "maxCpuPercent": 80,
  "embeddingFallback": true
}
[2026-06-06T21:15:54.060Z] [INFO] [MCP_REQUEST] [b] Incoming MCP request: batch_index DATA: {
  "method": "batch_index",
  "params": {
    "sessionId": "batch_1780780475920_hewbd8q7",
    "maxFilesPerBatch": 100
  }
}
[2026-06-06T21:15:54.464Z] [INFO] [SYSTEM] MCP Server Transport Connecting DATA: {
  "transport": "stdio"
}
[2026-06-06T21:15:54.465Z] [INFO] [SYSTEM] MCP Server Ready DATA: {
  "directory": "/Users/ib-mac/IB-Odoo_19 (LOCAL)/IB-Odoo_19",
  "transport": "stdio",
  "toolsCount": 26,
  "readyTime": 1780780554465
}
[2026-06-06T21:15:54.473Z] [INFO] [SYSTEM] MCP Server Starting DATA: {
  "directory": "/Users/ib-mac/IB-Odoo_19 (LOCAL)/IB-Odoo_19",
  "nodeVersion": "v22.15.0",
  "platform": "darwin",
  "pid": 43292,
  "configEnvironment": "development",
  "embeddingEnabled": false
}
[2026-06-06T21:15:54.474Z] [INFO] [SYSTEM] Resource Manager Started DATA: {
  "maxMemoryMB": 4096,
  "maxCpuPercent": 80,
  "embeddingFallback": true
}
[2026-06-06T21:15:54.477Z] [INFO] [MCP_REQUEST] [b] Incoming MCP request: batch_index DATA: {
  "method": "batch_index",
  "params": {
    "sessionId": "batch_1780780475920_hewbd8q7",
    "maxFilesPerBatch": 100
  }
}
[2026-06-06T21:15:54.881Z] [INFO] [SYSTEM] MCP Server Transport Connecting DATA: {
  "transport": "stdio"
}
[2026-06-06T21:15:54.881Z] [INFO] [SYSTEM] MCP Server Ready DATA: {
  "directory": "/Users/ib-mac/IB-Odoo_19 (LOCAL)/IB-Odoo_19",
  "transport": "stdio",
  "toolsCount": 26,
  "readyTime": 1780780554881
}
[2026-06-06T21:15:54.891Z] [INFO] [SYSTEM] MCP Server Starting DATA: {
  "directory": "/Users/ib-mac/IB-Odoo_19 (LOCAL)/IB-Odoo_19",
  "nodeVersion": "v22.15.0",
  "platform": "darwin",
  "pid": 43299,
  "configEnvironment": "development",
  "embeddingEnabled": false
}
[2026-06-06T21:15:54.891Z] [INFO] [SYSTEM] Resource Manager Started DATA: {
  "maxMemoryMB": 4096,
  "maxCpuPercent": 80,
  "embeddingFallback": true
}
[2026-06-06T21:15:54.897Z] [INFO] [MCP_REQUEST] [b] Incoming MCP request: batch_index DATA: {
  "method": "batch_index",
  "params": {
    "sessionId": "batch_1780780475920_hewbd8q7",
    "maxFilesPerBatch": 100
  }
}
[2026-06-06T21:15:55.308Z] [INFO] [SYSTEM] MCP Server Transport Connecting DATA: {
  "transport": "stdio"
}
[2026-06-06T21:15:55.308Z] [INFO] [SYSTEM] MCP Server Ready DATA: {
  "directory": "/Users/ib-mac/IB-Odoo_19 (LOCAL)/IB-Odoo_19",
  "transport": "stdio",
  "toolsCount": 26,
  "readyTime": 1780780555308
}
[2026-06-06T21:15:55.319Z] [INFO] [SYSTEM] MCP Server Starting DATA: {
  "directory": "/Users/ib-mac/IB-Odoo_19 (LOCAL)/IB-Odoo_19",
  "nodeVersion": "v22.15.0",
  "platform": "darwin",
  "pid": 43309,
  "configEnvironment": "development",
  "embeddingEnabled": false
}
[2026-06-06T21:15:55.319Z] [INFO] [SYSTEM] Resource Manager Started DATA: {
  "maxMemoryMB": 4096,
  "maxCpuPercent": 80,
  "embeddingFallback": true
}
[2026-06-06T21:15:55.322Z] [INFO] [MCP_REQUEST] [b] Incoming MCP request: batch_index DATA: {
  "method": "batch_index",
  "params": {
    "sessionId": "batch_1780780475920_hewbd8q7",
    "maxFilesPerBatch": 100
  }
}
[2026-06-06T21:15:55.853Z] [INFO] [SYSTEM] MCP Server Transport Connecting DATA: {
  "transport": "stdio"
}
[2026-06-06T21:15:55.854Z] [INFO] [SYSTEM] MCP Server Ready DATA: {
  "directory": "/Users/ib-mac/IB-Odoo_19 (LOCAL)/IB-Odoo_19",
  "transport": "stdio",
  "toolsCount": 26,
  "readyTime": 1780780555854
}
[2026-06-06T21:15:55.866Z] [INFO] [SYSTEM] MCP Server Starting DATA: {
  "directory": "/Users/ib-mac/IB-Odoo_19 (LOCAL)/IB-Odoo_19",
  "nodeVersion": "v22.15.0",
  "platform": "darwin",
  "pid": 43316,
  "configEnvironment": "development",
  "embeddingEnabled": false
}
[2026-06-06T21:15:55.866Z] [INFO] [SYSTEM] Resource Manager Started DATA: {
  "maxMemoryMB": 4096,
  "maxCpuPercent": 80,
  "embeddingFallback": true
}
[2026-06-06T21:15:55.871Z] [INFO] [MCP_REQUEST] [b] Incoming MCP request: batch_index DATA: {
  "method": "batch_index",
  "params": {
    "sessionId": "batch_1780780475920_hewbd8q7",
    "maxFilesPerBatch": 100
  }
}
[2026-06-06T21:15:56.282Z] [INFO] [SYSTEM] MCP Server Transport Connecting DATA: {
  "transport": "stdio"
}
[2026-06-06T21:15:56.282Z] [INFO] [SYSTEM] MCP Server Ready DATA: {
  "directory": "/Users/ib-mac/IB-Odoo_19 (LOCAL)/IB-Odoo_19",
  "transport": "stdio",
  "toolsCount": 26,
  "readyTime": 1780780556282
}
[2026-06-06T21:15:56.292Z] [INFO] [SYSTEM] MCP Server Starting DATA: {
  "directory": "/Users/ib-mac/IB-Odoo_19 (LOCAL)/IB-Odoo_19",
  "nodeVersion": "v22.15.0",
  "platform": "darwin",
  "pid": 43323,
  "configEnvironment": "development",
  "embeddingEnabled": false
}
[2026-06-06T21:15:56.293Z] [INFO] [SYSTEM] Resource Manager Started DATA: {
  "maxMemoryMB": 4096,
  "maxCpuPercent": 80,
  "embeddingFallback": true
}
[2026-06-06T21:15:56.296Z] [INFO] [MCP_REQUEST] [b] Incoming MCP request: batch_index DATA: {
  "method": "batch_index",
  "params": {
    "sessionId": "batch_1780780475920_hewbd8q7",
    "maxFilesPerBatch": 100
  }
}
[2026-06-06T21:15:56.718Z] [INFO] [SYSTEM] MCP Server Transport Connecting DATA: {
  "transport": "stdio"
}
[2026-06-06T21:15:56.718Z] [INFO] [SYSTEM] MCP Server Ready DATA: {
  "directory": "/Users/ib-mac/IB-Odoo_19 (LOCAL)/IB-Odoo_19",
  "transport": "stdio",
  "toolsCount": 26,
  "readyTime": 1780780556718
}
[2026-06-06T21:15:56.728Z] [INFO] [SYSTEM] MCP Server Starting DATA: {
  "directory": "/Users/ib-mac/IB-Odoo_19 (LOCAL)/IB-Odoo_19",
  "nodeVersion": "v22.15.0",
  "platform": "darwin",
  "pid": 43330,
  "configEnvironment": "development",
  "embeddingEnabled": false
}
[2026-06-06T21:15:56.728Z] [INFO] [SYSTEM] Resource Manager Started DATA: {
  "maxMemoryMB": 4096,
  "maxCpuPercent": 80,
  "embeddingFallback": true
}
[2026-06-06T21:15:56.731Z] [INFO] [MCP_REQUEST] [b] Incoming MCP request: batch_index DATA: {
  "method": "batch_index",
  "params": {
    "sessionId": "batch_1780780475920_hewbd8q7",
    "maxFilesPerBatch": 100
  }
}
[2026-06-06T21:15:57.160Z] [INFO] [SYSTEM] MCP Server Transport Connecting DATA: {
  "transport": "stdio"
}
[2026-06-06T21:15:57.161Z] [INFO] [SYSTEM] MCP Server Ready DATA: {
  "directory": "/Users/ib-mac/IB-Odoo_19 (LOCAL)/IB-Odoo_19",
  "transport": "stdio",
  "toolsCount": 26,
  "readyTime": 1780780557161
}
[2026-06-06T21:15:57.171Z] [INFO] [SYSTEM] MCP Server Starting DATA: {
  "directory": "/Users/ib-mac/IB-Odoo_19 (LOCAL)/IB-Odoo_19",
  "nodeVersion": "v22.15.0",
  "platform": "darwin",
  "pid": 43340,
  "configEnvironment": "development",
  "embeddingEnabled": false
}
[2026-06-06T21:15:57.171Z] [INFO] [SYSTEM] Resource Manager Started DATA: {
  "maxMemoryMB": 4096,
  "maxCpuPercent": 80,
  "embeddingFallback": true
}
[2026-06-06T21:15:57.174Z] [INFO] [MCP_REQUEST] [b] Incoming MCP request: batch_index DATA: {
  "method": "batch_index",
  "params": {
    "sessionId": "batch_1780780475920_hewbd8q7",
    "maxFilesPerBatch": 100
  }
}
[2026-06-06T21:15:57.607Z] [INFO] [SYSTEM] MCP Server Transport Connecting DATA: {
  "transport": "stdio"
}
[2026-06-06T21:15:57.607Z] [INFO] [SYSTEM] MCP Server Ready DATA: {
  "directory": "/Users/ib-mac/IB-Odoo_19 (LOCAL)/IB-Odoo_19",
  "transport": "stdio",
  "toolsCount": 26,
  "readyTime": 1780780557607
}
[2026-06-06T21:15:57.617Z] [INFO] [SYSTEM] MCP Server Starting DATA: {
  "directory": "/Users/ib-mac/IB-Odoo_19 (LOCAL)/IB-Odoo_19",
  "nodeVersion": "v22.15.0",
  "platform": "darwin",
  "pid": 43347,
  "configEnvironment": "development",
  "embeddingEnabled": false
}
[2026-06-06T21:15:57.618Z] [INFO] [SYSTEM] Resource Manager Started DATA: {
  "maxMemoryMB": 4096,
  "maxCpuPercent": 80,
  "embeddingFallback": true
}
[2026-06-06T21:15:57.621Z] [INFO] [MCP_REQUEST] [b] Incoming MCP request: batch_index DATA: {
  "method": "batch_index",
  "params": {
    "sessionId": "batch_1780780475920_hewbd8q7",
    "maxFilesPerBatch": 100
  }
}
[2026-06-06T21:15:58.085Z] [INFO] [SYSTEM] MCP Server Transport Connecting DATA: {
  "transport": "stdio"
}
[2026-06-06T21:15:58.085Z] [INFO] [SYSTEM] MCP Server Ready DATA: {
  "directory": "/Users/ib-mac/IB-Odoo_19 (LOCAL)/IB-Odoo_19",
  "transport": "stdio",
  "toolsCount": 26,
  "readyTime": 1780780558085
}
[2026-06-06T21:15:58.116Z] [INFO] [SYSTEM] MCP Server Starting DATA: {
  "directory": "/Users/ib-mac/IB-Odoo_19 (LOCAL)/IB-Odoo_19",
  "nodeVersion": "v22.15.0",
  "platform": "darwin",
  "pid": 43354,
  "configEnvironment": "development",
  "embeddingEnabled": false
}
[2026-06-06T21:15:58.117Z] [INFO] [SYSTEM] Resource Manager Started DATA: {
  "maxMemoryMB": 4096,
  "maxCpuPercent": 80,
  "embeddingFallback": true
}
[2026-06-06T21:15:58.131Z] [INFO] [MCP_REQUEST] [b] Incoming MCP request: batch_index DATA: {
  "method": "batch_index",
  "params": {
    "sessionId": "batch_1780780475920_hewbd8q7",
    "maxFilesPerBatch": 100
  }
}
[2026-06-06T21:15:58.625Z] [INFO] [SYSTEM] MCP Server Transport Connecting DATA: {
  "transport": "stdio"
}
[2026-06-06T21:15:58.626Z] [INFO] [SYSTEM] MCP Server Ready DATA: {
  "directory": "/Users/ib-mac/IB-Odoo_19 (LOCAL)/IB-Odoo_19",
  "transport": "stdio",
  "toolsCount": 26,
  "readyTime": 1780780558626
}
[2026-06-06T21:15:58.635Z] [INFO] [SYSTEM] MCP Server Starting DATA: {
  "directory": "/Users/ib-mac/IB-Odoo_19 (LOCAL)/IB-Odoo_19",
  "nodeVersion": "v22.15.0",
  "platform": "darwin",
  "pid": 43361,
  "configEnvironment": "development",
  "embeddingEnabled": false
}
[2026-06-06T21:15:58.635Z] [INFO] [SYSTEM] Resource Manager Started DATA: {
  "maxMemoryMB": 4096,
  "maxCpuPercent": 80,
  "embeddingFallback": true
}
[2026-06-06T21:15:58.638Z] [INFO] [MCP_REQUEST] [b] Incoming MCP request: batch_index DATA: {
  "method": "batch_index",
  "params": {
    "sessionId": "batch_1780780475920_hewbd8q7",
    "maxFilesPerBatch": 100
  }
}
[2026-06-06T21:15:59.047Z] [INFO] [SYSTEM] MCP Server Transport Connecting DATA: {
  "transport": "stdio"
}
[2026-06-06T21:15:59.047Z] [INFO] [SYSTEM] MCP Server Ready DATA: {
  "directory": "/Users/ib-mac/IB-Odoo_19 (LOCAL)/IB-Odoo_19",
  "transport": "stdio",
  "toolsCount": 26,
  "readyTime": 1780780559047
}
[2026-06-06T21:15:59.056Z] [INFO] [SYSTEM] MCP Server Starting DATA: {
  "directory": "/Users/ib-mac/IB-Odoo_19 (LOCAL)/IB-Odoo_19",
  "nodeVersion": "v22.15.0",
  "platform": "darwin",
  "pid": 43369,
  "configEnvironment": "development",
  "embeddingEnabled": false
}
[2026-06-06T21:15:59.056Z] [INFO] [SYSTEM] Resource Manager Started DATA: {
  "maxMemoryMB": 4096,
  "maxCpuPercent": 80,
  "embeddingFallback": true
}
[2026-06-06T21:15:59.060Z] [INFO] [MCP_REQUEST] [b] Incoming MCP request: batch_index DATA: {
  "method": "batch_index",
  "params": {
    "sessionId": "batch_1780780475920_hewbd8q7",
    "maxFilesPerBatch": 100
  }
}
[2026-06-06T21:15:59.472Z] [INFO] [SYSTEM] MCP Server Transport Connecting DATA: {
  "transport": "stdio"
}
[2026-06-06T21:15:59.472Z] [INFO] [SYSTEM] MCP Server Ready DATA: {
  "directory": "/Users/ib-mac/IB-Odoo_19 (LOCAL)/IB-Odoo_19",
  "transport": "stdio",
  "toolsCount": 26,
  "readyTime": 1780780559472
}
[2026-06-06T21:15:59.481Z] [INFO] [SYSTEM] MCP Server Starting DATA: {
  "directory": "/Users/ib-mac/IB-Odoo_19 (LOCAL)/IB-Odoo_19",
  "nodeVersion": "v22.15.0",
  "platform": "darwin",
  "pid": 43378,
  "configEnvironment": "development",
  "embeddingEnabled": false
}
[2026-06-06T21:15:59.481Z] [INFO] [SYSTEM] Resource Manager Started DATA: {
  "maxMemoryMB": 4096,
  "maxCpuPercent": 80,
  "embeddingFallback": true
}
[2026-06-06T21:15:59.485Z] [INFO] [MCP_REQUEST] [b] Incoming MCP request: batch_index DATA: {
  "method": "batch_index",
  "params": {
    "sessionId": "batch_1780780475920_hewbd8q7",
    "maxFilesPerBatch": 100
  }
}
[2026-06-06T21:15:59.898Z] [INFO] [SYSTEM] MCP Server Transport Connecting DATA: {
  "transport": "stdio"
}
[2026-06-06T21:15:59.898Z] [INFO] [SYSTEM] MCP Server Ready DATA: {
  "directory": "/Users/ib-mac/IB-Odoo_19 (LOCAL)/IB-Odoo_19",
  "transport": "stdio",
  "toolsCount": 26,
  "readyTime": 1780780559898
}
[2026-06-06T21:15:59.908Z] [INFO] [SYSTEM] MCP Server Starting DATA: {
  "directory": "/Users/ib-mac/IB-Odoo_19 (LOCAL)/IB-Odoo_19",
  "nodeVersion": "v22.15.0",
  "platform": "darwin",
  "pid": 43386,
  "configEnvironment": "development",
  "embeddingEnabled": false
}
[2026-06-06T21:15:59.908Z] [INFO] [SYSTEM] Resource Manager Started DATA: {
  "maxMemoryMB": 4096,
  "maxCpuPercent": 80,
  "embeddingFallback": true
}
[2026-06-06T21:15:59.911Z] [INFO] [MCP_REQUEST] [b] Incoming MCP request: batch_index DATA: {
  "method": "batch_index",
  "params": {
    "sessionId": "batch_1780780475920_hewbd8q7",
    "maxFilesPerBatch": 100
  }
}
[2026-06-06T21:16:00.315Z] [INFO] [SYSTEM] MCP Server Transport Connecting DATA: {
  "transport": "stdio"
}
[2026-06-06T21:16:00.315Z] [INFO] [SYSTEM] MCP Server Ready DATA: {
  "directory": "/Users/ib-mac/IB-Odoo_19 (LOCAL)/IB-Odoo_19",
  "transport": "stdio",
  "toolsCount": 26,
  "readyTime": 1780780560315
}
[2026-06-06T21:16:00.324Z] [INFO] [SYSTEM] MCP Server Starting DATA: {
  "directory": "/Users/ib-mac/IB-Odoo_19 (LOCAL)/IB-Odoo_19",
  "nodeVersion": "v22.15.0",
  "platform": "darwin",
  "pid": 43393,
  "configEnvironment": "development",
  "embeddingEnabled": false
}
[2026-06-06T21:16:00.325Z] [INFO] [SYSTEM] Resource Manager Started DATA: {
  "maxMemoryMB": 4096,
  "maxCpuPercent": 80,
  "embeddingFallback": true
}
[2026-06-06T21:16:00.328Z] [INFO] [MCP_REQUEST] [b] Incoming MCP request: batch_index DATA: {
  "method": "batch_index",
  "params": {
    "sessionId": "batch_1780780475920_hewbd8q7",
    "maxFilesPerBatch": 100
  }
}
[2026-06-06T21:16:00.733Z] [INFO] [SYSTEM] MCP Server Transport Connecting DATA: {
  "transport": "stdio"
}
[2026-06-06T21:16:00.733Z] [INFO] [SYSTEM] MCP Server Ready DATA: {
  "directory": "/Users/ib-mac/IB-Odoo_19 (LOCAL)/IB-Odoo_19",
  "transport": "stdio",
  "toolsCount": 26,
  "readyTime": 1780780560733
}
[2026-06-06T21:16:00.742Z] [INFO] [SYSTEM] MCP Server Starting DATA: {
  "directory": "/Users/ib-mac/IB-Odoo_19 (LOCAL)/IB-Odoo_19",
  "nodeVersion": "v22.15.0",
  "platform": "darwin",
  "pid": 43400,
  "configEnvironment": "development",
  "embeddingEnabled": false
}
[2026-06-06T21:16:00.742Z] [INFO] [SYSTEM] Resource Manager Started DATA: {
  "maxMemoryMB": 4096,
  "maxCpuPercent": 80,
  "embeddingFallback": true
}
[2026-06-06T21:16:00.745Z] [INFO] [MCP_REQUEST] [b] Incoming MCP request: batch_index DATA: {
  "method": "batch_index",
  "params": {
    "sessionId": "batch_1780780475920_hewbd8q7",
    "maxFilesPerBatch": 100
  }
}
[2026-06-06T21:16:01.152Z] [INFO] [SYSTEM] MCP Server Transport Connecting DATA: {
  "transport": "stdio"
}
[2026-06-06T21:16:01.152Z] [INFO] [SYSTEM] MCP Server Ready DATA: {
  "directory": "/Users/ib-mac/IB-Odoo_19 (LOCAL)/IB-Odoo_19",
  "transport": "stdio",
  "toolsCount": 26,
  "readyTime": 1780780561152
}
[2026-06-06T21:16:01.162Z] [INFO] [SYSTEM] MCP Server Starting DATA: {
  "directory": "/Users/ib-mac/IB-Odoo_19 (LOCAL)/IB-Odoo_19",
  "nodeVersion": "v22.15.0",
  "platform": "darwin",
  "pid": 43410,
  "configEnvironment": "development",
  "embeddingEnabled": false
}
[2026-06-06T21:16:01.162Z] [INFO] [SYSTEM] Resource Manager Started DATA: {
  "maxMemoryMB": 4096,
  "maxCpuPercent": 80,
  "embeddingFallback": true
}
[2026-06-06T21:16:01.165Z] [INFO] [MCP_REQUEST] [b] Incoming MCP request: batch_index DATA: {
  "method": "batch_index",
  "params": {
    "sessionId": "batch_1780780475920_hewbd8q7",
    "maxFilesPerBatch": 100
  }
}
[2026-06-06T21:16:01.583Z] [INFO] [SYSTEM] MCP Server Transport Connecting DATA: {
  "transport": "stdio"
}
[2026-06-06T21:16:01.583Z] [INFO] [SYSTEM] MCP Server Ready DATA: {
  "directory": "/Users/ib-mac/IB-Odoo_19 (LOCAL)/IB-Odoo_19",
  "transport": "stdio",
  "toolsCount": 26,
  "readyTime": 1780780561583
}
[2026-06-06T21:16:01.593Z] [INFO] [SYSTEM] MCP Server Starting DATA: {
  "directory": "/Users/ib-mac/IB-Odoo_19 (LOCAL)/IB-Odoo_19",
  "nodeVersion": "v22.15.0",
  "platform": "darwin",
  "pid": 43417,
  "configEnvironment": "development",
  "embeddingEnabled": false
}
[2026-06-06T21:16:01.593Z] [INFO] [SYSTEM] Resource Manager Started DATA: {
  "maxMemoryMB": 4096,
  "maxCpuPercent": 80,
  "embeddingFallback": true
}
[2026-06-06T21:16:01.596Z] [INFO] [MCP_REQUEST] [b] Incoming MCP request: batch_index DATA: {
  "method": "batch_index",
  "params": {
    "sessionId": "batch_1780780475920_hewbd8q7",
    "maxFilesPerBatch": 100
  }
}
[2026-06-06T21:16:01.985Z] [INFO] [SYSTEM] MCP Server Transport Connecting DATA: {
  "transport": "stdio"
}
[2026-06-06T21:16:01.986Z] [INFO] [SYSTEM] MCP Server Ready DATA: {
  "directory": "/Users/ib-mac/IB-Odoo_19 (LOCAL)/IB-Odoo_19",
  "transport": "stdio",
  "toolsCount": 26,
  "readyTime": 1780780561986
}
[2026-06-06T21:16:01.995Z] [INFO] [SYSTEM] MCP Server Starting DATA: {
  "directory": "/Users/ib-mac/IB-Odoo_19 (LOCAL)/IB-Odoo_19",
  "nodeVersion": "v22.15.0",
  "platform": "darwin",
  "pid": 43424,
  "configEnvironment": "development",
  "embeddingEnabled": false
}
[2026-06-06T21:16:01.996Z] [INFO] [SYSTEM] Resource Manager Started DATA: {
  "maxMemoryMB": 4096,
  "maxCpuPercent": 80,
  "embeddingFallback": true
}
[2026-06-06T21:16:01.999Z] [INFO] [MCP_REQUEST] [b] Incoming MCP request: batch_index DATA: {
  "method": "batch_index",
  "params": {
    "sessionId": "batch_1780780475920_hewbd8q7",
    "maxFilesPerBatch": 100
  }
}
[2026-06-06T21:16:02.415Z] [INFO] [SYSTEM] MCP Server Transport Connecting DATA: {
  "transport": "stdio"
}
[2026-06-06T21:16:02.415Z] [INFO] [SYSTEM] MCP Server Ready DATA: {
  "directory": "/Users/ib-mac/IB-Odoo_19 (LOCAL)/IB-Odoo_19",
  "transport": "stdio",
  "toolsCount": 26,
  "readyTime": 1780780562415
}
[2026-06-06T21:16:02.425Z] [INFO] [SYSTEM] MCP Server Starting DATA: {
  "directory": "/Users/ib-mac/IB-Odoo_19 (LOCAL)/IB-Odoo_19",
  "nodeVersion": "v22.15.0",
  "platform": "darwin",
  "pid": 43431,
  "configEnvironment": "development",
  "embeddingEnabled": false
}
[2026-06-06T21:16:02.425Z] [INFO] [SYSTEM] Resource Manager Started DATA: {
  "maxMemoryMB": 4096,
  "maxCpuPercent": 80,
  "embeddingFallback": true
}
[2026-06-06T21:16:02.428Z] [INFO] [MCP_REQUEST] [b] Incoming MCP request: batch_index DATA: {
  "method": "batch_index",
  "params": {
    "sessionId": "batch_1780780475920_hewbd8q7",
    "maxFilesPerBatch": 100
  }
}
[2026-06-06T21:16:02.832Z] [INFO] [SYSTEM] MCP Server Transport Connecting DATA: {
  "transport": "stdio"
}
[2026-06-06T21:16:02.832Z] [INFO] [SYSTEM] MCP Server Ready DATA: {
  "directory": "/Users/ib-mac/IB-Odoo_19 (LOCAL)/IB-Odoo_19",
  "transport": "stdio",
  "toolsCount": 26,
  "readyTime": 1780780562832
}
[2026-06-06T21:16:02.842Z] [INFO] [SYSTEM] MCP Server Starting DATA: {
  "directory": "/Users/ib-mac/IB-Odoo_19 (LOCAL)/IB-Odoo_19",
  "nodeVersion": "v22.15.0",
  "platform": "darwin",
  "pid": 43438,
  "configEnvironment": "development",
  "embeddingEnabled": false
}
[2026-06-06T21:16:02.842Z] [INFO] [SYSTEM] Resource Manager Started DATA: {
  "maxMemoryMB": 4096,
  "maxCpuPercent": 80,
  "embeddingFallback": true
}
[2026-06-06T21:16:02.845Z] [INFO] [MCP_REQUEST] [b] Incoming MCP request: batch_index DATA: {
  "method": "batch_index",
  "params": {
    "sessionId": "batch_1780780475920_hewbd8q7",
    "maxFilesPerBatch": 100
  }
}
[2026-06-06T21:16:03.250Z] [INFO] [SYSTEM] MCP Server Transport Connecting DATA: {
  "transport": "stdio"
}
[2026-06-06T21:16:03.251Z] [INFO] [SYSTEM] MCP Server Ready DATA: {
  "directory": "/Users/ib-mac/IB-Odoo_19 (LOCAL)/IB-Odoo_19",
  "transport": "stdio",
  "toolsCount": 26,
  "readyTime": 1780780563251
}
[2026-06-06T21:16:03.260Z] [INFO] [SYSTEM] MCP Server Starting DATA: {
  "directory": "/Users/ib-mac/IB-Odoo_19 (LOCAL)/IB-Odoo_19",
  "nodeVersion": "v22.15.0",
  "platform": "darwin",
  "pid": 43448,
  "configEnvironment": "development",
  "embeddingEnabled": false
}
[2026-06-06T21:16:03.260Z] [INFO] [SYSTEM] Resource Manager Started DATA: {
  "maxMemoryMB": 4096,
  "maxCpuPercent": 80,
  "embeddingFallback": true
}
[2026-06-06T21:16:03.263Z] [INFO] [MCP_REQUEST] [b] Incoming MCP request: batch_index DATA: {
  "method": "batch_index",
  "params": {
    "sessionId": "batch_1780780475920_hewbd8q7",
    "maxFilesPerBatch": 100
  }
}
[2026-06-06T21:16:03.661Z] [INFO] [SYSTEM] MCP Server Transport Connecting DATA: {
  "transport": "stdio"
}
[2026-06-06T21:16:03.661Z] [INFO] [SYSTEM] MCP Server Ready DATA: {
  "directory": "/Users/ib-mac/IB-Odoo_19 (LOCAL)/IB-Odoo_19",
  "transport": "stdio",
  "toolsCount": 26,
  "readyTime": 1780780563661
}
[2026-06-06T21:16:03.670Z] [INFO] [SYSTEM] MCP Server Starting DATA: {
  "directory": "/Users/ib-mac/IB-Odoo_19 (LOCAL)/IB-Odoo_19",
  "nodeVersion": "v22.15.0",
  "platform": "darwin",
  "pid": 43455,
  "configEnvironment": "development",
  "embeddingEnabled": false
}
[2026-06-06T21:16:03.670Z] [INFO] [SYSTEM] Resource Manager Started DATA: {
  "maxMemoryMB": 4096,
  "maxCpuPercent": 80,
  "embeddingFallback": true
}
[2026-06-06T21:16:03.673Z] [INFO] [MCP_REQUEST] [b] Incoming MCP request: batch_index DATA: {
  "method": "batch_index",
  "params": {
    "sessionId": "batch_1780780475920_hewbd8q7",
    "maxFilesPerBatch": 100
  }
}
[2026-06-06T21:16:04.079Z] [INFO] [SYSTEM] MCP Server Transport Connecting DATA: {
  "transport": "stdio"
}
[2026-06-06T21:16:04.079Z] [INFO] [SYSTEM] MCP Server Ready DATA: {
  "directory": "/Users/ib-mac/IB-Odoo_19 (LOCAL)/IB-Odoo_19",
  "transport": "stdio",
  "toolsCount": 26,
  "readyTime": 1780780564079
}
[2026-06-06T21:16:04.088Z] [INFO] [SYSTEM] MCP Server Starting DATA: {
  "directory": "/Users/ib-mac/IB-Odoo_19 (LOCAL)/IB-Odoo_19",
  "nodeVersion": "v22.15.0",
  "platform": "darwin",
  "pid": 43462,
  "configEnvironment": "development",
  "embeddingEnabled": false
}
[2026-06-06T21:16:04.088Z] [INFO] [SYSTEM] Resource Manager Started DATA: {
  "maxMemoryMB": 4096,
  "maxCpuPercent": 80,
  "embeddingFallback": true
}
[2026-06-06T21:16:04.092Z] [INFO] [MCP_REQUEST] [b] Incoming MCP request: batch_index DATA: {
  "method": "batch_index",
  "params": {
    "sessionId": "batch_1780780475920_hewbd8q7",
    "maxFilesPerBatch": 100
  }
}
[2026-06-06T21:16:04.491Z] [INFO] [SYSTEM] MCP Server Transport Connecting DATA: {
  "transport": "stdio"
}
[2026-06-06T21:16:04.492Z] [INFO] [SYSTEM] MCP Server Ready DATA: {
  "directory": "/Users/ib-mac/IB-Odoo_19 (LOCAL)/IB-Odoo_19",
  "transport": "stdio",
  "toolsCount": 26,
  "readyTime": 1780780564492
}
[2026-06-06T21:16:04.501Z] [INFO] [SYSTEM] MCP Server Starting DATA: {
  "directory": "/Users/ib-mac/IB-Odoo_19 (LOCAL)/IB-Odoo_19",
  "nodeVersion": "v22.15.0",
  "platform": "darwin",
  "pid": 43469,
  "configEnvironment": "development",
  "embeddingEnabled": false
}
[2026-06-06T21:16:04.501Z] [INFO] [SYSTEM] Resource Manager Started DATA: {
  "maxMemoryMB": 4096,
  "maxCpuPercent": 80,
  "embeddingFallback": true
}
[2026-06-06T21:16:04.504Z] [INFO] [MCP_REQUEST] [b] Incoming MCP request: batch_index DATA: {
  "method": "batch_index",
  "params": {
    "sessionId": "batch_1780780475920_hewbd8q7",
    "maxFilesPerBatch": 100
  }
}
[2026-06-06T21:16:04.904Z] [INFO] [SYSTEM] MCP Server Transport Connecting DATA: {
  "transport": "stdio"
}
[2026-06-06T21:16:04.904Z] [INFO] [SYSTEM] MCP Server Ready DATA: {
  "directory": "/Users/ib-mac/IB-Odoo_19 (LOCAL)/IB-Odoo_19",
  "transport": "stdio",
  "toolsCount": 26,
  "readyTime": 1780780564904
}
[2026-06-06T21:16:04.915Z] [INFO] [SYSTEM] MCP Server Starting DATA: {
  "directory": "/Users/ib-mac/IB-Odoo_19 (LOCAL)/IB-Odoo_19",
  "nodeVersion": "v22.15.0",
  "platform": "darwin",
  "pid": 43476,
  "configEnvironment": "development",
  "embeddingEnabled": false
}
[2026-06-06T21:16:04.915Z] [INFO] [SYSTEM] Resource Manager Started DATA: {
  "maxMemoryMB": 4096,
  "maxCpuPercent": 80,
  "embeddingFallback": true
}
[2026-06-06T21:16:04.918Z] [INFO] [MCP_REQUEST] [b] Incoming MCP request: batch_index DATA: {
  "method": "batch_index",
  "params": {
    "sessionId": "batch_1780780475920_hewbd8q7",
    "maxFilesPerBatch": 100
  }
}
[2026-06-06T21:16:05.324Z] [INFO] [SYSTEM] MCP Server Transport Connecting DATA: {
  "transport": "stdio"
}
[2026-06-06T21:16:05.324Z] [INFO] [SYSTEM] MCP Server Ready DATA: {
  "directory": "/Users/ib-mac/IB-Odoo_19 (LOCAL)/IB-Odoo_19",
  "transport": "stdio",
  "toolsCount": 26,
  "readyTime": 1780780565324
}
[2026-06-06T21:16:05.336Z] [INFO] [SYSTEM] MCP Server Starting DATA: {
  "directory": "/Users/ib-mac/IB-Odoo_19 (LOCAL)/IB-Odoo_19",
  "nodeVersion": "v22.15.0",
  "platform": "darwin",
  "pid": 43486,
  "configEnvironment": "development",
  "embeddingEnabled": false
}
[2026-06-06T21:16:05.337Z] [INFO] [SYSTEM] Resource Manager Started DATA: {
  "maxMemoryMB": 4096,
  "maxCpuPercent": 80,
  "embeddingFallback": true
}
[2026-06-06T21:16:05.340Z] [INFO] [MCP_REQUEST] [b] Incoming MCP request: batch_index DATA: {
  "method": "batch_index",
  "params": {
    "sessionId": "batch_1780780475920_hewbd8q7",
    "maxFilesPerBatch": 100
  }
}
[2026-06-06T21:16:05.741Z] [INFO] [SYSTEM] MCP Server Transport Connecting DATA: {
  "transport": "stdio"
}
[2026-06-06T21:16:05.741Z] [INFO] [SYSTEM] MCP Server Ready DATA: {
  "directory": "/Users/ib-mac/IB-Odoo_19 (LOCAL)/IB-Odoo_19",
  "transport": "stdio",
  "toolsCount": 26,
  "readyTime": 1780780565741
}
[2026-06-06T21:16:05.750Z] [INFO] [SYSTEM] MCP Server Starting DATA: {
  "directory": "/Users/ib-mac/IB-Odoo_19 (LOCAL)/IB-Odoo_19",
  "nodeVersion": "v22.15.0",
  "platform": "darwin",
  "pid": 43493,
  "configEnvironment": "development",
  "embeddingEnabled": false
}
[2026-06-06T21:16:05.750Z] [INFO] [SYSTEM] Resource Manager Started DATA: {
  "maxMemoryMB": 4096,
  "maxCpuPercent": 80,
  "embeddingFallback": true
}
[2026-06-06T21:16:05.753Z] [INFO] [MCP_REQUEST] [b] Incoming MCP request: batch_index DATA: {
  "method": "batch_index",
  "params": {
    "sessionId": "batch_1780780475920_hewbd8q7",
    "maxFilesPerBatch": 100
  }
}
[2026-06-06T21:16:06.160Z] [INFO] [SYSTEM] MCP Server Transport Connecting DATA: {
  "transport": "stdio"
}
[2026-06-06T21:16:06.160Z] [INFO] [SYSTEM] MCP Server Ready DATA: {
  "directory": "/Users/ib-mac/IB-Odoo_19 (LOCAL)/IB-Odoo_19",
  "transport": "stdio",
  "toolsCount": 26,
  "readyTime": 1780780566160
}
[2026-06-06T21:16:06.169Z] [INFO] [SYSTEM] MCP Server Starting DATA: {
  "directory": "/Users/ib-mac/IB-Odoo_19 (LOCAL)/IB-Odoo_19",
  "nodeVersion": "v22.15.0",
  "platform": "darwin",
  "pid": 43500,
  "configEnvironment": "development",
  "embeddingEnabled": false
}
[2026-06-06T21:16:06.169Z] [INFO] [SYSTEM] Resource Manager Started DATA: {
  "maxMemoryMB": 4096,
  "maxCpuPercent": 80,
  "embeddingFallback": true
}
[2026-06-06T21:16:06.172Z] [INFO] [MCP_REQUEST] [b] Incoming MCP request: batch_index DATA: {
  "method": "batch_index",
  "params": {
    "sessionId": "batch_1780780475920_hewbd8q7",
    "maxFilesPerBatch": 100
  }
}
[2026-06-06T21:16:06.566Z] [INFO] [SYSTEM] MCP Server Transport Connecting DATA: {
  "transport": "stdio"
}
[2026-06-06T21:16:06.567Z] [INFO] [SYSTEM] MCP Server Ready DATA: {
  "directory": "/Users/ib-mac/IB-Odoo_19 (LOCAL)/IB-Odoo_19",
  "transport": "stdio",
  "toolsCount": 26,
  "readyTime": 1780780566567
}
[2026-06-06T21:16:06.576Z] [INFO] [SYSTEM] MCP Server Starting DATA: {
  "directory": "/Users/ib-mac/IB-Odoo_19 (LOCAL)/IB-Odoo_19",
  "nodeVersion": "v22.15.0",
  "platform": "darwin",
  "pid": 43507,
  "configEnvironment": "development",
  "embeddingEnabled": false
}
[2026-06-06T21:16:06.576Z] [INFO] [SYSTEM] Resource Manager Started DATA: {
  "maxMemoryMB": 4096,
  "maxCpuPercent": 80,
  "embeddingFallback": true
}
[2026-06-06T21:16:06.579Z] [INFO] [MCP_REQUEST] [b] Incoming MCP request: batch_index DATA: {
  "method": "batch_index",
  "params": {
    "sessionId": "batch_1780780475920_hewbd8q7",
    "maxFilesPerBatch": 100
  }
}
[2026-06-06T21:16:06.989Z] [INFO] [SYSTEM] MCP Server Transport Connecting DATA: {
  "transport": "stdio"
}
[2026-06-06T21:16:06.989Z] [INFO] [SYSTEM] MCP Server Ready DATA: {
  "directory": "/Users/ib-mac/IB-Odoo_19 (LOCAL)/IB-Odoo_19",
  "transport": "stdio",
  "toolsCount": 26,
  "readyTime": 1780780566989
}
[2026-06-06T21:16:07.002Z] [INFO] [SYSTEM] MCP Server Starting DATA: {
  "directory": "/Users/ib-mac/IB-Odoo_19 (LOCAL)/IB-Odoo_19",
  "nodeVersion": "v22.15.0",
  "platform": "darwin",
  "pid": 43514,
  "configEnvironment": "development",
  "embeddingEnabled": false
}
[2026-06-06T21:16:07.002Z] [INFO] [SYSTEM] Resource Manager Started DATA: {
  "maxMemoryMB": 4096,
  "maxCpuPercent": 80,
  "embeddingFallback": true
}
[2026-06-06T21:16:07.005Z] [INFO] [MCP_REQUEST] [b] Incoming MCP request: batch_index DATA: {
  "method": "batch_index",
  "params": {
    "sessionId": "batch_1780780475920_hewbd8q7",
    "maxFilesPerBatch": 100
  }
}
[2026-06-06T21:16:07.412Z] [INFO] [SYSTEM] MCP Server Transport Connecting DATA: {
  "transport": "stdio"
}
[2026-06-06T21:16:07.413Z] [INFO] [SYSTEM] MCP Server Ready DATA: {
  "directory": "/Users/ib-mac/IB-Odoo_19 (LOCAL)/IB-Odoo_19",
  "transport": "stdio",
  "toolsCount": 26,
  "readyTime": 1780780567413
}
[2026-06-06T21:16:07.424Z] [INFO] [SYSTEM] MCP Server Starting DATA: {
  "directory": "/Users/ib-mac/IB-Odoo_19 (LOCAL)/IB-Odoo_19",
  "nodeVersion": "v22.15.0",
  "platform": "darwin",
  "pid": 43524,
  "configEnvironment": "development",
  "embeddingEnabled": false
}
[2026-06-06T21:16:07.424Z] [INFO] [SYSTEM] Resource Manager Started DATA: {
  "maxMemoryMB": 4096,
  "maxCpuPercent": 80,
  "embeddingFallback": true
}
[2026-06-06T21:16:07.428Z] [INFO] [MCP_REQUEST] [b] Incoming MCP request: batch_index DATA: {
  "method": "batch_index",
  "params": {
    "sessionId": "batch_1780780475920_hewbd8q7",
    "maxFilesPerBatch": 100
  }
}
[2026-06-06T21:16:07.831Z] [INFO] [SYSTEM] MCP Server Transport Connecting DATA: {
  "transport": "stdio"
}
[2026-06-06T21:16:07.832Z] [INFO] [SYSTEM] MCP Server Ready DATA: {
  "directory": "/Users/ib-mac/IB-Odoo_19 (LOCAL)/IB-Odoo_19",
  "transport": "stdio",
  "toolsCount": 26,
  "readyTime": 1780780567832
}
[2026-06-06T21:16:07.841Z] [INFO] [SYSTEM] MCP Server Starting DATA: {
  "directory": "/Users/ib-mac/IB-Odoo_19 (LOCAL)/IB-Odoo_19",
  "nodeVersion": "v22.15.0",
  "platform": "darwin",
  "pid": 43531,
  "configEnvironment": "development",
  "embeddingEnabled": false
}
[2026-06-06T21:16:07.841Z] [INFO] [SYSTEM] Resource Manager Started DATA: {
  "maxMemoryMB": 4096,
  "maxCpuPercent": 80,
  "embeddingFallback": true
}
[2026-06-06T21:16:07.844Z] [INFO] [MCP_REQUEST] [b] Incoming MCP request: batch_index DATA: {
  "method": "batch_index",
  "params": {
    "sessionId": "batch_1780780475920_hewbd8q7",
    "maxFilesPerBatch": 100
  }
}
[2026-06-06T21:16:08.242Z] [INFO] [SYSTEM] MCP Server Transport Connecting DATA: {
  "transport": "stdio"
}
[2026-06-06T21:16:08.243Z] [INFO] [SYSTEM] MCP Server Ready DATA: {
  "directory": "/Users/ib-mac/IB-Odoo_19 (LOCAL)/IB-Odoo_19",
  "transport": "stdio",
  "toolsCount": 26,
  "readyTime": 1780780568243
}
[2026-06-06T21:16:08.252Z] [INFO] [SYSTEM] MCP Server Starting DATA: {
  "directory": "/Users/ib-mac/IB-Odoo_19 (LOCAL)/IB-Odoo_19",
  "nodeVersion": "v22.15.0",
  "platform": "darwin",
  "pid": 43540,
  "configEnvironment": "development",
  "embeddingEnabled": false
}
[2026-06-06T21:16:08.252Z] [INFO] [SYSTEM] Resource Manager Started DATA: {
  "maxMemoryMB": 4096,
  "maxCpuPercent": 80,
  "embeddingFallback": true
}
[2026-06-06T21:16:08.255Z] [INFO] [MCP_REQUEST] [b] Incoming MCP request: batch_index DATA: {
  "method": "batch_index",
  "params": {
    "sessionId": "batch_1780780475920_hewbd8q7",
    "maxFilesPerBatch": 100
  }
}
[2026-06-06T21:16:08.653Z] [INFO] [SYSTEM] MCP Server Transport Connecting DATA: {
  "transport": "stdio"
}
[2026-06-06T21:16:08.654Z] [INFO] [SYSTEM] MCP Server Ready DATA: {
  "directory": "/Users/ib-mac/IB-Odoo_19 (LOCAL)/IB-Odoo_19",
  "transport": "stdio",
  "toolsCount": 26,
  "readyTime": 1780780568654
}
[2026-06-06T21:16:08.663Z] [INFO] [SYSTEM] MCP Server Starting DATA: {
  "directory": "/Users/ib-mac/IB-Odoo_19 (LOCAL)/IB-Odoo_19",
  "nodeVersion": "v22.15.0",
  "platform": "darwin",
  "pid": 43547,
  "configEnvironment": "development",
  "embeddingEnabled": false
}
[2026-06-06T21:16:08.663Z] [INFO] [SYSTEM] Resource Manager Started DATA: {
  "maxMemoryMB": 4096,
  "maxCpuPercent": 80,
  "embeddingFallback": true
}
[2026-06-06T21:16:08.666Z] [INFO] [MCP_REQUEST] [b] Incoming MCP request: batch_index DATA: {
  "method": "batch_index",
  "params": {
    "sessionId": "batch_1780780475920_hewbd8q7",
    "maxFilesPerBatch": 100
  }
}
[2026-06-06T21:16:09.063Z] [INFO] [SYSTEM] MCP Server Transport Connecting DATA: {
  "transport": "stdio"
}
[2026-06-06T21:16:09.063Z] [INFO] [SYSTEM] MCP Server Ready DATA: {
  "directory": "/Users/ib-mac/IB-Odoo_19 (LOCAL)/IB-Odoo_19",
  "transport": "stdio",
  "toolsCount": 26,
  "readyTime": 1780780569063
}
[2026-06-06T21:16:09.073Z] [INFO] [SYSTEM] MCP Server Starting DATA: {
  "directory": "/Users/ib-mac/IB-Odoo_19 (LOCAL)/IB-Odoo_19",
  "nodeVersion": "v22.15.0",
  "platform": "darwin",
  "pid": 43556,
  "configEnvironment": "development",
  "embeddingEnabled": false
}
[2026-06-06T21:16:09.073Z] [INFO] [SYSTEM] Resource Manager Started DATA: {
  "maxMemoryMB": 4096,
  "maxCpuPercent": 80,
  "embeddingFallback": true
}
[2026-06-06T21:16:09.078Z] [INFO] [MCP_REQUEST] [b] Incoming MCP request: batch_index DATA: {
  "method": "batch_index",
  "params": {
    "sessionId": "batch_1780780475920_hewbd8q7",
    "maxFilesPerBatch": 100
  }
}
[2026-06-06T21:16:09.480Z] [INFO] [SYSTEM] MCP Server Transport Connecting DATA: {
  "transport": "stdio"
}
[2026-06-06T21:16:09.480Z] [INFO] [SYSTEM] MCP Server Ready DATA: {
  "directory": "/Users/ib-mac/IB-Odoo_19 (LOCAL)/IB-Odoo_19",
  "transport": "stdio",
  "toolsCount": 26,
  "readyTime": 1780780569480
}
[2026-06-06T21:16:09.489Z] [INFO] [SYSTEM] MCP Server Starting DATA: {
  "directory": "/Users/ib-mac/IB-Odoo_19 (LOCAL)/IB-Odoo_19",
  "nodeVersion": "v22.15.0",
  "platform": "darwin",
  "pid": 43564,
  "configEnvironment": "development",
  "embeddingEnabled": false
}
[2026-06-06T21:16:09.489Z] [INFO] [SYSTEM] Resource Manager Started DATA: {
  "maxMemoryMB": 4096,
  "maxCpuPercent": 80,
  "embeddingFallback": true
}
[2026-06-06T21:16:09.492Z] [INFO] [MCP_REQUEST] [b] Incoming MCP request: batch_index DATA: {
  "method": "batch_index",
  "params": {
    "sessionId": "batch_1780780475920_hewbd8q7",
    "maxFilesPerBatch": 100
  }
}
[2026-06-06T21:16:09.893Z] [INFO] [SYSTEM] MCP Server Transport Connecting DATA: {
  "transport": "stdio"
}
[2026-06-06T21:16:09.893Z] [INFO] [SYSTEM] MCP Server Ready DATA: {
  "directory": "/Users/ib-mac/IB-Odoo_19 (LOCAL)/IB-Odoo_19",
  "transport": "stdio",
  "toolsCount": 26,
  "readyTime": 1780780569893
}
[2026-06-06T21:16:09.903Z] [INFO] [SYSTEM] MCP Server Starting DATA: {
  "directory": "/Users/ib-mac/IB-Odoo_19 (LOCAL)/IB-Odoo_19",
  "nodeVersion": "v22.15.0",
  "platform": "darwin",
  "pid": 43571,
  "configEnvironment": "development",
  "embeddingEnabled": false
}
[2026-06-06T21:16:09.903Z] [INFO] [SYSTEM] Resource Manager Started DATA: {
  "maxMemoryMB": 4096,
  "maxCpuPercent": 80,
  "embeddingFallback": true
}
[2026-06-06T21:16:09.907Z] [INFO] [MCP_REQUEST] [b] Incoming MCP request: batch_index DATA: {
  "method": "batch_index",
  "params": {
    "sessionId": "batch_1780780475920_hewbd8q7",
    "maxFilesPerBatch": 100
  }
}
[2026-06-06T21:16:10.320Z] [INFO] [SYSTEM] MCP Server Transport Connecting DATA: {
  "transport": "stdio"
}
[2026-06-06T21:16:10.321Z] [INFO] [SYSTEM] MCP Server Ready DATA: {
  "directory": "/Users/ib-mac/IB-Odoo_19 (LOCAL)/IB-Odoo_19",
  "transport": "stdio",
  "toolsCount": 26,
  "readyTime": 1780780570321
}
[2026-06-06T21:16:10.330Z] [INFO] [SYSTEM] MCP Server Starting DATA: {
  "directory": "/Users/ib-mac/IB-Odoo_19 (LOCAL)/IB-Odoo_19",
  "nodeVersion": "v22.15.0",
  "platform": "darwin",
  "pid": 43579,
  "configEnvironment": "development",
  "embeddingEnabled": false
}
[2026-06-06T21:16:10.330Z] [INFO] [SYSTEM] Resource Manager Started DATA: {
  "maxMemoryMB": 4096,
  "maxCpuPercent": 80,
  "embeddingFallback": true
}
[2026-06-06T21:16:10.333Z] [INFO] [MCP_REQUEST] [b] Incoming MCP request: batch_index DATA: {
  "method": "batch_index",
  "params": {
    "sessionId": "batch_1780780475920_hewbd8q7",
    "maxFilesPerBatch": 100
  }
}
[2026-06-06T21:16:10.745Z] [INFO] [SYSTEM] MCP Server Transport Connecting DATA: {
  "transport": "stdio"
}
[2026-06-06T21:16:10.745Z] [INFO] [SYSTEM] MCP Server Ready DATA: {
  "directory": "/Users/ib-mac/IB-Odoo_19 (LOCAL)/IB-Odoo_19",
  "transport": "stdio",
  "toolsCount": 26,
  "readyTime": 1780780570745
}
[2026-06-06T21:16:10.754Z] [INFO] [SYSTEM] MCP Server Starting DATA: {
  "directory": "/Users/ib-mac/IB-Odoo_19 (LOCAL)/IB-Odoo_19",
  "nodeVersion": "v22.15.0",
  "platform": "darwin",
  "pid": 43586,
  "configEnvironment": "development",
  "embeddingEnabled": false
}
[2026-06-06T21:16:10.754Z] [INFO] [SYSTEM] Resource Manager Started DATA: {
  "maxMemoryMB": 4096,
  "maxCpuPercent": 80,
  "embeddingFallback": true
}
[2026-06-06T21:16:10.757Z] [INFO] [MCP_REQUEST] [b] Incoming MCP request: batch_index DATA: {
  "method": "batch_index",
  "params": {
    "sessionId": "batch_1780780475920_hewbd8q7",
    "maxFilesPerBatch": 100
  }
}
[2026-06-06T21:16:11.163Z] [INFO] [SYSTEM] MCP Server Transport Connecting DATA: {
  "transport": "stdio"
}
[2026-06-06T21:16:11.163Z] [INFO] [SYSTEM] MCP Server Ready DATA: {
  "directory": "/Users/ib-mac/IB-Odoo_19 (LOCAL)/IB-Odoo_19",
  "transport": "stdio",
  "toolsCount": 26,
  "readyTime": 1780780571163
}
[2026-06-06T21:16:11.172Z] [INFO] [SYSTEM] MCP Server Starting DATA: {
  "directory": "/Users/ib-mac/IB-Odoo_19 (LOCAL)/IB-Odoo_19",
  "nodeVersion": "v22.15.0",
  "platform": "darwin",
  "pid": 43596,
  "configEnvironment": "development",
  "embeddingEnabled": false
}
[2026-06-06T21:16:11.172Z] [INFO] [SYSTEM] Resource Manager Started DATA: {
  "maxMemoryMB": 4096,
  "maxCpuPercent": 80,
  "embeddingFallback": true
}
[2026-06-06T21:16:11.176Z] [INFO] [MCP_REQUEST] [b] Incoming MCP request: batch_index DATA: {
  "method": "batch_index",
  "params": {
    "sessionId": "batch_1780780475920_hewbd8q7",
    "maxFilesPerBatch": 100
  }
}
[2026-06-06T21:16:11.579Z] [INFO] [SYSTEM] MCP Server Transport Connecting DATA: {
  "transport": "stdio"
}
[2026-06-06T21:16:11.579Z] [INFO] [SYSTEM] MCP Server Ready DATA: {
  "directory": "/Users/ib-mac/IB-Odoo_19 (LOCAL)/IB-Odoo_19",
  "transport": "stdio",
  "toolsCount": 26,
  "readyTime": 1780780571579
}
[2026-06-06T21:16:11.589Z] [INFO] [SYSTEM] MCP Server Starting DATA: {
  "directory": "/Users/ib-mac/IB-Odoo_19 (LOCAL)/IB-Odoo_19",
  "nodeVersion": "v22.15.0",
  "platform": "darwin",
  "pid": 43603,
  "configEnvironment": "development",
  "embeddingEnabled": false
}
[2026-06-06T21:16:11.589Z] [INFO] [SYSTEM] Resource Manager Started DATA: {
  "maxMemoryMB": 4096,
  "maxCpuPercent": 80,
  "embeddingFallback": true
}
[2026-06-06T21:16:11.593Z] [INFO] [MCP_REQUEST] [b] Incoming MCP request: batch_index DATA: {
  "method": "batch_index",
  "params": {
    "sessionId": "batch_1780780475920_hewbd8q7",
    "maxFilesPerBatch": 100
  }
}
[2026-06-06T21:16:11.991Z] [INFO] [SYSTEM] MCP Server Transport Connecting DATA: {
  "transport": "stdio"
}
[2026-06-06T21:16:11.992Z] [INFO] [SYSTEM] MCP Server Ready DATA: {
  "directory": "/Users/ib-mac/IB-Odoo_19 (LOCAL)/IB-Odoo_19",
  "transport": "stdio",
  "toolsCount": 26,
  "readyTime": 1780780571992
}
[2026-06-06T21:16:12.001Z] [INFO] [SYSTEM] MCP Server Starting DATA: {
  "directory": "/Users/ib-mac/IB-Odoo_19 (LOCAL)/IB-Odoo_19",
  "nodeVersion": "v22.15.0",
  "platform": "darwin",
  "pid": 43610,
  "configEnvironment": "development",
  "embeddingEnabled": false
}
[2026-06-06T21:16:12.001Z] [INFO] [SYSTEM] Resource Manager Started DATA: {
  "maxMemoryMB": 4096,
  "maxCpuPercent": 80,
  "embeddingFallback": true
}
[2026-06-06T21:16:12.004Z] [INFO] [MCP_REQUEST] [b] Incoming MCP request: batch_index DATA: {
  "method": "batch_index",
  "params": {
    "sessionId": "batch_1780780475920_hewbd8q7",
    "maxFilesPerBatch": 100
  }
}
[2026-06-06T21:16:12.397Z] [INFO] [SYSTEM] MCP Server Transport Connecting DATA: {
  "transport": "stdio"
}
[2026-06-06T21:16:12.398Z] [INFO] [SYSTEM] MCP Server Ready DATA: {
  "directory": "/Users/ib-mac/IB-Odoo_19 (LOCAL)/IB-Odoo_19",
  "transport": "stdio",
  "toolsCount": 26,
  "readyTime": 1780780572398
}
[2026-06-06T21:16:12.406Z] [INFO] [SYSTEM] MCP Server Starting DATA: {
  "directory": "/Users/ib-mac/IB-Odoo_19 (LOCAL)/IB-Odoo_19",
  "nodeVersion": "v22.15.0",
  "platform": "darwin",
  "pid": 43617,
  "configEnvironment": "development",
  "embeddingEnabled": false
}
[2026-06-06T21:16:12.407Z] [INFO] [SYSTEM] Resource Manager Started DATA: {
  "maxMemoryMB": 4096,
  "maxCpuPercent": 80,
  "embeddingFallback": true
}
[2026-06-06T21:16:12.410Z] [INFO] [MCP_REQUEST] [b] Incoming MCP request: batch_index DATA: {
  "method": "batch_index",
  "params": {
    "sessionId": "batch_1780780475920_hewbd8q7",
    "maxFilesPerBatch": 100
  }
}
[2026-06-06T21:16:12.823Z] [INFO] [SYSTEM] MCP Server Transport Connecting DATA: {
  "transport": "stdio"
}
[2026-06-06T21:16:12.823Z] [INFO] [SYSTEM] MCP Server Ready DATA: {
  "directory": "/Users/ib-mac/IB-Odoo_19 (LOCAL)/IB-Odoo_19",
  "transport": "stdio",
  "toolsCount": 26,
  "readyTime": 1780780572823
}
[2026-06-06T21:16:12.833Z] [INFO] [SYSTEM] MCP Server Starting DATA: {
  "directory": "/Users/ib-mac/IB-Odoo_19 (LOCAL)/IB-Odoo_19",
  "nodeVersion": "v22.15.0",
  "platform": "darwin",
  "pid": 43624,
  "configEnvironment": "development",
  "embeddingEnabled": false
}
[2026-06-06T21:16:12.834Z] [INFO] [SYSTEM] Resource Manager Started DATA: {
  "maxMemoryMB": 4096,
  "maxCpuPercent": 80,
  "embeddingFallback": true
}
[2026-06-06T21:16:12.837Z] [INFO] [MCP_REQUEST] [b] Incoming MCP request: batch_index DATA: {
  "method": "batch_index",
  "params": {
    "sessionId": "batch_1780780475920_hewbd8q7",
    "maxFilesPerBatch": 100
  }
}
[2026-06-06T21:16:13.223Z] [INFO] [SYSTEM] MCP Server Transport Connecting DATA: {
  "transport": "stdio"
}
[2026-06-06T21:16:13.223Z] [INFO] [SYSTEM] MCP Server Ready DATA: {
  "directory": "/Users/ib-mac/IB-Odoo_19 (LOCAL)/IB-Odoo_19",
  "transport": "stdio",
  "toolsCount": 26,
  "readyTime": 1780780573223
}
[2026-06-06T21:16:13.232Z] [INFO] [SYSTEM] MCP Server Starting DATA: {
  "directory": "/Users/ib-mac/IB-Odoo_19 (LOCAL)/IB-Odoo_19",
  "nodeVersion": "v22.15.0",
  "platform": "darwin",
  "pid": 43634,
  "configEnvironment": "development",
  "embeddingEnabled": false
}
[2026-06-06T21:16:13.232Z] [INFO] [SYSTEM] Resource Manager Started DATA: {
  "maxMemoryMB": 4096,
  "maxCpuPercent": 80,
  "embeddingFallback": true
}
[2026-06-06T21:16:13.235Z] [INFO] [MCP_REQUEST] [b] Incoming MCP request: batch_index DATA: {
  "method": "batch_index",
  "params": {
    "sessionId": "batch_1780780475920_hewbd8q7",
    "maxFilesPerBatch": 100
  }
}
[2026-06-06T21:16:13.642Z] [INFO] [SYSTEM] MCP Server Transport Connecting DATA: {
  "transport": "stdio"
}
[2026-06-06T21:16:13.642Z] [INFO] [SYSTEM] MCP Server Ready DATA: {
  "directory": "/Users/ib-mac/IB-Odoo_19 (LOCAL)/IB-Odoo_19",
  "transport": "stdio",
  "toolsCount": 26,
  "readyTime": 1780780573642
}
[2026-06-06T21:16:13.651Z] [INFO] [SYSTEM] MCP Server Starting DATA: {
  "directory": "/Users/ib-mac/IB-Odoo_19 (LOCAL)/IB-Odoo_19",
  "nodeVersion": "v22.15.0",
  "platform": "darwin",
  "pid": 43641,
  "configEnvironment": "development",
  "embeddingEnabled": false
}
[2026-06-06T21:16:13.651Z] [INFO] [SYSTEM] Resource Manager Started DATA: {
  "maxMemoryMB": 4096,
  "maxCpuPercent": 80,
  "embeddingFallback": true
}
[2026-06-06T21:16:13.654Z] [INFO] [MCP_REQUEST] [b] Incoming MCP request: batch_index DATA: {
  "method": "batch_index",
  "params": {
    "sessionId": "batch_1780780475920_hewbd8q7",
    "maxFilesPerBatch": 100
  }
}
[2026-06-06T21:16:14.041Z] [INFO] [SYSTEM] MCP Server Transport Connecting DATA: {
  "transport": "stdio"
}
[2026-06-06T21:16:14.041Z] [INFO] [SYSTEM] MCP Server Ready DATA: {
  "directory": "/Users/ib-mac/IB-Odoo_19 (LOCAL)/IB-Odoo_19",
  "transport": "stdio",
  "toolsCount": 26,
  "readyTime": 1780780574041
}
[2026-06-06T21:16:14.051Z] [INFO] [SYSTEM] MCP Server Starting DATA: {
  "directory": "/Users/ib-mac/IB-Odoo_19 (LOCAL)/IB-Odoo_19",
  "nodeVersion": "v22.15.0",
  "platform": "darwin",
  "pid": 43648,
  "configEnvironment": "development",
  "embeddingEnabled": false
}
[2026-06-06T21:16:14.051Z] [INFO] [SYSTEM] Resource Manager Started DATA: {
  "maxMemoryMB": 4096,
  "maxCpuPercent": 80,
  "embeddingFallback": true
}
[2026-06-06T21:16:14.054Z] [INFO] [MCP_REQUEST] [b] Incoming MCP request: batch_index DATA: {
  "method": "batch_index",
  "params": {
    "sessionId": "batch_1780780475920_hewbd8q7",
    "maxFilesPerBatch": 100
  }
}
[2026-06-06T21:16:14.465Z] [INFO] [SYSTEM] MCP Server Transport Connecting DATA: {
  "transport": "stdio"
}
[2026-06-06T21:16:14.466Z] [INFO] [SYSTEM] MCP Server Ready DATA: {
  "directory": "/Users/ib-mac/IB-Odoo_19 (LOCAL)/IB-Odoo_19",
  "transport": "stdio",
  "toolsCount": 26,
  "readyTime": 1780780574466
}
[2026-06-06T21:16:14.477Z] [INFO] [SYSTEM] MCP Server Starting DATA: {
  "directory": "/Users/ib-mac/IB-Odoo_19 (LOCAL)/IB-Odoo_19",
  "nodeVersion": "v22.15.0",
  "platform": "darwin",
  "pid": 43656,
  "configEnvironment": "development",
  "embeddingEnabled": false
}
[2026-06-06T21:16:14.477Z] [INFO] [SYSTEM] Resource Manager Started DATA: {
  "maxMemoryMB": 4096,
  "maxCpuPercent": 80,
  "embeddingFallback": true
}
[2026-06-06T21:16:14.482Z] [INFO] [MCP_REQUEST] [b] Incoming MCP request: batch_index DATA: {
  "method": "batch_index",
  "params": {
    "sessionId": "batch_1780780475920_hewbd8q7",
    "maxFilesPerBatch": 100
  }
}
[2026-06-06T21:16:14.894Z] [INFO] [SYSTEM] MCP Server Transport Connecting DATA: {
  "transport": "stdio"
}
[2026-06-06T21:16:14.894Z] [INFO] [SYSTEM] MCP Server Ready DATA: {
  "directory": "/Users/ib-mac/IB-Odoo_19 (LOCAL)/IB-Odoo_19",
  "transport": "stdio",
  "toolsCount": 26,
  "readyTime": 1780780574894
}
[2026-06-06T21:16:14.905Z] [INFO] [SYSTEM] MCP Server Starting DATA: {
  "directory": "/Users/ib-mac/IB-Odoo_19 (LOCAL)/IB-Odoo_19",
  "nodeVersion": "v22.15.0",
  "platform": "darwin",
  "pid": 43663,
  "configEnvironment": "development",
  "embeddingEnabled": false
}
[2026-06-06T21:16:14.905Z] [INFO] [SYSTEM] Resource Manager Started DATA: {
  "maxMemoryMB": 4096,
  "maxCpuPercent": 80,
  "embeddingFallback": true
}
[2026-06-06T21:16:14.909Z] [INFO] [MCP_REQUEST] [b] Incoming MCP request: batch_index DATA: {
  "method": "batch_index",
  "params": {
    "sessionId": "batch_1780780475920_hewbd8q7",
    "maxFilesPerBatch": 100
  }
}
[2026-06-06T21:16:15.321Z] [INFO] [SYSTEM] MCP Server Transport Connecting DATA: {
  "transport": "stdio"
}
[2026-06-06T21:16:15.321Z] [INFO] [SYSTEM] MCP Server Ready DATA: {
  "directory": "/Users/ib-mac/IB-Odoo_19 (LOCAL)/IB-Odoo_19",
  "transport": "stdio",
  "toolsCount": 26,
  "readyTime": 1780780575321
}
[2026-06-06T21:16:15.330Z] [INFO] [SYSTEM] MCP Server Starting DATA: {
  "directory": "/Users/ib-mac/IB-Odoo_19 (LOCAL)/IB-Odoo_19",
  "nodeVersion": "v22.15.0",
  "platform": "darwin",
  "pid": 43673,
  "configEnvironment": "development",
  "embeddingEnabled": false
}
[2026-06-06T21:16:15.331Z] [INFO] [SYSTEM] Resource Manager Started DATA: {
  "maxMemoryMB": 4096,
  "maxCpuPercent": 80,
  "embeddingFallback": true
}
[2026-06-06T21:16:15.334Z] [INFO] [MCP_REQUEST] [b] Incoming MCP request: batch_index DATA: {
  "method": "batch_index",
  "params": {
    "sessionId": "batch_1780780475920_hewbd8q7",
    "maxFilesPerBatch": 100
  }
}
[2026-06-06T21:16:15.739Z] [INFO] [SYSTEM] MCP Server Transport Connecting DATA: {
  "transport": "stdio"
}
[2026-06-06T21:16:15.739Z] [INFO] [SYSTEM] MCP Server Ready DATA: {
  "directory": "/Users/ib-mac/IB-Odoo_19 (LOCAL)/IB-Odoo_19",
  "transport": "stdio",
  "toolsCount": 26,
  "readyTime": 1780780575739
}
[2026-06-06T21:16:15.749Z] [INFO] [SYSTEM] MCP Server Starting DATA: {
  "directory": "/Users/ib-mac/IB-Odoo_19 (LOCAL)/IB-Odoo_19",
  "nodeVersion": "v22.15.0",
  "platform": "darwin",
  "pid": 43681,
  "configEnvironment": "development",
  "embeddingEnabled": false
}
[2026-06-06T21:16:15.749Z] [INFO] [SYSTEM] Resource Manager Started DATA: {
  "maxMemoryMB": 4096,
  "maxCpuPercent": 80,
  "embeddingFallback": true
}
[2026-06-06T21:16:15.752Z] [INFO] [MCP_REQUEST] [b] Incoming MCP request: batch_index DATA: {
  "method": "batch_index",
  "params": {
    "sessionId": "batch_1780780475920_hewbd8q7",
    "maxFilesPerBatch": 100
  }
}
[2026-06-06T21:16:16.160Z] [INFO] [SYSTEM] MCP Server Transport Connecting DATA: {
  "transport": "stdio"
}
[2026-06-06T21:16:16.160Z] [INFO] [SYSTEM] MCP Server Ready DATA: {
  "directory": "/Users/ib-mac/IB-Odoo_19 (LOCAL)/IB-Odoo_19",
  "transport": "stdio",
  "toolsCount": 26,
  "readyTime": 1780780576160
}
[2026-06-06T21:16:16.169Z] [INFO] [SYSTEM] MCP Server Starting DATA: {
  "directory": "/Users/ib-mac/IB-Odoo_19 (LOCAL)/IB-Odoo_19",
  "nodeVersion": "v22.15.0",
  "platform": "darwin",
  "pid": 43688,
  "configEnvironment": "development",
  "embeddingEnabled": false
}
[2026-06-06T21:16:16.170Z] [INFO] [SYSTEM] Resource Manager Started DATA: {
  "maxMemoryMB": 4096,
  "maxCpuPercent": 80,
  "embeddingFallback": true
}
[2026-06-06T21:16:16.173Z] [INFO] [MCP_REQUEST] [b] Incoming MCP request: batch_index DATA: {
  "method": "batch_index",
  "params": {
    "sessionId": "batch_1780780475920_hewbd8q7",
    "maxFilesPerBatch": 100
  }
}
[2026-06-06T21:16:16.584Z] [INFO] [SYSTEM] MCP Server Transport Connecting DATA: {
  "transport": "stdio"
}
[2026-06-06T21:16:16.585Z] [INFO] [SYSTEM] MCP Server Ready DATA: {
  "directory": "/Users/ib-mac/IB-Odoo_19 (LOCAL)/IB-Odoo_19",
  "transport": "stdio",
  "toolsCount": 26,
  "readyTime": 1780780576585
}
[2026-06-06T21:16:16.594Z] [INFO] [SYSTEM] MCP Server Starting DATA: {
  "directory": "/Users/ib-mac/IB-Odoo_19 (LOCAL)/IB-Odoo_19",
  "nodeVersion": "v22.15.0",
  "platform": "darwin",
  "pid": 43695,
  "configEnvironment": "development",
  "embeddingEnabled": false
}
[2026-06-06T21:16:16.594Z] [INFO] [SYSTEM] Resource Manager Started DATA: {
  "maxMemoryMB": 4096,
  "maxCpuPercent": 80,
  "embeddingFallback": true
}
[2026-06-06T21:16:16.597Z] [INFO] [MCP_REQUEST] [b] Incoming MCP request: batch_index DATA: {
  "method": "batch_index",
  "params": {
    "sessionId": "batch_1780780475920_hewbd8q7",
    "maxFilesPerBatch": 100
  }
}
[2026-06-06T21:16:16.998Z] [INFO] [SYSTEM] MCP Server Transport Connecting DATA: {
  "transport": "stdio"
}
[2026-06-06T21:16:16.999Z] [INFO] [SYSTEM] MCP Server Ready DATA: {
  "directory": "/Users/ib-mac/IB-Odoo_19 (LOCAL)/IB-Odoo_19",
  "transport": "stdio",
  "toolsCount": 26,
  "readyTime": 1780780576999
}
[2026-06-06T21:16:17.008Z] [INFO] [SYSTEM] MCP Server Starting DATA: {
  "directory": "/Users/ib-mac/IB-Odoo_19 (LOCAL)/IB-Odoo_19",
  "nodeVersion": "v22.15.0",
  "platform": "darwin",
  "pid": 43702,
  "configEnvironment": "development",
  "embeddingEnabled": false
}
[2026-06-06T21:16:17.009Z] [INFO] [SYSTEM] Resource Manager Started DATA: {
  "maxMemoryMB": 4096,
  "maxCpuPercent": 80,
  "embeddingFallback": true
}
[2026-06-06T21:16:17.012Z] [INFO] [MCP_REQUEST] [b] Incoming MCP request: batch_index DATA: {
  "method": "batch_index",
  "params": {
    "sessionId": "batch_1780780475920_hewbd8q7",
    "maxFilesPerBatch": 100
  }
}
[2026-06-06T21:16:17.432Z] [INFO] [SYSTEM] MCP Server Transport Connecting DATA: {
  "transport": "stdio"
}
[2026-06-06T21:16:17.432Z] [INFO] [SYSTEM] MCP Server Ready DATA: {
  "directory": "/Users/ib-mac/IB-Odoo_19 (LOCAL)/IB-Odoo_19",
  "transport": "stdio",
  "toolsCount": 26,
  "readyTime": 1780780577432
}
[2026-06-06T21:16:17.442Z] [INFO] [SYSTEM] MCP Server Starting DATA: {
  "directory": "/Users/ib-mac/IB-Odoo_19 (LOCAL)/IB-Odoo_19",
  "nodeVersion": "v22.15.0",
  "platform": "darwin",
  "pid": 43712,
  "configEnvironment": "development",
  "embeddingEnabled": false
}
[2026-06-06T21:16:17.442Z] [INFO] [SYSTEM] Resource Manager Started DATA: {
  "maxMemoryMB": 4096,
  "maxCpuPercent": 80,
  "embeddingFallback": true
}
[2026-06-06T21:16:17.445Z] [INFO] [MCP_REQUEST] [b] Incoming MCP request: batch_index DATA: {
  "method": "batch_index",
  "params": {
    "sessionId": "batch_1780780475920_hewbd8q7",
    "maxFilesPerBatch": 100
  }
}
[2026-06-06T21:16:17.843Z] [INFO] [SYSTEM] MCP Server Transport Connecting DATA: {
  "transport": "stdio"
}
[2026-06-06T21:16:17.843Z] [INFO] [SYSTEM] MCP Server Ready DATA: {
  "directory": "/Users/ib-mac/IB-Odoo_19 (LOCAL)/IB-Odoo_19",
  "transport": "stdio",
  "toolsCount": 26,
  "readyTime": 1780780577843
}
[2026-06-06T21:16:17.853Z] [INFO] [SYSTEM] MCP Server Starting DATA: {
  "directory": "/Users/ib-mac/IB-Odoo_19 (LOCAL)/IB-Odoo_19",
  "nodeVersion": "v22.15.0",
  "platform": "darwin",
  "pid": 43719,
  "configEnvironment": "development",
  "embeddingEnabled": false
}
[2026-06-06T21:16:17.853Z] [INFO] [SYSTEM] Resource Manager Started DATA: {
  "maxMemoryMB": 4096,
  "maxCpuPercent": 80,
  "embeddingFallback": true
}
[2026-06-06T21:16:17.858Z] [INFO] [MCP_REQUEST] [b] Incoming MCP request: batch_index DATA: {
  "method": "batch_index",
  "params": {
    "sessionId": "batch_1780780475920_hewbd8q7",
    "maxFilesPerBatch": 100
  }
}
[2026-06-06T21:16:18.379Z] [INFO] [SYSTEM] MCP Server Transport Connecting DATA: {
  "transport": "stdio"
}
[2026-06-06T21:16:18.379Z] [INFO] [SYSTEM] MCP Server Ready DATA: {
  "directory": "/Users/ib-mac/IB-Odoo_19 (LOCAL)/IB-Odoo_19",
  "transport": "stdio",
  "toolsCount": 26,
  "readyTime": 1780780578379
}
[2026-06-06T21:16:18.388Z] [INFO] [SYSTEM] MCP Server Starting DATA: {
  "directory": "/Users/ib-mac/IB-Odoo_19 (LOCAL)/IB-Odoo_19",
  "nodeVersion": "v22.15.0",
  "platform": "darwin",
  "pid": 43726,
  "configEnvironment": "development",
  "embeddingEnabled": false
}
[2026-06-06T21:16:18.388Z] [INFO] [SYSTEM] Resource Manager Started DATA: {
  "maxMemoryMB": 4096,
  "maxCpuPercent": 80,
  "embeddingFallback": true
}
[2026-06-06T21:16:18.391Z] [INFO] [MCP_REQUEST] [b] Incoming MCP request: batch_index DATA: {
  "method": "batch_index",
  "params": {
    "sessionId": "batch_1780780475920_hewbd8q7",
    "maxFilesPerBatch": 100
  }
}
[2026-06-06T21:16:18.799Z] [INFO] [SYSTEM] MCP Server Transport Connecting DATA: {
  "transport": "stdio"
}
[2026-06-06T21:16:18.799Z] [INFO] [SYSTEM] MCP Server Ready DATA: {
  "directory": "/Users/ib-mac/IB-Odoo_19 (LOCAL)/IB-Odoo_19",
  "transport": "stdio",
  "toolsCount": 26,
  "readyTime": 1780780578799
}
[2026-06-06T21:16:18.809Z] [INFO] [SYSTEM] MCP Server Starting DATA: {
  "directory": "/Users/ib-mac/IB-Odoo_19 (LOCAL)/IB-Odoo_19",
  "nodeVersion": "v22.15.0",
  "platform": "darwin",
  "pid": 43733,
  "configEnvironment": "development",
  "embeddingEnabled": false
}
[2026-06-06T21:16:18.809Z] [INFO] [SYSTEM] Resource Manager Started DATA: {
  "maxMemoryMB": 4096,
  "maxCpuPercent": 80,
  "embeddingFallback": true
}
[2026-06-06T21:16:18.812Z] [INFO] [MCP_REQUEST] [b] Incoming MCP request: batch_index DATA: {
  "method": "batch_index",
  "params": {
    "sessionId": "batch_1780780475920_hewbd8q7",
    "maxFilesPerBatch": 100
  }
}
[2026-06-06T21:16:19.217Z] [INFO] [SYSTEM] MCP Server Transport Connecting DATA: {
  "transport": "stdio"
}
[2026-06-06T21:16:19.218Z] [INFO] [SYSTEM] MCP Server Ready DATA: {
  "directory": "/Users/ib-mac/IB-Odoo_19 (LOCAL)/IB-Odoo_19",
  "transport": "stdio",
  "toolsCount": 26,
  "readyTime": 1780780579218
}
[2026-06-06T21:16:19.227Z] [INFO] [SYSTEM] MCP Server Starting DATA: {
  "directory": "/Users/ib-mac/IB-Odoo_19 (LOCAL)/IB-Odoo_19",
  "nodeVersion": "v22.15.0",
  "platform": "darwin",
  "pid": 43743,
  "configEnvironment": "development",
  "embeddingEnabled": false
}
[2026-06-06T21:16:19.227Z] [INFO] [SYSTEM] Resource Manager Started DATA: {
  "maxMemoryMB": 4096,
  "maxCpuPercent": 80,
  "embeddingFallback": true
}
[2026-06-06T21:16:19.230Z] [INFO] [MCP_REQUEST] [b] Incoming MCP request: batch_index DATA: {
  "method": "batch_index",
  "params": {
    "sessionId": "batch_1780780475920_hewbd8q7",
    "maxFilesPerBatch": 100
  }
}
[2026-06-06T21:16:19.640Z] [INFO] [SYSTEM] MCP Server Transport Connecting DATA: {
  "transport": "stdio"
}
[2026-06-06T21:16:19.640Z] [INFO] [SYSTEM] MCP Server Ready DATA: {
  "directory": "/Users/ib-mac/IB-Odoo_19 (LOCAL)/IB-Odoo_19",
  "transport": "stdio",
  "toolsCount": 26,
  "readyTime": 1780780579640
}
[2026-06-06T21:16:19.649Z] [INFO] [SYSTEM] MCP Server Starting DATA: {
  "directory": "/Users/ib-mac/IB-Odoo_19 (LOCAL)/IB-Odoo_19",
  "nodeVersion": "v22.15.0",
  "platform": "darwin",
  "pid": 43750,
  "configEnvironment": "development",
  "embeddingEnabled": false
}
[2026-06-06T21:16:19.649Z] [INFO] [SYSTEM] Resource Manager Started DATA: {
  "maxMemoryMB": 4096,
  "maxCpuPercent": 80,
  "embeddingFallback": true
}
[2026-06-06T21:16:19.652Z] [INFO] [MCP_REQUEST] [b] Incoming MCP request: batch_index DATA: {
  "method": "batch_index",
  "params": {
    "sessionId": "batch_1780780475920_hewbd8q7",
    "maxFilesPerBatch": 100
  }
}
[2026-06-06T21:16:20.039Z] [INFO] [SYSTEM] MCP Server Transport Connecting DATA: {
  "transport": "stdio"
}
[2026-06-06T21:16:20.039Z] [INFO] [SYSTEM] MCP Server Ready DATA: {
  "directory": "/Users/ib-mac/IB-Odoo_19 (LOCAL)/IB-Odoo_19",
  "transport": "stdio",
  "toolsCount": 26,
  "readyTime": 1780780580039
}
[2026-06-06T21:16:20.048Z] [INFO] [SYSTEM] MCP Server Starting DATA: {
  "directory": "/Users/ib-mac/IB-Odoo_19 (LOCAL)/IB-Odoo_19",
  "nodeVersion": "v22.15.0",
  "platform": "darwin",
  "pid": 43758,
  "configEnvironment": "development",
  "embeddingEnabled": false
}
[2026-06-06T21:16:20.048Z] [INFO] [SYSTEM] Resource Manager Started DATA: {
  "maxMemoryMB": 4096,
  "maxCpuPercent": 80,
  "embeddingFallback": true
}
[2026-06-06T21:16:20.051Z] [INFO] [MCP_REQUEST] [b] Incoming MCP request: batch_index DATA: {
  "method": "batch_index",
  "params": {
    "sessionId": "batch_1780780475920_hewbd8q7",
    "maxFilesPerBatch": 100
  }
}
[2026-06-06T21:16:20.451Z] [INFO] [SYSTEM] MCP Server Transport Connecting DATA: {
  "transport": "stdio"
}
[2026-06-06T21:16:20.452Z] [INFO] [SYSTEM] MCP Server Ready DATA: {
  "directory": "/Users/ib-mac/IB-Odoo_19 (LOCAL)/IB-Odoo_19",
  "transport": "stdio",
  "toolsCount": 26,
  "readyTime": 1780780580452
}
[2026-06-06T21:16:20.461Z] [INFO] [SYSTEM] MCP Server Starting DATA: {
  "directory": "/Users/ib-mac/IB-Odoo_19 (LOCAL)/IB-Odoo_19",
  "nodeVersion": "v22.15.0",
  "platform": "darwin",
  "pid": 43765,
  "configEnvironment": "development",
  "embeddingEnabled": false
}
[2026-06-06T21:16:20.461Z] [INFO] [SYSTEM] Resource Manager Started DATA: {
  "maxMemoryMB": 4096,
  "maxCpuPercent": 80,
  "embeddingFallback": true
}
[2026-06-06T21:16:20.464Z] [INFO] [MCP_REQUEST] [b] Incoming MCP request: batch_index DATA: {
  "method": "batch_index",
  "params": {
    "sessionId": "batch_1780780475920_hewbd8q7",
    "maxFilesPerBatch": 100
  }
}
[2026-06-06T21:16:20.875Z] [INFO] [SYSTEM] MCP Server Transport Connecting DATA: {
  "transport": "stdio"
}
[2026-06-06T21:16:20.875Z] [INFO] [SYSTEM] MCP Server Ready DATA: {
  "directory": "/Users/ib-mac/IB-Odoo_19 (LOCAL)/IB-Odoo_19",
  "transport": "stdio",
  "toolsCount": 26,
  "readyTime": 1780780580875
}
[2026-06-06T21:16:20.884Z] [INFO] [SYSTEM] MCP Server Starting DATA: {
  "directory": "/Users/ib-mac/IB-Odoo_19 (LOCAL)/IB-Odoo_19",
  "nodeVersion": "v22.15.0",
  "platform": "darwin",
  "pid": 43772,
  "configEnvironment": "development",
  "embeddingEnabled": false
}
[2026-06-06T21:16:20.884Z] [INFO] [SYSTEM] Resource Manager Started DATA: {
  "maxMemoryMB": 4096,
  "maxCpuPercent": 80,
  "embeddingFallback": true
}
[2026-06-06T21:16:20.887Z] [INFO] [MCP_REQUEST] [b] Incoming MCP request: batch_index DATA: {
  "method": "batch_index",
  "params": {
    "sessionId": "batch_1780780475920_hewbd8q7",
    "maxFilesPerBatch": 100
  }
}
[2026-06-06T21:16:21.270Z] [INFO] [SYSTEM] MCP Server Transport Connecting DATA: {
  "transport": "stdio"
}
[2026-06-06T21:16:21.270Z] [INFO] [SYSTEM] MCP Server Ready DATA: {
  "directory": "/Users/ib-mac/IB-Odoo_19 (LOCAL)/IB-Odoo_19",
  "transport": "stdio",
  "toolsCount": 26,
  "readyTime": 1780780581270
}
[2026-06-06T21:16:21.279Z] [INFO] [SYSTEM] MCP Server Starting DATA: {
  "directory": "/Users/ib-mac/IB-Odoo_19 (LOCAL)/IB-Odoo_19",
  "nodeVersion": "v22.15.0",
  "platform": "darwin",
  "pid": 43782,
  "configEnvironment": "development",
  "embeddingEnabled": false
}
[2026-06-06T21:16:21.279Z] [INFO] [SYSTEM] Resource Manager Started DATA: {
  "maxMemoryMB": 4096,
  "maxCpuPercent": 80,
  "embeddingFallback": true
}
[2026-06-06T21:16:21.283Z] [INFO] [MCP_REQUEST] [b] Incoming MCP request: batch_index DATA: {
  "method": "batch_index",
  "params": {
    "sessionId": "batch_1780780475920_hewbd8q7",
    "maxFilesPerBatch": 100
  }
}
[2026-06-06T21:16:21.690Z] [INFO] [SYSTEM] MCP Server Transport Connecting DATA: {
  "transport": "stdio"
}
[2026-06-06T21:16:21.690Z] [INFO] [SYSTEM] MCP Server Ready DATA: {
  "directory": "/Users/ib-mac/IB-Odoo_19 (LOCAL)/IB-Odoo_19",
  "transport": "stdio",
  "toolsCount": 26,
  "readyTime": 1780780581690
}
[2026-06-06T21:16:21.699Z] [INFO] [SYSTEM] MCP Server Starting DATA: {
  "directory": "/Users/ib-mac/IB-Odoo_19 (LOCAL)/IB-Odoo_19",
  "nodeVersion": "v22.15.0",
  "platform": "darwin",
  "pid": 43789,
  "configEnvironment": "development",
  "embeddingEnabled": false
}
[2026-06-06T21:16:21.700Z] [INFO] [SYSTEM] Resource Manager Started DATA: {
  "maxMemoryMB": 4096,
  "maxCpuPercent": 80,
  "embeddingFallback": true
}
[2026-06-06T21:16:21.702Z] [INFO] [MCP_REQUEST] [b] Incoming MCP request: batch_index DATA: {
  "method": "batch_index",
  "params": {
    "sessionId": "batch_1780780475920_hewbd8q7",
    "maxFilesPerBatch": 100
  }
}
[2026-06-06T21:16:22.102Z] [INFO] [SYSTEM] MCP Server Transport Connecting DATA: {
  "transport": "stdio"
}
[2026-06-06T21:16:22.102Z] [INFO] [SYSTEM] MCP Server Ready DATA: {
  "directory": "/Users/ib-mac/IB-Odoo_19 (LOCAL)/IB-Odoo_19",
  "transport": "stdio",
  "toolsCount": 26,
  "readyTime": 1780780582102
}
[2026-06-06T21:16:22.112Z] [INFO] [SYSTEM] MCP Server Starting DATA: {
  "directory": "/Users/ib-mac/IB-Odoo_19 (LOCAL)/IB-Odoo_19",
  "nodeVersion": "v22.15.0",
  "platform": "darwin",
  "pid": 43796,
  "configEnvironment": "development",
  "embeddingEnabled": false
}
[2026-06-06T21:16:22.112Z] [INFO] [SYSTEM] Resource Manager Started DATA: {
  "maxMemoryMB": 4096,
  "maxCpuPercent": 80,
  "embeddingFallback": true
}
[2026-06-06T21:16:22.115Z] [INFO] [MCP_REQUEST] [b] Incoming MCP request: batch_index DATA: {
  "method": "batch_index",
  "params": {
    "sessionId": "batch_1780780475920_hewbd8q7",
    "maxFilesPerBatch": 100
  }
}
[2026-06-06T21:16:22.516Z] [INFO] [SYSTEM] MCP Server Transport Connecting DATA: {
  "transport": "stdio"
}
[2026-06-06T21:16:22.516Z] [INFO] [SYSTEM] MCP Server Ready DATA: {
  "directory": "/Users/ib-mac/IB-Odoo_19 (LOCAL)/IB-Odoo_19",
  "transport": "stdio",
  "toolsCount": 26,
  "readyTime": 1780780582516
}
[2026-06-06T21:16:22.527Z] [INFO] [SYSTEM] MCP Server Starting DATA: {
  "directory": "/Users/ib-mac/IB-Odoo_19 (LOCAL)/IB-Odoo_19",
  "nodeVersion": "v22.15.0",
  "platform": "darwin",
  "pid": 43803,
  "configEnvironment": "development",
  "embeddingEnabled": false
}
[2026-06-06T21:16:22.527Z] [INFO] [SYSTEM] Resource Manager Started DATA: {
  "maxMemoryMB": 4096,
  "maxCpuPercent": 80,
  "embeddingFallback": true
}
[2026-06-06T21:16:22.530Z] [INFO] [MCP_REQUEST] [b] Incoming MCP request: batch_index DATA: {
  "method": "batch_index",
  "params": {
    "sessionId": "batch_1780780475920_hewbd8q7",
    "maxFilesPerBatch": 100
  }
}
[2026-06-06T21:16:22.925Z] [INFO] [SYSTEM] MCP Server Transport Connecting DATA: {
  "transport": "stdio"
}
[2026-06-06T21:16:22.926Z] [INFO] [SYSTEM] MCP Server Ready DATA: {
  "directory": "/Users/ib-mac/IB-Odoo_19 (LOCAL)/IB-Odoo_19",
  "transport": "stdio",
  "toolsCount": 26,
  "readyTime": 1780780582926
}
[2026-06-06T21:16:22.935Z] [INFO] [SYSTEM] MCP Server Starting DATA: {
  "directory": "/Users/ib-mac/IB-Odoo_19 (LOCAL)/IB-Odoo_19",
  "nodeVersion": "v22.15.0",
  "platform": "darwin",
  "pid": 43810,
  "configEnvironment": "development",
  "embeddingEnabled": false
}
[2026-06-06T21:16:22.935Z] [INFO] [SYSTEM] Resource Manager Started DATA: {
  "maxMemoryMB": 4096,
  "maxCpuPercent": 80,
  "embeddingFallback": true
}
[2026-06-06T21:16:22.938Z] [INFO] [MCP_REQUEST] [b] Incoming MCP request: batch_index DATA: {
  "method": "batch_index",
  "params": {
    "sessionId": "batch_1780780475920_hewbd8q7",
    "maxFilesPerBatch": 100
  }
}
[2026-06-06T21:16:23.357Z] [INFO] [SYSTEM] MCP Server Transport Connecting DATA: {
  "transport": "stdio"
}
[2026-06-06T21:16:23.358Z] [INFO] [SYSTEM] MCP Server Ready DATA: {
  "directory": "/Users/ib-mac/IB-Odoo_19 (LOCAL)/IB-Odoo_19",
  "transport": "stdio",
  "toolsCount": 26,
  "readyTime": 1780780583358
}
[2026-06-06T21:16:23.368Z] [INFO] [SYSTEM] MCP Server Starting DATA: {
  "directory": "/Users/ib-mac/IB-Odoo_19 (LOCAL)/IB-Odoo_19",
  "nodeVersion": "v22.15.0",
  "platform": "darwin",
  "pid": 43820,
  "configEnvironment": "development",
  "embeddingEnabled": false
}
[2026-06-06T21:16:23.368Z] [INFO] [SYSTEM] Resource Manager Started DATA: {
  "maxMemoryMB": 4096,
  "maxCpuPercent": 80,
  "embeddingFallback": true
}
[2026-06-06T21:16:23.371Z] [INFO] [MCP_REQUEST] [b] Incoming MCP request: batch_index DATA: {
  "method": "batch_index",
  "params": {
    "sessionId": "batch_1780780475920_hewbd8q7",
    "maxFilesPerBatch": 100
  }
}
[2026-06-06T21:16:23.782Z] [INFO] [SYSTEM] MCP Server Transport Connecting DATA: {
  "transport": "stdio"
}
[2026-06-06T21:16:23.782Z] [INFO] [SYSTEM] MCP Server Ready DATA: {
  "directory": "/Users/ib-mac/IB-Odoo_19 (LOCAL)/IB-Odoo_19",
  "transport": "stdio",
  "toolsCount": 26,
  "readyTime": 1780780583782
}
[2026-06-06T21:16:23.792Z] [INFO] [SYSTEM] MCP Server Starting DATA: {
  "directory": "/Users/ib-mac/IB-Odoo_19 (LOCAL)/IB-Odoo_19",
  "nodeVersion": "v22.15.0",
  "platform": "darwin",
  "pid": 43827,
  "configEnvironment": "development",
  "embeddingEnabled": false
}
[2026-06-06T21:16:23.792Z] [INFO] [SYSTEM] Resource Manager Started DATA: {
  "maxMemoryMB": 4096,
  "maxCpuPercent": 80,
  "embeddingFallback": true
}
[2026-06-06T21:16:23.795Z] [INFO] [MCP_REQUEST] [b] Incoming MCP request: batch_index DATA: {
  "method": "batch_index",
  "params": {
    "sessionId": "batch_1780780475920_hewbd8q7",
    "maxFilesPerBatch": 100
  }
}
[2026-06-06T21:16:24.204Z] [INFO] [SYSTEM] MCP Server Transport Connecting DATA: {
  "transport": "stdio"
}
[2026-06-06T21:16:24.204Z] [INFO] [SYSTEM] MCP Server Ready DATA: {
  "directory": "/Users/ib-mac/IB-Odoo_19 (LOCAL)/IB-Odoo_19",
  "transport": "stdio",
  "toolsCount": 26,
  "readyTime": 1780780584204
}
[2026-06-06T21:16:24.213Z] [INFO] [SYSTEM] MCP Server Starting DATA: {
  "directory": "/Users/ib-mac/IB-Odoo_19 (LOCAL)/IB-Odoo_19",
  "nodeVersion": "v22.15.0",
  "platform": "darwin",
  "pid": 43835,
  "configEnvironment": "development",
  "embeddingEnabled": false
}
[2026-06-06T21:16:24.214Z] [INFO] [SYSTEM] Resource Manager Started DATA: {
  "maxMemoryMB": 4096,
  "maxCpuPercent": 80,
  "embeddingFallback": true
}
[2026-06-06T21:16:24.216Z] [INFO] [MCP_REQUEST] [b] Incoming MCP request: batch_index DATA: {
  "method": "batch_index",
  "params": {
    "sessionId": "batch_1780780475920_hewbd8q7",
    "maxFilesPerBatch": 100
  }
}
[2026-06-06T21:16:24.627Z] [INFO] [SYSTEM] MCP Server Transport Connecting DATA: {
  "transport": "stdio"
}
[2026-06-06T21:16:24.627Z] [INFO] [SYSTEM] MCP Server Ready DATA: {
  "directory": "/Users/ib-mac/IB-Odoo_19 (LOCAL)/IB-Odoo_19",
  "transport": "stdio",
  "toolsCount": 26,
  "readyTime": 1780780584627
}
[2026-06-06T21:16:24.637Z] [INFO] [SYSTEM] MCP Server Starting DATA: {
  "directory": "/Users/ib-mac/IB-Odoo_19 (LOCAL)/IB-Odoo_19",
  "nodeVersion": "v22.15.0",
  "platform": "darwin",
  "pid": 43842,
  "configEnvironment": "development",
  "embeddingEnabled": false
}
[2026-06-06T21:16:24.637Z] [INFO] [SYSTEM] Resource Manager Started DATA: {
  "maxMemoryMB": 4096,
  "maxCpuPercent": 80,
  "embeddingFallback": true
}
[2026-06-06T21:16:24.640Z] [INFO] [MCP_REQUEST] [b] Incoming MCP request: batch_index DATA: {
  "method": "batch_index",
  "params": {
    "sessionId": "batch_1780780475920_hewbd8q7",
    "maxFilesPerBatch": 100
  }
}
[2026-06-06T21:16:25.038Z] [INFO] [SYSTEM] MCP Server Transport Connecting DATA: {
  "transport": "stdio"
}
[2026-06-06T21:16:25.038Z] [INFO] [SYSTEM] MCP Server Ready DATA: {
  "directory": "/Users/ib-mac/IB-Odoo_19 (LOCAL)/IB-Odoo_19",
  "transport": "stdio",
  "toolsCount": 26,
  "readyTime": 1780780585038
}
[2026-06-06T21:16:25.047Z] [INFO] [SYSTEM] MCP Server Starting DATA: {
  "directory": "/Users/ib-mac/IB-Odoo_19 (LOCAL)/IB-Odoo_19",
  "nodeVersion": "v22.15.0",
  "platform": "darwin",
  "pid": 43850,
  "configEnvironment": "development",
  "embeddingEnabled": false
}
[2026-06-06T21:16:25.047Z] [INFO] [SYSTEM] Resource Manager Started DATA: {
  "maxMemoryMB": 4096,
  "maxCpuPercent": 80,
  "embeddingFallback": true
}
[2026-06-06T21:16:25.050Z] [INFO] [MCP_REQUEST] [b] Incoming MCP request: batch_index DATA: {
  "method": "batch_index",
  "params": {
    "sessionId": "batch_1780780475920_hewbd8q7",
    "maxFilesPerBatch": 100
  }
}
[2026-06-06T21:16:25.455Z] [INFO] [SYSTEM] MCP Server Transport Connecting DATA: {
  "transport": "stdio"
}
[2026-06-06T21:16:25.455Z] [INFO] [SYSTEM] MCP Server Ready DATA: {
  "directory": "/Users/ib-mac/IB-Odoo_19 (LOCAL)/IB-Odoo_19",
  "transport": "stdio",
  "toolsCount": 26,
  "readyTime": 1780780585455
}
[2026-06-06T21:16:25.465Z] [INFO] [SYSTEM] MCP Server Starting DATA: {
  "directory": "/Users/ib-mac/IB-Odoo_19 (LOCAL)/IB-Odoo_19",
  "nodeVersion": "v22.15.0",
  "platform": "darwin",
  "pid": 43859,
  "configEnvironment": "development",
  "embeddingEnabled": false
}
[2026-06-06T21:16:25.465Z] [INFO] [SYSTEM] Resource Manager Started DATA: {
  "maxMemoryMB": 4096,
  "maxCpuPercent": 80,
  "embeddingFallback": true
}
[2026-06-06T21:16:25.468Z] [INFO] [MCP_REQUEST] [b] Incoming MCP request: batch_index DATA: {
  "method": "batch_index",
  "params": {
    "sessionId": "batch_1780780475920_hewbd8q7",
    "maxFilesPerBatch": 100
  }
}
[2026-06-06T21:16:25.868Z] [INFO] [SYSTEM] MCP Server Transport Connecting DATA: {
  "transport": "stdio"
}
[2026-06-06T21:16:25.868Z] [INFO] [SYSTEM] MCP Server Ready DATA: {
  "directory": "/Users/ib-mac/IB-Odoo_19 (LOCAL)/IB-Odoo_19",
  "transport": "stdio",
  "toolsCount": 26,
  "readyTime": 1780780585868
}
[2026-06-06T21:16:25.878Z] [INFO] [SYSTEM] MCP Server Starting DATA: {
  "directory": "/Users/ib-mac/IB-Odoo_19 (LOCAL)/IB-Odoo_19",
  "nodeVersion": "v22.15.0",
  "platform": "darwin",
  "pid": 43866,
  "configEnvironment": "development",
  "embeddingEnabled": false
}
[2026-06-06T21:16:25.878Z] [INFO] [SYSTEM] Resource Manager Started DATA: {
  "maxMemoryMB": 4096,
  "maxCpuPercent": 80,
  "embeddingFallback": true
}
[2026-06-06T21:16:25.881Z] [INFO] [MCP_REQUEST] [b] Incoming MCP request: batch_index DATA: {
  "method": "batch_index",
  "params": {
    "sessionId": "batch_1780780475920_hewbd8q7",
    "maxFilesPerBatch": 100
  }
}
[2026-06-06T21:16:26.281Z] [INFO] [SYSTEM] MCP Server Transport Connecting DATA: {
  "transport": "stdio"
}
[2026-06-06T21:16:26.281Z] [INFO] [SYSTEM] MCP Server Ready DATA: {
  "directory": "/Users/ib-mac/IB-Odoo_19 (LOCAL)/IB-Odoo_19",
  "transport": "stdio",
  "toolsCount": 26,
  "readyTime": 1780780586281
}
[2026-06-06T21:16:26.290Z] [INFO] [SYSTEM] MCP Server Starting DATA: {
  "directory": "/Users/ib-mac/IB-Odoo_19 (LOCAL)/IB-Odoo_19",
  "nodeVersion": "v22.15.0",
  "platform": "darwin",
  "pid": 43873,
  "configEnvironment": "development",
  "embeddingEnabled": false
}
[2026-06-06T21:16:26.290Z] [INFO] [SYSTEM] Resource Manager Started DATA: {
  "maxMemoryMB": 4096,
  "maxCpuPercent": 80,
  "embeddingFallback": true
}
[2026-06-06T21:16:26.294Z] [INFO] [MCP_REQUEST] [b] Incoming MCP request: batch_index DATA: {
  "method": "batch_index",
  "params": {
    "sessionId": "batch_1780780475920_hewbd8q7",
    "maxFilesPerBatch": 100
  }
}
[2026-06-06T21:16:26.707Z] [INFO] [SYSTEM] MCP Server Transport Connecting DATA: {
  "transport": "stdio"
}
[2026-06-06T21:16:26.707Z] [INFO] [SYSTEM] MCP Server Ready DATA: {
  "directory": "/Users/ib-mac/IB-Odoo_19 (LOCAL)/IB-Odoo_19",
  "transport": "stdio",
  "toolsCount": 26,
  "readyTime": 1780780586707
}
[2026-06-06T21:16:26.716Z] [INFO] [SYSTEM] MCP Server Starting DATA: {
  "directory": "/Users/ib-mac/IB-Odoo_19 (LOCAL)/IB-Odoo_19",
  "nodeVersion": "v22.15.0",
  "platform": "darwin",
  "pid": 43880,
  "configEnvironment": "development",
  "embeddingEnabled": false
}
[2026-06-06T21:16:26.717Z] [INFO] [SYSTEM] Resource Manager Started DATA: {
  "maxMemoryMB": 4096,
  "maxCpuPercent": 80,
  "embeddingFallback": true
}
[2026-06-06T21:16:26.720Z] [INFO] [MCP_REQUEST] [b] Incoming MCP request: batch_index DATA: {
  "method": "batch_index",
  "params": {
    "sessionId": "batch_1780780475920_hewbd8q7",
    "maxFilesPerBatch": 100
  }
}
[2026-06-06T21:16:27.118Z] [INFO] [SYSTEM] MCP Server Transport Connecting DATA: {
  "transport": "stdio"
}
[2026-06-06T21:16:27.118Z] [INFO] [SYSTEM] MCP Server Ready DATA: {
  "directory": "/Users/ib-mac/IB-Odoo_19 (LOCAL)/IB-Odoo_19",
  "transport": "stdio",
  "toolsCount": 26,
  "readyTime": 1780780587118
}
[2026-06-06T21:16:27.128Z] [INFO] [SYSTEM] MCP Server Starting DATA: {
  "directory": "/Users/ib-mac/IB-Odoo_19 (LOCAL)/IB-Odoo_19",
  "nodeVersion": "v22.15.0",
  "platform": "darwin",
  "pid": 43890,
  "configEnvironment": "development",
  "embeddingEnabled": false
}
[2026-06-06T21:16:27.128Z] [INFO] [SYSTEM] Resource Manager Started DATA: {
  "maxMemoryMB": 4096,
  "maxCpuPercent": 80,
  "embeddingFallback": true
}
[2026-06-06T21:16:27.131Z] [INFO] [MCP_REQUEST] [b] Incoming MCP request: batch_index DATA: {
  "method": "batch_index",
  "params": {
    "sessionId": "batch_1780780475920_hewbd8q7",
    "maxFilesPerBatch": 100
  }
}
[2026-06-06T21:16:27.545Z] [INFO] [SYSTEM] MCP Server Transport Connecting DATA: {
  "transport": "stdio"
}
[2026-06-06T21:16:27.545Z] [INFO] [SYSTEM] MCP Server Ready DATA: {
  "directory": "/Users/ib-mac/IB-Odoo_19 (LOCAL)/IB-Odoo_19",
  "transport": "stdio",
  "toolsCount": 26,
  "readyTime": 1780780587545
}
[2026-06-06T21:16:27.554Z] [INFO] [SYSTEM] MCP Server Starting DATA: {
  "directory": "/Users/ib-mac/IB-Odoo_19 (LOCAL)/IB-Odoo_19",
  "nodeVersion": "v22.15.0",
  "platform": "darwin",
  "pid": 43897,
  "configEnvironment": "development",
  "embeddingEnabled": false
}
[2026-06-06T21:16:27.554Z] [INFO] [SYSTEM] Resource Manager Started DATA: {
  "maxMemoryMB": 4096,
  "maxCpuPercent": 80,
  "embeddingFallback": true
}
[2026-06-06T21:16:27.557Z] [INFO] [MCP_REQUEST] [b] Incoming MCP request: batch_index DATA: {
  "method": "batch_index",
  "params": {
    "sessionId": "batch_1780780475920_hewbd8q7",
    "maxFilesPerBatch": 100
  }
}
[2026-06-06T21:16:27.960Z] [INFO] [SYSTEM] MCP Server Transport Connecting DATA: {
  "transport": "stdio"
}
[2026-06-06T21:16:27.960Z] [INFO] [SYSTEM] MCP Server Ready DATA: {
  "directory": "/Users/ib-mac/IB-Odoo_19 (LOCAL)/IB-Odoo_19",
  "transport": "stdio",
  "toolsCount": 26,
  "readyTime": 1780780587960
}
[2026-06-06T21:16:27.969Z] [INFO] [SYSTEM] MCP Server Starting DATA: {
  "directory": "/Users/ib-mac/IB-Odoo_19 (LOCAL)/IB-Odoo_19",
  "nodeVersion": "v22.15.0",
  "platform": "darwin",
  "pid": 43904,
  "configEnvironment": "development",
  "embeddingEnabled": false
}
[2026-06-06T21:16:27.969Z] [INFO] [SYSTEM] Resource Manager Started DATA: {
  "maxMemoryMB": 4096,
  "maxCpuPercent": 80,
  "embeddingFallback": true
}
[2026-06-06T21:16:27.973Z] [INFO] [MCP_REQUEST] [b] Incoming MCP request: batch_index DATA: {
  "method": "batch_index",
  "params": {
    "sessionId": "batch_1780780475920_hewbd8q7",
    "maxFilesPerBatch": 100
  }
}
[2026-06-06T21:16:28.370Z] [INFO] [SYSTEM] MCP Server Transport Connecting DATA: {
  "transport": "stdio"
}
[2026-06-06T21:16:28.371Z] [INFO] [SYSTEM] MCP Server Ready DATA: {
  "directory": "/Users/ib-mac/IB-Odoo_19 (LOCAL)/IB-Odoo_19",
  "transport": "stdio",
  "toolsCount": 26,
  "readyTime": 1780780588371
}
[2026-06-06T21:16:28.380Z] [INFO] [SYSTEM] MCP Server Starting DATA: {
  "directory": "/Users/ib-mac/IB-Odoo_19 (LOCAL)/IB-Odoo_19",
  "nodeVersion": "v22.15.0",
  "platform": "darwin",
  "pid": 43911,
  "configEnvironment": "development",
  "embeddingEnabled": false
}
[2026-06-06T21:16:28.380Z] [INFO] [SYSTEM] Resource Manager Started DATA: {
  "maxMemoryMB": 4096,
  "maxCpuPercent": 80,
  "embeddingFallback": true
}
[2026-06-06T21:16:28.384Z] [INFO] [MCP_REQUEST] [b] Incoming MCP request: batch_index DATA: {
  "method": "batch_index",
  "params": {
    "sessionId": "batch_1780780475920_hewbd8q7",
    "maxFilesPerBatch": 100
  }
}
[2026-06-06T21:16:28.787Z] [INFO] [SYSTEM] MCP Server Transport Connecting DATA: {
  "transport": "stdio"
}
[2026-06-06T21:16:28.787Z] [INFO] [SYSTEM] MCP Server Ready DATA: {
  "directory": "/Users/ib-mac/IB-Odoo_19 (LOCAL)/IB-Odoo_19",
  "transport": "stdio",
  "toolsCount": 26,
  "readyTime": 1780780588787
}
[2026-06-06T21:16:28.797Z] [INFO] [SYSTEM] MCP Server Starting DATA: {
  "directory": "/Users/ib-mac/IB-Odoo_19 (LOCAL)/IB-Odoo_19",
  "nodeVersion": "v22.15.0",
  "platform": "darwin",
  "pid": 43918,
  "configEnvironment": "development",
  "embeddingEnabled": false
}
[2026-06-06T21:16:28.798Z] [INFO] [SYSTEM] Resource Manager Started DATA: {
  "maxMemoryMB": 4096,
  "maxCpuPercent": 80,
  "embeddingFallback": true
}
[2026-06-06T21:16:28.800Z] [INFO] [MCP_REQUEST] [b] Incoming MCP request: batch_index DATA: {
  "method": "batch_index",
  "params": {
    "sessionId": "batch_1780780475920_hewbd8q7",
    "maxFilesPerBatch": 100
  }
}
[2026-06-06T21:16:29.206Z] [INFO] [SYSTEM] MCP Server Transport Connecting DATA: {
  "transport": "stdio"
}
[2026-06-06T21:16:29.207Z] [INFO] [SYSTEM] MCP Server Ready DATA: {
  "directory": "/Users/ib-mac/IB-Odoo_19 (LOCAL)/IB-Odoo_19",
  "transport": "stdio",
  "toolsCount": 26,
  "readyTime": 1780780589207
}
[2026-06-06T21:16:29.216Z] [INFO] [SYSTEM] MCP Server Starting DATA: {
  "directory": "/Users/ib-mac/IB-Odoo_19 (LOCAL)/IB-Odoo_19",
  "nodeVersion": "v22.15.0",
  "platform": "darwin",
  "pid": 43928,
  "configEnvironment": "development",
  "embeddingEnabled": false
}
[2026-06-06T21:16:29.216Z] [INFO] [SYSTEM] Resource Manager Started DATA: {
  "maxMemoryMB": 4096,
  "maxCpuPercent": 80,
  "embeddingFallback": true
}
[2026-06-06T21:16:29.219Z] [INFO] [MCP_REQUEST] [b] Incoming MCP request: batch_index DATA: {
  "method": "batch_index",
  "params": {
    "sessionId": "batch_1780780475920_hewbd8q7",
    "maxFilesPerBatch": 100
  }
}
[2026-06-06T21:16:29.619Z] [INFO] [SYSTEM] MCP Server Transport Connecting DATA: {
  "transport": "stdio"
}
[2026-06-06T21:16:29.619Z] [INFO] [SYSTEM] MCP Server Ready DATA: {
  "directory": "/Users/ib-mac/IB-Odoo_19 (LOCAL)/IB-Odoo_19",
  "transport": "stdio",
  "toolsCount": 26,
  "readyTime": 1780780589619
}
[2026-06-06T21:16:29.629Z] [INFO] [SYSTEM] MCP Server Starting DATA: {
  "directory": "/Users/ib-mac/IB-Odoo_19 (LOCAL)/IB-Odoo_19",
  "nodeVersion": "v22.15.0",
  "platform": "darwin",
  "pid": 43935,
  "configEnvironment": "development",
  "embeddingEnabled": false
}
[2026-06-06T21:16:29.629Z] [INFO] [SYSTEM] Resource Manager Started DATA: {
  "maxMemoryMB": 4096,
  "maxCpuPercent": 80,
  "embeddingFallback": true
}
[2026-06-06T21:16:29.632Z] [INFO] [MCP_REQUEST] [b] Incoming MCP request: batch_index DATA: {
  "method": "batch_index",
  "params": {
    "sessionId": "batch_1780780475920_hewbd8q7",
    "maxFilesPerBatch": 100
  }
}
[2026-06-06T21:16:30.040Z] [INFO] [SYSTEM] MCP Server Transport Connecting DATA: {
  "transport": "stdio"
}
[2026-06-06T21:16:30.040Z] [INFO] [SYSTEM] MCP Server Ready DATA: {
  "directory": "/Users/ib-mac/IB-Odoo_19 (LOCAL)/IB-Odoo_19",
  "transport": "stdio",
  "toolsCount": 26,
  "readyTime": 1780780590040
}
[2026-06-06T21:16:30.049Z] [INFO] [SYSTEM] MCP Server Starting DATA: {
  "directory": "/Users/ib-mac/IB-Odoo_19 (LOCAL)/IB-Odoo_19",
  "nodeVersion": "v22.15.0",
  "platform": "darwin",
  "pid": 43942,
  "configEnvironment": "development",
  "embeddingEnabled": false
}
[2026-06-06T21:16:30.049Z] [INFO] [SYSTEM] Resource Manager Started DATA: {
  "maxMemoryMB": 4096,
  "maxCpuPercent": 80,
  "embeddingFallback": true
}
[2026-06-06T21:16:30.052Z] [INFO] [MCP_REQUEST] [b] Incoming MCP request: batch_index DATA: {
  "method": "batch_index",
  "params": {
    "sessionId": "batch_1780780475920_hewbd8q7",
    "maxFilesPerBatch": 100
  }
}
[2026-06-06T21:16:30.450Z] [INFO] [SYSTEM] MCP Server Transport Connecting DATA: {
  "transport": "stdio"
}
[2026-06-06T21:16:30.451Z] [INFO] [SYSTEM] MCP Server Ready DATA: {
  "directory": "/Users/ib-mac/IB-Odoo_19 (LOCAL)/IB-Odoo_19",
  "transport": "stdio",
  "toolsCount": 26,
  "readyTime": 1780780590451
}
[2026-06-06T21:16:30.460Z] [INFO] [SYSTEM] MCP Server Starting DATA: {
  "directory": "/Users/ib-mac/IB-Odoo_19 (LOCAL)/IB-Odoo_19",
  "nodeVersion": "v22.15.0",
  "platform": "darwin",
  "pid": 43950,
  "configEnvironment": "development",
  "embeddingEnabled": false
}
[2026-06-06T21:16:30.460Z] [INFO] [SYSTEM] Resource Manager Started DATA: {
  "maxMemoryMB": 4096,
  "maxCpuPercent": 80,
  "embeddingFallback": true
}
[2026-06-06T21:16:30.463Z] [INFO] [MCP_REQUEST] [b] Incoming MCP request: batch_index DATA: {
  "method": "batch_index",
  "params": {
    "sessionId": "batch_1780780475920_hewbd8q7",
    "maxFilesPerBatch": 100
  }
}
[2026-06-06T21:16:30.864Z] [INFO] [SYSTEM] MCP Server Transport Connecting DATA: {
  "transport": "stdio"
}
[2026-06-06T21:16:30.864Z] [INFO] [SYSTEM] MCP Server Ready DATA: {
  "directory": "/Users/ib-mac/IB-Odoo_19 (LOCAL)/IB-Odoo_19",
  "transport": "stdio",
  "toolsCount": 26,
  "readyTime": 1780780590864
}
[2026-06-06T21:16:30.874Z] [INFO] [SYSTEM] MCP Server Starting DATA: {
  "directory": "/Users/ib-mac/IB-Odoo_19 (LOCAL)/IB-Odoo_19",
  "nodeVersion": "v22.15.0",
  "platform": "darwin",
  "pid": 43957,
  "configEnvironment": "development",
  "embeddingEnabled": false
}
[2026-06-06T21:16:30.874Z] [INFO] [SYSTEM] Resource Manager Started DATA: {
  "maxMemoryMB": 4096,
  "maxCpuPercent": 80,
  "embeddingFallback": true
}
[2026-06-06T21:16:30.877Z] [INFO] [MCP_REQUEST] [b] Incoming MCP request: batch_index DATA: {
  "method": "batch_index",
  "params": {
    "sessionId": "batch_1780780475920_hewbd8q7",
    "maxFilesPerBatch": 100
  }
}
[2026-06-06T21:16:31.277Z] [INFO] [SYSTEM] MCP Server Transport Connecting DATA: {
  "transport": "stdio"
}
[2026-06-06T21:16:31.277Z] [INFO] [SYSTEM] MCP Server Ready DATA: {
  "directory": "/Users/ib-mac/IB-Odoo_19 (LOCAL)/IB-Odoo_19",
  "transport": "stdio",
  "toolsCount": 26,
  "readyTime": 1780780591277
}
[2026-06-06T21:16:31.286Z] [INFO] [SYSTEM] MCP Server Starting DATA: {
  "directory": "/Users/ib-mac/IB-Odoo_19 (LOCAL)/IB-Odoo_19",
  "nodeVersion": "v22.15.0",
  "platform": "darwin",
  "pid": 43967,
  "configEnvironment": "development",
  "embeddingEnabled": false
}
[2026-06-06T21:16:31.286Z] [INFO] [SYSTEM] Resource Manager Started DATA: {
  "maxMemoryMB": 4096,
  "maxCpuPercent": 80,
  "embeddingFallback": true
}
[2026-06-06T21:16:31.289Z] [INFO] [MCP_REQUEST] [b] Incoming MCP request: batch_index DATA: {
  "method": "batch_index",
  "params": {
    "sessionId": "batch_1780780475920_hewbd8q7",
    "maxFilesPerBatch": 100
  }
}
[2026-06-06T21:16:31.691Z] [INFO] [SYSTEM] MCP Server Transport Connecting DATA: {
  "transport": "stdio"
}
[2026-06-06T21:16:31.691Z] [INFO] [SYSTEM] MCP Server Ready DATA: {
  "directory": "/Users/ib-mac/IB-Odoo_19 (LOCAL)/IB-Odoo_19",
  "transport": "stdio",
  "toolsCount": 26,
  "readyTime": 1780780591691
}
[2026-06-06T21:16:31.701Z] [INFO] [SYSTEM] MCP Server Starting DATA: {
  "directory": "/Users/ib-mac/IB-Odoo_19 (LOCAL)/IB-Odoo_19",
  "nodeVersion": "v22.15.0",
  "platform": "darwin",
  "pid": 43974,
  "configEnvironment": "development",
  "embeddingEnabled": false
}
[2026-06-06T21:16:31.701Z] [INFO] [SYSTEM] Resource Manager Started DATA: {
  "maxMemoryMB": 4096,
  "maxCpuPercent": 80,
  "embeddingFallback": true
}
[2026-06-06T21:16:31.704Z] [INFO] [MCP_REQUEST] [b] Incoming MCP request: batch_index DATA: {
  "method": "batch_index",
  "params": {
    "sessionId": "batch_1780780475920_hewbd8q7",
    "maxFilesPerBatch": 100
  }
}
[2026-06-06T21:16:32.112Z] [INFO] [SYSTEM] MCP Server Transport Connecting DATA: {
  "transport": "stdio"
}
[2026-06-06T21:16:32.112Z] [INFO] [SYSTEM] MCP Server Ready DATA: {
  "directory": "/Users/ib-mac/IB-Odoo_19 (LOCAL)/IB-Odoo_19",
  "transport": "stdio",
  "toolsCount": 26,
  "readyTime": 1780780592112
}
[2026-06-06T21:16:32.121Z] [INFO] [SYSTEM] MCP Server Starting DATA: {
  "directory": "/Users/ib-mac/IB-Odoo_19 (LOCAL)/IB-Odoo_19",
  "nodeVersion": "v22.15.0",
  "platform": "darwin",
  "pid": 43981,
  "configEnvironment": "development",
  "embeddingEnabled": false
}
[2026-06-06T21:16:32.121Z] [INFO] [SYSTEM] Resource Manager Started DATA: {
  "maxMemoryMB": 4096,
  "maxCpuPercent": 80,
  "embeddingFallback": true
}
[2026-06-06T21:16:32.125Z] [INFO] [MCP_REQUEST] [b] Incoming MCP request: batch_index DATA: {
  "method": "batch_index",
  "params": {
    "sessionId": "batch_1780780475920_hewbd8q7",
    "maxFilesPerBatch": 100
  }
}
[2026-06-06T21:16:32.525Z] [INFO] [SYSTEM] MCP Server Transport Connecting DATA: {
  "transport": "stdio"
}
[2026-06-06T21:16:32.526Z] [INFO] [SYSTEM] MCP Server Ready DATA: {
  "directory": "/Users/ib-mac/IB-Odoo_19 (LOCAL)/IB-Odoo_19",
  "transport": "stdio",
  "toolsCount": 26,
  "readyTime": 1780780592526
}
[2026-06-06T21:16:32.535Z] [INFO] [SYSTEM] MCP Server Starting DATA: {
  "directory": "/Users/ib-mac/IB-Odoo_19 (LOCAL)/IB-Odoo_19",
  "nodeVersion": "v22.15.0",
  "platform": "darwin",
  "pid": 43988,
  "configEnvironment": "development",
  "embeddingEnabled": false
}
[2026-06-06T21:16:32.535Z] [INFO] [SYSTEM] Resource Manager Started DATA: {
  "maxMemoryMB": 4096,
  "maxCpuPercent": 80,
  "embeddingFallback": true
}
[2026-06-06T21:16:32.538Z] [INFO] [MCP_REQUEST] [b] Incoming MCP request: batch_index DATA: {
  "method": "batch_index",
  "params": {
    "sessionId": "batch_1780780475920_hewbd8q7",
    "maxFilesPerBatch": 100
  }
}
[2026-06-06T21:16:32.938Z] [INFO] [SYSTEM] MCP Server Transport Connecting DATA: {
  "transport": "stdio"
}
[2026-06-06T21:16:32.938Z] [INFO] [SYSTEM] MCP Server Ready DATA: {
  "directory": "/Users/ib-mac/IB-Odoo_19 (LOCAL)/IB-Odoo_19",
  "transport": "stdio",
  "toolsCount": 26,
  "readyTime": 1780780592938
}
[2026-06-06T21:16:32.947Z] [INFO] [SYSTEM] MCP Server Starting DATA: {
  "directory": "/Users/ib-mac/IB-Odoo_19 (LOCAL)/IB-Odoo_19",
  "nodeVersion": "v22.15.0",
  "platform": "darwin",
  "pid": 43995,
  "configEnvironment": "development",
  "embeddingEnabled": false
}
[2026-06-06T21:16:32.948Z] [INFO] [SYSTEM] Resource Manager Started DATA: {
  "maxMemoryMB": 4096,
  "maxCpuPercent": 80,
  "embeddingFallback": true
}
[2026-06-06T21:16:32.951Z] [INFO] [MCP_REQUEST] [b] Incoming MCP request: batch_index DATA: {
  "method": "batch_index",
  "params": {
    "sessionId": "batch_1780780475920_hewbd8q7",
    "maxFilesPerBatch": 100
  }
}
[2026-06-06T21:16:33.339Z] [INFO] [SYSTEM] MCP Server Transport Connecting DATA: {
  "transport": "stdio"
}
[2026-06-06T21:16:33.340Z] [INFO] [SYSTEM] MCP Server Ready DATA: {
  "directory": "/Users/ib-mac/IB-Odoo_19 (LOCAL)/IB-Odoo_19",
  "transport": "stdio",
  "toolsCount": 26,
  "readyTime": 1780780593340
}
[2026-06-06T21:16:33.349Z] [INFO] [SYSTEM] MCP Server Starting DATA: {
  "directory": "/Users/ib-mac/IB-Odoo_19 (LOCAL)/IB-Odoo_19",
  "nodeVersion": "v22.15.0",
  "platform": "darwin",
  "pid": 44005,
  "configEnvironment": "development",
  "embeddingEnabled": false
}
[2026-06-06T21:16:33.349Z] [INFO] [SYSTEM] Resource Manager Started DATA: {
  "maxMemoryMB": 4096,
  "maxCpuPercent": 80,
  "embeddingFallback": true
}
[2026-06-06T21:16:33.352Z] [INFO] [MCP_REQUEST] [b] Incoming MCP request: batch_index DATA: {
  "method": "batch_index",
  "params": {
    "sessionId": "batch_1780780475920_hewbd8q7",
    "maxFilesPerBatch": 100
  }
}
[2026-06-06T21:16:33.757Z] [INFO] [SYSTEM] MCP Server Transport Connecting DATA: {
  "transport": "stdio"
}
[2026-06-06T21:16:33.758Z] [INFO] [SYSTEM] MCP Server Ready DATA: {
  "directory": "/Users/ib-mac/IB-Odoo_19 (LOCAL)/IB-Odoo_19",
  "transport": "stdio",
  "toolsCount": 26,
  "readyTime": 1780780593758
}
[2026-06-06T21:16:33.767Z] [INFO] [SYSTEM] MCP Server Starting DATA: {
  "directory": "/Users/ib-mac/IB-Odoo_19 (LOCAL)/IB-Odoo_19",
  "nodeVersion": "v22.15.0",
  "platform": "darwin",
  "pid": 44012,
  "configEnvironment": "development",
  "embeddingEnabled": false
}
[2026-06-06T21:16:33.767Z] [INFO] [SYSTEM] Resource Manager Started DATA: {
  "maxMemoryMB": 4096,
  "maxCpuPercent": 80,
  "embeddingFallback": true
}
[2026-06-06T21:16:33.770Z] [INFO] [MCP_REQUEST] [b] Incoming MCP request: batch_index DATA: {
  "method": "batch_index",
  "params": {
    "sessionId": "batch_1780780475920_hewbd8q7",
    "maxFilesPerBatch": 100
  }
}
[2026-06-06T21:16:34.170Z] [INFO] [SYSTEM] MCP Server Transport Connecting DATA: {
  "transport": "stdio"
}
[2026-06-06T21:16:34.170Z] [INFO] [SYSTEM] MCP Server Ready DATA: {
  "directory": "/Users/ib-mac/IB-Odoo_19 (LOCAL)/IB-Odoo_19",
  "transport": "stdio",
  "toolsCount": 26,
  "readyTime": 1780780594170
}
[2026-06-06T21:16:34.180Z] [INFO] [SYSTEM] MCP Server Starting DATA: {
  "directory": "/Users/ib-mac/IB-Odoo_19 (LOCAL)/IB-Odoo_19",
  "nodeVersion": "v22.15.0",
  "platform": "darwin",
  "pid": 44019,
  "configEnvironment": "development",
  "embeddingEnabled": false
}
[2026-06-06T21:16:34.180Z] [INFO] [SYSTEM] Resource Manager Started DATA: {
  "maxMemoryMB": 4096,
  "maxCpuPercent": 80,
  "embeddingFallback": true
}
[2026-06-06T21:16:34.183Z] [INFO] [MCP_REQUEST] [b] Incoming MCP request: batch_index DATA: {
  "method": "batch_index",
  "params": {
    "sessionId": "batch_1780780475920_hewbd8q7",
    "maxFilesPerBatch": 100
  }
}
[2026-06-06T21:16:34.585Z] [INFO] [SYSTEM] MCP Server Transport Connecting DATA: {
  "transport": "stdio"
}
[2026-06-06T21:16:34.585Z] [INFO] [SYSTEM] MCP Server Ready DATA: {
  "directory": "/Users/ib-mac/IB-Odoo_19 (LOCAL)/IB-Odoo_19",
  "transport": "stdio",
  "toolsCount": 26,
  "readyTime": 1780780594585
}
[2026-06-06T21:16:34.595Z] [INFO] [SYSTEM] MCP Server Starting DATA: {
  "directory": "/Users/ib-mac/IB-Odoo_19 (LOCAL)/IB-Odoo_19",
  "nodeVersion": "v22.15.0",
  "platform": "darwin",
  "pid": 44026,
  "configEnvironment": "development",
  "embeddingEnabled": false
}
[2026-06-06T21:16:34.595Z] [INFO] [SYSTEM] Resource Manager Started DATA: {
  "maxMemoryMB": 4096,
  "maxCpuPercent": 80,
  "embeddingFallback": true
}
[2026-06-06T21:16:34.598Z] [INFO] [MCP_REQUEST] [b] Incoming MCP request: batch_index DATA: {
  "method": "batch_index",
  "params": {
    "sessionId": "batch_1780780475920_hewbd8q7",
    "maxFilesPerBatch": 100
  }
}
[2026-06-06T21:16:35.048Z] [INFO] [SYSTEM] MCP Server Transport Connecting DATA: {
  "transport": "stdio"
}
[2026-06-06T21:16:35.049Z] [INFO] [SYSTEM] MCP Server Ready DATA: {
  "directory": "/Users/ib-mac/IB-Odoo_19 (LOCAL)/IB-Odoo_19",
  "transport": "stdio",
  "toolsCount": 26,
  "readyTime": 1780780595049
}
[2026-06-06T21:16:35.058Z] [INFO] [SYSTEM] MCP Server Starting DATA: {
  "directory": "/Users/ib-mac/IB-Odoo_19 (LOCAL)/IB-Odoo_19",
  "nodeVersion": "v22.15.0",
  "platform": "darwin",
  "pid": 44033,
  "configEnvironment": "development",
  "embeddingEnabled": false
}
[2026-06-06T21:16:35.058Z] [INFO] [SYSTEM] Resource Manager Started DATA: {
  "maxMemoryMB": 4096,
  "maxCpuPercent": 80,
  "embeddingFallback": true
}
[2026-06-06T21:16:35.062Z] [INFO] [MCP_REQUEST] [b] Incoming MCP request: batch_index DATA: {
  "method": "batch_index",
  "params": {
    "sessionId": "batch_1780780475920_hewbd8q7",
    "maxFilesPerBatch": 100
  }
}
[2026-06-06T21:16:35.479Z] [INFO] [SYSTEM] MCP Server Transport Connecting DATA: {
  "transport": "stdio"
}
[2026-06-06T21:16:35.479Z] [INFO] [SYSTEM] MCP Server Ready DATA: {
  "directory": "/Users/ib-mac/IB-Odoo_19 (LOCAL)/IB-Odoo_19",
  "transport": "stdio",
  "toolsCount": 26,
  "readyTime": 1780780595479
}
[2026-06-06T21:16:35.488Z] [INFO] [SYSTEM] MCP Server Starting DATA: {
  "directory": "/Users/ib-mac/IB-Odoo_19 (LOCAL)/IB-Odoo_19",
  "nodeVersion": "v22.15.0",
  "platform": "darwin",
  "pid": 44043,
  "configEnvironment": "development",
  "embeddingEnabled": false
}
[2026-06-06T21:16:35.488Z] [INFO] [SYSTEM] Resource Manager Started DATA: {
  "maxMemoryMB": 4096,
  "maxCpuPercent": 80,
  "embeddingFallback": true
}
[2026-06-06T21:16:35.491Z] [INFO] [MCP_REQUEST] [b] Incoming MCP request: batch_index DATA: {
  "method": "batch_index",
  "params": {
    "sessionId": "batch_1780780475920_hewbd8q7",
    "maxFilesPerBatch": 100
  }
}
[2026-06-06T21:16:35.891Z] [INFO] [SYSTEM] MCP Server Transport Connecting DATA: {
  "transport": "stdio"
}
[2026-06-06T21:16:35.892Z] [INFO] [SYSTEM] MCP Server Ready DATA: {
  "directory": "/Users/ib-mac/IB-Odoo_19 (LOCAL)/IB-Odoo_19",
  "transport": "stdio",
  "toolsCount": 26,
  "readyTime": 1780780595892
}
[2026-06-06T21:16:35.900Z] [INFO] [SYSTEM] MCP Server Starting DATA: {
  "directory": "/Users/ib-mac/IB-Odoo_19 (LOCAL)/IB-Odoo_19",
  "nodeVersion": "v22.15.0",
  "platform": "darwin",
  "pid": 44050,
  "configEnvironment": "development",
  "embeddingEnabled": false
}
[2026-06-06T21:16:35.901Z] [INFO] [SYSTEM] Resource Manager Started DATA: {
  "maxMemoryMB": 4096,
  "maxCpuPercent": 80,
  "embeddingFallback": true
}
[2026-06-06T21:16:35.904Z] [INFO] [MCP_REQUEST] [b] Incoming MCP request: batch_index DATA: {
  "method": "batch_index",
  "params": {
    "sessionId": "batch_1780780475920_hewbd8q7",
    "maxFilesPerBatch": 100
  }
}
[2026-06-06T21:16:36.297Z] [INFO] [SYSTEM] MCP Server Transport Connecting DATA: {
  "transport": "stdio"
}
[2026-06-06T21:16:36.297Z] [INFO] [SYSTEM] MCP Server Ready DATA: {
  "directory": "/Users/ib-mac/IB-Odoo_19 (LOCAL)/IB-Odoo_19",
  "transport": "stdio",
  "toolsCount": 26,
  "readyTime": 1780780596297
}
[2026-06-06T21:16:36.306Z] [INFO] [SYSTEM] MCP Server Starting DATA: {
  "directory": "/Users/ib-mac/IB-Odoo_19 (LOCAL)/IB-Odoo_19",
  "nodeVersion": "v22.15.0",
  "platform": "darwin",
  "pid": 44057,
  "configEnvironment": "development",
  "embeddingEnabled": false
}
[2026-06-06T21:16:36.306Z] [INFO] [SYSTEM] Resource Manager Started DATA: {
  "maxMemoryMB": 4096,
  "maxCpuPercent": 80,
  "embeddingFallback": true
}
[2026-06-06T21:16:36.310Z] [INFO] [MCP_REQUEST] [b] Incoming MCP request: batch_index DATA: {
  "method": "batch_index",
  "params": {
    "sessionId": "batch_1780780475920_hewbd8q7",
    "maxFilesPerBatch": 100
  }
}
[2026-06-06T21:16:36.710Z] [INFO] [SYSTEM] MCP Server Transport Connecting DATA: {
  "transport": "stdio"
}
[2026-06-06T21:16:36.711Z] [INFO] [SYSTEM] MCP Server Ready DATA: {
  "directory": "/Users/ib-mac/IB-Odoo_19 (LOCAL)/IB-Odoo_19",
  "transport": "stdio",
  "toolsCount": 26,
  "readyTime": 1780780596711
}
[2026-06-06T21:16:36.720Z] [INFO] [SYSTEM] MCP Server Starting DATA: {
  "directory": "/Users/ib-mac/IB-Odoo_19 (LOCAL)/IB-Odoo_19",
  "nodeVersion": "v22.15.0",
  "platform": "darwin",
  "pid": 44064,
  "configEnvironment": "development",
  "embeddingEnabled": false
}
[2026-06-06T21:16:36.720Z] [INFO] [SYSTEM] Resource Manager Started DATA: {
  "maxMemoryMB": 4096,
  "maxCpuPercent": 80,
  "embeddingFallback": true
}
[2026-06-06T21:16:36.723Z] [INFO] [MCP_REQUEST] [b] Incoming MCP request: batch_index DATA: {
  "method": "batch_index",
  "params": {
    "sessionId": "batch_1780780475920_hewbd8q7",
    "maxFilesPerBatch": 100
  }
}
[2026-06-06T21:16:37.110Z] [INFO] [SYSTEM] MCP Server Transport Connecting DATA: {
  "transport": "stdio"
}
[2026-06-06T21:16:37.110Z] [INFO] [SYSTEM] MCP Server Ready DATA: {
  "directory": "/Users/ib-mac/IB-Odoo_19 (LOCAL)/IB-Odoo_19",
  "transport": "stdio",
  "toolsCount": 26,
  "readyTime": 1780780597110
}
[2026-06-06T21:16:37.119Z] [INFO] [SYSTEM] MCP Server Starting DATA: {
  "directory": "/Users/ib-mac/IB-Odoo_19 (LOCAL)/IB-Odoo_19",
  "nodeVersion": "v22.15.0",
  "platform": "darwin",
  "pid": 44074,
  "configEnvironment": "development",
  "embeddingEnabled": false
}
[2026-06-06T21:16:37.119Z] [INFO] [SYSTEM] Resource Manager Started DATA: {
  "maxMemoryMB": 4096,
  "maxCpuPercent": 80,
  "embeddingFallback": true
}
[2026-06-06T21:16:37.122Z] [INFO] [MCP_REQUEST] [b] Incoming MCP request: batch_index DATA: {
  "method": "batch_index",
  "params": {
    "sessionId": "batch_1780780475920_hewbd8q7",
    "maxFilesPerBatch": 100
  }
}
[2026-06-06T21:16:37.523Z] [INFO] [SYSTEM] MCP Server Transport Connecting DATA: {
  "transport": "stdio"
}
[2026-06-06T21:16:37.523Z] [INFO] [SYSTEM] MCP Server Ready DATA: {
  "directory": "/Users/ib-mac/IB-Odoo_19 (LOCAL)/IB-Odoo_19",
  "transport": "stdio",
  "toolsCount": 26,
  "readyTime": 1780780597523
}
[2026-06-06T21:16:37.533Z] [INFO] [SYSTEM] MCP Server Starting DATA: {
  "directory": "/Users/ib-mac/IB-Odoo_19 (LOCAL)/IB-Odoo_19",
  "nodeVersion": "v22.15.0",
  "platform": "darwin",
  "pid": 44081,
  "configEnvironment": "development",
  "embeddingEnabled": false
}
[2026-06-06T21:16:37.533Z] [INFO] [SYSTEM] Resource Manager Started DATA: {
  "maxMemoryMB": 4096,
  "maxCpuPercent": 80,
  "embeddingFallback": true
}
[2026-06-06T21:16:37.536Z] [INFO] [MCP_REQUEST] [b] Incoming MCP request: batch_index DATA: {
  "method": "batch_index",
  "params": {
    "sessionId": "batch_1780780475920_hewbd8q7",
    "maxFilesPerBatch": 100
  }
}
[2026-06-06T21:16:37.949Z] [INFO] [SYSTEM] MCP Server Transport Connecting DATA: {
  "transport": "stdio"
}
[2026-06-06T21:16:37.950Z] [INFO] [SYSTEM] MCP Server Ready DATA: {
  "directory": "/Users/ib-mac/IB-Odoo_19 (LOCAL)/IB-Odoo_19",
  "transport": "stdio",
  "toolsCount": 26,
  "readyTime": 1780780597950
}
[2026-06-06T21:16:37.960Z] [INFO] [SYSTEM] MCP Server Starting DATA: {
  "directory": "/Users/ib-mac/IB-Odoo_19 (LOCAL)/IB-Odoo_19",
  "nodeVersion": "v22.15.0",
  "platform": "darwin",
  "pid": 44088,
  "configEnvironment": "development",
  "embeddingEnabled": false
}
[2026-06-06T21:16:37.960Z] [INFO] [SYSTEM] Resource Manager Started DATA: {
  "maxMemoryMB": 4096,
  "maxCpuPercent": 80,
  "embeddingFallback": true
}
[2026-06-06T21:16:37.963Z] [INFO] [MCP_REQUEST] [b] Incoming MCP request: batch_index DATA: {
  "method": "batch_index",
  "params": {
    "sessionId": "batch_1780780475920_hewbd8q7",
    "maxFilesPerBatch": 100
  }
}
[2026-06-06T21:16:38.351Z] [INFO] [SYSTEM] MCP Server Transport Connecting DATA: {
  "transport": "stdio"
}
[2026-06-06T21:16:38.352Z] [INFO] [SYSTEM] MCP Server Ready DATA: {
  "directory": "/Users/ib-mac/IB-Odoo_19 (LOCAL)/IB-Odoo_19",
  "transport": "stdio",
  "toolsCount": 26,
  "readyTime": 1780780598352
}
[2026-06-06T21:16:38.361Z] [INFO] [SYSTEM] MCP Server Starting DATA: {
  "directory": "/Users/ib-mac/IB-Odoo_19 (LOCAL)/IB-Odoo_19",
  "nodeVersion": "v22.15.0",
  "platform": "darwin",
  "pid": 44095,
  "configEnvironment": "development",
  "embeddingEnabled": false
}
[2026-06-06T21:16:38.361Z] [INFO] [SYSTEM] Resource Manager Started DATA: {
  "maxMemoryMB": 4096,
  "maxCpuPercent": 80,
  "embeddingFallback": true
}
[2026-06-06T21:16:38.364Z] [INFO] [MCP_REQUEST] [b] Incoming MCP request: batch_index DATA: {
  "method": "batch_index",
  "params": {
    "sessionId": "batch_1780780475920_hewbd8q7",
    "maxFilesPerBatch": 100
  }
}
[2026-06-06T21:16:38.904Z] [INFO] [SYSTEM] MCP Server Transport Connecting DATA: {
  "transport": "stdio"
}
[2026-06-06T21:16:38.904Z] [INFO] [SYSTEM] MCP Server Ready DATA: {
  "directory": "/Users/ib-mac/IB-Odoo_19 (LOCAL)/IB-Odoo_19",
  "transport": "stdio",
  "toolsCount": 26,
  "readyTime": 1780780598904
}
[2026-06-06T21:16:38.914Z] [INFO] [SYSTEM] MCP Server Starting DATA: {
  "directory": "/Users/ib-mac/IB-Odoo_19 (LOCAL)/IB-Odoo_19",
  "nodeVersion": "v22.15.0",
  "platform": "darwin",
  "pid": 44102,
  "configEnvironment": "development",
  "embeddingEnabled": false
}
[2026-06-06T21:16:38.914Z] [INFO] [SYSTEM] Resource Manager Started DATA: {
  "maxMemoryMB": 4096,
  "maxCpuPercent": 80,
  "embeddingFallback": true
}
[2026-06-06T21:16:38.917Z] [INFO] [MCP_REQUEST] [b] Incoming MCP request: batch_index DATA: {
  "method": "batch_index",
  "params": {
    "sessionId": "batch_1780780475920_hewbd8q7",
    "maxFilesPerBatch": 100
  }
}
[2026-06-06T21:16:39.307Z] [INFO] [SYSTEM] MCP Server Transport Connecting DATA: {
  "transport": "stdio"
}
[2026-06-06T21:16:39.307Z] [INFO] [SYSTEM] MCP Server Ready DATA: {
  "directory": "/Users/ib-mac/IB-Odoo_19 (LOCAL)/IB-Odoo_19",
  "transport": "stdio",
  "toolsCount": 26,
  "readyTime": 1780780599307
}
[2026-06-06T21:16:39.316Z] [INFO] [SYSTEM] MCP Server Starting DATA: {
  "directory": "/Users/ib-mac/IB-Odoo_19 (LOCAL)/IB-Odoo_19",
  "nodeVersion": "v22.15.0",
  "platform": "darwin",
  "pid": 44112,
  "configEnvironment": "development",
  "embeddingEnabled": false
}
[2026-06-06T21:16:39.317Z] [INFO] [SYSTEM] Resource Manager Started DATA: {
  "maxMemoryMB": 4096,
  "maxCpuPercent": 80,
  "embeddingFallback": true
}
[2026-06-06T21:16:39.320Z] [INFO] [MCP_REQUEST] [b] Incoming MCP request: batch_index DATA: {
  "method": "batch_index",
  "params": {
    "sessionId": "batch_1780780475920_hewbd8q7",
    "maxFilesPerBatch": 100
  }
}
[2026-06-06T21:16:39.719Z] [INFO] [SYSTEM] MCP Server Transport Connecting DATA: {
  "transport": "stdio"
}
[2026-06-06T21:16:39.720Z] [INFO] [SYSTEM] MCP Server Ready DATA: {
  "directory": "/Users/ib-mac/IB-Odoo_19 (LOCAL)/IB-Odoo_19",
  "transport": "stdio",
  "toolsCount": 26,
  "readyTime": 1780780599720
}
[2026-06-06T21:16:39.729Z] [INFO] [SYSTEM] MCP Server Starting DATA: {
  "directory": "/Users/ib-mac/IB-Odoo_19 (LOCAL)/IB-Odoo_19",
  "nodeVersion": "v22.15.0",
  "platform": "darwin",
  "pid": 44119,
  "configEnvironment": "development",
  "embeddingEnabled": false
}
[2026-06-06T21:16:39.729Z] [INFO] [SYSTEM] Resource Manager Started DATA: {
  "maxMemoryMB": 4096,
  "maxCpuPercent": 80,
  "embeddingFallback": true
}
[2026-06-06T21:16:39.732Z] [INFO] [MCP_REQUEST] [b] Incoming MCP request: batch_index DATA: {
  "method": "batch_index",
  "params": {
    "sessionId": "batch_1780780475920_hewbd8q7",
    "maxFilesPerBatch": 100
  }
}
[2026-06-06T21:16:40.200Z] [INFO] [SYSTEM] MCP Server Transport Connecting DATA: {
  "transport": "stdio"
}
[2026-06-06T21:16:40.201Z] [INFO] [SYSTEM] MCP Server Ready DATA: {
  "directory": "/Users/ib-mac/IB-Odoo_19 (LOCAL)/IB-Odoo_19",
  "transport": "stdio",
  "toolsCount": 26,
  "readyTime": 1780780600201
}
[2026-06-06T21:16:40.212Z] [INFO] [SYSTEM] MCP Server Starting DATA: {
  "directory": "/Users/ib-mac/IB-Odoo_19 (LOCAL)/IB-Odoo_19",
  "nodeVersion": "v22.15.0",
  "platform": "darwin",
  "pid": 44126,
  "configEnvironment": "development",
  "embeddingEnabled": false
}
[2026-06-06T21:16:40.212Z] [INFO] [SYSTEM] Resource Manager Started DATA: {
  "maxMemoryMB": 4096,
  "maxCpuPercent": 80,
  "embeddingFallback": true
}
[2026-06-06T21:16:40.215Z] [INFO] [MCP_REQUEST] [b] Incoming MCP request: batch_index DATA: {
  "method": "batch_index",
  "params": {
    "sessionId": "batch_1780780475920_hewbd8q7",
    "maxFilesPerBatch": 100
  }
}
[2026-06-06T21:16:40.626Z] [INFO] [SYSTEM] MCP Server Transport Connecting DATA: {
  "transport": "stdio"
}
[2026-06-06T21:16:40.626Z] [INFO] [SYSTEM] MCP Server Ready DATA: {
  "directory": "/Users/ib-mac/IB-Odoo_19 (LOCAL)/IB-Odoo_19",
  "transport": "stdio",
  "toolsCount": 26,
  "readyTime": 1780780600626
}
[2026-06-06T21:16:40.635Z] [INFO] [SYSTEM] MCP Server Starting DATA: {
  "directory": "/Users/ib-mac/IB-Odoo_19 (LOCAL)/IB-Odoo_19",
  "nodeVersion": "v22.15.0",
  "platform": "darwin",
  "pid": 44134,
  "configEnvironment": "development",
  "embeddingEnabled": false
}
[2026-06-06T21:16:40.635Z] [INFO] [SYSTEM] Resource Manager Started DATA: {
  "maxMemoryMB": 4096,
  "maxCpuPercent": 80,
  "embeddingFallback": true
}
[2026-06-06T21:16:40.638Z] [INFO] [MCP_REQUEST] [b] Incoming MCP request: batch_index DATA: {
  "method": "batch_index",
  "params": {
    "sessionId": "batch_1780780475920_hewbd8q7",
    "maxFilesPerBatch": 100
  }
}
[2026-06-06T21:16:41.034Z] [INFO] [SYSTEM] MCP Server Transport Connecting DATA: {
  "transport": "stdio"
}
[2026-06-06T21:16:41.034Z] [INFO] [SYSTEM] MCP Server Ready DATA: {
  "directory": "/Users/ib-mac/IB-Odoo_19 (LOCAL)/IB-Odoo_19",
  "transport": "stdio",
  "toolsCount": 26,
  "readyTime": 1780780601034
}
[2026-06-06T21:16:41.044Z] [INFO] [SYSTEM] MCP Server Starting DATA: {
  "directory": "/Users/ib-mac/IB-Odoo_19 (LOCAL)/IB-Odoo_19",
  "nodeVersion": "v22.15.0",
  "platform": "darwin",
  "pid": 44142,
  "configEnvironment": "development",
  "embeddingEnabled": false
}
[2026-06-06T21:16:41.044Z] [INFO] [SYSTEM] Resource Manager Started DATA: {
  "maxMemoryMB": 4096,
  "maxCpuPercent": 80,
  "embeddingFallback": true
}
[2026-06-06T21:16:41.047Z] [INFO] [MCP_REQUEST] [b] Incoming MCP request: batch_index DATA: {
  "method": "batch_index",
  "params": {
    "sessionId": "batch_1780780475920_hewbd8q7",
    "maxFilesPerBatch": 100
  }
}
[2026-06-06T21:16:41.462Z] [INFO] [SYSTEM] MCP Server Transport Connecting DATA: {
  "transport": "stdio"
}
[2026-06-06T21:16:41.462Z] [INFO] [SYSTEM] MCP Server Ready DATA: {
  "directory": "/Users/ib-mac/IB-Odoo_19 (LOCAL)/IB-Odoo_19",
  "transport": "stdio",
  "toolsCount": 26,
  "readyTime": 1780780601462
}
[2026-06-06T21:16:41.471Z] [INFO] [SYSTEM] MCP Server Starting DATA: {
  "directory": "/Users/ib-mac/IB-Odoo_19 (LOCAL)/IB-Odoo_19",
  "nodeVersion": "v22.15.0",
  "platform": "darwin",
  "pid": 44151,
  "configEnvironment": "development",
  "embeddingEnabled": false
}
[2026-06-06T21:16:41.471Z] [INFO] [SYSTEM] Resource Manager Started DATA: {
  "maxMemoryMB": 4096,
  "maxCpuPercent": 80,
  "embeddingFallback": true
}
[2026-06-06T21:16:41.474Z] [INFO] [MCP_REQUEST] [b] Incoming MCP request: batch_index DATA: {
  "method": "batch_index",
  "params": {
    "sessionId": "batch_1780780475920_hewbd8q7",
    "maxFilesPerBatch": 100
  }
}
[2026-06-06T21:16:41.882Z] [INFO] [SYSTEM] MCP Server Transport Connecting DATA: {
  "transport": "stdio"
}
[2026-06-06T21:16:41.882Z] [INFO] [SYSTEM] MCP Server Ready DATA: {
  "directory": "/Users/ib-mac/IB-Odoo_19 (LOCAL)/IB-Odoo_19",
  "transport": "stdio",
  "toolsCount": 26,
  "readyTime": 1780780601882
}
[2026-06-06T21:16:41.891Z] [INFO] [SYSTEM] MCP Server Starting DATA: {
  "directory": "/Users/ib-mac/IB-Odoo_19 (LOCAL)/IB-Odoo_19",
  "nodeVersion": "v22.15.0",
  "platform": "darwin",
  "pid": 44158,
  "configEnvironment": "development",
  "embeddingEnabled": false
}
[2026-06-06T21:16:41.892Z] [INFO] [SYSTEM] Resource Manager Started DATA: {
  "maxMemoryMB": 4096,
  "maxCpuPercent": 80,
  "embeddingFallback": true
}
[2026-06-06T21:16:41.894Z] [INFO] [MCP_REQUEST] [b] Incoming MCP request: batch_index DATA: {
  "method": "batch_index",
  "params": {
    "sessionId": "batch_1780780475920_hewbd8q7",
    "maxFilesPerBatch": 100
  }
}
[2026-06-06T21:16:42.304Z] [INFO] [SYSTEM] MCP Server Transport Connecting DATA: {
  "transport": "stdio"
}
[2026-06-06T21:16:42.304Z] [INFO] [SYSTEM] MCP Server Ready DATA: {
  "directory": "/Users/ib-mac/IB-Odoo_19 (LOCAL)/IB-Odoo_19",
  "transport": "stdio",
  "toolsCount": 26,
  "readyTime": 1780780602304
}
[2026-06-06T21:16:42.314Z] [INFO] [SYSTEM] MCP Server Starting DATA: {
  "directory": "/Users/ib-mac/IB-Odoo_19 (LOCAL)/IB-Odoo_19",
  "nodeVersion": "v22.15.0",
  "platform": "darwin",
  "pid": 44166,
  "configEnvironment": "development",
  "embeddingEnabled": false
}
[2026-06-06T21:16:42.314Z] [INFO] [SYSTEM] Resource Manager Started DATA: {
  "maxMemoryMB": 4096,
  "maxCpuPercent": 80,
  "embeddingFallback": true
}
[2026-06-06T21:16:42.317Z] [INFO] [MCP_REQUEST] [b] Incoming MCP request: batch_index DATA: {
  "method": "batch_index",
  "params": {
    "sessionId": "batch_1780780475920_hewbd8q7",
    "maxFilesPerBatch": 100
  }
}
[2026-06-06T21:16:42.711Z] [INFO] [SYSTEM] MCP Server Transport Connecting DATA: {
  "transport": "stdio"
}
[2026-06-06T21:16:42.711Z] [INFO] [SYSTEM] MCP Server Ready DATA: {
  "directory": "/Users/ib-mac/IB-Odoo_19 (LOCAL)/IB-Odoo_19",
  "transport": "stdio",
  "toolsCount": 26,
  "readyTime": 1780780602711
}
[2026-06-06T21:16:42.720Z] [INFO] [SYSTEM] MCP Server Starting DATA: {
  "directory": "/Users/ib-mac/IB-Odoo_19 (LOCAL)/IB-Odoo_19",
  "nodeVersion": "v22.15.0",
  "platform": "darwin",
  "pid": 44173,
  "configEnvironment": "development",
  "embeddingEnabled": false
}
[2026-06-06T21:16:42.721Z] [INFO] [SYSTEM] Resource Manager Started DATA: {
  "maxMemoryMB": 4096,
  "maxCpuPercent": 80,
  "embeddingFallback": true
}
[2026-06-06T21:16:42.723Z] [INFO] [MCP_REQUEST] [b] Incoming MCP request: batch_index DATA: {
  "method": "batch_index",
  "params": {
    "sessionId": "batch_1780780475920_hewbd8q7",
    "maxFilesPerBatch": 100
  }
}
[2026-06-06T21:16:43.120Z] [INFO] [SYSTEM] MCP Server Transport Connecting DATA: {
  "transport": "stdio"
}
[2026-06-06T21:16:43.121Z] [INFO] [SYSTEM] MCP Server Ready DATA: {
  "directory": "/Users/ib-mac/IB-Odoo_19 (LOCAL)/IB-Odoo_19",
  "transport": "stdio",
  "toolsCount": 26,
  "readyTime": 1780780603121
}
[2026-06-06T21:16:43.130Z] [INFO] [SYSTEM] MCP Server Starting DATA: {
  "directory": "/Users/ib-mac/IB-Odoo_19 (LOCAL)/IB-Odoo_19",
  "nodeVersion": "v22.15.0",
  "platform": "darwin",
  "pid": 44183,
  "configEnvironment": "development",
  "embeddingEnabled": false
}
[2026-06-06T21:16:43.130Z] [INFO] [SYSTEM] Resource Manager Started DATA: {
  "maxMemoryMB": 4096,
  "maxCpuPercent": 80,
  "embeddingFallback": true
}
[2026-06-06T21:16:43.133Z] [INFO] [MCP_REQUEST] [b] Incoming MCP request: batch_index DATA: {
  "method": "batch_index",
  "params": {
    "sessionId": "batch_1780780475920_hewbd8q7",
    "maxFilesPerBatch": 100
  }
}
[2026-06-06T21:16:43.531Z] [INFO] [SYSTEM] MCP Server Transport Connecting DATA: {
  "transport": "stdio"
}
[2026-06-06T21:16:43.531Z] [INFO] [SYSTEM] MCP Server Ready DATA: {
  "directory": "/Users/ib-mac/IB-Odoo_19 (LOCAL)/IB-Odoo_19",
  "transport": "stdio",
  "toolsCount": 26,
  "readyTime": 1780780603531
}
[2026-06-06T21:16:43.540Z] [INFO] [SYSTEM] MCP Server Starting DATA: {
  "directory": "/Users/ib-mac/IB-Odoo_19 (LOCAL)/IB-Odoo_19",
  "nodeVersion": "v22.15.0",
  "platform": "darwin",
  "pid": 44190,
  "configEnvironment": "development",
  "embeddingEnabled": false
}
[2026-06-06T21:16:43.540Z] [INFO] [SYSTEM] Resource Manager Started DATA: {
  "maxMemoryMB": 4096,
  "maxCpuPercent": 80,
  "embeddingFallback": true
}
[2026-06-06T21:16:43.543Z] [INFO] [MCP_REQUEST] [b] Incoming MCP request: batch_index DATA: {
  "method": "batch_index",
  "params": {
    "sessionId": "batch_1780780475920_hewbd8q7",
    "maxFilesPerBatch": 100
  }
}
[2026-06-06T21:16:43.938Z] [INFO] [SYSTEM] MCP Server Transport Connecting DATA: {
  "transport": "stdio"
}
[2026-06-06T21:16:43.938Z] [INFO] [SYSTEM] MCP Server Ready DATA: {
  "directory": "/Users/ib-mac/IB-Odoo_19 (LOCAL)/IB-Odoo_19",
  "transport": "stdio",
  "toolsCount": 26,
  "readyTime": 1780780603938
}
[2026-06-06T21:16:43.948Z] [INFO] [SYSTEM] MCP Server Starting DATA: {
  "directory": "/Users/ib-mac/IB-Odoo_19 (LOCAL)/IB-Odoo_19",
  "nodeVersion": "v22.15.0",
  "platform": "darwin",
  "pid": 44197,
  "configEnvironment": "development",
  "embeddingEnabled": false
}
[2026-06-06T21:16:43.948Z] [INFO] [SYSTEM] Resource Manager Started DATA: {
  "maxMemoryMB": 4096,
  "maxCpuPercent": 80,
  "embeddingFallback": true
}
[2026-06-06T21:16:43.951Z] [INFO] [MCP_REQUEST] [b] Incoming MCP request: batch_index DATA: {
  "method": "batch_index",
  "params": {
    "sessionId": "batch_1780780475920_hewbd8q7",
    "maxFilesPerBatch": 100
  }
}
[2026-06-06T21:16:44.334Z] [INFO] [SYSTEM] MCP Server Transport Connecting DATA: {
  "transport": "stdio"
}
[2026-06-06T21:16:44.334Z] [INFO] [SYSTEM] MCP Server Ready DATA: {
  "directory": "/Users/ib-mac/IB-Odoo_19 (LOCAL)/IB-Odoo_19",
  "transport": "stdio",
  "toolsCount": 26,
  "readyTime": 1780780604334
}
[2026-06-06T21:16:44.343Z] [INFO] [SYSTEM] MCP Server Starting DATA: {
  "directory": "/Users/ib-mac/IB-Odoo_19 (LOCAL)/IB-Odoo_19",
  "nodeVersion": "v22.15.0",
  "platform": "darwin",
  "pid": 44204,
  "configEnvironment": "development",
  "embeddingEnabled": false
}
[2026-06-06T21:16:44.343Z] [INFO] [SYSTEM] Resource Manager Started DATA: {
  "maxMemoryMB": 4096,
  "maxCpuPercent": 80,
  "embeddingFallback": true
}
[2026-06-06T21:16:44.346Z] [INFO] [MCP_REQUEST] [b] Incoming MCP request: batch_index DATA: {
  "method": "batch_index",
  "params": {
    "sessionId": "batch_1780780475920_hewbd8q7",
    "maxFilesPerBatch": 100
  }
}
[2026-06-06T21:16:44.743Z] [INFO] [SYSTEM] MCP Server Transport Connecting DATA: {
  "transport": "stdio"
}
[2026-06-06T21:16:44.744Z] [INFO] [SYSTEM] MCP Server Ready DATA: {
  "directory": "/Users/ib-mac/IB-Odoo_19 (LOCAL)/IB-Odoo_19",
  "transport": "stdio",
  "toolsCount": 26,
  "readyTime": 1780780604744
}
[2026-06-06T21:16:44.752Z] [INFO] [SYSTEM] MCP Server Starting DATA: {
  "directory": "/Users/ib-mac/IB-Odoo_19 (LOCAL)/IB-Odoo_19",
  "nodeVersion": "v22.15.0",
  "platform": "darwin",
  "pid": 44211,
  "configEnvironment": "development",
  "embeddingEnabled": false
}
[2026-06-06T21:16:44.753Z] [INFO] [SYSTEM] Resource Manager Started DATA: {
  "maxMemoryMB": 4096,
  "maxCpuPercent": 80,
  "embeddingFallback": true
}
[2026-06-06T21:16:44.756Z] [INFO] [MCP_REQUEST] [b] Incoming MCP request: batch_index DATA: {
  "method": "batch_index",
  "params": {
    "sessionId": "batch_1780780475920_hewbd8q7",
    "maxFilesPerBatch": 100
  }
}
[2026-06-06T21:16:45.146Z] [INFO] [SYSTEM] MCP Server Transport Connecting DATA: {
  "transport": "stdio"
}
[2026-06-06T21:16:45.147Z] [INFO] [SYSTEM] MCP Server Ready DATA: {
  "directory": "/Users/ib-mac/IB-Odoo_19 (LOCAL)/IB-Odoo_19",
  "transport": "stdio",
  "toolsCount": 26,
  "readyTime": 1780780605147
}
[2026-06-06T21:16:45.155Z] [INFO] [SYSTEM] MCP Server Starting DATA: {
  "directory": "/Users/ib-mac/IB-Odoo_19 (LOCAL)/IB-Odoo_19",
  "nodeVersion": "v22.15.0",
  "platform": "darwin",
  "pid": 44221,
  "configEnvironment": "development",
  "embeddingEnabled": false
}
[2026-06-06T21:16:45.156Z] [INFO] [SYSTEM] Resource Manager Started DATA: {
  "maxMemoryMB": 4096,
  "maxCpuPercent": 80,
  "embeddingFallback": true
}
[2026-06-06T21:16:45.159Z] [INFO] [MCP_REQUEST] [b] Incoming MCP request: batch_index DATA: {
  "method": "batch_index",
  "params": {
    "sessionId": "batch_1780780475920_hewbd8q7",
    "maxFilesPerBatch": 100
  }
}
[2026-06-06T21:16:45.554Z] [INFO] [SYSTEM] MCP Server Transport Connecting DATA: {
  "transport": "stdio"
}
[2026-06-06T21:16:45.554Z] [INFO] [SYSTEM] MCP Server Ready DATA: {
  "directory": "/Users/ib-mac/IB-Odoo_19 (LOCAL)/IB-Odoo_19",
  "transport": "stdio",
  "toolsCount": 26,
  "readyTime": 1780780605554
}
[2026-06-06T21:16:45.566Z] [INFO] [SYSTEM] MCP Server Starting DATA: {
  "directory": "/Users/ib-mac/IB-Odoo_19 (LOCAL)/IB-Odoo_19",
  "nodeVersion": "v22.15.0",
  "platform": "darwin",
  "pid": 44228,
  "configEnvironment": "development",
  "embeddingEnabled": false
}
[2026-06-06T21:16:45.566Z] [INFO] [SYSTEM] Resource Manager Started DATA: {
  "maxMemoryMB": 4096,
  "maxCpuPercent": 80,
  "embeddingFallback": true
}
[2026-06-06T21:16:45.569Z] [INFO] [MCP_REQUEST] [b] Incoming MCP request: batch_index DATA: {
  "method": "batch_index",
  "params": {
    "sessionId": "batch_1780780475920_hewbd8q7",
    "maxFilesPerBatch": 100
  }
}
[2026-06-06T21:16:45.971Z] [INFO] [SYSTEM] MCP Server Transport Connecting DATA: {
  "transport": "stdio"
}
[2026-06-06T21:16:45.971Z] [INFO] [SYSTEM] MCP Server Ready DATA: {
  "directory": "/Users/ib-mac/IB-Odoo_19 (LOCAL)/IB-Odoo_19",
  "transport": "stdio",
  "toolsCount": 26,
  "readyTime": 1780780605971
}
[2026-06-06T21:16:45.980Z] [INFO] [SYSTEM] MCP Server Starting DATA: {
  "directory": "/Users/ib-mac/IB-Odoo_19 (LOCAL)/IB-Odoo_19",
  "nodeVersion": "v22.15.0",
  "platform": "darwin",
  "pid": 44235,
  "configEnvironment": "development",
  "embeddingEnabled": false
}
[2026-06-06T21:16:45.981Z] [INFO] [SYSTEM] Resource Manager Started DATA: {
  "maxMemoryMB": 4096,
  "maxCpuPercent": 80,
  "embeddingFallback": true
}
[2026-06-06T21:16:45.984Z] [INFO] [MCP_REQUEST] [b] Incoming MCP request: batch_index DATA: {
  "method": "batch_index",
  "params": {
    "sessionId": "batch_1780780475920_hewbd8q7",
    "maxFilesPerBatch": 100
  }
}
[2026-06-06T21:16:46.364Z] [INFO] [SYSTEM] MCP Server Transport Connecting DATA: {
  "transport": "stdio"
}
[2026-06-06T21:16:46.364Z] [INFO] [SYSTEM] MCP Server Ready DATA: {
  "directory": "/Users/ib-mac/IB-Odoo_19 (LOCAL)/IB-Odoo_19",
  "transport": "stdio",
  "toolsCount": 26,
  "readyTime": 1780780606364
}
[2026-06-06T21:16:46.373Z] [INFO] [SYSTEM] MCP Server Starting DATA: {
  "directory": "/Users/ib-mac/IB-Odoo_19 (LOCAL)/IB-Odoo_19",
  "nodeVersion": "v22.15.0",
  "platform": "darwin",
  "pid": 44242,
  "configEnvironment": "development",
  "embeddingEnabled": false
}
[2026-06-06T21:16:46.373Z] [INFO] [SYSTEM] Resource Manager Started DATA: {
  "maxMemoryMB": 4096,
  "maxCpuPercent": 80,
  "embeddingFallback": true
}
[2026-06-06T21:16:46.377Z] [INFO] [MCP_REQUEST] [b] Incoming MCP request: batch_index DATA: {
  "method": "batch_index",
  "params": {
    "sessionId": "batch_1780780475920_hewbd8q7",
    "maxFilesPerBatch": 100
  }
}
[2026-06-06T21:16:46.781Z] [INFO] [SYSTEM] MCP Server Transport Connecting DATA: {
  "transport": "stdio"
}
[2026-06-06T21:16:46.781Z] [INFO] [SYSTEM] MCP Server Ready DATA: {
  "directory": "/Users/ib-mac/IB-Odoo_19 (LOCAL)/IB-Odoo_19",
  "transport": "stdio",
  "toolsCount": 26,
  "readyTime": 1780780606781
}
[2026-06-06T21:16:46.790Z] [INFO] [SYSTEM] MCP Server Starting DATA: {
  "directory": "/Users/ib-mac/IB-Odoo_19 (LOCAL)/IB-Odoo_19",
  "nodeVersion": "v22.15.0",
  "platform": "darwin",
  "pid": 44249,
  "configEnvironment": "development",
  "embeddingEnabled": false
}
[2026-06-06T21:16:46.790Z] [INFO] [SYSTEM] Resource Manager Started DATA: {
  "maxMemoryMB": 4096,
  "maxCpuPercent": 80,
  "embeddingFallback": true
}
[2026-06-06T21:16:46.793Z] [INFO] [MCP_REQUEST] [b] Incoming MCP request: batch_index DATA: {
  "method": "batch_index",
  "params": {
    "sessionId": "batch_1780780475920_hewbd8q7",
    "maxFilesPerBatch": 100
  }
}
[2026-06-06T21:16:47.199Z] [INFO] [SYSTEM] MCP Server Transport Connecting DATA: {
  "transport": "stdio"
}
[2026-06-06T21:16:47.200Z] [INFO] [SYSTEM] MCP Server Ready DATA: {
  "directory": "/Users/ib-mac/IB-Odoo_19 (LOCAL)/IB-Odoo_19",
  "transport": "stdio",
  "toolsCount": 26,
  "readyTime": 1780780607200
}
[2026-06-06T21:16:47.209Z] [INFO] [SYSTEM] MCP Server Starting DATA: {
  "directory": "/Users/ib-mac/IB-Odoo_19 (LOCAL)/IB-Odoo_19",
  "nodeVersion": "v22.15.0",
  "platform": "darwin",
  "pid": 44259,
  "configEnvironment": "development",
  "embeddingEnabled": false
}
[2026-06-06T21:16:47.209Z] [INFO] [SYSTEM] Resource Manager Started DATA: {
  "maxMemoryMB": 4096,
  "maxCpuPercent": 80,
  "embeddingFallback": true
}
[2026-06-06T21:16:47.212Z] [INFO] [MCP_REQUEST] [b] Incoming MCP request: batch_index DATA: {
  "method": "batch_index",
  "params": {
    "sessionId": "batch_1780780475920_hewbd8q7",
    "maxFilesPerBatch": 100
  }
}
[2026-06-06T21:16:47.610Z] [INFO] [SYSTEM] MCP Server Transport Connecting DATA: {
  "transport": "stdio"
}
[2026-06-06T21:16:47.610Z] [INFO] [SYSTEM] MCP Server Ready DATA: {
  "directory": "/Users/ib-mac/IB-Odoo_19 (LOCAL)/IB-Odoo_19",
  "transport": "stdio",
  "toolsCount": 26,
  "readyTime": 1780780607610
}
[2026-06-06T21:16:47.619Z] [INFO] [SYSTEM] MCP Server Starting DATA: {
  "directory": "/Users/ib-mac/IB-Odoo_19 (LOCAL)/IB-Odoo_19",
  "nodeVersion": "v22.15.0",
  "platform": "darwin",
  "pid": 44266,
  "configEnvironment": "development",
  "embeddingEnabled": false
}
[2026-06-06T21:16:47.619Z] [INFO] [SYSTEM] Resource Manager Started DATA: {
  "maxMemoryMB": 4096,
  "maxCpuPercent": 80,
  "embeddingFallback": true
}
[2026-06-06T21:16:47.622Z] [INFO] [MCP_REQUEST] [b] Incoming MCP request: batch_index DATA: {
  "method": "batch_index",
  "params": {
    "sessionId": "batch_1780780475920_hewbd8q7",
    "maxFilesPerBatch": 100
  }
}
[2026-06-06T21:16:48.027Z] [INFO] [SYSTEM] MCP Server Transport Connecting DATA: {
  "transport": "stdio"
}
[2026-06-06T21:16:48.027Z] [INFO] [SYSTEM] MCP Server Ready DATA: {
  "directory": "/Users/ib-mac/IB-Odoo_19 (LOCAL)/IB-Odoo_19",
  "transport": "stdio",
  "toolsCount": 26,
  "readyTime": 1780780608027
}
[2026-06-06T21:16:48.036Z] [INFO] [SYSTEM] MCP Server Starting DATA: {
  "directory": "/Users/ib-mac/IB-Odoo_19 (LOCAL)/IB-Odoo_19",
  "nodeVersion": "v22.15.0",
  "platform": "darwin",
  "pid": 44273,
  "configEnvironment": "development",
  "embeddingEnabled": false
}
[2026-06-06T21:16:48.036Z] [INFO] [SYSTEM] Resource Manager Started DATA: {
  "maxMemoryMB": 4096,
  "maxCpuPercent": 80,
  "embeddingFallback": true
}
[2026-06-06T21:16:48.039Z] [INFO] [MCP_REQUEST] [b] Incoming MCP request: batch_index DATA: {
  "method": "batch_index",
  "params": {
    "sessionId": "batch_1780780475920_hewbd8q7",
    "maxFilesPerBatch": 100
  }
}
[2026-06-06T21:16:48.431Z] [INFO] [SYSTEM] MCP Server Transport Connecting DATA: {
  "transport": "stdio"
}
[2026-06-06T21:16:48.431Z] [INFO] [SYSTEM] MCP Server Ready DATA: {
  "directory": "/Users/ib-mac/IB-Odoo_19 (LOCAL)/IB-Odoo_19",
  "transport": "stdio",
  "toolsCount": 26,
  "readyTime": 1780780608431
}
[2026-06-06T21:16:48.440Z] [INFO] [SYSTEM] MCP Server Starting DATA: {
  "directory": "/Users/ib-mac/IB-Odoo_19 (LOCAL)/IB-Odoo_19",
  "nodeVersion": "v22.15.0",
  "platform": "darwin",
  "pid": 44280,
  "configEnvironment": "development",
  "embeddingEnabled": false
}
[2026-06-06T21:16:48.440Z] [INFO] [SYSTEM] Resource Manager Started DATA: {
  "maxMemoryMB": 4096,
  "maxCpuPercent": 80,
  "embeddingFallback": true
}
[2026-06-06T21:16:48.444Z] [INFO] [MCP_REQUEST] [b] Incoming MCP request: batch_index DATA: {
  "method": "batch_index",
  "params": {
    "sessionId": "batch_1780780475920_hewbd8q7",
    "maxFilesPerBatch": 100
  }
}
[2026-06-06T21:16:48.830Z] [INFO] [SYSTEM] MCP Server Transport Connecting DATA: {
  "transport": "stdio"
}
[2026-06-06T21:16:48.830Z] [INFO] [SYSTEM] MCP Server Ready DATA: {
  "directory": "/Users/ib-mac/IB-Odoo_19 (LOCAL)/IB-Odoo_19",
  "transport": "stdio",
  "toolsCount": 26,
  "readyTime": 1780780608830
}
[2026-06-06T21:16:48.841Z] [INFO] [SYSTEM] MCP Server Starting DATA: {
  "directory": "/Users/ib-mac/IB-Odoo_19 (LOCAL)/IB-Odoo_19",
  "nodeVersion": "v22.15.0",
  "platform": "darwin",
  "pid": 44287,
  "configEnvironment": "development",
  "embeddingEnabled": false
}
[2026-06-06T21:16:48.841Z] [INFO] [SYSTEM] Resource Manager Started DATA: {
  "maxMemoryMB": 4096,
  "maxCpuPercent": 80,
  "embeddingFallback": true
}
[2026-06-06T21:16:48.844Z] [INFO] [MCP_REQUEST] [b] Incoming MCP request: batch_index DATA: {
  "method": "batch_index",
  "params": {
    "sessionId": "batch_1780780475920_hewbd8q7",
    "maxFilesPerBatch": 100
  }
}
[2026-06-06T21:16:49.241Z] [INFO] [SYSTEM] MCP Server Transport Connecting DATA: {
  "transport": "stdio"
}
[2026-06-06T21:16:49.241Z] [INFO] [SYSTEM] MCP Server Ready DATA: {
  "directory": "/Users/ib-mac/IB-Odoo_19 (LOCAL)/IB-Odoo_19",
  "transport": "stdio",
  "toolsCount": 26,
  "readyTime": 1780780609241
}
[2026-06-06T21:16:49.251Z] [INFO] [SYSTEM] MCP Server Starting DATA: {
  "directory": "/Users/ib-mac/IB-Odoo_19 (LOCAL)/IB-Odoo_19",
  "nodeVersion": "v22.15.0",
  "platform": "darwin",
  "pid": 44297,
  "configEnvironment": "development",
  "embeddingEnabled": false
}
[2026-06-06T21:16:49.251Z] [INFO] [SYSTEM] Resource Manager Started DATA: {
  "maxMemoryMB": 4096,
  "maxCpuPercent": 80,
  "embeddingFallback": true
}
[2026-06-06T21:16:49.254Z] [INFO] [MCP_REQUEST] [b] Incoming MCP request: batch_index DATA: {
  "method": "batch_index",
  "params": {
    "sessionId": "batch_1780780475920_hewbd8q7",
    "maxFilesPerBatch": 100
  }
}
[2026-06-06T21:16:49.668Z] [INFO] [SYSTEM] MCP Server Transport Connecting DATA: {
  "transport": "stdio"
}
[2026-06-06T21:16:49.668Z] [INFO] [SYSTEM] MCP Server Ready DATA: {
  "directory": "/Users/ib-mac/IB-Odoo_19 (LOCAL)/IB-Odoo_19",
  "transport": "stdio",
  "toolsCount": 26,
  "readyTime": 1780780609668
}
[2026-06-06T21:16:49.678Z] [INFO] [SYSTEM] MCP Server Starting DATA: {
  "directory": "/Users/ib-mac/IB-Odoo_19 (LOCAL)/IB-Odoo_19",
  "nodeVersion": "v22.15.0",
  "platform": "darwin",
  "pid": 44304,
  "configEnvironment": "development",
  "embeddingEnabled": false
}
[2026-06-06T21:16:49.678Z] [INFO] [SYSTEM] Resource Manager Started DATA: {
  "maxMemoryMB": 4096,
  "maxCpuPercent": 80,
  "embeddingFallback": true
}
[2026-06-06T21:16:49.681Z] [INFO] [MCP_REQUEST] [b] Incoming MCP request: batch_index DATA: {
  "method": "batch_index",
  "params": {
    "sessionId": "batch_1780780475920_hewbd8q7",
    "maxFilesPerBatch": 100
  }
}
[2026-06-06T21:16:50.073Z] [INFO] [SYSTEM] MCP Server Transport Connecting DATA: {
  "transport": "stdio"
}
[2026-06-06T21:16:50.074Z] [INFO] [SYSTEM] MCP Server Ready DATA: {
  "directory": "/Users/ib-mac/IB-Odoo_19 (LOCAL)/IB-Odoo_19",
  "transport": "stdio",
  "toolsCount": 26,
  "readyTime": 1780780610074
}
[2026-06-06T21:16:50.083Z] [INFO] [SYSTEM] MCP Server Starting DATA: {
  "directory": "/Users/ib-mac/IB-Odoo_19 (LOCAL)/IB-Odoo_19",
  "nodeVersion": "v22.15.0",
  "platform": "darwin",
  "pid": 44311,
  "configEnvironment": "development",
  "embeddingEnabled": false
}
[2026-06-06T21:16:50.083Z] [INFO] [SYSTEM] Resource Manager Started DATA: {
  "maxMemoryMB": 4096,
  "maxCpuPercent": 80,
  "embeddingFallback": true
}
[2026-06-06T21:16:50.086Z] [INFO] [MCP_REQUEST] [b] Incoming MCP request: batch_index DATA: {
  "method": "batch_index",
  "params": {
    "sessionId": "batch_1780780475920_hewbd8q7",
    "maxFilesPerBatch": 100
  }
}
[2026-06-06T21:16:50.491Z] [INFO] [SYSTEM] MCP Server Transport Connecting DATA: {
  "transport": "stdio"
}
[2026-06-06T21:16:50.492Z] [INFO] [SYSTEM] MCP Server Ready DATA: {
  "directory": "/Users/ib-mac/IB-Odoo_19 (LOCAL)/IB-Odoo_19",
  "transport": "stdio",
  "toolsCount": 26,
  "readyTime": 1780780610492
}
[2026-06-06T21:16:50.500Z] [INFO] [SYSTEM] MCP Server Starting DATA: {
  "directory": "/Users/ib-mac/IB-Odoo_19 (LOCAL)/IB-Odoo_19",
  "nodeVersion": "v22.15.0",
  "platform": "darwin",
  "pid": 44319,
  "configEnvironment": "development",
  "embeddingEnabled": false
}
[2026-06-06T21:16:50.501Z] [INFO] [SYSTEM] Resource Manager Started DATA: {
  "maxMemoryMB": 4096,
  "maxCpuPercent": 80,
  "embeddingFallback": true
}
[2026-06-06T21:16:50.504Z] [INFO] [MCP_REQUEST] [b] Incoming MCP request: batch_index DATA: {
  "method": "batch_index",
  "params": {
    "sessionId": "batch_1780780475920_hewbd8q7",
    "maxFilesPerBatch": 100
  }
}
[2026-06-06T21:16:50.908Z] [INFO] [SYSTEM] MCP Server Transport Connecting DATA: {
  "transport": "stdio"
}
[2026-06-06T21:16:50.909Z] [INFO] [SYSTEM] MCP Server Ready DATA: {
  "directory": "/Users/ib-mac/IB-Odoo_19 (LOCAL)/IB-Odoo_19",
  "transport": "stdio",
  "toolsCount": 26,
  "readyTime": 1780780610909
}
[2026-06-06T21:16:50.919Z] [INFO] [SYSTEM] MCP Server Starting DATA: {
  "directory": "/Users/ib-mac/IB-Odoo_19 (LOCAL)/IB-Odoo_19",
  "nodeVersion": "v22.15.0",
  "platform": "darwin",
  "pid": 44326,
  "configEnvironment": "development",
  "embeddingEnabled": false
}
[2026-06-06T21:16:50.919Z] [INFO] [SYSTEM] Resource Manager Started DATA: {
  "maxMemoryMB": 4096,
  "maxCpuPercent": 80,
  "embeddingFallback": true
}
[2026-06-06T21:16:50.922Z] [INFO] [MCP_REQUEST] [b] Incoming MCP request: batch_index DATA: {
  "method": "batch_index",
  "params": {
    "sessionId": "batch_1780780475920_hewbd8q7",
    "maxFilesPerBatch": 100
  }
}
[2026-06-06T21:16:51.338Z] [INFO] [SYSTEM] MCP Server Transport Connecting DATA: {
  "transport": "stdio"
}
[2026-06-06T21:16:51.338Z] [INFO] [SYSTEM] MCP Server Ready DATA: {
  "directory": "/Users/ib-mac/IB-Odoo_19 (LOCAL)/IB-Odoo_19",
  "transport": "stdio",
  "toolsCount": 26,
  "readyTime": 1780780611338
}
[2026-06-06T21:16:51.347Z] [INFO] [SYSTEM] MCP Server Starting DATA: {
  "directory": "/Users/ib-mac/IB-Odoo_19 (LOCAL)/IB-Odoo_19",
  "nodeVersion": "v22.15.0",
  "platform": "darwin",
  "pid": 44336,
  "configEnvironment": "development",
  "embeddingEnabled": false
}
[2026-06-06T21:16:51.348Z] [INFO] [SYSTEM] Resource Manager Started DATA: {
  "maxMemoryMB": 4096,
  "maxCpuPercent": 80,
  "embeddingFallback": true
}
[2026-06-06T21:16:51.351Z] [INFO] [MCP_REQUEST] [b] Incoming MCP request: batch_index DATA: {
  "method": "batch_index",
  "params": {
    "sessionId": "batch_1780780475920_hewbd8q7",
    "maxFilesPerBatch": 100
  }
}
[2026-06-06T21:16:51.759Z] [INFO] [SYSTEM] MCP Server Transport Connecting DATA: {
  "transport": "stdio"
}
[2026-06-06T21:16:51.759Z] [INFO] [SYSTEM] MCP Server Ready DATA: {
  "directory": "/Users/ib-mac/IB-Odoo_19 (LOCAL)/IB-Odoo_19",
  "transport": "stdio",
  "toolsCount": 26,
  "readyTime": 1780780611759
}
[2026-06-06T21:16:51.768Z] [INFO] [SYSTEM] MCP Server Starting DATA: {
  "directory": "/Users/ib-mac/IB-Odoo_19 (LOCAL)/IB-Odoo_19",
  "nodeVersion": "v22.15.0",
  "platform": "darwin",
  "pid": 44343,
  "configEnvironment": "development",
  "embeddingEnabled": false
}
[2026-06-06T21:16:51.769Z] [INFO] [SYSTEM] Resource Manager Started DATA: {
  "maxMemoryMB": 4096,
  "maxCpuPercent": 80,
  "embeddingFallback": true
}
[2026-06-06T21:16:51.771Z] [INFO] [MCP_REQUEST] [b] Incoming MCP request: batch_index DATA: {
  "method": "batch_index",
  "params": {
    "sessionId": "batch_1780780475920_hewbd8q7",
    "maxFilesPerBatch": 100
  }
}
[2026-06-06T21:16:52.177Z] [INFO] [SYSTEM] MCP Server Transport Connecting DATA: {
  "transport": "stdio"
}
[2026-06-06T21:16:52.178Z] [INFO] [SYSTEM] MCP Server Ready DATA: {
  "directory": "/Users/ib-mac/IB-Odoo_19 (LOCAL)/IB-Odoo_19",
  "transport": "stdio",
  "toolsCount": 26,
  "readyTime": 1780780612178
}
[2026-06-06T21:16:52.188Z] [INFO] [SYSTEM] MCP Server Starting DATA: {
  "directory": "/Users/ib-mac/IB-Odoo_19 (LOCAL)/IB-Odoo_19",
  "nodeVersion": "v22.15.0",
  "platform": "darwin",
  "pid": 44350,
  "configEnvironment": "development",
  "embeddingEnabled": false
}
[2026-06-06T21:16:52.188Z] [INFO] [SYSTEM] Resource Manager Started DATA: {
  "maxMemoryMB": 4096,
  "maxCpuPercent": 80,
  "embeddingFallback": true
}
[2026-06-06T21:16:52.191Z] [INFO] [MCP_REQUEST] [b] Incoming MCP request: batch_index DATA: {
  "method": "batch_index",
  "params": {
    "sessionId": "batch_1780780475920_hewbd8q7",
    "maxFilesPerBatch": 100
  }
}
[2026-06-06T21:16:52.593Z] [INFO] [SYSTEM] MCP Server Transport Connecting DATA: {
  "transport": "stdio"
}
[2026-06-06T21:16:52.593Z] [INFO] [SYSTEM] MCP Server Ready DATA: {
  "directory": "/Users/ib-mac/IB-Odoo_19 (LOCAL)/IB-Odoo_19",
  "transport": "stdio",
  "toolsCount": 26,
  "readyTime": 1780780612593
}
[2026-06-06T21:16:52.603Z] [INFO] [SYSTEM] MCP Server Starting DATA: {
  "directory": "/Users/ib-mac/IB-Odoo_19 (LOCAL)/IB-Odoo_19",
  "nodeVersion": "v22.15.0",
  "platform": "darwin",
  "pid": 44357,
  "configEnvironment": "development",
  "embeddingEnabled": false
}
[2026-06-06T21:16:52.603Z] [INFO] [SYSTEM] Resource Manager Started DATA: {
  "maxMemoryMB": 4096,
  "maxCpuPercent": 80,
  "embeddingFallback": true
}
[2026-06-06T21:16:52.606Z] [INFO] [MCP_REQUEST] [b] Incoming MCP request: batch_index DATA: {
  "method": "batch_index",
  "params": {
    "sessionId": "batch_1780780475920_hewbd8q7",
    "maxFilesPerBatch": 100
  }
}
[2026-06-06T21:16:53.007Z] [INFO] [SYSTEM] MCP Server Transport Connecting DATA: {
  "transport": "stdio"
}
[2026-06-06T21:16:53.008Z] [INFO] [SYSTEM] MCP Server Ready DATA: {
  "directory": "/Users/ib-mac/IB-Odoo_19 (LOCAL)/IB-Odoo_19",
  "transport": "stdio",
  "toolsCount": 26,
  "readyTime": 1780780613008
}
[2026-06-06T21:16:53.017Z] [INFO] [SYSTEM] MCP Server Starting DATA: {
  "directory": "/Users/ib-mac/IB-Odoo_19 (LOCAL)/IB-Odoo_19",
  "nodeVersion": "v22.15.0",
  "platform": "darwin",
  "pid": 44364,
  "configEnvironment": "development",
  "embeddingEnabled": false
}
[2026-06-06T21:16:53.017Z] [INFO] [SYSTEM] Resource Manager Started DATA: {
  "maxMemoryMB": 4096,
  "maxCpuPercent": 80,
  "embeddingFallback": true
}
[2026-06-06T21:16:53.020Z] [INFO] [MCP_REQUEST] [b] Incoming MCP request: batch_index DATA: {
  "method": "batch_index",
  "params": {
    "sessionId": "batch_1780780475920_hewbd8q7",
    "maxFilesPerBatch": 100
  }
}
[2026-06-06T21:16:53.403Z] [INFO] [SYSTEM] MCP Server Transport Connecting DATA: {
  "transport": "stdio"
}
[2026-06-06T21:16:53.403Z] [INFO] [SYSTEM] MCP Server Ready DATA: {
  "directory": "/Users/ib-mac/IB-Odoo_19 (LOCAL)/IB-Odoo_19",
  "transport": "stdio",
  "toolsCount": 26,
  "readyTime": 1780780613403
}
[2026-06-06T21:16:53.413Z] [INFO] [SYSTEM] MCP Server Starting DATA: {
  "directory": "/Users/ib-mac/IB-Odoo_19 (LOCAL)/IB-Odoo_19",
  "nodeVersion": "v22.15.0",
  "platform": "darwin",
  "pid": 44374,
  "configEnvironment": "development",
  "embeddingEnabled": false
}
[2026-06-06T21:16:53.413Z] [INFO] [SYSTEM] Resource Manager Started DATA: {
  "maxMemoryMB": 4096,
  "maxCpuPercent": 80,
  "embeddingFallback": true
}
[2026-06-06T21:16:53.416Z] [INFO] [MCP_REQUEST] [b] Incoming MCP request: batch_index DATA: {
  "method": "batch_index",
  "params": {
    "sessionId": "batch_1780780475920_hewbd8q7",
    "maxFilesPerBatch": 100
  }
}
[2026-06-06T21:16:53.818Z] [INFO] [SYSTEM] MCP Server Transport Connecting DATA: {
  "transport": "stdio"
}
[2026-06-06T21:16:53.818Z] [INFO] [SYSTEM] MCP Server Ready DATA: {
  "directory": "/Users/ib-mac/IB-Odoo_19 (LOCAL)/IB-Odoo_19",
  "transport": "stdio",
  "toolsCount": 26,
  "readyTime": 1780780613818
}
[2026-06-06T21:16:53.828Z] [INFO] [SYSTEM] MCP Server Starting DATA: {
  "directory": "/Users/ib-mac/IB-Odoo_19 (LOCAL)/IB-Odoo_19",
  "nodeVersion": "v22.15.0",
  "platform": "darwin",
  "pid": 44381,
  "configEnvironment": "development",
  "embeddingEnabled": false
}
[2026-06-06T21:16:53.828Z] [INFO] [SYSTEM] Resource Manager Started DATA: {
  "maxMemoryMB": 4096,
  "maxCpuPercent": 80,
  "embeddingFallback": true
}
[2026-06-06T21:16:53.831Z] [INFO] [MCP_REQUEST] [b] Incoming MCP request: batch_index DATA: {
  "method": "batch_index",
  "params": {
    "sessionId": "batch_1780780475920_hewbd8q7",
    "maxFilesPerBatch": 100
  }
}
[2026-06-06T21:16:54.232Z] [INFO] [SYSTEM] MCP Server Transport Connecting DATA: {
  "transport": "stdio"
}
[2026-06-06T21:16:54.233Z] [INFO] [SYSTEM] MCP Server Ready DATA: {
  "directory": "/Users/ib-mac/IB-Odoo_19 (LOCAL)/IB-Odoo_19",
  "transport": "stdio",
  "toolsCount": 26,
  "readyTime": 1780780614233
}
[2026-06-06T21:16:54.242Z] [INFO] [SYSTEM] MCP Server Starting DATA: {
  "directory": "/Users/ib-mac/IB-Odoo_19 (LOCAL)/IB-Odoo_19",
  "nodeVersion": "v22.15.0",
  "platform": "darwin",
  "pid": 44388,
  "configEnvironment": "development",
  "embeddingEnabled": false
}
[2026-06-06T21:16:54.242Z] [INFO] [SYSTEM] Resource Manager Started DATA: {
  "maxMemoryMB": 4096,
  "maxCpuPercent": 80,
  "embeddingFallback": true
}
[2026-06-06T21:16:54.245Z] [INFO] [MCP_REQUEST] [b] Incoming MCP request: batch_index DATA: {
  "method": "batch_index",
  "params": {
    "sessionId": "batch_1780780475920_hewbd8q7",
    "maxFilesPerBatch": 100
  }
}
[2026-06-06T21:16:54.652Z] [INFO] [SYSTEM] MCP Server Transport Connecting DATA: {
  "transport": "stdio"
}
[2026-06-06T21:16:54.652Z] [INFO] [SYSTEM] MCP Server Ready DATA: {
  "directory": "/Users/ib-mac/IB-Odoo_19 (LOCAL)/IB-Odoo_19",
  "transport": "stdio",
  "toolsCount": 26,
  "readyTime": 1780780614652
}
[2026-06-06T21:16:54.661Z] [INFO] [SYSTEM] MCP Server Starting DATA: {
  "directory": "/Users/ib-mac/IB-Odoo_19 (LOCAL)/IB-Odoo_19",
  "nodeVersion": "v22.15.0",
  "platform": "darwin",
  "pid": 44395,
  "configEnvironment": "development",
  "embeddingEnabled": false
}
[2026-06-06T21:16:54.662Z] [INFO] [SYSTEM] Resource Manager Started DATA: {
  "maxMemoryMB": 4096,
  "maxCpuPercent": 80,
  "embeddingFallback": true
}
[2026-06-06T21:16:54.664Z] [INFO] [MCP_REQUEST] [b] Incoming MCP request: batch_index DATA: {
  "method": "batch_index",
  "params": {
    "sessionId": "batch_1780780475920_hewbd8q7",
    "maxFilesPerBatch": 100
  }
}
[2026-06-06T21:16:55.072Z] [INFO] [SYSTEM] MCP Server Transport Connecting DATA: {
  "transport": "stdio"
}
[2026-06-06T21:16:55.072Z] [INFO] [SYSTEM] MCP Server Ready DATA: {
  "directory": "/Users/ib-mac/IB-Odoo_19 (LOCAL)/IB-Odoo_19",
  "transport": "stdio",
  "toolsCount": 26,
  "readyTime": 1780780615072
}
[2026-06-06T21:16:55.082Z] [INFO] [SYSTEM] MCP Server Starting DATA: {
  "directory": "/Users/ib-mac/IB-Odoo_19 (LOCAL)/IB-Odoo_19",
  "nodeVersion": "v22.15.0",
  "platform": "darwin",
  "pid": 44404,
  "configEnvironment": "development",
  "embeddingEnabled": false
}
[2026-06-06T21:16:55.083Z] [INFO] [SYSTEM] Resource Manager Started DATA: {
  "maxMemoryMB": 4096,
  "maxCpuPercent": 80,
  "embeddingFallback": true
}
[2026-06-06T21:16:55.086Z] [INFO] [MCP_REQUEST] [b] Incoming MCP request: batch_index DATA: {
  "method": "batch_index",
  "params": {
    "sessionId": "batch_1780780475920_hewbd8q7",
    "maxFilesPerBatch": 100
  }
}
[2026-06-06T21:16:55.489Z] [INFO] [SYSTEM] MCP Server Transport Connecting DATA: {
  "transport": "stdio"
}
[2026-06-06T21:16:55.490Z] [INFO] [SYSTEM] MCP Server Ready DATA: {
  "directory": "/Users/ib-mac/IB-Odoo_19 (LOCAL)/IB-Odoo_19",
  "transport": "stdio",
  "toolsCount": 26,
  "readyTime": 1780780615490
}
[2026-06-06T21:16:55.500Z] [INFO] [SYSTEM] MCP Server Starting DATA: {
  "directory": "/Users/ib-mac/IB-Odoo_19 (LOCAL)/IB-Odoo_19",
  "nodeVersion": "v22.15.0",
  "platform": "darwin",
  "pid": 44412,
  "configEnvironment": "development",
  "embeddingEnabled": false
}
[2026-06-06T21:16:55.500Z] [INFO] [SYSTEM] Resource Manager Started DATA: {
  "maxMemoryMB": 4096,
  "maxCpuPercent": 80,
  "embeddingFallback": true
}
[2026-06-06T21:16:55.503Z] [INFO] [MCP_REQUEST] [b] Incoming MCP request: batch_index DATA: {
  "method": "batch_index",
  "params": {
    "sessionId": "batch_1780780475920_hewbd8q7",
    "maxFilesPerBatch": 100
  }
}
[2026-06-06T21:16:55.910Z] [INFO] [SYSTEM] MCP Server Transport Connecting DATA: {
  "transport": "stdio"
}
[2026-06-06T21:16:55.910Z] [INFO] [SYSTEM] MCP Server Ready DATA: {
  "directory": "/Users/ib-mac/IB-Odoo_19 (LOCAL)/IB-Odoo_19",
  "transport": "stdio",
  "toolsCount": 26,
  "readyTime": 1780780615910
}
[2026-06-06T21:16:55.919Z] [INFO] [SYSTEM] MCP Server Starting DATA: {
  "directory": "/Users/ib-mac/IB-Odoo_19 (LOCAL)/IB-Odoo_19",
  "nodeVersion": "v22.15.0",
  "platform": "darwin",
  "pid": 44419,
  "configEnvironment": "development",
  "embeddingEnabled": false
}
[2026-06-06T21:16:55.919Z] [INFO] [SYSTEM] Resource Manager Started DATA: {
  "maxMemoryMB": 4096,
  "maxCpuPercent": 80,
  "embeddingFallback": true
}
[2026-06-06T21:16:55.922Z] [INFO] [MCP_REQUEST] [b] Incoming MCP request: batch_index DATA: {
  "method": "batch_index",
  "params": {
    "sessionId": "batch_1780780475920_hewbd8q7",
    "maxFilesPerBatch": 100
  }
}
[2026-06-06T21:16:56.325Z] [INFO] [SYSTEM] MCP Server Transport Connecting DATA: {
  "transport": "stdio"
}
[2026-06-06T21:16:56.325Z] [INFO] [SYSTEM] MCP Server Ready DATA: {
  "directory": "/Users/ib-mac/IB-Odoo_19 (LOCAL)/IB-Odoo_19",
  "transport": "stdio",
  "toolsCount": 26,
  "readyTime": 1780780616325
}
[2026-06-06T21:16:56.334Z] [INFO] [SYSTEM] MCP Server Starting DATA: {
  "directory": "/Users/ib-mac/IB-Odoo_19 (LOCAL)/IB-Odoo_19",
  "nodeVersion": "v22.15.0",
  "platform": "darwin",
  "pid": 44426,
  "configEnvironment": "development",
  "embeddingEnabled": false
}
[2026-06-06T21:16:56.335Z] [INFO] [SYSTEM] Resource Manager Started DATA: {
  "maxMemoryMB": 4096,
  "maxCpuPercent": 80,
  "embeddingFallback": true
}
[2026-06-06T21:16:56.337Z] [INFO] [MCP_REQUEST] [b] Incoming MCP request: batch_index DATA: {
  "method": "batch_index",
  "params": {
    "sessionId": "batch_1780780475920_hewbd8q7",
    "maxFilesPerBatch": 100
  }
}
[2026-06-06T21:16:56.746Z] [INFO] [SYSTEM] MCP Server Transport Connecting DATA: {
  "transport": "stdio"
}
[2026-06-06T21:16:56.746Z] [INFO] [SYSTEM] MCP Server Ready DATA: {
  "directory": "/Users/ib-mac/IB-Odoo_19 (LOCAL)/IB-Odoo_19",
  "transport": "stdio",
  "toolsCount": 26,
  "readyTime": 1780780616746
}
[2026-06-06T21:16:56.756Z] [INFO] [SYSTEM] MCP Server Starting DATA: {
  "directory": "/Users/ib-mac/IB-Odoo_19 (LOCAL)/IB-Odoo_19",
  "nodeVersion": "v22.15.0",
  "platform": "darwin",
  "pid": 44433,
  "configEnvironment": "development",
  "embeddingEnabled": false
}
[2026-06-06T21:16:56.756Z] [INFO] [SYSTEM] Resource Manager Started DATA: {
  "maxMemoryMB": 4096,
  "maxCpuPercent": 80,
  "embeddingFallback": true
}
[2026-06-06T21:16:56.760Z] [INFO] [MCP_REQUEST] [b] Incoming MCP request: batch_index DATA: {
  "method": "batch_index",
  "params": {
    "sessionId": "batch_1780780475920_hewbd8q7",
    "maxFilesPerBatch": 100
  }
}
[2026-06-06T21:16:57.165Z] [INFO] [SYSTEM] MCP Server Transport Connecting DATA: {
  "transport": "stdio"
}
[2026-06-06T21:16:57.165Z] [INFO] [SYSTEM] MCP Server Ready DATA: {
  "directory": "/Users/ib-mac/IB-Odoo_19 (LOCAL)/IB-Odoo_19",
  "transport": "stdio",
  "toolsCount": 26,
  "readyTime": 1780780617165
}
[2026-06-06T21:16:57.174Z] [INFO] [SYSTEM] MCP Server Starting DATA: {
  "directory": "/Users/ib-mac/IB-Odoo_19 (LOCAL)/IB-Odoo_19",
  "nodeVersion": "v22.15.0",
  "platform": "darwin",
  "pid": 44443,
  "configEnvironment": "development",
  "embeddingEnabled": false
}
[2026-06-06T21:16:57.174Z] [INFO] [SYSTEM] Resource Manager Started DATA: {
  "maxMemoryMB": 4096,
  "maxCpuPercent": 80,
  "embeddingFallback": true
}
[2026-06-06T21:16:57.177Z] [INFO] [MCP_REQUEST] [b] Incoming MCP request: batch_index DATA: {
  "method": "batch_index",
  "params": {
    "sessionId": "batch_1780780475920_hewbd8q7",
    "maxFilesPerBatch": 100
  }
}
[2026-06-06T21:16:57.589Z] [INFO] [SYSTEM] MCP Server Transport Connecting DATA: {
  "transport": "stdio"
}
[2026-06-06T21:16:57.589Z] [INFO] [SYSTEM] MCP Server Ready DATA: {
  "directory": "/Users/ib-mac/IB-Odoo_19 (LOCAL)/IB-Odoo_19",
  "transport": "stdio",
  "toolsCount": 26,
  "readyTime": 1780780617589
}
[2026-06-06T21:16:57.598Z] [INFO] [SYSTEM] MCP Server Starting DATA: {
  "directory": "/Users/ib-mac/IB-Odoo_19 (LOCAL)/IB-Odoo_19",
  "nodeVersion": "v22.15.0",
  "platform": "darwin",
  "pid": 44450,
  "configEnvironment": "development",
  "embeddingEnabled": false
}
[2026-06-06T21:16:57.599Z] [INFO] [SYSTEM] Resource Manager Started DATA: {
  "maxMemoryMB": 4096,
  "maxCpuPercent": 80,
  "embeddingFallback": true
}
[2026-06-06T21:16:57.602Z] [INFO] [MCP_REQUEST] [b] Incoming MCP request: batch_index DATA: {
  "method": "batch_index",
  "params": {
    "sessionId": "batch_1780780475920_hewbd8q7",
    "maxFilesPerBatch": 100
  }
}
[2026-06-06T21:16:57.997Z] [INFO] [SYSTEM] MCP Server Transport Connecting DATA: {
  "transport": "stdio"
}
[2026-06-06T21:16:57.997Z] [INFO] [SYSTEM] MCP Server Ready DATA: {
  "directory": "/Users/ib-mac/IB-Odoo_19 (LOCAL)/IB-Odoo_19",
  "transport": "stdio",
  "toolsCount": 26,
  "readyTime": 1780780617997
}
[2026-06-06T21:16:58.006Z] [INFO] [SYSTEM] MCP Server Starting DATA: {
  "directory": "/Users/ib-mac/IB-Odoo_19 (LOCAL)/IB-Odoo_19",
  "nodeVersion": "v22.15.0",
  "platform": "darwin",
  "pid": 44457,
  "configEnvironment": "development",
  "embeddingEnabled": false
}
[2026-06-06T21:16:58.007Z] [INFO] [SYSTEM] Resource Manager Started DATA: {
  "maxMemoryMB": 4096,
  "maxCpuPercent": 80,
  "embeddingFallback": true
}
[2026-06-06T21:16:58.010Z] [INFO] [MCP_REQUEST] [b] Incoming MCP request: batch_index DATA: {
  "method": "batch_index",
  "params": {
    "sessionId": "batch_1780780475920_hewbd8q7",
    "maxFilesPerBatch": 100
  }
}
[2026-06-06T21:16:58.396Z] [INFO] [SYSTEM] MCP Server Transport Connecting DATA: {
  "transport": "stdio"
}
[2026-06-06T21:16:58.396Z] [INFO] [SYSTEM] MCP Server Ready DATA: {
  "directory": "/Users/ib-mac/IB-Odoo_19 (LOCAL)/IB-Odoo_19",
  "transport": "stdio",
  "toolsCount": 26,
  "readyTime": 1780780618396
}
[2026-06-06T21:16:58.405Z] [INFO] [SYSTEM] MCP Server Starting DATA: {
  "directory": "/Users/ib-mac/IB-Odoo_19 (LOCAL)/IB-Odoo_19",
  "nodeVersion": "v22.15.0",
  "platform": "darwin",
  "pid": 44464,
  "configEnvironment": "development",
  "embeddingEnabled": false
}
[2026-06-06T21:16:58.405Z] [INFO] [SYSTEM] Resource Manager Started DATA: {
  "maxMemoryMB": 4096,
  "maxCpuPercent": 80,
  "embeddingFallback": true
}
[2026-06-06T21:16:58.409Z] [INFO] [MCP_REQUEST] [b] Incoming MCP request: batch_index DATA: {
  "method": "batch_index",
  "params": {
    "sessionId": "batch_1780780475920_hewbd8q7",
    "maxFilesPerBatch": 100
  }
}
[2026-06-06T21:16:58.804Z] [INFO] [SYSTEM] MCP Server Transport Connecting DATA: {
  "transport": "stdio"
}
[2026-06-06T21:16:58.804Z] [INFO] [SYSTEM] MCP Server Ready DATA: {
  "directory": "/Users/ib-mac/IB-Odoo_19 (LOCAL)/IB-Odoo_19",
  "transport": "stdio",
  "toolsCount": 26,
  "readyTime": 1780780618804
}
[2026-06-06T21:16:58.813Z] [INFO] [SYSTEM] MCP Server Starting DATA: {
  "directory": "/Users/ib-mac/IB-Odoo_19 (LOCAL)/IB-Odoo_19",
  "nodeVersion": "v22.15.0",
  "platform": "darwin",
  "pid": 44471,
  "configEnvironment": "development",
  "embeddingEnabled": false
}
[2026-06-06T21:16:58.813Z] [INFO] [SYSTEM] Resource Manager Started DATA: {
  "maxMemoryMB": 4096,
  "maxCpuPercent": 80,
  "embeddingFallback": true
}
[2026-06-06T21:16:58.816Z] [INFO] [MCP_REQUEST] [b] Incoming MCP request: batch_index DATA: {
  "method": "batch_index",
  "params": {
    "sessionId": "batch_1780780475920_hewbd8q7",
    "maxFilesPerBatch": 100
  }
}
[2026-06-06T21:16:59.207Z] [INFO] [SYSTEM] MCP Server Transport Connecting DATA: {
  "transport": "stdio"
}
[2026-06-06T21:16:59.207Z] [INFO] [SYSTEM] MCP Server Ready DATA: {
  "directory": "/Users/ib-mac/IB-Odoo_19 (LOCAL)/IB-Odoo_19",
  "transport": "stdio",
  "toolsCount": 26,
  "readyTime": 1780780619207
}
[2026-06-06T21:16:59.216Z] [INFO] [SYSTEM] MCP Server Starting DATA: {
  "directory": "/Users/ib-mac/IB-Odoo_19 (LOCAL)/IB-Odoo_19",
  "nodeVersion": "v22.15.0",
  "platform": "darwin",
  "pid": 44481,
  "configEnvironment": "development",
  "embeddingEnabled": false
}
[2026-06-06T21:16:59.217Z] [INFO] [SYSTEM] Resource Manager Started DATA: {
  "maxMemoryMB": 4096,
  "maxCpuPercent": 80,
  "embeddingFallback": true
}
[2026-06-06T21:16:59.219Z] [INFO] [MCP_REQUEST] [b] Incoming MCP request: batch_index DATA: {
  "method": "batch_index",
  "params": {
    "sessionId": "batch_1780780475920_hewbd8q7",
    "maxFilesPerBatch": 100
  }
}
[2026-06-06T21:16:59.613Z] [INFO] [SYSTEM] MCP Server Transport Connecting DATA: {
  "transport": "stdio"
}
[2026-06-06T21:16:59.613Z] [INFO] [SYSTEM] MCP Server Ready DATA: {
  "directory": "/Users/ib-mac/IB-Odoo_19 (LOCAL)/IB-Odoo_19",
  "transport": "stdio",
  "toolsCount": 26,
  "readyTime": 1780780619613
}
[2026-06-06T21:16:59.622Z] [INFO] [SYSTEM] MCP Server Starting DATA: {
  "directory": "/Users/ib-mac/IB-Odoo_19 (LOCAL)/IB-Odoo_19",
  "nodeVersion": "v22.15.0",
  "platform": "darwin",
  "pid": 44488,
  "configEnvironment": "development",
  "embeddingEnabled": false
}
[2026-06-06T21:16:59.622Z] [INFO] [SYSTEM] Resource Manager Started DATA: {
  "maxMemoryMB": 4096,
  "maxCpuPercent": 80,
  "embeddingFallback": true
}
[2026-06-06T21:16:59.625Z] [INFO] [MCP_REQUEST] [b] Incoming MCP request: batch_index DATA: {
  "method": "batch_index",
  "params": {
    "sessionId": "batch_1780780475920_hewbd8q7",
    "maxFilesPerBatch": 100
  }
}
[2026-06-06T21:17:00.029Z] [INFO] [SYSTEM] MCP Server Transport Connecting DATA: {
  "transport": "stdio"
}
[2026-06-06T21:17:00.029Z] [INFO] [SYSTEM] MCP Server Ready DATA: {
  "directory": "/Users/ib-mac/IB-Odoo_19 (LOCAL)/IB-Odoo_19",
  "transport": "stdio",
  "toolsCount": 26,
  "readyTime": 1780780620029
}
[2026-06-06T21:17:00.039Z] [INFO] [SYSTEM] MCP Server Starting DATA: {
  "directory": "/Users/ib-mac/IB-Odoo_19 (LOCAL)/IB-Odoo_19",
  "nodeVersion": "v22.15.0",
  "platform": "darwin",
  "pid": 44495,
  "configEnvironment": "development",
  "embeddingEnabled": false
}
[2026-06-06T21:17:00.039Z] [INFO] [SYSTEM] Resource Manager Started DATA: {
  "maxMemoryMB": 4096,
  "maxCpuPercent": 80,
  "embeddingFallback": true
}
[2026-06-06T21:17:00.042Z] [INFO] [MCP_REQUEST] [b] Incoming MCP request: batch_index DATA: {
  "method": "batch_index",
  "params": {
    "sessionId": "batch_1780780475920_hewbd8q7",
    "maxFilesPerBatch": 100
  }
}
[2026-06-06T21:17:00.425Z] [INFO] [SYSTEM] MCP Server Transport Connecting DATA: {
  "transport": "stdio"
}
[2026-06-06T21:17:00.426Z] [INFO] [SYSTEM] MCP Server Ready DATA: {
  "directory": "/Users/ib-mac/IB-Odoo_19 (LOCAL)/IB-Odoo_19",
  "transport": "stdio",
  "toolsCount": 26,
  "readyTime": 1780780620426
}
[2026-06-06T21:17:00.434Z] [INFO] [SYSTEM] MCP Server Starting DATA: {
  "directory": "/Users/ib-mac/IB-Odoo_19 (LOCAL)/IB-Odoo_19",
  "nodeVersion": "v22.15.0",
  "platform": "darwin",
  "pid": 44507,
  "configEnvironment": "development",
  "embeddingEnabled": false
}
[2026-06-06T21:17:00.435Z] [INFO] [SYSTEM] Resource Manager Started DATA: {
  "maxMemoryMB": 4096,
  "maxCpuPercent": 80,
  "embeddingFallback": true
}
[2026-06-06T21:17:00.438Z] [INFO] [MCP_REQUEST] [b] Incoming MCP request: batch_index DATA: {
  "method": "batch_index",
  "params": {
    "sessionId": "batch_1780780475920_hewbd8q7",
    "maxFilesPerBatch": 100
  }
}
[2026-06-06T21:17:00.848Z] [INFO] [SYSTEM] MCP Server Transport Connecting DATA: {
  "transport": "stdio"
}
[2026-06-06T21:17:00.848Z] [INFO] [SYSTEM] MCP Server Ready DATA: {
  "directory": "/Users/ib-mac/IB-Odoo_19 (LOCAL)/IB-Odoo_19",
  "transport": "stdio",
  "toolsCount": 26,
  "readyTime": 1780780620848
}
[2026-06-06T21:17:00.857Z] [INFO] [SYSTEM] MCP Server Starting DATA: {
  "directory": "/Users/ib-mac/IB-Odoo_19 (LOCAL)/IB-Odoo_19",
  "nodeVersion": "v22.15.0",
  "platform": "darwin",
  "pid": 44515,
  "configEnvironment": "development",
  "embeddingEnabled": false
}
[2026-06-06T21:17:00.857Z] [INFO] [SYSTEM] Resource Manager Started DATA: {
  "maxMemoryMB": 4096,
  "maxCpuPercent": 80,
  "embeddingFallback": true
}
[2026-06-06T21:17:00.860Z] [INFO] [MCP_REQUEST] [b] Incoming MCP request: batch_index DATA: {
  "method": "batch_index",
  "params": {
    "sessionId": "batch_1780780475920_hewbd8q7",
    "maxFilesPerBatch": 100
  }
}
[2026-06-06T21:17:01.259Z] [INFO] [SYSTEM] MCP Server Transport Connecting DATA: {
  "transport": "stdio"
}
[2026-06-06T21:17:01.259Z] [INFO] [SYSTEM] MCP Server Ready DATA: {
  "directory": "/Users/ib-mac/IB-Odoo_19 (LOCAL)/IB-Odoo_19",
  "transport": "stdio",
  "toolsCount": 26,
  "readyTime": 1780780621259
}
[2026-06-06T21:17:01.269Z] [INFO] [SYSTEM] MCP Server Starting DATA: {
  "directory": "/Users/ib-mac/IB-Odoo_19 (LOCAL)/IB-Odoo_19",
  "nodeVersion": "v22.15.0",
  "platform": "darwin",
  "pid": 44525,
  "configEnvironment": "development",
  "embeddingEnabled": false
}
[2026-06-06T21:17:01.269Z] [INFO] [SYSTEM] Resource Manager Started DATA: {
  "maxMemoryMB": 4096,
  "maxCpuPercent": 80,
  "embeddingFallback": true
}
[2026-06-06T21:17:01.272Z] [INFO] [MCP_REQUEST] [b] Incoming MCP request: batch_index DATA: {
  "method": "batch_index",
  "params": {
    "sessionId": "batch_1780780475920_hewbd8q7",
    "maxFilesPerBatch": 100
  }
}
[2026-06-06T21:17:01.673Z] [INFO] [SYSTEM] MCP Server Transport Connecting DATA: {
  "transport": "stdio"
}
[2026-06-06T21:17:01.673Z] [INFO] [SYSTEM] MCP Server Ready DATA: {
  "directory": "/Users/ib-mac/IB-Odoo_19 (LOCAL)/IB-Odoo_19",
  "transport": "stdio",
  "toolsCount": 26,
  "readyTime": 1780780621673
}
[2026-06-06T21:17:01.683Z] [INFO] [SYSTEM] MCP Server Starting DATA: {
  "directory": "/Users/ib-mac/IB-Odoo_19 (LOCAL)/IB-Odoo_19",
  "nodeVersion": "v22.15.0",
  "platform": "darwin",
  "pid": 44533,
  "configEnvironment": "development",
  "embeddingEnabled": false
}
[2026-06-06T21:17:01.683Z] [INFO] [SYSTEM] Resource Manager Started DATA: {
  "maxMemoryMB": 4096,
  "maxCpuPercent": 80,
  "embeddingFallback": true
}
[2026-06-06T21:17:01.686Z] [INFO] [MCP_REQUEST] [b] Incoming MCP request: batch_index DATA: {
  "method": "batch_index",
  "params": {
    "sessionId": "batch_1780780475920_hewbd8q7",
    "maxFilesPerBatch": 100
  }
}
[2026-06-06T21:17:02.087Z] [INFO] [SYSTEM] MCP Server Transport Connecting DATA: {
  "transport": "stdio"
}
[2026-06-06T21:17:02.087Z] [INFO] [SYSTEM] MCP Server Ready DATA: {
  "directory": "/Users/ib-mac/IB-Odoo_19 (LOCAL)/IB-Odoo_19",
  "transport": "stdio",
  "toolsCount": 26,
  "readyTime": 1780780622087
}
[2026-06-06T21:17:02.096Z] [INFO] [SYSTEM] MCP Server Starting DATA: {
  "directory": "/Users/ib-mac/IB-Odoo_19 (LOCAL)/IB-Odoo_19",
  "nodeVersion": "v22.15.0",
  "platform": "darwin",
  "pid": 44540,
  "configEnvironment": "development",
  "embeddingEnabled": false
}
[2026-06-06T21:17:02.097Z] [INFO] [SYSTEM] Resource Manager Started DATA: {
  "maxMemoryMB": 4096,
  "maxCpuPercent": 80,
  "embeddingFallback": true
}
[2026-06-06T21:17:02.099Z] [INFO] [MCP_REQUEST] [b] Incoming MCP request: batch_index DATA: {
  "method": "batch_index",
  "params": {
    "sessionId": "batch_1780780475920_hewbd8q7",
    "maxFilesPerBatch": 100
  }
}
[2026-06-06T21:17:02.488Z] [INFO] [SYSTEM] MCP Server Transport Connecting DATA: {
  "transport": "stdio"
}
[2026-06-06T21:17:02.489Z] [INFO] [SYSTEM] MCP Server Ready DATA: {
  "directory": "/Users/ib-mac/IB-Odoo_19 (LOCAL)/IB-Odoo_19",
  "transport": "stdio",
  "toolsCount": 26,
  "readyTime": 1780780622489
}
[2026-06-06T21:17:02.498Z] [INFO] [SYSTEM] MCP Server Starting DATA: {
  "directory": "/Users/ib-mac/IB-Odoo_19 (LOCAL)/IB-Odoo_19",
  "nodeVersion": "v22.15.0",
  "platform": "darwin",
  "pid": 44547,
  "configEnvironment": "development",
  "embeddingEnabled": false
}
[2026-06-06T21:17:02.498Z] [INFO] [SYSTEM] Resource Manager Started DATA: {
  "maxMemoryMB": 4096,
  "maxCpuPercent": 80,
  "embeddingFallback": true
}
[2026-06-06T21:17:02.501Z] [INFO] [MCP_REQUEST] [b] Incoming MCP request: batch_index DATA: {
  "method": "batch_index",
  "params": {
    "sessionId": "batch_1780780475920_hewbd8q7",
    "maxFilesPerBatch": 100
  }
}
[2026-06-06T21:17:02.901Z] [INFO] [SYSTEM] MCP Server Transport Connecting DATA: {
  "transport": "stdio"
}
[2026-06-06T21:17:02.901Z] [INFO] [SYSTEM] MCP Server Ready DATA: {
  "directory": "/Users/ib-mac/IB-Odoo_19 (LOCAL)/IB-Odoo_19",
  "transport": "stdio",
  "toolsCount": 26,
  "readyTime": 1780780622901
}
[2026-06-06T21:17:02.910Z] [INFO] [SYSTEM] MCP Server Starting DATA: {
  "directory": "/Users/ib-mac/IB-Odoo_19 (LOCAL)/IB-Odoo_19",
  "nodeVersion": "v22.15.0",
  "platform": "darwin",
  "pid": 44554,
  "configEnvironment": "development",
  "embeddingEnabled": false
}
[2026-06-06T21:17:02.911Z] [INFO] [SYSTEM] Resource Manager Started DATA: {
  "maxMemoryMB": 4096,
  "maxCpuPercent": 80,
  "embeddingFallback": true
}
[2026-06-06T21:17:02.913Z] [INFO] [MCP_REQUEST] [b] Incoming MCP request: batch_index DATA: {
  "method": "batch_index",
  "params": {
    "sessionId": "batch_1780780475920_hewbd8q7",
    "maxFilesPerBatch": 100
  }
}
[2026-06-06T21:17:03.370Z] [INFO] [SYSTEM] MCP Server Transport Connecting DATA: {
  "transport": "stdio"
}
[2026-06-06T21:17:03.370Z] [INFO] [SYSTEM] MCP Server Ready DATA: {
  "directory": "/Users/ib-mac/IB-Odoo_19 (LOCAL)/IB-Odoo_19",
  "transport": "stdio",
  "toolsCount": 26,
  "readyTime": 1780780623370
}
[2026-06-06T21:17:03.380Z] [INFO] [SYSTEM] MCP Server Starting DATA: {
  "directory": "/Users/ib-mac/IB-Odoo_19 (LOCAL)/IB-Odoo_19",
  "nodeVersion": "v22.15.0",
  "platform": "darwin",
  "pid": 44564,
  "configEnvironment": "development",
  "embeddingEnabled": false
}
[2026-06-06T21:17:03.380Z] [INFO] [SYSTEM] Resource Manager Started DATA: {
  "maxMemoryMB": 4096,
  "maxCpuPercent": 80,
  "embeddingFallback": true
}
[2026-06-06T21:17:03.383Z] [INFO] [MCP_REQUEST] [b] Incoming MCP request: batch_index DATA: {
  "method": "batch_index",
  "params": {
    "sessionId": "batch_1780780475920_hewbd8q7",
    "maxFilesPerBatch": 100
  }
}
[2026-06-06T21:17:03.787Z] [INFO] [SYSTEM] MCP Server Transport Connecting DATA: {
  "transport": "stdio"
}
[2026-06-06T21:17:03.787Z] [INFO] [SYSTEM] MCP Server Ready DATA: {
  "directory": "/Users/ib-mac/IB-Odoo_19 (LOCAL)/IB-Odoo_19",
  "transport": "stdio",
  "toolsCount": 26,
  "readyTime": 1780780623787
}
[2026-06-06T21:17:03.796Z] [INFO] [SYSTEM] MCP Server Starting DATA: {
  "directory": "/Users/ib-mac/IB-Odoo_19 (LOCAL)/IB-Odoo_19",
  "nodeVersion": "v22.15.0",
  "platform": "darwin",
  "pid": 44571,
  "configEnvironment": "development",
  "embeddingEnabled": false
}
[2026-06-06T21:17:03.796Z] [INFO] [SYSTEM] Resource Manager Started DATA: {
  "maxMemoryMB": 4096,
  "maxCpuPercent": 80,
  "embeddingFallback": true
}
[2026-06-06T21:17:03.800Z] [INFO] [MCP_REQUEST] [b] Incoming MCP request: batch_index DATA: {
  "method": "batch_index",
  "params": {
    "sessionId": "batch_1780780475920_hewbd8q7",
    "maxFilesPerBatch": 100
  }
}
[2026-06-06T21:17:04.208Z] [INFO] [SYSTEM] MCP Server Transport Connecting DATA: {
  "transport": "stdio"
}
[2026-06-06T21:17:04.209Z] [INFO] [SYSTEM] MCP Server Ready DATA: {
  "directory": "/Users/ib-mac/IB-Odoo_19 (LOCAL)/IB-Odoo_19",
  "transport": "stdio",
  "toolsCount": 26,
  "readyTime": 1780780624209
}
[2026-06-06T21:17:04.218Z] [INFO] [SYSTEM] MCP Server Starting DATA: {
  "directory": "/Users/ib-mac/IB-Odoo_19 (LOCAL)/IB-Odoo_19",
  "nodeVersion": "v22.15.0",
  "platform": "darwin",
  "pid": 44578,
  "configEnvironment": "development",
  "embeddingEnabled": false
}
[2026-06-06T21:17:04.218Z] [INFO] [SYSTEM] Resource Manager Started DATA: {
  "maxMemoryMB": 4096,
  "maxCpuPercent": 80,
  "embeddingFallback": true
}
[2026-06-06T21:17:04.221Z] [INFO] [MCP_REQUEST] [b] Incoming MCP request: batch_index DATA: {
  "method": "batch_index",
  "params": {
    "sessionId": "batch_1780780475920_hewbd8q7",
    "maxFilesPerBatch": 100
  }
}
[2026-06-06T21:17:04.632Z] [INFO] [SYSTEM] MCP Server Transport Connecting DATA: {
  "transport": "stdio"
}
[2026-06-06T21:17:04.632Z] [INFO] [SYSTEM] MCP Server Ready DATA: {
  "directory": "/Users/ib-mac/IB-Odoo_19 (LOCAL)/IB-Odoo_19",
  "transport": "stdio",
  "toolsCount": 26,
  "readyTime": 1780780624632
}
[2026-06-06T21:17:04.642Z] [INFO] [SYSTEM] MCP Server Starting DATA: {
  "directory": "/Users/ib-mac/IB-Odoo_19 (LOCAL)/IB-Odoo_19",
  "nodeVersion": "v22.15.0",
  "platform": "darwin",
  "pid": 44585,
  "configEnvironment": "development",
  "embeddingEnabled": false
}
[2026-06-06T21:17:04.642Z] [INFO] [SYSTEM] Resource Manager Started DATA: {
  "maxMemoryMB": 4096,
  "maxCpuPercent": 80,
  "embeddingFallback": true
}
[2026-06-06T21:17:04.645Z] [INFO] [MCP_REQUEST] [b] Incoming MCP request: batch_index DATA: {
  "method": "batch_index",
  "params": {
    "sessionId": "batch_1780780475920_hewbd8q7",
    "maxFilesPerBatch": 100
  }
}
[2026-06-06T21:17:05.048Z] [INFO] [SYSTEM] MCP Server Transport Connecting DATA: {
  "transport": "stdio"
}
[2026-06-06T21:17:05.048Z] [INFO] [SYSTEM] MCP Server Ready DATA: {
  "directory": "/Users/ib-mac/IB-Odoo_19 (LOCAL)/IB-Odoo_19",
  "transport": "stdio",
  "toolsCount": 26,
  "readyTime": 1780780625048
}
[2026-06-06T21:17:05.057Z] [INFO] [SYSTEM] MCP Server Starting DATA: {
  "directory": "/Users/ib-mac/IB-Odoo_19 (LOCAL)/IB-Odoo_19",
  "nodeVersion": "v22.15.0",
  "platform": "darwin",
  "pid": 44594,
  "configEnvironment": "development",
  "embeddingEnabled": false
}
[2026-06-06T21:17:05.058Z] [INFO] [SYSTEM] Resource Manager Started DATA: {
  "maxMemoryMB": 4096,
  "maxCpuPercent": 80,
  "embeddingFallback": true
}
[2026-06-06T21:17:05.061Z] [INFO] [MCP_REQUEST] [b] Incoming MCP request: batch_index DATA: {
  "method": "batch_index",
  "params": {
    "sessionId": "batch_1780780475920_hewbd8q7",
    "maxFilesPerBatch": 100
  }
}
[2026-06-06T21:17:05.445Z] [INFO] [SYSTEM] MCP Server Transport Connecting DATA: {
  "transport": "stdio"
}
[2026-06-06T21:17:05.446Z] [INFO] [SYSTEM] MCP Server Ready DATA: {
  "directory": "/Users/ib-mac/IB-Odoo_19 (LOCAL)/IB-Odoo_19",
  "transport": "stdio",
  "toolsCount": 26,
  "readyTime": 1780780625446
}
[2026-06-06T21:17:05.454Z] [INFO] [SYSTEM] MCP Server Starting DATA: {
  "directory": "/Users/ib-mac/IB-Odoo_19 (LOCAL)/IB-Odoo_19",
  "nodeVersion": "v22.15.0",
  "platform": "darwin",
  "pid": 44603,
  "configEnvironment": "development",
  "embeddingEnabled": false
}
[2026-06-06T21:17:05.455Z] [INFO] [SYSTEM] Resource Manager Started DATA: {
  "maxMemoryMB": 4096,
  "maxCpuPercent": 80,
  "embeddingFallback": true
}
[2026-06-06T21:17:05.458Z] [INFO] [MCP_REQUEST] [b] Incoming MCP request: batch_index DATA: {
  "method": "batch_index",
  "params": {
    "sessionId": "batch_1780780475920_hewbd8q7",
    "maxFilesPerBatch": 100
  }
}
[2026-06-06T21:17:05.857Z] [INFO] [SYSTEM] MCP Server Transport Connecting DATA: {
  "transport": "stdio"
}
[2026-06-06T21:17:05.857Z] [INFO] [SYSTEM] MCP Server Ready DATA: {
  "directory": "/Users/ib-mac/IB-Odoo_19 (LOCAL)/IB-Odoo_19",
  "transport": "stdio",
  "toolsCount": 26,
  "readyTime": 1780780625857
}
[2026-06-06T21:17:05.866Z] [INFO] [SYSTEM] MCP Server Starting DATA: {
  "directory": "/Users/ib-mac/IB-Odoo_19 (LOCAL)/IB-Odoo_19",
  "nodeVersion": "v22.15.0",
  "platform": "darwin",
  "pid": 44611,
  "configEnvironment": "development",
  "embeddingEnabled": false
}
[2026-06-06T21:17:05.866Z] [INFO] [SYSTEM] Resource Manager Started DATA: {
  "maxMemoryMB": 4096,
  "maxCpuPercent": 80,
  "embeddingFallback": true
}
[2026-06-06T21:17:05.869Z] [INFO] [MCP_REQUEST] [b] Incoming MCP request: batch_index DATA: {
  "method": "batch_index",
  "params": {
    "sessionId": "batch_1780780475920_hewbd8q7",
    "maxFilesPerBatch": 100
  }
}
[2026-06-06T21:17:06.267Z] [INFO] [SYSTEM] MCP Server Transport Connecting DATA: {
  "transport": "stdio"
}
[2026-06-06T21:17:06.267Z] [INFO] [SYSTEM] MCP Server Ready DATA: {
  "directory": "/Users/ib-mac/IB-Odoo_19 (LOCAL)/IB-Odoo_19",
  "transport": "stdio",
  "toolsCount": 26,
  "readyTime": 1780780626267
}
[2026-06-06T21:17:06.277Z] [INFO] [SYSTEM] MCP Server Starting DATA: {
  "directory": "/Users/ib-mac/IB-Odoo_19 (LOCAL)/IB-Odoo_19",
  "nodeVersion": "v22.15.0",
  "platform": "darwin",
  "pid": 44618,
  "configEnvironment": "development",
  "embeddingEnabled": false
}
[2026-06-06T21:17:06.277Z] [INFO] [SYSTEM] Resource Manager Started DATA: {
  "maxMemoryMB": 4096,
  "maxCpuPercent": 80,
  "embeddingFallback": true
}
[2026-06-06T21:17:06.280Z] [INFO] [MCP_REQUEST] [b] Incoming MCP request: batch_index DATA: {
  "method": "batch_index",
  "params": {
    "sessionId": "batch_1780780475920_hewbd8q7",
    "maxFilesPerBatch": 100
  }
}
[2026-06-06T21:17:06.686Z] [INFO] [SYSTEM] MCP Server Transport Connecting DATA: {
  "transport": "stdio"
}
[2026-06-06T21:17:06.687Z] [INFO] [SYSTEM] MCP Server Ready DATA: {
  "directory": "/Users/ib-mac/IB-Odoo_19 (LOCAL)/IB-Odoo_19",
  "transport": "stdio",
  "toolsCount": 26,
  "readyTime": 1780780626687
}
[2026-06-06T21:17:06.696Z] [INFO] [SYSTEM] MCP Server Starting DATA: {
  "directory": "/Users/ib-mac/IB-Odoo_19 (LOCAL)/IB-Odoo_19",
  "nodeVersion": "v22.15.0",
  "platform": "darwin",
  "pid": 44625,
  "configEnvironment": "development",
  "embeddingEnabled": false
}
[2026-06-06T21:17:06.696Z] [INFO] [SYSTEM] Resource Manager Started DATA: {
  "maxMemoryMB": 4096,
  "maxCpuPercent": 80,
  "embeddingFallback": true
}
[2026-06-06T21:17:06.700Z] [INFO] [MCP_REQUEST] [b] Incoming MCP request: batch_index DATA: {
  "method": "batch_index",
  "params": {
    "sessionId": "batch_1780780475920_hewbd8q7",
    "maxFilesPerBatch": 100
  }
}
[2026-06-06T21:17:07.088Z] [INFO] [SYSTEM] MCP Server Transport Connecting DATA: {
  "transport": "stdio"
}
[2026-06-06T21:17:07.088Z] [INFO] [SYSTEM] MCP Server Ready DATA: {
  "directory": "/Users/ib-mac/IB-Odoo_19 (LOCAL)/IB-Odoo_19",
  "transport": "stdio",
  "toolsCount": 26,
  "readyTime": 1780780627088
}
[2026-06-06T21:17:07.097Z] [INFO] [SYSTEM] MCP Server Starting DATA: {
  "directory": "/Users/ib-mac/IB-Odoo_19 (LOCAL)/IB-Odoo_19",
  "nodeVersion": "v22.15.0",
  "platform": "darwin",
  "pid": 44635,
  "configEnvironment": "development",
  "embeddingEnabled": false
}
[2026-06-06T21:17:07.098Z] [INFO] [SYSTEM] Resource Manager Started DATA: {
  "maxMemoryMB": 4096,
  "maxCpuPercent": 80,
  "embeddingFallback": true
}
[2026-06-06T21:17:07.100Z] [INFO] [MCP_REQUEST] [b] Incoming MCP request: batch_index DATA: {
  "method": "batch_index",
  "params": {
    "sessionId": "batch_1780780475920_hewbd8q7",
    "maxFilesPerBatch": 100
  }
}
[2026-06-06T21:17:07.487Z] [INFO] [SYSTEM] MCP Server Transport Connecting DATA: {
  "transport": "stdio"
}
[2026-06-06T21:17:07.487Z] [INFO] [SYSTEM] MCP Server Ready DATA: {
  "directory": "/Users/ib-mac/IB-Odoo_19 (LOCAL)/IB-Odoo_19",
  "transport": "stdio",
  "toolsCount": 26,
  "readyTime": 1780780627487
}
[2026-06-06T21:17:07.496Z] [INFO] [SYSTEM] MCP Server Starting DATA: {
  "directory": "/Users/ib-mac/IB-Odoo_19 (LOCAL)/IB-Odoo_19",
  "nodeVersion": "v22.15.0",
  "platform": "darwin",
  "pid": 44642,
  "configEnvironment": "development",
  "embeddingEnabled": false
}
[2026-06-06T21:17:07.496Z] [INFO] [SYSTEM] Resource Manager Started DATA: {
  "maxMemoryMB": 4096,
  "maxCpuPercent": 80,
  "embeddingFallback": true
}
[2026-06-06T21:17:07.499Z] [INFO] [MCP_REQUEST] [b] Incoming MCP request: batch_index DATA: {
  "method": "batch_index",
  "params": {
    "sessionId": "batch_1780780475920_hewbd8q7",
    "maxFilesPerBatch": 100
  }
}
[2026-06-06T21:17:07.901Z] [INFO] [SYSTEM] MCP Server Transport Connecting DATA: {
  "transport": "stdio"
}
[2026-06-06T21:17:07.901Z] [INFO] [SYSTEM] MCP Server Ready DATA: {
  "directory": "/Users/ib-mac/IB-Odoo_19 (LOCAL)/IB-Odoo_19",
  "transport": "stdio",
  "toolsCount": 26,
  "readyTime": 1780780627901
}
[2026-06-06T21:17:07.911Z] [INFO] [SYSTEM] MCP Server Starting DATA: {
  "directory": "/Users/ib-mac/IB-Odoo_19 (LOCAL)/IB-Odoo_19",
  "nodeVersion": "v22.15.0",
  "platform": "darwin",
  "pid": 44649,
  "configEnvironment": "development",
  "embeddingEnabled": false
}
[2026-06-06T21:17:07.911Z] [INFO] [SYSTEM] Resource Manager Started DATA: {
  "maxMemoryMB": 4096,
  "maxCpuPercent": 80,
  "embeddingFallback": true
}
[2026-06-06T21:17:07.914Z] [INFO] [MCP_REQUEST] [b] Incoming MCP request: batch_index DATA: {
  "method": "batch_index",
  "params": {
    "sessionId": "batch_1780780475920_hewbd8q7",
    "maxFilesPerBatch": 100
  }
}
[2026-06-06T21:17:08.320Z] [INFO] [SYSTEM] MCP Server Transport Connecting DATA: {
  "transport": "stdio"
}
[2026-06-06T21:17:08.320Z] [INFO] [SYSTEM] MCP Server Ready DATA: {
  "directory": "/Users/ib-mac/IB-Odoo_19 (LOCAL)/IB-Odoo_19",
  "transport": "stdio",
  "toolsCount": 26,
  "readyTime": 1780780628320
}
[2026-06-06T21:17:08.330Z] [INFO] [SYSTEM] MCP Server Starting DATA: {
  "directory": "/Users/ib-mac/IB-Odoo_19 (LOCAL)/IB-Odoo_19",
  "nodeVersion": "v22.15.0",
  "platform": "darwin",
  "pid": 44656,
  "configEnvironment": "development",
  "embeddingEnabled": false
}
[2026-06-06T21:17:08.330Z] [INFO] [SYSTEM] Resource Manager Started DATA: {
  "maxMemoryMB": 4096,
  "maxCpuPercent": 80,
  "embeddingFallback": true
}
[2026-06-06T21:17:08.333Z] [INFO] [MCP_REQUEST] [b] Incoming MCP request: batch_index DATA: {
  "method": "batch_index",
  "params": {
    "sessionId": "batch_1780780475920_hewbd8q7",
    "maxFilesPerBatch": 100
  }
}
[2026-06-06T21:17:08.740Z] [INFO] [SYSTEM] MCP Server Transport Connecting DATA: {
  "transport": "stdio"
}
[2026-06-06T21:17:08.740Z] [INFO] [SYSTEM] MCP Server Ready DATA: {
  "directory": "/Users/ib-mac/IB-Odoo_19 (LOCAL)/IB-Odoo_19",
  "transport": "stdio",
  "toolsCount": 26,
  "readyTime": 1780780628740
}
[2026-06-06T21:17:08.750Z] [INFO] [SYSTEM] MCP Server Starting DATA: {
  "directory": "/Users/ib-mac/IB-Odoo_19 (LOCAL)/IB-Odoo_19",
  "nodeVersion": "v22.15.0",
  "platform": "darwin",
  "pid": 44663,
  "configEnvironment": "development",
  "embeddingEnabled": false
}
[2026-06-06T21:17:08.750Z] [INFO] [SYSTEM] Resource Manager Started DATA: {
  "maxMemoryMB": 4096,
  "maxCpuPercent": 80,
  "embeddingFallback": true
}
[2026-06-06T21:17:08.753Z] [INFO] [MCP_REQUEST] [b] Incoming MCP request: batch_index DATA: {
  "method": "batch_index",
  "params": {
    "sessionId": "batch_1780780475920_hewbd8q7",
    "maxFilesPerBatch": 100
  }
}
[2026-06-06T21:17:09.151Z] [INFO] [SYSTEM] MCP Server Transport Connecting DATA: {
  "transport": "stdio"
}
[2026-06-06T21:17:09.152Z] [INFO] [SYSTEM] MCP Server Ready DATA: {
  "directory": "/Users/ib-mac/IB-Odoo_19 (LOCAL)/IB-Odoo_19",
  "transport": "stdio",
  "toolsCount": 26,
  "readyTime": 1780780629152
}
[2026-06-06T21:17:09.161Z] [INFO] [SYSTEM] MCP Server Starting DATA: {
  "directory": "/Users/ib-mac/IB-Odoo_19 (LOCAL)/IB-Odoo_19",
  "nodeVersion": "v22.15.0",
  "platform": "darwin",
  "pid": 44673,
  "configEnvironment": "development",
  "embeddingEnabled": false
}
[2026-06-06T21:17:09.161Z] [INFO] [SYSTEM] Resource Manager Started DATA: {
  "maxMemoryMB": 4096,
  "maxCpuPercent": 80,
  "embeddingFallback": true
}
[2026-06-06T21:17:09.164Z] [INFO] [MCP_REQUEST] [b] Incoming MCP request: batch_index DATA: {
  "method": "batch_index",
  "params": {
    "sessionId": "batch_1780780475920_hewbd8q7",
    "maxFilesPerBatch": 100
  }
}
[2026-06-06T21:17:09.560Z] [INFO] [SYSTEM] MCP Server Transport Connecting DATA: {
  "transport": "stdio"
}
[2026-06-06T21:17:09.560Z] [INFO] [SYSTEM] MCP Server Ready DATA: {
  "directory": "/Users/ib-mac/IB-Odoo_19 (LOCAL)/IB-Odoo_19",
  "transport": "stdio",
  "toolsCount": 26,
  "readyTime": 1780780629560
}
[2026-06-06T21:17:09.569Z] [INFO] [SYSTEM] MCP Server Starting DATA: {
  "directory": "/Users/ib-mac/IB-Odoo_19 (LOCAL)/IB-Odoo_19",
  "nodeVersion": "v22.15.0",
  "platform": "darwin",
  "pid": 44680,
  "configEnvironment": "development",
  "embeddingEnabled": false
}
[2026-06-06T21:17:09.569Z] [INFO] [SYSTEM] Resource Manager Started DATA: {
  "maxMemoryMB": 4096,
  "maxCpuPercent": 80,
  "embeddingFallback": true
}
[2026-06-06T21:17:09.572Z] [INFO] [MCP_REQUEST] [b] Incoming MCP request: batch_index DATA: {
  "method": "batch_index",
  "params": {
    "sessionId": "batch_1780780475920_hewbd8q7",
    "maxFilesPerBatch": 100
  }
}
[2026-06-06T21:17:09.969Z] [INFO] [SYSTEM] MCP Server Transport Connecting DATA: {
  "transport": "stdio"
}
[2026-06-06T21:17:09.969Z] [INFO] [SYSTEM] MCP Server Ready DATA: {
  "directory": "/Users/ib-mac/IB-Odoo_19 (LOCAL)/IB-Odoo_19",
  "transport": "stdio",
  "toolsCount": 26,
  "readyTime": 1780780629969
}
[2026-06-06T21:17:09.979Z] [INFO] [SYSTEM] MCP Server Starting DATA: {
  "directory": "/Users/ib-mac/IB-Odoo_19 (LOCAL)/IB-Odoo_19",
  "nodeVersion": "v22.15.0",
  "platform": "darwin",
  "pid": 44687,
  "configEnvironment": "development",
  "embeddingEnabled": false
}
[2026-06-06T21:17:09.979Z] [INFO] [SYSTEM] Resource Manager Started DATA: {
  "maxMemoryMB": 4096,
  "maxCpuPercent": 80,
  "embeddingFallback": true
}
[2026-06-06T21:17:09.982Z] [INFO] [MCP_REQUEST] [b] Incoming MCP request: batch_index DATA: {
  "method": "batch_index",
  "params": {
    "sessionId": "batch_1780780475920_hewbd8q7",
    "maxFilesPerBatch": 100
  }
}
[2026-06-06T21:17:10.394Z] [INFO] [SYSTEM] MCP Server Transport Connecting DATA: {
  "transport": "stdio"
}
[2026-06-06T21:17:10.394Z] [INFO] [SYSTEM] MCP Server Ready DATA: {
  "directory": "/Users/ib-mac/IB-Odoo_19 (LOCAL)/IB-Odoo_19",
  "transport": "stdio",
  "toolsCount": 26,
  "readyTime": 1780780630394
}
[2026-06-06T21:17:10.411Z] [INFO] [SYSTEM] MCP Server Starting DATA: {
  "directory": "/Users/ib-mac/IB-Odoo_19 (LOCAL)/IB-Odoo_19",
  "nodeVersion": "v22.15.0",
  "platform": "darwin",
  "pid": 44694,
  "configEnvironment": "development",
  "embeddingEnabled": false
}
[2026-06-06T21:17:10.411Z] [INFO] [SYSTEM] Resource Manager Started DATA: {
  "maxMemoryMB": 4096,
  "maxCpuPercent": 80,
  "embeddingFallback": true
}
[2026-06-06T21:17:10.414Z] [INFO] [MCP_REQUEST] [b] Incoming MCP request: batch_index DATA: {
  "method": "batch_index",
  "params": {
    "sessionId": "batch_1780780475920_hewbd8q7",
    "maxFilesPerBatch": 100
  }
}
[2026-06-06T21:17:10.824Z] [INFO] [SYSTEM] MCP Server Transport Connecting DATA: {
  "transport": "stdio"
}
[2026-06-06T21:17:10.824Z] [INFO] [SYSTEM] MCP Server Ready DATA: {
  "directory": "/Users/ib-mac/IB-Odoo_19 (LOCAL)/IB-Odoo_19",
  "transport": "stdio",
  "toolsCount": 26,
  "readyTime": 1780780630824
}
[2026-06-06T21:17:10.833Z] [INFO] [SYSTEM] MCP Server Starting DATA: {
  "directory": "/Users/ib-mac/IB-Odoo_19 (LOCAL)/IB-Odoo_19",
  "nodeVersion": "v22.15.0",
  "platform": "darwin",
  "pid": 44702,
  "configEnvironment": "development",
  "embeddingEnabled": false
}
[2026-06-06T21:17:10.833Z] [INFO] [SYSTEM] Resource Manager Started DATA: {
  "maxMemoryMB": 4096,
  "maxCpuPercent": 80,
  "embeddingFallback": true
}
[2026-06-06T21:17:10.836Z] [INFO] [MCP_REQUEST] [b] Incoming MCP request: batch_index DATA: {
  "method": "batch_index",
  "params": {
    "sessionId": "batch_1780780475920_hewbd8q7",
    "maxFilesPerBatch": 100
  }
}
[2026-06-06T21:17:11.239Z] [INFO] [SYSTEM] MCP Server Transport Connecting DATA: {
  "transport": "stdio"
}
[2026-06-06T21:17:11.240Z] [INFO] [SYSTEM] MCP Server Ready DATA: {
  "directory": "/Users/ib-mac/IB-Odoo_19 (LOCAL)/IB-Odoo_19",
  "transport": "stdio",
  "toolsCount": 26,
  "readyTime": 1780780631240
}
[2026-06-06T21:17:11.249Z] [INFO] [SYSTEM] MCP Server Starting DATA: {
  "directory": "/Users/ib-mac/IB-Odoo_19 (LOCAL)/IB-Odoo_19",
  "nodeVersion": "v22.15.0",
  "platform": "darwin",
  "pid": 44712,
  "configEnvironment": "development",
  "embeddingEnabled": false
}
[2026-06-06T21:17:11.249Z] [INFO] [SYSTEM] Resource Manager Started DATA: {
  "maxMemoryMB": 4096,
  "maxCpuPercent": 80,
  "embeddingFallback": true
}
[2026-06-06T21:17:11.252Z] [INFO] [MCP_REQUEST] [b] Incoming MCP request: batch_index DATA: {
  "method": "batch_index",
  "params": {
    "sessionId": "batch_1780780475920_hewbd8q7",
    "maxFilesPerBatch": 100
  }
}
[2026-06-06T21:17:11.657Z] [INFO] [SYSTEM] MCP Server Transport Connecting DATA: {
  "transport": "stdio"
}
[2026-06-06T21:17:11.657Z] [INFO] [SYSTEM] MCP Server Ready DATA: {
  "directory": "/Users/ib-mac/IB-Odoo_19 (LOCAL)/IB-Odoo_19",
  "transport": "stdio",
  "toolsCount": 26,
  "readyTime": 1780780631657
}
[2026-06-06T21:17:11.666Z] [INFO] [SYSTEM] MCP Server Starting DATA: {
  "directory": "/Users/ib-mac/IB-Odoo_19 (LOCAL)/IB-Odoo_19",
  "nodeVersion": "v22.15.0",
  "platform": "darwin",
  "pid": 44719,
  "configEnvironment": "development",
  "embeddingEnabled": false
}
[2026-06-06T21:17:11.666Z] [INFO] [SYSTEM] Resource Manager Started DATA: {
  "maxMemoryMB": 4096,
  "maxCpuPercent": 80,
  "embeddingFallback": true
}
[2026-06-06T21:17:11.669Z] [INFO] [MCP_REQUEST] [b] Incoming MCP request: batch_index DATA: {
  "method": "batch_index",
  "params": {
    "sessionId": "batch_1780780475920_hewbd8q7",
    "maxFilesPerBatch": 100
  }
}
[2026-06-06T21:17:12.073Z] [INFO] [SYSTEM] MCP Server Transport Connecting DATA: {
  "transport": "stdio"
}
[2026-06-06T21:17:12.073Z] [INFO] [SYSTEM] MCP Server Ready DATA: {
  "directory": "/Users/ib-mac/IB-Odoo_19 (LOCAL)/IB-Odoo_19",
  "transport": "stdio",
  "toolsCount": 26,
  "readyTime": 1780780632073
}
[2026-06-06T21:17:12.083Z] [INFO] [SYSTEM] MCP Server Starting DATA: {
  "directory": "/Users/ib-mac/IB-Odoo_19 (LOCAL)/IB-Odoo_19",
  "nodeVersion": "v22.15.0",
  "platform": "darwin",
  "pid": 44726,
  "configEnvironment": "development",
  "embeddingEnabled": false
}
[2026-06-06T21:17:12.083Z] [INFO] [SYSTEM] Resource Manager Started DATA: {
  "maxMemoryMB": 4096,
  "maxCpuPercent": 80,
  "embeddingFallback": true
}
[2026-06-06T21:17:12.086Z] [INFO] [MCP_REQUEST] [b] Incoming MCP request: batch_index DATA: {
  "method": "batch_index",
  "params": {
    "sessionId": "batch_1780780475920_hewbd8q7",
    "maxFilesPerBatch": 100
  }
}
[2026-06-06T21:17:12.485Z] [INFO] [SYSTEM] MCP Server Transport Connecting DATA: {
  "transport": "stdio"
}
[2026-06-06T21:17:12.485Z] [INFO] [SYSTEM] MCP Server Ready DATA: {
  "directory": "/Users/ib-mac/IB-Odoo_19 (LOCAL)/IB-Odoo_19",
  "transport": "stdio",
  "toolsCount": 26,
  "readyTime": 1780780632485
}
[2026-06-06T21:17:12.494Z] [INFO] [SYSTEM] MCP Server Starting DATA: {
  "directory": "/Users/ib-mac/IB-Odoo_19 (LOCAL)/IB-Odoo_19",
  "nodeVersion": "v22.15.0",
  "platform": "darwin",
  "pid": 44733,
  "configEnvironment": "development",
  "embeddingEnabled": false
}
[2026-06-06T21:17:12.495Z] [INFO] [SYSTEM] Resource Manager Started DATA: {
  "maxMemoryMB": 4096,
  "maxCpuPercent": 80,
  "embeddingFallback": true
}
[2026-06-06T21:17:12.498Z] [INFO] [MCP_REQUEST] [b] Incoming MCP request: batch_index DATA: {
  "method": "batch_index",
  "params": {
    "sessionId": "batch_1780780475920_hewbd8q7",
    "maxFilesPerBatch": 100
  }
}
[2026-06-06T21:17:13.051Z] [INFO] [SYSTEM] MCP Server Transport Connecting DATA: {
  "transport": "stdio"
}
[2026-06-06T21:17:13.051Z] [INFO] [SYSTEM] MCP Server Ready DATA: {
  "directory": "/Users/ib-mac/IB-Odoo_19 (LOCAL)/IB-Odoo_19",
  "transport": "stdio",
  "toolsCount": 26,
  "readyTime": 1780780633051
}
[2026-06-06T21:17:13.061Z] [INFO] [SYSTEM] MCP Server Starting DATA: {
  "directory": "/Users/ib-mac/IB-Odoo_19 (LOCAL)/IB-Odoo_19",
  "nodeVersion": "v22.15.0",
  "platform": "darwin",
  "pid": 44740,
  "configEnvironment": "development",
  "embeddingEnabled": false
}
[2026-06-06T21:17:13.061Z] [INFO] [SYSTEM] Resource Manager Started DATA: {
  "maxMemoryMB": 4096,
  "maxCpuPercent": 80,
  "embeddingFallback": true
}
[2026-06-06T21:17:13.065Z] [INFO] [MCP_REQUEST] [b] Incoming MCP request: batch_index DATA: {
  "method": "batch_index",
  "params": {
    "sessionId": "batch_1780780475920_hewbd8q7",
    "maxFilesPerBatch": 100
  }
}
[2026-06-06T21:17:13.475Z] [INFO] [SYSTEM] MCP Server Transport Connecting DATA: {
  "transport": "stdio"
}
[2026-06-06T21:17:13.475Z] [INFO] [SYSTEM] MCP Server Ready DATA: {
  "directory": "/Users/ib-mac/IB-Odoo_19 (LOCAL)/IB-Odoo_19",
  "transport": "stdio",
  "toolsCount": 26,
  "readyTime": 1780780633475
}
[2026-06-06T21:17:13.485Z] [INFO] [SYSTEM] MCP Server Starting DATA: {
  "directory": "/Users/ib-mac/IB-Odoo_19 (LOCAL)/IB-Odoo_19",
  "nodeVersion": "v22.15.0",
  "platform": "darwin",
  "pid": 44750,
  "configEnvironment": "development",
  "embeddingEnabled": false
}
[2026-06-06T21:17:13.485Z] [INFO] [SYSTEM] Resource Manager Started DATA: {
  "maxMemoryMB": 4096,
  "maxCpuPercent": 80,
  "embeddingFallback": true
}
[2026-06-06T21:17:13.488Z] [INFO] [MCP_REQUEST] [b] Incoming MCP request: batch_index DATA: {
  "method": "batch_index",
  "params": {
    "sessionId": "batch_1780780475920_hewbd8q7",
    "maxFilesPerBatch": 100
  }
}
[2026-06-06T21:17:13.893Z] [INFO] [SYSTEM] MCP Server Transport Connecting DATA: {
  "transport": "stdio"
}
[2026-06-06T21:17:13.893Z] [INFO] [SYSTEM] MCP Server Ready DATA: {
  "directory": "/Users/ib-mac/IB-Odoo_19 (LOCAL)/IB-Odoo_19",
  "transport": "stdio",
  "toolsCount": 26,
  "readyTime": 1780780633893
}
[2026-06-06T21:17:13.905Z] [INFO] [SYSTEM] MCP Server Starting DATA: {
  "directory": "/Users/ib-mac/IB-Odoo_19 (LOCAL)/IB-Odoo_19",
  "nodeVersion": "v22.15.0",
  "platform": "darwin",
  "pid": 44759,
  "configEnvironment": "development",
  "embeddingEnabled": false
}
[2026-06-06T21:17:13.905Z] [INFO] [SYSTEM] Resource Manager Started DATA: {
  "maxMemoryMB": 4096,
  "maxCpuPercent": 80,
  "embeddingFallback": true
}
[2026-06-06T21:17:13.910Z] [INFO] [MCP_REQUEST] [b] Incoming MCP request: batch_index DATA: {
  "method": "batch_index",
  "params": {
    "sessionId": "batch_1780780475920_hewbd8q7",
    "maxFilesPerBatch": 100
  }
}
[2026-06-06T21:17:14.863Z] [INFO] [SYSTEM] MCP Server Transport Connecting DATA: {
  "transport": "stdio"
}
[2026-06-06T21:17:14.863Z] [INFO] [SYSTEM] MCP Server Ready DATA: {
  "directory": "/Users/ib-mac/IB-Odoo_19 (LOCAL)/IB-Odoo_19",
  "transport": "stdio",
  "toolsCount": 26,
  "readyTime": 1780780634863
}
[2026-06-06T21:17:14.894Z] [INFO] [SYSTEM] MCP Server Starting DATA: {
  "directory": "/Users/ib-mac/IB-Odoo_19 (LOCAL)/IB-Odoo_19",
  "nodeVersion": "v22.15.0",
  "platform": "darwin",
  "pid": 44773,
  "configEnvironment": "development",
  "embeddingEnabled": false
}
[2026-06-06T21:17:14.894Z] [INFO] [SYSTEM] Resource Manager Started DATA: {
  "maxMemoryMB": 4096,
  "maxCpuPercent": 80,
  "embeddingFallback": true
}
[2026-06-06T21:17:14.915Z] [INFO] [MCP_REQUEST] [b] Incoming MCP request: batch_index DATA: {
  "method": "batch_index",
  "params": {
    "sessionId": "batch_1780780475920_hewbd8q7",
    "maxFilesPerBatch": 100
  }
}
[2026-06-06T21:17:16.252Z] [INFO] [SYSTEM] MCP Server Transport Connecting DATA: {
  "transport": "stdio"
}
[2026-06-06T21:17:16.253Z] [INFO] [SYSTEM] MCP Server Ready DATA: {
  "directory": "/Users/ib-mac/IB-Odoo_19 (LOCAL)/IB-Odoo_19",
  "transport": "stdio",
  "toolsCount": 26,
  "readyTime": 1780780636253
}
[2026-06-06T21:17:16.265Z] [INFO] [SYSTEM] MCP Server Starting DATA: {
  "directory": "/Users/ib-mac/IB-Odoo_19 (LOCAL)/IB-Odoo_19",
  "nodeVersion": "v22.15.0",
  "platform": "darwin",
  "pid": 44784,
  "configEnvironment": "development",
  "embeddingEnabled": false
}
[2026-06-06T21:17:16.266Z] [INFO] [SYSTEM] Resource Manager Started DATA: {
  "maxMemoryMB": 4096,
  "maxCpuPercent": 80,
  "embeddingFallback": true
}
[2026-06-06T21:17:16.269Z] [INFO] [MCP_REQUEST] [b] Incoming MCP request: batch_index DATA: {
  "method": "batch_index",
  "params": {
    "sessionId": "batch_1780780475920_hewbd8q7",
    "maxFilesPerBatch": 100
  }
}
[2026-06-06T21:17:16.702Z] [INFO] [SYSTEM] MCP Server Transport Connecting DATA: {
  "transport": "stdio"
}
[2026-06-06T21:17:16.703Z] [INFO] [SYSTEM] MCP Server Ready DATA: {
  "directory": "/Users/ib-mac/IB-Odoo_19 (LOCAL)/IB-Odoo_19",
  "transport": "stdio",
  "toolsCount": 26,
  "readyTime": 1780780636703
}
[2026-06-06T21:17:16.713Z] [INFO] [SYSTEM] MCP Server Starting DATA: {
  "directory": "/Users/ib-mac/IB-Odoo_19 (LOCAL)/IB-Odoo_19",
  "nodeVersion": "v22.15.0",
  "platform": "darwin",
  "pid": 44791,
  "configEnvironment": "development",
  "embeddingEnabled": false
}
[2026-06-06T21:17:16.713Z] [INFO] [SYSTEM] Resource Manager Started DATA: {
  "maxMemoryMB": 4096,
  "maxCpuPercent": 80,
  "embeddingFallback": true
}
[2026-06-06T21:17:16.716Z] [INFO] [MCP_REQUEST] [b] Incoming MCP request: batch_index DATA: {
  "method": "batch_index",
  "params": {
    "sessionId": "batch_1780780475920_hewbd8q7",
    "maxFilesPerBatch": 100
  }
}
[2026-06-06T21:17:17.126Z] [INFO] [SYSTEM] MCP Server Transport Connecting DATA: {
  "transport": "stdio"
}
[2026-06-06T21:17:17.127Z] [INFO] [SYSTEM] MCP Server Ready DATA: {
  "directory": "/Users/ib-mac/IB-Odoo_19 (LOCAL)/IB-Odoo_19",
  "transport": "stdio",
  "toolsCount": 26,
  "readyTime": 1780780637127
}
[2026-06-06T21:17:17.137Z] [INFO] [SYSTEM] MCP Server Starting DATA: {
  "directory": "/Users/ib-mac/IB-Odoo_19 (LOCAL)/IB-Odoo_19",
  "nodeVersion": "v22.15.0",
  "platform": "darwin",
  "pid": 44801,
  "configEnvironment": "development",
  "embeddingEnabled": false
}
[2026-06-06T21:17:17.137Z] [INFO] [SYSTEM] Resource Manager Started DATA: {
  "maxMemoryMB": 4096,
  "maxCpuPercent": 80,
  "embeddingFallback": true
}
[2026-06-06T21:17:17.141Z] [INFO] [MCP_REQUEST] [b] Incoming MCP request: batch_index DATA: {
  "method": "batch_index",
  "params": {
    "sessionId": "batch_1780780475920_hewbd8q7",
    "maxFilesPerBatch": 100
  }
}
[2026-06-06T21:17:17.533Z] [INFO] [SYSTEM] MCP Server Transport Connecting DATA: {
  "transport": "stdio"
}
[2026-06-06T21:17:17.533Z] [INFO] [SYSTEM] MCP Server Ready DATA: {
  "directory": "/Users/ib-mac/IB-Odoo_19 (LOCAL)/IB-Odoo_19",
  "transport": "stdio",
  "toolsCount": 26,
  "readyTime": 1780780637533
}
[2026-06-06T21:17:17.547Z] [INFO] [SYSTEM] MCP Server Starting DATA: {
  "directory": "/Users/ib-mac/IB-Odoo_19 (LOCAL)/IB-Odoo_19",
  "nodeVersion": "v22.15.0",
  "platform": "darwin",
  "pid": 44808,
  "configEnvironment": "development",
  "embeddingEnabled": false
}
[2026-06-06T21:17:17.547Z] [INFO] [SYSTEM] Resource Manager Started DATA: {
  "maxMemoryMB": 4096,
  "maxCpuPercent": 80,
  "embeddingFallback": true
}
[2026-06-06T21:17:17.552Z] [INFO] [MCP_REQUEST] [b] Incoming MCP request: batch_index DATA: {
  "method": "batch_index",
  "params": {
    "sessionId": "batch_1780780475920_hewbd8q7",
    "maxFilesPerBatch": 100
  }
}
[2026-06-06T21:17:17.971Z] [INFO] [SYSTEM] MCP Server Transport Connecting DATA: {
  "transport": "stdio"
}
[2026-06-06T21:17:17.971Z] [INFO] [SYSTEM] MCP Server Ready DATA: {
  "directory": "/Users/ib-mac/IB-Odoo_19 (LOCAL)/IB-Odoo_19",
  "transport": "stdio",
  "toolsCount": 26,
  "readyTime": 1780780637971
}
[2026-06-06T21:17:17.982Z] [INFO] [SYSTEM] MCP Server Starting DATA: {
  "directory": "/Users/ib-mac/IB-Odoo_19 (LOCAL)/IB-Odoo_19",
  "nodeVersion": "v22.15.0",
  "platform": "darwin",
  "pid": 44815,
  "configEnvironment": "development",
  "embeddingEnabled": false
}
[2026-06-06T21:17:17.982Z] [INFO] [SYSTEM] Resource Manager Started DATA: {
  "maxMemoryMB": 4096,
  "maxCpuPercent": 80,
  "embeddingFallback": true
}
[2026-06-06T21:17:17.985Z] [INFO] [MCP_REQUEST] [b] Incoming MCP request: batch_index DATA: {
  "method": "batch_index",
  "params": {
    "sessionId": "batch_1780780475920_hewbd8q7",
    "maxFilesPerBatch": 100
  }
}
[2026-06-06T21:17:18.419Z] [INFO] [SYSTEM] MCP Server Transport Connecting DATA: {
  "transport": "stdio"
}
[2026-06-06T21:17:18.419Z] [INFO] [SYSTEM] MCP Server Ready DATA: {
  "directory": "/Users/ib-mac/IB-Odoo_19 (LOCAL)/IB-Odoo_19",
  "transport": "stdio",
  "toolsCount": 26,
  "readyTime": 1780780638419
}
[2026-06-06T21:17:18.430Z] [INFO] [SYSTEM] MCP Server Starting DATA: {
  "directory": "/Users/ib-mac/IB-Odoo_19 (LOCAL)/IB-Odoo_19",
  "nodeVersion": "v22.15.0",
  "platform": "darwin",
  "pid": 44822,
  "configEnvironment": "development",
  "embeddingEnabled": false
}
[2026-06-06T21:17:18.430Z] [INFO] [SYSTEM] Resource Manager Started DATA: {
  "maxMemoryMB": 4096,
  "maxCpuPercent": 80,
  "embeddingFallback": true
}
[2026-06-06T21:17:18.433Z] [INFO] [MCP_REQUEST] [b] Incoming MCP request: batch_index DATA: {
  "method": "batch_index",
  "params": {
    "sessionId": "batch_1780780475920_hewbd8q7",
    "maxFilesPerBatch": 100
  }
}
[2026-06-06T21:17:18.846Z] [INFO] [SYSTEM] MCP Server Transport Connecting DATA: {
  "transport": "stdio"
}
[2026-06-06T21:17:18.846Z] [INFO] [SYSTEM] MCP Server Ready DATA: {
  "directory": "/Users/ib-mac/IB-Odoo_19 (LOCAL)/IB-Odoo_19",
  "transport": "stdio",
  "toolsCount": 26,
  "readyTime": 1780780638846
}
[2026-06-06T21:17:18.856Z] [INFO] [SYSTEM] MCP Server Starting DATA: {
  "directory": "/Users/ib-mac/IB-Odoo_19 (LOCAL)/IB-Odoo_19",
  "nodeVersion": "v22.15.0",
  "platform": "darwin",
  "pid": 44829,
  "configEnvironment": "development",
  "embeddingEnabled": false
}
[2026-06-06T21:17:18.856Z] [INFO] [SYSTEM] Resource Manager Started DATA: {
  "maxMemoryMB": 4096,
  "maxCpuPercent": 80,
  "embeddingFallback": true
}
[2026-06-06T21:17:18.859Z] [INFO] [MCP_REQUEST] [b] Incoming MCP request: batch_index DATA: {
  "method": "batch_index",
  "params": {
    "sessionId": "batch_1780780475920_hewbd8q7",
    "maxFilesPerBatch": 100
  }
}
[2026-06-06T21:17:19.267Z] [INFO] [SYSTEM] MCP Server Transport Connecting DATA: {
  "transport": "stdio"
}
[2026-06-06T21:17:19.267Z] [INFO] [SYSTEM] MCP Server Ready DATA: {
  "directory": "/Users/ib-mac/IB-Odoo_19 (LOCAL)/IB-Odoo_19",
  "transport": "stdio",
  "toolsCount": 26,
  "readyTime": 1780780639267
}
[2026-06-06T21:17:19.277Z] [INFO] [SYSTEM] MCP Server Starting DATA: {
  "directory": "/Users/ib-mac/IB-Odoo_19 (LOCAL)/IB-Odoo_19",
  "nodeVersion": "v22.15.0",
  "platform": "darwin",
  "pid": 44839,
  "configEnvironment": "development",
  "embeddingEnabled": false
}
[2026-06-06T21:17:19.278Z] [INFO] [SYSTEM] Resource Manager Started DATA: {
  "maxMemoryMB": 4096,
  "maxCpuPercent": 80,
  "embeddingFallback": true
}
[2026-06-06T21:17:19.281Z] [INFO] [MCP_REQUEST] [b] Incoming MCP request: batch_index DATA: {
  "method": "batch_index",
  "params": {
    "sessionId": "batch_1780780475920_hewbd8q7",
    "maxFilesPerBatch": 100
  }
}
[2026-06-06T21:17:19.681Z] [INFO] [SYSTEM] MCP Server Transport Connecting DATA: {
  "transport": "stdio"
}
[2026-06-06T21:17:19.681Z] [INFO] [SYSTEM] MCP Server Ready DATA: {
  "directory": "/Users/ib-mac/IB-Odoo_19 (LOCAL)/IB-Odoo_19",
  "transport": "stdio",
  "toolsCount": 26,
  "readyTime": 1780780639681
}
[2026-06-06T21:17:19.691Z] [INFO] [SYSTEM] MCP Server Starting DATA: {
  "directory": "/Users/ib-mac/IB-Odoo_19 (LOCAL)/IB-Odoo_19",
  "nodeVersion": "v22.15.0",
  "platform": "darwin",
  "pid": 44846,
  "configEnvironment": "development",
  "embeddingEnabled": false
}
[2026-06-06T21:17:19.691Z] [INFO] [SYSTEM] Resource Manager Started DATA: {
  "maxMemoryMB": 4096,
  "maxCpuPercent": 80,
  "embeddingFallback": true
}
[2026-06-06T21:17:19.694Z] [INFO] [MCP_REQUEST] [b] Incoming MCP request: batch_index DATA: {
  "method": "batch_index",
  "params": {
    "sessionId": "batch_1780780475920_hewbd8q7",
    "maxFilesPerBatch": 100
  }
}
[2026-06-06T21:17:20.102Z] [INFO] [SYSTEM] MCP Server Transport Connecting DATA: {
  "transport": "stdio"
}
[2026-06-06T21:17:20.102Z] [INFO] [SYSTEM] MCP Server Ready DATA: {
  "directory": "/Users/ib-mac/IB-Odoo_19 (LOCAL)/IB-Odoo_19",
  "transport": "stdio",
  "toolsCount": 26,
  "readyTime": 1780780640102
}
[2026-06-06T21:17:20.113Z] [INFO] [SYSTEM] MCP Server Starting DATA: {
  "directory": "/Users/ib-mac/IB-Odoo_19 (LOCAL)/IB-Odoo_19",
  "nodeVersion": "v22.15.0",
  "platform": "darwin",
  "pid": 44853,
  "configEnvironment": "development",
  "embeddingEnabled": false
}
[2026-06-06T21:17:20.113Z] [INFO] [SYSTEM] Resource Manager Started DATA: {
  "maxMemoryMB": 4096,
  "maxCpuPercent": 80,
  "embeddingFallback": true
}
[2026-06-06T21:17:20.116Z] [INFO] [MCP_REQUEST] [b] Incoming MCP request: batch_index DATA: {
  "method": "batch_index",
  "params": {
    "sessionId": "batch_1780780475920_hewbd8q7",
    "maxFilesPerBatch": 100
  }
}
[2026-06-06T21:17:20.503Z] [INFO] [SYSTEM] MCP Server Transport Connecting DATA: {
  "transport": "stdio"
}
[2026-06-06T21:17:20.503Z] [INFO] [SYSTEM] MCP Server Ready DATA: {
  "directory": "/Users/ib-mac/IB-Odoo_19 (LOCAL)/IB-Odoo_19",
  "transport": "stdio",
  "toolsCount": 26,
  "readyTime": 1780780640503
}
[2026-06-06T21:17:20.513Z] [INFO] [SYSTEM] MCP Server Starting DATA: {
  "directory": "/Users/ib-mac/IB-Odoo_19 (LOCAL)/IB-Odoo_19",
  "nodeVersion": "v22.15.0",
  "platform": "darwin",
  "pid": 44860,
  "configEnvironment": "development",
  "embeddingEnabled": false
}
[2026-06-06T21:17:20.513Z] [INFO] [SYSTEM] Resource Manager Started DATA: {
  "maxMemoryMB": 4096,
  "maxCpuPercent": 80,
  "embeddingFallback": true
}
[2026-06-06T21:17:20.516Z] [INFO] [MCP_REQUEST] [b] Incoming MCP request: batch_index DATA: {
  "method": "batch_index",
  "params": {
    "sessionId": "batch_1780780475920_hewbd8q7",
    "maxFilesPerBatch": 100
  }
}
[2026-06-06T21:17:20.926Z] [INFO] [SYSTEM] MCP Server Transport Connecting DATA: {
  "transport": "stdio"
}
[2026-06-06T21:17:20.927Z] [INFO] [SYSTEM] MCP Server Ready DATA: {
  "directory": "/Users/ib-mac/IB-Odoo_19 (LOCAL)/IB-Odoo_19",
  "transport": "stdio",
  "toolsCount": 26,
  "readyTime": 1780780640927
}
[2026-06-06T21:17:20.936Z] [INFO] [SYSTEM] MCP Server Starting DATA: {
  "directory": "/Users/ib-mac/IB-Odoo_19 (LOCAL)/IB-Odoo_19",
  "nodeVersion": "v22.15.0",
  "platform": "darwin",
  "pid": 44868,
  "configEnvironment": "development",
  "embeddingEnabled": false
}
[2026-06-06T21:17:20.936Z] [INFO] [SYSTEM] Resource Manager Started DATA: {
  "maxMemoryMB": 4096,
  "maxCpuPercent": 80,
  "embeddingFallback": true
}
[2026-06-06T21:17:20.939Z] [INFO] [MCP_REQUEST] [b] Incoming MCP request: batch_index DATA: {
  "method": "batch_index",
  "params": {
    "sessionId": "batch_1780780475920_hewbd8q7",
    "maxFilesPerBatch": 100
  }
}
[2026-06-06T21:17:21.343Z] [INFO] [SYSTEM] MCP Server Transport Connecting DATA: {
  "transport": "stdio"
}
[2026-06-06T21:17:21.343Z] [INFO] [SYSTEM] MCP Server Ready DATA: {
  "directory": "/Users/ib-mac/IB-Odoo_19 (LOCAL)/IB-Odoo_19",
  "transport": "stdio",
  "toolsCount": 26,
  "readyTime": 1780780641343
}
[2026-06-06T21:17:21.352Z] [INFO] [SYSTEM] MCP Server Starting DATA: {
  "directory": "/Users/ib-mac/IB-Odoo_19 (LOCAL)/IB-Odoo_19",
  "nodeVersion": "v22.15.0",
  "platform": "darwin",
  "pid": 44878,
  "configEnvironment": "development",
  "embeddingEnabled": false
}
[2026-06-06T21:17:21.353Z] [INFO] [SYSTEM] Resource Manager Started DATA: {
  "maxMemoryMB": 4096,
  "maxCpuPercent": 80,
  "embeddingFallback": true
}
[2026-06-06T21:17:21.356Z] [INFO] [MCP_REQUEST] [b] Incoming MCP request: batch_index DATA: {
  "method": "batch_index",
  "params": {
    "sessionId": "batch_1780780475920_hewbd8q7",
    "maxFilesPerBatch": 100
  }
}
[2026-06-06T21:17:21.768Z] [INFO] [SYSTEM] MCP Server Transport Connecting DATA: {
  "transport": "stdio"
}
[2026-06-06T21:17:21.768Z] [INFO] [SYSTEM] MCP Server Ready DATA: {
  "directory": "/Users/ib-mac/IB-Odoo_19 (LOCAL)/IB-Odoo_19",
  "transport": "stdio",
  "toolsCount": 26,
  "readyTime": 1780780641768
}
[2026-06-06T21:17:21.778Z] [INFO] [SYSTEM] MCP Server Starting DATA: {
  "directory": "/Users/ib-mac/IB-Odoo_19 (LOCAL)/IB-Odoo_19",
  "nodeVersion": "v22.15.0",
  "platform": "darwin",
  "pid": 44885,
  "configEnvironment": "development",
  "embeddingEnabled": false
}
[2026-06-06T21:17:21.778Z] [INFO] [SYSTEM] Resource Manager Started DATA: {
  "maxMemoryMB": 4096,
  "maxCpuPercent": 80,
  "embeddingFallback": true
}
[2026-06-06T21:17:21.781Z] [INFO] [MCP_REQUEST] [b] Incoming MCP request: batch_index DATA: {
  "method": "batch_index",
  "params": {
    "sessionId": "batch_1780780475920_hewbd8q7",
    "maxFilesPerBatch": 100
  }
}
[2026-06-06T21:17:22.183Z] [INFO] [SYSTEM] MCP Server Transport Connecting DATA: {
  "transport": "stdio"
}
[2026-06-06T21:17:22.183Z] [INFO] [SYSTEM] MCP Server Ready DATA: {
  "directory": "/Users/ib-mac/IB-Odoo_19 (LOCAL)/IB-Odoo_19",
  "transport": "stdio",
  "toolsCount": 26,
  "readyTime": 1780780642183
}
[2026-06-06T21:17:22.193Z] [INFO] [SYSTEM] MCP Server Starting DATA: {
  "directory": "/Users/ib-mac/IB-Odoo_19 (LOCAL)/IB-Odoo_19",
  "nodeVersion": "v22.15.0",
  "platform": "darwin",
  "pid": 44892,
  "configEnvironment": "development",
  "embeddingEnabled": false
}
[2026-06-06T21:17:22.193Z] [INFO] [SYSTEM] Resource Manager Started DATA: {
  "maxMemoryMB": 4096,
  "maxCpuPercent": 80,
  "embeddingFallback": true
}
[2026-06-06T21:17:22.196Z] [INFO] [MCP_REQUEST] [b] Incoming MCP request: batch_index DATA: {
  "method": "batch_index",
  "params": {
    "sessionId": "batch_1780780475920_hewbd8q7",
    "maxFilesPerBatch": 100
  }
}
[2026-06-06T21:17:22.590Z] [INFO] [SYSTEM] MCP Server Transport Connecting DATA: {
  "transport": "stdio"
}
[2026-06-06T21:17:22.590Z] [INFO] [SYSTEM] MCP Server Ready DATA: {
  "directory": "/Users/ib-mac/IB-Odoo_19 (LOCAL)/IB-Odoo_19",
  "transport": "stdio",
  "toolsCount": 26,
  "readyTime": 1780780642590
}
[2026-06-06T21:17:22.600Z] [INFO] [SYSTEM] MCP Server Starting DATA: {
  "directory": "/Users/ib-mac/IB-Odoo_19 (LOCAL)/IB-Odoo_19",
  "nodeVersion": "v22.15.0",
  "platform": "darwin",
  "pid": 44899,
  "configEnvironment": "development",
  "embeddingEnabled": false
}
[2026-06-06T21:17:22.600Z] [INFO] [SYSTEM] Resource Manager Started DATA: {
  "maxMemoryMB": 4096,
  "maxCpuPercent": 80,
  "embeddingFallback": true
}
[2026-06-06T21:17:22.603Z] [INFO] [MCP_REQUEST] [b] Incoming MCP request: batch_index DATA: {
  "method": "batch_index",
  "params": {
    "sessionId": "batch_1780780475920_hewbd8q7",
    "maxFilesPerBatch": 100
  }
}
[2026-06-06T21:17:23.002Z] [INFO] [SYSTEM] MCP Server Transport Connecting DATA: {
  "transport": "stdio"
}
[2026-06-06T21:17:23.002Z] [INFO] [SYSTEM] MCP Server Ready DATA: {
  "directory": "/Users/ib-mac/IB-Odoo_19 (LOCAL)/IB-Odoo_19",
  "transport": "stdio",
  "toolsCount": 26,
  "readyTime": 1780780643002
}
[2026-06-06T21:17:23.011Z] [INFO] [SYSTEM] MCP Server Starting DATA: {
  "directory": "/Users/ib-mac/IB-Odoo_19 (LOCAL)/IB-Odoo_19",
  "nodeVersion": "v22.15.0",
  "platform": "darwin",
  "pid": 44906,
  "configEnvironment": "development",
  "embeddingEnabled": false
}
[2026-06-06T21:17:23.012Z] [INFO] [SYSTEM] Resource Manager Started DATA: {
  "maxMemoryMB": 4096,
  "maxCpuPercent": 80,
  "embeddingFallback": true
}
[2026-06-06T21:17:23.014Z] [INFO] [MCP_REQUEST] [b] Incoming MCP request: batch_index DATA: {
  "method": "batch_index",
  "params": {
    "sessionId": "batch_1780780475920_hewbd8q7",
    "maxFilesPerBatch": 100
  }
}
[2026-06-06T21:17:23.405Z] [INFO] [SYSTEM] MCP Server Transport Connecting DATA: {
  "transport": "stdio"
}
[2026-06-06T21:17:23.406Z] [INFO] [SYSTEM] MCP Server Ready DATA: {
  "directory": "/Users/ib-mac/IB-Odoo_19 (LOCAL)/IB-Odoo_19",
  "transport": "stdio",
  "toolsCount": 26,
  "readyTime": 1780780643406
}
[2026-06-06T21:17:23.415Z] [INFO] [SYSTEM] MCP Server Starting DATA: {
  "directory": "/Users/ib-mac/IB-Odoo_19 (LOCAL)/IB-Odoo_19",
  "nodeVersion": "v22.15.0",
  "platform": "darwin",
  "pid": 44918,
  "configEnvironment": "development",
  "embeddingEnabled": false
}
[2026-06-06T21:17:23.415Z] [INFO] [SYSTEM] Resource Manager Started DATA: {
  "maxMemoryMB": 4096,
  "maxCpuPercent": 80,
  "embeddingFallback": true
}
[2026-06-06T21:17:23.418Z] [INFO] [MCP_REQUEST] [b] Incoming MCP request: batch_index DATA: {
  "method": "batch_index",
  "params": {
    "sessionId": "batch_1780780475920_hewbd8q7",
    "maxFilesPerBatch": 100
  }
}
[2026-06-06T21:17:23.820Z] [INFO] [SYSTEM] MCP Server Transport Connecting DATA: {
  "transport": "stdio"
}
[2026-06-06T21:17:23.820Z] [INFO] [SYSTEM] MCP Server Ready DATA: {
  "directory": "/Users/ib-mac/IB-Odoo_19 (LOCAL)/IB-Odoo_19",
  "transport": "stdio",
  "toolsCount": 26,
  "readyTime": 1780780643820
}
[2026-06-06T21:17:23.830Z] [INFO] [SYSTEM] MCP Server Starting DATA: {
  "directory": "/Users/ib-mac/IB-Odoo_19 (LOCAL)/IB-Odoo_19",
  "nodeVersion": "v22.15.0",
  "platform": "darwin",
  "pid": 44925,
  "configEnvironment": "development",
  "embeddingEnabled": false
}
[2026-06-06T21:17:23.830Z] [INFO] [SYSTEM] Resource Manager Started DATA: {
  "maxMemoryMB": 4096,
  "maxCpuPercent": 80,
  "embeddingFallback": true
}
[2026-06-06T21:17:23.833Z] [INFO] [MCP_REQUEST] [b] Incoming MCP request: batch_index DATA: {
  "method": "batch_index",
  "params": {
    "sessionId": "batch_1780780475920_hewbd8q7",
    "maxFilesPerBatch": 100
  }
}
[2026-06-06T21:17:24.226Z] [INFO] [SYSTEM] MCP Server Transport Connecting DATA: {
  "transport": "stdio"
}
[2026-06-06T21:17:24.226Z] [INFO] [SYSTEM] MCP Server Ready DATA: {
  "directory": "/Users/ib-mac/IB-Odoo_19 (LOCAL)/IB-Odoo_19",
  "transport": "stdio",
  "toolsCount": 26,
  "readyTime": 1780780644226
}
[2026-06-06T21:17:24.238Z] [INFO] [SYSTEM] MCP Server Starting DATA: {
  "directory": "/Users/ib-mac/IB-Odoo_19 (LOCAL)/IB-Odoo_19",
  "nodeVersion": "v22.15.0",
  "platform": "darwin",
  "pid": 44932,
  "configEnvironment": "development",
  "embeddingEnabled": false
}
[2026-06-06T21:17:24.238Z] [INFO] [SYSTEM] Resource Manager Started DATA: {
  "maxMemoryMB": 4096,
  "maxCpuPercent": 80,
  "embeddingFallback": true
}
[2026-06-06T21:17:24.242Z] [INFO] [MCP_REQUEST] [b] Incoming MCP request: batch_index DATA: {
  "method": "batch_index",
  "params": {
    "sessionId": "batch_1780780475920_hewbd8q7",
    "maxFilesPerBatch": 100
  }
}
[2026-06-06T21:17:24.631Z] [INFO] [SYSTEM] MCP Server Transport Connecting DATA: {
  "transport": "stdio"
}
[2026-06-06T21:17:24.632Z] [INFO] [SYSTEM] MCP Server Ready DATA: {
  "directory": "/Users/ib-mac/IB-Odoo_19 (LOCAL)/IB-Odoo_19",
  "transport": "stdio",
  "toolsCount": 26,
  "readyTime": 1780780644632
}
[2026-06-06T21:17:24.642Z] [INFO] [SYSTEM] MCP Server Starting DATA: {
  "directory": "/Users/ib-mac/IB-Odoo_19 (LOCAL)/IB-Odoo_19",
  "nodeVersion": "v22.15.0",
  "platform": "darwin",
  "pid": 44939,
  "configEnvironment": "development",
  "embeddingEnabled": false
}
[2026-06-06T21:17:24.642Z] [INFO] [SYSTEM] Resource Manager Started DATA: {
  "maxMemoryMB": 4096,
  "maxCpuPercent": 80,
  "embeddingFallback": true
}
[2026-06-06T21:17:24.645Z] [INFO] [MCP_REQUEST] [b] Incoming MCP request: batch_index DATA: {
  "method": "batch_index",
  "params": {
    "sessionId": "batch_1780780475920_hewbd8q7",
    "maxFilesPerBatch": 100
  }
}
[2026-06-06T21:17:25.054Z] [INFO] [SYSTEM] MCP Server Transport Connecting DATA: {
  "transport": "stdio"
}
[2026-06-06T21:17:25.055Z] [INFO] [SYSTEM] MCP Server Ready DATA: {
  "directory": "/Users/ib-mac/IB-Odoo_19 (LOCAL)/IB-Odoo_19",
  "transport": "stdio",
  "toolsCount": 26,
  "readyTime": 1780780645055
}
[2026-06-06T21:17:25.065Z] [INFO] [SYSTEM] MCP Server Starting DATA: {
  "directory": "/Users/ib-mac/IB-Odoo_19 (LOCAL)/IB-Odoo_19",
  "nodeVersion": "v22.15.0",
  "platform": "darwin",
  "pid": 44947,
  "configEnvironment": "development",
  "embeddingEnabled": false
}
[2026-06-06T21:17:25.065Z] [INFO] [SYSTEM] Resource Manager Started DATA: {
  "maxMemoryMB": 4096,
  "maxCpuPercent": 80,
  "embeddingFallback": true
}
[2026-06-06T21:17:25.068Z] [INFO] [MCP_REQUEST] [b] Incoming MCP request: batch_index DATA: {
  "method": "batch_index",
  "params": {
    "sessionId": "batch_1780780475920_hewbd8q7",
    "maxFilesPerBatch": 100
  }
}
[2026-06-06T21:17:25.482Z] [INFO] [SYSTEM] MCP Server Transport Connecting DATA: {
  "transport": "stdio"
}
[2026-06-06T21:17:25.483Z] [INFO] [SYSTEM] MCP Server Ready DATA: {
  "directory": "/Users/ib-mac/IB-Odoo_19 (LOCAL)/IB-Odoo_19",
  "transport": "stdio",
  "toolsCount": 26,
  "readyTime": 1780780645483
}
[2026-06-06T21:17:25.494Z] [INFO] [SYSTEM] MCP Server Starting DATA: {
  "directory": "/Users/ib-mac/IB-Odoo_19 (LOCAL)/IB-Odoo_19",
  "nodeVersion": "v22.15.0",
  "platform": "darwin",
  "pid": 44956,
  "configEnvironment": "development",
  "embeddingEnabled": false
}
[2026-06-06T21:17:25.494Z] [INFO] [SYSTEM] Resource Manager Started DATA: {
  "maxMemoryMB": 4096,
  "maxCpuPercent": 80,
  "embeddingFallback": true
}
[2026-06-06T21:17:25.497Z] [INFO] [MCP_REQUEST] [b] Incoming MCP request: batch_index DATA: {
  "method": "batch_index",
  "params": {
    "sessionId": "batch_1780780475920_hewbd8q7",
    "maxFilesPerBatch": 100
  }
}
[2026-06-06T21:17:25.904Z] [INFO] [SYSTEM] MCP Server Transport Connecting DATA: {
  "transport": "stdio"
}
[2026-06-06T21:17:25.904Z] [INFO] [SYSTEM] MCP Server Ready DATA: {
  "directory": "/Users/ib-mac/IB-Odoo_19 (LOCAL)/IB-Odoo_19",
  "transport": "stdio",
  "toolsCount": 26,
  "readyTime": 1780780645904
}
[2026-06-06T21:17:25.914Z] [INFO] [SYSTEM] MCP Server Starting DATA: {
  "directory": "/Users/ib-mac/IB-Odoo_19 (LOCAL)/IB-Odoo_19",
  "nodeVersion": "v22.15.0",
  "platform": "darwin",
  "pid": 44963,
  "configEnvironment": "development",
  "embeddingEnabled": false
}
[2026-06-06T21:17:25.915Z] [INFO] [SYSTEM] Resource Manager Started DATA: {
  "maxMemoryMB": 4096,
  "maxCpuPercent": 80,
  "embeddingFallback": true
}
[2026-06-06T21:17:25.918Z] [INFO] [MCP_REQUEST] [b] Incoming MCP request: batch_index DATA: {
  "method": "batch_index",
  "params": {
    "sessionId": "batch_1780780475920_hewbd8q7",
    "maxFilesPerBatch": 100
  }
}
[2026-06-06T21:17:26.307Z] [INFO] [SYSTEM] MCP Server Transport Connecting DATA: {
  "transport": "stdio"
}
[2026-06-06T21:17:26.308Z] [INFO] [SYSTEM] MCP Server Ready DATA: {
  "directory": "/Users/ib-mac/IB-Odoo_19 (LOCAL)/IB-Odoo_19",
  "transport": "stdio",
  "toolsCount": 26,
  "readyTime": 1780780646308
}
[2026-06-06T21:17:26.317Z] [INFO] [SYSTEM] MCP Server Starting DATA: {
  "directory": "/Users/ib-mac/IB-Odoo_19 (LOCAL)/IB-Odoo_19",
  "nodeVersion": "v22.15.0",
  "platform": "darwin",
  "pid": 44970,
  "configEnvironment": "development",
  "embeddingEnabled": false
}
[2026-06-06T21:17:26.317Z] [INFO] [SYSTEM] Resource Manager Started DATA: {
  "maxMemoryMB": 4096,
  "maxCpuPercent": 80,
  "embeddingFallback": true
}
[2026-06-06T21:17:26.320Z] [INFO] [MCP_REQUEST] [b] Incoming MCP request: batch_index DATA: {
  "method": "batch_index",
  "params": {
    "sessionId": "batch_1780780475920_hewbd8q7",
    "maxFilesPerBatch": 100
  }
}
[2026-06-06T21:17:26.722Z] [INFO] [SYSTEM] MCP Server Transport Connecting DATA: {
  "transport": "stdio"
}
[2026-06-06T21:17:26.722Z] [INFO] [SYSTEM] MCP Server Ready DATA: {
  "directory": "/Users/ib-mac/IB-Odoo_19 (LOCAL)/IB-Odoo_19",
  "transport": "stdio",
  "toolsCount": 26,
  "readyTime": 1780780646722
}
[2026-06-06T21:17:26.733Z] [INFO] [SYSTEM] MCP Server Starting DATA: {
  "directory": "/Users/ib-mac/IB-Odoo_19 (LOCAL)/IB-Odoo_19",
  "nodeVersion": "v22.15.0",
  "platform": "darwin",
  "pid": 44977,
  "configEnvironment": "development",
  "embeddingEnabled": false
}
[2026-06-06T21:17:26.733Z] [INFO] [SYSTEM] Resource Manager Started DATA: {
  "maxMemoryMB": 4096,
  "maxCpuPercent": 80,
  "embeddingFallback": true
}
[2026-06-06T21:17:26.736Z] [INFO] [MCP_REQUEST] [b] Incoming MCP request: batch_index DATA: {
  "method": "batch_index",
  "params": {
    "sessionId": "batch_1780780475920_hewbd8q7",
    "maxFilesPerBatch": 100
  }
}
[2026-06-06T21:17:27.145Z] [INFO] [SYSTEM] MCP Server Transport Connecting DATA: {
  "transport": "stdio"
}
[2026-06-06T21:17:27.145Z] [INFO] [SYSTEM] MCP Server Ready DATA: {
  "directory": "/Users/ib-mac/IB-Odoo_19 (LOCAL)/IB-Odoo_19",
  "transport": "stdio",
  "toolsCount": 26,
  "readyTime": 1780780647145
}
[2026-06-06T21:17:27.157Z] [INFO] [SYSTEM] MCP Server Starting DATA: {
  "directory": "/Users/ib-mac/IB-Odoo_19 (LOCAL)/IB-Odoo_19",
  "nodeVersion": "v22.15.0",
  "platform": "darwin",
  "pid": 44987,
  "configEnvironment": "development",
  "embeddingEnabled": false
}
[2026-06-06T21:17:27.157Z] [INFO] [SYSTEM] Resource Manager Started DATA: {
  "maxMemoryMB": 4096,
  "maxCpuPercent": 80,
  "embeddingFallback": true
}
[2026-06-06T21:17:27.161Z] [INFO] [MCP_REQUEST] [b] Incoming MCP request: batch_index DATA: {
  "method": "batch_index",
  "params": {
    "sessionId": "batch_1780780475920_hewbd8q7",
    "maxFilesPerBatch": 100
  }
}
[2026-06-06T21:17:27.552Z] [INFO] [SYSTEM] MCP Server Transport Connecting DATA: {
  "transport": "stdio"
}
[2026-06-06T21:17:27.553Z] [INFO] [SYSTEM] MCP Server Ready DATA: {
  "directory": "/Users/ib-mac/IB-Odoo_19 (LOCAL)/IB-Odoo_19",
  "transport": "stdio",
  "toolsCount": 26,
  "readyTime": 1780780647553
}
[2026-06-06T21:17:27.562Z] [INFO] [SYSTEM] MCP Server Starting DATA: {
  "directory": "/Users/ib-mac/IB-Odoo_19 (LOCAL)/IB-Odoo_19",
  "nodeVersion": "v22.15.0",
  "platform": "darwin",
  "pid": 44994,
  "configEnvironment": "development",
  "embeddingEnabled": false
}
[2026-06-06T21:17:27.562Z] [INFO] [SYSTEM] Resource Manager Started DATA: {
  "maxMemoryMB": 4096,
  "maxCpuPercent": 80,
  "embeddingFallback": true
}
[2026-06-06T21:17:27.565Z] [INFO] [MCP_REQUEST] [b] Incoming MCP request: batch_index DATA: {
  "method": "batch_index",
  "params": {
    "sessionId": "batch_1780780475920_hewbd8q7",
    "maxFilesPerBatch": 100
  }
}
[2026-06-06T21:17:27.974Z] [INFO] [SYSTEM] MCP Server Transport Connecting DATA: {
  "transport": "stdio"
}
[2026-06-06T21:17:27.974Z] [INFO] [SYSTEM] MCP Server Ready DATA: {
  "directory": "/Users/ib-mac/IB-Odoo_19 (LOCAL)/IB-Odoo_19",
  "transport": "stdio",
  "toolsCount": 26,
  "readyTime": 1780780647974
}
[2026-06-06T21:17:27.984Z] [INFO] [SYSTEM] MCP Server Starting DATA: {
  "directory": "/Users/ib-mac/IB-Odoo_19 (LOCAL)/IB-Odoo_19",
  "nodeVersion": "v22.15.0",
  "platform": "darwin",
  "pid": 45001,
  "configEnvironment": "development",
  "embeddingEnabled": false
}
[2026-06-06T21:17:27.984Z] [INFO] [SYSTEM] Resource Manager Started DATA: {
  "maxMemoryMB": 4096,
  "maxCpuPercent": 80,
  "embeddingFallback": true
}
[2026-06-06T21:17:27.987Z] [INFO] [MCP_REQUEST] [b] Incoming MCP request: batch_index DATA: {
  "method": "batch_index",
  "params": {
    "sessionId": "batch_1780780475920_hewbd8q7",
    "maxFilesPerBatch": 100
  }
}
[2026-06-06T21:17:28.379Z] [INFO] [SYSTEM] MCP Server Transport Connecting DATA: {
  "transport": "stdio"
}
[2026-06-06T21:17:28.380Z] [INFO] [SYSTEM] MCP Server Ready DATA: {
  "directory": "/Users/ib-mac/IB-Odoo_19 (LOCAL)/IB-Odoo_19",
  "transport": "stdio",
  "toolsCount": 26,
  "readyTime": 1780780648380
}
[2026-06-06T21:17:28.389Z] [INFO] [SYSTEM] MCP Server Starting DATA: {
  "directory": "/Users/ib-mac/IB-Odoo_19 (LOCAL)/IB-Odoo_19",
  "nodeVersion": "v22.15.0",
  "platform": "darwin",
  "pid": 45009,
  "configEnvironment": "development",
  "embeddingEnabled": false
}
[2026-06-06T21:17:28.390Z] [INFO] [SYSTEM] Resource Manager Started DATA: {
  "maxMemoryMB": 4096,
  "maxCpuPercent": 80,
  "embeddingFallback": true
}
[2026-06-06T21:17:28.393Z] [INFO] [MCP_REQUEST] [b] Incoming MCP request: batch_index DATA: {
  "method": "batch_index",
  "params": {
    "sessionId": "batch_1780780475920_hewbd8q7",
    "maxFilesPerBatch": 100
  }
}
[2026-06-06T21:17:28.799Z] [INFO] [SYSTEM] MCP Server Transport Connecting DATA: {
  "transport": "stdio"
}
[2026-06-06T21:17:28.800Z] [INFO] [SYSTEM] MCP Server Ready DATA: {
  "directory": "/Users/ib-mac/IB-Odoo_19 (LOCAL)/IB-Odoo_19",
  "transport": "stdio",
  "toolsCount": 26,
  "readyTime": 1780780648800
}
[2026-06-06T21:17:28.809Z] [INFO] [SYSTEM] MCP Server Starting DATA: {
  "directory": "/Users/ib-mac/IB-Odoo_19 (LOCAL)/IB-Odoo_19",
  "nodeVersion": "v22.15.0",
  "platform": "darwin",
  "pid": 45016,
  "configEnvironment": "development",
  "embeddingEnabled": false
}
[2026-06-06T21:17:28.810Z] [INFO] [SYSTEM] Resource Manager Started DATA: {
  "maxMemoryMB": 4096,
  "maxCpuPercent": 80,
  "embeddingFallback": true
}
[2026-06-06T21:17:28.813Z] [INFO] [MCP_REQUEST] [b] Incoming MCP request: batch_index DATA: {
  "method": "batch_index",
  "params": {
    "sessionId": "batch_1780780475920_hewbd8q7",
    "maxFilesPerBatch": 100
  }
}
[2026-06-06T21:17:29.218Z] [INFO] [SYSTEM] MCP Server Transport Connecting DATA: {
  "transport": "stdio"
}
[2026-06-06T21:17:29.218Z] [INFO] [SYSTEM] MCP Server Ready DATA: {
  "directory": "/Users/ib-mac/IB-Odoo_19 (LOCAL)/IB-Odoo_19",
  "transport": "stdio",
  "toolsCount": 26,
  "readyTime": 1780780649218
}
[2026-06-06T21:17:29.228Z] [INFO] [SYSTEM] MCP Server Starting DATA: {
  "directory": "/Users/ib-mac/IB-Odoo_19 (LOCAL)/IB-Odoo_19",
  "nodeVersion": "v22.15.0",
  "platform": "darwin",
  "pid": 45026,
  "configEnvironment": "development",
  "embeddingEnabled": false
}
[2026-06-06T21:17:29.228Z] [INFO] [SYSTEM] Resource Manager Started DATA: {
  "maxMemoryMB": 4096,
  "maxCpuPercent": 80,
  "embeddingFallback": true
}
[2026-06-06T21:17:29.231Z] [INFO] [MCP_REQUEST] [b] Incoming MCP request: batch_index DATA: {
  "method": "batch_index",
  "params": {
    "sessionId": "batch_1780780475920_hewbd8q7",
    "maxFilesPerBatch": 100
  }
}
[2026-06-06T21:17:29.647Z] [INFO] [SYSTEM] MCP Server Transport Connecting DATA: {
  "transport": "stdio"
}
[2026-06-06T21:17:29.647Z] [INFO] [SYSTEM] MCP Server Ready DATA: {
  "directory": "/Users/ib-mac/IB-Odoo_19 (LOCAL)/IB-Odoo_19",
  "transport": "stdio",
  "toolsCount": 26,
  "readyTime": 1780780649647
}
[2026-06-06T21:17:29.657Z] [INFO] [SYSTEM] MCP Server Starting DATA: {
  "directory": "/Users/ib-mac/IB-Odoo_19 (LOCAL)/IB-Odoo_19",
  "nodeVersion": "v22.15.0",
  "platform": "darwin",
  "pid": 45033,
  "configEnvironment": "development",
  "embeddingEnabled": false
}
[2026-06-06T21:17:29.657Z] [INFO] [SYSTEM] Resource Manager Started DATA: {
  "maxMemoryMB": 4096,
  "maxCpuPercent": 80,
  "embeddingFallback": true
}
[2026-06-06T21:17:29.660Z] [INFO] [MCP_REQUEST] [b] Incoming MCP request: batch_index DATA: {
  "method": "batch_index",
  "params": {
    "sessionId": "batch_1780780475920_hewbd8q7",
    "maxFilesPerBatch": 100
  }
}
[2026-06-06T21:17:30.061Z] [INFO] [SYSTEM] MCP Server Transport Connecting DATA: {
  "transport": "stdio"
}
[2026-06-06T21:17:30.062Z] [INFO] [SYSTEM] MCP Server Ready DATA: {
  "directory": "/Users/ib-mac/IB-Odoo_19 (LOCAL)/IB-Odoo_19",
  "transport": "stdio",
  "toolsCount": 26,
  "readyTime": 1780780650062
}
[2026-06-06T21:17:30.071Z] [INFO] [SYSTEM] MCP Server Starting DATA: {
  "directory": "/Users/ib-mac/IB-Odoo_19 (LOCAL)/IB-Odoo_19",
  "nodeVersion": "v22.15.0",
  "platform": "darwin",
  "pid": 45040,
  "configEnvironment": "development",
  "embeddingEnabled": false
}
[2026-06-06T21:17:30.071Z] [INFO] [SYSTEM] Resource Manager Started DATA: {
  "maxMemoryMB": 4096,
  "maxCpuPercent": 80,
  "embeddingFallback": true
}
[2026-06-06T21:17:30.074Z] [INFO] [MCP_REQUEST] [b] Incoming MCP request: batch_index DATA: {
  "method": "batch_index",
  "params": {
    "sessionId": "batch_1780780475920_hewbd8q7",
    "maxFilesPerBatch": 100
  }
}
[2026-06-06T21:17:30.473Z] [INFO] [SYSTEM] MCP Server Transport Connecting DATA: {
  "transport": "stdio"
}
[2026-06-06T21:17:30.474Z] [INFO] [SYSTEM] MCP Server Ready DATA: {
  "directory": "/Users/ib-mac/IB-Odoo_19 (LOCAL)/IB-Odoo_19",
  "transport": "stdio",
  "toolsCount": 26,
  "readyTime": 1780780650474
}
[2026-06-06T21:17:30.483Z] [INFO] [SYSTEM] MCP Server Starting DATA: {
  "directory": "/Users/ib-mac/IB-Odoo_19 (LOCAL)/IB-Odoo_19",
  "nodeVersion": "v22.15.0",
  "platform": "darwin",
  "pid": 45047,
  "configEnvironment": "development",
  "embeddingEnabled": false
}
[2026-06-06T21:17:30.483Z] [INFO] [SYSTEM] Resource Manager Started DATA: {
  "maxMemoryMB": 4096,
  "maxCpuPercent": 80,
  "embeddingFallback": true
}
[2026-06-06T21:17:30.486Z] [INFO] [MCP_REQUEST] [b] Incoming MCP request: batch_index DATA: {
  "method": "batch_index",
  "params": {
    "sessionId": "batch_1780780475920_hewbd8q7",
    "maxFilesPerBatch": 100
  }
}
[2026-06-06T21:17:30.889Z] [INFO] [SYSTEM] MCP Server Transport Connecting DATA: {
  "transport": "stdio"
}
[2026-06-06T21:17:30.889Z] [INFO] [SYSTEM] MCP Server Ready DATA: {
  "directory": "/Users/ib-mac/IB-Odoo_19 (LOCAL)/IB-Odoo_19",
  "transport": "stdio",
  "toolsCount": 26,
  "readyTime": 1780780650889
}
[2026-06-06T21:17:30.898Z] [INFO] [SYSTEM] MCP Server Starting DATA: {
  "directory": "/Users/ib-mac/IB-Odoo_19 (LOCAL)/IB-Odoo_19",
  "nodeVersion": "v22.15.0",
  "platform": "darwin",
  "pid": 45055,
  "configEnvironment": "development",
  "embeddingEnabled": false
}
[2026-06-06T21:17:30.898Z] [INFO] [SYSTEM] Resource Manager Started DATA: {
  "maxMemoryMB": 4096,
  "maxCpuPercent": 80,
  "embeddingFallback": true
}
[2026-06-06T21:17:30.901Z] [INFO] [MCP_REQUEST] [b] Incoming MCP request: batch_index DATA: {
  "method": "batch_index",
  "params": {
    "sessionId": "batch_1780780475920_hewbd8q7",
    "maxFilesPerBatch": 100
  }
}
[2026-06-06T21:17:31.300Z] [INFO] [SYSTEM] MCP Server Transport Connecting DATA: {
  "transport": "stdio"
}
[2026-06-06T21:17:31.301Z] [INFO] [SYSTEM] MCP Server Ready DATA: {
  "directory": "/Users/ib-mac/IB-Odoo_19 (LOCAL)/IB-Odoo_19",
  "transport": "stdio",
  "toolsCount": 26,
  "readyTime": 1780780651301
}
[2026-06-06T21:17:31.310Z] [INFO] [SYSTEM] MCP Server Starting DATA: {
  "directory": "/Users/ib-mac/IB-Odoo_19 (LOCAL)/IB-Odoo_19",
  "nodeVersion": "v22.15.0",
  "platform": "darwin",
  "pid": 45065,
  "configEnvironment": "development",
  "embeddingEnabled": false
}
[2026-06-06T21:17:31.310Z] [INFO] [SYSTEM] Resource Manager Started DATA: {
  "maxMemoryMB": 4096,
  "maxCpuPercent": 80,
  "embeddingFallback": true
}
[2026-06-06T21:17:31.313Z] [INFO] [MCP_REQUEST] [b] Incoming MCP request: batch_index DATA: {
  "method": "batch_index",
  "params": {
    "sessionId": "batch_1780780475920_hewbd8q7",
    "maxFilesPerBatch": 100
  }
}
[2026-06-06T21:17:31.712Z] [INFO] [SYSTEM] MCP Server Transport Connecting DATA: {
  "transport": "stdio"
}
[2026-06-06T21:17:31.712Z] [INFO] [SYSTEM] MCP Server Ready DATA: {
  "directory": "/Users/ib-mac/IB-Odoo_19 (LOCAL)/IB-Odoo_19",
  "transport": "stdio",
  "toolsCount": 26,
  "readyTime": 1780780651712
}
[2026-06-06T21:17:31.721Z] [INFO] [SYSTEM] MCP Server Starting DATA: {
  "directory": "/Users/ib-mac/IB-Odoo_19 (LOCAL)/IB-Odoo_19",
  "nodeVersion": "v22.15.0",
  "platform": "darwin",
  "pid": 45072,
  "configEnvironment": "development",
  "embeddingEnabled": false
}
[2026-06-06T21:17:31.722Z] [INFO] [SYSTEM] Resource Manager Started DATA: {
  "maxMemoryMB": 4096,
  "maxCpuPercent": 80,
  "embeddingFallback": true
}
[2026-06-06T21:17:31.725Z] [INFO] [MCP_REQUEST] [b] Incoming MCP request: batch_index DATA: {
  "method": "batch_index",
  "params": {
    "sessionId": "batch_1780780475920_hewbd8q7",
    "maxFilesPerBatch": 100
  }
}
[2026-06-06T21:17:32.140Z] [INFO] [SYSTEM] MCP Server Transport Connecting DATA: {
  "transport": "stdio"
}
[2026-06-06T21:17:32.140Z] [INFO] [SYSTEM] MCP Server Ready DATA: {
  "directory": "/Users/ib-mac/IB-Odoo_19 (LOCAL)/IB-Odoo_19",
  "transport": "stdio",
  "toolsCount": 26,
  "readyTime": 1780780652140
}
[2026-06-06T21:17:32.149Z] [INFO] [SYSTEM] MCP Server Starting DATA: {
  "directory": "/Users/ib-mac/IB-Odoo_19 (LOCAL)/IB-Odoo_19",
  "nodeVersion": "v22.15.0",
  "platform": "darwin",
  "pid": 45079,
  "configEnvironment": "development",
  "embeddingEnabled": false
}
[2026-06-06T21:17:32.150Z] [INFO] [SYSTEM] Resource Manager Started DATA: {
  "maxMemoryMB": 4096,
  "maxCpuPercent": 80,
  "embeddingFallback": true
}
[2026-06-06T21:17:32.153Z] [INFO] [MCP_REQUEST] [b] Incoming MCP request: batch_index DATA: {
  "method": "batch_index",
  "params": {
    "sessionId": "batch_1780780475920_hewbd8q7",
    "maxFilesPerBatch": 100
  }
}
[2026-06-06T21:17:32.550Z] [INFO] [SYSTEM] MCP Server Transport Connecting DATA: {
  "transport": "stdio"
}
[2026-06-06T21:17:32.551Z] [INFO] [SYSTEM] MCP Server Ready DATA: {
  "directory": "/Users/ib-mac/IB-Odoo_19 (LOCAL)/IB-Odoo_19",
  "transport": "stdio",
  "toolsCount": 26,
  "readyTime": 1780780652551
}
[2026-06-06T21:17:32.560Z] [INFO] [SYSTEM] MCP Server Starting DATA: {
  "directory": "/Users/ib-mac/IB-Odoo_19 (LOCAL)/IB-Odoo_19",
  "nodeVersion": "v22.15.0",
  "platform": "darwin",
  "pid": 45086,
  "configEnvironment": "development",
  "embeddingEnabled": false
}
[2026-06-06T21:17:32.560Z] [INFO] [SYSTEM] Resource Manager Started DATA: {
  "maxMemoryMB": 4096,
  "maxCpuPercent": 80,
  "embeddingFallback": true
}
[2026-06-06T21:17:32.563Z] [INFO] [MCP_REQUEST] [b] Incoming MCP request: batch_index DATA: {
  "method": "batch_index",
  "params": {
    "sessionId": "batch_1780780475920_hewbd8q7",
    "maxFilesPerBatch": 100
  }
}
[2026-06-06T21:17:32.952Z] [INFO] [SYSTEM] MCP Server Transport Connecting DATA: {
  "transport": "stdio"
}
[2026-06-06T21:17:32.952Z] [INFO] [SYSTEM] MCP Server Ready DATA: {
  "directory": "/Users/ib-mac/IB-Odoo_19 (LOCAL)/IB-Odoo_19",
  "transport": "stdio",
  "toolsCount": 26,
  "readyTime": 1780780652952
}
[2026-06-06T21:17:32.962Z] [INFO] [SYSTEM] MCP Server Starting DATA: {
  "directory": "/Users/ib-mac/IB-Odoo_19 (LOCAL)/IB-Odoo_19",
  "nodeVersion": "v22.15.0",
  "platform": "darwin",
  "pid": 45093,
  "configEnvironment": "development",
  "embeddingEnabled": false
}
[2026-06-06T21:17:32.962Z] [INFO] [SYSTEM] Resource Manager Started DATA: {
  "maxMemoryMB": 4096,
  "maxCpuPercent": 80,
  "embeddingFallback": true
}
[2026-06-06T21:17:32.965Z] [INFO] [MCP_REQUEST] [b] Incoming MCP request: batch_index DATA: {
  "method": "batch_index",
  "params": {
    "sessionId": "batch_1780780475920_hewbd8q7",
    "maxFilesPerBatch": 100
  }
}
[2026-06-06T21:17:33.366Z] [INFO] [SYSTEM] MCP Server Transport Connecting DATA: {
  "transport": "stdio"
}
[2026-06-06T21:17:33.366Z] [INFO] [SYSTEM] MCP Server Ready DATA: {
  "directory": "/Users/ib-mac/IB-Odoo_19 (LOCAL)/IB-Odoo_19",
  "transport": "stdio",
  "toolsCount": 26,
  "readyTime": 1780780653366
}
[2026-06-06T21:17:33.375Z] [INFO] [SYSTEM] MCP Server Starting DATA: {
  "directory": "/Users/ib-mac/IB-Odoo_19 (LOCAL)/IB-Odoo_19",
  "nodeVersion": "v22.15.0",
  "platform": "darwin",
  "pid": 45103,
  "configEnvironment": "development",
  "embeddingEnabled": false
}
[2026-06-06T21:17:33.375Z] [INFO] [SYSTEM] Resource Manager Started DATA: {
  "maxMemoryMB": 4096,
  "maxCpuPercent": 80,
  "embeddingFallback": true
}
[2026-06-06T21:17:33.378Z] [INFO] [MCP_REQUEST] [b] Incoming MCP request: batch_index DATA: {
  "method": "batch_index",
  "params": {
    "sessionId": "batch_1780780475920_hewbd8q7",
    "maxFilesPerBatch": 100
  }
}
[2026-06-06T21:17:33.809Z] [INFO] [SYSTEM] MCP Server Transport Connecting DATA: {
  "transport": "stdio"
}
[2026-06-06T21:17:33.809Z] [INFO] [SYSTEM] MCP Server Ready DATA: {
  "directory": "/Users/ib-mac/IB-Odoo_19 (LOCAL)/IB-Odoo_19",
  "transport": "stdio",
  "toolsCount": 26,
  "readyTime": 1780780653809
}
[2026-06-06T21:17:33.818Z] [INFO] [SYSTEM] MCP Server Starting DATA: {
  "directory": "/Users/ib-mac/IB-Odoo_19 (LOCAL)/IB-Odoo_19",
  "nodeVersion": "v22.15.0",
  "platform": "darwin",
  "pid": 45110,
  "configEnvironment": "development",
  "embeddingEnabled": false
}
[2026-06-06T21:17:33.818Z] [INFO] [SYSTEM] Resource Manager Started DATA: {
  "maxMemoryMB": 4096,
  "maxCpuPercent": 80,
  "embeddingFallback": true
}
[2026-06-06T21:17:33.821Z] [INFO] [MCP_REQUEST] [b] Incoming MCP request: batch_index DATA: {
  "method": "batch_index",
  "params": {
    "sessionId": "batch_1780780475920_hewbd8q7",
    "maxFilesPerBatch": 100
  }
}
[2026-06-06T21:17:34.309Z] [INFO] [SYSTEM] MCP Server Transport Connecting DATA: {
  "transport": "stdio"
}
[2026-06-06T21:17:34.309Z] [INFO] [SYSTEM] MCP Server Ready DATA: {
  "directory": "/Users/ib-mac/IB-Odoo_19 (LOCAL)/IB-Odoo_19",
  "transport": "stdio",
  "toolsCount": 26,
  "readyTime": 1780780654309
}
[2026-06-06T21:17:34.318Z] [INFO] [SYSTEM] MCP Server Starting DATA: {
  "directory": "/Users/ib-mac/IB-Odoo_19 (LOCAL)/IB-Odoo_19",
  "nodeVersion": "v22.15.0",
  "platform": "darwin",
  "pid": 45117,
  "configEnvironment": "development",
  "embeddingEnabled": false
}
[2026-06-06T21:17:34.318Z] [INFO] [SYSTEM] Resource Manager Started DATA: {
  "maxMemoryMB": 4096,
  "maxCpuPercent": 80,
  "embeddingFallback": true
}
[2026-06-06T21:17:34.321Z] [INFO] [MCP_REQUEST] [b] Incoming MCP request: batch_index DATA: {
  "method": "batch_index",
  "params": {
    "sessionId": "batch_1780780475920_hewbd8q7",
    "maxFilesPerBatch": 100
  }
}
[2026-06-06T21:17:34.722Z] [INFO] [SYSTEM] MCP Server Transport Connecting DATA: {
  "transport": "stdio"
}
[2026-06-06T21:17:34.723Z] [INFO] [SYSTEM] MCP Server Ready DATA: {
  "directory": "/Users/ib-mac/IB-Odoo_19 (LOCAL)/IB-Odoo_19",
  "transport": "stdio",
  "toolsCount": 26,
  "readyTime": 1780780654723
}
[2026-06-06T21:17:34.732Z] [INFO] [SYSTEM] MCP Server Starting DATA: {
  "directory": "/Users/ib-mac/IB-Odoo_19 (LOCAL)/IB-Odoo_19",
  "nodeVersion": "v22.15.0",
  "platform": "darwin",
  "pid": 45124,
  "configEnvironment": "development",
  "embeddingEnabled": false
}
[2026-06-06T21:17:34.732Z] [INFO] [SYSTEM] Resource Manager Started DATA: {
  "maxMemoryMB": 4096,
  "maxCpuPercent": 80,
  "embeddingFallback": true
}
[2026-06-06T21:17:34.735Z] [INFO] [MCP_REQUEST] [b] Incoming MCP request: batch_index DATA: {
  "method": "batch_index",
  "params": {
    "sessionId": "batch_1780780475920_hewbd8q7",
    "maxFilesPerBatch": 100
  }
}
[2026-06-06T21:17:35.131Z] [INFO] [SYSTEM] MCP Server Transport Connecting DATA: {
  "transport": "stdio"
}
[2026-06-06T21:17:35.132Z] [INFO] [SYSTEM] MCP Server Ready DATA: {
  "directory": "/Users/ib-mac/IB-Odoo_19 (LOCAL)/IB-Odoo_19",
  "transport": "stdio",
  "toolsCount": 26,
  "readyTime": 1780780655132
}
[2026-06-06T21:17:35.141Z] [INFO] [SYSTEM] MCP Server Starting DATA: {
  "directory": "/Users/ib-mac/IB-Odoo_19 (LOCAL)/IB-Odoo_19",
  "nodeVersion": "v22.15.0",
  "platform": "darwin",
  "pid": 45134,
  "configEnvironment": "development",
  "embeddingEnabled": false
}
[2026-06-06T21:17:35.141Z] [INFO] [SYSTEM] Resource Manager Started DATA: {
  "maxMemoryMB": 4096,
  "maxCpuPercent": 80,
  "embeddingFallback": true
}
[2026-06-06T21:17:35.144Z] [INFO] [MCP_REQUEST] [b] Incoming MCP request: batch_index DATA: {
  "method": "batch_index",
  "params": {
    "sessionId": "batch_1780780475920_hewbd8q7",
    "maxFilesPerBatch": 100
  }
}
[2026-06-06T21:17:35.540Z] [INFO] [SYSTEM] MCP Server Transport Connecting DATA: {
  "transport": "stdio"
}
[2026-06-06T21:17:35.540Z] [INFO] [SYSTEM] MCP Server Ready DATA: {
  "directory": "/Users/ib-mac/IB-Odoo_19 (LOCAL)/IB-Odoo_19",
  "transport": "stdio",
  "toolsCount": 26,
  "readyTime": 1780780655540
}
[2026-06-06T21:17:35.550Z] [INFO] [SYSTEM] MCP Server Starting DATA: {
  "directory": "/Users/ib-mac/IB-Odoo_19 (LOCAL)/IB-Odoo_19",
  "nodeVersion": "v22.15.0",
  "platform": "darwin",
  "pid": 45141,
  "configEnvironment": "development",
  "embeddingEnabled": false
}
[2026-06-06T21:17:35.551Z] [INFO] [SYSTEM] Resource Manager Started DATA: {
  "maxMemoryMB": 4096,
  "maxCpuPercent": 80,
  "embeddingFallback": true
}
[2026-06-06T21:17:35.553Z] [INFO] [MCP_REQUEST] [b] Incoming MCP request: batch_index DATA: {
  "method": "batch_index",
  "params": {
    "sessionId": "batch_1780780475920_hewbd8q7",
    "maxFilesPerBatch": 100
  }
}
[2026-06-06T21:17:35.956Z] [INFO] [SYSTEM] MCP Server Transport Connecting DATA: {
  "transport": "stdio"
}
[2026-06-06T21:17:35.956Z] [INFO] [SYSTEM] MCP Server Ready DATA: {
  "directory": "/Users/ib-mac/IB-Odoo_19 (LOCAL)/IB-Odoo_19",
  "transport": "stdio",
  "toolsCount": 26,
  "readyTime": 1780780655956
}
[2026-06-06T21:17:35.966Z] [INFO] [SYSTEM] MCP Server Starting DATA: {
  "directory": "/Users/ib-mac/IB-Odoo_19 (LOCAL)/IB-Odoo_19",
  "nodeVersion": "v22.15.0",
  "platform": "darwin",
  "pid": 45148,
  "configEnvironment": "development",
  "embeddingEnabled": false
}
[2026-06-06T21:17:35.966Z] [INFO] [SYSTEM] Resource Manager Started DATA: {
  "maxMemoryMB": 4096,
  "maxCpuPercent": 80,
  "embeddingFallback": true
}
[2026-06-06T21:17:35.969Z] [INFO] [MCP_REQUEST] [b] Incoming MCP request: batch_index DATA: {
  "method": "batch_index",
  "params": {
    "sessionId": "batch_1780780475920_hewbd8q7",
    "maxFilesPerBatch": 100
  }
}
[2026-06-06T21:17:36.371Z] [INFO] [SYSTEM] MCP Server Transport Connecting DATA: {
  "transport": "stdio"
}
[2026-06-06T21:17:36.371Z] [INFO] [SYSTEM] MCP Server Ready DATA: {
  "directory": "/Users/ib-mac/IB-Odoo_19 (LOCAL)/IB-Odoo_19",
  "transport": "stdio",
  "toolsCount": 26,
  "readyTime": 1780780656371
}
[2026-06-06T21:17:36.380Z] [INFO] [SYSTEM] MCP Server Starting DATA: {
  "directory": "/Users/ib-mac/IB-Odoo_19 (LOCAL)/IB-Odoo_19",
  "nodeVersion": "v22.15.0",
  "platform": "darwin",
  "pid": 45155,
  "configEnvironment": "development",
  "embeddingEnabled": false
}
[2026-06-06T21:17:36.380Z] [INFO] [SYSTEM] Resource Manager Started DATA: {
  "maxMemoryMB": 4096,
  "maxCpuPercent": 80,
  "embeddingFallback": true
}
[2026-06-06T21:17:36.383Z] [INFO] [MCP_REQUEST] [b] Incoming MCP request: batch_index DATA: {
  "method": "batch_index",
  "params": {
    "sessionId": "batch_1780780475920_hewbd8q7",
    "maxFilesPerBatch": 100
  }
}
[2026-06-06T21:17:36.786Z] [INFO] [SYSTEM] MCP Server Transport Connecting DATA: {
  "transport": "stdio"
}
[2026-06-06T21:17:36.786Z] [INFO] [SYSTEM] MCP Server Ready DATA: {
  "directory": "/Users/ib-mac/IB-Odoo_19 (LOCAL)/IB-Odoo_19",
  "transport": "stdio",
  "toolsCount": 26,
  "readyTime": 1780780656786
}
[2026-06-06T21:17:36.795Z] [INFO] [SYSTEM] MCP Server Starting DATA: {
  "directory": "/Users/ib-mac/IB-Odoo_19 (LOCAL)/IB-Odoo_19",
  "nodeVersion": "v22.15.0",
  "platform": "darwin",
  "pid": 45162,
  "configEnvironment": "development",
  "embeddingEnabled": false
}
[2026-06-06T21:17:36.796Z] [INFO] [SYSTEM] Resource Manager Started DATA: {
  "maxMemoryMB": 4096,
  "maxCpuPercent": 80,
  "embeddingFallback": true
}
[2026-06-06T21:17:36.798Z] [INFO] [MCP_REQUEST] [b] Incoming MCP request: batch_index DATA: {
  "method": "batch_index",
  "params": {
    "sessionId": "batch_1780780475920_hewbd8q7",
    "maxFilesPerBatch": 100
  }
}
[2026-06-06T21:17:37.192Z] [INFO] [SYSTEM] MCP Server Transport Connecting DATA: {
  "transport": "stdio"
}
[2026-06-06T21:17:37.192Z] [INFO] [SYSTEM] MCP Server Ready DATA: {
  "directory": "/Users/ib-mac/IB-Odoo_19 (LOCAL)/IB-Odoo_19",
  "transport": "stdio",
  "toolsCount": 26,
  "readyTime": 1780780657192
}
[2026-06-06T21:17:37.201Z] [INFO] [SYSTEM] MCP Server Starting DATA: {
  "directory": "/Users/ib-mac/IB-Odoo_19 (LOCAL)/IB-Odoo_19",
  "nodeVersion": "v22.15.0",
  "platform": "darwin",
  "pid": 45172,
  "configEnvironment": "development",
  "embeddingEnabled": false
}
[2026-06-06T21:17:37.201Z] [INFO] [SYSTEM] Resource Manager Started DATA: {
  "maxMemoryMB": 4096,
  "maxCpuPercent": 80,
  "embeddingFallback": true
}
[2026-06-06T21:17:37.204Z] [INFO] [MCP_REQUEST] [b] Incoming MCP request: batch_index DATA: {
  "method": "batch_index",
  "params": {
    "sessionId": "batch_1780780475920_hewbd8q7",
    "maxFilesPerBatch": 100
  }
}
[2026-06-06T21:17:37.588Z] [INFO] [SYSTEM] MCP Server Transport Connecting DATA: {
  "transport": "stdio"
}
[2026-06-06T21:17:37.588Z] [INFO] [SYSTEM] MCP Server Ready DATA: {
  "directory": "/Users/ib-mac/IB-Odoo_19 (LOCAL)/IB-Odoo_19",
  "transport": "stdio",
  "toolsCount": 26,
  "readyTime": 1780780657588
}
[2026-06-06T21:17:37.599Z] [INFO] [SYSTEM] MCP Server Starting DATA: {
  "directory": "/Users/ib-mac/IB-Odoo_19 (LOCAL)/IB-Odoo_19",
  "nodeVersion": "v22.15.0",
  "platform": "darwin",
  "pid": 45179,
  "configEnvironment": "development",
  "embeddingEnabled": false
}
[2026-06-06T21:17:37.599Z] [INFO] [SYSTEM] Resource Manager Started DATA: {
  "maxMemoryMB": 4096,
  "maxCpuPercent": 80,
  "embeddingFallback": true
}
[2026-06-06T21:17:37.602Z] [INFO] [MCP_REQUEST] [b] Incoming MCP request: batch_index DATA: {
  "method": "batch_index",
  "params": {
    "sessionId": "batch_1780780475920_hewbd8q7",
    "maxFilesPerBatch": 100
  }
}
[2026-06-06T21:17:38.001Z] [INFO] [SYSTEM] MCP Server Transport Connecting DATA: {
  "transport": "stdio"
}
[2026-06-06T21:17:38.001Z] [INFO] [SYSTEM] MCP Server Ready DATA: {
  "directory": "/Users/ib-mac/IB-Odoo_19 (LOCAL)/IB-Odoo_19",
  "transport": "stdio",
  "toolsCount": 26,
  "readyTime": 1780780658001
}
[2026-06-06T21:17:38.011Z] [INFO] [SYSTEM] MCP Server Starting DATA: {
  "directory": "/Users/ib-mac/IB-Odoo_19 (LOCAL)/IB-Odoo_19",
  "nodeVersion": "v22.15.0",
  "platform": "darwin",
  "pid": 45186,
  "configEnvironment": "development",
  "embeddingEnabled": false
}
[2026-06-06T21:17:38.011Z] [INFO] [SYSTEM] Resource Manager Started DATA: {
  "maxMemoryMB": 4096,
  "maxCpuPercent": 80,
  "embeddingFallback": true
}
[2026-06-06T21:17:38.014Z] [INFO] [MCP_REQUEST] [b] Incoming MCP request: batch_index DATA: {
  "method": "batch_index",
  "params": {
    "sessionId": "batch_1780780475920_hewbd8q7",
    "maxFilesPerBatch": 100
  }
}
[2026-06-06T21:17:38.409Z] [INFO] [SYSTEM] MCP Server Transport Connecting DATA: {
  "transport": "stdio"
}
[2026-06-06T21:17:38.409Z] [INFO] [SYSTEM] MCP Server Ready DATA: {
  "directory": "/Users/ib-mac/IB-Odoo_19 (LOCAL)/IB-Odoo_19",
  "transport": "stdio",
  "toolsCount": 26,
  "readyTime": 1780780658409
}
[2026-06-06T21:17:38.419Z] [INFO] [SYSTEM] MCP Server Starting DATA: {
  "directory": "/Users/ib-mac/IB-Odoo_19 (LOCAL)/IB-Odoo_19",
  "nodeVersion": "v22.15.0",
  "platform": "darwin",
  "pid": 45193,
  "configEnvironment": "development",
  "embeddingEnabled": false
}
[2026-06-06T21:17:38.419Z] [INFO] [SYSTEM] Resource Manager Started DATA: {
  "maxMemoryMB": 4096,
  "maxCpuPercent": 80,
  "embeddingFallback": true
}
[2026-06-06T21:17:38.422Z] [INFO] [MCP_REQUEST] [b] Incoming MCP request: batch_index DATA: {
  "method": "batch_index",
  "params": {
    "sessionId": "batch_1780780475920_hewbd8q7",
    "maxFilesPerBatch": 100
  }
}
[2026-06-06T21:17:38.817Z] [INFO] [SYSTEM] MCP Server Transport Connecting DATA: {
  "transport": "stdio"
}
[2026-06-06T21:17:38.817Z] [INFO] [SYSTEM] MCP Server Ready DATA: {
  "directory": "/Users/ib-mac/IB-Odoo_19 (LOCAL)/IB-Odoo_19",
  "transport": "stdio",
  "toolsCount": 26,
  "readyTime": 1780780658817
}
[2026-06-06T21:17:38.827Z] [INFO] [SYSTEM] MCP Server Starting DATA: {
  "directory": "/Users/ib-mac/IB-Odoo_19 (LOCAL)/IB-Odoo_19",
  "nodeVersion": "v22.15.0",
  "platform": "darwin",
  "pid": 45200,
  "configEnvironment": "development",
  "embeddingEnabled": false
}
[2026-06-06T21:17:38.827Z] [INFO] [SYSTEM] Resource Manager Started DATA: {
  "maxMemoryMB": 4096,
  "maxCpuPercent": 80,
  "embeddingFallback": true
}
[2026-06-06T21:17:38.830Z] [INFO] [MCP_REQUEST] [b] Incoming MCP request: batch_index DATA: {
  "method": "batch_index",
  "params": {
    "sessionId": "batch_1780780475920_hewbd8q7",
    "maxFilesPerBatch": 100
  }
}
[2026-06-06T21:17:39.233Z] [INFO] [SYSTEM] MCP Server Transport Connecting DATA: {
  "transport": "stdio"
}
[2026-06-06T21:17:39.233Z] [INFO] [SYSTEM] MCP Server Ready DATA: {
  "directory": "/Users/ib-mac/IB-Odoo_19 (LOCAL)/IB-Odoo_19",
  "transport": "stdio",
  "toolsCount": 26,
  "readyTime": 1780780659233
}
[2026-06-06T21:17:39.243Z] [INFO] [SYSTEM] MCP Server Starting DATA: {
  "directory": "/Users/ib-mac/IB-Odoo_19 (LOCAL)/IB-Odoo_19",
  "nodeVersion": "v22.15.0",
  "platform": "darwin",
  "pid": 45210,
  "configEnvironment": "development",
  "embeddingEnabled": false
}
[2026-06-06T21:17:39.243Z] [INFO] [SYSTEM] Resource Manager Started DATA: {
  "maxMemoryMB": 4096,
  "maxCpuPercent": 80,
  "embeddingFallback": true
}
[2026-06-06T21:17:39.246Z] [INFO] [MCP_REQUEST] [b] Incoming MCP request: batch_index DATA: {
  "method": "batch_index",
  "params": {
    "sessionId": "batch_1780780475920_hewbd8q7",
    "maxFilesPerBatch": 100
  }
}
[2026-06-06T21:17:39.632Z] [INFO] [SYSTEM] MCP Server Transport Connecting DATA: {
  "transport": "stdio"
}
[2026-06-06T21:17:39.632Z] [INFO] [SYSTEM] MCP Server Ready DATA: {
  "directory": "/Users/ib-mac/IB-Odoo_19 (LOCAL)/IB-Odoo_19",
  "transport": "stdio",
  "toolsCount": 26,
  "readyTime": 1780780659632
}
[2026-06-06T21:17:39.644Z] [INFO] [SYSTEM] MCP Server Starting DATA: {
  "directory": "/Users/ib-mac/IB-Odoo_19 (LOCAL)/IB-Odoo_19",
  "nodeVersion": "v22.15.0",
  "platform": "darwin",
  "pid": 45217,
  "configEnvironment": "development",
  "embeddingEnabled": false
}
[2026-06-06T21:17:39.644Z] [INFO] [SYSTEM] Resource Manager Started DATA: {
  "maxMemoryMB": 4096,
  "maxCpuPercent": 80,
  "embeddingFallback": true
}
[2026-06-06T21:17:39.647Z] [INFO] [MCP_REQUEST] [b] Incoming MCP request: batch_index DATA: {
  "method": "batch_index",
  "params": {
    "sessionId": "batch_1780780475920_hewbd8q7",
    "maxFilesPerBatch": 100
  }
}
[2026-06-06T21:17:40.187Z] [INFO] [SYSTEM] MCP Server Transport Connecting DATA: {
  "transport": "stdio"
}
[2026-06-06T21:17:40.187Z] [INFO] [SYSTEM] MCP Server Ready DATA: {
  "directory": "/Users/ib-mac/IB-Odoo_19 (LOCAL)/IB-Odoo_19",
  "transport": "stdio",
  "toolsCount": 26,
  "readyTime": 1780780660187
}
[2026-06-06T21:17:40.206Z] [INFO] [SYSTEM] MCP Server Starting DATA: {
  "directory": "/Users/ib-mac/IB-Odoo_19 (LOCAL)/IB-Odoo_19",
  "nodeVersion": "v22.15.0",
  "platform": "darwin",
  "pid": 45224,
  "configEnvironment": "development",
  "embeddingEnabled": false
}
[2026-06-06T21:17:40.207Z] [INFO] [SYSTEM] Resource Manager Started DATA: {
  "maxMemoryMB": 4096,
  "maxCpuPercent": 80,
  "embeddingFallback": true
}
[2026-06-06T21:17:40.212Z] [INFO] [MCP_REQUEST] [b] Incoming MCP request: batch_index DATA: {
  "method": "batch_index",
  "params": {
    "sessionId": "batch_1780780475920_hewbd8q7",
    "maxFilesPerBatch": 100
  }
}
[2026-06-06T21:17:40.620Z] [INFO] [SYSTEM] MCP Server Transport Connecting DATA: {
  "transport": "stdio"
}
[2026-06-06T21:17:40.620Z] [INFO] [SYSTEM] MCP Server Ready DATA: {
  "directory": "/Users/ib-mac/IB-Odoo_19 (LOCAL)/IB-Odoo_19",
  "transport": "stdio",
  "toolsCount": 26,
  "readyTime": 1780780660620
}
[2026-06-06T21:17:40.630Z] [INFO] [SYSTEM] MCP Server Starting DATA: {
  "directory": "/Users/ib-mac/IB-Odoo_19 (LOCAL)/IB-Odoo_19",
  "nodeVersion": "v22.15.0",
  "platform": "darwin",
  "pid": 45231,
  "configEnvironment": "development",
  "embeddingEnabled": false
}
[2026-06-06T21:17:40.630Z] [INFO] [SYSTEM] Resource Manager Started DATA: {
  "maxMemoryMB": 4096,
  "maxCpuPercent": 80,
  "embeddingFallback": true
}
[2026-06-06T21:17:40.633Z] [INFO] [MCP_REQUEST] [b] Incoming MCP request: batch_index DATA: {
  "method": "batch_index",
  "params": {
    "sessionId": "batch_1780780475920_hewbd8q7",
    "maxFilesPerBatch": 100
  }
}
[2026-06-06T21:17:41.035Z] [INFO] [SYSTEM] MCP Server Transport Connecting DATA: {
  "transport": "stdio"
}
[2026-06-06T21:17:41.035Z] [INFO] [SYSTEM] MCP Server Ready DATA: {
  "directory": "/Users/ib-mac/IB-Odoo_19 (LOCAL)/IB-Odoo_19",
  "transport": "stdio",
  "toolsCount": 26,
  "readyTime": 1780780661035
}
[2026-06-06T21:17:41.045Z] [INFO] [SYSTEM] MCP Server Starting DATA: {
  "directory": "/Users/ib-mac/IB-Odoo_19 (LOCAL)/IB-Odoo_19",
  "nodeVersion": "v22.15.0",
  "platform": "darwin",
  "pid": 45240,
  "configEnvironment": "development",
  "embeddingEnabled": false
}
[2026-06-06T21:17:41.045Z] [INFO] [SYSTEM] Resource Manager Started DATA: {
  "maxMemoryMB": 4096,
  "maxCpuPercent": 80,
  "embeddingFallback": true
}
[2026-06-06T21:17:41.048Z] [INFO] [MCP_REQUEST] [b] Incoming MCP request: batch_index DATA: {
  "method": "batch_index",
  "params": {
    "sessionId": "batch_1780780475920_hewbd8q7",
    "maxFilesPerBatch": 100
  }
}
[2026-06-06T21:17:41.453Z] [INFO] [SYSTEM] MCP Server Transport Connecting DATA: {
  "transport": "stdio"
}
[2026-06-06T21:17:41.454Z] [INFO] [SYSTEM] MCP Server Ready DATA: {
  "directory": "/Users/ib-mac/IB-Odoo_19 (LOCAL)/IB-Odoo_19",
  "transport": "stdio",
  "toolsCount": 26,
  "readyTime": 1780780661454
}
[2026-06-06T21:17:41.464Z] [INFO] [SYSTEM] MCP Server Starting DATA: {
  "directory": "/Users/ib-mac/IB-Odoo_19 (LOCAL)/IB-Odoo_19",
  "nodeVersion": "v22.15.0",
  "platform": "darwin",
  "pid": 45249,
  "configEnvironment": "development",
  "embeddingEnabled": false
}
[2026-06-06T21:17:41.464Z] [INFO] [SYSTEM] Resource Manager Started DATA: {
  "maxMemoryMB": 4096,
  "maxCpuPercent": 80,
  "embeddingFallback": true
}
[2026-06-06T21:17:41.467Z] [INFO] [MCP_REQUEST] [b] Incoming MCP request: batch_index DATA: {
  "method": "batch_index",
  "params": {
    "sessionId": "batch_1780780475920_hewbd8q7",
    "maxFilesPerBatch": 100
  }
}
[2026-06-06T21:17:41.868Z] [INFO] [SYSTEM] MCP Server Transport Connecting DATA: {
  "transport": "stdio"
}
[2026-06-06T21:17:41.868Z] [INFO] [SYSTEM] MCP Server Ready DATA: {
  "directory": "/Users/ib-mac/IB-Odoo_19 (LOCAL)/IB-Odoo_19",
  "transport": "stdio",
  "toolsCount": 26,
  "readyTime": 1780780661868
}
[2026-06-06T21:17:41.884Z] [INFO] [SYSTEM] MCP Server Starting DATA: {
  "directory": "/Users/ib-mac/IB-Odoo_19 (LOCAL)/IB-Odoo_19",
  "nodeVersion": "v22.15.0",
  "platform": "darwin",
  "pid": 45256,
  "configEnvironment": "development",
  "embeddingEnabled": false
}
[2026-06-06T21:17:41.884Z] [INFO] [SYSTEM] Resource Manager Started DATA: {
  "maxMemoryMB": 4096,
  "maxCpuPercent": 80,
  "embeddingFallback": true
}
[2026-06-06T21:17:41.887Z] [INFO] [MCP_REQUEST] [b] Incoming MCP request: batch_index DATA: {
  "method": "batch_index",
  "params": {
    "sessionId": "batch_1780780475920_hewbd8q7",
    "maxFilesPerBatch": 100
  }
}
[2026-06-06T21:17:42.287Z] [INFO] [SYSTEM] MCP Server Transport Connecting DATA: {
  "transport": "stdio"
}
[2026-06-06T21:17:42.287Z] [INFO] [SYSTEM] MCP Server Ready DATA: {
  "directory": "/Users/ib-mac/IB-Odoo_19 (LOCAL)/IB-Odoo_19",
  "transport": "stdio",
  "toolsCount": 26,
  "readyTime": 1780780662287
}
[2026-06-06T21:17:42.297Z] [INFO] [SYSTEM] MCP Server Starting DATA: {
  "directory": "/Users/ib-mac/IB-Odoo_19 (LOCAL)/IB-Odoo_19",
  "nodeVersion": "v22.15.0",
  "platform": "darwin",
  "pid": 45263,
  "configEnvironment": "development",
  "embeddingEnabled": false
}
[2026-06-06T21:17:42.297Z] [INFO] [SYSTEM] Resource Manager Started DATA: {
  "maxMemoryMB": 4096,
  "maxCpuPercent": 80,
  "embeddingFallback": true
}
[2026-06-06T21:17:42.300Z] [INFO] [MCP_REQUEST] [b] Incoming MCP request: batch_index DATA: {
  "method": "batch_index",
  "params": {
    "sessionId": "batch_1780780475920_hewbd8q7",
    "maxFilesPerBatch": 100
  }
}
[2026-06-06T21:17:42.704Z] [INFO] [SYSTEM] MCP Server Transport Connecting DATA: {
  "transport": "stdio"
}
[2026-06-06T21:17:42.704Z] [INFO] [SYSTEM] MCP Server Ready DATA: {
  "directory": "/Users/ib-mac/IB-Odoo_19 (LOCAL)/IB-Odoo_19",
  "transport": "stdio",
  "toolsCount": 26,
  "readyTime": 1780780662704
}
[2026-06-06T21:17:42.714Z] [INFO] [SYSTEM] MCP Server Starting DATA: {
  "directory": "/Users/ib-mac/IB-Odoo_19 (LOCAL)/IB-Odoo_19",
  "nodeVersion": "v22.15.0",
  "platform": "darwin",
  "pid": 45271,
  "configEnvironment": "development",
  "embeddingEnabled": false
}
[2026-06-06T21:17:42.714Z] [INFO] [SYSTEM] Resource Manager Started DATA: {
  "maxMemoryMB": 4096,
  "maxCpuPercent": 80,
  "embeddingFallback": true
}
[2026-06-06T21:17:42.717Z] [INFO] [MCP_REQUEST] [b] Incoming MCP request: batch_index DATA: {
  "method": "batch_index",
  "params": {
    "sessionId": "batch_1780780475920_hewbd8q7",
    "maxFilesPerBatch": 100
  }
}
[2026-06-06T21:17:43.106Z] [INFO] [SYSTEM] MCP Server Transport Connecting DATA: {
  "transport": "stdio"
}
[2026-06-06T21:17:43.106Z] [INFO] [SYSTEM] MCP Server Ready DATA: {
  "directory": "/Users/ib-mac/IB-Odoo_19 (LOCAL)/IB-Odoo_19",
  "transport": "stdio",
  "toolsCount": 26,
  "readyTime": 1780780663106
}
[2026-06-06T21:17:43.120Z] [INFO] [SYSTEM] MCP Server Starting DATA: {
  "directory": "/Users/ib-mac/IB-Odoo_19 (LOCAL)/IB-Odoo_19",
  "nodeVersion": "v22.15.0",
  "platform": "darwin",
  "pid": 45280,
  "configEnvironment": "development",
  "embeddingEnabled": false
}
[2026-06-06T21:17:43.121Z] [INFO] [SYSTEM] Resource Manager Started DATA: {
  "maxMemoryMB": 4096,
  "maxCpuPercent": 80,
  "embeddingFallback": true
}
[2026-06-06T21:17:43.124Z] [INFO] [MCP_REQUEST] [b] Incoming MCP request: batch_index DATA: {
  "method": "batch_index",
  "params": {
    "sessionId": "batch_1780780475920_hewbd8q7",
    "maxFilesPerBatch": 100
  }
}
[2026-06-06T21:17:43.520Z] [INFO] [SYSTEM] MCP Server Transport Connecting DATA: {
  "transport": "stdio"
}
[2026-06-06T21:17:43.521Z] [INFO] [SYSTEM] MCP Server Ready DATA: {
  "directory": "/Users/ib-mac/IB-Odoo_19 (LOCAL)/IB-Odoo_19",
  "transport": "stdio",
  "toolsCount": 26,
  "readyTime": 1780780663521
}
[2026-06-06T21:17:43.530Z] [INFO] [SYSTEM] MCP Server Starting DATA: {
  "directory": "/Users/ib-mac/IB-Odoo_19 (LOCAL)/IB-Odoo_19",
  "nodeVersion": "v22.15.0",
  "platform": "darwin",
  "pid": 45288,
  "configEnvironment": "development",
  "embeddingEnabled": false
}
[2026-06-06T21:17:43.531Z] [INFO] [SYSTEM] Resource Manager Started DATA: {
  "maxMemoryMB": 4096,
  "maxCpuPercent": 80,
  "embeddingFallback": true
}
[2026-06-06T21:17:43.536Z] [INFO] [MCP_REQUEST] [b] Incoming MCP request: batch_index DATA: {
  "method": "batch_index",
  "params": {
    "sessionId": "batch_1780780475920_hewbd8q7",
    "maxFilesPerBatch": 100
  }
}
[2026-06-06T21:17:43.941Z] [INFO] [SYSTEM] MCP Server Transport Connecting DATA: {
  "transport": "stdio"
}
[2026-06-06T21:17:43.941Z] [INFO] [SYSTEM] MCP Server Ready DATA: {
  "directory": "/Users/ib-mac/IB-Odoo_19 (LOCAL)/IB-Odoo_19",
  "transport": "stdio",
  "toolsCount": 26,
  "readyTime": 1780780663941
}
[2026-06-06T21:17:43.952Z] [INFO] [SYSTEM] MCP Server Starting DATA: {
  "directory": "/Users/ib-mac/IB-Odoo_19 (LOCAL)/IB-Odoo_19",
  "nodeVersion": "v22.15.0",
  "platform": "darwin",
  "pid": 45295,
  "configEnvironment": "development",
  "embeddingEnabled": false
}
[2026-06-06T21:17:43.952Z] [INFO] [SYSTEM] Resource Manager Started DATA: {
  "maxMemoryMB": 4096,
  "maxCpuPercent": 80,
  "embeddingFallback": true
}
[2026-06-06T21:17:43.955Z] [INFO] [MCP_REQUEST] [b] Incoming MCP request: batch_index DATA: {
  "method": "batch_index",
  "params": {
    "sessionId": "batch_1780780475920_hewbd8q7",
    "maxFilesPerBatch": 100
  }
}
[2026-06-06T21:17:44.352Z] [INFO] [SYSTEM] MCP Server Transport Connecting DATA: {
  "transport": "stdio"
}
[2026-06-06T21:17:44.352Z] [INFO] [SYSTEM] MCP Server Ready DATA: {
  "directory": "/Users/ib-mac/IB-Odoo_19 (LOCAL)/IB-Odoo_19",
  "transport": "stdio",
  "toolsCount": 26,
  "readyTime": 1780780664352
}
[2026-06-06T21:17:44.362Z] [INFO] [SYSTEM] MCP Server Starting DATA: {
  "directory": "/Users/ib-mac/IB-Odoo_19 (LOCAL)/IB-Odoo_19",
  "nodeVersion": "v22.15.0",
  "platform": "darwin",
  "pid": 45302,
  "configEnvironment": "development",
  "embeddingEnabled": false
}
[2026-06-06T21:17:44.362Z] [INFO] [SYSTEM] Resource Manager Started DATA: {
  "maxMemoryMB": 4096,
  "maxCpuPercent": 80,
  "embeddingFallback": true
}
[2026-06-06T21:17:44.365Z] [INFO] [MCP_REQUEST] [b] Incoming MCP request: batch_index DATA: {
  "method": "batch_index",
  "params": {
    "sessionId": "batch_1780780475920_hewbd8q7",
    "maxFilesPerBatch": 100
  }
}
[2026-06-06T21:17:44.684Z] [INFO] [SYSTEM] MCP Server Transport Connecting DATA: {
  "transport": "stdio"
}
[2026-06-06T21:17:44.684Z] [INFO] [SYSTEM] MCP Server Ready DATA: {
  "directory": "/Users/ib-mac/IB-Odoo_19 (LOCAL)/IB-Odoo_19",
  "transport": "stdio",
  "toolsCount": 26,
  "readyTime": 1780780664684
}
[2026-06-06T21:17:44.695Z] [INFO] [SYSTEM] MCP Server Starting DATA: {
  "directory": "/Users/ib-mac/IB-Odoo_19 (LOCAL)/IB-Odoo_19",
  "nodeVersion": "v22.15.0",
  "platform": "darwin",
  "pid": 45333,
  "configEnvironment": "development",
  "embeddingEnabled": false
}
[2026-06-06T21:17:44.696Z] [INFO] [SYSTEM] Resource Manager Started DATA: {
  "maxMemoryMB": 4096,
  "maxCpuPercent": 80,
  "embeddingFallback": true
}
[2026-06-06T21:17:44.699Z] [INFO] [MCP_REQUEST] [3] Incoming MCP request: batch_index DATA: {
  "method": "batch_index",
  "params": {
    "maxFilesPerBatch": 100
  }
}
[2026-06-06T21:17:48.851Z] [INFO] [SYSTEM] MCP Server Transport Connecting DATA: {
  "transport": "stdio"
}
[2026-06-06T21:17:48.852Z] [INFO] [SYSTEM] MCP Server Ready DATA: {
  "directory": "/Users/ib-mac/IB-Odoo_19 (LOCAL)/IB-Odoo_19",
  "transport": "stdio",
  "toolsCount": 26,
  "readyTime": 1780780668852
}
[2026-06-06T21:17:48.863Z] [INFO] [SYSTEM] MCP Server Starting DATA: {
  "directory": "/Users/ib-mac/IB-Odoo_19 (LOCAL)/IB-Odoo_19",
  "nodeVersion": "v22.15.0",
  "platform": "darwin",
  "pid": 45384,
  "configEnvironment": "development",
  "embeddingEnabled": false
}
[2026-06-06T21:17:48.863Z] [INFO] [SYSTEM] Resource Manager Started DATA: {
  "maxMemoryMB": 4096,
  "maxCpuPercent": 80,
  "embeddingFallback": true
}
[2026-06-06T21:17:48.866Z] [INFO] [MCP_REQUEST] [b] Incoming MCP request: batch_index DATA: {
  "method": "batch_index",
  "params": {
    "maxFilesPerBatch": 100
  }
}
[2026-06-06T21:17:49.082Z] [INFO] [SYSTEM] MCP Server Transport Connecting DATA: {
  "transport": "stdio"
}
[2026-06-06T21:17:49.082Z] [INFO] [SYSTEM] MCP Server Ready DATA: {
  "directory": "/Users/ib-mac/IB-Odoo_19 (LOCAL)/IB-Odoo_19",
  "transport": "stdio",
  "toolsCount": 26,
  "readyTime": 1780780669082
}
[2026-06-06T21:17:49.092Z] [INFO] [SYSTEM] MCP Server Starting DATA: {
  "directory": "/Users/ib-mac/IB-Odoo_19 (LOCAL)/IB-Odoo_19",
  "nodeVersion": "v22.15.0",
  "platform": "darwin",
  "pid": 45391,
  "configEnvironment": "development",
  "embeddingEnabled": false
}
[2026-06-06T21:17:49.092Z] [INFO] [SYSTEM] Resource Manager Started DATA: {
  "maxMemoryMB": 4096,
  "maxCpuPercent": 80,
  "embeddingFallback": true
}
[2026-06-06T21:17:49.095Z] [INFO] [MCP_REQUEST] [h] Incoming MCP request: get_graph_health DATA: {
  "method": "get_graph_health",
  "params": {}
}
[2026-06-06T21:17:49.100Z] [INFO] [GRAPH_HEALTH] [h] Graph health check DATA: {
  "healthy": true,
  "reason": "OK",
  "totals": {
    "entities": 4708,
    "relationships": 605,
    "files": 458
  },
  "sampleCount": 1
}
[2026-06-06T21:18:16.256Z] [INFO] [SYSTEM] MCP Server Transport Connecting DATA: {
  "transport": "stdio"
}
[2026-06-06T21:18:16.258Z] [INFO] [SYSTEM] MCP Server Ready DATA: {
  "directory": "/Users/ib-mac/IB-Odoo_19 (LOCAL)/IB-Odoo_19",
  "transport": "stdio",
  "toolsCount": 26,
  "readyTime": 1780780696258
}
[2026-06-06T21:18:16.546Z] [INFO] [SYSTEM] MCP Server Starting DATA: {
  "directory": "/Users/ib-mac/IB-Odoo_19 (LOCAL)/IB-Odoo_19",
  "nodeVersion": "v22.15.0",
  "platform": "darwin",
  "pid": 45578,
  "configEnvironment": "development",
  "embeddingEnabled": false
}
[2026-06-06T21:18:16.546Z] [INFO] [SYSTEM] Resource Manager Started DATA: {
  "maxMemoryMB": 4096,
  "maxCpuPercent": 80,
  "embeddingFallback": true
}
[2026-06-06T21:18:16.550Z] [INFO] [MCP_REQUEST] [cli] Incoming MCP request: get_graph_health DATA: {
  "method": "get_graph_health",
  "params": {}
}
[2026-06-06T21:18:16.558Z] [INFO] [GRAPH_HEALTH] [cli] Graph health check DATA: {
  "healthy": true,
  "reason": "OK",
  "totals": {
    "entities": 4708,
    "relationships": 605,
    "files": 458
  },
  "sampleCount": 1
}
[2026-06-06T21:18:21.523Z] [INFO] [SYSTEM] MCP Server Transport Connecting DATA: {
  "transport": "stdio"
}
[2026-06-06T21:18:21.523Z] [INFO] [SYSTEM] MCP Server Ready DATA: {
  "directory": "/Users/ib-mac/IB-Odoo_19 (LOCAL)/IB-Odoo_19",
  "transport": "stdio",
  "toolsCount": 26,
  "readyTime": 1780780701523
}
[2026-06-06T21:18:21.536Z] [INFO] [SYSTEM] MCP Server Starting DATA: {
  "directory": "/Users/ib-mac/IB-Odoo_19 (LOCAL)/IB-Odoo_19",
  "nodeVersion": "v22.15.0",
  "platform": "darwin",
  "pid": 45627,
  "configEnvironment": "development",
  "embeddingEnabled": false
}
[2026-06-06T21:18:21.536Z] [INFO] [SYSTEM] Resource Manager Started DATA: {
  "maxMemoryMB": 4096,
  "maxCpuPercent": 80,
  "embeddingFallback": true
}
[2026-06-06T21:18:21.540Z] [INFO] [MCP_REQUEST] [cli] Incoming MCP request: get_graph_health DATA: {
  "method": "get_graph_health",
  "params": {}
}
[2026-06-06T21:18:21.544Z] [INFO] [GRAPH_HEALTH] [cli] Graph health check DATA: {
  "healthy": true,
  "reason": "OK",
  "totals": {
    "entities": 4708,
    "relationships": 605,
    "files": 458
  },
  "sampleCount": 1
}
[2026-06-06T21:18:38.065Z] [INFO] [SYSTEM] MCP Server Transport Connecting DATA: {
  "transport": "stdio"
}
[2026-06-06T21:18:38.065Z] [INFO] [SYSTEM] MCP Server Ready DATA: {
  "directory": "/Users/ib-mac/IB-Odoo_19 (LOCAL)/IB-Odoo_19",
  "transport": "stdio",
  "toolsCount": 26,
  "readyTime": 1780780718065
}
[2026-06-06T21:18:38.101Z] [INFO] [SYSTEM] MCP Server Starting DATA: {
  "directory": "/Users/ib-mac/IB-Odoo_19 (LOCAL)/IB-Odoo_19",
  "nodeVersion": "v22.15.0",
  "platform": "darwin",
  "pid": 45730,
  "configEnvironment": "development",
  "embeddingEnabled": false
}
[2026-06-06T21:18:38.101Z] [INFO] [SYSTEM] Resource Manager Started DATA: {
  "maxMemoryMB": 4096,
  "maxCpuPercent": 80,
  "embeddingFallback": true
}
[2026-06-06T21:18:38.104Z] [INFO] [MCP_REQUEST] [cli] Incoming MCP request: get_graph_health DATA: {
  "method": "get_graph_health",
  "params": {}
}
[2026-06-06T21:18:38.108Z] [INFO] [GRAPH_HEALTH] [cli] Graph health check DATA: {
  "healthy": true,
  "reason": "OK",
  "totals": {
    "entities": 4708,
    "relationships": 605,
    "files": 458
  },
  "sampleCount": 1
}
[2026-06-06T21:28:24.369Z] [INFO] [SYSTEM] MCP Server Transport Connecting DATA: {
  "transport": "stdio"
}
[2026-06-06T21:28:24.370Z] [INFO] [SYSTEM] MCP Server Ready DATA: {
  "directory": "/Users/ib-mac/IB-Odoo_19 (LOCAL)/IB-Odoo_19",
  "transport": "stdio",
  "toolsCount": 26,
  "readyTime": 1780781304370
}
[2026-06-06T21:28:24.422Z] [INFO] [SYSTEM] MCP Server Starting DATA: {
  "directory": "/Users/ib-mac/IB-Odoo_19 (LOCAL)/IB-Odoo_19",
  "nodeVersion": "v22.15.0",
  "platform": "darwin",
  "pid": 47855,
  "configEnvironment": "development",
  "embeddingEnabled": false
}
[2026-06-06T21:28:24.422Z] [INFO] [SYSTEM] Resource Manager Started DATA: {
  "maxMemoryMB": 4096,
  "maxCpuPercent": 80,
  "embeddingFallback": true
}
[2026-06-06T21:28:24.425Z] [INFO] [MCP_REQUEST] [cli] Incoming MCP request: get_graph_health DATA: {
  "method": "get_graph_health",
  "params": {}
}
[2026-06-06T21:28:24.430Z] [INFO] [GRAPH_HEALTH] [cli] Graph health check DATA: {
  "healthy": true,
  "reason": "OK",
  "totals": {
    "entities": 4708,
    "relationships": 605,
    "files": 458
  },
  "sampleCount": 1
}
[2026-06-06T21:28:24.655Z] [INFO] [SYSTEM] MCP Server Transport Connecting DATA: {
  "transport": "stdio"
}
[2026-06-06T21:28:24.655Z] [INFO] [SYSTEM] MCP Server Ready DATA: {
  "directory": "/Users/ib-mac/IB-Odoo_19 (LOCAL)/IB-Odoo_19",
  "transport": "stdio",
  "toolsCount": 26,
  "readyTime": 1780781304655
}
[2026-06-06T21:28:24.668Z] [INFO] [SYSTEM] MCP Server Starting DATA: {
  "directory": "/Users/ib-mac/IB-Odoo_19 (LOCAL)/IB-Odoo_19",
  "nodeVersion": "v22.15.0",
  "platform": "darwin",
  "pid": 47862,
  "configEnvironment": "development",
  "embeddingEnabled": false
}
[2026-06-06T21:28:24.669Z] [INFO] [SYSTEM] Resource Manager Started DATA: {
  "maxMemoryMB": 4096,
  "maxCpuPercent": 80,
  "embeddingFallback": true
}
[2026-06-06T21:28:24.672Z] [INFO] [MCP_REQUEST] [cli] Incoming MCP request: get_graph_stats DATA: {
  "method": "get_graph_stats",
  "params": {}
}
[2026-06-06T21:28:24.677Z] [INFO] [GRAPH_STATS] [cli] Retrieved graph statistics DATA: {
  "entities": {
    "total": 4708,
    "byType": {}
  },
  "relationships": {
    "total": 605,
    "byType": {}
  },
  "files": {
    "total": 458
  }
}
[2026-06-06T21:28:28.086Z] [INFO] [SYSTEM] MCP Server Transport Connecting DATA: {
  "transport": "stdio"
}
[2026-06-06T21:28:28.086Z] [INFO] [SYSTEM] MCP Server Ready DATA: {
  "directory": "/Users/ib-mac/IB-Odoo_19 (LOCAL)/IB-Odoo_19",
  "transport": "stdio",
  "toolsCount": 26,
  "readyTime": 1780781308086
}
[2026-06-06T21:28:28.105Z] [INFO] [SYSTEM] MCP Server Starting DATA: {
  "directory": "/Users/ib-mac/IB-Odoo_19 (LOCAL)/IB-Odoo_19",
  "nodeVersion": "v22.15.0",
  "platform": "darwin",
  "pid": 47909,
  "configEnvironment": "development",
  "embeddingEnabled": false
}
[2026-06-06T21:28:28.105Z] [INFO] [SYSTEM] Resource Manager Started DATA: {
  "maxMemoryMB": 4096,
  "maxCpuPercent": 80,
  "embeddingFallback": true
}
[2026-06-06T21:28:28.108Z] [INFO] [MCP_REQUEST] [cli] Incoming MCP request: resolve_entity DATA: {
  "method": "resolve_entity",
  "params": {
    "name": "PlasticosOffer",
    "limit": 5
  }
}
[2026-06-06T21:28:28.326Z] [INFO] [SYSTEM] MCP Server Transport Connecting DATA: {
  "transport": "stdio"
}
[2026-06-06T21:28:28.326Z] [INFO] [SYSTEM] MCP Server Ready DATA: {
  "directory": "/Users/ib-mac/IB-Odoo_19 (LOCAL)/IB-Odoo_19",
  "transport": "stdio",
  "toolsCount": 26,
  "readyTime": 1780781308326
}
[2026-06-06T21:28:28.337Z] [INFO] [SYSTEM] MCP Server Starting DATA: {
  "directory": "/Users/ib-mac/IB-Odoo_19 (LOCAL)/IB-Odoo_19",
  "nodeVersion": "v22.15.0",
  "platform": "darwin",
  "pid": 47912,
  "configEnvironment": "development",
  "embeddingEnabled": false
}
[2026-06-06T21:28:28.337Z] [INFO] [SYSTEM] Resource Manager Started DATA: {
  "maxMemoryMB": 4096,
  "maxCpuPercent": 80,
  "embeddingFallback": true
}
[2026-06-06T21:28:28.340Z] [INFO] [MCP_REQUEST] [cli] Incoming MCP request: list_file_entities DATA: {
  "method": "list_file_entities",
  "params": {
    "filePath": "plasticos_offer/models/offer.py"
  }
}
[2026-06-06T21:28:31.089Z] [INFO] [SYSTEM] MCP Server Transport Connecting DATA: {
  "transport": "stdio"
}
[2026-06-06T21:28:31.090Z] [INFO] [SYSTEM] MCP Server Ready DATA: {
  "directory": "/Users/ib-mac/IB-Odoo_19 (LOCAL)/IB-Odoo_19",
  "transport": "stdio",
  "toolsCount": 26,
  "readyTime": 1780781311090
}
[2026-06-06T21:28:31.105Z] [INFO] [SYSTEM] MCP Server Starting DATA: {
  "directory": "/Users/ib-mac/IB-Odoo_19 (LOCAL)/IB-Odoo_19",
  "nodeVersion": "v22.15.0",
  "platform": "darwin",
  "pid": 47960,
  "configEnvironment": "development",
  "embeddingEnabled": false
}
[2026-06-06T21:28:31.106Z] [INFO] [SYSTEM] Resource Manager Started DATA: {
  "maxMemoryMB": 4096,
  "maxCpuPercent": 80,
  "embeddingFallback": true
}
[2026-06-06T21:28:31.109Z] [INFO] [MCP_REQUEST] [cli] Incoming MCP request: list_module_importers DATA: {
  "method": "list_module_importers",
  "params": {
    "modulePath": "plasticos_intake"
  }
}
[2026-06-06T21:28:31.114Z] [ERROR] [MCP_ERROR] [cli] MCP request failed: list_module_importers DATA: {
  "method": "list_module_importers",
  "error": "[\n  {\n    \"code\": \"invalid_type\",\n    \"expected\": \"string\",\n    \"received\": \"undefined\",\n    \"path\": [\n      \"moduleSource\"\n    ],\n    \"message\": \"Required\"\n  }\n]"
} STACK: ZodError: [
  {
    "code": "invalid_type",
    "expected": "string",
    "received": "undefined",
    "path": [
      "moduleSource"
    ],
    "message": "Required"
  }
]
    at get error (file:///Users/ib-mac/.local/code-graph-rag-mcp/node_modules/zod/v3/types.js:39:31)
    at ZodObject.parse (file:///Users/ib-mac/.local/code-graph-rag-mcp/node_modules/zod/v3/types.js:114:22)
    at executeToolCall (file:///Users/ib-mac/.local/code-graph-rag-mcp/node_modules/@er77/code-graph-rag-mcp/dist/index.js:58688:73)
    at async processDebugRequests (file:///Users/ib-mac/.local/code-graph-rag-mcp/node_modules/@er77/code-graph-rag-mcp/dist/index.js:58887:20)
    at async main (file:///Users/ib-mac/.local/code-graph-rag-mcp/node_modules/@er77/code-graph-rag-mcp/dist/index.js:58963:7)
[2026-06-06T22:32:21.559Z] [INFO] [SYSTEM] MCP Server Transport Connecting DATA: {
  "transport": "stdio"
}
[2026-06-06T22:32:21.560Z] [INFO] [SYSTEM] MCP Server Ready DATA: {
  "directory": "/Users/ib-mac/IB-Odoo_19 (LOCAL)/IB-Odoo_19",
  "transport": "stdio",
  "toolsCount": 26,
  "readyTime": 1780785141560
}
[2026-06-06T22:32:21.612Z] [INFO] [SYSTEM] MCP Server Starting DATA: {
  "directory": "/Users/ib-mac/IB-Odoo_19 (LOCAL)/IB-Odoo_19",
  "nodeVersion": "v22.15.0",
  "platform": "darwin",
  "pid": 66174,
  "configEnvironment": "development",
  "embeddingEnabled": false
}
[2026-06-06T22:32:21.612Z] [INFO] [SYSTEM] Resource Manager Started DATA: {
  "maxMemoryMB": 4096,
  "maxCpuPercent": 80,
  "embeddingFallback": true
}
[2026-06-06T22:32:21.616Z] [INFO] [MCP_REQUEST] [cli] Incoming MCP request: get_graph_health DATA: {
  "method": "get_graph_health",
  "params": {}
}
[2026-06-06T22:32:21.620Z] [INFO] [GRAPH_HEALTH] [cli] Graph health check DATA: {
  "healthy": true,
  "reason": "OK",
  "totals": {
    "entities": 4708,
    "relationships": 605,
    "files": 458
  },
  "sampleCount": 1
}
