partner_id,Type,is_remit,is_invoice_entity,is_facility,Alias,company_id,address,adderess2,city,state,zip,country,Contact,Phone,Email
29 LOGISTICS LLC,Remit,TRUE,TRUE,FALSE,INVOICE,29 LOGISTICS,PO Box 204,,Union Grove,WI,53182,,Michael Byrne,(262) 234-8680,MByrne@kixinc.com
3 RIVERS LOGISTICS INC,Remit,TRUE,TRUE,FALSE,INVOICE,3 RIVERS LOGISTICS INC,60 Doughboy Road,,Gillett,AR,72055,,Tommy Fenske,870-548-5012,tommy@3riverslogistics.com
360RESINS LLC,Inv/Remit,TRUE,TRUE,FALSE,INVOICE,360RESINS LLC,166 CENTER STREET,,CAPE CANAVERAL,FL,32920,,Jake,,sales@360resins.com; Jake@360resins.com
360RESINS LLC,Location,FALSE,FALSE,TRUE,YOUNGSTOWN OH,360 RESINS LLC,107 N.Hine Street,,Youngstown,OH,44506,,,,
3L Distribution,Inv/Remit,TRUE,TRUE,FALSE,INVOICE,3L Distribution,PO Box 3102,,Annapolis,MD,21403,United States,Kyle Lehner,916-995-5635,klehner@3ldistribution.com
3R RECYCLING INC,Remit,TRUE,TRUE,FALSE,INVOICE,3R RECYCLING INC,13 Robbie Road,,Avon,MA,2322,,Joe Shamatta,508.232.3916,Jshamatta@3rrecyclinginc.com; rpereira@ucsincny.com
48 FORTY SOLUTIONS - AA,Inv/Remit,TRUE,TRUE,FALSE,INVOICE,48 FORTY SOLUTIONS LLC,PO Box 849729,,Dallas,TX,75284-9729,,Jessica Bonsall,(409) 789-8005,jessica.bonsall@48forty.com
48 FORTY SOLUTIONS - AA,Location,FALSE,FALSE,TRUE,"BARTOW, FL - SITE 208",48 FORTY SOLUTIONS - SITE 208,5700 U.S. Hwy 17th South,,Bartow,FL,33830,,Ken Sadenwater,863.533.2285,ken.sadenwater@48forty.com; site208@48forty.com; aa@scrapmanagement.com; jessica.bonsall@48forty.com; joseph.roesener@48forty.com;
48 FORTY SOLUTIONS - AA,Location,FALSE,FALSE,TRUE,"BIGLERVILLE, PA",48 FORTY SOLUTIONS - AA,3177 Biglerville Road,,Biglerville,PA,17307,United States,Martin Torres,717-677-1388,martin.torres@48forty.com; jessica.bonsall@48forty.com
48 FORTY SOLUTIONS - AA,Location,FALSE,FALSE,TRUE,GLENVILLE NY,48 FORTY SOLUTIONS,201 A Street,,Glenville,NY,12302,,Jorge Caraballo,(518) 861- 5410,Jorge.Caraballo@48forty.com; site235@48forty.com; aakopyan@ucsincny.com;
48 FORTY SOLUTIONS - AA,Location,FALSE,FALSE,TRUE,"HOMELAND, FL",48 FORTY SOLUTIONS - AA,PO box 207,,Homeland,FL,33847,United States,,,
48 FORTY SOLUTIONS - AA,Location,FALSE,FALSE,TRUE,"JACKSONVILLE, FL",48 FORTY SOLUTIONS - AA,5402 West 1st Street,,Jacksonville,FL,32254,United States,Wade Watts & Robert Collier,904.783.9627,wade.watts@48forty.com; robert.collier@48forty.com
48 FORTY SOLUTIONS - AA,Location,FALSE,FALSE,TRUE,"KNOXVILLE, TN",48 FORTY SOLUTIONS - SITE 234,2829 Texas Ave,,Knoxville,TN,37921,,Ray & Josh,,josh.dingus@48forty.com; Site234@48forty.com; jessica.bonsall@48forty.com
48 FORTY SOLUTIONS - AA,Location,FALSE,FALSE,TRUE,"NASHVILLE, TN - SITE 431",48 FORTY SOLUTIONS - SITE 431,601 Space Park South,,Nashville,TN,37211,United States,Josh Dingus,(615) 333-8325,josh.dingus@48forty.com; site431@48forty.com; aa@scrapmanagement.com; jessica.bonsall@48forty.com; shelbey.bayless@48forty.com
48 FORTY SOLUTIONS - AA,Location,FALSE,FALSE,TRUE,"RICHMOND, VA - SITE 201",48 FORTY SOLUTIONS - SITE 201,3707 Nine Mile Rd,,Richmond,VA,23223,United States,Brian Davis,804.226.0229,brian.davis@48forty.com; site201@48forty.com; aa@scrapmanagement.com; jessica.bonsall@48forty.com
48 FORTY SOLUTIONS - AA,Location,FALSE,FALSE,TRUE,"WESTBOROUGH, MA - SITE 270",48 FORTY SOLUTIONS - SITE 270,57 Brigham St,,Westborough,MA,1581,United States,Joshua Morse,(518) 861- 5410,joshua.morse@48forty.com; site270@48forty.com; aa@scrapmanagement.com; jessica.bonsall@48forty.com
48 FORTY SOLUTIONS - IB,Inv/Remit,TRUE,TRUE,FALSE,INVOICE,48 FORTY SOLUTIONS LLC,PO Box 849729,,Dallas,TX,75284-9729,United States,Site 315,(409) 789-8005,site315@48forty.com
48 FORTY SOLUTIONS - IB,Location,FALSE,FALSE,TRUE,ANTIOCH CA,48 FORTY SOLUTIONS,2276 Wilbur Lane,,Antioch,CA,94509,,Jake and Daniel,(216) 333-9991,jake.sisco@48forty.com; daniel.hernandez@48forty.com; ib@scrapmanagement.com; jessica.bonsall@48forty.com;jz.zafar@48forty.com
48 FORTY SOLUTIONS - IB,Location,FALSE,FALSE,TRUE,"BYRON, GA - SITE 390",48 FORTY SOLUTIONS,4199 Housers Mill Rd,,Byron,GA,31008,,Lyndsey White,470-749-9176,reed.esarove@48forty.com; lynsey.white@48forty.com; brett.moore@48forty.com; ib@scrapmanagement.com; jessica.bonsall@48forty.com
48 FORTY SOLUTIONS - IB,Location,FALSE,FALSE,TRUE,"CHARLOTTE, NC - SITE 231",48 FORTY SOLUTIONS - SITE 231,4001 Morris Field Drive,,Charlotte,NC,28208,United States,Enzo Hooper,(704) 391-2227,enzo.hooper@48forty.com; debbie.faulk@48forty.com; darryl.edge@48forty.com; ib@scrapmanagement.com; jessica.bonsall@48forty.com; site231@48forty.com
48 FORTY SOLUTIONS - IB,Location,FALSE,FALSE,TRUE,"DOUGLAS, GA",RELOGISTICS SERVICES LLC,534 Thompson Dr,,Douglas,GA,31533,,Brandon Griffin,912-384-3487,Brandon.Griffin@relogistics.com; ib@scrapmanagement.com;Brandon.Griffin@relogistics.com; ib@scrapmanagement.com;Brandon.Griffin@relogistics.com; ib@scrapmanagement.com;Brandon.Griffin@relogistics.com; ib@scrapmanagement.com
48 FORTY SOLUTIONS - IB,Location,FALSE,FALSE,TRUE,"FONTANA, CA  - SITE 522",48 FORTY SOLUTIONS,14966 Whittram Ave,,Fontana,CA,92335,,Eric Melendrez,(909) 850-4660,eric.melendrez@48forty.com; ernesto.perez@48forty.com; cain.sanchez@48forty.com; jessica.bonsall@48forty.com; dario.garcia@48forty.com; ib@scrapmanagement.com
48 FORTY SOLUTIONS - IB,Location,FALSE,FALSE,TRUE,"GLENVILLE, NY - SITE 235",48 FORTY SOLUTIONS - SITE 235,201 A Street,,Glenville,NY,12302,,Joshua Morse,(518) 861-5410,joshua.morse@48forty.com; site235@48forty.com; ib@scrapmanagement.com; jessica.bonsall@48forty.com
48 FORTY SOLUTIONS - IB,Location,FALSE,FALSE,TRUE,"GRAY COURT, SC",48 FORTY SOLUTIONS - IB,2174 Quarry Rd,,Gray Court,SC,29645,United States,Shawn Stinchcomb,(864) 876-2508,shawn.stinchcomb@48forty.com; site233@48forty.com; ib@scrapmanagement.com; jessica.bonsall@48forty.com
48 FORTY SOLUTIONS - IB,Location,FALSE,FALSE,TRUE,"JACKSONVILLE, FL",48 FORTY SOLUTIONS,5402 W 1ST STREET,,Jacksonville,FL,32254,,Wade Watts,,wade.watts@48forty.com; robert.collier@48forty.com; jessica.bonsall@48forty.com; ib@scrapmanagement.com;wade.watts@48forty.com; robert.collier@48forty.com; jz.zafar@48forty.com; ib@scrapmanagement.com;wade.watts@48forty.com; robert.collier@48forty.com; jz.zafar@48forty.com; ib@scrapmanagement.com
48 FORTY SOLUTIONS - IB,Location,FALSE,FALSE,TRUE,"JACKSONVILLE, FL  - SITE 314",48 FORTY SOLUTIONS - IB,1555 Melbourne Ave,,Haines City,FL,33844,,Eddie Dyess,(863) 422-3022,eddie.dyess@48forty.com; site314@48forty.com; soty.gonzalez@48forty.com; brian.groene@48forty.com; ib@scrapmanagement.com; jessica.bonsall@48forty.com
48 FORTY SOLUTIONS - IB,Location,FALSE,FALSE,TRUE,"LAKE CITY, MN",48 FORTY SOLUTIONS,1215 S 10th St,,Lake City,MN,55041,,Matthew,(651)448 6336,matthew.smith@48forty.com; jose.jimenez@48forty.com; ib@scrapmanagement.com; matthew.smith@48forty.com; matthew.smith@48forty.com;jon.heyler@48forty.com; keith.gernentz@48forty.com; ib@scrapmanagement.com;jon.heyler@48forty.com; keith.gernentz@48forty.com; ib@scrapmanagement.com;jon.heyler@48forty.com; keith.gernentz@48forty.com; ib@scrapmanagement.com
48 FORTY SOLUTIONS - IB,Location,FALSE,FALSE,TRUE,"LOCKPORT, IL - SITE 315",48 FORTY SOLUTIONS - Site 315,16508 S John Lane Crossing,Ste. 900,Lockport,IL,60441,United States,Nathaniel Parks,630.755.3319 x 3157,nathaniel.parks@48forty.com; site315@48forty.com; keith.henderson@48forty.com; jessica.bonsall@48forty.com; ib@scrapmanagement.com
48 FORTY SOLUTIONS - IB,Location,FALSE,FALSE,TRUE,MINNEAPOLIS MN,48 FORTY SOLUTIONS,3200 Como Ave SE,,Minneapolis,MN,55414,,Arturo De Jesus,(612) 409-5743,arturo.dejesus@48forty.com; site263@48forty.com; ib@scrapmanagement.com;arturo.dejesus@48forty.com; site263@48forty.com; ib@scrapmanagement.com;arturo.dejesus@48forty.com; site263@48forty.com; ib@scrapmanagement.com
48 FORTY SOLUTIONS - IB,Location,FALSE,FALSE,TRUE,MORENO VALLEY CA - ALDI,ALDI INC,12661 Aldi Pl,,Moreno Valley,CA,92555,,Daniela Cruz,281.297.9050,daniela.cruz@48forty.com; jessica.bonsall@48forty.com; customer.care@48forty.com; laura.ferguson@48forty.com; ib@scrapmanagement.com;daniela.cruz@48forty.com; jz.zafar@48forty.com; customer.care@48forty.com; laura.ferguson@48forty.com
48 FORTY SOLUTIONS - IB,Location,FALSE,FALSE,TRUE,"PORTLAND, OR - SITE 524",48 FORTY SOLUTIONS - Site 524,10400 N Lombard St,,Portland,OR,97203,,Michael Meshell,(503) 285-4142,Michael.Meshell@48forty.com; site524@48forty.com; ib@scrapmanagement.com; jessica.bonsall@48forty.com
48 FORTY SOLUTIONS - IB,Location,FALSE,FALSE,TRUE,"RELOGISTICS - JACKSONVILLE, FL",Relogistics,6611 Pickett Drive,,Jacksonville,FL,32219,,Rueben Lee,912.384.3487,Reuben.Lee@Relogistics.com; Mark.Hughes@relogistics.com; kendal.pike@relogistics.com; ib@scrapmanagement.com
48 FORTY SOLUTIONS - IB,Location,FALSE,FALSE,TRUE,RICHMOND IL,48 FORTY SOLUTIONS,11600 Sterling Pkwy,,Richmond,IL,60071,United States,Jessica Bonsall,,jessica.bonsall@48forty.com
48 FORTY SOLUTIONS - IB,Location,FALSE,FALSE,TRUE,RIVERSIDE CA - SITE 520,48 FORTY SOLUTIONS,2641 Hall Ave,,Riverside,CA,92509,,AngelO DiMario,909.660.9343,angelo.dimario@48forty.com; site520@48forty.com; ernesto.perez@48forty.com; jessica.bonsall@48forty.com; ib@scrapmanagement.com;;angelo.dimario@48forty.com; ib@scrapmanagement.com
48 FORTY SOLUTIONS - IB,Location,FALSE,FALSE,TRUE,SAFEWAY - DENVER CO,SAFEWAY DISTRIBUTION CENTER,4600 Stapleton S Dr,,Denver,CO,80216,,Xenia Bonilla,336.934.6270,xenia.bonilla@48forty.com; jessica.bonsall@48forty.com; ib@scrapmanagement.com
48 FORTY SOLUTIONS - IB,Location,FALSE,FALSE,TRUE,SAVANNAH GA,48 FORTY SOLUTIONS,110 Gignilliat Cir,,Savannah,GA,31408,,Andy Farris,912.964.9999,andy.farris@48forty.com; jessica.bonsall@48forty.com; ib@scrapmanagement.com;andy.farris@48forty.com; becky.vrba@48forty.com; ib@scrapmanagement.com
48 FORTY SOLUTIONS - IB,Location,FALSE,FALSE,TRUE,SPROUT - ATLANTA GA,RELOGISTICS,1239 Oakleigh Drive,,Atlanta,GA,30344,,JZ Zafar,,jason.zielinski@48forty.com; xochilt.garcia@48forty.com; brianna.boone@48forty.com; jessica.bonsall@48forty.com; ib@scrapmanagement.com
48 FORTY SOLUTIONS - IB,Location,FALSE,FALSE,TRUE,"SPROUT - FULLERTON, CA",GOODMAN LOGISTICS CENTER,1829 E Orangethorpe Ave,,Fullerton,CA,92831,,JZ Zafar,815-255-8465,kari.schmidt@48forty.com; jessica.bonsall@48forty.com; ib@scrapmanagement.com
48 FORTY SOLUTIONS - IB,Location,FALSE,FALSE,TRUE,"TARGET - RIALTO, CA",TARGET,3105 N Mango Ave,,Rialto,CA,92377,,Target_CSR,(815) 255 8465,customerservice@relogistics.com; rialtot3806@relogistics.com; jessica.bonsall@48forty.com; ib@scrapmanagement.com
48 FORTY SOLUTIONS - IB,Location,FALSE,FALSE,TRUE,"WALTERBORO, SC - SITE 211",48 FORTY SOLUTIONS - SITE 211,"312 Upchurch Ln	",,Walterboro,SC,29488,,Joseph Martines,843.538.3863,jody.mclaine@48forty.com; site211@48forty.com; joseph.martines@48forty.com; lori.jones@48forty.com; jessica.bonsall@48forty.com; ib@scrapmanagement.com
48 FORTY SOLUTIONS - IB,Location,FALSE,FALSE,TRUE,"WESTBOROUGH, MA - SITE 270",48 FORTY SOLUTIONS,57 Brigham St,,Westborough,MA,1581,,Joshua Morse,(518) 861-5410,joshua.morse@48forty.com; site270@48forty.com; ib@scrapmanagement.com; jessica.bonsall@48forty.com
48 FORTY SOLUTIONS - IB,Location,FALSE,FALSE,TRUE,"WILMER, TX",SPROUTS,101 Sunridge Blvd,,Wilmer,TX,75172,,Summer Lozano,,Summer.Lozano@48forty.com; ib@scrapmanagement.com; timm.dawson@48forty.com; customerservice@relogistics.com; jessica.bonsall@48forty.com
48 FORTY SOLUTIONS - IB,Location,FALSE,FALSE,TRUE,"YPSILANTI, MI - EBY BROWN",EBY BROWN,2085 E Michigan Ave,,Ypsilanti,MI,48198,,Odali Guillen,,odali.guillen@48forty.com; sherry.deccliss@48forty.com; sarwat.hanna@48forty.com; jason.zielinski@48forty.com; jessica.bonsall@48forty.com; ib@scrapmanagement.com
48 FORTY SOLUTIONS - LM,Inv/Remit,TRUE,TRUE,FALSE,INVOICE,48 FORTY SOLUTIONS LLC,PO Box 849729,,Dallas,TX,75284-9729,United States,JZ Zafar,(216) 333-9991,jz.zafar@48forty.com
48 FORTY SOLUTIONS - LM,Location,FALSE,FALSE,TRUE,"ADAIRSVILLE, GA",48 FORTY SOLUTIONS,2427 GA-140,,Adairsville,GA,30103,United States,Mikaylia Chastain,770-773-3054,mikaylia.chastain@48forty.com; lm@scrapmanagement.com; jessica.bonsall@48forty.com
48 FORTY SOLUTIONS - LM,Location,FALSE,FALSE,TRUE,ATLANTA GA - PALLET CONSULTANTS,48 FORTY SOLUTIONS,2555 Moreland Ave. SE,,Atlanta,GA,30315,,Nathan Schuster,(404) 622 4500,jz.zafar@48forty.com; nathan.schuster@48forty.com; site310@48forty.com; lm@scrapmanagement.com; jessica.bonsall@48forty.com
48 FORTY SOLUTIONS - LM,Location,FALSE,FALSE,TRUE,"ATLANTA, GA",48 FORTY SOLUTIONS,1080 South River Industrial Blvd,,Atlanta,GA,30315,,Steve Brightwell,404 622 6060,steve.brightwell@48forty.com; site230@48forty.com; jz.zafar@48forty.com; lm@scrapmanagement.com; jessica.bonsall@48forty.com
48 FORTY SOLUTIONS - RP,Inv/Remit,TRUE,TRUE,FALSE,INVOICE,48 FORTY SOLUTIONS LLC,PO Box 849729,,Dallas,TX,75284-9729,United States,Jessica Bonsal,(409) 789-8005,jessica.bonsall@48forty.com
48 FORTY SOLUTIONS - RP,Location,FALSE,FALSE,TRUE,"BIGLERVILLE, PA - SITE 204",48 FORTY SOLUTIONS,3177 Biglerville Rd,,Biglerville,PA,17307,United States,Martin Torres,717.677.9535 X 2042,william.sell@48forty.com; site204@48forty.com; rp@scrapmanagement.com; jessica.bonsall@48forty.com
48 FORTY SOLUTIONS - RP,Location,FALSE,FALSE,TRUE,FAYETTEVILLE AR - SITE 425,48 FORTY SOLUTIONS,1652 S Fred Hanna Dr,,Fayetteville,AR,72701,,Mike Reed,(631) 883-6869,Site425@48forty.com; mike.reed@48forty.com; rp@scrapmanagement.com; jessica.bonsall@48forty.com
48 FORTY SOLUTIONS - RP,Location,FALSE,FALSE,TRUE,"NORTHAMPTON, PA - SITE 227",48 FORTY SOLUTIONS,800 Held Dr,,Northampton,PA,18067,United States,jason.hartranft,(610) 262-9799,jason.hartranft@48forty.com; site227logistics@48forty.com; tanya.kromer@48forty.com; rp@scrapmanagement.com;jessica.bonsall@48forty.com
48 FORTY SOLUTIONS - RP,Location,FALSE,FALSE,TRUE,PITTSBURGH - SITE 223,ALLEGHENY RECYCLED PRODUCTS,"4201 Grand Ave, Ste 1",,Pittsburgh,PA,15225,,Kate Matz,(772) 349-2497,kmatz@arpallet.com; JCory@arpallet.com; john.hart@48forty.com; rp@scrapmanagement.com; site223logistics@48forty.com; jessica.bonsall@48forty.com;kmatz@arpallet.com; JCory@arpallet.com; john.hart@48forty.com; rpereira@ucsincny.com
48 FORTY SOLUTIONS - TW,Inv/Remit,TRUE,TRUE,FALSE,INVOICE,48 FORTY SOLUTIONS,PO Box 849729,,Dallas,TX,75284-9729,United States,Jessica Bonsal,(409) 789-8005,jessica.bonsall@48forty.com
48 FORTY SOLUTIONS - TW,Location,FALSE,FALSE,TRUE,"INDIANAPOLIS, IN - SITE 316",48 FORTY SOLUTIONS - SITE 316,606 West Troy Ave.,,Indianapolis,IN,46225,United States,Eric Friddle,317-780-0700,eric.friddle@48forty.com; site316@48forty.com; jessica.bonsall@48forty.com; sa@scrapmanagement.com
48 FORTY SOLUTIONS - TW,Location,FALSE,FALSE,TRUE,"SOUTH BARTOW, FL - SITE 208",48 FORTY SOLUTIONS - TW,5700 U.S. Hwy 17th,,South Bartow,FL,33830,,Ken Sadenwater,(863) 533-2285,ken.sadenwater@48forty.com; joanne.hicks@48forty.com; jessica.bonsall@48forty.com; sa@scrapmanagement.com
4TH GENERATION RECYCLING,Inv/Remit,TRUE,TRUE,FALSE,INVOICE,4TH GENERATION RECYCLING,P.O. Box 117165,,Atlanta,GA,30368-7165,,Robin Hunting,954-306-6901,RH@4GRecycling.com; Dispatch@4GRecycling.com; ab@scrapmanagement.com
4TH GENERATION RECYCLING,Location,FALSE,FALSE,TRUE,CHERAW SC,4TH GENERATION RECYCLING,680 Jersey Street,,Cheraw,SC,29520,,Robin Hunting,954-306-6901,RH@4GRecycling.com; Dispatch@4GRecycling.com;
4TH GENERATION RECYCLING,Location,FALSE,FALSE,TRUE,"Deerfield Beach, Fl",4TH GENERATION RECYCLING,1456 W Newport Center Drive,,Deerfield Beach,FL,33442,,Reports,954-306-6901,Reports@4GRecycling.com;Reports@4GRecycling.com
4TH GENERATION RECYCLING,Location,FALSE,FALSE,TRUE,GRAND RAPIDS MI,4TH GENERATION RECYCLING,5015 52nd Street,,Grand Rapids,MI,49512,,Robin Hunting,954-306-6901,RH@4GRecycling.com; Dispatch@4GRecycling.com; ab@scrapmanagement.com;RH@4GRecycling.com; Dispatch@4GRecycling.com; ab@scrapmanagement.com
4TH GENERATION RECYCLING,Location,FALSE,FALSE,TRUE,"HAZLETON, PA",4TH GENERATION RECYCLING,504 White Birch Road,,Hazleton,PA,18202,,Robin Hunting,954-306-6901,RH@4GRecycling.com; Dispatch@4GRecycling.com; ab@scrapmanagement.com;RH@4GRecycling.com; Dispatch@4GRecycling.com; ab@scrapmanagement.com
4TH GENERATION RECYCLING,Location,FALSE,FALSE,TRUE,"INDIANAPOLIS, IN",Heartland Food Products,4935 W 86TH ST,,Indianapolis,IN,46268,,FIDENCIO CORTES,317-612-1202,
4TH GENERATION RECYCLING,Location,FALSE,FALSE,TRUE,KENTWOOD MI,4TH GENERATION RECYCLING,2929 32nd St,Docks 15-18,Kentwood,MI,49512,,Robin Hunting,,RH@4GRecycling.com;RH@4GRecycling.com
4TH GENERATION RECYCLING,Location,FALSE,FALSE,TRUE,LAKE CITY SC,4TH GENERATION RECYCLING,431 Cedar Street,,Lake City,SC,29560,,Robin Hunting,954-306-6901,RH@4GRecycling.com; Team2@4GRecycling.com; JK@4GRecycling.com
4TH GENERATION RECYCLING,Location,FALSE,FALSE,TRUE,LAREDO TX,4TH GENERATION RECYCLING,12001 General Milton Dr.,,Laredo,TX,78045,,Robin Hunting,954-306-6901,RH@4GRecycling.com; Dispatch@4GRecycling.com; ab@scrapmanagement.com;RH@4GRecycling.com; Dispatch@4GRecycling.com; ab@scrapmanagement.com
4TH GENERATION RECYCLING,Location,FALSE,FALSE,TRUE,"MARIETTA, OK",DOLLAR TREE,201 Dollar Tree Way,,Marietta,OK,73448,,Robin Hunting,954-306-6901,RH@4GRecycling.com; ab@scrapmanagement.com;RH@4GRecycling.com; ab@scrapmanagement.com;RH@4GRecycling.com; ab@scrapmanagement.com;RH@4GRecycling.com; ab@scrapmanagement.com;RH@4GRecycling.com; ab@scrapmanagement.com
4TH GENERATION RECYCLING,Location,FALSE,FALSE,TRUE,MIAMI FL,NEW ERA RECYCLING For 4G,3671 NW 81st Street,,Miami,FL,33147,,Robin Hunting,954-306-6901,RH@4GRecycling.com; Dispatch@4GRecycling.com;;RH@4GRecycling.com; Dispatch@4GRecycling.com;;RH@4GRecycling.com; Dispatch@4GRecycling.com;;RH@4GRecycling.com; Dispatch@4GRecycling.com;
4TH GENERATION RECYCLING,Location,FALSE,FALSE,TRUE,MT JULIET TN,ALDI for 4TH GENERATION RECYCLING,2080 ALDI Boulevard,,Mt Juliet,TN,37122,,JD Rousseau,954-306-6901,
4TH GENERATION RECYCLING,Location,FALSE,FALSE,TRUE,SHREVEPORT LA,4TH GENERATION RECYCLING,6020 Linwood Ave,,Shreveport,LA,71108,,,,
4TH GENERATION RECYCLING,Location,FALSE,FALSE,TRUE,SOMERSET PA,CVS Somerset For 4G RECYCLING,322 Revco Rd,,Somerset,PA,15501,,Robin Hunting,954-306-6901,RH@4GRecycling.com; Dispatch@4GRecycling.com; ab@scrapmanagement.com;RH@4GRecycling.com; Dispatch@4GRecycling.com; ab@scrapmanagement.com
4TH GENERATION RECYCLING,Location,FALSE,FALSE,TRUE,TAYLOR PA,Corestates for 4G RECYCLING,9 Stauffer Industrial Park,,Taylor,PA,18517,,Robin Hunting,954-306-6901,RH@4GRecycling.com; Dispatch@4GRecycling.com; ab@scrapmanagement.com;RH@4GRecycling.com; Dispatch@4GRecycling.com; ab@scrapmanagement.com
4TH GENERATION RECYCLING,Location,FALSE,FALSE,TRUE,WARREN MI,4TH GENERATION RECYCLING,12255 E 8 Mile Rd.,,Warren,MI,48089,,Robin Hunting,954-306-6901,RH@4GRecycling.com
4TH GENERATION RECYCLING,Location,FALSE,FALSE,TRUE,YOUNGSTOWN OH,360 RESINS FOR 4TH GENERATION RECYCLING,107 N Hine Street,,Youngstown,OH,44506,,Robin Hunting,954-306-6901,RH@4GRecycling.com; Dispatch@4GRecycling.com; ab@scrapmanagement.com;RH@4GRecycling.com; Dispatch@4GRecycling.com; ab@scrapmanagement.com
501K RECYCLING LLC,Inv/Remit,TRUE,TRUE,FALSE,INVOICE,501K RECYCLING LLC,540 Beaver Creek Rd,,Huntingdon,TN,38344,,Kiley Pearson,,kiley@501k-recycling.com; sa@scrapmanagement.com
501K RECYCLING LLC,Location,FALSE,FALSE,TRUE,PARIS TN,501K RECYCLING LLC,1580 Industrial Park Rd,,Paris,TN,38242,,Johnny Pearson,,johnnyp@aeneas.net
A & M RAILROAD,Remit,TRUE,TRUE,FALSE,INVOICE,A&M RAILROAD,1301 N 4th Street,,Fort Smith,AR,72901,,Michele Burgess,479-200-5491,operations@amrailroad.com; micheleb@amrailroad.com
A PLUS PALLET CO LLC,Remit,TRUE,TRUE,FALSE,INVOICE,A PLUS PALLET CO LLC,120 Sun N Sand Rd,,Spartanburg,SC,29303,United States,Anthony Boyce,864-573-9173,apluspalletco@gmail.com; ib@scrapmanagement.com
A TO Z PAWN,Remit,TRUE,TRUE,FALSE,INVOICE,A TO Z PAWN,121 W White Oak St,,Leitchfield,KY,,United States,Bob Decker,270-230-7343,atozpawn84@yahoo.com; ib@scrapmanagement.com
A&J ENTERPRISES,Remit,TRUE,TRUE,FALSE,INVOICE,A&J ENTERPRISES,P.O. Box 2261,,Flemington,NJ,8822,,Tara Casternovia,908-797-7263,info@ajenterpriserigging.com
A&S METALS,Remit,TRUE,TRUE,FALSE,INVOICE,A&S METALS,PO Box 955,,Castroville,CA,95012,,Edward Parras,(831) 633-3379,EParras@ASMetals.com; ib@scrapmanagement.com
A&S METALS,Location,FALSE,FALSE,TRUE,MODESTO CA,A&S METALS,1616 Angelo Way,,Modesto,CA,95358,,Edward Parras,(831) 633-3379,EParras@ASMetals.com;ccornejo@asmetals.com;
A-1 PALLET CO,Remit,TRUE,TRUE,FALSE,INVOICE,A-1 PALLET CO,PO Box 2366,,Clarksville,IN,47131-2366,United States,Charlie Waters,812-288-6339,charlie@a1palletco.com; ab@scrapmanagement.com
A-1 PALLET CO,Location,FALSE,FALSE,TRUE,PICK UP LOCATION,A-1 PALLET CO,1507 Progress Way,,Clarksville,IN,47129,,Charlie Waters,812-288-6339,Charlie@A1PalletCo.com
AA PALLET INC,Remit,TRUE,TRUE,FALSE,INVOICE,AA PALLET INC,900 W. 49th place,,Chicago,IL,60609,,Marcos Nava,773-536-3699,marcoaapallets@aol.com; sa@scrapmanagement.com
AA PALLET INC,Location,FALSE,FALSE,TRUE,WAREHOUSE CHICAGO,AA PALLET INC,1017 W. 48th street,,Chicago,IL,60609,,,,
AAA PLASTICS & PAPER RECYCLING,Remit,TRUE,TRUE,FALSE,INVOICE,AAA PLASTICS & PAPER RECYCLING,PO Box 147,,Bath,PA,18014,,Alex Ziabari,570-856-8909,alex.aaapp2021@gmail.com; ib@scrapmanagement.com
AAA PLASTICS & PAPER RECYCLING,Location,,,,BIRDSBORO PA,TOTAL RECYCLE INC,1270 Lincoln Rd,,Birdsboro,PA,19508,,Alex Ziabari,484-262-9984,alex.aaapp2021@gmail.com;alex.aaapp2021@gmail.com
AAA PLASTICS & PAPER RECYCLING,Location,,,,"COLUMBIA, MD",AAA PLASTICS & PAPER RECYCLING,TBD,,Columbia,MD,,United States,,,
AAA PLASTICS & PAPER RECYCLING,Location,,,,EASTON PA,AAA PLASTICS & PAPER RECYCLING,400 Island Park Rd,Building #3,Easton,PA,18042,,,,
AAA PLASTICS & PAPER RECYCLING,Location,,,,LEBANON PA,VS RUBBER,31 Keystone Dr,,Lebanon,PA,17042,United States,,,
AAA PLASTICS & PAPER RECYCLING,Location,,,,"LOWELL, MD",AAA PLASTICS & PAPER RECYCLING,TBD,,Lowell,MD,,United States,,,
AAA PLASTICS & PAPER RECYCLING,Location,,,,NEW CASTLE DE,CENTRAL SALT,341 Pigeon Point Rd,,New Castle,DE,19720,,Robert,302-420-8786,
AAA PLASTICS & PAPER RECYCLING,Location,,,,"SAVAGE, MD",AAA PLASTICS & PAPER RECYCLING,TBD,,Savage,MD,,United States,,,
AARON INDUSTRIES CORP,Inv/Remit,,,,INVOICE,AARON INDUSTRIES CORP,20 Mohawk Drive,PO Box 607,Leominster,MA,1453,,Domenic DeCiantes,978-534-6135,"domd@aaroninc.com, strmaterialinc@gmail.com; ib@ucsincny.com; abuyanovskiy@ucsincny.com"
AARON INDUSTRIES CORP,Location,,,,"LEOMINSTER, MA",CFG,243RR Whitney Street,,Leominster,MA,1453,,,,
AARON INDUSTRIES CORP,Location,,,,USPS Mailing Address,AARON INDUSTRIES CORP,PO Box 607,,Leominster,MA,1453,,,,
ABBOTT,Primary,,,,INVOICE,ABBOTT,100 Abbott Park Rd,,Abbott Park,IL,60064,,Tyler Lumley,224-668-0439,Tyler.Lumley@Abbott.com; nathan.martin1@abbott.com
ABBOTT,Location,,,,PORTSMOUTH VA,ABBOTT,1342 Court Street,,Portsmouth,VA,23704,,Nathan Martin,800-340-4029,nathan.martin1@abbott.com;nathan.martin1@abbott.com
ABBOTT,Remit,,,,PRIMARY ADDRESS,ABBOTT,1342 Court St,,Portsmouth,VA,23704,,,,
ABM POLYMERS INC,Inv/Remit,,,,INVOICE,ABM POLYMERS INC,1410 Emerald Mountain Parkway,,Wetumpka,AL,36093,,Bill McNeil,(334) 567-6525,bill@abmpolymers.com
ACCURATE PAPER RECYCLING,Remit,,,,INVOICE,ACCURATE PAPER RECYCLING,508 E Baltimore Ave,,Lansdowne,PA,19050,,Holly Peticca,610.623.7772,Holly@accuraterecycling.com
ACE IRON & METAL INC,Remit,,,,INVOICE,ACE IRON & METAL INC,11 3rd Ave,,Joliet,IL,60433-1849,United States,Arin Freeman & Jason Gaither,815-723-2612,arin@acemet.com; jason@ACEMET.COM
ACE PLASTIC,Inv/Remit,,,,INVOICE,ACE PLASTIC,7942 North 3350 East Rd,,Chatsworth,IL,60921,,Sachin Patel,(815) 635- 3737,officemanager@aceplasticinc.com; sp@aceplasticinc.com
ACE PLASTIC,Location,,,,"LINCOLN, IL",ACE PLASTIC,1119 Kickapoo St,,Lincoln,IL,62656,,,,
ACHEM INDUSTRY AMERICA INC,Remit,,,,INVOICE,ACHEM INDUSTRY AMERICA INC,3000 Stitt Street,Suite 130,Monroe,NC,28110,,Laura Purser,704-283-6144,laura.purser@achem.ycgroup.co; ib@scrapmanagement.com
ACI PLASTICS WEST,Invoice,,,,INVOICE,ACI PLASTICS WEST,2945 Davison Road,,Flint,MI,48506,,"Tony McGee, Jennifer Jarman",810-767-3800,TMcgee@aciplastics.com; jjarman@aciplastics.com; ib@ucsincny.com
ACI PLASTICS WEST,Location,,,,"TEMPE, AZ",ACI PLASTICS WEST,5865 S. Kyrene Road,Suite 2,Tempe,AZ,85282,,,,
ACORN FARMS,Remit,,,,PRIMARY,ACORN FARMS,7679 WORTHINGTON ROAD,,GALENA,OH,43021,,Dick Trumpower,(614) 891-9348,richard@jtrumpower.com; sa@scrapmanagement.com;richard@jtrumpower.com; sa@scrapmanagement.com
ACORN FARMS,Location,,,,"ZANESVILLE, OH",ACORN FARMS,5880 Memory Rd,,Zanesville,OH,43702,,Dick Trumpower,(614) 891-9348,richard@jtrumpower.com
ADAMS PLASTICS,Inv/Remit,,,,INVOICE,ADAMS PLASTICS,1125 Carnegie St,,Rolling Meadows,IL,60008,United States,Rob Levoy,708-288-6867,recycling@adamsplastics.com; ib@ucsincny.com
ADAMS PLASTICS,Location,,,,PRIMARY ADDRESS,ADAMS PLASTICS,1125 Carnegie St,,Rolling Meadows,IL,60008,United States,,,
ADUSA DISTRIBUTION,Remit,,,,INVOICE,ADUSA DISTRIBUTION,2085 Harrison Rd,,Salisbury,NC,28147,United States,Corey Peebles,704-633-8250 x8250,Corey.Peebles@adusasc.com
ADUSA DISTRIBUTION,Location,,,,FOOD LION SALISBURY,ADUSA DISTRIBUTION,2110 Executive Drive,,Salisbury,NC,28147,United States,Corey Peebles,704-633-8250 x8250,Corey.Peebles@adusasc.com
ADVANCE DRUM SERVICE INC,Remit,,,,INVOICE,ADVANCE DRUM SERVICE INC,1835 Dickerson Drive,,Mableton,GA,30126,,Eric Bernath,(404) 699- 7048,eric@advancedrum.com; lm@scrapmanagement.com
ADVANCE PALLET INC,Remit,,,,INVOICE,ADVANCE PALLET INC,600 Woodbury Street,,South Elgin,IL,60177,,Eric Girman,847-697-5700,"EGirman@advancepalletinc.com, ab@scrapmanagement.com"
ADVANCED DISPOSAL,Remit,,,,PRIMARY,ADVANCED DISPOSAL,8880 Old Federal Rd,,Ball Ground,GA,30107,,Nicole Mask,(678) 710-2075,zpoucher@advanceddisposal.com; cslade@advanceddisposal.com; nmask@advanceddisposal.com; rp@scrapmanagement.com;zpoucher@advanceddisposal.com; cslade@advanceddisposal.com; nmask@advanceddisposal.com; rp@scrapmanagement.com
ADVANCED DISPOSAL,Location,,,,ADVANCED DISPOSAL ALPHARETTA,ADVANCED DISPOSAL,5680 Shirlee Industrial Way,,Alpharetta,GA,30004,United States,Nicole Mask,678-710-2075,Zachary Poucher &lt;zpoucher@advanceddisposal.com&gt;; Charlie Slade &lt;cslade@advanceddisposal.com&gt;; Nicole Mask &lt;nmask@advanceddisposal.com&gt;
ADVANCED DISPOSAL WI,Remit,,,,INVOICE (PLOVER),ADVANCED DISPOSAL WI,600 Moore Rd,,Plover,WI,54467,United States,Jeff Zillich,(715) 459-2023,"Jeff.Zillich@advanceddisposal.com, lm@scrapmanagement.com"
ADVANCED DRAINAGE SYSTEMS,Invoice,,,,INVOICE,ADVANCED DRAINAGE SYSTEMS,"401 Olive St,",,Findlay,OH,45840,,Tom Leber,(419) 424-8230,tom.leber@ads-pipe.com;tom.leber@ads-pipe.com
ADVANCED DRAINAGE SYSTEMS,Location,,,,"Green Line Polymers, Inc.","Green Line Polymers, Inc.",22793 Rte. 66 N,,Shippenville,PA,16254,United States,,,
ADVANCED DRAINAGE SYSTEMS,Location,,,,"PANDORA, OH",ADVANCED DRAINAGE SYSTEMS,501 Basinger Road,,Pandora,OH,45877,,,,
ADVANCED IMPACT TECHNOLOGIES INC,Inv/Remit,,,,INVOICE,ADVANCED IMPACT TECHNOLOGIES INC,2310 Starkey Rd,,Largo,FL,33771,,Jeff Besse,727 287 4620,eferriole@impactait.com; ib@scrapmanagement.com; jbesse@LTISG.com; panderson@ltisg.com;
ADVANCED IMPACT TECHNOLOGIES INC,Location,,,,"FLEMINGTON, NJ",ADVANCED IMPACT TECHNOLOGIES INC,112 CHURCH ST,,FLEMINGTON,NJ,8822,United States,,,
ADVANCED METALS,Remit,,,,INVOICE,ADVANCED METALS,1201 E 12th St.,,Lamar,MO,64759,United States,Mark Merritt,,mmerritt@advancedmetalusa.com; ib@scrapmanagement.com
ADVANCED METALS,Location,,,,PICK UP ADDRESS,ADVANCED METALS,1701 Maple St,,Lamar,MO,64759,United States,Mark Merritt,303-842-9536,mmerritt@advancedmetalusa.com; ib@scrapmanagement.com;mmerritt@advancedmetalusa.com; ib@scrapmanagement.com
ADVANCED WASTE MANAGEMENT,Primary,,,,INVOICE,ADVANCED WASTE MANAGEMENT,6675 Hunter Rd,,Talbott,TN,37877,,John,(865) 414-9412,advancedwastemanagement@yahoo.com; sa@scrapmanagement.com
ADVANCED WASTE MANAGEMENT,Remit,,,,PRIMARY ADDRESS,ADVANCED WASTE MANAGEMENT,1137 Harold Patterson Rd,,Dandridge,TN,37725,,,,
ADVANTAGE PALLETS,Remit,,,,INVOICE,ADVANTAGE PALLETS,1652 Hubbard Rd,,East Aurora,NY,14052,,Jason,716-341-2496,JasonM341@gmail.com
ADVANTAGE PALLETS,Location,,,,LACKAWANNA NY,ADVANTAGE PALLETS,2800 Hamburg Turnpike,,Lackawanna,NY,14218,,Jason,(716) 341-2496,JasonM341@gmail.com;JasonM341@gmail.com
AGRI-LINK PLASTICS IINC,Remit,,,,INVOICE,AGRI-LINK PLASTICS INC,296 E. Wutchumna Ave,,Woodlake,CA,93286,,Barbara/Kimberly,(559) 564-2889,barbieagrilink@aol.com; kimberlyagrilink@aol.com; jimcttinc@aol.com;barbieagrilink@aol.com; kimberlyagrilink@aol.com; jimcttinc@aol.com
AJ'S RECYCLING SERVICES,Inv/Remit,,,,INVOICE,AJ'S RECYCLING SERVICES,3111 East Kilgore Road,,Kalamazoo,MI,49001,,Andy Johnson,(269) 806-2406,ajsrecyclingservices@gmail.com; ab@scrapmanagement.com;ajsrecyclingservices@gmail.com; ab@scrapmanagement.com
AJ'S RECYCLING SERVICES,Location,,,,WAREHOUSE,SUNCOAST,3655 Illinois Ave.,,St. Charles,IL,60194,,Jose,630-461-7157,
AKROTEX EXTRUSION INC,Remit,,,,INVOICE,AKROTEX EXTRUSION INC,PO Box 1508,Attn: Deesie Garza,Orange,TX,77630,United States,Bruce Byerly,(409) 886-0006,brucebyerly@akrotex.com
AKROTEX EXTRUSION INC,Location,,,,PRIMARY ADDRESS,AKROTEX EXTRUSION INC,1804 Austin St.,,Orange,TX,77630,United States,,,
AKT LOGISTICS LLC,Remit,,,,INVOICE,AKT LOGISTICS LLC,PO Box 2166,,Richmond,KY,40476,,Ashley Reisig,859-624-9670,ashleyreisig@hotmail.com
ALA RECYCLING INDUSTRIES,Inv/Remit,,,,INVOICE,ALA RECYCLING INDUSTRIES,1575 Beacon Street,Suite 3F,Brookline,MA,2446,,Alan Liss - Kim - Daiisy,(617) 332-3280,kim@alarecycling.com; Daisy@alarecycling.com; alan@alarecycling.com; alagroup@alarecycling.com;kim@alarecycling.com; Daisy@alarecycling.com; alan@alarecycling.com; alagroup@alarecycling.com
ALA RECYCLING INDUSTRIES,Location,,,,ALA - BOSTON,ALA RECYCLING INDUSTRIRES,36 Sterling Road,,Billerica,MA,1862,,Kim,(617) 332-3280,kim@alarecycling.com; Daisy@alarecycling.com; alagroup@alarecycling.com
ALA RECYCLING INDUSTRIES,Location,,,,ALA - GREEN BAY,ALA RECYCLING INDUSTRIRES,200 Ninth Street,,Green Bay,WI,54303,,Kim Hannon,(617) 332-3280,alagroup@alarecycling.com; kim@alarecycling.com; Daisy@alarecycling.com
ALA RECYCLING INDUSTRIES,Location,,,,ALA - MICHIGAN CITY,ALA RECYCLING INDUSTRIRES,728 West US Highway 20,,Michigan City,IN,46360,,Kim Hannon,(617) 332-3280,kim@alarecycling.com; Daisy@alarecycling.com; alagroup@alarecycling.com
ALBERT BROS INC,Remit,,,,INVOICE,ALBERT BROS INC,225 East Aurora St,,Waterbury,CT,6721,United States,Nicholas Morin,203-819-1101,nick@albertbros.com
ALL BUSINESS & COMMERCIAL RECYCLING,Remit,,,,INVOICE,ALL BUSINESS & COMMERCIAL RECYCLING,810 E 7th St,,North Platte,NE,69101,,Pamela Pacheco,(308) 534-2464,pamela@abcrecyclingco.com
ALL PALLET RECYCLING LLC,Remit,,,,INVOICE,ALL PALLET RECYCLING LLC,60 Belamos Ave,P.O. Box 290677,Wethersfield,CT,,United States,Darcy,(860) 573-6891,apr903@gmail.com; rp@scrapmanagement.com
ALLAN COMPANY,Invoice,,,,INVOICE,ALLAN COMPANY,13 Athletes Way,,Mt Juliet,TN,37122,,Deborah Fernandez,626-962-4047 xt1244,dfernandez@allancompany.com; sa@scrapmanagement.com
ALLAN COMPANY,Remit,,,,PRIMARY ADDRESS,ALLAN COMPANY,PO BOX 51333,,LOS ANGELES,CA,90051,,,,
ALLEGHENY RECYCLED PRODUCTS,Remit,,,,INVOICE,ALLEGHENY RECYCLED PRODUCTS,"4201 Grand Ave, Ste 1",,Pittsburg,PA,15225,,Kate Matz,(772) 349-2497,kmatz@arpallet.com; JCory@arpallet.com; john.hart@48forty.com; rpereira@ucsincny.com
ALLEN COUNTY RECYCLERS INC.,Inv/Remit,,,,PRIMARY,ALLEN COUNTY RECYCLERS INC.,PO Box 1264,541 South Central,Lima,OH,45802,United States,Jeremy Wright,(419) 223-5010,recycle@rubbernuggets.com;recycle@rubbernuggets.com
ALLEN COUNTY RECYCLERS INC.,Location,,,,DELIVERY ADDRESS,ALLEN COUNTY RECYCLERS  INC,700 East Wayne St.,,LIMA,OH,45801,,Jeremy Wright,(419 )223-5010,recycle@rubbernuggets.com;aakopyan@ucsincny.com
ALLEN RECYCLING,Remit,,,,INVOICE,ALLEN RECYCLING,100 Industrial Drive,,Canton,MS,39046-3214,United States,Allen,601-214-4188,RECYALLEN6@BELLSOUTH.NET
ALLIED PALLET CO,Remit,,,,INVOICE,ALLIED PALLET CO,7151 Poindexter Rd.,,New Kent,VA,23124,,Kosal Som,(804) 966-5597,ceo@alliedpalletcompany.com; rp@scrapmanagement.com
ALLIED PAPER STOCK,Remit,,,,INVOICE,ALLIED PAPER STOCK,345 Eastern Parkway,,Farmingdale,NY,11735,,John Tuozzo,516-234-8991,jtooz8265@gmail.com; rp@scrapmanagement.com
ALLIED RESOURCE RECOVERY INC,Remit,,,,INVOICE,ALLIED RESOURCE RECOVERY INC,1911 S. 80th Street,,West Allis,WI,53219,United States,Nelson Dos Reis,(262) 436-0128,nelsond@alliedresourcerecovery.com; dispatch@ALLIEDRESOURCERECOVERY.COM; yklevtsov@ucsincny.com; jb@scrapmanagement.com
ALLIED RESOURCE RECOVERY INC,Location,,,,WAUKESHA RECYCLING / ALLIED RESOURCE RECOVERY,WAUKESHA RECYCLING / ALLIED RESOURCE RECOVERY INC,1001 Tesch Court,,Waukesha,WI,53186,,nelsond,(262) 436-0128,nelsond@alliedresourcesrecovery.com; dispatch@ALLIEDRESOURCERECOVERY.COM
ALLSTAR RECYCLING PARTNERS LLC,Remit,,,,INVOICE,ALLSTAR RECYCLING PARTNERS LLC,PO Box 3629,,Muscle Shoals,AL,35662,,Joseph Goggans,256-324-8865,josephg.allstar@gmail.com; afreeman17@aol.com; lm@scrapmanagement.com
ALLSTAR RECYCLING PARTNERS LLC,Location,,,,"TOWN CREEK, AL",ALLSTAR RECYCLING PARTNERS LLC,175 Auburn Street,,Town Creek,AL,35672,,Joseph Goggans,256-324-8865,
ALLY LOGISTICS,Primary,,,,INVOICE,ALLY LOGISTICS,PO Box 14027,,Cincinnati,OH,45250,,Max Zemaitis,616.818.7467,max.zemaitis@allylogistics.com; alyssa.napolitan@allylogistics.com; scrapmanagement@allylogistics.com; jenna.bouwkamp@allylogistics.com; ar@allylogistics.com
ALLY LOGISTICS,Remit,,,,PRIMARY ADDRESS,ALLY LOGISTICS,WINTRUST BANK N.A.,FBO ALLY LOGISTICS LLC  PO BOX 6784,CAROL STREAM,IL,60197,,,,
ALTERNATE SOURCE RECYCLING,Inv/Remit,,,,INVOICE,ALTERNATE SOURCE RECYCLING,107 W. Monroe St,,South Bend,IN,46601,,Todd Hess,765-508-1321,marcus@alternatesourcerecycling.com; alternatesourcerecycling@gmail.com;
ALTERNATE SOURCE RECYCLING,Location,,,,BELVIDERE IL,ALTERNATE SOURCE RECYCLING,2091 Tripp Rd,,Belvidere,IL,61008,,Marcus Galloway,859-308-2583,marcus@alternatesourcerecycling.com
ALTERNATE SOURCE RECYCLING,Location,,,,SOUTH BEND IN,ALTERNATE SOURCE RECYCLING,3113 S. Gertrude St.,,South Bend,IN,46614,,Todd Hess,765-508-1321,marcus@alternatesourcerecycling.com; alternatesourcerecycling@gmail.com;;marcus@alternatesourcerecycling.com; alternatesourcerecycling@gmail.com;
ALUF PLASTICS,Inv/Remit,,,,INVOICE,ALUF PLASTICS,2 Glenshaw St,,Orangeburg,NY,10962,United States,Elvis Espinal,(845)365-2200 X191,elvis.e@alufplastics.com; nawras.m@alufplastics.com; Angelica.d@alufplastics.com; elvis.e@alufplastics.com; Nader.H@alufplastics.com; Lisa.c@alufplastics.com
AMERICAN DISMANTLER,Inv/Remit,,,,INVOICE,AMERICAN DISMANTLER,1791 Bellevue Street,,Detroit,MI,48207,,Jordan,(313) 579-2110,jordan@americandismantler.com;jordan@americandismantler.com
AMERICAN FIBER SERVICES LLC,Remit,,,,INVOICE,AMERICAN FIBER SERVICES LLC,2400 Lake Park Drive,Suite 425,Smyrna,GA,30080,,Becky Sousoulas,(615) 390- 2686,BSousoulas@amfiberservices.com
AMERICAN FIBER SERVICES LLC,Location,,,,"CENTERVILLE, TN",Hickman County Solid Waste,2220 Skyview Dr,,Centerville,TN,37033,United States,Darlene & Troy,931-729-2136,BSousoulas@amfiberservices.com
AMERICAN FIBER SERVICES LLC,Location,,,,CLANTON AL,Performance Foodservice Alabama,2450 Big M Blvd,,Clanton,AL,35046,,Becky Sousoulas,(615) 390- 2686,BSousoulas@amfiberservices.com
AMERICAN FIBER SERVICES LLC,Location,,,,LEWISBURG TN,3 J'S RECYCLING,1424 Higgs Rd.,,Lewisburg,TN,37091,,Becky Sousoulas,(615) 390- 2686,BSousoulas@amfiberservices.com;BSousoulas@amfiberservices.com;BSousoulas@amfiberservices.com
AMERICAN FIBER SERVICES LLC,Location,,,,"PINEY FLATS, TN",AMERICAN FIBER SERVICES LLC,857 Mountain View Dr.,,Piney Flats,TN,37686,United States,Becky,(615) 390- 2686,becky@planetrecycling.com
AMERICAN METAL & PAPER RECYCLING INC,Primary,,,,INVOICE,AMERICAN METAL & PAPER RECYCLING INC,935 Schoenhaar Drive,,West Bend,WI,53090,,Nelson Dos Reis,262-335-9604,nelson@americanmpr.com;barney@americanmpr.com; Chall@Americanmpr.com; ab@scrapmanagement.com
AMERICAN METAL & PAPER RECYCLING INC,Location,,,,KEWASKUM,AMERICAN METAL & PAPER RECYCLING INC,7651 Otten Drive,,Kewaskum,WI,53040,,Nelson Dos Reis,262-335-9604,nelson@americanmpr.com; barney@americanmpr.com;ab@scrapmanagement.com
AMERICAN METAL & PAPER RECYCLING INC,Remit,,,,PRIMARY ADDRESS,AMERICAN METAL & PAPER RECYCLING INC,PO Box 436,,Kewaskum,WI,53040-0436,,,,
AMERICAN PALLET INC,Remit,,,,INVOICE,AMERICAN PALLET INC,PO Box 17615,,Richmond,VA,23226,United States,Bill Deep,(804) 751-1826,wdeep@americanpalletinc.com; ib@scrapmanagement.com
AMERICAN RECYCING OF WNC,Invoice,,,,INVOICE,AMERICAN RECYCING OF WNC,1291 Sand Hill Road,,Candler,NC,28715,,Theresa Davis ; Ron Moore,(828) 418-0777,rmoore@amrecycling.com; tdavis@amrecycling.com
AMERICAN RECYCLING SERVICES,Remit,,,,INVOICE,AMERICAN RECYCLING SERVICES,21 EDGEBORO ROAD,,EAST BRUNSWICK,NJ,8816,United States,Steven,732-390-5305,steven@swsnjny.com; aa@scrapmanagement.com
AMINO TRANSPORT INC,Remit,,,,INVOICE,AMINO TRANSPORT INC,PO 54220,,Hurst,TX,76054,United States,Taylor Wood,817-440-2718,Taylor@shipamino.com
AMINO TRANSPORT INC,Location,,,,DALLAS,"AMINO TRANSPORT, INC.",3838 Oak Lawn Ave,,Dallas,TX,75219,United States,Taylor Wood,817-440-2718,Taylor@shipamino.com
AMP ROBOTICS CORP,Inv/Remit,,,,INVOICE,AMP ROBOTICS CORP,1875 Taylor Ave.,,Louisville,CO,80027,United States,,,
AMP ROBOTICS CORP,Location,,,,ATLANTA GA,AMP ROBOTICS CORPORATION,1995 Lithonia Industrial Boulevard,,Lithonia,GA,30058,United States,Scott Fidler,(860) 918-2748,scott.fidler@amprobotics.com; ib@scrapmanagement.com
AMP ROBOTICS CORP,Location,,,,DENVER CO,AMP ROBOTICS CORPORATION,1500 Cherry Street,Suite A,Louisville,CO,80027,,Scott Fidler,(860) 918-2748,scott.fidler@amprobotics.com; ib@scrapmanagement.com
AMP ROBOTICS CORP,Location,,,,SOLON OH,AMP ROBOTICS CORPORATION,6111 Cochran Rd.,,Solon,OH,44139,United States,Justin Davis,239-309-4654,Justin.davis@ampsortation.com; ib@scrapmanagement.com
AMS PALLET SYSTEMS,Inv/Remit,,,,INVOICE,AMS PALLET SYSTEMS,2 Kleen Way,,Holbrook,MA,2343,United States,Chris,781-767-9001,AMS_PALLETS@yahoo.com; office@amspallets.com;  rp@scrapmanagement.com
AMWARE EXPRESS LLC,Remit,,,,PRIMARY,AMWARE EXPRESS LLC,19801 Holland Road,,Brook Park,OH,44142,,Mark,(440) 836-3729,drayage@amware.com;drayage@amware.com
Amy McFadden,Remit,,,,INVOICE,Amy McFadden,,,,,,,,,
ANGEL OF SHAVANO RECYCLING LLC,Remit,,,,INVOICE,ANGEL OF SHAVANO RECYCLING LLC,PO Box 69,,Poncha Springs,CO,81242,,Mickey Barry,(719) 207-1197,shavanorecycling@gmail.com; jb@ucsincny.com
ANGEL OF SHAVANO RECYCLING LLC,Location,,,,PONCHA SPRINGS,ANGEL OF SHAVANO RECYCLING LLC,185 Quigot Court,,Poncha Springs,CO,81242,,Mickey Barry,(719) 207-1197,shavanorecycling@gmail.com; jb@ucsincny.com
ANSUYA POLYMERS,Remit,,,,INVOICE,ANSUYA POLYMERS,3016 Canal Street,,Houston,TX,77003,United States,Don Walker,(832) 455-3605,donwalkerve@gmail.com
ANTEK MADISON PLASTICS USA LTD,Inv/Remit,,,,INVOICE,ANTEK MADISON PLASTICS USA LTD,8822 S. Dobson Ave,,Chicago,IL,60619,,Karen Francis,416-321-1170,karen@antekmadison.com; strmaterialinc@gmail.com; ab@ussmrecycle.com
ANTEK MADISON PLASTICS USA LTD,Location,,,,CHICAGO,ANTEK MADISON PLASTICS USA LTD,8822 S. Dobson Ave,,Chicago,IL,60619,,Daniel Villa,773-933-0900,karen@antekmadison.com; daniel@antekmadison.com
ANTHRACITE AUTO PARTS,Remit,,,,PRIMARY,ANTHRACITE AUTO PARTS,900 S 5th avenue,,Scranton,PA,18504,,Chris Patchoski,(570) 342-0666,cpatch@anthraciteauto.net;cpatch@anthraciteauto.net
AOWR,Inv/Remit,,,,INVOICE,AOWR,477 Connecticut Blvd Suite 203,,East Hartford,CT,6108,United States,Ashanttee Peters,(860) 380-3008,customerservice@aowr-llc.com; ib@scrapmanagement.com
AOWR,Location,,,,"AUBURN, MA",Quantix Distribution Center,28 Millbury St,,Auburn,MA,1501,,Ashanttee Peters,,customerservice@aowr-llc.com
AOWR,Location,,,,BAYTOWN TX,A&R PLANTIGISTIXS,8905 East Grand Parkway S,,Baytown,TX,77523,,customerservice,,customerservice@aowr-llc.com; ib@scrapmanagement.com
AOWR,Location,,,,CAINHOY SC,AOWR,1031 LeGrand Ave,,Cainhoy,SC,29492,,,,
AOWR,Location,,,,FAIRBURN GA,Quantix,4800 Coates Dr,,Fairburn,GA,30213,,Ashanttee Peters,(860) 380-3008,customerservice@aowr-llc.com;customerservice@aowr-llc.com
AOWR,Location,,,,HILLSBOROUGH TOWNSHIP NJ,Mid State Packaging/ Quantix,152 US-206,Building 17F,Hillsborough Township,NJ,8844,United States,Joanne,908-434-6513,customerservice@aowr-llc.com; ib@scrapmanagement.com; jeversole@quantixscs.com
AOWR,Location,,,,"PASADENA, TX",A&R Logistics,4100 Malone Drive,,Pasadena,TX,77507,United States,Ashanttee Peters,,customerservice@aowr-llc.com; ib@scrapmanagement.com
AOWR,Location,,,,RINCON GA,QUANTIX,1004 Gateway Parkway,Ste 200,Rincon,GA,31326,,Alexa Fowler,912-221-5069,customerservice@aowr-llc.com; ib@scrapmanagement.com
APJ RECYCLING,Inv/Remit,,,,INVOICE,APJ RECYCLING,401 N CARROLL AVE #180,,SOUTHLAKE,TX,76092,,Dusti Davis,682-841-1303,Dusti@APJrecycling.com; Alexandria@APJrecycling.com; Adam@APJrecycling.com; Kelly@apjrecycling.com
APJ RECYCLING,Location,,,,COMMERCE CA,Greenway2day Mgt LLC,6557 W Flotilla St,Dock 7,Commerce,CA,,,Dusti Davis,682-841-1303,Dusti@APJrecycling.com; Alexandria@APJrecycling.com; Adam@APJrecycling.com;;Dusti@APJrecycling.com; Alexandria@APJrecycling.com; Adam@APJrecycling.com;
APJ RECYCLING,Location,,,,DALLAS TX,APJ RECYCLING,3330 Pluto Dr.,,Dallas,TX,75212,,,,
APJ RECYCLING,Location,,,,FORT WORTH TX,APJ RECYCLING,"990 Haltom Rd, Suite 140",,Fort Worth,TX,76117,,Adam Socket,(817) 228-2287,Adam@APJrecycling.com
APPERTAIN CORP,Remit,,,,INVOICE,APPERTAIN CORP,302 Eighth St.,,Pulaski,TN,38478,,Anne Davis,(931) 363-8284,anne_davis@appertaincorp.com; sa@scrapmanagement.com
APPLETON PALLETS,Remit,,,,INVOICE,APPLETON PALLETS,N 3080 Jeske Rd,,Appleton,WI,54913,,Justin Rettler,(920) 830-1248,justinrettler12@gmail.com; ss@scrapmanagement.com
APS RECYCLE INC,Remit,,,,INVOICE,APS RECYCLE INC,2782 Caraway Dr,,Tucker,GA,30084,,Ken Jalia,(404) 642-7929,aps003@gmail.com; lm@scrapmanagement.com
APS RECYCLE INC,Location,,,,"ATLANTA, GA",APS RECYCLE INC,1591 Murphy Ave,,Atlanta,GA,30310,,,,
AR RECYCLING LLC,Inv/Remit,,,,INVOICE,AR RECYCLING LLC,1951 Guntersville Road,,Arab,AL,35016,,Sunny & Raghav,(704) 303-8481,sunny@ar-recycling.com; raghav@ar-recycling.com; ab@scrapmanagement.com
AR RECYCLING LLC,Location,,,,"ARAB, AL",AR RECYCLING LLC,1951 Guntersville Rd,,Arab,AL,35016,,,,
AR RECYCLING LLC,Location,,,,"LACEYS SPRING, AL",AR RECYCLING LLC,721 NE Fields Road,,Laceys Spring,AL,35754,,Sunny,(704) 303-8481,sunny@ar-recycling.com; ab@scrapmanagement.com
AR RECYCLING LLC,Location,,,,TROY AL KW OUTBOUND,KW PLASTICS,279 Pike County Lake Rd,,Troy,AL,36079,,,,
ARCH POLYMERS INC,Invoice,,,,INVOICE,ARCH POLYMERS INC,300 Progress Way,,Bellefontaine,OH,43311,,AP Dept,(614) 437-5588,accounting@archpolymers.com
ARCH POLYMERS INC,Location,,,,BELLFONTAINE OH,ARCH POLYMERS INC,300 Progress Way,,Bellfontaine,OH,43311,,Howard Wei,614-437-5588,howard@archpolymers.com;howard@archpolymers.com
ARGENTUM RECYCLING,Remit,,,,INVOICE,ARGENTUM RECYCLING,3010 E. Industrial Pkwy,,Knoxville,TN,37921,,Lon Rudnitsky,(215) 530-4700,lon@pyromet999.com; cpride@uniteddms.com; twhite@argentumrecycling.com
ARIZONA PACIFIC PLASTICS LLC,Inv/Remit,,,,INVOICE,ARIZONA PACIFIC PLASTICS LLC,3209 S 36th Street,,Phoenix,AZ,85040,,Michael Lipton,602-220-9200,mlipton@recycle1az.com; ib@ucsincny.com
ARMSTRONG RECYCLING CENTER,Remit,,,,INVOICE,ARMSTRONG RECYCLING CENTER,402 Market Street,,kittaning,PA,16201,United States,George Skamai,(724) 548-3397,gjskamai@co.armstrong.pa.us; rp@scrapmanagement.com
ARMSTRONG RECYCLING CENTER,Location,,,,PICK UP ADDRESS,ARMSTRONG RECYCLING CENTER,139 Armsdale Rd,,Kittanning,PA,16201,United States,George Skamai,(724) 548-3397,gjskamai@co.armstrong.pa.us
ARONSON RECYCLING,Inv/Remit,,,,INVOICE,ARONSON RECYCLING,P.O. Box 509,,Waupun,WI,53963,,Joe Aronson,(920) 324-2209,jaronson@aronsonrecycling.com; lm@ucsincny.com
ARONSON RECYCLING,Location,,,,PICK UP ADDRESS,ARONSON RECYCLING,600 Maxon St,,Waupun,WI,53963,,,,
ARONSON RECYCLING,Location,,,,"WATERLOO, WI",ARONSON RECYCLING,703 West Madison Street,,Waterloo,WI,53594,,Joe Aronson,,jaronson@aronsonrecycling.com
ARRIVE LOGISTICS LLC,Remit,,,,Arrive Logistics,ARRIVE LOGISTICS LLC,PO Box 207779,,Dallas,TX,75320-7779,United States,Mason Schroder,737-249-9577,mschroder@arrivelogistics.com
ARUNDEL RECYCLING CENTER,Invoice,,,,INVOICE,ARUNDEL RECYCLING CENTER,7515 Connelley Dr,,Hanover,MD,21076,,Bruce,410-761-6595,bruce@arundelrecycling.com
ASHEBORO RECYCLING,Inv/Remit,,,,INVOICE,ASHEBORO RECYCLING,PO Box 1032,,Asheboro,NC,27204,United States,Malynda Shumaker,(336) 625-6078,recycle@asheboro.com; melinda@asheboro.com; paul@asheboro.com
ASHEBORO RECYCLING,Location,,,,PRIMARY ADDRESS,ASHEBORO RECYCLING,1075 Southmont Dr,,Asheboro,NC,27204,United States,,,
ASHEVILLE WASTE PAPER,Remit,,,,PRIMARY,ASHEVILLE WASTE PAPER,PO BOX 3335,,ASHEVILLE,NC,28802,,Lorraine Burnett,(828) 252-6963,lorraine@ashewp.com;;lorraine@ashewp.com;
ASHEVILLE WASTE PAPER,Location,,,,ASHEVILLE WASTE PAPER CO INC,ASHEVILLE WASTE PAPER,304 Lyman St,,Asheville,NC,28801,United States,Mackenzie,828-252-6963,mackenzie@ashewp.com
ASTRO INDUSTRIES INC,Invoice,,,,INVOICE,ASTRO INDUSTRIES INC,901 Industrial Parkway,,West Monroe,LA,71291,,Aundi Brown,318-396-2688,Aundi@astroindustriesus.com
ATC PLASTICS LLC,Remit,,,,INVOICE,ATC PLASTICS LLC,PO BOX 660367,,Dallas,TX,75266,,Tom Stevning,(317) 469-7552,tstevning@atcplastics.com; ib@ucsincny.com
ATC PLASTICS LLC,Location,,,,"HOUSTON, TX",ATC PLASTICS LLC,1240 Gazin Street,,Houston,TX,77020,,King Walters,(713) 277-4465,tstevning@atcplastics.com; ib@ucsincny.com; kwalters@atcplastics.com
ATC PLASTICS LLC,Location,,,,PRIMARY ADDRESS,ATC PLASTICS LLC,8425 Woodfield Crossing Blvd,Suite 570,Indianapolis,IN,46240,,Tom Stevning,(317) 625-3600,tstevning@atcplastics.com; ib@ucsincny.com
ATD INC,Inv/Remit,,,,INVOICE,ATD INC,715 Rutherford Road,,Greenville,SC,29609,,Taylor Ellenburg,(864) 417-1661,taylor.ellenburg@atdrecycling.com
ATHENS SERVICES,Primary,,,,INVOICE,ATHENS SERVICES,14048 E Valley Blvd,,City of Industry,CA,91746,,Keng Baloco-Wong,(626) 723-3762,kbaloco@athensservices.com; ib@scrapmanagement.com
,Remit,,,,CITY OF INDUSTRY,ATHENS SERVICES,14048 Valley Boulevard,,La Puenta,CA,91746-2801,,Keng Baloco-Wong,(626) 723-3762,kbaloco@athensservices.com; ib@scrapmanagement.com;  ACruz@athensservices.com
0,Location,,,,PUENTE HILLS CA,ATHENS SERVICES,1955 Workman Mill Rd,,Whittier,CA,90601,,Keng Baloco-Wong,(626) 723-3762,kbaloco@athensservices.com; ib@scrapmanagement.com
0,Location,,,,SUN VALLEY,ATHENS SERVICES,11121 Pendleton Street,,Sun Valley,CA,91352,,Keng Baloco-Wong,(626) 723-3762,kbaloco@athensservices.com; ib@scrapmanagement.com
ATLANTIC COAST RECYCLING OF OCEAN,Inv/Remit,,,,INVOICE,ATLANTIC COAST RECYCLING OF OCEAN,101 7th Street,,Passaic,NJ,7055,,Rick Ramsay & Kristin Gangemi,(973) 614-9600,rick.ramsay@atlanticcoastfibers.com; kristin.gangemi@acfrecycling.com
ATLANTIC COAST RECYCLING OF OCEAN,Location,,,,LAKEWOOD NJ,ATLANTIC COAST RECYCLING OF OCEAN,611 New Hampshire Ave,,Lakewood,NJ,8701,,Rick Ramsay,(973) 614-9600,rick.ramsay@atlanticcoastfibers.com
ATLANTIC COAST RECYCLING OF OCEAN,Location,,,,"MANAHAKIN, NJ",ATLANTIC COAST FIBERS LLC,379 Haywood ave,,Manahakin,NJ,8050,United States,Rick Ramsay,(973) 614-9600,rick.ramsay@atlanticcoastfibers.com
ATLANTIC NURSERIES INC,Remit,,,,PRIMARY,ATLANTIC NURSERIES INC,691 DEER PARK AVE,,DIX HILLS,NY,11746,,John Gaylardo,(631) 586-6242,16315866287@maxemailsend.com;16315866287@maxemailsend.com
ATLANTIC TRANSPORT LLC,Remit,,,,INVOICE,ATLANTIC TRANSPORT LLC,4325 Wishart Rd,,Virginia Beach,VA,23455,,Slava Belikhin,757 447 8687,atlantictransportva@gmail.com; ib@scrapmanagement.com
ATLANTIC TRANSPORT LLC,Location,,,,PICK-UP ADDRESS,ATLANTIC TRANSPORT LLC,5729 Bayside Rd,,Virginia Beach,VA,23455,,Slava Belikhin,757-447-8687,atlantictransportva@gmail.com;atlantictransportva@gmail.com
ATLAS PALLET CORP,Remit,,,,INVOICE,ATLAS PALLET CORP,50 Old Mill Street,,Mohegan,RI,2830,United States,Heather Ross,401-568-2900,Heather@atlaspalletri.com; susan@atlaspalletri.com; rp@scrapmanagement.com
AUGUST THOMSEN CORP,Remit,,,,INVOICE,AUGUST THOMSEN CORP,36 Sea Cliff Ave,,Glen Cove,NY,11542,,Kishen Ramadha,(646) 750-8078,assembly@atecousa.com
AV CARGO SOLUTIONS,Remit,,,,INVOICE,AV CARGO SOLUTIONS,1901 Aduanales Lane,,Laredo,TX,78041,United States,Abel Valdez,(956) 691-7726,accounting@av-cargo.com; supervisor@av-cargo.com
AVANGARD INNOVATIVE,Inv/Remit,,,,INVOICE,AVANGARD INNOVATIVE,11906 Brittmoore Oark Drive,,Houston,TX,77041,,Jon Stephens ; Kelli,281-582-0700,jstephens@avaicg.com; salesrequests@avaicg.com; ib@ucsincny.com
AVON PLASTICS,Inv/Remit,,,,INVOICE,AVON PLASTICS,PO Box 8893,,Carolstream,IL,60197-8893,United States,Nick Scherping,(800) 535-5038,Nick.Scherping@avonplastics.com; ib@scrapmanagement.com
AVON PLASTICS,Location,,,,"Little Falls, MN","Cutting Edge Grinding, Inc.",608 13th Avenue NW,,Little Falls,MN,56345,,,,
AVON PLASTICS,Location,,,,"Paynesville, MN",AVON PLASTICS,210 Ampe Drive,,Paynesville,MN,56362,United States,,,
AVON PLASTICS,Location,,,,"Sauk Rapids, MN","Cutting Edge Grinding, Inc.",1020 Lincoln Avenue,,Sauk Rapids,MN,56379,,,,
AXJO,Inv/Remit,,,,INVOICE,AXJO,221 McLin Creek Road S,,Conover,NC,28613,United States,Tim Schultz,828-322-6046,tim.schultz@axjo.com; leah.carlton@axjo.com; ib@scrapmanagement.com; carter.griffin@axjo.com
AXLE LOGISTICS,Primary,,,,INVOICE,AXLE LOGISTICS,PO Box 896456,,Charlotte,NC,28289-6456,United States,Kadijah Dickey,(865) 370-2610,"kadijah.dickey@axlelogistics,com"
,Remit,,,,REMITTANCE,AXLE LOGISTICS,PO Box 896456,,Charlotte,NC,28289,,,,
AZEK CO,Remit,,,,INVOICE,AZEK CO,2835 Old State Route 73,Bldg #4,Wilmington,OH,45177,United States,Jon Korst,,
B & L POLYMER PROCESSING,Inv/Remit,,,,INVOICE,B & L POLYMER PROCESSING,4330 N 39th Ave,,Phoenix,AZ,85019,United States,Joe Mattera,602-415-9229,merecycle@msn.com; ib@scrapmanagement.com
B & L POLYMER PROCESSING,Location,,,,PRIMARY ADDRESS,B & L POLYMER PROCESSING,4330 N 39th Ave,,Phoenix,AZ,85019,United States,Angel,,warehouse4330@icloud.com
B LINE SERVICES,Remit,,,,INVOICE,B LINE SERVICES,4997 Damascus Church Road,,Graceville,FL,32440,,Patti Thompson,850-676-1802,brianhauls@gmail.com; lm@scrapmanagement.com
B LINE SERVICES,Location,,,,MARION MI,Recor Transport,10030 S. Forward Street,,Marion,MI,49665,,Patti Thompson,850-676-1802,brianhauls@gmail.com
B SCHOENBERG & COMPANY,Invoice,,,,INVOICE,B SCHOENBERG & COMPANY,345 Kear Street,,Yorktown,NY,10598,,David Stringer,914-962-1200,davidstrngr31@gmail.com; sa@scrapmanagement.com
B&D WAREHOUSE - INVENTORY ONLY,Remit,,,,INVOICE,B&D WAREHOUSE - INVENTORY ONLY,2148 Badgerland Drive,,Green Bay,WI,54307,,Sam,920-499-3105,
B3 LOGISTIX,Remit,,,,INVOICE,B3 LOGISTIX,8038 N 600 West,Suite 200,McCordsville,IN,46055,,Matthew Thomas,(877) 777-1887,mthomas@b3logistix.com; mabrahams@b3logistix.com
BACE CORP,Remit,,,,INVOICE,BACE CORP,322 W 32nd St,,Charlotte,NC,28206,,Paul Domanico,(267) 312-1117,pdomanico@bacecorp.com; ib@scrapmanagement.com
BAKKAVOR FOODS USA INC,Remit,,,,INVOICE,BAKKAVOR FOODS USA INC,10220 Western Ridge Road,Suite P,Charlotte,NC,28273,,Brad,,thasty@bakkavor.us; ib@scrapmanagement.com
BAKKAVOR FOODS USA INC,Location,,,,Suite E - Pick Up Address,BAKKAVOR FOODS USA INC,10220 Western Ridge Rd,Suite E,Charlotte,NC,28273,,Brad,,
BALCONES RECYCLING,Inv/Remit,,,,PRIMARY,BALCONES RECYCLING,9301 Johnny Morris Road,,Austin,TX,78724,,Richie Getter,(512) 472-3355,Rgetter2@balconesresources.com; ibeylin@ucsincny.com
BALCONES RECYCLING,Location,,,,BALCONES RECYCLING - AUSTIN,BALCONES RECYCLING,9301 Johnny Morris Drive,,Austin,TX,78702,United States,,,
BALCONES RECYCLING,Location,,,,BALCONES RECYCLING - LITTLE ROCK,BALCONES RECYCLING,4501 Thibault Rd.,,Little Rock,AR,72206,United States,,,
BALLYHOO PLASTICS LLC,Inv/Remit,,,,INVOICE,BALLYHOO PLASTICS LLC,430 South Padre Island Drive,,Corpus Christi,TX,78405,,Trebor Johnson,361-334-4975,trebor@ballyhooplastics.com; ab@scrapmanagement.com
BARRETTE OUTDOOR LIVING INC,Inv/Remit,,,,INVOICE,BARRETTE OUTDOOR LIVING INC,583 Grand Bernier Nord,St-Jean-sur-Richelieu,Quebec,,J3B-8K1,CA,David Larsen,540.940.3823,David.Larsen@barrettegreenways.com
BATLINER PAPER STOCK CO,Remit,,,,PRIMARY,BATLINER PAPER STOCK CO,2501 Front Street,,Kansas City,MO,64119,,Curt Abbott,(816) 483-3343,cabbott@pioneerintl.com; mstach@pioneerintl.com; twood@pioneerintl.com; yklevtsov@ucsincny.com
BAY POLYMER,Invoice,,,,INVOICE,BAY POLYMER,1330 E VICTOR RD,,LODI,CA,95240,,Ben Alvarez,(510) 490-1791,Balvarez@baypolymer.com; Freight@baypolymer.com;ib@scrapmanagement.com
,Remit,,,,LODI CA,BAY POLYMER,1300 E Victor Rd,,Lodi,CA,95240,,,,
BAYSHORE RECYCLING CORP,Remit,,,,PRIMARY,BAYSHORE RECYCLING CORP,75 Crows Mill Road,,Keasbey,NJ,8832,,Jim Bray,(732) 738-6000,jbray@bayshorerecycling.com;jbray@bayshorerecycling.com
BD CUSTOM MANUFACTURING,Inv/Remit,,,,INVOICE,BD CUSTOM MANUFACTURING,1100 Bloomingdale Drive,,Bristol,IN,46507,,Jennifer Yoder,574-848-0925,jenniferyoder@bdcustommfg.com
BD CUSTOM MANUFACTURING INC,Inv/Remit,,,,INVOICE,BD CUSTOM MANUFACTURING INC,1100 BLOOMINGDALE DRIVE,,BRISTOL,IN,46507,United States,Jennifer Yoder,,jenniferyoder@bdcustommfg.com
BDL SUPPLY,Remit,,,,INVOICE,BDL SUPPLY,3648  Morreim Drive,,Belvidere,IL,61008,United States,Brad Valley,(815) 566-4756,BValley@bdlsupply.com
BEDFORD ENTERPRISES INC.,Remit,,,,INVOICE,BEDFORD ENTERPRISES INC.,1940 West Betteravia Road,,Santa Maria,CA,93458,,Oliver Ries,(805) 922-4977,oliver@beibedford.com; ibeylin@ucsincny.com
BEDFORD RECYCLING,Remit,,,,INVOICE,BEDFORD RECYCLING,904 Summit Lane,,Bedford,IN,47421,,Matt Parsons,812-275-6883,maparsons@bedfordrecycling.com; jcrane@bedfordrecycling.com; ab@scrapmanagement.com
BEDFORD TECHNOLOGY LLC,Invoice,,,,INVOICE,BEDFORD TECHNOLOGY LLC,2424 Armour Rd,PO Box 609,Worthington,MN,56187,,Dave Schaap,507-372-1073,Dave.Schaap@bedfordtech.com
BEDFORD TECHNOLOGY LLC,Location,,,,27TH STREET PLANT,BEDFORD TECHNOLOGY LLC,1180 27th Street,,Worthington,MN,56187,,Primary,507-372-5558,
BEDS AND BORDERS,Remit,,,,PRIMARY,BEDS AND BORDERS,600 Laurel Lane,,Laurel,NY,11948,,hs,(631) 298-1836,hs@bedsandborders.com;hs@bedsandborders.com
BELL COUNTY RECYCLING CTR,Primary,,,,INVOICE,BELL COUNTY RECYCLING CTR,55 Highway 1534,,Pineville,KY,40977,United States,James Hoskins,(606) 248-7861,jb_hoskins@yahoo.com; ib@ucsincny.com
BELL COUNTY RECYCLING CTR,Remit,,,,PRIMARY ADDRESS,BELL COUNTY RECYCLING CTR,55 Hwy 1534,,Pineville,KY,40977,United States,,,
BERG MILL SUPPLY CO INC,Remit,,,,INVOICE,BERG MILL SUPPLY CO INC,8821 Aviation Blvd,,Los Angeles,CA,90009,,Daniel Marks,(559) 402-3542,danielm@bergmill.com; tamishad@bergmill.com; evelynns@bergmill.com
BERG MILL SUPPLY CO INC,Location,,,,HAYWARD CA,BERG MILL SUPPLY CO INC,3495 Breakwater Ct,,Hayward,CA,94545,,Evelynn Legaspi,323.939.4300,danielm@bergmill.com; KIshii@bergmill.com; evelynns@bergmill.com; sales2@scrapmanagement.com; ib@scrapmanagement.com
BERG MILL SUPPLY CO INC,Location,,,,SACRAMENTO CA,Ming's Recycling for BERG MILL SUPPLY,3316 47th Ave,,Sacramento,CA,95824,,Evelynn Legaspi,(559) 402-3542,danielm@bergmill.com; tamishad@bergmill.com; evelynns@bergmill.com; evelynns@bergmill.com; sales2@scrapmanagement.com
BERG MILL SUPPLY CO INC,Location,,,,VENTURA CA,Gold Coast Recycling for BERG MILL SUPPLY,5275 Colt Ave.,,Ventura,CA,93003,,Daniel Marks,(559) 402-3542,danielm@bergmill.com; tamishad@bergmill.com; evelynns@bergmill.com; sales2@scrapmanagement.com;danielm@bergmill.com
BERGER RECYCLING,Remit,,,,INVOICE,BERGER RECYCLING,126 Front Street,,Pawtucket,RI,2860,,Adam Sinel,401 723 7240,Adam@bergerrecycling.com
BERRY GLOBAL INC,Remit,,,,INVOICE,BERRY GLOBAL INC,101 Oakley St,,Evansville,IN,47710,,Kerrie Tydlacka,409-333-4072,kerrietydlacka@berryglobal.com; susanbellard-pickens@berryglobal.com; sales2@scrapmanagement.com
BFI RALEIGH RECYCLERY,Remit,,,,PRIMARY,BFI RALEIGH RECYCLERY,PO Box 841977,,Dallas,TX,75284-1977,,EMichael,(919) 669-3695,EMichael@republicservices.com;EMichael@republicservices.com
BFI RALEIGH RECYCLERY,Location,,,,REPUBLIC SERVICES - RALEIGH,BFI RALEIGH RECYCLERY,3909 Memo Ct,,Raleigh,NC,27610,United States,EMichael,919-669-3695,EMichael@republicservices.com
BIG SKY ENVIRONMENTAL LLC,Remit,,,,INVOICE,BIG SKY ENVIRONMENTAL LLC,,,,,,,,,
BIRCH RECYCLING,Primary,,,,INVOICE,BIRCH RECYCLING,18822 N Highway 169,,St Joseph,MO,64503,,Mike Birchmier,(816) 210-4658,mike@birchrecycling.com; jeremy@birchrecycling.com; sa@scrapmanagement.com
BIRCH RECYCLING,Location,,,,"FRANKLIN, KY",JEI,211 Commerce St.,,Franklin,KY,42134,,,,
BIRCH RECYCLING,Location,,,,FT SMITH AR,BIRCH RECYCLING,7001 HWY 271 S,,Fort Smith,AR,72908,,Mike Birchmier,(816) 210-4658,mike@birchrecycling.com; jeremy@birchrecycling.com; sa@scrapmanagement.com;mike@birchrecycling.com; jeremy@birchrecycling.com; sa@scrapmanagement.com
Pen Sales LLC,Remit,,,,PRIMARY ADDRESS,Pen Sales LLC,PO Box 14380,,KANSAS CITY,MO,64152,,,,
Pen Sales LLC,Location,,,,ST JOSEPH MO - Clarios,CLARIOS For BIRCH RECYCLING,2330 Lower Lake Rd,,St Joseph,MO,64504,,Mike Birchmier,(816) 210-4658,mike@birchrecycling.com;mike@birchrecycling.com
BIRDSONG PEANUTS,Inv/Remit,,,,INVOICE,BIRDSONG PEANUTS,311 Factory St,,Suffolk,VA,23434,United States,Darden Langston,(757) 539-4151,dlangston@birdsong-peanuts.com: sales2@scrapmanagement.com
BIRDSONG PEANUTS,Location,,,,"Franklin, VA",BIRDSONG PEANUTS,31380 General Thomas HWY,,Franklin,VA,23851,United States,,,
BIRDSONG PEANUTS - GA,Remit,,,,INVOICE,BIRDSONG PEANUTS,P.O. Box 650,,Blakely,GA,39823,,Harry Crozier,(229) 758-3520,hcrozier@birdsongpeanuts.com
BIRDSONG PEANUTS - GA,Location,,,,BLAKELY GA,BIRDSONG PEANUTS - GA,198 N Bay St,,Blakely,GA,39823,,Harry Crozier,(229) 758-3520,hcrozier@birdsongpeanuts.com
BIZ AID LLC RECYCLING,Primary,,,,INVOICE,BIZ AID LLC RECYCLING,127 Industrial Ave.,,Coldwater,MI,49036,,Samantha Buterbaugh,517-227-4901,sam@bizaidllc.com; ib@scrapmanagement.com
BIZ AID LLC RECYCLING,Remit,,,,PRIMARY ADDRESS,BIZ AID LLC RECYCLING,PO Box 904,,Coldwater,MI,49036,,,,
BLACKROCK PLASTICS LLC,Remit,,,,INVOICE,BLACKROCK PLASTICS LLC,215 East Bay Street,Suite 301,Charleston,SC,29401,,Bruce Bahlav,843-593-8042,bruceb@blackrockplastics.com
BLUE LINE TRANSFER,Remit,,,,INVOICE,BLUE LINE TRANSFER,PO Box 348,,South San Francisco,CA,94083,United States,Ed Bortoli,(650) 589-4020,tfornesi@ssfscavenger.com; edb@ssfscavenger.com; mariog@ssfscavenger.com; sabrina@ssfscavenger.com; ib@scrapmanagement.com
BLUE LINE TRANSFER,Location,,,,PLANT ADDRESS,BLUE LINE TRANSFER,500 East Jamie Court,,South San Francisco,CA,94080,United States,,,
BLUE MARBLE RECYCLING LLC,Remit,,,,INVOICE,BLUE MARBLE RECYCLING LLC,16736 E. Benwood Street,,Covina,CA,91722,United States,Rafael,(626) 664-3254,Rafael@bluemarblerecycling.org; ib@scrapmanagement.com
BLUE MARBLE RECYCLING LLC,Location,,,,"SAVANNAH, GA",BLUE MARBLE RECYCLING LLC,TBD,,Savannah,GA,,United States,Rafael,(626) 664-3254,Rafael@bluemarblerecycling.org;
BLUE OCEAN PLASTICS,Inv/Remit,,,,INVOICE,BLUE OCEAN PLASTICS,5500 Walworth Ave,,Cleveland,OH,44102,United States,"Ken Whipkey JR, Mark Powell",216-485-3355,ken.w@blueoceanplastics.net; mark.p@blueoceanplastics.net; ib@ucsincny.com
BLUE RIDGE PALLET LLC,Remit,,,,INVOICE,BLUE RIDGE PALLET LLC,17 Commonwealth Dr.,PO Box 147,Lyndhurst,VA,22952,,Sammi Kephart; Karl,540-949-5881,karlmillsap@blueridgepallet.com; sammikephart@blueridgepallet.com; ib@scrapmanagement.com
BNSF LOGISTICS LLC,Remit,,,,INVOICE,BNSF LOGISTICS LLC,75 Remittance Drive,Suite 1767,Chicago,IL,60675,United States,Rhesa Ashworth,479-203-5255,rhesa.ashworth@bnsflogistics.com
BNSF LOGISTICS LLC,Location,,,,PRIMARY ADDRESS,"BNSF LOGISTICS, LLC.",2710 South 48th Street,,Springdale,AR,72762,,Sam Goll,479.203.5405,sam.goll@bnsflogistics.com
BONNETTE AUCTION COMPANY,Remit,,,,INVOICE,BONNETTE AUCTION COMPANY,3804 McKeithen Drive,,Alexandria,LA,71303,,Barbara Bonnette,318-443-6614,barbara@bonnetteauctions.com; ib@scrapmanagement.com
BONNETTE AUCTION COMPANY,Location,,,,SAREPTA LA,Integrico Composites,108 Inducto Way,,Sarepta,LA,71071,,James Dennis,,quotes@rogersmis.net
BO'S PALLETS,Remit,,,,INVOICE,BO'S PALLETS,2427 GA-140,,Adairsville,GA,30103,United States,Greg Bowen,(770) 773-3054,gregbowen@bopallets.com; meridywright@bopallets.com; lm@scrapmanagement.com
BR INTERNATIONAL USA LLC,Inv/Remit,,,,INVOICE,BR INTERNATIONAL USA LLC,1208 Commercial Blvd N,,Arlington,TX,76001,,Brandon Baek,346-775-2564,brandon@brintlco.com
BRIAN POLLACK,Invoice,,,,INVOICE,BRIAN POLLACK,8718 Ackman Rd,,Crystal Lake,IL,60014,,Brian Pollack,(815) 861-1454,bpollack49@gmail.com; ab@scrapmanagement.com
BRIAN POLLACK,Location,,,,NORTHWEST PALLET SUPPLY - BRIAN POLLACK,NORTHWEST PALLET SUPPLY - BRIAN POLLACK,3648 Morreim Dr.,,Belvidere,IL,61008,United States,,,
BRIAN POLLACK,Remit,,,,PRIMARY ADDRESS,BRIAN POLLACK,8718 Ackman Rd,,Crystal Lake,IL,60014,,,,
BROAD RIVER ASSETS,Primary,,,,INVOICE,BROAD RIVER ASSETS,167 SHELBY RD,,LAWNDALE,NC,28090,,Kip,,kip@broadriverassets.com
BROAD RIVER ASSETS,Remit,,,,PRIMARY ADDRESS,BROAD RIVER ASSETS,179 APPIAN WAY,,SHELBY,NC,28150,,,,
BROADWAY INTERMODAL LLC,Remit,,,,INVOICE,BROADWAY INTERMODAL LLC,PO BOX 847,,Mantua,OH,44255,,Javier Iznaga,330-274-8499,jasystems8@gmail
BROTHERS RECYCLING,Inv/Remit,,,,INVOICE,BROTHERS RECYCLING,1620 Vanderbilt Rd,,Birmingham,AL,35234,,Patrick Nappi,(205) 328-4283,prnappi@gmail.com; sa@scrapmanagement.com
BRUCE OAKLEY INC,Remit,,,,INVOICE,BRUCE OAKLEY INC,PO Box 17880,3400 Gribble Street,North Little Rock,AR,72114,,Austin Allen,800-662-0875,aallen@bruceoakley.com; nic.larimer@bruceoakley.com;
BRYAN PLASTICS PROCESSING LLC,Inv/Remit,,,,INVOICE,BRYAN PLASTICS PROCESSING LLC,721 East Edgerton Street,,Bryan,OH,43506,,Michael Carroll,(419) 630-0481,mcarroll@bryanplastics.com
BRYAN PLASTICS PROCESSING LLC,Location,,,,BRYAN OH - DELIVERY,"BRYAN PLASTICS PROCESSING, LLC",721 East Edgerton Street,,Bryan,OH,43506,,Heather,(419) 630-0481,office@bryanplastics.com
BSD PLASTICS INC,Inv/Remit,,,,INVOICE,BSD PLASTICS INC,PO Box 376,,Highland Mills,NY,10930,,Eli Vogel,845-827-6255,eli@bsdplasticsinc.com; manny@bsdplasticsinc.com; office@bsdplasticsinc.com; billing@bsdplasticsinc.com
BSD PLASTICS INC,Location,,,,ASHEBORO NC,BSD PLASTICS INC,730 Brady Ave,,Asheboro,NC,27203,,,,
BSD PLASTICS INC,Location,,,,"KINGSTON, NY",BSD PLASTICS INC,80 Boices Ln,,Kingston,NY,12401,United States,Eli Vogel,(845) 537-0950,eliv@bsdplasticsinc.com; office@bsdplasticsinc.com;eliv@bsdplasticsinc.com; office@bsdplasticsinc.com
BURRTEC WASTE INDUSTRIES INC,Remit,,,,INVOICE,BURRTEC WASTE INDUSTRIES INC,13373 Napa Street,,Fontana,CA,92335,,Robert Rios,909-899-0911,robert@burrtec.com; ib@scrapmanagement.com
BURRTEC WASTE INDUSTRIES INC,Location,,,,"FONTANA, CA",WEST VALLEY MRF & TRANSFER STATION,13373 Napa Street,,Fontana,CA,92335,,,,
BUTLER PAPER RECYCLING INC,Inv/Remit,,,,PRIMARY,BUTLER PAPER RECYCLING INC,PO Box 1602,,Suffolk,VA,23439-1602,,Todd Byrum,(757) 539-2351,TByrum@butlerpaper.com; aakopyan@ucsincny.com;TByrum@butlerpaper.com; aakopyan@ucsincny.com
BUTLER PAPER RECYCLING INC,Location,,,,BARHAMSVILLE VA,JC pallet Co,18427 New Kent Highway,,Barhamsville,VA,23011,United States,,,
BUTLER PAPER RECYCLING INC,Location,,,,BASSET VA,EMI Recycling,1010 Mary Hunter Drive,,Bassett,VA,24055,United States,Todd,(757) 539-2351,TByrum@butlerpaper.com; aakopyan@ucsincny.com
BUTLER PAPER RECYCLING INC,Location,,,,"BIRDSBORO, PA",BUTLER PAPER RECYCLING INC,1270 Lincoln Road,,Birdsboro,PA,19508,United States,Todd Byrum,(757) 621-9906,tbyrum@butlerpaper.com;tbyrum@butlerpaper.com; aa@scrapmanagement.com
BUTLER PAPER RECYCLING INC,Location,,,,"EDENTON, NC",BUTLER PAPER RECYCLING INC,185 Peanut Drive,,Edenton,NC,27932,United States,,,
BUTLER PAPER RECYCLING INC,Location,,,,FRANKLIN VA,BUTLER PAPER RECYCLING INC,137 Sachs Avenue,,Franklin,VA,23851,United States,,,
BUTLER PAPER RECYCLING INC,Location,,,,"HAZLETON, PA",EFS PLASTICS US,504 WHITE BIRCH ROAD,,HAZLETON,PA,18202,United States,,,
BUTLER PAPER RECYCLING INC,Location,,,,HERTFORD NC,BUTLER PAPER RECYCLING INC,102 Whitehat Road,,Hertford,NC,27944,,Todd Byrum,(757) 539-2351,TByrum@butlerpaper.com
BUTLER PAPER RECYCLING INC,Location,,,,INVOICE,"BUTLER PAPER RECYCLING, INC",PO BOX 1602,,Suffolk,VA,23439-1802,,Todd Byrum,(757) 539-2351,TByrum@butlerpaper.com; aakopyan@ucsincny.com
BUTLER PAPER RECYCLING INC,Location,,,,"SALISBURY, MD",Delmarva Recycling,300D Moss Hill Lane,,Salisbury,MD,21802,United States,Primary,(410) 860-1425,
BUTLER PAPER RECYCLING INC,Location,,,,SEVERN NC,SEVERN PEANUT,413 Main St,,Severn,NC,27877,United States,Chris Case,,ccase@butlerpaper.com; aa@scrapmanagement.com
BUTLER PAPER RECYCLING INC,Location,,,,SUFFOLK VA,BUTLER PAPER RECYCLING INC,324 Newport Street,,Suffolk,VA,23439,United States,,,
BUTLER PAPER RECYCLING INC,Location,,,,WINCHESTER VA,WINCHESTER POLY RECEIVING CENTER,351 APPLE VALLEY ROAD,,WINCHESTER,VA,22602,United States,Todd Byrum,(757) 539-2351,TByrum@butlerpaper.com; aa@scrapmanagement.com
BUTLER PAPER RECYCLING INC,Location,,,,ZELLWOOD FL,Recycling Services of FL FOR BUTLER,6161 W Jones Avenue,,Zellwood,FL,32798,,Todd Byrum,,tbyrum@butlerpaper.com;
BUTTS RECYCLING INC,Remit,,,,INVOICE,BUTTS RECYCLING INC,26 W Industrial Loop,,Midland,TX,79701,,Shawn Brite,325-653-8957,shawnstine.bri@gmail.com; ib@scrapmanagement.com
BUTTS RECYCLING INC,Location,,,,PRIMARY ADDRESS,BUTTS RECYCLING INC,615 W 11th Street,,San Angelo,TX,76903,,,,
BYHEART,Inv/Remit,,,,INVOICE,BYHEART,61 Vanguard Drive,,Reading,PA,19606,,Michael Resh,(610) 582-2170x2152,mresh@byheart.com; ib@scrapmanagement.com
BYPRODUCT RECYCLING LLC,Inv/Remit,,,,INVOICE,BYPRODUCT RECYCLING LLC,W239 Deering Lane,,Kaukauna,WI,54130,,George,920-532-9314,George@br-llc.com; jb@scrapmanagement.com
BYRD TRADING LLC,Remit,,,,INVOICE,BYRD TRADING LLC,222 Grove Street,,Houston,TX,77020,United States,Steven Lopez,(915) 240-9666,elopez@lopezscrapmetal.com; lhm_customerservice@lopezscrapmetal.com; rp@scrapmanagement.com
BYRD TRADING LLC,Location,,,,HOUSTON TX - PICK UP,BYRD TRADING LLC,3262 E Loop North,,Houston,TX,77029,,Steven Lopez,915-240-9666,elopez@lopezscrapmetal.com
C & J PALLET CO,Remit,,,,INVOICE,C & J PALLET CO,107 Swett Ave,,Americus,GA,31709,,Joe Fletcher,(229) 928-0491,cjpallet@mediacombb.net; ib@scrapmanagement.com
CABKA NORTH AMERICA INC,Inv/Remit,,,,INVOICE,CABKA NORTH AMERICA INC,123 Byassee Drive,,Hazelwood,MO,63042,,David Kalan,,d.kalan@cabka.com; ib@scrapmanagement.com
CABKA NORTH AMERICA INC,Location,,,,"LEOLA, PA",GROCERY OUTLET,43 Graybill Road,,Leola,PA,17540,,Dave Kalan,,
CAGLIA ENVIRONMENTAL LLC,Remit,,,,INVOICE,CEDAR AVENUE RECYCLING TRANSFER STATION,PO Box 446,,Fresno,CA,93709,United States,Korin Henderson,559-233-1158,korinh@cagliarecycling.com; lm@scrapmanagement.com
CAGLIA ENVIRONMENTAL LLC,Location,,,,FRESNO CA,CEDAR AVENUE RECYCLING TRANSFER STATION,3457 S. Cedar Avenue,,Fresno,CA,93725,,Korin Henslee,559.233.1158 x32,korinh@cagliarecycling.com; lm@scrapmanagement.com;stacys@cartsinc.net; lm@scrapmanagement.com
CALCO PALLETS INC,Remit,,,,INVOICE,CALCO PALLETS INC,PO Box 1922,,Woodstock,IL,60098,,Jeff & Jenny,815-725-5387,Jeff@usacalco.com; orders@usacalco.com; sa@scrapmanagement.com
CALCO PALLETS INC,Location,,,,PRIMARY ADDRESS,Calco Pallets Inc.,1350 Franklin Grove Road,,Dixon,IL,61021,,,,
CALCO PALLETS INC,Location,,,,"RICHMOND, IL",Calco Pallets Inc.,11600 Sterling Parkway,,Richmond,IL,60071,,"Jeff, Jenny",(815) 725- 5387,Orders@usacalco.com; jeff@usacalco.com
CALIFORNIA WASTE SERVICES LLC,Remit,,,,INVOICE,CALIFORNIA WASTE SERVICES LLC,621 W. 152nd St.,,Gardena,CA,90247,,Eric Casper,310-538-5998,eric@californiawasteservices.com; sarah@californiawasteservices.com; sophie@californiawasteservices.com; giovanni@californiawasteservices.com; Michelle@californiawasteservices.com; ricardo@californiawasteservices.com; ib@scrapmanagement.com
CAPITAL PAPER RECYCLING,Remit,,,,INVOICE,CAPITAL PAPER RECYCLING,530 West Street,Suite Number 3,Braintree,MA,2184,,Henry Bounagurio & Dan Buonagu,(781) 340-9425,henry@cprecycling.com; danb@cprecycling.com
CAPITAL RECOVERY SERVICES,Remit,,,,INVOICE,CAPITAL RECOVERY SERVICES,117 Littlejohn St,,Spartanburg,SC,29301,,Mo,,Mamous@capitalrecoveryltd.com; ib@scrapmanagement.com; Hamasshafaamri712@gmail.com
CARAUSTAR RECYCLING,Remit,,,,INVOICE,CARAUSTAR RFG,5000 Austell Powder Springs Rd,Suite 300,Austell,GA,30106,,David Piragis,770-948-3101,david.piragis@caraustar.com; rp@ucsincny.com
CARAUSTAR RECYCLING,Location,,,,SALEM MA,CARAUSTAR NORTH SHORE RECYCLING,53 Jefferson Avenue,,Salem,MA,1970,,"Davis, Maria",978-825-5200,david.piragis@caraustar.com; rp@ucsincny.com
CARBONLITE RECYCLING LLC,Inv/Remit,,,,INVOICE,CARBONLITE RECYCLING LLC,4685 Mountain Creek Pkwy,,Dallas,TX,75236,,Lisa White/Rich Costa/Kayla,214-453-1550,rcosta@carbonliterecycling.com; lwhite@carbonliterecycling.com; Ashley@carbonliterecycling.com; ib@ucsincny.com; kchilton@carbonliterecycling.com; ib@scrapmanagement.com
CARDINAL RECYCLING,Inv/Remit,,,,INVOICE,CARDINAL RECYCLING,PO BOX 2883,,Reidsville,NC,27320,,Brian Turner,(336) 342-7071,bturner@triadbiz.rr.com; ib@ucsincny.com
CARDINAL RECYCLING,Location,,,,DELIVERY ADDRESS,CARDINAL RECYCLING,329 Broad Street,,Reidsville,NC,27320,,,,
CARGILL,Remit,,,,INVOICE,CARGILL,2700 Yetter Ct,,Camp Hill,PA,17011,,Michelle Thorpe,717-829-0912,Michelle_Thorpe@cargill.com; Cssp_Caseready_Mro@cargill.com; ib@scrapmanagement.com
CAROLINA BLUEBERRY GROUP,Inv/Remit,,,,INVOICE,CAROLINA BLUEBERRY GROUP,2038 Georgia Pacific Rd,,Whiteville,NC,28472,,Brick Rooks,,brickrooks@gmail.com; ib@scrapmanagement.com
CAROLINA RECYCLE PARTNERS,Inv/Remit,,,,INVOICE,CAROLINA RECYCLE PARTNERS,101 Plum Street,,Belmont,NC,28012,,"Benjamin N. Cooper, Tosha Wood",704-461-1987,ben@carolinarecycle.com; Toshawood@carolinarecycle.com; ib@ucsincny.com
CAROLINA RECYCLE PARTNERS,Location,,,,GITI - RICHBURG SC,GITI TIRE,1000 Giti Dr,,Richburg,SC,29729,,,,
CAROLINA RECYCLING & CONSULTING LLC,Inv/Remit,,,,INVOICE,CAROLINA RECYCLING & CONSULTING LLC,PO Box 1461,,Matthews,NC,28106,,Travis Langdale,704-324-3240,victoria@crc-recycling.com
CAROLINA RECYCLING & CONSULTING LLC,Location,,,,"CHARLOTTE, NC",Duramax Holdings LLC,12700 General Drive,,Charlotte,NC,28273,United States,Victoria Ritchie,(704) 324-3240,victoria@crc-recycling.com;
CAROLINA RECYCLING & CONSULTING LLC,Location,,,,"CHERAW, SC",CAROLINA RECYCLING & CONSULTING LLC,135 Dixie Pipeline Rd,,Cheraw,SC,29520,United States,Victoria Ritchie,803-374-5475,victoria@crc-recycling.com
CAROLINA RECYCLING & CONSULTING LLC,Location,,,,CHESTER SC,CAROLINA RECYCLING & CONSULTING LLC,515 Saluda Rd,,Chester,SC,29706,,Travis Langdale,843-908-0194,victoria@crc-recycling.com; chesterscale@crc-recycling.com;victoria@crc-recycling.com
CAROLINA RECYCLING & CONSULTING LLC,Location,,,,DALLAS TX,CAROLINA RECYCLING & CONSULTING LLC,1420 Barry Ave,,Dallas,TX,75223,,Oscar Rico,,oscar@crc-recycling.com; tiffany@crc-recycling.com;
CAROLINA RECYCLING & CONSULTING LLC,Location,,,,EL PASO TX,CAROLINA RECYCLING & CONSULTING LLC,5835 Wren Ave.,,El Paso,TX,79924,,Oscar Rico,,oscar@crc-recycling.com; tiffany@crc-recycling.com;
CAROLINA RECYCLING & CONSULTING LLC,Location,,,,ENNIS TX,CAROLINA RECYCLING & CONSULTING LLC,2501 Brombeck Street,,Ennis,TX,75119,,Oscar Rico,,oscar@crc-recycling.com; tiffany@crc-recycling.com;
CASCADES RECOVERY,Remit,,,,PRIMARY,CASCADES RECOVERY,66 Shorncliffe Road,,Toronto,ON,M8Z 5K1,,Susmit Mahalanabis,(585) 527-8110,susmit_mahalanabis@cascades.com; eoleschuk@recoverycascades.com;susmit_mahalanabis@cascades.com; eoleschuk@recoverycascades.com
CASCADES RECOVERY,Location,,,,CASCADES RECOVERY,CASCADES RECOVERY,384 Lee Road,,Rochester,NY,14606,United States,Susmit Mahalanabis,585-527-8110,susmit_mahalanabis@cascades.com; eoleschuk@recoverycascades.com
CASCADES RECOVERY,Location,,,,DEPEW,CASCADES RECOVERY,3241 Walden Ave,,Depew,NY,14043,United States,Susmit Mahalanabis,416-896-6340,susmit_mahalanabis@cascades.com; eoleschuk@recoverycascades.com
CASELLA WASTE SYSTEMS,Inv/Remit,,,,PRIMARY,CASELLA WASTE SYSTEMS,PO BOX 1364,,Williston,VT,5495,,Jeffrey Dumont,(207) 286-1668,Jeffrey.Dumont@casella.com;Jeffrey.Dumont@casella.com
CASELLA WASTE SYSTEMS,Location,,,,CASELLA WASTE SYSTEMS - AUBURN,CASELLA WASTE SYSTEMS,15 Hardscrabble Road,,Auburn,MA,1501,United States,Jeffrey Dumont,207 286 1668 ext 406,Jeffrey.Dumont@casella.com
CASELLA WASTE SYSTEMS,Location,,,,CASELLA WASTE SYSTEMS - CHARLESTOWN,CASELLA WASTE SYSTEMS,14 Bunker Hill Industrial Park,,Charlestown,MA,2129,United States,Jeffrey Dumont,207 286 1668,Jeffrey.Dumont@casella.com
CASELLA WASTE SYSTEMS,Location,,,,CASELLA WASTE SYSTEMS - CLAVERACK,CASELLA WASTE SYSTEMS,37 Salerno Drive,,Ghent,NY,12075,United States,Jeffrey Dumont,207-286-1668 ext 406,Jeffrey.Dumont@casella.com
CASELLA WASTE SYSTEMS,Location,,,,CASELLA WASTE SYSTEMS - JAMESTOWN,CASELLA WASTE SYSTEMS,2142 Lodestro Lane,,Jamestown,NY,14701,United States,Jeffrey Dumont,207 286 1668,Jeffrey.Dumont@casella.com
CASELLA WASTE SYSTEMS,Location,,,,CASELLA WASTE SYSTEMS - ONTARIO,CASELLA WASTE SYSTEMS,3566 Post Farm Road,,Stanley,NY,14561,United States,Jeffrey Dumont,207-286-1668 ext 406,Jeffrey.Dumont@casella.com
CASELLA WASTE SYSTEMS,Location,,,,CASELLA WASTE SYSTEMS - SACO,CASELLA WASTE SYSTEMS,110 Main Street - Suite 1308,,Saco,ME,4072,United States,Jeffrey Dumont,207 286 1668,Jeffrey.Dumont@casella.com
CASELLA WASTE SYSTEMS,Location,,,,CASELLA WASTE SYSTEMS - SCARBORO,CASELLA WASTE SYSTEMS,87 Pleasant Hill Rd,,Scarborough,ME,4074,United States,Casellarecyclingmarketing,(207) 286-1668,Casellarecyclingmarketing@casella.com; rpereira@ucsincny.com
CASELLA WASTE SYSTEMS,Location,,,,"CASELLA WASTE SYSTEMS - SPRINGFIELD, MA",CASELLA WASTE SYSTEMS,89 Guion St,,Springfield,MA,,United States,Jeffrey Dumont and Christine,413-263-6000,Jeffrey.Dumont@casella.com;  christine.howarth@casella.com; rp@scrapmanagement.com
CASELLA WASTE SYSTEMS,Location,,,,CASELLA WASTE SYSTEMS - TONAWANDA,CASELLA WASTE SYSTEMS,3755 River Road,,Tonawanda,NY,14150,United States,Steve Hannon,716-773-6666,steven.hannon@casella.com; daniel.klee@casella.com; john.renzoni@casella.com
CATAWBA PLASTICS,Inv/Remit,,,,INVOICE,CATAWBA PLASTICS,3007 Pickney Road,,CHESTER,SC,29706,United States,Kerri,(803) 581-5855,catplastic@truvista.net; sales2@scrapmanagement.com
CAVALRY TRUCKING LLC,Primary,,,,INVOICE,CAVALRY TRUCKING LLC,PO Box 262,,Bridgewater Corners,VT,5035,,Jen Beliveau,(802) 752-7768,cavalrybrokerage.jmb@gmail.com; jbeliveau@cavalrybrokerage.com
,Remit,,,,REMIT,CAVALRY BROKERAGE INC,214 Black Oak Rd,,Harriman,TN,37748,United States,,,
CCR IND LLC,Remit,,,,INVOICE,CCR IND LLC,PO Box 1411,,Tullahoma,TN,37388,,Sharon Tobitt,931-581-0972,sharon@ccrind.com; dan@ccrind.com; daniel@ccrttn.com; sa@scrapmanagement.com
CCR IND LLC,Location,,,,EAST CARROLL ST PLANT,CCR,411 E Carroll Street,,Tullahoma,TN,37388,,Dan Tobitt,931-581-2318,dan@ccrind.com; daniel@ccrttn.com; sharon@ccrind.com; sa@scrapmanagement.com
CEDAR POLY LLC,Remit,,,,PRIMARY,CEDAR POLY LLC,200 Commerce Blvd,,Tipton,IA,52772,,Kelli Hamilton,(563) 886-2811,cedarpoly@iowatelecom.net; cprecycling@iowatelecom.net; ab@ucsincny.com
CEDAR RIDGE MINISTRIES RECYCLING,Remit,,,,INVOICE,CEDAR RIDGE MINISTRIES RECYCLING,537 South 10th St,,Williamsburg,KY,40769,United States,Keith Decker,(606) 549-1372,keithdecker31@gmail.com; sales2@scrapmanagement.com; ib@scrapmanagement.com
CEDAR RIDGE MINISTRIES RECYCLING,Location,,,,PICK UP LOCATION,CEDAR RIDGE MINISTRIES RECYCLING,189 Keller Rd,,Williamsburg,KY,40769,United States,Keith Decker,(606) 549-1372,keithdecker31@gmail.com
CEDRUS NURSERY,Remit,,,,PRIMARY,CEDRUS NURSERY,49 Sewal Rd,,Bridgeton,NJ,8302,,aa,(856) 455-4342,aa@scrapmanagement.com
CELLMARK INC,Invoice,,,,PRIMARY,CELLMARK INC,1200 MacArthur Blvd,Suite 206,Mahwah,NJ,7430,,Kevin Prins,201-286-9196,kevin.prins@cellmark.com; ib@scrapmanagement.com;kevin.prins@cellmark.com; ib@scrapmanagement.com
CELLMARK INC,Location,,,,CELLMARK INC,INTERGRATED PAPER RECYCLING,21 Clark Street,,No. Andover,MA,1854,United States,Kevin Prince,978-688-9009,ecinvoice@cellmark.com
CELLMARK INC,Location,,,,CENTERBURG OH,CELLMARK INC,6589 Bennington Chapel Road,,Centerburg,OH,43011,,Emily Binelli,203-299-5083,emily.binelli@cellmark.com
CELLMARK INC,Location,,,,CONYERS GA,Solo Cup Operating Corporation - Conyers - SCOC,1455 Highway 138 NE,,Conyers,GA,30013,,Emily Binelli,203-299-5083,emily.binelli@cellmark.com;emily.binelli@cellmark.com;emily.binelli@cellmark.com
CELLMARK INC,Location,,,,DART RANDLEMAN NC,DART Container Corp,3219 Wesleyan Road,,Randleman,NC,27317,,,,
CELLMARK INC,Location,,,,KINGSPORT TN,Eastman Chemical Company,"KPT, B-593, MPP Facility","1781, Warrick Dr",Kingsport,TN,37660,,Jan,203-299-5092,jan.brito@cellmark.com
CELLMARK INC,Location,,,,LANCASTER PA,Dart Container Corporation of Pennsylvania - Lancaster-DCCPA,110 Pitney Rd,,Lancaster,PA,17602,,Emily Binelli,203-299-5083,emily.binelli@cellmark.com;emily.binelli@cellmark.com
CELLMARK INC,Remit,,,,PRIMARY ADDRESS,CELLMARK INC,80 Washington Street,,Norwalk,CT,6854,,,,
CELLMARK INC,Location,,,,SOCIAL CIRCLE GA,CELLMARK INC,2887 Social Circle Parkway,,Social Circle,GA,30025,,Emily Binelli,203-299-5083,emily.binelli@cellmark.com
CENTENNIAL CONTAINER,Remit,,,,INVOICE,CENTENNIAL CONTAINER,13105 East 38th Avenue Unit 58,,Denver,CO,80239,,Jim Noon,(303) 371-7700,jimnoon@centennialcontainer.com; sales2@scrapmanagement.com
CENTRAL CONVERTING,Remit,,,,INVOICE,CENTRAL CONVERTING,PO Box 324,,Riverton,MN,56455,,Bill Wessel,(218) 824- 0009,bill@centralconverting.com; ab@scrapmanagement.com
CENTRAL CONVERTING,Location,,,,"RIVERTON, MN",CENTRAL CONVERTING,21297 County Road 59,,Riverton,MN,56455,,Bill Wessel,(218) 824- 0009,bill@centralconverting.com;
CENTRAL STATES REPROCESSING LLC,Inv/Remit,,,,INVOICE,CENTRAL STATES REPROCESSING LLC,4121 NW 37th Street,,Lincoln,NE,68504,United States,Troy Burgess,(402) 470-0007,troy@csrlnk.com; ib@ucsincny.com; abuyanovskiy@ucsincny.com
CENTRAL STATES REPROCESSING LLC,Location,,,,LAMAR MO,"Standley Plastic, INC",705 East 20th Street,,Lamar,MO,64749,United States,,,
CENTRE COUNTY RECYCLING & REFUSE,Remit,,,,INVOICE,CENTRE COUNTY RECYCLING & REFUSE,253 Transfer Road,,Bellefonte,PA,16823,,Brenda Hampton,(814) 238-7005,BHampton@centrecountyrecycles.org; rp@scrapmanagement.com
CENTURION CONTAINER LLC,Primary,,,,INVOICE,CENTURION CONTAINER LLC,4330 Chesapeake Dr,,Charlotte,NC,28216,,Alan Bauer,704-399-6766,al.bauer@c-containers.com; lm@scrapmanagement.com
CENTURION CONTAINER LLC,Remit,,,,PRIMARY ADDRESS,CENTURION CONTAINER LLC,15555 SOUTH LASALLE ST,,SOUTH HOLLAND,IL,60473,,,,
CERTIFIED ENTERPRISES,Inv/Remit,,,,INVOICE,CERTIFIED ENTERPRISES,555. S. Rose Street,,Anaheim,CA,92805,,Justin Dalton,,Justin@certifiedusa.net; ibeylin@ucsincny.com
CGS SERVICES INC.,Remit,,,,PRIMARY,CGS SERVICES INC.,PO Box 212,,Morristown,IN,46161,,Chris Ross,(765) 763-6258,cross@cgsservices.com;cross@cgsservices.com
CGS SERVICES INC.,Location,,,,CGS SERVICES INC.,CGS SERVICES INC.,2920 E. US 52,,Morristown,IN,46161,United States,Chris Ross,(765) 763-6258,cross@cgsservices.com
CH ROBINSON,Remit,,,,PRIMARY,CH ROBINSON,P.O. Box 9121,,Minneapolis,MN,55480-9121,,Kristen Garofalo,314-957-9000,Kristen.Garofalo@chrobinson.com;Kristen.Garofalo@chrobinson.com
CHAMBERS DRUM CO INC,Remit,,,,INVOICE,CHAMBERS DRUM CO INC,PO BOX 1010,,Fairburn,GA,30213,,Alex Bowen,(770) 964-7467,Alex@chambersdrum.com
CHAMBERS DRUM CO INC,Location,,,,PRIMARY ADDRESS,CHAMBERS DRUM CO. INC.,71 Roberts Street,,Fairburn,GA,30213,,Alex Bowen,(770) 964-7467,Alex@chambersdrum.com
CHAMPION POLYMER RECYCLING,Invoice,,,,INVOICE,CHAMPION POLYMER RECYCLING,2600 Corporate Drive,,Winchester,KY,40391,,Greta Potter,(859) 745-3784,GPotter@infiltratorwater.com
CHANNELED RESOURCES GROUP,Remit,,,,PRIMARY,CHANNELED RESOURCES GROUP,Dept # 10129,PO Box 87618,Chicago,IL,60680-0618,,Jim Loos,(715) 573-7494,jloos@channeledresources.com;credit@channeledresources.com; ab@ucsincny.com
CHANNELED RESOURCES GROUP,Location,,,,CHANNELED RESOURCES - INDY,CHANNELED RESOURCES GROUP,6555 East 30th,Street Suite B,Indianapolis,IN,46219,,Kevin (715) 203-5653,(715) 842-0389,jloos@channeledresources.com;
CHANNELED RESOURCES GROUP,Location,,,,CHANNELED RESOURCES - MOOSIC,CHANNELED RESOURCES GROUP,4949 Birney Ave,,Moosic,PA,185007,,Jim Loos,(715) 842-0389,jloos@channeledresources.com;credit@channeledresources.com
CHANNELED RESOURCES GROUP,Location,,,,CHANNELED RESOURCES - WAUSAU,CHANNELED RESOURCES GROUP,820 South 66th Street,,Wausau,WI,54401,United States,Jim Loos,(715) 842-0389,jloos@channeledresources.com;credit@channeledresources.com
CHESAPEAKE MATERIALS SERVICES LLC,Inv/Remit,,,,INVOICE,CHESAPEAKE MATERIALS SERVICES LLC,1157 Mayo Road,Suite 310,Mayo,MD,21106,,Savannah Hatch,(443) 585-0754,savannah@cmsplastic.com; megan@cmsplastic.com; rainey@cmsplastic.com
CHESAPEAKE MATERIALS SERVICES LLC,Location,,,,"Bridgeport, CT",SEAVIEW PLASTIC RECYCLING,938 Crescent Avenue,,Bridgeport,CT,6607,,,,
CHESAPEAKE MATERIALS SERVICES LLC,Location,,,,DAYTON OH,COMPOSITE TECHNOLOGIES For CMS,943 Woodley Rd,,Dayton,OH,45403,,,,
CHESAPEAKE MATERIALS SERVICES LLC,Location,,,,SPRINGFIELD VA,GSA Springfield For CMS,6810 Loisdale Rd,Loading Dock 32,Springfield,VA,22150,,Savannah Hatch,(443) 219-0683,savannah@cmsplastic.com;savannah@cmsplastic.com
CHESAPEAKE MATERIALS SERVICES LLC,Location,,,,"TIPTON, IA","Cedar Poly - Dekorators, Inc.",200 Commerce Blvd,,Tipton,IA,52772,United States,Savannah Hatch,,savannah@cmsplastic.com
CHOCTAW NATION RECYCLING CENTER,Invoice,,,,INVOICE,CHOCTAW NATION RECYCLING CENTER,3108 Enterprise Drive,,Durant,OK,74701-1922,,Douglas Bailey,(580) 920-0488,dtbailey@choctawnation.com; jthomas@choctawnation.com
CHOCTAW NATION RECYCLING CENTER,Location,,,,"DURANT, OK",CHOCTAW NATION RECYCLING CENTER,3408 Wes Watkins Blvd,,Durant,OK,74701,United States,Douglas Bailey,(580) 920-0488,y@choctawnation.com; jthomas@choctawnation.com
CHOCTAW NATION RECYCLING CENTER,Location,,,,"POTEAU, OK",CHOCTAW NATION RECYCLING CENTER,304 Kerr Avenue,,Poteau,OK,74953,United States,Douglas Bailey,(580) 920-0488,dtbailey@choctawnation.com; jthomas@choctawnation.com
CHOCTAW NATION RECYCLING CENTER,Remit,,,,PRIMARY ADDRESS,CHOCTAW NATION RECYCLING CENTER,AB#55,PO BOX 1210,DURANT,OK,74702,,,,
CHOICE PLASTICS INC,Inv/Remit,,,,INVOICE,CHOICE PLASTICS INC,5338 Shoreline Dr,,Mound,MN,55364,,Dan Mayer,(952) 472-3070,dan.mayer@choiceplastics.com
CHOPTANK TRANSPORT INC,Remit,,,,INVOICE,CHOPTANK TRANSPORT INC,PO Box 99,,Preston,MD,21655,United States,Timothy Bender,443-227-4738,TBENDER@hubgroup.com
CHS PLASTICS INC,Inv/Remit,,,,INVOICE,CHS PLASTICS INC,1750 Hwy 160 West,Suite 101-166,Fort Mill,SC,29708,,Chuck Stoudemire,843-858-1966,chuck@chsplasticsinc.com; ab@scrapmanagement.com;chuck@chsplasticsinc.com; ab@scrapmanagement.com
CHS PLASTICS INC,Location,,,,ANDERSON SC,ACI PLASTICS,435 E. Shockley Ferry Rd,,Anderson,SC,29624,United States,Chuck Stoudemire,843-858-1966,chuck@chsplasticsinc.com
CHS PLASTICS INC,Location,,,,ARBUTUS MD,GEORGETOWN PAPER,1404 Benson Court,,Arbutus,MD,21227,United States,Chuck Stoudemire,843-858-1966,chuck@chsplasticsinc.com
CHS PLASTICS INC,Location,,,,"ASHEBORO, NC",COVANTA For CHS PLASTICS INC,2242 Carl Drive,,Asheboro,NC,27203,,Chuck Stoudemire,843-858-1966,chuck@chsplasticsinc.com; ab@scrapmanagement.com;chuck@chsplasticsinc.com; ab@scrapmanagement.com;chuck@chsplasticsinc.com; ab@scrapmanagement.com
CHS PLASTICS INC,Location,,,,ATLANTIC WAREHOUSE,"CHS PLASTICS, INC.",8300 Moores Chapel Road,,Charlotte,NC,28214,,Chuck Stoudemire,843-858-1966,chuck@chsplasticsinc.com
CHS PLASTICS INC,Location,,,,"BALTIMORE, MD (ENCORE)",ENCORE RECYCLING,13211 Konterra Drive,,Laurel,MD,20707,,Kevin Bradford,410-813-2610,
CHS PLASTICS INC,Location,,,,"BEAVERTON, OR",INTERNATIONAL PAPER,5505 SW Western Avenue,,Beaverton,OR,97005,,Chuck Stoudemire,843-858-1966,chuck@chsplasticsinc.com
CHS PLASTICS INC,Location,,,,BURLINGTON NC,GREEN LIFE WASTE SOLUTIONS,673 Gilmer Street,,Burlington,NC,27217,,Chuck Stoudemire,843-858-1966,chuck@chsplasticsinc.com
CHS PLASTICS INC,Location,,,,"CARROLLTON, TX","CHS PLASTICS, INC.",INTERNATIONAL PAPER,2015 Country Club Dr.,Carrollton,TX,75006,,Chuck,(843) 858-1966,
CHS PLASTICS INC,Location,,,,"CEDAR FALLS, IA",City Carton Recycling,1415 E Dunkerton Rd,,Cedar Falls,IA,50613,,Chuck Stoudemire,843-858-1966,chuck@chsplasticsinc.com
CHS PLASTICS INC,Location,,,,"CEDAR RAPIDS, IA","CHS PLASTICS, INC.",901 Ingleside Drive,,Cedar Rapids,IA,52404,,Rory Gosch,843-858-1966,chuck@chsplasticsinc.com
CHS PLASTICS INC,Location,,,,CHARLOTTE - MALPACK,MALPACK,11107 S Commerce Blvd,SUITE R,Charlotte,NC,28273,,,,
CHS PLASTICS INC,Location,,,,"CHARLOTTE, NC",INTERNATIONAL PAPER,201 East 28th Street,,Charlotte,NC,28206,United States,Chuck Stoudemire,843-858-1966,chuck@chsplasticsinc.com
CHS PLASTICS INC,Location,,,,"CHESTER, VA",Shoosmith Landfill,11800 Lewis Rd.,,Chester,VA,23831,,Chuck Stoudemire,843-858-1966,chuck@chsplasticsinc.com
CHS PLASTICS INC,Location,,,,"DES MOINES, IA",INTERNATIONAL PAPER,2800 Dixon St,,Des Moines,IA,50316-1830,United States,Chuck Stoudemire,843-858-1966,chuck@chsplasticsinc.com
CHS PLASTICS INC,Location,,,,"DURHAM, NC","CHS PLASTICS, INC.",Orange Recycling Services,1010 E Pettigrew St,Durham,NC,27701,,Teresa Jones,843-858-1966,chuck@chsplasticsinc.com
CHS PLASTICS INC,Location,,,,EMMETSBURG IA,POET BIOPROCESSING - FOR CHS PLASTICS,4724 380th Street,,Emmetsburg,IA,50536,,Joe,712-298-4707,
CHS PLASTICS INC,Location,,,,ENNIS TX,CHS PLASTICS INC,202 Cedar Road,,Ennis,TX,75119,,Steve Brock,972-872-2237,
CHS PLASTICS INC,Location,,,,"EUGENE, OR",INTERNATIONAL PAPER,3425 East 17th Ave,,Eugene,OR,97403,United States,Chuck Stoudemire,843-858-1966,chuck@chsplasticsinc.com
CHS PLASTICS INC,Location,,,,FONTANA CA,CHS PLASTICS INC,11800 Industry Ave,,Fontana,CA,92337,,Bridgette Nielsen,,
CHS PLASTICS INC,Location,,,,Fremont CA,INTERNATIONAL PAPER,42305 Albrae St,,Fremont,CA,94538,United States,chuck,843-858-1966,chuck@chsplasticsinc.com
CHS PLASTICS INC,Location,,,,"GREER, SC",Industrial Recovery Recycling,3100 Green Rd,,Greer,SC,29651,United States,Chuck Stoudemire,843-858-1966,chuck@chsplasticsinc.com
CHS PLASTICS INC,Location,,,,HIGH POINT,"CHS PLASTICS, INC.",2325 E Kivett Dr,,High Point,NC,,,Chuck Stoudemire,843-858-1966,chuck@chsplasticsinc.com
CHS PLASTICS INC,Location,,,,HIGH RIDGE,On Behalf of CHS Plastics,Classic Films Inc.,2225 Gravois Road,High Ridge,MO,63049,,Chuck Stoudemire,843-858-1966,chuck@chsplasticsinc.com
CHS PLASTICS INC,Location,,,,"INDIANAPOLIS, IN",HERITAGE MATERIALS MANAGEMENT,1102 Roosevelt Ave,,Indianapolis,IN,46202,,,,
CHS PLASTICS INC,Location,,,,"ITASCA, IL",INTERNATIONAL PAPER,1225 W Bryn Mawr Ave,,Itasca,IL,60143,United States,Chuck Stoudemire,843-858-1966,chuck@chsplasticsinc.com
CHS PLASTICS INC,Location,,,,"KALAMAZOO, MI",RVP NORTH,2221 Palmer Ave,,Kalamazoo,MI,49001,,Tim Redmond,269-317-5121,
CHS PLASTICS INC,Location,,,,"KENT, WA",INTERNATIONAL PAPER,1225 6th Avenue North,,Kent,WA,98032,,Chuck Stoudemire,843-858-1966,chuck@chsplasticsinc.com
CHS PLASTICS INC,Location,,,,"KINGSPORT, TN","CHS PLASTICS, INC.",121 Press Road,,Church Hill,TN,37642,,chuck,843-858-1966,chuck@chsplasticsinc.com
CHS PLASTICS INC,Location,,,,"LAS VEGAS, NV",Alliance Plastics,4680 Calimesa St,,Las Vegas,NV,89115,,Chuck Stoudemire,843-858-1966,chuck@chsplasticsinc.com; ab@scrapmanagement.com;chuck@chsplasticsinc.com; ab@scrapmanagement.com
CHS PLASTICS INC,Location,,,,"MANCHESTER, TN",VICAM,320 Park Tower Rd.,,Manchester,TN,37355,,,,
CHS PLASTICS INC,Location,,,,MAPLE GROVE MN,GAF for CHS PLASTICS,8175 Jefferson Hwy,,Maple Grove,MN,55369,,,,
CHS PLASTICS INC,Location,,,,"MAYSVILLE, KY",FEDERAL-MOGUL MOTORPARTS,1072 Progress Way,,Maysville,KY,41056,,Chuck Stoudemire,843-858-1966,chuck@chsplasticsinc.com
CHS PLASTICS INC,Location,,,,MICHIGAN CITY IN,GAF for CHS PLASTICS,505 N Roeske Ave,,Michigan City,IN,46360,,Greg Pearson,219-304-0953,Greg.Pearson@GAF.com;Greg.Pearson@GAF.com;Greg.Pearson@GAF.com;Greg.Pearson@GAF.com;Greg.Pearson@GAF.com
CHS PLASTICS INC,Location,,,,"MOUNT PLEASANT, SC",CHS PLASTICS INC,1355 Sweetgrass Basket Parkway,,Mount Pleasant,SC,29466,,Chuck Stoudemire,843-858-1966,chuck@chsplasticsinc.com;
CHS PLASTICS INC,Location,,,,MYERSTOWN PA,GAF For CHS PLASTICS,401 Weavertown Road,,Myerstown,PA,17067,,Chuck Stoudemire,803-560-3097,chs@chsplasticsinc.com;chs@chsplasticsinc.com
CHS PLASTICS INC,Location,,,,NEW LONDON NC,FIBERON,44017 Hwy 52 N,,New London,NC,28127,,Chuck Stoudemire,843-858-1966,chuck@chsplasticsinc.com;chuck@chsplasticsinc.com
CHS PLASTICS INC,Location,,,,"OMAHA, NE",INTERNATIONAL PAPER FOR CHS PLASTICS,7202 N 16th Street,,Omaha,NE,68112,United States,Chuck Stoudemire,843-858-1966,chuck@chsplasticsinc.com
CHS PLASTICS INC,Location,,,,PIEDMONT SC,RESIDUE RECYCLING for CHS Plastics,750 Estes Drive,,Piedmont,SC,29673,,Chuck Stoudemire,843-858-1966,chuck@chsplasticsinc.com;;chuck@chsplasticsinc.com;
CHS PLASTICS INC,Location,,,,"RICHMOND, VA",INTERNATIONAL PAPER,1308 Jefferson Davis Hwy,,Richmond,VA,23224,,Chuck Stoudemire,843-858-1966,chuck@chsplasticsinc.com
CHS PLASTICS INC,Location,,,,"ROCK HILL, SC",ALLIANCE PLASTICS,2751 Commerce Drive,,Rock Hill,SC,29730,,Chuck Stoudemire,843-858-1966,chuck@chsplasticsinc.com
CHS PLASTICS INC,Location,,,,"ROCK HILL, SC - DHL WAREHOUSE","CHS PLASTICS, INC.",996 Paragon Way,,Rock Hill,SC,29730,,,,
CHS PLASTICS INC,Location,,,,"ROCKVILLE, MD",GEORGETOWN PAPER,14820 Southlawn Ln,,Rockville,MD,20850,United States,Chuck Stoudemire,843-858-1966,chuck@chsplasticsinc.com
CHS PLASTICS INC,Location,,,,ROGERS MN,GDB CIRCULAR For CHS PLASTICS,19850 S Diamond Lake Rd,,Rogers,MN,55374,,Chuck Stoudemire,843-858-1966,chuck@chsplasticsinc.com; ab@scrapmanagement.com;chuck@chsplasticsinc.com; ab@scrapmanagement.com;chuck@chsplasticsinc.com; ab@scrapmanagement.com
CHS PLASTICS INC,Location,,,,"ROSEVILLE, MN",INTERNATIONAL PAPER,2425 Terminal Road,,Roseville,MN,55113,United States,Chuck Stoudemire,843-858-1966,chuck@chsplasticsinc.com
CHS PLASTICS INC,Location,,,,SHAFTER CA,GAF for CHS PLASTICS INC,6505 Zerker Rd,,Shafter,CA,93263,,Chuck Stoudemire,843-858-1966,chuck@chsplasticsinc.com; ab@scrapmanagement.com;chuck@chsplasticsinc.com; ab@scrapmanagement.com;chuck@chsplasticsinc.com; ab@scrapmanagement.com
CHS PLASTICS INC,Location,,,,"SHELBYVILLE, TN",ABStretch,1624 Railroad Ave,,Shelbyville,TN,37160,,Chuck Stoudemire,843-858-1966,chuck@chsplasticsinc.com
CHS PLASTICS INC,Location,,,,"SMYRNA, TN",Nissan North America,983 Nissan Dr,,Smyrna,TN,37167,,chuck,843-858-1966,chuck@chsplasticsinc.com
CHS PLASTICS INC,Location,,,,SONOCO (CHARLOTTE),"CHS PLASTICS, INC.",3901 Barringer Dr,,Charlotte,NC,28217,,,,
CHS PLASTICS INC,Location,,,,SONOCO (JACKSONVILLE),SONOCO RECYCLING,417 Meadowview Road,,Jacksonville,NC,28540,,Chuck Stoudemire,843-858-1966,chuck@chsplasticsinc.com
CHS PLASTICS INC,Location,,,,SONOCO (RALEIGH),SONOCO RECYCLING,111 South Rogers Lane,,Raleigh,NC,27610,United States,Chuck Stoudemire,843-858-1966,chuck@chsplasticsinc.com
CHS PLASTICS INC,Location,,,,"SOUTH BRUNSWICK, NJ",GDB,461 Ridge Rd,,South Brunswick,NJ,8852,United States,Chuck,,
CHS PLASTICS INC,Location,,,,"SPRINGFIELD, OR",INTERNATIONAL PAPER,800 48th Street,,Springfield,OR,97478,,Chuck Stoudemire,843-858-1966,chuck@chsplasticsinc.com
CHS PLASTICS INC,Location,,,,ST CLOUD,"CHS PLASTICS, INC.",550 4 1/2 ST NE,,St Cloud,MN,56304,United States,,,
CHS PLASTICS INC,Location,,,,"STERICYCLE - REIDSVILLE, NC",Stericycle Environmental Solutions,211 Rockingham Drive,,Reidsville,NC,27320,,Chuck Stoudemire,843-858-1966,chuck@chsplasticsinc.com
CHS PLASTICS INC,Location,,,,TAMPA FL,GAF,5138 Madison Avenue,,Tampa,FL,33619,,Chuck,803-560-3097,chs@chsplasticsinc.com;chs@chsplasticsinc.com
CHS PLASTICS INC,Location,,,,"WICHITA, KS",INTERNATIONAL PAPER FOR CHS PLASTICS,4300 W 29TH ST CIR S,,Wichita,KS,67215,,,,
CIMCO RESOURCES INC,Invoice,,,,INVOICE,CIMCO RESOURCES INC,1616 Windsor Rd,,Loves Park,IL,61111,,Chad Hoversten,,choversten@cimcoresources.com; lhorton@cimcorecycling.com
CIMCO RESOURCES INC,Remit,,,,PRIMARY ADDRESS,CIMCO RESOURCES INC,P.O. Box 15427,,Loves Park,IL,61132,,,,
CIMCO RESOURCES INC,Location,,,,ROCK FALLS IL,Precision Metal Industries For CIMCO,41 US Highway 30,,Rock Falls,IL,61071,,Katie Turner,815.535.0547,
CIMCO RESOURCES INC,Location,,,,STERLING IL,CIMCO RESOURCES INC,13509 Galt Rd,,Sterling,IL,61081,,Chad,815.380.2280,
CIRCLE PACKAGING CO,Remit,,,,INVOICE,CIRCLE PACKAGING CO,3847 Edwards Rd,,Newtown,OH,45244-2408,United States,Carolyn Kline,(513) 561-7715,circlepkg@fuse.net; ibeylin@scrapmanagement.com
CITY CARTING & RECYCLING,Remit,,,,INVOICE,CITY CARTING & RECYCLING,P.O. Box 412574,,Boston,MA,6907,,Chris,(201) 870-3600,CRHughes@win-waste.com; rp@scrapmanagement.com;CRHughes@win-waste.com; rp@scrapmanagement.com
CITY CARTING & RECYCLING,Location,,,,CITY CARTING & RECYCLING,CITY CARTING & RECYCLING,61 Taylor Reed Place,,Stamford,CT,6907,United States,Chris,,
CITY CARTING & RECYCLING,Location,,,,PRIMARY ADDRESS,"Charles George Companies, Inc",P.O. Box 844823,,Boston,MA,02284-4823,,,,
CITY CARTING WESTCHESTER,Remit,,,,INVOICE,CITY CARTING WESTCHESTER,P.O. Box 339,,Yonkers,NY,10710,United States,Chris Oxer,(203) 667- 6550,chrisox@ccowny.com; rp@scrapmanagement.com
CITY FIBERS INC,Inv/Remit,,,,INVOICE,CITY FIBERS INC,PO Box 58646,,Los Angeles,CA,90058,,Pedro Moreno,(323) 583-1013,kipp@cityfibers.com; pedro@cityfibers.com; imelda@cityfibers.com; bertha@cityfibers.com; susy@cityfibers.com; ib@ucsincny.com
CITY FIBERS INC,Location,,,,LA,CITY FIBERS INC,2500 South Santa Fe Avenue,,Los Angeles,CA,90058,,Pedro Moreno,(323) 583-1013,kipp@cityfibers.com; pedro@cityfibers.com; imelda@cityfibers.com; bertha@cityfibers.com; ibeylin@ucsincny.com
CITY FIBERS INC,Location,,,,VALLEY,CITY FIBERS INC,16714 Schoenborn St,,North Hills,CA,91343,,Jecy Rogriguez,(818) 895-7203,kipp@cityfibers.com; jecy@cityfibers.com; imelda@cityfibers.com; bertha@cityfibers.com; susy@cityfibers.com; ibeylin@ucsincny.com
CITY FIBERS INC,Location,,,,WASHINGTON 2,CITY FIBERS INC,3033 E. Washington Blvd,,Los Angeles,CA,90023,United States,,,
CITY OF GULF SHORES,Remit,,,,INVOICE,CITY OF GULF SHORES,19901 W 36th Ave,,Gulf Shores,AL,36542,,Todd Tidwell,,Ttidwell@gulfshoresal.gov
CITY OF HIGH POINT,Remit,,,,INVOICE,CITY OF HIGH POINT,5875 Riverdale Drive,,Jamestown,NC,27282,,Jean Alexander,336.883.3623,jean.alexander@highpointnc.gov; ib@scrapmanagement.com
CITY OF HIGH POINT,Location,,,,JAMESTOWN NC,HIGH POINT MRF,5875 Riverdale Drive,,Jamestown,NC,27282,,,,
CITY OF LAURINBURG,Remit,,,,INVOICE,CITY OF LAURINBURG,503 Hall Street,,Laurinburg,NC,28352,,Angie Foster,(910) 276-2364,afoster@laurinburg.org; ib@scrapmanagement.com
CITY OF PLAINVIEW,Remit,,,,INVOICE,CITY OF PLAINVIEW,1018 E 4th Street,,Plainview,TX,79072,,Brock Lively,(806) 296-1152,blively@plainviewtx.org; ib@scrapmanagement.com
CJ POLY,Inv/Remit,,,,INVOICE,CJ POLY,911 Markley,,Plymouth,IN,46563,,Chris Peregrine,866-521-1317,chris@cjpoly.com; sa@scrapmanagement.com
CL FREIGHTS,Remit,,,,INVOICE,CL FREIGHTS,"8102 W Chester Pike, Ste 105",,Upper Darby,PA,19082,,Chris Parker,,chris@clfreights.com
CLINTON NURSERIES INC,Remit,,,,PRIMARY,CLINTON NURSERIES INC,517 POND MEADOW ROAD,BOX 679,Westbrook,CT,6498,,Mario Lupone,(860) 399-2054,MLupone@cngrp.com;MLupone@cngrp.com
CLOROX SERVICES COMPANY,Remit,,,,INVOICE,CLOROX SERVICES COMPANY,Attn: Procure to Pay,"4900 Johnson Drive , A1-120",Pleasanton,CA,94588,,Shylaja Sundaresam,,Shylaja.Sundaresam@clorox.com
CLOROX SERVICES COMPANY,Location,,,,ROGERS AR,CLOROX SERVICES COMPANY,1700 N. 13th St,,Rogers,AR,72756,,Agustin Bettatis,479-246-6250,AGUSTIN.BETTATIS@clorox.com; BENTON.WILKERSON@clorox.com; Rogers.Shipping.Receiving@clorox.com; NIKITA.BAZZELLEKAYS@CLOROX.COM;;AGUSTIN.BETTATIS@clorox.com; BENTON.WILKERSON@clorox.com; Rogers.Shipping.Receiving@clorox.com; NIKITA.BAZZELLEKAYS@CLOROX.COM;;AGUSTIN.BETTATIS@clorox.com; BENTON.WILKERSON@clorox.com; Rogers.Shipping.Receiving@clorox.com; NIKITA.BAZZELLEKAYS@CLOROX.COM;;AGUSTIN.BETTATIS@clorox.com; BENTON.WILKERSON@clorox.com; Rogers.Shipping.Receiving@clorox.com; NIKITA.BAZZELLEKAYS@CLOROX.COM;
CLOROX SERVICES COMPANY,Location,,,,ROGERS AR - WSP,"WSP, INC",1201 N Dixieland Rd,,Rogers,AR,72756,,Jacque Henderson,479-636-9602,jacque@wsp-inc.com; eric@wsp-inc.com; AGUSTIN.BETTATIS@CLOROX.COM;  BENTON.WILKERSON@CLOROX.COM;;jacque@wsp-inc.com; eric@wsp-inc.com; AGUSTIN.BETTATIS@CLOROX.COM;  BENTON.WILKERSON@CLOROX.COM;
CLOROX SERVICES COMPANY,Location,,,,WEST MONROE LA,LPCC For CLOROX,503 Downing Pines Road,,West Monroe,LA,71292,,,,
CLOSE THE LOOP PLASTIC RECYCLING,Remit,,,,INVOICE,CLOSE THE LOOP PLASTIC RECYCLING,2300 Montana Avenue,Suite 102,Cincinnati,OH,45211,,Greg Winans,513-541-9800,Greg.Winans@closetheloop.com
CLOSE THE LOOP PLASTIC RECYCLING,Location,,,,CINCINNATI OH,CLOSE THE LOOP PLASTIC RECYCLING,3702 Dirr St,Dock 7 & 8,Cincinnati,OH,45223,,Kathy Hooker,513-541-9800,kathy@closetheloop.com; Greg.Winans@closetheloop.com;kathy@closetheloop.com; Greg.Winans@closetheloop.com;kathy@closetheloop.com; Greg.Winans@closetheloop.com;kathy@closetheloop.com; Greg.Winans@closetheloop.com
CLOVER PLASTICS LLC,Inv/Remit,,,,INVOICE,CLOVER PLASTICS LLC,1145 Howard Dr.,,West Chicago,IL,60185,United States,Kevin McNulty,630.473.6488,kmcnulty@cloverplastic.com; emcnulty@cloverplastic.com; ib@scrapmanagement.com
COFFEE COUNTY RECYCLING CENTER,Inv/Remit,,,,INVOICE,COFFEE COUNTY RECYCLING CENTER,101 Wilson St.,,Tullahoma,TN,37388,,Robert Boehm,(931) 581-2912,Robert@ccrttn.net; erica@ccrttn.net; sa@scrapmanagement.com
COFFEE COUNTY RECYCLING CENTER,Location,,,,EAST CARROLL ST PLANT,COFFEE COUNTY RECYCLING CENTER,411 East Carroll Street,,Tullahoma,TN,37388,United States,Robert Boehm,931-581-2318,Robert@ccrttn.net; erica@ccrttn.net
COFFEE COUNTY RECYCLING CENTER,Location,,,,P&M SERVICES,P&M SERVICES,705 Lakeway Place,,Tullahoma,TN,37388,,,,
COLGATE PAPER STOCK,Remit,,,,PRIMARY,COLGATE PAPER STOCK,12 Industrial Drive,,New Brunswick,NJ,8901,,Joe DiNardi & Will Hagerty,(732) 246-8446,Will.Hagerty@colgatepaper.com; joe.dinardi@colgatepaper.com; cathy.aloise@colgatepaper.com; aa@scrapmanagement.com;Will.Hagerty@colgatepaper.com; joe.dinardi@colgatepaper.com; cathy.aloise@colgatepaper.com; aa@scrapmanagement.com
COLLINS PALLET RECYCLING,Inv/Remit,,,,INVOICE,COLLINS PALLET RECYCLING,1584 Blaine St,,Gary,IN,46406,,Carrie Collins,219-292-3389,carrie@collinspallet.com; ab@scrapmanagement.com
COLUMBIA RECYCLING CORPORATION,Inv/Remit,,,,INVOICE,COLUMBIA RECYCLING CORPORATION,P. O. BOX 2101,,DALTON,GA,30722,,Rob Goldberg,(706) 278-4701,rgoldberg@columbiarecyclingcorp.org; ib@ucsincny.com
COLUMBIA RECYCLING CORPORATION,Location,,,,CHATTANOOGA AVE,COLUMBIA RECYCLING CORPORATION,1001 Chattamooga Avenue,,Dalton,GA,30720,,,,
COLUMBIA RECYCLING CORPORATION,Location,,,,DIXIE HIGHWAY,COLUMBIA RECYCLING CORPORATION,"2410 S, Dixie Hwy",,Dalton,GA,30720,,,,
COMBINED RESOURCES,Remit,,,,PRIMARY,COMBINED RESOURCES,1750 West Fullerton Ave,,Addison,IL,60101,,Mark Durante,(630) 916-1804,Mark@combinedresources.us; lm@scrapmanagement.com
COMMAND TRANSPORTATION LLC,Remit,,,,PRIMARY,COMMAND TRANSPORTATION LLC,2633 Paysphere Circle,,Chicago,IL,60674,,Chris Reddy,(847) 213-2467,creddy@commandtransportation.com;creddy@commandtransportation.com
COMMERCIAL RECYCLING CORP,Remit,,,,PRIMARY,COMMERCIAL RECYCLING CORP,W. 6779 State Highway 64,,Medford,WI,54451,,Amy,(715) 748-2970,sa@scrapmanagement.com
COMMERCIAL RECYCLING CORP,Location,,,,MEDFORD WI,COMMERCIAL RECYCLING CORP,6679 State Highway 64,,Medford,WI,54451,United States,,,
COMMUNITY RESOURCE INC,Remit,,,,PRIMARY,COMMUNITY RESOURCE INC,PO Box 522,,Urbana,IL,61803-0522,,Matt Snyder,(217) 356-6094,matt.snyder@communityresourceinc.com
COMMUNITY RESOURCE INC,Location,,,,COMMUNITY RESOURCE - PLYMOUTH,"COMMUNITY RESOURCE, INC",Waters of America,9000 General Drive,Plymouth,MI,48170,,matt.snyder,217-356-6094,matt.snyder@communityresourceinc.com
COMMUNITY RESOURCE INC,Location,,,,"COMMUNITY RESOURCE, INC","COMMUNITY RESOURCE, INC",1201 E University Avenue,,Urbana,IL,61802-2010,United States,Matt Snyder,217-356-6094,matt.snyder@communityresourceinc.com
COMPLETE LIQUIDATORS,Remit,,,,INVOICE,COMPLETE LIQUIDATORS,2207 Radcliffe St,Dock B,Bristol,PA,19007,United States,Curtis Eustace,(215) 620-0699,curteustace@gmail.com; ib@scrapmanagement.com
COMPLETE RECYCLING SOLUTIONS LLC,Remit,,,,INVOICE,COMPLETE RECYCLING SOLUTIONS LLC,2529 East Norwich Avenue,,Milwaukee,WI,53235,United States,Daniel Cook,(414) 930-4094,dcook@completerecyclingservices.com; sales2@scrapmanagement.com
COMPLETE RESOURCE MANAGEMENT,Remit,,,,INVOICE,COMPLETE RESOURCE MANAGEMENT,1701 N Washington St,,Albany,GA,31701,,Whitcomb Barnhill,(229) 776-0065,wbarnhill@completeresourcemanagement.com; dispatch@completeresourcemanagement.com; jreed@completeresourcemanagement.com; rjacobs@completeresourcemanagement.com; rlanier@completeresourcemanagement.com; sa@scrapmanagement.com
CONCORD PLASTICS INC,Remit,,,,INVOICE,CONCORD PLASTICS INC,225 Jaycee Drive,,West Hazleton,PA,18202,United States,Marissa Kresge,570-453-0803,marissa@concordplasticsinc.com; ibeylin@ucsincny.com
CONCORD PLASTICS INC,Location,,,,WEST HAZLETON PA,CONCORD PLASTICS INC,500 Jaycee Drive,,West Hazleton,PA,18202,United States,Marissa Kresge,570-453-0803,marissa@concordplasticsinc.com; ibeylin@ucsincny.com
CONCRETE DESIGNS INC,Remit,,,,INVOICE,CONCRETE DESIGNS INC,3650 S Broadmont Dr,,Tucson,AZ,85713,,Wendell Avery,(520) 589-3950,Craftsman4665@gmail.com; ib@scrapmanagement.com
CONIGLIARO INDUSTRIES,Remit,,,,INVOICE,CONIGLIARO INDUSTRIES,701 Waverley Place,,Framingham,MA,1702,,William Kusnik,(508) 872-9668,willie@conigliaro.com; rpereira@ucsincny.com;willie@conigliaro.com; rpereira@ucsincny.com
CONSERVATION MANAGEMENT,Remit,,,,INVOICE,CONSERVATION MANAGEMENT GROUP LLC,80175 Merion,,La Quinta,CA,92253,,Peter Henebury,,peterhenebury@yahoo.com; rlopez@greenwaste.com; ib@scrapmanagement.com
CONSERVATION MANAGEMENT,Location,,,,BERKELEY CA,CONSERVATION MANAGEMENT,669 Gilman St,,Berkeley,CA,94710,,Peter Henebury,,peterhenebury@yahoo.com;peterhenebury@yahoo.com
CONSERVATION MANAGEMENT,Location,,,,HAYWARD CA,MING'S RECYCLING,3495 Breakwater Ave,,Hayward,CA,94545,,Peter Henebury,,
CONSOLIDATED SCRAP RESOURCE INC,Primary,,,,INVOICE,CONSOLIDATED SCRAP RESOURCE INC,328 N 14th St,,Lebanon,PA,17046,,Todd Zuckerman,(717) 272- 4655,tzuckerman@consolidatedscrap.com; rp@scrapmanagement.com; rdannecker@consolidatedscrap.com
"CONSOLIDATED SCRAP RESOURCE, INC",Remit,,,,PRIMARY ADDRESS,"CONSOLIDATED SCRAP RESOURCE, INC",PO BOX 7520,,York,PA,17404,,,,
CONSTANT RECYCLING,Invoice,,,,INVOICE,CONSTANT RECYCLING,6100 Oak Tree Blvd,Suite 200,Independence,OH,44131,United States,Ed Campbell,877-630-6705,ecampbell@constantrecycling.com
CONSTANT RECYCLING,Location,,,,PAYNESVILLE MN,AVON PLASTICS,210 Ampe Drive,,Paynesville,MN,56362,United States,,,
CONSTANT DISTRIBUTION LLC,Remit,,,,PRIMARY ADDRESS,CONSTANT DISTRIBUTION LLC,6100 Oak Tree Blvd. Suite 200,,Independence,OH,44131,,,,
CONTAINERS N PALLETS LLC,Primary,,,,INVOICE,CONTAINERS N PALLETS LLC,100 South Stateline Rd,,Pulaski,PA,16143,United States,Anthony Aven,724-856-1847,anthonyaven@cnpllc.com; rp@scrapmanagement.com
CONTAINERS N PALLETS LLC,Remit,,,,PRIMARY ADDRESS,CONTAINERS N PALLETS LLC,PO Box 655,,New Bedford,PA,16140,,,,
CONTI GROUP,Inv/Remit,,,,INVOICE,CONTI GROUP,1661 46th Street,,Brooklyn,NY,11204,,Lee & David,(718) 435-8600,conti.group@verizon.net; dsmilow@contigroup.us; contigroup.accts02@gmail.com
CONTINENTAL INDUSTRIES GROUP INC,Inv/Remit,,,,INVOICE,CONTINENTAL INDUSTRIES GROUP INC,733 3rd Ave,21st Floor,New York,NY,10017,,David Kaufman,,DKaufman@continental-industries.com
CONTINENTAL INDUSTRIES GROUP INC,Location,,,,MORROW GA,CONTINENTAL INDUSTRIES GROUP INC,6838 Southlake Parkway,,Morrow,GA,30260,,Jeremy Lim,212-752-2022 x4610,jlim@continental-industries.com;jlim@continental-industries.com
CONTINENTAL PAPER GRADING,Remit,,,,INVOICE,CONTINENTAL PAPER GRADING,3819 Momentum Place,,Chicago,IL,60689-5338,United States,Miro Seperic,724-409-4522,mseperic@cpgco.com
CONTINENTAL PAPER GRADING,Location,,,,"CREIGHTON, PA",Pitt Penn Recycling,426 Freeport Road,,Creighton,PA,15030,United States,Miro Seperic,724-409-4522,mseperic@cpgco.com
COOK PAPER RECYCLING,Remit,,,,INVOICE,COOK PAPER RECYCLING,6901 Shawnee Mission Parkway,Suite 116,Overland Park,KS,66202-4004,United States,David Komar,(913) 956-5060,dkomar@cookpaper.com; sa@scrapmanagement.com
COOK PAPER RECYCLING,Location,,,,"Greenville, NC",ECVC,803 Staton Road,,Greenville,NC,27835,,,,
COOK PAPER RECYCLING,Location,,,,"KANSAS CITY, MO",COOK PAPER RECYCLING,801 Woodswether Rd,,Kansas City,MO,64105,United States,Steve Bowen,,steve.dhcontainer@gmail.com;steve.dhcontainer@gmail.com
COOPER TRUCKLINE INC,Remit,,,,INVOICE,COOPER TRUCKLINE INC,PO Box 699,,Holly Springs,MS,38635,,Cooper,(662) 252-5505,jason@coopertruckline.com; cooper@coopertruckline.com
CORESTATES RECYCLING,Inv/Remit,,,,INVOICE,CORESTATES PROCESSING AND RECYCLING LLC,9 Stauffer Industrial Park,,Taylor,PA,18517,,Christopher Patchoski,(570) 562-6482,cpatch@csprecycling.com; apatch@csprecycling.com; rp@scrapmanagement.com
CORESTATES RECYCLING,Location,,,,SCRANTON PA,ATHRACITE AUTO EXCHANGE INC,900 S 5th Avenue,,Scranton,PA,18504,United States,,,
CORNING MEDIATECH,Remit,,,,INVOICE,CORNING MEDIATECH,TBD,,Harrisonburg,VA,,United States,Susan Sandoval,(703) 736-1154,sandovals@corning.com; ib@scrapmanagement.com
CORNING MEDIATECH,Location,,,,"MT CRAWFORD, VA",CORNING MEDIATECH,4856 Crowe Dr,,Mt Crawford,VA,22841,United States,,,
CORPORATE GRIND LLC,Remit,,,,INVOICE,CORPORATE GRIND LLC,PO BOX 594,,Bristol,PA,19007,,Pete Fabry,(267) 990-3784,pete@corpgrind.com; rpereira@ucsincny.com; Kim@corpgrind.com
CORPORATE GRIND LLC,Location,,,,"PHILADELPHIA, PA","CORPORATE GRIND, LLC",8701 Torresdale Ave,,Philadelphia,PA,19136,,,,
COSCO CONTAINER LINES,Remit,,,,INVOICE,COSCO CONTAINER LINES,588 Harbor Scenic Way,3rd Floor,Long Beach,CA,90802,,,,
COUGLES RECYCLING INC,Remit,,,,INVOICE,COUGLES RECYCLING INC,1000 South 4th Street,,Hamburg,PA,19526,,Matthew Cougle,610-562-8336,d.swoyer@couglesrecycling.com;m.cougle@couglesrecycling.com; d.macaulay@couglesrecycling.com; ibeylin@ucsincny.com
COUNT JUNKULA OF CHARLOTTE,Remit,,,,INVOICE,COUNT JUNKULA OF CHARLOTTE,1025 McClelland Ct,,Charlotte,NC,28206,,Eric Saltrick,(704) 850-9822,eric@countjunkula.com; ib@scrapmanagement.com
COUNTY SANITATION DISTRICTS OF LA COUNTY,Remit,,,,INVOICE,COUNTY SANITATION DISTRICTS OF LA COUNTY,1955 Workman Mill Road,,Whittier,CA,90601,,Alexander Rossi,562-908-4288,alexanderrossi@lacsd.org; manuelrivas@lacsd.org;CJohnson@lacsd.org; ib@scrapmanagement.com
COUNTY SANITATION DISTRICTS OF LA COUNTY,Location,,,,CITY OF INDUSTRY CA,PUENTE HILLS MATERIAL RECOVERY FACILITY (PHMRF),13130 Crossroads Parkway South,,City of Industry,CA,91746,,Manuel Rivas,562-908-4822,manuelrivas@lacsd.org;manuelrivas@lacsd.org
COVAR TRANSPORTATION,Remit,,,,INVOICE,COVAR TRANSPORTATION,1600 S. Prairie Dr,,Sycamore,IL,60178,,Curtis Guenot,727.263.2020,Curtis@covartransport.com
COYOTE LOGISTICS,Remit,,,,INVOICE,COYOTE LOGISTICS,2545 W. Diversey Ave.,3rd Floor,Chicago,IL,60647,,Graham Vlahakis,773-365-6639 x6639,graham.vlahakis@coyote.com
CPM RECYCLING SERVICES,Remit,,,,INVOICE,CPM RECYCLING SERVICES,PO Box 7451,,Rockford,IL,61126,,Mario & Magaly Espinoza,815-713-8169,CPMRecycleService@hotmail.com; jb@scrapmanagement.com
CPM RECYCLING SERVICES,Location,,,,"ROCKFORD, IL",CPM RECYCLING SERVICES,840 Airport Drive,,Rockford,IL,61109,,Magaly Espinoza,815-713-8169,
CRC SOUTHERN RECYCLING INC,Inv/Remit,,,,INVOICE,CRC SOUTHERN RECYCLING INC,PO Box 1461,,Matthews,NC,28106,,Sheila Koppert,,sheila@crc-recycling.com; crogan@crc-recycling.com; crcsouthernscale@crc-recycling.com; angie@crc-recycling.com; loren@crc-recycling.com; tiffany@crc-recycling.com; charles@tac-tik.com
CRC SOUTHERN RECYCLING INC,Location,,,,CARBONDALE IL,CRC SOUTHERN RECYCLING INC,300 W Chestnut St,,Carbondale,IL,62901,,Sheila Koppert,(618) 549-2880,sheila@crc-recycling.com; crcsouthernscale@crc-recycling.com; loren@crc-recycling.com;sheila@crc-recycling.com; crcsouthernscale@crc-recycling.com; loren@crc-recycling.com;
CRC SOUTHERN RECYCLING INC,Location,,,,ENNIS TX,CAROLINA RECYCLE For CRC,2501 Brombeck Street,,Ennis,TX,75119,,Brent Badger,,brent@crc-recycling.com; oscar@crc-recycling.com;;brent@crc-recycling.com; oscar@crc-recycling.com;
CROSS INDUSTRIES,Remit,,,,INVOICE,CROSS INDUSTRIES,P.O.Box 127,,Saumico,WI,54173,,Dave Refsell,(330)421-5025,dave@cross-industries.com; matt@cross-industries.com;
CROSS INDUSTRIES,Location,,,,IUKA MS,CROSS INDUSTRIES,1509 Paul Edmondson Dr,,Iuka,MS,38852,,Dave Refsell,(330)421-5025,dave@cross-industries.com; matt@cross-industries.com;;dave@cross-industries.com; matt@cross-industries.com;
CROSSPOINT POLYMER TECHNOLOGIES LLC,Inv/Remit,,,,INVOICE,CROSSPOINT POLYMER TECHNOLOGIES LLC,2301 Saint Joseph Ind Park Dr,,Evansville,IN,47720,,Trebor Johnson,(361) 867-1027,trebor.johnson@cpptech.com; sadie.schmitz@cpptech.com
CT POLYMERS,Inv/Remit,,,,INVOICE,CT POLYMERS,12340 Elm Rd,,Bourbon,IN,46504,,"Travis Heckaman, Chris Roseri",574.549.9286,travish@ctpolymers.com; Chrisr@ctpolymers.com; westleyh@ctpolymers.com; csr@ctpolymers.com
CT POLYMERS,Location,,,,BOURBON IN,CT POLYMERS,12340 Elm Road,,Bourbon,IN,46504,United States,Lesa Thomas,574-598-6136,logistics@ctpolymers.com; csr@ctpolymers.com;csr@ctpolymers.com
CT POLYMERS,Location,,,,SEARCY AR,RECY,1601 Hastings Ave,,Searcy,AR,72143,,Brenda Mathis,501-278-8753,bmathis@recyplastics.com; logistics@ctpolymers.com; csr@ctpolymers.com
CUMBERLAND COUNTY RECYCLING CENTER,Inv/Remit,,,,INVOICE,CUMBERLAND COUNTY RECYCLING CENTER,1805 South Main Street,,Burkesville,KY,42717,United States,Jefferson Abney,(270) 864-3444,cumberlandcountyhelp@gmail.com; sales2@scrapmanagement.com; ib@scrapmanagement.com
CUMBERLAND RECYCLING,Remit,,,,PRIMARY,CUMBERLAND RECYCLING,PO Box 2304,,South Vineland,NJ,8362,,Jeff Luciano,(856) 692-7650,jeffl@cumberlandrecyclingcorp.com;jeffl@cumberlandrecyclingcorp.com
CUMBERLAND RECYCLING,Location,,,,DELIVERY ADDRESS,CUMBERLAND RECYCLING,702 South West Boulevard,,Vineland,NJ,8360,,Jeff Luciano,856-692-7650,jeffl@cumberlandrecyclingcorp.com
CURBSIDE MANAGEMENT,Remit,,,,INVOICE,CURBSIDE MANAGEMENT,PO BOX 18722,,Asheville,NC,28814,United States,Barry Lawson,(828) 252-2532,BLawson@Curbie.com; VendorServices@Curbie.com; alawson@curbie.com; ib@scrapmanagement.com
CURBSIDE MANAGEMENT,Location,,,,ASHEVILLE NC,CURBSIDE MANAGEMENT,116 N. Woodfin Avenue,,Asheville,NC,28804,,Barry Lawson,(828) 252-2532,BLawson@Curbie.com; VendorServices@Curbie.com; alawson@curbie.com; ib@scrapmanagement.com
CUSTOM POLYMERS INC,Inv/Remit,,,,INVOICE,CUSTOM POLYMERS INC,831 E Morehead St,Suite 840,Charlotte,NC,28202,,JOHN CALHOUN,704-332-6070,john@custompolymers.com; hilliary@custompolymers.com; patricia@custompolymers.com
CUSTOM POLYMERS INC,Location,,,,CHARLOTTE NC,CUSTOM POLYMERS INC,1001 Bond Street,Suite A,Charlotte,NC,28208,,JOHN CALHOUN,(704) 332-6070,john@custompolymers.com;;john@custompolymers.com;
CUSTOM POLYMERS PET,Inv/Remit,,,,INVOICE,CUSTOM POLYMERS PET,700 Tuckaseegee Rd,,Charlotte,NC,28200,United States,Matt Hardymon,256-232-3543,matt@custompolymerspet.com; ibeylin@ucsincny.com
CUSTOM POLYMERS PET,Location,,,,ATHENS,CUSTOM POLYMERS PET,1764 Wilkinson Street,,Athens,AL,35611,United States,matt,256-232-3543,matt@custompolymerspet.com; ibeylin@ucsincny.com
CUTTING EDGE GRINDING INC,Inv/Remit,,,,INVOICE,CUTTING EDGE GRINDING INC,608 13th Ave NW,,Little Falls,MN,56345,United States,Kenny Stodolka,(320) 259-0444,kkstodolka6@netzero.com
CW CARRIERS USA,Inv/Remit,,,,INVOICE,CW CARRIERS USA,PO Box 424,,Lithia,FL,33547,United States,Anita Galjen,8133923738,anita@cwcarriersinc.com; ib@scrapmanagement.com
CWD FLATBED TRUCKING INC,Remit,,,,INVOICE,CWD FLATBED TRUCKING INC,293 Arlie Loop,,Statesville,NC,28677,United States,Patricia Parker,704-873-0058,pparker@cwdflatbed.com; dispatch@cwdflatbed.com
D&J'S SERVICES LLC,Inv/Remit,,,,INVOICE,D&J'S SERVICES LLC,2322 Edson Drive,,Hudsonville,MI,49426,,Doug Reams,616-745-5798,doug.djservices@gmail.com; ab@scrapmanagement.com
D&K ENTERPRISES,Inv/Remit,,,,INVOICE,D&K ENTERPRISES,2437 N Section St,,Sullivan,IN,47882,,Sue Armstrong,812-268-3328,sue@dkenterprise.com; lbender@dkenterprise.com; ab@scrapmanagement.com
D&M RECYCLING INC,Remit,,,,INVOICE,D&M RECYCLING INC,841 2nd Ave SW,,Onalaska,WI,54650,United States,Dean / Gabriel,(608) 783-3030,dandmrecycling@aol.com; jb@scrapmanagement.com
DAK AMERICAS,Remit,,,,INVOICE,DAK AMERICAS,3216 Cedar Creek Rd,,Fayetteville,NC,28213,,Mario Garza,980-308-1342,mario.garza@alpekpolyester.com; Bobbi.Barefoot@ClearPathRecycling.com; ib@ucsincny.com
DAK AMERICAS,Location,,,,"FAYETTEVILLE, NC",DAK AMERICAS,3500 Cedar Creek Rd,,Fayetteville,NC,28312,,,,
DAK Americas LLC - Richmond,Inv/Remit,,,,INVOICE,DAK Americas LLC - Richmond,1561 N.W. 11th St,,Richmond,IN,47374,United States,Jill Howell,(765) 259-3990,jill.howell@alpekpolyester.com
DAMIRON TRANSPORTATION SERVICES INC,Remit,,,,INVOICE,DAMIRON TRANSPORTATION SERVICES INC,PO Box 707,,Fremont,IN,46737,,Joe Parker,260-495-1750,damiron1@mchsi.com
DAVIS LOGAN LLC,Inv/Remit,,,,INVOICE,DAVIS LOGAN LLC,229 Whitney Dr,,Locust,NC,28097,,Cynthia Payne,,cynthia@davislogan.com; lm@scrapmanagement.com
DC TRUCKING,Remit,,,,INVOICE,D&C BROKERAGE LLC,729 Great Falls Hwy,,Chester,SC,29706,,Alan,803-519-6651,clackalan02@gmail.com
DCL,Remit,,,,INVOICE,DCL,85 Bodwell St,,Avon,MA,2322,,Pam Abramsweig,857.284.5093,PSweig@dclboston.com; ib@scrapmanagement.com
DCO ENVIRONMENTAL & RECYCLING LLC,Inv/Remit,,,,INVOICE,DCO ENVIRONMENTAL & RECYCLING LLC,300 Montgomery Street,Suite 421,San Francisco,CA,94104,,Adam Glasgow,415-362-7888,aglasgow@dcointl.com; jrozar@dcointl.com; rhays@dcointl.com; ib@ucsincny.com
DCO ENVIRONMENTAL & RECYCLING LLC,Location,,,,GASTONIA NC,ENVIRO VISION TECHNOLOGIES LLC,1124 Isley Drive,,Gastonia,NC,28052,,,,
DCO ENVIRONMENTAL & RECYCLING LLC,Location,,,,"SAREPTA, LA",INTEGRICO COMPOSITES,108 Inducto Way,,Sarepta,LA,71071,,,,
DECATUR RECYCLING DEPT,Remit,,,,INVOICE,DECATUR RECYCLING DEPT,625 Landfill Drive,VENDOR #4446,Trinity,AL,35673,,Danny Dotson,(256) 341-4770,ddotson@decatur-al.gov
DELTA LOGISTICS LLC,Remit,,,,INVOICE,DELTA LOGISTICS LLC,Orange Commercial Credit,PO Box 11099,Olympia,WA,98508,,Oleg Melnikov,828-743-8923,oleg@deltalogisticsllc.com
DELTA PLASTICS INC.,Inv/Remit,,,,PRIMARY,DELTA PLASTICS INC.,8801 Frazier Pike,,Little Rock,AR,72206,,Stephanie Mallette,(901) 233-8053,purchasing@deltapl.com
DELTA PLASTICS INC.,Location,,,,"ROME, GA",DELTA PLASTICS INC.,501 East 6th St,,Rome,GA,30161,United States,Steadman Matthews,(901) 233-8053,deltaplastics@aol.com
DELTA PLASTICS INC.,Location,,,,"STUTTGART, AR",DELTA PLASTICS INC.,3104 Main Street,,Stuttgart,AR,72160,,Krissy Roth,870.673.7458,
DEN HARTOG INDUSTRIES,Remit,,,,INVOICE,DEN HARTOG INDUSTRIES,PO Box 425,,Hospers,IA,51238,,Randy Bathke,712.752.8432,randyb@denhartogindustries.com
DEN HARTOG INDUSTRIES,Location,,,,PICK UP LOCATION,DEN HARTOG INDUSTRIES,4010 Hospers Drive South,,Hospers,IA,51238,,Randy Bathke,712.752.8432,randyb@denhartogindustries.com;randyb@denhartogindustries.com;randyb@denhartogindustries.com;randyb@denhartogindustries.com;randyb@denhartogindustries.com
DIAMOND FOREST RESOURCES,Remit,,,,INVOICE,DIAMOND FOREST RESOURCES,PO Box 788,,Morehead,KY,40351,United States,Todd,606-462-1197,tm@dfrky.com; aa@scrapmanagement.com
DIAMOND FOREST RESOURCES,Location,,,,PICK-UP ADDRESS,DIAMOND FOREST RESOURCES,150 Acorn Industry Road,,Morehead,KY,40351,,Todd,606-462-1001,tm@dfrky.com; aa@scrapmanagement.com;tm@dfrky.com; aa@scrapmanagement.com
DIAMOND K INC,Remit,,,,INVOICE,DIAMOND K INC,900 Battle Street,,Scranton,PA,,United States,Jimmy Coleman,(570) 346-4684,jimmy@dk-t.com; rp@scrapmanagement.com
DIMEX,Inv/Remit,,,,INVOICE,DIMEX,28305 State Route 7 North,,Marietta,OH,,United States,Nathan Arden,800.334.3776,NARDEN@dimexcorp.com; ib@ucsincny.com
DIMEX,Location,,,,BLUE KNOB,Wetz 10,1143 Blue Knob Road,,Marietta,OH,45750,United States,,,
DIRECT POLYMERS LLC,Inv/Remit,,,,INVOICE,DIRECT POLYMERS LLC,12015 Blackwell Way,,Parker,CO,80138,,Samantha Ryan,540-493-7810,samantha@directpolymers.com; mitch@directpolymers.com
DIRECT POLYMERS LLC,Location,,,,Centenial Container - DENVER,Centennial Container,13105 E. 38th Ave,Suite 58,Denver,CO,80239,,,,
DIRECT POLYMERS LLC,Location,,,,CRI Recycling - DENVER,CRI RECYCLING,4900 Dahlia St,,Denver,CO,80216,,,,
DIRECT RESINS LLC,Inv/Remit,,,,INVOICE,DIRECT RESINS LLC,3600 E 45th Ave,,Denver,CO,80216,,Josh Dupuy,(540) 493-7810,josh@directresins.com
DIVERSIFIED RECYCLING SERVICES LLC,Remit,,,,INVOICE,DIVERSIFIED RECYCLING SERVICES LLC,1951 Hamburg Turnpike,Building 10a,Lackawanna,NY,14218,United States,Michael Zbock,(716) 331-3672,mzbock@recyclingbuffalo.com
DIVERSIFIED RECYCLING SERVICES LLC,Location,,,,BUFFALO NY,DIVERSIFIED RECYCLING SERVICES LLC,3172 Lakeshore Road,,Buffalo,NY,14219,,Michael Zbock,716-830-5182,mzbock@recyclingbuffalo.com
DIXIE PLASTICS INC.,Inv/Remit,,,,INVOICE,DIXIE PLASTICS INC.,479 FIDDLERS CREEK DR,,WEST MONROE,LA,71291,,Tristan Oswald,(318) 235-4355,tristan@dixieplastics.net
DK TRADING CORPORATION,Remit,,,,INVOICE,DK TRADING CORPORATION,PO Box E,,Clarks Summit,PA,18411,,Sue Pallo,(570) 346-4684,sue@dk-t.com; rp@scrapmanagement.com
DK TRADING CORPORATION,Location,,,,SCRANTON PA,DIAMOND K INC,900 Battle Street,,Scranton,PA,18508,,,,
DM PLASTICS INC,Remit,,,,INVOICE,DM PLASTICS INC,691 VZ County Road 1519,,Grand Saline,TX,75140,,David McLawhorn,,David@DMPlastics.net
DMS RECYCLING LLC,Inv/Remit,,,,INVOICE,DMS RECYCLING LLC,350 PITTSBURGH AVE,,MT VERNON,OH,43050,United States,Eason Zhang,740-397-0790,eason@dmsrecyclingllc.com
DOCK 2 DOCK LLC,Remit,,,,INVOICE,DOCK 2 DOCK LLC,813 S. Oakland St,,Gastonia,NC,28052,,Jordan Milliard,,keldoranunlimited@gmail.com
DOMINO PLASTICS COMPANY,Remit,,,,INVOICE,DOMINO PLASTICS COMPANY,200 E. Broadway,,Port Jefferson,NY,11777,United States,Joe Feret,(631) 751-1995,joe@domplas.com; ab@scrapmanagement.com
DONCO PAPER SUPPLY COMPANY,Inv/Remit,,,,INVOICE,DONCO PAPER SUPPLY COMPANY,737 N Michigan Ave,Suite 1450,Chicago,IL,60611,,ib,312-337-7822,ib@ucsincny.com
DONLEY PALLET,Remit,,,,INVOICE,DAN DONLEY,2103 Laurel Lindale Road,,New Richmond,OH,45157,,Dan Donley,,2018steamroller@gmail.com; lm@scrapmanagement.com
DOUG HEIRS,Inv/Remit,,,,INVOICE,DOUG HEIRS,788 Chert Quarry Rd,,Martin,SC,29836,,Doug Heirs,(803) 300-3220,Cody.mosley@archroma.com; sales2@scrapmanagement.com; franco.marano@archroma.com
DOUG HEIRS,Location,,,,"MARTIN, SC",ARCHROMA,788 Chert Quarry Rd,,Martin,SC,29836,,Doug Heirs,(803) 300-3220,Cody.mosely@archroma.com
DOWNEY & SONS PALLET CO,Remit,,,,INVOICE,DOWNEY & SONS PALLET CO,500 Bloomfield Rd,,Springfield,KY,40069,,Megan Smith,(859) 336-0410,megan@downeypallet.com
DR. PLASTICS INC.,Remit,,,,PRIMARY,DR. PLASTICS INC.,"W9390 State Road 59,",,Whitewater,WI,53190,,Fay Blakeley,(262) 472-0431,
DR. PLASTICS INC.,Location,,,,"DR PLASTICS, INC.",DR. PLASTICS INC.,W9390 State Road 59,,Whitewater,WI,53190,United States,Fay Blakeley,(262) 472-0431,
DRS RECYCLING,Inv/Remit,,,,INVOICE,DRS RECYCLING,563 Lancaster St,,Leominster,MA,1453,United States,Debra,978-728-4037,debra@drsrecycling.com; rp@scrapmanagement.com
DRUMCO,Remit,,,,PRIMARY,DRUMCO,142 Technology Drive,,Arkadelphia,AR,71923,,David Russel,(870) 230-8800,David.Russell@greif.com; Kory.Smith@greif.com; Donald.Gibbsjr@greif.com; ib@scrapmanagement.com;David.Russell@greif.com; Kory.Smith@greif.com; Donald.Gibbsjr@greif.com; ib@scrapmanagement.com
DRUMCO,Location,,,,DRUMCO,DRUMCO,3299 Tulane Road,,Memphis,TN,,United States,Barbara Smith,870-230-8800,bsmith@drumco.com
DRUMCO INC,Inv/Remit,,,,INVOICE,DRUMCO INC,3299 Tulane Rd,,Memphis,TN,38116,United States,David Russell,901-396-6484,drussell@drumco.com; ib@scrapmanagement.com
DST EXPRESS INC,Remit,,,,INVOICE,DST EXPRESS INC,8942 Pathfinder Rd,,Breinigsville,PA,18031,,Ricky,(610) 395-4625,dst8942@gmail.com
DTLR,Remit,,,,INVOICE,DTLR,1300 Mercedes Drive,,Hanover,MD,21076,United States,Michael Wasik,(484) 638-3512,MWasik@dtlr.com; ib@scrapmanagement.com
DTLR,Location,,,,"MUHLENBERG, PA",DTLR,410 Corporate Drive,,Muhlenberg,PA,19605,United States,Michael Wasik,(484) 638-3512,MWasik@dtlr.com; ib@scrapmanagement.com
DUFFY BOX & RECYCLING INC,Remit,,,,INVOICE,DUFFY BOX & RECYCLING INC,2931 Francis Scott Key Hwy,,Taneytown,MD,21787,,Niki Zuk,410-756-9061,Niki.Zuk@fpduffy.com
DUFFY BOX & RECYCLING INC,Location,,,,"GREENSBORO, NC",DUFFY BOX & RECYCLING INC,2500 E. Market St.,,Greensboro,NC,27401,,Chris Belge,(336) 272-7418,chris.belge@fpduffy.com
DUFFY BOX & RECYCLING INC,Location,,,,HAW RIVER NC,DUFFY BOX & RECYCLING INC,224 East Main St,,Haw River,NC,27258,,Brian Moran,(336) 207-5696,brian.moran@fpduffy.com; doris.toney@fpduffy.com; sales2@scrapmanagement.com
DUNN COUNTY SOLID WASTE & RECYCLING,Remit,,,,INVOICE,DUNN COUNTY SOLID WASTE & RECYCLING,800 Wilson Avenue,Room 235,Menomonie,WI,54751,United States,Morgan Gerk,715-231-6543,mgerk@co.dunn.wi.us; lm@ucsincny.com
DUNN COUNTY SOLID WASTE & RECYCLING,Location,,,,MENOMONIE WI,DUNN COUNTY TRANSFER STATION,E3900 Highway 29,,Menomonie,WI,54751,,mgerk,715-232-4018,mgerk@co.dunn.wi.us
DUPUY CONSULTANTS,Inv/Remit,,,,INVOICE,DUPUY CONSULTANTS,5144 S. Liverpool Way,,Centennial,CO,80015,,Josh DuPuy,(303) 747-5465,dupuyjoshp@gmail.com; ab@scrapmanagement.com
DURA-LINE,Remit,,,,INVOICE,DURA-LINE,11400 Parkside Drive,Suite 300,Knoxville,TN,37934,,Tim DeMunbrun,(618) 306 5815,tim.demunbrun@duraline.com
DURA-LINE,Location,,,,GAINESVILLE TX,DURA-LINE,2406 I-35 Frontage Rd,,Gainesville,TX,76240,,Tim DeMunbrun,618 306 5815,tim.demunbrun@duraline.com; toby.scott@duraline.com;
DURA-LINE,Location,,,,MCALESTER OK,DURA-LINE,10 Steven Taylor Blvd,,McAlester,OK,74501,,Tim DeMunbrun,(618) 306 5815,tim.demunbrun@duraline.com;tim.demunbrun@duraline.com
DYNAMIC LIFECYCLE INNOVATIONS,Remit,,,,INVOICE,DYNAMIC LIFECYCLE INNOVATIONS,N5549 County Rd Z,,Onalaska,WI,54650,United States,Neil Hickey,608-386-7771,nhickey@thinkdynamic.com; sa@scrapmanagement.com
DYNAMIC LOGISTIX LLC,Remit,,,,INVOICE,DYNAMIC LOGISTIX LLC,7220 W. 98TH Terrace,,Overland Park,KS,66212,United States,Brian & Steve,913-274-3800,bjones@shipdlx.com; skelley@shipdlx.com
DYNAMIC WASTE SYSTEMS INC,Remit,,,,INVOICE,DYNAMIC WASTE SYSTEMS INC,PO Box 346,,Essex,MA,1929,,Jimmy Georgoulakos,978-768-7195,JimmyG@DynamicWaste.com; shelley@dynamicwaste.com; rp@scrapmanagement.com
DYNAMIC WASTE SYSTEMS INC,Location,,,,PICKUP LOCATION,DYNAMIC WASTE SYSTEMS INC.,21 Clark Street,,North Andover,MA,1845,,Jimmy G,978-768-7195,
EAGLE ENTERPRISES RECYCLING INC,Remit,,,,PRIMARY,EAGLE ENTERPRISES RECYCLING INC,510 SE Industrial Ave.,,Galva,IL,61434,,Paul Jaquet,(309) 932-2936,paulj@eerecycling.com; yklevtsov@ucsincny.com
EAGLE WASTE & RECYCLING INC,Remit,,,,INVOICE,EAGLE WASTE & RECYCLING INC,PO Box 729,,Eagle River,WI,54521,,Brian Albee  Dawn Griffin,715-477-0077,brian@eaglewasteandrecycling.com; erwardawn@eaglewasteandrecycling.com; yklevtsov@ucsincny.com
EAGLE WASTE & RECYCLING INC,Location,,,,"EAGLE RIVER, WI",EAGLE WASTE & RECYCLING INC,701 Surgipath Lane,,Eagle River,WI,54521,,brian,715-477-0077,brian@eaglewasteandrecycling.com; erwardawn@eaglewasteandrecycling.com; yklevtsov@ucsincny.com
EARTH RESOURCES RECYCLING,Remit,,,,INVOICE,EARTH RESOURCES RECYCLING,5545 Linwood Steiner Rd,,Theodore,AL,36582,,Braxton Kittrel,,info@earthresourcesrecycling.com
EARTHMINDED,Primary,,,,INVOICE,EARTHMINDED,142 Technology Drive,,Arkadelphia,AK,71923,,David Russell,(870) 230-8800,drussell@drumco.com; ib@scrapmanagement.com
DRUMCO,Remit,,,,PRIMARY ADDRESS,DRUMCO,26978 NETWORK PLACE,,CHICAGO,IL,60673,,,,
EASCO BROKERAGE,Remit,,,,INVOICE,EASCO BROKERAGE,2216 Angling Road,,Corfu,NY,14036,United States,Sandy Eveland,585-762-9080,sandy@edarnoldscrap.com; pat@edarnoldscrap.com; eas1@edarnoldscrap.com; aa@scrapmanagement.com
EAST CENTRAL RECYCLING,Remit,,,,INVOICE,EAST CENTRAL RECYCLING,701 East Centennial Avenue,,Muncie,IN,47303,,Jason King,(765) 254-5965,jking@bestway-disposal.com
EAST COAST NURSERIES,Remit,,,,PRIMARY,EAST COAST NURSERIES,301 Reeves Ave,,Riverhead,NY,11901,,michelle.eastcoastnurseries,(631) 727-8887,michelle.eastcoastnurseries@bluetie.com;michelle.eastcoastnurseries@bluetie.com
EAST JORDAN PLASTICS INC,Inv/Remit,,,,INVOICE,EAST JORDAN PLASTICS INC,PO Box 575,,East Jordan,MI,49727,,Alan Braunstein,(231) 536-2243,al.braunstein@ejplastics.com;al.braunstein@ejplastics.com
EAST JORDAN PLASTICS INC,Location,,,,1600 STIEVE ROAD,"EAST JORDAN PLASTICS, INC",1600 Stieve Road,,South Haven,MI,49090,United States,Alan Braun - Krista Uplinger,231-536-2243,krista.uplinger@ejplastics.com; albraunstein1@yahoo.com
EAST JORDAN PLASTICS INC,Location,,,,"EAST JORDAN, MI","EAST JORDAN PLASTICS, INC",6400 M-32 HIGHWAY,,East Jordan,MI,49727,,Alan Braun,231-536-2243,albraunstein1@yahoo.com
EAST TERRA PLASTIC RECYCLING,Invoice,,,,INVOICE,EAST TERRA PLASTIC RECYCLING,9511 W Depot St,,Yorktown,IN,47396,,Jay Chu,317-252-0287,jaychu@east-terra.com; lucytao@east-terra.com
EAST TERRA PLASTIC RECYCLING,Location,,,,Connersville IN,EAST TERRA PLASTIC RECYCLING,725 W 21 St,,Connersville,IN,46226,,,,
EAST TERRA PLASTIC RECYCLING,Location,,,,YORKTOWN IN - MARSH,EAST TERRA PLASTIC RECYCLING,2800 S Marsh Ave,,Yorktown,IN,47396,,Jay Chu,317-252-0287,
,Remit,,,,"YORKTOWN, IN",EAST TERRA PLASTIC RECYCLING,9511 W Depot St,,Yorktown,IN,47396,,Jay Chu,317-252-0287,
EAST WEST TRADING LLC,Remit,,,,INVOICE,EAST WEST TRADING LLC,505 S 22nd St,,East St Louis,IL,62207,United States,Benny Hua,(618) 482- 2068,bennyh@eastwesttradingllc.com; sa@scrapmanagement.com; joeyg@eastwesttradingllc.com; ahelfrich@eastwesttradingllc.com
EASTERN POULTRY,Remit,,,,INVOICE,EASTERN POULTRY,63 Blanchard St,,Newark,NJ,7105,,Meelisa/Rob for scheduling,(917) 750-4635,meelisa@gmail.com; aakopyan@ucsincny.com
EASTERN RECYCLING SERVICES,Inv/Remit,,,,INVOICE,EASTERN RECYCLING SERVICES,7616 Canton Center Drive,,Baltimore,MD,21224,United States,Tom Clark,410-477-7500,TClark@ersmd.com; ib@ucsincny.com; aa@ucsincny.com
EASTERN RECYCLING SERVICES,Location,,,,PRIMARY ADDRESS,EASTERN RECYCLING SERVICES,7616 Canton Center Drive,,Baltimore,MD,21224,United States,,,
EATON CORPORATION,Inv/Remit,,,,INVOICE,EATON CORPORATION,4200 US-30,,Kearney,NE,68847,United States,Dan Lara,,danlaraalvarado@eaton.com; ab@scrapmanagement.com
EATON CORPORATION,Location,,,,KEARNEY NE - CABELAS,Cabela's for Eaton,3600 US 30,,Kearney,NE,68847,,Brock Dawson,402-902-7797,BrockDawson@eaton.com;BrockDawson@eaton.com
ECHO LOGISTICS,Remit,,,,INVOICE,ECHO LOGISTICS,22168 Network Place,,Chicago,IL,60673,,Brendan Lowry,224.251.6321,brendan.lowry@echo.com
ECO FULFILLMENT LLC,Remit,,,,INVOICE,ECO FULFILLMENT LLC,3951 N Meridian Street,Suite 100,Indianapolis,IN,46208,,Danny O'Hara,317-292-1167,danny@ecofulfillment.com; chuck@ecofreight.net
ECOLOGY RECYCLING & CONSULTING INC,Inv/Remit,,,,INVOICE,ECOLOGY RECYCLING & CONSULTING INC,95 Hedgedale Rd,Unit 4,Brampton,ON,L6T 5P3,CA,Humberto Chamorro Peralta,(647) 478-3854,humberto@ecologyrecycling.ca; info@ecologyrecycling.ca; ab@scrapmanagement.com
EDCO DISPOSAL,Remit,,,,INVOICE,EDCO DISPOSAL,6700 Federal Blvd,,Lemon Grove,CA,91945,,Bob Hill,(760) 744-5615,recyclingcenterlg@edcodisposal.com; rhill@edcodisposal.com; mecheveste@edcodisposal.com; lm@ucsincny.com
EDS PALLET WORLD,Remit,,,,INVOICE,EDS PALLET WORLD,559 Race Path Church Rd,,Ellenboro,NC,28040,,Ed Romney,(828) 453-8986,eromney@edspalletworld.com; sa@scrapmanagement.com
EFS PLASTICS US INC,Inv/Remit,,,,INVOICE,EFS PLASTICS US INC,9 Peach Tree Hill Rd,,Livingston,NJ,7039,United States,Mark Sabourin,519-418-3377,mark.sabourin@efs-plastics.ca; flor.delarosa@efs-plasticsus.com;  ib@scrapmanagement.com; ab@scrapmanagement.com; susan.church@efs-plasticsus.com; shelia.johnson@efs-plasticsus.com; ryley.heberling@efs-plasticsus.com
EFS PLASTICS US INC,Location,,,,"HAZLETON, PA",EFS PLASTICS,504 WHITE BIRCH ROAD,,HAZLETON,PA,18202,United States,Susan Church,(949) 514.5538,susan.church@efs-plasticsus.com; ryley.heberling@efs-plasticsus.com
EKMAN RECYCLING,Inv/Remit,,,,PRIMARY,EKMAN RECYCLING,P.O. Box 644238,,Pittsburgh,PA,15264,,David Kaufman,(732) 202-9500,david.kaufman@ekmangroup.com; ryan.frazier@ekmangroup.com; anabell.mcgann@ekmangroup.com; ib@scrapmanagement.com
EKMAN RECYCLING,Location,,,,EKMAN RECYCLING,HUDSON BAYLOR,352 Horseblock Rd.,,Brookhaven,NY,11719,United States,Cliff Brand,732-202-9500,Cliff.Brand@ekmanrecycling.com
EKMAN RECYCLING,Location,,,,"NEWARK, NJ",G & F Recycling & Salvage Corporation,142-156 Frelinghuysen Avenue,,Newark,NJ,7114,,,,
EKMAN RECYCLING,Location,,,,OCALA FL,United American Recycling  Services LLC,3100 SW 3rd St Suite B,,Ocala,FL,34474,,,,
EKMAN RECYCLING,Location,,,,"ROANOKE, VA","RDS of Virginia, LLC",835 Korte Street SW,,Roanoke,VA,24019,United States,,,
EL HARVEY & SONS,Inv/Remit,,,,PRIMARY,EL HARVEY & SONS,68 Hopkinton Rd Route 135,,Westboro,MA,01581-2126,,Paul Degnan,(508) 836-3000,PDEGNAN@ELHARVEY.COM; shipping@elharvey.com;PDEGNAN@ELHARVEY.COM; shipping@elharvey.com
ELCO VENTURES LLC,Invoice,,,,PRIMARY,ELCO VENTURES LLC,1213 Bellevue Street,,Detroit,MI,48207,United States,Jordan Ellis,313-580-0941,adr179191@gmail.com; jordan@americandismantler.com
ELEMENT INTERNATIONAL TRADE INC,Remit,,,,INVOICE,ELEMENT INTERNATIONAL TRADE INC,206-181 Hymus,Suite 206,"Pointe-Claire, QC",,H9R 5P4,CA,Matthew Benzrihem,877-938-8778,matthew@element-trade.com; logistic@element-trade.com; ab@scrapmanagement.com;
ELEMENT INTERNATIONAL TRADE INC,Location,,,,BUFFALO NY,ELEMENT INTERNATIONAL TRADE INC,2299 Kenmore Avenue,,Buffalo,NY,14207,,Matthew Benzrihem,877-938-8778,matthew@element-trade.com; logistic@element-trade.com; ab@scrapmanagement.com;;matthew@element-trade.com; logistic@element-trade.com; ab@scrapmanagement.com;
ELK COUNTY SOLID WASTE AUTHORITY,Remit,,,,INVOICE,ELK COUNTY SOLID WASTE AUTHORITY,850 Washington Street,,St Marys,PA,15857,,Dave Stubber,814-776-5373,"dstubber@elkrecycling.com; rp@scrapmanagement.com,"
ELORA PALLET,Remit,,,,INVOICE,ELORA PALLET,641 Donaldson Grove Rd.,,Elora,TN,37328,,Lester Ashley,(931) 308-7245,elorapallet@cafes.net; sa@scrapmanagement.com
EMI RECYCLING,Remit,,,,INVOICE,EMI RECYCLING,636 Commerce Street,,Stuart,VA,24171,,Sharon Mills,1-855-559-4364,sharon@emiimaging.com
EMI RECYCLING,Location,,,,PICK UP ADDRESS,EMI RECYCLING,1010 Mary Hunter Dr,,Bassett,VA,24055,,,,
EMPIRE KOSHER POULTRY,Remit,,,,INVOICE,EMPIRE KOSHER POULTRY,370 Mattern Rd,,Beaver Springs,PA,17812,,Chad Pannebaker,(717) 436-7039,chad.pannebaker@tabletrustbrands.com; ib@scrapmanagement.com
EMPIRE RECYCLING CORP,Inv/Remit,,,,INVOICE,EMPIRE RECYCLING CORP,P.O. BOX 353,,Utica,NY,13503,,Primary,(607) 729-1518,
EMPIRE RECYCLING CORP,Location,,,,"CLAY, NY","O.F.K. Wood, Inc.",4600 Weller Canning Road,,Clay,NY,13041,United States,,,
EMPIRE RECYCLING CORP,Location,,,,EMPIRE RECYCLING - BINGHAMPTON,EMPIRE RECYCLING CORP.,172 Broad Ave,,Binghamton,NY,13904,,,,
EMPIRE RECYCLING CORP,Location,,,,EMPIRE RECYCLING CORP.,EMPIRE RECYCLING CORP.,100 Corliss Avenue,,Johnson City.,NY,13790,United States,,,
EMPIRE RECYCLING CORP,Location,,,,"LIVERPOOL, NY",EMPIRE RECYCLING CORP,4642 Crossroads Park Dr,,Liverpool,NY,13088,,,,
EMTELLE,Inv/Remit,,,,INVOICE,EMTELLE,101 Mills Gap RD,Unit A,Fletcher,NC,28732,,Jermaine Taylor,(919) 413-7525,jermaine.taylor@emtelle.com; ib@scrapmanagement.com; mario.andrade@emtelle.com
ENERGYNC,Remit,,,,INVOICE,ENERGYNC,156 Industrial Ave,,Greensboro,NC,27406,,Larry Jeffries,(336) 317-0710,L.jeffries@energync.com; ib@scrapmanagement.com
ENGINEERED PLASTICS,Remit,,,,INVOICE,ENGINEERED PLASTICS,1367 W 12th Street,,Erie,PA,16501,,Jen Robison,814-453-7970,jr@engineeredplastics.com; ib@scrapmanagement.com
ENPOL,Invoice,,,,INVOICE,ENPOL,1418 Dresden Dr.,Suite 200,Atlanta,GA,30319,,Jessica Collazo,(770) 441-5033,Jessica Collazo
ENPOL,Location,,,,918 PORTER STREET,ENPOL,918 Porter Street,,Streator,IL,61364,United States,,,
ENPOL,Location,,,,"ALLENDALE, MI",ENPOL / WESTLAND SERVICES,5224 Rich St,,Allendale,MI,49401,,Zach,616-895-3000,
ENTERPRIZE CONTAINER CORP,Remit,,,,INVOICE,ENTERPRIZE CONTAINER CORP,Lockbox # 646404,PO BOX 646404,Cincinnati,OH,45264-6404,United States,Rodney,9312700341,rodney@enterprizecontainer.com; sa@scrapmanagement.com; zac@enterprizecontainer.com; m.edde@enterprizecontainer.com
ENTERPRIZE CONTAINER CORP,Location,,,,LEWISBURG TN,ENTERPRIZE CONTAINER CORPORATION,671 Garrett Pkwy,,Lewisburg,TN,37091,,Zac Hennessy,(931) 797-2523,zac@enterprizecontainer.com
ENTERPRIZE CONTAINER CORP,Location,,,,MEMPHIS TN,ENTERPRIZE CONTAINER CORP,285 W Trigg Avenue,,Memphis,TN,38106,,Zac Hennesy,(931) 982-3041,zac@enterprizecontainer.com
ENVIRONMENTAL WASTE RECYCLING INC,Inv/Remit,,,,INVOICE,ENVIRONMENTAL WASTE RECYCLING INC,8420 Rayson Rd.,,Houston,TX,77080,,Maikel Basulto Quiros,786 307 8781,envwasrec@gmail.com; ib@ucsincny.com
ENVIROVISION TECHNOLOGIES LLC,Inv/Remit,,,,INVOICE,ENVIROVISION TECHNOLOGIES LLC,PO Box 1029,,Linwood,NC,27299,,Chris Cobb,855-333-0133,CCobb@evtusa.com
ENVIROVISION TECHNOLOGIES LLC,Location,,,,"CLINTON, IA",ENVIROVISION TECHNOLOGIES LLC,1959 S. 21st St.,,Clinton,IA,52732,United States,Chris Cobb,319-504-2099,ccobb@evtusa.com
ENVIROVISION TECHNOLOGIES LLC,Location,,,,"GASTONIA, NC",ENVIROVISION TECHNOLOGIES LLC,1124 Isley Drive,,Gastonia,NC,28052,,Lisa Boaz,,lboaz@evtusa.com;bbeaver@evtusa.com
ENVIROVISION TECHNOLOGIES LLC,Location,,,,"LEXINGTON, NC",ENVIROVISION TECHNOLOGIES LLC,632 Dixon St,,Lexington,NC,27292,,Lisa Boaz,,lboaz@evtusa.com;bbeaver@evtusa.com
ENVISION ECOPLAST GROUP,Inv/Remit,,,,INVOICE,CONSOLIDATED CONTAINER COMPANY LP,10861 Mill Valley Road,,Omaha,NE,68154,,Joe Shamatta,(678) 742-4622,joe.shamatta@envisionplastics.com; ib@scrapmanagement.com
ENVISION ECOPLAST GROUP,Location,,,,PICK UP ADDRESS REIDSVILLE NC,ENVISION ECOPLAST GROUP,606 B Walters Street,,Reidsville,NC,27320,,Joe Shamatta,(678) 742-4622,joe.shamatta@envisionplastics.com; Brent.Hopper@envisionplastics.com; ib@ucsincny.com
EPES LOGISTICS SERVICES INC,Remit,,,,INVOICE,EPES LOGISTICS SERVICES INC,PO BOX 35884,,Greensboro,NC,27425,,Gideon Scott,(800) 659-1117 x1917,gideon.scott@epeslogistics.com; emma.broughton@epeslogistics.com
EPES LOGISTICS SERVICES INC,Location,,,,PRIMARY ADDRESS,EPES LOGISTICS SERVICES INC,538A North Regional Road,,Greensboro,NC,27409,,,,
ETERNITY SOLUTIONS LLC,Remit,,,,INVOICE,ETERNITY SOLUTIONS LLC,PO Box 979,,Deer Park,NY,11729,,Andi Smit,631-203-7814,andy@eternitylogistics.co
EVA RECYCLING,Remit,,,,INVOICE,EVA RECYCLING,16585 White Oak Ave.,,Lowell,IN,46356,,Elmer Garcia,,elmer.evarecycling@gmail.com
EVA RECYCLING,Location,,,,CHICAGO IL,EVA RECYCLING,9301 S Genoa Ave,,Chicago,IL,60620,,Elmer Garcia,,elmer.evarecycling@gmail.com;elmer.evarecycling@gmail.com
EVA RECYCLING WAREHOUSE,Primary,,,,WAREHOUSE,EVA RECYCLING,9301 S Genoa Ave,,Chicago,IL,60620,,Elmer Garcia,,elmer.evarecycling@gmail.com
,Remit,,,,INVOICE,EVA RECYCLING,16585 White Oak Ave.,,Lowell,IN,46356,,Elmer Garcia,,elmer.evarecycling@gmail.com
EVANS DELIVERY - WEST CONTRACT,Remit,,,,INVOICE,EVANS DELIVERY,PO Box 62892,,Baltimore,MD,21264,,Tina Cozzi,(708) 389-0609,Tina.cozzi@westcontract.com
EVERGREEN PLASTICS,Invoice,,,,INVOICE,EVERGREEN PLASTICS,202 Watertower Drive,,Clyde,OH,43410,United States,Mike Sandoval,(419) 547-1400,AccountsPayable@evergreenplastics.com; msandoval@evergreenplastics.com; jdick@evergreentogether.com
EVERGREEN RECYCLERS,Primary,,,,INVOICE,EVERGREEN RECYCLERS,240 Novy Street,,Jackson,TN,38301,,Kevin Nolen,731-424-7505,knolen4@msn.com; ib@scrapmanagement.com
EVERGREEN RECYCLERS,Remit,,,,PRIMARY ADDRESS,EVERGREEN RECYCLERS,PO Box 936,,Jackson,TN,38302,,,,
EVERGREEN RECYCLING,Remit,,,,INVOICE,EVERGREEN RECYCLING,1110 Everman Pkwy,,FORT WORTH,TX,76140,United States,Jillian Huah,(817) 229- 0285,jillian.dornak@evergreen-recycling.com; monica.smith@evergreen-recycling.com; rp@scrapmanagement.com
EWS ALABAMA INC,Remit,,,,INVOICE,EWS ALABAMA INC,402 Webster Chapel Road,,Glencoe,AL,35905,,Larry Penfield,843-599-9392,larryp@ewsalabama.com
EWS ALABAMA INC,Location,,,,ENVIRONMENTAL WASTE - EL PASO,ENVIRONMENTAL WASTE SVS INC - EL PASO,9820 Railroad Drive,,El Paso,TX,79924,,Larry Penfield,843-599-9392,larryp@ewsalabama.com
EXPORT HANDLING SERVICES,Remit,,,,INVOICE,EXPORT HANDLING SERVICES,11467 40th Ave,,Allendale,MI,49401,,Chistopher Whitaker,616 826 5302,chriswhitaker@exporthandlingservices.com
EXPORT HANDLING SERVICES,Location,,,,POMONA CA,EXPORT HANDLING SERVICES,900 E 2nd Street,,Pomona,CA,9176,,,,
EXPRESS LOGISTICS INC,Remit,,,,INVOICE,EXPRESS LOGISTICS INC,PO Box 628,,Waukee,IA,50263,United States,Aric Cunningham,866.470.2776,support@exp-logistics.com
EXTERA,Inv/Remit,,,,INVOICE,EXTERA,PO BOX 4148,,Mooresville,NC,28117,United States,Josh Jones,(704) 218-0260,joshj@resourcemhr.com; jasong@resourcemhr.com; ib@scrapmanagement.com
EXTERA,Location,,,,PRIMARY ADDRESS,EXTERA,124 Commerce Blvd,,Statesville,NC,28625,,,,
EXXACT EXPRESS,Remit,,,,INVOICE,EXXACT EXPRESS,1025 N. Chestnut Rd,,Lakeland,FL,33805,,Carter J. Barnatt,(813) 469-3752,Cbarnatt@exxact.net
FAIRFIELD PALLET,Inv/Remit,,,,INVOICE,FAIRFIELD PALLET,282 Rockville Rd,,Bridgeton,NJ,8302,,Danny,856-455-7039,pallets@fairfieldpallet.com
FAIRFIELD PROCESSING CORPORATION,Remit,,,,INVOICE,FAIRFIELD PROCESSING CORPORATION,PO Box 1157,,Danbury,CT,06813-1157,United States,Ken Essex,203.797.3023,Kene@fairfieldworld.com; rp@scrapmanagement.com
FAIRFIELD PROCESSING CORPORATION,Location,,,,PICK UP ADDRESS,FAIRFIELD PROCESSING CORPORATION,108 Beaver Brook Road,,Danbury,CT,6810,United States,,,
FAIRWAY PACKAGING,Remit,,,,INVOICE,FAIRWAY PACKAGING,354 Old Bay Lane,,Havre de Grace,MD,21078,,Kevin,443-307-7653,kevin@fairwaypackaging.com; ib@scrapmanagement.com
FAIRWAY PACKAGING,Location,,,,ABERDEEN MD,FAIRWAY PACKAGING,1100 Woodley Rd,,Aberdeen,MD,21001,,Adam,717-740-9030,
FAITH RECYCLING SERVICES LLC,Inv/Remit,,,,INVOICE,FAITH RECYCLING SERVICES LLC,6520 Southern Cross Dr.,,Indianapolis,IN,46237,,Kelly Smith,(317) 937-1068,faithrecycling@yahoo.com
FAITH RECYCLING SERVICES LLC,Location,,,,DELIVERY ADDRESS,FAITH RECYCLING SERVICES LLC,"221 South Franklin Rd, Suite 710",,Indianapolis,IN,46219,,Kelly Smith,317-937-1068,faithrecycling@yahoo.com
FALCON PAPERS,Inv/Remit,,,,INVOICE,FALCON PAPERS,2 Terminal Way,Building A,Avenel,NJ,7001,United States,Tony Bhatia,732-931-7001 x 204,tarun@falconpapers.com; ib@scrapmanagement.com
FALCON PAPERS,Location,,,,SOUTH HOLLAND IL,FALCON PAPERS,330 W Armory Dr,,South Holland,IL,60473,,Tony Bhatia,732-931-7001 x 204,tarun@falconpapers.com; sh.warehouse@falconpapers.com; inbound@falconpapers.com; ib@scrapmanagement.com;tarun@falconpapers.com
FAR WEST FIBERS INC,Remit,,,,INVOICE,FAR WEST FIBERS INC,PO Box 20669,,Portland,OR,97294,,Pete Middleton,(503) 200-5011,pmiddleton@farwestfibers.com; ib@ucsincny.com
FAR WEST FIBERS INC,Location,,,,HILLSBORO,"FAR WEST FIBERS, INC",6440 SE Alexander Street,,Hillsboro,OR,97123,United States,,,
FAST GROWING TREES,Inv/Remit,,,,INVOICE,FAST GROWING TREES,2621 Old Nation Rd,,Fort Mill,SC,,United States,jfrolich,(615) 390- 2686,jfrolich@fast-growing-trees.com; aa@scrapmanagement.com
FASTENAL CO,Remit,,,,INVOICE,FASTENAL CO,940 W Wilbeth Rd,,Akron,OH,44314,United States,Shaun Snarski,330-861-5439,ssnarski@fastenal.com; rodavis@fastenal.com; ib@scrapmanagement.com
FCC ENVIRONMENTAL SERVICES,Invoice,,,,INVOICE,FCC ENVIRONMENTAL SERVICES,5200 Simpson Stuart Rd,,Dallas,TX,75241,,Andrea Rodriguez,(469) 620-0971,andrea.rodriguez@fccenvironmental.com; eva.soto@fccenvironmental.com; marquita.stell@fccenvironmental.com; ib@scrapmanagement.com
FCC ENVIRONMENTAL SERVICES,Location,,,,"HOUSTON, TX",FCC ENVIRONMENTAL SERVICES,9172 Ley Rd,,Houston,TX,77078,,Andrea,(469) 620-0971,andrea.rodriguez@fccenvironmental.com
FCC ENVIRONMENTAL SERVICES,Remit,,,,PRIMARY ADDRESS,FCC ENVIRONMENTAL SERVICES,PO BOX 654383,,DALLAS,TX,75265,,,,
FCI SCHUYLKILL/ UNICOR RECYCLING,Remit,,,,FCI SCHUYLKILL/ UNICOR RECYCLING,FCI SCHUYLKILL/ UNICOR RECYCLING,I-81(exit 116) & Rt 901 West,,Minersville,PA,17954,,Tim Leiby,570-544-7342,tleiby@central.unicor.gov
FEDERAL CORRECTIONAL INSTITUTION,Remit,,,,INVOICE,FEDERAL CORRECTIONAL INSTITUTION,"3625 F C I Rd, Marianna, FL 32446",,Marianna,FL,32446,United States,R. Russ,803-637-1500 x 1549,rruss@bop.gov; ib@scrapmanagement.com
FEDERAL CORRECTIONAL INSTITUTION,Location,,,,"EDGEFIELD, SC",FEDERAL CORRECTIONAL INSTITUTION,501 Gary Hill RD,,Edgefield,SC,29824,,Ruben Garcia,803-637-1500 x 1549,R20garcia@bop.gov
FEDERAL INTERNATIONAL,Inv/Remit,,,,PRIMARY,FEDERAL INTERNATIONAL,PO Box 203505,,Dallas,TX,75320-3505,,rongeri,(214) 794-5896,rongeri@federalinternational.com
FEDERAL INTERNATIONAL,Location,,,,FEDERAL INTERNATIONAL,FEDERAL INTERNATIONAL,7935 Clayton Road,,St. Louis,MO,63117,United States,rongeri,214-794-5896,rongeri@federalinternational.com
FEDERAL INTERNATIONAL,Location,,,,HUMBLE TX,FEDERAL INTERNATIONAL,6201 Rankin Road,,Humble,TX,77396,,,,
FEDERAL RECYCLING & WASTE SOLUTIONS,Inv/Remit,,,,INVOICE,FEDERAL RECYCLING & WASTE SOLUTIONS,PO Box 203505,,Dallas,TX,75320-3505,United States,Aaron Freedman,717-236-7971,hbgwastepaper@gmail.com; rp@scrapmanagement.com
FEDEX,Remit,,,,INVOICE,FEDEX,6600 CSX Way,,Charlotte,NC,28214,,Cassandra Walaszek,704-395-4161,cassandra.walaszek@fedex.com; ib@scrapmanagement.com
FEDEX GROUND BING 0137,Remit,,,,INVOICE,FEDEX GROUND BING 0137,265 Industrial Park Drive,,Binghamton,NY,13904,,Sandi Panko,607-251-5357,sandra.panko@fedex.com
FENCE FINDERS LLC,Remit,,,,INVOICE,FENCE FINDERS LLC,1290 Lincoln Ave,,Waukesha,WI,53186,,Andy Jeffrey,262-424-6146,Andy@milwaukeefencefinders.com; jim@fencefinders.com; aakopyan@ucsincny.com
FHU WE R EXPORTING SP ZOO,Remit,,,,INVOICE,FHU WE R EXPORTING SP ZOO,Prymasa Wysznskiego,"13/11,26300",Opoczno,,,,Michal Marciniak,48618801038,info@fhuwerexporting.com; ib@scrapmanagement.com
FIBERON,Inv/Remit,,,,INVOICE,FIBERON,181 Random Drive,,New London,NC,28127,United States,Ray Hampton,704-463-7118,ray.hampton@fiberondecking.com; ib@ucsincny.com
FIBERON,Location,,,,DELIVERY ADDRESS,FIBERON,44017 US HIGHWAY 52 NORTH,,New London,NC,28127,United States,,,
FIBRE DRUM SALES INC,Remit,,,,INVOICE,FIBRE DRUM SALES INC,2414 West 139th Place,,Posen,IL,60469,,Brian,708-597-3794,brian@fdspackaging.com; abuyanovskiy@ucsincny.com
FIRST STAR LOGISTICS LLC,Remit,,,,INVOICE,FIRST STAR LOGISTICS LLC,PO Box 912394,,Denver,CO,80291-2394,,Tyler Hughes,812-916-4051,thughes@firststarllc.com
FIRSTAR FIBER,Inv/Remit,,,,INVOICE,FIRSTAR FIBER,10330 I Street,,Omaha,NE,68127,,Lee Cornell,(402) 894-0003,LeeCornell@FirstarFiber.com; jenbacon@firstarfiber.com; lm@ucsincny.com
FL PLASTIC LLC,Inv/Remit,,,,INVOICE,FEATHER LAKE PLASTIC LLC,4127 SW 19th Place,,Cape Coral,FL,33914,,Mike Smith,(217) 474-0701,mike@flplasticllc.com; FLPlastic@outlook.com; strmaterialinc@gmail.com; ab@ucsincny.com
FL PLASTIC LLC,Location,,,,"DAYTON, OH",FL Plastic C/O CTC,943 Woodley Street,,Dayton,OH,45403,,mike,(217) 474-0701,mike@flplasticllc.com; FLPlastic@outlook.com; strmaterialinc@gmail.com; ab@ucsincny.com
FLEETGENIUS,Remit,,,,INVOICE,FLEETGENIUS,1808 Norwood St. SW,,Lenoir,NC,28645,,John Cook,(828) 568-0711,jcook@fleetgenius.com
FLEX TECH HOSE & TUBING LLC,Remit,,,,INVOICE,FLEX TECH HOSE & TUBING LLC,1100 Civic Center Loop,,San Marcos,TX,78666,,Rusty St.Peter,512-396-2667,russtp@flextechhose.com
FLIPPING IRON INC,Remit,,,,INVOICE,FLIPPING IRON INC,PO Box 70328,,Bakersfield,CA,93387,,Theron Smith,(661) 557-1627,Theron@FlippingIronInc.com; kristi@flippingironinc.com; ib@scrapmanagement.com
FLIPPING IRON INC,Location,,,,BAKERSFIELD CA,FLIPPING IRON INC,186-B Quantico Ave,,Bakersfield,CA,93307,,,,
FLIPPING IRON INC,Location,,,,FRESNO CA,PRINSCO,2839 S Cherry Ave,,Fresno,CA,93706,,,,
FLOBOTICS LLC,Invoice,,,,INVOICE,FLOBOTICS LLC,8048 Howard Ave,,Munster,IN,46321,United States,Karol,,k.mielnicki@flobotics.io
FLORES PALLET LLC,Remit,,,,INVOICE,FLORES PALLET LLC,6101 Dixie Drive,,Houston,TX,77087,,Lazaro Flores,713-645-1022,lazaroflores@florespallets.com; maria@florespallets.com; rp@scrapmanagement.com
FLORIDA PLASTIC RECYCLING,Remit,,,,INVOICE,FLORIDA PLASTIC RECYCLING,5220 New Kings Road,,Jacksonville,FL,32209,United States,Hilton Neto,(904) 379-2057,Hneto@floridaplasticrecycling.com; ib@scrapmanagement.com
FOAM PACK INDUSTRIES,Remit,,,,INVOICE,FOAM PACK INDUSTRIES,72 Fadem Road,,Springfield,NJ,7081,,Mitch Goodstein,(908) 208-1949,mitch@FOAM-PACK.COM; sa@scrapmanagement.com
FORT JACKSON ARMY BASE,Inv/Remit,,,,INVOICE,FORT JACKSON ARMY BASE,3392 Magruder Ave.,DFMWR / Qualified Recycling Program (QRP),Columbia,SC,29207-5608,United States,Ernest Dicks,(803) 751-1110,ernest.b.dicks.naf@mail.mil; dicks.ernest@yahoo.co.uk
FORT JACKSON ARMY BASE,Location,,,,Pick-Up Address,FORT JACKSON ARMY BASE,BLDG 5671 Lee Road,,Columbia,SC,29207,United States,,,
FORT KNOX QRP,Remit,,,,INVOICE,US TREASURY DEPT - FORT KNOX QRP,309 Frazier Road,Bldg 2962,Fort Knox,KY,40121,,Sandra McGhee,(502) 624-5907,army.knox.qrp@mail.mil; aa@scrapmanagement.com
FORT PAYNE RECYCLING,Primary,,,,INVOICE,FORT PAYNE RECYCLING,406 Logan St SE,,Fort Payne,AL,35967,United States,Patrick Dunne,(256) 845-8897,pdunne@fortpayne.org; sa@scrapmanagement.com
CITY OF FORT PAYNE,Remit,,,,PRIMARY ADDRESS,CITY OF FORT PAYNE,100 ALABAMA  AVENUE NW,,FORT PAYNE,AL,35967,,,,
FORT STEWART ARMY BASE,Remit,,,,INVOICE,FORT STEWART ARMY BASE,1550 Veterans Parkway,Building 1137,Fort Stewart,GA,31313,,Johnny N. Davis,(912) 767-8880,johnny.n.davis.civ@mail.mil; ib@scrapmanagement.com
FORTUNE SKY RECYCLING,Remit,,,,INVOICE,FORTUNE SKY RECYCLING,4210 BF Goodrich Blvd,,Memphis,TN,38118,United States,Vincent Yu,(901) 624-2866,vincent@fortune-recycling.com; ib@scrapmanagement.com
FOUNTAIN VALLEY ENTERPRISE INC,Remit,,,,INVOICE,FOUNTAIN VALLEY ENTERPRISE INC,14986 County Road 20,,Fayette,OH,43521,,Jessica Gilmore,(440) 238-5454,fvetrucking@windstream.net
FOUR SEASONS PRODUCE,Inv/Remit,,,,INVOICE,FOUR SEASONS PRODUCE,400 Wabash Rd,,Ephrata,PA,17522,United States,Randy,(717) 629-9949,randyg@fsproduce.com; rp@scrapmanagement.com
FOUR WAY PALLET,Remit,,,,INVOICE,FOUR WAY PALLET,191 E 2nd St,,Huntington Station,NY,11746,United States,Jay & Charlotte,(631) 673-4700,"fourwaypallets@aol.com; rp@scrapmanagement.com, fourwaypallets@aol.com"
FOX PLASTIC,Remit,,,,INVOICE,FOX PLASTIC,247 Cleghorn,,St.Lambert QC,,J4R 2J5,CA,Kahlil Maalouf,514-581-0845,Info@foxplastic.com; rp@scrapmanagement.com
FOX PLASTIC,Location,,,,WAREHOUSE,FOX PLASTIC,4753 Boulevard des Grandes Prairies,"Saint Leonard, Qc",,,H1R 1A5,CA,Kahlil Maalouf,514-581-0845,Info@foxplastic.com
FRANKFORT PLASTICS INC,Remit,,,,INVOICE,FRANKFORT PLASTICS INC,2021 West County Rd 0 NS,,Frankfort,IN,46041,,Sasi Noothalapat,931-510-0525,sasi@frankfortplastics.com; sa@scrapmanagement.com
FRANKLIN PALLET RECYCLING,Remit,,,,INVOICE,FRANKLIN PALLET RECYCLING,116 Ogles Ave,,Franklin,KY,42134,,Kelly Gregory,,frpallet@bellsouth.net; sa@scrapmanagement.com
FRANKLIN PLASTICS,Inv/Remit,,,,INVOICE,FRANKLIN PLASTICS,120 South Avenue,,Battle Creek,MI,49014,,Travis & Leslie,(269) 966-8851,travis@franklin-scrap.com; Leslie@franklin-scrap.com; ab@scrapmanagement.com; officeassistant@franklin-scrap.com; Sonya@franklin-scrap.com
FRANKLIN PLASTICS,Location,,,,221 S UNION,FRANKLIN PLASTICS,221 S Union Street,BLDG 34,Battle Creek,MI,49014,,,,
FRANKLIN PLASTICS,Location,,,,BATTLE CREEK MI,FRANKLIN PLASTICS,1525 Hill Brady Rd.,,Battle Creek,MI,49037,United States,,,
FREEHOLD CARTAGE INC,Remit,,,,INVOICE,FREEHOLD CARTAGE INC,PO Box 5010,,Freehold,NJ,07728-5010,,Sara Blanchet,(732) 462-1001,tblanchet@freeholdcartage.com; sblanchet@freeholdcartage.com; nfernandes@freeholdcartage.com
FREEHOLD CARTAGE INC,Location,,,,"FREEHOLD CARTAGE, INC.","FREEHOLD CARTAGE, INC.",825 Highway 33,,Freehold,NJ,7728,United States,Sara Blanchet,732-462-1001,tblanchet@freeholdcartage.com; sblanchet@freeholdcartage.com
FREEPOINT ECO-SYSTEMS SUPPLY & TRADING,Remit,,,,INVOICE,FREEPOINT ECO-SYSTEMS SUPPLY & TRADING,58 Commerce Rd,,Stamford,CT,6902,,Jerrold Carter,475-359-3319,JCarter@freepoint.com; ib@scrapmanagement.com
FREIGHTPROS,Remit,,,,INVOICE,FREIGHTPROS,2535 Brockton Dr,Suite 500,Austin,TX,78758,United States,,,
FREIGHTQUOTE.COM,Primary,,,,PRIMARY,FREIGHTQUOTE.COM,901 Carondelet Ave,,Kansas City,MO,64114,United States,Mike Ward,816.949.6792 x6792,Michael.Ward@freightquote.com;Michael.Ward@freightquote.com
FREIGHTQUOTE.COM,Remit,,,,PRIMARY ADDRESS,FREIGHTQUOTE.COM,PO Box 9121,,Minneapolis,MN,55480,,,,
FREIGHTWAYS CORP,Remit,,,,PRIMARY,FREIGHTWAYS CORP,2785 Fairview Ave N.,,Roseville,MN,55112,,ReAnn Thompson,(218) 462-2055,freightways@pinebrez.com;freightways@pinebrez.com
FRICKS PALLET COMPANY,Remit,,,,INVOICE,FRICKS PALLET COMPANY,101 Go Forth Road,,Ft. Worth,TX,76126,United States,Greg & Jennifer Torrence,817-551-5607,GMC@frickspallet.com; jtorrence@frickspallet.com; rp@scrapmanagement.com
FRIEDMAN RECYCLING,Inv/Remit,,,,INVOICE,FRIEDMAN RECYCLING,3640 W. Lincoln St.,,Phoenix,AZ,85009,,Bret Burrer,602-484-4973,BBurrer@friedmanrecycling.com; SHernandez@friedmanrecycling.com; ALucero@friedmanrecycling.com; ib@ucsincny.com
FROZEN DESSERT SUPPLIES,Inv/Remit,,,,INVOICE,FROZEN DESSERT SUPPLIES,802 N 41st,,Bethany,MO,64424,,Jeni Meng,(480) 428-1999,logistics@Frozendessertsupplies.com; ib@scrapmanagement.com
FRYMAN'S RECYCLING,Inv/Remit,,,,INVOICE,FRYMAN'S RECYCLING,300 E. Railroad St.,,Dowagiac,MI,49047,,Jerry Fryman,269-782-0959,jerry@frymansrecycling.com; lm@scrapmanagement.com
FRYMAN'S RECYCLING,Location,,,,"DOWAGIAC, MI",FRYMAN'S RECYCLING,58011 M-51 South,,Dowagiac,MI,49047,,,,
FSI INC,Remit,,,,INVOICE,FSI INC,360 Aqua Chem Dr,,Charlotte,NC,28208,United States,Brian,(704) 596-0555,&lt;brian@fsiinc.biz&gt;
FT STEWART ARMY BASE,Primary,,,,INVOICE,FT STEWART ARMY BASE,1042 William H Wilson Ave,Bldg 622,Fort Stewart,GA,31314,United States,Johnny Davis,(912) 767-8880,johnny.n.davis.civ@mail.mil; ibeylin@ucsincny.com
US TREASURY DEPARTMENT - DPW Environmental Division,Remit,,,,PRIMARY ADDRESS,US TREASURY DEPARTMENT - DPW Environmental Division,ATTN: Recycling Section,"1550 Veterans Parkway, Bldg 1137",Fort Stewart,GA,31314-4927,,,,
FULL CIRCLE RECYCLING,Remit,,,,INVOICE,ATLANTA RECYCLING SOLUTIONS,1280 Old Alpharetta Rd,,Alpharetta,GA,30005,United States,Cynthia,(713) 380-1549,Cgillis@atlantarecyclingsolutions.com; ib@scrapmanagement.com
FULL CIRCLE TECHNOLOGIES LLC,Remit,,,,INVOICE,FULL CIRCLE TECHNOLOGIES LLC,992 Handley Road,,Lyndhurst,OH,44312,,John Terry,330-732-7145,haricc@gmail.com; jterryfullcircletechllc@gmail.com
FULL CIRCLE TECHNOLOGIES LLC,Location,,,,AMWARE - Akron OH,AMWARE Warehouse,2700 Gilchrist Road,,Akron,OH,44306,,Scott,330-734-0050,
FULL CIRCLE TECHNOLOGIES LLC,Location,,,,Barberton OH,FULL CIRCLE TECHNOLOGIES LLC,345 15th Street NW,,Barberton,OH,44305,,Hari Chandra,330-732-7145,haricc@gmail.com;haricc@gmail.com;haricc@gmail.com
FULMER LOGISTICS SERVICES INC,Remit,,,,INVOICE,FULMER LOGISTICS SERVICES INC,P.O. BOX 202056,,DALLAS,TX,75320-2056,,Robert Heywood,585-617-5097,roberth@fulmerls.com
FURROW AUCTION COMPANY,Remit,,,,INVOICE,FURROW AUCTION COMPANY,10319 Cogdill Rd,,Knoxville,TN,37932,,,,
FURROW AUCTION COMPANY,Location,,,,SHELBYVILLE KY,FURROW AUCTION COMPANY,591 Co Op Loop,,Shelbyville,KY,40069,,Stephen Grubbs,859-583-4812,Stephen.Grubbs@outlook.com;Stephen.Grubbs@outlook.com;Stephen.Grubbs@outlook.com
FV RECYCLING,Inv/Remit,,,,INVOICE,FV RECYCLING,6184 Hwy 98 W,Suite 210,Hattiesburg,MS,39402,United States,Greg Suber,(601) 310-6327,greg.suber@fvrecycling.com; ib@scrapmanagement.com
FV RECYCLING,Location,,,,JACKSON MS,FV RECYCLING,3010 N Mill Street,,Jackson,MS,39216,,Carlton Reid,,carlton.reid@fvrecycling.com
FV RECYCLING,Location,,,,MEMPHIS TN,NISSAN,5605 Holmescrest Ln,,Memphis,TN,38118,United States,Carlton Reid,,carlton.reid@fvrecycling.com;carlton.reid@fvrecycling.com
FV RECYCLING,Location,,,,NISSAN - CANTON MS,NISSAN,544 Nissan Parkway,,Canton,MS,39046,United States,Carlton Reid,,carlton.reid@fvrecycling.com
G & F TRUCKING INC,Remit,,,,INVOICE,G & F TRUCKING INC,10481 TIREMAN ST,,DEARBORN,MI,48126,,Fadi Awada,(313) 397-2800,gftrucking08@hotmail.com
G C PALLET AND STORAGE,Remit,,,,INVOICE,G C PALLET AND STORAGE,185 N Yale Ave,,Columbus,OH,43222,,Chad Carney,(614) 274-0132,chad@gcpallet.com; sales2@scrapmanagement.com
GAF,Primary,,,,INVOICE,GAF,902 Old Richburg Rd,,Chester,SC,29706,,robert.hauf,(803) 233-4150,robert.hauf@gaf.com; louis.rosborough@gaf.com;robert.hauf@gaf.com; louis.rosborough@gaf.com
GAF,Remit,,,,PRIMARY ADDRESS,GAF,PO BOX 7247-6653,,Philadelphia,PA,19170-6653,,robert.hauf,,robert.hauf@gaf.com; louis.rosborough@gaf.com
GAR PLASTICS INC,Inv/Remit,,,,INVOICE,GAR PLASTICS INC,240 North Birdsey St,,Columbus,WI,53925,,Josh Bragg,920-623-5775,josh@garplastics.com; jb@scrapmanagement.com
GAR PLASTICS INC,Location,,,,"COLUMBUS, WI","GAR PLASTICS, INC.",720 W. James St,,Columbus,WI,53925,United States,Josh Bragg,920-623-5775,josh@garplastics.com
GATEWAY RECYCLING,Remit,,,,INVOICE,GATEWAY RECYCLING,28 Summit Park Dr.,,Pittsburgh,PA,15275,United States,TOM SUSTERSIC,412.837.8777,tesustersic@gatewayrecycle.com
GDS CONOVER MRF,Inv/Remit,,,,PRIMARY,GDS CONOVER MRF,PO BOX 932899,,Cleveland,OH,44193,,LaDonna Bolton,(828) 327-3119,LaDonna.Bolton@republicservices.com; rp@scrapmanagement.com;LaDonna.Bolton@republicservices.com; rp@scrapmanagement.com
GDS CONOVER MRF,Location,,,,"GDS, INC",GDS CONOVER MRF,130 Somerset Drive Extension,,Conover,NC,28613,United States,LaDonna Bolton,(828) 327-3119,LaDonna.Bolton@republicservices.com; Farthing@republicservices.com; rp@scrapmanagement.com
GENERAL MILL SUPPLY CO INC,Inv/Remit,,,,INVOICE,GENERAL MILL SUPPLY CO INC,50690 General Mill Drive,,Wixom,MI,48393,,Robert Rotenberg - Jennifer,(248) 668-0800,jennifer@genmill.com; josh@genmill.com; ab@scrapmanagement.com
GENERAL MILL SUPPLY CO INC,Location,,,,FLINT,QFD PLASTICS LLC,4450 Linden Creek Parkway,,Flint,MI,48507,,,,
GENERAL PALLET INDUSTRIES,Remit,,,,INVOICE,GENERAL PALLET INDUSTRIES,97 River Road,,Flemington,NJ,8822,,Ryan Bennet,908-238-1000,ryan@generalpallet.com
GENESIS RECYCLING LLC,Inv/Remit,,,,INVOICE,GENESIS RECYCLING LLC,11219 N Kendall Dr,,Miami,FL,33176,,Alvaro,305-780-1773,genesisgroup21@gmail.com; ab@scrapmanagement.com
GEORGETOWN PAPER STOCK,Inv/Remit,,,,INVOICE,GEORGETOWN PAPER STOCK,14820 Southlawn Ln,,Rockville,MD,20850,,Barbara Gear,410-737-1760,barb.gear@gtownpaper.com; Stuart.Selis@gtownpaper.com; Baltscale@gtownpaper.com; Jose.argueta@gtownpaper.com; ib@scrapmanagement.com
GEORGETOWN PAPER STOCK,Location,,,,BALTIMORE MD,GEORGETOWN PAPER STOCK,1404 Benson Ct,,Arbutus,MD,21227,,Barbara Gear,410-737-1760,barb.gear@gtownpaper.com; Stuart.Selis@gtownpaper.com; Baltscale@gtownpaper.com; Jose.argueta@gtownpaper.com; ib@scrapmanagement.com
GEORGETOWN PAPER STOCK,Location,,,,"ELKRIDGE, MD",Advanced Polybag,6935 San Tomas Road,,Elkridge,MD,21075,United States,Mike Thom,443-254-4832,
GEORGIA PACIFIC RECYCLING,Inv/Remit,,,,INVOICE,GEORGIA PACIFIC RECYCLING,P.O. Box 281570,,Atlanta,GA,30384-1570,United States,Trebor Johnson,361-867-1027,trebor.johnson@gapac.com; mariah.maki@gapac.com; casey.hall@gapac.com;
GEORGIA PACIFIC RECYCLING,Location,,,,ALLENDALE MI,WESTLAND SERVICES,5224 Rich Street,,Allendale,MI,49401,,Zack,616-895-3000,
GEORGIA PACIFIC RECYCLING,Location,,,,"JERICHO, NY",GEORGIA PACIFIC RECYCLING,1 Jericho Plaza,,Jericho,NY,11753,,,,
GEORGIA PACIFIC RECYCLING,Location,,,,"SCHILLER PARK, IL",GEORGIA PACIFIC RECYCLING,3811 Rose St,,Schiller Park,IL,60176,,Rhonda Brattin,404-487-3936,Mariah.Maki@GAPAC.com; rhonda.brattin@gapac.com; ib@scrapmanagement.com
GEORGIA SEED DEVELOPMENT,Remit,,,,INVOICE,GEORGIA SEED DEVELOPMENT,1547 US Highway 280 West,,Plains,GA,31780,,Justin Tanner,(229) 824-7881,justin.tanner@gsdc.com; ib@scrapmanagement.com
GERALD STRUVE,Inv/Remit,,,,INVOICE,GERALD STRUVE,225 Willington Way,,Oswego,IL,60543,,Gerald Struve,630-777-7816,strmaterialinc@gmail.com;
GFL ENVIRONMENTAL INC,Primary,,,,INVOICE,GFL ENVIRONMENTAL INC,414 E Hudson Ave,,Romulus,MI,48067,,Joe Demaree,(734) 721- 0197,jdemaree@gflenv.com; lm@scrapmanagement.com
GFL ENVIRONMENTAL INC,Remit,,,,PRIMARY ADDRESS,GFL ENVIRONMENTAL INC,4700 N Sterling Ave,,Peoria,IL,61615,,,,
GIORDANOS RECYCLING,Inv/Remit,,,,INVOICE,GIORDANOS RECYCLING,110 North Mill Road,,Vineland,NJ,8360,,Joseph Desimine,(856) 696-2068,jdesimine@giordanosrecycling.com; aakopyan@ucsincny.com
GLOBAL CIRCLE RECYCLING LLC,Inv/Remit,,,,INVOICE,GLOBAL CIRCLE RECYCLING LLC,1800 Camden Rd Suite 107-280,,Charlotte,NC,28203,,Derrick Pratt,704-879-7895,derrick@globalcirclerecycling.com; lm@scrapmanagement.com
GLOBAL CIRCLE RECYCLING LLC,Location,,,,"GASTONIA, NC",GLOBAL CIRCLE RECYCLING LLC,3404 S New Hope Rd,,Gastonia,NC,28054,,Derrick Pratt,,derrick@globalcirclerecycling.com;derrick@globalcirclerecycling.com
GLOBAL EXPRESS LOGISTICS INC,Remit,,,,RTS,GLOBAL EXPRESS LOGISTICS INC,P.O. Box 840267,,Dallas,TX,75284-0267,,Max Ivanov,(224) 585-4700,maxglobalx@gmail.com
GLOBAL PAK INC,Primary,,,,PRIMARY,GLOBAL PAK INC,9636 Elkton Road,,Lisbon,OH,44432,,Chelsi Morris,(330) 482-1993,Chelsi.morris@global-pak.com; Jerod.carner@global-pak.com; ib@scrapmanagement.com
GLOBAL PAK INC,Location,,,,"GLOBAL-PAK, INC","GLOBAL PAK, INC",2781 Lisbon Street,,East Liverpool,OH,43920,United States,Jerod Carner,(330) 482-1993,Jerod.carner@global-pak.com; jdunn@global-pak.com; chelsi.morris@global-pak.com; ib@scrapmanagement.com
GLOBAL PAK INC,Remit,,,,PRIMARY ADDRESS,GLOBAL PAK INC,P.O. Box 89,,Elkton,OH,44415,,,,
GLOBAL POLYMER NETWORK LLC,Inv/Remit,,,,INVOICE,GLOBAL POLYMER NETWORK LLC,1405 Braxton Rd,,Libertyville,IL,60048,United States,Mike Dikelsky,(224) 563-7538,mike@globalpolymernetwork.com; sa@scrapmanagement.com
GLOBAL POLYMER NETWORK LLC,Location,,,,BROWNSVILLE TX,LEYENDECKER SUPPLY CHAIN - FOR GPN,2700 RL Ostos Rd,,Brownsville,TX,78521,,Diego or Tony Flores Leyendeke,,956-509-4596;956-509-4596
GLOBAL POLYMERS LLC,Inv/Remit,,,,INVOICE,GLOBAL POLYMERS LLC,PO BOX 6745,,Louisville,KY,40206,,Eric Green,502-425-1133,Eric@globalpolymerscorp.com; ib@ucsincny.com; abuyanovskiy@ucsincny.com
GLOBAL POLYMERS LLC,Location,,,,"LOUISVILLE, KY",GLOBAL POLYMERS LLC,2101 Plantside Dr.,,Louisville,KY,40299,,,,
GLOBAL RECOVERY LLC,Remit,,,,INVOICE,GLOBAL RECOVERY LLC,139 Pioneer Gym Rd,,Harleyville,SC,29448,,Jimmy Beliveau,843-782-4336,jimmyb@grllconline.com; ib@scrapmanagement.com
GLOBAL RECOVERY LLC,Location,,,,PICK-UP LOCATION,Le Cruset,114 Bob Gifford Blvd,,Early Branch,SC,29916,,Primary,803-943-4308,jimmyb@globalrecoveryllc.com
GLOBAL RESOURCES,Remit,,,,PRIMARY,GLOBAL RESOURCES,1324 Kempton Drive,,Libertyville,IL,60048,,Jack Chizek,(847) 922-7700,jchizek@globalresourcesus.com;jchizek@globalresourcesus.com
GLOBAL RESOURCES,Location,,,,GLOBAL RESOURCES,AMERICAN METAL,7651 Otten Drive,,Kewaskum,WI,53040,United States,Jack Chizek,847-922-7700,jchizek@globalresourcesus.com
GLOVER PERENNIALS,Remit,,,,PRIMARY,GLOVER PERENNIALS,PO Box 759,,Cutchogue,NY,11935,,Jim & Joanne Glover,(631) 765-3546,gloverper@verizon.net;gloverper@verizon.net
GLOVER PERENNIALS,Location,,,,GLOVER PERENNIALS,GLOVER PERENNIALS,725 Sterling Lane,,Cutchogue,NY,11935,United States,Jim & Joanne Glover,(631) 765-3546,gloverper@verizon.net
GM PALLETS LLC,Remit,,,,INVOICE,GM PALLETS LLC,PO Box 16116,,Cincinnati,OH,45217,,Garry Mayes,513-761-0341,gmayes1017@icloud.com; amberly@gmpalletscompany.com; lm@scrapmanagement.com
GM PALLETS LLC,Location,,,,CINCINNATI OH,GM PALLETS LLC,121 City Centre Dr,,Cincinnati,OH,45216,,Amberly Bishop,513-761-0341,Amberly@gmpalletscompany.com;Amberly@gmpalletscompany.com;Amberly@gmpalletscompany.com
GOINS PLASTIC SOURCE INC,Remit,,,,INVOICE,GOINS PLASTIC SOURCE INC,3821 East 19th Street,,Texarkana,AR,71854,,Michael Goins,(870) 773-1077,mgoins@goinsplasticsource.com
GOLD STAR METALS,Remit,,,,INVOICE,GOLD STAR METALS,7944 Dockal Road,,Houston,TX,77028,,Steven Lopez,915-240-9666,steven@goldstarmetals.com; dochou@goldstarmetals.com; chris@goldstarmetals.coomm
GOLDEN BEAR RECYCLING LLC,Inv/Remit,,,,INVOICE,GOLDEN BEAR RECYCLING LLC,PO Box 113,,"Williamsport,",MD,21795,United States,Accounting,(860) 918-2748,accounting@goldenbearrecycling.com
GOLDEN BEAR RECYCLING LLC,Location,,,,"BROOKNEAL, VA",Elite Recycling,103 Mattox Street,,Brookneal,VA,24528,United States,,,
GOLDEN BEAR RECYCLING LLC,Location,,,,"FORT MYERS, FL",GOLDEN BEAR RECYCLING,10550 Buckingham Rd,,Fort Myers,FL,33905,,,,
GOLDEN BEAR RECYCLING LLC,Location,,,,OXFORD NC,GOLDEN BEAR RECYCLING LLC,211 West Industry Dr,,Oxford,NC,27565,,Robert,984-220-3753,
GOODWILL EASTERSEALS OF THE GULF COAST,Primary,,,,INVOICE,GOODWILL EASTERSEALS OF THE GULF COAST,7450 Hitt Rd,,Mobile,AL,36695-4438,United States,Sam Little,(251) 243-8226,slittle@goodwillgc.org
GOODWILL GULF COAST,Remit,,,,PRIMARY ADDRESS,GOODWILL GULF COAST,ATTN: Accounting,2440 Gordon Smith Drive,Mobile,AL,36607,,,,
GOODWILL GULF COAST INC,Primary,,,,INVOICE,GOODWILL GULF COAST INC,2440 Gordon Smith Drive,,Mobile,AL,36617,United States,Sara Boccardo,(251) 375-4527,SBoccardo@goodwillgc.org; ab@scrapmanagement.com
,Remit,,,,"MOBILE, AL",GOODWILL GULF COAST INC,7450 Hitt Road,,Mobile,AL,36695,United States,Sara Boccardo,(251) 375-4527,SBoccardo@goodwillgc.org; ab@scrapmanagement.com;SBoccardo@goodwillgc.org; ab@scrapmanagement.com;SBoccardo@goodwillgc.org; ab@scrapmanagement.com;SBoccardo@goodwillgc.org; ab@scrapmanagement.com;SBoccardo@goodwillgc.org; ab@scrapmanagement.com
GORGO PALLET,Remit,,,,INVOICE,LT CHINI INC,646 S Delsea Drive,,Vineland,NJ,8360,,Bryan Kruysman,856-692-0303,bkruysman@gorgogroup.com; rp@scrapmanagement.com
GORGO PALLET,Location,,,,"MILTON, PA",GORGO PALLET,13 S Industrial Park Rd,Bldg 1,Milton,PA,17847,,,,
GOYA FOODS GREAT LAKES,Remit,,,,INVOICE,GOYA FOODS GREAT LAKES,200 S. Main St,,Angola,NY,14006,,Ron Strack,716-549-0076,Ron.Strack@Goya.com; lm@scrapmanagement.com
GP HARMON RECYCLING,Invoice,,,,INVOICE,GP HARMON RECYCLING,PO Box 125,,Cedar Springs,GA,39832,,Brian Gaughan,423-543-1200,brian.gaughan@gapac.com
GP HARMON RECYCLING,Location,,,,"ELIZABETHTON, TN",GP HARMON RECYCLING,200 Smoky Mountain Place,,Elizabethton,TN,37643,,Jeff.Wade,(336) 725-1600,Jeff.Wade@gapac.com
GP THE BEST PLASTICS,Inv/Remit,,,,INVOICE,GP THE BEST PLASTICS,23939 Ventura Blvd,,Calabasas,CA,91302,,Megan Nichols,(626)298-5297,gp.thebestplastics@gmail.com
GRANVILLE PALLET COMPANY INC,Remit,,,,INVOICE,GRANVILLE PALLET COMPANY INC,3566 Highway 15,,Oxford,NC,27565,United States,Lauren,(919) 528-2347 -,lauren@granvillepallet.com; rp@scrapmanagement.com
GRAPHIC PALLET & TRANSPORT INC,Remit,,,,INVOICE,GRAPHIC PALLET & TRANSPORT INC,10225 Bode St,,Plainfield,IL,60585,,John,(630) 904-4951,graphicpallet@sbcglobal.net
GRAVITY CONCEPTS LIMITED,Remit,,,,INVOICE,GRAVITY CONCEPTS LIMITED,17505 Telge Rd,Suite 102,Cypress,TX,77429,,Chris Parker,,chris@gravityconcepts.us
GRAY ROCK LLC,Remit,,,,INVOICE,GRAY ROCK LLC,822 Mocksville Hwy,,Statesville,NC,28625,United States,Melinda Jacobs,704-873-6901,dispatch@grayrocktransport.com
GREAT LAKES PAPER,Remit,,,,INVOICE,GREAT LAKES PAPER,1885 Harlem Road,,Buffalo,NY,14212,,Jim Nemeti,(716) 854-3232,jimnemeti1@yahoo.com;jimnemeti1@yahoo.com
GREAT LAKES PAPER,Location,,,,NEW PICK-UP ADDRESS,GREAT LAKES PAPER,1885 Harlem Road,,Buffalo,NY,14212,,,,
GREAT LAKES PAPER,Location,,,,OLD PICK-UP ADDRESS,GREAT LAKES PAPER,441 Ohio Street,,Buffalo,NY,14204,United States,,,
GREAT LAKES RECYCLING,Remit,,,,PRIMARY,GREAT LAKES RECYCLING,30835 Groesbeck Hwy.,,Roseville,MI,48066,,Jon Greene,(586) 779-1310,kim.jeffords@go-glr.com; jon.greene@go-glr.com; aakopyan@ucsincny.com;kim.jeffords@go-glr.com; jon.greene@go-glr.com; aakopyan@ucsincny.com
GREAT LAKES RECYCLING,Location,,,,GREAT LAKES RECYCLING - HURON / NEW BOSTO,GREAT LAKES RECYCLING - HURON,36543 South Huron Rd,,New Boston,MI,48164,United States,Steve Kent,586-779-1310,steve.kent@go-glr.com
GREAT LAKES RECYCLING,Location,,,,GREAT LAKES RECYCLING - N. TONAWANDA,GREAT LAKES RECYCLING,"22 Mechanic St.,",,North Tonawanda,NY,14120,United States,Miguel Perez,716-692-3448,kim.jeffords@go-glr.com; jStacey Hellings (stacey.hellings@go-glr.com;aakopyan@ucsincny.com
GREAT LAKES RECYCLING,Location,,,,GREAT LAKES RECYCLING - ROSEVILLE,GREAT LAKES RECYCLING,30615 Groesbeck Hwy.,,Roseville,MI,48066,United States,Angela Crase,586-779-1310,Angela.crase@go-glr.com
GREAT LAKES TRANSPORT SOLUTIONS,Remit,,,,INVOICE,GREAT LAKES TRANSPORT SOLUTIONS,207 Commerce Drive,Suite 102,Amherst,NY,14228,,Quentin Hudson,855-968-0668,Quentin@GreatLakesTransport.com
GREEN CIRCLE RECYCLING LLC,Remit,,,,INVOICE,GREEN CIRCLE RECYCLING LLC,2850 Larson Street,,La Crosse,WI,54603,,Kendra Brown,(608) 782- 2082,kendrab@harters.net; lm@scrapmanagement.com
GREEN DIVERSION RECYCLING LLC,Remit,,,,INVOICE,GREEN DIVERSION RECYCLING LLC,PO Box 718,,Highwood,IL,60040,,Jeff Rotenberg,248.496.1784,Jeff@greendiversion.com
GREEN DIVERSION RECYCLING LLC,Location,,,,COLUMBUS GA,FEDERAL INTERNATIONAL For Green Diversion,1530 Martin Luther King Jr Blvd,,Columbus,GA,31906,,Jeff Rotenberg,248.496.1784,Jeff@greendiversion.com;Jeff@greendiversion.com
GREEN EARTH LLC,Remit,,,,INVOICE,GREEN EARTH LLC,P.O. Box 1347,,Harrisonburg,VA,22803,United States,Victoria R. Simmons,540-801-8668,vsimmons@conmatgroup.com; ib@scrapmanagement.com
GREEN EARTH LLC,Location,,,,PICK UP LOCATION,GREEN EARTH LLC,3330 Kratzer Rd,,Harrisburg,VA,22802,United States,,,
GREEN EVOLUTION RECYCLING,Remit,,,,INVOICE,GREEN EVOLUTION RECYCLING,4800 Florin Perkins Road,,Sacramento,CA,95826,,David Lee,(916) 256-2594,David@greenevolutionrecycling.com; Jay@GreenEvolutionRecycling.com; Sabrina@GreenEvolutionRecycling.com
GREEN PLANET 21 INC,Primary,,,,INVOICE,GREEN PLANET 21 INC,336 Adeline Street,,Oakland,CA,94607,United States,Cindy Conley,(541) 953-8235,cconley@greenplanet21.com; ib@scrapmanagement.com
,Remit,,,,"Oakland, CA",GREEN PLANET 21 INC,1221 3rd Street,,Oakland,CA,94607,,Cindy Conley,(541) 953-8235,cconley@greenplanet21.com; ib@ucsincny.com
0,Location,,,,"TACOMA, WA",GREEN PLANET 21 INC,2122 Port of Tacoma Road,,Tacoma,WA,98421,,,,
GREEN PLANET 21 INC - CENCAL,Remit,,,,INVOICE,GREEN PLANET 21 INC,501 Port Road 22,Suite B,Stockton,CA,95203,,Cindy Conley,(541) 953-8235,cconley@greenplanet21.com; ib@scrapmanagement.com
GREEN PLANET 21 INC - CENCAL,Location,,,,CENCAL,GREEN PLANET 21 INC,501 Port Road 22,Suite B,Stockton,CA,95203,,Eddie Moore,,EMoore@greenplanet21.com
GREEN PLANET 21 INC - DALLAS,Remit,,,,INVOICE,GREEN PLANET 21 INC - DALLAS,719 109th Street,,Arlington,TX,76011,United States,Cindy Conley,(541) 953-8235,cconley@greenplanet21.com;
GREEN PLANET 21 INC - DALLAS,Location,,,,DALLAS,GREEN PLANET 21 INC - DALLAS,719 109th Street,,Arlington,TX,76011,,cconley,(541) 953-8235,cconley@greenplanet21.com;ib@ucsincny.com
GREEN PLANET 21 INC - TACOMA,Inv/Remit,,,,INVOICE,GREEN PLANET 21 INC - TACOMA,2122 Port of Tacoma Road,,Tacoma,WA,98421,,Cindy Conley,(541) 953-8235,cconley@greenplanet21.com; ib@scrapmanagement.com
GREEN PLUS PLASTICS,Remit,,,,INVOICE,GREEN PLUS PLASTICS,"3131 N Franklin Road, Suite L",,Indianapolis,IN,46226,United States,Sasi Noothalapati,(931) 510-0525,sasi@greenplusplastics.com; ib@scrapmanagement.com
GREEN PLUS PLASTICS,Location,,,,INDIANAPOLIS,GREEN PLUS PLASTICS,"3131 N Franklin Road, Suite L",,Indianapolis,IN,46226,United States,,,
GREEN PROCESSING COMPANY INC,Inv/Remit,,,,INVOICE,GREEN PROCESSING COMPANY INC,2249 South Cameron Blvd,,Windsor,ON,N9B 3P6,CA,"Jeremy Berger, Sam Farhat",519.255.1600,jeremy@green-processing.com; sam@green-processing.com; ib@ucsincny.com
GREEN PROCESSING COMPANY INC,Location,,,,"BIRMINGHAM, AL",GREEN PACKAGING AND RECYCLING ALABAMA,400 39 Street,,Birmingham,AL,35222,,,,
GREEN PROCESSING COMPANY INC,Location,,,,LAREDO TX,Southwest Industrial Recycling,14209 Distribution,,Laredo,TX,78045,,,,
GREEN PROCESSING COMPANY INC,Location,,,,STATESVILLE NC,Resource MHR,1902 Clayton St.,,Statesville,NC,28667,United States,,,
GREEN RHINO RECYCLING,Inv/Remit,,,,INVOICE,GREEN RHINO RECYCLING,2809 Academy Drive SE,,Auburn,WA,98092,,Steve Green,(206) 465-5752,admin@greenrhinorecycling.com; steveng@greenrhinorecycling.com
GREEN WORKS INC,Remit,,,,INVOICE,GREEN WORKS INC,109-111 Newbury Street,,Peabody,MA,1960,,Jimmy Motzkin,978-854-6852,Jimmymotz@greenworksrecycles.com; Jeffm@greenworksrecycles.com; rp@ucsincny.com
GREENE COUNTY PALLETS INC,Remit,,,,INVOICE,GREENE COUNTY PALLETS INC,6268 E State Road 54,,Bloomfield,IN,47424,United States,Miles Hutchison,(812) 384-8362,mainoffice@greenecountypallets.net; rp@scrapmanagement.com
GREENEVILLE IRON & METALS,Remit,,,,PRIMARY,GREENEVILLE IRON & METALS,PO Box 1718,,Greeneville,TN,37744,,Jeff Collins Matt Collins,(423) 798-8987,info@greenevilleironandmetals.com;;info@greenevilleironandmetals.com;
GREENEVILLE IRON & METALS,Location,,,,GREENEVILLE IRON & PAPER CO.,GREENVILLE IRON & PAPER CO.,315 Old Stage Rd,,Greeneville,TN,37745,United States,Ralph Dingus,423-798-6657,ralphdingus@gmail.com
GREENLAND PLASTIC RECYCLING,Inv/Remit,,,,INVOICE,GREENLAND PLASTIC RECYCLING,2203 East 43rd,,Vancouver,,V5P 1M8,CA,Wesley Yang,,wesley.yang@greenlandplastic.com
GREENMINE INC,Inv/Remit,,,,INVOICE,GREENMINE INC,4785 Fulton Industrial Blvd SW,Suite B,Atlanta,GA,30336,,Adam,470-484-0537,adam@green-mine.com; scaleoffice@green-mine.com; ibeylin@ucsincny.com
GREENMINE INC,Location,,,,BALTIMORE,GREENMINE INC,8203 Fischer Road,,Dundalk,MD,21222,United States,,,
GREENOVATIVE SOLUTIONS,Inv/Remit,,,,INVOICE,GREENOVATIVE SOLUTIONS,6555 Chem Cote-de-Liesse,,"Montreal, QC",,H4T1V5,CA,Umer Naeem,514-693-2815,umer@greenovativesolutions.com; shipping@greenovativesolutions.com
GREENOVATIVE SOLUTIONS,Location,,,,AZUSA CA,GREENOVATIVE SOLUTIONS,1520 W Roosevelt St,,Azusa,CA,91702,United States,Irvin Cortez,(714) 794-2140,irvin@greenovativesolutions.com; bilal@greenovativesolutions.com; umer@greenovativesolutions.com; ib@scrapmanagement.com
GREENSOUTH RECYCLING,Remit,,,,INVOICE,GREENSOUTH RECYCLING,1698 GA-42 N,,Jackson,GA,30233,United States,Scott Reeves,(770) 775-6160 xt 2,scottreeves@greensouthrecycling.com; ib@scrapmanagement.com; accounting@greensouthrecycling.com
GREENSTAR RECYCLING - PITTSBURGH,Remit,,,,PRIMARY,GREENSTAR RECYCLING - PITTSBURGH,4100 Grand Ave,,Pittsburgh,PA,15225,,rp,(412) 250-0275,rp@scrapmanagement.com
GREENVIEW MATERIALS INC,Invoice,,,,INVOICE,GREENVIEW MATERIALS INC,1800 W Rogers Ave,,Appleton,WI,54914,,Duncan Whittington,314-915-2215,duncan@gvmat.com; ab@scrapmanagement.com; joel@gvmat.com
GREENVIEW MATERIALS INC,Location,,,,"APPLETON, WI",W Warehousing LLC,1800 W. Rogers Ave,,Appleton,WI,54914,,Duncan Whittington,314-915-2215,duncan@gvmat.com
GREENVIEW MATERIALS INC,Remit,,,,PRIMARY ADDRESS,GREENVIEW MATERIALS INC,1800 W Rogers Ave,,Appleton,WI,54914,,Duncan Whittington,314-915-2215,duncan@gvmat.com; ab@scrapmanagement.com; joel@gvmat.com
GREENVIEW MATERIALS INC,Location,,,,SPRINGFIELD MO,Service Recycling  for Greenview,220 E Chase St,,Springfield,MO,65803,,Duncan,314-915-2215,duncan@gvmat.com; ab@scrapmanagement.com; joel@gvmat.com;duncan@gvmat.com; ab@scrapmanagement.com; joel@gvmat.com
GREENVIEW MATERIALS INC,Location,,,,WASHINGTON MO,GREENVIEW MATERIALS INC,3 Southlink Drive,,Washington,MO,63090,,,,
GREENVIEW WASHINGTON WAREHOUSE,Primary,,,,WASHINGTON MO,GREENVIEW MATERIALS INC,3 Southlink Drive,,Washington,MO,63090,,Duncan Whittington,314-915-2215,duncan@gvmat.com; ab@scrapmanagement.com
,Remit,,,,INVOICE,GREENVIEW WASHINGTON WAREHOUSE,1800 W Rogers Ave,,Appleton,WI,54914,,,,
GREENWASTE RECOVERY LLC,Inv/Remit,,,,INVOICE,GREENWASTE RECOVERY LLC,610 E Gish Rd,,San Jose,CA,95112,United States,Ricardo Lopez,(408) 938-4936,rlopez@greenwaste.com; ib@scrapmanagement.com; Karen.Macias@greenwaste.com; Martin.McLeod@greenwaste.com
GREENWASTE RECOVERY LLC,Location,,,,HAYWARD CA,MING'S RECYCLING,3495 Breakwater Ave,,Hayward,CA,94545,,Ricardo Lopez,(408) 938-4936,rlopez@greenwaste.com; ib@scrapmanagement.com;rlopez@greenwaste.com; ib@scrapmanagement.com
GREENWASTE RECOVERY LLC,Location,,,,WAREHOUSE,"GREENWASTE RECOVERY, LLC",625 Charles Street,,San Jose,CA,95112,,,,
GREENWAY PRODUCTS AND SERVICES,Inv/Remit,,,,INVOICE,GREENWAY PRODUCTS AND SERVICES,5 WHEELING RD,,DAYTON,NJ,8810,United States,Dave,(732) 442-0200,dave@gpsllc.com; pamela@gpsllc.com; sales@gpsllc.com
GREENWAY PRODUCTS AND SERVICES,Location,,,,"BALTIMORE, MD",GREENWAY PRODUCTS AND SERVICES,2700 HOLLINS FERRY RD,,BALTIMORE,MO,21230,United States,Brian,215.768.7495,Brian@GPSLLC.COM
GREENWAY PRODUCTS AND SERVICES,Location,,,,"NEW BRUNSWICK, NJ",GREENWAY PRODUCTS AND SERVICES,14 Home News Row,,New Brunswick,NJ,8901,United States,Dave,732.442.0200,dave@gpsllc.com; Pamela@gpsllc.com; sales@GPSLLC.COM; damaris@greenwaypsllc.com
GREENWAY RESOURCE RECOVERY LLC,Remit,,,,INVOICE,GREENWAY RESOURCE RECOVERY LLC,2100 S. Kilbourn Ave.,,Chicago,IL,60623,,Jim Workman,(773)-522-0025,jim@greenwayrecycles.com; lm@scrapmanagement.com
GREENWOOD PALLET COMPANY,Inv/Remit,,,,INVOICE,GREENWOOD PALLET COMPANY,16849 Road Runner Dr,,Bridgeville,DE,19933,,John,,greenwoodpallet@gmail.com; lm@scrapmanagement.com
GREENWOOD PALLET COMPANY,Location,,,,BALTIMORE MD,GREENWOOD PALLET COMPANY,1927 Benhill Avenue,,Baltimore,MD,21226,,John,,greenwoodpallet@gmail.com
GREENWOOD PALLET COMPANY,Location,,,,DOVER DE,GREENWOOD PALLET COMPANY,836 Postles Corner Rd,,Dover,DE,19901,,John,,greenwoodpallet@gmail.com
GREER RECYCLING,Inv/Remit,,,,INVOICE,GREER RECYCLING,200 22nd St.,,Butner,NC,27509,,Brian Greer,336-613-5637,bgreerrecycling@gmail.com; rp@scrapmanagement.com
GREIF,Inv/Remit,,,,INVOICE - GREIF RECEIVABLES FUNDING,GREIF,PO Box 734739,,Chicago,IL,60673-4739,,Karen Wilson,,Karen.Wilson@greif.com; Anna.Davis@greif.com
GREIF,Location,,,,"CHARLOTTE, NC",GREIF,4915 Hovis Road,,Charlotte,NC,28208,,Brandon Banner,704-756-7933,Brandon.Banner@greif.com; ib@scrapmanagement.com
GREIF,Location,,,,"Mt Juliet, TN",UNDER ARMOUR,13 Athletes Way,,Mt Juliet,TN,37122,,Seth Martin,(615) 330-2185,seth.martin@greif.com
GREIF - LM,Remit,,,,INVOICE,CARAUSTAR - COLUMBUS,PO Box 734739,,Chicago,IL,60673,,Chase Axelson,(614) 529- 5535,chase.axelson@greif.com; lm@ucsincny.com
GREIF - LM,Location,,,,"COLUMBUS, OH",CARAUSTAR RECYCLING - LM,3024 Charter Street,,Columbus,OH,43228,United States,Chase Axelson,(614) 529- 5535,chase.axelson@greif.com;chase.axelson@greif.com
GRIFFIN FARM MACHINE COMPANY,Remit,,,,INVOICE,GRIFFIN FARM MACHINE COMPANY,6022 Unionville-Brief Rd,,Monroe,NC,28110,,Johnny Haigler,704-753-1720,jhgfmc@frontier.com
GROOT INDUSTRIES INC,Remit,,,,INVOICE,GROOT INDUSTRIES INC,ELK GROVE TRANSFER STATION,PO BOX 894,ELK GROVE VILLAGE,IL,60009,,Josh Brandsma,(773) 569-3011,tcannon@groot.com; jb@ucsincny.com; jbrandsma@groot.com
GROOT INDUSTRIES INC,Location,,,,"DES PLAINES, IL",GROOT INDUSTRIES INC,55 Howard Street,,Des Plaines,IL,60018,,Josh Brandsma,(773) 569-3011,tcannon@groot.com; jb@ucsincny.com; jbrandsma@groot.com
GROOT INDUSTRIES INC,Location,,,,"ELK GROVE VILLAGE, IL",GROOT INDUSTRIES INC,ELK GROVE TRANSFER STATION,1759 Elmhurst Rd.,Elk Grove Village,IL,60007,,Josh Brandsma,(773) 569-3011,tcannon@groot.com; jb@ucsincny.com; jbrandsma@groot.com
GROOT WASTE,Remit,,,,INVOICE,GROOT WASTE,2500 Landmeier Road,,Elk Grove Village,IL,60007,,Josh Brandsma,(773) 569-3011,"jbrandsma@groot.com, jerazo@groot.com, mmedina@groot.com, rp@scrapmanagement.com"
GROOT WASTE,Location,,,,"DES PLAINES, IL",GROOT WASTE,55 Howard Street,,Des Plaines,IL,60018,,Josh Brandsma,(773) 569-3011,tcannon@groot.com; yk@ucsincny.com; jbrandsma@groot.com
GROOT WASTE,Location,,,,GROOT WASTE,GROOT WASTE,1759 Elmhurst Rd.,,Elk Grove Village,IL,60007,United States,Terri Cannon,773-569-3011,tcannon@groot.com
GRUBER PALLETS INC,Inv/Remit,,,,INVOICE,GRUBER PALLETS INC,11490 Hudson Blvd,,Lake Elmo,MN,55042,,Charlie Kuhl,651-705-8873,charlie.kuhl@gruberpallets.com; orders@gruberpallets.com; Wendy@gruberpallets.com
GUERO PALLETS INC,Remit,,,,INVOICE,GUERO PALLETS INC,355 N. Lavergne Ave,,Chicago,IL,60644,,Martha Razo,(312) 523-5561,gueropallets1@gmail.com
GULFSTREAM SERVICES,Inv/Remit,,,,INVOICE,GULFSTREAM SERVICES,950 Peninsula Corporate Circle,Suite 3025,Boca Raton,FL,33487,,Alec Schrager,561-922-5220,alec@gulfstreamrecycling.com
GULFSTREAM SERVICES,Location,,,,BROOKLAND AR,MARCK INDUSTRIES For GULFSTREAM,300 Missouri Street,,Brookland,AR,72417,,,,
GULFSTREAM SERVICES,Location,,,,CONOVER NC - AXJO,AXJO For GULFSTREAM SERVICES,221 McLin Creek Road S,,Conover,NC,28613,,Alec Schrager,561-922-5220,alec@gulfstreamrecycling.com
GUNNISON RECYCLING,Remit,,,,INVOICE,GUNNISON RECYCLING,195 Basin Park Dr,,Gunnison,CO,81230-9519,United States,Debbie Ferchau,(970) 641-0044,dferchau@gunnisoncounty.org; ib@scrapmanagement.com
GXO,Inv/Remit,,,,INVOICE,GXO,1501 Bellwood Road,,Richmond,VA,23237,UK,Dories Simms,804-549-4731,Dories.Simms@gxo.com
HALF HOLLOW NURSERY INC,Remit,,,,PRIMARY,HALF HOLLOW NURSERY INC,2120 Main Rd,,Laurel,NY,11948,,David Scheer,(631) 298-9183,hhn3@optonline.net;hhn3@optonline.net
HALL COUNTY GOVERNMENT,Remit,,,,INVOICE,HALL COUNTY BOARD OF COMMISSIONERS,PO Box 1435,,Gainesville,GA,30503,,Bobby Purdum Lynn Wheeler,(770) 535-8284,rpurdum@hallcounty.org; lwheeler@hallcounty.org; ib@ucsincny.com
HALL COUNTY GOVERNMENT,Location,,,,"PICK-UP ADDRESS GAINESVILLE, GA",RESOURCE RECOVERY / HALL COUNTY RECYCLING,1008 Chestnut Street,,Gainesville,GA,30501,,Bobby Purdum,(770) 535-8284,rpurdum@hallcounty.org; lwheeler@hallcounty.org; ib@ucsincny.com
HAMILTON PLASTICS INC,Remit,,,,INVOICE,HAMILTON PLASTICS INC,2641 Riverport Rd,,Chattanooga,TN,37406,,J Cecil,,jcecil@hamiltonplasticsinc.com; lm@scrapmanagement.com
HAMILTON POLYMERS COMPANY,Invoice,,,,INVOICE,HAMILTON POLYMERS COMPANY,10355 NE Valley Rd. #4650,,Rollingbay,WA,98061,United States,Munish S,(484) 245- 4557,munish@hamiltonpolymers.com; celeste@hamiltonpolymers.com;
HAMILTON POLYMERS COMPANY,Location,,,,"AURORA, IL",HAMILTON POLYMERS COMPANY,920 Rathbone Avenue,,Aurora,IL,60506,,Corey Olsen,(484) 245-4557 x109,corey@hamiltonpolymers.com; marquis@hamiltonpolymers.com;  shipping@hamiltonpolymers.com;corey@hamiltonpolymers.com; marquis@hamiltonpolymers.com;  shipping@hamiltonpolymers.com
HAMILTON POLYMERS COMPANY,Location,,,,"BARBERTON, OH",ACTION RECYCLING FOR  HAMILTON POLY,389 15th ST NW,,Barberton,OH,44203,,Bob,330-417-8612,
HAMILTON POLYMERS COMPANY,Location,,,,CORDELE GA - STEEL RD,McMillian Plastics,165 Steel Rd,,Cordele,GA,31015,,Jimmy McMillian,478-733-4117,mcmillian.jimmy@gmail.com;mcmillian.jimmy@gmail.com
HAMILTON POLYMERS COMPANY,Location,,,,"CORDELE, GA",McMillian Plastics,906 11th Ave West,,Cordele,GA,31015,,Jimmy McMillian,478-733-4117,mcmillian.jimmy@gmail.com
HAMILTON POLYMERS COMPANY,Location,,,,"DALTON, GA",COLUMBIA RECYCLING - For HAMILTON POLY,2410 South Dixie Hwy,,Dalton,GA,30720,,Munish S,(484) 245- 4557,munish@hamiltonpolymers.com; celeste@hamiltonpolymers.com;munish@hamiltonpolymers.com; celeste@hamiltonpolymers.com
HAMILTON POLYMERS COMPANY,Location,,,,"EVANSVILLE, IN",Pellet Craft,616 N Norman Ave,,Evansville,IN,47711,,Tyler Webber,812.449.3380,PelletCraftLLC@gmail.com
HAMILTON POLYMERS COMPANY,Location,,,,GRAND RAPIDS MI,Recycling Concepts For HAMILTON,5015 52nd St. SE,,Grand Rapids,MI,49512,,Munish Suri,(484) 245-4557,munish@hamiltonpolymers.com;munish@hamiltonpolymers.com
HAMILTON POLYMERS COMPANY,Location,,,,LAREDO TX,SE MARES INC,1901 Shea St,,Laredo,TX,78040,,Primary,(956) 722-5139,
HAMILTON POLYMERS COMPANY,Location,,,,"LEETONIA, OH",HAMILTON POLYMERS COMPANY,404 Pearl Street,,Leetonia,OH,44431,,,,
HAMILTON POLYMERS COMPANY,Location,,,,"LEXINGTON, KY",HAMILTON POLYMERS COMPANY,740 Rockcastle Ave,,Lexington,KY,40505,,Shawn Elam,937.746.2222,SElam@cohenusa.com
,Remit,,,,REMIT,HAMILTON POLYMERS COMPANY,10355 NE Valley Rd. #4650,,Rollingbay,WA,98061,,Munish S,(484) 245- 4557,munish@hamiltonpolymers.com; celeste@hamiltonpolymers.com
0,Location,,,,ROLLINGBAY WA,HAMILTON POLYMERS COMPANY,10355 NE Valley Rd. #4650,,Rollingbay,WA,98061,,,,
0,Location,,,,ROMEOVILLE IL,HAMILTON POLYMERS COMPANY,1101 Windham Pkwy,,Romeoville,IL,60446,,Corey Olsen,484-245-4557,Corey@Hamiltonpolymers.com
0,Location,,,,SUNBRIGHT TN,Scott Computers for HAMILTON,234 Dynatex Rd.,,Sunbright,TN,37872,,Munish Suri,(484) 245-4557,munish@hamiltonpolymers.com
0,Location,,,,"WARREN, OH",Iron Eagle Recycling,621 Dana Street,,Warren,OH,44482,United States,,,
0,Location,,,,WHEELING IL,NORTHSTAR TRADING For Hamilton Poly,50 Messner Dr,,Wheeling,IL,60090,,Rich Azzo,847-243-4167,
0,Location,,,,"WINCHESTER, OH",HAMILTON POLYMERS COMPANY,11933 US Rt. 60,,Winchester,OH,45679,,Shawn Elam,513-804-5938,SElam@cohenusa.com
0,Location,,,,"WOOD DALE, IL",Recycled Vinyls c/o Continental/RV,101 Mark St,Suite A,Wood Dale,IL,60191,,Steve Santowski,(847) 595-7150,steve@continentalexpresslines.com
HAMPTON FARMS,Remit,,,,INVOICE,HAMPTON FARMS,6A NM-467,,Portales,NM,88130,United States,Jesus Ollervides,(575) 359-1454,jollervides@hamptonfarms.com; ib@scrapmanagement.com
HAMTRAMCK RECYCLING,Remit,,,,INVOICE,HAMTRAMCK RECYCLING,3333 Hamtramck Drive,,Hamtramck,MI,48211,United States,Nick Brennan,(313) 871-5000,nick@hrecycling.com; Brittany@hrecycling.com; ib@scrapmanagement.com
HANSEN PALLET CO,Remit,,,,INVOICE,HANSEN PALLET CO,1334 Elbert Taylor Rd,,Pelion,SC,29123,,hansenpallet,(803) 894-3082,hansenpallet@yahoo.com
HAPAG - LLOYD,Remit,,,,INVOICE,HAPAG - LLOYD,399 HOES LANE,,PISCATAWAY,NJ,8854,United States,,,
HAPPE HOMES,Primary,,,,INVOICE,HAPPE HOMES,2575 N Ankeny Blvd,Suite 211,Ankeny,IA,50023,,Roderick Orellana-Lemus,515-963-0842,roderick.orellana@happehomes.com; ab@scrapmanagement.com
HAPPE HOMES,Location,,,,DES MOINES IA,HAPPE HOMES,4549 Delaware Ave,,Des Moines,IA,50313,,Roderick Orellana-Lemus,515-963-0842,Roderick.Orellana@happehomes.com
KYADTA BUILDING SUPPLIES,Remit,,,,PRIMARY ADDRESS,KYADTA BUILDING SUPPLIES,2575 N Ankeny Blvd,Suite 211,Ankeny,IA,50023,,,,
HARRIS MATERIAL EXCHANGE INC,Inv/Remit,,,,INVOICE,HARRIS MATERIAL EXCHANGE INC,590 West 500 South,,Berne,IN,46711,,Caleb Soldner,(260) 589-8965,caleb@harrismaterial.com
HARRIS MATERIAL EXCHANGE INC,Location,,,,DELIVERY ADDRESS,"HARRIS MATERIAL EXCHANGE, INC",406 E PARR RD,,Berne,IN,46711,,Caleb Soldner,(260) 589-8965,caleb@harrismaterial.com;caleb@harrismaterial.com
HARRIS TEETER,Inv/Remit,,,,INVOICE,HARRIS TEETER,701 Crestdale Rd,,Matthews,NC,28105,United States,Jim Gowan,(336) 854-7266,JGOWAN@harristeeter.com
HARRIS TEETER,Location,,,,"GREENSBORO, NC",Harris Teeter Distribution Center,200 Distribution Drive,,Greensboro,NC,27410,United States,Jim Gowan,336-854-7266,
HAULIN AND SUCH,Remit,,,,INVOICE,HAULIN AND SUCH,2019 Wadsworth Rd,,Norton,OH,44203,,Jeff Davis,(330) 668-9942,jeff@haulinnsuch.com; lm@scrapmanagement.com
HAY CREEK PALLET,Remit,,,,INVOICE,HAY CREEK PALLET,5094 2nd Ave,,Pittsville,WI,54466,,Sandy Chasteen,(715) 884-2930,sandy@haycreekpallet.com; erin@haycreekpallet.com; andy@haycreekpallet.com; kathy@haycreekpallet.com; rpereira@ucsincny.com
HAYES RECYCLED PALLETS,Inv/Remit,,,,INVOICE,HAYES RECYCLED PALLETS,16 Maple St,,Leicester,VT,5733,United States,Ronny Hayes,(802) 247-4620,Hayespallets@hotmail.com; rp@scrapmanagement.com
HAYES RECYCLED PALLETS,Location,,,,PICK UP ADDRESS,HAYES RECYCLED PALLETS,1 Corona St,,Brandon,VT,5733,United States,,,
HD PALLET COMPANY LLC,Primary,,,,INVOICE,HD PALLET COMPANY LLC,"1910 Madison Ave., Ste 66",,Memphis,TN,38104-2620,United States,Lewis Newman,(901) 825-7284,lnewman@hdpalletcompany.com; rp@scrapmanagement.com
,Remit,,,,REMIT,HD PALLET COMPANY LLC,PO Box 9288,,Memphis,TN,38190,,,,
HEARTLAND RECYCLERS LLC,Remit,,,,INVOICE,HEARTLAND RECYCLERS LLC,307 W White Oak Street,,Leitchfield,KY,42754,United States,Brittany Decker,(270) 769-2506,heartlandrecyclers@yahoo.com; sa@scrapmanagement.com
HEATH INDUSTRIAL,Remit,,,,INVOICE,HEATH INDUSTRIAL,3551 Lakeview Drive,,Algonquin,IL,60102,,David Heath,847.809.3332,dheath@heathindustrial.com
HEATH INDUSTRIAL,Location,,,,PICK-UP ADDRESS,HEATH INDUSTRIAL,122 Baker Road,,Lake Bluff,IL,60040,,,,
HELLO BELLO,Remit,,,,INVOICE,HELLO BELLO,2101 Texas Central Pkwy,,Waco,TX,76712,United States,Gary Nors,254-315-5500,gary.nors@hellobello.com
HESS WOOD RECYCLING INC,Inv/Remit,,,,INVOICE,HESS WOOD RECYCLING INC,2357 Newlins Mill Rd,,Easton,PA,18045,United States,Shanon,(610) 614-9070,mlhess@rcn.com
HGD WASTE,Inv/Remit,,,,INVOICE,HGD WASTE,1054 Kansas St,,Memphis,TN,38106,,Greg Echols,901-849-4017 Ext. 102,greg@hgdwaste.com
HIGH POINT PLASTICS,Invoice,,,,INVOICE,HIGH POINT PLASTICS,1024 Porter St,,High Point,NC,27263,United States,Julie O'Brien,336 307 4224,hpplastics55@gmail.com; ib@scrapmanagement.com
HIGH SPEED TRIPLE T TRUCKING LCC,Remit,,,,INVOICE,HIGH SPEED TRIPLE T TRUCKING LCC,7932 Normandy Ave,,Burbank,IL,60459,,Tichawona Troy,833-874-7888,tony@highspeedtriplettrucking.com
HILEX POLY,Inv/Remit,,,,INVOICE,HILEX POLY,101 E Carolina Avenue,,Hartville,SC,29550,United States,Bryce Jackson,(843) 857-4577,bryce.jackson@novolex.com; David.Bangs@novolex.com;ib@scrapmanagement.com; Kasey.Leonard@novolex.com
HILEX POLY,Location,,,,LOUISVILLE KY,HILEX POLY / RXO,6000 Haunz Lane,,Louisville,KY,40241,,Bryce Jackson,843-624-9669,bryce.jackson@novolex.com; David.Bangs@novolex.com;ib@scrapmanagement.com;bryce.jackson@novolex.com;David.Bangs@novolex.com;ib@scrapmanagement.com
HILEX POLY,Location,,,,MADISON IN,RXO C/O M&M - Ford Warehouse,748 Scott Court,,Madison,IN,47250,,Jr Bush,812-701-9046,MM309@masonandmefford.com
HILEX POLY,Location,,,,N VERNON 2ND AVE,HILEX POLY/NOVOLEX,1001 N 2nd St,,North Vernon,IN,47265,United States,Kasey Leonard,(812) 346-1066 X 216,kasey.leonard@novolex.com; bryce.jackson@novolex.com; David.Bangs@novolex.com;ib@scrapmanagement.com
HILEX POLY,Location,,,,N VERNON MADISON AVE,HILEX POLY,999 N Madison Ave,,North Vernon,IN,47265,,Kasey Leonard,(812) 346-1066 X 216,kasey.leonard@novolex.com; bryce.jackson@novolex.com; David.Bangs@novolex.com;ib@scrapmanagement.com
HILL BROTHERS LOGISTICS,Remit,,,,INVOICE,HILL BROTHERS LOGISTICS,7850 I Street,,Omaha,NE,68127,United States,Cris Morris,402-547-1089,crism@hillbros.com
HILTON DISPLAYS,Inv/Remit,,,,INVOICE,HILTON DISPLAYS,125 Hillside Dr,,Greenville,SC,29607,,Rick F,,"rf@scrapmanagement.com, accountspayable@hiltondisplays.com"
HODGE DISTRIBUTION & LOGISTICS,Inv/Remit,,,,INVOICE,HODGE DISTRIBUTION & LOGISTICS,2075 Lynette Drive,,Sumter,SC,29154,,Troy P. Hodge,803-506-2975,thodge@hodgedl.com
HODGE DISTRIBUTION & LOGISTICS,Location,,,,PRIMARY ADDRESS,HODGE DISTRIBUTION & LOGISTICS,187 S Lafayette Dr.,,Sumter,SC,29150,,Suzy,803-934-1900,
HOM FURNITURE INC,Remit,,,,INVOICE,HOM FURNITURE INC,10301 Woodcrest Dr NW,,Coon Rapids,MN,55433,,Rosendo Delgadillo,763-862-9580,rdelgadillo@homfurniture.com; jb@scrapmanagement.com
HOM FURNITURE INC,Location,,,,"ANOKA, MN",HOM FURNITURE INC,911 Lund Blvd,,Anoka,MN,55303,,Matt Aho,763-268-2587,maho@homfurniture.com; rdelgadillo@homfurniture.com; yklevtsov@ucsincny.com
HOOF'S FARRIER VET SUPPLY,Remit,,,,PRIMARY,HOOF'S FARRIER VET SUPPLY,991 E. Old West Highway,,Apache Junction,AZ,85219,,Robbie DeLong,(480) 671-1006,hoofsfvs@yahoo.com;hoofsfvs@yahoo.com
HOPEWELL NURSERY,Remit,,,,PRIMARY,HOPEWELL NURSERY,54 Harmony Road,,Bridgeton,NJ,8302,,John Van Pelt,(856) 451-5552,john@hopewellnursery.com;john@hopewellnursery.com
HOPEWELL NURSERY,Location,,,,HOPEWELL NURSERY,HOPEWELL NURSERY,1274 Highway 77.,,Bridgeton,NJ,8302,United States,John Van Pelt,(856)451-5552,john@hopewellnursery.com
HORRY COUNTY SOLID WASTE AUTHORITY,Remit,,,,INVOICE,HORRY COUNTY SOLID WASTE AUTHORITY,P.O. Box 1664,,Conway,SC,29528,,William Barker,(843) 347-1651,wbarker@solidwasteauthority.org; jbitting@solidwasteauthority.org; mrf@solidwasteauthority.org; ckeith@solidwasteauthority.org; ib@scrapmanagement.com
HORRY COUNTY SOLID WASTE AUTHORITY,Location,,,,"CONWAY, SC",HORRY COUNTY SOLID WASTE AUTHORITY,1886 Highway 90,,Conway,SC,29526,,,,
HOX RECYCLING INC,Remit,,,,INVOICE,HOX RECYCLING INC,4510 Township Road 307,,Millersburg,OH,44654,,Mark Hoxworth,(330) 674- 6868,wpi.mhox@gmail.com; lm@ucsincny.com
HPJ INDUSTRIES,Inv/Remit,,,,INVOICE,HPJ INDUSTRIES,PO Box 860,,Bowling Green,OH,43402,,Stephen & Josh,(814) 229-2336,stephen@hpjind.com; josh@hpjind.com; ib@scrapmanagement.com
HPJ INDUSTRIES,Location,,,,"DESHLER, OH",HPJ INDUSTRIES,299 S Chestnut St,,Deshler,OH,43516,,Josh Swiecicki,419.278.1000,josh@hpjind.com; mmaynard@hpjind.com; stephen@hpjind.com; sueann@hpjind.com
HPJ INDUSTRIES,Location,,,,"EUPORA, MS",HPJ INDUSTRIES,155 Britton Road,,Eupora,MS,39744,,Stephen Mariani,(814) 229-2336,stephen@hpjind.com; sa@scrapmanagement.com
HPJ INDUSTRIES,Location,,,,PRIMARY ADDRESS,HPJ INDUSTRIES,PO Box 860,,Bowling Green,OH,43402,,,,
HT HACKNEY,Primary,,,,INVOICE,HT HACKNEY,2500 Buttermilk Rd W,,Lenoir City,TN,37771,United States,Thomas Heath,(865) 717-6833,Thomas.Heath@hthackney.com; sa@scrapmanagement.com
HT HACKNEY,Remit,,,,PRIMARY ADDRESS,HT HACKNEY,PO BOX 489,,LENOIR CITY,TN,37771,,,,
HUCK'S PIGGYBACK SERVICE,Remit,,,,INVOICE,HUCK'S PIGGYBACK SERVICE,1200 W Craighead Rd,,Charlotte,NC,28206,,Aaron Gethers,(704) 596-9153,gethersaaron@yahoo.com
HUDSON BAYLOR BROOKHAVEN,Remit,,,,INVOICE,HUDSON BAYLOR BROOKHAVEN LLC,352 Horseblock Road,,Brookhaven,NY,11719,,Michelle Ferrara,(631) 566-4366,michelle.ferrara@greenstreamli.com; aa@scrapmanagement.com
I-90 REPROCESSING LLC,Remit,,,,INVOICE,I-90 REPROCESSING LLC,24104 755th Ave,,Albert Lea,MN,56007,United States,Terry Van Kampe,507-390-1364,tvankamp@outlook.com; sa@scrapmanagement.com
IBC TOTE RECYCLING LLC,Inv/Remit,,,,INVOICE,IBC TOTE RECYCLING LLC,772 Lyonwood Ave,,Austin,TX,91789,,Robert Demaree,(708) 316-8448,robert@mrawasteexchange.com;ab@scrapmanagement.com
IBC TOTE RECYCLING LLC,Location,,,,WHITESTOWN IN,RYDER SYSTEM INC / ROCKWELL AUTOMATION,4255 S 500 E,,Whitestown,IN,46075,,Robert Demaree,,robert@mrawasteexchange.com;robert@mrawasteexchange.com;robert@mrawasteexchange.com
ICS CARGO CLEAN,Remit,,,,INVOICE,ICS CARGO CLEAN,Lockbox 74007518,PO Box 74007518,Chicago,IL,60674-0185,United States,,,
ICS CARGO CLEAN,Location,,,,CINCINNATI OH,ICS CARGO CLEAN,7324 Paddock Rd.,,Cincinnati,OH,45216,United States,,,
ICTV,Remit,,,,INVOICE,ICTV,7348 E Saddlehorn Way,,Orange,CA,92869,,Gregory Unruh,714-933-8406,gregoryunruh@msn.com; ib@scrapmanagement.com
ICTV,Location,,,,"GOWER, MO",D&D Pallet Services,9230 NW 316th Street,,Gower,MO,64454,,Greg Unruh,714-933-8406,gregoryunruh@msn.com
ICTV,Location,,,,"PORTLAND, OR",Westrock,6328 SE 100th Avenue,,Portland,OR,97266,United States,Gregory Unruh,714-933-8406,gregoryunruh@msn.com
ICTV,Location,,,,SANTA TERESA NM,Federal Express,750 Industrial Avenue,,Santa Teresa,NM,88008,United States,Gloria Butler,575-874-7100,
IGPS LOGISTICS LLC,Inv/Remit,,,,INVOICE,IGPS LOGISTICS LLC,DEPT CH 17022,,Palatine,IL,60055,United States,Pete Saldana & Trevor Peterson,(248) 804-8148,PSaldana@igps.net; MWyma@igps.net; rp@scrapmanagement.com
IGPS LOGISTICS LLC,Location,,,,AUSTELL GA,IGPS LOGISTICS LLC,7815 Third Flag PKWY,Suite 150,Austell,GA,30168,,Matthew Wyma,,MWyma@igps.net;MWyma@igps.net
IGPS LOGISTICS LLC,Location,,,,"BRIDGEWATER, MA",IGPS LOGISTICS LLC,400 Manley Street West,,Bridgewater,MA,2379,United States,Peter Saldana,586-221-1000,PSaldana@igps.net; MWyma@igps.net
IGPS LOGISTICS LLC,Location,,,,"FISHERS, IN",IGPS LOGISTICS LLC,9910 N by Northeast Blvd,Ste. 100,Fishers,IN,46037,,Matthew Wyma,,MWyma@igps.net;rp@scrapmanagement.com
IGPS LOGISTICS LLC,Location,,,,"LANCASTER, TX",IGPS LOGISTICS LLC,3900 N. Dallas Ave. Ste. 300,,LANCASTER,TX,75134,,Peter Saldana,586-221-1000,PSaldana@igps.net; MWyma@igps.net
IGPS LOGISTICS LLC,Location,,,,"NAPERVILLE, IL",IGPS LOGISTICS LLC,140 Ambassador Dr. Ste 140,,Naperville,IL,60540,United States,Brian Espino,(404)349-3546,MWyma@igps.net; BEspino@igps.net
IGPS LOGISTICS LLC,Location,,,,"PORTLAND, OR",IGPS LOGISTICS LLC,8929 N Ramsey Suite E,,Portland,OR,97203,,Edward Bates,(971) 242-3450,MWyma@igps.net; ebates@igps.net
IGPS LOGISTICS LLC,Location,,,,"SHIREMANSTOWN, PA",IGPS LOGISTICS LLC,431 railroad ave suite c,,Shiremanstown,PA,17011,United States,Pete Saldana,(248) 804-8148,psaldana@igps.net; TPeterson@igps.net; SBettinger@igps.net;
IHC TRADING,Inv/Remit,,,,INVOICE,IHC TRADING,PO Box 601,,Bethlehem,PA,18016,,Ignatios Hadjiloukas,(610) 432- 1615,sales@ihctrading.com; rp@scrapmanagement.com
IHC TRADING,Location,,,,PLANT ADDRESS,IHC TRADING,400 Island Park Road,,Easton,PA,18042,,,,
IMACC CORP,Remit,,,,INVOICE,IMACC CORP,2303 Dalton Industrial Court,,Dalton,GA,30721,United States,Peter Cutt,(706) 463-3030,pcutt@imacc-corp.com; ib@scrapmanagement.com
IMS RECYCLING SERVICES,Remit,,,,INVOICE,IMS RECYCLING SERVICES,2740 Boston Ave,,San Diego,CA,92113,United States,Arquis Lawson,619-321-3352,arquisl@imsrecycling.com; ib@scrapmanagement.com
IN HOME VACCINES LLC,Remit,,,,INVOICE,IN HOME VACCINES LLC,3213 Cofer Rd,,Falls Church,VA,22042,,Noah Seifman,,inhomevaccines@gmail.com; nseifman@gmail.com
IN HOME VACCINES LLC,Location,,,,BERRYVILLE VA,C2 Management for IN HOME VACCINES LLC,230 1st Street,,Berryville,VA,22611,,Noah Seifman,,inhomevaccines@gmail.com; nseifman@gmail.com;inhomevaccines@gmail.com; nseifman@gmail.com;inhomevaccines@gmail.com; nseifman@gmail.com
INDEX PACKAGING,Invoice,,,,INVOICE,INDEX PACKAGING,5846 Heritage Landing Drive,,East Syracuse,NY,13057,United States,Mike Whiles,(603) 312-3281,mwiles@indexpackaging.com; jjones@indexpackaging.com
INDEX PACKAGING,Location,,,,NEW HAMPSHIRE,INDEX PACKAGING,1055 White Mountain Hwy,,Milton,NH,3851,United States,Mike Whiles,(603) 312-3281,mwiles@indexpackaging.com
INDEX PACKAGING,Remit,,,,PRIMARY ADDRESS,INDEX PACKAGING,PO Box 4900,,Lewiston,ME,04243-4900,,,,
INDIANA CARDINAL INC,Inv/Remit,,,,INVOICE,INDIANA CARDINAL INC,605 W Eichel Ave,,Evansville,IN,47710,United States,"Jake Fleming, Cameron Elpers",812-401-9988,jake@indianacardinal.com; cameron@indianacardinal.com; ib@scrapmanagement.com
INDIGO PLASTICS INC,Inv/Remit,,,,INVOICE,INDIGO PLASTICS INC,40 Commerce Place,Suite 105,Hicksville,NY,11801,,Leo Moreira,(516) 852-2317,leo@indigoplast.com; aakopyan@ucsincny.com;leo@indigoplast.com; aakopyan@ucsincny.com
INDIGO PLASTICS INC,Location,,,,"BRIDGEPORT, CT",INDIGO PLASTICS INC,63 Williston St,,Bridgeport,CT,6607,United States,Bob Goodman,(516) 852-2317,bob@indigoplast.com; aa@scrapm
INDIGO PLASTICS INC,Location,,,,BROOKLYN NY,INDIGO PLASTICS INC,141 6TH ST,,BROOKLYN,NY,11215,United States,,,
INDIGO PLASTICS INC,Location,,,,"FARMINGVILLE, NY",INDIGO PLASTICS INC,445 Horseblock Road,,Farmingville,NY,11738,,,,
INDIGO PLASTICS INC,Location,,,,INDIGO PLASTICS - DEER PARK,INDIGO PLASTICS INC,171 East Industry ct.,,Deer Park,NY,11729,,leo,(516) 852-2317,leo@indigoplast.com; aakopyan@ucsincny.com
INDIGO PLASTICS INC,Location,,,,"INDIGO PLASTICS - NAPERVILLE, IL",INDIGO PLASTICS INC,1650 Shore Road,,Naperville,IL,60563,,Bob Goldman,(516) 852-2317,leo@indigoplast.com; aakopyan@ucsincny.com
INDIGO PLASTICS INC,Location,,,,INDIGO PLASTICS - NEWARK,INDIGO PLASTICS INC,40 Verona Avenue,,Newark,NJ,7104,,,,
INDIGO PLASTICS INC,Location,,,,INDIGO PLASTICS - WHITESTONE,INDIGO PLASTICS INC,112-02 15th Avenue,,Whitestone,NY,,,leo,(516) 852-2317,leo@indigoplast.com; aakopyan@ucsincny.com
INDIGO PLASTICS INC,Location,,,,MASPETH NY,INDIGO PLASTICS INC,3 Railroad Place,,Maspeth,NY,11378,,,,
INDIGO PLASTICS INC,Location,,,,QUEENS NY,Mr. T Carting Corp,73-10 Edsall Avenue,,Queens,NY,11385,United States,,,
INDIGO PLASTICS INC,Location,,,,WESTBURY NY,INDIGO PLASTICS INC,615 Dickens Street,,Westbury,NY,,,,,
INDIGO PLASTICS INC,Location,,,,WEYMOUTH MA,INDIGO PLASTICS INC,200 Libby Industrial Pkwy E,,Weymouth,MA,2189,,,,
INDIGO PLASTICS INC,Location,,,,WYOMING MI,INDIGO PLASTICS INC,3710 Roger B. Chaffee Memorial Drive SE,,Wyoming,MI,49548,United States,,,
INDORAMA VENTURES,Inv/Remit,,,,INVOICE,INDORAMA VENTURES,1764 Wilkinson Street,,Athens,AL,35611,United States,Lisa White,(214) 425-1008,lisa.white@us.indorama.net; megan.williams@us.indorama.net; sharay.harris@us.indorama.net; taylor.stewart@us.indorama.net; lindsey.scott@us.indorama.net; April.Lisalda@us.indorama.net
INDORAMA VENTURES,Location,,,,Athens,INDORAMA VENTURES,1764 Wilkinson St,,Athens,AL,35611,,Taylor Stewart,,taylor.stewart@us.indorama.net;taylor.stewart@us.indorama.net;taylor.stewart@us.indorama.net;taylor.stewart@us.indorama.net;taylor.stewart@us.indorama.net;taylor.stewart@us.indorama.net
INDUSTRIAL PALLET CORP,Remit,,,,INVOICE,INDUSTRIAL PALLET CORP,255 N Carlisle St,,Greencastle,PA,17225,,Eric Hollinshead,,ehollinshead@weareipc.com; lfluke@weareipc.com
INDUSTRIAL PLASTIC RECYCLING INC,Invoice,,,,INVOICE,INDUSTRIAL PLASTIC RECYCLING INC,525 W. 169th Street,,South Holland,IL,60473,,Eli J. Haig,708-333-8383,ehaig@iprcorp.net;
INDUSTRIAL RECYCLERS,Inv/Remit,,,,INVOICE,INDUSTRIAL RECYCLERS,PO Box 4687,,Sidney,OH,45365,United States,Steven,(937) 821-4020,steven@industrial-recyclers.com
INDUSTRIAL RECYCLERS,Location,,,,"ANDERSON, IN",INDUSTRIAL RECYCLERS,1301 W. 16th St.,,Anderson,IN,46016,,,,
INDUSTRIAL RECYCLERS,Location,,,,DAYTON OH,INDUSTRIAL RECYCLERS,400 E. 4th St,,Dayton,OH,45402,,,,
INDUSTRIAL RECYCLERS,Location,,,,LIMA OH,INDUSTRIAL RECYCLERS,750 Buckeye Rd,,Lima,OH,45804,United States,,,
INDUSTRIAL RECYCLERS,Location,,,,SIDNEY OH,INDUSTRIAL RECYCLERS,2640 Campbell Rd,,Sidney,OH,45365,,,,
INFILTRATOR WATER TECHNOLOGIES,Remit,,,,INVOICE,INFILTRATOR WATER TECHNOLOGIES,2600 Corporate Drive,,Winchester,KY,40391,United States,Seth Gilbert,859-745-6774,sgilbert@infiltratorwater.com; rp@scrapmanagement.com
INFILTRATOR WATER TECHNOLOGIES,Location,,,,PICK UP LOCATION,INFILTRATOR WATER TECHNOLOGIES,5555 Rockwell Rd,,Winchester,KY,40391,United States,Seth Gilbert,859-745-6774,sgilbert@infiltratorwater.com; rp@scrapmanagement.com
INGRAM EXPRESS SERVICES,Inv/Remit,,,,INVOICE,INGRAM EXPRESS SERVICES,337 Hill Ave,,NASHVILLE,TN,37210,,Adam Ingram,615.457.8226,adam@ingramexpress.com; ab@scrapmanagement.com
INLAND DIE CASTING,Remit,,,,INVOICE,INLAND DIE CASTING,161 Carpenter Ave,,Wheeling,IL,60090,United States,Irving Acosta,,iacosta@rcmindustries.com; ib@scrapmanagement.com
INNOVATIVE CLAIMS SERVICE,Remit,,,,INVOICE,INNOVATIVE CLAIMS SERVICE,2510 S Brentwood Blvd,Ste 315,St Louis,MO,63144,,Kimberly LaRue,314-531-4837,bids@innovativeclaims.com; ib@scrapmanagement.com
INNOVATIVE CLAIMS SERVICE,Location,,,,HOUSTON TX,Azadwinder Singh,7531 Fairview Street,,Houston,TX,77041,,Primary,346-213-8990,
IN-PLAS RECYCLING,Invoice,,,,INVOICE,IN-PLAS RECYCLING,2300 Montana Avenue,Suite 102,Cincinnati,OH,45211,,Greg Winans,513-541-9800,plasticscrap@fuse.net;plasticscrap@fuse.net
IN-PLAS RECYCLING,Location,,,,"BRYAN, OH",BRYAN PLASTICS for In-Plas,721 East Edgerton Street,,Bryan,OH,43506,,,,
IN-PLAS RECYCLING,Location,,,,CINCINNATI OH,IN-PLAS RECYCLING,3702 Dirr St,Dock 7 & 8,Cincinnati,OH,45223,,Kathy Hooker,513-541-9800,plasticscrap@fuse.net; kathy@inplasrecycling.com
IN-PLAS RECYCLING,Location,,,,"DAYTON, OH",Heildelberg,3601 Dryden Rd,,Dayton,OH,45439,,Greg Winans,513-382-5490,plasticscrap@fuse.net
IN-PLAS RECYCLING,Location,,,,"GENTRY, AR",ALTERNATIVE PLASTICS for In-Plas,12579 Pioneer Ln,,Gentry,AR,72734,,,,
IN-PLAS RECYCLING,Location,,,,"GRANITE CITY, IL",TOTALL METAL For In Plas,2700 Missouri Avenue,,Granite City,IL,62040,,,,
IN-PLAS RECYCLING,Location,,,,LIMA OH,IN-PLAS RECYCLING,541 S Central Ave,,Lima,OH,45804,,Greg Winans,513-731-9635,plasticscrap@fuse.net
IN-PLAS RECYCLING,Location,,,,OSGOOD IN,IN-PLAS RECYCLING,1564 W County Road 300,,Osgood,IN,47037,,,,
IN-PLAS RECYCLING,Remit,,,,PRIMARY ADDRESS,IN-PLAS RECYCLING,2300 Montana Avenue,Suite 102,Cincinnati,OH,45211,,Gordon,(937) 241-5501,
IN-PLAS RECYCLING,Location,,,,"RICHMOND, KY",KY RECYCLING FOR IN-PLAS,114 Quality Drive,,Richmond,KY,40475,,,,
IN-PLAS RECYCLING,Location,,,,"SEYMOUR, IN",IN-PLAS RECYCLING,2230 D Ave,Suite B,Seymour,IN,47274,,Kathy,513-541-9800,traffic@inplasrecycling.com
INSOURCE MATERIALS,Inv/Remit,,,,INVOICE,INSOURCE MATERIALS,170 Mark I Dr,,Henry,TN,38231,,Logan Payne,(731) 243-7700,Logan@insourcematerials.com
INTEGRICO COMPOSITES,Inv/Remit,,,,INVOICE,INTEGRICO COMPOSITES,108 Inducto Way,,Sarepta,LA,71071,,Heather Bonnette,318-639-3127,Heather.Bonnette@integrico.com
INTEGRITY EXPRESS LOGISTICS LLC,Primary,,,,INVOICE,INTEGRITY EXPRESS LOGISTICS LLC,4420 COOPER RD,STE 400,BLUE ASH,OH,45242,United States,Grace Strohmaier,(937) 535-6663,galbers@intxlog.com
INTEGRITY EXPRESS LOGISTICS LLC,Remit,,,,PRIMARY ADDRESS,INTEGRITY EXPRESS LOGISTICS LLC,62488 Collections Center Drive,,Chicago,IN,60693,,,,
INTEGRITY FIBER,Remit,,,,INVOICE,INTEGRITY FIBER,P.O. BOX 1911,,Akron,OH,44309,United States,Liz Harris,,Liz.Harris@intfiber.com; drew.dyer@intfiber.com; Kim.Boron@intfiber.com; sales2@scrapmanagement.com
INTEGRITY FIBER,Location,,,,"KALAMAZOO, MI",RIVER VALLEY PAPER CO,2221 Palmer Ave,,Kalamazoo,MI,49001,United States,Liz Harris,,Liz.Harris@intfiber.com;
INTEGRITY FIBER SUPPLY,Remit,,,,INVOICE,INTEGRITY FIBER SUPPLY,10 W Carmel Drive,Suite 300,Carmel,IN,46032,,Nick Scheimann,(706) 521-1610,nscheimann@intfiber.com
INTEGRITY FIBER SUPPLY,Location,,,,"PLEASANT PRAIRIE, WI",L&M Corrugated Container,10680 88th Ave,,Pleasant Prairie,WI,53158,,Jessie Santilli,(262) 366-1753,jsantilli@intfiber.com
INTEGRITY RECYCLING,Inv/Remit,,,,INVOICE,INTEGRITY RECYCLING,909 Bloomfield Knoll Drive,,Bloomfield Hills,MI,48304,,Jim Brennan,(248) 225-6772,jameswbrennan56@gmail.com; ib@scrapmanagement.com
INTEGRITY RECYCLING,Location,,,,"MARYSVILLE, MI",TI  AUTOMOTIVE,184 Gratiot Ave,,Marysville,MI,48040,,Jim Brennan,(248) 225-6772,jameswbrennan56@gmail.com
INTERNATIONAL ALLOY,Inv/Remit,,,,PRIMARY,INTERNATIONAL ALLOY-V,8801 Thornbury Place,,Waxhaw,NC,28173,,Larry Schipper,(980) 245-2085,traffic@scraptrader.com; larry.schipper@scraptrader.com;traffic@scraptrader.com; larry.schipper@scraptrader.com
INTERNATIONAL ALLOY,Location,,,,INTERNATIONAL ALLOY - TROY,INTERNATIONAL ALLOY,279 Pike County Lake Road,,Troy,AL,36079,,traffic,(973) 543-0095,traffic@scraptrader.com
INTERNATIONAL ALLOY,Location,,,,INTL ALLOY - ELIZABETHTON TN,INTERNATIONAL ALLOY,200 Smoky Mountain Place,,Elizabethton,TN,37643,,Lisa,(980) 245-2085,traffic@scraptrader.com; accountspayable@scraptrader.com; larry.schipper@scraptrader.com
INTERNATIONAL ALLOY,Location,,,,PICK-UP LOCATION - LAREDO,TRANS DEPOT WAREHOUSE,1408 W Mann Road,,Laredo,TX,78041,,Maria,956-523-0892,
INTERNATIONAL PAPER,Remit,,,,INVOICE,INTERNATIONAL PAPER,6400 Poplar Ave,,Memphis,TN,38197,,Chris Brandwood,,Chris.Brandwood@ipaper.com; laura.hannah@ipaper.com; ib@scrapmanagement.com
INTERNATIONAL PAPER,Location,,,,TYSON - WILKESBORO NC,Tyson Foods Inc,704 S Factor St,Dock 45,Wilkesboro,NC,28697,,Randy,336-957-7684,
INTERNATIONAL TRANSLOAD LOGISTICS,Remit,,,,INVOICE,INTERNATIONAL TRANSLOAD LOGISTICS,PO Box 5724,,Naperville,IL,60567-5724,United States,Anthony Donofrio,866-883-9402 x 8,ADonofrio@itlchicago.com
INTERSTATE WASTE SERVICES,Remit,,,,INVOICE,INTERSTATE WASTE SERVICES,300 Frank W Burr Blvd,Ste 39,Teaneck,NJ,7666,United States,Anthony Gambino,(866) 270-9900,agambino@interstatewaste.com; aa@scrapmanagement.com
INTERSTATE WASTE SERVICES,Location,,,,TRANSFER STATION JERSEY CITY,INTERSTATE WASTE SERVICES,375 Route 1 & 9 South,,Jersey City,NJ,7306,United States,Anthony Gambino,(866) 270-9900,agambino@interstatewaste.com
INTERWEST PAPER,Inv/Remit,,,,INVOICE,INTERWEST PAPER,PO Box 65382,,Salt Lake City,UT,84165,United States,Smokey Peck,(801) 266-3610,beau@interwestpaper.com; smokey@interwestpaper.com; ib@scrapmanagement.com
INTERWEST PAPER,Location,,,,BOX ELDER - GARLAND UT,Interwest Paper - Box Elder Recycling Facility,12455 Canal Bank Road,,Garland,UT,84312,,Beau Peck,801-266-3610,beau@prorecyclinggroup.com
INTERWEST PAPER,Location,,,,PRIMARY ADDRESS,INTERWEST PAPER,575 West 3615 South,,Salt Lake City,UT,84115,United States,,,
INZI CONTROLS ALABAMA,Inv/Remit,,,,INVOICE,INZI CONTROLS ALABAMA,375 Alabama Hwy 203,,Elba,AL,36323,United States,Amber Artz,(334) 237-9793,afowler@inzi.co.kr; sa@scrapmanagement.com
IROW SHREDDING RECYCLING,Remit,,,,PRIMARY,IROW SHREDDING RECYCLING,1040 Indianhead Drive,,Mosinee,WI,54455-9603,,Cory,(715) 693-7123,cory@IROW.bz;scale@irow.bz
IROW SHREDDING RECYCLING,Location,,,,"WAUSAU, WI",IROW SHREDDING RECYCLING,410 S Bellis Street,,Wausau,WI,54403,,Cory  Melina Michelle,(715) 693-7123,cory@IROW.bz;scale@irow.bz; dispatch@irow.bz
IRP LOGISTICS LLC,Inv/Remit,,,,INVOICE,IRP LOGISTICS LLC,PO Box 718,,Highwood,IL,60040,United States,Jeff Rotenberg,(248) 496-1784,Jeff@irplogistics.com
IRP LOGISTICS LLC,Location,,,,"BARBERTON, OH",Integrity Processing,1055 Wooster Road North,,Barberton,OH,44203,,,,
IRP LOGISTICS LLC,Location,,,,DELIVERY ADDRESS,IRP LOGISTICS LLC,634 W. Oak St.,,Chicago,IL,60610,United States,,,
IRP LOGISTICS LLC,Location,,,,LAKE BLUFF IL,PEAK c/o IRP,3601 N Skokie Hwy,Unit E,Lake Bluff,IL,60044,,,,
ISUSTAIN INC,Remit,,,,INVOICE,ISUSTAIN INC,PO Box 700,,Soddy Daisy,TN,37384,,Mark Huber,(901) 493-1355,huberme1@me.com
ISUSTAIN INC,Location,,,,ISUSTAIN - Ashland,"RETURN POLYMERS, INC",400 Westlake Dr,,Ashland,OH,44805,,huberme1,(901) 493-1355,huberme1@me.com
ISUSTAIN INC,Location,,,,ISUSTAIN - CLEVELAND,TYMEX PLASTICS,5300 HARVARD AVE,,CLEVELAND,OH,44105-4826,,huberme1,(216) 429-8950,huberme1@me.com
ISUSTAIN INC,Location,,,,PRIMARY ADDRESS,"ISUSTAIN, INC",12249  Wildlife Place,,Soddy Daisy,TN,37384,,huberme1,(901) 493-1355,huberme1@me.com
ITNOLAP PALLET,Remit,,,,INVOICE,ITNOLAP PALLET,1142 Haley Road,,Murfreesboro,TN,37129,,James Butler Jr.,,ab@scrapmanagement.com
IWS TRANSFER SYSTEMS OF NY INC,Remit,,,,INVOICE,IWS TRANSFER SYSTEMS OF NY INC,300 Frank W Burr Blvd,Suite 39,Teaneck,NJ,7666,,Ron Rueger,(973) 494-3944,rwhite@actioncarting.com; cmorgan@actioncarting.com; dwilson@actioncarting.com; aakopyan@ucsincny.com
IWS TRANSFER SYSTEMS OF NY INC,Location,,,,"AIRMONT, NY",IWS TRANSFER SYSTEMS OF NY INC,25 N Airmont Road,,Airmont,NY,10901,,Ron Rueger,(973) 494-3944,rwhite@actioncarting.com; cmorgan@actioncarting.com; dwilson@actioncarting.com; aakopyan@ucsincny.com
J T CONTAINER INC,Remit,,,,INVOICE,J T CONTAINER INC,255 Woodford Ave,,Elyria,OH,44035,,Dan Mackall,(216) 961-0035,dmackall@containercompliance.com; lm@scrapmanagement.com
J T CONTAINER INC,Location,,,,"ELYRIA, OH",JT CONTAINER,255 Woodford Ave,,Elyria,OH,44035,,,,
J&M MECHANICAL SERVICES,Remit,,,,INVOICE,J&M MECHANICAL SERVICES,PO BOX 2543,,Forest Park,GA,30298,United States,Jacob,(678) 633-9118,jacobjandm@gmail.com; ib@scrapmanagement.com
J&M MECHANICAL SERVICES,Location,,,,CHICK-FILET,CHICK-FILET C/O J&M MECHANICAL SERVICES,6390 Weddington Rd,,Matthews,NC,28104,United States,Jacob,(678) 633-9118,jacobjandm@gmail.com; ib@scrapmanagement.com;jacobjandm@gmail.com; ib@scrapmanagement.com
JABIL,Primary,,,,INVOICE,JABIL,6325 Muirfield Drive,,Hanover Park,IL,60133,,Debbie Herrera,510.417.3408,Deborah_Herrera@jabil.com
JABIL,Location,,,,MANTECA CA,ECOLOGIC BRANDS,550 Carnegie Street,,Manteca,CA,95337,,DEBBIE HERRERA,510.417.3408,Deborah_Herrera@Jabil.com;Deborah_Herrera@Jabil.com
ECO LOGIC BRANDS INC,Remit,,,,PRIMARY ADDRESS,ECO LOGIC BRANDS INC,6325 Muirfield Drive,,Hanover Park,IL,60133,,,,
JACKSON COUNTY DEVELOPMENTAL CENTER,Remit,,,,INVOICE,JACKSON COUNTY DEVELOPMENTAL CENTER,270 Jack Burlingame Dr,,Millwood,WV,25262,United States,Matt Seaver,,mseaver@jcdcworks.com; mseaver132@gmail.com; ib@scrapmanagement.com; bsomerville@jcdcworks.com
JAMES A SMITH TRANSPORTATION INC,Remit,,,,INVOICE,JAMES A SMITH TRANSPORTATION INC,PO Box 1947,,Cullman,AL,35056,,Aaron Logan,(256) 734-0511,aaronL@jamesrsmith.com
JAMES R SMITH TRUCKING COMPANY INC,Remit,,,,INVOICE,JAMES R SMITH TRUCKING COMPANY INC,PO Box 908,,Cullman,AL,35056,,Aaron Logan,(256) 734-0511,aaronL@jamesrsmith.com
JAMPLAST INC,Inv/Remit,,,,INVOICE,JAMPLAST INC,281 CLARKSON ROAD,SUITE 102,ELLISVILLE,MO,63011,,Zack Moffitt,636-386-7760,zmoffitt@jamplast.com; fgreen@jamplast.com; tbernich@jamplast.com; ab@scrapmanagement.com
JAMPLAST INC,Location,,,,FORT PAYNE AL,JAMPLAST INC.,4811 Gualt Ave N,,Fort Payne,AL,35967,,Faith Green,(636)238-2100,fgreen@jamplast.com;fgreen@jamplast.com
JAMPLAST INC,Location,,,,HAZELWOOD MO,JAMPLAST INC.,105 Byassee Drive,,Hazelwood,MO,63042,,Faith Green,(636)238-2100,zmoffitt@jamplast.com; fgreen@jamplast.com; tbernich@jamplast.com; ab@scrapmanagement.com;zmoffitt@jamplast.com; fgreen@jamplast.com; tbernich@jamplast.com; ab@scrapmanagement.com
JAMPLAST INC,Location,,,,MT VERNON IN,JAMPLAST DISTRIBUTION CENTER,7451 Hwy 62 E,,Mt Vernon,IN,47620,,Faith Green,636-238-2100,fgreen@jamplast.com;fgreen@jamplast.com;fgreen@jamplast.com
JAMPLAST INC,Location,,,,ROGERS MN,JAMPLAST INC.,22101 Industrial Blvd,,Rogers,MN,55374,,,,
JASPER SALVAGE,Remit,,,,INVOICE,JASPER SALVAGE,610 Clay St,,Jasper,IN,47546,United States,Shane Lindauer,(812) 482-2919,sslindauer@hotmail.com; jb@scrapmanagement.com
JB PLASTICS,Inv/Remit,,,,INVOICE,JB PLASTICS,PO Box 100,,Enon,OH,45323,,Jacob Burnett,(937) 863-0207,jbplastics@woh.rr.com
JB PLASTICS,Location,,,,"AUSTINTOWN, OH",ABSOLUTE POLYMERS,3786 Oakwood Ave,,Austintown,OH,44515,,Keenan,330-831-2328,
JB PLASTICS,Location,,,,BARDSTOWN KY,JB PLASTICS,300 Mattingly Way,,Bardstown,KY,40004,,,,
JB PLASTICS,Location,,,,BROOKVILLE IN,Owens Corning,128 W. 8th,,Brookville,IN,47012,United States,Jacob Burnett,(937) 863-0207,jbplastics@woh.rr.com
JB PLASTICS,Location,,,,BUENA VISTA VA,Advanced Drainage Systems For JB PLASTICS,510 Factory Street,,Buena Vista,VA,24416,,Chad Crookshanks,(540)261-6131,
JB PLASTICS,Location,,,,CHARLOTTE NC,RSM Company,811 Pressley Road,,Charlotte,NC,28217,,Jacob,(937) 863-0207,JBplastics@woh.rr.com;JBplastics@woh.rr.com
JB PLASTICS,Location,,,,"CHICKASAW, OH",Ohio Recycling,7837 OH 274,,Chickasaw,OH,45826,,Rose,419-925-4444,
JB PLASTICS,Location,,,,CINCINNATI - NUTECH,NUTECH POLYMERS - FOR BLACKHORSE,10087 International Blvd,,Cincinnati,OH,45246,,Justin,513-942-6003,
JB PLASTICS,Location,,,,COLUMBUS OH,"RPS Plastics, Inc",3700 Sullivant Ave,,Columbus,OH,43228,United States,,,
JB PLASTICS,Location,,,,COLUMBUS OH - GREIF,CARAUSTAR - Greif,3024 Charter Street,,Columbus,OH,43228,,,,
JB PLASTICS,Location,,,,"COLUMBUS, OH - PHOENIX",Phoenix Recycling,"611 Marion Rd,",,Columbus,OH,43207,,Primary,614-443-4801,
JB PLASTICS,Location,,,,DAYTON OH,JB PLASTICS,CTC PLASTICS LLC,943 Woodley Rd,Dayton,OH,,,,,
JB PLASTICS,Location,,,,"DAYTON, OH 2",GDB INTERNATIONAL,931 Deeds Ave,,Dayton,OH,45404,United States,,,
JB PLASTICS,Location,,,,EAGLE GROVE IA,JB PLASTICS,100 NE 20th Street,,Eagle Grove,IA,50533,,Jacob Burnett,(937) 863-0207,jbplastics@woh.rr.com;jbplastics@woh.rr.com
JB PLASTICS,Location,,,,FINDLAY OH,JB PLASTICS,1300 Morrical Boulevard,,Findlay,OH,45840,,,,
JB PLASTICS,Location,,,,FINDLAY OH - ADS,Advanced Drainage Systems,12370 CR 172,,Findlay,OH,45840,,Jacob Burnett,(937) 863-0207,jbplastics@woh.rr.com;jbplastics@woh.rr.com
JB PLASTICS,Location,,,,"FLORENCE, KY",JB PLASTICS,7585 Empire Drive,,Florence,KY,41042,,Jacob,(937) 863-0207,jbplastics@woh.rr.com;jbplastics@woh.rr.com
JB PLASTICS,Location,,,,HARRISONVILLE MO - ADS,Advanced Drainage Systems,1811E 267th Street,,Harrisonville,MO,64701,,Jacob Burnett,(937) 863-0207,jbplastics@woh.rr.com;jbplastics@woh.rr.com
JB PLASTICS,Location,,,,HARTSVILLE SC,JB PLASTICS,1037 Hilton Ave N,,Hartsville,SC,29550,,,,
JB PLASTICS,Location,,,,"HENDERSON, KY",NYLENE CUSTOM RESINS,1421 Highway 136 West,,Henderson,KY,42420,United States,Mike,513-238-6554,
JB PLASTICS,Location,,,,"JEFFERSON, LA",COMMERCIAL WASTE For JB PLASTICS,246 St George Ave,,Jefferson,LA,70121,,Jacob Burnett,(937) 863-0207,jbplastics@woh.rr.com;jbplastics@woh.rr.com;jbplastics@woh.rr.com
JB PLASTICS,Location,,,,"LIMA, OH",The Product Center / TPC,2125 Reservoir Road,,Lima,OH,45804,,Jacob Burnett,,jbplastics@woh.rr.com
JB PLASTICS,Location,,,,LONG CREEK,JB PLASTICS,"Carolina Plastics, Inc.",880 Acadamy Blvd,Long Creek,SC,29658,United States,,,
JB PLASTICS,Location,,,,"MORAINE, OH",JB PLASTICS,2601 East River Road,,Moraine,OH,45439,,Jacob Burnett,937-863-0207,
JB PLASTICS,Location,,,,"MT VERNON, OH",BlackHorse Recycling c/o DMS recycling,350 Pittsburgh Ave,,Mt Vernon,OH,43050,,,,
JB PLASTICS,Location,,,,"NAPERVILLE, IL",SHERMAN PLASTICS INC,1650 SHORE RD,,Naperville,IL,60563,United States,Jake,630-369-6170,
JB PLASTICS,Location,,,,OAK CREEK WI,CROTHALL LAUNDRY For JB Plastics,9905 S 13th St.,,Oak Creek,WI,53154,,Robert Cushman,414-304-8940,
JB PLASTICS,Location,,,,OPELIKA AL,WASTE RECYCLING,2000 Steel Street,,Opelika,AL,36803,,Derek,334-235-5672,
JB PLASTICS,Location,,,,OWOSSO MI - ADS,Advanced Drainage Systems,770 Chestnut Street,,Owosso,MI,48867,,,,
JB PLASTICS,Location,,,,PASS CHRISTIAN MS,CHEMOURS FOR JB PLASTICS,7685 Kiln Delisle Rd,,Pass Christian,MS,39571,,Suzanne Gibson,,
JB PLASTICS,Location,,,,"PULASKI, TN",APPERTAIN for JB PLASTICS,302 Eighth Street,,Pulaski,TN,38478,,,,
JB PLASTICS,Location,,,,PURVIS MS,JB PLASTICS,117 Central Industrial Row,,Purvis,MS,39475,,,,
JB PLASTICS,Location,,,,SAN ANTONIO,RECOMMUNITY CORP,1947 Hormel Drive,,San Antonio,TX,78219,,Cassandra Martinez,(210) 625-3637,
JB PLASTICS,Location,,,,SHIPPENVILLE PA,Advanced Drainage Systems For JB PLASTICS,22793 Route 66 North,,Shippenville,PA,16254,,Robert Gabler,814-609-8612,robert.gabler@adspipe.com
JB PLASTICS,Location,,,,"STONEVILLE, NC",Envision Plastics,6190 Highway 220 N. Business,,Stoneville,NC,27048,,Jacob Burnett,,336-663-6514
JB PLASTICS,Location,,,,SUMRALL MS,FV RECYCLING For Gulf South,1386 HWY 42,,Sumrall,MS,39482,,Sandra,601-633-6408,
JB PLASTICS,Location,,,,TUSCALOOSA AL,Waste Recycling for Gulf South Services,2661 Elm Street,,Tuscaloosa,AL,35401,,Jacob Burnett,(937) 863-0207,jbplastics@woh.rr.com;jbplastics@woh.rr.com
JB PLASTICS,Location,,,,"TUSCALOOSA, AL",WASTE RECYCLING,2661 Elm Street,,Tuscaloosa,AL,35401,,Greg,334-235-7489,
JB PLASTICS,Location,,,,"WEST CHESTER TOWNSHIP, OH",Black Horse Waste,230 Circle Freeway,,West Chester Township,OH,45246,,,,
JB PLASTICS,Location,,,,"WEST CHESTER, OH",Hanna Paper Recycling - PICK UP FOR BLACKHORSE,4287 Dues Dr,,West Chester Township,OH,45246,,Jacob Burnett,(937) 863-0207,jbplastics@woh.rr.com;jbplastics@woh.rr.com
JB PLASTICS,Location,,,,YOUNGWOOD PA,JB PLASTICS,67 E Hillis St,Building A,Youngwood,PA,15697,United States,Jacob,724-925-3121,jbplastics@woh.rr.com
JBS,Remit,,,,INVOICE,JBS,555 S. Stuhr Road,,Grand Island,NE,68801,United States,Rachel Weinrich,(308) 395-9463,Rachel.Weinrich@jbssa.com; sales2@scrapmanagement.com
JC HORIZON LTD,Inv/Remit,,,,INVOICE,JC HORIZON LTD,8300 Utica Ave,Suite 300,Rancho Cucamonga,CA,91730,United States,Hugo Cifuentes,(626) 446-1819,hugo@jchorizonltd.com
JC HORIZON LTD,Location,,,,JCH RANCHO CUCAMONGA CA,"JC HORIZON, LTD",8300 Utica Ave #300,,Rancho Cucamonga,CA,91730,,,,
JC HORIZON LTD,Location,,,,PLAINFIELD IL,"JC HORIZON, LTD",14325 S VAN DYKE RD,,PLAINFIELD,IL,60544,United States,Jade or Jason,(815) 556-8124,hugo@jchorizonltd.com; song@jchorizonltd.com; jason@jchorizonltd.com; julie@jchorizonltd.com
JC PALLET CO INC,Invoice,,,,INVOICE,JC PALLET CO INC,501 E Elm St,,Bladenboro,NC,28320,,Jaylil Wright,(910) 863-3660,holly@jcpallet.com; jaylil@jcpallet.com; ib@scrapmanagement.com
JC PALLET CO INC,Remit,,,,PRIMARY ADDRESS,JC PALLET CO INC,PO Box 277,,Barhamsville,VA,23011-0277,,,,
JC POLYMER,Inv/Remit,,,,INVOICE,JC POLYMER,481 Welham Rd,Unit 14,Barrie,ON,L4N 8Z6,CA,Jin Su,905-888-9888,jin@jcpolymer.ca
JE KOCAK TRUCKING & TRANS SVS LLC,Remit,,,,Apex Capital Corp,JE KOCAK TRUCKING & TRANS SVS LLC,PO Box 961029,,Fort Worth,TX,76161-1029,United States,Melinda Crittenden,(800) 511-6022,melinda.crittenden@apexcapitalcorp.com
JE KOCAK TRUCKING & TRANS SVS LLC,Location,,,,PRIMARY ADDRESS,"JE KOCAK TRUCKING & TRANS SVS, LLC","135 Burr Ave,",,Binghamton,NY,13903,United States,"Chris, John",(800) 511-6022,jekocak@yahoo.com
JEI CLARKSVILLE WAREHOUSE,Remit,,,,INVOICE,JEI INC,560 Eastern Blvd,,Clarksville,IN,47129,,Sway Munoz,(502) 408-9877,sway@jeiinc.net
JEI DALLAS WAREHOUSE,Remit,,,,INVOICE,JEI INC,4553 Leston St,,DALLAS,TX,75247,,Ozzy Ruiz,(909) 450-9430,sway@jeiinc.net; Ozzy@jeiinc.net
JEI ENNIS WAREHOUSE,Remit,,,,INVOICE,JEI INC,2501 Brombeck St,,Ennis,TX,75119,,Sway Munoz,,
JEI FT SMITH 4TH ST WAREHOUSE,Remit,,,,INVOICE,JEI INC,1515 North 4th Street,,Fort Smith,AR,72901,,Sway Munoz,(502) 408-9877,sway@jeiinc.net; vanessa@jeiinc.net; ab@scrapmanagement.com
JEI HOPE CAMPUS WAREHOUSE,Remit,,,,INVOICE,JEI INC,301 S E Street,,Fort Smith,AR,72901,,Sway Munoz,(502) 408-9877,sway@jeiinc.net; stephanie@jeiinc.net; vanessa@jeiinc.net; leticia@jeiinc.net; ab@scrapmanagement.com;
JEI INC,Inv/Remit,,,,INVOICE,JEI INC,1876 Custer Roberts Hollow Ln,,Custer,KY,40115,,Sway Munoz,(502) 408-9877,sway@jeiinc.net; stephanie@jeiinc.net; vanessa@jeiinc.net; leticia@jeiinc.net; ab@scrapmanagement.com;
JEI INC,Location,,,,"CHICAGO, IL",JEI INC,2200 W 43rd St.,,Chicago,IL,60609,,Jose Arcos,(312) 907-4149,jeiarcos@aol.com;jeiarcos@aol.com;jeiarcos@aol.com;jeiarcos@aol.com;jeiarcos@aol.com
JEI INC,Location,,,,CYNTHIANA KY - WEBSTER,JEI INC,302 Webster Ave,,Cynthiana,KY,41031,,Sway Munoz,(502) 408-9877,sway@jeiinc.net; vanessa@jeiinc.net; stephanie@jeiinc.net; ab@scrapmanagement.com;;sway@jeiinc.net; vanessa@jeiinc.net; stephanie@jeiinc.net; ab@scrapmanagement.com;
JEI INC,Location,,,,"CYNTHIANA, KY",JEI INC,824 KY-356,,Cynthiana,KY,41031,,Sway Munoz,(502) 408-9877,sway@jeiinc.net; vanessa@jeiinc.net;ab@scrapmanagement.com;sway@jeiinc.net
JEI INC,Location,,,,DALLAS TX,JEI INC,4553 Leston St.,,Dallas,TX,75247,,Ozzy Ruiz,(909)450-9430,sway@jeiinc.net; Ozzy@jeiinc.net
JEI INC,Location,,,,"FORT SMITH, AR - E Street",JEI INC - HOPE CAMPUS,301 S E Street,,Fort Smith,AR,72901,,Sway Munoz,(502) 408-9877,sway@jeiinc.net; vanessa@jeiinc.net;ab@scrapmanagement.com
JEI INC,Location,,,,"FORT SMITH, AR - N 4th St",JEI INC - MAIN PLANT,1515 North 4th Street,,Fort Smith,AR,72901,,Sway Munoz,(502) 408-9877,sway@jeiinc.net; vanessa@jeiinc.net; ab@scrapmanagement.com;sway@jeiinc.net; vanessa@jeiinc.net
JEI INC,Location,,,,"FRANKLIN, KY",JEI INC,211 Commerce St,,Franklin,KY,42134,,Sway Munoz,(502) 408-9877,sway@jeiinc.net; vanessa@jeiinc.net
JEI INC,Location,,,,HOUSTON TX,Woodlands Recycle Group,1242 Kress St.,,Houston,TX,77020,,Sway,(502) 408-9877,sway@jeiinc.net; vanessa@jeiinc.net;ab@scrapmanagement.com
JEI INC,Location,,,,OLIVE BRANCH MS - TIDWELL,TIDWELL ENTERPRISES,8300 Industrial Drive,,Olive Branch,MS,38654,,,,
JEI INC,Location,,,,STERLING KY,JEI INC,525 Wilmont Rd,,Sterling,KY,40353,,Sway Munoz,(502) 408-9877,sway@jeiinc.net; vanessa@jeiinc.net; stephanie@jeiinc.net;;sway@jeiinc.net; vanessa@jeiinc.net; stephanie@jeiinc.net;
JEI WAREHOUSE,Remit,,,,WAREHOUSE,JEI WAREHOUSE,2200 W 43rd St.,,Chicago,IL,60609,,Jose Arcos,(312) 907-4149,jeiarcos@aol.com;jeiarcos@aol.com
JET POLYMER RECYCLING INC,Inv/Remit,,,,INVOICE,JET POLYMER RECYCLING INC,4811 Gault Ave North,,Fort Payne,AL,35967,,Karlie Anderson,(256) 884-1436,Karlie.Anderson@adspipe.com; ib@scrapmanagement.com
JET POLYMER RECYCLING INC,Location,,,,DELIVERY ADDRESS,MONTGOMERY - ALATEX,4290 Alatex Road,,Montgomery,AL,36108,,,,
JFC INTERNATIONAL,Remit,,,,INVOICE,JFC INTERNATIONAL,3101 McCall Drive,Suite 3,Doraville,GA,30340,United States,Gregory Gaston,(678) 907-7045,ggaston@jfc.com; ib@scrapmanagement.com
JIFRAM EXTRUSIONS INC,Inv/Remit,,,,INVOICE,JIFRAM EXTRUSIONS INC,320 Forest Avenue,,Sheboygan Falls,WI,53085,United States,Todd Klemme,(920) 467-2477,cs@jifram.com; shipping@jifram.com; production@jifram.com; office@jifram.com
JIM RIFF,Remit,,,,PRIMARY,JIM RIFF,1662 Sandcastle Ln.,,Pingree Grove,IL,60140,,Brian Pollack,(815) 861-1454,bpollack@northwestpallet.com; jriff@northwestpallet.com;bpollack@northwestpallet.com; jriff@northwestpallet.com
JIM RIFF,Location,,,,NORTHWEST PALLET SUPPLY,NORTHWEST PALLET SUPPLY - BRIAN POLLACK,3648 Morreim Dr.,,Belvidere,IL,61008,,bpollack,(815) 861-1454,bpollack@northwestpallet.com
JIT-EX LLC,Remit,,,,INVOICE,JIT-EX LLC,3344 Cazassa Road,,Memphis,TN,38116,,Michael Leathers,901-367-7405,mleathers@jit-ex.com; dispatch@jit-ex.com;
JJS RECYCLING FACTORY LLC,Inv/Remit,,,,INVOICE,JJS RECYCLING FACTORY LLC,625 Conkey Street,,Hammond,IN,46324,,Jovana & Misko Obradovic,219-359-2885,o.jovana@jjsrecycling.com; mobradovic@jjsrecycling.com; abuyanovskiy@ucsincny.com; strmaterialinc@gmail.com
JOES PLASTICS,Invoice,,,,INVOICE,JOES PLASTICS,5725 District Blvd,,Los Angeles,CA,90040,,Forrest  Flaherty,(323) 771-8433,forrest@800plastics.com
JOHNS DISPOSAL SERVICES,Primary,,,,INVOICE,JOHNS DISPOSAL SERVICES,7311 Omega Cr,,Franksville,WI,53126,,Melissa Fuller,(262) 473-4700,office@johnsdisposal.com; lm@scrapmanagement.com
JOHNS RECYCLING,Remit,,,,PRIMARY ADDRESS,JOHNS RECYCLING,7311 Omega Cr,,Franksville,WI,53126,,,,
JOHNS RECYCLING,Location,,,,"WHITEWATER, WI",JOHNS DISPOSAL SERVICES,107 County Road U,,Whitewater,WI,53190,,Paul Frieseke,(262) 473-4700,ellie@johnsdisposal.com; Paul@johnsdisposal.com; lm@scrapmanagement.com
JONES BARREL COMPANY,Remit,,,,INVOICE,JONES BARREL COMPANY,2424 North 11th Street,,Omaha,NE,68110,,Bob,402-346-2231,bob@jonesbarrel.com; Cindy@jonesbarrel.com
JS PALLET COMPANY,Remit,,,,INVOICE,JS PALLET COMPANY,PO Box 52445,,Boston,MA,2205,,Shaun Moser,401-723-0223,support@jspalletinc.com; rp@scrapmanagement.com
JS PALLET COMPANY,Location,,,,"PAWTUCKET, RI",JS PALLET COMPANY,60 Lockbridge St,,Pawtucket,RI,2860,,,,
JUNIPER HILL NURSERY INC,Remit,,,,INVOICE,JUNIPER HILL NURSERY INC,341 Kirkup Lane,,Mattituck,NY,11952,,Fred,(631) 298-5308,aa@scrapmanagement.com
K&B PLASTIC INDUSTRIES,Remit,,,,INVOICE,K&B PLASTIC INDUSTRIES,PO Box 37,1 Blodgett Mills Rd,Blodgett Mills,NY,13738,United States,Gary Fitts,607 756 7732,p-m-i@outlook.com; aa@scrapmanagement.com
KAL POLYMERS AMERICA LLC,Inv/Remit,,,,INVOICE,KAL POLYMERS AMERICA LLC,4350 Avery Drive,Suite 102,Flowery Branch,GA,30542,,Becca Chriswell,770-965-8970,becca@kalpolymers.com
KALUZNY BROTHERS,Remit,,,,INVOICE,KALUZNY BROTHERS,2324 Mound Rd,,Joliet,IL,60436,,Mark Bulthuis,815-729-5068,kbidispatch@gmail.com; sa@scrapmanagement.com
KAMPS HUGO,Inv/Remit,,,,INVOICE,KAMPS PALLETS,13285 Fenway Blvd N,,Hugo,MN,55038,,Mike Mills,(651) 867-4440,Mike.Mills@kampspallets.com; Mark.Jenson@kampspallets.com; Ashley.Knofler@kampspallets.com; ib@scrapmanagement.com
KAMPS INC,Inv/Remit,,,,INVOICE,KAMPS INC,PO BOX 675126,,Detroit,MI,48267-5126,United States,Clint Dreckman,712-546-4319,Jessica@tritzpalletinc.com; jessica.klein@kampspallets.com;clint@tritzpalletinc.com; ab@scrapmanagement.com;
KAMPS INC,Location,,,,COUNCIL BLUFFS IA,KAMPS INC,2441 River Road,,Council Bluffs,IA,51501,,Karen Robles,,kpcouncilbluffsorders@kampspallets.com; clint.dreckman@kampspallets.com;kpcouncilbluffsorders@kampspallets.com; clint.dreckman@kampspallets.com
KAMPS INC,Location,,,,JOHNSTON IA,KAMPS INC,6600 Merle Hay Rd,,Johnston,IA,50131,,David Nelson,815-494-3359,david.nelson@kampspallets.com; ab@scrapmanagement.com
KAMPS INC,Location,,,,"KANSAS CITY, MO",TRITZ PALLET INC,301 E. Donovan Rd.,,Kansas City,MO,66115,,Kami,712-546-4319,orders@tritzpalletinc.com
KAMPS INC,Location,,,,"LEMARS, IA",TRITZ PALLET INC,1811 Industrial Road Southwest,,LeMars,IA,51031,United States,Kami,712-546-4319,orders@tritzpalletinc.com
KAMPS INC,Location,,,,"OMAHA, NE",KAMPS PALLET,4436 Dahlman Ave,,Omaha,NE,68107,,Kami,712-546-4319,kpomahaorders@kampspallets.com;orders@tritzpalletinc.com
KAMPS INC,Location,,,,SIOUX CITY IA,KAMPS INC,2201 Boulevard of Champions,,Sioux City,IA,51111,,Kami,712-546-4319,clint.dreckman@kampspallets.com; kpsiouxcityorders@kampspallets.com
KAMPS TWIN LLC,Remit,,,,INVOICE,DBA TWIN CITY PALLET,12181 Margo Ave S,,Hastings,MN,55033,United States,Brian Laumeyer,(651) 450-1952,brianL@twincitypallet.com; sa@scrapmanagement.com
KANAWHA COUNTY SOLID WASTE AUTHORITY,Remit,,,,INVOICE,KANAWHA COUNTY SOLID WASTE AUTHORITY,600 Slack Street,,Charleston,WV,25301,United States,Nicole,(304)357-0966,director@kanawharecycles.org
KELCO RECYCLING INC,Inv/Remit,,,,INVOICE,KELCO RECYCLING INC,6005 Powers Ave.,,Jacksonville,FL,32217,United States,Mike Kelcourse,904-254-1968,mike@kelcorecycling.com; ib@ucsincny.com
KELDORAN UNLIMITED,Remit,,,,INVOICE,KELDORAN UNLIMITED,124 Jewett Street,,Manchester,NH,3103,United States,Jordan Milliard,,Keldoranunlimited@gmail.com
KELLER FREIGHT SOLUTIONS,Remit,,,,INVOICE,KELLER LOGISTICS LLC,24862 Elliott Road,,Defiance,OH,43512,,Joe Hagemyer,(419) 785-3212,joe.hagemyer@kellerlogistics.com
KENMORE CONSTRUCTION CO,Remit,,,,INVOICE,KENMORE CONSTRUCTION CO,700 Home Ave,,Akron,OH,44310,United States,Sam Kitson,(330) 762-9373,skitson@kenmorecompanies.com; jwade@kenmorecompanies.com; BEhlert@kenmorecompanies.com; ib@scrapmanagement.com
KENMORE CONSTRUCTION CO,Location,,,,PICK UP ADDRESS,KENMORE CONSTRUCTION CO,1100 Loamshire Drive,,Akron,OH,44319,United States,Sam Kitson,(330) 762-9373,skitson@kenmorecompanies.com
KENTUCKY RECYCLING,Inv/Remit,,,,INVOICE,KENTUCKY RECYCLING,114 Quality Drive,,Richmond,KY,40475,,Griffin Hotchkiss,(859) 779-5607,ashleyreisig@hotmail.com;  kentuckyrecycling859@gmail.com; ab@scrapmanagement.com
KENTUCKY SOUTH RECYCLING,Remit,,,,INVOICE,KENTUCKY SOUTH RECYCLING,P.O. Box 40,,Eubank,KY,42567,,Kisha Hicks,,recyclekysouth@aol.com; kndens01@gmail.com; sa@scrapmanagement.com
KENTUCKY SOUTH RECYCLING,Location,,,,PRIMARY ADDRESS,KENTUCKY SOUTH RECYCLING,1025 Liberty Road,,Eubank,KY,42567,,,,
KEYSTONE PALLET AND RECYCLING LLC,Remit,,,,INVOICE,KEYSTONE PALLET AND RECYCLING LLC,13 Industrial Rd. Building 4,,Milton,PA,17847,United States,Matt Roberts,(570) 279-7236,matthewroberts@keystonepallet.com
KEYSTONE POWDERED METAL COMPANY,Remit,,,,INVOICE,KEYSTONE POWDERED METAL COMPANY,251 State Street,,St Mary's,PA,15857,United States,Bob Bauer,814-781-4414,bbauer@keystonepm.com; rp@scrapmanagement.com
KINGS TRANSFER INC,Remit,,,,INVOICE,KINGS TRANSFER INC,417 San Jose Street,,Dayton,OH,45403,,Dan King,937-254-6441,ssimpala@earthlink.net
KJ PLASTICS INC,Inv/Remit,,,,INVOICE,KJ PLASTICS INC,105 Gravel Pike,,Green Lane,PA,18054,,Steve Landis; Rob Dayton,215-361-8222,steve@kjplasticsinc.com; rob@kjplasticsinc.com
KJ PLASTICS INC,Location,,,,ASLIP IL,KJ PLASTICS INC,5623 W. 115th Street,,Alsip,IL,60803,United States,Rob,,
KJ PLASTICS INC,Location,,,,"EASTON, PA",Goodworks Reprocessing,9 McFadden Rd,,Easton,PA,18045,United States,Rob Dayton,215.361.8222,rob@kjplasticsinc.com
KJ PLASTICS INC,Location,,,,"STONESVILLE, NC",OTR,6190 Hwy 220 North,,Stonesville,NC,27048,,Rob,215-361-8222,
KLEANGRO DISTRIBUTION,Remit,,,,INVOICE,KLEANGRO DISTRIBUTION,"4999 Smith Farm Rd,",,Matthews,NC,28104,United States,Julio,980-297-9413,kleangro@gmail.com; ib@scrapmanagement.com
KNAPP INC,Remit,,,,INVOICE,KNAPP INC,2124 Barrett Park Dr. Ste. 100,,Kennesaw,GA,30144,,Carlos Zarama,(470) 559-0209,carlos.zarama@knapp.com
KNAPP INC,Location,,,,"WHITELAND, IN",Scotty Hull (DHL),45 Mission Rd,,Whiteland,IN,46184,,Carlos Zarama,470-783-5623,carlos.zarama@knapp.com
KONZ WOOD PRODUCTS,Remit,,,,INVOICE,KONZ WOOD PRODUCTS,616 N Perkins Street,,Appleton,WI,54914,United States,Terry Spalding,920-734-7770,terry@konzwoodproducts.com; ib@scrapmanagement.com
KTI INC,Remit,,,,INVOICE,KTI INC,10301 Wayzata Blvd,,Minnetonka,MN,55305,,Andy Freeman,(952) 428-7030,afreeman@ktitrans.com
KW PLASTICS,Invoice,,,,INVOICE,KW PLASTICS,279 Pike County Lake Rd,,Troy,AL,36079,United States,Daron Warren,(334) 770-4438,dwarren@kwplastics.com
,Remit,,,,DELIVERY ADDRESS,KW PLASTICS,279 Pike County Lake Rd,,Troy,AL,36079,United States,Daron Warren,(334) 770-4438,dwarren@kwplastics.com;dwarren@kwplastics.com
0,Location,,,,USPS Priority Envelope,KW PLASTICS,PO Box 707,,Troy,AL,36081,,,,
0,Location,,,,USPS shipping address,KW PLASTICS,1 Sanders Road,,Troy,AL,36079,,,,
KW PLASTICS WAREHOUSE,Remit,,,,INVOICE,KW PLASTICS WAREHOUSE,279 Pike County Lake Rd,,Troy,AL,36079,,Andy Johnson,(334) 566-1563,ajohnson@kwplastics.com
L & S PLASTICS INC,Inv/Remit,,,,INVOICE,L & S PLASTICS INC,1120 Oak Hill Road,,Mountain Top,PA,18707,,Wing Wong,201-471-2491,wing.w@lsplasticsinc.com; LSUNITEDINC@GMAIL.COM
LA POLY INC,Inv/Remit,,,,INVOICE,LA POLY INC,PO Box 1128,,Plymouth,IN,46563,,Chris Peregrine,574-993-3810,chris@lapoly.com; todd@lapoly.com
LA POLY INC,Location,,,,PLYMOUTH IN,LA POLY INC,1430 Western Ave,,Plymouth,IN,46563,,Chris Peregrine,574-993-3810,
LAKESTATE INDUSTRIES,Primary,,,,INVOICE,LAKESTATE INDUSTRIES,5701 19th Ave N,,Escanaba,MI,49829,United States,Paula Derouin,(906) 786-9056,paulad@lakestateindustries.org
DELTA COUNTY LANDFILL,Remit,,,,PRIMARY ADDRESS,DELTA COUNTY LANDFILL,PO BOX 198,,ESCANABA,MI,49829,,,,
LAKEWAY PALLET,Remit,,,,INVOICE,LAKEWAY PALLET,330 US-25,,Newport,TN,37821,United States,info,(423) 623-6990,info@lakewaypallet.com; ib@scrapmanagement.com
LANDCRAFT ENVIRONMENTS LTD,Remit,,,,PRIMARY,LANDCRAFT ENVIRONMENTS LTD,1160 East Mill Road,,Mattituck,NY,11952,,Dennis Schrader,(631) 298-3510,16312983514@maxemailsend.com;16312983514@maxemailsend.com
LANIER PALLET RECYCLING INC,Remit,,,,INVOICE,LANIER PALLET RECYCLING INC,2410 Highway 334,,Commerce,GA,30530,United States,Lewis,706-335-3440,lewislpr@aol.com; ib@scrapmanagement.com
LASKO DISTRIBUTION CENTER,Remit,,,,INVOICE,LASKO DISTRIBUTION CENTER,300 Confederate Dr,,Franklin,TN,37064,United States,Travis Reid,615-595-5277,treid@laskoproducts.com; sa@scrapmanagement.com
LASTIQUE INTERNATIONAL CORPORATION,Remit,,,,INVOICE,LASTIQUE INTERNATIONAL CORPORATION,8331 Cane Run Road,,Louisville,KY,40258,United States,Bryan Eisenmeyer,(505) 995-8585,bryan@lastique.com
LAUDADIO POLYMERS INC,Inv/Remit,,,,INVOICE,LAUDADIO POLYMERS INC,20701 Clay Center Dr.,,Katy,TX,77449,,Maria Combes Jake Busceme,(713) 937-0400,strmaterialinc@gmail.com; csrhouston@laudadiopolymers.com; maria@laudadiopolymers.com; jake@laudadiopolymers.com
LAURINBURG PUBLIC WORKS,Inv/Remit,,,,INVOICE,LAURINBURG PUBLIC WORKS,600 Hall Street,,Laurinburg,NC,28352,,Angie Foster,910-276-2364,afoster@laurinburg.org
LAWRENCE LANDSCAPES,Remit,,,,PRIMARY,LAWRENCE LANDSCAPES,1383 Lower Ferry Road,,Ewing,NJ,8618,,Brent Potter,(609) 883-3999,bpotter@lawrencelandscapes.com;bpotter@lawrencelandscapes.com
Leah Couick,Remit,,,,INVOICE,Leah Couick,,,,,,,,,
LEXINGTON MUNICIPAL RECYCLING,Remit,,,,INVOICE,LEXINGTON-FAYETTE URBAN COUNTY GOVERNMENT,ATTENTION: RECYCLING REVENUE,200 EAST MAIN STREET,Lexington,KY,40507,United States,Tracey McElroy Jackson,(859) 280-8584,tmcelroy@lexingtonky.gov; sales2@scrapmanagement.com; ib@scrapmanagement.com
LEXINGTON MUNICIPAL RECYCLING,Location,,,,"LEXINGTON, KY",LEXINGTON-FAYETTE URBAN COUNTY GOVERNMENT,360 Thompson Lane,,LEXINGTON,KY,40508,,,,
LG ENERGY SOLUTION,Remit,,,,INVOICE,LG ENERGY SOLUTION MICHIGAN INC,1 LG Way,,Holland,MI,49423,,Robert Brooks,616-494-7116,rbrooks@lgensol.com; ib@scrapmanagement.com
LG ENERGY SOLUTION,Location,,,,TORRANCE CA,FNS TORANCE WAREHOUSE,1545 Francisco St.,,Torrance,CA,90501,,Robert Brooks,616-494-7116,rbrooks@lgensol.com
LI RISING LLC,Inv/Remit,,,,INVOICE,DBA RE-TECK,902 Avenue T,Suite 100,Grand Prairie,TX,75050,,Nian Jin,(214) 988-7300,nian.jin@re-teck.com
LIFETIME PRODUCTS,Remit,,,,INVOICE,Lifetime,ATTN: ACCOUNTING,PO BOX 160010,CLEARFIELD,UT,84016,,Heidi Moulton,801-628-6876,hmoulton@lifetime.com; bbledsoe@lifetime.com;
LIFETIME PRODUCTS,Location,,,,MASCOT TN,LIFETIME PRODUCTS,2015 Eastbridge Blvd,,Mascot,TN,37806,,Heidi Moulton,801-628-6876,hmoulton@lifetime.com; bbledsoe@lifetime.com;hmoulton@lifetime.com; bbledsoe@lifetime.com
LIGHTING RESOURCES INC,Primary,,,,INVOICE,LIGHTING RESOURCES INC,2212 Buffalo Rd,Suite 100,Johnson City,TN,37604,United States,Greg Bryant,(423) 328-7012,greg.bryant@lightingresourcesinc.com
LIGHTING RESOURCES LLC,Remit,,,,PRIMARY ADDRESS,LIGHTING RESOURCES LLC,PO BOX 102717,,PASADENA,CA,91189-2717,,,,
LINCOLN NURSERIES,Remit,,,,PRIMARY,LINCOLN NURSERIES,0-142 LINCOLN ST NW,,GRAND RAPIDS,MI,49534,,Margie DeWitt,(800) 416-9371,jakirdw420@yahoo.com;jakirdw420@yahoo.com
LNT PALLET COMPANY,Primary,,,,INVOICE,LNT PALLET COMPANY,2994 Fairforest Clevedale Rd,,Spartanburg,SC,29301,United States,Lennie Boyce,(864) 621-2945,mrljboyce@gmail.com; ib@scrapmanagement.com
,Remit,,,,REMIT TO ADDRESS,LNT PALLET COMPANY,186 Boxwood Lane,,Spartanburg,SC,29307,,,,
LOFTY'S TEXTILE WASTE INC,Remit,,,,INVOICE,LOFTY'S TEXTILE WASTE INC,4148 Cleveland Highway,,Cohutta,GA,30710,,Kyle Lofty,,kyle@loftystextilewaste.com
LOFTY'S TEXTILE WASTE INC,Location,,,,"DALTON, GA",LOFTY'S TEXTILE WASTE INC,952 Reed Pond Rd NW,,Dalton,GA,30720,,Kyle Lofty,,kyle@loftystextilewaste.com; sales2@scrapmanagement.com;kyle@loftystextilewaste.com; sales2@scrapmanagement.com
LOGISTICS MADE SIMPLE INC,Remit,,,,INVOICE,LOGISTICS MADE SIMPLE INC,2115 Chapman Road,Suite 107,Chattanooga,TN,37421,United States,Josh Wirnsberger,866-971-5003,jwirnsberger@logisticsms.net
LOOP PAPER RECYCLING INC,Inv/Remit,,,,INVOICE,LOOP PAPER RECYCLING INC,2401 S Laflin St,,Chicago,IL,60608,United States,George M. Ward Jr.,(312) 942-0042 X322,gwardjr@recyclingit.com; jgarcia@recyclingit.com; jgaeger@recyclingit.com; jlaporta@recyclingit.com; aleito@recyclingit.com; jgaeger@recyclingit.com; ib@scrapmanagement.com
LOOP PAPER RECYCLING INC,Location,,,,JOLIET IL,LOOP PAPER RECYCLING INC,509 Rowell Ave,,Joliet,IL,60433,,George M. Ward Jr.,(312) 705-2700,gwardjr@recyclingit.com; ib@scrapmanagement.com;gwardjr@recyclingit.com; ib@scrapmanagement.com;gwardjr@recyclingit.com; ib@scrapmanagement.com
LOPEZ & CO METALS LLC,Remit,,,,INVOICE,LOPEZ & CO METALS LLC,222 Grove Street,,Houston,TX,77020,United States,Steven Lopez,(915) 240-9666,elopez@lopezscrapmetal.com; lhm_customerservice@lopezscrapmetal.com; rp@scrapmanagement.com
LOPEZ & CO METALS LLC,Location,,,,HOUSTON TX - PICK UP,LOPEZ & CO METALS LLC,3262 E Loop North,,Houston,TX,77029,,Steven Lopez,915-240-9666,elopez@lopezscrapmetal.com;elopez@lopezscrapmetal.com
LOPEZ SCRAP METAL,Inv/Remit,,,,INVOICE,LOPEZ SCRAP METAL,"2160 Harbor St,",,Houston,TX,77020,,Steven Lopez,915-240-9666,elopez@lopezscrapmetal.com; rp@scrapmanagement.com
LOPEZ SCRAP METAL,Location,,,,PICK UP ADDRESS,LOPEZ SCRAP METAL,3262 E Loop N,,Houston,TX,77029,,Steven Lopez,915-240-9666,elopez@lopezscrapmetal.com;elopez@lopezscrapmetal.com;elopez@lopezscrapmetal.com
LOST BROTHERS PALLET CORP,Inv/Remit,,,,INVOICE,LOST BROTHERS PALLET CORP,PO Box 485,,Woonsocket,RI,2895,,Robert Monteiro,(401) 585- 7194,lbpallet.corp@gmail.com; rp@scrapmanagement.com
LOST BROTHERS PALLET CORP,Location,,,,PICK-UP ADDRESS,LOST BROTHERS PALLET CORP,333 River St,,Woonsocket,RI,2895,,Robert Monteiro,(401) 585- 7194,lbpallet.corp@gmail.com; rp@scrapmanagement.com;lbpallet.corp@gmail.com
LOUIS MONTELEONE FIBRES LTD,Inv/Remit,,,,INVOICE,LOUIS MONTELEONE FIBRES LTD,159 E. Main St Suite 300,,New Rochelle,NY,10801,,Mike Russo,718-378-1313,russo@lmfrecycling.com; rdisla@LMFrecycling.com; aa@scrapmanagement.com
LOUIS MONTELEONE FIBRES LTD,Location,,,,"BAY SHORE, NY",TRY Recycling,135 South 2nd St,,Bay Shore,NY,11706,United States,,,
LOUIS MONTELEONE FIBRES LTD,Location,,,,"BRONX, NY",PASCAP,4250 Boston Rd,,Bronx,NY,10475,United States,,,
LOUIS MONTELEONE FIBRES LTD,Location,,,,"CORAM, NY",PK METALS C/O LOUIS MONTELEONE FIBRES LTD,3542 Route 112,,Coram,NY,11727,United States,,,
LOUIS MONTELEONE FIBRES LTD,Location,,,,HAUPPAUGE NY,TXX For LOUIS MONTELEONE,425 B Oser Ave,,Hauppauge,NY,11788,,,,
LOUIS MONTELEONE FIBRES LTD,Location,,,,"HOLTSVILLE, NY",LOUIS MONTELEONE FIBRES LTD,140 Corporate Dr,,Holtsville,NY,11742,United States,Mandy Weinstock,(718) 378-1313,toreli@verizon.net
LOUIS MONTELEONE FIBRES LTD,Location,,,,"KINGSTON, NY",BSD FOR LOUIS MONTELEONE FIBRES LTD,80 Boices Ln,,Kingston,NY,12401,United States,Mike Russo,718-378-1313,russo@lmfrecycling.com
LOUIS MONTELEONE FIBRES LTD,Location,,,,"MASPETH, NY",Commercial Recycling,59-12 57th St.,,Maspeth,NY,11379,United States,Mike Russo,718-378-1313,russo@lmfrecycling.com
LOUIS MONTELEONE FIBRES LTD,Location,,,,"OLD BETHPAGE, NY",LOUIS MONTELEONE FIBRES LTD,311 WINDING RD,,OLD BETHPAGE,NY,11804,United States,,,
LOUIS MONTELEONE FIBRES LTD,Location,,,,PRIMARY ADDRESS,LOUIS MONTELEONE FIBRES LTD,1170 Longwood Ave,,Bronx,NY,10474,,,,
LOUIS MONTELEONE FIBRES LTD,Location,,,,WINCHESTER VA,WINCHESTER POLY For LOUIS MONTELEONE,351 Apple Valley Road,,Winchester,VA,22602,,,,
LOVE PALLET,Inv/Remit,,,,INVOICE,LOVE PALLET,460 Mundet Place,PO Box 774,Hillside,NJ,7205,,Jose,908-247-4090,jcardoza@lovepallet.com; aakopyan@ucsincny.com
LOVE PALLET,Location,,,,BLOOMSBURY NJ,LOVE PALLET,601 Country Road 627,,Bloomsbury,NJ,8804,,Jose,,jcardoza@lovepallet.com; aakopyan@ucsincny.com;jcardoza@lovepallet.com; aakopyan@ucsincny.com;jcardoza@lovepallet.com; aakopyan@ucsincny.com
LRS LOGISTICS LLC,Remit,,,,INVOICE,LRS LOGISTICS LLC,PO BOX 115,,Belk,AL,35545,United States,Josh Wirnsberger,(205) 247-4473,dispatch1@lrslogisticsllc.com
LTI SMARTGLASS,Remit,,,,INVOICE,LTI SMARTGLASS,14 Federico Dr,,Pittsfield,MA,1201,,Pete Anderson,413-637-5001,PAnderson@ltisg.com; jbesse@LTISG.com
LUNDBERG FAMILY FARMS,Remit,,,,INVOICE,LUNDBERG FAMILY FARMS,5311 Midway,P.O. Box 369,Richvale,CA,95974,United States,Ashley Koller,,akoller@lundberg.com; sales2@scrapmanagement.com
LUNDBERG FAMILY FARMS,Location,,,,PRIMARY ADDRESS,LUNDBERG FAMILY FARMS,5311 Midway,,,,,,,,
LYCOMING COUNTY RESOURCE MNGT SERVICES,Remit,,,,INVOICE,LYCOMING COUNTY RESOURCE MNGT SERVICES,PO BOX 187,,Montgomery,PA,17752,United States,Lauren & Michelle,800-736-7759,Lauren.Strausser@lcrms.com; Michelle.Egli@lcrms.com; rpereira@ucsincny.com
LYCOMING COUNTY RESOURCE MNGT SERVICES,Location,,,,"MONTGOMERY, PA - PICK UP",LYOMING COUNTY RESOURCE MNGT SERVICES,447 Alexander Drive,,Montgomery,PA,17752,United States,,,
M & W LOGISTICS GROUP INC,Remit,,,,INVOICE,M & W LOGISTICS GROUP INC,1110 Pumping Station Road,,Nashville,TN,37210,United States,Sarah M. Heffington,615.620.1537,smheffington@mwlginc.com
M DAVIS GROUP,Remit,,,,INVOICE,M DAVIS GROUP,2300 Palmer St,,Pittsburgh,PA,15218,,Joann Guercio,412-521-5751,joann@mdavisgroup.com
M DAVIS GROUP,Location,,,,"FT ATKINSON, WI",M Davis Group,1250 Butler Drive,,Fort Atkinson,WI,53538,,,,
M DAVIS GROUP,Location,,,,"STEVENS POINT, WI",M DAVIS GROUP,5001 Joerns Drive,,Stevens Point,WI,54481,,,,
M&J FARMS,Remit,,,,INVOICE,M&J FARMS,1360 Davis Rd,,Lexington,TN,38351,,Joey Wall,731-967-2048,joeywall3@gmail.com
M&J FARMS,Location,,,,LEXINGTON TN,M&J FARMS,34 Cedar Street,,Lexington,TN,38351,,Joey Wall,,joeywall3@gmail.com;joeywall3@gmail.com
MACO IMPORT & EXPORT INC,Inv/Remit,,,,INVOICE,MACO IMPORT & EXPORT INC,1820 S Reservoir Street,,Pomona,CA,91766,,Nancy Wu,(909) 868-0882,nancy@macorecycling.com; ib@scrapmanagement.com
MACO IMPORT & EXPORT INC,Location,,,,Riverside CA,MACO IMPORT & EXPORT INC,?,,Riverside,CA,,,,,
MACON COUNTY SOLID WASTE,Remit,,,,INVOICE,MACON COUNTY SOLID WASTE,109 Sierra Drive,,Franklin,NC,28734,,Shaun Cribbs,(828) 349-2252,scribbs@maconnc.org; ib@scrapmanagement.com
MACON COUNTY SOLID WASTE,Location,,,,"FRANKLIN, NC",MACON COUNTY SOLID WASTE MANAGEMENT,1448 Lakeside Dr,,Franklin,NC,28734,,Shaun Cribbs,(828) 349-2252,scribbs@maconnc.org
MACON COUNTY SOLID WASTE,Location,,,,"RED BOILING SPRINGS, TN",MACON COUNTY SOLID WASTE,1319 Heady Ridge Road,,Red Boiling Springs,TN,37150,,Debbie Richardson,(615) 699-3707,mcsw@nctc.com
MACON COUNTY SOLID WASTE - TN,Remit,,,,INVOICE,MACON COUNTY SOLID WASTE,1319 Heady Ridge Road,,Red Boiling Springs,TN,37150,,Debbie Richardson,615-699-3707,mcsw@nctc.com
MACON COUNTY SOLID WASTE - TW,Remit,,,,INVOICE,MACON COUNTY SOLID WASTE - TW,1319 Heady Ridge Road,,Red Boiling Springs,TN,37150,,Debbie Richardson,(615) 699-3707,mcsw@nctc.com
MARCK INDUSTRIES - BROOKLAND,Primary,,,,"BROOKLAND, AR",MARCK INDUSTRIES OF NORTHEAST ARKANSAS,300 Missouri St.,,Brookland,AR,72417,,Michael Orey,870-275-4520,morey@marck.net; rhonda@marck.net; krussell@marck.net; rbentz@marck.net; rp@scrapmanagement.com
,Remit,,,,INVOICE,MARCK INDUSTRIES,715 Main Street,,Cassville,MO,65625,,Michael Orey,870-275-4520,morey@marck.net;morey@marck.net
MARCK INDUSTRIES - ROGERS,Invoice,,,,"ROGERS, AR",MARCK INDUSTRIES OF NORTHEAST ARKANSAS,3507 North Arkansas Street,,Rogers,AR,72756,,Chasidi Webb,(417) 342-7777,cwebb@marck.net; bbarker@marck.net; rp@scrapmanagement.com
,Remit,,,,INVOICE,MARCK INDUSTRIES,715 Main Street,,Cassville,MO,65625,,Tony Brown,479-636-2346,tbrown@marck.net;
MARCK INDUSTRIES INC,Remit,,,,INVOICE,MARCK INDUSTRIES INC,715 Main St.,,Cassville,MO,65625,,Kim Chadd,(417) 847-5900,kim@marck.net
MARCK INDUSTRIES INC,Location,,,,"GARDNER, KS",MARCK INDUSTRIES INC,800 N. Center St.,,Gardner,KS,66030,,Mary Callaway,913-738-7487,
MARCK INDUSTRIES INC,Location,,,,JEFFERSON LA,Commercial Waste Recycling,246 St George Ave,,Jefferson,LA,70121,,Stephanie Annecharico,417-671-0056,sannecharico@marck.net;sannecharico@marck.net
MARCK INDUSTRIES INC,Location,,,,"ROGERS, AR",MARCK INDUSTRIES,3507 North Arkansas Street,,Rogers,AR,72756,,tbrown,,tbrown@marck.net
MARCK INDUSTRIES INC (LA),Remit,,,,INVOICE,MARCK INDUSTRIES INC (LA),1500 Arkansas Ave,,Monroe,LA,71201,United States,"Chris Babin, Connie Watson",318-325-6025,cbabin@marck.net; cwatson@marck.net; rpereira@ucsincny.com
MARCK RECYCLING,Primary,,,,PRIMARY,MARCK RECYCLING,302 W 2nd Street,,Cassville,MO,65625,,rhonda,(417) 847-5900,rhonda@marck.net;rhonda@marck.net
MARCK RECYCLING,Remit,,,,PRIMARY ADDRESS,MARCK RECYCLING,715 Main Street,,Cassville,MO,65625,,,,
MARCUS PAPER COMPANY,Remit,,,,INVOICE,MARCUS PAPER COMPANY,PO Box 8986,,New Haven,CT,6532,,Steve,203-934-6351,marcuspaper@comcast.net; Bob.marcus@comcast.net; rp@ucsincny.com
MARCUS PAPER COMPANY,Location,,,,PICK UP ADDRESS,MARCUS PAPER COMPANY,93 Wood St,,West Haven,CT,6516,,,,
MARGLEN INDUSTRIES,Invoice,,,,INVOICE,MARGLEN INDUSTRIES,1748 Ward Mountain Rd NE,,Rome,GA,30161,,Ben McElrath,(706) 295-5621,BMcElrath@marglen.us; sa@scrapmanagement.com
MARJAC NURSERY,Remit,,,,PRIMARY,MARJAC NURSERY,176 Swedesboro Rd,,Monroeville,NJ,8343,,aakopyan,(856) 358-6535,aakopyan@ucsincny.com;aakopyan@ucsincny.com
MARK UPDEGRAFF TRUCKING INC,Remit,,,,INVOICE,MARK UPDEGRAFF TRUCKING INC,215 Reading Ave,,Williamsport,PA,17701,,"Mark Updegraff, Scott Reeser",570-322-4320,Meupdegraff@comcast.net; Scottr.Updegrafftrucking@comcast.ne
MARTEX FIBER SOUTHERN CORP,Remit,,,,INVOICE,MARTEX FIBER SOUTHERN CORP,6728 Orr Road,,Charlotte,NC,28213,,William Nash,(704) 264- 4400,wnash@martexfiber.com; ibeylin@ucsincny.com
MARTEX FIBER SOUTHERN CORP,Location,,,,"MOORE, SC",Pioneer Fibers for Martex Fibers,190 Old Roebuck Rd,,Moore,SC,29396,,,,
MARTEX FIBER SOUTHERN CORP,Location,,,,"SPARTANBURG, SC",MARTEX FIBER SOUTHERN CORP (BLUESTONE),3200B Southport Road,,Spartanburg,SC,29302,,,,
MARTIN COUNTY RECYCLING,Remit,,,,INVOICE,MARTIN COUNTY RECYCLING,500 Industrial Park Drive,PO Box 343,Loogootee,IN,47553,,Janell Freeman,(812) 295-4142,martincodirector@frontier.com; sa@scrapmanagement.com
MASTER FIBERS INC,Remit,,,,INVOICE,MASTER FIBERS INC,5109 Edith Blvd,,Albuquerque,NM,87107,,Hector J. Valverde,(505) 345-6413,hevalverde@masterfibers.com;hevalverde@masterfibers.com
MASTER FIBERS INC,Location,,,,"ALBUQUERQUE, NM","MASTER FIBERS, INC",5109 Edith Blvd,,Albuquerque,NM,87107,,Hector J. Valverde,(505) 345-6413,hevalverde@masterfibers.com; ibeylin@ucsincny.com
MASTER FIBERS INC,Location,,,,EL PASO,"MASTER FIBERS, INC",1710 E. Paisano,,El Paso,TX,79901,United States,,,
MASTER FIBERS INC,Location,,,,PHARR TX,"MASTER FIBERS, INC",103 N Veterans Blvd,,Pharr,TX,78577,,Manuel Arredondo,(956) 783- 0774,marredondo@masterfibers.com
MATSON LOGISTICS SERVICES LLC,Remit,,,,INVOICE,MATSON LOGISTICS SERVICES LLC,PO Box 78000,Dept. 781413,Detroit,MI,48278,,Troy Luckenbaugh,330-664-2300,troyluckmatson@aol.com
MAUSER PACKAGING - BRIGHTON,Remit,,,,INVOICE,MAUSER PACKAGING,PO Box 7410054,,CHICAGO,IN,60674-0185,,Debbie James,(303) 659-5095,Debbie.James@mauserpackaging.com; ib@scrapmanagement.com; Joan.Moody@mauserpackaging.com;
MAUSER PACKAGING - BRIGHTON,Location,,,,PICK UP - BRIGHTON,MAUSER PACKAGING - BRIGHTON,640 Baseline Rd,,Brighton,CO,80601,,Debbie James,(303) 659-5095,Debbie.James@mauserpackaging.com
MAUSER PACKAGING - CLEVELAND,Inv/Remit,,,,INVOICE,MAUSER PACKAGING,P.O. Box 7410054,,CHICAGO,IL,60674-0185,,Gregg,(216) 361-8955,gregg@mauserpackaging.com; robertc@mauserpackaging.com; ib@scrapmanagement.com
MAUSER PACKAGING - CLEVELAND,Location,,,,"CLEVELAND, OH",MAUSER PACKAGING,3972 Hamilton Ave,,Cleveland,OH,44144,,Gregg,(216) 361-8955,gregg@mauserpackaging.com; robertc@mauserpackaging.com
MAUSER PACKAGING - LOUISVILLE,Remit,,,,INVOICE,MAUSER PACKAGING,P.O. Box 7410054,,CHICAGO,IL,60674-0185,,Bill Carol,(773) 847-7575,William.Carroll@mauserpackaging.com; ib@scrapmanagement.com
MAUSER PACKAGING - LOUISVILLE,Location,,,,"LOUISVILLE, KY",MAUSER PACKAGING - LOUISVILLE,405 Industry Rd,,Louisville,KY,40208,,Primary,(502) 637-5428,
MAUSER PACKAGING - REIDSVILLE,Inv/Remit,,,,INVOICE,MAUSER PACKAGING - REIDSVILLE,P.O. Box 7410054,,CHCAGO,IL,60674,,Amy Hudson,(336) 637-1401,amy.hudson@mauserpackaging.com
MAUSER PACKAGING - REIDSVILLE,Location,,,,REIDSVILLE NC,MAUSER PACKAGING,1704 Barnes Street,,Reidsville,NC,27320,,,,
MAUSER PACKAGING - SOUTH PLAINFIELD,Inv/Remit,,,,INVOICE,MAUSER PACKAGING - SOUTH PLAINFIELD,PO Box 212061,,Dallas,TX,75211,,"Vaishali Bhagat, Tom DiGrazia",(908) 756-2200,vaishali.bhagat@mauserpackaging.com; thomas.digrazia@mauserpackaging.com
MAUSER PACKAGING - SOUTH PLAINFIELD,Location,,,,SOUTH PLAINFIELD NJ,RECYCLE INC (RIE),20-A Harmich Road,,South Plainfield,NJ,7080,,Vaishali Bhagat,(908) 756-2200,vaishali.bhagat@mauserpackaging.com; invoices.reco@mauserpackaging.com;vaishali.bhagat@mauserpackaging.com
MAUSER PACKAGING SOLUTIONS,Inv/Remit,,,,INVOICE,MAUSER PACKAGING SOLUTIONS,PO Box 278,,Zellwood,FL,32798,United States,Christina Hantzis,407.636.7125,christina.hantzis@mauserpackaging.com
MAZZA RECYCLING SERVICES LTD,Remit,,,,INVOICE,MAZZA RECYCLING SERVICES LTD,3230 Shafto Road,,Tinton Falls,NJ,7753,United States,Casandra Maggio,(732) 902- 0047,casandra@mazzarecycling.com
MCC RECYCLING SERVICES LLC,Remit,,,,INVOICE,MCC RECYCLING SERVICES LLC,PO Box 391,,Cranberry,NJ,8512,,Michael P. Mills,215.945.6000,michael.mill@mccrecycling.com;michael.mill@mccrecycling.com
MCC RECYCLING SERVICES LLC,Location,,,,MCC RECYCLING SERVICES,MCC RECYCLING SERVICES LLC,7900 N Radcliffe St,Building 101B,Bristol,PA,19007,United States,,,
MCGARD INNOVATIVE SECURITY PRODUCTS,Inv/Remit,,,,INVOICE,MCGARD INNOVATIVE SECURITY PRODUCTS,3875 California Rd,,Orchard Park,NY,14127,,Kevin Herzog,(716) 725-2984,KHERZOG@MCGARD.COM
MCINTOSH BOX AND PALLET COMPANY,Inv/Remit,,,,INVOICE,MCINTOSH BOX AND PALLET COMPANY,5846 Heritage Landing Drive,,East Syracuse,NY,3057,United States,Mike Millson,(315) 675-8511,ledford@mcintoshbox.com; aa@scrapmanagement.com
MCINTOSH BOX AND PALLET COMPANY,Location,,,,DELIVERY ADDRESS,MCINTOSH BOX AND PALLET COMPANY,741 State Route 49,,Bernhards Bay,NY,13028,United States,Mike Millson,(315) 675-8511,ledford@mcintoshbox.com
MCNEILLY WOOD PRODUCTS,Remit,,,,INVOICE,MCNEILLY WOOD PRODUCTS,120 Neelytown Road,,Campbell Hall,NY,10916,United States,Dan McNeilly,845-457-1893,Dan@mcneillywoodproducts.com; ib@scrapmanagement.com
MEMPHIS RECYCLING SERVICES,Remit,,,,INVOICE,MEMPHIS RECYCLING SERVICES,1131 Agnes Place,,Memphis,TN,38104,,Shane Scarborough,(901) 726-1600,sscarborough@recyclingit.com; thagerty@recyclingit.com; ib@ucsincny.com
MEMPHIS TIRE RECYCLERS LLC,Inv/Remit,,,,INVOICE,MEMPHIS TIRE RECYCLERS LLC,3961 S Lakewood Dr,,Memphis,TN,38128,,Corteney Mack,,mtr@memphistires.org; ab@scrapmanagement.com
MENARDS DISTRIBUTION CENTER,Remit,,,,INVOICE,MENARDS DISTRIBUTION CENTER,2623 Eldamain Rd,,Plano,IL,60545,United States,James Thompson,(630) 552-2303,jathomps@menard-inc.com; ibeylin@ucsincny.com
MERCER GROUP INTL,Remit,,,,PRIMARY,MERCER GROUP INTL,1519 Calhoun St,,Trenton,NJ,8638,,Jeff Wilbur,(609) 393-4834,jwilbur@mercercorp.com;jwilbur@mercercorp.com
MERCURY POLYMERS LLC,Inv/Remit,,,,INVOICE,MERCURY POLYMERS LLC,12110 Sunset Hills Rd,Ste 600,Reston,VA,20194,,KARN DHANDHANIA,571-722-0402,Karn@mercurypolymers.com; ib@ucsincny.com; abuyanovskiy@ucsincny.com
MERLIN PLASTICS,Remit,,,,INVOICE,MERLIN PLASTICS,616-58th Avenue S.E.,,Calgary,,AB T2H 0P8,CA,Kevin Andrews,403-259-6637,kevin@merlinplastics.com; ib@scrapmanagement.com
METRO REYCLING SOLUTIONS,Inv/Remit,,,,INVOICE,METRO REYCLING SOLUTIONS,1912 Sherwood,,Sylvan Lake,MI,48320,United States,Jill Brown,(248) 738-5151,jill@metro-recycles.com; aakopyan@ucsincny.com
METRO REYCLING SOLUTIONS,Location,,,,BRISTOL,Middlebury Recycling,1150 Ponderosa Dr,,Bristol,IN,46507,United States,,,
METRO WASTE AUTHORITY,Inv/Remit,,,,INVOICE,METRO WASTE AUTHORITY,PO BOX 4847,,DES MOINES,IA,50305,,PJ Gasparovich,515.244.0021,pga@mwatoday.com; mmc@mwatoday.com; jbr@mwatoday.com; lm@scrapmanagement.com
METRO WASTE AUTHORITY,Location,,,,"GRIMES, IA",METRO WASTE AUTHORITY,4185 SE Beisser Dr,,Grimes,IA,50111,,Jessika Breazeale,515.333.4441,jbr@mwatoday.com; pga@mwatoday.com; talessio@mwatoday.com; mmc@mwatoday.com; lm@scrapmanagement.com;ade@mwatoday.com; pga@mwatoday.com; talessio@mwatoday.com; mmc@mwatoday.com; lm@scrapmanagement.com
METROPLEX WOOD PALLETS,Remit,,,,INVOICE,METROPLEX WOOD PALLETS,P.O. Box 21276,,Houston,TX,21276,United States,George Cela,(713) 671 - 9560,Info@MetroPlexWood.com;
METROPLEX WOOD PALLETS,Location,,,,PRIMARY ADDRESS,METROPLEX WOOD PALLETS,7501 Schneider Street,,Houston,TX,77093,United States,,,
METROPOLITAN FIBER,Inv/Remit,,,,INVOICE,METROPOLITAN FIBER / THE PAPER TIGERS,20 N Martingale Rd,Suite 250,Schaumburg,IL,60173,United States,Mike Schultz,312-942-0000,mschultz@papertigers.com; LM@scrapmanagement.com
METROPOLITAN FIBER,Location,,,,"HODGKINS, IL",METROPOLITAN FIBER,7220 Santa Fe Drive,,Hodgkins,IL,60625,,Mike Schultz,(773) 315-2375,mschultz@papertigers.com
MICHAEL DAY ENTERPRISES LLC,Inv/Remit,,,,INVOICE,MICHAEL DAY ENTERPRISES LLC,PO Box 151,9774 Trease Rd,Wadsworth,OH,44281,,Kathy Ballash,(330) 335-5100,kballash@mday-llc.com
MID AMERICA PAPER RECYCLING,Remit,,,,INVOICE,MID AMERICA PAPER RECYCLING,3865 W. 41st Street,,Chicago,IL,60632,,Jake Meszaros,773-890-5454 x29,jmeszaros@midamericapaper.com; sa@scrapmanagement.com
MID AMERICA PAPER RECYCLING,Location,,,,"CARBONDALE, PA",Millennium Packaging,100 Enterprise Dr.,,Carbondale,PA,18407,,Jake Meszaros,(312) 989-6744,jmeszaros@midamericapaper.com
MID AMERICA PAPER RECYCLING,Location,,,,"ROSEVILLE, MN",INTERNATIONAL PAPER,2425 Terminal Road,,Roseville,MN,55113,,Jake Meszaros,312-989-6744,
MID AMERICA RECYCLING,Remit,,,,INVOICE,MID AMERICA RECYCLING,2742 East Market Street,,Des Moines,IA,50317,,Mick Barry,(515) 265-1208,Mbarry@dwx.com; shavanorecycling@gmail.com; ab@ucsincny.com
MID AMERICA RECYCLING,Location,,,,"PONCHA SPRINGS, CO",MID AMERICA RECYCLING,185 Quigot Court,,Poncha Springs,CO,81242,,Mickey Barry,(719) 207-1197,Mbarry@dwx.com; shavanorecycling@gmail.com; jb@ucsincny.com
MID AMERICA STEEL DRUM COMPANY,Remit,,,,INVOICE,MID AMERICA STEEL DRUM COMPANY,3950 S Pennsylvania Ave,,St Francis,WI,53235,United States,Don Gibbs (Owner/Sales),(262) 930-3238,Donald.Gibbsjr@greif.com; ib@scrapmanagement.com
MID VALLEY RECYCLING LLC,Remit,,,,INVOICE,MID VALLEY RECYCLING LLC,PO Box 12385,,Fresno,CA,93777,United States,Abel Salazar Jr.,(559) 974-8052,abeljr@midvalleydisposal.com; logistics@midvalleydisposal.com; ib@scrapmanagement.com
MID VALLEY RECYCLING LLC,Location,,,,FRESNO CA,MID VALLEY RECYCLING LLC,2721 S Elm Ave,,Fresno,CA,93706,,Joanna,559-567-0627,logistics@midvalleydisposal.com;logistics@midvalleydisposal.com; abeljr@midvalleydisposal.com
MID VALLEY RECYCLING LLC,Location,,,,KERMAN CA,MID VALLEY RECYCLING LLC,15300 W Jensen,,Kerman,CA,93630,,Joanna,559-567-0627,logistics@midvalleydisposal.com; abeljr@midvalleydisposal.com
MIDDLE BAY TRANSPORTATION,Remit,,,,INVOICE,MIDDLE BAY TRANSPORTATION,P.O. BOX 745020,,ATLANTA,GA,30374,,,,
MIDLAND DAVIS,Remit,,,,PRIMARY,MIDLAND DAVIS,3301 4th Avenue,,Moline,IL,61265,,Stuart Abowitz,(314) 997-4012,meyer@mtelco.net; Stuart.Abowitz@midlanddavis.com; Marty.Davis@midlanddavis.com;Eric.Davis@midlanddavis.com; Michael.Davis@midlanddavis.com; Marty.Davis@MidlandDavis.com; ib@scrapmanagement.com
MIDLAND DAVIS,Location,,,,MIDLAND DAVIS - LITTLE ROCK,CSI INC,810 West 8th,,North Little Rock,AR,72114,United States,Stuart Abowitz,314-997-4012,meyer@mtelco.net; Stuart.Abowitz@midlanddavis.com
MIDLAND DAVIS,Location,,,,MIDLAND DAVIS - NAPPANEE,FAIRMOUNT HOMES/GULFSTREAM ENVIRONMENTAL,502 South Oakland Avenue,,Nappanee,IN,46550,United States,Stuart Abowitz,314-997-4012,meyer@mtelco.net;  Stuart.Abowitz@midlanddavis.com
MIDLAND DAVIS,Location,,,,MIDLAND DAVIS - ROLLING FORK,MIDLAND DAVIS,238 Walnut Street,,Rolling Fork,MS,39159,United States,Stuart Abowitz,314-997-4012,meyer@mtelco.net;  Stuart.Abowitz@midlanddavis.com
MIDLAND DAVIS,Location,,,,"MOLINE, IL",MIDLAND DAVIS,3301 4th Avenue,,Moline,IL,61265,,,,
MID-SOUTH RECYCLING,Remit,,,,PRIMARY,MID-SOUTH RECYCLING,1022 Industrial Park Rd,,New Johnsonville,TN,37134,,Kevin Handley,(931) 535-3436,KHMS@USIT.NET;KHMS@USIT.NET
MIDWEST FIBER INC,Inv/Remit,,,,PRIMARY,MIDWEST FIBER INC,422 S. White Oak Rd,,Normal,IL,61761,,Stefan Mullins,(217) 424-9460,smullins@midwest-fiber.com; ab@scrapmanagement.com; lbruce@midwest-fiber.com; weights@midwest-fiber.com
MIDWEST FIBER INC,Location,,,,"CHICAGO, IL",Jakacki Bag & Barrel - For Midwest Fiber,4607 W. Lexington,,Chicago,IL,60644,,Logan Bruce,(309) 452-0064,pfreeman@midwest-fiber.com; lbruce@midwest-fiber.com
MIDWEST FIBER INC,Location,,,,DECATUR,"MIDWEST FIBER, INC - DECATUR",1781 Hubbard Ave,,Decatur,IL,62526,,Stefan Mullins,(217) 519-8294,smullins@midwest-fiber.com; lbruce@midwest-fiber.com; roconnor@midwest-fiber.com
MIDWEST FIBER INC,Location,,,,HAZELWOOD MO,"MIDWEST FIBER, INC",6008 N. Lindbergh Blvd,,Hazelwood,MO,63042,,Jamie Lawrence,812-460-1003,jlawrence@midwest-fiber.com
MIDWEST FIBER INC,Location,,,,"JOPLIN, MO","MIDWEST FIBER, INC",3178 N. Kentucky,,Joplin,MO,64801,United States,Stefan Mullins,(217) 329-2270,smullins@midwest-fiber.com
MIDWEST FIBER INC,Location,,,,MORRISTOWN TN,MIDWEST FIBER INC,5447 Jeffrey Lane,,Morristown,TN,37813,,Stefan Mullins,,smullins@midwest-fiber.com
MIDWEST FIBER INC,Location,,,,ST LOUIS MO,PLM,7100 Hazelwood Ave.,,St Louis,MO,63042,,Todd,217-519-5372,twingstrom@midwest-fiber.com; lbruce@midwest-fiber.com; ab@scrapmanagement.com;twingstrom@midwest-fiber.com; lbruce@midwest-fiber.com; ab@scrapmanagement.com
MIDWEST FIBER INC,Location,,,,"URBANA, IL","MIDWEST FIBER, INC",1201 East University Ave,,Urbana,IL,61802,,Stefan Mullins,,smullins@midwest-fiber.com
MIDWEST FIBRE SALES CORP,Remit,,,,INVOICE,MIDWEST FIBRE SALES CORP,PO Box 825,,Springfield,MO,65801,,Byron Wilcox,417-862-1976,byron@midwestfibresales.com; ab@scrapmanagement.com
MIDWEST FIBRE SALES CORP,Location,,,,"SPRINGFIELD, MO",MIDWEST FIBRE SALES,911 N. Farm Rd. 123,,Springfield,MO,65802,,,,
MIDWEST PRODUCT RECOVERY,Inv/Remit,,,,INVOICE,MIDWEST PRODUCT RECOVERY,23014 3rd Str Ne,,East Bethel,MN,55005,United States,Ron Smith,763-434-5944,sa@scrapmanagement.com; ron@mwprec.com
MIDWEST PRODUCT RECOVERY,Location,,,,BLOOMINGTON MN,ROHN INDUSTRIES For MIDWEST PRODUCT RECOVERY,6301 W. Old Shakopee Rd,,Bloomington,MN,55738,,Ron,763-434-5944,sa@scrapmanagement.com; ron@mwprec.com;sa@scrapmanagement.com; ron@mwprec.com;sa@scrapmanagement.com; ron@mwprec.com
MIDWEST PRODUCT RECOVERY,Location,,,,COSMOS MN,MIDWEST PRODUCT RECOVERY,250 Astro Blvd E,,Cosmos,MN,56228,United States,Ron Smith,763-434-5944,ron@mwprec.com
MIDWEST PRODUCT RECOVERY,Location,,,,EAST BETHEL MN,MIDWEST PRODUCT RECOVERY,23014 3rd Str NE,,East Bethel,MN,55005,,Ron Smith,(763) 434-5944,ron@mwprec.com; sa@scrapmanagement.com
MIDWEST PRODUCT RECOVERY,Location,,,,JOLIET IL,EVERON POLYMERS For MPR,420 Woodruff Road,,Joliet,IL,60432,,Vince,,
MIDWEST PRODUCT RECOVERY,Location,,,,"RICHMOND, VA",MIDWEST PRODUCT RECOVERY,1306 Richmond Hwy,,Richmond,VA,23224,United States,Ron Smith,(612) 501-8157,ron@mwprec.com; sa@scrapmanagement.com
MIDWEST PRODUCT RECOVERY,Location,,,,"ROSEVILLE, MN",MIDWEST PRODUCT RECOVERY,2425 Terminal Rd.,,Roseville,MN,55113,United States,Ron Smith,763-434-5944,ron@mwprec.com
MIDWEST PRODUCT RECOVERY,Location,,,,WICHITA KS,IP Recycling Center,4300 W. 29th St.,,Wichita,KS,67215,,,,
MIlK RUNS,Remit,,,,INVOICE,MIlK RUNS,,,,,,,,,
MILLENNIUM RECYCLING,Remit,,,,INVOICE,MILLENNIUM RECYCLING,305 E 50th St N,,Sioux Falls,SD,57104,United States,Shannon Dwire,605-336-1744,shannon@millenniumrecycling.com; sa@scrapmanagement.com
MILLER RECYCLING CORPORATION,Remit,,,,INVOICE,MILLER RECYCLING CORPORATION,73 Plymouth street,,Mansfield,MA,2048,United States,Mitch Slapik,(800) 783- 6766,mslapik@millerrecycling.com; rp@scrapmanagement.com
MILLWOOD INC,Remit,,,,INVOICE,MILLWOOD INC,4438 Muhlhauser Rd,,Hamilton,OH,45011,,Antonio Delgado,(513) 860-4567,adelgado@millwoodinc.com; sa@scrapmanagement.com
MING'S RECYCLING,Inv/Remit,,,,INVOICE,MING'S RECYCLING,3316 47th Avenue,,Sacramento,CA,95824,,Kenny Luong,,ken@mingrecycling.com
MISSOURI DEPT OF HEALTH,Remit,,,,INVOICE,MISSOURI DEPT OF HEALTH,PO Box 570,,Jefferson City,MO,65102,,Eric Hueste,573-751-6087,Eric.Hueste@health.mo.gov; John.Whitaker@health.mo.gov; Devin.Camden@health.mo.gov; lm@scrapmanagement.com
MISSOURI DEPT OF HEALTH,Location,,,,JEFFERSON CITY MO,IWDG,312 Wilson Drive,,Jefferson City,MO,65109,,Daleh,,Daleh@iwdg.com; loliver@iwdg.com; eastdock@iwdg.com; KyleC@iwdg.com
MISSOURI PLASTICS,Remit,,,,PRIMARY,MISSOURI PLASTICS,4751 State Highway Y,,Jackson,MO,63755,,Becky Nunnally,(573) 334-7880,becky@missouriplastics.com
MITCHELL CONTAINER SERVICES INC,Remit,,,,INVOICE,MITCHELL CONTAINER SERVICES INC,226 Saraland Boulevard South,,Saraland,AL,36571,,Randy Speights,(251) 675-3786,randy@mcontainer.com; lm@scrapmanagement.com
MITSUBISHI LOGISNEXT AMERICAS,Inv/Remit,,,,INVOICE,MITSUBISHI LOGISNEXT AMERICAS,240 N Prospect St,,Marengo,IL,60152,,Joel Gadawski,815-568-4340,joel.gadawski@logisnext-na.com; DGuenther@unicarriersamericas.com; JGadawski@unicarriersamericas.com
MIXED PLASTICS LLC,Inv/Remit,,,,INVOICE,MIXED PLASTICS LLC,1171 S Robertson Blvd,Suite 250,Los Angeles,CA,90035,,seth,323-489-6700,seth@mixedplastics.com
MOLDAMATIC LLC,Remit,,,,INVOICE,MOLDAMATIC LLC,29 Noeland Ave,,Penndel,PA,19047,,Tom Wright,267-569-0042,twright@moldamatic.com; dpeek@moldamatic.com; rp@scrapmanagement.com
MOLDAMATIC LLC,Location,,,,PICK-UP ADDRESS,MOLDAMATIC LLC,3909 Nebraska Street,,Newportville,PA,19056,,Tom Wright,267-569-0042,
MONDO POLYMER TECHNOLOGIES INC,Inv/Remit,,,,INVOICE,MONDO POLYMER TECHNOLOGIES INC,PO BOX 250,,Reno,OH,45773,United States,Ron Wesel,740-376-9396,ron@mondopolymer.com; matt@mondopolymer.com
MONDO POLYMER TECHNOLOGIES INC,Location,,,,DELIVERY ADDRESS,MONDO POLYMER TECHNOLOGIES INC.,27620 State Route 7,,Reno,OH,45773,United States,Ron Wesel,740-376-9396,ron@mondopolymer.com
MONTGOMERY PAPER CO,Inv/Remit,,,,INVOICE,MONTGOMERY PAPER CO,400 E FOURTH ST,,DAYTON,OH,45402,,Mitch Jacobs,937-222-4059,montgomerypaper@ameritech.net; ab@scrapmanagement.com
MONTGOMERY PAPER CO,Location,,,,"PANDORA, OH",MONTGOMERY PAPER CO.,501 Basinger Road,,Pandora,OH,45877,,,,
MONTGOMERY RECYCLING,Remit,,,,INVOICE,MONTGOMERY RECYCLING,3544 Rabbits Foot Trail,,Lexington,KY,40503,,Ben Montgomery,(859) 621-2616,bmrecycling@aol.com; austin@wasteprorecyclingky.com; sa@scrapmanagement.com;bmrecycling@aol.com; austin@wasteprorecyclingky.com; sa@scrapmanagement.com
MONTGOMERY RECYCLING,Location,,,,"DAYTON, OH",MONTGOMERY RECYCLING,312 Mound St,,Dayton,OH,45402,United States,Ben Montgomery,(859) 621-2616,bmrecycling@aol.com
MONTGOMERY RECYCLING,Location,,,,FRANKFORT ROAD,MONTGOMERY RECYCLING,4182 Frankfort Rd,,Georgetown,KY,40324,United States,Ben Montgomery,(859) 621-2616,bmrecycling@aol.com
MONTGOMERY RECYCLING,Location,,,,GEORGETOWN KY - VUTECH,VUTECH For MONTGOMERY RECYCLING,100 Carley Dr,,Georgetown,KY,40324,,,,
MONTGOMERY RECYCLING,Location,,,,"GEORGETOWN, KY",MONTGOMERY RECYCLING,793 Lemons Mill Rd.,,Georgetown,KY,40324,,Ben Montgomery,(859)621-2616,bmrecycling@aol.com
MONTGOMERY RECYCLING,Location,,,,"INDIANAPOLIS, IN",MONTGOMERY RECYCLING,68 N Gale,,Indianapolis,IN,46201,United States,Ben Montgomery,(859) 621-2616,bmrecycling@aol.com
MONTGOMERY RECYCLING,Location,,,,"LEXINGTON, KY",MONTGOMERY RECYCLING,247 South Forbes Rd,,Lexington,KY,40511,United States,Ben Montgomery,(859) 621-2616,bmrecycling@aol.com
MONTGOMERY RECYCLING,Location,,,,MONTGOMERY RECYCLING,MONTGOMERY RECYCLING,424 Fairman Ct.,,Lexington,KY,40502,United States,Ben Montgomery,(859)621-2616,bmrecycling@aol.com
MONTGOMERY RECYCLING,Location,,,,"PARIS, KY",MONTGOMERY RECYCLING,233 East 20th St,Building 3,Paris,KY,40361,,Austin Montgomery,(859) 327-5789,austin@wasteprorecyclingky.com
MONTGOMERY RECYCLING,Location,,,,"SPRINGFIELD, KY",MONTGOMERY RECYCLING,1101 Corporate Dr,,Springfield,KY,40069,,Ben Montgomery,(859) 621-2616,bmrecycling@aol.com; sa@scrapmanagement.com;bmrecycling@aol.com; sa@scrapmanagement.com
MONTGOMERY RECYCLING,Location,,,,"STANFORD, KY",MONTGOMERY RECYCLING,102 Industrial Park Dr,,Stanford,KY,40484,,Ben Montgomery,(859) 621-2616,bmrecycling@aol.com;bmrecycling@aol.com;bmrecycling@aol.com
MONTGOMERY RECYCLING,Location,,,,"TOYOTA WAREHOUSE - GEORGETOWN, KY",MONTGOMERY RECYCLING,1001 Cherry Blossom Way,,Georgetown,KY,40324,,Primary,1 (859) 621-2616 -,
MONTGOMERY RECYCLING,Location,,,,VERSAILLES RD,MONTGOMERY RECYCLING,1229 Versailles Rd,,Lexington,KY,40508-3117,,Ben Montgomery,(859) 621-2616,bmrecycling@aol.com;bmrecycling@aol.com
MONTGOMERY RECYCLING,Location,,,,"VERSAILLES, KY",MONTGOMERY RECYCLING,1000 Tyrone Pike,,Versailles,KY,40383,United States,Ben Montgomery,(859) 621-2616,bmrecycling@aol.com
MOTION CITY TRANSPORTATION,Remit,,,,INVOICE,MOTION CITY TRANSPORTATION,PO Box 1704,,Los Angeles,CA,90001,,Liz Castro,310-554-4425,liz@motioncitytransportation.com
MR&C SERVICES,Remit,,,,PRIMARY,MR&C SERVICES,11738 W US Highway 24,,Wolcott,IN,47995-8266,,Rex Wolf,(219) 863-7716,mrandcservices@gmail.com; yklevtsov@ucsincny.com
MRC POLYMERS,Inv/Remit,,,,INVOICE,MRC POLYMERS,901 W Crossroads Pkwy,,Romeoville,IL,60446,United States,Dave Brodsky,773-890-9000,dbrodsky@mrcpolymers.com; ib@scrapmanagement.com; ab@scrapmanagement.com
MS MATERIALS LLC,Remit,,,,INVOICE,MS MATERIALS LLC,P.O. Box 1997,,Appleton,WI,54140,,Anne Rausch,(920) 277-3040,anne@msmaterials.com; sales2@scrapmanagement.com
MS MATERIALS LLC,Location,,,,LITTLE CHUTE WI,WOW c/o MS MATERIALS LLC,2101 Bohm Dr.,,Little Chute,WI,54140,,Anne Rausch,(920) 277-3040,anne@msmaterials.com
MUCHAI LLC,Remit,,,,INVOICE,APEX CAPITAL CORP,PO Box 961029,,Fort Worth,TX,76161-1029,,James,(302) 722-4650,dispatch@muchaitrans.com
MULDROWS RECYCLING,Remit,,,,INVOICE,MULDROWS RECYCLING,833 Hill Street,,Rocky Mount,NC,27801,,Ishmael Muldrow,,ishmaelmuldrow4@yahoo.com; lm@scrapmanagement.com
MV HOUSTON CROSS DOCK,Remit,,,,INVOICE,MV HOUSTON CROSS DOCK,7075 Cypress Creek Pkwy,,Houston,TX,77066,,info,786-510-6623,info@mvcrossdock.com
MYERS DIVERSIFIED,Primary,,,,INVOICE,MYERS DIVERSIFIED,880 Dixie Hwy,,Newport,TN,37821,,Fred Myers,423-748-0525,MYERS282@msn.com; sa@scrapmanagement.com
,Remit,,,,"NEWPORT, TN",MYERS DIVERSIFIED,880 E HWY 25/70,,"Newport,",TN,37821,,Fred Myers,423-748-0525,
MYRON BOWLING AUCTIONEERS INC,Remit,,,,INVOICE,MYRON BOWLING AUCTIONEERS INC,3901 Kraus Lane,,Hamilton,OH,45014,,,,
MYRON BOWLING AUCTIONEERS INC,Location,,,,PICKUP ADDRESS,Nordson EFD,8 Applegate Drive,,Robbinsville,NJ,8691,,Tara Casternovia,908-797-7263,info@ajenterpriserigging.com;info@ajenterpriserigging.com
NAPA RECYCLING AND WASTE SVS,Primary,,,,INVOICE,NAPA RECYCLING AND WASTE SVS,P.O. Box 239,,Napa,CA,94558,,Alexandra Farley,707-255-5200,AllieF@naparecycling.com
NAPA RECYCLING AND WASTE SVS,Location,,,,"AMERICAN CANYON, CA",NAPA RECYCLING AND WASTE SVS,820 Levitin Way,,American Canyon,CA,94558,,Alexandra Farley,707-255-5200,AllieF@naparecycling.com;Dawn@NapaRecycling.com;
NAPA RECYCLING AND WASTE SVCS,Remit,,,,PRIMARY ADDRESS,NAPA RECYCLING AND WASTE SVCS,: P.O. Box 239 .,,Napa,CA,94558,,,,
NAPIER PALLET INC,Remit,,,,INVOICE,NAPIER PALLET INC,103 South St,,Butler,KY,41006,,Brandi,(859) 472-531,brandi@napierpalletinc.com; lm@scrapmanagement.com
NATIONAL BOX EXCHANGE INC,Inv/Remit,,,,INVOICE,NATIONAL BOX EXCHANGE INC,209 Crystal Ct,,Blue Bell,PA,19422,,Jodi Cannan,866-311-8794,jodi@nationalboxexchange.com; ib@scrapmanagement.com
NATURE'S WOOD PRODUCTS LLC,Remit,,,,INVOICE,NATURE'S WOOD PRODUCTS LLC,123 County Road 17,,Elkhart,IN,46516,,"Cindy Fifer  Brian Fifer, Jr",574-848-1900,cfifer@natureswoodproducts.net; bfifer@natureswoodproducts.net; wcarabano@ucsincny.com
NATURE'S WOOD PRODUCTS LLC,Location,,,,NATURES WOOD - ELKHART,NATURE'S WOOD PRODUCTS LLC,54693 County Road 17,,Elkhart,IN,46516,,"Cindy Fifer  Brian Fifer, Jr",574-848-1900,cfifer@natureswoodproducts.net; bfifer@natureswoodproducts.net; wcarabano@ucsincny.com
NAV LOGISTICS INC,Remit,,,,INVOICE,NAV LOGISTICS INC,12620 FM 1960 A-4,,Houston,TX,77065,,Bob Wilson,713-277-7313,bob@nlius.com
NAZARETH PALLET COMPANY,Remit,,,,INVOICE,NAZARETH PALLET COMPANY,800 Held Dr,,Northampton,PA,18067,,Ken Laga,(610) 262-9799,tkromer@nazpallet.com; klaga@nazpallet.com; ar@nazpallet.com; rpereira@ucsincny.com
NEALS PALLET CO,Remit,,,,INVOICE,NEALS PALLET CO,8808 Wilkinson Blvd,,Charlotte,NC,28214,United States,Danny Sparrow,704) 393- 8568,dannysparrow@yahoo.com; ib@scrapmanagement.com
NEALS PALLET CO,Location,,,,PICK UP,NEAL'S PALLET CO,5100 Terminal Street,,Charlotte,NC,28208,,,,
NEED CO,Inv/Remit,,,,PRIMARY,NEED CO,10612-D PROVIDENCE RD #750,,CHARLOTTE,NC,28277,,NEED CO,704-698-5186,ib@scrapmanagement.com
NEED PO,Remit,,,,NEED PO,NEED PO,,,,,,,NEED PO,704-698-5186,ib@scrapmanagement.com
NELSON CO,Remit,,,,INVOICE,NELSON CO,2588 Heart Dr,,Conover,NC,28613,,Michael Schronce,(828) 358-6800,mschronce@nelsoncompany.com
NELSON CO,Location,,,,MEMPHIS TN,NELSON CO,3400 Chelsea Ave,,Memphis,TN,38108,United States,Chris Recker,(901) 380-0022,chris.recker@nelsoncompany.com; quenton.poole@nelsoncompany.com
NEW ENGLAND RECYCLING,Remit,,,,INVOICE,NEW ENGLAND RECYCLING,490 Winthrop Street,,Tauton,MA,2780,United States,Paul Correia,(508) 822-4345,jjohnson1@win-waste.com
NEW INDY RECYCLING LLC,Remit,,,,INVOICE,NEW INDY RECYCLING LLC,28750 Network Place,,Chicago,IL,60673-1287,United States,Demidric Cooks,(925) 487-4405,demidric.cooks@new-indycb.com; ib@scrapmanagement.com
NEW INDY RECYCLING LLC,Location,,,,COMMERCE CA,"NEW INDY RECYCLING, LLC",5831 E 61st St,,Commerce,CA,90040,United States,Ingrid Gonzalez,(909) 296-3396,DEMIDRIC.COOKS@new-indycb.com; COMMERCETEAM@new-indycb.com; ingrid.gonzalez@new-indycb.com; demidric.cooks@new-indycb.com; ib@scrapmanagement.com
NEW INDY RECYCLING LLC,Location,,,,STOCKTON CA,NEW INDY RECYCLING LLC,2575 Grand Canal Blvd,,Stockton,CA,95207,United States,Demidric Cooks,(510) 714-4760,demidric.cooks@new-indycb.com; COMMERCETEAM@new-indycb.com; nir.cs@new-indycb.com; ib@scrapmanagement.com
NEW LIFE PLASTIC RECYCLING INC,Remit,,,,INVOICE,NEW LIFE PLASTIC RECYCLING INC,129 W. Trade St.,PO Box 945,Burlington,NC,27215,,Susan Newman,336-222-7775,snewman@newlifeplastics.com; ib@scrapmanagement.com
NEW LIFE PLASTIC RECYCLING INC,Location,,,,"DANVILLE, VA",American Phoenix,121 Martha St,,Danville,VA,24541,,,,
NEW MARCO CONTAINERS,Primary,,,,INVOICE,NEW MARCO CONTAINERS,2425 Cragmore Rd,,Winston-Salem,NC,27107,,Katie Weavil,(336) 784-7413,kweavil@newmarcocont.com; lm@scrapmanagement.com
NEW MARCO CONTAINERS,Remit,,,,PRIMARY ADDRESS,NEW MARCO CONTAINERS,PO Box 431,,Kernersville,NC,27285,,,,
NEWCO FIBERS INC,Inv/Remit,,,,INVOICE,NEWCO FIBERS INC,226 W Judd St.,,Woodstock,IL,60098,United States,Sharon Kusek,815-206-5617,sharon@newcofibers.com
NEWCO FIBERS INC,Location,,,,"INDIANAPOLIS, IN - CRG","CRG c/o NEWCO FIBERS, INC","6555 E. 30th Street, Suite B",,Indianapolis,IN,46219,,Marti,715-203-5653,sharon@newcofibers.com
NEWCO FIBERS INC,Location,,,,"JOLIET, IL",Green Earth Recycling  (from Newco Fibers),711 E. Benton St,,Joliet,IL,60432,United States,Gustavo,779-227-7772,
NEWCO FIBERS INC,Location,,,,MONTGOMERY MI,"NEWCO FIBERS, INC",8711 Austin Rd,,Montgomery,MI,49255,United States,Sharon,734-881-7086,sharon@newcofibers.com
NEWCO FIBERS INC,Location,,,,"PLYMOUTH, PA",Scranton Products/Vycom,801 East Corey St,,Scranton,PA,18505,United States,sharon,,sharon@newcofibers.com
NEWCO FIBERS INC,Location,,,,"ROCKFORD, IL",WATCO Whse.,1501 Baxter Rd,,Rockford,IL,61109,,Greg Helwig,,sharon@newcofibers.com
NEWCO FIBERS INC,Location,,,,"SCOTT CITY, MO",Buchheit Warehouse,600 Daugherty St.,,Scott City,MO,63780,,Larry Ivey,573-264-1700,sharon@newcofibers.com
NEWCO FIBERS INC,Location,,,,"TAYLOR, MI","MM Group, Inc",25920 Northline Commerce Park,Ste 408 Dock #4,Taylor,MI,48180,United States,Mark,(734) 231-7271,sharon@newcofibers.com
NEXT GENERATION PLASTICS,Inv/Remit,,,,INVOICE,NEXT GENERATION PLASTICS,3075 Smith Road,,Fairlawn,OH,44333,,Renee Heiney,(330) 668-1200,renee@nextgenplastics.com; jennifer@nextgenplastics.com
NEXT SPECIALTY RESINS INC,Inv/Remit,,,,INVOICE,NEXT SPECIALTY RESINS INC,3315 Centennial Road,Suite J,Sylvania,OH,43617,,Christine Toussaint,(419) 843-4600,"rajiv@nextresins.com, christine@nextresins.com; ab@scrapmanagement.com"
NEXT SPECIALTY RESINS INC,Location,,,,"FAYETTE, OH",NEXT SPECIALTY RESINS INC,500 E Industrial Parkway,,Fayette,OH,43521,,Gilbert Suarez,(419) 388-6139,rick@nextresins.com
NEXT SPECIALTY RESINS INC,Location,,,,PRIMARY ADDRESS,NEXT SPECIALTY RESINS INC,215 N Talbot St.,,Addison,MI,49220,,Christine Toussaint,419-843-4600,christine@nextresins.com;christine@nextresins.com
NEXUS FUELS LLC,Inv/Remit,,,,INVOICE,NEXUS FUELS LLC,500 Waterfront Dr. SW,,Atlanta,GA,30336,,Jean D Jordan,404-693-8389,JJordan@nexusfuels.com; AP@nexuscircular.com
NH KELMAN,Inv/Remit,,,,INVOICE,NH KELMAN,41 Euclid Street,,Cohoe,NY,12047,,Steve Suher,(518) 237-5133,ssuher@nhkelman.com; cpeterson@nhkelman.com; rpereira@ucsincny.com
NH KELMAN,Location,,,,CHESTER VA,NH KELMAN,11809 Lewis Rd,,Chester,VA,23831,,,,
NH KELMAN,Location,,,,COHOES NY,NH KELMAN,FOB,,Cohoes,NY,12047,United States,occking,(518) 237-5133,ssuher@nhkelman.com; cpeterson@nhkelman.com; rpereira@ucsincny.com
NH KELMAN,Location,,,,"FORT FAIRFIELD, ME",NH KELMAN,145 Presque Isle Street,,Ft Fairfield,ME,4742,United States,Steve,(518) 237-5133,ssuher@nhkelman.com;ssuher@nhkelman.com;ssuher@nhkelman.com
NH KELMAN,Location,,,,NH  KELMAN - ANDOVER,PERISHABLE WAREHOUSE,340 Ballardvale,,Andover,MA,1810,United States,Steve Suher,518-237-5133,ssuher@nhkelman.com; rpereira@ucsincny.com
NOLAN TRANSPORT GROUP INC,Remit,,,,INVOICE,NOLAN TRANSPORT GROUP INC,P.O. Box 931184,,Atlanta,GA,31193,,Grayson Free,843-637-0579,grayson.free@ntgfreight.com
NORMAN TEXTILE SALES,Remit,,,,INVOICE,NORMAN TEXTILE SALES,1 Bomar St,,Inman,SC,29349,United States,Jay Norman,(864) 237-1166,normantextiles@aol.com; ib@scrapmanagement.com
NORMAN TEXTILE SALES,Location,,,,"LOWELL, NC",NORMAN TEXTILE SALES,100 Saxony Dr,,Lowell,NC,28098,United States,Jay Norman,(864) 237-1166,normantextiles@aol.com; ib@scrapmanagement.com
NORTECH WASTE LLC,Remit,,,,INVOICE,NORTECH WASTE LLC,3033 Fiddyment Road,,Roseville,CA,95747-9705,,Maribel Cedeno,(916) 645-5230,greg@nortechwaste.com; maribel@nortechwaste.com; ib@ucsincny.com; Paul@nortechwaste.com; Byron@nortechwaste.com
NORTH CEDAR SOUTH LLC,Remit,,,,INVOICE,NORTH CEDAR SOUTH LLC,"3752 SAC DRIVE, BLDG. H",,KEOKUK,IA,52632,,Leisa Mccredie,(319) 524-2095,northcedarsouth@hotmail.com
NORTH COUNTRY MATERIAL SALES,Inv/Remit,,,,INVOICE,NCM SALES INC.,11101 Four Seasons Avenue NE,,Rockford,MI,49341,,Charlie & Ivy Johnson,(616) 802-8997,charlie.ncmsales@gmail.com; ivy.ncmsales@gmail.com; ab@scrapmanagement.com
NORTH PLUS LOGISTICS,Remit,,,,INVOICE,NORTH PLUS LOGISTICS,PO Box 36117,RPO Northgate,Brampton,ON,L6S 6A3,CA,Jamie Gray,(716) 277-0070,Jamie@northplus.ca
NORTHCOAST RECYCLING,Remit,,,,INVOICE,NORTHCOAST RECYCLING,1305 Lloyd Rd,,Wickliffe,OH,44092,,Chet Green,(800) 834-8344,cgreen@northcoastrecycling.com
NORTHERN TRANSITIONS,Inv/Remit,,,,INVOICE,NORTHERN TRANSITIONS,1401 W.  Easterday Avenue,,Sault Ste. Marie,MI,49783,,Mindy Fox,906-635-5681,recycling@northerntransitions.org; lm@ucsincny.com
NORTHERN TRANSITIONS,Location,,,,PICK UP ADDRESS,NORTHERN TRANSITIONS,1423 W Easter Day Ave,,Sault Ste. Marie,MI,49783,,Mindy Fox,906-635-5681,
NORTHLAND FARMS,Remit,,,,INVOICE,NORTHLAND FARMS,11161-120th Ave,,West Olive,MI,49460,United States,Rich Bramer / Curtis Dale,(800) 253-1812,rbramer@northlandfarmsllc.com; cdale@northlandfarmsllc.com; sa@scrapmanagement.com
NORTHLAND PALLET INC,Inv/Remit,,,,INVOICE,NORTHLAND PALLET INC,13285 Fenway Blvd N,,Hugo,MN,55038-7453,,Mark Whales,(651) 426-9405,office@northlandpallet.com; Dispatch@northlandpallet.com; markw@northlandpallet.com; DrewE@NorthlandPallet.com; mikem@northlandpallet.com; mitchm@northlandpallet.com; ib@scrapmanagement.com
NORTHSTAR TRADING,Inv/Remit,,,,INVOICE,NORTHSTAR TRADING,3380 GRAND AVE,,WAUKEGAN,IL,60090,,Alex Casillas,(847) 243-4167,JACS@NORTHSTARTRADINGLLC.COM; emma@northstartradingllc.com; Natalia@northstartradingllc.com; admin@northstartradingllc.com; rich@northstartradingllc.com; IB@SCRAPMANAGEMENT.COM; ib@scrapmanagement.com
NORTHSTAR TRADING,Location,,,,WAUKEGAN IL,NORTHSTAR TRADING,3380 GRAND AVE,,WAUKEGAN,IL,60085,,Rich Azzo,847-243-4167,Rich@northstartradingllc.com; jacs@northstartradingllc.com; ib@scrapmanagement.com
NOVA CHEMICALS,Inv/Remit,,,,INVOICE,NOVA CHEMICALS,PO BOX 3070,,Sarnia,ON,N7T 8E3,,Scott Fidler,(754) 326-2004,Scott.fidler@novachem.com
NOVA CHEMICALS,Location,,,,CONNERSVILLE IN,NOVA CHEMICALS,4747 Western Ave,,Connersville,IN,47331,,Tyler Biddle,765-377-0789,Tyler.Biddle@novacircularsolutions.com
NOVOLEX,Inv/Remit,,,,INVOICE,NOVOLEX,PO Box 5714,,Portland,OR,97228,,Katie.Bohm,715-524-0210,Katie.Bohm@novolex.com; ab@scrapmanagement.com
NOVOLEX,Location,,,,"NORTH VERNON, IN",NVR - RECYCLING,999 N MADISON AVE,,North Vernon,IN,47265,,David Bangs; Bryce Jackson,,David.Bangs@novolex.com; Bryce.Jackson@novolex.com
NOVOLEX,Location,,,,WFB WI FILM AND BAG,NOVOLEX,1075 AIrport Road,,Shawano,WI,54166,,,,
NUVIDA PLASTIC TECHNOLOGY INC,Invoice,,,,INVOICE,NUVIDA PLASTIC TECHNOLOGY INC,925 Georges Rd,,Monmouth Junction,NJ,8852,,Hermes Azzo,(732 )297-2300,hazzo@sabert.com; nuvidaacctspayable@nuvidaplastics.com
NUVIDA PLASTIC TECHNOLOGY INC,Location,,,,"L&S - BAYONNE, NJ",L&S,97 East 2ND Street,Unit C,Bayonne,NJ,7002,,,,
OCCUPATIONAL TRAINING CENTER,Remit,,,,INVOICE,OCCUPATIONAL TRAINING CENTER,2 Manhattan Drive,,Burlington,NJ,8016,,Tim Whelihan; Jessica Powell,609-267-6665,twhelihan@otcbc.org; jpowell@otcbc.org; aa@ucsincny.com
OCCUPATIONAL TRAINING CENTER,Location,,,,MT HOLLY,OCCUPATIONAL TRAINING CENTER,130 Hancock Lane,,Mt. Holly,NJ,8060,,Tim Whelihan,609-267-6665 x. 149,twhelihan@otcbc.org; aa@ucsincny.com
OCEAN STATE JOBBERS,Inv/Remit,,,,INVOICE,OCEAN STATE JOBBERS,375 Commerce Park Road,,North Kingstown,RI,2852,United States,Farah Hayes,(401) 295-2672,f.hayes@osjl.com; w.brown@osjl.com; s.jawo@osjl.com; j.valerio@osjl.com; rp@scrapmanagement.com
OCTAL,Remit,,,,INVOICE,OCTAL,5399 E. Provident Drive,,45246,OH,45246,,Cameron Warren,(513) 881-6117,cwarren@octal.com
OMEGA PLASTICS LLC,Inv/Remit,,,,INVOICE,OMEGA PLASTICS LLC,2636 Byington Solway Rd,,Knoxville,TN,37931,United States,Blake Rolen,865-690-2211,brolen@omegaplastics.com; ap@omegaplastics.com
OMNISOURCE,Remit,,,,PRIMARY,OMNISOURCE,23679 Network Place,,Chicago,IL,60673-1236,,Dan Byron,(419) 227-3411,DByron@omnisource.com; Eugene.Niuh@omnisource.com; Austin.Marsh@omnisource.com;DByron@omnisource.com; Eugene.Niuh@omnisource.com; Austin.Marsh@omnisource.com
OMNISOURCE,Location,,,,OMNISOURCE,OMNISOURCE,1610 E. 4th St.,,Lima,OH,45804,United States,Dan Byron,(419) 227-3411,DByron@omnisource.com
OMNISOURCE ELECTRONICS RECYCLING,Invoice,,,,INVOICE,OMNISOURCE ELECTRONICS RECYCLING,219 Murray St.,,Fort Wayne,IN,46803,,Eugene Niuh,(260) 456-0512,Eugene.Niuh@omnisource.com; Austin.Marsh@omnisource.com; Lindsay.Mergy@omnisource.com; ab@scrapmanagement.com
OMNISOURCE ELECTRONICS RECYCLING,Location,,,,"COLUMBUS, IN",OMNISOURCE - IN,15200 S Jonesville Rd,,Columbus,IN,47201,,Eugene Niuh,(260) 456- 0512,Eugene.Niuh@omnisource.com;Eugene.Niuh@omnisource.com
OMNISOURCE ELECTRONICS RECYCLING,Location,,,,EAST FISHKILL NY,MOPAR STELLANTIS For OMNISOURCE,32 Patriot Way,,East Fishkill,NY,12533,,,,
OMNISOURCE ELECTRONICS RECYCLING,Location,,,,GARRETT IN,Prince Manufacturing,320 North Taylor Rd,,Garrett,IN,46738,United States,Cindy Smith,260-357-4484,Eugene.Niuh@omnisource.com
OMNISOURCE ELECTRONICS RECYCLING,Location,,,,"HARRISON, AR",NATIONAL A/C,231 West Industrial Park Road,,Harrison,AR,72601,,Eugene Niuh,(260) 456- 0512,Eugene.Niuh@omnisource.com;;Eugene.Niuh@omnisource.com;
OMNISOURCE ELECTRONICS RECYCLING,Location,,,,"HENDERSON, KY",GIBBS For Omnisource,369 Community Drive,,Henderson,KY,42420,,,,
OMNISOURCE ELECTRONICS RECYCLING,Location,,,,INDIANAPOLIS IN,Batesville Logistics for Omnisource,5770 Decatur Blvd,,Indianapolis,IN,46241,,,,
OMNISOURCE ELECTRONICS RECYCLING,Location,,,,OPELIKA AL,HL Mando America Corp for OMNISOURCE,4201 Northpark Dr,,Opelika,AL,36801,,Austin Marsh,260.422.5541,Austin.Marsh@omnisource.com;Austin.Marsh@omnisource.com;Austin.Marsh@omnisource.com
OMNISOURCE - IN,Remit,,,,PRIMARY ADDRESS,OMNISOURCE - IN,PO BOX 854408,,"MINNEAPOLIS,",MN,55485-4408,,,,
OMNISOURCE - IN,Location,,,,"SEYMOUR, IN",OMNISOURCE - IN,2209 Killion Ave,,Seymour,IN,47274,,Eugene Niuh,(260) 456- 0512,Eugene.Niuh@omnisource.com;Eugene.Niuh@omnisource.com
ONE SUN NURSERY,Remit,,,,PRIMARY,ONE SUN NURSERY,116 Marlboro Rd,,Bridgeton,NJ,8302,,aa,(856) 459-2837,aa@scrapmanagement.com
ONEIDA HERKIMER COUNTY,Remit,,,,PRIMARY,ONEIDA HERKIMER COUNTY,1600 Genesee St,,Utica,NY,13502,,Beth Scoones,(315) 733-1224,beths@ohswa.org;beths@ohswa.org
ONEIDA HERKIMER COUNTY,Location,,,,ONEIDA HERKIMER COUNTY,ONEIDA HERKIMER COUNTY,80 Leland Ave,,Utica,NY,13502,United States,Beth Scoones,315-733-1224,beths@ohswa.org
OPR SYSTEMS INC,Remit,,,,INVOICE,OPR SYSTEMS INC,235 Andover St.,,Wilmington,MA,1887,,Dave Cameron,(978) 694-1450,dcameron@oprsystems.com; hwray@oprsystems.com; creyes@oprsystems.com
ORE RECOVERED MATERIAL,Remit,,,,PRIMARY,ORE RECOVERED MATERIAL,P. O. Box 1181,,Clinton,AR,72031,,Martha Treece,(800) 518-7251,ore@artelco.com
ORE RECOVERED MATERIAL,Location,,,,ORE RECOVERED MATERIAL,GREENSOURCE RECYCLING,24087 highway 164,,Clarksville,AR,72830,United States,Martha Treece,800-518-7251,ore@artelco.com
ORIGINAL MATRESS FACTORY,Remit,,,,PRIMARY,ORIGINAL MATRESS FACTORY,4930 STATE ROAD,,CLEVELAND,OH,44134,,aa,(222) 222-2222,aa@scrapmanagement.com
ORLANDO RECYCLING,Remit,,,,INVOICE,ORLANDO RECYCLING,5303 N Orange Blossom Trail,,Orlando,FL,32810,,Leo Bitetto,(407) 872-1595,leo@orlando-recycling.com; ib@scrapmanagement.com
OUTAGAMIE COUNTY RECYCLING,Remit,,,,PRIMARY,OUTAGAMIE COUNTY RECYCLING,1419 Holland Road,,Appleton,WI,54911-8985,,Patty Adams-Kumar,(920) 832-4710,patty.adams@outagamie.org; lm@scrapmanagement.com
OVERBEY PLASTICS,Remit,,,,INVOICE,OVERBEY PLASTICS,10676 Township Road 80,,Lewistown,OH,43333,,Brad,(937) 843-2972,brad@overbeyplastics.com; aa@ucsincny.com
OVERDEVEST NURSERY LP,Remit,,,,INVOICE,OVERDEVEST NURSERY LP,578 Bowentown Rd,,Bridgeton,NJ,8302,,Phil,(856) 451-3179,phil@overdevst-nurseries.com; aa@scrapmanagement.com
P&H PROPERTIES LLC,Remit,,,,INVOICE,P&H PROPERTIES LLC,PO Box 18457,,Hattiesburg,MS,39404,,Randy James,(615) 790-8501,randywcmrf@aol.com
P&H PROPERTIES LLC,Location,,,,WILLIAMSON COUNTY RECYCLING,WILLIAMSON COUNTY RECYCLING,420 Century Court,,Franklin,TN,37064,,randywcmrf,(615) 790-8501,randywcmrf@aol.com
P&R TRUCKING INC,Remit,,,,PRIMARY,P&R TRUCKING INC,740 Julie Ann Way,,Oakland,CA,94621,,Donna Garwood,(510) 839-1602,Dispatch dispatch@pandrtrucking.com;Dispatch dispatch@pandrtrucking.com
PACIFIC PALLET EXCHANGE INC,Remit,,,,INVOICE,PACIFIC PALLET EXCHANGE INC,3315 51St. Ave,,Sacramento,CA,958233,,Brady Justice,916-448-5589,bradyjustice12@gmail.com; ib@scrapmanagement.com; celia@pacificpalletexchange.com
PACKAGING PARTNERS LTD,Remit,,,,INVOICE,PACKAGING PARTNERS LTD,10700 W. Venture Dr,,Franklin,WI,54751,United States,Sandy Jahns,404-427-4510 X103,sandyj@wpack.com; lm@scrapmanagement.com
PACKIQ,Remit,,,,INVOICE,PACKIQ,2274 Volvo Car Drive,,Ridgeville,SC,29472,,David A. Vega,,dvega@packiq.com; ib@scrapmanagement.com
PADNOS - C,Inv/Remit,,,,INVOICE,PADNOS,PO Box 638748,,Cincinnati,OH,45263-8748,,Scott Nyhuis,616.551.5975,scott.nyhuis@padnos.com; fulfillment@padnos.com; ab@scrapmanagement.com
PADNOS - C,Location,,,,BRAINERD MN,PADNOS - C,1021 Madison Street,,Brainerd,MN,56401,,Brandon Plaggemeyer,,Brandon.Plaggemeyer@padnos.com
PADNOS - C,Location,,,,"CANTON, OH",NEXT GENERATION,404 5th Street SE,,Canton,OH,44706,,,,
PADNOS - C,Location,,,,"FREMONT, IN",PADNOS,803 S Reed Road,,Fremont,IN,46737,,,,
PADNOS - C,Location,,,,GRAND RAPIDS,PADNOS,1060 Hall Street,,Grand Rapids,MI,49503,,,,
PADNOS - C,Location,,,,"GRANDVILLE, MI",GRANDVILLE RECYCLING,3485 Viaduct St SW,,Grandville,MI,49418,United States,,,
PADNOS - C,Location,,,,"WYOMING, MI",PADNOS,500 West 44th Street,,Wyoming,MI,49548,United States,Scott Nyhuis,,scott.nyhuis@padnos.com
PALADIN FREIGHT,Primary,,,,INVOICE,PALADIN FREIGHT,4895 Outland Center Dr.,Suite 102,Memphis,TN,38118,,Krista Crabtree,901-791-0751,krista@paladinfreight.com
PALADIN FREIGHT,Remit,,,,PRIMARY ADDRESS,PALADIN FREIGHT,PO BOX 241268,,Memphis,TN,38124-1268,,,,
PALKING INC,Remit,,,,INVOICE,PALKING INC,PO Box 442264,,Jacksonville,FL,32222,,Bonnie Quasnick,(904) 358- 7135,bonnieq@palking.com; lm@scrapmanagement.com
PALKING INC,Location,,,,OLD KINGS ROAD - JAX,PALKING INC,8220 Old Kings Rd,,Jacksonville,FL,32219,,Bonnie Quasnick,(904) 358- 7135,bonnieq@palking.com; lm@ucsincny.com
PALLET CENTRAL ENTERPRISES INC,Remit,,,,INVOICE,PALLET CENTRAL ENTERPRISES INC,PO Box 13549,,Atlanta,GA,30324,United States,Al Longman / Mike Schweitz,(404) 564-9703,alongman@palletcentralent.com; jhumber@palletcentralent.com; ib@scrapmanagement.com; mschwietz@palletcentralent.com
PALLET CENTRAL ENTERPRISES INC,Location,,,,SHAKOPEE MN,"PALLET CENTRAL ENTERPRISES, INC.",Please advise,,Shakopee,MN,,,,,
PALLET CONSULTANTS,Remit,,,,INVOICE,PALLET CONSULTANTS,1555 Melbourne Ave,,Haines City,FL,33844,United States,Eddie Dyess,(863) 422-3022,eddie.dyess@palletconsultants.com; lm@scrapmanagement.com
PALLET CONSULTANTS OF ATLANTA,Remit,,,,INVOICE,PALLET CONSULTANTS OF ATLANTA,2555 Moreland Ave. SE,,Atlanta,GA,30315,,Sasha Preesley,(404) 622-4500,sasha@palletconsultants.com
PALLET CONSULTANTS OF ATLANTA,Location,,,,"HAINES CITY, FL",PALLET CONSULTANTS OF ATLANTA,1555 Melbourne Ave,,Haines City,FL,33844,United States,Eddie Dyess,(863) 422-3022,eddie.dyess@palletconsultants.com; lm@ucsincny.com
PALLET EXCHANGE INC,Inv/Remit,,,,INVOICE,PALLET EXCHANGE INC,534 Hopkins St,,Buffalo,NY,14220,United States,Tom,(716) 823- 2400,palletexchange@aol.com; aa@scrapmanagement.com
PALLET EXPRESS INC,Remit,,,,INVOICE,PALLET EXPRESS INC,PO Box 1998,,Liberty,NC,27298,,Sue Roush Holt / Kathy Nigh,800-220-0987,sroush@palletexpress.com; knigh@palletexpress.com; lm@ucsincny.com
PALLET EXPRESS INC,Location,,,,"LIBERTY, NC",PALLET EXPRESS INC,6306 Old 421 Road,,Liberty,NC,27298,,Sue Roush Holt / Kathy Nigh,800-220-0987,sroush@palletexpress.com; knigh@palletexpress.com
PALLET LOGISTICS MANAGEMENT INC,Remit,,,,INVOICE,PALLET LOGISTICS MANAGEMENT INC,7100 Hazelwood Ave,,Hazelwood,MO,63042,United States,Karolyn Carmack,314-584-1846,k.carmack@plmgt.com
PALLET PRO INC,Inv/Remit,,,,INVOICE,PALLET PRO INC,2121 Willow park Rd,,Bethlehem,PA,18020,United States,Jon Sager,610.882.3111,palletpro@rcn.com; rp@scrapmanagement.com
PALLET RESOURCE,Inv/Remit,,,,INVOICE,PALLET RESOURCE,3371 99th Court NE,,Blaine,MN,55449,,Debbie,763-792-2882,accounting@palletresource.net
PALLET RESOURCE,Location,,,,"BLAINE, MN",PALLET RESOURCE,3125 101st Ave NE,,Blaine,MN,55449,,,,
PALLET SERVICES INC,Inv/Remit,,,,INVOICE,PALLET SERVICES INC,4055 Casilio Parkway,,Clarence,NY,14031,,Lou Ellis,(716) 873- 7700,lellis@palletservicesinc.com; aa@scrapmanagement.com
PALLET SERVICES INC,Location,,,,"ROCHESTER, NY",PALLET SERVICES INC,1681-C Lyell Ave,,Rochester,NY,14606,,,,
PALLET SERVICES LLC,Primary,,,,INVOICE,PALLET SERVICES LLC,3358 Gemini Dr,,Memphis,TN,38109,United States,Raymond Martinez,(901) 572-7200,palletservices@aol.com; rp@scrapmanagement.com
PALLET SERVICES LLC,Location,,,,PRIMARY ADDRESS,PALLET SERVICES LLC,1971 W Lumsden Rd,Suite 300,Brandon,FL,33511,,,,
,Remit,,,,REMIT,PALLET SERVICES LLC,1971 W. Lumsden Rd,Suite 300,"Brandon,",FL,33511,,,,
PALLET-TECH SOLUTIONS,Remit,,,,INVOICE,PALLET-TECH SOLUTIONS,PO Box 2246,,Fort Oglethorpe,GA,30742,,Robert Wilson,(423) 595-4411,robert.wilson@pallettechsolutions.com
PALLET-TECH SOLUTIONS,Location,,,,PRIMARY ADDRESS,PALLET-TECH SOLUTIONS,365 Patterson Ave,,Oglethorpe,GA,30742,,,,
PALOGIX SUPPLY CHAIN SERVICES LLC,Primary,,,,INVOICE,PALOGIX SUPPLY CHAIN SERVICES LLC,19176 Hall Road Suite 125,,Clinton Township,MI,48038,United States,Rylan Watson,586-221-1000,Rylan.Watson@palogix.com; rp@scrapmanagement.com
,Remit,,,,ALTERNATE ADDRESS,iGPS LOGISTICS LLC,5505 N CUMBERLAND AVE,SUITE 307,CHICAGO,IL,60656,,,,
0,Location,,,,AUSTELL GA,"PALOGIX SUPPLY CHAIN SERVICES, LLC.",7815 Third Flag PKWY,Suite 150,Austell,GA,30168,United States,Rylan Watson,404.942.5104,rylan.watson@palogix.com ; danielle.miller@palogix.com;rpereira@ucsincny.com
0,Location,,,,EARTH CITY,"PALOGIX SUPPLY CHAIN SERVICES, LLC.",4301 Rider trail north,Suite 500,Earth city,MO,63045,United States,,,
0,Location,,,,FISHER IN,"PALOGIX SUPPLY CHAIN SERVICES, LLC.",9910 N by Northeast Blvd,Ste. 100,Fishers,IN,46037,United States,,,
0,Location,,,,PRIMARY ADDRESS,"PALOGIX SUPPLY CHAIN SERVICES, LLC.",301 Railroad Ave,,Shiremanstown,PA,17011,United States,,,
0,Location,,,,Shiremantown,"PALOGIX SUPPLY CHAIN SERVICES, LLC.",301 Railroad Ave,ste. 200,Shiremanstown,PA,17011,United States,Trevor.Peterson,717-547-6561,Trevor.Peterson@palogix.com; camp.hill@palogix.com;scott.bettinger@palogix.com; Karen.kerstetter@palogix.com
PAL-SERV,Remit,,,,INVOICE,PAL-SERV,4100 Platinum Way,,Dallas,TX,75237,,Brenda,405-672-1155,mduff@plofa.com; palservokc@pal-serv.com; ib@scrapmanagement.com
PAL-SERV,Location,,,,GASTONIA,PAL-SERV,1224 Isley Drive,,Gastonia,NC,28052,United States,Kevin Ryan,704-861-6268,kevin.ryan@pal-serv.com; BTruett@plasolutions.com; ib@scrapmanagement.com
PAPER RECOVERY OF GEORGIA,Remit,,,,INVOICE,PAPER RECOVERY OF GEORGIA,501 East 6th Street SW,,"Rome,",GA,30161,,Peter Matsukis,,pmatsukis@recycleit.net
PAPER RECOVERY OF GEORGIA,Location,,,,ROME GA,PAPER RECOVERY OF GEORGIA,501 E 6th St,,Rome,GA,30161,,Peter Matsukis,,pmatsukis@recycleit.net
PARALLEL PRODUCTS,Primary,,,,INVOICE,PARALLEL PRODUCTS,100 Duchaine Blvd,,New Bedford,MA,2745,,Jaymison Dutra,(508) 884-5100,newbedford@parallelproducts.com; arielr@parallelproducts.com; jamess@parallelproducts.com; rp@scrapmanagement.com
PARALLEL PRODUCTS,Remit,,,,PRIMARY ADDRESS,PARALLEL PRODUCTS,PO Box 775347,,Chicago,IL,60677-5347,,,,
PARKER PALLET,Inv/Remit,,,,INVOICE,PARKER PALLET,85 Gibson Hwy,,Milan,TN,38358,United States,Kurt Parker,(731) 414-1342,kppallets@yahoo.com; aa@scrapmanagement.com
PATRICK INDUSTRIES INC,Remit,,,,INVOICE,PATRICK INDUSTRIES INC,107 W. Franklin St.,P.O. Box 638,Elkhart,IN,46515,,Thomas,800-331-2151,thompsd2@patrickind.com; sa@scrapmanagement.com
PATRICK INDUSTRIES INC,Location,,,,PRIMARY ADDRESS,ADORN Plant #140,57420 Nagy Dr.,PO BOX 638,Elkhart,IN,46574,,,,
PAUL TRANSPORTATION,Remit,,,,INVOICE,PAUL TRANSPORTATION,10612 Woodhollow Rd,,Mint Hill,NC,28227,,Avram Paul,,paultransportation@yahoo.com
PAWTUCKET RECYCLING ASSOC.,Remit,,,,PRIMARY,PAWTUCKET RECYCLING ASSOC.,DBA United Paper Stock,P O Box 415780,Boston,MA,02241-5780,,Vanda Hart,(401) 724-5700,VandaH@rwcb.com
PAWTUCKET RECYCLING ASSOC.,Location,,,,PAWTUCKET RECYCLING ASSOCIATES,PAWTUCKET RECYCLING/UNITED PAPER STOCK,33 India Street,,Pawtucket,RI,2860,United States,Vanda Hart,401-724-5700,VandaH@rwcb.com
PEACHEY PALLET,Inv/Remit,,,,INVOICE,PEACHEY PALLET,5278 Brush Valley Rd,,Rebersburg,PA,16872,,Louis,814-380-4493,peacheypallet@gmail.com; aakopyan@ucsincny.com
PECONIC RECYCLING & TRANSFER,Remit,,,,INVOICE,PECONIC RECYCLING & TRANSFER,560 Commerce Road,,Cutchogue,NY,11935,,Jon Divello,(631) 725- 1347,jdivello@mesliny.com; kbialeski@mesliny.com; ib@scrapmanagement.com
PEDESTAL PALLETS INC,Inv/Remit,,,,INVOICE,PEDESTAL PALLETS INC,PO Box 450,,Dunellen,NJ,8812,,Mike,732-208-3335,pedestalpallet@gmail.com
PEDESTAL PALLETS INC,Location,,,,DUNELLEN NJ,PEDESTAL PALLETS INC,777 north ave extention,,Dunellen,NJ,8812,,Mike,732-208-3335,pedestalpallet@gmail.com
PEFORMANCE FOOD GROUP - TN,Remit,,,,PRIMARY,PEFORMANCE FOOD GROUP - TN,825 Maddox-Simpson Pkwy,,Lebanon,TN,37087,,Chris Flynn,(615) 443-0077,cflynn@pfgcd.com;tsmith@pfgcd.com;cflynn@pfgcd.com;tsmith@pfgcd.com
PENN PALLET INC,Remit,,,,INVOICE,PENN PALLET INC,553 Indpendent Rd,,Greensburg,PA,16881,United States,Ashley K. Kusnierz,(814) 834-1700,AKusnierz@prime360.com; ib@scrapmanagement.com
PENN WASTE RECYCLING,Remit,,,,PRIMARY,PENN WASTE RECYCLING,PO BOX 3066,,YORK,PA,17402,,Tom Brenneman,(717) 577-8202,Tbrenneman@pennwaste.com; ekelly@pennwaste.com; ppolukhin@pennwaste.com; ib@ucsincny.com
PENN WASTE RECYCLING,Location,,,,YORK PA,PENN WASTE RECYCLING,85 Brick Yard Rd,,Manchester,PA,17445,United States,Tom Brenneman- Kelly- Pavel,(717) 577-8202,Tbrenneman@pennwaste.com; ib@ucsincny.com ;ekelly@pennwaste.com; ppolukhin@pennwaste.com
PERFORMANCE PALLET CORP,Remit,,,,INVOICE,PERFORMANCE PALLET CORP,112 N. Mainline Drive,,Seymour,WI,54165-1174,United States,John Robel,(920) 833-7839 x112,jrobel@perfcorp.com; ib@scrapmanagement.com
PERRIGO CO. INC.,Inv/Remit,,,,INVOICE,PERRIGO CO. INC.,1625 Bathgate Ave,,The Bronx,NY,10457,United States,Waldo Zoquier,860-914-0024,waldo.zoquier@perrigo.com
PETMATE,Inv/Remit,,,,INVOICE,PETMATE,PO Box 1246,,Arlington,TX,76004,United States,Chad Messimer,(817) 473-7242,"cmessimer@petmate.com,  ab@scrapmanagement.com"
PETMATE,Location,,,,"Mansfield, TX",PETMATE,600 Justice Lane,,Mansfield,TX,76063,United States,,,
PETOSKEY PLASTICS,Inv/Remit,,,,INVOICE,PETOSKEY PLASTICS,1100 West Grant St,,Hartford City,IN,47348,,Marie Passino,(231) 881-0807,MPassino@PetoskeyPlastics.com; ab@scrapmanagement.com
PETOSKEY PLASTICS,Location,,,,PRIMARY ADDRESS,PETOSKEY PLASTICS,1100 West Grant St,,Hartford City,IN,47348,,Eric Stone,,estone@petoskeyplastics.com
PETRO PALLET,Remit,,,,INVOICE,PETRO PALLET,575 Ridge Road,,Monmouth Junction,NJ,8852,United States,Tony Lanza Jr.,732-230-3287,tony@petropallet.com; aa@scrapmanagement.com
PF TRADING,Remit,,,,INVOICE,PF TRADING,104 Braley Road,,East Freetown,MA,2717,,Paul Frade,508-509-3645,paul@pftrading.com
PF TRADING,Location,,,,"NEW BEDFORD, MA",PF TRADING,781 Church Street,,New Bedford,MA,2745,,paul,508-509-3645,paul@pftrading.com
PFG CDC PERFORMANCE FOOD GROUP  LEBANON,Remit,,,,INVOICE,PFG CDC PERFORMANCE FOOD GROUP,825 Maddox Simpson,,LEBANON,TN,37090,,Brandon Weitzel,615-443-0077,brandon.weitzel@pfgc.com; Richard.Vaught@pfgc.com; aa@scrapmanagement.com
PFG-CUSTOMIZED NEW JERSEY,Remit,,,,PRIMARY,PFG-CUSTOMIZED NEW JERSEY,500 Highland Drive,Highland Business Park,Westampton,NJ,8060,,Bruce Krupa,(609) 518-1102,Bkrupa@pfgcd.com;Bkrupa@pfgcd.com
PFS TRANSPORTATION INC.,Remit,,,,PRIMARY,PFS TRANSPORTATION INC.,PO Box 1752,,Memphis,TN,38101-1752,,Wayne Wayne Cowan,(888) 490-7040,workorder@pfstransportation.com;workorder@pfstransportation.com
PHARMACEUTICAL ASSOCIATES,Inv/Remit,,,,INVOICE,PHARMACEUTICAL ASSOCIATES,1700 Perimeter Road,,Greenville,SC,29605,,Blaise Winch,,BWinch@paipharma.com
PHARMACEUTICAL ASSOCIATES,Location,,,,"HUNTSVILLE, AL",TRI RX,120 Vintage Dr NE,,Huntsville,AL,35811,,Blaise Winch,,BWinch@paipharma.com; teward@TriRx.com; mawilson@TriRx.com ;;BWinch@paipharma.com; teward@TriRx.com; mawilson@TriRx.com ;
PHASE SCIENTIFIC,Invoice,,,,INVOICE,PHASE SCIENTIFIC,10527 Garden Grove Blvd,,Garden Grove,CA,92843,,Joaquin Schmidt,(408) 915-1922,joaquin.schmidt@phasesci.com; ib@scrapmanagement.com
,Remit,,,,GARDEN GROVE CA,PHASE SCIENTIFIC,10527 Garden Grove Blvd,,Garden Grove,CA,92843,,Joaquin Schmidt,(408) 915-1922,joaquin.schmidt@phasesci.com;joaquin.schmidt@phasesci.com
PHILADELPHIA PLASTIC RECYCLING,Inv/Remit,,,,INVOICE,PHILADELPHIA PLASTIC RECYCLING,1013 Conshohocken Road,suite 209,Conshohocken,PA,19428,,Paul M Posner,484 530 0530,philaplast@cs.com; rpereira@ucsincny.com
PHILADELPHIA PLASTIC RECYCLING,Location,,,,HILDAGO TX,"PHILADELPHIA PLASTIC RECYCLING, INC.",1704 North International Blvd,,Hidalgo,TX,78557,United States,,,
PHILADELPHIA PLASTIC RECYCLING,Location,,,,"LAREDO, TX",UNITED INTERNATIONAL LOGISTICS,9021 SAN MATEO DR,Suite A,Laredo,TX,78045,,,,
PIKE PLASTICS RECYCLING LLC,Inv/Remit,,,,INVOICE,PIKE PLASTICS RECYCLING LLC,479 Industrial Park Dr,,Waverly,OH,45690,United States,Todd Nichols,(330) 464-8654,tnichols@pikeplastics.com
PINE RIDGE LANDFILL,Remit,,,,INVOICE,PINE RIDGE LANDFILL,105 Bailey Jester Road,,Griffin,GA,30224,United States,,,
PINNACLE RECYCLING LLC,Remit,,,,INVOICE,PINNACLE RECYCLING LLC,PO Box 309,,Itasca,IL,60143,United States,Adam Socket,877-330-8989,Asocket@PinnacleRecycling.com; srickert@pinnaclerecycling.com; rpereira@ucsincny.com
PINNACLE RECYCLING LLC,Location,,,,JACKSONVILLE TX,PINNACLE RECYCLING LLC,301 Tenna Steet,,Jacksonville,TX,75766,United States,Asocket,877-330-8989,Asocket@PinnacleRecycling.com; srickert@pinnaclerecycling.com; rpereira@ucsincny.com
PIONEER PAPERSTOCK,Remit,,,,INVOICE,PIONEER PAPERSTOCK,155 Irving Avenue North,,Minneapolis,MN,55405,United States,Eric Barsness,612-381-2186,ebarsness@pioneerintl.com; lm@scrapmanagement.com
PIONEER RECYCLING SERVICES LLC,Inv/Remit,,,,INVOICE,PIONEER RECYCLING SERVICES LLC,Attn:  Accounts Receivable,16810 SE 120th Avenue,Clackamas,OR,97015,United States,tinacarrillo,,tinacarrillo@pioneerrs.com; chrisdetwiler@pioneerrs.com; Valentina.Carrillo@WasteConnections.com; Kassie.Beachum@WasteConnections.com; Pedro.Torres@WasteConnections.com; ib@scrapmanagement.com
PIONEER RECYCLING SERVICES LLC,Location,,,,"CLACKAMAS, OR",PIONEER RECYCLING SERVICES LLC,16810 SE 120th Avenue,,Clackamas,OR,97015,United States,tinacarrillo,(503) 537-5428,tinacarrillo@pioneerrs.com; chrisdetwiler@pioneerrs.com; ib@scrapmanagement.com; ambarchevez@pioneerrs.com; doloressalamanca@pioneerrs.com;
PIONEER RECYCLING SERVICES LLC,Location,,,,"TACOMA, WA",PIONEER RECYCLING SERVICES LLC,4109 192nd St East,,Tacoma,WA,98446,United States,tinacarrillo,(253) 210-3777,tinacarrillo@pioneerrs.com; chrisdetwiler@pioneerrs.com; ib@scrapmanagement.com
PITT PENN RECYCLING CO LLC,Remit,,,,INVOICE,PITT PENN RECYCLING CO LLC,426 Freeport Road,PO Box 276,Creighton,PA,15030,United States,Patrick Sobotka,(724) 409-4522,patsobotka@pittpennrecycling.com; rpereira@ucsincny.com
PIVOT TRADING,Inv/Remit,,,,INVOICE,PIVOT TRADING,11601 W Hwy 290,Suite A101393,Austin,TX,78737,United States,Mike Largent,512-748-6604,mike@pivotplastic.com
PIVOT TRADING,Location,,,,"BERNE, IN",HARRIS MATERIALS,406 E Parr Rd,,Berne,IN,46711,United States,Mike Largent,,
PIVOT TRADING,Location,,,,"CAROLINA RECYCLE - ENNIS, TX",CAROLINA RECYCLE,2501 Brombeck,,Ennis,TX,75119,United States,Mike Largent,512-748-6604,mike@pivotplastic.com;mike@pivotplastic.com
PIVOT TRADING,Location,,,,"CAROLINA RECYCLING, ARLINGTON, TX",CAROLINA RECYCLING,2920 Avenue F,,Arlington,TX,76011,United States,Mike Largent,512-748-6604,mike@pivotplastic.com
PIVOT TRADING,Location,,,,"CARROLLTON, TX",PIVOT TRADING,2908 COMMODORE DR,,CARROLLTON,TX,75007,United States,Mike Largent,512-748-6604,mike@pivotplastic.com
PIVOT TRADING,Location,,,,"CSQUARE - ARLINGTON, TX",CSQUARE,3703 Ave E,,Arlington,TX,76011,United States,Mike Largent,512-748-6604,mike@pivotplastic.com
PIVOT TRADING,Location,,,,"LAPOLY - PLYMOUTH, IN",LAPOLY,911 Markley Dr,,Plymouth,IN,46563,United States,Mike Largent,512-748-6604,mike@pivotplastic.com
PIVOT TRADING,Location,,,,"PLASTIC SALVAGE - DENISON, TX",PLASTIC SALVAGE,700 W Coffin Street,,Denison,TX,75020,United States,Mike Largent,512-748-6604,mike@pivotplastic.com
PIVOT TRADING,Location,,,,"WHITEWRIGHT, TX",PIVOT TRADING,2747 Hwy 160,,Whitewright,TX,75491,United States,Mike Largent,512-748-6604,mike@pivotplastic.com
PLACON CORP,Inv/Remit,,,,INVOICE,PLACON CORP,6096 McKee Road,,Madison,WI,53719,United States,Conohan Corey,608-298-4036,cconohan@placon.com; accountspayables@placon.com
PLACON CORP,Location,,,,DELIVERY ADDRESS,PLACON CORP,6124 McKee Road,,Madison,WI,53719,United States,,,
PLANET RECYCLING,Inv/Remit,,,,INVOICE,PLANET RECYCLING,PO Box 150887,,Nashville,TN,37215,United States,Becky,615-390-2686,becky@planetrecycling.com; aa@scrapmanagement.com;
PLANET RECYCLING,Location,,,,"BESSEMER, AL",Red Mountain Retail/Ashley Homestore,410 Pine Valley Circle,,Bessemer,AL,35022,United States,Matt Baker,,
PLANET RECYCLING,Location,,,,"HSN - PINEY FLATS, TN",HSN,857 Mountain View Dr,,Piney Flats,TN,37686,United States,,,
PLANET RECYCLING,Location,,,,"KOCH - Morristown, TN",KOCH,1620 Progress Pkwy,,Morristown,TN,37813,United States,Tina Hurley,423-522-2240,
PLANET RECYCLING,Location,,,,LEWISBURG TN,3 J'S RECYCLING,1424 Higgs Rd.,,Lewisburg,TN,37091,United States,Jay Grooms,931-215-0981,
PLANET RECYCLING,Location,,,,"LYNCHBURG, TN",Moore County Recycling,748 Booneville Hwy,,Lynchburg,TN,37352,United States,Clay,(931) 247-0076,
PLASGAD USA LLC,Remit,,,,INVOICE,PLASGAD USA LLC,933 Meacham Rd,,Statesville,NC,28677,United States,Ido Shifroni,(980) 223-2197,ido@plasgad.com; Ryanm@plasgad.com; ib@scrapmanagement.com; Ryanm@plasgad.com
PLASTIC MATERIALS INC,Inv/Remit,,,,INVOICE,PLASTIC MATERIALS INC,775 E. Highland Rd,,Macedonia,OH,44056,United States,Ashley Green,(330) 468-0184,agreen@plasticmaterialsinc.com; mgander@plasticmaterialsinc.com
PLASTIC MATERIALS INC,Location,,,,"AKRON, OH",PLASTIC MATERIALS INC,868 Talmadge Ave,,Akron,OH,44310,United States,Ashley Green,(330) 468-0184,AGreen@PlasticMaterialsInc.com
PLASTIC MATERIALS INC,Location,,,,PRIMARY ADDRESS,PLASTIC MATERIALS INC,775 E. Highland Rd,,Macedonia,OH,44056,United States,Ashley Green,(330) 468-0184,AGreen@PlasticMaterialsInc.com
PLASTIC PALLET PRODUCTION,Remit,,,,INVOICE,PLASTIC PALLET PRODUCTION,4100 Platinum Way,,Dallas,TX,75237,United States,Raul Esquivel,(972) 850-5050,resquivel@plofa.com; ib@scrapmanagement.com
PLASTIC RECYCLERS,Remit,,,,INVOICE,PLASTIC RECYCLERS,715 Harris St.,,Springdale,AR,72764,United States,Milly Morera,(479) 313- 0107,millyplasticrecyclers@hotmail.com; aa@scrapmanagement.com
PLASTIC REGRINDERS INC,Remit,,,,INVOICE,PLASTIC REGRINDERS INC,3161 Cooperriders Rc NW,,Glenford,OH,43739,United States,George West,(740) 659-2346,sawest12@yahoo.com
PLASTIC REUSE,Remit,,,,PRIMARY,PLASTIC REUSE,8529 crestview drive,,Fairfax,VA,22031,United States,Michael Polit,(718) 766-7101,mikep@plasticreuse.com;mikep@plasticreuse.com
PLASTIC SERVICES INC.,Remit,,,,INVOICE,PLASTIC SERVICES INC.,"Middlesex, nj",,,,,United States,Jeff Turner,732-560-0700,jturner@plasticservicesinc.com; aa@scrapmanagement.com
PLASTIC WORLD RECYCLING INC,Remit,,,,INVOICE,PLASTIC WORLD RECYCLING INC,700 lehigh Street,,Palmerton,PA,18071,United States,Alex Ziabari,610-598-4100,Alex@plasticworldrecycling.com; rp@ucsincny.com
PLASTICS PLUS,Remit,,,,INVOICE,PLASTICS PLUS,4200 N. Atlantic Blvd,,Auburns Hills,MI,48326,United States,Steve Armstrong,(800) 975-8694,stevea@plasplus.com; ib@scrapmanagement.com
PLASTICS PLUS,Location,,,,CHERRYSVILLE NC,PLASTICS PLUS,254 Tot Delinger Rd,,Cherrysville,NC,28021,United States,Steve Armstrong,(800) 975-8694,stevea@plasplus.com
PLASTICYCLE,Inv/Remit,,,,INVOICE,PLASTICYCLE,245 Main St. Suite 430,,White Plains,NY,10601,United States,Anthony Corso Jr.,(914) 997-6882,acorso@plasticycle.com; aa@scrapmanagement.com
PLASTICYCLE,Location,,,,"CLEVELAND, OH",PLASTICYCLE,903 W. Barre Rd,,Archbold,OH,43502,United States,,,
PLASTICYCLE,Location,,,,"NASHVILLE, TN",PLASTICYCLE,5801 Centennial Blvd,,Nashville,TN,37209,United States,,,
PLASTICYCLE,Location,,,,"PRIMARY WAREHOUSE - NASHVILLE, TN",PLASTICYCLE,1100 Visco Drive,,Nashville,TN,37210,United States,,,
PLASTIMUM,Invoice,,,,INVOICE,PLASTIMUM,262 Rue Pépin,,Sherbrooke,QC,J1L 2V8,Canada,Cherelle Brasseur,819-563-7374,cbrasseur@plastimum.com; rp@scrapmanagement.com; ib@ucsincny.com
PLS LOGISTICS SERVICES,Remit,,,,INVOICE,PLS LOGISTICS SERVICES,PO BOX 778858,,Chicago,IL,60677-8858,United States,Dustin Shubert,(215) 309-7515,dshubert@plslogistics.com; tboyle@plslogistics.com; cbarnatt@plslogistics.com; memerick@plslogistics.com
PLS LOGISTICS SERVICES,Location,,,,PHILLY,PLS LOGISTICS SERVICES,325 Chestnut Street,,Philadelphia,PA,19106,United States,dshubert,(215) 309-7515,dshubert@plslogistics.com
PLUS MATERIALS INC,Inv/Remit,,,,INVOICE,PLUS MATERIALS INC,3100 Breckinridge Blvd,Suite 175,Duluth,GA,30096,United States,Zoeb Abdulla,678-344-5007,zoeb.abdulla@plusmaterials.com; murad@plusmaterials.com; Carl@waltonlogistics.com
PLUS MATERIALS INC,Location,,,,"BEDFORD PARK, IL",Midwest Warehouse & Distribution Systems,6650 W. 68th Street,,Bedford Park,IL,60638,United States,Catrina Deehan,(708) 496-9007 EXT 3102,CatrinaDeehan@midwestwarehouse.com
PLUS MATERIALS INC,Location,,,,"BEDFORD PARK, IL - SWIFT",SWIFT EXPRESS FOR PLUS MATERIALS,6600 S. MELVINA AVE,,Bedford Park,IL,60638,United States,John,,joblazny65@gmail.com
PLUS MATERIALS INC,Location,,,,CARLSTADT NJ,Atlantic Cold Trucking For PLUS MATERIALS,85 Kero Road,,Carlstadt,NJ,7072,United States,Zoeb Abdulla,678-344-5007,zoeb.abdulla@plusmaterials.com; murad@plusmaterials.com; Carl@waltonlogistics.com
PLUS MATERIALS INC,Location,,,,"DONNA, TX",FaXi Co  RGV,1209 Fordyce Ave,,Donna,TX,78537,United States,Bernardo Constantino,832-289-8594,
PLUS MATERIALS INC,Location,,,,"HOUSTON, TX",PLUS MATERIALS INC,1325 Hussion St Date,,Houston,TX,77003,United States,Zoeb Abdulla,678-344-5007,zoeb.abdulla@plusmaterials.com; murad@plusmaterials.com;
PLUS MATERIALS INC,Location,,,,"MONROE, GA",PLUS MATERIALS INC,200 Cherry Hill Road,,Monroe,GA,30656,United States,,,
PLUS MATERIALS INC,Location,,,,"SAVANNAH, GA",Sonoco Recycling (For Plus Materials),1926 W. Gwinnett St,,Savannah,GA,31415,United States,Edith,912.232.4413,Edith.DeLosAngelesMendez@Sonoco.com;Edith.DeLosAngelesMendez@Sonoco.com
PLUS MATERIALS INC,Location,,,,SOMERSET NJ,BEACON LOAGISTICS For Plus Materials,67 Veronica Ave,Unit 14,Somerset,NJ,8873,United States,Zoeb Abdulla,678-344-5007,zoeb.abdulla@plusmaterials.com; murad@plusmaterials.com;;zoeb.abdulla@plusmaterials.com; murad@plusmaterials.com;
POLK COUNTY SOLID WASTE RECOVERY MRF,Remit,,,,INVOICE,POLK COUNTY SOLID WASTE RECOVERY MRF,708 8th St. NW,,Fosston,MN,56542,United States,Todd Rue,218-435-6501,todd.rue@co.polk.mn.us; jb@scrapmanagement.com
POLY PLUS SOLUTIONS LLC,Remit,,,,INVOICE,POLY PLUS SOLUTIONS LLC,10375 Wooster St NW,,Massillon,OH,44647,United States,Jeff Goss,330-353-2753,jgoss07@gmail.com; ab@scrapmanagement.com
POLYCHEM USA INC,Inv/Remit,,,,INVOICE,POLYCHEM USA INC,132 Central St,,Foxboro,MA,2035,United States,Steve Himmel,508-423-5000,Shimmel@polychem-usa.com; steve.neipris@polychem-usa.com
POLYMER RECYCLING AND CONSULTING,Inv/Remit,,,,INVOICE,POLYMER RECYCLING AND CONSULTING,1715 East 10th,,Winfield,KS,67156,United States,Tracy Beckwith,620-222-2117,tbeckwith1@sbcglobal.net; sa@scrapmanagement.com
POLYMER RECYCLING AND CONSULTING,Location,,,,"LUKA, MS",POLYMER RECYCLING AND CONSULTING,1509 Paul Edmondson Dr,,Luka,MS,38852,United States,Tracy Beckwith,620-222-2117,tbeckwith1@sbcglobal.net; sa@scrapmanagement.com
POLYONE CORPORATION,Remit,,,,INVOICE,POLYONE CORPORATION,3100 North 35th Street,,Terre Haute,IN,47804,United States,Patricia.sites,440 930 3315,Patricia.sites@polyone.com; abuyanovskiy@ucsincny.com
POLY-PLUS SOLUTIONS INC.,Inv/Remit,,,,INVOICE,POLY-PLUS SOLUTIONS INC.,10375 Wooster Street NW,,Massillon,OH,44647,United States,Jeff Goss,,jgoss07@gmail.com; abuyanovskiy@ucsincny.com
POLYPRO INDUSTRIAL RECYCLING,Inv/Remit,,,,INVOICE,POLYPRO INDUSTRIAL RECYCLING,4880 Hoffner Ave.,,Orlando,FL,32812,United States,Glenn Rankin,407.855.0208,glenn@polyprorecycling.com; ab@scrapmanagement.com; ib@ucsincny.com
POLYPRO INDUSTRIAL RECYCLING,Location,,,,BRENT AL,POLYPRO INDUSTRIAL RECYCLING,200 Mid State Dr,,Brent,AL,35034,United States,,,
POLYPRO INDUSTRIAL RECYCLING,Location,,,,"QFD - FLINT, MI",QFD,4450 Linden Creek Parkway,,Flint,MI,48507,United States,,,
POLYREPS INC,Inv/Remit,,,,INVOICE,POLYREPS INC,2501 Ashcraft Avenue,,Monroe,NC,28110,United States,Debbie Gaither,,customerservice@polyreps.com; dgaither@polyreps.com
POLYSOURCE INC,Invoice,,,,INVOICE,POLYSOURCE INC,PO Box 916,555 E Statler Rd,Piqua,OH,45356,United States,Heather Casto,937-778-9500,hcasto@polysource.com; ab@scrapmanagement.com
POLYTECH RESOURCES LLC,Remit,,,,INVOICE,POLYTECH RESOURCES LLC,806 Lamar Highway,,Darlington,SC,29532,United States,Bob Schiavone,704-609-0451,bob@polytechresources.com
POORAN PALLETS,Inv/Remit,,,,INVOICE,POORAN PALLETS,PO Box 740007,,Bronx,NY,10474,United States,Dave,(914) 403-0614,Dave@sjpallet.com
POORAN PALLETS,Location,,,,"BAYONNE, NJ",POORAN PALLETS,54 Hook Rd,,Bayonne,NJ,7002,United States,,,
POSEY COUNTY SWD,Inv/Remit,,,,INVOICE,POSEY COUNTY SWD,Posey County SWD,P.O. Box 248,Mount Vernon,IN,47620,United States,Patricia Colbert,812-838-1613,poseyswd65@yahoo.com; sa@scrapmanagement.com
POSEY COUNTY SWD,Location,,,,PRIMARY ADDRESS,POSEY COUNTY SWD,400 Brown Street.,,Mt.Vernon,IN,47620,United States,,,
POTENTIAL INDUSTRIES INC,Primary,,,,INVOICE,POTENTIAL INDUSTRIES INC,922 East E Street,,Wilmington,CA,90744,United States,Ken Wong,(714) 929-7508,ken.wong@potentialindustries.com; ib@scrapmanagement.com
POTENTIAL INDUSTRIES INC,Location,,,,MONTEREY CA,MONTEREY REGIONAL WASTE MANAGEMENT,14201 Del Monte Blvd,,Marina,CA,93933,United States,,,
,Remit,,,,WILMINGTON CA,POTENTIAL INDUSTRIES INC,720 EAST E STREET,,WILMINGTON,CA,90744,United States,,,
POWER PALLET INC,Remit,,,,INVOICE,POWER PALLET INC,4715 State Highway 30,,Amsterdam,NY,12010,United States,,,
POWER PLASTIC RECYCLING,Inv/Remit,,,,INVOICE,POWER PLASTIC RECYCLING,PO Box 431,,Johns Island,SC,29457,United States,Garry Robinson,877-250-9994,garry@powerplasticrecycling.com; ib@scrapmanagement.com
POWER PLASTIC RECYCLING,Location,,,,"LAKE CITY, FL",EDUREED,313 SW Windswept Glen,,Lake City,FL,32024,United States,,,
POWERHOUSE RECYCLING,Inv/Remit,,,,PRIMARY,POWERHOUSE RECYCLING,220 Ryan Patrick Drive,,Salisbury,NC,28147,United States,Brett Matt KC,(704) 322-3093,bh@powerhouserecycling.com; kt@powerhouserecycling.com; shipping@powerhouserecycling.com; ib@scrapmanagement.com;bh@powerhouserecycling.com; kt@powerhouserecycling.com; shipping@powerhouserecycling.com; ib@scrapmanagement.com
POWERHOUSE RECYCLING,Location,,,,"HOG TECHNOLOGIES - STUART, FL",POWERHOUSE RECYCLING,3920 SE Commerce Ave,,Stuart,FL,34997,United States,Mike Kennedy,,
POWERHOUSE RECYCLING,Location,,,,LITTON DRIVE,POWERHOUSE RECYCLING,1325 Litton Dr,,Salisbury,NC,28147,United States,Brett Henderson,,bh@powerhouserecycling.com; shipping@powerhouserecycling.com
POWERHOUSE RECYCLING,Location,,,,RYAN PATRICK DRIVE,POWERHOUSE RECYCLING,220 Ryan Patrick Drive,,Salisbury,NC,28147,United States,Brett Henderson,,bh@powerhouserecycling.com; shipping@powerhouserecycling.com
PPP LLC,Inv/Remit,,,,INVOICE,PPP LLC,PO Box 2047,,Montebello,CA,90640,United States,Evelyn Garcia; Polo Pedroza,(323) 581-6058,polo@ppprecycle.com; evelyn@ppprecycle.com
PPP LLC,Location,,,,PRIMARY ADDRESS,"PPP, LLC","5991 Alcoa Ave.	",,Vernon,CA,90058,United States,Evelyn Garcia,(323) 581-6058,polo@ppprecycle.com; evelyn@ppprecycle.com
PRATT INDUSTRIES,Inv/Remit,,,,INVOICE,PRATT INDUSTRIES,PO BOX 933949,,Atlanta,GA,31193-3949,United States,Keith Owens,(678) 232- 0322,kowens@prattindustries.com; sales2@scrapmanagement.com
PRATT INDUSTRIES,Location,,,,COLUMBUS GA,Columbus Consolidated Government/Pratt Recycling,8001 Pine Grove Way,,Columbus,GA,31907,United States,Keith Owens,(678) 232- 0322,kowens@prattindustries.com; sales2@scrapmanagement.com
PRATT INDUSTRIES,Location,,,,"CONYERS, GA",PRATT INDUSTRIES,1599 Hwy 138,,Conyers,GA,30013,United States,Keith Owens,(678) 232- 0322,kowens@prattindustries.com; sales2@scrapmanagement.com
PRATT INDUSTRIES,Location,,,,DUNCAN SC,PRATT INDUSTRIES,255 Morley Ct,,Duncan,SC,29334,United States,Keith Owens,(678) 232- 0322,kowens@prattindustries.com; ymoreno@prattindustries.com; lmsmith@prattindustries.com; sales2@scrapmanagement.com
PRATT INDUSTRIES,Location,,,,FAYETTEVILLE NC,PRATT INDUSTRIES,3680 Owen Dr.,,Fayetteville,NC,28306,United States,Rochelle Pollard,(910) 484-9710,rpollard@prattindustries.com; sales2@scrapmanagement.com;rpollard@prattindustries.com
PRATT INDUSTRIES,Location,,,,"KALAMAZOO, MI",AJ'S RECYCLING SERVICES,3111 East Kilgore Road,,Kalamazoo,MI,49001,United States,Chris Rollo,(269) 806-2406,crollo@prattindustries.com; ajohnson2@prattindustries.com; lmulder@prattindustries.com; ab@ucsincny.com
PREMIER GROUP RECYCLING INC,Inv/Remit,,,,INVOICE,PREMIER GROUP RECYCLING INC,6971 N Federal Highway,,Boca Raton,FL,33487,United States,Steve,,Steve@premiergrouprecycling.com; ib@scrapmanagement.com
PREMIER MATERIAL SOLUTIONS,Inv/Remit,,,,HSINCINVOICE,PREMIER MATERIAL SOLUTIONS,1415 Davis Road,,Elgin,IL,60123,United States,Tony Di Venere,(847) 278-2318,tony@phsinc.com; mrine@phsinc.com; amanda@phsinc.com
PREMIER MATERIAL SOLUTIONS,Location,,,,1111 DAVIS RD - ELGIN,PREMIER MATERIAL SOLUTIONS,1111 Davis Road,Dock B,Elgin,IL,60123,United States,Matt Rine,(847) 278-2321,mrine@phsinc.com;mrine@phsinc.com
PREMIER METAL & RECYCLING INC,Remit,,,,INVOICE,PREMIER METAL & RECYCLING INC,1013 Delaum Rd,,St Mary's,PA,15857-3359,United States,Emily Morgan,(814) 834-1239,rpereira@ucsincny.com; admin@premiermetalinc.com; joe@premiermetalinc.com
PREZERO US SERVICES LLC,Inv/Remit,,,,INVOICE,PREZERO US SERVICES LLC,3155 South 5th Ave,,Oroville,CA,95965,United States,Genecy Ryness,(619) 608-6057,genecy.ryness@PreZero.us
PREZERO US SERVICES LLC,Location,,,,"GREENVILLE, SC",Sunland Logistics,255 Blackhawk Rd,,Greenville,SC,29611,United States,,,
PREZERO US SERVICES LLC,Location,,,,JURUPA VALLEY CA,PREZERO US SERVICES LLC,4388 Serrano Dr,,Jurupa Valley,CA,91752,United States,Lara Teeple,,lara.teeple@prezero.us; jv.logistics@prezero.us
PREZERO US SERVICES LLC,Location,,,,"PERRIS, CA",PREZERO US SERVICES LLC,200 Sinclair St,,Perris,CA,92517,United States,Lara/PreZero_Logistics,,lara.teeple@prezero.us; jv.logistics@prezero.us
PREZERO US SERVICES LLC,Location,,,,REMIT ADDRESS,PREZERO US SERVICES LLC,2301 E 7th St.,Suite A-337,Los Angeles,CA,90023,United States,,,
PREZERO US SERVICES LLC,Location,,,,WESTMINSTER SC,PREZERO US SERVICES LLC,2333 Sandifer Blvd,,Westminster,SC,29693,United States,,,
PRI GROUP LLC,Remit,,,,INVOICE,PRI GROUP LLC,600 Thomas Drive,,Bensenville,IL,60106,United States,Jeff Gosmire,(630) 204-5729,jeff@theprigroup.com; ib@scrapmanagement.comi
PRIDE LOGISTICS LLC,Remit,,,,PRIMARY,PRIDE LOGISTICS LLC,11800 South 75th Avenue,Suite 2W,Palos Heights,IL,60463,United States,rafal,(708) 671-2051,rafal@pridelogistics.com;rafal@pridelogistics.com
PRIME 360,Primary,,,,INVOICE,PRIME 360,3648 Morreim Drive,,Belvidere,IL,61008,United States,"Mark Marshon, Steven Devlieger",815-800-5124,MMershon@northwestpallet.com; sdevlieger@northwestpallet.com; cs@northwestpallet.com; ab@scrapmanagement.com
PRIME 360,Location,,,,ALDI - MORENO VALLEY,ALDI - Moreno Valley (CA),12261 Aldi Place,,Moreno Valley,CA,92555,United States,Housseman Aguirre,(815) 547–0319,HAguirre@prime360.com; wmadero@prime360.com; akusnierz@prime360.com
PRIME 360,Location,,,,"ALDI - OFALLON, MO",ALDI,475 Pearl Drive,,OFallon,MO,63366,United States,Alyssa DeLong,(815) 800-5193,ADeLong@prime360.com; Obill@prime360.com; akusnierz@prime360.com
PRIME 360,Location,,,,BELVIDERE PLANT,NORTHWEST PALLET SUPPLY,3648 Morreim Drive,,Belvidere,IL,61008,United States,Mark Mershon,,MMershon@northwestpallet.com; cs@northwestpallet.com
PRIME 360,Location,,,,"KELLER, TX",Kroger Distribution Center Warehouse,5801 Kroger Dr,,Keller,TX,76244,United States,Housseman Aguirre,(815) 800-5193,HAguirre@prime360.com; wmadero@prime360.com; akusnierz@prime360.com
PRIME 360,Location,,,,"MESQUITE, TX",FEDEX MESQUITE ZMES 755,5005 SAMUELL BLVD,,Mesquite,TX,75149,United States,Housseman Aguirre,(815) 547–0319,HAguirre@prime360.com; wmadero@prime360.com; akusnierz@prime360.com
NORTHWEST PALLET SUPPLY,Remit,,,,PRIMARY ADDRESS,NORTHWEST PALLET SUPPLY,PO BOX 208372,,DALLAS,TX,75320-8372,United States,,,
NORTHWEST PALLET SUPPLY,Location,,,,"WOODLAND, PA",PRIME 360,553 Independent Rd,,Woodland,PA,16881,United States,Housseman Aguirre,(815) 547–0319,HAguirre@prime360.com; wmadero@prime360.com; akusnierz@prime360.com
PRIME WOODCRAFT,Remit,,,,INVOICE,PRIME WOODCRAFT,1817 Kenosha Rd,,Zion,IL,60099,United States,JZ,(401) 572-1460,jz@primewoodcraft.com; john.sullivan@primewoodcraft.com; Cprokopy@primewoodcraft.com; ib@scrapmanagement.com; doug.codispoti@primewoodcraft.com
PRIME WOODCRAFT,Location,,,,Moreno Valley Aldi,MORENO VALLEY ALDI,12261 Aldi Place,,Moreno Valley,CA,92555,United States,,,
PRIME WOODCRAFT,Location,,,,WEST SALEM OH,PRIME WOODCRAFT,8619 Rainbow Highway,,West Salem,OH,44287,United States,,,
PRIORITY RECYCLING,Inv/Remit,,,,REMIT TO,PRIORITY RECYCLING,1499 Sheffield Drive,,Avon,IN,46123,United States,Jim Byers,(574) 849-8759,jbyers80@comcast.net;jbyers80@comcast.net
PRIORITY RECYCLING,Location,,,,AJS RECYCLING - BARNEY RD,AJs RECYCLING,2828 Barney Rd,,Kalamazoo,MI,49004,United States,Andy Johnson,269-806-2406,
PRIORITY RECYCLING,Location,,,,AJS RECYCLING - KILGORE ROAD,AJs RECYCLING,3111 East Kilgore Road,,Kalamazoo,MI,49001-5519,United States,Andy Johnson,(269) 349-2681,
PRIORITY RECYCLING,Location,,,,ARROTIN,PRIORITY RECYCLING,15021 Edgerton Rd,,New Haven,IN,46774,United States,jbyers80,(260) 493-0032,jbyers80@comcast.net
PRIORITY RECYCLING,Location,,,,MIDWEST PLASTIC RECYCLING,MIDWEST PLASTIC RECYCLING,19925 M 205,,Edwardsburg,MI,49112,United States,jbyers80,(574) 849-8759,jbyers80@comcast.net
PRIORITY WAREHOUSE,Remit,,,,INVOICE,PRIORITY WAREHOUSE,1499 Sheffield Rd.,,Avon,IN,46123,United States,Jim Byers,(574) 849-8759,jbyers80@comcast.net
PRIORITY WAREHOUSE,Location,,,,AJS KILGORE ROAD,AJ's Recycling Kilgore Road,3111 East Kilgore Road,,Kalamazoo,MI,49001-5519,United States,jbyers80,(574) 849-8759,jbyers80@comcast.net
PRO PALLET LLC,Remit,,,,INVOICE,PRO PALLET LLC,1730 Butter Rd,,Dover,PA,17315,United States,Steve Hartman,717-292-5510,shartman@propalletllc.com; mschaffer@propalletllc.com; rp@scrapmanagement.com;
PRO PALLET SOUTH,Remit,,,,INVOICE,PRO PALLET SOUTH,105 Poole Rd,,Troy,NC,27371,United States,Mark Collare,(910) 576-4902,pro_pallet_south@yahoo.com
PROGRESS PALLET INC,Remit,,,,INVOICE,PROGRESS PALLET INC,98 West Grove St,,Middleboro,MA,2346,United States,Paul Shaughnessy,508-923-1930,pjshaughnessy@progresspallet.com; rp@scrapmanagement.com
PROGRESSIVE RECYCLING SOLUTIONS,Remit,,,,INVOICE,PROGRESSIVE RECYCLING SOLUTIONS,112 Quality Drive,,Richmond,KY,40475,United States,Ashley Reisig,859-779-5095,ashleyreisig@hotmail.com; abuyanovskiy@ucsincny.com
PROGRESSIVE RECYCLING SOLUTIONS,Location,,,,HORSE CAVE KY,PROGRESSIVE RECYCLING SOLUTIONS,310 Cherry Street,,Horse Cave,KY,42749,United States,Ashley Reisig,859-779-5095,ashleyreisig@hotmail.com; abuyanovskiy@ucsincny.com
PURECYCLE TECHNOLOGIES INC FEU,Inv/Remit,,,,INVOICE,PURECYCLE TECHNOLOGIES INC FEU,925 County Rd 1A,,Ironton,OH,45638,United States,Kara,(407) 968-7171,ctalarek@purecycle.com; GCook@Purecycle.com; KViademonte@Purecycle.com; dross@purecycle.com; ib@scrapmanagement.com
PURECYCLE TECHNOLOGIES INC FEU,Location,,,,BELLEFONTAINE OH - ARCH POLYMERS,ARCH POLYMERS - FOR PURECYCLE,300 Progress Way,,Bellefontaine,OH,43311,United States,,,
PURECYCLE TECHNOLOGIES INC FEU,Location,,,,"WAVERLY, OH - GRINDING FACILITY",PIKE PLASTICS RECYCLING,479 Industrial Park Dr,,Waverly,OH,45661,United States,Chris Talarek,,ctalarek@purecycle.com
PYTHONS OF ST CLOUD INC,Inv/Remit,,,,INVOICE,PYTHONS OF ST CLOUD INC,PO BOX 6175,,St Cloud,MN,56302,United States,Tom Grushka,(320) 253-2054,pythons550@aol.com; ab@scrapmanagement.com
PYTHONS OF ST CLOUD INC,Location,,,,ST CLOUD,PYTHONS OF ST CLOUD INC,550 4 1/2 St. NE,,St Cloud,MN,56304,United States,,,
PYTHONS OF ST CLOUD INC,Location,,,,"THIEF RIVER FALLS, MN",Les' Sanitation,1345 Hwy 32 South,,Thief River Falls,MN,56701,United States,Jerry or Tracy,218-681-7312,
QRH POLYMERS,Remit,,,,INVOICE,QRH POLYMERS,400 Island Park Rd,Bldg 28,Easton,PA,18042,United States,Scott Buttler,484-894-7493,scorr@qrhpolymers.com; rp@scrapmanagement.com
QUEST TRANSPORTATION,Remit,,,,INVOICE,QUEST TRANSPORTATION,2280 Memorial Drive,PO Box 247,Saint Johnsbury,VT,05819-0247,United States,Veronica Robillard,800.320.2013 xt 118,vrobillard@questtrans.com
QUINCY RECYCLE PAPER,Remit,,,,INVOICE,QUINCY RECYCLE PAPER,526 South 6th,,Quincy,IL,62301,United States,Jimmy Dresser,317-268-2280,jdresser@quincyrecycle.com
QUINCY RECYCLE PAPER,Location,,,,ALSIP,QUINCY RECYCLE PAPER,12313 South Lombard Lane,,Alsip,IL,60803,United States,John Danker,(708) 388-2362,JDanker@quincyrecycle.com; hmalak@quincyrecycle.com; yk@ucsincny.com; JDeBoer@quincyrecycle.com
QUINCY RECYCLE PAPER,Location,,,,"BRIDGETON, MO",QUINCY RECYCLE PAPER,3930 Taussig Road,,Bridgeton,MO,63044,United States,Chad Hoener  Randy Bluhm,(314) 344-8898,choener@quincyrecycle.com; RBluhm@quincyrecycle.com; yklevtsov@ucsincny.com
QUINCY RECYCLE PAPER,Location,,,,Indianapolis,QUINCY RECYCLE PAPER,258 South Kittley Ave,,Indianapolis,IN,46219,United States,Amanda Carney,,acarney@quincyrecycle.com
QUINCY RECYCLE PAPER,Location,,,,NEW HAVEN,QUINCY RECYCLE PAPER,2210 Summit Drive,,New Haven,IN,46774,United States,Carol O'Connell Michael Eric,(260) 748-2560,MMalloy@quincyrecycle.com; coconnell@quincyrecycle.com; ESavage@quincyrecycle.com; yk@ucsincny.com
R3CYCLE INDUSTRIES LLC,Inv/Remit,,,,INVOICE,R3CYCLE INDUSTRIES LLC,4417 Helms Rd,,Waxhaw,NC,28173,United States,Julian Ochoa,404-754-4499,julian.ochoa@r3cind.com; ib@scrapmanagement.com
RAFF RECYCLING CORPORATION,Inv/Remit,,,,PRIMARY,RAFF RECYCLING CORPORATION,PO BOX 1,209 GOSHEN ROAD,CAPE MAY COURT HOUSE,NJ,8210,United States,Steve Luterri,(609) 465-7406,raffs@comcast.net;raffs@comcast.net
RAM - RECOVERED ASSET MANAGEMENT,Remit,,,,INVOICE,RAM - RECOVERED ASSET MANAGEMENT,16400 S. Lathrop,,Harvey,IL,60426,United States,Jeffrey Weingartner,708-331-6711,jeffweingartner@ramrecycling.com; ab@scrapmanagement.com
RAMS RECYCLING AND CONTAINER SERVICES INC,Remit,,,,INVOICE,RUSSELL A MORELLO & SONS INC,18 Maple Street,,Conshohocken,PA,19428,United States,Russel / Fran,(610) 828-1612,ramrecycle@aol.com; rp@scrapmanagement.com
RANDY'S ENVIRONMENTAL SERVICES,Remit,,,,INVOICE,RANDY'S ENVIRONMENTAL SERVICES,PO Box 169,,Delano,MN,55328,United States,Andy Roskowiak,(763) 972-3335,ARoskowiak@randyssanitation.com; sales2@scrapmanagement.com
RANDY'S ENVIRONMENTAL SERVICES,Location,,,,PRIMARY ADDRESS,RANDY'S ENVIRONMENTAL SERVICES,4351 US-12,,Delano,MN,55328,United States,,,
RANDY'S RECYCLING,Remit,,,,INVOICE,RANDY'S RECYCLING,87 Hwy 3016,,Cynthiana,KY,41031,United States,Randy,(859) 234-5930,randysoddjobs@gmail.com
RAPAC LP,Invoice,,,,INVOICE,RAPAC LP,65 Industrial Park Rd,,Oakland,TN,38060,United States,David Wilson,901-466-7506,david.wilson@rapac.com; ibeylin@ucsincny.com
RAPID RECYCLING,Remit,,,,INVOICE,RAPID RECYCLING,5 Brower Ave,,Oaks,PA,19456,United States,Lou Spera & Vito Atruglio,610-650-0737,lspera@rapidrecycling.com; vatruglio@rapidrecycling.com; rp@scrapmanagement.com
RDS,Inv/Remit,,,,PRIMARY,RDS,PO Box 5569,,Virginia Beach,VA,23471,United States,Todd Antonick,(540) 400-6410,toddantonick@rds-virginia.com
RDS,Location,,,,3325 FREDERICK BLVD,RDS,3325 Frederick Blvd.,,Portsmouth,VA,23704,United States,Todd Antonick,540-400-6410,toddantonick@rds-virginia.com
REBOXCO INTERNATIONAL LLC,Inv/Remit,,,,INVOICE,REBOXCO INTERNATIONAL LLC,10645 N Tatum Blvd Suite 200-443,,PHOENIX,AZ,85028,United States,Ben Weinstein,,ben.weinstein@reboxcointl.com
REBOXCO INTERNATIONAL LLC,Location,,,,HALTOM CITY TX,REBOXCO INTERNATIONAL LLC,4325 Murray Ave,,Haltom City,TX,76117,United States,Ben Weinstein,,ben.weinstein@reboxcointl.com;ben.weinstein@reboxcointl.com
RECOLOGY,Remit,,,,INVOICE,RECOLOGY,PO Box 888172,,Los Angeles,CA,90088-8172,United States,Bo Duong,(415) 401-1048,BDuong@recology.com; avillalobos@recology.com; ib@scrapmanagement.com; TMiranda@recology.com; DChand@recology.com
RECOLOGY,Location,,,,DAVIS CA,RECOLOGY,2727 2nd St,,Davis,CA,95618,United States,Ana Villalobos,(530) 756-4646,avillalobos@recology.com; BDuong@recology.com; ib@scrapmanagement.com
RECOLOGY,Location,,,,GALT CA,RECOLOGY,175 Enterprise Ct,Suite A,Galt,CA,95632,United States,Ana Villalobos,530-300-6868,avillalobos@recology.com; BDuong@recology.com; ib@scrapmanagement.com
RECOLOGY,Location,,,,NORTECH WASTE,NORTECH WASTE,3033 Fiddyment Road,,Roseville,CA,95747,United States,Ana Villalobos,415.401.1048,BDuong@recology.com; avillalobos@recology.com; ib@scrapmanagement.com
RECOLOGY,Location,,,,SAN FRANCISCO CA (PIER 96),RECOLOGY,"Pier 96, Foot of Cargo & Jennings",,San Francisco,CA,94124,United States,Bo Duong,(415) 401-7950,BDuong@recology.com;Jbaker@recology.com; JChow@recology.com; DChand@recology.com; avillalobos@recology.com; ib@scrapmanagement.com
RECOLOGY,Location,,,,SANTA ROSA CA,RECOLOGY,3417 Standish Ave,,Santa Rosa,CA,95407,United States,Ana Villalobos,(707) 586-8297,avillalobos@recology.com; BDuong@Recology.com; avillalobos@recology.com; ib@scrapmanagement.com;Ali@recology.com; BDuong@Recology.com; ib@scrapmanagement.com
RECOLOGY,Location,,,,SEATTLE WA,RECOLOGY,7 S Idaho St,,Seattle,WA,98134,United States,Lyle Crowley,(206) 519-9829,"BDuong@recology.com; avillalobos@recology.com;LCrowley@recology.com; Jjohnson2@recology.com; MRut@recology.com, ib@scrapmanagement.com; Jjohnson2@recology.com; Akhamarkhanova@recology.com"
RECOLOGY,Location,,,,VALLEJO CA,RECOLOGY,2021 Broadway,,Vallejo,CA,94589,United States,Nicci Gutierrez,707-556-1829,BDuong@recology.com; NGutierrez@recology.com; llefebvre@recology.com; avillalobos@recology.com; ib@scrapmanagement.com
RECOLOGY,Location,,,,YUBA SUTTER CA,RECOLOGY YUBA-SUTTER,3001 N Levee Rd,,Marysville,CA,95901,United States,John Baadsgaard,530-682-6697,BDuong@recology.com; Jbaadsgaard@recoloy.com; ib@scrapmanagement.com; avillalobos@recology.com;
RECOMMUNITY CORP,Remit,,,,INVOICE,RECOMMUNITY CORP,PO Box 603031,,Charlotte,NC,28260,United States,Paul ODonnell,(704) 379-0600,PO'donnell@republicservices.com; rpereira@ucsincny.com
RECOMMUNITY CORP,Location,,,,"MINE HILL, NJ",REPUBLIC SERVICES,103 Iron Mountain Road,,Mine Hill,NJ,7803,United States,,,
RECOMMUNITY CORP,Location,,,,NEW CASTLE DE,RECOMMUNITY CORP,1101 Lambsons Lane,,New Castle,DE,19720,United States,,,
RECOMMUNITY CORP,Location,,,,RECOMMUNITY - ATHENS,RECOMMUNITY CORP,699 Hancock Industrial Way,,Athens,GA,30605,United States,Paul O'Donnell,(704) 379-0600,PO'donnell@republicservices.com
RECOMMUNITY CORP,Location,,,,RECOMMUNITY - CAMDEN,RECOMMUNITY CORP,2201 Mt. Ephraim Ave.,,Camden,NJ,8104,United States,Paul O'Donnell,(704) 379-0600,PO'donnell@republicservices.com;  rpereira@ucsincny.com
RECOVER USA,Inv/Remit,,,,INVOICE,RECOVER USA,191 Clear Springs Ct,,Greer,SC,29651,United States,Chris Gravette,(864) 334- 3212,ChrisGravette@recoverusa.com; ib@scrapmanagement.com
RECOVER USA,Location,,,,"GREER, SC",RECOVER INC,191 Clear Springs Court,,Greer,SC,29651,United States,,,
RECYCLABLE MATERIALS MARKETING,Inv/Remit,,,,INVOICE,RECYCLABLE MATERIALS MARKETING,,,,,,United States,Sam Hill,519-859-6989,sam@remm.ca; ib@ucsincny.com
RECYCLE 1,Inv/Remit,,,,INVOICE,RECYCLE 1,3209 S 36th St,,Phoenix,AZ,85040,United States,Michael Lipton,602-220-9200,mlipton@recycle1az.com; ib@ucsincny.com
RECYCLE CORP,Inv/Remit,,,,INVOICE,RECYCLE CORP,15300 Minnetonka Industrial Road,,Minnetonnka,MN,55345,United States,Deveion Buckner,(763)270-5765,deveion@recyclingcorp.net; abuyanovskiy@ucsincny.com
RECYCLE CORP,Location,,,,DELIVERY ADDRESS,STATS INTERNATIONAL,15300 Minnetonka Industrial,,Minnetonnka,MN,55345,United States,,,
RECYCLE SOLUTIONS,Inv/Remit,,,,PRIMARY,RECYCLE SOLUTIONS,1054 KANSAS STREET,,MEMPHIS,TN,38106,United States,Mark Huber,(901) 948-9500,rdeyoung@recyclesolutions.net;rdeyoung@recyclesolutions.net
RECYCLE SOLUTIONS WAREHOUSE,Inv/Remit,,,,INVOICE,RECYCLE SOLUTIONS,1054 KANSAS STREET,,MEMPHIS,TN,38106,United States,Mark Huber,(901) 948-9500,rdeyoung@recyclesolutions.net
RECYCLEFORCE,Inv/Remit,,,,INVOICE,RECYCLEFORCE,"1125 Brookside Ave, Suite D12",,Indianapolis,IN,46202,United States,Andrew King,(317) 532-1367,aking@recycleforce.org; lm@scrapmanagement.com
RECYCLEFORCE WAREHOUSE,Remit,,,,WAREHOUSE,RECYCLEFORCE,"1125 Brookside Ave, Suite D12",,Indianapolis,IN,46202,United States,Andrew King,(317) 532-1367,aking@recycleforce.org;wcarabano@ucsincny.com;aking@recycleforce.org;wcarabano@ucsincny.com
RECYCLE-IT LLC,Inv/Remit,,,,INVOICE,RECYCLE-IT LLC,19100 Holland Road,,Brook Park,OH,44142,United States,Cory Osad,(216) 849-8287,Cory.Osad@recycleit.net; aa@ucsincny.com
RECYCLE-IT WAREHOUSE,Remit,,,,INVOICE,RECYCLE-IT WAREHOUSE,19100 Holland Road,,Brook Park,OH,44142,United States,Alan Rego,(216) 849-8287,
RECYCLING & WASTE REDUCTION,Remit,,,,INVOICE,RECYCLING & WASTE REDUCTION,2812 North Nichols Street,,Ft Worth,TX,86106,United States,Denise Hargrove,(817) 236-1008,dhargrove@rwrwaste.com
RECYCLING ASSOCIATES,Remit,,,,INVOICE,RECYCLING ASSOCIATES,2424 Norwood St SW,,Lenoir,NC,28645,United States,Joe Miceli,(828) 346-8651,joe@recyclingassoc.com; ib@scrapmanagement.com
RECYCLING ASSOCIATES INC,Remit,,,,INVOICE,RECYCLING ASSOCIATES INC,1 Whipple St,,Nashua,NH,3060,United States,Dorsey Mears,(978) 735-3011,DORSEY@RECYCLINGASSOCIATES.COM; christine@recyclingassociates.com; dispatch@recyclingassociates.com; rp@scrapmanagement.com
RECYCLING ASSOCIATES INC,Location,,,,"GILFORD, NH",Town of Gilford,150 Kimball Road,,Gilford,NH,3249,United States,Bruce,(603) 293-0220,dispatch@recyclingassociates.com;dispatch@recyclingassociates.com
RECYCLING ASSOCIATES INC,Location,,,,"NEW BOSTON, NH",TOWN OF NEW BOSTON TRANSFER STATION,412 Old Coach Road,,New Boston,NH,3070,United States,,,
RECYCLING ASSOCIATES LLC,Remit,,,,INVOICE,RECYCLING ASSOCIATES LLC,2424 Norwood St SW,,Lenoir,NC,28645,United States,Joseph Miceli,828-346-8668,recyclingassoc@gmail.com; rpereira@ucsincny.com&gt;
RECYCLING CONCEPTS INC,Remit,,,,INVOICE,RECYCLING CONCEPTS INC,5015 52nd St.,,Grand Rapids,MI,49512-9638,United States,Tim White,(616) 942-8888,timw@recyclingconceptsmi.com; ib@scrapmanagement.com
RECYCLING MANAGEMENT RESOURCES,Inv/Remit,,,,PRIMARY,RECYCLING MANAGEMENT RESOURCES,20 Hook Mountain Road,PO Box 701,Pine Brook,NJ,7058,United States,,,
RECYCLING MANAGEMENT RESOURCES,Location,,,,HIGH POINT,RECYCLING MANAGEMENT RESOURCES -  NJ,2325 E Kivett Dr.,,High Point,NC,27260,United States,,,
RECYCLING MANAGEMENT RESOURCES,Location,,,,LOUISVILLE,RECYCLING MANAGEMENT RESOURCES -  NJ,541 Industry Rd Suite 480,,Louisville,KY,40208,United States,Matt Winkler,973-808-8255,mwinkler@recyclingmr.com
RECYCLING MANAGEMENT RESOURCES,Location,,,,RALEIGH,RECYCLING MANAGEMENT RESOURCES -  NJ,1505 South Blount Street,,Raleigh,NC,27603,United States,,,
RECYCLING RECOVERY,Remit,,,,INVOICE,RECYCLING RECOVERY,291 N Broadway,,Peru,IN,46970,United States,Mike Rorvik,(765) 776-2504,mrorvik64@gmail.com
RECYCLING SERVICES OF FLORIDA INC,Remit,,,,INVOICE,RECYCLING SERVICES OF FLORIDA INC,2401 South Laflin Street,,Chicago,IL,60608,United States,Larry Dalla Betta,727-573-9150,ldallabetta@recyclingit.com; mwhitmarsh@recyclingit.com; ib@scrapmanagement.com
RECYCLING SERVICES OF FLORIDA INC,Location,,,,"BROOKSVILLE, FL","RECYCLING SERVICES OF FLORIDA, INC",14450 Landfill Road,,Brooksville,FL,34614,United States,Michael Whitmarsh,,mwhitmarsh@recyclingit.com
RECYCLING SERVICES OF FLORIDA INC,Location,,,,"CLEARWATER, FL","RECYCLING SERVICES OF FLORIDA, INC",3560 126 Avenue North,,Clearwater,FL,33762,United States,Larry Dellabatta,,727-366-3380
RECYCLING SERVICES OF FLORIDA INC,Location,,,,"ZELLWOOD, FL","RECYCLING SERVICES OF FLORIDA, INC",6161 Jones Ave.,,Zellwood,FL,32798,United States,Vicki Galioto,407-296-6397,vgalioto@recyclingit.com;vgalioto@recyclingit.com
RECYCLING TECHNOLOGY CONSULTANTS,Invoice,,,,INVOICE,RECYCLING TECHNOLOGY CONSULTANTS,3635 TRAILMOBILE DRIVE,,Houston,TX,77013,United States,David McLawhorn,,david@rtcplastics.com; Logistics@rtcplastics.com
RECYCLING TECHNOLOGY CONSULTANTS,Remit,,,,PRIMARY ADDRESS,RECYCLING TECHNOLOGY CONSULTANTS,29719 Castle RD,,Waller,TX,77484,United States,,,
RECYCLING TECHNOLOGY CONSULTANTS,Location,,,,WALLER TX,RECYCLING TECHNOLOGY CONSULTANTS,29719 Castle Rd,,Waller,TX,77484,United States,,,
RECYCLING WORKS INC,Inv/Remit,,,,INVOICE,RECYCLING WORKS INC,P.O. Box 1492,605 Mason Street,Elkhart,IN,46515-1492,United States,Lissie Schell,(574) 606-2117,Lissie.Schell@wasteawaygroup.com; sa@scrapmanagement.com
RECYCLING WORKS INC,Location,,,,ELKHART IN,"RECYCLING WORKS, INC.",605 Mason Street,,Elkhart,IN,46515-1492,United States,Lissie Schell,(574) 606-2117,Lissie.Schell@wasteawaygroup.com
RECYCLING WORKS INC,Location,,,,WAREHOUSE,"RECYCLING WORKS, INC.",2608 Almac Ct,,Elkhart,IN,46514,United States,,,
REDWOOD MULTIMODAL,Remit,,,,INVOICE,TRANSPORTATION SOLUTIONS GROUP LLC,32433 Collections Center Drive,,Chicago,IL,60693,United States,Stacy Bazigos,312.698.9631,sbazigos@redwoodmultimodal.com
RE-GEN INC,Remit,,,,INVOICE,RE-GEN INC,221 Hwy 20 C,,Middlebury,IN,46540,United States,(574) 358-0240,(574) 536- 6733,marty@re-geninc.com; sa@scrapmanagement.com
REGENEX,Inv/Remit,,,,INVOICE,REGENEX,P.O Box 608,West Middlesex,,PA,16159,United States,Dan Berent,724-528-5900,berent@regenex.com
REHRIG PACIFIC COMPANY,Remit,,,,INVOICE,REHRIG PACIFIC COMPANY,4010 East 26th Street,,Los Angeles,CA,90058,United States,Scott Fredrickson,(800) 421-6244,SFredrickson@rehrig.com; ib@scrapmanagement.com
REHRIG PACIFIC COMPANY,Location,,,,"PICK-UP LOCATION, PETERSBURG VA",Rehrig Penn Logistics LLC,25410 Weakley Rd,,Petersburg,VA,23803,United States,,,
RELIABLE TRANSPORTATION SOLUTIONS,Remit,,,,INVOICE,RELIABLE TRANSPORTATION SOLUTIONS,463 OHIO PIKE,SUITE 302,CINCINNATI,OH,45255,United States,Logan Hayslip,937-378-2700,lhayslip@relyonrts.com
REMM GROUP,Remit,,,,INVOICE,RECYCLABLE MATERIALS MARKETING,217 Terrace Hill Street,Suite B10,Brantford,ON,N3R 1G8,United States,Patti Thompson,850-676-1802,patti@remm.ca; lm@scrapmanagement.com
REMM GROUP,Location,,,,"MARLETTE, MI",RIVERVIEW RECYCLING,6359 Euclid Street,,Marlette,MI,48453,United States,Tyler,989-671-7453,
REPCO SERVICES LLC,Inv/Remit,,,,INVOICE,REPCO SERVICES LLC,7491 N. FEDERAL HWY,SUITE C5 #313,Boca Raton,FL,33487,United States,Jason Thier,561-423-2222,jason@repcollc.com; jenni@repcollc.com; kris@repcollc.com
REPCO SERVICES LLC,Location,,,,"Brownfield, TX",Birdsong Peanuts,1564 County Rd 474,,Brownfield,TX,79316,United States,,,
REPCO WAREHOUSE,Remit,,,,INVOICE,REPCO WAREHOUSE,,,,,,United States,,,
REPUBLIC SERVICES - JAX,Remit,,,,INVOICE,REPUBLIC SERVICES INC,REPUBLIC SVS RECYCLING CTR -3611,PO BOX 677839,Dallas,TX,75267-7839,United States,Jason Graves,610-265-8941,JGraves@republicservices.com; rp@scrapmanagement.com
REPUBLIC SERVICES - JAX,Location,,,,"JACKSONVILLE, FL",REPUBLIC SERVICES - JAX,7000 Imeson Road,,Jacksonville,FL,32219,United States,,,
REPUBLIC SERVICES INC,Remit,,,,INVOICE,REPUBLIC SERVICES INC,2733 3rd Avenue South,,Seattle,WA,98134,United States,John Caputo,206-336-1361,jcaputo@republicservices.com; ib@scrapmanagement.com
REPUBLIC SERVICES INC,Location,,,,ANAHEIM CA,CVT,1131 N Blue Gum St,,Anaheim,CA,92806,United States,,,
RESOURCE WASTE SERVICES LLC,Primary,,,,INVOICE,RESOURCE WASTE SERVICES LLC,159 Wolf Road,Suite 301,Albany,NY,12205,United States,David DeVito,603 894 9800,ddevito@resource-waste.com; dguilherme@resource-waste.com; dnmcmahon@resource-waste.com; rp@scrapmanagement.com
,Remit,,,,ALTERNATE ADDRESS,ReSOURCE WASTE SERVICES LLC,"159 Wolf Rd, Suite 301",,ALBANY,NY,12205,United States,,,
0,Location,,,,PRIMARY ADDRESS,ReENERGY RECYCLING OPERATIONS LLC,87 Lowell Road,,Salem,NH,3079,United States,,,
RE-TECK,Remit,,,,INVOICE,LI RISING LLC,902 Avenue T,Suite 100,Grand Prairie,TX,75050,United States,Nian Jin,214-988-7300,nian.jin@re-teck.com; ab@scrapmanagement.com
RETURN POLYMERS INC,Inv/Remit,,,,INVOICE,RETURN POLYMERS INC,400 Westlake Drive,,Ashland,OH,44805,United States,Perry Tanner,419-289-2757,supplychain@returnpolymers.com; Brandon.Martin@returnpolymers.com; Perry.Tanner@returnpolymers.com
RETURNABLE SERVICES,Remit,,,,PRIMARY,RETURNABLE SERVICES,150 Mount Vernon Ave,,Augusta,ME,4330,United States,Beth Milagen,(207) 623-2944,bethm@returnableservices.com;bethm@returnableservices.com
RETURNABLE SERVICES,Location,,,,"Portland, ME",RETURNABLE SERVICES,80 Pine Tree Industrial Parkway,,Portland,ME,4102,United States,,,
REVERSE RECYCLING,Remit,,,,INVOICE,REVERSE RECYCLING,74 Spring Street,,Southington,CT,6489,United States,Kevin Pelltier,860-426-1533,kpelletier@reverserecycling.com; rp@scrapmanagement.com
REVOLUTION COMPANY,Inv/Remit,,,,INVOICE,REVOLUTION COMPANY,P.O. Box 660367,,Dallas,TX,75266,United States,Stephanie Mallette,501.490.0395,smallette@revolutioncompany.com; dhampton@revolutioncompany.com; purchasing@revolutioncompany.com; mcook@revolutioncompany.com
REVOLUTION COMPANY,Location,,,,MESQUITE TX,REVOLUTION COMPANY,3328 Executive Blvd,,Mesquite,TX,75149,United States,Primary,972-216-3331,
REVOLUTION COMPANY,Location,,,,OAKDALE MN,REVOLUTION COMMERCIAL SOLUTIONS (MN),5301 Hadley Avenue North,,Oakdale,MN,55128,United States,Matt and Andrew,651-287-4109,Shipping-PLR@revolutioncompany.com;Shipping-PLR@revolutioncompany.com;Shipping-PLR@revolutioncompany.com;Shipping-PLR@revolutioncompany.com
REVOLUTION COMPANY,Location,,,,TERRE HAUTE IN,REVOLUTION COMPANY,300 N Fruitridge Ave A,,Terre Haute,IN,47803,United States,Jeff White,(812) 234-2724 ext 229,jwhite@revolutioncompany.com
REVOLUTION RECOVERY LLC,Inv/Remit,,,,INVOICE,REVOLUTION RECOVERY LLC,7333 Milnor St,,Philadelphia,PA,19136,United States,Adam,(215) 333-6505,adam@Revolutionrecovery.com; rp@ucsincny.com
REVOLUTION RECOVERY LLC,Location,,,,NEW CASTLE DE,"REVOLUTION RECOVERY, LLC",1101 Lambson Lane,,New Castle,DE,19720,United States,Nick,302-981-2399,nick@Revolutionrecovery.com; rp@ucsincny.com
RHB REMOVAL,Remit,,,,PRIMARY,RHB REMOVAL,53 Jionzo Rd.,,Milford,MA,1757,United States,Roy Benson,(508) 889-1844,royhbenson@rhbremoval.com
RHB REMOVAL,Location,,,,"Upton, MA",RHB REMOVAL,257 Milford St,,Upton,MA,1568,United States,royhbenson,(508) 634-0676,royhbenson@rhbremoval.com
RISE BUILDING PRODUCTS,Remit,,,,RISE BUILDING INVOICE,RISE BUILDING PRODUCTS,241 Mohr Dr,,Mankato,MN,56001,United States,Tim Schindle,(507) 340-8940,tim.schindle@risebuildingproducts.com
RIVER AND RAIL ENVIRONMENTAL,Remit,,,,INVOICE,RIVER AND RAIL ENVIRONMENTAL,425 S Saratoga St,,Suffolk,VA,23434,United States,Jason Rankin,(757) 632-8512,jrankinwwcd@gmail.com
RIVER CITY POLYMERS LLC,Invoice,,,,PRIMARY,RIVER CITY POLYMERS LLC,425 Enterprise Ave,,Wauseon,OH,43567,United States,Josh Atkinson,(419) 335-2355,jatkinson@rivercitypolymers.com;jatkinson@rivercitypolymers.com
RIVULIS,Remit,,,,INVOICE,RIVULIS,7545 Carroll Rd,,San Diego,CA,92121,United States,Ashley Terry,858-621-6479 x147,Ashley.Terry@Rivulis.com; ib@scrapmanagement.com
RIVULIS,Location,,,,"FRESNO, CA",Rivulis Irrigation,2851 E. Florence Ave,,Fresno,CA,93721,United States,Ashley Terry,858-621-6479 x147,Ashley.Terry@Rivulis.com; ib@scrapmanagement.com
RMR CENTRAL CAROLINA LLC,Inv/Remit,,,,INVOICE,RMR CENTRAL CAROLINA LLC,PO Box 69126,,Baltimore,MD,21264,United States,LOCATION SPECIFIC,(919) 900-1978,
RMR CENTRAL CAROLINA LLC,Location,,,,RMR - HIGH POINT,RMR - HIGH POINT,2325 E Kivett Dr.,,High Point,NC,27260,United States,Eric Dodd,336-884-7283,edodd@recyclingmr.com
RMR CENTRAL CAROLINA LLC,Location,,,,RMR - LOUISVILLE,RMR - LOUISVILLE,541 Industry Rd.- Suite 480,,Louisville,KY,40208,United States,Ben Mowry,502-657-1090,BMowry@recyclingmr.com
RMR CENTRAL CAROLINA LLC,Location,,,,RMR - PHILLY,RMR - PHILLY,7400 State Road,,Philadelphia,PA,19136,United States,Bob Walker,215-669-3186,bwalker@recyclingmr.com
RMR CENTRAL CAROLINA LLC,Location,,,,RMR - RALEIGH,RMR - RALEIGH,1505 South Blount Street,,Raleigh,NC,27603,United States,Ken Hartman,(919) 792-3999,khartman@greenlgx.com;pniver@recyclingmr.com;MHarman@recyclingmr.com
ROBERT WALLICK ASSOCIATES LLC,Inv/Remit,,,,INVOICE,ROBERT WALLICK ASSOCIATES LLC,531 Susan B Britt Ct,,Winter Garden,FL,34787,United States,Kerry Herzig,(407) 656-5060,kerry@rwarecycling.com; kerry.rwarecycle@gmail.com; ib@scrapmanagement.com
ROBERTS ENTERPRISES,Remit,,,,INVOICE,ROBERTS ENTERPRISES,144 Lee Drive,,Ellabell,GA,31308,United States,Rebekah Roberts,912-429-2690,rebekah.roberts0713@gmail.com; sandra.roberts1147@gmail.com; ab@scrapmanagement.com
ROBERTS ENTERPRISES,Location,,,,POOLER GA,Cosco Logistics for Roberts Enterprises,5250 Old Louisville Rd,,Pooler,GA,31308,United States,David Weil,912-964-7750,
ROHN INDUSTRIES,Remit,,,,INVOICE,ROHN INDUSTRIES,6301 Old Shakopee Rd,,Bloomington,MN,55438,United States,Mike Mikula,(651) 294-2185,Mike@rohnind.com; ib@scrapmanagement.com
ROLL ON TRANSPORTATION,Remit,,,,INVOICE,ROLL ON TRANSPORTATION,PO Box 12061,,Parkville,MO,64152,United States,Justin Kelly,(816) 505-1920,jkelly@rollonindustries.com
ROTO POLYMERS,Inv/Remit,,,,INVOICE,ROTO POLYMERS,26210 Emery Rd.,Suite 202,Warrensville Hts.,OH,44128,United States,Abel Arredondo,(216) 591-0175,abel.arredondo@polimers.com
ROTO POLYMERS,Location,,,,"MILLEN, GA",ROTO POLYMERS,3014 Industrial Park Rd.,,Millen,GA,30442,United States,Abel Arredondo,(478) 217-5266,abel.arredondo@polimers.com
ROWAN COUNTY,Inv/Remit,,,,INVOICE,ROWAN COUNTY,PO Box 430,,East Spencer,NC,28039,United States,Caleb Sinclair,(704) 216- 8606,caleb.sinclair@rowancountync.gov; ib@scrapmanagement.com
ROWAN COUNTY,Location,,,,"SALISBURY, NC",ROWAN COUNTY,1102 N Long St. Extension,,Salisbury,NC,28144,United States,,,
RPM RECYCLING,Inv/Remit,,,,INVOICE,RPM RECYCLING,2037 W Summit Ave,,San Antonio,TX,78201,United States,Zach Walter,210-612-1162,lynn@rpm-recycling.com; zwalter@rpm-recycling.com; ib@ucsincny.com; abuyanovskiy@ucsincny.com
RPM RECYCLING,Location,,,,"ACE PLASTIC, IL",ACE PLASTIC,7942 North 3350 East Rd,,Chatsworth,IL,60921,United States,Zach Walter,,
RPM RECYCLING,Location,,,,"CLIFTON, NJ",RJ Evercrest,220 Clifton Ave,,Clifton,NJ,7011,United States,,,
RTS SOLUTIONS LLC,Remit,,,,INVOICE,RTS SOLUTIONS LLC,96 American Dr.,Ste 100A,Jackson,TN,38301,United States,Clint White,704-213-5568,cwhite@rssolutions.com; aa@scrapmanagement.com
RUG PAD USA,Remit,,,,INVOICE,RUG PAD USA,100 Marketing Drive,,Suffield,CT,6078,United States,Tom Voccola,203-395-4230,tom.voccola@rugpadusa.com; rp@scrapmanagement.com
RUMPKE RECYCLING,Inv/Remit,,,,INVOICE,RUMPKE RECYCLING,PO Box 538710,,Cincinnati,OH,45253,United States,Rich Simon,(513) 242-4600,rich.simon@rumpke.com; ib@ucsincny.com
RUMPKE RECYCLING,Location,,,,PICK UP ADDRESS - CINCI,RUMPKE RECYCLING,5535 Vine Street,,Cincinnati,OH,45217,United States,Rich Simon,(888) 786-7531,rich.simon@rumpke.com
RUMPKE RECYCLING,Location,,,,PICK UP ADDRESS - COLUMBUS,RUMPKE RECYCLING,1191 Fields Avenue,,Columbus,OH,43201,United States,Rich Simon,(888) 786-7531,rich.simon@rumpke.com
RUNNING OX LOGISTICS,Primary,,,,INVOICE,RUNNING OX LOGISTICS,,,,,,United States,Braylan Herring,910-247-2781,Braylan@roxlogistics.com
RUNNING OX LOGISTICS,Remit,,,,PRIMARY ADDRESS,RUNNING OX LOGISTICS,Denim,PO Box 392797,"Pittsburgh,",PA,15251-9797,United States,,,
S&A PALLET RECYCLING,Inv/Remit,,,,INVOICE,S&A PALLET RECYCLING,55 Caven Point Ave,,Jersey City,NJ,7305,United States,Maynor Alvarado,201-423-8023,mynalvar3@gmail.com; aa@scrapmanagement.com
S&B PALLET CO,Inv/Remit,,,,INVOICE,S&B PALLET CO,24 Connerty Ct,,East Brunswick,NJ,8816,United States,Steve Mazza,(908) 756-3606,smazza@sbpallet.com; dritter@sbpallet.com; balcorn@sbpallet.com; aa@scrapmanagement.com
SA RECYCLING - IB,Remit,,,,INVOICE,SA RECYCLING,701 W. Hopocan Ave,,Barberton,OH,44203,United States,Chris Gerlitz,(330) 419-8123,cgerlitz@sarecycling.com; ib@scrapmanagement.com
SA RECYCLING LLC,Remit,,,,INVOICE,SA RECYCLING LLC,2411 N. Glassell Street,,Orange,CA,92865,United States,L Andrews,713- 832-2090,LAndrews@sarecycling.com; DRynearson@sarecycling.com; EAldrich@sarecycling.com
SA RECYCLING LLC,Location,,,,BIRMINGHAM AL,SA RECYCLING LLC,1620 Vanderbilt Rd,,Birmingham,AL,,United States,Patrick Nappi,(205) 328-4283,prnappi@gmail.com;prnappi@gmail.com;prnappi@gmail.com
SA RECYCLING LLC,Location,,,,HOUSTON TX - AFDS,American Fulfillment & Distribution Services,1302 Waugh Dr.,PMB# 554,Houston,TX,77019,United States,,,
SA RECYCLING LLC,Location,,,,"HOUSTON, TX",SA RECYCLING LLC,2160 Houston Harbor Blvd,,Houston,TX,77020,United States,Jocelyn,713-832-2090,
SACCO TRUCKING INC,Remit,,,,INVOICE,SACCO TRUCKING INC,2441 Renwick Street,,Oakland,CA,94601,United States,Jean Ng,(925) 523-3480,
SAM SERVICES LLC,Remit,,,,INVOICE,SAM SERVICES LLC,2 Mariners Cove,,Edgewater,NJ,7020,United States,Sonay Karamanci,917.780.7909,info@sam-sv.com
SAM SERVICES LLC,Location,,,,"WEST CALDWELL, NJ",SAM SERVICES LLC,15 Patton Drive,,West Caldwell,NJ,7006,United States,Sonay Karamanci,917.780.7909,info@sam-sv.com
SANCO SERVICES,Remit,,,,INVOICE,SANCO SERVICES,1044 West Washington Avenue,,Escondido,CA,92025,United States,Bob Hill,(760) 744-5615,rhill@edcodisposal.com; mecheveste@edcodisposal.com; scervantes@edcodisposal.com; lm@scrapmanagement.com
SANICO INC.,Remit,,,,PRIMARY,SANICO INC.,P.O. Box 176,,Delaware,NJ,7833,United States,Jerry Wells,(908) 475-3300,19084751185@maxemailsend.com;19084751185@maxemailsend.com
SANICO INC.,Location,,,,SANICO INC.,SANICO INC.,"5 Hutchinson Station Road,",,Phillipsburg,NJ,8865,United States,Jerry Wells,(908)475-3300,19084751185@maxemailsend.com
SARE PLASTICS,Remit,,,,INVOICE,SARE PLASTICS,14600 Commerce St. N.E.,,Alliance,OH,44601,United States,Mike Duriga,(330) 680- 4075,mduriga@sareplastics.com
SAVAGE LOGISTICS INC,Remit,,,,INVOICE,SAVAGE LOGISTICS INC,Dept 418,PO Box 30015,Salt Lake City,UT,84157,United States,"Glen Metros, Matthew Weininger",(800) 827-8527,GlenMetros@savagelogistics.com; MatthewWeininger@savagelogistics.com
SAVANNAH PALLETS,Inv/Remit,,,,INVOICE,SAVANNAH PALLETS,1610 Staley Ave,,Savannah,GA,31405,United States,Marcella Brown,(912) 965-9214,rpotw99@gmail.com; sales2@scrapmanagement.com
SAVE THAT STUFF INC,Remit,,,,INVOICE,SAVE THAT STUFF INC,PO Box 849510,,Boston,MA,02284-9510,United States,"Kathy Hogan, Brad Cole",617-241-9998,bcole@savethatstuff.com; khogan@savethatstuff.com; rp@scrapmanagement.com
SAVE THAT STUFF INC,Location,,,,CHARLESTOWN MA,SAVE THAT STUFF INC,200 Terminal St,,Charlestown,MA,2129,United States,"Kathy Hogan, Brad Cole",617-241-9998,bcole@savethatstuff.com; khogan@savethatstuff.com; rp@scrapmanagement.com
SAXON KOGER,Remit,,,,INVOICE,SAXON KOGER,4329 Crescent Springs Ct,,Lexington,KY,40515,United States,Saxon Koger,,saxon@somerset-recycling.com
SCHNEIDER LOGISTICS - GA,Remit,,,,PRIMARY,SCHNEIDER LOGISTICS - GA,2567 Paysphere Circle,,Chicago,IL,60674,United States,William Cameron,(920) 592-6899,CameronW@schneider.com;CameronW@schneider.com
SCHNEIDER NATIONAL INC,Remit,,,,PRIMARY,SCHNEIDER NATIONAL INC,2567 Paysphere Circle,,Chicago,IL,60674,United States,,,
SCHROEDERS PALLET SERVICE,Remit,,,,INVOICE,SCHROEDERS PALLET SERVICE,7333 S Lockwood Ave,,Bedford Park,IL,60638,United States,Dewain Schroeder,(708) 774-4553,dewain10@sbcglobal.net; lm@scrapmanagement.com
SCHROEDERS PALLET SERVICE,Location,,,,"BLUE ISLAND, IL",SCHROEDERS PALLET SERVICE,3500 S 127th St,,Blue Island,IL,60604,United States,Dewain Schroeder,,dewain10@sbcglobal.net
SCHUPAN RECYCLING,Inv/Remit,,,,INVOICE,SCHUPAN RECYCLING,2225 Glendenning Road,,Kalamazoo,MI,49001,United States,Nancy O'Connor,248.684.5903 x4612,noconnor@schupan.com
SCHUPAN RECYCLING,Location,,,,DC4 PLANT,SCHUPAN RECYCLING,HIGHWAY 431 NORTH,6920 LEWISBURG ROAD,RUSSELLVILLE,KY,42276,United States,,,
SCHUPAN RECYCLING,Location,,,,"GADSDEN, AL",TENNESSEE ALUMINUM PROCESSORS INC,205 SPURLINE DRIVE,,GADSDEN,AL,35903,United States,Daniel Emmerich,248.684.5903,demmerich@schupan.com;demmerich@schupan.com
SCHUPAN RECYCLING,Location,,,,REAL ALLOY RECYCLING INC,REAL ALLOY RECYCLING INC,805 GARDNER LANE,,Morgantown,KY,42261,United States,,,
SCOTT FARMS NURSERYS,Remit,,,,PRIMARY,SCOTT FARMS NURSERYS,1554 TANYARD RD,,SEWELL,NJ,8080,United States,aa,(856) 464-0530,aa@scrapmanagement.com
SCOTT PLASTICS INC,Invoice,,,,INVOICE,SCOTT PLASTICS INC,234 Dynatex Rd,,"Sunbright,",TN,37872,United States,Dan Scott,865-973-3067,dan@scottcomputers.com; manager@scottplasticsllc.com; officemgr@scottrecycling.com; manager@scottplasticsllc.com; ib@scrapmanagement.com
,Remit,,,,DANDRIDGE TN,SCOTT INDUSTRIES,835 Epco Drive,,Dandridge,TN,37725,United States,Dan Scott,,"dan@scottcomputers.com, manager@scottplasticsllc.com, officemgr@scottrecycling.com, hr@scottrecycling.com, whmgr@scottrecycling.com, jim@scottrecycling.com, ib@scrapmanagement.com"
0,Location,,,,"KNOXVILLE, TN",SCOTT COMPUTERS AND RECYCLING,5049 S National Dr,,Knoxville,TN,37914,United States,,,
0,Location,,,,"NEWPORT, TN",SCOTT COMPUTERS AND RECYCLING,131 Verner Ave,,Newport,TN,37821,United States,Brian,,manager@scottplasticsllc.com
0,Location,,,,"ONEIDA, TN",Scott Plastics,712 Industrial Lane,,Oneida,TN,37841,United States,Gary Raper,865-343-7123,dan@scottcomputers.com; manager@scottplasticsllc.com; officemgr@scottrecycling.com; manager@scottplasticsllc.com; ib@scrapmanagement.com
0,Location,,,,PRIMARY ADDRESS,SCOTT PLASTICS LLC,146 N Oakhill,,Louisville,TN,37777,United States,,,
0,Location,,,,"SUNBRIGHT, TN",SCOTT PLASTICS INC,234 Dynatex Rd,,Sunbright,TN,37872,United States,Dan Scott,865-973-3067,dan@scottcomputers.com
SCRAP MANAGEMENT,Inv/Remit,,,,INVOICE,SCRAP MANAGEMENT,1600 Matthews-Mint Hill Rd Suite E,,Matthews,NC,28105,United States,Igor Beylin,(704) 251-8889,ib@scrapmanagement.com
SCRAP MANAGEMENT,Location,,,,TLC WAREHOUSE,TLC WORLDWIDE LOGISTICS,550 S Industrial Park Rd,,Holly Springs,MS,38635,United States,,,
SCRAP MANAGEMENT SALISBURY WAREHOUSE,Remit,,,,INVOICE,SCRAP MANAGEMENT,1325 Litton Dr,,Salibury,NC,28147,United States,,,
SD POLYMERS LLC,Invoice,,,,INVOICE,SD POLYMERS LLC,600 Guy Paine Rd,Warehouse 5C,Macon,GA,31206,United States,Skylar Linto,478-285-6466,skylar@sdpolymers.net; Kayla@sdpolymers.net; lm@scrapmanagement.com
SDS LOGISTICS SERVICES,Remit,,,,PRIMARY,SDS LOGISTICS SERVICES,19 Colonial Drive,Suite 27,Youngstown,OH,44505,United States,Paul Kello,(330) 759-8066,paul.kello@sdslogistics.com;paul.kello@sdslogistics.com
SEAFRIGO,Remit,,,,INVOICE,SEAFRIGO,735 Dowd Ave,,Elizabeth,NJ,7201,United States,Robert Heim,908-438-3943,r.heim@seafrigo-usa.com; aa@scrapmanagement.com
SEAFRIGO,Location,,,,PICK UP ADDRESS,SEAFRIGO,900 Fairmount Ave,,Elizabeth,NJ,7201,United States,Robert Heim,908-438-3943,r.heim@seafrigo-usa.com; aa@scrapmanagement.com
SEAVIEW PLASTIC RECYCLING INC,Inv/Remit,,,,INVOICE,SEAVIEW PLASTIC RECYCLING INC,938 Crescent Avenue,,Bridgeport,CT,6607,United States,Joseph Cirillo,(203) 367-0070,joe@seaviewplasticrecycling.com
SEAVIEW PLASTIC RECYCLING INC,Location,,,,Delivery Address,SEAVIEW PLASTIC RECYCLING INC,63 Williston Street,,Bridgeport,CT,6607,United States,Jay Cirillo,(914) 920-2920,jay@seaviewplasticrecycling.com
SEEDBOX SOLUTION,Remit,,,,INVOICE,SEEDBOX SOLUTION,1761 N Dilleys Rd,Ste 107,Gurnee,IL,60031,United States,Cole Rieckenberg,,btatham@seedboxsolution.com; ColeR@seedboxsolution.com; quintin@seedboxsolution.com; chris@seedboxsolution.com; ib@scrapmanagement.com
SEEDBOX SOLUTION,Location,,,,"GOOD HOPE, IL",SEEDBOX SOLUTION,13150 IL-9,,Good Hope,IL,61438,United States,Cole Rieckenberg,,
SEEDBOX SOLUTION,Location,,,,"REMINGTON, IN",SEEDBOX SOLUTION,3507 W US 24,,Remington,IN,47977,United States,Cole Rieckenberg,,ColeR@seedboxsolution.com; quintin@seedboxsolution.com; btatham@seedboxsolution.com; jhansen@seedboxsolution.com; chris@seedboxsolution.com; ib@scrapmanagement.com
SELECT PALLETS OF EDISON,Inv/Remit,,,,INVOICE,SELECT PALLETS OF EDISON,71 Executive Dr,,Edison,NJ,8817,United States,Frank,(732) 287-8622,selectpallets@gmail.com; aakopyan@ucsincny.com
SERAPHIM PLASTICS LLC,Inv/Remit,,,,INVOICE,SERAPHIM PLASTICS LLC,3412 Jackson Ave,Suite 7,Memphis,TN,38122,United States,Mathew Zachariah,248.875.1106,matt@seraphimplastics.com
SERRAPRO INDUSTRIES,Inv/Remit,,,,INVOICE,SERRAPRO INDUSTRIES,105 S. Denny St.,,Indianapolis,IN,46201,United States,Mike Douglas,317-469-6678,michaeld19876@gmail.com; sa@scrapmanagement.com
SERVICE MATERIALS GROUP LLC,Remit,,,,INVOICE,SERVICE MATERIALS GROUP LLC,5516 Susan Dr,,Charlotte,NC,28215,United States,Dan Heidt,(704) 609-0627,smgdan5516@gmail.com; ib@scrapmanagement.com
SERVICE RECYCLING - JOPLIN WASTE PAPER,Remit,,,,INVOICE,SERVICE RECYCLING - JOPLIN WASTE PAPER,3178 N Kentucky Ave,,Joplin,MO,64801,United States,Kat Karr,(417) 385-3323,shipping@servicerecycling.com; sa@scrapmanagement.com
SERVICE RECYCLING - JOPLIN WASTE PAPER,Location,,,,SPRINGFIELD MO,JOPLIN WASTE PAPER,220 E. Chase St.,,Springfield,MD,65803,United States,Ava Boyer,(417) 624-9779,shipping@servicerecycling.net
SERYMAN PLASTICS,Invoice,,,,INVOICE,SERYMAN PLASTICS,2324 Paulson Road,,Turlock,CA,95380-9757,United States,Sergio Olide,(209) 241-0595,sergioolide@hotmail.com; wc@ucsinccy.com
SESSIONS PEANUTS,Remit,,,,INVOICE,SESSIONS PEANUTS,PO Box 311310,,Enterprise,AL,36331,United States,Drew Graves,1 (334) 393-0283,Dgraves@sessionspeanuts.net
SESSIONS PEANUTS,Location,,,,ENTERPRISE AL,SESSIONS PEANUTS,801 North Main Street,,Enterprise,AL,36330,United States,Drew Graves,334-393-0283,dgraves@sessionspeanuts.net
SHARK LOGISTICS INC,Remit,,,,INVOICE,SHARK LOGISTICS INC,PO BOX 42931,,Bakersfield,CA,93384,United States,Sage Dorsay,661-525-1310,sage@sharklogisticsinc.com
SHIPLY,Remit,,,,INVOICE,SHIPLY,600 N Broad Street,"Suite 5, #3290",Middletown,DE,19709,United States,,,
SHUMAN PLASTICS,Invoice,,,,INVOICE,SHUMAN PLASTICS,35 Neoga Street,,Depew,NY,14043,United States,Dan Shuman,(716) 685-2121,dshuman@shuman-plastics.com; amorehouse@shuman-plastics.com; ib@ucsincny.com
SI KOTE TECHNOLOGIES,Remit,,,,INVOICE,SI KOTE TECHNOLOGIES,3425 Denver Dr,,DENVER,NC,28037,United States,Trevor Donahue,704-906-0189,sikote@msn.com; rf@scrapmanagement.com; IB@SCRAPMANAGEMENT.COM
SIGMA RECYCLING INC,Inv/Remit,,,,INVOICE,SIGMA RECYCLING INC,5675 JIMMY CARTER BLVD,SUITE 598,NORCROSS,GA,GA,United States,Sanjay Bhura Ravi Sharma,1.678-961-0884,sanjay.b@srinc.us.com; rks@srinc.us.com; ib@ucsincny.com
SILON US LLC,Inv/Remit,,,,INVOICE,SILON US LLC,101 Sierra Drive,,Peachtree City,GA,30269,United States,Thomas Salmon,,thomas.salmon@silonus.com; makayla.grimsley@silonus.com
SILVER PHOENIX LLC,Remit,,,,INVOICE,SILVER PHOENIX LLC,3010 Industrial Parkway East,,Knoxville,TN,37921,United States,Lon Rudnitsky,866-797-6638,lon@pyromet999.com; sa@scrapmanagement.com; tpride@uniteddms.com
SIN CERA RESALES INC,Inv/Remit,,,,INVOICE,SIN CERA RESALES INC,16738 Lakeshore Dr,Suite H157,Lake Elsinore,CA,92530,United States,Mike Armenta,951-409-1497,mike@sinceraplastics.com
SIN CERA RESALES INC,Location,,,,SAN DIEGO CA,HJM International Enterprises,9505 Airway Road,Suite 500 - Dock Doors 27-32,San Diego,CA,92154,United States,,,
SIWIN CORPORATION,Inv/Remit,,,,PRIMARY,SIWIN CORPORATION,1020 E. 230th Street,,Carson,CA,90745,United States,Flora,(310) 637-6688,Flora@siwin.com; ib@scrapmanagement.com; irvin_yan@yahoo.com; balvarez.verdeco@gmail.com;Flora@siwin.com; ib@scrapmanagement.com; irvin_yan@yahoo.com; balvarez.verdeco@gmail.com
SKAGIT RIVER STEEL & RECYCLING INC,Remit,,,,INVOICE,SKAGIT RIVER STEEL & RECYCLING INC,1265 S Anacortes St,,Burlington,,98233,United States,Todd Reynolds,(360) 757-6096,toddr@skagitriversteel.com; ib@scrapmanagement.com
SKY RECYCLING,Inv/Remit,,,,INVOICE,SKY RECYCLING,PO Box 34707,,Charlotte,NC,28234,United States,Doug Noznesky,(980) 322-5266,dnoz2004@bellsouth.net; ib@scrapmanagement.com
SKY RECYCLING,Location,,,,NEW LONDON NC,SKY RECYCLING,44017 US-52,,New London,NC,28127,United States,Doug Noznesky,(980) 322-5266,dnoz2004@bellsouth.net; ib@scrapmanagement.com;dnoz2004@bellsouth.net; ib@scrapmanagement.com
SKY RECYCLING,Location,,,,ROZZELES FERRY RD,SKY RECYCLING,4820 Rozzelles Ferry Rd,,Charlotte,NC,28216,United States,Doug,(980) 322-5266,dnoz2004@bellsouth.net; ib@scrapmanagement.com
SKY RECYCLING,Location,,,,"STANLEY, NC",SKY RECYCLING,1250 Mac Lane,,Stanley,NC,28164,United States,Doug Noznesky,(980) 322-5266,dnoz2004@bellsouth.net; ib@scrapmanagement.com;dnoz2004@bellsouth.net; ib@scrapmanagement.com
SKY RECYCLING,Location,,,,TERRE HAUTE IN,REVOLUTION COMPANY,300 N Fruitridge,,Terre Haute,IN,47803,United States,John Volk,(812) 239-8919,
SMART 3PL INC,Inv/Remit,,,,INVOICE,SMART 3PL INC,12903 Jurupa Ave,Suite B,Fontana,CA,92337,United States,Raul Pairo,(909) 213-8058,raul@smart3plgroup.com; alexsotor3@gmail.com; ib@scrapmanagement.com
SNF HOLDING COMPANY,Inv/Remit,,,,INVOICE,SNF HOLDING COMPANY,1 Chemical Plant Road,,Riceboro,GA,31323,United States,Johnny Rowe,(912) 880-8015,jrowe@snf.com; ib@scrapmanagement.com
SNF HOLDING COMPANY,Location,,,,PLAQUEMINE LA,SNF Flopam,26790 LA-405,,Plaquemine,LA,70764,United States,,,
SOARING EAGLE MATERIAL CO,Inv/Remit,,,,INVOICE,SOARING EAGLE MATERIAL CO,,,,,,United States,Alex Mumm,,alex@eagleplasticsco.com;
SOFRESH INC,Remit,,,,INVOICE,SOFRESH INC,7910 Lehigh Crossing Rd,Suite 3,Victor,NY,14564,United States,Bill Belias,585-766-5463,bill@sofresh.com; lm@scrapmanagement.com
SOLA POLYMERS,Remit,,,,INVOICE,SOLA POLYMERS,8704 Nebraska Ave,,Toledo,OH,43617,United States,Isaiah John Bevier,419-442-1562,john@solapolymers.com
SOLID WASTE AUTHORITY,Remit,,,,INVOICE,SOLID WASTE AUTHORITY,5860 45th Street,,West Palm Beach,FL,33407,United States,Scott Reimer,(561) 640- 4000,"sreimer@swa.org, ib@scrapmanagement.com"
SOMERSET RECYCLING SERVICES LLC,Inv/Remit,,,,INVOICE,SOMERSET RECYCLING SERVICES LLC,PO Box 1348,,Somerset,KY,42502,United States,Nicole Brown,606-305-1697,Nicole@somerset-recycling.com
SOMERSET RECYCLING SERVICES LLC,Location,,,,DELIVERY ADDRESS,SOMERSET RECYCLING SERVICES,1 Recycle Way,,Somerset,KY,42503,United States,Logistics Department,,Logistics@Somerset-Recycling.com
SONCO WASTE SOLUTIONS LLC,Remit,,,,INVOICE,SONCO WASTE SOLUTIONS LLC,4997 Damascus Church Road,,Graceville,FL,32440,United States,Patti Thompson,850-676-1802,brianhauls@gmail.com; lm@scrapmanagement.com
SONCO WASTE SOLUTIONS LLC,Location,,,,"MARION, MI",Recor Transport,10030 S. Forward Street,,Marion,MI,49665,United States,Patti Thompson,850-676-1802,brianhauls@gmail.com
SOUTH BAY RECYCLING LLC,Remit,,,,INVOICE,SOUTH BAY RECYCLING LLC,333 Shoreway Road,,San Carlos,CA,94070,United States,Patricia Luna,650-596-2301,PLuna@sbrecycling.net;rwilliams@sbrecycling.net;jaboytes@sbrecycling.net
SOUTHERN CONN PALLET CO,Primary,,,,INVOICE,SOUTHERN CONN PALLET CO,346 Quinnipiac Street,,Wallingford,CT,6492,United States,Barry Tapley,(203) 265-1313,b.tapley@sbcglobal.net; ab@scrapmanagement.com
SOUTHERN CONN PALLET CO,Remit,,,,PRIMARY ADDRESS,SOUTHERN CONN PALLET CO,PO BOX 4566,,WELLINGFORD,CT,6492,United States,,,
SOUTHERN RECYCLING CENTER,Remit,,,,PRIMARY,SOUTHERN RECYCLING CENTER,300 W. Chestnut Street,,Carbondale,IL,62901-1379,United States,Tasis Karayiannis,(618) 549-2880,tasis@southernrecyclingcenter.com
SOUTHERN SCRAP / PRES WMS,Remit,,,,INVOICE,SOUTHERN SCRAP / PRES WMS,PO Box 3235,,Winchester,VA,22604,United States,Stephen Williams,(540) 877-2767,recycle@southernscrap.net;recycle@southernscrap.net
SOUTHERN SCRAP / PRES WMS,Location,,,,PRESIDENT WILLIAMS RECYCLING - STINE,SOUTHERN SCRAP / PRES WMS,370 Stine Line,,Winchester,VA,22603,United States,Stephen Williams,(540)662-0265,recycle@southernscrap.net
SOUTHWAY CARRIERS INC,Remit,,,,INVOICE,COMPASS FUNDING SOLUTIONS LLC,PO BOX 205154,,DALLAS,TX,75320-5154,United States,Marko Tomic,(630) 333-1360,marko@southwaycarriers.com
SOUTHWEST PALLETS,Remit,,,,INVOICE,SOUTHWEST PALLETS,1822 Cherry Ave,,Hillsdale,MO,63121,United States,Josh Zatorski,312-896-7271,Josh@southwestpallet.com; rp@scrapmanagement.com
SPECIALIZED FIBERS,Remit,,,,INVOICE,SPECIALIZED FIBERS,PO Box 735,,Corning,CA,96021,United States,Jessica Carey,(530) 524-1890,jcarey@omegawaste.com; ib@scrapmanagement.com
SPECIALIZED FIBERS,Location,,,,PRIMARY ADDRESS,SPECIALIZED FIBERS,22985 South Avenue,,Corning,CA,96021,United States,,,
SPOT FREIGHT INC,Remit,,,,INVOICE,SPOT FREIGHT INC,141 SOUTH MERIDIAN STREET,Ste 200,Indianapolis,IN,46225,United States,Kelsey Scott,(317) 275-8589,KScott@spotinc.com
SPOT-ON SERVICES,Inv/Remit,,,,INVOICE,SPOT-ON SERVICES,410 Hillburn Drive,,Dallas,TX,75217,United States,John Turner,(972) 391-7819,Johnturner@spot-onservices.com; shanestone@spot-onservices.com
SPROUT,Invoice,,,,INVOICE,SPROUT,613 Bond Street,,Statesville,NC,28677,United States,Cindy Kresge,980-247-1711,ckresge@sproutup.com;vdepollo@sproutup.com
SPROUT,Remit,,,,PRIMARY ADDRESS,SPROUT,PO Box 871,,Statesville,NC,28687,United States,,,
SSWA RECYCLING,Primary,,,,INVOICE,SSWA RECYCLING,721 Hwy 43 South,,Tuscumbia,AL,35674,United States,April,(256) 248-4357,sswarecycling@comcast.net;
SSWA RECYCLING,Remit,,,,PRIMARY ADDRESS,SSWA RECYCLING,P O Box 408,,"Tuscumbia,",AL,35674,United States,,,
ST LUCIE COUNTY,Remit,,,,INVOICE,ST LUCIE COUNTY,6120 Glades Cut Off Rd,,Fort Pierce,FL,34981,United States,Edward McDuffie,(772) 462-1768,mcduffiee@stlucieco.org; rp@scrapmanagement.com
STAIMAN RECYCLING CORP,Remit,,,,INVOICE,STAIMAN RECYCLING CORP,PO Box 1235,,Williamsport,PA,17703,United States,Crystal Hartzel,570-323-9494,chartzel@staimanrecycling.com; rp@scrapmanagement.com
STAIMAN RECYCLING CORP,Location,,,,"WILLIAMSPORT, PA",STAIMAN RECYCLING CORP,201 Hepburn Street,,Williamsport,PA,17701,United States,,,
STANDARD LOGISTICS,Remit,,,,INVOICE,STANDARD LOGISTICS,PO Box 7247-6705,,Philadelphia,PA,19170-0001,United States,Cesar Martinez,214-637-8920,Cesar.Martinez@standardls.com; Tanner.salik@standardls.com; Mark.hopkins@standardls.com ; James.Mosley@hawkls.com
STANDARD WASTE SERVICES,Remit,,,,INVOICE,STANDARD WASTE SERVICES,21 Edgeboro Road,,East Brunswick,NJ,8816,United States,Steven Fino,(732) 967-1565,steven@swsnjny.com; aa@scrapmanagement.com
STARLUX CORP,Remit,,,,INVOICE,STARLUX CORP,3800 W 42nd S,,Chicago,IL,60632,United States,Tony Guo,773-247-0600,tony@starluxcorp.com; sa@scrapmanagement.com
STARPLAST USA,Remit,,,,INVOICE,STARPLAST USA,9 Finderne Ave.,,Bridgewater,NJ,8807,United States,Bob Hughes,(732) 220-1500,BHughes@starplastusa.com; rhughes@starplastusa.com; aa@scrapmanagement.com
STAT INC,Remit,,,,INVOICE,STAT INC,2550 Hickory Blvd. SW,,Lenoir,NC,28645,United States,Randy,828) 396-2304,wilmalowman@statinc.net; ib@scrapmanagement.com
STEIN SERVICE & SUPPLY LLC,Remit,,,,INVOICE,STEIN SERVICE & SUPPLY LLC,1301-G Westinghouse Blvd,,Charlotte,NC,28273,United States,Ross Ullman,704-587-9558,ross@steinsupply.com; ab@scrapmanagement.com
STEIN SERVICE & SUPPLY LLC,Location,,,,PRIMARY ADDRESS,STEIN SERVICE & SUPPLY LLC,5101-B Terminal Street,,Charlotte,NC,28208,United States,Mark,,704-648-9212
STERICYCLE,Invoice,,,,INVOICE,STERICYCLE,2355 Waukegan Road,,Bannockburn,IL,60015,United States,Brad McArthur,,brad.mcarthur@stericycle.com; Joanne.Thrasher@stericycle.com; ib@scrapmanagement.com; bfoos@stericycle.com
STERICYCLE,Location,,,,ALBUQUERQUE NM,STERICYCLE,1920 First St NW,,Albuquerque,NM,87102,United States,Michael Silva,,Joanne.Thrasher@Stericycle.com; Michael.Silva@stericycle.com; ib@scrapmanagement.com
STERICYCLE,Location,,,,"CONROE, TX",STERICYCLE,8950 Conroe Park North Drive,,Conroe,TX,77303,United States,Robert Morgan,(936) 707-0355,Joanne.Thrasher@Stericycle.com; robert.morgan@stericycle.com; ib@scrapmanagement.com;robert.morgan@stericycle.com; ib@scrapmanagement.com;robert.morgan@stericycle.com; ib@scrapmanagement.com;robert.morgan@stericycle.com; ib@scrapmanagement.com
STERICYCLE,Location,,,,"DACONO, CO",STERICYCLE,5355 Colorado Boulevard,,Dacono,CO,80514,United States,Alyssa Anderson,970-301-8550,Joanne.Thrasher@Stericycle.com; Alyssa.Anderson@STERICYCLE.com; Michael.Grunlien@stericycle.com; ib@scrapmanagement.com
STERICYCLE,Location,,,,DALE TX,STERICYCLE,2607 Highway 21 West ,,Dale,TX,78616,United States,Joe Guajardo,,Joanne.Thrasher@Stericycle.com; Joe.Guajardo@stericycle.com; daniel.sosa@stericycle.com; jreyes@stericycle.com; ib@scrapmanagement.com
STERICYCLE,Location,,,,"DES MOINES, IA",STERICYCLE,1863 NE 54th Ave,BLDG #8,Des Moines,IA,50313,United States,Joe Wyllie,515-421-5251,Joseph.Wyllie@STERICYCLE.com; BFoos@STERICYCLE.com;  brad.mcarthur@stericycle.com ; ib@scrapmanagement.com
STERICYCLE,Location,,,,DULUTH GA,STERICYCLE,1680 Executive Dr S,Suite 100,Duluth,GA,30096,United States,Yancy Martinez,,Joanne.Thrasher@Stericycle.com; Yancy.Martinez@stericycle.com; ib@scrapmanagement.com
STERICYCLE,Location,,,,"EAGAN, MN",STERICYCLE,1670 Meadow View Rd,,Eagan,MN,55121-4500,United States,Mark Smith Jr,651-788-7978,Joanne.Thrasher@Stericycle.com; Mark.Smith1@Stericycle.com; Dominic.Mattei@stericycle.com; ib@scrapmanagement.com
STERICYCLE,Location,,,,"FONTANA, CA",STERICYCLE,15610 Boyle Ave.,,Fontana,CA,92337,United States,Mark Smith Jr,651-788-7978,Joanne.Thrasher@Stericycle.com; rruiz@stericycle.com; David.Perez@STERICYCLE.com; Brenda.Velazquez@STERICYCLE.com; ib@scrapmanagement.com; Mark.Smith1@Stericycle.com;rruiz@stericycle.com; David.Perez@STERICYCLE.com; Brenda.Velazquez@STERICYCLE.com; ib@scrapmanagement.com
STERICYCLE,Location,,,,"FRESNO, CA",STERICYCLE,4135 W Swift Ave,,Fresno,CA,93722,United States,Felix Lowe,559-275-1121,Joanne.Thrasher@Stericycle.com; Felix.Lowe@stericycle.com; Mark.Martinez@stericycle.com; ib@scrapmanagement.com;Felix.Lowe@stericycle.com; Mark.Martinez@stericycle.com
STERICYCLE,Location,,,,"FRESNO, TX",STERICYCLE,2725 FM 521,,Fresno,TX,77545,United States,Junior Modeste,,Joanne.Thrasher@Stericycle.com; Junior.Modeste@Stericycle.com; Robert.Morgan@STERICYCLE.com; ib@scrapmanagement.com
STERICYCLE,Location,,,,"GARLAND, TX",STERICYCLE,2821 Industrial Lane,,Garland,TX,75041,United States,Joanne Thrasher,,Joanne.Thrasher@stericycle.com; ib@scrapmanagement.com
STERICYCLE,Location,,,,"GARY, IN",STERICYCLE,6602 W 9th Ave,,Gary,IN,46406,United States,Don Menhorn,262-206-6866,Joanne.Thrasher@Stericycle.com; DMenhorn@stericycle.com; ERIC.DIXON@stericycle.com; ib@scrapmanagement.com
STERICYCLE,Location,,,,HAYWARD CA,STERICYCLE,30542 San Antonio St.,,Hayward,CA,94544,United States,Alfonso Avila,510.471.0920,Joanne.Thrasher@Stericycle.com; Alfonso.avila@stericycle.com; Fernando.Campos@stericycle.com; ib@scrapmanagement.com
STERICYCLE,Location,,,,"HOLLISTER, CA",STERICYCLE,1551 Shelton Drive,,Hollister,CA,95023,United States,Louis Martinez,831.630.1098,Louis.Martinez@stericycle.com; Joshua.Tanaka@stericycle.com; Mark.Martinez@stericycle.com
STERICYCLE,Location,,,,INDIANAPOLIS IN,Shred-it Indianapolis,50 koweba lane,,Indianapolis,IN,46201,United States,James Swails,(317) 361-2259?,James.swails@stericycle.com; bryan.davidson@stericycle.com; ib@scrapmanagement.com
STERICYCLE,Location,,,,JACKSONVILLE FL,STERICYCLE,5169 W 12th Street,,Jacksonville,FL,32254,United States,Andy Clement,(904) 693-0588,aclement@stericycle.com
STERICYCLE,Location,,,,"KANSAS CITY, KS",STERICYCLE,3140 N 7th Street TRWY,,KANSAS CITY,KS,66115,United States,Joanne Thrasher,,Joanne.Thrasher@stericycle.com; ib@scrapmanagement.com;Joanne.Thrasher@stericycle.com; ib@scrapmanagement.com
STERICYCLE,Location,,,,"LINCOLN, NE",STERICYCLE,"6100 N. 60th St.,",,Lincoln,NE,68507-3229,United States,Collin Hulke,402-991-4790,Joanne.Thrasher@Stericycle.com; Collin.Hulke@STERICYCLE.com; Jeremy.Church@STERICYCLE.com
STERICYCLE,Location,,,,"LOUISVILLE, KY",STERICYCLE,4646 Louisville Avenue,,Louisville,KY,40209,United States,Brent Maddox,(502) 544-6120,Brent.Maddox@Stericycle.com; Cory.Boggess@stericycle.com; ib@scrapmanagement.com
STERICYCLE,Location,,,,LUBBOCK TX,STERICYCLE,2901 NE Loop 289,,Lubbock,TX,79403-3927,United States,Michael Silva,,Michael.Silva@stericycle.com
STERICYCLE,Location,,,,MCKEESPORT PA,STERICYCLE,380 Locust St,,McKeesport,PA,15132,United States,Gary Harbaugh,(412) 613-4192,Gary.Harbaugh@stericycle.com; ib@scrapmanagement.com
STERICYCLE,Location,,,,"MEMPHIS, TN",STERICYCLE - RWCS Memphis (TN10),540 Rivergate Rd,,Memphis,TN,38109,United States,Cary Webb,901-569-7151,cary.webb@STERICYCLE.com; Brad.McArthur@STERICYCLE.com; Joanne.Thrasher@stericycle.com; BFoos@STERICYCLE.com; MValencia@STERICYCLE.com;cary.webb@STERICYCLE.com; Brad.McArthur@STERICYCLE.com; Joanne.Thrasher@stericycle.com; BFoos@STERICYCLE.com; MValencia@STERICYCLE.com; ib@scrapmanagement.com;cary.webb@STERICYCLE.com; Brad.McArthur@STERICYCLE.com; Joanne.Thrasher@stericycle.com; BFoos@STERICYCLE.com; MValencia@STERICYCLE.com; ib@scrapmanagement.com;cary.webb@STERICYCLE.com; Brad.McArthur@STERICYCLE.com; Joanne.Thrasher@stericycle.com; BFoos@STERICYCLE.com; MValencia@STERICYCLE.com; ib@scrapmanagement.com;cary.webb@STERICYCLE.com; Brad.McArthur@STERICYCLE.com; Joanne.Thrasher@stericycle.com; BFoos@STERICYCLE.com; MValencia@STERICYCLE.com; ib@scrapmanagement.com
STERICYCLE,Location,,,,"MORTON, WA",STERICYCLE,830 Westlake Ave,,Morton,WA,98356,United States,Brad McArthur,647.883.6597,Brad.McArthur@STERICYCLE.com; BFoos@STERICYCLE.com; Scott.Erwin@STERICYCLE.com; Kelly.Karns@STERICYCLE.com
STERICYCLE,Location,,,,N VERSAILLES PA,STERICYCLE,611 E. Pittsburgh McKeesport Blvd,,N.Versailles,PA,15137,United States,Gary Harbaugh,(412) 613-4192,Gary.Harbaugh@STERICYCLE.com; ib@scrapmanagement.com
STERICYCLE,Location,,,,"OMAHA, NE",STERICYCLE,7734 S 133rd St,,Omaha,NE,68138-3499,United States,Collin Hulke,402-991-4790,Joanne.Thrasher@Stericycle.com; Collin.Hulke@STERICYCLE.com; Jeremy.Church@stericycle.com
STERICYCLE,Location,,,,"ORLAND PARK, IL",STERICYCLE,10499 164th Pl,,Orland Park,IL,60467,United States,Matt Groeneveld,(708) 549-4114,matthew.groeneveld@stericycle.com; dmenhorn@stericycle.com; ib@scrapmanagement.com;matthew.groeneveld@stericycle.com; dmenhorn@stericycle.com; ib@scrapmanagement.com
STERICYCLE,Location,,,,PARKERSBURG WV,STERICYCLE,88 W Airport Industrial Park R,,Parkersburg,WV,26104,United States,,,
STERICYCLE,Location,,,,RALEIGH NC,STERICYCLE,1251 Intrepid Ct,,Raleigh,NC,27610,United States,,,
STERICYCLE,Location,,,,RANCHO CORDOVA CA,STERICYCLE,11875 White Rock Rd,,Rancho Cordova,CA,95742,United States,Jaron Henderson,(866) 538-8724,Jaron.Henderson@stericycle.com; Marco.Borja@stericycle.com; Samuel.Borja@stericycle.com; ib@scrapmanagement.com;Jaron.Henderson@stericycle.com; Marco.Borja@stericycle.com; Samuel.Borja@stericycle.com; ib@scrapmanagement.com
STERICYCLE,Location,,,,"SALT LAKE CITY, UT",RWCS Salt Lake City,90 North Foxboro Drive,,North Salt Lake,UT,84054-3164,United States,Ector Velasco & Jason Cloward,801-419-2772,Jason.Cloward@STERICYCLE.com; ector.velasco@STERICYCLE.com; Brad.McArthur@stericycle.com; BFoos@STERICYCLE.com
STERICYCLE,Location,,,,"STROUD, OK",STERICYCLE,101 North Allied Road,,Stroud,OK,74079,United States,Joanne Thrasher,,Joanne.Thrasher@stericycle.com; ib@scrapmanagement.com
STERICYCLE,Location,,,,"TEMPE, AZ",STERICYCLE,245 W Lodge Dr,,Tempe,AZ,85283,United States,Heidi Taylor,(480) 383-0000,Heidi.Taylor@stericycle.com;lgomez@stericycle.com
STERICYCLE,Location,,,,VERNON CA,STERICYCLE,2775 E 26th St,,Vernon,CA,90058,United States,Alyssa Hernandez,,ahernandez@stericycle.com; ib@scrapmanagement.com
,Remit,,,,WARREN OH,STERICYCLE,1901 Pine Ave SE,,Warren,OH,44483,United States,Terry Wyne,(330) 393-0370,terry.wyne@stericycle.com
0,Location,,,,WINSTON SALEM NC,STERICYCLE,3775 Industrial Dr,,Winston Salem,NC,27105,United States,David Carpenter,,DCarpenter@Stericycle.com
STORELLI RECYCLING,Primary,,,,INVOICE,STORELLI RECYCLING,"2455 East Sunrise Blvd, Suite 204",,Fort Lauderdale,FL,33304,United States,Paul Storelli,954.630.1770,paul@storellirecycling.com; SA@SCRAPMANAGEMENT.COM
STORELLI RECYCLING,Location,,,,"ATLANTA, GA",WASTE PRO,4785 FULTON INDUSTRIAL BLVD,,Atlanta,GA,30336,United States,Paul Storelli,954-650-0113,paul@storellirecycling.com
STORELLI RECYCLING,Location,,,,"MONTGOMERY, AL",RePower South Montgomery,1551 Louisville Street,,Montgomery,AL,36104,United States,Kayla Birmingham,(414) 331-1131,kayla@storellirecycling.com;kayla@storellirecycling.com
STORELLI RECYCLING,Remit,,,,PRIMARY ADDRESS,STORELLI RECYCLING,3471 N Federal Highway Ste 401,,Ft. Lauderdale,FL,33306,United States,,,
STRETCH LOGISTICS INC,Remit,,,,INVOICE,STRETCH LOGISTICS INC,PO Box 206,,McCordsville,IN,46055,United States,Danny O'Hara,(317) 465-1700,dohara@stretchlogistics.com; wmerriweather@stretchlogistics.com; csr@stretchlogistics.com
STUFF RECYCLING,Remit,,,,INVOICE,STUFF RECYCLING,6169 Lexington Road,,Winchester,KY,40391,United States,Saxon Koger,606-305-1697,saxon@somerset-recycling.com; jerryj@stuffrecycling.com
STUFF RECYCLING,Location,,,,PRIMARY ADDRESS,STUFF RECYCLING,500 Memorial Drive,,Nicholasville,KY,40356,United States,,,
SUCHY METAL & RECYCLING,Remit,,,,INVOICE,SUCHY METAL & RECYCLING,180 E Amy Ave,,Russell,KS,67665,United States,Jerry Suchy,(785) 483-6311,tarasuchy@hotmail.com; ib@scrapmanagement.com
SUCHY METAL & RECYCLING,Location,,,,PICK UP LOCATION,SUCHY METAL & RECYCLING,1834 W Wichita Ave,,Russell,KS,67665,United States,Jerry Suchy,(785) 483-6311,tarasuchy@hotmail.com
SUMMERTIME FARMS INC,Invoice,,,,PRIMARY,SUMMERTIME FARMS INC,11 Parr Blvd.,,Richmond,CA,94801,United States,Henry Schiff,(510) 237-8012,Henry@sfirecycle.com; admin@sfirecycle.com; Nancy@sfirecycle.com;Henry@sfirecycle.com; admin@sfirecycle.com; Nancy@sfirecycle.com
"SUMMIT POLYMERS,LLC",Remit,,,,INVOICE,SUMMIT POLYMERS LLC,107 N Hine St,,Youngstown,OH,44506,United States,Beverly Frost,(330) 651-1323,bev.summitpolymers@gmail.com; sa@scrapmanagement.com
SUN FIBER LLC,Inv/Remit,,,,INVOICE,SUN FIBER LLC,1247 Frederic Drive,,Richburg,SC,29729,United States,Ya Sun / Alex Wang,(803) 789-4164,alex_wun@163.com; alex.wang@jnfibers.com; ib@scrapmanagement.com
SUN FIBER LLC,Location,,,,"PAGELAND, SC",SUN FIBER LLC,512 S Pine St,,Pageland,SC,29728,United States,,,
SUNCOAST PLASTICS,Inv/Remit,,,,INVOICE,SUNCOAST PLASTICS,619 Tulip Circle W,,Auburndale,FL,33823,United States,Glenn Rankin,513-312-6680,glenn.suncoastplastics@gmail.com
SUNCOAST PLASTICS,Location,,,,BRYAN OH,Bryan Plastics for SUNCOAST,721 East Edgerton Street,,Bryan,OH,43506,United States,Glenn Rankin,513-312-6680,glenn.suncoastplastics@gmail.com
SUNCOAST PLASTICS,Location,,,,CHICAGO HEIGHTS IL,AZ PLASTICS For SUNCOAST PLASTICS,1232 McKinley Ave.,,Chicago Heights,IL,60411,United States,,,
SUNCOAST PLASTICS,Location,,,,GURNEE IL,Adams Plastics for SUNCOAST PLASTICS,4070 Ryan Rd.,,Gurnee,IL,60031,United States,Glenn Rankin,513-312-6680,glenn.suncoastplastics@gmail.com
SUNCOAST PLASTICS,Location,,,,HILLSVILLE VA,New River Polymers For Suncoast,57 Industrial Park drive,,Hillsville,VA,24343,United States,,,
SUNCOAST PLASTICS,Location,,,,"Milwaukee, WI",NATIONAL RECYCLING FOR SUNCOAST PLASTICS,4244 S. 13th Street,,Milwaukee,WI,53221,United States,Mark Lewinski,414-281-2020,
SUNCOAST PLASTICS,Location,,,,ST CHARLES IL,SUNCOAST PLASTICS,3655 Illinois Ave.,,St Charles,IL,60174,United States,Elmer,630-444-1568,
SUNCOAST PLASTICS,Location,,,,TUPELO MS,SUNCOAST PLASTICS,1867 S. Veterans Blvd,,Tupelo,MS,38804,United States,Glenn Rankin,513-312-6680,glenn.suncoastplastics@gmail.com;glenn.suncoastplastics@gmail.com
SUNNKING INC,Remit,,,,INVOICE,SUNNKING INC,4 Owens Rd,,Brockport,NY,14420,United States,Adam Shine,585-637-8365,ashine@sunnking.com; logistics@sunnking.com; aa@scrapmanagement.com
SUNSWEET COMPANY,Remit,,,,INVOICE,SUNSWEET COMPANY,901 N. Walton Ave,,Yuba City,CA,95991,United States,Glen Piper,530-674-5010,gpiper@sunsweet.com; lm@scrapmanagment.com
SUPERIOR PALLETS INC,Remit,,,,INVOICE,SUPERIOR PALLETS INC,3981 Walden Avenue,,Lancaster,NY,14086,United States,Jeff Goettel,716-822-4647,jgoettel@superior-pallets.com; aa@scrapmanagement.com
SUSTAINABILITY SOLUTIONS LLC,Remit,,,,INVOICE,SUSTAINABILITY SOLUTIONS LLC,1309 Coffeen Avenue STE 1200,,Sheridan,,82801,United States,,,
SYNCOT PLASTICS,Inv/Remit,,,,INVOICE,SYNCOT PLASTICS,350 Eastwood Dr,,Belmont,NC,28012,United States,Darren Bing,(704) 967-0010,dbing@syncot.com
SYNOVA,Remit,,,,INVOICE,SYNOVA,525 Maxtown Rd.,,Westerville,OH,43082,United States,Clifford Moran,(614) 300-1081,clifford.moran@synovaoil.com; adam.sharp@synovaoil.com; gregory.frizzell@synovaoil.com; ib@scrapmanagement.com
SYRACUSE WASTE HAULERS,Remit,,,,INVOICE,SYRACUSE WASTE HAULERS,6223 Thompson Rd,,Syracuse,NY,13206,United States,Rocco & Steve,(315) 426- 6771,rocco@syracusehaulers.com; sruge@syracusehaulers.com
TALCO PLASTICS,Inv/Remit,,,,INVOICE,TALCO PLASTICS,1000 W Rincon Street,,Corona,CA,92880,United States,Jack Shedd,951-531-2000,jack@talcoplastics.com; ib@scrapmanagement.com; Omar@talcoplastics.com; Billo@talcoplastics.com; AjitP@talcoplastics.com;
TALCO PLASTICS,Location,,,,LONG BEACH CA,TALCO PLASTICS,3270 East 70th Street,,Long Beach,CA,90805,United States,Gary Gonzalez,562 630 1224,
TAMCO MFG / US PLASTICS,Remit,,,,INVOICE,TAMCO MFG / US PLASTICS,1390 Neubrecht Rd,,Lima,OH,45801,United States,Roberta Thaman,567-242-2005,berta@usplastic.com; ib@scrapmanagement.com
TARACON,Remit,,,,INVOICE,TARACON,6189 170th. Street North,,Hawley,MN,56549,United States,Rachelle Foley,(218) 498-8422,rachelle.foley@taraconprecast.com; ib@scrapmanagement.com
TAYLOR LOGISTICS INC,Remit,,,,INVOICE,TAYLOR LOGISTICS INC,2875 E. Sharon Road,,Cincinnati,OH,45241,United States,Melissa Hollmeyer,513-587-4730,melissa@taylordist.com
TC PACKAGING LLC,Inv/Remit,,,,INVOICE,TC PACKAGING LLC,5855 Angola Road,,Toledo,OH,43615,United States,Fred Sandberg,(419) 283-0707,fred@tcpackaging.net; katie@tcpackaging.net; tylerj@tcpackaging.net; zach.rudnicki@tcpackaging.net; rsandberg@tcpackaging.net; ib@scrapmanagement.com
TELFER INC,Inv/Remit,,,,INVOICE,TELFER INC,219 Wexford Road,,Valparaiso,IN,46385,United States,Dean Hemmersbach,(219) 465- 6010,telferrecycling@gmail.com; sa@scrapmanagement.com
TELFER INC,Location,,,,"HAMMOND, IN",JUPITER ALUMINUM for TELFER INC,1745 165th Street,,Hammond,IN,46320,United States,Dean Hemmersbach,,telferrecycling@gmail.com
TELFER INC,Location,,,,"KNOXVILLE, TN",WESTROCK FOR TELFER,1323 Proctor Street,,Knoxville,TN,37921,United States,,,
TELFER INC,Location,,,,LOUISVILLE KY,PSC COMPANY For TELFER INC,745 S. 15th St,,Louisville,KY,40210,United States,,,
TELFER INC,Location,,,,"MARENGO, IL - Plant 1","Mitsubishi Forklift for Telfer, Inc",Plant 1 Dock 9,240 North Prospect Street,Marengo,IL,60152,United States,Joel Gadawski and Dale Guenthe,(815)-568-4340,
TELFER INC,Location,,,,"MARENGO, IL - Plant 2","Mitsubishi Forklift for Telfer, Inc",Plant 2 Dock TBD,201 North Prospect Street,Marengo,IL,60152,United States,Joel Gadawski and Dale Guenthe,(815)-568-4340,
TELFER INC,Location,,,,"TERRE HAUTE, IN",TAYLOR COURIER SERVICE,3851 1st Parkway,,Terre Haute,IN,47804,United States,,,
TELFER INC,Location,,,,VERDECO - TERRE HAUTE IN,Verdeco Midwest Recycling,10535 James Adams Street,,Terre Haute,IN,47802,United States,,,
TFC RECYCLING,Inv/Remit,,,,INVOICE,TIDEWATER FIBRE CORP,PO Box 890336,,Charlotte,NC,28289,United States,Anna Lissnils,757-543-5766,alissnils@tfcrecycling.com
TFC RECYCLING,Location,,,,"CHESTER, VA",TFC RECYCLING,12206 Old Stage Road,,Chester,VA,23836,United States,Andy Gupton,804-641-3740,alissnils@tfcrecycling.com; agupton@tfcrecycling.com
THE ACTION ENVIRONMENTAL GROUP INC,Remit,,,,INVOICE,THE ACTION ENVIRONMENTAL GROUP INC,300 Frank W Burr Blvd,Suite 39,Teaneck,NJ,7666,United States,Christian Morgan,(866) 270-9900,cmorgan@actioncarting.com; dwilson@actioncarting.com; aa@scrapmanagement.com
THE ACTION ENVIRONMENTAL GROUP INC,Location,,,,"AIRMONT, NY","THE ACTION ENVIRONMENTAL GROUP, INC",25 N Airmont Road,,Airmont,NY,10901,United States,,,
THE ACTION ENVIRONMENTAL GROUP INC,Location,,,,"JERSEY CITY, NJ",THE ACTION ENVIRONMENTAL GROUP INC,375 Route 1 & 9 South,,Jersey City,NJ,7306,United States,Primary,(866) 270-9900,
THE ACTION ENVIRONMENTAL GROUP INC,Location,,,,THE BRONX,"THE ACTION ENVIRONMENTAL GROUP, INC",920 E. 132nd Street,,Bronx,NY,10454,United States,cmorgan,(866) 270-9900,cmorgan@actioncarting.com; dwilson@actioncarting.com; aakopyan@ucsincny.com
THE CARY COMPANY,Remit,,,,INVOICE,THE CARY COMPANY,1195 W Fullerton Ave,,Addison,IL,60101,United States,Michele Zimmerman,412-778-4196,mzimmerman@3riverspkg.com; lm@scrapmanagement.com
THE CARY COMPANY,Location,,,,"PITTSBURGH, PA",3 Rivers Packaging,20  39TH Street,,Pittsburgh,PA,15201,United States,Michele Zimmerman,412-778-3900,mzimmerman@3riverspkg.com
THE CHEFS WAREHOUSE,Remit,,,,INVOICE,THE CHEFS WAREHOUSE,5559 NW 145th St,,Opa Locka,FL,33054,United States,Jordan Suarez,954-258-2170,Jsuarez@chefswarehouse.com; lm@scrapmanagement.com
THE CUMBERLAND GROUP LLC,Inv/Remit,,,,INVOICE,THE CUMBERLAND GROUP LLC,770 Barnesburg Road,,Somerset,KY,42503,United States,Saxon Koger,,Grant@somerset-recycling.com; saxon@somerset-recycling.com; accounting@kytcg.com; rachael@kytcg.com
THE FAIRFAX COMPANIES,Remit,,,,"TUCSON, AZ",THE FAIRFAX COMPANIES,1360 North Kolb Road,,Tucson,AZ,85715,United States,Todd Payne,520-290-8588,Todd@ffxsite.net; ib@scrapmanagement.com
THE FAIRFAX COMPANIES,Location,,,,SPEEDWAY LANDFILL,THE FAIRFAX COMPANIES - SPEEDWAY LANDFILL,7301 E. Speedway Blvd,,Tucson,AZ,85710,United States,,,
THE PALLET EXPRESS,Inv/Remit,,,,INVOICE,THE PALLET EXPRESS,1069 Lyell Ave,,Rochester,NY,14606,United States,Joe Albano,(585) 202- 5798,joealbano54@gmail.com; aa@scrapmanagement.com
THE PALLET EXPRESS,Location,,,,PICK UP LOCATION,THE PALLET EXPRESS,600 west ave,,Rochester,NY,14611,United States,,,
THE PALLET FACTORY,Inv/Remit,,,,INVOICE,THE PALLET FACTORY,PO Box 181055,,Memphis,TN,38181,United States,Nick Roberts,901-795-8300,nickroberts@thepalletfactory.com; aa@scrapmanagement.com
THE PALLET FACTORY,Location,,,,"OLD HICKORY, TN",THE PALLET FACTORY,1200 Bryan Street,,Old Hickory,TN,37138,United States,Nick Roberts,901-795-8300,nickroberts@thepalletfactory.com; aa@scrapmanagement.com
THE PALLET FACTORY,Location,,,,PICK UP LOCATION,THE PALLET FACTORY,3740 Arnold Rd,,Memphis,TN,38118,United States,Nick Roberts,901-795-8300,
THE PENROD COMPANY,Remit,,,,INVOICE,THE PENROD COMPANY,601 Alton Place,,High Point,NC,27263,United States,Derek Blackwell,(336) 861-5928,Derek.Blackwell@thepenrodcompany.com; ib@scrapmanagement.com
THE RECYCLING GROUP,Remit,,,,INVOICE,THE RECYCLING GROUP,1629 US Hwy 70,,Connelly Springs,NC,28612,United States,Rosemarie Williams,(828) 397- 2717,rwilliams@trg.cc; ib@scrapmanagement.com
THE REMM GROUP,Remit,,,,INVOICE,THE REMM GROUP,217 Terrace Hill Street,Unit B10,Brantford,ON,N3R 1G8,CA,Sam Hill,(519) 304-8333,sam@remm.ca; ib@scrapmanagement.com
THE REMM GROUP,Location,,,,"AMSTERDAM, NY",POWER PALLET & RECYCLING,4715 NY-30,,Amsterdamn,NY,12010,United States,,,
THE SHIP GROUP LOGISTICS,Remit,,,,INVOICE,THE SHIP GROUP LOGISTICS,"3126 Milton Road, Suite 222B",,Charlotte,NC,28215,United States,Braylan Herring,910-247-2781,tsglogistics1@gmail.com; Theshipgroup@sudomail.com
THE WORTHINGTON COMPANY,Remit,,,,INVOCIE,THE WORTHINGTON COMPANY,140 South College Avenue,,Indianapolis,IN,46202,United States,Mike Burgoyne,(317) 896-8780,mburgoyne@worthingtoncompany.com; myTWC@worthingtoncompany.com; accounting@worthingtoncompany.com
THERMOPLASTIC TRADING INC,Inv/Remit,,,,INVOICE,THERMOPLASTIC TRADING INC,707 Miamisburg-Centerville Rd.,Box 248,Dayton,OH,45459,United States,Janet Voloshen,(845) 247-0373,Janet@thermoplastictrading.com; sharon@thermoplastictrading.com; Mark@thermoplastictrading.com
THERMOPLASTIC TRADING INC,Location,,,,HOUSTON TX,THERMOPLASTIC TRADING INC,10545 Fisher Rd,,Houston,TX,77041,United States,,,
TIDWELL ENTERPRISES LLC,Inv/Remit,,,,INVOICE,TIDWELL ENTERPRISES LLC,8300 Industrial Dr.,,Olive Branch,MS,38654,United States,David Cope,,DavidCopeTX@Gmail.Com
TIDWELL ENTERPRISES LLC,Location,,,,HERNANDO MS,TIDWELL ENTERPRISES LLC,398 Highway 51 N,,Hernando,MS,38654,United States,,,
TILE SHOP DISTRIBUTION CENTER,Primary,,,,INVOICE,TILE SHOP DISTRIBUTION CENTER,8515 Brown St.,,Ottawa Lake,MI,49267,United States,Angie Dawes,(734) 854-2968,adawes@tileshop.com
TILE SHOP DISTRIBUTION CENTER,Remit,,,,PRIMARY ADDRESS,TILE SHOP DISTRIBUTION CENTER,14000 CARLSON PKWY NORTH,,PLYMOUTH,MN,55441,United States,Herbert Kennedy,419-304-1593,HKennedy@tileshop.com
TIMEWELL DRAINAGE PRODUCTS,Inv/Remit,,,,INVOICE,TIMEWELL DRAINAGE PRODUCTS,196 US 24 1075N Avenue,,Timewell,IL,62375,United States,Jeff and Janet,920-674-3332,jfish@timewellpipe.com; jingram@timewellpipe.com; cschuhmacher@timewellpipe.com; ib@ucsincny.com
TIMEWELL DRAINAGE PRODUCTS,Location,,,,JEFFERSON WI,TIMEWELL DRAINAGE PRODUCTS,201 West Plymouth Street,,Jefferson,WI,53549,United States,,,
TIMI PLASTICS INC,Remit,,,,INVOICE,TIMI PLASTICS INC,4 South River Street,,Towanda,PA,18848,United States,Chris Battaglini,(570) 268-9601,timiplastics@gmail.com
TIPTOP EXPRESS,Remit,,,,INVOICE,TIPTOP EXPRESS,6541 E Washington Blvd,,Commerce,CA,90040,United States,Andre Law,(626) 390-3192,andreeelaw@gmail.com; ib@scrapmanagement.com; info@tiptopexpress.us
TITAN PALLET COMPANY LLC,Remit,,,,INVOICE,TITAN PALLET COMPANY LLC,1725 Airways Blvd.,,Memphis,TN,38114,United States,Dan Monteverde,901.324.6007,dan@titanpallet.com; kyle@titanpallet.com; ib@ucsincny.com
TLC WORLDWIDE LOGISTICS HOLLY SPRINGS,Inv/Remit,,,,INVOICE,TLC WORLDWIDE LOGISTICS,550 S Industrial Park Rd,,Holly Springs,MS,38635,United States,,,
TMC TRANSPORTATION,Remit,,,,INVOICE,TMC TRANSPORTATION,PO Box 3567,,Omaha,NE,68103,United States,Tom Luker,(972) 765-9673,Tom.Luker@tmctrans.com; Mary.Sanchez@tmctrans.com
TOMRA NORTH AMERICA INC,Invoice,,,,INVOICE,TOMRA NORTH AMERICA INC,P.O. Box 22988,,New York,NY,10087-2988,United States,Norma Morton,(585) 742-3790,norma.morton@tomra.com
TOMRA NORTH AMERICA INC,Location,,,,PORTLAND ME,Returnable Services,80 Pine Tree Industrial,,Portland,ME,4102,United States,,,
TOMRA NORTH AMERICA INC,Remit,,,,PRIMARY ADDRESS,TOMRA NORTH AMERICA INC,P.O. Box 22988,,New York,NY,10087-2988,United States,,,
TOMRA NORTH AMERICA INC,Location,,,,SCHENECTADY NY,TOMRA NORTH AMERICA INC,31 Opus Blvd,,Schenectady,NY,12306,United States,,,
TOMRA NORTH AMERICA INC,Location,,,,"SOUTH WINDSOR, CT",STRATEGIC MATERIALS For TOMRA,300 Rye Street,,South Windsor,CT,6074,United States,,,
TOMSON SCRAP METAL,Remit,,,,INVOICE,TOMSON SCRAP METAL,PO Box 102,1100 6th Ave,Brackenridge,PA,15014,United States,John Tomson,(724) 275-7285,johntomson7859@gmail.com; rubust@aol.com
TOMSON SCRAP METAL,Location,,,,PICK UP ADDRESS,TOMSON SCRAP METAL,1100 6th Ave,,Brackenridge,PA,15014,United States,John Tomson,(724) 275-7285,johntomson7859@gmail.com
TOTAL ENVIRONMENTAL,Inv/Remit,,,,INVOICE,TOTAL ENVIRONMENTAL,1421 East 15th st,,Fayetteville,AR,72701,United States,Nick Mount,,nick.mount@totalen.net
TOTAL QUALITY LOGISTICS,Remit,,,,PRIMARY,TOTAL QUALITY LOGISTICS,P.O. Box 634558,,Cincinnati,OH,45263-4558,United States,Christopher Weeks,513.831.3101x.57978,CWeeks@tql.com
TOTAL RECYCLE INC,Remit,,,,INVOICE,TOTAL RECYCLE INC,ATT: ANGIE BRIDI,2650 Audobon Road,Audobon,PA,19403,United States,JP Mascaro,215-783-2886,joseph.mascaro@jpmascaro.com; sophia.mascaro@jpmascaro.com
TOTAL RECYCLE INC,Location,,,,BIRDSBORO,TOTAL RECYCLE INC,1270 Lincoln Road,,Birdsboro,PA,19508,United States,JP Mascaro,215-783-2886,joseph.mascaro@jpmascaro.com
TOTAL RECYCLING & WASTE SOLUTIONS,Remit,,,,INVOICE,TOTAL RECYCLING & WASTE SOLUTIONS,5226 E Hillsborough Avenue,,Tampa,FL,33619,United States,Tim Henderson,,tim@ttlrecycling.com
TOTAL RECYCLING PAPER & PLASTIC,Inv/Remit,,,,INVOICE,TOTAL RECYCLING PAPER & PLASTIC,PO Box 1970,,Lowell,AR,72745,United States,Nick Mount,,nick.mount@totalen.net; aa@scrapmanagement.com; cathy.benton@totalen.net
TOTAL RECYCLING PAPER & PLASTIC,Location,,,,FAYETTEVILLE - Van Asche,TOTAL RECYCLING PAPER & PLASTIC,500 W Van Asche Drive,,Fayetteville,AR,72704,United States,Nick Mount,479-252-5995,nick.mount@totalen.net
TOTAL RECYCLING PAPER & PLASTIC,Location,,,,"FAYETTEVILLE, AR",TOTAL RECYCLING LLC,1421 East 15th st,,Fayetteville,AR,72701,United States,Nick Mount,479-252-5995,nick.mount@totalen.net;nick.mount@totalen.net
TOTAL RECYCLING SOLUTIONS,Remit,,,,INVOICE,TOTAL RECYCLING SOLUTIONS,3153 Steeles Avenue West,,Milton,ON,L9T 2V4,United States,Amara Ahmad,,amara@totalrecyclingsolutions.com; ib@scrapmanagement.com
TOTALL METAL RECYCLING,Remit,,,,PRIMARY,TOTALL METAL RECYCLING,3101 Missouri Ave Gate 1,,Granite City,IL,62040,United States,Matthew Van Doren,(866) 470-5763,matthew.vandoren@wieland.com; sa@scrapmanagement.com;matthew.vandoren@wieland.com; sa@scrapmanagement.com
TOWN OF BLACKSTONE,Remit,,,,INVOICE,TOWN OF BLACKSTONE,15 St. Paul St.,,Blackstone,MA,1504,United States,Colleen Strapponi,508.876.5130,cstrapponi@townofblackstone.org; rp@scrapmanagement.com
TOWN OF DERRY TRANSFER STATION,Inv/Remit,,,,INVOICE,TOWN OF DERRY TRANSFER STATION,14 Manning Street,,Derry,NH,3038,United States,Randy Borelli; Joanne,(603) 432-4650,lisagazzara@derrynh.org; joannevaldinocci@derrynh.org
TOWN OF DERRY TRANSFER STATION,Location,,,,PICK UP LOCATION,TOWN OF DERRY TRANSFER STATION,53 Transfer lane,,Derry,NH,3038,United States,Randy Borelli,(603) 432-4650,randyllborelli@derrynh.org; rp@scrapmanagement.com
TOWN OF WELLESLEY RDF,Remit,,,,INVOICE,TOWN OF WELLESLEY RDF,169 Great Plain Ave,,Wellesley,MA,2482,United States,Mary Reynolds & Many Rodrigues,781-235-7600 xt3340,mreynolds@wellesleyma.gov; mrodrigues@wellesleyma.gov; rpereira@ucsincny.com
TOWN RECYCLING,Remit,,,,INVOICE,TOWN RECYCLING,4220 Broadway SE,,Albuquerque,NM,87105,United States,Martha Lara,(505) 452-9277,martha@townrecyclingusa.com; ib@scrapmanagement.com
TOYOTETSU AMERICA INC,Remit,,,,INVOICE,TOYOTETSU AMERICA INC,100 Pin Oak Drive,,Somerset,KY,42503,United States,Saxon Koger,606-305-1697,saxon@somerset-recycling.com; ab@scrapmanagement.com
TOYOTETSU AMERICA INC,Location,,,,SOMERSET KY - Tommy Rd,TOYOTETSU AMERICA INC,73 Tommy Road,,Somerset,KY,42503,United States,Saxon Koger,606-305-1697,saxon@somerset-recycling.com
TRAILER LEASING COMPANY,Remit,,,,INVOICE,TRAILER LEASING COMPANY,2733 Pickettville Rd,,Jacksonville,FL,32220,United States,Ed Hutchison,904.389.6504,Ed@Trailerleasingcompany.com
TRANPAK INC,Inv/Remit,,,,INVOICE,TRANPAK INC,2860 S East Ave,,Fresno,CA,93725,United States,Brian Moss,(800) 827-2474,bmoss@tranpak.com; ib@scrapmanagement.com
TRANS DYNAMICS INC,Remit,,,,INVOICE,TRANS DYNAMICS INC,PO Box 57908,,Salt Lake City,UT,84157,United States,Glen Metros,(800) 827-8527,il-ops@transdynamics.com
TRANS DYNAMICS INC,Location,,,,CHICAGO,TRANS DYNAMICS INC,1830 North Milwaukee,Suite 1B,Chicago,IL,60647,United States,Glen Metros,(800) 827-8527,il-ops@transdynamics.com
TRANSEND LOGISTICS,Remit,,,,INVOICE,TRANSEND LOGISTICS,PO BOX 6232,,CAROL STREAM,IL,60197,United States,Elizabeth Orihuela,312-549-4470 xt 313,eorihuela@transendlogistics.com
TRANSFER SYSTEMS & WAREHOUSING,Primary,,,,INVOICE,TRANSFER SYSTEMS & WAREHOUSING,2002 W County Rd 0 North South,,"Frankfort,",IN,46041-1102,United States,Troy Werner,(765) 654-5070,werner@accs.net; ab@scrapmanagement.com
TRANSFER SYSTEMS & WAREHOUSING,Location,,,,"NEW PICK UP  - FRANKFORT, IN",TRANSFER SYSTEM & WAREHOUSING (INDIANA),1011 McKinley Ave,,Frankfort,IN,46041,United States,Primary,(765) 654-5070,transfersystems1@gmail.com; werner@accs.net
TRANSFER SYSTEMS & WAREHOUSING,Remit,,,,PRIMARY ADDRESS,TRANSFER SYSTEMS & WAREHOUSING,P.O. Box 668,,Frankfort,IN,46041,United States,,,
TRANSFIX,Primary,,,,INVOICE,TRANSFIX,498 7th Avenue,19th Floor,New York,NY,10018,United States,Jake Greenlee,770-322-4766,jakegreenlee@transfix.io; belindakwok@transfix.io
TRANSFIX,Remit,,,,PRIMARY ADDRESS,TRANSFIX,PO BOX 392240,,Pittsburgh,PA,15251,United States,,,
TRANSMAR DISTRIBUTION SERVICES LTD,Remit,,,,PRIMARY,TRANSMAR DISTRIBUTION SERVICES LTD,PO Box 15644,8525 Market Street Rd,Houston,TX,77220,United States,tim,(713) 675-0790,tim@transmardistribution.com;tim@transmardistribution.com
TRANSNATIONAL LOGISTICS CORP,Remit,,,,PRIMARY,TRANSNATIONAL LOGISTICS CORP,PO Box 221,,Jericho,NY,11753,United States,A/R Atlanta Offic:631-232-3900,(973) 522-1998,transnationallogistics@yahoo.com;transnationallogistics@yahoo.com
TRANSPORTATION RESOURCES,Remit,,,,PRIMARY,TRANSPORTATION RESOURCES,27-31 Kelly Drive,,Buffalo,NY,14227,United States,Zachary T. Dziadaszek,716.674.5622,dave@transportationresource.com; zach@transportationresource.com;dave@transportationresource.com; zach@transportationresource.com
TRANSTECH INC,Remit,,,,INVOICE,TRANSTECH INC,1126 Gateway Loop,Suite 140,Springfield,OR,97477,United States,Mason Lavallet,800-971-3805,mason@transtechbroker.com
TRANZSTAR,Remit,,,,INVOICE,TRANZSTAR,Po Box 1747,1406 W Winona Ave,Warsaw,IN,46580,United States,Julie McKay,574-269-2737 x224,jmckay@tranzstar.com
TREX COMPANY,Invoice,,,,INVOICE,TREX COMPANY,160 Exeter Drive,,Winchester,VA,22603-8605,United States,Trex,1-800-289-8739,polypo@trex.com;snorman@trex.com;jallen@trex.com
TREX COMPANY,Location,,,,FERNLEY NV,TREX COMPANY,2375 E. Newlands,,Fernley,NV,89408,United States,Trex Fernley,800-289-8739,FPTpoly@trex.com;jallen@trex.com
TREX COMPANY,Location,,,,WINCHESTER VA,WINCHESTER POLY RECEIVING CENTER,351 APPLE VALLEY ROAD,,WINCHESTER,VA,22602,United States,Trex Winchester,800-289-8739,WPTPOLY@trex.com
TRI-CITY WASTE PAPER,Remit,,,,PRIMARY,TRI-CITY WASTE PAPER,PO BOX 3335.,,ASHEVILLE,NC,28802,United States,Donna Archer,(423) 246-7801,trey24s@hotmail.com; annette@ashewp.com; mackenzie@ashewp.com; donnajarcher@yahoo.com;trey24s@hotmail.com; annette@ashewp.com; mackenzie@ashewp.com; donnajarcher@yahoo.com
TRI-CITY WASTE PAPER,Location,,,,TRI-CITY WASTE PAPER,TRI-CITY WASTE PAPER,1501 Riverport Road,,Kingsport,TN,37660,United States,Jennifer Valdez,(423) 246-7801,tcwp@tricitywastepaper.com
TRIDENT POLYMERS,Remit,,,,INVOICE,TRIDENT POLYMERS,14700 28th Avenue North #35,,Plymouth,MN,55447,United States,Terry Nichols,(612) 578-6739,terry@tridentpolymers.com; jb@scrapmanagement.com
TRIDENT POLYMERS,Location,,,,TRIDENT POLYMERS - ELK RIVER,TRIDENT POLYMERS,12698 Industrial Blvd Suite D,,Elk River,MN,55330,United States,,,
TRIGON PLASTICS LLC,Invoice,,,,INVOICE,Trigon Plastics LLC,172 Orlan Road,,New Holland,PA,17557,United States,Curt Kolp,(717) 419-9930,Curt.Kolp@Keter.com; rp@scrapmanagement.com
TRIGON PLASTICS LLC,Location,,,,DELIVERY ADDRESS,TRIGON PLASTICS LLC,12 South Fort Zellers Road,,Newmanstown,PA,17073,United States,Curt Kolp,(717) 419-9930,Curt.Kolp@keter.com
TRIM-TEX INC,Inv/Remit,,,,INVOICE,TRIM-TEX INC,3700 W Pratt Ave,,Lincolnwood,IL,60712,United States,George Sobota,847-679-3000,georges@trim-tex.com; Adamj@trim-tex.com; ib@ucsincny.com
TRINITY LOGISTICS,Remit,,,,PRIMARY,TRINITY LOGISTICS,PO Box 62702,,Baltimore,MD,21264-2702,United States,"Jeremy Odom, Jared Lineweaver",302-262-0635,jeremy.odom@trinitylogistics.com; jared.lineweaver@trinitylogistics.com;jeremy.odom@trinitylogistics.com; jared.lineweaver@trinitylogistics.com
TRI-POWER RECYCLING LLC,Inv/Remit,,,,INVOICE,TRI-POWER RECYCLING LLC,1240 Anderson Street,,Elkhart,IN,46514,United States,Cindy Fifer,574-320-1319,cindylfifer@gmail.com; sa@scrapmanagement.com
TRIVALENCE,Invoice,,,,INVOICE,TRIVALENCE,3290 Claremont Avenue,,Evansville,IN,47712,United States,Sales,800-209-2517,sales@trivalencetech.com
TRUCK STOP 40 LLC,Remit,,,,INVOICE,TRUCK STOP 40 LLC,11558 N 1900 Rd,,Sayre,OK,73662,United States,Mickey Watson,1-580-403-0015,mickey.w@truckstop40llc.com
TRUCKER TBD,Remit,,,,INVOICE,TRUCKER TBD,,,,,,United States,Igor Beylin,,ib@ucsincny.com
TRUE NORTH SEAFOOD,Remit,,,,INVOICE,TRUE NORTH SEAFOOD,PO Box 991,,Calais,ME,4619,United States,Luigi Belfiore,(734) 223-5602,luigifish@gmail.com; ib@scrapmanagement.com
TRUE NORTH SEAFOOD,Location,,,,NEW BEDFORD MA,TRUE NORTH SEAFOOD,1 Wamsutta St,,New Bedford,MA,2740,United States,Luigi Belfiore,(734) 223-5602,luigifish@gmail.com; ib@scrapmanagement.com;luigifish@gmail.com; ib@scrapmanagement.com
TRUE PLASTICS RECYCLING LLC,Inv/Remit,,,,INVOICE,TRUE PLASTICS RECYCLING LLC,2908 COMMODORE DR,,CARROLLTON,TX,75007,United States,Mike Largent,512-748-6604,mike@trueplastic.com; ab@scrapmanagement.com; katie@trueplastic.com; jennifer@trueplastic.com
TUCKAHOE NURSERIES INC,Remit,,,,PRIMARY,TUCKAHOE NURSERIES INC,395 Head Of The River Rd,,Woodbine,NJ,8270,United States,16098610383,(609) 861-0533,16098610383@maxemailsend.com;16098610383@maxemailsend.com
TUCKAHOE NURSERIES INC,Location,,,,"TUCKAHOE NURSERIES, INC","TUCKAHOE NURSERIES, INC",148 Jefferson Rd.,,Elmar,NJ,8318,United States,16098610383,(609)861-0533,16098610383@maxemailsend.com
TWIN CITY PALLET INC,Inv/Remit,,,,INVOICE,TWIN CITY PALLET INC,12181 Margo Ave South,,Hastings,MN,55033,United States,Brian Laumeyer,(651) 450-1952,brianL@twincitypallet.com; sa@scrapmanagement.com
TWIN CITY PALLET INC,Location,,,,PRIMARY ADDRESS,"TWIN CITY PALLET, INC.",139 Grand Ave E,,South Saint Paul,MN,55075,United States,Brian Laumeyer,(651) 450-1952,brianL@twincitypallet.com
TYSON FOODS,Remit,,,,INVOICE,TYSON FOODS,212 E Elm Street,,Rogers,AR,72756,United States,Bobby Holman,479-306-2383,bobby.holman@TYSON.COM; ib@scrapmanagement.com
TYSON FOODS,Location,,,,SANFORD NC,Tyson Mexican Original,800 E Main Street,,Sanford,NC,27332,United States,Steve Kendrick,,Steven.Kendrick@tyson.com; William.Ellis2@tyson.com; Christopher.Gallicchio@tyson.com; ib@scrapmanagement.com
U POLYMERS,Inv/Remit,,,,INVOICE,U POLYMERS,1351 E Riverview Drive,,San Bernardino,CA,92408,United States,Bill Savage,909-693-1453,upolymer2018@gmail.com; emingda@gmail.com; ib@scrapmanagement.com
UBER FREIGHT,Remit,,,,INVOICE,UBER FREIGHT,PO Box 74007178,,"Chicago,",IL,60674-74007178,United States,Christopher Moore,628-203-8567,shipper-support@uber.com
UCS,Inv/Remit,,,,INVOICE,UCS,10612-D Providence Rd,#750,Charlotte,NC,28277,United States,Igor Beylin;,(704) 690-9668,ib@ucsincny.com; ab@ucsincny.com
UCW LOGISTICS LLC,Remit,,,,INVOICE,UCW LOGISTICS LLC,325 W McBee Ave,,Greenville,SC,29601,United States,Patrick Cash / Scott McCall,336-608-3655,shipnc@ucwlogistics.com;ucsinc@ucwlogistics.com
ULTRA POLY CORPORATION,Inv/Remit,,,,INVOICE,ULTRA POLY CORPORATION,102 Demi Rd,P.O. Box 330,Portland,PA,18351,United States,Ryan Miller,1-800-932-0619,tdeuber@Ultra-Poly.com; rmiller@ultra-poly.com
ULTRA PRO INTERNATIONAL LLC,Remit,,,,INVOICE,ULTRA PRO INTERNATIONAL LLC,6049 Slauson Ave,,Commerce,CA,90040,United States,Eric Orozco,(323) 890-2185,EOrozco@ultrapro.com; ib@scrapmanagement.com
ULTRA PRO INTERNATIONAL LLC,Location,,,,"COMMERCE, CA",ULTRA PRO INTERNATIONAL LLC,4944 Triggs St,,Commerce,CA,90022,United States,Eric Orozco,(323) 890-2185,EOrozco@ultrapro.com; ib@scrapmanagement.com
UNICOR,Remit,,,,Centralized Accounts Receivable,"UNICOR, FEDERAL PRISON INDUSTRIES INC",3301 Leestown Road,,Lexington,KY,40511,United States,Joshua Talbert,800-827-3168 xt 3019,Joshua.Talbert2@usdoj.gov
UNIFI MANUFACTURING INC,Inv/Remit,,,,INVOICE,UNIFI MANUFACTURING INC,PO Box 19109,,Greensboro,NC,27419,United States,Ken Prevette,336-348-6539,KPrevette@unifi.com; ib@scrapmanagement.com
UNIFI MANUFACTURING INC,Location,,,,"REIDSVILLE, NC",UNIFI MANUFACTURING INC,2920 Vance Street Ext,,Reidsville,NC,27320,United States,Ken Prevette,336-348-6539,KPrevette@unifi.com; ib@scrapmanagement.com
UNIFI MANUFACTURING INC,Location,,,,"YADKINVILLE, NC",UNIFI MANUFACTURING INC,108 Beroth Street,,Yadkinville,NC,27055,United States,Ken Prevette,336-348-6539,KPrevette@unifi.com; ib@scrapmanagement.com
UNITED PLASTIC RECYCLING INC,Invoice,,,,INVOICE,UNITED PLASTIC RECYCLING INC,P.O. Box 11671,,"Montgomery,",AL,36111,United States,Julia Andrews,(334) 288-5002,jandrews@unitedplasticrecycling.com; jhollinger@unitedplasticrecycling.com; awalker@unitedplasticrecycling.com
UNITED PLASTIC RECYCLING INC,Location,,,,DELIVERY ADDRESS,"UNITED PLASTIC RECYCLING, INC",4290 Alatex Rd,,"Montgomery,",AL,36108,United States,Julia Andrews,334-288-5002,jandrews@unitedplasticrecycling.com; jhollinger@unitedplasticrecycling.com; awalker@unitedplasticrecycling.com
UNITED STATES PLASTIC CORP,Remit,,,,INVOICE,UNITED STATES PLASTIC CORP,1390 Neubrecht Rd.,,Lima,OH,45801,United States,Ann Limbert,419-228-2242,usp@usplastic.com
UNITED STATES PLASTIC CORPORATION,Remit,,,,INVOICE,UNITED STATES PLASTIC CORPORATION,1390 Neubrecht Rd,,Lima,OH,45801,United States,,,
UNITED STATES RECYCLING,Remit,,,,INVOICE,UNITED STATES RECYCLING,6101 Tacony Street,,Philadelphia,PA,19135,United States,Susan Schwartz,(215) 338-5050,sschwartz@unitedstatesrecycling.com
UNITED STATES RECYCLING,Location,,,,PHILADELPHIA,UNITED STATES RECYCLING,6101 Tacony Street,,Philadelphia,PA,19135,United States,Susan Schwartz,(215) 338-5050,sschwartz@unitedstatesrecycling.com
UNITED STATES RECYCLING,Location,,,,"ZIONSVILLE, PA",Dan Schantz Farm,8025 Spinnerstown Rd,,Zionsville,PA,18092,United States,sschwartz,(215) 338-5050,sschwartz@unitedstatesrecycling.com
UNITED STEEL AND AGGREGATE INC,Remit,,,,INVOICE,UNITED STEEL AND AGGREGATE INC,755 5th Ave SE,,Dickinson,ND,58601,United States,Larry,(701) 580-9073,larry@usaagg.net
Universal Commodity Services Inc,Inv/Remit,,,,INVOICE,Universal Commodity Services Inc,3165 Bush Dr,,Nashville,TN,12345,United States,Igor Beylin,704-123-4567,abuyanovskiy@ucsincny.com
UNIVERSAL ENVIRONMENTAL SERVICES,Invoice,,,,INVOICE,UNIVERSAL ENVIRONMENTAL SERVICES,200 W Springdale Ave,,Knoxville,TN,37921,United States,Todd Ellison,865-558-0533,wellison@universalenviro.com
Universal Environmental Services,Remit,,,,PRIMARY ADDRESS,Universal Environmental Services,411 Dividend Drive,,Peachtree City,GA,30269,United States,,,
UNIVERSAL PACKAGE LLC,Remit,,,,INVOICE,UNIVERSAL PACKAGE LLC,4360 E 2150 N,PO Box 88,Dale,IN,47523,United States,Jon Brandes,(812) 937- 3605,JonBrandes@universalpackage.com; sa@scrapmanagement.com
UNIVERSAL PLASTICS PURCHASING,Inv/Remit,,,,INVOICE,UNIVERSAL PLASTICS PURCHASING,59 Bay Hill Drive,,Latrobe,PA,15650,United States,SCharboneau,,SCharboneau@universalplastics.com
UNIVERSAL SCRAP METALS INC,Remit,,,,INVOICE,UNIVERSAL SCRAP METALS INC,2500 W Fulton St,,Chicago,IL,60612,United States,Jon Friedman,(312) 735-6103,jon@usmrecycles.com
UNIVERSAL SCRAP METALS INC,Location,,,,CHICAGO - ARTESIAN,UNIVERSAL SCRAP METALS INC,321 N. Artesian,,Chicago,IL,60612,United States,Jon Friedman,(312) 735-6103,jon@usmrecycles.com;jon@usmrecycles.com
UPPER VALLEY DISPOSAL SERVICES,Remit,,,,INVOICE,UPPER VALLEY DISPOSAL SERVICES,PO Box 382,1285 Whitehall Ln.,St Helena,CA,94574-9682,United States,David Woods,(707) 963-7988,"david@uvds.com, ib@scrapmanagement.com"
UPSTREAM RECYCLING,Inv/Remit,,,,INVOICE,UPSTREAM RECYCLING,581 Rainbow Falls Rd,,Granville,SC,29829,United States,Tom Poucher,(706) 836-1498,thomas.poucher@gmail.com; zpoucher@gmail.com; ib@scrapmanagement.com
UPSTREAM RECYCLING,Location,,,,"AUGUSTA, GA",UPSTREAM RECYCLING,250 Dan Bowles Rd,,Augusta,GA,30901,United States,Tom Poucher,(706) 836-1498,thomas.poucher@gmail.com
US COLUMBUS TRADE LLC,Remit,,,,INVOICE,US COLUMBUS TRADE LLC,800 South  Leighton Street,,Kenton,OH,43326,United States,Lisa Yee,(614) 266- 0760,usctrade@yahoo.com; LM@scrapmanagement.com
US GRANULES CORPORATION,Inv/Remit,,,,INVOICE,US GRANULES CORPORATION,P.O. Box 130,,Plymouth,IN,46563,United States,Joyce Klingerman; Tonya Simpki,574-936-2146,joyce@usgranules.com; sa@scrapmanagement.com; tssimpkins@usgranules.com
US PLASTICS RECOVERY,Inv/Remit,,,,INVOICE,US PLASTICS RECOVERY,900 Raco Drive,Suite B,Lawrenceville,GA,30046,United States,Steve Hogan,770.582.9616,steve.hogan@usprecovery.com; ib@scrapmanagement.com
US RECYCLING GROUP,Remit,,,,INVOICE,US RECYCLING GROUP,3508 Tumbling River Dr,,Clermont,FL,34711,United States,Steve Sullivan,(352) 978-1709,steve.sullivan@ymail.com; ib@scrapmanagement.com
US RECYCLING GROUP,Location,,,,US RECYCLING - HYATTSVILLE,US RECYCLING GROUP,6500 Sheriff Road,,Hyattsville,MD,20785,United States,Steve Sullivan,(352) 978-1709,steve.sullivan@ymail.com
USALLIANCE TRADE GROUP LLC,Remit,,,,INVOICE,USALLIANCE TRADE GROUP LLC,8639-B 16th Street,Suite 256,Silver Spring,MD,20910,United States,Grady Riggs,(202) 995-5608,usalliancetradegroup@gmail.com; ib@scrapmanagement.com
USEDCARDBOARDBOXES.COM,Inv/Remit,,,,INVOICE,USEDCARDBOARDBOXES.COM,4032 Wilshire Blvd. #402,,Los Angeles,CA,90010,United States,Jessica Prochaska,323-724-2500 x723,jessicaprochaska@usedcardboardboxes.com; PaulBuenaventura@usedcardboardboxes.com; ab@scrapmanagement.com; Purchasing@UsedCardboardBoxes.com; keiththompson@ucbenvironmental.com
USEDPLASTICPALLETS.COM,Remit,,,,INVOICE,USEDPLASTICPALLETS.COM,PO BOX 406,,Dunlap,CA,93621-9998,United States,Yolanda,888-660-0601,Service@wholesalepallets.com; rp@scrapmanagement.com
USEDPLASTICPALLETS.COM,Location,,,,"EAGLE GROVE, IA",Zoetis (Alpharma),1020 NW 10th,,Eagle Grove,IA,50533,United States,,,
USEDPLASTICPALLETS.COM,Location,,,,KALIMAZOO,USEDPLASTICPALLETS.COM,2715 Miller Road,,Kalamzoo,MI,49001,United States,,,
USEDPLASTICPALLETS.COM,Location,,,,PRIMARY ADDRESS,GOOD DEEDS FOUNDATION,PO BOX 406,,DUNLAP,CA,93621,United States,,,
USER FRIENDLY RECYCLING LLC,Remit,,,,INVOICE,USER FRIENDLY RECYCLING LLC,PO Box 631,,Stoughton,MA,2072,United States,David Spiegelman,(781) 269-5021,david@ufrecycling.com; ib@scrapmanagement.com
USER FRIENDLY RECYCLING LLC,Location,,,,"ALBERTVILLE, AL",HUHTAMAKI INC,608 Mathis Mill Rd,,Albertville,AL,35951,United States,Allen Ross,256-894-1166,
USER FRIENDLY RECYCLING LLC,Location,,,,"WATERVILLE, ME",USER FRIENDLY RECYCLING LLC,242 College Ave,,Waterville,ME,4901,United States,David Spiegelman,(781) 269-5021,david@ufrecycling.com;
USHIP,Remit,,,,INVOICE,USHIP,,,,,,United States,,,
UTZ QUALITY FOODS,Inv/Remit,,,,INVOICE,UTZ QUALITY FOODS,237 Industrial Drive,,Kings Mountain,NC,28086,United States,Evan Boyer,717-693-0615,EBoyer@utzsnacks.com; JClemmons@utzsnacks.com; rshankle@utzsnacks.com; agambino@utzsnacks.com; ib@scrapmanagement.com
VALE SALVAGE & RECYCLING,Remit,,,,INVOICE,VALE SALVAGE & RECYCLING,2809 Sam Houser Rd,,Vale,NC,28168-9367,United States,Harvey Houser,(704) 276-1167,harveyhouser@gmail.com; ib@scrapmanagement.com
VALLEY PALLET RECYCLER INC,Inv/Remit,,,,INVOICE,VALLEY PALLET RECYCLER INC,2007 Route 9w,,Milton,NY,12547,United States,Dane Mannese,(845) 795-1084,palletguys@aol.com; ib@scrapmanagement.com
VALLEYWOOD INDUSTRIES INC,Remit,,,,INVOICE,VALLEYWOOD INDUSTRIES INC,6500 Landay Ave,,Baltimore,MD,21237,United States,Charles Walcutt,(410) 488-5500,valleywoodpallet@verizon.net
VALUE CLOTHING,Remit,,,,INVOICE,VALUE CLOTHING,1310 Richard St,,Salisbury,NC,28144,United States,RJ Williams,704-638-6111,rj@valueclothing.us; candy@valueclothing.us; ib@scrapmanagement.com
VAN WERT SOLID WASTE,Inv/Remit,,,,INVOICE,VAN WERT SOLID WASTE,1135 N. Washington,,Van Wert,OH,45891-9491,United States,George Brake,(419) 238-7767,recyclevw@bright.net; aa@ucsincny.com
VANGEL PAPER INC.,Remit,,,,INVOICE,VANGEL PAPER INC.,3020 Nieman Avenue,,Baltimore,MD,,United States,Angelos,(410) 536- 4354,angelos@vangelinc.com; aa@scrapmanagement.com
VANTAGE PLASTICS,Inv/Remit,,,,INVOICE,VANTAGE PLASTICS,1415 W Cedar St,,Standish,MI,48658,United States,Elliott Buchanan,989-846-1029,elliott.buchanan@edgematerialsmanagement.com; ib@ucsincny.com; abuyanovskiy@ucsincny.com
VANTAGE PLASTICS,Location,,,,EDGE MATERIALS - Standish,EDGE MATERIALS MANAGEMENT,4215 Airport Park,,Standish,MI,48658,United States,,,
VENTEK SOLUTIONS LLC,Remit,,,,INVOICE,VENTEK SOLUTIONS LLC,210 Spring Street,,Eau Claire,WI,54703,United States,Cody Johnvin,715-833-1800 x2137,Cody.Johnvin@Sonoco.com; Megan.Jones@sonoco.com; troy.schindler@sonoco.com; ib@scrapmanagement.com
VEPAR LLC,Inv/Remit,,,,INVOICE,VEPAR LLC,PO BOX 2376,,Frazer,PA,19355,United States,John Grobe,(610) 462- 4545,john.grobe@veparllc.com; rp@scrapmanagement.com
VEPAR LLC,Location,,,,PICK UP ADDRESS,VEPAR LLC,900 W Bridge St,,Spring City,PA,19475,United States,,,
VERDECO RECYCLING INC,Invoice,,,,INVOICE,VERDECO RECYCLING INC,10535 James Adams St,,Terre Haute,IN,47802,United States,Jennifer Stevens,(213) 595-8585,Jennifer.stevens@verdecorecycling.com; sa@scrapmanagement.com
"Sallyport Commercial Finance, LLC",Remit,,,,PRIMARY ADDRESS,"Sallyport Commercial Finance, LLC","Verdeco Recycling, Inc,","PO Box 4776, #100,",Houston,TX,77210-4776,United States,Keely  Barrett,832 939 9450,kbarrett@sallyportcf.com;kbarrett@sallyportcf.com;kbarrett@sallyportcf.com
VERITY RECYCLING LLC,Remit,,,,INVOICE,VERITY RECYCLING LLC,237 W Central Ave,,Asheboro,NC,27203,United States,David McLawhorn,512-626-8920,david@dmplastics.net; gina@verityresins.com; linda@verityresins.com
VERTICE INDUSTRIES,Remit,,,,INVOICE,VERTICE INDUSTRIES,1213 North Sherman Dr,,Indianapolis,IN,46201,United States,Ray Pomerleau,(317) 908-7253,rpomerleau71@gmail.com; sa@scrapmanagement.com
VIDA CORPORATION,Inv/Remit,,,,INVOICE,VIDA CORPORATION,9655 Schmidt Lake Rd,Suite 300,Plymouth,MN,55442,United States,"Ravi Seeley, Jacob Kornberg",763-270-5766,raviseeley@vidacorp.net; jake@vidacorp.net; ib@ucsincny.com; abuyanovskiy@ucsincny.com
VIKOZ ENTERPRISES INC,Remit,,,,INVOICE,VIKOZ ENTERPRISES INC,"1270 E, Siesta Dr",,Sandy,UT,84093,United States,Ed Osley,801-453-0370,edosley@vikoz.com; rp@scrapmanagement.com
VIKOZ ENTERPRISES INC,Location,,,,"EASTON, PA",QRH POLYMERS,400 Island Park Rd,Bldg 28,Easton,PA,18042,United States,Ed Osley,801-453-0370,edosley@vikoz.com; rp@scrapmanagement.com
VIM RECYCLERS LLP,Inv/Remit,,,,PRIMARY,VIM RECYCLERS LLP,PO Box 755,,Genl Ellyn,IL,60138,United States,John Pratapas,(630) 892-0445,jpratapas@vimrecyclers.com; documentation@vimrecyclers.com; jmcmahon@vimrecyclers.com
VIM RECYCLERS LLP,Location,,,,"VIM RECYCLERS, LLP","VIM RECYCLERS, LLP",920 Rathbone Avenue,,Aurora,IL,60506-5506,United States,Patrick  Williams,(630) 892-0445,jpratapas@vimrecyclers.com
VISH GROUP,Inv/Remit,,,,INVOICE,VISH GROUP,1605 JERSEY AVE,,NORTH BRUNSWICK,NJ,8902,United States,Shiv M. Kukreja,(201) 529-2900,shiv@vishgroup.com; billing@vishgroup.com
VISH GROUP,Location,,,,"FLEMINGTON, NJ",VISH GROUP,112 Church Street,,Flemington,NJ,8822,United States,Shiv Kukreja,,shiv@vishgroup.com
VISH GROUP,Location,,,,"MEMPHIS, TN",VISH GROUP,4063 Viscount Ave,,Memphis,TN,381189,United States,Shiv Kukreja,,dispatch@vishgroup.com; shiv@vishgroup.com;dispatch@vishgroup.com; shiv@vishgroup.com
W & W MATERIALS SUPPLY INC,Primary,,,,INVOICE,W & W MATERIALS SUPPLY INC,6833 Wildermere Dr NE,,Rockford,MI,49341-8597,United States,Steffaney Newland,(616)-427-4703,dwo53@att.net; steffaney.wwms@gmail.com
W & W MATERIALS SUPPLY INC,Location,,,,PICK UP ADDRESS,W & W MATERIALS SUPPLY INC,1325 Edna St S E,,Grand Rapids,MI,49507,United States,Doug Oren,(302) 588-3033,dwo53@att.net
W & W MATERIALS SUPPLY INC,Remit,,,,PRIMARY ADDRESS,W & W MATERIALS SUPPLY INC,1122 S Bridge St,,"Belding,",MI,48809,United States,,,
W & W PALLET LLC,Remit,,,,INVOICE,W & W PALLET LLC,127A Road 1597,P.O. Box 313,Nettleton,MS,38858,United States,Carmen Patterson,662-322-7932,contact@wwpallet.com; aakopyan@ucsincny.com
W AND W MATERIALS SUPPLY,Remit,,,,INVOICE,W AND W MATERIALS SUPPLY,1325 Edna St SE,,Grand Rapids,MI,49507,United States,Doug Oren,,steffaney.wwms@gmail.com
W ENTERPRISES LLC,Remit,,,,INVOICE,W ENTERPRISES LLC,P.O. Box 602,,Crawfordsville,IN,47933,United States,Mary Walden  Marcia Neal,(765) 362-2182,wenterprises302@gmail.com; mdneal85@gmail.com; sa@scrapmanagement.com
W ENTERPRISES LLC,Location,,,,CRAWFORDSVILLE,W ENTERPRISES LLC,302 S Oak Street,,Crawfordsville,IN,47933,United States,,,
W SILVER RECYCLING,Remit,,,,INVOICE,W SILVER RECYCLING,601 N Mesa Street,Suite 1500,El Paso,TX,79901,United States,Robert Tejada,915-277-7538,rtejada@wsilverrecycling.com; ib@scrapmanagement.com
W WAREHOUSING,Inv/Remit,,,,INVOICE,W WAREHOUSING,1800 Rogers Ave,,Appleton,WI,54914,United States,James Flasch,920-428-5302,jd@wwarehousingllc.com
W WAREHOUSING,Location,,,,HORTONVILLE WI,W WAREHOUSING,111 N Douglas St,,Hortonville,WI,54944,United States,,,
WAGRAM PAPER STOCK INC.,Primary,,,,INVOICE,WAGRAM PAPER STOCK INC.,21880 2nd. St.,,Wagram,NC,28396,United States,Benny Laviner,(910) 369-2211,blaviner@windstream.net; ib@scrapmanagement.com
,Remit,,,,REMIT,WAGRAM PAPER STOCK INC.,PO Box 328,21880 2nd Street,Wagram,NC,28396,United States,,,
WALKER RECYCLING INC,Inv/Remit,,,,INVOICE,WALKER RECYCLING INC,501 E Market St,,Salem,IN,47167,United States,Ron Wilcox,(502) 649-8725,ron.walkerrec@gmail.com; Walkerrecyclinginc@yahoo.com; sa@scrapmanagement.com
WALKER RECYCLING INC,Location,,,,"SCOTTSBURG, IN",WALKER RECYCLING INC,845 S Elm St,,Scottsburg,IN,47170,United States,,,
WARREN OIL COMPANY,Remit,,,,INVOICE,WARREN OIL COMPANY,2340 US 301 N,,Dunn,NC,28334,United States,Brandon Gregory,(910) 694-1187,bgregory@warrenoil.com; mhalstead@warrenoil.com;  jtalton@warrenoil.com; ib@scrapmanagement.com
WARRICK COUNTY SWMD,Remit,,,,INVOICE,WARRICK COUNTY SWMD,1111 S. Pelzer Road,,Boonville,IN,47601,United States,Freddie Rowland,812-897-1322,freddie@warrickrecycles.org; lm@scrapmanagement.com
WASTE COMMISSION OF SCOTT COUNTY,Remit,,,,INVOICE,WASTE COMMISSION OF SCOTT COUNTY,11555 110th Ave,,Davenport,IA,52804,United States,Michelle Adams,563-388-1401,michelle.adams@wastecom.com; lm@scrapmanagement.com
WASTE COMMISSION OF SCOTT COUNTY,Location,,,,ALTERNATE LOCATION,WASTE COMMISSION OF SCOTT COUNTY,7217 Gains St Ct,,Davenport,IA,52807,United States,Michelle Adams,563-388-1401,michelle.adams@wastecom.com;michelle.adams@wastecom.com
WASTE COMMISSION OF SCOTT COUNTY,Location,,,,"DAVENPORT, IA",WASTE COMMISSION OF SCOTT COUNTY,5640 Carey Ave,,Davenport,IA,52807,United States,Michelle Adams,563-388-1401,michelle.adams@wastecom.com
WASTE CONNECTIONS (Albany),Remit,,,,INVOICE,WASTE CONNECTIONS,865 South Pearl Street,,Albany,NY,12202,United States,Jacob Fuentes,518-626-0777,JacobD@WasteConnections.com; Neema.Blake@WasteConnections.com; rp@scrapmanagement.com
WASTE CONNECTIONS (Albany),Location,,,,"DES PLAINES, IL",GROOT,55 W Howard Ave,,Des Plaines,IL,60018,United States,Jacob D. Fuentes,518-512-4633,Jacob.Fuentes-Diaz@WasteConnections.com
WASTE CONNECTIONS OF AZ - TUCSON DIVISION,Remit,,,,INVOICE,WASTE CONNECTIONS OF AZ,3755 S. Royal Palm Road,,Apache Junction,AZ,85119,United States,Larry Williams,(520) 867-6080,Laurence.Williams@wasteconnections.com; ib@scrapmanagement.com; larry@wasteconnections.com
WASTE CONNECTIONS OF AZ - TUCSON DIVISION,Location,,,,PRIMARY ADDRESS,WASTE CONNECTIONS OF AZ - TUCSON DIVISION,3755 S. Royal Palm Road,,Apache Junction,AZ,85119,United States,Larry Williams,(520) 867-6080,Laurence.Williams@wasteconnections.com;Laurence.Williams@wasteconnections.com
WASTE PRO - ATLANTA GA,Remit,,,,INVOICE,WASTE PRO USA,4785 Fulton Industrial Blvd SW,Suite F,Atlanta,GA,30336,United States,"Will Howard, Frank Casagrande",352-261-0253,whoward@wasteprousa.com; fcasagrande@wasteprousa.com; ldemars@wasteprousa.com; rp@scrapmanagement.com
WASTE PRO - ATLANTA GA,Location,,,,"ATLANTA, GA",WASTE PRO USA,4785 Fulton Industrial Blvd,Suite F,Atlanta,GA,30336,United States,,,
WASTE PRO - OCALA FL,Remit,,,,INVOICE,WASTE PRO USA,3621 NW 10th Street,,Ocala,FL,34475,United States,"Will Howard, Frank Casagrande",352-261-0253,whoward@wasteprousa.com; fcasagrande@wasteprousa.com; rp@ucsincny.com; ldemars@wasteprousa.com; ib@scrapmanagement.com
WASTE PRO RECYCLING,Remit,,,,INVOICE,WASTE PRO RECYCLING,3544 Rabbits Foot Trail,,Lexington,KY,40503,United States,Austin Montgomery,(859) 327-5789,austin@wasteprorecyclingky.com
WASTE PRO RECYCLING,Location,,,,PARIS KY,WASTE PRO RECYCLING,220 Clintonville Rd,,Paris,KY,40361,United States,Austin Montgomery,(859) 327-5789,austin@wasteprorecyclingky.com;austin@wasteprorecyclingky.com
WASTE RECYCLING,Primary,,,,INVOICE,WASTE RECYCLING,824 N. Decatur St.,,Montgomery,AL,36104,United States,Greg Sport,404-430-6697,gsport@wasterecyclinginc.com; sa@scrapmanagement.com
WASTE RECYCLING,Location,,,,"ANNISTON, AL",WASTE RECYCLING,1100 W 10th St,,Anniston,AL,36201-5420,United States,Greg Sport,256-236-1991,gsport@wasterecyclinginc.com
WASTE RECYCLING,Remit,,,,PRIMARY ADDRESS,WASTE RECYCLING,PO Box 2614,,Anniston,AL,36202,United States,,,
WASTE SOLUTIONS INC,Remit,,,,INVOICE,WASTE SOLUTIONS INC,2874 Shelby Street,Suite 211,Bartlett,TN,38134,United States,George Sykes,(901) 382- 2448,georgesykes52@icloud.com; wastesolutioninc@aol.com; aa@scrapmanagement.com; nick@wastesolutioninc.com
WASTE SOLUTIONS INC,Location,,,,MEMPHIS TN,WASTE SOLUTIONS INC,5565 E. Raines Rd,,Memphis,TN,38115,United States,,,
WASTE SOLUTIONS INC,Location,,,,MEMPHIS TN - Shelby,WASTE SOLUTIONS INC,2874 Shelby St,Ste 211,Memphis,TN,38134,United States,,,
WASTE-NOT RECYCLING,Remit,,,,INVOICE,WASTE-NOT RECYCLING,1065 Poplar Street,,Loveland,CO,80534,United States,John Newman,(970) 669-9912,jnewman@waste-not.com; ib@scrapmanagement.com
WEBB PALLET SERVICE,Remit,,,,INVOICE,WEBB PALLET SERVICE,16640 Jordan Ave,,Jordan,MN,55352,United States,Steve Nathe,952-492-5545,Steve@webbpallet.com; ab@scrapmanagement.com
WERLOR WASTE,Remit,,,,INVOICE,WERLOR WASTE,1420 RALSTON AVE,,DEFIANCE,OH,43512,United States,Tom Sanders,(419) 784-4285,sanders@werlor.com; lm@scrapmanagement.com;sanders@werlor.com; lm@scrapmanagement.com
WESTROCK CP LLC,Remit,,,,INVOICE,WESTROCK CP LLC,PO Box 409813,,Atlanta,GA,30384,United States,Jason Milford,,jason.milford@westrock.com; mallory.maher@westrock.com; kanethia.morris@westrock.com; sales2@scrapmanagement.com
WESTROCK CP LLC,Location,,,,INDIANAPOLIS,WESTROCK CP LLC,1775 S West St,,Indianapolis,IN,46225,United States,,,
WESTROCK CP LLC,Location,,,,LOUISVILLE KY,WESTROCK LOUISVILLE RECYCLE,2000 Industrial Blvd,,Louisville,KY,40219,United States,Jason Milford,,jason.milford@westrock.com; mallory.maher@westrock.com; kanethia.morris@westrock.com; sales2@scrapmanagement.com
WESTROCK CP LLC,Location,,,,"TAMPA, FL",WESTROCK CP LLC,5111 N 26th St,,Tampa,FL,33610,United States,Jason Milford,(813) 238-6433,jason.milford@smurfitwestrock.com; zoe.mcmullan@smurfitwestrock.com; ib@scrapmanagement.com
WEXFORD INTERNATIONAL,Inv/Remit,,,,INVOICE,WEXFORD INTERNATIONAL,190 Main Street Suite 102,P.O. Box 715,Gladstone,NJ,7934,United States,Chris Brown,908-781-7200,cbrown@wexfordint.com; ib@scrapmanagement.com
WEXFORD INTERNATIONAL,Location,,,,"WHEELING, IL",Nu-Pro Polymers,555 Allendale Dr,,Wheeling,IL,60090,United States,Chris Brown,908-781-7200,cbrown@wexfordint.com; ib@scrapmanagement.com
WILSON WASTE CO,Primary,,,,INVOICE,WILSON WASTE CO,1321 Dry Valley Rd,,Rossville,GA,30741,United States,Kenneth Wilson,(706) 820-9077,WilsonWasteCo@aol.com
WILSON WASTE CO,Remit,,,,PRIMARY ADDRESS,WILSON WASTE CO,P.O. Box 144,,Flintstone,GA,30725,United States,,,
WIN WASTE INNOVATIVE,Remit,,,,INVOICE,WIN WASTE INNOVATIVE,PO Box 844823,,Boston,MA,2284,United States,Jason Johnson,(508) 509-7540,jjohnson1@win-waste.com; rp@scrapmanagement.com;jjohnson1@win-waste.com; rp@scrapmanagement.com
WIN WASTE INNOVATIVE,Location,,,,DELIVERY ADDRESS,New England Recycling,569 Winthrop Street,,Taunton,MA,2780,United States,Jason Johnson,508-509-7540,
WINCO PLASTICS,Remit,,,,INVOICE,WINCO PLASTICS,149 S Grant St,,North Aurora,IL,60542,United States,Gillian,,gillian@wincoplastics.com; ss@scrapmanagement.com
WINMATE COMMUNICATION US INC,Inv/Remit,,,,INVOICE,WINMATE COMMUNICATION US INC,2640 Mathews Street,,Smyrna,GA,30080,United States,John Wickham,(678) 570-7299,WickhamJ@winmate-rugged.com; ib@scrapmanagement.com
WINTERRA SOLUTIONS,Remit,,,,INVOICE,WINTERRA SOLUTIONS,8360 New Harmony Rd.,,Martinsville,IN,46151,United States,Michael Douglas,,mdouglas@winterrasolutions.com
WINTERRA SOLUTIONS,Location,,,,PRIMARY ADDRESS,WINTERRA SOLUTIONS,1213 N Sherman Drive,,Indianapolis,IN,46201,United States,,,
WINTERS BROS,Remit,,,,INVOICE,WINTERS BROS,120 NANCY ST,,W Babylon,NY,11704,United States,Juan Navas,(631) 901-3272,jnavas1@wm.com; eimperia@wm.com ; aa@scrapmanagement.com
WJW ASSOCIATES LTD,Remit,,,,INVOICE,WJW ASSOCIATES LTD,PO Box 156,,Syracuse,NY,13206,United States,Sheila Norman,(704) 873-2429,snorman@wjwltd.com
WM RAY'S TRASH,Invoice,,,,INVOICE,WM RAY'S TRASH,PO Box 1,,Clayton,IN,46118,United States,Christopher Goode,(317) 381-0968,cgoode@wm.com; bmoench@wm.com; ab@scrapmanagement.com; kthoma16@wm.com
WM RAY'S TRASH,Location,,,,CLARKS HILL IN,WM RECYCLE AMERICA,11349 US Highway 52 South,,Clarks Hill,IN,47930,United States,,,
WM RAY'S TRASH,Location,,,,GREENCASTLE PA,INDUSTRIAL PALLET CORP,255 North Carlisle Street,,Greencastle,PA,17225,United States,,,
WM RAY'S TRASH,Location,,,,INDIANAPOLIS IN,WM RECYCLE AMERICA,2025 Stoutfilled West Dr.,,Indianapolis,IN,46241,United States,Beth Moench   Wes Smith,317-381-0968,wsmith5@wm.com; bmoench@wm.com;ab@scrapmanagement.com
WM Recycle America,Remit,,,,PRIMARY ADDRESS,WM Recycle America,PO Box 73356,,Chicago,IL,60673-7356,United States,,,
WM Recycle America,Location,,,,WHITESTOWN IN,WM RECYCLE AMERICA,6251 S Indianapolis Rd,,Whitestown,IN,46075,United States,Beth Moench   Wes Smith,317-539-6770,wsmith5@wm.com; rsmith@raystrash.com; rebates@raystrash.com; bmoench@wm.com; crobinson@raystrash.com
WM RECYCLE AMERICA,Inv/Remit,,,,INVOICE,WM RECYCLE AMERICA,PO BOX 73356,,Chicago,IL,60673-7356,United States,Matt Mckinney,,mmckinn2@wm.com; rp@scrapmanagement.com
WM RECYCLE AMERICA,Location,,,,"HEB - SAN ANTONIO, TX",HEB,5401 Business Park,,San Antonio,TX,78220,United States,Tonya Schaffer,,tschaff1@wm.com
WM RECYCLE AMERICA,Location,,,,WASTE MANAGEMENT -  BALTIMORE MD,WM RECYCLE AMERICA,6401 Quad Ave,,Baltimore,MD,21205,United States,,,
WM RECYCLE AMERICA,Location,,,,WASTE MANAGEMENT -  HOWELL MI,WM RECYCLE AMERICA,750 S. McPherson Park Drive,,Howell,MI,48843,United States,Matt Mckinney,,mmckinn2@wm.com; rp@scrapmanagement.com
WM RECYCLE AMERICA,Location,,,,"WASTE MANAGEMENT -  LAKEVILLE, MA",WM RECYCLE AMERICA,260 Kenneth Welch Drive,,Lakeville,MA,2347,United States,John Calamia,(888) 964-9730,jcalamia@wm.com
WM RECYCLE AMERICA,Location,,,,"WASTE MANAGEMENT -  MIAMI, FL",WM RECYCLE AMERICA,3401 NW 110 Street,,Miami,FL,33167,United States,Christen Baldwin,(888) 964-9730,CBaldwin@wm.com
WM RECYCLE AMERICA,Location,,,,WASTE MANAGEMENT -  NEWARK NJ,WM RECYCLE AMERICA,150 Saint Charles St.,,Newark,NJ,7105,United States,,,
WM RECYCLE AMERICA,Location,,,,WASTE MANAGEMENT -  OKLAHOMA CITY OK,WM RECYCLE AMERICA,5519 NW4th,,Oklahoma City,OK,73127,United States,,,
WM RECYCLE AMERICA,Location,,,,"WASTE MANAGEMENT -  RALEIGH, NC",WM RECYCLE AMERICA,1815 Capital Blvd,,Raleigh,NC,27604,United States,Mary Tomaszewski,(716) 626-7828,MTomasze@WM.com
WM RECYCLE AMERICA,Location,,,,WASTE MANAGEMENT -  SAN ANTONIO TX,WM RECYCLE AMERICA,5610 Farm to Market 1346,,San Antonio,TX,78220,United States,,,
WM RECYCLE AMERICA,Location,,,,"WASTE MANAGEMENT -  SYDNEY, NE",Cabela,3200 Road 101,,Sydney,NE,69160,United States,,,
WM RECYCLE AMERICA,Location,,,,WASTE MANAGEMENT -  TAMPA FL,WM RECYCLE AMERICA,3518 4th Ave North,,Tampa,FL,33610,United States,,,
WM RECYCLE AMERICA,Location,,,,WASTE MANAGEMENT -  TRACY CA,WM RECYCLE AMERICA,WM Tracy,,,CA,,United States,,,
WM RECYCLE AMERICA,Location,,,,"WASTE MANAGEMENT - ALLENTOWN, PA",WM RECYCLE AMERICA,799 Smith Street,,Northampton,PA,18067,United States,Pam Horvath,610-262-6988,Pam.HOrvath@greenstar-na.com; evalenti@wm.com; rp@ucsincny.com
WM RECYCLE AMERICA,Location,,,,"WASTE MANAGEMENT - ARBUTUS, MD",WM RECYCLE AMERICA,1404 Benson Court,,Halethorpe,MD,21227,United States,Matthew and Hayley,716 286 0208,mmckinn2@wm.com; hhansen@wm.com; rp@scrapmanagement.com
WM RECYCLE AMERICA,Location,,,,"WASTE MANAGEMENT - ARLINGTON, TX",WM  RECYCLE AMERICA,1923 Meridian St,,Arlington,TX,76011,United States,Kurt Humes,704-690-9668,shawley@wm.com; nyokofic@wm.com;khumes@wm.com
WM RECYCLE AMERICA,Location,,,,"WASTE MANAGEMENT - AVON, MA",WM RECYCLE AMERICA,40 Ledin Drive,,Avon,MA,2322,United States,Rachel Jerge,716-626-7862,rjerge@wm.com; ib@scrapmanagement.com
WM RECYCLE AMERICA,Location,,,,"WASTE MANAGEMENT - BILLERICA, MA",WM RECYCLE AMERICA,72 Salem Road,,Billerica,MA,1862,United States,Rachel Jerge,716-626-7862,rjerge@wm.com; ib@scrapmanagement.com;rjerge@wm.com; ib@scrapmanagement.com
WM RECYCLE AMERICA,Location,,,,"WASTE MANAGEMENT - BROCKVILLE, ON",WM RECYCLE AMERICA,1380 California Avenue,,Brockville,ON,K6V 6K8,United States,John Calamia,(888) 964-9730,
WM RECYCLE AMERICA,Location,,,,"WASTE MANAGEMENT - CAROL STREAM, IL",WM RECYCLE AMERICA,550 N. Center Avenue,,Carol Stream,IL,60188,United States,Kurt Humes,704-690-9668,khumes@wm.com
WM RECYCLE AMERICA,Location,,,,"WASTE MANAGEMENT - COLUMBUS, OH",WM CANAL WINCHESTER,1006 Walnut Street,,Canal Winchester,OH,43110,United States,Kurt Humes,260-854-4447,Khumes@wm.com
WM RECYCLE AMERICA,Location,,,,"WASTE MANAGEMENT - GRAYS LAKE, IL",WM RECYCLE AMERICA,30869 North Route 83,,Grayslake,IL,60030,United States,Kurt Humes,(888) 964-9730,khumes@wm.com
WM RECYCLE AMERICA,Location,,,,"WASTE MANAGEMENT - LAKEWOOD, NJ",WM RECYCLE AMERICA,800 Towbin Ave,,Lakewood,NJ,8701,United States,John Calamia,(888) 964-9730,jcalamia@wm.com
WM RECYCLE AMERICA,Location,,,,"WASTE MANAGEMENT - MADISON, WI",WM RECYCLE AMERICA,2200 Fish Hatchery Rd.,,Madison,WI,53713,United States,Kurt Humes,260-854-4447,Khumes@wm.com
WM RECYCLE AMERICA,Location,,,,"WASTE MANAGEMENT - NASHVILLE, TN",WM RECYCLE AMERICA,1740 River Hills Drive,,Nashville,TN,37210,United States,Jamie Howard,,jhowar16@wm.com
WM RECYCLE AMERICA,Location,,,,"WASTE MANAGEMENT - NEWPORT NEWS, VA",WM RECYCLE AMERICA,17200 Warwick Blvd,,Newport News,VA,23603,United States,Sean Stubbs,757-849-4785,mavellan@wm.com; msanfil1@wm.com; trucking@scrapmanagement.com
WM RECYCLE AMERICA,Location,,,,WASTE MANAGEMENT - OF THE PIEDMONT,WM RECYCLE AMERICA,3303 North Glenn Avenue,,Winston Salem,NC,27105,United States,John Calamia,(888) 964-9730,cbaldwin@wm.com
WM RECYCLE AMERICA,Location,,,,WASTE MANAGEMENT - REUTERS,WM RECYCLE AMERICA,20701 Pembroke Pines Road,,Pembroke Pines,FL,33029,United States,Jacklyn Wallace,954-988-2626,jwalla10@wm.com
WM RECYCLE AMERICA,Location,,,,WASTE MANAGEMENT - RIVIERA BEACH,WM RECYCLE AMERICA,4735 Dyer Blvd,,Riviera Beach,FL,,United States,,,
WM RECYCLE AMERICA,Location,,,,"WASTE MANAGEMENT - SAUK CENTRE, MN",WM RECYCLE AMERICA,39864 US Highway 71 S,,Sauk Centre,MN,56378,United States,Lara Jones,414-326-1078,mmckinn2@wm.com; ljones50@wm.com; lm@scrapmanagement.com;mmckinn2@wm.com; ljones50@wm.com; lm@scrapmanagement.com
WM RECYCLE AMERICA,Location,,,,"WASTE MANAGEMENT - SPOKANE, WA",WM RECYCLE AMERICA,2902 S Geiger Blvd,,Spokane,WA,99224,United States,Rich Steele,(509) 535-0284,rsteele2@wm.com
WM RECYCLE AMERICA,Location,,,,"WASTE MANAGEMENT - SPRINGFIELD, MA",WM RECYCLE AMERICA,84 Birnie Ave,,Springfield,MA,1107,United States,Deborah Frase,716-626-7821,DFrase@wm.com
WM RECYCLE AMERICA,Location,,,,WM - CLARKS HILL - Rays Trash,WM - CLARKS HILL MRF,11349 US Highway 52 South,,Clarks Hill,IN,47930,United States,Wes Smith,(317) 381-0968,wsmith5@wm.com; bmoench@wm.com; ab@scrapmanagement.com;wsmith5@wm.com; bmoench@wm.com; ab@scrapmanagement.com
WM RECYCLE AMERICA,Location,,,,WM - GREENCASTLE PA - Rays Trash,INDUSTRIAL PALLET CORP,255 North Carlisle Street,,Greencastle,PA,17225,United States,Wes Smith,(317) 381-0968,wsmith5@wm.com; bmoench@wm.com; ab@scrapmanagement.com
WM RECYCLE AMERICA,Location,,,,WM - INDIANAPOLIS - Rays Trash,WM - INDIANAPOLIS MRF,2025 Stoutfilled West Dr.,,Indianapolis,IN,46241,United States,Wes Smith,(317) 381-0968,wsmith5@wm.com; bmoench@wm.com; ab@scrapmanagement.com;wsmith5@wm.com; bmoench@wm.com; ab@scrapmanagement.com
XNM LLC,Inv/Remit,,,,INVOICE,Millenium Pallets,6016 N Main St SE,,Acworth,GA,30101,United States,Oscar,678-600-6820,xnm.2024.llc@gmail.com; ib@scrapmanagement.com
XPO LOGISTICS,Remit,,,,INVOICE,XPO LOGISTICS,27724 Network Place,,Chicago,IL,60673-1277,United States,Rachel Johnston,(704) 900-3080,rachel.johnston@xpo.com
YORKSHIRE PAPER CORP,Remit,,,,PRIMARY,YORKSHIRE PAPER CORP,12 Pond View Drive,P.O. Box 3607,Nantucket,MA,2584,United States,Greg Bourbeau,(508) 228-5542,
YORKSHIRE RECYCLING,Remit,,,,INVOICE,YORKSHIRE RECYCLING,1723 Washington Street,UNIT 312,Boston,MA,2118,United States,Greg Bourbeau,(414) 478-1149,Gbourbeau@theyorkshiregroup.net; rp@scrapmanagement.com
YORKSHIRE RECYCLING,Location,,,,SAS WORLDWIDE,S&S Worldwide,75 Mill Street,,Colchester,CT,6415,United States,Steve,(414) 478-1149,Gbourbeau@theyorkshiregroup.net; rp@ucsincny.com
Z - GENERAL MILL SUPPLY CO,Inv/Remit,,,,PRIMARY,GENERAL MILL SUPPLY CO,50690 General Mill Drive,,Wixom,MI,48393,United States,Robert Rotenberg,(248) 668-0800,georgia@genmill.com;recycle@genmill.com;jennifer@genmill.com;robert@genmill.com;georgia@genmill.com;recycle@genmill.com;jennifer@genmill.com;robert@genmill.com
ZACK'S RECYCLING,Remit,,,,INVOICE,ZACK'S RECYCLING,708 Fillmore St,,Napolean,OH,43545,United States,Jeremy Zachrich,(567) 341-4137,zacksrecycling@yahoo.com; sa@scrapmanagement.com
ZANESVILLE PALLET,Remit,,,,INVOICE,ZANESVILLE PALLET,2235 Liking Rd,,Zanesville,OH,43701,United States,Zane Lambert,7404543700,Zane@zanesvillepallet.com; ab@scrapmanagement.com
ZOOK'S PLASTIC RECOVERY,Remit,,,,PRIMARY,ZOOK'S PLASTIC RECOVERY,183  S.Farmersville Rd.,,Leola,PA,17540,United States,Daniel Zook,(717) 656-4422,zook.daniel1@gmail.com;zook.daniel1@gmail.com
ZOZZARO ATLANTIC COAST PROCESSING LLC,Remit,,,,INVOICE,ZOZZARO ATLANTIC COAST PROCESSING LLC,101 7th Street,,Passaic,NJ,7055,United States,Rick Ramsay,(973) 614-9600,rick.ramsay@atlanticcoastfibers.com;rick.ramsay@atlanticcoastfibers.com
