AddressID,CpID,Type,Addr1,Addr2,Addr3,City,Region,PostalCd,Country,Telephone,Fax,Email,MobilePhone,InvoiceAddr,RemitToAddress,isBillingAddressOnly,BillingEmail
400094,(OTHER),INVOICE,,,,,,,,,,,NULL,Y,1,NULL,NULL
400096,{C},(NA),,,,,,,,,,,NULL,Y,1,NULL,NULL
400097,{C},INVOICE,,,,,,,,,,NULL,NULL,Y,0,NULL,NULL
401838,134,INVOICE,DALTON ENTERPRISES,555 S. Rose Street,,Anaheim,CA,92805,US,(714) 321-9965,(714) 635-0138,Justin@certifiedusa.net; ib@scrapmanagement.com,,Y,0,NULL,
402007,303,INVOICE,POWERHOUSE RECYCLING WAREHOUSE,175 Lane Parkway,,Salisbury,NC,28146,US,(704) 322-3093,(704) 269-5633,mk@powerhouserecycling.com; ch@powerhouserecycling.com; eh@powerhouserecycling.com; ib@scrapmanagement.com,,Y,0,NULL,
402015,312,INVOICE,RAFF RECYCLING CORPORATION,PO BOX 1,209 GOSHEN ROAD,CAPE MAY COURT HOUSE,NJ,8210,US,(609) 465-7406,(609) 465-7271,raffs@comcast.net; ib@ucsincny.com,,Y,0,NULL,
402021,321,INVOICE,RECYCLE SOLUTIONS,1054 KANSAS STREET,,MEMPHIS,TN,38106,US,(901) 948-9500,,rdeyoung@recyclesolutions.net; ib@ucsincny.com,,Y,0,NULL,
402163,134,DALTON ENTERPRISES,DALTON ENTERPRISES,919 East South Street,,Anaheim,CA,92805,US,714-321-9965,714-635-0138,Justin@certifiedusa.net,NULL,N,0,0,
402426,1004,INVOICE,PIER,NULL,NULL,NULL,NULL,NULL,NULL,NULL,NULL,NULL,NULL,Y,0,NULL,NULL
402427,(INV),[STAGING],NULL,NULL,NULL,NULL,NULL,NULL,NULL,NULL,NULL,NULL,NULL,N,NULL,NULL,NULL
402429,1024,INVOICE,MIlK RUNS,,,,,,,,,NULL,NULL,Y,0,NULL,NULL
402430,(INV),MIlK RUNS,NULL,NULL,NULL,NULL,NULL,NULL,NULL,NULL,NULL,NULL,NULL,N,NULL,NULL,NULL
402431,(INV),DALTON WAREHOUSE,NULL,NULL,NULL,NULL,NULL,NULL,NULL,NULL,NULL,NULL,NULL,N,NULL,NULL,NULL
402461,(INV),POWERHOUSE WAREHOUSE,NULL,NULL,NULL,NULL,NULL,NULL,NULL,NULL,NULL,NULL,NULL,N,NULL,NULL,NULL
402470,1056,WAREHOUSE,JEI WAREHOUSE,2200 W 43rd St.,,Chicago,IL,60609,,(312) 907-4149,,jeiarcos@aol.com,NULL,Y,0,NULL,
402506,(INV),RAFF RECYCLING WAREHOUSE,NULL,NULL,NULL,NULL,NULL,NULL,NULL,NULL,NULL,NULL,NULL,N,NULL,NULL,NULL
402518,(INV),WPPP WAREHOUSE,NULL,NULL,NULL,NULL,NULL,NULL,NULL,NULL,NULL,NULL,NULL,N,NULL,NULL,NULL
402523,(INV),RECYCLE SOLUTIONS WAREHOUSE,NULL,NULL,NULL,NULL,NULL,NULL,NULL,NULL,NULL,NULL,NULL,N,NULL,NULL,NULL
402526,303,POWERHOUSE WAREHOUSE,POWERHOUSE RECYCLING,1400 Lutheran Synod Dr.,,Salisbury,NC,28144,,704-322-3093,704-269-5633,mk@powerhouserecycling.com; ch@powerhouserecycling.com; eh@powerhouserecycling.com,NULL,N,0,0,
402527,(INV),WESTBURY PAPERSTOCK WAREHOUSE,NULL,NULL,NULL,NULL,NULL,NULL,NULL,NULL,NULL,NULL,NULL,N,NULL,NULL,NULL
402530,1093,WAREHOUSE,RECYCLEFORCE,"1125 Brookside Ave, Suite D12",,Indianapolis,IN,46202,US,(317) 532-1367,,aking@recycleforce.org;wcarabano@ucsincny.com,NULL,Y,0,NULL,NULL
402548,1101,INVOICE,ADVANCED DRAINAGE SYSTEMS,"401 Olive St,",,Findlay,OH,45840,,419-424-8230,,Brandon.Shoemaker@greenlinepolymers.com; rrrandolph@greenlinepolymers.com; ib@ucsincny.com,419-619-5437,Y,0,NULL,
402549,1102,PRIMARY,BLUE RIDGE PLASTICS,11511 Hwy 770 East,,Eden,NC,27289,,(336) 627-7867,,dchristy@itwplastics.com; ib@ucsincny.com,,Y,0,NULL,
402550,1103,PRIMARY,BOOMERANG ENVIRONMENT,2400 rue de Lierre,,Laval,,H7G 4Y4,,(450) 668-9009,,jpchasse@boomerangenv.com; ib@ucsincny.com,,Y,0,NULL,
402551,1104,INVOICE,BRYAN PLASTICS PROCESSING LLC,721 East Edgerton Street,,Bryan,OH,43506,,(419) 630-0481,,cbostelman@bryanplastics.com; mcarroll@bryanplastics.com; ab@scrapmanagement.com; ib@ucsincny.com; ab@scrapmanagement.com,(419) 799-2130,Y,0,NULL,
402552,1105,PRIMARY,CANUSA HERSHMAN RECYCLING -C,Unit 8,9 Business Park Drive,Branford,CT,6405,,(203) 488-0887,,mgatison@ct.chrecycling.com; ib@ucsincny.com,,Y,0,NULL,
402553,1106,PRIMARY,CLEAR PATH RECYCLING,3500 Cedar Creek Rd.,,Fayetteville,NC,28312,,877-387-3738,,Bobbi.Barefoot@clearpathrecycling.com; ib@ucsincny.com,910-433-8317,Y,0,NULL,
402554,1107,PRIMARY,DOCKERY RECYCLING-C,"8839 N Cedar Ave, #42",,Fresno,CA,93720,,(559) 326-4778,,heather@dockeryrecycling.com; ib@ucsincny.com,,Y,0,NULL,
402555,1108,INVOICE,EAST JORDAN PLASTICS INC,PO Box 575,,East Jordan,MI,49727,,(231) 536-2243,,mike@ejplastics.com; ib@ucsincny.com,,Y,0,NULL,
402556,1109,INVOICE,ENPOL,1418 Dresden Dr.,Suite 200,Atlanta,GA,30319,,(770) 441-5033,,jtatum@enpol.com; jesi@enpol.com; ib@ucsincny.com,,Y,0,NULL,
402557,1110,PRIMARY,FAITH GROUP COMPANY,195 Rt. 9 Ste 205,,Manalapan,NJ,7726,,(732) 431-1326,,kristie@faith-group.com; liz@faith-group.com; ib@ucsincny.com,,Y,0,NULL,
402558,1111,INVOICE,GENERAL MILL SUPPLY CO INC,50690 General Mill Drive,,Wixom,MI,48393,,(248) 668-0800,,recycle@genmill.com; jennifer@genmill.com; robert@genmill.com; ab@scrapmanagement.com; ib@ucsincny.com,,Y,0,NULL,
402559,1112,PRIMARY,GRACE PLASTICS,2720 Moraine Way,,Batavia,OH,45103,,(513) 831-2720,,harold@graceplastics.com; ib@ucsincny.com,,Y,0,NULL,
402560,1113,PRIMARY,"GRAHAM PACKAGING COMPANY, INC",2401 Pleasant Valley Road,,York,PA,17402,,(717) 849-8653,,Jennifer.Edelin@grahampackaging.com; ib@ucsincny.com,,Y,0,NULL,
402561,1114,INVOICE,KW PLASTICS,279 Pike County Lake Rd,,Troy,AL,36079,US,(334) 566-1563,(334) 808-3368,dwarren@kwplastics.com; ib@ucsincny.com; abuyanovskiy@ucsincny.com,(334) 482-2009,Y,0,0,
402562,1115,PRIMARY,NEED CO,10612-D PROVIDENCE RD #750,,CHARLOTTE,NC,28277,,(704) 698-5186,,,NULL,Y,0,NULL,
402563,1116,PRIMARY,NEWPORT GROUP,3030 Saturn St,,Brea,CA,92821,,(714) 572-8881,,pcheung@newportchintl.com; esun@newportchintl.com; jrico@newportchintl.com; CCIC@newportchintl.com; ib@ucsincny.com,,Y,0,NULL,
402564,1117,PRIMARY,"NURRC, LLC",5396 N Blackstock Road,,Spartanburg,SC,29303,,(864) 574-0904,,scarreras@urrc.net; ib@ucsincny.com,,Y,0,NULL,
402566,1119,PRIMARY,PRATT INDUSTRIES (C),4435 Victory Boulevard,,Staten Island,NY,10314,,(718) 370-1114,,ib@ucsincny.com,,Y,0,NULL,
402567,1120,PRIMARY,RECYCLING MANAGEMENT RESOURCES,20 Hook Mountain Road,PO Box 701,Pine Brook,NJ,7058,,(973) 808-8255,,mmitchum@recyclingmr.com; ib@ucsincny.com,,Y,0,NULL,
402568,1121,PRIMARY,REILY RECOVERY SYSTEMS,1200 Galilean Trail,,Chapel Hill,NC,27516,,(919) 933-3611,,reilyrecovery@gmail.com; john@reilyrecovery.com; accounting@reilyrecovery.com; ib@ucsincny.com,,Y,0,NULL,
402569,1122,PRIMARY,RIVER CITY POLYMERS LLC,425 Enterprise Ave,,Wauseon,OH,43567,,(419) 335-2355,,jatkinson@rivercitypolymers.com; ib@ucsincny.com,,Y,0,NULL,
402570,1123,PRIMARY,SIWIN CORPORATION,1020 E. 230th Street,,Carson,CA,90745,,(310) 637-6688,,Flora@siwin.com;ccicphoto@siwin.com; ib@ucsincny.com,,Y,0,NULL,
402571,1124,INVOICE,SOMERSET RECYCLING SERVICES LLC,PO Box 1348,,Somerset,KY,42502,,(606) 274-4170,,ron@somerset-recycling.com; ib@ucsincny.com,,Y,0,NULL,
402572,1125,PRIMARY,SUMMERTIME FARMS INC,11 Parr Blvd.,,Richmond,CA,94801,,(510) 237-8012,,Henry@sfirecycle.com; admin@sfirecycle.com; Nancy@sfirecycle.com; ib@ucsincny.com,,Y,0,NULL,
402573,1126,INVOICE,ALA RECYCLING INDUSTRIES,1575 Beacon Street,Suite 3F,Brookline,MA,2446,,(617) 332-3280,,kim@alarecycling.com; Daisy@alarecycling.com; alan@alarecycling.com; alagroup@alarecycling.com; ib@ucsincny.com; abuyanovskiy@ucsincny.com,,Y,0,NULL,
402574,1127,PRIMARY,ENVIRONMENTAL RECYCLING,PO Box 707,,Winfield,IL,60190,,(630) 879-9751,,evrjt@att.net; ib@ucsincny.com; abuyanovskiy@ucsincny.com,,Y,0,NULL,
402575,1128,INVOICE,FRANKLIN PLASTICS,120 South Avenue,,Battle Creek,MI,49014,,(269) 966-8851,,travis@franklin-scrap.com; officeassistant@franklin-scrap.com; Leslie@franklin-scrap.com; ib@ucsincny.com; abuyanovskiy@ucsincny.com,,Y,0,NULL,
402576,1129,PRIMARY,GOLDEN STATE PLASTICS,PO Box 1245,,Turlock,CA,95381,,(209) 667-2500,,gsplastics7@yahoo.com; ib@ucsincny.com,,Y,0,NULL,
402577,1130,REMIT TO,PRIORITY RECYCLING,1499 Sheffield Drive,,Avon,IN,46123,US,(574) 849-8759,,jbyers80@comcast.net; ib@ucsincny.com; abuyanovskiy@ucsincny.com,,Y,0,NULL,
402578,1131,PRIMARY,RDS,PO Box 5569,,Virginia Beach,VA,23471,,(540) 400-6410,,mikefelker@rds-virginia.com; ib@ucsincny.com; aa@scrapmanagement.com,,Y,0,NULL,
402579,1132,INVOICE,RMR CENTRAL CAROLINA LLC,PO Box 69126,,Baltimore,MD,21264,,(919) 792-3999,,mmitchum@recyclingmr.com; khartman@recyclingmr.com; ahorton@recyclingmr.com; ib@ucsincny.com,,Y,0,NULL,
402580,1133,PRIMARY,STR MATERIAL INC.,225 Willington Way,,Oswego,IL,60543,,(630) 801-8850,(630) 801-8852,strmaterialinc@gmail.com; admi.strmaterialcrystal@gmail.com; ib@ucsincny.com; abuyanovskiy@ucsincny.com,,Y,0,NULL,
402582,1135,PRIMARY,GREENSTAR RECYCLING,2742 East Market Street,,Des Moines,IA,50317,,(515) 333-4969,,Heidi.Blue@greenstarrecycling.com; ib@ucsincny.com,,Y,0,NULL,
402583,1136,PRIMARY,INTERNATIONAL ALLOY-V,8801 Thornbury Place,,Waxhaw,NC,28173,,(980) 245-2085,(866) 245-1231,traffic@scraptrader.com; larry.schipper@scraptrader.com; ib@ucsincny.com; abuyanovskiy@ucsincny.com,,Y,0,NULL,
402584,1137,INVOICE,PADNOS,PO Box 638748,,Cincinnati,OH,45263-8748,,(616) 396-6521,(616) 396-7789,Carter.Griffin@padnos.com; nancy@padnos.com; plasticsadmin@padnos.com; scott.nyhuis@padnos.com; ab@ucsincny.com; ib@ucsincny.com,,Y,0,NULL,
402585,1138,PRIMARY,RAFF RECYCLING CORPORATION,PO BOX 1,209 GOSHEN ROAD,CAPE MAY COURT HOUSE,NJ,8210,,(609) 465-7406,,raffs@comcast.net; ib@ucsincny.com,,Y,0,NULL,
402586,1139,INVOICE,WM RAY'S TRASH,PO Box 1,,Clayton,IN,46118,,(317) 381-0968,(317) 539-5383,rebates@raystrash.com; wsmith@raystrash.com; bmoench@raystrash.com; ib@ucsincny.com; abuyanovskiy@ucsincny.com,,Y,0,NULL,
402587,1140,PRIMARY,RECYCLE SOLUTIONS,1054 KANSAS STREET,,MEMPHIS,TN,38106,,(901) 948-9500,,rdeyoung@recyclesolutions.net; ib@ucsincny.com; aa@scrapmanagement.com,,Y,0,NULL,
402588,1141,PRIMARY,AFS ENTERPRISES,PO Box 961029,,Fort Worth,TX,76161-1029,,(216) 651-9499,,kristie@afsenterprises.net,NULL,Y,0,NULL,
402589,1142,PRIMARY,AMAZING TRUCKING & LOGISTICS,5203 W. 65th Street,,Bedford Park,IL,60638,,(402) 932-6541,,omaha@amazing-tl.com,NULL,Y,0,NULL,
402590,1143,PRIMARY,"AMERICAN MARINE EXPRESS, INC.",P.O. Box 32487,,Euclid,OH,44132,,(216) 268-3005,,cs@amxtrans.com,NULL,Y,0,NULL,
402591,1144,PRIMARY,AMWARE EXPRESS LLC,19801 Holland Road,,Brook Park,OH,44142,,(440) 836-3729,,drayage@amware.com,NULL,Y,0,NULL,
402592,1145,PRIMARY,"ARIZONA ADMIN & TRANSPORT, LLC",,,Chandler,AZ,85248,,(602) 757-5620,,Marty@azatllc.com,NULL,Y,0,NULL,
402593,1146,PRIMARY,ARL TRANSPORT,PO Box  809374,,Chicago,IL,60680-9374,,(800) 245-4722,,,NULL,Y,0,NULL,
402594,1147,PRIMARY,"BAJET VAN LINES, INC.",1217 S 3rd Ave,,Wausau,WI,54401,,(715) 843-4691,,Terrie.Hora@bajetvanlines.com; service@bajetvanlines.com,NULL,Y,0,NULL,
402595,1148,PRIMARY,BONNEY'S EXPRESS INC.,400 Franklin Street,Suite 302,Braintree,MA,2184,,(617) 269-2177,,16172696218@maxemailsend.com,NULL,Y,0,NULL,
402596,1149,PRIMARY,CACERES VP TRANSPORT,87 Magnolia Ave,,Kearny,NJ,7032,,(201) 706-2569,,vicky.c@caceresvptrans.net,NULL,Y,0,NULL,
402597,1150,PRIMARY,CAROLINA NATIONAL TRANSPORTATION LLC,PO Box 619773,,Chicago,IL,60680-9773,,(843) 849-0451,,,NULL,Y,0,NULL,
402598,1151,PRIMARY,"CDS TRANSPORT, INC.",P.O. Box 100,,Herber City,UT,84032-3200,,(614) 777-9393,,dispatch@cdstransport.com,NULL,Y,0,NULL,
402599,1152,PRIMARY,CENTENARIO TRUCKING,344 Ozark Drive,,Bolingbrook,IL,60440,,(630) 205-1881,,centenariotrucking@centenariotkg.com,NULL,Y,0,NULL,
402600,1153,PRIMARY,CH ROBINSON,P.O. Box 9121,,Minneapolis,MN,55480-9121,,314-957-9000,(605) 339-1033,James.DeSanto@chrobinson.com,904-504-7104,Y,0,NULL,
402601,1154,PRIMARY,COBRA TRANSPORTATION SERVICE INC,301 Eaton Street,,St. Paul,MN,55107,,(651) 552-1151,,cobradispatch@cobratrans.com,NULL,Y,0,NULL,
402602,1155,PRIMARY,COMMAND TRANSPORTATION LLC,2633 Paysphere Circle,,Chicago,IL,60674,,(847) 213-2467,(847) 324-7456,creddy@commandtransportation.com,NULL,Y,0,NULL,
402603,1156,PRIMARY,DEW LOGISTICS,1549 S Breiel Blvd. Suite A,,Middletown,OH,45044,,(513) 727-4700,,jlong@dewlogistics.com,NULL,Y,0,NULL,
402604,1157,PRIMARY,GOLD PRIORITY TRANSPORTATION,P.O. Box 46,,Lewis Center,OH,43035,,(614) 332-0381,,goldpriority@gmail.com,NULL,Y,0,NULL,
402605,1158,PRIMARY,"J.B. HUNT TRANSPORT, INC",PO Box 98545,,Chicago,IL,60693-8545,,(479) 820-5011,,Charlie_Perez@jbhunt.com,NULL,Y,0,NULL,
402606,1159,PRIMARY,JEI INC,1876 Custer Roberts Hollow Ln,,Custer,KY,40115,,(312) 907-4149,,jeiarcos@aol.com,NULL,Y,0,NULL,
402607,1160,PRIMARY,LONE STAR INTERMODAL SERVICES,PO Box 180785,,Dallas,TX,75214,,(800) 229-0024,,dispatch@lonestarlogistics.com,NULL,Y,0,NULL,
402608,1161,PRIMARY,MAVI TRANSPORT INC,8870 NW 95TH STREET,,MEDLEY,FL,33178,,(305) 885-0361,,mavitrans@aol.com,NULL,Y,0,NULL,
402609,1162,PRIMARY,MIDWEST SYSTEMS,5911 Hall Street,,St. Louis,MO,63147,,(314) 389-0400,,customerservice@mwsystems.com,NULL,Y,0,NULL,
402610,1163,PRIMARY,NOLAN TRANPORT,PO Box 931184,,Atlanta,GA,31193-1184,,(770) 509-9611,,miles.moran@ntgfreight.com,,Y,0,NULL,
402611,1164,PRIMARY,NORDIC LOGISTICS,2702 N.LOOP 1604 E # 202,,SAN ANTONIO,TX,78232,,(214) 540-5380,,dallasdispatch@nordic-logistics.com,NULL,Y,0,NULL,
402612,1165,PRIMARY,NOW TRANSPORTATION INC,PO Box 207,,Hartford City,IN,47348,,(765) 348-4475,,now.trans@hotmail.com,NULL,Y,0,NULL,
402613,1166,PRIMARY,P&R TRUCKING INC,740 Julie Ann Way,,Oakland,CA,94621,,(510) 839-1602,,Dispatch dispatch@pandrtrucking.com,NULL,Y,0,NULL,
402614,1167,PRIMARY,PB EXPRESS - CLEVELAND,PO BOX # 73192,,CLEVELAND,OH,44193-0700,,(216) 741 5556,,dispatch_clv@pbexpress.com.,,Y,0,NULL,
402615,1168,PRIMARY,PEAK TRANSPORTATION SOLUTIONS,8122 Clyde Park Avenue,,Byron Center,MI,49315,,(616) 878-7325,,msevigny@peakts.com,NULL,Y,0,NULL,
402616,1169,PRIMARY,PFS TRANSPORTATION INC.,PO Box 1752,,Memphis,TN,38101-1752,,(888) 490-7040,,workorder@pfstransportation.com,NULL,Y,0,NULL,
402617,1170,PRIMARY,PRIDE LOGISTICS LLC,11800 South 75th Avenue,Suite 2W,Palos Heights,IL,60463,,(708) 671-2051,,rafal@pridelogistics.com,NULL,Y,0,NULL,NULL
402618,1171,PRIMARY,RITE WAY TRANSPORT,P.O. Box 95888,,Chicago,IL,60694,,(708) 757-5480,,jburke@ilgi.com,NULL,Y,0,NULL,
402619,1172,PRIMARY,SCHNEIDER LOGISTICS - GA,2567 Paysphere Circle,,Chicago,IL,60674,,(920) 592-6899,,CameronW@schneider.com,NULL,Y,0,NULL,
402620,1173,PRIMARY,SCHNEIDER NATIONAL INC,2567 Paysphere Circle,,Chicago,IL,60674,,(866) 419-0650,,,NULL,Y,0,NULL,
402621,1174,PRIMARY,SDS LOGISTICS SERVICES,19 Colonial Drive,Suite 27,Youngstown,OH,44505,,(330) 759-8066,,dispatch@sdslogistics.com,,Y,0,NULL,
402622,1175,PRIMARY,SOUTHERN INTERMODAL EXPRESS,PO BOX 929,,Mobile,AL,36601,,(504) 241-0749,,kpalazzo@sixinc.net,NULL,Y,0,NULL,
402623,1176,PRIMARY,SWIFT TRANSPORTATION,PO BOX 643985,,PITTSBURGH,PA,15264-3985,,(602) 269-9700,,,NULL,Y,0,NULL,
402624,1177,PRIMARY,TOTAL QUALITY LOGISTICS,P.O. Box 634558,,Cincinnati,OH,45263-4558,,(800) 580-3101,ext. 58472/58473,EWatson@tql.com,502-936-5279,Y,0,NULL,
402625,1178,PRIMARY,TRANSMAR DISTRIBUTION SERVICES LTD,PO Box 15644,8525 Market Street Rd,Houston,TX,77220,,(713) 675-0790,,tim@transmardistribution.com,NULL,Y,0,NULL,
402626,1179,PRIMARY,TRANSNATIONAL LOGISTICS CORP,PO Box 221,,Jericho,NY,11753,,(973) 522-1998,,transnationallogistics@yahoo.com,NULL,Y,0,NULL,
402627,1180,PRIMARY,TRANSPORTATION INC,PO BOX 30015 - Dept 6,,Salt Lake City,UT,84130-0015,,(800) 373-1029,,,NULL,Y,0,NULL,
402628,1181,PRIMARY,TRANSPORTATION RESOURCES,27-31 Kelly Drive,,Buffalo,NY,14227,,716.674.5622,,dave@transportationresource.com; zach@transportationresource.com,716.674.9766,Y,0,NULL,
402629,1182,PRIMARY,T-REX TRANSPORTATION INC.,6500 N.W. PRAIRIE VIEW ROAD,,KANSAS CITY,MO,64151,,(816) 455-4555,,dispatch@trexmo.com,NULL,Y,0,NULL,
402630,1183,PRIMARY,"TRIMEX INTERNATIONA., INC.",4740 Dues Drive,Suite J,Cincinnati,OH,45246,,(513) 317-6909,,trimexinc@yahoo.com,NULL,Y,0,NULL,
402631,1184,PRIMARY,TRINITY LOGISTICS,PO Box 62702,,Baltimore,MD,21264-2702,,302-262-0635,,jeremy.odom@trinitylogistics.com; jared.lineweaver@trinitylogistics.com,NULL,Y,0,NULL,
402634,1187,PRIMARY,WESTERN PACIFIC PULP & PAPER,9400 Hall Rd.,,Downey,CA,90241,,(562) 803-4401,,,NULL,Y,0,NULL,
402635,1188,PRIMARY,FREIGHTQUOTE.COM,901 Carondelet Ave,,Kansas City,MO,64114,US,816.949.6296 x6296,,pray@freightquote.com; Angelo.Christiano@freightquote.com; ib@ucsincny.com,,Y,0,NULL,
402636,1189,PRIMARY,FREIGHTWAYS CORP,2785 Fairview Ave N.,,Roseville,MN,55112,,(218) 462-2055,,freightways@pinebrez.com,NULL,Y,0,NULL,
402637,1190,PRIMARY,ACORN FARMS,7679 WORTHINGTON ROAD,,GALENA,OH,43021,,(614) 891-9348,,dickt@acornfarms.com,NULL,Y,0,NULL,
402638,1191,PRIMARY,"ADC RESOURCES, INC",502 Court St Ste 406,,Utica,NY,13502,,(315) 507-3325,,bob@adcresourcesinc.com; psnell@adcresourcesinc.com,NULL,Y,0,NULL,
402639,1192,PRIMARY,ADVANCED DISPOSAL,8880 Old Federal Rd,,Ball Ground,GA,30107,,(678) 710-2075,,zpoucher@advanceddisposal.com; cslade@advanceddisposal.com; nmask@advanceddisposal.com; jb@scrapmanagement.com,,Y,0,NULL,
402640,1193,PRIMARY,ALLEN COUNTY RECYCLERS INC.,PO Box 1264,541 South Central,Lima,OH,45802,US,(419) 223-5010,,recycle@rubbernuggets.com; ib@ucsincny.com; aa@scrapmanagement.com,,Y,0,NULL,
402641,1194,PRIMARY,ATLANTIC NURSERIES INC,691 DEER PARK AVE,,DIX HILLS,NY,11746,,(631) 586-6242,,16315866287@maxemailsend.com; aa@scrapmanagement.com,,Y,0,NULL,
402642,1195,PRIMARY,BAYSHORE RECYCLING CORP,75 Crows Mill Road,,Keasbey,NJ,8832,,(732) 738-6000,,jbray@bayshorerecycling.com; aa@scrapmanagement.com,,Y,0,NULL,
402643,1196,PRIMARY,BEDS AND BORDERS,600 Laurel Lane,,Laurel,NY,11948,,(631) 298-1836,,hs@bedsandborders.com; aa@scrapmanagement.com,,Y,0,NULL,
402644,1197,PRIMARY,BUFFALO RECYCLERY,PO Box 99823,,Chicago,IL,60696-7623,,(716) 614-3368,,john.beszczynski@awin.com,NULL,Y,0,NULL,
402645,1198,PRIMARY,"BUFFALO RECYCLING ENTERPRISES, LLC",266 Hopkins Streeet,,Buffalo,NY,14220,,(716) 405-1244,,hwiseman@modern-corp.com,NULL,Y,0,NULL,
402646,1199,PRIMARY,BUTLER PAPER RECYCLING INC,PO Box 1602,,Suffolk,VA,23439-1602,,(757) 539-2351,(757) 925-0874,TByrum@butlerpaper.com; gcrow@butlerpaper.com; aakopyan@ucsincny.com; ib@ucsincny.com,(757) 621-9906,Y,0,NULL,
402647,1200,PRIMARY,CASCADES RECOVERY,66 Shorncliffe Road,,Toronto,ON,M8Z 5K1,,(585) 527-8110,,susmit_mahalanabis@cascades.com; eoleschuk@recoverycascades.com; aa@scrapmanagement.com,,Y,0,NULL,
402648,1201,PRIMARY,CEDRUS NURSERY,49 Sewal Rd,,Bridgeton,NJ,8302,,(856) 455-4342,,aa@scrapmanagement.com,,Y,0,NULL,
402649,1202,PRIMARY,CELLMARK INC,1200 MacArthur Blvd,Suite 206,Mahwah,NJ,7430,,201-286-9196,,ecinvoice@cellmark.com,NULL,Y,0,NULL,
402650,1203,PRIMARY,CH RECYCLING COMPANY,PO Box 785216,,Philadelphia,PA,19178-5216,,(203) 488-0887,,tdenello@ct.chrecycling.com,NULL,Y,0,NULL,
402651,1204,PRIMARY,CICCONI FARMS,1005 Farmingdale Road,,Jackson,NJ,8527,,(732) 363-1420,,Al@CicconiFarms.com,NULL,Y,0,NULL,
402652,1205,PRIMARY,COLGATE PAPER STOCK,12 Industrial Drive,,New Brunswick,NJ,8901,,(732) 246-8446,,joe.dinardi@colgatepaper.com,NULL,Y,0,NULL,
402654,1207,PRIMARY,COTTAGE GARDENS,4992 MIDDLE RDG RD,,PERRY,OH,44081,,(440) 259-2900,,jlagania@cottagegardensinc.com,NULL,Y,0,NULL,
402655,1208,PRIMARY,CUMBERLAND RECYCLING,PO Box 2304,,South Vineland,NJ,8362,,(856) 692-7650,,jeffl@cumberlandrecyclingcorp.com; aa@scrapmanagement.com,,Y,0,NULL,
402656,1209,PRIMARY,D & P ENTERPRISES,6774 Timberwood Dr.,,West Chester,OH,45069,,(513) 422-4920,,orders@mtpenterprises.net,NULL,Y,0,NULL,
402657,1210,PRIMARY,DAVE'S RECYCLING - VA,130 Leray Cir,,Harrisonburg,VA,22801,,(540) 434-0836,,,NULL,Y,0,NULL,
402658,1211,PRIMARY,DELMARVA RECYCLING INC,909 Boundary Street,,Salisbury,MD,21801,,(410) 546-1111,,,NULL,Y,0,NULL,
402659,1212,PRIMARY,DELTA PLASTICS INC.,8801 Frazier Pike,,Little Rock,AR,72206,,800.277.9172,,deltaplastics@aol.com,NULL,Y,0,NULL,
402660,1213,PRIMARY,DPEC ENTERPRISES,Tim Calhoun,P.O. BOX 5458,Cincinnati,OH,45254,,(513) 313-3971,,timcalh@yahoo.com,NULL,Y,0,NULL,
402661,1214,PRIMARY,EAST COAST NURSERIES,301 Reeves Ave,,Riverhead,NY,11901,,(631) 727-8887,,michelle.eastcoastnurseries@bluetie.com; aa@scrapmanagement.com,,Y,0,NULL,
402662,1215,PRIMARY,EKMAN RECYCLING,P.O. Box 644238,,Pittsburgh,PA,15264,,(732) 202-9500,,Cliff.Brand@ekmanrecycling.com; aa@scrapmanagement.com,,Y,0,NULL,
402663,1216,INVOICE,EMPIRE RECYCLING CORP,P.O. BOX 353,,Utica,NY,13503,,(607) 729-1518,,bambi@empirerecycling.com; aa@ucsincny.com,,Y,0,NULL,
402664,1217,PRIMARY,E-SCRAP SOLUTIONS,7601 Detour Ave,,Cleveland,OH,44103,,(440) 498-1430,,craig@escraprecycling.com,NULL,Y,0,NULL,
402665,1218,PRIMARY,FAUQUIER COUNTY ENVIRONMENTAL SERVICES,6438 College Street,,Warrenton,VA,20187,,(540) 347-6811,,nathaniel.townley@fauquiercounty.gov,NULL,Y,0,NULL,
402666,1219,PRIMARY,FOUR SEASONS RECYCLING & TRADING,10264-B Sycamore Drive,,Ashland,VA,23005,,(804) 550-3460,,wanda@fourseasonrecycling.com,NULL,Y,0,NULL,
402667,1220,INVOICE,FREEHOLD CARTAGE INC,PO Box 5010,,Freehold,NJ,07728-5010,,(732) 462-1001,,tblanchet@freeholdcartage.com; scottjohnson@freeholdcartage.com; aa@scrapmanagement.com,,Y,0,NULL,
402668,1221,PRIMARY,GLOVER PERENNIALS,PO Box 759,,Cutchogue,NY,11935,,(631) 765-3546,,gloverper@verizon.net; aa@scrapmanagement.com,,Y,0,NULL,
402669,1222,INVOICE,GREAT LAKES PAPER,1885 Harlem Road,,Buffalo,NY,14212,,(716) 854-3232,,nitemen2121@yahoo.com; aa@scrapmanagement.com,,Y,0,NULL,
402670,1223,PRIMARY,GREAT LAKES RECYCLING,30835 Groesbeck Hwy.,,Roseville,MI,48066,,(586) 779-1310,,kim.jeffords@go-glr.com; jon.greene@go-glr.com; aa@scrapmanagement.com,,Y,0,NULL,
402671,1224,PRIMARY,GREEN CITY RECYCLING,1344 Beech Street,,Louisville,KY,40211,,(502) 587-0399,,jbasu@greencity recycling.com,NULL,Y,0,NULL,
402672,1225,PRIMARY,GREENEVILLE IRON & METALS,PO Box 1718,,Greeneville,TN,37744,,(423) 798-8987,(423) 798-8988,info@greenevilleironandmetals.com; aa@scrapmanagement.com,,Y,0,NULL,
402673,1226,PRIMARY,HALF HOLLOW NURSERY INC,2120 Main Rd,,Laurel,NY,11948,,(631) 298-9183,,hhn3@optonline.net; aa@scrapmanagement.com,,Y,0,NULL,
402674,1227,PRIMARY,HOPEWELL NURSERY,54 Harmony Road,,Bridgeton,NJ,8302,,(856) 451-5552,,john@hopewellnursery.com; aa@scrapmanagement.com,,Y,0,NULL,
402675,1228,INVOICE,INDIGO PLASTICS INC,40 Commerce Place,Suite 105,Hicksville,NY,11801,,(516) 852-2317,,leo@indigoplast.com; aakopyan@ucsincny.com; ib@ucsincny.com,,Y,0,NULL,
402676,1229,PRIMARY,LANDCRAFT ENVIRONMENTS LTD,1160 East Mill Road,,Mattituck,NY,11952,,(631) 298-3510,,16312983514@maxemailsend.com; aa@scrapmanagement.com,,Y,0,NULL,
402677,1230,PRIMARY,LAWRENCE LANDSCAPES,1383 Lower Ferry Road,,Ewing,NJ,8618,,(609) 883-3999,,bpotter@lawrencelandscapes.com; aa@scrapmanagement.com,,Y,0,NULL,
402678,1231,PRIMARY,LINCOLN NURSERIES,0-142 LINCOLN ST NW,,GRAND RAPIDS,MI,49534,,(800) 416-9371,,jakirdw420@yahoo.com; aa@scrapmanagement.com,,Y,0,NULL,
402679,1232,INVOICE,MARCK INDUSTRIES INC,715 Main St.,,Cassville,MO,65625,,(417) 847-5900,417-847-5990,bwilde@marck.net; sannecharico@marck.net; cmetter@marck.net; ib@scrapmanagement.com,(415) 926-0679,Y,0,NULL,
402680,1233,PRIMARY,MARCK RECYCLING,302 W 2nd Street,,Cassville,MO,65625,,(417) 847-5900,,rhonda@marck.net; aa@scrapmanagement.com,,Y,0,NULL,
402681,1234,PRIMARY,MARJAC NURSERY,176 Swedesboro Rd,,Monroeville,NJ,8343,,(856) 358-6535,,aa@scrapmanagement.com,,Y,0,NULL,
402682,1235,PRIMARY,MEDINA RECYCLING,370 Lake Road,,Medina,OH,44256,,(330) 723-4334,,smullins@medinarecycling.com;aakopyan@ucsincny.com,NULL,Y,0,NULL,
402683,1236,PRIMARY,MERCER GROUP INTL,1519 Calhoun St,,Trenton,NJ,8638,,(609) 393-4834,,jwilbur@mercercorp.com,NULL,Y,0,NULL,
402684,1237,PRIMARY,METROPOLITAN PAPER RECYCLING,847 Shepherd Avenue,,Brooklyn,NY,11208,,(718) 257-8584,,gmurray@mprnyc.com; gmurray@metropaperrecycling.com; pfalco@metropaperrecycling.com,NULL,Y,0,NULL,
402685,1238,PRIMARY,MID-SOUTH RECYCLING,1022 Industrial Park Rd,,New Johnsonville,TN,37134,,(931) 535-3436,,KHMS@USIT.NET; aa@scrapmanagement.com,,Y,0,NULL,
402686,1239,PRIMARY,MODERN CORPORATION,PO Box 209,,Model City,NY,14107,,(716) 405-1244,,hwiseman@modern-corp.com,NULL,Y,0,NULL,
402687,1240,PRIMARY,MORRIS COUNTY MUA,PO Box 370,,Mendham,NJ,07945-0370,,(973) 285-8392,,khourihan@mcmua.com,NULL,Y,0,NULL,
402688,1241,PRIMARY,NEW WAVE PLASTICS,5500 Walworth Ave,,Cleveland,OH,44102,,(330) 591-9337,,tim.f@newwaveplastics.com,NULL,Y,0,NULL,
402689,1242,PRIMARY,"NILES IRON & METAL CO., INC.",PO Box 166,700 South Main Street,Niles,OH,44446,,(330) 652-0799,,hhonigman@ameritech.net,NULL,Y,0,NULL,
402690,1243,PRIMARY,NORTH ATLANTIC ENVIRONMENTAL,135 Pine Aire Drive,,Bay Shore,NY,11706,,(631) 702-2770,,cw@islandresourcescorp.com,NULL,Y,0,NULL,
402691,1244,PRIMARY,OMNI OF W. BABYLON,114 Alder St,,West Babylon,NY,11704,,(631) 694-1694,,,NULL,Y,0,NULL,
402692,1245,PRIMARY,"OMNI RECYCLING OF WESTBURY, INC",7 Portland Avenue,,Westbury,NY,11590,,(516) 333-5741,,mseier@omnirecyclingwestbury.com,NULL,Y,0,NULL,
402693,1246,PRIMARY,ONE SUN NURSERY,116 Marlboro Rd,,Bridgeton,NJ,8302,,(856) 459-2837,,aa@scrapmanagement.com,,Y,0,NULL,
402694,1247,PRIMARY,ONEIDA HERKIMER COUNTY,1600 Genesee St,,Utica,NY,13502,,(315) 733-1224,,beths@ohswa.org; aa@scrapmanagement.com,,Y,0,NULL,
402695,1248,PRIMARY,ORIGINAL MATRESS FACTORY,4930 STATE ROAD,,CLEVELAND,OH,44134,,(222) 222-2222,,aa@scrapmanagement.com,,Y,0,NULL,
402696,1249,PRIMARY,OSS SOLID WASTE DISTRICT,1875 E. STATE STREET,,FREMONT,OH,43420,,(419) 639-6115,,nreinbolt@recycleoss.org,NULL,Y,0,NULL,
402697,1250,PRIMARY,PEFORMANCE FOOD GROUP - TN,825 Maddox-Simpson Pkwy,,Lebanon,TN,37087,,(615) 443-0077,,cflynn@pfgcd.com; tsmith@pfgcd.com; aa@scrapmanagement.com,,Y,0,NULL,
402698,1251,PRIMARY,PFG-CUSTOMIZED NEW JERSEY,500 Highland Drive,Highland Business Park,Westampton,NJ,8060,,(609) 518-1102,,Bkrupa@pfgcd.com; aa@scrapmanagement.com,,Y,0,NULL,
402699,1252,PRIMARY,PINEWOOD PERENNIAL GARDENS,PO Box 915,560 Sterling Lane,Cutchogue,NY,11935,,(631) 734-6911,,scott@pinewoodperennials.com,NULL,Y,0,NULL,
402701,1254,PRIMARY,PLASTIC REUSE,8529 crestview drive,,Fairfax,VA,22031,,(718) 766-7101,,mikep@plasticreuse.com; aa@scrapmanagement.com,,Y,0,NULL,
402702,1255,PRIMARY,PORTAGE COUNTY SOLID WASTE,3588 Mogadore Road,,Kent,OH,44240,,(330) 678-8808,,BSteiner@portageco.com,NULL,Y,0,NULL,
402703,1256,INVOICE,POWER PALLET INC,4715 State Highway 30,,Amsterdam,NY,12010,,(518) 843-3100,,ctiano@powerpalletinc.com; aakopyan@ucsincny.com; orders@powerpalletinc.com,,Y,0,NULL,
402704,1257,INVOICE,PRATT INDUSTRIES,PO BOX 933949,,Atlanta,GA,31193-3949,,(678) 232- 0322,,dlockman@prattindustries.com; aa@scrapmanagement.com,,Y,0,NULL,
402705,1258,PRIMARY,"QRS, INC",PO Box 17166,2451 Crittenden Dr.,Louisville,KY,40217,,(502) 634-2941,,accountspayable@qrsrecycling.com;  pbrooks@qrsrecycling.com; jbinning@qrsrecycling.com; ib@ucsincny.com,,Y,0,NULL,
402706,1259,PRIMARY,RETURNABLE SERVICES,150 Mount Vernon Ave,,Augusta,ME,4330,,(207) 623-2944,,beth.milligan@tomra.com; aa@scrapmanagement.com,,Y,0,NULL,
402707,1260,PRIMARY,RIVER CITY RECYCLING,555 McFarland Ave.,,Rossville,GA,30741,,(706) 861-8415,,nlongrivercity@att.net,NULL,Y,0,NULL,
402708,1261,PRIMARY,SAMR,1950 Rutgers University Blvd.,,Lakewood,NJ,8701,,(732) 987-8158,,sapplegate@reusableassets.com,NULL,Y,0,NULL,
402709,1262,PRIMARY,SANICO INC.,P.O. Box 176,,Delaware,NJ,7833,,(908) 475-3300,,19084751185@maxemailsend.com; aa@scrapmanagement.com,,Y,0,NULL,
402710,1263,PRIMARY,SCOTT FARMS NURSERYS,1554 TANYARD RD,,SEWELL,NJ,8080,,(856) 464-0530,,aa@scrapmanagement.com,,Y,0,NULL,
402711,1264,PRIMARY,"SIMS BROS., INC",1011 SOUTH PROSPECT STREET,PO Box 1170 Marion,Marion,OH,43301-1170,,(740) 387-9041,,jeff@simsbros.com,NULL,Y,0,NULL,
402712,1265,PRIMARY,SMR FIBRE,PO Box 353,,Utica,NY,13503,,(607) 729-1518,,bambi@empirerecycling.com,NULL,Y,0,NULL,
402713,1266,PRIMARY,SOMERSET COUNTY SOLID WASTE MANAGEMENT,40 Polhemus Lane,,Bridgewater,NJ,8807,,(732) 469-3363,,Harvey@co.somerset.nj.us; fishers@co.somerset.nj.us,NULL,Y,0,NULL,
402714,1267,INVOICE,SOUTHERN SCRAP / PRES WMS,PO Box 3235,,Winchester,VA,22604,,(540) 877-2767,,recycle@southernscrap.net; aa@scrapmanagement.com,,Y,0,NULL,
402715,1268,PRIMARY,SUNBURST PAPER,P.O. Box 190003,,Mobile,AL,36619,,(251)232-7801,, tommy.cicco@sunburstpapers.com,NULL,Y,0,NULL,
402716,1269,PRIMARY,SUNSET TRADING,"502 Court Street, Ste 406",,Utica,NY,13502,,(315) 507-3325,,Jeff.Luvera@cellmark.com; psnell@adcresourcesinc.com,NULL,Y,0,NULL,
402717,1270,PRIMARY,"T&M TRADING, INC",17 Village Court,,Hazlet,NJ,7730,,(732) 203-1115,,tuttle_billy@yahoo.com,NULL,Y,0,NULL,
402718,1271,PRIMARY,TARPON PAPER COMPANY,26655 Railroad Ave,,Loxley,AL,36551,,(251) 232-7801,,tommy.cicco@tarponpaper.com,NULL,Y,0,NULL,
402719,1272,PRIMARY,TD FUEL INC.,1919 NW 19th Street,Building 205,Ft. Lauderdale,FL,33311,,(954) 462-4090,,paul.f@tdfuel.co,NULL,Y,0,NULL,
402720,1273,PRIMARY,TH RECYCLING,P.O. Box 152,,Norma,NJ,8347,,(856) 297-3919,,,NULL,Y,0,NULL,
402721,1274,PRIMARY,TOWN OF SOUTHOLD SOLID WASTE DISTRICT,6155 Cox Lane,,Cutchogue,NY,11935,,(631) 734-7685,,jbunchuck@town.southold.ny.us,NULL,Y,0,NULL,
402722,1275,PRIMARY,TUCKAHOE NURSERIES INC,395 Head Of The River Rd,,Woodbine,NJ,8270,,(609) 861-0533,,16098610383@maxemailsend.com; aa@scrapmanagement.com,,Y,0,NULL,
402723,1276,PRIMARY,VISCONTE GREENHOUSES,4801 Lake Rd.,,New Field,NJ,8344,,(516) 567-2778,,,NULL,Y,0,NULL,
402724,1277,PRIMARY,WASTE ALTERNATIVES,PO BOX 70,,MOUNT VERNON,OH,43050,,(740) 397-7651,,imrecycling@wastealternatives.net,NULL,Y,0,NULL,
402725,1278,INVOICE,WERLOR WASTE,1420 RALSTON AVE,,DEFIANCE,OH,43512,,(419) 784-4285,,Tom@werlor.com,NULL,Y,0,NULL,
402726,1279,PRIMARY,WESTBURY PAPERSTOCK WAREHOUSE,619 Dickens St,,Westbury,NY,11590,,(516) 333-5740,,adigirolamo@westburypaperstock.com; aa@scrapmanagement.com,,Y,0,NULL,
402727,1280,PRIMARY,"WRIGHT'S AUTO PARTS & METALS, LLC",P.O. Box 190,81 East Wardlow Street,Gates,TN,38037,,(731) 836-9148,,,NULL,Y,0,NULL,
402728,1281,PRIMARY,YANK WASTE INC,112 Old Karner Road,,Albany,NY,12205,,(518) 456-2345,,enoknay@aol.com,NULL,Y,0,NULL,
402729,1282,PRIMARY,YORKVILLE RECYCLING,43 BALENTINE RD,,DYER,TN,38330,,(731) 643-6540,,,NULL,Y,0,NULL,
402730,1283,PRIMARY,ZACK'S RECYCLING & Tow,708 Fillmore St,,Napoleon,OH,43545,,(419) 592-4791,,zacksrecycling@yahoo.com; aa@scrapmanagement.com,,Y,0,NULL,
402731,1284,INVOICE,ZOZZARO ATLANTIC COAST PROCESSING LLC,101 7th Street,,Passaic,NJ,7055,,(973) 614-9600,,rick.ramsay@atlanticcoastfibers.com; aa@ucsincny.com,,Y,0,NULL,
402732,1285,INVOICE,ACCURATE PAPER RECYCLING,508 E Baltimore Ave,,Lansdowne,PA,19050,,(610) 623-7772,,Nancy.Morales@ACCURATERECYCLING.COM; Mike.Carey@AccurateRecycling.com; rp@scrapmanagement.com,,Y,0,NULL,
402733,1286,INVOICE,AJ'S RECYCLING SERVICES,3111 East Kilgore Road,,Kalamazoo,MI,49001,,(269) 349-2681,,ajsrecyclingservices@gmail.com; jb@scrapmanagement.com,(269) 806-2406,Y,0,NULL,
402734,1287,INVOICE,AMERICAN DISMANTLER,1791 Bellevue Street,,Detroit,MI,48207,,(313) 579-2110,,jordan@americandismantler.com; ib@ucsincny.com; abuyanovskiy@ucsincny.com,,Y,0,NULL,
402735,1288,PRIMARY,ASHEVILLE WASTE PAPER,PO BOX 3335,,ASHEVILLE,NC,28802,,(828) 252-6963,(828) 251-2860,lorraine@ashewp.com; abuyanovskiy@ucsincny.com,,Y,0,NULL,
402736,1289,PRIMARY,BFG SUPPLY CO,1144 River Street,,Kalamazoo,MI,49048,,(800) 883-7234,,jbrower@bfgsupply.com; abuyanovskiy@ucsincny.com,,Y,0,NULL,
402737,1290,INVOICE,BRIAN POLLACK,8718 Ackman Rd,,Crystal Lake,IL,60014,,(815) 861-1454,,bpollack49@gmail.com; ib@ucsincny.com; abuyanovskiy@ucsincny.com,,Y,0,NULL,
402738,1291,PRIMARY,CGS SERVICES INC.,PO Box 212,,Morristown,IN,46161,,(765) 763-6258,(765) 763-6174,cross@cgsservices.com; abuyanovskiy@ucsincny.com,,Y,0,NULL,
402739,1292,INVOICE,CHS PLASTICS INC,1750 Hwy 160 West,Suite 101-166,Fort Mill,SC,29708,,(843) 858-1966,(888) 670-6226,chuck@chsplasticsinc.com; ib@ucsincny.com; abuyanovskiy@ucsincny.com,,Y,0,NULL,
402740,1293,PRIMARY,GENERAL MILL SUPPLY CO,50690 General Mill Drive,,Wixom,MI,48393,,(248) 668-0800,,georgia@genmill.com; abuyanovskiy@ucsincny.com; recycle@genmill.com; jennifer@genmill.com; robert@genmill.com; ib@ucsincny.com;,,Y,0,NULL,
402741,1294,PRIMARY,GLOBAL PAK INC,9636 Elkton Road,,Lisbon,OH,44432,,(330) 892-0840,(330) 482-1993,jdunn@global-pak.com; jcarner@global-pak.com; jfoster@global-pak.com; dexline@global-pak.com; abuyanovskiy@ucsincny.com,,Y,0,NULL,
402742,1295,PRIMARY,GLOBAL POLYCHEM LLC,10301 NW Freeways #506,,Houston,TX,77092,,(713) 686-2007,,globalpolychem2@gmail.com; abuyanovskiy@ucsincny.com,,Y,0,NULL,
402743,1296,PRIMARY,GLOBAL RESOURCES,1324 Kempton Drive,,Libertyville,IL,60048,,(847) 922-7700,(206) 984-4032,jchizek@globalresourcesus.com; abuyanovskiy@ucsincny.com,,Y,0,NULL,
402744,1297,PRIMARY,HOOF'S FARRIER VET SUPPLY,991 E. Old West Highway,,Apache Junction,AZ,85219,,(480) 671-1006,,hoofsfvs@yahoo.com; abuyanovskiy@ucsincny.com,,Y,0,NULL,
402745,1298,INVOICE,IN-PLAS RECYCLING,2300 Montana Avenue,Suite 102,Cincinnati,OH,45211,,513-541-9800,,plasticscrap@fuse.net; abuyanovskiy@ucsincny.com,,Y,0,NULL,
402746,1299,INVOICE,JB PLASTICS,PO Box 100,,Enon,OH,45323,,(937) 863-0207,,jbplastics@woh.rr.com; ib@ucsincny.com; abuyanovskiy@ucsincny.com,(937) 902-9040,Y,0,NULL,
402747,1300,PRIMARY,JIM RIFF,1662 Sandcastle Ln.,,Pingree Grove,IL,60140,,(815) 861-1454,,bpollack@northwestpallet.com; jriff@northwestpallet.com; abuyanovskiy@ucsincny.com,,Y,0,NULL,
402748,1301,PRIMARY,LJP ENTERPISES,2160 Ringhofer Drive,,North Mankato,MN,56003,,(507) 934-6029,,recycle@ljpent.com; jesse@ljpent.com; abuyanovskiy@ucsincny.com,,Y,0,NULL,
402749,1302,PRIMARY,MACK'S TWIN CITY RECYCLING,2808 N. Lincoln Ave.,,Urbana,IL,61802,,(217) 328-2100,,kmathis@macksrecycling.com; abuyanovskiy@ucsincny.com,,Y,0,NULL,
402750,1303,INVOICE,MCC RECYCLING SERVICES LLC,PO Box 391,,Cranberry,NJ,8512,,215.945.6000,,michael.mill@mccrecycling.com; rp@scrapmanagement.com,,Y,0,NULL,
402751,1304,PRIMARY,MIDWEST IRON & METAL,461 Homestead Ave.,,Dayton,OH,45408,,(937) 222-5992,,Farley@midwestiron.com; abuyanovskiy@ucsincny.com,,Y,0,NULL,
402752,1305,PRIMARY,MISSION DISPOSAL,10387 S Avenue #4E,,Yuma,AZ,85365,,(928) 819-7376,,recyclingwaste@yahoo.com; abuyanovskiy@ucsincny.com,,Y,0,NULL,
402753,1306,INVOICE,MONTGOMERY PAPER CO,400 E FOURTH ST,,DAYTON,OH,45402,,(937) 222-4059,,montgomerypaper@ameritech.net; ib@ucsincny.com; abuyanovskiy@ucsincny.com,,Y,0,NULL,
402754,1307,INVOICE,MONTGOMERY RECYCLING,3544 Rabbits Foot Trail,,Lexington,KY,40503,,(859) 621-2616,,bmrecycling@aol.com; abuyanovskiy@ucsincny.com,,Y,0,NULL,
402755,1308,PRIMARY,OMNISOURCE,23679 Network Place,,Chicago,IL,60673-1236,,(419) 227-3411,,DByron@omnisource.com; abuyanovskiy@ucsincny.com,,Y,0,NULL,
402756,1309,PRIMARY,ONE SOURCE RECYCLING,13125 N Second Street,,Roscoe,IL,61073,,(815) 389-6563,,Rbaley@onesourcerecycling.com; janice@onesourcerecycling.com; abuyanovskiy@ucsincny.com,,Y,0,NULL,
402758,1311,PRIMARY,TOTALL METAL RECYCLING,3101 Missouri Ave Gate 1,,Granite City,IL,62040,,(866) 470-5763,,lancep@tmrusa.com; abuyanovskiy@ucsincny.com,,Y,0,NULL,
402759,1312,PRIMARY,TRI-CITY WASTE PAPER,PO BOX 3335.,,ASHEVILLE,NC,28802,,(423) 246-7801,,trey24s@hotmail.com; annette@ashewp.com; Jennifer@tricitywp.com; abuyanovskiy@ucsincny.com,,Y,0,NULL,
402760,1313,INVOICE,AGRI-LINK PLASTICS INC,296 E. Wutchumna Ave,,Woodlake,CA,93286,,(559) 564-2889,,Jaynecttinc1@outlook.com; marrycttinc@outlook.com; darris.cttinc@outlook.com; ib@scrapmanagement.com,,Y,0,NULL,
402761,1314,PRIMARY,AGRI-PLAS,5016 Waconda Road NE,,Brooks,OR,97305,,(503) 390-2381,,info@agriplasinc.com,NULL,Y,0,NULL,
402762,1315,PRIMARY,BFI RALEIGH RECYCLERY,PO Box 841977,,Dallas,TX,75284-1977,,(919) 669-3695,,EMichael@republicservices.com; ib@scrapmanagement.com,,Y,0,NULL,
402763,1316,PRIMARY,CENCAL RECYCLING,501 Port Rd 22,,Stockton,CA,95203,,(541) 953-8235,,ccasey@sutta.com,NULL,Y,0,NULL,
402764,1317,PRIMARY,CURBSIDE MANAGEMENT,PO BOX 18722,,Asheville,NC,28814,,(828) 252-2532,,swait@curbie.com; BLawson@Curbie.com,NULL,Y,0,NULL,
402765,1318,PRIMARY,GDS CONOVER MRF,PO BOX 932899,,Cleveland,OH,44193,,(828) 327-3119,,LaDonna.Bolton@republicservices.com; linda.birtel@awin.com,NULL,Y,0,NULL,
402766,1319,PRIMARY,GREEN DAY WASTE,3909 Riverdale Rd.,,Greensboro,NC,27406,,(336) 482-3060,,mmcdonald@greendaywaste.com,NULL,Y,0,NULL,
402767,1320,PRIMARY,GREENLEAF NURSERY,28406 Highway 82,,Park Hill,OK,74451,,(800) 331-2982,,Roger_dunn@greenleafnursery.com,,Y,0,NULL,
402768,1321,PRIMARY,GREENLEAF NURSERY CO- NC,2349 Chinquapin Rd,,Tarboro,NC,27886,,(877) 331-2982,,Robert_kerns@greenleafnursery.com,,Y,0,NULL,
402769,1322,PRIMARY,HIGH DESERT RECYCLING,2313 MENDENHALL DR,,NORTH LAS VEGAS,NV,89081,,(541) 953-8235,,ccasey@sutta.com,NULL,Y,0,NULL,
402770,1323,INVOICE,MASTER FIBERS INC,5109 Edith Blvd,,Albuquerque,NM,87107,,(505) 345-6413,,"hevalverde@masterfibers.com, ib@scrapmanagement.com",(505) 991-1632,Y,0,NULL,
402771,1324,PRIMARY,MONROVIA - VISALIA,32643 Road 196,PO Box 489,Woodlake,CA,93286-0489,,(559) 564-0146,,nmorrill@monrovia.com,NULL,Y,0,NULL,
402772,1325,PRIMARY,MONROVIA GROWERS,"4001 Moorefield Road,",,Springfield,OH,45502,,(800) 995-4001,,koates@monrovia.com,NULL,Y,0,NULL,
402773,1326,PRIMARY,POWERHOUSE RECYCLING,220 Ryan Patrick Drive,,Salisbury,NC,28147,,(704) 322-3093,,mk@powerhouserecycling.com; ch@powerhouserecycling.com; eh@powerhouserecycling.com; bh@powerhouserecycling.com; ib@scrapmanagement.com,,Y,0,NULL,
402774,1327,PRIMARY,SPOKANE RECYCLING PRODUCTS,3407 E Main Ave,,Spokane,WA,99202,,(509) 535-0284,,rsteele2@wm.com; MBowley@WM.com,NULL,Y,0,NULL,
402775,1328,PRIMARY,THE SUTTA COMPANY,336 Adeline Street,,Oakland,CA,94607,,(541) 953-8235,,ccasey@sutta.com,NULL,Y,0,NULL,
402776,1329,PRIMARY,WILMINGTON PAPER CORP,20 Hook Mtn. Road,P.O. Box 689,Pine Brook,NJ,7058,,(973) 830-8236,,pbellafiore@wpcrms.com,NULL,Y,0,NULL,
402777,1330,PRIMARY,WPPP WAREHOUSE,9400 Hall Road,,Downey,CA,90241-5365,,(800) 803-9777,,ralph.orsino@verizon.net; NatashaL@wppp.com ; MelissaD@wppp.com; ib@scrapmanagement.com,,Y,0,NULL,
402778,1331,PRIMARY,ZOOK'S PLASTIC RECOVERY,183  S.Farmersville Rd.,,Leola,PA,17540,,(717) 656-4422,,zook.daniel1@gmail.com; ib@scrapmanagement.com,,Y,0,NULL,
402779,1332,PRIMARY,AMD PAPER RECYCLING,9 Forbes Road,PO Box 48,Trafford,PA,15085,,(412) 400-1150,,,,Y,0,NULL,
402780,1333,PRIMARY,ANTHRACITE AUTO PARTS,900 S 5th avenue,,Scranton,PA,18504,,(570) 342-0666,,cpatch@anthraciteauto.net,NULL,Y,0,NULL,
402781,1334,PRIMARY,CANUSA HERSHMAN RECYCLING CO,45 Northeast Industrial Drive,,Branford,CT,6405,,(203) 315-3104,,tdenello@ct.chrecycling.com,NULL,Y,0,NULL,
402782,1335,PRIMARY,CASELLA WASTE SYSTEMS,PO BOX 1364,,Williston,VT,5495,,(207) 286-1668,,Jeffrey.Dumont@casella.com; rp@scrapmanagement.com,,Y,0,NULL,
402783,1336,INVOICE,CITY CARTING & RECYCLING,P.O. Box 412574,,Boston,MA,6907,,(203) 324-1869  x3402,,michaelf@citycart.net; rp@scrapmanagement.com,,Y,0,NULL,
402784,1337,PRIMARY,CLEAN MANAGEMENT ENVIRONMENTAL GROUP,915 Industrial Road,PO Box 1606,Walterboro,SC,29488,,(843) 538-8099,,lpenfield@cleanmanagement.com,NULL,Y,0,NULL,
402785,1338,PRIMARY,CLINTON NURSERIES INC,517 POND MEADOW ROAD,BOX 679,Westbrook,CT,6498,,(860) 399-2054,,MLupone@cngrp.com; rp@scrapmanagement.com,,Y,0,NULL,
402786,1339,INVOICE,CONIGLIARO INDUSTRIES,701 Waverley Place,,Framingham,MA,1702,,(508) 872-9668,,willie@conigliaro.com; rp@scrapmanagement.com,,Y,0,NULL,
402787,1340,PRIMARY,"CSI PLASTICS, INC.",697 Main St.,,Holden,MA,1520,,(508) 829-7353,,csiplastics@cs.com,NULL,Y,0,NULL,
402788,1341,PRIMARY,DATA GUARD RECYCLING,PO BOX 480,,Nassau,DE,19969,,(302) 337-8870,,dataguard@verizon.net,NULL,Y,0,NULL,
402789,1342,PRIMARY,DRUMCO,142 Technology Drive,,Arkadelphia,AR,71923,,(870) 230-8800,,bsmith@drumco.com,NULL,Y,0,NULL,
402790,1343,PRIMARY,EL HARVEY & SONS,68 Hopkinton Rd Route 135,,Westboro,MA,01581-2126,,(508) 836-3000,,baharvey@elharvey.com; shipping@elharvey.com; rpereira@ucsincny.com; jmcdonnell@elharvey.com; ib@ucsincny.com; rp@scrapmanagement.com,,Y,0,NULL,
402791,1344,PRIMARY,"ENVIRONMENTAL SOLUTIONS INTERNATIONAL, IN",546 Upchurch Lane,,Walteboro,SC,29488,,,,,NULL,Y,0,NULL,
402792,1345,PRIMARY,EOMS RECYCLING INC,318 Manley Street #7,,W. Bridgewater,MA,2379,,(508) 587-9686,,bboucher@kingofcardboard.net,NULL,Y,0,NULL,
402793,1346,PRIMARY,"FIRST CAPITOL FIBERS, INC.",PO BOX 867,,York,PA,17405,,(717) 812-9601,,bplaza@firstcapitalfibers.com,NULL,Y,0,NULL,
402794,1347,PRIMARY,FITCHBURG RECYCLE & SALVAGE CENTER,150 Benson Street,,Fitchburg,MA,1420,,(978) 375-4265,,fioreinc@hotmail.com,NULL,Y,0,NULL,
402795,1348,PRIMARY,FOREST FIBERS INC.,5000 Armand Frappier,,St-Hubert,,J3Z 1G5,,(450) 466-6688,,shelley@forestfibersinc.com,NULL,Y,0,NULL,
402796,1349,PRIMARY,GILBERTIE'S HERB GARDENS & LANDSCAPE,659 Sporthill Road,,Easton,CT,6612,,(203) 452-0913,,  Renee@GilbertiesHerbs.com,NULL,Y,0,NULL,
402797,1350,PRIMARY,GOLDMAN RECYCLING,1701 E 14th Street,,Little Rock,AR,72202,,(602) 550-8332,,rpierce@goldmanrecycling.com,NULL,Y,0,NULL,
402798,1351,PRIMARY,GREENSTAR RECYCLING - PITTSBURGH,4100 Grand Ave,,Pittsburgh,PA,15225,,(412) 250-0275,,rp@scrapmanagement.com,,Y,0,NULL,
402799,1352,PRIMARY,"GREENSTAR ALLENTOWN, LLC",PO Box 953145,,St. Louis,MO,63195-3145,,(610) 262-6988,,Pam.Horvath@greenstar-na.com,NULL,Y,0,NULL,
402800,1353,PRIMARY,GREENSTAR RECYCLING - AKRON,1535 Exeter Road,,Akron,OH,44306,,(412) 250-0275,,Shannon.Topka@greenstarrecycling.com,NULL,Y,0,NULL,
402801,1354,PRIMARY,HANNA PAPER RECYCLING,31 suffolk road,,Mansfield,MA,2048,,(508) 339-3210,,jjelson@hannapaper.com,NULL,Y,0,NULL,
402802,1355,PRIMARY,LL&S,59 Stiles Road,Suite 106,Salem,NH,3079,,(603) 894-9800,,eddie@lls.mv.com,NULL,Y,0,NULL,
402803,1356,PRIMARY,MCCLANE FOODSERVICE,7501 Century Park Drive,,Manassas,VA,20109,,(703) 393-6005,,Jay.Savage@McLaneFS.com,NULL,Y,0,NULL,
402804,1357,INVOICE,NH KELMAN,41 Euclid Street,,Cohoe,NY,12047,,(518) 237-5133,,occking@aol.com; cpeterson@nhkelman.com; rp@scrapmanagement.com,,Y,0,NULL,
402805,1358,PRIMARY,"NCB COMMODITIES, INC.",3340 Concord Rd,PO Box 3338,York,PA,17402-0338,,(717) 840-1844,,jsaraceni@ncbcommodities.com,NULL,Y,0,NULL,
402806,1359,INVOICE,WIN WASTE INNOVATIVE,PO Box 830409,,Philadelphia,PA,19182-0409,,(508) 509-7540,,paul@nerecycling.com,NULL,Y,0,NULL,
402807,1360,INVOICE,OPR SYSTEMS INC,235 Andover St.,,Wilmington,MA,1887,,(978) 694-1450,,dcameron@oprsystems.com; rp@scrapmanagement.com,,Y,0,NULL,
402808,1361,PRIMARY,ORE RECOVERED MATERIAL,P. O. Box 1181,,Clinton,AR,72031,,(800) 518-7251,,ore@artelco.com; rp@scrapmanagement.com,,Y,0,NULL,
402809,1362,PRIMARY,PAWTUCKET RECYCLING ASSOC.,DBA United Paper Stock,P O Box 415780,Boston,MA,02241-5780,,(401) 724-5700,,VandaH@rwcb.com; rp@scrapmanagement.com,,Y,0,NULL,
402810,1363,PRIMARY,PDI,2741 Se PDI Place,,Ankeny,IA,50021,,(515) 965-6300,,glen.sievers@pdisrd.com,NULL,Y,0,NULL,
402811,1364,PRIMARY,PENN WASTE RECYCLING,PO BOX 3066,,YORK,PA,17402,,(717) 577-8202,,Tbrenneman@pennwaste.com; ekelly@pennwaste.com; ppolukhin@pennwaste.com; ib@scrapmanagement.com,,Y,0,NULL,
402812,1365,PRIMARY,PM RECYCLING INC,PO Box 149,,Woonsocket,RI,2895,,(401) 765-0330,,willpage@pmrecyclingpallets.com,NULL,Y,0,NULL,
402813,1366,PRIMARY,RECYCLE CITY,PO BOX 906,,Elizabeth,NJ,7208,,(917) 648-7184,,pfanara@recycle-city.com; lcoronel@recycle-city.com,NULL,Y,0,NULL,
402814,1367,PRIMARY,RHB REMOVAL,53 Jionzo Rd.,,Milford,MA,1757,,(508) 889-1844,,royhbenson@rhbremoval.com; rp@scrapmanagement.com,508.889.1844,Y,0,NULL,
402815,1368,PRIMARY,RHODE ISLAND RESOURCE RECOVERY,P.O. Box 847003,,Boston,MA,02284-7003,,(401) 942-1430,,jcalamia@wm.com,NULL,Y,0,NULL,
402816,1369,PRIMARY,RUBINO BROTHERS INC,560 Canal street,,Stamford,CT,6902,,(203) 323-3195,,,NULL,Y,0,NULL,
402817,1370,PRIMARY,"RUSSELL A. MORELLO & SONS, INC.",18 Maple Street,,Conshohocken,PA,19428,,(610) 828-1880,,ramrecycle@aol.com,NULL,Y,0,NULL,
402818,1371,PRIMARY,SMURFIT RECYCLING,5000 Flat Rock Road,,Philadelphia,PA,19127,,(215) 984-7100,,,NULL,Y,0,NULL,
402819,1372,PRIMARY,STAPLES INC,Staples Inc.,Box 288,Waureagan,CT,6387,,(860) 546-7171,,alan.laflamme@staples.com,NULL,Y,0,NULL,
402820,1373,PRIMARY,THE NEWARK GROUP,53 Jefferson Ave.,,Salem,MA,1970,,(978) 744-4330,,mgalardi@tngus.com,NULL,Y,0,NULL,
402821,1374,PRIMARY,TOWN OF BOURNE ISWM,24 Perry Avenue,,Buzzards Bay,MA,2532,,(508) 759-0651,,pcoulombe@townofbourne.com,NULL,Y,0,NULL,
402823,1376,PRIMARY,WHITE ROSE FOOD SERVICES,380 Middlesex ave,,Carteret,NJ,7008,,(732) 541-5555,,bkess@whiterose.com,NULL,Y,0,NULL,
402824,1377,INVOICE,WM RECYCLE AMERICA,PO BOX 73356,,Chicago,IL,60673-7356,,(888) 964-9730,,msanfil1@wm.com; ib@ucsincny.com; rp@scrapmanagement.com,,Y,0,NULL,
402825,1378,PRIMARY,YORKSHIRE PAPER CORP,12 Pond View Drive,P.O. Box 3607,Nantucket,MA,2584,,(508) 228-5542,,rp@scrapmanagement.com,,Y,0,NULL,
402826,1379,PRIMARY,ACTION RECYCLERS,5329 W State St.,,Milwaukee,WI,53208,,(414) 727-5133,,moxman@actionrecyclers.net,NULL,Y,0,NULL,
402827,1380,PRIMARY,BALCONES RECYCLING,9301 Johnny Morris Road,,Austin,TX,78724,,(512) 472-3355,,Rgetter2@balconesresources.com; ib@ucsincny.com,,Y,0,NULL,
402828,1381,PRIMARY,BATLINER PAPER STOCK CO,2501 Front Street,,Kansas City,MO,64119,,(816) 483-3343,,cabbott@pioneerintl.com; mstach@pioneerintl.com; twood@pioneerintl.com; jb@scrapmanagement.com,,Y,0,NULL,
402829,1382,PRIMARY,C & D RECYCLING OF WI LLC,1000 Apache Ct,,Fort Atkinson,WI,53538,,(414) 871-1331,,canddrecyclingofwi@gmail.com,NULL,Y,0,NULL,
402830,1383,PRIMARY,CEDAR POLY LLC,200 Commerce Blvd,,Tipton,IA,52772,,(563) 886-2811,,cedarpoly@iowatelecom.net; cprecycling@iowatelecom.net; jb@scrapmanagement.com,,Y,0,NULL,
402831,1384,PRIMARY,CHANNELED RESOURCES GROUP,Dept # 10129,PO Box 87618,Chicago,IL,60680-0618,,(715) 573-7494,,jloos@channeledresources.com;credit@channeledresources.com,NULL,Y,0,NULL,
402832,1385,PRIMARY,COMBINED RESOURCES,1750 West Fullerton Ave,,Addison,IL,60101,,(630) 916-1804,,Mark@combinedresources.us,NULL,Y,0,NULL,
402833,1386,PRIMARY,COMMERCIAL RECYCLING CORP,W. 6779 State Highway 64,,Medford,WI,54451,,(715) 748-2970,,crcjdeml@tds.net; jb@scrapmanagement.com,,Y,0,NULL,
402834,1387,PRIMARY,COMMUNITY RESOURCE INC,PO Box 522,,Urbana,IL,61803-0522,,(217) 356-6094,(217) 367-2201,matt.snyder@communityresourceinc.com; jb@scrapmanagement.com,,Y,0,NULL,
402835,1388,PRIMARY,D & M RECYCLING,841 2nd Ave SW # B,,Onalaska,WI,54650-3288,,(608) 783-3030,,DandMRecycling@aol.com,NULL,Y,0,NULL,
402836,1389,PRIMARY,DELTCO PLASTICS,601 Industrial Park Rd,,Ashland,WI,54806-2528,,(715) 682-9007,,sherihdeltco@yahoo.com,NULL,Y,0,NULL,
402837,1390,PRIMARY,DIVERSIFIED RECYCLING,1501 W 175th Street,,Homewood,IL,60430,,(708) 798-1004,,jschroeder@homewooddisposal.com,NULL,Y,0,NULL,
402838,1391,PRIMARY,DR. PLASTICS INC.,"W9390 State Road 59,",,Whitewater,WI,53190,,(262) 472-0431,,jb@scrapmanagement.com,,Y,0,NULL,
402839,1392,PRIMARY,"DYNAMIC RECYCLING, INC.",2135 Enterprise Ave.,,La Crosse,WI,54603,,(608) 781-4030,,Miles Harter [mailto:mharter@dynamicrecycling.com],NULL,Y,0,NULL,
402840,1393,PRIMARY,EAGLE ENTERPRISES RECYCLING INC,510 SE Industrial Ave.,,Galva,IL,61434,,(309) 932-2936,,paulj@eerecycling.com; jb@scrapmanagement.com,,Y,0,NULL,
402841,1394,PRIMARY,"E-SCRAP TECHNOLOGIES, INC",3 Northpoint Court,,Bolingbrook,IL,60440,,(630) 378-1300,,matt.ashe@e-scraptechnologies.com,NULL,Y,0,NULL,
402842,1395,PRIMARY,FEDERAL INTERNATIONAL,PO Box 203505,,Dallas,TX,75320-3505,,(214) 794-5896,,rongeri@federalinternational.com,NULL,Y,0,NULL,
402843,1396,INVOICE,FIRSTAR FIBER,10330 I Street,,Omaha,NE,68127,,(402) 894-0003,,LeeCornell@FirstarFiber.com; jb@ucsincny.com; jenbacon@firstarfiber.com; ib@ucsincny.com,402-657-1616,Y,0,NULL,
402844,1397,PRIMARY,GOLPER SUPPLY CO,1800 W Edgewood Dr.,,Appleton,WI,54913,,(920) 731-3266,,golpersu@tds.net,NULL,Y,0,NULL,
402845,1398,INVOICE,GROOT WASTE,2500 Landmeier Road,,Elk Grove Village,IL,60007,,(773) 569-3011,,jbrandsma@groot.com; jb@scrapmanagement.com,,Y,0,NULL,
402846,1399,PRIMARY,HARTEL'S DISPOSAL,930 Hwy 2,,Proctor,MN,55810,,(218) 729-5446,,DHartel@hartels-dbj.com,NULL,Y,0,NULL,
402847,1400,PRIMARY,IROW SHREDDING RECYCLING,1040 Indianhead Drive,,Mosinee,WI,54455-9603,,(715) 693-7123,,cory@IROW.bz;scale@irow.bz; jb@scrapmanagement.com,,Y,0,NULL,
402848,1401,PRIMARY,"MAINE PLASTICS, INC",PO Box 95006,,Palatine,IL,60095-0006,,(847) 379-9100,,bgiersch@maineplastics.com,NULL,Y,0,NULL,
402849,1402,PRIMARY,MANITOWOC COUNTY MATERIALS,3000 Basswood Rd,PO Box 351,Manitowoc,WI,54221-0351,,(920) 683-4242,,markjacobs@co.manitowoc.wi.us,NULL,Y,0,NULL,
402850,1403,PRIMARY,MERVIS PLASTICS,1125 Crawford St.,,Terre Haute,IN,47807,,(812) 208-1158,,,NULL,Y,0,NULL,
402851,1404,PRIMARY,MIDLAND DAVIS,3301 4th Avenue,,Moline,IL,61265,,(314) 997-4012,,Stuart.Abowitz@midlanddavis.com; Marty.Davis@midlanddavis.com; Eric.Davis@midlanddavis.com; jb@scrapmanagement.com,,Y,0,NULL,
402852,1405,PRIMARY,MIDWEST FIBER INC,422 S. White Oak Rd,,Normal,IL,61761,,(217) 424-9460,(217) 424-9490,cijams@midwest-fiber.com; amonk@midwest-fiber.com; jb@scrapmanagement.com,217-519-8294,Y,0,NULL,
402853,1406,PRIMARY,MIDWEST FIBER INC - NORMAL,422 S White Oak Rd,,Normal,IL,61761-4328,,(309) 452-0064,,mmcdermott@midwest-fiber.com; jb@scrapmanagement.com,,Y,0,NULL,
402854,1407,PRIMARY,MISSOURI PLASTICS,4751 State Highway Y,,Jackson,MO,63755,,(573) 334-7880,,becky@missouriplastics.com; jb@scrapmanagement.com,,Y,0,NULL,
402855,1408,PRIMARY,MR&C SERVICES,11738 W US Highway 24,,Wolcott,IN,47995-8266,,(219) 863-7716,,mrandcservices@gmail.com; jb@scrapmanagement.com,,Y,0,NULL,
402856,1409,PRIMARY,"NATIONAL ENVIRONMENTAL SOLUTIONS, LLC",2230 Stonebridge Circle,,West Bend,WI,53095,,(262) 338-6403,,dean@nesrecovery.com,NULL,Y,0,NULL,
402857,1410,INVOICE,NORTH CEDAR SOUTH LLC,"3752 SAC DRIVE, BLDG. H",,KEOKUK,IA,52632,,(319) 524-2095,,northcedarsouth@hotmail.com; jb@scrapmanagement.com,(319) 795-2221,Y,0,NULL,
402858,1411,PRIMARY,NOW TRADING & CONSULTING COMPANY,PO Box 66,,Flowery Branch,GA,30542,,(678) 866-1782,,sarmstrong@ntconline.org; armstrongsla@live.com,NULL,Y,0,NULL,
402859,1412,PRIMARY,OUTAGAMIE COUNTY RECYCLING,1419 Holland Road,,Appleton,WI,54911-8985,,(920) 832-4710,,patty.adams@outagamie.org; jb@scrapmanagement.com,,Y,0,NULL,
402860,1413,INVOICE,PIONEER PAPERSTOCK,155 Irving Avenue North,,Minneapolis,MN,55405,,612-381-2163,,aripp@pioneerintl.com; ehofstedt@pioneerintl.com; jb@scrapmanagement.com,612-356-4402,Y,0,NULL,
402861,1414,INVOICE,PRI GROUP LLC,600 Thomas Drive,,Bensenville,IL,60106,,(708) 492-1777,,Tony.Varchetto@theprigroup.com; jb@scrapmanagement.com,,Y,0,NULL,
402862,1415,INVOICE,QUINCY RECYCLE PAPER,526 South 6th,,Quincy,IL,62301,,(708) 388-2362,,TBliefnick@quincyrecycle.com; CHoener@quincyrecycle.com; DResendiz@quincyrecycle.com; HMalak@quincyrecycle.com; jb@scrapmanagement.com,,Y,0,NULL,
402864,1417,INVOICE,RECYCLING WORKS INC,P.O. Box 1492,605 Mason Street,Elkhart,IN,46515-1492,,(574) 606-2117,,chris.himes@wasteawaygroup.com; jb@ucsincny.com; ib@ucsincny.com,,Y,0,NULL,
402865,1418,INVOICE,REVOLUTION RECOVERY LLC,7333 Milnor St,,Philadelphia,PA,19136,,(215) 333-6505,,adam@Revolutionrecovery.com; rp@scrapmanagement.com,,Y,0,NULL,
402866,1419,PRIMARY,SOUTH CENTRAL RECYCLING,1204 Diamond Road,,Newton,KS,67114,,(316) 282-0813,,meyer@mtelco.net,NULL,Y,0,NULL,
402867,1420,PRIMARY,SOUTHERN RECYCLING CENTER,300 W. Chestnut Street,,Carbondale,IL,62901-1379,,(618) 549-2880,,tasis@southernrecyclingcenter.com; jb@scrapmanagement.com,,Y,0,NULL,
402868,1421,PRIMARY,TOWN & COUNTRY DISPOSAL,PO Box 1001,,Harrisonville,MO,64701,,(816) 380-5595,,gerald@townandcountryrecycling.net,NULL,Y,0,NULL,
402869,1422,PRIMARY,USME LLC,321 N Artesian Ave,,Chicago,IL,60612,,(312) 582-1884,,Russ@usm-e.com,NULL,Y,0,NULL,
402870,1423,PRIMARY,VEOLIA ES SOLID WASTE,600 Moore Road,,Plover,WI,54467,,(715) 342-6839,,jeremy.griebling@veoliaes.com,NULL,Y,0,NULL,
402871,1424,PRIMARY,VIM RECYCLERS LLP,PO Box 755,,Genl Ellyn,IL,60138,,(630) 892-0445,,jpratapas@vimrecyclers.com; documentation@vimrecyclers.com; jmcmahon@vimrecyclers.com; ib@ucsincny.com,,Y,0,NULL,
402872,1425,PRIMARY,"WECARE RECYCLING, INC.",330 W. 1st North Street,,Carlinville,IL,62626-1703,,(217) 854-8888,,no_malice03@yahoo.com,NULL,Y,0,NULL,
402873,1426,INVOICE,ROCK-TENN RECYCLING,PO Box 409813,,Atlanta,GA,30384,,(317) 634-7571,,amprice@rocktenn.com,NULL,Y,0,NULL,
402874,1428,INVOICE,SKY RECYCLING,PO Box 34707,,Charlotte,NC,28234,,(980) 322-5266,,dnoz2004@bellsouth.net; ib@ucsincny.com,,Y,0,NULL,
402875,1429,INVOICE,TRANSFER SYSTEMS & WAREHOUSING,2002 W County Rd 0 North South,,"Frankfort,",IN,46041-1102,,(765) 654-5070,,werner@accs.net; abuyanovskiy@ucsincny.com,,Y,0,NULL,
403065,1200,CASCADES RECOVERY,CASCADES RECOVERY,384 Lee Road,,Rochester,NY,14606,US,585-527-8110,,susmit_mahalanabis@cascades.com; eoleschuk@recoverycascades.com,,N,0,0,
403066,1335,CASELLA WASTE SYSTEMS - AUBURN,CASELLA WASTE SYSTEMS,15 Hardscrabble Road,,Auburn,MA,1501,US,207 286 1668 ext 406,207-286-1696,Jeffrey.Dumont@casella.com,NULL,N,0,0,
403067,1335,CASELLA WASTE SYSTEMS - CHARLESTOWN,CASELLA WASTE SYSTEMS,14 Bunker Hill Industrial Park,,Charlestown,MA,2129,US,207 286 1668,207 286 1696,Jeffrey.Dumont@casella.com,NULL,N,0,0,
403068,1335,CASELLA WASTE SYSTEMS - CLAVERACK,CASELLA WASTE SYSTEMS,37 Salerno Drive,,Ghent,NY,12075,US,207-286-1668 ext 406,207-286-1696,Jeffrey.Dumont@casella.com,NULL,N,0,0,
403069,1335,CASELLA WASTE SYSTEMS - JAMESTOWN,CASELLA WASTE SYSTEMS,2142 Lodestro Lane,,Jamestown,NY,14701,US,207 286 1668,207 286 1696,Jeffrey.Dumont@casella.com,NULL,N,0,0,
403070,1335,CASELLA WASTE SYSTEMS - ONTARIO,CASELLA WASTE SYSTEMS,3566 Post Farm Road,,Stanley,NY,14561,US,207-286-1668 ext 406,207-286-1696,Jeffrey.Dumont@casella.com,NULL,N,0,0,
403071,1335,CASELLA WASTE SYSTEMS - SACO,CASELLA WASTE SYSTEMS,110 Main Street - Suite 1308,,Saco,ME,4072,US,207 286 1668,207 286 1696,Jeffrey.Dumont@casella.com,NULL,N,0,0,
403072,1208,DELIVERY ADDRESS,CUMBERLAND RECYCLING,702 South West Boulevard,,Vineland,NJ,8360,,856-692-7650,856-692-5392,jeffl@cumberlandrecyclingcorp.com,NULL,N,0,NULL,NULL
403073,1228,WESTBURY NY,INDIGO PLASTICS INC,615 Dickens Street,,Westbury,NY,,,(516) 852-2317,,,,N,0,0,
403074,1202,CELLMARK INC,INTERGRATED PAPER RECYCLING,21 Clark Street,,No. Andover,MA,1854,US,978-688-9009,(203) 299-5100,ecinvoice@cellmark.com,NULL,N,0,0,
403075,1193,DELIVERY ADDRESS,ALLEN COUNTY RECYCLERS  INC,700 East Wayne St.,,LIMA,OH,45801,,(419 )223-5010,(419) 224-8387,recycle@rubbernuggets.com;aakopyan@ucsincny.com,NULL,N,0,0,
403076,1291,CGS SERVICES INC.,CGS SERVICES INC.,2920 E. US 52,,Morristown,IN,46161,US,(765) 763-6258,(765) 763-6174,cross@cgsservices.com,NULL,N,0,0,
403077,1203,CH RECYCLING COMPANY,CHRC QUAD AVENUE,6401 Quad Avenue,,Baltimore,MD,21205,US,(203) 488-0887,(203) 488-9499,tdenello@ct.chrecycling.com,NULL,N,0,0,
403078,1146,ARL-BOSTON,MG LOGISTICS,305 Industrial Ave East,,Lowell,MA,1852,,978-805-0513,978-805-0517,mg@mglogs.com,NULL,N,0,0,
403079,1384,CHANNELED RESOURCES - INDY,CHANNELED RESOURCES GROUP,6555 East 30th,Street Suite B,Indianapolis,IN,46219,,(715) 842-0389,,jloos@channeledresources.com;,NULL,N,0,0,
403080,1384,CHANNELED RESOURCES - MOOSIC,CHANNELED RESOURCES GROUP,4949 Birney Ave,,Moosic,PA,185007,,(715) 842-0389,,jloos@channeledresources.com;credit@channeledresources.com,NULL,N,0,0,
403081,1384,CHANNELED RESOURCES - WAUSAU,CHANNELED RESOURCES GROUP,820 South 66th Street,,Wausau,WI,54401,US,(715) 842-0389,,jloos@channeledresources.com;credit@channeledresources.com,NULL,N,0,0,
403082,1292,ARBUTUS MD,GEORGETOWN PAPER,1404 Benson Court,,Arbutus,MD,21227,US,843-858-1966,888-670-6226,chuck@chsplasticsinc.com,,N,0,0,
403083,1292,ATLANTIC WAREHOUSE,"CHS PLASTICS, INC.",8300 Moores Chapel Road,,Charlotte,NC,28214,,843-858-1966,888-670-6226,chuck@chsplasticsinc.com,,N,0,0,
403084,1292,"BEAVERTON, OR",INTERNATIONAL PAPER,5505 SW Western Avenue,,Beaverton,OR,97005,,843-858-1966,888-670-6226,chuck@chsplasticsinc.com,,N,0,0,
403085,1292,"CEDAR FALLS, IA",City Carton Recycling,1415 E Dunkerton Rd,,Cedar Falls,IA,50613,,843-858-1966,888-670-6226,chuck@chsplasticsinc.com,,N,0,0,
403086,1292,"CEDAR RAPIDS, IA","CHS PLASTICS, INC.",901 Ingleside Drive,,Cedar Rapids,IA,52404,,843-858-1966,888-670-6226,chuck@chsplasticsinc.com,,N,0,0,
403087,1292,"CHARLOTTE, NC",INTERNATIONAL PAPER,201 East 28th Street,,Charlotte,NC,28206,US,843-858-1966,888-670-6226,chuck@chsplasticsinc.com,,N,0,0,
403088,1292,"CHESTER, VA",Shoosmith Landfill,11800 Lewis Rd.,,Chester,VA,23831,,843-858-1966,888-670-6226,chuck@chsplasticsinc.com,,N,0,0,
403089,1292,"DES MOINES, IA",INTERNATIONAL PAPER,2800 Dixon St,,Des Moines,IA,50316-1830,US,843-858-1966,888-670-6226,chuck@chsplasticsinc.com,,N,0,0,
403090,1292,"EUGENE, OR",INTERNATIONAL PAPER,3425 East 17th Ave,,Eugene,OR,97403,US,843-858-1966,888-670-6226,chuck@chsplasticsinc.com,,N,0,0,
403091,1292,"ITASCA, IL",INTERNATIONAL PAPER,1225 W Bryn Mawr Ave,,Itasca,IL,60143,US,843-858-1966,888-670-6226,chuck@chsplasticsinc.com,,N,0,0,
403092,1292,"KENT, WA",INTERNATIONAL PAPER,1225 6th Avenue North,,Kent,WA,98032,,843-858-1966,888-670-6226,chuck@chsplasticsinc.com,,N,0,0,
403093,1292,"OMAHA, NE",INTERNATIONAL PAPER FOR CHS PLASTICS,1111 Fort St,,Omaha,NE,68110,US,843-858-1966,888-670-6226,chuck@chsplasticsinc.com,,N,0,0,
403094,1292,"RICHMOND, VA",INTERNATIONAL PAPER,1308 Jefferson Davis Hwy,,Richmond,VA,23224,,843-858-1966,888-670-6226,chuck@chsplasticsinc.com,,N,0,0,
403095,1292,"ROCKVILLE, MD",GEORGETOWN PAPER,14820 Southlawn Ln,,Rockville,MD,20850,US,843-858-1966,888-670-6226,chuck@chsplasticsinc.com,,N,0,0,
403096,1292,"ROSEVILLE, MN",INTERNATIONAL PAPER,2425 Terminal Road,,Roseville,MN,55113,US,843-858-1966,888-670-6226,chuck@chsplasticsinc.com,,N,0,0,
403097,1292,"SHELBYVILLE, TN",ABStretch,1624 Railroad Ave,,Shelbyville,TN,37160,,843-858-1966,888-670-6226,chuck@chsplasticsinc.com,,N,0,0,
403098,1292,SONOCO (JACKSONVILLE),SONOCO RECYCLING,417 Meadowview Road,,Jacksonville,NC,28540,,843-858-1966,888-670-6226,chuck@chsplasticsinc.com,,N,0,0,
403099,1292,SONOCO (RALEIGH),SONOCO RECYCLING,111 South Rogers Lane,,Raleigh,NC,27610,US,843-858-1966,888-670-6226,chuck@chsplasticsinc.com,,N,0,0,
403100,1336,CITY CARTING & RECYCLING,CITY CARTING & RECYCLING,61 Taylor Reed Place,,Stamford,CT,6907,US,,,michaelf@citycart.net,NULL,N,0,0,
403101,1337,CLEAN MANAGEMENT ENVIRONMENTAL GROUP,CLEAN MANAGEMENT ENVIRONMENTAL GROUP,915 Industrial Road,,Walterboro,SC,29488,US,843-538-8099,,lpenfield@cleanmanagement.com,NULL,N,0,0,
403102,1386,MEDFORD WI,COMMERCIAL RECYCLING CORP,6679 State Highway 64,,Medford,WI,54451,US, (715) 748-2970,,crcjdeml@tds.net,,N,0,0,
403103,1387,"COMMUNITY RESOURCE, INC","COMMUNITY RESOURCE, INC",1201 E University Avenue,,Urbana,IL,61802-2010,US,217-356-6094,217-367-2201,matt.snyder@communityresourceinc.com,NULL,N,0,0,
403104,1317,CURBSIDE MANAGEMENT,CURBSIDE MANAGEMENT,116 N. Woodfin Avenue,,Asheville,NC,28804,US,828-252-2532,828-251-2588,swait@curbie.com; BLawson@Curbie.com,NULL,N,0,0,
403105,1209,D & P ENTERPRISES,D & P ENTERPRISES,3210 South Main St.,,Middletown,OH,45044,US,513-422-4920,,orders@mtpenterprises.net,NULL,N,0,0,
403106,1341,DATA GUARD RECYCLING,DATA GUARD RECYCLING,9174 Redden Road,,Bridgeville,DE,19933,US,(302) 337-8870,(302) 337-8266,dataguard@verizon.net,NULL,N,0,0,
403107,1212,"ROME, GA",DELTA PLASTICS INC.,501 East 6th St,,Rome,GA,30161,US,(901) 233-8053,,deltaplastics@aol.com,NULL,N,0,0,
403108,1390,EAST HAZEL CREST,Diversified Recycling,17450 S. Laflin Ave,,East Hazel Crest,IL,60429,US,Jon Schroeder,,jschroeder@homewooddisposal.com,NULL,N,0,NULL,NULL
403109,1213,DPEC ENTERPRISES - HEBRON,DPEC Enterprises LLC,2100 Global Way,,Hebron,KY,41048,US,513-313-3971,513-474-2849,timcalh@yahoo.com,NULL,N,0,0,
403110,1391,"DR PLASTICS, INC.",DR. PLASTICS INC.,W9390 State Road 59,,Whitewater,WI,53190,US,(262) 472-0431,,,NULL,N,0,0,
403111,1342,DRUMCO,DRUMCO,3299 Tulane Road,,Memphis,TN,,US,870-230-8800,901-398-0987,bsmith@drumco.com,NULL,N,0,0,
403112,1215,EKMAN RECYCLING,HUDSON BAYLOR,352 Horseblock Rd.,,Brookhaven,NY,11719,US,732-202-9500,732-202-9525,Cliff.Brand@ekmanrecycling.com,NULL,N,0,0,
403113,1216,EMPIRE RECYCLING - BINGHAMPTON,EMPIRE RECYCLING CORP.,172 Broad Ave,,Binghamton,NY,13904,,607-729-1518,315-724-0167,bambi@empirerecycling.com,NULL,N,0,0,
403114,1216,EMPIRE RECYCLING CORP.,EMPIRE RECYCLING CORP.,100 Corliss Avenue,,Johnson City.,NY,13790,US,607-729-1518,315-724-0167,bambi@empirerecycling.com,NULL,N,0,0,
403115,1127,ENVIRONMENTAL RECYCLING - ADDISON,ENVIRONMENTAL RECYCLING,1750 W. Fullerton,,Addison,IL,60510,US,(630) 879-9751,,evrjt@att.net,NULL,N,0,0,
403116,1127,ENVIRONMENTAL RECYCLING - BATAVIA,ENVIRONMENTAL RECYCLING,868 Boyd Ct,,Batavia,IL,60510,US,(630) 879-9751,,evrjt@att.net,NULL,N,0,0,
403117,1108,1600 STIEVE ROAD,"EAST JORDAN PLASTICS, INC",1600 Stieve Road,,South Haven,MI,49090,US,231-536-2243,,heatherwj@ejplastics.com; albraunstein1@yahoo.com,,N,0,0,
403118,1395,FEDERAL INTERNATIONAL,FEDERAL INTERNATIONAL,7935 Clayton Road,,St. Louis,MO,63117,US,214-794-5896,,rongeri@federalinternational.com,NULL,N,0,0,
403119,1346,"FIRST CAPITOL FIBERS, INC.","FIRST CAPITOL FIBERS, INC.",500 N State Street,,York,PA,17403,US,(717) 812-9601,,bplaza@firstcapitalfibers.com,NULL,N,0,0,
403120,1348,FOREST FIBERS INC. - ALBANY,COUNTY RECYCLING,877 S. Pearl St.,,Albany,NY,12202,US,(518) 433-0020,,occking@aol.com,NULL,N,0,0,
403121,1348,FOREST FIBERS INC. - ELIZABETH,RECYCLE CITY,791 Newark Ave.,,Elizabeth,NJ,,US,(908) 469-4769,(908) 469-4771,,NULL,N,0,0,
403122,1348,FOREST FIBERS INC. - TEWKSBURY,MARKET BASKET WAREHOUSE,875 East Street,,Tewksbury,MA,1876,US,450-466-6688 X241,450-466-8870,shelley@forestfibersinc.com,NULL,N,0,0,
403123,1109,918 PORTER STREET,ENPOL,918 Porter Street,NULL,Streator,IL,61364,US ,NULL,NULL,NULL,NULL,N,0,NULL,NULL
403124,1220,"FREEHOLD CARTAGE, INC.","FREEHOLD CARTAGE, INC.",825 Highway 33,,Freehold,NJ,7728,US,732-462-1001,732-409-7243,tblanchet@freeholdcartage.com; scottjohnson@freeholdcartage.com,NULL,N,0,0,
403125,1318,"GDS, INC",GDS CONOVER MRF,130 Somerset Drive Extension,,Conover,NC,28613,US,828 327 3119,(828) 327-3031,LaDonna.Bolton@republicservices.com; linda.birtel@awin.com,NULL,N,0,0,
403126,1294,"GLOBAL-PAK, INC","GLOBAL PAK, INC",2781 Lisbon Street,,East Liverpool,OH,43920,US,330 482 1993,330 482 1994,jdunn@global-pak.com,NULL,N,0,0,
403127,1296,GLOBAL RESOURCES,AMERICAN METAL,7651 Otten Drive,,Kewaskum,WI,53040,US,847-922-7700,(206) 333-1879,jchizek@globalresourcesus.com,NULL,N,0,0,
403128,1221,GLOVER PERENNIALS,GLOVER PERENNIALS,725 Sterling Lane,,Cutchogue,NY,11935,US,(631) 765-3546,(631) 765-3549,gloverper@verizon.net,NULL,N,0,0,
403129,1129,GOLDEN STATE PLASTICS,GOLDEN STATE PLASTICS,7718 Crows Landing Rd,,Ceres,CA,95307,US,(209) 667-2500,(209) 667-2530,gsplastics7@yahoo.com,NULL,N,0,0,
403130,1397,GOLPER SUPPLY CO,GOLPER SUPPLY CO,1810 W. Edgewood Drive,,Appleton,WI,54913,US,(920) 731-3266,(920) 731-1372,golpersu@tds.net,NULL,N,0,0,
403131,1222,OLD PICK-UP ADDRESS,GREAT LAKES PAPER,441 Ohio Street,,Buffalo,NY,14204,US,(716) 854-3232,(716) 854-0036,nitemen2121@yahoo.com,,N,0,0,
403132,1223,GREAT LAKES RECYCLING - HURON / NEW BOSTO,GREAT LAKES RECYCLING - HURON,36543 South Huron Rd,,New Boston,MI,48164,US,586-779-1310,,steve.kent@go-glr.com,NULL,N,0,0,
403133,1223,GREAT LAKES RECYCLING - N. TONAWANDA,GREAT LAKES RECYCLING,"22 Mechanic St.,",,North Tonawanda,NY,14120,US,716-692-3448,,kim.jeffords@go-glr.com; jStacey Hellings (stacey.hellings@go-glr.com;aakopyan@ucsincny.com,NULL,N,0,0,
403134,1223,GREAT LAKES RECYCLING - ROSEVILLE,GREAT LAKES RECYCLING,30615 Groesbeck Hwy.,,Roseville,MI,48066,US,586-779-1310,,Angela.crase@go-glr.com,NULL,N,0,0,
403135,1352,GREENSTAR - ALLENTOWN,"TODD HELLER, LLC (GREENSTAR ALLENTOWN)",799 Smith Street PO Box 95,,Northampton,PA,18067,US,(610) 262-6988,(610) 262-3236,Pam.Horvath@greenstar-na.com,NULL,N,0,0,
403136,1352,GREENSTAR RECYCLING - CT,WILLIMANTIC WASTE PAPER,185 Recycling Way,,Willimantic,CT,6226,US,515-333-4969, x1526,Heidi.Blue@greenstarrecycling.com; Meghan.Pratt@greenstarrecycling.com,NULL,N,0,0,
403137,1225,GREENEVILLE IRON & PAPER CO.,GREENVILLE IRON & PAPER CO.,315 Old Stage Rd,,Greeneville,TN,37745,US,423-798-6657,423-798-8987,ralphdingus@gmail.com,NULL,N,0,0,
403138,1398,GROOT WASTE,GROOT WASTE,1759 Elmhurst Rd.,,Elk Grove Village,IL,60007,US,773-569-3011,,tcannon@groot.com,NULL,N,0,0,
403139,1110,4529 E PALMETTO STREET,FAITH GROUP COMPANY,4529 E Palmetto Street,NULL,Florence,SC,29506,US ,NULL,NULL,NULL,NULL,N,0,NULL,NULL
403140,1399,HARTELS DISPOSAL,HARTEL'S DISPOSAL,941 Ray Road Avenue,,Proctor,MN,55810,US,218-729-5446,,DHartel@hartels-dbj.com,NULL,N,0,0,
403141,1227,HOPEWELL NURSERY,HOPEWELL NURSERY,1274 Highway 77.,,Bridgeton,NJ,8302,US,(856)451-5552,,john@hopewellnursery.com,NULL,N,0,0,
403142,1136,PICK-UP LOCATION - LAREDO,TRANS DEPOT WAREHOUSE,1408 W Mann Road,,Laredo,TX,78041,,956-523-0892,,,NULL,N,0,0,
403143,1355,LL&S,LL&S,87 Lowell Road,,Salem,NH,3079,US,603 894 9800,,eddie@lls.mv.com,NULL,N,0,0,
403144,1401,"MAINE PLASTICS, INC","MAINE PLASTICS, INC",1817 Kenosha Road,,Zion,IL,60099,US,(847)379-9100,(847)379-9080,bgiersch@maineplastics.com,NULL,N,0,0,
403145,1303,MCC RECYCLING SERVICES,MCC RECYCLING SERVICES LLC,7900 N Radcliffe St,Building 101B,Bristol,PA,19007,US,215.945.6000,215-945-6400,michael.mill@mccrecycling.com,,N,0,0,
403146,1403,MERVIS PLASTICS - DANVILLE,VERMILLION PLASTICS,1919 E. Fairchild St.,,Danville,IL,61834,US,812-208-1158,,,NULL,N,0,0,
403147,1403,MERVIS PLASTICS - FRANKFORT,R&A PLASTICS,2021 W. Clinton County Rd,,Frankfort,IN,46041,US,812-208-1158,,,NULL,N,0,0,
403148,1403,MERVIS PLASTICS - NEWARK,MERVIS PLASTICS,408 Elizabeth Ave,,Newark,NJ,7112,US,812-208-1158,,,NULL,N,0,0,
403149,1404,MIDLAND DAVIS - LITTLE ROCK,CSI INC,810 West 8th,,North Little Rock,AR,72114,US,314-997-4012,,meyer@mtelco.net; Stuart.Abowitz@midlanddavis.com,NULL,N,0,0,
403150,1404,MIDLAND DAVIS - NAPPANEE,FAIRMOUNT HOMES/GULFSTREAM ENVIRONMENTAL,502 South Oakland Avenue,,Nappanee,IN,46550,US,314-997-4012,,meyer@mtelco.net;  Stuart.Abowitz@midlanddavis.com,NULL,N,0,0,
403151,1404,MIDLAND DAVIS - ROLLING FORK,MIDLAND DAVIS,238 Walnut Street,,Rolling Fork,MS,39159,US,314-997-4012,,meyer@mtelco.net;  Stuart.Abowitz@midlanddavis.com,NULL,N,0,0,
403152,1406,MIDWEST FIBER - SEVERN,SEVERN PEANUT COMPANY,413 Main Street,,Severn,NC,27877,US,309-452-0064,309-452-9520,mmcdermott@midwest-fiber.com,NULL,N,0,0,
403153,1406,"MIDWEST FIBER - WASHINGTON, PA",BALCON ENTERPRISES INC.,250 West Wylie Ave. #3,,Washington,PA,15301,US, 309 452 0064,,mmcdermott@midwest-fiber.com,NULL,N,0,0,
403154,1406,"MIDWEST FIBER, INC TWINSBURG",INTERNATIONAL MULCH,8400 Darrow RD,,Twinsburg,OH,44087,US,(309) 452-0064,(309) 452-9520,todd@midwest-fiber.com; tkindel@midwest-fiber.com,NULL,N,0,0,
403155,1307,MONTGOMERY RECYCLING,MONTGOMERY RECYCLING,424 Fairman Ct.,,Lexington,KY,40502,US,(859) 621-2616,,bmrecycling@aol.com,NULL,N,0,0,
403156,1240,MORRIS COUNTY MUA,MORRIS COUNTY MUA,22 Richboynton Road,,Dover,NJ,7801,US,(973) 285-8392,(973) 285-8397,khourihan@mcmua.com,NULL,N,0,0,
403157,1357,NH  KELMAN - ANDOVER,PERISHABLE WAREHOUSE,340 Ballardvale,,Andover,MA,1810,US,518-237-5133,518-233-8555,occking@aol.com; rpereira@ucsincny.com,,N,0,0,
403158,1409,NES MANAGEMENT LLC,"NATIONAL ENVIRONMENTAL SOLUTIONS, LLC",3750 S River Rd,,West Bend,WI,53095,US,(262) 338-6403,262-335-6499,dean@nesrecovery.com,NULL,N,0,0,
403159,1358,"NCB COMMODITIES, INC.","NCB COMMODITIES, INC.",310 South Broad St.,,Hellman,PA,17406,US,717-840-1844,717-840-8750,nbreneman@ncbcommodities.com; jsaraceni@ncbcommodities.com,NULL,N,0,0,
403160,1358,ROBESONIA,"NCB COMMODITIES, INC.","Associated Wholesalers, Inc.",Rt 422 East,Robesonia,PA,19551,,717-840-1844,717-840-8750,nbreneman@ncbcommodities.com; jsaraceni@ncbcommodities.com,NULL,N,0,0,
403161,1242,"NILES IRON & METAL CO., INC.","NILES IRON & METAL CO., INC.",45 West Federal Street,,Niles,OH,44446,US,(330) 652-0799,(330) 652-1240,hhonigman@ameritech.net,NULL,N,0,0,
403162,1300,NORTHWEST PALLET SUPPLY,NORTHWEST PALLET SUPPLY - BRIAN POLLACK,3648 Morreim Dr.,,Belvidere,IL,61008,,(815) 861-1454,,bpollack@northwestpallet.com,NULL,N,0,0,
403163,1290,NORTHWEST PALLET SUPPLY - BRIAN POLLACK,NORTHWEST PALLET SUPPLY - BRIAN POLLACK,3648 Morreim Dr.,,Belvidere,IL,61008,US,(815) 861-1454,(815) 544-5299,bpollack49@gmail.com,,N,0,0,
403164,1411,NOW TRADING & CONSULTING COMPANY,NOW TRADING & CONSULTING COMPANY,4215 Wendell Drive,,Atlanta,GA,30336,US,678-866-1782,678-828-5902,sarmstrong@ntconline.org; armstrongsla@live.com,NULL,N,0,0,
403165,1308,OMNISOURCE,OMNISOURCE,1610 E. 4th St.,,Lima,OH,45804,US,(419) 227-3411,(419) 227-7095,DByron@omnisource.com,NULL,N,0,0,
403166,1309,ONE SOURCE RECYCLING - LOVES,ONE SOURCE RECYCLING,2131 Harlem Road,,Loves Park,IL,61111,US,815-389-6563,815-389-6463,Rbaley@onesourcerecycling.com;janice@onesourcerecycling.com,NULL,N,0,0,
403167,1309,ONE SOURCE RECYCLING - ROCKFORD,ONE SOURCE RECYCLING,5728 Logistics Parkway,,Rockford,IL,61101,US,815-389-6563,815-389-6463,Rbaley@onesourcerecycling.com; janice@onesourcerecycling.com,NULL,N,0,0,
403168,1247,ONEIDA HERKIMER COUNTY,ONEIDA HERKIMER COUNTY,80 Leland Ave,,Utica,NY,13502,US,315-733-1224,,beths@ohswa.org,NULL,N,0,0,
403169,1113,505 WINDSOR ST.,"GRAHAM PACKAGING COMPANY, INC",505 Windsor St.,NULL,York,PA,17403,US ,NULL,NULL,NULL,NULL,N,0,NULL,NULL
403170,1361,ORE RECOVERED MATERIAL,GREENSOURCE RECYCLING,24087 highway 164,,Clarksville,AR,72830,US,800-518-7251,501-745-8080,ore@artelco.com,NULL,N,0,0,
403171,1249,OSS SOLID WASTE DISTRICT,OSS SOLID WASTE DISTRICT,1518 Country Road 113 East,,Green Springs,OH,44836,US,(419) 639-6115,,nreinbolt@recycleoss.org,NULL,N,0,0,
403172,1137,"GRANDVILLE, MI",GRANDVILLE RECYCLING,3485 Viaduct St SW,,Grandville,MI,49418,US,(616) 392-6961,,,NULL,N,0,0,
403173,1137,"WYOMING, MI",PADNOS,500 West 44th Street,,Wyoming,MI,49548,US,(616) 392-6961,,jonathan@padnos.com; kelly.sharkey@padnos.com; scott.nyhuis@padnos.com,,N,0,0,
403174,1362,PAWTUCKET RECYCLING ASSOCIATES,PAWTUCKET RECYCLING/UNITED PAPER STOCK,33 India Street,,Pawtucket,RI,2860,US,401-724-5700,,VandaH@rwcb.com,NULL,N,0,0,
403175,1135,1001 WEST FLOYD STREET,GREENSTAR RECYCLING,1001 West Floyd Street,,New Albany,IN,47150,US,,,,NULL,N,0,0,
403176,1364,YORK PA,PENN WASTE RECYCLING,85 Brick Yard Rd,,Manchester,PA,17445,US,(717) 577-8202,,Tbrenneman@pennwaste.com; ib@ucsincny.com ;ekelly@pennwaste.com; ppolukhin@pennwaste.com,NULL,N,0,0,
403177,1252,PINEWOOD PERENNIAL GARDENS,PINEWOOD PERENNIAL GARDENS,Pinewood Perennial Gardens,560 Sterling Lane,Cutchogue,NY,11935,US,631-734-6911,631-734-5380,scott@pinewoodperennials.com,NULL,N,0,0,
403178,1126,ALA - GREEN BAY,ALA RECYCLING INDUSTRIRES,200 Ninth Street,,Green Bay,WI,54303,,(617) 332-3280,(617) 332-3281,alagroup@alarecycling.com; kim@alarecycling.com; Daisy@alarecycling.com,,N,0,0,
403179,1365,PM RECYCLING INC,PM RECYCLING INC,24 East Mill Street,,Woonsocket,RI,2895,US,401-765-0330,,willpage@pmrecyclingpallets.com,NULL,N,0,0,
403180,1130,AJS RECYCLING - BARNEY RD,AJs RECYCLING,2828 Barney Rd,,Kalamazoo,MI,49004,,269-806-2406,,,NULL,N,0,NULL,NULL
403181,1130,AJS RECYCLING - KILGORE ROAD,AJs RECYCLING,3111 East Kilgore Road,,Kalamazoo,MI,49001-5519,,(269) 349-2681,,,NULL,N,0,NULL,NULL
403182,1258,"QRS, INC - MADISON","QRS, INC",630 Myatt Dr.,,Madison,TN,37115,US,(502) 634-8531,502-634-4331,mjanson@qrsrecycling.com;  pwilliams@qrsrecycling.com,NULL,N,0,0,
403183,1415,ALSIP,QUINCY RECYCLE PAPER,12313 South Lombard Lane,,Alsip,IL,60803,US,(708) 388-2362,,JDanker@quincyrecycle.com; hmalak@quincyrecycle.com; yk@ucsincny.com; JDeBoer@quincyrecycle.com,NULL,N,0,0,
403184,1415,NEW HAVEN,QUINCY RECYCLE PAPER,2210 Summit Drive,,New Haven,IN,46774,US,(260) 748-2560,,MMalloy@quincyrecycle.com; coconnell@quincyrecycle.com; ESavage@quincyrecycle.com; yk@ucsincny.com,NULL,N,0,0,
403185,1139,INDIANAPOLIS IN,WM RECYCLE AMERICA,2025 Stoutfilled West Dr.,,Indianapolis,IN,46241,US,317-381-0968,317-539-5383,rebates@raystrash.com;wsmith@raystrash.com;bmoench@raystrash.com,,N,0,0,
403186,1139,WHITESTOWN IN,WM RECYCLE AMERICA,6251 S Indianapolis Rd,,Whitestown,IN,46075,US,317-539-6770,317-539-5383,wsmith@raystrash.com; rsmith@raystrash.com; rebates@raystrash.com;bmoench@raystrash.com;crobinson@raystrash.com,NULL,N,0,0,
403187,1131,3325 FREDERICK BLVD,RDS,3325 Frederick Blvd.,,Portsmouth,VA,23704,US,540-400-6410,540-400-8266,mikefelker@rds-virginia.com,NULL,N,0,0,
403188,1366,RECYCLE CITY,RECYCLE CITY,891 Newark Ave,,Elizabeth,NJ,7208,US,917-648-7184,,pfanara@recycle-city.com; lcoronel@recycle-city.com,NULL,N,0,0,
403189,1417,ELKHART IN,"RECYCLING WORKS, INC.",605 Mason Street,,Elkhart,IN,46515-1492,US,(574) 606-2117,,chris.himes@wasteawaygroup.com,,N,0,0,
403190,1368,RHODE ISLAND RESOURCE RECOVERY,RHODE ISLAND RESOURCE RECOVERY,33 Shun Pike,,Johnston,RI,2919,US,(401) 942-1430,,jcalamia@wm.com,NULL,N,0,0,
403191,1132,RMR - HIGH POINT,RMR - HIGH POINT,2325 E Kivett Dr.,,High Point,NC,27260,US,336-884-7283,973-830-8256,pdrew@recyclingmr.com,NULL,N,0,0,
403192,1132,RMR - LOUISVILLE,RMR - LOUISVILLE,541 Industry Rd.- Suite 480,,Louisville,KY,40208,US,502-657-1090,,mwinkler@recyclingmr.com; Teri Thompson <tthompson@recyclingmr.com>,NULL,N,0,0,
403193,1132,RMR - PHILLY,RMR - PHILLY,7400 State Road,,Philadelphia,PA,19136,US,215-669-3186,,bwalker@recyclingmr.com,NULL,N,0,0,
403194,1132,RMR - RALEIGH,RMR - RALEIGH,1505 South Blount Street,,Raleigh,NC,27603,US,(919) 792-3999,,sfowler@recyclingmr.com,,N,0,0,
403195,1426,ROCK-TENN RECYCLING,ROCK-TENN RECYCLING,1775 S West Street,,Indianapolis Test,IN,46225,US,317 654 4744,,sjordan@rocktenn.com;TKelley@rocktenn.com;,NULL,N,0,0,
403196,1262,SANICO INC.,SANICO INC.,"5 Hutchinson Station Road,",,Phillipsburg,NJ,8865,US,(908)475-3300,(908)475-1185,19084751185@maxemailsend.com,NULL,N,0,0,
403198,1265,SMR FIBRE,EMPIRE RECYCLING CORP,172 Broad Ave,,Binghamton,NY,13904,US,607-729-1518,315-724-0167,bambi@empirerecycling.com,NULL,N,0,0,
403199,1419,SOUTH CENTRAL RECYCLING,PRO KS RECYCLING,725 E. Clark,,Wichita,KS,,US,(316) 282-0813,,meyer@mtelco.net,NULL,N,0,0,
403200,1267,PRESIDENT WILLIAMS RECYCLING - STINE,SOUTHERN SCRAP / PRES WMS,370 Stine Line,,Winchester,VA,22603,US,(540)662-0265,(540) 662-0265,recycle@southernscrap.net,,N,0,0,
403201,1372,STAPLES INC,STAPLES INC,85 Moosup Pond Road,NULL,Plainfield,CT,6374,US ,860-546-7171,NULL,alan.laflamme@staples.com,NULL,N,0,NULL,NULL
403202,1133,ENGINEERED RECYCLING CO,Engineered Recycling Co,4100 W 76th Street,Unit F,Chicago,IL,60652,,(704) 358-6700,,,NULL,N,0,NULL,NULL
403203,1133,STR AURORA WAREHOUSE- UPS & FEDEX,STR MATERIAL INC.,410 Rathbone Avenue,,Aurora,IL,60506,US,(630) 801-8850,(630) 801-8852,strmaterialinc@gmail.com,NULL,N,0,0,
403204,1271,TARPON PAPER COMPANY,TARPON PAPER COMPANY,6955 Cary Hamilton Road,,Theodore,AL,36582-2001,US,(251) 232-7801,(251) 964-6889,tommy.cicco@tarponpaper.com,NULL,N,0,0,
403205,1328,THE SUTTA COMPANY - AUSTIN,THE SUTTA COMPANY,8219 Springdale Rd,Suite 400,Austin,TX,78724,US,(541) 953-8235,(541) 895-2625,ccasey@sutta.com,NULL,N,0,0,
403206,1328,THE SUTTA COMPANY - CHICAGO,MID-AMERICAN PAPER RECYCLING,3865 West 41 Street,,Chicago,IL,60632,US,(541) 953-8235,(541) 895-2625,ccasey@sutta.com,NULL,N,0,0,
403207,1328,THE SUTTA COMPANY - OAKLAND,THE SUTTA COMPANY,1221 Third Street,,Oakland,CA,94607,US,(541) 953-8235,(541) 895-2625,ccasey@sutta.com,NULL,N,0,0,
403208,1328,THE SUTTA COMPANY - TACOMA,THE SUTTA COMPANY,2122 Port of Tacoma Road,,Tacoma,WA,98421,US,(541) 953-8235,(541) 895-2625,ccasey@sutta.com,NULL,N,0,0,
403209,1421,TOWN & COUNTRY DISPOSAL,TOWN & COUNTRY DISPOSAL,22820 S 291 Hwy,,Harrisonville,MO,64701,US,(816) 380-5595,(816) 380-5575,gerald@townandcountryrecycling.net,NULL,N,0,0,
403210,1374,TOWN OF BOURNE ISWM,BOURNE TRANSFER STATION,201 Mc Arthur Blvd,,Bourne,MA,2532,US,(508)759-0651,(508)759-0652,pcoulombe@townofbourne.com,NULL,N,0,0,
403211,1312,TRI-CITY WASTE PAPER,TRI-CITY WASTE PAPER,1501 Riverport Road,,Kingsport,TN,37660,US,(423) 246-7801,,tcwp@tricitywastepaper.com,NULL,N,0,0,
403212,1275,"TUCKAHOE NURSERIES, INC","TUCKAHOE NURSERIES, INC",148 Jefferson Rd.,,Elmar,NJ,8318,US,(609)861-0533,(609)861-0383,16098610383@maxemailsend.com,NULL,N,0,0,
403213,1422,USME LLC,"UNIVERSAL SCRAP METAL, INC",2500 West Fulton Street,,Chicago,IL,60612,US,(312) 582-1884,(312) 582-1876,Russ@usm-e.com,NULL,N,0,0,
403214,1424,"VIM RECYCLERS, LLP","VIM RECYCLERS, LLP",920 Rathbone Avenue,,Aurora,IL,60506-5506,US,(630) 892-0445,,jpratapas@vimrecyclers.com,NULL,N,0,0,
403215,1277,WASTE ALTERNATIVES,WASTE ALTERNATIVES,6050 East Hanna Avenue,,Indianapolis,IN,46203,US,(740) 397-7651,(740) 397-7649,imrecycling@wastealternatives.net,NULL,N,0,0,
403216,1117,361 CAMPGROUND ROAD,"NURRC, LLC",361 Campground Road,NULL,Spartanburg,SC,29303,US ,NULL,NULL,NULL,NULL,N,0,NULL,NULL
403217,1330,WESTERN PACIFIC PULP & PAPER,"SEWING COLLECTION, INC",1300 Lower Road,,Linden,NJ,7036,US,(800) 803-9777,(562) 803-6365,chrisz@wpppp.com; ralph.orsino@verizon.net,NULL,N,0,0,
403218,1376,PICK UP,WHITE ROSE FOOD SERVICES,580 Port Carteret Drive,,Carteret,NJ,7008,,(732) 541-5555,(732) 802-2820,bkess@whiterose.com,NULL,N,0,0,
403219,1377,"WASTE MANAGEMENT -  LAKEVILLE, MA",WM RECYCLE AMERICA,260 Kenneth Welch Drive,,Lakeville,MA,2347,US,(888) 964-9730,,jcalamia@wm.com,NULL,N,0,0,
403220,1377,"WASTE MANAGEMENT -  MIAMI, FL",WM RECYCLE AMERICA,3401 NW 110 Street,,Miami,FL,33167,US,(888) 964-9730,,CBaldwin@wm.com,NULL,N,0,0,
403221,1377,"WASTE MANAGEMENT -  RALEIGH, NC",WM RECYCLE AMERICA,1815 Capital Blvd,,Raleigh,NC,27604,US,(716) 626-7828,,MTomasze@WM.com,NULL,N,0,0,
403222,1377,"WASTE MANAGEMENT - ALLENTOWN, PA",WM RECYCLE AMERICA,799 Smith Street,,Northampton,PA,18067,US,610-262-6988,610-262-3236,Pam.HOrvath@greenstar-na.com; evalenti@wm.com; rp@ucsincny.com,NULL,N,0,0,
403223,1377,"WASTE MANAGEMENT - ARLINGTON, TX",WM  RECYCLE AMERICA,1923 Meridian St,,Arlington,TX,76011,US,704-690-9668,,shawley@wm.com; nyokofic@wm.com;khumes@wm.com,NULL,N,0,0,
403224,1377,"WASTE MANAGEMENT - AVON, MA",WM RECYCLE AMERICA,40 Ledin Drive,,Avon,MA,2322,US,716-626-7862,, JPowell3@wm.com,NULL,N,0,0,
403225,1377,"WASTE MANAGEMENT - BROCKVILLE, ON",WM RECYCLE AMERICA,1380 California Avenue,,Brockville,ON,K6V 6K8,US,(888) 964-9730,,jcalamia@wm.com,NULL,N,0,0,
403226,1377,"WASTE MANAGEMENT - CAROL STREAM, IL",WM RECYCLE AMERICA,550 N. Center Avenue,,Carol Stream,IL,60188,US,704-690-9668,,khumes@wm.com,,N,0,0,
403227,1377,"WASTE MANAGEMENT - COLUMBUS, OH",WM CANAL WINCHESTER,1006 Walnut Street,,Canal Winchester,OH,43110,US,260-854-4447,,Khumes@wm.com,NULL,N,0,0,
403228,1377,"WASTE MANAGEMENT - GRAYS LAKE, IL",WM RECYCLE AMERICA,30869 North Route 83,,Grayslake,IL,60030,US,(888) 964-9730,,khumes@wm.com,NULL,N,0,0,
403229,1377,"WASTE MANAGEMENT - LAKEWOOD, NJ",WM RECYCLE AMERICA,800 Towbin Ave,,Lakewood,NJ,8701,US,(888) 964-9730,,jcalamia@wm.com,NULL,N,0,0,
403230,1377,"WASTE MANAGEMENT - MADISON, WI",WM RECYCLE AMERICA,2200 Fish Hatchery Rd.,,Madison,WI,53713,US,260-854-4447,,Khumes@wm.com,NULL,N,0,0,
403231,1377,WASTE MANAGEMENT - OF THE PIEDMONT,WM RECYCLE AMERICA,3303 North Glenn Avenue,,Winston Salem,NC,27105,,(888) 964-9730,,cbaldwin@wm.com,NULL,N,0,0,
403232,1377,WASTE MANAGEMENT - REUTERS,WM RECYCLE AMERICA,20701 Pembroke Pines Road,,Pembroke Pines,FL,33029,,954-988-2626,,rp@ucsincny.com,NULL,N,0,0,
403233,1377,WASTE MANAGEMENT - RIVIERA BEACH,WM RECYCLE AMERICA,4735 Dyer Blvd,,Riviera Beach,FL,,,(888) 964-9730,,rp@ucsincny.com,NULL,N,0,0,
403234,1377,"WASTE MANAGEMENT - SPOKANE, WA",WM RECYCLE AMERICA,2902 S Geiger Blvd,,Spokane,WA,99224,US,(509) 535-0284,(509) 536-4403,rsteele2@wm.com,NULL,N,0,0,
403235,1377,"WASTE MANAGEMENT - SPRINGFIELD, MA",WM RECYCLE AMERICA,84 Birnie Ave,,Springfield,MA,1107,US,716-626-7821,866-647-5987,DFrase@wm.com,NULL,N,0,0,
403236,1120,HIGH POINT,RECYCLING MANAGEMENT RESOURCES -  NJ,2325 E Kivett Dr.,,High Point,NC,27260,,973-808-8255,,mmitchum@recyclingmr.com; pdrew@recyclingmr.com; angel@plasticrevolutions.com,NULL,N,0,0,
403237,1120,LOUISVILLE,RECYCLING MANAGEMENT RESOURCES -  NJ,541 Industry Rd Suite 480,,Louisville,KY,40208,,973-808-8255,,mmitchum@recyclingmr.com; mwinkler@recyclingmr.com,NULL,N,0,0,
403238,1120,RALEIGH,RECYCLING MANAGEMENT RESOURCES -  NJ,1505 South Blount Street,,Raleigh,NC,27603,,973-808-8255,,mmitchum@recyclingmr.com; khartman@recyclingmr.com,NULL,N,0,0,
403239,1124,DELIVERY ADDRESS,SOMERSET RECYCLING SERVICES,1 Recycle Way,,Somerset,KY,42503,US,,,,NULL,N,0,0,
403240,1379,ACTION RECYCLERS,ACTION RECYCLERS,2969 S Chase Ave.,,Milwaukee,WI,53207,US,414-727-5133,414-727-5141,moxman@actionrecyclers.net,NULL,N,0,0,
403241,1191,"ADC RESOURCES, INC - AUBURN","ADC RESOURCES, INC",2 Willey St.,,Auburn,NY,13021,US,(315) 507-3325,(315) 507-3170,bob@adcresourcesinc.com; psnell@adcresourcesinc.com,NULL,N,0,0,
403242,1191,"ADC RESOURCES, INC - MONTICELLO","ADC RESOURCES, INC",91 Landfill Drive,,Monticello,NY,12701-3835,US,(315) 507-3325,(315) 507-3170,bob@adcresourcesinc.com;  psnell@adcresourcesinc.com,NULL,N,0,0,
403243,1192,ADVANCED DISPOSAL ALPHARETTA,ADVANCED DISPOSAL,5680 Shirlee Industrial Way,,Alpharetta,GA,30004,US,678-710-2075,770-753-4988,Zachary Poucher <zpoucher@advanceddisposal.com>; Charlie Slade <cslade@advanceddisposal.com>; Nicole Mask <nmask@advanceddisposal.com>,NULL,N,0,0,
403244,1332,AMD PAPER RECYCLING,AMD PAPER RECYCLING,1092 Claridge Elliot Road,,Jeannette,PA,,US,412-400-1150,,,NULL,N,0,0,
403245,1288,ASHEVILLE WASTE PAPER CO INC,ASHEVILLE WASTE PAPER,304 Lyman St,,Asheville,NC,28801,US,828-252-6963,828-251-2860,mackenzie@ashewp.com,NULL,N,0,0,
403246,1380,BALCONES RECYCLING - AUSTIN,BALCONES RECYCLING,9301 Johnny Morris Drive,,Austin,TX,78702,US,512-472-3355,,Rgetter2@balconesresources.com,,N,0,0,
403247,1380,BALCONES RECYCLING - LITTLE ROCK,BALCONES RECYCLING,4501 Thibault Rd.,,Little Rock,AR,72206,US,501-490-0500,,jsaxton@natural-staterecycling.com; ib@scrapmanagement.com,,N,0,0,
403248,1315,REPUBLIC SERVICES - RALEIGH,BFI RALEIGH RECYCLERY,3909 Memo Ct,,Raleigh,NC,27610,US,919-669-3695,,EMichael@republicservices.com,NULL,N,0,0,
403249,1197,BUFFALO RECYCLERY,BUFFALO RECYCLERY,2321 Kenmore Ave # 1,,Buffalo,NY,14207-1361,US,(716) 614-3368,(716) 614-3382,john.beszczynski@awin.com,NULL,N,0,0,
403250,1198,"BUFFALO RECYCLING ENTERPRISES, LLC","BUFFALO RECYCLING ENTERPRISES, LLC",639 Hopkins Street,,Buffalo,NY,14220,US,716-405-1244,716-464-1148,hwiseman@modern-corp.com,NULL,N,0,0,
403251,1199,SUFFOLK VA,BUTLER PAPER RECYCLING INC,324 Newport Street,,Suffolk,VA,23439,US,(757) 539-2351,(757) 925-0874,GCrow@butlerpaper.com,NULL,N,0,0,
403252,1382,C & D RECYCLING,C & D RECYCLING,3282 N 35th St,,Milwaukee,WI,53216,US,414-871-1331,,canddrecyclingofwi@gmail.com,NULL,N,0,0,
403253,1430,INVOICE,ARROTIN PLASTIC MATERIALS INC,15012 Edgerton Road,,New Haven,IN,46774-9685,,(260) 493-0032,(260) 493-0065,terry@arrotin.com,NULL,Y,0,NULL,
403254,1128,BATTLE CREEK MI,FRANKLIN PLASTICS,1525 Hill Brady Rd.,,Battle Creek,MI,49037,US,269-966-8851,,travis@franklin-scrap.com; Leslie@franklin-scrap.com,,N,0,0,
403255,1431,INVOICE,RECYCLEFORCE,"1125 Brookside Ave, Suite D12",,Indianapolis,IN,46202,US,(317) 532-1367,,aking@recycleforce.org;wcarabano@ucsincny.com,NULL,Y,0,NULL,
403256,1258,QRS - NEW ALBANY,"QRS, INC",Riverside Facility,1001 West Floyd Street,New Albany,IN,47150,,(502) 634-8531,,mjanson@qrsrecycling.com;  pwilliams@qrsrecycling.com,NULL,N,0,0,
403257,1432,INVOICE,KUBE-PAK CORP,194 Route 526,,Allentown,NJ,8501,,(609) 259-3114,(609) 259-0487,jswanekamp@kubepak.com; aa@scrapmanagement.com,,Y,0,NULL,
403258,1136,INTERNATIONAL ALLOY - TROY,INTERNATIONAL ALLOY,279 Pike County Lake Road,,Troy,AL,36079,,(973) 543-0095,,traffic@scraptrader.com,NULL,N,0,0,
403259,1433,INVOICE,UCS,10612-D Providence Rd,#750,Charlotte,NC,28277,,(704) 251-8889,,ib@ucsincny.com; ab@ucsincny.com,NULL,Y,0,NULL,
403260,1434,INVOICE,XPO LOGISTICS,27724 Network Place,,Chicago,IL,60673-1277,,(704) 900-3080,(980) 422-0704,rachel.johnston@xpo.com,NULL,Y,0,NULL,
403261,1228,INDIGO PLASTICS - WHITESTONE,INDIGO PLASTICS INC,112-02 15th Avenue,,Whitestone,NY,,,(516) 852-2317,,leo@indigoplast.com; aakopyan@ucsincny.com,NULL,N,0,0,
403262,1292,HIGH RIDGE,On Behalf of CHS Plastics,Classic Films Inc.,2225 Gravois Road,High Ridge,MO,63049,,843-858-1966,,chuck@chsplasticsinc.com,,N,0,0,
403263,1133,JEFFERSON,Wisconsin Plastic Drain Tile,201 W Plymouth St,,Jefferson,WI,53549,,(920) 674-3332,,strmaterialinc@gmail.com; admi.strmaterialcrystal@gmail.com,NULL,N,0,0,
403264,1133,PRIMARY ADDRESS,STR MATERIAL INC.,225 Willington Way,,Oswego,IL,60543,,(630) 777-7816,,strmaterialinc@gmail.com; admi.strmaterialcrystal@gmail.com,NULL,N,0,0,
403265,1228,INDIGO PLASTICS - DEER PARK,INDIGO PLASTICS INC,171 East Industry ct.,,Deer Park,NY,11729,,(516) 852-2317,,leo@indigoplast.com; aakopyan@ucsincny.com,NULL,N,0,0,
403266,1130,MIDWEST PLASTIC RECYCLING,MIDWEST PLASTIC RECYCLING,19925 M 205,,Edwardsburg,MI,49112,,(574) 849-8759,,jbyers80@comcast.net,NULL,N,0,0,
403267,1436,INVOICE,UPPER VALLEY DISPOSAL SERVICES,PO Box 382,1285 Whitehall Ln.,St Helena,CA,94574-9682,,(707) 963-7988,,"david@uvds.com, ib@scrapmanagement.com",,Y,0,NULL,
403268,1435,INVOICE,SERYMAN PLASTICS,2324 Paulson Road,,Turlock,CA,95380-9757,,(209) 241-0595,,sergioolide@hotmail.com; wc@ucsinccy.com; ib@ucsincny.com,,Y,0,NULL,
403269,1126,ALA - MICHIGAN CITY,ALA RECYCLING INDUSTRIRES,728 West US Highway 20,,Michigan City,IN,46360,,(617) 332-3280,,kim@alarecycling.com; Daisy@alarecycling.com; alagroup@alarecycling.com,,N,0,0,
403270,1441,INVOICE,ENVIRONMENTAL RECYCLEING SOLUTIONS,2025 English Avenue,,Indianapolis,IN,46201,,(317) 622-7300,,rreveles29@yahoo.com,NULL,Y,0,NULL,
403271,1228,INDIGO PLASTICS - NEWARK,INDIGO PLASTICS INC,40 Verona Avenue,,Newark,NJ,7104,,(516) 852-2317,,leo@indigoplast.com; bob@indigoplast.com; aakopyan@ucsincny.com,,N,0,0,
403272,1442,INVOICE,KTI INC,10301 Wayzata Blvd,,Minnetonka,MN,55305,,(952) 428-7030,(952) 428-7010,afreeman@ktitrans.com,NULL,Y,0,NULL,
403273,1228,"INDIGO PLASTICS - NAPERVILLE, IL",INDIGO PLASTICS INC,1650 Shore Road,,Naperville,IL,60563,,(516) 852-2317,,leo@indigoplast.com; aakopyan@ucsincny.com,NULL,N,0,0,
403274,1126,ALA - BOSTON,ALA RECYCLING INDUSTRIRES,36 Sterling Road,,Billerica,MA,1862,,(617) 332-3280,,kim@alarecycling.com; Daisy@alarecycling.com; alagroup@alarecycling.com,,N,0,0,
403275,1443,INVOICE,UNITED PLASTIC RECYCLING INC,P.O. Box 11671,,"Montgomery,",AL,36111,,(334) 288-5002,(334) 288-5094,jandrews@unitedplasticrecycling.com; jhollinger@unitedplasticrecycling.com; awalker@unitedplasticrecycling.com; ib@ucsincny.com,,Y,0,NULL,
403276,1443,DELIVERY ADDRESS,"UNITED PLASTIC RECYCLING, INC",4290 Alatex Rd,,"Montgomery,",AL,36108,,334-288-5002,334-288-5094,jandrews@unitedplasticrecycling.com; jhollinger@unitedplasticrecycling.com; awalker@unitedplasticrecycling.com,NULL,N,0,0,
403277,1444,INVOICE,WASTE-NOT RECYCLING,1065 Poplar Street,,Loveland,CO,80534,,(970) 669-9912,,jnewman@waste-not.com; ib@scrapmanagement.com,,Y,0,NULL,
403278,1445,INVOICE,PRIORITY WAREHOUSE,1499 Sheffield Rd.,,Avon,IN,46123,,(574) 849-8759,,jbyers80@comcast.net; abuyanovskiy@ucsincny.com,,Y,0,NULL,
403279,(INV),PRIORITY WAREHOUSE,NULL,NULL,NULL,NULL,NULL,NULL,NULL,NULL,NULL,NULL,NULL,N,NULL,NULL,NULL
403280,1445,AJS KILGORE ROAD,AJ's Recycling Kilgore Road,3111 East Kilgore Road,, Kalamazoo,MI,49001-5519,,(574) 849-8759,,jbyers80@comcast.net,NULL,N,0,0,
403281,1446,INVOICE,VAN WERT SOLID WASTE,1135 N. Washington,,Van Wert,OH,45891-9491,,(419) 238-7767,,recyclevw@bright.net; ib@ucsincny.com,,Y,0,NULL,
403282,1449,INVOICE,ENTROPEX,1271 Lougar Ave,,Sarnia,ON,N7S 5N5,,(519) 332-0430,(519) 332-8220,alilley@entropex.com; rtrusler@entropex.com; ap@entropex.com; ptrainor@entropex.com; shill@entropex.com; arussell@entropex.com; cyates@entropex.com,NULL,Y,0,NULL,
403283,1450,INVOICE,MARTIN COUNTY RECYCLING,500 Industrial Park Drive,PO Box 343,Loogootee,IN,47553,,(812) 295-4142,,martincodirector@frontier.com; ib@scrapmanagement.com,,Y,0,NULL,
403284,1451,INVOICE,CONTI GROUP,1661 46th Street,,Brooklyn,NY,11204,,(718) 435-8600,(718) 436-2956,conti.group@verizon.net; dsmilow@contigroup.us;contigroup.accts02@gmail.com; ib@ucsincny.com; abuyanovskiy@ucsincny.com,,Y,0,NULL,
403285,1453,INVOICE,JOHNS DISPOSAL SERVICES, 7311 Omega Cr,,Franksville,WI,53126,,(262) 473-4700,,office@johnsdisposal.com; jb@scrapmanagement.com,,Y,0,NULL,
403286,1453,"WHITEWATER, WI",JOHNS DISPOSAL SERVICES,107 County Road U,,Whitewater,WI,53190,,(262) 473-4700,,paul@johnsdisposal.com,,N,0,0,
403287,1454,INVOICE,FAR WEST FIBERS INC,PO Box 20669,,Portland,OR,97294,,(503) 200-5011,(503) 257-0502,pmiddleton@farwestfibers.com; ib@scrapmanagement.com,,Y,0,NULL,
403288,1455,INVOICE,PETOSKEY PLASTICS,1100 West Grant St,,Hartford City,IN,47348,,(231) 881-0807,,MPassino@PetoskeyPlastics.com; ib@ucsincny.com; abuyanovskiy@ucsincny.com,,Y,0,NULL,
403289,1456,INVOICE,ZLOOP NC T2 LLC,813 13th St NE,,Hickory,NC,28601,,(828) 358-4854,(800) 645-0369,BBOSTON@ZLOOP.COM; IB@UCSINCNY.COM,,Y,0,NULL,
403290,1457,INVOICE,SHUMAN PLASTICS,35 Neoga Street,,Depew,NY,14043,,(716) 685-2121,(716) 685-3236,dshuman@shuman-plastics.com; amorehouse@shuman-plastics.com; ib@ucsincny.com; abuyanovskiy@ucsincny.com,,Y,0,NULL,
403291,1130,ARROTIN,PRIORITY RECYCLING,15021 Edgerton Rd,,New Haven,IN,46774,,(260) 493-0032,,jbyers80@comcast.net,NULL,N,0,0,
403292,1458,INVOICE,FAITH RECYCLING SERVICES LLC,6520 Southern Cross Dr.,,Indianapolis,IN,46237,,(317) 937-1068,,faithrecycling@yahoo.com; ib@ucsincny.com; abuyanovskiy@ucsincny.com,,Y,0,NULL,
403293,1458,DELIVERY ADDRESS,FAITH RECYCLING SERVICES LLC,"221 South Franklin Rd, Suite 710",,Indianapolis,IN,46219,,317-937-1068,,faithrecycling@yahoo.com,NULL,N,0,0,
403294,1459,INVOICE,US RECYCLING GROUP,3508 Tumbling River Dr,,Clermont,FL,34711,US,(352) 978-1709,,steve.sullivan@ymail.com; ib@scrapmanagement.com,,Y,0,NULL,
403295,1459,US RECYCLING - HYATTSVILLE,US RECYCLING GROUP,6500 Sheriff Road,,Hyattsville,MD,20785,,(352) 978-1709,,steve.sullivan@ymail.com; wc@ucsincny.com,NULL,N,0,0,
403296,1460,INVOICE,"AMERICAN TRANSPORT GROUP, LLC",1900 W Kinzie Street,,Chicago,IL,60622,,(312) 348.1432,(312) 348.1482,cmouw@ATGfreight.com;jaring@atgfreight.com,NULL,Y,0,NULL,
403297,1461,INVOICE,MEMPHIS RECYCLING SERVICES,1131 Agnes Place,,Memphis,TN,38104,,(901) 726-1600,,sscarborough@recyclingit.com; thagerty@recyclingit.com; ib@scrapmanagement.com,,Y,0,NULL,
403298,1463,INVOICE,BAYCREST INTERNATIONAL INC,"2055 Junction Ave, Suite 228",,San Jose,CA,95131,,(408) 922-7288,,jfei@ibaycrest.com; logistics@ibaycrest.com; ib@ucsincny.com; abuyanovskiy@ucsincny.com,,Y,0,NULL,
403299,1463,BAYCREST - TX,BAYCREST INTERNATIONAL INC,Logistics Services,1985 N Central Ave,Brownsville,TX,78521,,(408) 922-7288,,jfei@ibaycrest.com; logistics@ibaycrest.com,NULL,N,0,0,
403300,1292,HIGH POINT,"CHS PLASTICS, INC.",2325 E Kivett Dr,,High Point,NC,,,843-858-1966,,chuck@chsplasticsinc.com,,N,0,0,
403301,1464,INVOICE,AMERICAN RECYCING OF WNC,1291 Sand Hill Road,,Candler,NC,28715,,(828) 418-0777,,rmoore@amrecycling.com; ib@ucsincny.com,,Y,0,NULL,
403302,1466,INVOICE,AR RECYCLING LLC,1951 Guntersville Road,,Arab,AL,35016,,(704) 303-8481,(704) 200-9765,sunny@ar-recycling.com; raghav@ar-recycling.com; ib@ucsincny.com; abuyanovskiy@ucsincny.com,,Y,0,NULL,
403303,1466,"LACEYS SPRING, AL",AR RECYCLING LLC,721 NE Fields Road,,Laceys Spring,AL,35754,,(704) 303-8481,(704) 200-9765,sunny@ar-recycling.com; raghav@ar-recycling.com; ab@ussmrecycle.com,NULL,N,0,0,
403304,1467,INVOICE,EASTERN POULTRY,63 Blanchard St,,Newark,NJ,7105,,(917) 750-4635,,meelisa@gmail.com; aa@scrapmanagement.com,,Y,0,NULL,
403305,1387,COMMUNITY RESOURCE - PLYMOUTH,"COMMUNITY RESOURCE, INC",Waters of America,9000 General Drive,Plymouth,MI,48170,,217-356-6094,,matt.snyder@communityresourceinc.com,NULL,N,0,0,
403306,1468,INVOICE,PPP LLC,PO Box 2047,,Montebello,CA,90640,,(323) 581-6058,(323) 581-0145,polo@ppprecycle.com; evelyn@ppprecycle.com; ib@ucsincny.com,,Y,0,NULL,
403307,1469,INVOICE,SPECIALIZED FIBERS,PO Box 735,,Corning,CA,96021,,(530) 524-1890,(530) 838-6006,jcarey@omegawaste.com; ib@scrapmanagement.com,,Y,0,NULL,
403308,1469,PRIMARY ADDRESS,SPECIALIZED FIBERS,22985 South Avenue,,Corning,CA,96021,,(530) 524-1890,(530) 838-6006,jcarey@omegawaste.com; wc@ucsincny.com,NULL,N,0,0,
403309,1468,PRIMARY ADDRESS,"PPP, LLC",5991 Alcoa Ave. ,,Vernon,CA,90058,,(323) 581-6058,(323) 581-0145,polo@ppprecycle.com; evelyn@ppprecycle.com,NULL,N,0,0,
403310,1470,INVOICE,DUPUY CONSULTANTS,5144 S. Liverpool Way,,Centennial,CO,80015,,(303) 747-5465,,dupuyjoshp@gmail.com; ab@scrapmanagement.com; ib@ucsincny.com,,Y,0,NULL,
403311,1471,INVOICE,PLS LOGISTICS SERVICES,PO BOX 778858,,Chicago,IL,60677-8858,,(215) 309-7515,724-814-5180,dshubert@plslogistics.com; tboyle@plslogistics.com,,Y,0,NULL,
403312,1472,INVOICE,OVERBEY PLASTICS,10676 Township Road 80,,Lewistown,OH,43333,,(937) 843-2972,(937) 843-2088,brad@overbeyplastics.com; aa@scrapmanagement.com,,Y,0,NULL,
403313,1474,INVOICE,VISH GROUP,1605 JERSEY AVE,,NORTH BRUNSWICK,NJ,8902,,(201) 529-2900,(201) 529-1919,shiv@vishgroup.com; ib@ucsincny.com; abuyanovskiy@ucsincny.com,,Y,0,NULL,
403314,1475,INVOICE,INTERWEST PAPER,PO Box 65382,,Salt Lake City,UT,84165,US,(801) 266-3610,,beau@interwestpaper.com; smokey@interwestpaper.com; ib@ucsincny.com,,Y,0,NULL,
403315,1475,PRIMARY ADDRESS,INTERWEST PAPER,575 West 3615 South,,Salt Lake City,UT,84115,US,801-266-3610,,beau@interwestpaper.com;smokey@interwestpaper.com;wcarabano@ucsincny.com,NULL,N,0,0,
403316,1476,INVOICE,KW PLASTICS WAREHOUSE,279 Pike County Lake Rd,,Troy,AL,36079,,(334) 566-1563,,ajohnson@kwplastics.com,NULL,Y,0,NULL,
403317,(INV),KW PLASTICS WAREHOUSE,NULL,NULL,NULL,NULL,NULL,NULL,NULL,NULL,NULL,NULL,NULL,N,NULL,NULL,NULL
403318,1477,INVOICE,RECYCLE-IT LLC,19100 Holland Road,,Brook Park,OH,44142,,(216) 849-8287,,Cory.Osad@recycleit.net; aa@ucsincny.com; ib@ucsincny.com,,Y,0,NULL,
403319,1478,INVOICE,RECYCLE-IT WAREHOUSE,19100 Holland Road,,Brook Park,OH,44142,,(216) 849-8287,,,NULL,Y,0,NULL,
403320,(INV),RECYCLE-IT WAREHOUSE,NULL,NULL,NULL,NULL,NULL,NULL,NULL,NULL,NULL,NULL,NULL,N,NULL,NULL,NULL
403321,1479,INVOICE,MENARD INC,5101 Menards Drive,,Eau Claire,WI,54703-9604,,(715) 876-5911,,jpfalzgr@menard-inc.com; aa@ucsincny.com,NULL,Y,0,NULL,
403322,1479,MENARDS - HOLIDAY CITY,MENARD INC,Wood Recycling/Warranty Center Manager Menard,14310 Cty Rd 15,Holiday City,OH,43554,,(715) 876-5911,,jpfalzgr@menard-inc.com; aa@ucsincny.com,NULL,N,0,0,
403323,1480,INVOICE,AXLE LOGISTICS,PO Box 896456,,Charlotte,NC,28289-6456,US,(800) 522-1889,(866) 431-5399,will.hammond@axlelogistics.com,NULL,Y,0,NULL,
403324,1481,INVOICE,FHU WE R EXPORTING SP ZOO,Prymasa Wysznskiego,"13/11,26300",Opoczno,,,,48618801038,48 48618801039,info@fhuwerexporting.com,NULL,Y,0,NULL,
403325,1482,INVOICE,JC HORIZON LTD,8300 Utica Ave,Suite 300,Rancho Cucamonga,CA,91730,US,(626) 446-1819,(626) 446-5126,ben@jchorizonltd.com; luna@jchorizonltd.com; ib@ucsincny.com; abuyanovskiy@ucsincny.com, (626) 378-9518,Y,0,NULL,
403326,1292,ANDERSON SC,ACI PLASTICS,435 E. Shockley Ferry Rd,,Anderson,SC,29624,US,843-858-1966,,chuck@chsplasticsinc.com,,N,0,0,
403327,1484,INVOICE,ASHEBORO RECYCLING,PO Box 1032,,Asheboro,NC,27204,US,(336) 625-6078,,recycle@asheboro.com; melinda@asheboro.com;paul@asheboro.com; paul@asheboro.com; ib@scrapmanagement.com,(336) 653-0720,Y,0,NULL,
403328,1484,PRIMARY ADDRESS,ASHEBORO RECYCLING,1075 Southmont Dr,,Asheboro,NC,27204,US,(336) 625-6078,,recycle@asheboro.com;arc@asheboro.com;melinda@asheboro.com;fred@asheboro.com;ibeylin@ucsincny.com,NULL,N,0,0,
403329,1486,INVOICE,EVERGREEN PLASTICS,202 Watertower Drive,,Clyde,OH,43410,US,(419) 547-1400,(419) 547-4551,msandoval@evergreenplastics.com; ib@ucsincny.com,,Y,0,0,
403330,1487,INVOICE,YOWELL TRANSPORTATION,1840 Cardington Road,P.O. Box 9278,Dayton,OH,45409,,(937) 294-5933,(937)294-4132,yowell.dispatch@gmail.com,NULL,Y,0,NULL,
403331,1488,RTS,GLOBAL EXPRESS LOGISTICS INC,P.O. Box 840267,,Dallas,TX,75284-0267,,(224) 585-4700,(224) 585-4701,maxglobalx@gmail.com,NULL,Y,0,NULL,
403332,1489,INVOICE,G & F TRUCKING INC,10481 TIREMAN ST,,DEARBORN,MI,48126,,(313) 397-2800,(313) 739-6336,gftrucking08@hotmail.com,NULL,Y,0,NULL,
403333,1490,INVOICE,DST EXPRESS INC,8942 Pathfinder Rd,,Breinigsville,PA,18031,,(610) 395-4625,,dst8942@gmail.com,NULL,Y,0,NULL,
403334,1292,"DURHAM, NC","CHS PLASTICS, INC.",Orange Recycling Services,1010 E Pettigrew St,Durham,NC,27701,,843-858-1966,,chuck@chsplasticsinc.com,,N,0,0,
403335,1491,INVOICE,COMPASS FUNDING SOLUTIONS LLC,PO BOX 205154,,DALLAS,TX,75320-5154,US,(630) 333-1360,(630) 333-1361,rada.southway@gmail.com,,Y,0,NULL,
403336,1492,INVOICE,TRIDENT POLYMERS,14700 28th Avenue North #35,,Plymouth,MN,55447,,(612) 578-6739,(763) 541-1510,terry@tridentpolymers.com; jb@scrapmanagement.com,,Y,0,NULL,
403337,1492,TRIDENT POLYMERS - ELK RIVER,TRIDENT POLYMERS,12698 Industrial Blvd Suite D,,Elk River,MN,55330,,(763) 482-2022,(763) 541-1510,terry@tridentpolymers.com,NULL,N,0,0,
403338,1133,STR - SHAWANO,WISCONSIN FILM AND BAG,1075 S Airport Rd,,Shawano,WA,54166,,800-260-2247,630-801-8852,strmaterialinc@gmail.com; admi.strmaterialcrystal@gmail.com,NULL,N,0,0,
403339,1493,INVOICE,APEX CAPITAL CORP,PO Box 961029,,Fort Worth,TX,76161-1029,,(302) 722-4650,(302) 444-6626,dispatch@muchaillc.com,,Y,0,NULL,
403340,1494,INVOICE,ISUSTAIN INC,PO Box 700,,Soddy Daisy,TN,37384,,(901) 493-1355,,huberme1@me.com; aa@scrapmanagement.com,,Y,0,NULL,
403341,1494,PRIMARY ADDRESS,"ISUSTAIN, INC",12249  Wildlife Place,,Soddy Daisy,TN,37384,,(901) 493-1355,,huberme1@me.com,NULL,N,0,0,
403342,1494,ISUSTAIN - Ashland,"RETURN POLYMERS, INC",400 Westlake Dr,,Ashland,OH,44805,,(901) 493-1355,,huberme1@me.com,NULL,N,0,0,
403343,1495,INVOICE,ECHO LOGISTICS,22168 Network Place,,Chicago,IL,60673,,800.354.7993,,brendan.lowry@echo.com; brian.oberman@echo.com,224.251.6321,Y,0,NULL,
403344,1494,ISUSTAIN - CLEVELAND,TYMEX PLASTICS,5300 HARVARD AVE,,CLEVELAND,OH,44105-4826,,(216) 429-8950,,huberme1@me.com,NULL,N,0,0,
403345,1496,INVOICE,ROLL ON TRANSPORTATION,PO Box 12061,,Parkville,MO,64152,,(816) 505-1920,(816) 505-1806,customers@rollonindustries.com,,Y,0,NULL,
403346,1405,DECATUR,"MIDWEST FIBER, INC - DECATUR",1781 Hubbard Ave,,Decatur,IL,62526,,(217) 519-8294,(217) 424-9490,cijams@midwest-fiber.com; ab@ucsincny.com; amonk@midwest-fiber.com,,N,0,0,
403347,1497,INVOICE,JUNIPER HILL NURSERY INC,341 Kirkup Lane,,Mattituck,NY,11952,,(631) 298-5308,(631) 298-1033,aa@scrapmanagement.com,,Y,0,NULL,
403348,1500,INVOICE,MAUSER PACKAGING - REIDSVILLE,P.O. Box 7410054,,CHCAGO,IL,60674,,336-637-1408,(336) 349-2861,Shandy1037@aol.com; ibeylin@ucsincny.com; mitzie.purdy@iconserv.com,,Y,0,0,
403349,1500,REIDSVILLE NC,MAUSER PACKAGING,1704 Barnes Street,,Reidsville,NC,27320,,(336) 349-2800,(336) 349-2861,Shandy1037@aol.com; mitzie@plasticrevolutions.com; ibeylin@ucsincny.com,,N,0,0,
403350,1306,"PANDORA, OH",MONTGOMERY PAPER CO.,501 Basinger Road,,Pandora,OH,45877,,(937) 222 4059,,montgomerypaper@ameritech.net,,N,0,0,
403351,1501,INVOICE,TAYLOR LOGISTICS INC,2875 E. Sharon Road,,Cincinnati,OH,45241,,513-587-4730,513-672-8572,melissa@taylordist.com,NULL,Y,0,NULL,
403352,1502,INVOICE,EVANS DELIVERY,PO Box 62892,,Baltimore,MD,21264,,(708) 389-0609,(708) 389-2216,Tina.cozzi@westcontract.com,NULL,Y,0,NULL,
403353,1503,INVOICE,W ENTERPRISES LLC,P.O. Box 602,,Crawfordsville,IN,47933,,(765) 362-2182,,wenterprises302@gmail.com;mdneal85@gmail.com; jb@ucsincny.com,,Y,0,NULL,
403354,1503,CRAWFORDSVILLE,W ENTERPRISES LLC,302 S Oak Street,,Crawfordsville,IN,47933,,(765) 362-2182,,wenterprises302@gmail.com;mdneal85@gmail.com; jb@ucsincny.com,,N,0,0,
403355,1415,"BRIDGETON, MO",QUINCY RECYCLE PAPER,3930 Taussig Road,,Bridgeton,MO,63044,,(314) 344-8898,,choener@quincyrecycle.com; RBluhm@quincyrecycle.com; yklevtsov@ucsincny.com,NULL,N,0,0,
403356,1114,DELIVERY ADDRESS,KW PLASTICS,279 Pike County Lake Rd,,Troy,AL,36079,US,(334) 770-4438,(334) 808-3368,dwarren@kwplastics.com; ib@ucsincny.com,,N,1,0,
403357,1504,INVOICE,TRANS DYNAMICS INC,PO Box 57908,,Salt Lake City,UT,84157,,(800) 827-8527,(773) 489-9511,il-ops@transdynamics.com,,Y,0,NULL,
403358,1504,CHICAGO,TRANS DYNAMICS INC,1830 North Milwaukee,Suite 1B,Chicago,IL,60647,,(800) 827-8527,(773) 489-9511,il-ops@transdynamics.com,NULL,N,0,0,
403359,1104,BRYAN OH - DELIVERY,"BRYAN PLASTICS PROCESSING, LLC",721 East Edgerton Street,,Bryan,OH,43506,,(419) 630-0481,, Jatkinson@bryanplastics.com; office@bryanplastics.com,,N,0,0,
403360,1400,"WAUSAU, WI",IROW SHREDDING RECYCLING,410 S Bellis Street,,Wausau,WI,54403,,(715) 693-7123,,cory@IROW.bz;scale@irow.bz; dispatch@irow.bz,,N,0,0,
403361,1505,INVOICE,EAST TERRA PLASTIC RECYCLING,9511 W Depot St,,Yorktown,IN,47396,,317-252-0287,317-252-0254,jaychu@east-terra.com; ab@ucsincny.com; ib@ucsincny.com,317-855-0068,Y,0,NULL,
403362,1506,INVOICE,"JEI TRANSFER, LLC",3200 Sheffield Avenue,Building 2  Unit EB,Hammond,IN,46327,,(312) 907-4149,,sandra@jeitransfer.com; jose@jeitransfer.com,,Y,0,NULL,
403363,1418,NEW CASTLE DE,"REVOLUTION RECOVERY, LLC",1101 Lambson Lane,,New Castle,DE,19720,,302-981-2399,,nick@Revolutionrecovery.com;,,N,0,0,
403364,1507,INVOICE,DELTA LOGISTICS LLC,Orange Commercial Credit,PO Box 11099,Olympia,WA,98508,,828-743-8923,828-633-2789,oleg@deltalogisticsllc.com,,Y,0,NULL,
403365,1508,INVOICE,PRIME 360,3648 Morreim Drive,,Belvidere,IL,61008,,(815) 861-1454,,bpollack@northwestpallet.com; abuyanovskiy@ucsincny.com,,Y,0,NULL,
403366,1136,INTL ALLOY - ELIZABETHTON TN,INTERNATIONAL ALLOY,200 Smoky Mountain Place,,Elizabethton,TN,37643,,(980) 245-2085,(866) 245-1231,traffic@scraptrader.com; accountspayable@scraptrader.com; larry.schipper@scraptrader.com,NULL,N,0,0,
403367,1111,FLINT,QFD PLASTICS LLC,4450 Linden Creek Parkway,,Flint,MI,48507,,(248) 668-0800,,recycle@genmill.com; jennifer@genmill.com; robert@genmill.com,NULL,N,0,0,
403368,1509,INVOICE,BROADWAY INTERMODAL LLC,PO BOX 847,,Mantua,OH,44255,,330-274-8499,330-274-8836,jasystems8@gmail,NULL,Y,0,NULL,
403369,1292,"ROCK HILL, SC",ALLIANCE PLASTICS,2751 Commerce Drive,,Rock Hill,SC,29730,,843-858-1966,(888) 670-6226,chuck@chsplasticsinc.com,,N,0,0,
403370,1510,INVOICE,COUGLES RECYCLING INC,1000 South 4th Street,,Hamburg,PA,19526,,610-562-8336,610-562-8381,d.swoyer@couglesrecycling.com; m.cougle@couglesrecycling.com; d.macaulay@couglesrecycling.com; ib@scrapmanagement.com,,Y,0,NULL,
403371,1511,INVOICE,RECOMMUNITY CORP,PO Box 603031,,Charlotte,NC,28260,,(704) 379-0600,(704) 697-2012,JFormisano@republicservices.com; aa@scrapmanagement.com,,Y,0,NULL,
403372,1511,RECOMMUNITY - CAMDEN,RECOMMUNITY CORP,2201 Mt. Ephraim Ave.,,Camden,NJ,8104,US,(704) 379-0600,(704) 697-2012,PO'donnell@republicservices.com;  rpereira@ucsincny.com,,N,0,0,
403373,1512,INVOICE,EWS ALABAMA INC,402 Webster Chapel Road,,Glencoe,AL,35905,,843-599-9392,,larryp@ewsalabama.com; rp@scrapmanagement.com,,Y,0,NULL,
403374,1512,ENVIRONMENTAL WASTE - EL PASO,ENVIRONMENTAL WASTE SVS INC - EL PASO,9820 Railroad Drive,,El Paso,TX,79924,,843-599-9392,,larryp@ewsalabama.com,NULL,N,0,0,
403375,1513,INVOICE,CPM RECYCLING SERVICES,PO Box 7451,,Rockford,IL,61126,,815-713-8169,,CPMRecycleService@hotmail.com; jb@scrapmanagement.com,,Y,0,NULL,
403376,1513,"ROCKFORD, IL",CPM RECYCLING SERVICES,840 Airport Drive,,Rockford,IL,61109,,815-713-8169,,,NULL,N,0,0,
403377,1515,INVOICE,PALLET RESOURCE,3371 99th Court NE,,Blaine,MN,55449,,763-792-2882,,tom@palletresource.net; jb@scrapmanagement.com,,Y,0,NULL,
403378,1515,"BLAINE, MN",PALLET RESOURCE,3125 101st Ave NE,,Blaine,MN,55449,,763-792-2882,,tom@palletresource.net,NULL,N,0,0,
403379,1516,INVOICE,SERVICE RECYCLING,3178 N Kentucky Ave,,Joplin,MO,64801,,(417) 385-3323,,a.hodges@servicerecycling.net; jb@scrapmanagement.com,,Y,0,NULL,
403380,1517,INVOICE,STRETCH LOGISTICS INC,PO Box 206,,McCordsville,IN,46055,,(317) 465-1700,,dohara@stretchlogistics.com; wmerriweather@stretchlogistics.com; csr@stretchlogistics.com,,Y,0,NULL,
403381,1519,INVOICE,OCCUPATIONAL TRAINING CENTER,2 Manhattan Drive,,Burlington,NJ,8016,,609-267-6665,,twhelihan@otcbc.org; aa@scrapmanagement.com,,Y,0,NULL,
403382,1520,INVOICE,AMERICAN METAL & PAPER RECYCLING INC,935 Schoenhaar Drive,,West Bend,WI,53090,,262-335-9604,,dennis@americanmpr.com; jb@scrapmanagement.com,,Y,0,NULL,
403383,1520,KEWASKUM,AMERICAN METAL & PAPER RECYCLING INC,7651 Otten Drive,,Kewaskum,WI,53040,,262-334-9542,,dennis@americanmpr.com; jb@ucsincny.com,,N,0,0,
403384,1524,INVOICE,UNITED STATES RECYCLING,6101 Tacony Street,,Philadelphia,PA,19135,US,(215) 338-5050,(215) 335-1188,sschwartz@unitedstatesrecycling.com; aa@scrapmanagement.com,,Y,0,NULL,
403385,1524,PHILADELPHIA,UNITED STATES RECYCLING,6101 Tacony Street,,Philadelphia,PA,19135,US,(215) 338-5050,(215) 335-1188,sschwartz@unitedstatesrecycling.com,NULL,N,0,0,
403386,1519,MT HOLLY,OCCUPATIONAL TRAINING CENTER,130 Hancock Lane,,Mt. Holly ,NJ,8060,,609-267-6665,,twhelihan@otcbc.org; aa@ucsincny.com,NULL,N,0,0,
403387,1525,INVOICE,PROGRESSIVE RECYCLING SOLUTIONS,112 Quality Drive,,Richmond,KY,40475,,859-779-5095,,ashleyreisig@hotmail.com; abuyanovskiy@ucsincny.com,,Y,0,NULL,
403388,1525,HORSE CAVE KY,PROGRESSIVE RECYCLING SOLUTIONS,310 Cherry Street,,Horse Cave,KY,42749,,859-779-5095,,ashleyreisig@hotmail.com; abuyanovskiy@ucsincny.com,NULL,N,0,0,
403389,1527,INVOICE,TOTAL RECYCLE INC,ATT: ANGIE BRIDI,2650 Audobon Road,Audobon,PA,19403,,215-783-2886,,joseph.mascaro@jpmascaro.com; sophia.mascaro@jpmascaro.com; rp@scrapmanagement.com,,Y,0,NULL,
403390,1527,BIRDSBORO,TOTAL RECYCLE INC,1270 Lincoln Road,,Birdsboro,PA,19508,US,215-783-2886,,joseph.mascaro@jpmascaro.com,NULL,N,0,0,
403391,1529,INVOICE,CITY FIBERS INC,PO Box 58646,,Los Angeles,CA,90058,,(323) 583-1013,(323) 583-8424,kipp@cityfibers.com; pedro@cityfibers.com; imelda@cityfibers.com; bertha@cityfibers.com; susy@cityfibers.com; ib@ucsincny.com,,Y,0,NULL,
403392,1529,LA,CITY FIBERS INC,2500 South Santa Fe Avenue,,Los Angeles,CA,90058,,(323) 583-1013,(323) 583-8424,kipp@cityfibers.com; pedro@cityfibers.com; imelda@cityfibers.com; bertha@cityfibers.com; ibeylin@ucsincny.com,NULL,N,0,0,
403393,1529,VALLEY,CITY FIBERS INC,16714 Schoenborn St,,North Hills,CA,91343,,(818) 895-7203,(323) 583-8424,kipp@cityfibers.com; jecy@cityfibers.com; imelda@cityfibers.com; bertha@cityfibers.com; susy@cityfibers.com; ibeylin@ucsincny.com,,N,0,0,
403394,1530,INVOICE,JOES PLASTICS,5725 District Blvd,,Los Angeles,CA,90040,,(323) 771-8433,,forrest@800plastics.com; ib@ucsincny.com,,Y,0,NULL,
403395,1531,INVOICE,MIXED PLASTICS LLC,1171 S Robertson Blvd,Suite 250,Los Angeles,CA,90035,,323-489-6700,,seth@mixedplastics.com; ib@ucsincny.com; abuyanovskiy@ucsincny.com,,Y,0,NULL,
403396,1532,INVOICE,GREENWASTE RECOVERY LLC,610 E Gish Rd,,San Jose,CA,95112,US,(408) 283-4819,,rlopez@greenwaste.com; ib@ucsincny.com; baguilar@greenwaste.com,,Y,0,NULL,
403398,1533,INVOICE,CONCORD PLASTICS INC,225 Jaycee Drive,,West Hazleton,PA,18202,US,570-453-0803,,marissa@concordplasticsinc.com; ib@scrapmanagement.com,,Y,0,NULL,
403399,1533,WEST HAZLETON PA,CONCORD PLASTICS INC,500 Jaycee Drive,,West Hazleton,PA,18202,US,570-453-0803,,marissa@concordplasticsinc.com; ibeylin@ucsincny.com,NULL,N,0,0,
403400,1534,INVOCIE,THE WORTHINGTON COMPANY,140 South College Avenue,,Indianapolis,IN,46202,US,(317) 896-8780,(317)867-3492,,463-701-7750,Y,0,NULL,
403401,1199,FRANKLIN VA,BUTLER PAPER RECYCLING INC,137 Sachs Avenue,,Franklin,VA,23851,US,(757) 539-2351,,GCrow@butlerpaper.com,NULL,N,0,0,
403402,1535,INVOICE,EAGLE WASTE & RECYCLING INC,PO Box 729,,Eagle River,WI,54521,,715-477-0077,,brian@eaglewasteandrecycling.com; erwardawn@eaglewasteandrecycling.com; jb@scrapmanagement.com,,Y,0,NULL,
403403,1535,"EAGLE RIVER, WI",EAGLE WASTE & RECYCLING INC,701 Surgipath Lane,,Eagle River,WI,54521,,715-477-0077,,brian@eaglewasteandrecycling.com; erwardawn@eaglewasteandrecycling.com; yklevtsov@ucsincny.com,NULL,N,0,0,
403404,1536,INVOICE,SPOT FREIGHT INC,141 SOUTH MERIDIAN STREET,Ste 200,Indianapolis,IN,46225,US,(317) 275-8589,,brouton@spotmyfreight.com,NULL,Y,0,NULL,
403405,1537,INVOICE,GREEN PLUS PLASTICS,"3131 N Franklin Road, Suite L",,Indianapolis,IN,46226,US,(931) 510-0525,,sasi@greenplusplastics.com; ib@scrapmanagement.com,,Y,0,NULL,
403406,1537,INDIANAPOLIS,GREEN PLUS PLASTICS,"3131 N Franklin Road, Suite L",,Indianapolis,IN,46226,US,(931) 510-0525,,sasi@greenplusplastics.com; wcarabano@ucsincny.com,NULL,N,0,0,
403407,1292,"MAYSVILLE, KY",FEDERAL-MOGUL MOTORPARTS,1072 Progress Way,,Maysville,KY,41056,,843-858-1966,(888) 670-6226,chuck@chsplasticsinc.com,,N,0,0,
403408,1538,INVOICE,NATURE'S WOOD PRODUCTS LLC,123 County Road 17,,Elkhart,IN,46516,,574-848-1900,,cfifer@natureswoodproducts.net; bfifer@natureswoodproducts.net; ib@scrapmanagement.com,,Y,0,NULL,
403409,1529,WASHINGTON 2,CITY FIBERS INC,3033 E. Washington Blvd,,Los Angeles,CA,90023,US,(323) 583-1013,(323) 583-8424,kipp@cityfibers.com; pedro@cityfibers.com; imelda@cityfibers.com; bertha@cityfibers.com; susy@cityfibers.com; ibeylin@ucsincny.com,NULL,N,0,0,
403410,1539,PRIMARY,ELCO VENTURES LLC,1213 Bellevue Street,,Detroit,MI,48207,US,313-580-0941,,adr179191@gmail.com; ib@ucsincny.com; abuyanovskiy@ucsincny.com,,Y,0,NULL,
403411,1482,PLAINFIELD IL,"JC HORIZON, LTD",14325 S VAN DYKE RD,,PLAINFIELD,IL,60544,US,(815) 556-8124,,jason@jchorizonltd.com; ruby@jchorizonltd.com; song@jchorizonltd.com; luna@jchorizonltd.com,,N,0,0,
403412,1540,INVOICE,BYPRODUCT RECYCLING LLC,W239 Deering Lane,,Kaukauna,WI,54130,,920-532-9314,,George@br-llc.com; ib@ucsincny.com,,Y,0,NULL,
403415,1543,INVOICE,B&D WAREHOUSE INC,PO Box 10705,,Green Bay,WI,54307,,920-499-3105,920-499-1444,,,Y,0,NULL,
403416,1543,WAREHOUSE,B&D WAREHOUSE INC,2148 Badgerland Drive,,Green Bay,WI,54307,,920-499-3105,920-499-1444,,NULL,N,0,0,
403417,1544,INVOICE,GP HARMON RECYCLING,PO Box 125,,Cedar Springs,GA,39832,,423-543-1200,,brian.gaughan@gapac.com; ib@ucsincny.com,312-519-8344,Y,0,NULL,
403418,1544,"ELIZABETHTON, TN",GP HARMON RECYCLING,200 Smoky Mountain Place,,Elizabethton,TN,37643,,(336) 725-1600,(404) 749-2372,Jeff.Wade@gapac.com,,N,0,0,
403419,1538,NATURES WOOD - ELKHART,NATURE'S WOOD PRODUCTS LLC,54693 County Road 17,,Elkhart,IN,46516,,574-848-1900,,cfifer@natureswoodproducts.net; bfifer@natureswoodproducts.net; wcarabano@ucsincny.com,NULL,N,0,0,
403420,1545,INVOICE,B&D WAREHOUSE - INVENTORY ONLY,2148 Badgerland Drive,,Green Bay,WI,54307,,920-499-3105,,,NULL,Y,0,NULL,
403421,(INV),B&D WAREHOUSE - INVENTORY ONLY,NULL,NULL,NULL,NULL,NULL,NULL,NULL,NULL,NULL,NULL,NULL,N,NULL,NULL,NULL
403422,1547,INVOICE,NOLAN TRANSPORTATION GROUP,P.O. Box 931184,,Atlanta,GA,31196-1184,,(770) 509-9611,,courtney.gray@ntgfreight.com,,Y,0,NULL,
403423,1548,INVOICE,Z - 4TH GENERATION RECYCLING INC.,PO Box 117165,,Atlanta,GA,30368,US,954-306-6901,954-252-3801,SF@4grecycling.com; Dispatch@4GRecycling.com; ib@ucsincny.com,860-918-2748,Y,0,NULL,
403424,1548,"SHELTON, CT","INLINE PLASTICS CORP - SHELTON, CT",42 Canal Street E,,Shelton,CT,6484,,203-213-7538,954-252-3801,SF@4grecycling.com; Dispatch@4GRecycling.com; ibeylin@ucsincny.com,,N,0,0,
403425,1549,INVOICE,NUVIDA PLASTIC TECHNOLOGY INC,925 Georges Rd,,Monmouth Junction,NJ,8852,,(732 )297-2300,,hazzo@nuvidaplastics.com; ib@ucsincny.com; abuyanovskiy@ucsincny.com,(773) 750-4376,Y,0,NULL,
403426,1550,INVOICE,NOLAN TRANSPORT GROUP INC,P.O. Box 931184,,Atlanta,GA,31193,,(843) 518-5900 x3426,(770) 509-9612,jahan.jones@ntgfreight.com,(770) 313-7691,Y,0,NULL,
403427,1548,"ALSIP, IL",THE PLASTICS GROUP / RESOURCE PLASTICS,5623 West 115th Street,,Alsip,IL,60803,,203-213-7538,954-252-3801,SF@4grecycling.com; Dispatch@4GRecycling.com; ibeylin@ucsincny.com;,,N,0,0,
403428,1548,HOUSTON,FEDERAL INTERNATIONAL,6201 Rankin Road,,Humble,TX,77396,US,954-306-6901,954-252-3801,SF@4grecycling.com; Dispatch@4GRecycling.com; ibeylin@ucsincny.com,,N,0,0,
403429,1471,PHILLY,PLS LOGISTICS SERVICES,325 Chestnut Street,,Philadelphia,PA,19106,,(215) 309-7515,(724) 814-5049,dshubert@plslogistics.com,(415) 233-1133,N,0,0,
403430,1551,INVOICE,CUSTOM POLYMERS PET,700 Tuckaseegee Rd,,Charlotte,NC,28200,US,256-232-3543,888-442-6089,matt@custompolymerspet.com; ib@ucsincny.com,,Y,0,NULL,
403431,1551,ATHENS,CUSTOM POLYMERS PET,1764 Wilkinson Street,,Athens,AL,35611,US,256-232-3543,888-442-6089,matt@custompolymerspet.com; ibeylin@ucsincny.com,,N,0,0,
403432,1548,SAN ANTONIO,FEDERAL INTERNATIONAL,400 Probandt St,,San Antonio,TX,78204,US,954-306-6901,954-252-3801,SF@4grecycling.com; Dispatch@4GRecycling.com; ibeylin@ucsincny.com,,N,0,0,
403433,1552,INVOICE,ABM POLYMERS INC,1410 Emerald Mountain Parkway,,Wetumpka,AL,36093,,(334) 567-6525,(334) 567-1962,bill@abmpolymers.com; ib@ucsincny.com; abuyanovskiy@ucsincny.com,(334) 430-0227,Y,0,NULL,
403434,1548,"GRAND PRAIRIE, TX",COCA COLA BOTTLING COMPANY,3405 Roy Orr Blvd,,Grand Prairie,TX,75050,,954-306-6901,954-252-3801,SF@4grecycling.com; Dispatch@4GRecycling.com; ibeylin@ucsincny.com;  Export@4GRecycling.com,,N,0,0,
403435,1553,INVOICE,CHOPTANK TRANSPORT INC,PO Box 99,,Preston,MD,21655,US,800-568-2240 ext. 428,,emily.herman@choptanktransport.com,,Y,0,NULL,
403436,1554,INVOICE,DYNAMIC LOGISTIX LLC,7220 W. 98TH Terrace,,Overland Park,KS,66212,US,(913)904-5169,,alugo@shipdlx.com; skelley@shipdlx.com,(913) 296-2124,Y,0,NULL,
403437,1555,INVOICE,LOGISTICS MADE SIMPLE INC,2115 Chapman Road,Suite 107,Chattanooga,TN,37421,US,866-971-5003,423-893-5033,jholmes@logisticsms.net,205-826-1074,Y,0,NULL,
403438,1292,BURLINGTON NC,GREEN LIFE WASTE SOLUTIONS,673 Gilmer Street,,Burlington,NC,27217,,843-858-1966,(888) 670-6226,chuck@chsplasticsinc.com,,N,0,0,
403439,1556,INVOICE,CHAMPION POLYMER RECYCLING,2600 Corporate Drive,,Winchester,KY,40391,,(859) 745-3784,,GPotter@infiltratorwater.com; ib@ucsincny.com,(859) 771-0812,Y,0,NULL,
403440,1558,INVOICE,THE ACTION ENVIRONMENTAL GROUP INC,300 Frank W Burr Blvd,Suite 39,Teaneck,NJ,7666,,(866) 270-9900,,agambino@iswaste.com; dwilson@actioncarting.com; aa@scrapmanagement.com,,Y,0,NULL,
403441,1558,THE BRONX,"THE ACTION ENVIRONMENTAL GROUP, INC",920 E. 132nd Street,,Bronx,NY,10454,,(866) 270-9900,,agambino@iswaste.com; dwilson@actioncarting.com; aakopyan@ucsincny.com,,N,0,0,
403442,1199,INVOICE,"BUTLER PAPER RECYCLING, INC",PO BOX 1602,,Suffolk,VA,23439-1802,,(757) 539-2351,(757) 925-0874,TByrum@butlerpaper.com; aakopyan@ucsincny.com,(757) 621-9906,N,0,NULL,
403444,1560,INVOICE,GIORDANOS RECYCLING,110 North Mill Road,,Vineland,NJ,8360,,(856) 696-2068,(856) 696-0110,jdesimine@giordanosrecycling.com; aakopyan@ucsincny.com; ib@ucsincny.com,,Y,0,NULL,
403445,1561,INVOICE,ARUNDEL RECYCLING CENTER,7515 Connelley Dr,,Hanover,MD,21076,,410-761-6595,,bruce@arundelrecycling.com; ib@ucsincny.com,,Y,0,NULL,
403446,1299,SAN ANTONIO,RECOMMUNITY CORP,1947 Hormel Drive,,San Antonio,TX,78219,,(210) 625-3637,,jbplastics@woh.rr.com,,N,0,0,
403447,1563,INVOICE,HUDSON BAYLOR BROOKHAVEN LLC,352 Horseblock Road,,Brookhaven,NY,11719,,(631) 566-4366,,michelle.ferrara@greenstreamli.com; aa@scrapmanagement.com,,Y,0,NULL,
403448,1564,INVOICE,MID AMERICA RECYCLING,2742 East Market Street,,Des Moines,IA,50317,,(515) 265-1208,(515) 262-2209,Mbarry@dwx.com; shavanorecycling@gmail.com; jb@scrapmanagement.com,(515) 778-6690,Y,0,NULL,
403449,1564,"PONCHA SPRINGS, CO",MID AMERICA RECYCLING,185 Quigot Court,,Poncha Springs,CO,81242,,(719) 207-1197,(515) 262-2209,Mbarry@dwx.com; shavanorecycling@gmail.com; yk@ucsincny.com,,N,0,0,
403450,1565,INVOICE,MONDO POLYMER TECHNOLOGIES INC,PO BOX 250,,Reno,OH,45773,US,740-376-9396,740-376-9960,ron@mondopolymer.com; ib@ucsincny.com,,Y,0,NULL,
403451,1292,"STERICYCLE - REIDSVILLE, NC",Stericycle Environmental Solutions,211 Rockingham Drive,,Reidsville,NC,27320,,843-858-1966,(888) 670-6226,chuck@chsplasticsinc.com,,N,0,0,
403452,1566,INVOICE,ANGEL OF SHAVANO RECYCLING LLC,PO Box 69,,Poncha Springs,CO,81242,,(719) 207-1197,,shavanorecycling@gmail.com; jb@scrapmanagement.com,,Y,0,NULL,
403453,1566,PONCHA SPRINGS,ANGEL OF SHAVANO RECYCLING LLC,185 Quigot Court,,Poncha Springs,CO,81242,,(719) 207-1197,,shavanorecycling@gmail.com; yk@ucsincny.com,,N,0,0,
403454,1567,INVOICE,GERALD STRUVE,225 Willington Way,,Oswego,IL,60543,,630-777-7816,,strmaterialinc@gmail.com; ib@ucsincny.com,,Y,0,NULL,
403455,1569,INVOICE,SAVAGE LOGISTICS INC,Dept 418,PO Box 30015,Salt Lake City,UT,84157,,(800) 827-8527,(773) 489-9511,GlenMetros@savagelogistics.com; MatthewWeininger@savagelogistics.com,,Y,0,NULL,
403456,1200,DEPEW,CASCADES RECOVERY,3241 Walden Ave,,Depew,NY,14043,US,416-896-6340,,susmit_mahalanabis@cascades.com; eoleschuk@recoverycascades.com,,N,0,0,
403457,1570,INVOICE,AMINO TRANSPORT INC,PO 54220,,Hurst,TX,76054,US,817-440-2718,,Taylor@shipamino.com,,Y,0,NULL,
403458,1570,DALLAS,"AMINO TRANSPORT, INC.",3838 Oak Lawn Ave,,Dallas,TX,75219,US,817-440-2718,,Taylor@shipamino.com,,N,0,0,
403459,1571,INVOICE,DUNN COUNTY SOLID WASTE & RECYCLING,800 Wilson Avenue,Room 235,Menomonie,WI,54751,US,715-231-6543,715-232-1520,mgerk@co.dunn.wi.us; jb@scrapmanagement.com,715-944-7667,Y,0,NULL,
403460,1571,MENOMONIE WI,DUNN COUNTY TRANSFER STATION,E3900 Highway 29,,Menomonie,WI,54751,,715-232-4018,715-232-1520,mgerk@co.dunn.wi.us; jbyers@ucsincny.com,,N,0,0,
403461,1572,INVOICE,KELLER LOGISTICS LLC,24862 Elliott Road,,Defiance,OH,43512,,(419) 785-3212,(419) 785-3212,Ryan.Gilliland@kellerlogistics.com,(419) 722-2173,Y,0,NULL,
403462,1573,INVOICE,METRO REYCLING SOLUTIONS,1912 Sherwood,,Sylvan Lake,MI,48320,US,(248) 738-5151,(248) 738-0888,jill@metro-recycles.com; aakopyan@ucsincny.com; ib@ucsincny.com,,Y,0,NULL,
403463,1573,BRISTOL,Middlebury Recycling,1150 Ponderosa Dr,,Bristol,IN,46507,US,(574) 848-0418,,,,N,0,0,
403464,1292,"GREER, SC",Industrial Recovery Recycling,3100 Green Rd,,Greer,SC,29651,US,843-858-1966,(888) 670-6226,chuck@chsplasticsinc.com,,N,0,0,
403465,1574,INVOICE,TRANSTECH INC,1126 Gateway Loop,Suite 140,Springfield,OR,97477,,800-971-3805,,mason@freightzip.com,205-332-4730,Y,0,NULL,
403466,1575,INVOICE,JJS RECYCLING FACTORY LLC,625 Conkey Street,,Hammond,IN,46324,,219-359-2885,219-359-2888,o.jovana@jjsrecycling.com; mobradovic@jjsrecycling.com; abuyanovskiy@ucsincny.com; strmaterialinc@gmail.com; ib@ucsincny.com,312-459-3155,Y,0,NULL,
403467,1576,INVOICE,ALLIED RESOURCE RECOVERY INC,1911 S. 80th Street,,West Allis,WI,53219,US,(262) 436-0128,,nelsond@alliedresourcerecovery.com; dispatch@ALLIEDRESOURCERECOVERY.COM; jb@scrapmanagement.com,(920) 242-2495,Y,0,NULL,
403468,1576,WAUKESHA RECYCLING / ALLIED RESOURCE RECOVERY,WAUKESHA RECYCLING / ALLIED RESOURCE RECOVERY INC,1001 Tesch Court,,Waukesha,WI,53186,,(262) 436-0128,,nelsond@alliedresourcesrecovery.com; dispatch@ALLIEDRESOURCERECOVERY.COM,,N,0,0,
403469,1577,INVOICE,CHESAPEAKE MATERIALS SERVICES LLC,1157 Mayo Road,Suite 310,Mayo,MD,21106,,(443) 585-0754,888-501-2585,tim@cmsplastic.com; strmaterialinc@gmail.com; abuyanovskiy@ucsincny.com; ib@ucsincny.com,410-991-7031,Y,1,0,
403470,1578,INVOICE,REPCO SERVICES LLC,7491 N. FEDERAL HWY,SUITE C5 #313,Boca Raton,FL,33487,,(561) 721-3400,(561) 721-3447,jason@repcollc.com; jenni@repcollc.com; ib@ucsincny.com,,Y,0,0,jenni@repcollc.com
403472,1524,"ZIONSVILLE, PA",Dan Schantz Farm,8025 Spinnerstown Rd,,Zionsville,PA,18092,US,(215) 338-5050,(215) 335-1188,sschwartz@unitedstatesrecycling.com,,N,0,0,
403473,1579,INVOICE,"PFG CUSTOMIZED DISTRIBUTION, INC.",PO Box 688,,Lebanon,TN,37090,,615-443-0077,,WMay@pfgcd.com; FNixdorf@pfgcd.com; aakopyan@ucsincny.com,,Y,0,NULL,
403474,1579,LEBANON TN,PFG CUSTOMIZED DISTRIBUTION,825 Maddox Simpson Parkway,,Lebanon,TN,37090,US,615-443-0077,,WMay@pfgcd.com; FNixdorf@pfgcd.com; aakopyan@ucsincny.com,,N,0,0,
403475,1580,INVOICE,ASTRO INDUSTRIES INC,901 Industrial Parkway,,West Monroe,LA,71291,,318-396-2688,318-396-2922,Aundi@astroindustriesus.com; ib@ucsincny.com,318-237-1945,Y,0,NULL,
403476,1582,INVOICE,GREENMINE INC,4785 Fulton Industrial Blvd SW,Suite B,Atlanta,GA,30336,,470-484-0537,,adam@green-mine.com; scaleoffice@green-mine.com; ibeylin@ucsincny.com,770-843-4949,Y,0,NULL,
403477,1584,INVOICE,PETMATE,PO Box 1246,,Arlington,TX,76004,US,(817) 473-7242,,CMessimer@petmate.com; ibeylin@ucsincny.com,,Y,0,NULL,ajernigan@petmate.com
403478,1584,"Mansfield, TX",PETMATE,600 Justice Lane,,Mansfield,TX,76063,US,(817) 473-7242,,CMessimer@petmate.com,,N,0,0,
403479,1578,"Brownfield, TX",Birdsong Peanuts,1564 County Rd 474,,Brownfield,TX,79316,US,(561) 721-3400,(561) 721-3447,jason@repcollc.com; jenni@repcollc.com,,N,0,0,
403480,1585,INVOICE,AVON PLASTICS,PO Box 8893,,Carolstream,IL,60197-8893,US,(800) 535-4838,,tom.weber@avonplastics.com;  ibeylin@ucsincny.com,(320) 761-9676,Y,0,NULL,
403481,1585,"Paynesville, MN",AVON PLASTICS,210 Ampe Drive,,Paynesville,MN,56362,US,(320) 243-7318,,tom.weber@avonplastics.com,(320) 761-9676,N,0,0,
403482,1511,RECOMMUNITY - ATHENS,RECOMMUNITY CORP,699 Hancock Industrial Way,,Athens,GA,30605,,(704) 379-0600,(704) 697-2012,PO'donnell@republicservices.com,,N,0,0,
403483,1585,"Sauk Rapids, MN","Cutting Edge Grinding, Inc.",1020 Lincoln Avenue,,Sauk Rapids,MN,56379,,320-259-0444,,,,N,0,0,
403484,1587,INVOICE,FEATHER LAKE PLASTIC LLC,4127 SW 19th Place,,Cape Coral,FL,33914,,(217) 474-0701,(708) 843-9398,mike@flplasticllc.com; FLPlastic@outlook.com; strmaterialinc@gmail.com; ab@ucsincny.com; ib@ucsincny.com,,Y,0,NULL,
403485,1588,INVOICE,RUMPKE RECYCLING,PO Box 538710,,Cincinnati,OH,45253,,(513) 242-4600,,rich.simon@rumpke.com; ib@ucsincny.com,,Y,0,NULL,
403486,1588,PICK UP ADDRESS - CINCI,RUMPKE RECYCLING,5535 Vine Street,,Cincinnati,OH,45217,,(888) 786-7531,,rich.simon@rumpke.com,,N,0,0,
403487,1588,PICK UP ADDRESS - COLUMBUS,RUMPKE RECYCLING,1191 Fields Avenue,,Columbus,OH,43201,,(888) 786-7531,,rich.simon@rumpke.com,,N,0,0,
403488,1292,"SMYRNA, TN",Nissan North America,983 Nissan Dr,,Smyrna,TN,37167,,843-858-1966,(888) 670-6226,chuck@chsplasticsinc.com,,N,0,0,
403489,1589,INVOICE,GAR PLASTICS INC,240 North Birdsey St,,Columbus,WI,53925,,920-623-5775,920-623-9755,josh@garplastics.com; jb@scrapmanagement.com,,Y,0,NULL,
403490,1589,"COLUMBUS, WI","GAR PLASTICS, INC.",720 W. James St,,Columbus,WI,53925,US, 920-623-5775,920-623-9755,josh@garplastics.com,,N,0,0,
403491,1590,INVOICE,GREEN PLANET 21 INC - DALLAS,719 109th Street,,Arlington,TX,76011,US,(541) 953-8235,(541) 895-2625,cconley@greenplanet21.com; ib@scrapmanagement.com,,Y,0,NULL,
403492,1590,DALLAS,GREEN PLANET 21 INC - DALLAS,719 109th Street,,Arlington,TX,76011,,(541) 953-8235,(541) 895-2625,cconley@greenplanet21.com;ib@ucsincny.com,,N,0,0,
403493,1367,"Upton, MA",RHB REMOVAL,257 Milford St,,Upton,MA,1568,US,(508) 634-0676,,royhbenson@rhbremoval.com,,N,0,0,
403494,1591,INVOICE,ECO FULFILLMENT LLC,3951 N Meridian Street,Suite 100,Indianapolis,IN,46208,,317-292-1167,,danny@ecofulfillment.com; carrie@ecofulfillment.com,317-292-1167,Y,0,NULL,
403495,1593,INVOICE,LRS LOGISTICS LLC,PO BOX 115,,Belk,AL,35545,US,(205) 247-4473,205-932-5707,dispatch1@lrslogisticsllc.com,(205) 792-0172,Y,0,NULL,
403496,1594,INVOICE,ALBERT BROS INC,225 East Aurora St,,Waterbury,CT,6721,US,203-819-1101,,nick@albertbros.com; rp@scrapmanagement.com,,Y,0,NULL,
403497,1595,INVOICE,ANTEK MADISON PLASTICS USA LTD,8822 S. Dobson Ave,,Chicago,IL,60619,,416-321-1170,,karen@antekmadison.com; strmaterialinc@gmail.com; ib@ucsincny.com; abuyanovskiy@ucsincny.com,,Y,0,NULL,
403498,1595,CHICAGO,ANTEK MADISON PLASTICS USA LTD,8822 S. Dobson Ave,,Chicago,IL,60619,,773-933-0900,773-933-1250,karen@antekmadison.com; daniel@antekmadison.com,,N,0,0,
403499,1597,INVOICE,PINE RIDGE LANDFILL,105 Bailey Jester Road,,Griffin,GA,30224,US,(770) 233-9081,,,,Y,0,NULL,
403500,1598,INVOICE,LAUDADIO POLYMERS INC,20701 Clay Center Dr.,,Katy,TX,77449,,(713) 937-0400,,strmaterialinc@gmail.com; csrhouston@laudadiopolymers.com; maria@laudadiopolymers.com; jake@laudadiopolymers.com; ib@ucsincny.com,,Y,0,NULL,
403501,1599,INVOICE,UNIFI MANUFACTURING INC,PO Box 19109,,Greensboro,NC,27419,,336-348-6539,,KPrevette@unifi.com; ib@ucsincny.com,336-908-5857,Y,0,NULL,
403502,1599,"YADKINVILLE, NC",UNIFI MANUFACTURING INC,108 Beroth Street,,Yadkinville,NC,27055,,336-348-6539,,KPrevette@unifi.com; ib@ucsincny.com,,N,0,0,
403503,1600,INVOICE,CONSOLIDATED CONTAINER COMPANY LP,10861 Mill Valley Road,,Omaha,NE,68154,,(678) 742-4622,,Mylinda.Jacobsen@envisionplastics.com; ib@ucsincny.com,,Y,0,NULL,
403504,1600,PICK UP ADDRESS REIDSVILLE NC,ENVISION ECOPLAST GROUP,606 B Walters Street,,Reidsville,NC,27320,,(678) 742-4622,,Mylinda.Jacobsen@envisionplastics.com; Brent.Hopper@envisionplastics.com; ib@ucsincny.com,,N,0,0,
403505,1601,INVOICE,TIDEWATER FIBRE CORP,PO Box 890336,,Charlotte,NC,28289,,757-543-5766,,alissnils@tfcrecycling.com; ib@ucsincny.com,,Y,0,NULL,
403506,1601,"CHESTER, VA",TFC RECYCLING,12206 Old Stage Road,,Chester,VA,23836,,804-641-3740,,alissnils@tfcrecycling.com; agupton@tfcrecycling.com,,N,0,0,
403507,1602,INVOICE,P&H PROPERTIES LLC,PO Box 18457,,Hattiesburg,MS,39404,,(615) 790-8501,,randywcmrf@aol.com; aa@scrapmanagement.com,(828) 231-8533,Y,0,NULL,
403508,1602,WILLIAMSON COUNTY RECYCLING,WILLIAMSON COUNTY RECYCLING,420 Century Court,,Franklin,TN,37064,,(615) 790-8501,,randywcmrf@aol.com,(828) 231-8533,N,0,0,
403509,1603,INVOICE,HOM FURNITURE INC,10301 Woodcrest Dr NW,,Coon Rapids,MN,55433,,763-862-9580,,rdelgadillo@homfurniture.com; jb@scrapmanagement.com,763-360-1722,Y,0,NULL,
403510,1603,"ANOKA, MN",HOM FURNITURE INC,911 Lund Blvd,,Anoka,MN,55303,,763-268-2587,,maho@homfurniture.com; rdelgadillo@homfurniture.com; yklevtsov@ucsincny.com,,N,0,0,
403511,1604,INVOICE,DAMIRON TRANSPORTATION SERVICES INC,PO Box 707,,Fremont,IN,46737,,260-495-1750,260-495-3714,damiron1@mchsi.com,(517) 227-6363,Y,0,NULL,
403512,1605,INVOICE,RAPAC LP,65 Industrial Park Rd,,Oakland,TN,38060,,901-466-7506,904-465-1182,david.wilson@rapac.com; ibeylin@ucsincny.com,,Y,0,NULL,
403513,1548,"ELKHART, IN",GREEN STREAM COMPANY,29414 Phillips Street,,Elkhart,IN,46514,US,574-320-7439,954-252-3801,JP@4GRecycling.com; Dispatch@4GRecycling.com; ibeylin@ucsincny.com,,N,0,0,
403514,1606,INVOICE,REPCO WAREHOUSE,NULL,NULL,NULL,NULL,NULL,NULL,NULL,NULL,NULL,NULL,Y,0,NULL,NULL
403515,(INV),REPCO WAREHOUSE,NULL,NULL,NULL,NULL,NULL,NULL,NULL,NULL,NULL,NULL,NULL,N,NULL,NULL,NULL
403516,1607,INVOICE,RECOVER USA,191 Clear Springs Ct,,Greer,SC,29651,,(864) 334-3212,(864) 334-3215,ChrisGravette@recoverusa.com; ib@ucsincny.com,808-960-3582,Y,0,NULL,
403517,1607,"GREER, SC",RECOVER INC,191 Clear Springs Court,,Greer,SC,29651,,(864) 334-3212,,ChrisGravette@recoverusa.com; ib@ucsincny.com,808-960-3582,N,0,0,
403518,1608,INVOICE,HALL COUNTY BOARD OF COMMISSIONERS,PO Box 1435,,Gainesville,GA,30503,,(770) 535-8284,,rpurdum@hallcounty.org; lwheeler@hallcounty.org; ib@scrapmanagement.com,,Y,0,NULL,
403519,1608,"PICK-UP ADDRESS GAINESVILLE, GA",RESOURCE RECOVERY / HALL COUNTY RECYCLING,1008 Chestnut Street,,Gainesville,GA,30501,,(770) 535-8284,,rpurdum@hallcounty.org; lwheeler@hallcounty.org; ib@ucsincny.com,,N,0,0,
403520,1609,INVOICE,K&B PLASTIC INDUSTRIES,PO Box 37,1 Blodgett Mills Rd,Blodgett Mills,NY,13738,US,607 756 7732,,p-m-i@outlook.com; aa@scrapmanagement.com,,Y,0,NULL,
403521,1610,INVOICE,ULTRA POLY CORPORATION,102 Demi Rd,P.O. Box 330,Portland,PA,18351,US,1-800-932-0619,,rmiller@ultra-poly.com; ib@ucsincny.com,(570) 994-9312,Y,0,NULL,
403522,1611,INVOICE,FIRST STAR LOGISTICS LLC,PO Box 912394,,Denver,CO,80291-2394,,513-550-3800,302-450-4181,ronc@firststarllc.com,,Y,0,NULL,
403523,1532,WAREHOUSE,"GREENWASTE RECOVERY, LLC",625 Charles Street,,San Jose,CA,95112,,(408) 283-4819,,rlopez@greenwaste.com; ib@ucsincny.com; baguilar@greenwaste.com,,N,0,0,
403524,1298,CINCINNATI OH,IN-PLAS RECYCLING,3702 Dirr St,Dock 7 & 8,Cincinnati,OH,45223,,513-541-9800,,plasticscrap@fuse.net,,N,0,0,
403525,1612,INVOICE,NEWCO FIBERS INC,226 W Judd St.,,Woodstock,IL,60098,US,815-206-5617,,sharon@newcofibers.com; strmaterialinc@gmail.com; abuyanovskiy@ucsincny.com; ib@ucsincny.com,,Y,0,NULL,
403526,1613,INVOICE,LYCOMING COUNTY RESOURCE MNGT SERVICES,PO BOX 187,,Montgomery,PA,17752,US,800-736-7759,570-547-6534,Lauren.Strausser@lcrms.com; Michelle.Egli@lcrms.com; rp@scrapmanagement.com,,Y,0,NULL,
403527,1613,"MONTGOMERY, PA - PICK UP",LYOMING COUNTY RESOURCE MNGT SERVICES,447 Alexander Drive,,Montgomery,PA,17752,US,570-567-2625,570-547-6534,,,N,0,0,
403528,1582,BALTIMORE,GREENMINE INC,8203 Fischer Road,,Dundalk,MD,21222,US,470-484-0537,,adam@green-mine.com; veronica@green-mine.com; ibeylin@ucsincny.com,,N,0,0,
403529,1615,Apex Capital Corp,JE KOCAK TRUCKING & TRANS SVS LLC,PO Box 961029,,Fort Worth,TX,76161-1029,US,(800) 511-6022,,melinda.crittenden@apexcapitalcorp.com ,,Y,0,NULL,
403530,1615,PRIMARY ADDRESS,"JE KOCAK TRUCKING & TRANS SVS, LLC","135 Burr Ave,",,Binghamton,NY,13903,US,(800) 511-6022 ,,jekocak@yahoo.com,,N,0,0,
403531,1616,INVOICE,GREEN PLANET 21 INC,336 Adeline Street,,Oakland,CA,94607,US,(541) 953-8235,(541) 895-2625,cconley@greenplanet21.com; ib@scrapmanagement.com,,Y,0,NULL,
403532,1617,INVOICE,MARK UPDEGRAFF TRUCKING INC,215 Reading Ave,,Williamsport,PA,17701,,570-322-4320,570-322-4325,Meupdegraff@comcast.net; Scottr.Updegrafftrucking@comcast.ne,570-971-4863,Y,0,NULL,
403533,1618,INVOICE,ENVISION WAREHOUSE,NULL,NULL,NULL,NULL,NULL,NULL,NULL,NULL,NULL,NULL,Y,0,NULL,NULL
403534,(INV),ENVISION WAREHOUSE,NULL,NULL,NULL,NULL,NULL,NULL,NULL,NULL,NULL,NULL,NULL,N,NULL,NULL,NULL
403535,1335,CASELLA WASTE SYSTEMS - SCARBORO,CASELLA WASTE SYSTEMS,87 Pleasant Hill Rd,,Scarborough,ME,4074,US,(207) 286-1668,,Casellarecyclingmarketing@casella.com; rpereira@ucsincny.com,,N,0,0,
403536,1619,INVOICE,CARAUSTAR RFG,5000 Austell Powder Springs Rd,Suite 300,Austell,GA,30106,,770-948-3101,,david.piragis@caraustar.com; rp@scrapmanagement.com,,Y,0,NULL,
403537,1619,SALEM MA,CARAUSTAR NORTH SHORE RECYCLING,53 Jefferson Avenue,,Salem,MA,1970,,978-825-5200,,david.piragis@caraustar.com; rp@ucsincny.com,978-337-6476,N,0,0,
403538,1616,"Oakland, CA",GREEN PLANET 21 INC,1221 3rd Street,,Oakland,CA,94607,,(541) 953-8235,(541) 895-2625,cconley@greenplanet21.com; ib@ucsincny.com,,N,1,0,
403539,1612,"PLYMOUTH, PA",Scranton Products/Vycom,801 East Corey St,,Scranton,PA,18505,US,570-840- 9587,,sharon@newcofibers.com; strmaterialinc@gmail.com; abuyanovskiy@ucsincny.com,,N,0,0,
403540,1599,"REIDSVILLE, NC",UNIFI MANUFACTURING INC,2920 Vance Street Ext,,Reidsville,NC,27320,,336-348-6539,,KPrevette@unifi.com; ib@ucsincny.com,,N,0,0,
403541,1299,"NAPERVILLE, IL",SHERMAN PLASTICS INC,1650 SHORE RD,,Naperville,IL,60563,US,(937) 863-0207,,jbplastics@woh.rr.com,,N,0,0,
403542,1620,Arrive Logistics,ARRIVE LOGISTICS LLC,PO Box 207779,,Dallas,TX,75320-7779,US,888-861-0650,,zlawler@arrivelogistics.com,815.351.4647,Y,0,NULL,
403543,1621,INVOICE,PFG CDC PERFORMANCE FOOD GROUP,825 Maddox Simpson,,LEBANON,TN,37090,,615-443-0077,,WMay@pfgcd.com; FNixdorf@pfgcd.com; aa@scrapmanagement.com,,Y,0,NULL,
403545,1292,"SPRINGFIELD, OR",INTERNATIONAL PAPER,800 48th Street,,Springfield,OR,97478,,843-858-1966,(888) 670-6226,chuck@chsplasticsinc.com,,N,0,0,
403546,1398,"DES PLAINES, IL",GROOT WASTE,55 Howard Street,,Des Plaines,IL,60018,,(773) 569-3011,,tcannon@groot.com; yk@ucsincny.com; jbrandsma@groot.com,,N,0,0,
403547,1622,INVOICE,TOWN OF WELLESLEY RDF,169 Great Plain Ave,,Wellesley,MA,2482,,(781) 235-7600,(781) 237-1936,svann@wellesleyma.gov; rp@scrapmanagement.com,,Y,0,NULL,
403548,1623,INVOICE,ATLANTIC COAST RECYCLING OF OCEAN,101 7th Street,,Passaic,NJ,7055,,(973) 614-9600,(973) 614-1663,rick.ramsay@atlanticcoastfibers.com; ib@ucsincny.com; aa@scrapmanagement.com,,Y,0,NULL,
403549,1357,COHOES NY,NH KELMAN,FOB,,Cohoes,NY,12047,US,(518) 237-5133,,occking@aol.com; cpeterson@nhkelman.com; rpereira@ucsincny.com,,N,0,0,
403550,1292,"KINGSPORT, TN","CHS PLASTICS, INC.",121 Press Road,,Church Hill,TN,37642,,843-858-1966,(888) 670-6226,chuck@chsplasticsinc.com,,N,0,0,
403551,1587,"DAYTON, OH",FL Plastic C/O CTC,943 Woodley Street,,Dayton,OH,45403,,(217) 474-0701,(708) 843-9398,mike@flplasticllc.com; FLPlastic@outlook.com; strmaterialinc@gmail.com; ab@ucsincny.com,,N,0,0,
403552,1624,INVOICE,PINNACLE RECYCLING LLC,PO Box 309,,Itasca,IL,60143,,877-330-8989,812-645-3972,Asocket@PinnacleRecycling.com; srickert@pinnaclerecycling.com; rp@scrapmanagement.com,817-909-0770,Y,0,NULL,
403553,1624,JACKSONVILLE TX,PINNACLE RECYCLING LLC,301 Tenna Steet,,Jacksonville ,TX,75766,,877-330-8989,812-645-3972,Asocket@PinnacleRecycling.com; srickert@pinnaclerecycling.com; rpereira@ucsincny.com,817-909-0770,N,0,0,
403554,1625,INVOICE,D&M RECYCLING INC,841 2nd Ave SW,,Onalaska,WI,54650,US,(608) 783-3030,,dandmrecycling@aol.com; jb@scrapmanagement.com,,Y,0,NULL,
403555,1627,INVOICE,GROOT INDUSTRIES INC,ELK GROVE TRANSFER STATION,PO BOX 894,ELK GROVE VILLAGE,IL,60009,,(773) 569-3011,,tcannon@groot.com; jbrandsma@groot.com; jb@scrapmanagement.com,,Y,0,NULL,
403556,1627,"DES PLAINES, IL",GROOT INDUSTRIES INC,55 Howard Street,,Des Plaines ,IL,60018,,(773) 569-3011,,tcannon@groot.com; yk@ucsincny.com; jbrandsma@groot.com,,N,0,0,
403557,1627,"ELK GROVE VILLAGE, IL",GROOT INDUSTRIES INC,ELK GROVE TRANSFER STATION,1759 Elmhurst Rd.,Elk Grove Village,IL,60007,,(773) 569-3011,,tcannon@groot.com; yk@ucsincny.com; jbrandsma@groot.com,,N,0,0,
403558,1628,INVOICE,NCM SALES INC.,11101 Four Seasons Avenue NE,,Rockford,MI,49341,,(616) 802-8997,,charlie.ncmsales@gmail.com; ivy.ncmsales@gmail.com; ib@ucsincny.com; abuyanovskiy@ucsincny.com,,Y,0,NULL,
403559,1629,INVOICE,MATSON LOGISTICS SERVICES LLC,PO Box 78000,Dept. 781413,Detroit,MI,48278,,330-664-2300,330-665-4445,troyluckmatson@aol.com,330-899-9873,Y,0,NULL,
403560,1548,"FLORENCE, KY",RECYCLING EXPRESS,7430 Industrial Road,,Florence,KY,41042,,(859) 801-2790,954-252-3801,SF@4grecycling.com; Dispatch@4GRecycling.com; ibeylin@ucsincny.com,,N,0,0,
403561,1558,"AIRMONT, NY","THE ACTION ENVIRONMENTAL GROUP, INC",25 N Airmont Road,,Airmont,NY,10901,,(973) 494-3944,,cmorgan@actioncarting.com; dwilson@actioncarting.com; aakopyan@ucsincny.com; rrueger@actioncarting.com,,N,0,0,
403562,1630,INVOICE,IRP LOGISTICS LLC,PO Box 718,,Highwood,IL,60040,US,(248) 496-1784,,Jeff@irplogistics.com; ib@ucsincny.com; abuyanovskiy@ucsincny.com,,Y,0,NULL,
403564,1631,INVOICE,ATC PLASTICS LLC,PO BOX 660367,,Dallas,TX,75266,,(317) 469-7552,(317) 469-7553,tstevning@atcplastics.com; ib@scrapmanagement.com,(317) 625-3600,Y,0,NULL,
403565,1632,INVOICE,NEXT SPECIALTY RESINS INC,3315 Centennial Road,Suite J,Sylvania,OH,43617,,(419) 843-4600,(419) 843-1600,rajiv@nextresins.com; ib@ucsincny.com,(419) 466-0011,Y,0,NULL,
403566,1631,"HOUSTON, TX",ATC PLASTICS LLC,1240 Gazin Street,,Houston,TX,77020,,(713) 277-4465,(317) 469-7553,tstevning@atcplastics.com; ib@ucsincny.com; kwalters@atcplastics.com,,N,0,0,
403567,1631,PRIMARY ADDRESS,ATC PLASTICS LLC,8425 Woodfield Crossing Blvd,Suite 570,Indianapolis,IN,46240,,(317) 625-3600,(317) 469-7553,tstevning@atcplastics.com; ib@ucsincny.com,,N,0,0,
403568,1632,"FAYETTE, OH",NEXT SPECIALTY RESINS INC,500 E Industrial Parkway,,Fayette,OH,43521,,(419) 388-6139,(419) 843-1600,rick@nextresins.com,,N,0,0,
403569,1633,INVOICE,BNSF LOGISTICS LLC,75 Remittance Drive,Suite 1767,Chicago,IL,60675,US,479-203-5255,479-587-3024,rhesa.ashworth@bnsflogistics.com,,Y,0,NULL,
403570,1633,PRIMARY ADDRESS,"BNSF LOGISTICS, LLC.",2710 South 48th Street,,Springdale,AR,72762,,479.203.5405,479-587-3024,sam.goll@bnsflogistics.com,479.263.2884,N,0,0,
403571,1634,INVOICE,PF TRADING,104 Braley Road,,East Freetown,MA,2717,,508-509-3645,,paul@pftrading.com; rp@scrapmanagement.com,,Y,0,NULL,
403572,1634,"NEW BEDFORD, MA",PF TRADING,781 Church Street,,New Bedford,MA,2745,,508-509-3645,,paul@pftrading.com,,N,0,0,
403573,1636,INVOICE,DIRECT POLYMERS LLC,12015 Blackwell Way,,Parker,CO,80138,,540-493-7810,,jdupuy@directpolymers.com; ahill@directpolymers.com; ib@ucsincny.com; abuyanovskiy@ucsincny.com,540-493-7810,Y,0,0,
403574,1637,INVOICE,IWS TRANSFER SYSTEMS OF NY INC,300 Frank W Burr Blvd,Suite 39,Teaneck,NJ,7666,,(973) 494-3944,(845) 469-7892,rwhite@actioncarting.com; cmorgan@actioncarting.com; dwilson@actioncarting.com; aa@scrapmanagement.com,,Y,0,NULL,
403575,1637,"AIRMONT, NY",IWS TRANSFER SYSTEMS OF NY INC,25 N Airmont Road,,Airmont,NY,10901,,(973) 494-3944,(845) 469-7892,rwhite@actioncarting.com; cmorgan@actioncarting.com; dwilson@actioncarting.com; aakopyan@ucsincny.com,,N,0,0,
403576,1292,Fremont CA,INTERNATIONAL PAPER,42305 Albrae St,,Fremont,CA,94538,US,843-858-1966,(888) 670-6226,chuck@chsplasticsinc.com,,N,0,0,
403577,1199,BASSET VA,EMI Recycling,1010 Mary Hunter Drive,,Bassett,VA,24055,US,(757) 539-2351,(757) 925-0874,TByrum@butlerpaper.com; aakopyan@ucsincny.com,,N,0,0,
403578,1638,INVOICE,SACCO TRUCKING INC,2441 Renwick Street,,Oakland,CA,94601,,(925) 523-3480,(925) 523-3484,,,Y,0,NULL,
403579,1639,INVOICE,WASTE CONNECTIONS,865 South Pearl Street,,Albany,NY,12202,,518-626-0777,,JacobD@WasteConnections.com; Neema.Blake@WasteConnections.com; rp@scrapmanagement.com,518-491-1742,Y,0,NULL,
403580,1641,INVOICE,NOVOLEX,PO Box 5714,,Portland,OR,97228,,715-524-0210,715-524-8051,Dan.Blake@novolex.com; strmaterialinc@gmail.com; Katie.Bohm@novolex.com; ab@scrapmanagement.com; ib@ucsincny.com,715-524-0142,Y,0,NULL,
403581,1642,INVOICE,TRANSPORTATION SOLUTIONS GROUP LLC,32433 Collections Center Drive,,Chicago,IL,60693,,312.698.9631,312.698.9682,sbazigos@redwoodmultimodal.com,616.295.4630,Y,0,NULL,
403582,1643,INVOICE,SEAVIEW PLASTIC RECYCLING INC,938 Crescent Avenue,,Bridgeport,CT,6607,,(203) 367-0070,(203) 334-0392,joe@seaviewplasticrecycling.com; ib@ucsincny.com,,Y,0,NULL,
403583,1643,Delivery Address,SEAVIEW PLASTIC RECYCLING INC,63 Williston Street,,Bridgeport,CT,6607,,(203) 367-0070,(203) 334-0392,joe@seaviewplasticrecycling.com,,N,0,0,
403584,1644,"TUCSON, AZ",THE FAIRFAX COMPANIES,1360 North Kolb Road,,Tucson,AZ,85715,,520-290-8588,520-290-9314,Todd@ffxsite.net; ib@scrapmanagement.com,520-612-9646,Y,0,NULL,
403585,1644,SPEEDWAY LANDFILL,THE FAIRFAX COMPANIES - SPEEDWAY LANDFILL,7301 E. Speedway Blvd,,Tucson,AZ,85710,,520-290-8588,520-290-9314,Todd@ffxsite.net; ibeylin@ucsincny.com,,N,0,0,
403586,1645,INVOICE,CORESTATES PROCESSING AND RECYCLING LLC,9 Stauffer Industrial Park,,Taylor,PA,18517,,(570) 562-6482,(570) 840-9347,cpatch@csprecycling.com; apatch@csprecycling.com; rp@scrapmanagement.com,(570) 840-9347,Y,0,NULL,
403587,1646,INVOICE,JET POLYMER RECYCLING INC,4811 Gault Ave North,,Fort Payne,AL,35967,,888.267.1902 x 296,(256) 638-4359,jhollinger@jetpoly.com; ib@ucsincny.com,,Y,0,0,
403588,1647,INVOICE,"RECYCLING EQUIPMENT, INC.",PO Box 1474,,Hickory,NC,28603,US,704.325.3535,,chris@gogreenrei.com; ib@ucsincny.com,828.455.5700,Y,0,NULL,
403589,1647,"NEWTON, NC","RECYCLING EQUIPMENT, INC.",2052 Industrial Dr.,,Newton,NC,28658,US,(888) 734-3783,,chris@gogreenrei.com,,N,0,0,
403590,1646,DELIVERY ADDRESS,MONTGOMERY - ALATEX,4290 Alatex Road,,Montgomery,AL,36108,,(334) 676-4800,(256) 638-4359,logistics-montgomery@jetpoly.com,,N,0,0,
403591,1505,Connersville IN,EAST TERRA PLASTIC RECYCLING,725 W 21 St,,Connersville,IN,46226,,317-252-0287,317-252-0254,jaychu@east-terra.com,812-239-3269,N,0,0,
403592,303,SECONDARY WAREHOUSE,POWERHOUSE RECYCLING WAREHOUSE,220 Ryan Patrick Drive,,Salisbury,NC,28147,UK,(704) 322-3093,(704) 269-5633,mk@powerhouserecycling.com; ch@powerhouserecycling.com; eh@powerhouserecycling.com,,N,0,0,
403593,1649,INVOICE,MACO IMPORT & EXPORT INC,1820 S Reservoir Street,,Pomona,CA,91766,,(909) 868-0882,(909) 868-0330,nancy@macorecycling.com; ib@ucsincny.com,(626) 688-2379,Y,0,NULL,
403594,1650,INVOICE,KINGS TRANSFER INC,417 San Jose Street,,Dayton,OH,45403,,937-254-6441,,ssimpala@earthlink.net,937-478-7900,Y,0,NULL,
403595,1651,INVOICE,COOK PAPER RECYCLING,6901 Shawnee Mission Parkway,Suite 116,Overland Park,KS,66202-4004,US,(913) 956-5060,(913) 948-9985,dkomar@cookpaper.com; jb@scrapmanagement.com,,Y,0,NULL,
403596,1651,"Greenville, NC",ECVC,803 Staton Road,,Greenville,NC,27835,,(252) 830-0797,,dkomar@cookpaper.com; jjurden@cookpaper.com,,N,0,0,
403598,1653,INVOICE,INDIANA CARDINAL INC,605 W Eichel Ave,,Evansville,IN,47710,US,812-401-9988,,cameron@indianacardinal.com; ib@scrapmanagement.com,,Y,0,NULL,
403599,1656,INVOICE,JAMES R SMITH TRUCKING COMPANY INC,PO Box 908,,Cullman,AL,35056,,(256) 734-0511,,aaronL@jamesrsmith.com,(256) 339-9878,Y,0,NULL,
403600,1660,INVOICE,AEIPLUS INC.,951 Cason Street,,Belmont,NC,28012,US,704-827-3828,,ck@aeiplus.com; ib@ucsincny.com,,Y,0,NULL,
403601,1548,"WEST KILGORE, TX",RIVERS RECYCLING,298 FM 1252,,West Kilgore,TX,75662,,954-306-6901,954-252-3801,SF@4grecycling.com; Dispatch@4GRecycling.com; ibeylin@ucsincny.com,,N,0,0,
403602,1661,INVOICE,JAMES A SMITH TRANSPORTATION INC,PO Box 1947,,Cullman,AL,35056,,(256) 734-0511,,aaronL@jamesrsmith.com,(256) 339-9878,Y,0,NULL,
403603,1662,INVOICE,RPM RECYCLING,2037 W Summit Ave,,San Antonio,TX,78201,,210-612-1162,,lynn@rpm-recycling.com; zwalter@rpm-recycling.com; ib@ucsincny.com; abuyanovskiy@ucsincny.com,,Y,0,NULL,
403604,1663,INVOICE,WJW ASSOCIATES LTD,PO Box 156,,Syracuse,NY,13206,,(704) 873-2429,,snorman@wjwltd.com,,Y,0,NULL,
403605,1665,INVOICE,FIBRE DRUM SALES INC,2414 West 139th Place,,Posen,IL,60469,,708-597-3794,708-597-1117,brian@fdspackaging.com; abuyanovskiy@ucsincny.com,708-280-0433,Y,0,NULL,
403606,1377,"WASTE MANAGEMENT - NASHVILLE, TN",WM RECYCLE AMERICA,1740 River Hills Drive,,Nashville,TN,37210,,(888) 964-9730,,msanfil1@wm.com; EValenti@wm.com; ibeylin@ucsincny.com,,N,0,0,
403607,1428,ROZZELES FERRY RD,SKY RECYCLING,4820 Rozzelles Ferry Rd,,Charlotte,NC,28216,,(980) 322-5266,,dnoz2004@bellsouth.net; ib@ucsincny.com,(980) 322-5266,N,0,0,dnoz2004@bellsouth.net
403608,1666,INVOICE,GEORGIA SEED DEVELOPMENT,1547 US Highway 280 West,,Plains,GA,31780,,(229) 824-7881,,justin.tanner@gsdc.com; ib@scrapmanagement.com,(706)424-6005,Y,0,NULL,
403609,1667,INVOICE,WASTE SOLUTIONS INC,2874 Shelby Street,Suite 211,Bartlett,TN,38134,,(901) 382- 2448,,georgesykes52@icloud.com; wastesolutioninc@aol.com; aa@scrapmanagement.com,,Y,0,NULL,
403610,1667,MEMPHIS TN,WASTE SOLUTIONS INC,5565 E. Raines Rd,,Memphis,TN,38115,,662-910-8769,,georgesykes52@icloud.com; danielefisher3@gmail.com; wastesolutioninc@aol.com; aakopyan@ucsincny.com,,N,0,0,
403611,1668,INVOICE,GREEN PROCESSING COMPANY INC,2249 South Cameron Blvd,,Windsor,ON,N9B 3P6,CA,519.255.1600,,jeremy@green-processing.com; sam@green-processing.com; ib@ucsincny.com,519-255-1602,Y,0,NULL,
403612,1668,"BIRMINGHAM, AL",GREEN PACKAGING AND RECYCLING ALABAMA,400 39 Street,,Birmingham,AL,35222,,519.255.1600,,jeremy@green-processing.com,,N,0,0,
403613,1669,INVOICE,SUPERIOR PALLETS INC,3981 Walden Avenue,,Lancaster,NY,14086,US,716-822-4647,,jgoettel@superior-pallets.com; aa@scrapmanagement.com,,Y,0,NULL,
403614,1292,ST CLOUD,"CHS PLASTICS, INC.",550 4 1/2 ST NE,,St Cloud,MN,56304,US,843-858-1966,(888) 670-6226,chuck@chsplasticsinc.com,,N,0,0,
403615,1670,INVOICE,FRANKFORT PLASTICS INC,2021 West County Rd 0 NS,,Frankfort,IN,46041,,931-510-0525,,sasi@frankfortplastics.com; jb@scrapmanagement.com,,Y,0,NULL,
403616,1671,INVOICE,FEDERAL RECYCLING & WASTE SOLUTIONS,PO Box 203505,,Dallas,TX,75320-3505,US,717-236-7971,, hbgwastepaper@gmail.com; rp@scrapmanagement.com,,Y,0,0,
403617,1404,"MOLINE, IL",MIDLAND DAVIS,3301 4th Avenue,,Moline,IL,61265,,309-277-1638,,meyer@mtelco.net; Stuart.Abowitz@midlanddavis.com; Michael.Davis@midlanddavis.com;,309-781-7243,N,0,0,
403618,1228,"FARMINGVILLE, NY",INDIGO PLASTICS INC,445 Horseblock Road,,Farmingville,NY,11738,,(516) 852-2317,,leo@indigoplast.com; aakopyan@ucsincny.com,,N,0,0,
403619,1672,INVOICE,BSD PLASTICS INC,PO Box 376,,Highland Mills,NY,10930,,845-827-6255,845-406-9689,eliv@bsdplasticsinc.com; office@bsdplasticsinc.com; ib@ucsincny.com; abuyanovskiy@ucsincny.com,646-685-6966,Y,0,NULL,
403620,1673,INVOICE (PLOVER),ADVANCED DISPOSAL WI,600 Moore Rd,,Plover,WI,54467,US,(715) 459-2023,,"Jeff.Zillich@advanceddisposal.com, jb@scrapmanagement.com",,Y,0,NULL,
403621,1616,"TACOMA, WA",GREEN PLANET 21 INC,2122 Port of Tacoma Road,,Tacoma,WA,98421,,(541) 953-8235,(541) 895-2625,cconley@greenplanet21.com; ib@ucsincny.com,,N,0,0,
403622,1674,INVOICE,ARIZONA PACIFIC PLASTICS LLC,3209 S 36th Street,,Phoenix,AZ,85040,,602-220-9200,602-267-1248,mlipton@recycle1az.com; ib@ucsincny.com,,Y,0,NULL,
403623,1676,INVOICE,SKY RECYCLING - INACTIVE,PO BOX 34707,,Charlotte,NC,28234-4707,US,980-322-5266,207-470-9903,dnoz2004@bellsouth.com,,Y,0,NULL,
403624,1676,PICK UP ADDRESS,SKY RECYCLING,4820 Rozzelles Ferry Rd,,Charlotte,NC,28216,,980-322-5266,207-470-9903,dnoz2004@bellsouth.com,,N,0,0,
403625,1377,WASTE MANAGEMENT -  HOWELL MI,WM RECYCLE AMERICA,750 S. McPherson Park Drive,,Howell,MI,48843,US,(888) 964-9730,,abarnar2@wm.com; tgwillim@wm.com; rpereira@ucsincny.com; KHumes@wm.com,,N,0,0,
403626,1548,Opa-Locka,4TH GENERATION RECYCLING INC.,Please confirm,,Opa-Locka,FL,,,954-306-6901,954-252-3801,SF@4grecycling.com; Dispatch@4GRecycling.com; ibeylin@ucsincny.com,,N,0,0,
403627,1548,"DES MOINES, IA",INTERNATIONAL PAPER,2800 Dixon St,,Des Moines,IA,50316,,954-306-6901,954-252-3801,SF@4grecycling.com; Dispatch@4GRecycling.com; ibeylin@ucsincny.com,,N,0,0,
403628,1677,INVOICE,GREEN PLANET 21 INC,501 Port Road 22,Suite B,Stockton,CA,95203,,(541) 953-8235,,cconley@greenplanet21.com; ib@scrapmanagement.com,,Y,0,NULL,
403629,1677,CENCAL,GREEN PLANET 21 INC,501 Port Road 22,Suite B,Stockton,CA,95203,,(541) 953-8235,,cconley@greenplanet21.com; ib@ucsincny.com,,N,0,0,
403630,1678,INVOICE,KJ PLASTICS INC,105 Gravel Pike,,Green Lane,PA,18054,,215-361-8222,215-234-4344,steve@kjplasticsinc.com; ib@ucsincny.com; abuyanovskiy@ucsincny.com; rp@ucsincny.com,,Y,0,NULL,
403631,1679,INVOICE,EVERGREEN RECYCLING,1110 Everman Pkwy,,FORT WORTH,TX,76140,US,(817) 229- 0285,,jillian.dornak@evergreen-recycling.com; monica.smith@evergreen-recycling.com; rp@scrapmanagement.com,,Y,0,NULL,
403632,1292,CHARLOTTE - MALPACK,MALPACK,11107 S Commerce Blvd,SUITE R,Charlotte,NC,28273,,843-858-1966,(888) 670-6226,chuck@chsplasticsinc.com,,N,0,0,
403633,1454,HILLSBORO,"FAR WEST FIBERS, INC",6440 SE Alexander Street,,Hillsboro,OR,97123,US,(503) 200-5030,(503) 257-0502,pmiddleton@farwestfibers.com; jbrewer@farwestrecycling.com; sgirard@farwestrecycling.com; b@ucsincny.com; BHolguin@farwestrecycling.com,,N,0,0,
403634,1680,INVOICE,48 FORTY SOLUTIONS LLC,PO Box 849729,,Dallas,TX,75284-9729,,,,irvin.morris@48forty.com; aa@scrapmanagement.com,,Y,0,NULL,
403635,1222,NEW PICK-UP ADDRESS,GREAT LAKES PAPER,1885 Harlem Road,,Buffalo,NY,14212,,(716) 854-3232,,nitemen2121@yahoo.com; aa@ucsincny.com,,N,0,0,
403636,1215,OCALA FL,United American Recycling  Services LLC,3100 SW 3rd St Suite B,,Ocala,FL,34474,,352-362-3228,,Cliff.Brand@ekmanrecycling.com; aa@ucsincny.com,,N,0,0,
403637,1292,SONOCO (CHARLOTTE),"CHS PLASTICS, INC.",3901 Barringer Dr,,Charlotte,NC,28217,,843-858-1966,(888) 670-6226,chuck@chsplasticsinc.com,,N,0,0,
403638,1681,INVOICE,VIDA CORPORATION,9655 Schmidt Lake Rd,Suite 300,Plymouth,MN,55442,,763-270-5766,763-432-2560,raviseeley@vidacorp.net; jake@vidacorp.net; ib@ucsincny.com; abuyanovskiy@ucsincny.com,,Y,0,NULL,
403639,1228,WEYMOUTH MA,INDIGO PLASTICS INC,200 Libby Industrial Pkwy E,,Weymouth,MA,2189,,(516) 852-2317,,leo@indigoplast.com; aakopyan@ucsincny.com,,N,0,0,
403640,1683,INVOICE,WASTE PRO USA,3621 NW 10th Street,,Ocala,FL,34475,,352-261-0253,,whoward@wasteprousa.com; fcasagrande@wasteprousa.com; rp@ucsincny.com; ldemars@wasteprousa.com; ib@scrapmanagement.com,,Y,0,NULL,
403641,1684,INVOICE,PROGRESS PALLET INC,98 West Grove St,,Middleboro,MA,2346,,508-923-1930,508-923-1938,pjshaughnessy@progresspallet.com; rp@scrapmanagement.com,,Y,0,NULL,
403642,1685,INVOICE,THE PALLET EXPRESS,1069 Lyell Ave,,Rochester,NY,14606,US,(585) 202- 5798,,joealbano54@gmail.com; aa@scrapmanagement.com,,Y,0,NULL,
403643,1685,PICK UP LOCATION,THE PALLET EXPRESS,600 west ave,,Rochester,NY,14611,,(585) 202- 5798,,joealbano54@gmail.com; aakopyan@ucsincny.com,,N,0,0,
403644,1687,INVOICE,CITY OF HIGH POINT,5875 Riverdale Drive,,Jamestown,NC,27282,,336.883.3623,336.886.3624,jean.alexander@highpointnc.gov; ib@scrapmanagement.com,,Y,0,NULL,
403645,1687,JAMESTOWN NC,HIGH POINT MRF,5875 Riverdale Drive,,Jamestown,NC,27282,,336.883.3623,336.886.3624,jean.alexander@highpointnc.gov,,N,0,0,
403646,1688,INVOICE,REPUBLIC SERVICES INC,REPUBLIC SVS RECYCLING CTR -3611,PO BOX 677839,Dallas,TX,75267-7839,,610-265-8941,,LBirtel@republicservices.com; JGraves@republicservices.com; rp@scrapmanagement.com,,Y,0,NULL,
403647,1688,"JACKSONVILLE, FL",REPUBLIC SERVICES - JAX,7000 Imeson Road,,Jacksonville,FL,32219,,904-999-3044,,LBirtel@republicservices.com; JGraves@republicservices.com; rpereira@ucsincny.com,,N,0,0,LBirtel@republicservices.com; JGraves@republicservices.com; rpereira@ucsincny.com
403648,1689,INVOICE,RECYCLING SERVICES OF FLORIDA INC,2401 South Laflin Street,,Chicago,IL,60608,US,727-573-9150,,ldallabetta@recyclingit.com; mwhitmarsh@recyclingit.com; ib@scrapmanagement.com,727-366-3380,Y,0,NULL,
403649,1689,"BROOKSVILLE, FL","RECYCLING SERVICES OF FLORIDA, INC",14450 Landfill Road,,Brooksville,FL,34614,,352-519-9285,,ldallabetta@recyclingit.com; mwhitmarsh@recyclingit.com; ibeylin@ucsincny.com,,N,0,0,
403650,1690,INVOICE,RE-GEN INC,221 Hwy 20 C,,Middlebury,IN,46540,,(574) 536- 6733,,marty@re-geninc.com; jb@scrapmanagement.com,,Y,0,NULL,
403651,1691,INVOICE,CJ POLY,911 Markley,,Plymouth,IN,46563,,866-521-1317,,chris@cjpoly.com; ib@ucsincny.com; jb@ucsincny.com; ib@ucsincny.com,574-993-3810,Y,0,NULL,
403652,1693,INVOICE,DCO ENVIRONMENTAL & RECYCLING LLC,300 Montgomery Street,Suite 421,San Francisco,CA,94104,,415-362-7888,,aglasgow@dcointl.com; jrozar@dcointl.com; rhays@dcointl.com; ib@ucsincny.com,770-843-4949,Y,0,NULL,
403653,1693,"SAREPTA, LA",INTEGRICO COMPOSITES,108 Inducto Way,,Sarepta,LA,71071,,415-362-7888,,aglasgow@dcointl.com; jrozar@dcointl.com; rhays@dcointl.com,,N,0,0,
403654,1689,"CLEARWATER, FL","RECYCLING SERVICES OF FLORIDA, INC",3560 126 Avenue North,,Clearwater,FL,33762,,727-573-9150,,ldallabetta@recyclingit.com; mwhitmarsh@recyclingit.com; ibeylin@ucsincny.com,,N,0,0,
403655,1257,COLUMBUS GA,Columbus Consolidated Government/Pratt Recycling,8001 Pine Grove Way,,Columbus,GA,31907,US,706-225-4508,,sgibson@prattindustries.com; dlockman@prattindustries.com; ibeylin@ucsincny.com,,N,0,0,
403656,1694,INVOICE,RAPID RECYCLING,5 Brower Ave,,Oaks,PA,19456,US,610-650-0737,,lspera@rapidrecycling.com; vatruglio@rapidrecycling.com; rp@scrapmanagement.com,,Y,0,NULL,
403657,1357,CHESTER VA,NH KELMAN,11809 Lewis Rd,,Chester,VA,23831,,(518) 237-5133,518-233-8555,occking@aol.com; cpeterson@nhkelman.com; rpereira@ucsincny.com,,N,0,0,
403658,1695,INVOICE,REPUBLIC SERVICES INC,2733 3rd Avenue South,,Seattle,WA,98134,US,206-336-1361,206-264-8929,jcaputo@republicservices.com; ib@scrapmanagement.com,206-396-6079,Y,0,NULL,
403659,1695,ANAHEIM CA,CVT,1131 N Blue Gum St,,Anaheim,CA,92806,,206-336-1361,206-264-8929,,,N,0,0,
403660,1696,INVOICE,CENTRAL STATES REPROCESSING LLC,4121 NW 37th Street,,Lincoln,NE,68504,US,(402) 470-0007,,troy@csrlnk.com; ib@ucsincny.com; abuyanovskiy@ucsincny.com,,Y,0,NULL,
403661,1696,LAMAR MO,"Standley Plastic, INC",705 East 20th Street,,Lamar,MO,64749,US,417-682-5101,,Stanleywh@spcglobal.net,,N,0,0,
403662,1668,STATESVILLE NC,Resource MHR,1902 Clayton St.,,Statesville,NC,28667,US,519.255.1600,,jeremy@green-processing.com,,N,0,0,
403663,1377,"WASTE MANAGEMENT -  SYDNEY, NE",Cabela,3200 Road 101,,Sydney,NE,69160,,308-255-5419,,msanfil1@wm.com,,N,0,0,
403664,1697,INVOICE,MRC POLYMERS,901 W Crossroads Pkwy,,Romeoville,IL,60446,US,773-890-9000,,dbrodsky@mrcpolymers.com; ib@ucsincny.com; abuyanovskiy@ucsincny.com,,Y,0,NULL,
403665,1698,INVOICE,BLUE LINE TRANSFER,PO Box 348,,South San Francisco,CA,94083,US,(650) 589-4020,,sbortoli@ssfscavenger.com; edb@ssfscavenger.com; mariog@ssfscavenger.com; ib@scrapmanagement.com,714-801-4394,Y,0,NULL,
403666,1698,PLANT ADDRESS,BLUE LINE TRANSFER,500 East Jamie Court,,South San Francisco,CA,94080,US,(714) 801-4394,,mariog@ssfscavenger.com; edb@ssfscavenger.com,,N,0,0,
403667,1700,INVOICE,INDUSTRIAL RECYCLERS,PO Box 4687,,Sidney,OH,45365,US,(937) 821-4020,,steven@industrial-recyclers.com; ib@ucsincny.com,,Y,0,NULL,
403668,1702,INVOICE,IHC TRADING,PO Box 601,,Bethlehem,PA,18016,,(610) 432- 1615,,sales@ihctrading.com; rp@scrapmanagement.com,,Y,0,NULL,
403669,1702,PLANT ADDRESS,IHC TRADING,400 Island Park Road,,Easton,PA,18042,,(610) 432- 1615,,sales@ihctrading.com,,N,0,0,
403670,1466,TROY AL KW OUTBOUND,KW PLASTICS,279 Pike County Lake Rd,,Troy,AL,36079,,(704) 303-8481,(704) 200-9765,sunny@ar-recycling.com; raghav@ar-recycling.com; ab@ussmrecycle.com,,N,0,0,
403671,1693,GASTONIA NC,ENVIRO VISION TECHNOLOGIES LLC,1124 Isley Drive,,Gastonia,NC,28052,,415-362-7888,,aglasgow@dcointl.com; jrozar@dcointl.com; rhays@dcointl.com,,N,0,0,
403672,1703,INVOICE,STAIMAN RECYCLING CORP,PO Box 1235,,Williamsport,PA,17703,,570-323-9494,,chartzel@staimanrecycling.com; rp@scrapmanagement.com,,Y,0,NULL,
403673,1703,"WILLIAMSPORT, PA",STAIMAN RECYCLING CORP,201 Hepburn Street,,Williamsport,PA,17701,,570-323-9494,,chartzel@staimanrecycling.com,,N,0,0,
403674,1704,INVOICE,PZTECH,333 South Franklin Road,Suite B,Indianapolis,IN,46219,US,317-922-4003,,joshua.barrick@pztechgroup.com; ib@ucsincny.com; jb@ucsincny.com,,Y,0,NULL,
403675,1705,INVOICE,TRIM-TEX INC,3700 W Pratt Ave,,Lincolnwood,IL,60712,,847-679-3000,847-679-3017,georges@trim-tex.com; Adamj@trim-tex.com; ib@ucsincny.com,,Y,0,NULL,
403676,1706,INVOICE,BURRTEC WASTE INDUSTRIES INC,13373 Napa Street,,Fontana,CA,92335,,909-899-0911,,robert@burrtec.com; ib@scrapmanagement.com,760-845-0305,Y,0,NULL,
403677,1706,"FONTANA, CA",WEST VALLEY MRF & TRANSFER STATION,13373 Napa Street,,Fontana,CA,92335,,909-899-0911,,robert@burrtec.com,,N,0,0,
403678,1700,LIMA OH,INDUSTRIAL RECYCLERS,750 Buckeye Rd,,Lima,OH,45804,US,937-821-4020,,steven@industrial-recyclers.com; ib@scrapmanagement.com,,N,0,0,
403679,1377,WASTE MANAGEMENT -  BALTIMORE MD,WM RECYCLE AMERICA,6401 Quad Ave,,Baltimore,MD,21205,US,(888) 964-9730,,msanfil1@wm.com,,N,0,0,medwar12@wm.com; rpereria@ucsincny.com
403680,1299,COLUMBUS OH,"RPS Plastics, Inc",3700 Sullivant Ave,,Columbus ,OH,43228,US,937-902-9040,,jbplastics@woh.rr.com,,N,0,0,
403681,1377,WASTE MANAGEMENT -  SAN ANTONIO TX,WM RECYCLE AMERICA,5610 Farm to Market 1346,,San Antonio,TX,78220,,(210) 619-7962,,rpereira@ucsincny.com; tschaff1@wm.com; cboyles@wm.com,,N,0,0,
403682,1708,INVOICE,JS PALLET COMPANY,PO Box 52445,,Boston,MA,2205,,401-723-0223,,support@jspalletinc.com; rp@scrapmanagement.com,,Y,0,NULL,
403683,1708,"PAWTUCKET, RI",JS PALLET COMPANY,60 Lockbridge St,,Pawtucket,RI,2860,,401-723-0223,,support@jspalletinc.com,,N,0,0,
403684,1709,INVOICE,HORRY COUNTY SOLID WASTE AUTHORITY,P.O. Box 1664,,Conway,SC,29528,,(843) 347-1651,(843) 349-9289,wbarker@solidwasteauthority.org; jbitting@solidwasteauthority.org; mrf@solidwasteauthority.org; ckeith@solidwasteauthority.org; ib@scrapmanagement.com,,Y,0,NULL,
403685,1709,"CONWAY, SC",HORRY COUNTY SOLID WASTE AUTHORITY,1886 Highway 90,,Conway,SC,29526,,(843) 347-1651,(843) 349-9289,wbarker@solidwasteauthority.org,,N,0,0,
403686,1511,NEW CASTLE DE,RECOMMUNITY CORP,1101 Lambsons Lane,,New Castle,DE,19720,US,(704) 379-0600,(704) 697-2012,PO'donnell@republicservices.com; rpereira@ucsincny.com,,N,0,0,
403687,1511,"MINE HILL, NJ",REPUBLIC SERVICES,103 Iron Mountain Road,,Mine Hill,NJ,7803,,914-760-2622,(704) 697-2012,Pjformisano@republibservices.com;,,N,0,0,
403688,1710,INVOICE,GREEN PLANET 21 INC - TACOMA,2122 Port of Tacoma Road,,Tacoma,WA,98421,,(541) 953-8235,(541) 895-2625,cconley@greenplanet21.com; ib@scrapmanagement.com,,Y,0,NULL,
403689,1712,INVOICE,US PLASTICS RECOVERY,900 Raco Drive,Suite B,Lawrenceville,GA,30046,,770-582-9616,,brandon.weems@usprecovery.com; steve.hogan@usprecovery.com; ib@ucsincny.com,470-709-8833,Y,0,NULL,
403690,1700,"ANDERSON, IN",INDUSTRIAL RECYCLERS,1301 W. 16th St.,,Anderson,IN,46016,,937-821-4020,,steven@industrial-recyclers.com; ib@scrapmanagement.com,,N,0,0,
403691,1713,INVOICE,WESTROCK CP LLC,PO Box 409813,,Atlanta,GA,30384,,(615) 917-4692,,pat.coppedge@westrock.com; jb@scrapmanagement.com,,Y,0,NULL,
403692,1713,INDIANAPOLIS,WESTROCK CP LLC,1775 S West St,,Indianapolis,IN,46225,,(317) 634-7571,,pat.coppedge@westrock.com; sydria.jordan@westrock.com,,N,0,0,Pat Coppedge
403693,1714,INVOICE,RECYCLABLE MATERIALS MARKETING,,,,,,,519-859-6989,,sam@remm.ca; ib@ucsincny.com,,Y,0,NULL,
403694,1668,LAREDO TX,Southwest Industrial Recycling,14209 Distribution,,Laredo,TX,78045,,956-754-5024,,steve@green-processing.com,,N,0,0,
403696,1715,INVOICE,MILLER RECYCLING CORPORATION,73 Plymouth street,,Mansfield,MA,2048,US,(800) 783- 6766,,mslapik@millerrecycling.com; rp@scrapmanagement.com,,Y,0,NULL,
403697,1716,INVOICE,DIMEX,28305 State Route 7 North,,Marietta,OH,,US,800.334.3776,,NARDEN@dimexcorp.com; ib@ucsincny.com,,Y,0,NULL,
403698,1717,INVOICE,CONSOLIDATED SCRAP RESOURCE INC,328 N 14th St,,Lebanon,PA,17046,,(717) 272- 4655,,tzuckerman@consolidatedscrap.com; rp@scrapmanagement.com,,Y,0,0,
403699,1716,BLUE KNOB,Wetz 10,1143 Blue Knob Road,,Marietta,OH,45750,US,800.334.3776,,NARDEN@dimexcorp.com,,N,0,0,
403700,1720,INVOICE,COLUMBIA RECYCLING CORPORATION,P. O. BOX 2101,,DALTON,GA,30722,,(706) 278-4701,,rgoldberg@columbiarecyclingcorp.org; ib@ucsincny.com,,Y,0,NULL,
403701,1720,CHATTANOOGA AVE,COLUMBIA RECYCLING CORPORATION,1001 Chattamooga Avenue,,Dalton,GA,30720,,(706) 278-4701,,rgoldberg@columbiarecyclingcorp.org>,,N,0,0,
403702,1720,DIXIE HIGHWAY,COLUMBIA RECYCLING CORPORATION,"2410 S, Dixie Hwy",,Dalton,GA,30720,,(706) 278-4701,,rgoldberg@columbiarecyclingcorp.org>,,N,0,0,
403703,1722,INVOICE,TIMEWELL DRAINAGE PRODUCTS,196 US 24 1075N Avenue,,Timewell,IL,62375,,920-674-3332,,jfish@timewellpipe.com; jingram@timewellpipe.com; cschuhmacher@timewellpipe.com; ib@ucsincny.com,,Y,0,NULL,
403704,1722,JEFFERSON WI,TIMEWELL DRAINAGE PRODUCTS,201 West Plymouth Street,,Jefferson,WI,53549,,920-674-3332,,jingram@timewellpipe.com,,N,0,0,
403705,1723,INVOICE,IMS RECYCLING SERVICES,2740 Boston Ave,,San Diego,CA,92113,US,619-321-3352,,arquisl@imsrecycling.com; ib@scrapmanagement.com,619-410-1546,Y,0,NULL,
403706,1724,INVOICE,FRIEDMAN RECYCLING,3640 W. Lincoln St.,,Phoenix,AZ,85009,,602-484-4973,,BBurrer@friedmanrecycling.com; SHernandez@friedmanrecycling.com; ALucero@friedmanrecycling.com; ib@ucsincny.com,,Y,0,NULL,
403707,1725,INVOICE,RESOURCE WASTE SERVICES LLC,159 Wolf Road,Suite 301,Albany,NY,12205,US,603 894 9800,,ddevito@reenergyholdings.com; dguilherme@reenergyholdings.com; rp@scrapmanagement.com,,Y,0,NULL,
403708,1725,PRIMARY ADDRESS,ReENERGY RECYCLING OPERATIONS LLC,87 Lowell Road,,Salem,NH,3079,,603 894 9800,,ddevito@reenergyholdings.com; rp@ucsincny.com; dguilherme@reenergyholdings.com,,N,0,0,
403709,1727,INVOICE,MID VALLEY RECYCLING LLC,PO Box 12385,,Fresno,CA,93777,US,(559) 974-8052,,brittneyk@midvalleydisposal.com; jabeljr@midvalleydisposal.com; jonathank@midvalleydisposal.com; ib@scrapmanagement.com,559-892-6429,Y,0,NULL,
403710,1727,FRESNO CA,MID VALLEY RECYCLING LLC,2721 S Elm Ave,,Fresno,CA,93706,,559-567-0627,,debin@midvalleydisposal.com; jonathank@midvalleydisposal.com; ibeylin@ucsincny.com,,N,0,0,
403711,1728,INVOICE,STANDARD WASTE SERVICES,21 Edgeboro Road,,East Brunswick,NJ,8816,US,(732) 967-1565,,steven@swsnjny.com; aa@scrapmanagement.com,,Y,0,NULL,
403712,1377,WASTE MANAGEMENT -  TRACY CA,WM RECYCLE AMERICA,WM Tracy,,,CA,,,(888) 964-9730,, cparchme@wm.com,,N,0,0,
403713,1729,INVOICE,FLORES PALLET LLC,6101 Dixie Drive,,Houston,TX,77087,,713-645-1022,,lazaroflores@florespallets.com; maria@florespallets.com; rp@scrapmanagement.com,346-775-4507,Y,0,NULL,
403714,1636,Centenial Container - DENVER,Centennial Container,13105 E. 38th Ave, Suite 58,Denver,CO,80239,,303-747-5465,,dupuyjoshp@gmail.com; ahill@directpolymers.com,,N,0,0,
403715,1731,INVOICE,MILLENNIUM RECYCLING,305 E 50th St N,,Sioux Falls,SD,57104,US,605-336-1744,,shannon@millenniumrecycling.com; jb@scrapmanagement.com,,Y,0,NULL,
403716,1215,"NEWARK, NJ",G & F Recycling & Salvage Corporation,142-156 Frelinghuysen Avenue,,Newark,NJ,7114,,(732) 202-9500,,Cliff.Brand@ekmanrecycling.com; tom.orourke@ekmangroup.com; aa@ucsincny.com,,N,0,0,
403717,1101,"PANDORA, OH",ADVANCED DRAINAGE SYSTEMS,501 Basinger Road,,Pandora,OH,45877,,(419) 424-8230,,Brandon.Shoemaker@greenlinepolymers.com,,N,0,0,
403719,1733,INVOICE,TOWN RECYCLING,4220 Broadway SE,,Albuquerque,NM,87105,US,(505) 452-9277,,martha@townrecyclingusa.com; ib@scrapmanagement.com,(505) 506-4255,Y,0,NULL,
403720,1680,"NASHVILLE, TN - SITE 431",48 FORTY SOLUTIONS - SITE 431,601 Space Park South,,Nashville,TN,37211,US,(615) 333- 8325,,josh.dingus@48forty.com; aa@scrapmanagement.com,,N,0,0,
403721,1548,"MADISON, WI",Advanced Disposal,300 Raemisch Rd.,,Waunakee,WI,,,954-306-6901,954-252-3801,SF@4grecycling.com; Dispatch@4GRecycling.com; ibeylin@ucsincny.com,,N,0,0,
403722,1292,"ROCK HILL, SC - DHL WAREHOUSE","CHS PLASTICS, INC.",996 Paragon Way,,Rock Hill,SC,29730,,843-858-1966,(888) 670-6226,chuck@chsplasticsinc.com,,N,0,0,
403723,1377,WASTE MANAGEMENT -  TAMPA FL,WM RECYCLE AMERICA,3518 4th Ave North,,Tampa,FL,33610,,(716) 626 - 7812,,msanfil1@wm.com; rpereira@ucsincny.com; MSteven1@wm.com;,,N,0,0,
403724,1735,INVOICE,DIAMOND FOREST RESOURCES,PO Box 788,,Morehead,KY,40351,US,606-462-1197,,sales3@diamond-forest.com; ib@scrapmanagement.com,,Y,0,NULL,
403725,1736,INVOICE,BUTTS RECYCLING INC,26 W Industrial Loop,,Midland,TX,79701,,325-653-8957,,shawnstine.bri@gmail.com; ib@scrapmanagement.com,,Y,0,NULL,
403726,1736,PRIMARY ADDRESS,BUTTS RECYCLING INC,615 W 11th Street,,San Angelo,TX,76903,,325-653-8957,,shawnstine.bri@gmail.com,,N,0,0,
403727,1737,INVOICE,PLASTIMUM,262 Rue Pépin,,"Sherbrooke, QC",,J1L 2V8,CA,819-563-7374,819-563-7556,cbrasseur@plastimum.com; rp@scrapmanagement.com; ib@ucsincny.com,,Y,0,NULL,
403728,1738,INVOICE,STARLUX CORP,3800 W 42nd S,,Chicago,IL,60632,US,773-247-0600,,tony@starluxcorp.com; jb@scrapmanagement.com,510-695-4446,Y,0,NULL,
403729,1739,INVOICE,UCW LOGISTICS LLC,325 W McBee Ave,,Greenville,SC,29601,,336-608-3655,336-727-3302,shipnc@ucwlogistics.com;ucsinc@ucwlogistics.com,,Y,0,NULL,
403730,1740,INVOICE,CARDINAL RECYCLING,PO BOX 2883,,Reidsville,NC,27320,,(336) 342-7071,,bturner@triadbiz.rr.com; ib@ucsincny.com,,Y,0,NULL,
403731,1741,INVOICE,AVANGARD INNOVATIVE,11906 Brittmoore Oark Drive,,Houston,TX,77041,,281-582-0700,281-582-0799,msanjuan@avaicg.com; salesrequests@avaicg.com; ib@ucsincny.com,713-232-0003,Y,0,NULL,
403732,1323,PHARR TX,"MASTER FIBERS, INC",103 N Veterans Blvd,,Pharr,TX,78577,,956-783-0774,,marredondo@masterfibers.com,,N,0,0,
403733,1740,DELIVERY ADDRESS,CARDINAL RECYCLING,329 Broad Street,,Reidsville,NC,27320,,(336) 342-7071,,bturner@triadbiz.rr.com,,N,0,0,
403734,1292,"INDIANAPOLIS, IN",HERITAGE MATERIALS MANAGEMENT,1102 Roosevelt Ave,,Indianapolis,IN,46202,,843-858-1966,(888) 670-6226,chuck@chsplasticsinc.com,,N,0,0,
403735,1742,INVOICE,GREEN EARTH LLC,P.O. Box 1347,,Harrisonburg,VA,22803,US,540-801-8668,,vsimmons@conmatgroup.com; ib@scrapmanagement.com,,Y,0,NULL,
403736,1636,CRI Recycling - DENVER,CRI RECYCLING,4900 Dahlia St,,Denver,CO,80216,,303-747-5465,,dupuyjoshp@gmail.com; ahill@directpolymers.com,,N,0,0,
403737,1292,"MANCHESTER, TN",VICAM,320 Park Tower Rd.,,Manchester,TN,37355,,843-858-1966,(888) 670-6226,chuck@chsplasticsinc.com,,N,0,0,
403738,1744,INVOICE,POLYPRO INDUSTRIAL RECYCLING,4880 Hoffner Ave.,,Orlando,FL,32812,,407.855.0208,,glenn@polyprorecycling.com; ab@scrapmanagement.com; ib@ucsincny.com,,Y,0,NULL,
403739,1744,"QFD - FLINT, MI",QFD,4450 Linden Creek Parkway,,Flint,MI,48507,,810-733-2335,,glenn@polyprorecycling.com; ib@ucsincny.com,,N,0,0,
403740,1137,"CANTON, OH",NEXT GENERATION,404 5th Street SE,,Canton,OH,44706,,330-668-1200,,,,N,0,0,
403741,1745,INVOICE,WASTE CONNECTIONS OF AZ,3755 S. Royal Palm Road,,Apache Junction,AZ,85119,US,(480) 983-9100,,Larry@radservices.com; Melissa.H@rightawaydisposal.com; ib@scrapmanagement.com,(602) 677-5308,Y,0,NULL,
403742,1228,MASPETH NY,INDIGO PLASTICS INC,3 Railroad Place,,Maspeth,NY,11378,,(516) 852-2317,,leo@indigoplast.com; aakopyan@ucsincny.com,,N,0,0,
403743,1228,QUEENS NY,Mr. T Carting Corp,73-10 Edsall Avenue,,Queens,NY,11385,US,(516) 852-2317,,leo@indigoplast.com; aakopyan@ucsincny.com,,N,0,0,
403744,1747,INVOICE,PALLET PRO INC,2121 Willow park Rd,,Bethlehem,PA,18020,US,610.882.3111,,palletpro@rcn.com; rp@scrapmanagement.com,,Y,0,NULL,
403745,1749,INVOICE,CENTRE COUNTY RECYCLING & REFUSE,253 Transfer Road,,Bellefonte,PA,16823,, (814) 238-7005, (814) 238-3195,BHampton@centrecountyrecycles.org; rp@scrapmanagement.com,,Y,0,NULL,
403746,1750,INVOICE,ACI PLASTICS WEST,2945 Davison Road,,Flint,MI,48506,,810-767-3800,,TMcgee@aciplastics.com; jjarman@aciplastics.com; ib@ucsincny.com,,Y,0,NULL,
403747,1750,"TEMPE, AZ",ACI PLASTICS WEST,5865 S. Kyrene Road,Suite 2,Tempe,AZ,85282,,810-767-3800,,TMcgee@aciplastics.com; jjarman@aciplastics.com,,N,0,0,
403749,1751,INVOICE,CARBONLITE RECYCLING LLC,4685 Mountain Creek Pkwy,,Dallas,TX,75236,,214-453-1550,214-453-1566,rcosta@carbonliterecycling.com; lwhite@carbonliterecycling.com; Ashley@carbonliterecycling.com; ib@ucsincny.com; kchilton@carbonliterecycling.com,,Y,0,NULL,
403750,1742,PICK UP LOCATION,GREEN EARTH LLC,3330 Kratzer Rd,,Harrisburg,VA,22802,US,540-801-8668,,vsimmons@conmatgroup.com,,N,0,0,
403751,1645,SCRANTON PA,ATHRACITE AUTO EXCHANGE INC,900 S 5th Avenue,,Scranton,PA,18504,US,(570) 562-6482,(570) 840-9347,cpatch@csprecycling.com; apatch@csprecycling.com; rp@ucsincny.com,,N,0,0,
403752,1228,BROOKLYN NY,INDIGO PLASTICS INC,141 6TH ST,,BROOKLYN,NY,11215,US,(516) 852-2317,,leo@indigoplast.com; aakopyan@ucsincny.com,,N,0,0,
403753,1753,INVOICE,PALLET LOGISTICS MANAGEMENT INC,7100 Hazelwood Ave,,Hazelwood,MO,63042,US,314-584-1846,(314) 584-1845,d.kear@plmgt.com; r.ruark@plmgt.com; ib@scrapmanagement.com,(314) 332-7060,Y,0,NULL,
403754,1756,INVOICE,ELK COUNTY SOLID WASTE AUTHORITY,850 Washington Street,,St Marys,PA,15857,,814-776-5373,,dstubber@countyofelkpa.com; rp@scrapmanagement.com,(814) 594-2862,Y,0,NULL,
403755,1757,INVOICE,PHILADELPHIA PLASTIC RECYCLING,1013 Conshohocken Road,suite 209,Conshohocken,PA,19428,,484 530 0530,,philaplast@cs.com; rpereira@ucsincny.com,,Y,0,NULL,
403756,1758,INVOICE,PECONIC RECYCLING & TRANSFER,560 Commerce Road,,Cutchogue,NY,11935,,(631) 725- 1347,,jdivello@mesliny.com; kbialeski@mesliny.com; ib@scrapmanagement.com,,Y,0,NULL,
403757,1259,"Portland, ME",RETURNABLE SERVICES,80 Pine Tree Industrial Parkway,,Portland,ME,4102,,(207) 215-4105,,beth.milligan@tomra.com,,N,0,0,
403758,1759,INVOICE,TRANPAK INC,2860 S East Ave,,Fresno,CA,93725,,(800) 827-2474,,jknapp@tranpak.com; ib@ucsincny.com,(559) 753-0462,Y,0,NULL,
403759,1700,DAYTON OH,INDUSTRIAL RECYCLERS,400 E. 4th St,,Dayton,OH,45402,,937-821-4020,,steven@industrial-recyclers.com; ib@scrapmanagement.com,,N,0,0,
403760,1757,HILDAGO TX,"PHILADELPHIA PLASTIC RECYCLING, INC.",1704 North International Blvd,,Hidalgo,TX,78557,US,(956) 534-2910,,philaplast@cs.com,,N,0,0,
403761,1760,INVOICE,AMERICAN PALLET INC,PO Box 17615,,Richmond,VA,23226,US,(804) 751-1826,(804) 751-0902,wdeep@americanpalletinc.com; ib@scrapmanagement.com,,Y,0,NULL,
403762,1761,INVOICE,US GRANULES CORPORATION,P.O. Box 130,,Plymouth,IN,46563,US,574-936-2146,574-936-7991,joyce@usgranules.com; ib@ucsincny.com,,Y,0,NULL,
403763,1548,CHARLOTTE NC,4TH GENERATION RECYCLING INC.,10627 Nations Ford Road,,Charlotte,NC,28273,US,954-306-6901,954-252-3801,SF@4grecycling.com; Dispatch@4GRecycling.com; ibeylin@ucsincny.com,,N,0,0,
403764,1548,PRIMARY ADDRESS,4TH GENERATION RECYCLING INC.,Brattleboro,,Brattleboro,VT,,,954-306-6901,954-252-3801,SF@4grecycling.com; Dispatch@4GRecycling.com; ibeylin@ucsincny.com,,N,0,0,
403765,1548,"BATTLEBORO, VT",4TH GENERATION RECYCLING INC.,Battleboro,,Battleboro,VT,,,954-306-6901,954-252-3801,SF@4grecycling.com; Dispatch@4GRecycling.com; ibeylin@ucsincny.com,,N,0,0,
403766,1762,INVOICE,BIG SKY ENVIRONMENTAL LLC,,,,,,,,,,,Y,0,NULL,
403767,1763,INVOICE,TOMRA,PO Box 200192,,Pittsburgh,PA,15251,,(207) 623-2944,,beth.milligan@tomra.com; aa@scrapmanagement.com,207.215.4105,Y,0,NULL,
403768,1763,"PORTLAND, ME",RETURNABLE SERVICES,80 Pine Tree Industrial Parkway,,Portland,ME,4102,,(207) 623-2944,,beth.milligan@tomra.com; aa@ucsincny.com,,N,0,0,
403769,1680,Z - DO NOT USE 1,48 FORTY SOLUTIONS - SITE 235,201 A Street,,Glenville,NY,12302,US,(518) 861- 5410,,james.finlan@48forty.com; aa@scrapmanagement.com,,N,0,0,
403770,1744,BRENT AL,POLYPRO INDUSTRIAL RECYCLING,200 Mid State Dr,,Brent,AL,35034,,850-625-9451,,glenn@polyprorecycling.com; ib@ucsincny.com,,N,0,0,
403771,1764,INVOICE,RUSSELL A MORELLO & SONS INC,18 Maple Street,,Conshohocken,PA,19428,,(610) 828-1612,,ramrecycle@aol.com; rp@scrapmanagement.com,,Y,0,NULL,
403772,1765,INVOICE,PLASTICYCLE,245 Main St. Suite 430,,White Plains,NY,10601,, (914) 997-6882, (914) 997-6884,acorso@plasticycle.com; aa@scrapmanagement.com,,Y,0,NULL,
403773,1765,"NASHVILLE, TN",PLASTICYCLE,5801 Centennial Blvd,,Nashville,TN,37209,, (914) 997-6882, (914) 997-6884,acorso@plasticycle.com,,N,0,0,
403774,1565,DELIVERY ADDRESS,MONDO POLYMER TECHNOLOGIES INC.,27620 State Route 7,,Reno,OH,45773,US,740-376-9396,740-376-9960,ron@mondopolymer.com,,N,0,0,
403775,1766,INVOICE,ATLAS PALLET CORP,50 Old Mill Street,,Mohegan,RI,2830,US,401-568-2900,,Heather@atlaspalletri.com; rp@scrapmanagement.com,,Y,0,NULL,
403776,1767,INVOICE,USEDPLASTICPALLETS.COM,PO BOX 406,,Dunlap,CA,93621-9998,US,888-660-0601,,Service@wholesalepallets.com; rp@scrapmanagement.com,,Y,0,NULL,
403777,1767,KALIMAZOO,USEDPLASTICPALLETS.COM,2715 Miller Road,,Kalamzoo,MI,49001,US,269-385-1205,,Service@wholesalepallets.com,269-270-2533,N,0,0,
403778,1769,INVOICE,DK TRADING CORPORATION,PO Box E,,Clarks Summit,PA,18411,,(570) 346-4684,(570) 342-7511,sue@dk-t.com; rp@scrapmanagement.com,,Y,0,NULL,
403779,1769,SCRANTON PA,DIAMOND K INC,900 Battle Street,,Scranton,PA,18508,,(570) 346-4684,(570) 342-7511,sue@dk-t.com; jimmy@dk-t.com,,N,0,0,
403780,1377,"HEB - SAN ANTONIO, TX",HEB,5401 Business Park,,San Antonio,TX,78220,,(888) 964-9730,,bgonza19@wm.com,,N,0,0,
403781,1770,INVOICE,SUNNKING INC,4 Owens Rd,,Brockport,NY,14420,US,585-637-8365,,ashine@sunnking.com; logistics@sunnking.com; aa@scrapmanagement.com,,Y,0,NULL,
403782,1757,"LAREDO, TX",UNITED INTERNATIONAL LOGISTICS,9021 SAN MATEO DR,Suite A,Laredo,TX,78045,,484 530 0530,,philaplast@cs.com; rpereira@ucsincny.com,,N,0,0,
403783,1765,"CLEVELAND, OH",PLASTICYCLE,903 W. Barre Rd,,Archbold,OH,43502,, (914) 997-6882, (914) 997-6884,acorso@plasticycle.com,,N,0,0,
403784,1767,"EAGLE GROVE, IA",Zoetis (Alpharma),1020 NW 10th,,Eagle Grove,IA,50533,US,515-448-4734,,Service@wholesalepallets.com; rpereira@ucsincny.com,,N,0,0,
403785,1771,INVOICE,US TREASURY DEPT - FORT KNOX QRP,309 Frazier Road,Bldg 2962,Fort Knox,KY,40121,,(502) 624-5907,(502) 624-5672,army.knox.qrp@mail.mil; aa@scrapmanagement.com,,Y,0,NULL,
403786,1772,INVOICE,IGPS LOGISTICS LLC,DEPT CH 17022,,Palatine,IL,60055,US,(248) 804-8148,,psaldana@palogix.com; trevor.peterson@palogix.com; rp@scrapmanagement.com,,Y,0,NULL,
403787,1772,"BRIDGEWATER, MA",IGPS LOGISTICS LLC,400 Manley Street West,,Bridgewater,MA,2379,US,586-221-1000,,psaldana@palogix.com   trevor.peterson@palogix.com,,N,0,0,
403788,1773,INVOICE,POTENTIAL INDUSTRIES INC,922 East E Street,,Wilmington,CA,90744,US,(714) 929-7508,,stan.fu@potentialindustries.com; ib@scrapmanagement.com,(714) 390-8815,Y,0,NULL,
403789,1773,MONTEREY CA,MONTEREY REGIONAL WASTE MANAGEMENT,14201 Del Monte Blvd,,Marina,CA,93933,US,(714) 929-7508,,stan.fu@potentialindustries.com,,N,0,0,
403790,1774,INVOICE,"INSITE MANAGED SERVICES, LLC",4320 Winfield Road,Suite 200,Warrenville,IL,60555,US,630.668.0668,,JulieB@IMSrecycles.com; adam@286life.com; ib@scrapmanagement.com; jylo@imsrecycles.com; ib@ucsincny.com,,Y,0,NULL,
403791,1774,GASTONIA NC,Envirovison Technologies LLC,1124 Isley Drive,,Gastonia,NC,28052,US,855-333-0133,,JulieB@IMSrecycles.com; jylo@imsrecycles.com; adam@286life.com; ib@scrapmanagement.com,,N,0,0,
403792,1775,INVOICE,STERICYCLE,2355 Waukegan Road,,Bannockburn,IL,60015,US,847.367.5910,847.367.9493,ib@ucsincny.com,,Y,0,NULL,
403793,1775,DULUTH GA,STERICYCLE,1680 Executive Dr S,Suite 100,Duluth,GA,30096,US,847.367.5910,847.367.9493,"ricardo.pavon@stericycle.com, tania.hill@stericycle.com; ib@scrapmanagement.com",,N,0,0,
403794,1232,"ROGERS, AR",MARCK INDUSTRIES,3507 North Arkansas Street,,Rogers,AR,72756,,(417) 847-5900,417-847-5990,mrbenwilde@gmail.com; ib@scrapmanagement.com,,N,0,0,
403795,1776,INVOICE,NEW LIFE PLASTIC RECYCLING INC,129 W. Trade St.,PO Box 945,Burlington,NC,27215,,336-222-7775,,snewman@newlifeplastics.com; ib@scrapmanagement.com,336-684-7775,Y,0,NULL,
403796,1776,"DANVILLE, VA",American Phoenix,121 Martha St,,Danville,VA,24541,,336-222-7775,,snewman@newlifeplastics.com; ibeylin@ucsincny.com,,N,0,0,
403797,1778,INVOICE,PREMIER GROUP RECYCLING INC,6971 N Federal Highway,,Boca Raton,FL,33487,US,(877) 488-7773,(561) 488-7422,Steve@premiergrouprecycling.com; ib@ucsincny.com; abuyanovskiy@ucsincny.com,,Y,0,NULL,
403798,1779,INVOICE,WASTE PRO USA,4785 Fulton Industrial Blvd SW,Suite F,Atlanta,GA,30336,,352-261-0253,,whoward@wasteprousa.com; fcasagrande@wasteprousa.com; rp@ucsincny.com; ldemars@wasteprousa.com; rp@scrapmanagement.com,,Y,0,NULL,
403799,1779,"ATLANTA, GA",WASTE PRO USA,4785 Fulton Industrial Blvd,Suite F,Atlanta,GA,30336,,352-261-0253,,whoward@wasteprousa.com; fcasagrande@wasteprousa.com; rp@ucsincny.com; ldemars@wasteprousa.com;,,N,0,0,
403800,1780,INVOICE,KONZ WOOD PRODUCTS,616 N Perkins Street,,Appleton,WI,54914,US,920-734-7770,920-734-4811,terry@konzwoodproducts.com; ib@scrapmanagement.com,,Y,0,NULL,
403801,1782,INVOICE,PALLET SERVICES INC,4055 Casilio Parkway,,Clarence,NY,14031,,(716) 873- 7700,,lellis@palletservicesinc.com; aa@scrapmanagement.com,716-553-7790,Y,0,0,
403802,1783,INVOICE,UNIVERSAL PACKAGE LLC,4360 E 2150 N,PO Box 88,Dale,IN,47523,,(812) 937- 3605,(812)937-9852,JonBrandes@universalpackage.com; jb@scrapmanagement.com,(812)309-0224,Y,0,NULL,
403803,1784,INVOICE,PLASTIC SERVICES INC.,"Middlesex, nj",,,,,,732-560-0700,,jturner@plasticservicesinc.com; aa@scrapmanagement.com,,Y,0,NULL,
403804,1785,INVOICE,LOST BROTHERS PALLET CORP,PO Box 485,,Woonsocket,RI,2895,,(401) 585- 7194,,lbpallet.corp@gmail.com; rp@scrapmanagement.com,,Y,0,NULL,
403805,1785,PICK-UP ADDRESS,LOST BROTHERS PALLET CORP,333 River St,,Woonsocket,RI,2895,,(401) 585- 7194,,lbpallet.corp@gmail.com; rp@ucsincny.com,,N,0,0,
403806,1786,INVOICE,PLANET RECYCLING,PO Box 150887,,Nashville,TN,37215,,615-390-2686,,becky@planetrecycling.com; aa@scrapmanagement.com; ib@ucsincny.com,,Y,0,NULL,
403807,1786,"HSN - PINEY FLATS, TN",HSN,857 Mountain View Dr,,Piney Flats,TN,37686,,423-391-1633,,becky@planetrecycling.com; aa@ucsincny.com,,N,0,0,
403808,1788,INVOICE,DIAMOND K INC,900 Battle Street,,Scranton,PA,,US,(570) 346-4684,,jimmy@dk-t.com; rp@scrapmanagement.com,,Y,0,NULL,
403809,1789,INVOICE,LT CHINI INC,646 S Delsea Drive,,Vineland,NJ,8360,,856-692-0303,,bkruysman@gorgogroup.com; rp@scrapmanagement.com,856-297-1747,Y,0,NULL,
403810,1323,EL PASO,"MASTER FIBERS, INC",1710 E. Paisano,,El Paso,TX,79901,US,(505) 345-6413,,marco.nunez@masterfibers.com,,N,0,0,
403811,1790,INVOICE,RECYCLE 1,3209 S 36th St,,Phoenix,AZ,85040,US,602-220-9200,,mlipton@recycle1az.com; ib@ucsincny.com,,Y,0,NULL,
403812,1791,INVOICE,QRH POLYMERS,400 Island Park Rd,Bldg 28,Easton,PA,18042,US,484-894-7493,,scorr@qrhpolymers.com; rp@scrapmanagement.com,,Y,0,NULL,
403813,1792,INVOICE,SOLID WASTE AUTHORITY,5860 45th Street,,West Palm Beach,FL,33407,US,(561) 640- 4000,,"sreimer@swa.org, ib@scrapmanagement.com",,Y,0,NULL,
403814,1775,RALEIGH NC,STERICYCLE,1251 Intrepid Ct,,Raleigh,NC,27610,US,(919) 212- 0618,847.367.9493,dwight.scott@stericycle.com; ibeylin@ucsincny.com; Mike.Mullins@stericycle.com,(919) 889- 5657,N,0,0,
403815,1794,INVOICE,THE RECYCLING GROUP,1629 US Hwy 70,,Connelly Springs,NC,28612,,(828) 397- 2717,,rwilliams@trg.cc; ib@scrapmanagement.com,(336) 908- 6462,Y,0,NULL,
403816,1789,"MILTON, PA",GORGO PALLET,13 S Industrial Park Rd,Bldg 1,Milton,PA,17847,,856-692-0303,,bkruysman@gorgogroup.com; mdent@gorgogroup.com; rp@scrapmanagement.com,,N,0,0,
403817,1139,CLARKS HILL IN,WM RECYCLE AMERICA,11349 US Highway 52 South,,Clarks Hill,IN,47930,,(317) 381-0968,(317) 539-5383,rebates@raystrash.com; wsmith@raystrash.com; bmoench@raystrash.com; ab@ucsincny.com,,N,0,0,
403818,1795,INVOICE,ROWAN COUNTY,PO Box 430,,East Spencer,NC,28039,,(704) 216- 8606,,caleb.sinclair@rowancountync.gov; ib@scrapmanagement.com,,Y,0,NULL,
403819,1795,"SALISBURY, NC",ROWAN COUNTY,1102 N Long St. Extension,,Salisbury,NC,28144,,(704) 216- 8606,,caleb.sinclair@rowancountync.gov, 704-431-2949,N,0,0,
403820,1796,INVOICE,SERRAPRO INDUSTRIES,105 S. Denny St.,,Indianapolis,IN,46201,,(317) 469-6678,,michaeld19876@gmail.com; jb@scrapmanagement.com,,Y,0,NULL,
403821,1797,INVOICE,IGPS LOGISTICS,DEPT CH 17022,,Palatine,IL,60055,,(248) 804-8148,,kim.stclair@palogix.com; marie.towles@palogix.com; rp@scrapmanagement.com,,Y,0,NULL,
403822,1680,"RICHMOND, VA - SITE 201",48 FORTY SOLUTIONS - SITE 201,3707 Nine Mile Rd,,Richmond,VA,23223,US,804.226.0229,,brian.davis@48forty.com; aa@scrapmanagement.com,804.226.0229,N,0,0,
403823,1798,INVOICE,PRIME WOODCRAFT,1817 Kenosha Rd,,Zion,IL,60099,US,(401) 572-1460,,jz@primewoodcraft.com; john.sullivan@primewoodcraft.com; Cprokopy@primewoodcraft.com; ib@scrapmanagement.com,,Y,0,NULL,
403824,1799,INVOICE,ALLIED PAPER STOCK,345 Eastern Parkway,,Farmingdale,NY,11735,,516-234-8991,,jtooz8265@gmail.com; rp@scrapmanagement.com,,Y,0,NULL,
403825,1800,INVOICE,POSEY COUNTY SWD,Posey County SWD,P.O. Box 248,Mount Vernon,IN,47620,US,812-838-1613,,poseyswd65@yahoo.com; jb@scrapmanagement.com; ib@ucsincny.com,,Y,0,NULL,
403826,1802,INVOICE,48 FORTY SOLUTIONS LLC,PO Box 849729,,Dallas,TX,75284-9729,US,713-332-6622,,ian.high@48forty.com; ib@scrapmanagement.com,,Y,0,NULL,
403827,1803,INVOICE,48 FORTY SOLUTIONS LLC,PO Box 849729,,Dallas,TX,75284-9729,US,,,stephen.keul@48forty.com; william.sell@48forty.com; site204@48forty.com; rp@scrapmanagement.com,,Y,0,NULL,
403828,1804,INVOICE,48 FORTY SOLUTIONS,PO Box 849729,,Dallas,TX,75284-9729,US,317-780-0700,,irvin.morris@48forty.com; jb@scrapmanagement.com,,Y,0,NULL,
403829,1805,INVOICE,PETRO PALLET,575 Ridge Road,,Monmouth Junction,NJ,8852,US,732-230-3287,,tony@petropallet.com; aa@scrapmanagement.com,,Y,0,NULL,
403830,1199,BARHAMSVILLE VA,JC pallet Co,18427 New Kent Highway ,,Barhamsville,VA,23011,US,(757) 539-2351,(757) 925-0874,TByrum@butlerpaper.com; gcrow@butlerpaper.com; aakopyan@ucsincny.com,,N,0,0,
403831,1786,"KOCH - Morristown, TN",KOCH,1620 Progress Pkwy,,Morristown,TN,37813,,615-390-2686,,becky@planetrecycling.com; aa@ucsincny.com,,N,0,0,
403832,1806,INVOICE,NEALS PALLET CO,8808 Wilkinson Blvd,,Charlotte,NC,28214,US,704) 393- 8568,,dannysparrow@yahoo.com; ib@scrapmanagement.com,,Y,0,NULL,
403833,1806,PICK UP,NEAL'S PALLET CO,5100 Terminal Street ,,Charlotte,NC,28208,,704) 393- 8568,,dannysparrow@yahoo.com,,N,0,0,
403834,1807,INVOICE,PALLET CENTRAL ENTERPRISES INC,PO Box 13549,,Atlanta,GA,30324,US,(404) 564-9703,,alongman@palletcentralent.com; jhumber@palletcentralent.com; ib@scrapmanagement.com; mschwietz@palletcentralent.com,(954) 410-0375,Y,0,NULL,
403835,1807,SHAKOPEE MN,"PALLET CENTRAL ENTERPRISES, INC.",Please advise,,Shakopee,MN,,,(404) 564-9703,,alongman@palletcentralent.onmicrosoft.com; jhumber@palletcentralent.com,,N,0,0,
403836,1808,INVOICE,TELFER INC,219 Wexford Road,,Valparaiso,IN,46385,, (219) 465- 6010, (219) 465-6112,deanhemmersbach@yahoo.com; jb@scrapmanagement.com; ib@ucsincny.com, (847) 833- 6396,Y,0,NULL,
403837,1808,"TERRE HAUTE, IN",TAYLOR COURIER SERVICE,3851 1st Parkway,,Terre Haute,IN,47804,,812-243-0255,,deanhemmersbach@yahoo.com; jb@ucsincny.com,,N,0,0,
403838,1548,ALDI - TULLY NY,ALDI,300 State Rt #281,,Tully,NY,13159,US,954-306-6901,954-252-3801,SF@4grecycling.com; Dispatch@4GRecycling.com; ib@scrapmanagement.com,,N,0,0,
403839,1809,INVOICE,TOWN OF BLACKSTONE,15 St. Paul St.,,Blackstone,MA,1504,US,508.876.5130,,cstrapponi@townofblackstone.org; rp@scrapmanagement.com,,Y,0,NULL,
403840,1811,INVOICE,AARON INDUSTRIES CORP,20 Mohawk Drive,PO Box 607,Leominster,MA,1453,,978-534-6135,978-537-7360,"domd@aaroninc.com, strmaterialinc@gmail.com; ib@ucsincny.com; abuyanovskiy@ucsincny.com",,Y,0,NULL,
403841,1811,"LEOMINSTER, MA",CFG,243RR Whitney Street,,Leominster,MA,1453,,978-833-0479,978-537-7360,"domd@aaroninc.com, strmaterialinc@gmail.com",,N,0,0,
403842,1812,INVOICE,RELIABLE TRANSPORTATION SOLUTIONS,463 OHIO PIKE,SUITE 302,CINCINNATI,OH,45255,US,937-378-2700 ,,lhayslip@relyonrts.com,,Y,0,NULL,
403843,1813,INVOICE,BALCONES RECYCLING,4501 Thibault Rd.,,Little Rock,AR,72206,,501-490-0500,,jsaxton@natural-staterecycling.com;,,Y,0,NULL,
403844,(INV),BALCONES RECYCLING WAREHOUSE,NULL,NULL,NULL,NULL,NULL,NULL,NULL,NULL,NULL,NULL,NULL,N,NULL,NULL,NULL
403845,1814,INVOICE,GREEN CIRCLE RECYCLING LLC,2850 Larson Street,,La Crosse,WI,54603,,(608) 782- 2082,,mattw@harters.net; jb@ucsincny.com,(608) 397- 7208,Y,0,NULL,
403846,1815,INVOICE,UNITED STATES PLASTIC CORP,1390 Neubrecht Rd.,,Lima,OH,45801,US,419-228-2242,,usp@usplastic.com,,Y,0,NULL,
403847,1727,KERMAN CA,MID VALLEY RECYCLING LLC,15300 W Jensen,,Kerman,CA,93630,,559-567-0623,,debin@midvalleydisposal.com; jonathank@midvalleydisposal.com; ib@scrapmanagement.com; brittneyk@midvalleydisposal.com; abeljr@midvalleydisposal.com,559-892-6429,N,0,0,
403848,1114,USPS shipping address,KW PLASTICS,1 Sanders Road,,Troy,AL,36079,,(334) 566-1563,(334) 808-3368,dwarren@kwplastics.com; ib@ucsincny.com,,N,0,0,
403849,1775,MCKEESPORT PA,STERICYCLE,380 Locust St,,McKeesport,PA,15132,,(412) 613-4192,,"Tim.Stoviak@stericycle.com, ib@scrapmanagement.com",,N,0,0,
403850,1817,INVOICE,3R RECYCLING INC,13 Robbie Road,,Avon,MA,2322,,508.232.3916,,Jshamatta@3rrecyclinginc.com; rpereira@ucsincny.com,,Y,0,NULL,
403851,1818,INVOICE,GLOBAL POLYMERS LLC,PO BOX 6745,,Louisville,KY,40206,,502-425-1133,502-425-0740,Eric@globalpolymerscorp.com; ib@ucsincny.com; abuyanovskiy@ucsincny.com,502-552-1962,Y,0,NULL,
403852,1818,"LOUISVILLE, KY",GLOBAL POLYMERS LLC,2101 Plantside Dr.,,Louisville,KY,40299,,888-378-8440,502-425-0740,,,N,0,0,
403853,1819,INVOICE,VANTAGE PLASTICS,1415 W Cedar St,,Standish,MI,48658,,989-846-1029,989-846-0939,elliott.buchanan@edgematerialsmanagement.com; ib@ucsincny.com; abuyanovskiy@ucsincny.com,,Y,0,NULL,
403854,1680,"WESTBOROUGH, MA - SITE 270",48 FORTY SOLUTIONS - SITE 270,57 Brigham St,,Westborough,MA,1581,US,(518) 861- 5410,,joshua.morse@48forty.com ; aa@scrapmanagement.com,,N,0,0,
403855,1819,EDGE MATERIALS - Standish,EDGE MATERIALS MANAGEMENT,4215 Airport Park,,Standish,MI,48658,,989-846-1029,989-846-0939,elliott.buchanan@edgematerialsmanagement.com;,,N,0,0,
403856,1821,INVOICE,TWIN CITY PALLET INC,12181 Margo Ave South,,Hastings,MN,55033,US,(651) 450-1952,,brianL@twincitypallet.com; sales2@scrapmanagement.com,612-363-4287,Y,0,NULL,accounting@twincitypallet.com
403857,1821,PRIMARY ADDRESS,"TWIN CITY PALLET, INC.",139 Grand Ave E,,South Saint Paul,MN,55075,US,(651) 450-1952,,,,N,0,0,accounting@twincitypallet.com
403858,1822,INVOICE,48 FORTY SOLUTIONS LLC,3707 Nine Mile Rd,,Richmond,VA,23223,US,317-780-0700,,brian.davis@48forty.com; aa@scrapmanagement.com,804.226.0229,Y,0,NULL,
403859,1823,INVOICE,48 FORTY SOLUTIONS LLC,57 Brigham St,,Westborough,MA,1581,US,(518) 861- 5410,,joshua.morse@48forty.com; aa@scrapmanagement.com,,Y,0,NULL,
403860,1824,INVOICE,DAK Americas LLC - Richmond,1561 N.W. 11th St,,Richmond,IN,47374,US,(765) 259-3990,(765) 259-3991,ib@ucsincny.com,,Y,0,NULL,
403861,1825,INVOICE,Leah Couick,,,,,,,,,,,Y,0,NULL,
403862,1826,INVOICE,Amy McFadden,,,,,,,,,,,Y,0,NULL,
403864,1829,INVOICE,RANDY'S ENVIRONMENTAL SERVICES,PO Box 169,,Delano,MN,55328,US,(763) 972-3335,,ARoskowiak@randyssanitation.com; sales2@scrapmanagement.com,(612)919-2265,Y,0,NULL,
403865,1829,PRIMARY ADDRESS,RANDY'S ENVIRONMENTAL SERVICES,4351 US-12,,Delano,MN,55328,US,(763) 972-3335,,ARoskowiak@randyssanitation.com,,N,0,0,
403866,1830,INVOICE,EXPRESS LOGISTICS INC,PO Box 628,,Waukee,IA,50263,US,866.470.2776,877-934-8714,support@exp-logistics.com,641-344-7488,Y,0,NULL,
403867,1831,INVOICE,PALOGIX SUPPLY CHAIN SERVICES LLC,19176 Hall Road Suite 125,,Clinton Township,MI,48038,US,586-221-1000,,Rylan.Watson@palogix.com; rp@scrapmanagement.com,,Y,0,NULL,
403868,1834,INVOICE,ALLEN RECYCLING,100 Industrial Drive,,Canton,MS,39046-3214,US,601-214-4188,,RECYALLEN6@BELLSOUTH.NET; sales2@scrapmanagement.com,,Y,0,NULL,RECYALLEN6@BELLSOUTH.NET
403869,1299,DAYTON OH,JB PLASTICS,CTC PLASTICS LLC ,943 Woodley Rd,Dayton,OH,,,(937) 863-0207,,jbplastics@woh.rr.com,,N,0,0,
403870,1835,INVOICE,FEDERAL CORRECTIONAL INSTITUTION,"3625 F C I Rd, Marianna, FL 32446",,Marianna,FL,32446,US,850-526-2313 xt 7084,850-718-2058,rruss@bop.gov; ib@scrapmanagement.com,,Y,0,NULL,rruss@bop.gov
403871,1836,INVOICE,ARONSON RECYCLING,P.O. Box 509,,Waupun,WI,53963,,(920) 324-2209,(920) 948-8188,jaronson@aronsonrecycling.com; jb@ucsincny.com,,Y,0,NULL,
403872,1836,PICK UP ADDRESS,ARONSON RECYCLING,600 Maxon St,,Waupun,WI,53963,,(920) 324-2209,(920) 948-8188,jaronson@aronsonrecycling.com; jb@ucsincny.com,,N,0,0,
403873,1837,INVOICE,MARTEX FIBER SOUTHERN CORP,6728 Orr Road,,Charlotte,NC,28213,,(704) 264- 4400,,wnash@martexfiber.com; ibeylin@ucsincny.com,(704) 705- 3914,Y,0,NULL,
403874,1837,"SPARTANBURG, SC",MARTEX FIBER SOUTHERN CORP (BLUESTONE),3200B Southport Road,,Spartanburg,SC,29302,,(704) 264- 4400,,wnash@martexfiber.com; ibeylin@ucsincny.com,,N,0,0,
403875,1837,"MOORE, SC",Pioneer Fibers for Martex Fibers,190 Old Roebuck Rd,,Moore,SC,29396,,(704) 264- 4400,,wnash@martexfiber.com; ibeylin@ucsincny.com,,N,0,0,
403876,1838,INVOICE,AMS PALLET SYSTEMS,2 Kleen Way,,Holbrook,MA,2343,US,781-767-9001,,AMS_PALLETS@yahoo.com; Jodi.ams@verizon.net; rp@scrapmanagement.com,,Y,0,NULL,
403877,1298,"GRANITE CITY, IL",TOTALL METAL For In Plas,2700 Missouri Avenue,,Granite City,IL,62040,,(877) 413-3899,,plasticscrap@fuse.net; ab@scrapmanagement.com,,N,0,0,
403879,1802,Z DO NOT USE,48 FORTY SOLUTIONS - SITE 208,5700 U.S. Hwy 17th,,South Bartow,FL,33830,,(863) 533- 2285,,ken.sadenwater@48forty.com; ib@scrapmanagement.com,,N,0,0,
403880,1841,INVOICE,z 48FORTY SOLUTIONS LLC,"5700 U.S. Hwy 17th,",,South Bartow,FL,33830,US,,,ken.sadenwarter@48forty.com; ib@ucsincny.com,,Y,0,NULL,
403881,1842,INVOICE,FT STEWART ARMY BASE,1042 William H Wilson Ave,Bldg 622,Fort Stewart,GA,31314,US,(912) 767-8880,,johnny.n.davis.civ@mail.mil; ibeylin@ucsincny.com; sales2@scrapmanagement.com,(912) 210-6804,Y,0,NULL,
403882,1843,INVOICE,THE PALLET FACTORY,PO Box 181055,,Memphis,TN,38181,US,901-795-8300,,nickroberts@thepalletfactory.com; aa@scrapmanagement.com,,Y,0,NULL,
403883,1844,INVOICE,PYTHONS OF ST CLOUD INC,PO BOX 6175,,St Cloud,MN,56302,,(320) 253-2054,,pythons550@aol.com; jb@ucsincny.com,,Y,0,NULL,
403884,1845,INVOICE,DAK AMERICAS,3216 Cedar Creek Rd,,Fayetteville,NC,28213,,980-308-1342,,mario.garza@alpekpolyester.com; Bobbi.Barefoot@ClearPathRecycling.com; jb@ucsincny.com,704-940-4974,Y,0,NULL,
403885,1846,INVOICE,A PLUS PALLET CO LLC,120 Sun N Sand Rd,,Spartanburg,SC,29303,US,864-573-9173,864-573-9174,apluspalletco@gmail.com; ib@ucsincny.com,864-205-7475,Y,0,NULL,
403886,1848,INVOICE,SIGMA RECYCLING INC,5675 JIMMY CARTER BLVD,SUITE 598,NORCROSS,GA,GA,US,1.678-961-0884,,sanjay.b@srinc.us.com; rks@srinc.us.com; ib@ucsincny.com,,Y,0,NULL,
403887,1292,"WICHITA, KS",INTERNATIONAL PAPER FOR CHS PLASTICS,4300 W 29TH ST CIR S,,Wichita,KS,67215,,843-858-1966,(888) 670-6226,chuck@chsplasticsinc.com,,N,0,0,
403888,1850,INVOICE,RECOLOGY,PO Box 888172,,Los Angeles,CA,90088-8172,US,(530) 681.9728,,tbentley@recology.com; ibeylin@ucsincny.com,,Y,0,NULL,
403889,1850,SEATTLE WA,RECOLOGY,7 S Idaho St,,Seattle,WA,98134,,(206) 519-9829,,tbentley@recology.com; ibeylin@ucsincny.com,206.859.6700,N,0,0,LCrowley@recology.com
403890,1851,INVOICE,FULMER LOGISTICS SERVICES INC,P.O. BOX 202056,,DALLAS,TX,75320-2056,,585-617-5097,877-216-7027,roberth@fulmerls.com,585-953-1179,Y,0,NULL,
403891,1808,"KNOXVILLE, TN",WESTROCK FOR TELFER,1323 Proctor Street,,Knoxville,TN,37921,, (219) 465- 6010, (219) 465-6112,deanhemmersbach@yahoo.com; jb@scrapmanagement.com,,N,0,0,
403892,1782,"ROCHESTER, NY",PALLET SERVICES INC,1681-C Lyell Ave,,Rochester,NY,14606,,(716) 873- 7700,,lellis@palletservicesinc.com; aa@scrapmanagement.com,,N,0,0,
403893,1852,INVOICE,JASPER SALVAGE,610 Clay St,,Jasper,IN,47546,US,(812) 482-2919,,sslindauer@hotmail.com; jb@scrapmanagement.com,,Y,0,NULL,sslindauer@hotmail.com
403894,1853,INVOICE,BLUE OCEAN PLASTICS,5500 Walworth Ave,,Cleveland,OH,44102,US,216-485-3355,,ken.w@blueoceanplastics.net; mark.p@blueoceanplastics.net; ib@ucsincny.com,,Y,0,NULL,
403895,1854,INVOICE,MARCUS PAPER COMPANY,PO Box 8986,,New Haven,CT,6532,,203-934-6351,,marcuspaper@comcast.net; Bob.marcus@comcast.net; rp@ucsincny.com,,Y,0,NULL,
403896,1854,PICK UP ADDRESS,MARCUS PAPER COMPANY,93 Wood St,,West Haven,CT,6516,,203-934-6351,,marcuspaper@comcast.net; Bob.marcus@comcast.net; rp@ucsincny.com,,N,0,0,
403897,1855,INVOICE,PLASTIC WORLD RECYCLING INC,700 lehigh Street,,Palmerton,PA,18071,US,610-598-4100,,Alex@plasticworldrecycling.com; rp@ucsincny.com,,Y,0,NULL,
403898,1845,"FAYETTEVILLE, NC",DAK AMERICAS,3500 Cedar Creek Rd,,Fayetteville,NC,28312,,980-308-1342,,mario.garza@alpekpolyester.com; Bobbi.Barefoot@ClearPathRecycling.com; JB@ucscincny.com,,N,0,0,
403899,1216,"LIVERPOOL, NY",EMPIRE RECYCLING CORP,4642 Crossroads Park Dr,,Liverpool,NY,13088,,(607) 729-1518,,bambi@empirerecycling.com; aa@ucsincny.com,,N,0,0,Bambi Helmer
403900,1856,INVOICE,KEYSTONE POWDERED METAL COMPANY,251 State Street,,St Mary's,PA,15857,US,814-781-4414,,bbauer@keystonepm.com; rp@scrapmanagement.com,,Y,0,NULL,
403901,1857,INVOICE,VANGEL PAPER INC.,3020 Nieman Avenue,,Baltimore,MD,,,(410) 536- 4354,,angelos@vangelinc.com; aa@ucsincny.com,,Y,0,NULL,
403902,1549,"L&S - BAYONNE, NJ",L&S,97 East 2ND Street,Unit C,Bayonne,NJ,7002,,(732) 297-2300,,"hazzo@nuvidaplastics.com, ib@scrapmanagement.com",,N,0,0,
403903,1859,INVOICE,MENARDS DISTRIBUTION CENTER,2623 Eldamain Rd,,Plano,IL,60545,US,(630) 552-2303,,jathomps@menard-inc.com; ibeylin@ucsincny.com,,Y,0,NULL,jathomps@menard-inc.com
403904,1860,INVOICE,MID AMERICA STEEL DRUM COMPANY,3950 S Pennsylvania Ave,,St Francis,WI,53235,US,(262) 930-3238,,dong@masdinc.com; dln@masdinc.com; ibeylin@ucsincny.com,(414) 235-0288,Y,0,NULL,dong@masdinc.com; dln@masdinc.com;
403905,1775,PARKERSBURG WV,STERICYCLE,88 W Airport Industrial Park R,,Parkersburg,WV,26104,US,304-464-1225,847.367.9493,jschultheisz@stericycle.com,304-741-7435,N,0,0,jschultheisz@stericycle.com
403906,1861,INVOICE,METROPOLITAN FIBER / THE PAPER TIGERS,20 N Martingale Rd,Suite 250,Schaumburg,IL,60173,US,312-942-0000,,mschultz@papertigers.com; jb@scrapmanagement.com,,Y,0,NULL,
403907,1862,INVOICE,I-90 REPROCESSING LLC,24104 755th Ave,,Albert Lea,MN,56007,US,507-390-1364,,tvankamp@outlook.com; abuyanovskiy@ucsincny.com,,Y,0,NULL,
403908,1863,INVOICE,MCINTOSH BOX AND PALLET COMPANY,5846 Heritage Landing Drive,,East Syracuse,NY,3057,US,(315) 675-8511,,ledford@mcintoshbox.com; aakopyan@ucsincny.com,,Y,0,NULL,ledford@mcintoshbox.com
403909,1863,DELIVERY ADDRESS,MCINTOSH BOX AND PALLET COMPANY,741 State Route 49,,Bernhards Bay,NY,13028,US,(315) 675-8511 ,,ledford@mcintoshbox.com; aakopyan@ucsincny.com,,N,0,0,
403910,1865,INVOICE,MCNEILLY WOOD PRODUCTS,120 Neelytown Road,,Campbell Hall,NY,10916,US,845-457-9651 XT 302,845-457-4220,dan@mcneillywoodproducts.com,,Y,0,NULL,dan@mcneillywoodproducts.com
403911,1866,INVOICE,HAMILTON POLYMERS COMPANY,10355 NE Valley Rd. #4650,,Rollingbay,WA,98061,US,(484) 245- 4557,,munish@hamiltonpolymers.com; ib@ucsincny.com; abuyanovskiy@ucsincny.com,,Y,0,NULL,
403912,1867,INVOICE,TITAN PALLET COMPANY LLC,1725 Airways Blvd.,,Memphis,TN,38114,US,901.324.6007,,dan@titanpallet.com; kyle@titanpallet.com; ib@ucsincny.com,901.301.2859,Y,0,NULL,<dan@titanpallet.com>
403913,1868,INVOICE,GREENSOUTH RECYCLING,1698 GA-42 N,,Jackson,GA,30233,US,(770) 775-6160 xt 2,,adam@greensouthrecycling.com; sales2@scrapmanagement.com,(678) 395-1999,Y,0,NULL,adam@greensouthrecycling.com
403914,1869,INVOICE,PLASTIC MATERIALS INC,775 E. Highland Rd,,Macedonia,OH,44056,,(330) 468-0184,(330) 468-0315,DKolibab@plasticmaterialsinc.com; ib@ucsincny.com; abuyanovskiy@ucsincny.com,,Y,0,NULL,
403915,1870,INVOICE,HILEX POLY,101 E Carolina Avenue,,Hartville,SC,29550,US,(843) 857-4826,,Bryce.jackson@novolex.com; ib@ucsincny.com,,Y,0,NULL,Bryce.jackson@novolex.com
403916,1870,N VERNON 2ND AVE,HILEX POLY/NOVOLEX,1001 N 2nd St,,North Vernon,IN,47265,US,(812) 346-1066 X 216,,Bryce.jackson@novolex.com,,N,0,0,Bryce.jackson@novolex.com
403917,1871,INVOICE,LAKEWAY PALLET,330 US-25,,Newport,TN,37821,US,(423) 623-6990,,info@lakewaypallet.com; ib@scrapmanagement.com,423-623-6998,Y,0,NULL,<info@lakewaypallet.com>
403918,1831,PRIMARY ADDRESS,"PALOGIX SUPPLY CHAIN SERVICES, LLC.",301 Railroad Ave,,Shiremanstown,PA,17011,US,717-547-6589,,Karen.Kerstetter@palogix.com; rpereira@ucsincny.com,,N,0,0,
403919,1872,INVOICE,WAGRAM PAPER STOCK INC.,21880 2nd. St.,,Wagram,NC,28396,US,(910) 369-2211,,blaviner@windstream.net; sales2@scrapmanagement.com,(910) 318-1068,Y,0,NULL,blaviner@windstream.net
403920,1873,INVOICE,AKROTEX EXTRUSION INC,PO Box 1508,Attn: Deesie Garza,Orange,TX,77630,US,(409) 886-0006,(409) 886-2852,brucebyerly@akrotex.com; sales2@scrapmanagement.com,(409) 670-5480,Y,0,NULL,brucebyerly@akrotex.com
403921,1874,INVOICE,HAMPTON FARMS,6A NM-467,,Portales,NM,88130,US,(575) 359-1454,,jollervides@hamptonfarms.com; ibeylin@ucsincny.com,,Y,0,NULL,jollervides@hamptonfarms.com
403922,1875,INVOICE,FAST GROWING TREES,2621 Old Nation Rd,,Fort Mill,SC,,US,(615) 390- 2686,,jfrolich@fast-growing-trees.com; aa@scrapmanagement.com,,Y,0,NULL,
403923,1876,INVOICE,A TO Z PAWN,121 W White Oak St,,Leitchfield,KY,,US,270-230-7343,,atozpawn84@yahoo.com; sales2@scrapmanagement.com,,Y,0,NULL,
403924,1877,INVOICE,TRI-POWER RECYCLING LLC,1240 Anderson Street,,Elkhart,IN,46514,,574-320-1319,,cindylfifer@gmail.com; jb@ucsincny.com; ib@ucsincny.com,574-848-1900,Y,0,NULL,
403925,1878,INVOICE,PAL-SERV,4100 Platinum Way,,Dallas,TX,75237,,405-672-1155,405-672-1159,Jacob.Folmar@pal-serv.com; sales2@scrapmanagement.com; ibeylin@ucsincny.com,405-915-4558,Y,0,0,
403926,1879,INVOICE,PIVOT TRADING,11601 W Hwy 290,Suite A101393,Austin,TX,78737,,512-748-6604,,mike@pivotplastic.com; ib@ucsincny.com,,Y,0,0,
403927,1879,"PLASTIC SALVAGE - DENISON, TX",PLASTIC SALVAGE,700 W Coffin Street,,Denison,TX,75020,,512-748-6604,,mike@pivotplastic.com,,N,0,0,
403928,1831,EARTH CITY,"PALOGIX SUPPLY CHAIN SERVICES, LLC.",4301 Rider trail north,Suite 500,Earth city,MO,63045,US,314-655-9065 ,,monia.lawrence@palogix.com; rpereira@ucsincny.com,636-288-1209,N,0,0,
403929,1128,221 S UNION,FRANKLIN PLASTICS,221 S Union Street,BLDG 34,Battle Creek,MI,49014,,(269) 966-8851,,travis@franklin-scrap.com; Leslie@franklin-scrap.com; ab@scrapmanagement.com,,N,0,0,
403930,1880,INVOICE,SCRAP MANAGEMENT,1600 Matthews-Mint Hill Rd Suite E,,Matthews,NC,28105,US,(704) 251-8889,,,,Y,0,NULL,
403931,1881,INVOICE,FSI INC,360 Aqua Chem Dr,,Charlotte,NC,28208,US,(704) 596-0555,,<brian@fsiinc.biz>,,Y,0,NULL,<brian@fsiinc.biz>
403932,1882,INVOICE,INDORAMA VENTURES,1764 Wilkinson Street,,Athens,AL,35611,US,(256)-232-3543 X111,,karl.geiger@us.indorama.net; ib@ucsincny.com; abuyanovskiy@ucsincny.com,(256)-777-9773,Y,0,NULL,
403933,1879,"CSQUARE - ARLINGTON, TX",CSQUARE,3703 Ave E,,Arlington,TX,76011,US,512-748-6604,,mike@pivotplastic.com,,N,0,0,
403934,1883,INVOICE,METROPLEX WOOD PALLETS,P.O. Box 21276,,Houston,TX,21276,US,(713) 671 - 9560,(713) 671 - 9536,Info@MetroPlexWood.com; sale2@scrapmanagement.com,,Y,0,NULL,<George@metroplexwood.com>
403935,1883,PRIMARY ADDRESS,METROPLEX WOOD PALLETS,7501 Schneider Street,,Houston,TX,77093,US,(713) 671 - 9560,(713) 671 - 9536,Info@MetroPlexWood.com,,N,0,0,
403936,1884,INVOICE,FORT JACKSON ARMY BASE,3392 Magruder Ave.,DFMWR / Qualified Recycling Program (QRP),Columbia,SC,29207-5608,US,(803) 751-1110,,ernest.b.dicks.naf@mail.mil; sales2@scrapmanagement.com,(803) 521-1644,Y,0,NULL,ernest.b.dicks.naf@mail.mil
403937,1884,Pick-Up Address,FORT JACKSON ARMY BASE,BLDG 5671 Lee Road,,Columbia,SC,29207,US,(803) 751-1110,,dicks.ernest@yahoo.co.uk,,N,0,0,
403938,1879,"CAROLINA RECYCLING, ARLINGTON, TX",CAROLINA RECYCLING,2920 Avenue F,,Arlington,TX,76011,US,512-748-6604,,mike@pivotplastic.com,,N,0,0,
403939,1869,PRIMARY ADDRESS,PLASTIC MATERIALS INC,775 E. Highland Rd,,Macedonia,OH,44056,US,(330) 468-0184,(330) 468-0315,DKolibab@plasticmaterialsinc.com,,N,0,0,
403940,1885,INVOICE,FRYMAN'S RECYCLING,300 E. Railroad St.,,Dowagiac,MI,49047,,269-782-0959,,jerry@frymansrecycling.com; ib@ucsincny.com; jb@scrapmanagement.com,269-208-7073,Y,0,NULL,
403941,1885,"DOWAGIAC, MI",FRYMAN'S RECYCLING,58011 M-51 South,,Dowagiac,MI,49047,,269-782-0959,,jerry@frymansrecycling.com,,N,0,0,
403942,1886,INVOICE,KALUZNY BROTHERS,2324 Mound Rd,,Joliet,IL,60436,,815-729-5068,,kbidispatch@gmail.com; jb@scrapmanagement.com,,Y,0,NULL,
403943,1887,INVOICE,CAROLINA RECYCLE PARTNERS,101 Plum Street,,Belmont,NC,28012,,704-461-1987,,ben@carolinarecycle.com; Toshawood@carolinarecycle.com; ib@ucsincny.com,,Y,0,NULL,
403944,1298,"BRYAN, OH",BRYAN PLASTICS for In-Plas,721 East Edgerton Street,,Bryan,OH,43506,,(877) 413-3899,,plasticscrap@fuse.net; ab@scrapmanagement.com,,N,0,0,
403945,1888,INVOICE,CITY CARTING WESTCHESTER,P.O. Box 339,,Yonkers,NY,10710,US,,,chrisox@ccowny.com; rp@scrapmanagement.com,,Y,0,NULL,
403946,1889,INVOICE,BELL COUNTY RECYCLING CTR,55 Highway 1534,,Pineville,KY,40977,US,(606) 248-7861,,jb_hoskins@yahoo.com; ib@ucsincny.com; sales2@scrapmanagement.com,(606) 670-1137,Y,0,NULL,
403947,1890,INVOICE,FAIRFIELD PROCESSING CORPORATION,PO Box 1157,,Danbury,CT,06813-1157,US,203.797.3023,,Kene@fairfieldworld.com; rp@scrapmanagement.com,,Y,0,NULL,
403948,1890,PICK UP ADDRESS,FAIRFIELD PROCESSING CORPORATION,108 Beaver Brook Road,,Danbury,CT,6810,US,203.797.3023,,Kene@fairfieldworld.com,,N,0,0,
403949,1662,"CLIFTON, NJ",RJ Evercrest,220 Clifton Ave,,Clifton,NJ,7011,,210-612-1162,,lynn@rpm-recycling.com; zwalter@rpm-recycling.com,,N,0,0,
403950,1891,INVOICE,EFS PLASTICS US INC,9 Peach Tree Hill Rd,,Livingston,NJ,7039,US,,,eadaoin.quinn@efs-plastics.ca; ib@ucsincny.com; abuyanovskiy@ucsincny.com,,Y,0,NULL,
403951,1892,INVOICE,CONTAINERS N PALLETS LLC,100 South Stateline Rd,,Pulaski,PA,16143,US,724-856-1847,,anthonyaven@cnpllc.com; rp@scrapmanagement.com,,Y,0,NULL,
403952,1894,INVOICE,POLYONE CORPORATION,3100 North 35th Street,,Terre Haute,IN,47804,US,440 930 3315,,Patricia.sites@polyone.com; abuyanovskiy@ucsincny.com,440 930 3315,Y,0,NULL,Patricia.sites@polyone.com
403953,1895,INVOICE,POLK COUNTY SOLID WASTE RECOVERY MRF,708 8th St. NW,,Fosston,MN,56542,US,218-435-6501,,todd.rue@co.polk.mn.us; jb@scrapmanagement.com,,Y,0,NULL,todd.rue@co.polk.mn.us
403954,1548,MOWHAWK WAREHOUSE,4TH GENERATION RECYCLING INC.,6642 Center Rd,,Saybrook,OH,44004,US,954-306-6901,954-252-3801,SF@4grecycling.com; Dispatch@4GRecycling.com; ib@scrapmanagement.com,,N,0,0,
403955,1896,INVOICE,ADAMS PLASTICS,1125 Carnegie St,,Rolling Meadows,IL,60008,US,708-288-6867,,recycling@adamsplastics.com; ib@ucsincny.com,224-248-8010,Y,0,NULL,jvizconde@adamsplastics.com
403956,1377,WASTE MANAGEMENT -  OKLAHOMA CITY OK,WM RECYCLE AMERICA,5519 NW4th,,Oklahoma City,OK,73127,US,405.949.7564,,msanfil1@wm.com; Chaldeman@wm.com,,N,0,0,
403957,1798,WEST SALEM OH,PRIME WOODCRAFT,8619 Rainbow Highway,,West Salem,OH,44287,US,216-269-9432,,Cprokopy@primewoodcraft.com; ib@scrapmanagement.com,,N,0,0,
403958,1896,PRIMARY ADDRESS,ADAMS PLASTICS,1125 Carnegie St,,Rolling Meadows,IL,60008,US,224-248-8010,,rlevoy@adamsplastics.com,Mike Wu <mwu@adamsplastic,N,0,0,jvizconde@adamsplastics.com
403959,1898,INVOICE,ZANESVILLE PALLET,2235 Liking Rd,,Zanesville,OH,43701,US,7404543700,740-454-3752,Zane@zanesvillepallet.com; ab@scrapmanagement.com,,Y,0,NULL,Zane@zanesvillepallet.com
403960,1900,INVOICE,B & L POLYMER PROCESSING,4330 N 39th Ave,,Phoenix,AZ,85019,US,602-415-9229,,accounting@blpolymer.com; ib@ucsincny.com,,Y,0,NULL,accounting@blpolymer.com
403961,1901,INVOICE,US COLUMBUS TRADE LLC,800 South  Leighton Street,,Kenton,OH,43326,,(614) 266- 0760,,usctrade@yahoo.com; sa@scrapmanagement.com; ab@scrapmanagement.com,,Y,0,NULL,
403962,1902,INVOICE,ENTERPRIZE CONTAINER CORP,Lockbox # 646404,PO BOX 646404,Cincinnati,OH,45264-6404,US,9312700341,,rodney@enterprizecontainer.com; ab@scrapmanagement.com,,Y,0,NULL,
403963,1903,INVOICE,DONCO PAPER SUPPLY COMPANY,737 N Michigan Ave,Suite 1450,Chicago,IL,60611,,312-337-7822,312-337-7891,ib@ucsincny.com,,Y,0,NULL,
403964,1900,PRIMARY ADDRESS,B & L POLYMER PROCESSING,4330 N 39th Ave,,Phoenix,AZ,85019,US,602-415-9229,,accounting@blpolymer.com,,N,0,0,
403965,1745,PRIMARY ADDRESS,WASTE CONNECTIONS OF AZ - TUCSON DIVISION,3755 S. Royal Palm Road,,Apache Junction,AZ,85119,US,(520) 867-6080 ,,Larry@radservices.com; Melissa.H@rightawaydisposal.com; ib@scrapmanagement.com,,N,0,0,
403966,1831,FISHER IN,"PALOGIX SUPPLY CHAIN SERVICES, LLC.",9910 N by Northeast Blvd,Ste. 100,Fishers,IN,46037,US,937-554-1106,,robert.justice@palogix.com,,N,0,0,
403967,1641,WFB WI FILM AND BAG,NOVOLEX,1075 AIrport Road,,Shawano,WI,54166,,715-524-0210,715-524-8051,Dan.Blake@novolex.com; strmaterialinc@gmail.com; Katie.Bohm@novolex.com; ab@scrapmanagement.com,,N,0,0,
403968,1298,"GENTRY, AR",ALTERNATIVE PLASTICS for In-Plas,12579 Pioneer Ln,,Gentry,AR,72734,,479-736-1556,,plasticscrap@fuse.net; ab@scrapmanagement.com,,N,0,0,
403969,1904,INVOICE,HAYES RECYCLED PALLETS,16 Maple St,,Leicester,VT,5733,US,(802) 247-4620 ,,Hayespallets@hotmail.com; ib@ucsincny.com; rp@scrapmanagement.com,,Y,0,NULL,Hayespallets@hotmail.com
403970,1904,PICK UP ADDRESS,HAYES RECYCLED PALLETS,1 Corona St,,Brandon,VT,5733,US,802-247-4620,,Hayespallets@hotmail.com,,N,0,0,
403971,1905,INVOICE,EASTERN RECYCLING SERVICES,7616 Canton Center Drive,,Baltimore,MD,21224,US,410-477-7500,,TClark@ersmd.com; ib@ucsincny.com; aa@ucsincny.com,,Y,0,NULL,TClark@ersmd.com
403972,1905,PRIMARY ADDRESS,EASTERN RECYCLING SERVICES,7616 Canton Center Drive,,Baltimore,MD,21224,US,410-477-7500,,TClark@ersmd.com,,N,0,0,
403973,1907,INVOICE,KELCO RECYCLING INC,6005 Powers Ave.,,Jacksonville,FL,32217,US,904-254-1968,,mike@kelcorecycling.com; ib@ucsincny.com,207-272-5095,Y,0,NULL,mike@kelcorecycling.com
403974,1908,INVOICE,FIBERON,181 Random Drive,,New London,NC,28127,US,704-463-7118,704-463-2161,ray.hampton@fiberondecking.com; ib@ucsincny.com,,Y,0,NULL,accountspayable@fiberondecking.com
403975,1909,INVOICE,ENVIROVISION TECHNOLOGIES LLC,PO Box 1029,,Linwood,NC,27299,,855-333-0133,,jlightner@evtusa.com; ib@ucsincny.com,704-779-0134,Y,0,NULL,
403976,1909,"GASTONIA, NC",ENVIROVISION TECHNOLOGIES LLC,1124 Isley Drive,,Gastonia,NC,28052,,855-333-0133,,jlightner@evtusa.com,,N,0,0,
403977,1908,DELIVERY ADDRESS,FIBERON,44017 US HIGHWAY 52 NORTH,,New London,NC,28127,US,704-463-7118,704-463-2161,ray.hampton@fiberondecking.com,,N,0,0,
403978,1910,INVOICE,HILL BROTHERS LOGISTICS,7850 I Street,,Omaha,NE,68127,US,402-547-1089,402-592-1049,crism@hillbros.com,402-708-6991-AFTERHOURS,Y,0,NULL,crism@hillbros.com
403979,1377,WASTE MANAGEMENT -  NEWARK NJ,WM RECYCLE AMERICA,150 Saint Charles St.,,Newark,NJ,7105,US,716-626-7810,,rmorthor@wm.com,,N,0,0,rmorthor@wm.com
403980,1630,DELIVERY ADDRESS,IRP LOGISTICS LLC,634 W. Oak St.,,Chicago,IL,60610,US,(248) 496-1784,,Jeff@irplogistics.com; ib@ucsincny.com,,N,0,0,
403981,1911,INVOICE,SUNSWEET COMPANY,901 N. Walton Ave,,Yuba City,CA,95991,US,530-674-5010,,gpiper@sunsweet.com; jb@scrapmanagment.com,,Y,0,NULL,
403982,1889,PRIMARY ADDRESS,BELL COUNTY RECYCLING CTR,55 Hwy 1534,,Pineville,KY,40977,US,(606) 248-7861,,jb_hoskins@yahoo.com,,N,1,0,
403983,1912,INVOICE,POLY-PLUS SOLUTIONS INC.,10375 Wooster Street NW,,Massillon,OH,44647,US,,,jgoss07@gmail.com; abuyanovskiy@ucsincny.com,,Y,0,NULL,
403984,1842,PRIMARY ADDRESS,US TREASURY DEPARTMENT - DPW Environmental Division,ATTN: Recycling Section,"1550 Veterans Parkway, Bldg 1137",Fort Stewart,GA,31314-4927,,(912) 767-8880,,johnny.n.davis.civ@mail.mil; ibeylin@ucsincny.com,,N,1,0,
403985,1913,INVOICE,CALCO PALLETS INC,PO Box 1922,,Woodstock,IL,60098,,815-725-5387,815-862-1600,Jeff@usacalco.com; orders@usacalco.com; jb@scrapmanagement.com,,Y,0,NULL,
403986,1914,INVOICE,NORTHLAND PALLET INC,13285 Fenway Blvd N,,Hugo,MN,55038-7453,,(651) 426-9405,,office@northlandpallet.com; markw@northlandpallet.com; ib@ucsincny.com; sales2@scrapmanagement.com,(651) 426-9405,Y,0,NULL,
403987,1798,Moreno Valley Aldi,MORENO VALLEY ALDI,12261 Aldi Place,,Moreno Valley,CA,92555,US,(440) 591-7483,,John.Sullivan@primewoodcraft.com; mani@primewoodcraft.com; ib@scrapmanagement.com,,N,0,0,
403988,1649,Riverside CA,MACO IMPORT & EXPORT INC,?,,Riverside,CA,,,(909) 868-0882,(909) 868-0330,nancy@macorecycling.com; ib@ucsincny.com,626-688-2379,N,0,0,
403989,1913,PRIMARY ADDRESS,Calco Pallets Inc.,1350 Franklin Grove Road,,Dixon,IL,61021,,815-725-5387,815-862-1600,Jeff@usacalco.com; orders@usacalco.com; jb@scrapmanagement.com,,N,0,0,
403990,1298,"RICHMOND, KY",KY RECYCLING FOR IN-PLAS,114 Quality Drive,,Richmond,KY,40475,,(877) 413-3899,,plasticscrap@fuse.net; abuyanovskiy@ucsincny.com,,N,0,0,
403991,1915,INVOICE,EMI RECYCLING,636 Commerce Street,,Stuart,VA,24171,,1-855-559-4364,,,,Y,0,NULL,Stephen_Jackson@emirecycling.com
403992,1873,PRIMARY ADDRESS,AKROTEX EXTRUSION INC,1804 Austin St.,,Orange,TX,77630,US,(409) 886-0006,(409) 886-2852,brucebyerly@akrotex.com; sales2@scrapmanagement.com,,N,0,0,
403993,1916,INVOICE,UBER FREIGHT,PO Box 74007178,,"Chicago,",IL,60674-74007178,,628-203-8567,,shipper-support@uber.com,,Y,0,NULL,shipper-support@uber.com
403994,1917,INVOICE,J T CONTAINER INC,255 Woodford Ave,,Elyria,OH,44035,,(216) 961-0035,(216) 961-5809,dmackall@containercompliance.com; sa@scrapmanagement.com,,Y,0,NULL,
403995,1844,ST CLOUD,PYTHONS OF ST CLOUD INC,550 4 1/2 St. NE,,St Cloud,MN,56304,,(320) 253- 2054,,pythons550@aol.com; jb@ucsincny.com,,N,0,0,
403996,1918,INVOICE,DRUMCO INC,3299 Tulane Rd,,Memphis,TN,38116,US,901-396-6484,,ggunn@drumco.com; chad.headley@greif.com; ibeylin@ucsincny.com,501-353-7435,Y,0,NULL,ggunn@drumco.com
403997,1678,ASLIP IL,KJ PLASTICS INC,5623 W. 115th Street,,Alsip,IL,60803,US,215-361-8222,215-234-4344,steve@kjplasticsinc.com; ib@ucsincny.com; abuyanovskiy@ucsincny.com,,N,0,0,
403998,1917,"ELYRIA, OH",JT CONTAINER,255 Woodford Ave,,Elyria,OH,44035,,(216) 961-0035,(216) 961-5809,dmackall@containercompliance.com; sa@scrapmanagement.com,,N,0,0,
403999,1920,INVOICE,CURBSIDE MANAGEMENT,PO BOX 18722,,Asheville,NC,28814,US,(828) 252-2532,(828) 251-2588,swait@curbie.com; BLawson@Curbie.com; ibeylin@ucsincny.com,,Y,0,NULL,
404000,1920,ASHEVILLE NC,CURBSIDE MANAGEMENT,116 N. Woodfin Avenue,,Asheville,NC,28804,,(828) 252-2532,(828) 251-2588,swait@curbie.com; BLawson@Curbie.com; ibeylin@ucsincny.com,,N,0,0,
404001,1548,TJX - VEGAS,TJ MAX,4100 East Lone Mountain Rd,,North Las Vegas,NV,89081,US,954-306-6901,954-252-3801,SF@4grecycling.com; Dispatch@4GRecycling.com; ib@ucsincny.com,,N,0,0,
404002,1922,INVOICE,ENVIRONMENTAL WASTE RECYCLING INC,8420 Rayson Rd.,,Houston,TX,77080,,786 307 8781,,envwasrec@gmail.com; ib@ucsincny.com,,Y,0,NULL,envwasrec@gmail.com
404003,1879,"WHITEWRIGHT, TX",PIVOT TRADING,2747 Hwy 160,,Whitewright,TX,75491,US,512-748-6604,,mike@pivotplastic.com; ib@ucsincny.com,,N,0,0,mike@pivotplastic.com
404004,1923,INVOICE,SCHUPAN RECYCLING,2225 Glendenning Road,,Kalamazoo,MI,49001,US,708-426-3120,,ekane@schupan.com,,Y,0,NULL,ekane@schupan.com
404005,1924,INVOICE,FV RECYCLING,6184 Hwy 98 W,Suite 210,Hattiesburg,MS,39402,US,(601) 310-6327,,quinten.williams@fvrecycling.com,(601) 522-0337,Y,0,NULL,quinten.williams@fvrecycling.com
404006,1925,INVOICE,SSWA RECYCLING,721 Hwy 43 South,,Tuscumbia,AL,35674,US,(256) 248-4357,,sswarecycling@comcast.net; sales2@scrapmanagement.com,(256) 366-3049,Y,0,NULL,sswarecycling@comcast.net
404007,1299,LONG CREEK,JB PLASTICS,"Carolina Plastics, Inc.",880 Acadamy Blvd,Long Creek ,SC,29658,US,770-331-8443,,jbplastics@woh.rr.com; ib@ucsincny.com; abuyanovskiy@ucsincny.com,,N,0,0,
404008,1923,DC4 PLANT,SCHUPAN RECYCLING,HIGHWAY 431 NORTH,6920 LEWISBURG ROAD,RUSSELLVILLE,KY,42276,US,708-426-3120,,ekane@schupan.com,,N,0,0,
404009,1926,INVOICE,THE REMM GROUP,217 Terrace Hill Street,Unit B10,Brantford,ON,N3R 1G8,CA,(519) 304-8333,,sam@remm.ca,(519) 859-6989,Y,0,NULL,sam@remm.ca
404010,1878,GASTONIA,PAL-SERV,1224 Isley Drive,,Gastonia,NC,28052,US,704-861-6268,405-672-1159,kevin.ryan@pal-serv.com; sales2@scrapmanagement.com; ibeylin@ucsincny.com,,N,0,0,
404011,1811,USPS Mailing Address,AARON INDUSTRIES CORP,PO Box 607,,Leominster,MA,1453,,978-534-6135,978-537-7360,"domd@aaroninc.com, strmaterialinc@gmail.com; ib@ucsincny.com; abuyanovskiy@ucsincny.com",,N,0,0,
404012,1928,INVOICE,AA PALLET INC,900 W. 49th place,,Chicago,IL,60609,,773-536-3699,,marcoaapallets@aol.com; jb@ucsincny.com,773-426-0692,Y,0,NULL,
404013,1929,INVOICE,BIRDSONG PEANUTS,311 Factory St,,Suffolk,VA,23434,US,(757) 539-4151,,dlangston@birdsong-peanuts.com,(757) 514-0134,Y,0,NULL,dlangston@birdsong-peanuts.com
404014,1929,"Franklin, VA",BIRDSONG PEANUTS,31380 General Thomas HWY,,Franklin,VA,23851,US,(757) 562-3177,,dlangston@birdsong-peanuts.com,,N,0,0,
404015,1639,"DES PLAINES, IL",GROOT,55 W Howard Ave,,Des Plaines,IL,60018,,,,NULL,NULL,N,0,0,NULL
404016,1930,INVOICE,SAVANNAH PALLETS,1610 Staley Ave,,Savannah,GA,31405,US,(912) 965-9214,,NULL,NULL,Y,0,NULL,NULL
404017,1932,INVOICE,HEARTLAND RECYCLERS LLC,307 W White Oak Street,,Leitchfield,KY,42754,US,(270) 769-2506,,NULL,NULL,Y,0,0,NULL
404018,1933,INVOICE,CLOVER PLASTICS LLC,1145 Howard Dr.,,West Chicago,IL,60185,US,630.473.6488,,NULL,NULL,Y,0,NULL,NULL
404019,1934,INVOICE,LUNDBERG FAMILY FARMS,5311 Midway,P.O. Box 369,Richvale,CA,95974,US,530-538-3500,,NULL,NULL,Y,0,NULL,NULL
404020,1935,INVOICE,U POLYMERS,1351 E Riverview Drive,,San Bernardino,CA,92408,US,909-693-1453,,NULL,NULL,Y,0,0,NULL
404021,1934,PRIMARY ADDRESS,LUNDBERG FAMILY FARMS,5311 Midway,,,,,,,,NULL,NULL,N,0,0,NULL
404022,1936,INVOICE,ICS CARGO CLEAN,Lockbox 74007518,PO Box 74007518,Chicago,IL,60674-0185,US,,,NULL,NULL,Y,0,NULL,NULL
404023,1937,INVOICE,KENTUCKY RECYCLING,114 Quality Drive,,Richmond,KY,40475,,859-624-9670,,NULL,NULL,Y,0,NULL,NULL
404024,1938,INVOICE,LOUIS MONTELEONE FIBRES LTD,159 E. Main St Suite 300,,New Rochelle,NY,10801,,(718) 378-1313,,NULL,NULL,Y,0,NULL,NULL
404025,1938,PRIMARY ADDRESS,LOUIS MONTELEONE FIBRES LTD,1170 Longwood Ave,,Bronx,NY,10474,, (718) 378-1313,,NULL,NULL,N,0,0,NULL
404026,1939,INVOICE,CENTENNIAL CONTAINER,13105 East 38th Avenue Unit 58,,Denver,CO,80239,,(303) 371-7700,,NULL,NULL,Y,0,NULL,NULL
404027,1940,INVOICE,REVERSE RECYCLING,74 Spring Street,,Southington,CT,6489,,,,NULL,NULL,Y,0,NULL,NULL
404028,1941,INVOICE,COFFEE COUNTY RECYCLING CENTER,101 Wilson St.,,Tullahoma,TN,37388,,931-393-4484,,NULL,NULL,Y,0,0,NULL
404029,1869,"AKRON, OH",PLASTIC MATERIALS INC,868 Talmadge Ave,,Akron,OH,44310,,(330) 468-0184,,NULL,NULL,N,0,0,NULL
404030,1632,PRIMARY ADDRESS,NEXT SPECIALTY RESINS INC,215 N Talbot St.,,Addison,MI,49220,,,,NULL,NULL,N,0,0,NULL
404031,1943,INVOICE,DECATUR RECYCLING DEPT,625 Landfill Drive,VENDOR #4446,Trinity,AL,35673,,,,NULL,NULL,Y,0,NULL,NULL
404032,1482,JCH RANCHO CUCAMONGA CA,"JC HORIZON, LTD",8300 Utica Ave #300,,Rancho Cucamonga,CA,91730,,,,NULL,NULL,N,0,0,NULL
404033,1944,INVOICE,WARRICK COUNTY SWMD,1111 S. Pelzer Road,,Boonville,IN,47601,US,,,NULL,NULL,Y,0,NULL,NULL
404034,1945,INVOICE,ADVANCE PALLET INC,600 Woodbury Street,,South Elgin,IL,60177,,,,NULL,NULL,Y,0,NULL,NULL
404035,1946,FCI SCHUYLKILL/ UNICOR RECYCLING,FCI SCHUYLKILL/ UNICOR RECYCLING,I-81(exit 116) & Rt 901 West,,Minersville,PA,17954,,570-544-7338,,NULL,NULL,Y,0,NULL,NULL
404036,1928,WAREHOUSE CHICAGO,AA PALLET INC,1017 W. 48th street,,Chicago,IL,60609,,,,NULL,NULL,N,0,0,NULL
404037,1831,AUSTELL GA,"PALOGIX SUPPLY CHAIN SERVICES, LLC.",7815 Third Flag PKWY,Suite 150,Austell,GA,30168,US,404.942.5104 ,,NULL,NULL,N,0,0,NULL
404038,1947,INVOICE,LASKO DISTRIBUTION CENTER,300 Confederate Dr,,Franklin,TN,37064,US,615-595-5277,,NULL,NULL,Y,0,NULL,NULL
404039,1879,"LAPOLY - PLYMOUTH, IN",LAPOLY,911 Markley Dr,,Plymouth,IN,46563,,,,NULL,NULL,N,0,0,NULL
404040,1948,INVOICE,CHOICE PLASTICS INC,5338 Shoreline Dr,,Mound,MN,55364,,952-472-3070,,NULL,NULL,Y,0,NULL,NULL
404041,1548,FEDERAL FT WORTH,FEDERAL DALLAS,4300 Diplomacy Rd,Suite 150-A,Fort Worth,TX,76155,,,,NULL,NULL,N,0,0,NULL
404042,1949,INVOICE,POLYCHEM USA INC,132 Central St,,Foxboro,MA,2035,US,,,NULL,NULL,Y,0,NULL,NULL
404043,1950,Centralized Accounts Receivable,"UNICOR, FEDERAL PRISON INDUSTRIES INC",3301 Leestown Road,,Lexington,KY,40511,US,(800) 827-3168,,NULL,NULL,Y,0,NULL,NULL
404044,1951,INVOICE,BARRETTE OUTDOOR LIVING INC,583 Grand Bernier Nord,St-Jean-sur-Richelieu,Quebec,,J3B-8K1,CA,,,NULL,NULL,Y,0,NULL,NULL
404045,1953,INVOICE,GFL ENVIRONMENTAL INC,414 E Hudson Ave,,Romulus,MI,48067,,(734) 721- 0197,,NULL,NULL,Y,0,NULL,NULL
404046,1954,INVOICE,BEDFORD TECHNOLOGY LLC,2424 Armour Rd,PO Box 609,Worthington,MN,56187,,(507)372-5558,,NULL,NULL,Y,0,NULL,NULL
404047,1954,27TH STREET PLANT,BEDFORD TECHNOLOGY LLC,1180 27th Street,,Worthington,MN,56187,,,,NULL,NULL,N,0,0,NULL
404048,1808,VERDECO - TERRE HAUTE IN,Verdeco Midwest Recycling,10535 James Adams Street,,Terre Haute,IN,47802,,Anthony Hernandez,,NULL,NULL,N,0,0,NULL
404049,1955,INVOICE,POLYMER RECYCLING AND CONSULTING,1715 East 10th,,Winfield,KS,67156,,620-222-2117,620-229-9752,NULL,NULL,Y,0,NULL,NULL
404050,1956,INVOICE,NEXT GENERATION PLASTICS,3075 Smith Road,,Fairlawn,OH,44333,,(330) 668-1200,,NULL,NULL,Y,0,NULL,NULL
404051,1958,INVOICE,PACKAGING PARTNERS LTD,10700 W. Venture Dr,,Franklin,WI,54751,US,,,NULL,NULL,Y,0,NULL,NULL
404052,1959,INVOICE,MIDDLE BAY TRANSPORTATION,P.O. BOX 745020,,ATLANTA,GA,30374,,980.349.7500 ,,NULL,NULL,Y,0,NULL,NULL
404054,1960,INVOICE,EXTERA,PO BOX 4148,,Mooresville,NC,28117,US,(704) 218-0260,,NULL,NULL,Y,0,NULL,NULL
404055,(INV),SKY RECYCLING,NULL,NULL,NULL,NULL,NULL,NULL,NULL,NULL,NULL,NULL,NULL,N,NULL,NULL,NULL
404056,1961,INVOICE,SI KOTE TECHNOLOGIES,3425 Denver Dr,,DENVER,NC,28037,,704-906-0189,,NULL,NULL,Y,0,NULL,NULL
404057,1963,INVOICE - GREIF RECEIVABLES FUNDING,GREIF,PO Box 734739,,Chicago,IL,60673-4739,,(615) 330-2185,,NULL,NULL,Y,0,NULL,NULL
404058,1965,INVOICE,DRS RECYCLING,563 Lancaster St,,Leominster,MA,1453,US,978-728-4037,,NULL,NULL,Y,0,NULL,NULL
404059,1966,INVOICE,FRANKLIN PALLET RECYCLING,116 Ogles Ave,,Franklin,KY,42134,,(270) 776-0604,,NULL,NULL,Y,0,NULL,NULL
404060,1967,INVOICE,FOAM PACK INDUSTRIES,72 Fadem Road,,Springfield,NJ,7081,,(908) 208-1949,,NULL,NULL,Y,0,NULL,NULL
404061,1137,"FREMONT, IN",PADNOS,803 S Reed Road,,Fremont,IN,46737,,,,NULL,NULL,N,0,0,NULL
404062,1968,INVOICE,SPROUT,613 Bond Street,,Statesville,NC,28677,,(704) 873-8878,,NULL,NULL,Y,0,NULL,NULL
404063,1831,Shiremantown,"PALOGIX SUPPLY CHAIN SERVICES, LLC.",301 Railroad Ave,ste. 200,Shiremanstown,PA,17011,US,,,NULL,NULL,N,0,0,NULL
404064,1971,INVOICE,PALKING INC,PO Box 442264,,Jacksonville,FL,32222,,(904) 358- 7135,,NULL,NULL,Y,0,NULL,NULL
404065,1971,OLD KINGS ROAD - JAX,PALKING INC,8220 Old Kings Rd,,Jacksonville,FL,32219,,(904) 358- 7135,,NULL,NULL,N,0,0,NULL
404066,1972,INVOICE,HILTON DISPLAYS,125 Hillside Dr,,Greenville,SC,29607,,800-353-9132,,NULL,NULL,Y,0,NULL,NULL
404067,1973,INVOICE,CARAUSTAR - COLUMBUS,PO Box 734739,,Chicago,IL,60673,,(614) 529- 5535,,NULL,NULL,Y,0,NULL,NULL
404068,1973,"COLUMBUS, OH",CARAUSTAR RECYCLING - LM,3024 Charter Street,,Columbus,OH,43228,US,(614) 529- 5535,,NULL,NULL,N,0,0,NULL
404069,1923,REAL ALLOY RECYCLING INC,REAL ALLOY RECYCLING INC,805 GARDNER LANE,,Morgantown,KY,42261,,,,NULL,NULL,N,0,0,NULL
404070,1974,INVOICE,ADVANCED IMPACT TECHNOLOGIES INC,2310 Starkey Rd,,Largo,FL,33771,,727 287 4620,,NULL,NULL,Y,0,NULL,NULL
404071,1975,INVOICE,HODGE DISTRIBUTION & LOGISTICS,2075 Lynette Drive,,Sumter,SC,29154,,803-506-2975,,NULL,NULL,Y,0,0,NULL
404072,1976,INVOICE,CATAWBA PLASTICS,3007 Pickney Road,,CHESTER,SC,29706,US,(803) 581-5855,,NULL,NULL,Y,0,NULL,NULL
404073,1975,PRIMARY ADDRESS,HODGE DISTRIBUTION & LOGISTICS,187 S Lafayette Dr.,,Sumter,SC,29150,,,,NULL,NULL,N,0,0,NULL
404074,1101,"Green Line Polymers, Inc.","Green Line Polymers, Inc.",22793 Rte. 66 N,,Shippenville,PA,16254,US,814-226-3939,,NULL,NULL,N,0,0,NULL
404075,1977,INVOICE,LTI SMARTGLASS,14 Federico Dr,,Pittsfield,MA,1201,,413-637-5001,,NULL,NULL,Y,0,NULL,NULL
404076,1980,INVOICE,KENTUCKY SOUTH RECYCLING,P.O. Box 40,,Eubank,KY,42567,,606-379-0568,606-379-0569,NULL,NULL,Y,0,NULL,NULL
404077,1980,PRIMARY ADDRESS,KENTUCKY SOUTH RECYCLING,1025 Liberty Road,,Eubank,KY,42567,,,,NULL,NULL,N,0,0,NULL
404078,1981,INVOICE,POLYSOURCE INC,PO Box 916,555 E Statler Rd,Piqua,OH,45356,,937-778-9500,,NULL,NULL,Y,0,NULL,NULL
404079,1936,CINCINNATI OH,ICS CARGO CLEAN,7324 Paddock Rd.,,Cincinnati,OH,45216,US,513-921-8811,,NULL,NULL,N,0,0,NULL
404080,1983,INVOICE,BEDFORD ENTERPRISES INC.,1940 West Betteravia Road,,Santa Maria,CA,93458,,(805) 922-4977,,NULL,NULL,Y,0,NULL,NULL
404081,1417,WAREHOUSE,"RECYCLING WORKS, INC.",2608 Almac Ct,,Elkhart,IN,46514,US,,,NULL,NULL,N,0,0,NULL
404082,1915,PICK UP ADDRESS,EMI RECYCLING,1010 Mary Hunter Dr,,Bassett,VA,24055,,1-855-559-4364,,,NULL,N,0,0,NULL
404083,1984,INVOICE,ZACK'S RECYCLING,708 Fillmore St,,Napolean,OH,43545,,(419) 592-4791,,NULL,NULL,Y,0,NULL,NULL
404084,1963,"Mt Juliet, TN",UNDER ARMOUR,13 Athletes Way,,Mt Juliet,TN,37122,,,,NULL,NULL,N,0,0,NULL
404085,1843,PICK UP LOCATION,THE PALLET FACTORY,3740 Arnold Rd,,Memphis,TN,38118,,,,NULL,NULL,N,0,0,NULL
404086,(INV),HODGE DISTRIBUTION & LOGISTICS,NULL,NULL,NULL,NULL,NULL,NULL,NULL,NULL,NULL,NULL,NULL,N,NULL,NULL,NULL
404087,1985,INVOICE,EASCO BROKERAGE,2216 Angling Road,,Corfu,NY,14036,US,585-762-9080,,NULL,NULL,Y,0,NULL,NULL
404088,1986,INVOICE,Trigon Plastics LLC,172 Orlan Road,,New Holland,PA,17557,US,(717) 572-8650,,NULL,NULL,Y,0,NULL,NULL
404090,1987,INVOICE,PATRICK INDUSTRIES INC,107 W. Franklin St., P.O. Box 638,Elkhart,IN,46515,,800-331-2151,574-522-5213,NULL,NULL,Y,0,NULL,NULL
404091,1987,PRIMARY ADDRESS,ADORN Plant #140,57420 Nagy Dr.,PO BOX 638,Elkhart,IN,46574,,574-295-5223,574-295-9998,NULL,NULL,N,0,0,NULL
404092,1941,P&M SERVICES,P&M SERVICES,705 Lakeway Place,,Tullahoma,TN,37388,,,,NULL,NULL,N,0,0,NULL
404093,1988,INVOICE,CITY OF PLAINVIEW,1018 E 4th Street,,Plainview,TX,79072,,,,NULL,NULL,Y,0,NULL,NULL
404094,1989,INVOICE,C & J PALLET CO,107 Swett Ave,,Americus,GA,31709,,(229) 928-0491,,NULL,NULL,Y,0,0,NULL
404095,1990,INVOICE,PLASTIC PALLET PRODUCTION,4100 Platinum Way,,Dallas,TX,75237,,(972) 850-5050,,NULL,NULL,Y,0,NULL,NULL
404096,1991,INVOICE,APPERTAIN CORP,302 Eighth St.,,Pulaski,TN,38478,,,,NULL,NULL,Y,0,NULL,NULL
404097,1992,INVOICE,B SCHOENBERG & COMPANY,345 Kear Street,,Yorktown,NY,10598,,914-962-1200,,NULL,NULL,Y,0,NULL,NULL
404098,1993,INVOICE,FRICKS PALLET COMPANY,101 Go Forth Road,,Ft. Worth,TX,76126,US,817-551-5607,,NULL,NULL,Y,0,NULL,NULL
404099,1994,INVOICE,DMS RECYCLING LLC,350 PITTSBURGH AVE,,MT VERNON,OH,43050,US,740-397-0790,,NULL,NULL,Y,0,NULL,NULL
404100,1292,"SOUTH BRUNSWICK, NJ",GDB,461 Ridge Rd,,South Brunswick,NJ,8852,US,,,NULL,NULL,N,0,0,NULL
404101,1995,INVOICE,DYNAMIC WASTE SYSTEMS INC,PO Box 346,,Essex,MA,1929,,978-768-7195,,NULL,NULL,Y,0,NULL,NULL
404102,1995,PICKUP LOCATION,DYNAMIC WASTE SYSTEMS INC.,21 Clark Street,,North Andover,MA,1845,,978-768-7195,,NULL,NULL,N,0,0,NULL
404103,1803,"BIGLERVILLE, PA - SITE 204",48 FORTY SOLUTIONS,3177 Biglerville Rd,,Biglerville,PA,17307,US,717.677.9535 X 2042,,NULL,NULL,N,0,0,NULL
404104,1804,"INDIANAPOLIS, IN - SITE 316",48 FORTY SOLUTIONS - SITE 316,606 West Troy Ave.,,Indianapolis,IN,46225,US,317-780-0700,,NULL,NULL,N,0,0,NULL
404105,1612,"SCOTT CITY, MO",Buchheit Warehouse,600 Daugherty St.,,Scott City,MO,63780,,,,NULL,NULL,N,0,0,NULL
404106,1228,WYOMING MI,INDIGO PLASTICS INC,3710 Roger B. Chaffee Memorial Drive SE ,,Wyoming,MI,49548,US,,,NULL,NULL,N,0,0,NULL
404107,1299,"MT VERNON, OH",BlackHorse Recycling c/o DMS recycling,350 Pittsburgh Ave,,Mt Vernon,OH,43050,,,,NULL,NULL,N,0,0,NULL
404108,1466,"ARAB, AL",AR RECYCLING LLC,1951 Guntersville Rd,,Arab,AL,35016,,,,NULL,NULL,N,0,0,NULL
404109,1996,INVOICE,EAST WEST TRADING LLC,505 S 22nd St,,East St Louis,IL,62207,US,,,NULL,NULL,Y,0,NULL,NULL
404110,1997,INVOICE,GLOBAL POLYMER NETWORK LLC,1405 Braxton Rd,,Libertyville,IL,60048,US,(224) 563-7538,,NULL,NULL,Y,0,NULL,NULL
404111,1998,INVOICE,BLUE RIDGE PALLET LLC,17 Commonwealth Dr.,PO Box 147,Lyndhurst,VA,22952,,(540) 949-5881,,NULL,NULL,Y,0,NULL,NULL
404112,1999,INVOICE,A-1 PALLET CO,PO Box 2366,,Clarksville,IN,47131-2366,US,812-288-6339,812-413-0617,NULL,NULL,Y,0,NULL,NULL
404113,1999,PICK UP LOCATION,A-1 PALLET CO,1507 Progress Way,,Clarksville,IN,47129,,,,NULL,NULL,N,0,0,NULL
404114,2000,INVOICE,FOX PLASTIC,247 Cleghorn,,St.Lambert QC,,J4R 2J5,CA,,,NULL,NULL,Y,0,NULL,NULL
404115,2000,WAREHOUSE,FOX PLASTIC,4753 Boulevard des Grandes Prairies,"Saint Leonard, Qc ",,,H1R 1A5,CA,514-581-0845,,NULL,NULL,N,0,0,NULL
404116,2001,INVOICE,ARCH POLYMERS INC,300 Progress Way,,Bellefontaine,OH,43311,,(614) 437-5588,,NULL,NULL,Y,0,NULL,NULL
404117,2002,INVOICE,MIDWEST FIBRE SALES CORP,PO Box 825,,Springfield,MO,65801,,417-862-1976,,NULL,NULL,Y,0,NULL,NULL
404118,2002,"SPRINGFIELD, MO",MIDWEST FIBRE SALES,911 N. Farm Rd. 123,,Springfield,MO,65802,,,,NULL,NULL,N,0,0,NULL
404119,1548,"IN-LINE - MCDONOUGH, GA",IN-LINE PLASTICS,100 Constitution Dr,,McDonough,GA,30253,,,,NULL,NULL,N,0,0,NULL
404120,2003,INVOICE,STEIN SERVICE & SUPPLY LLC,1301-G Westinghouse Blvd,,Charlotte,NC,28273,,(888)-587-9558,(704)-583-1722,NULL,NULL,Y,0,NULL,NULL
404121,2004,INVOICE,HOX RECYCLING INC,53671 Township Rd 508,,Fresno,OH,43824,,(330) 674- 6868,,NULL,NULL,Y,0,NULL,NULL
404122,1548,"ALDI - PETERSBURG, VA","ALDI - PETERSBURG, VA",6801 Aldi Way,,Petersburg,VA,23803,,954-306-6901,,NULL,NULL,N,0,0,NULL
404123,1508,"ALDI - OFALLON, MO",ALDI,475 Pearl Drive,,OFallon,MO,63366,,(815) 800-5193,,NULL,NULL,N,0,0,NULL
404124,1415,Indianapolis,QUINCY RECYCLE PAPER,258 South Kittley Ave,,Indianapolis,IN,46219,US,317-268-2280,,NULL,NULL,N,0,0,NULL
404125,1508,BELVIDERE PLANT,NORTHWEST PALLET SUPPLY,3648 Morreim Drive,,Belvidere,IL,61008,,815-544-6001 x2301,,NULL,NULL,N,0,0,NULL
404126,1257,DUNCAN SC,PRATT INDUSTRIES,255 Morley Ct,,Duncan,SC,29334,,,,NULL,NULL,N,0,0,NULL
404127,1257,"CONYERS, GA",PRATT INDUSTRIES,1599 Hwy 138,,Conyers,GA,30013,,(678) 607-1011,(678) 806-4497,NULL,NULL,N,0,0,NULL
404128,2005,INVOICE,HGD WASTE,1054 Kansas St,,Memphis,TN,38106,,(901) 849-4017,,NULL,NULL,Y,0,NULL,NULL
404129,2006,INVOICE,MARGLEN INDUSTRIES,1748 Ward Mountain Rd NE,,Rome,GA,30161,,(706) 295-5621,,NULL,NULL,Y,0,NULL,NULL
404130,2007,INVOICE,FEDEX,6600 CSX Way,,Charlotte,NC,28214,,,,NULL,NULL,Y,0,NULL,NULL
404131,1292,"BALTIMORE, MD (ENCORE)",ENCORE RECYCLING,13211 Konterra Drive,,Laurel,MD,20707,,,,NULL,NULL,N,0,0,NULL
404132,1548,"MORRISTOWN, TN",TEAM TECHNOLOGIES,190 Pope Road,,Morristown,TN,37814,,,,NULL,NULL,N,0,0,NULL
404133,2003,PRIMARY ADDRESS,STEIN SERVICE & SUPPLY LLC,5101-B Terminal Street,,Charlotte,NC,28208,,,,NULL,NULL,N,0,0,NULL
404134,2010,INVOICE,GLOBAL RECOVERY LLC,139 Pioneer Gym Rd,,Harleyville,SC,29448,,,,NULL,NULL,Y,0,NULL,NULL
404135,2011,INVOICE,PALLET CONSULTANTS OF ATLANTA,2555 Moreland Ave. SE,,Atlanta,GA,30315,,,,NULL,NULL,Y,0,NULL,NULL
404136,2010,PICK-UP LOCATION,Le Cruset,114 Bob Gifford Blvd,,Early Branch,SC,29916,,,,NULL,NULL,N,0,0,NULL
404137,2012,INVOICE,RECYCLING CONCEPTS INC,5015 52nd St.,,Grand Rapids,MI,49512-9638,,,,NULL,NULL,Y,0,NULL,NULL
404138,2013,INVOICE,ROBERT WALLICK ASSOCIATES LLC,531 Susan B Britt Ct,,Winter Garden,FL,34787,,(407) 656-5060,,NULL,NULL,Y,0,NULL,NULL
404139,2014,INVOICE,WASTE RECYCLING,824 N. Decatur St.,,Montgomery,AL,36104,,404-430-6697,,NULL,NULL,Y,0,NULL,NULL
404140,2015,INVOICE,RAM - RECOVERED ASSET MANAGEMENT,16400 S. Lathrop,,Harvey,IL,60426,,708-331-6711,,NULL,NULL,Y,0,NULL,NULL
404141,1508,PRIMARY ADDRESS,NORTHWEST PALLET SUPPLY,PO BOX 208372,,DALLAS,TX,75320-8372,,,,NULL,NULL,N,1,0,NULL
404142,1902,LEWISBURG TN,ENTERPRIZE CONTAINER CORPORATION,671 Garrett Pkwy,,Lewisburg,TN,37091,,(931) 270 0341,,NULL,NULL,N,0,0,NULL
404143,1775,WINSTON SALEM NC,STERICYCLE,3775 Industrial Dr,,Winston Salem,NC,27105,,,,NULL,NULL,N,0,0,NULL
404144,1700,SIDNEY OH,INDUSTRIAL RECYCLERS,2640 Campbell Rd,,Sidney,OH,45365,,937-821-4020,,NULL,NULL,N,0,0,NULL
404145,2016,INVOICE,POLY PLUS SOLUTIONS LLC,10375 Wooster St NW,,Massillon,OH,44647,US,330-353-2753,,NULL,NULL,Y,0,NULL,NULL
404146,2017,INVOICE,NELSON CO,2588 Heart Dr,,Conover,NC,28613,,(828) 358-6800,,NULL,NULL,Y,0,NULL,NULL
404147,2018,INVOICE,48FORTY SOLUTIONS  LLC,PO BOX 849729,,Dallas,TX,75284-9729,,,,NULL,NULL,Y,0,NULL,NULL
404148,2018,FAYETTEVILLE AR,"48FORTY SOLUTIONS, LLC","1652 S Fred Hanna Dr ,",,Fayetteville,AR,72701,,,,NULL,NULL,N,0,0,NULL
404149,1689,"ZELLWOOD, FL","RECYCLING SERVICES OF FLORIDA, INC",6161 Jones Ave.,,Zellwood,FL,32798,,407-296-6397,,NULL,NULL,N,0,0,NULL
404150,1232,"GARDNER, KS",MARCK INDUSTRIES INC,800 N. Center St.,,Gardner,KS,66030,,,,NULL,NULL,N,0,0,NULL
404151,2019,INVOICE,BIRCH RECYCLING,18822 N Highway 169,,St Joseph,MO,64503,,(816) 210-4658,,NULL,NULL,Y,0,NULL,NULL
404152,1662,"ACE PLASTIC, IL",ACE PLASTIC,7942 North 3350 East Rd,,Chatsworth,IL,60921,,,,NULL,NULL,N,0,0,NULL
404153,1548,"SAREPTA, LA",INTEGRICO COMPOSITES FOR 4G,108 Inducto Way,,Sarepta,LA,71071,,954-306-6901,,NULL,NULL,N,0,0,NULL
404154,1508,"KELLER, TX",Kroger Distribution Center Warehouse,5801 Kroger Dr,,Keller,TX,76244,,,,NULL,NULL,N,0,0,NULL
404155,1109,"ALLENDALE, MI",ENPOL / WESTLAND SERVICES,5224 Rich St,,Allendale,MI,49401,,,,NULL,NULL,N,0,0,NULL
404156,2020,INVOICE,KAL POLYMERS AMERICA LLC,4350 Avery Drive,Suite 102,Flowery Branch,GA,30542,,770-965-8970,,NULL,NULL,Y,0,NULL,NULL
404157,2021,INVOICE,LOPEZ SCRAP METAL,"2160 Harbor St,",,Houston,TX,77020,,915-240-9666,,NULL,NULL,Y,0,NULL,NULL
404158,2022,INVOICE,INTEGRICO COMPOSITES,108 Inducto Way,,Sarepta,LA,71071,,(318) 639-3200,,NULL,NULL,Y,0,NULL,NULL
404159,1429,"NEW PICK UP  - FRANKFORT, IN",TRANSFER SYSTEM & WAREHOUSING (INDIANA),851 McKinley Ave,,Frankfort,IN,46041,,(765) 654-5070,,NULL,NULL,N,0,0,NULL
404160,2023,INVOICE,JC PALLET CO INC,501 E Elm St,,Bladenboro,NC,28320,, (910) 863-3660,,NULL,NULL,Y,0,NULL,NULL
404161,2024,INVOICE,VEPAR LLC,PO BOX 2376,,Frazer,PA,19355,US,,,NULL,NULL,Y,0,NULL,NULL
404162,2024,PICK UP ADDRESS,VEPAR LLC,900 W Bridge St,,Spring City,PA,19475,US,,,NULL,NULL,N,0,0,NULL
404163,2026,INVOICE,CHOCTAW NATION RECYCLING CENTER,3108 Enterprise Drive,,Durant,OK,74701-1922,,(580) 920-0488,,NULL,NULL,Y,0,NULL,NULL
404164,1548,"BELLVUE, WA",SWIRE COCA-COLA,1150 124th Avenue NE,,Bellevue,WA,98005,,,,NULL,NULL,N,0,0,NULL
404165,2027,INVOICE,TAMCO MFG / US PLASTICS,1390 Neubrecht Rd,,Lima,OH,45801,,(800) 303-5995,,NULL,NULL,Y,0,NULL,NULL
404166,2028,INVOICE,MERLIN PLASTICS,616-58th Avenue S.E.,,Calgary,,AB T2H 0P8,CA,403-259-6637,,NULL,NULL,Y,0,NULL,NULL
404167,2029,INVOICE,FCC ENVIRONMENTAL SERVICES,5200 Simpson Stuart Rd,,Dallas,TX,75241,,(469) 620-0971,,NULL,NULL,Y,0,NULL,NULL
404168,2029,"HOUSTON, TX",FCC ENVIRONMENTAL SERVICES,9172 Ley Rd,,Houston,TX,77078,,,,NULL,NULL,N,0,0,NULL
404169,2030,INVOICE,USEDCARDBOARDBOXES.COM,4032 Wilshire Blvd. #402,,Los Angeles,CA,90010,,323-724-2500,,NULL,NULL,Y,0,NULL,NULL
404170,2031,INVOICE,EARTHMINDED,142 Technology Drive,,Arkadelphia,AK,71923,,(870) 230-8800,,NULL,NULL,Y,0,NULL,NULL
404171,2032,INVOICE,AKT LOGISTICS LLC,PO Box 2166,,Richmond,KY,40476,,859-624-9670,,NULL,NULL,Y,0,NULL,NULL
404172,1137,GRAND RAPIDS,PADNOS,1060 Hall Street,,Grand Rapids,MI,49503,,(616) 392-6961,,NULL,NULL,N,0,0,NULL
404173,2033,INVOICE,TRANSEND LOGISTICS,PO BOX 6232,,CAROL STREAM,IL,60197,,(312) 549-4470,,NULL,NULL,Y,0,NULL,NULL
404174,2034,INVOICE,HIGH SPEED TRIPLE T TRUCKING LCC,7932 Normandy Ave,,Burbank,IL,60459,,,,NULL,NULL,Y,0,NULL,NULL
404175,2035,INVOICE,ACE PLASTIC,7942 North 3350 East Rd,,Chatsworth,IL,60921,,815-635-3737,815-635-3736,NULL,NULL,Y,0,NULL,NULL
404176,2036,INVOICE,ALLAN COMPANY,13 Athletes Way,,Mt Juliet,TN,37122,,,,NULL,NULL,Y,0,NULL,NULL
404177,2023,PRIMARY ADDRESS,JC PALLET CO INC,PO Box 277,,Barhamsville,VA,23011-0277,,,,NULL,NULL,N,1,0,NULL
404178,1641,"NORTH VERNON, IN",NVR - RECYCLING,999 N MADISON AVE,,North Vernon,IN,47265,,,,NULL,NULL,N,0,0,NULL
404179,1963,"CHARLOTTE, NC",GREIF,4915 Hovis Road,,Charlotte,NC,28208,,704-756-7933,,NULL,NULL,N,0,0,NULL
404180,1216,"CLAY, NY","O.F.K. Wood, Inc.",4600 Weller Canning Road,,Clay,NY,13041,US,(315) 447-4908,,NULL,NULL,N,0,0,NULL
404181,2037,INVOICE,RECYCLING ASSOCIATES LLC,2424 Norwood St SW,,Lenoir,NC,28645,,,,NULL,NULL,Y,0,NULL,NULL
404182,1925,PRIMARY ADDRESS,SSWA RECYCLING,P O Box 408,,"Tuscumbia,",AL,35674,,,,NULL,NULL,N,1,0,NULL
404183,1678,"STONESVILLE, NC",OTR,6190 Hwy 220 North,,Stonesville,NC,27048,,(215) 361-8222,,NULL,NULL,N,0,0,NULL
404185,2038,INVOICE,Universal Commodity Services Inc,3165 Bush Dr,,Nashville,TN,12345,,(615) 280-8682,,NULL,NULL,Y,0,NULL,NULL
404186,1290,PRIMARY ADDRESS,BRIAN POLLACK,8718 Ackman Rd,,Crystal Lake,IL,60014,,,,NULL,NULL,N,1,0,NULL
404187,1508,"MESQUITE, TX",FEDEX MESQUITE ZMES 755,5005 SAMUELL BLVD,,Mesquite,TX,75149,,,,NULL,NULL,N,0,0,NULL
404188,2019,PRIMARY ADDRESS,Pen Sales LLC,PO Box 14380,,KANSAS CITY,MO,64152,,,,NULL,NULL,N,1,0,NULL
404189,2014,"ANNISTON, AL",WASTE RECYCLING,1100 W 10th St,,Anniston,AL,36201-5420,,,,NULL,NULL,N,0,0,NULL
404190,2039,INVOICE,COLLINS PALLET RECYCLING,1584 Blaine St,,Gary,IN,46406,,219-292-3389,,NULL,NULL,Y,0,NULL,NULL
404191,2040,INVOICE,WEBB PALLET SERVICE,16640 Jordan Ave,,Jordan,MN,55352,,,,NULL,NULL,Y,0,NULL,NULL
404192,2041,INVOICE,GREENVIEW MATERIALS INC,1800 W Rogers Ave,,Appleton,WI,54914,,,,NULL,NULL,Y,0,NULL,NULL
404193,2041,"APPLETON, WI",W Warehousing LLC,1800 W. Rogers Ave,,Appleton,WI,54914,,,,NULL,NULL,N,0,0,NULL
404194,1108,"EAST JORDAN, MI","EAST JORDAN PLASTICS, INC",6400 M-32 HIGHWAY,,East Jordan,MI,49727,,,,NULL,NULL,N,0,0,NULL
404195,1508,ALDI - MORENO VALLEY,ALDI - Moreno Valley (CA),12261 Aldi Place,,Moreno Valley,CA,92555,,(815) 547–0319,,NULL,NULL,N,0,0,NULL
404196,2042,INVOICE,MID AMERICA PAPER RECYCLING,3865 W. 41st Street,,Chicago,IL,60632,,(312) 989-6744,,NULL,NULL,Y,0,NULL,NULL
404197,2042,"ROSEVILLE, MN",INTERNATIONAL PAPER,2425 Terminal Road,,Roseville,MN,55113,,,,NULL,NULL,N,0,0,NULL
404198,1307,VERSAILLES RD,MONTGOMERY RECYCLING,1229 Versailles Rd,,Lexington,KY,40508-3117,,(859) 621-2616,,NULL,NULL,N,0,0,NULL
404199,2043,INVOICE,STAT INC,2550 Hickory Blvd. SW,,Lenoir,NC,28645,,828) 396-2304,,NULL,NULL,Y,0,NULL,NULL
404200,1630,"BARBERTON, OH",Integrity Processing,1055 Wooster Road North,,Barberton,OH,44203,,,,NULL,NULL,N,0,0,NULL
404201,1307,"GEORGETOWN, KY",MONTGOMERY RECYCLING,793 Lemons Mill Rd.,,Georgetown,KY,40324,,(859) 621-2616,,NULL,NULL,N,0,0,NULL
404202,2044,INVOICE,PREZERO US SERVICES LLC,3155 South 5th Ave,,Oroville,CA,95965,US,(619) 608-6057,,NULL,NULL,Y,0,NULL,NULL
404203,2046,INVOICE,OMNISOURCE ELECTRONICS RECYCLING,219 Murray St.,,Fort Wayne,IN,46803,,(260) 456- 0512,,NULL,NULL,Y,0,NULL,NULL
404204,2047,INVOICE,HUCK'S PIGGYBACK SERVICE,1200 W Craighead Rd,,Charlotte,NC,28206,,(704) 596-9153,,NULL,NULL,Y,0,NULL,NULL
404205,1879,"CAROLINA RECYCLE - ENNIS, TX",CAROLINA RECYCLE,2501 Brombeck,,Ennis,TX,75119,,512-748-6604,,NULL,NULL,N,0,0,NULL
404206,2049,INVOICE,GREEN WORKS INC,109-111 Newbury Street,,Peabody,MA,1960,,978-854-6852,,NULL,NULL,Y,0,NULL,NULL
404208,2050,INVOICE,HPJ INDUSTRIES,PO Box 860,,Bowling Green,OH,43402,,(814) 229-2336,,NULL,NULL,Y,0,NULL,NULL
404210,2051,INVOICE,REHRIG PACIFIC COMPANY,4010 East 26th Street,,Los Angeles,CA,90058,,(800) 421-6244,(323) 269-8506,NULL,NULL,Y,0,NULL,NULL
404211,2051,"PICK-UP LOCATION, PETERSBURG VA",Rehrig Penn Logistics LLC,25410 Weakley Rd,,Petersburg,VA,23803,,(804) 733-9411,,NULL,NULL,N,0,0,NULL
404212,2052,INVOICE,PLASTIC RECYCLERS,715 Harris St.,,Springdale,AR,72764,US,,,NULL,NULL,Y,0,NULL,NULL
404213,1323,"ALBUQUERQUE, NM","MASTER FIBERS, INC",5109 Edith Blvd,,Albuquerque,NM,87107,,(505) 345-6413,,NULL,NULL,N,0,0,NULL
404214,2031,PRIMARY ADDRESS,DRUMCO,26978 NETWORK PLACE,,CHICAGO,IL,60673,,,,NULL,NULL,N,1,0,NULL
404215,2054,INVOICE,VIKOZ ENTERPRISES INC,"1270 E, Siesta Dr",,Sandy,UT,84093,US,,,NULL,NULL,Y,0,NULL,NULL
404216,2055,INVOICE,MAUSER PACKAGING,P.O. Box 7410054,,CHICAGO,IL,60674-0185,,336-637-1408,(336) 349-2861,NULL,NULL,Y,0,NULL,NULL
404217,2055,"CLEVELAND, OH",MAUSER PACKAGING,3972 Hamilton Ave,,Cleveland,OH,44144,,(216) 361-8955,,NULL,NULL,N,0,0,NULL
404218,2046,"SEYMOUR, IN",OMNISOURCE - IN,2209 Killion Ave,,Seymour,IN,47274,,,,NULL,NULL,N,0,0,NULL
404219,2026,PRIMARY ADDRESS,CHOCTAW NATION RECYCLING CENTER,AB#55,PO BOX 1210,DURANT,OK,74702,,,,NULL,NULL,N,1,0,NULL
404220,1772,"LANCASTER, TX",IGPS LOGISTICS LLC,3900 N. Dallas Ave. Ste. 300,,LANCASTER,TX,75134,,(469) 291-6500,,NULL,NULL,N,0,0,NULL
404221,2057,INVOICE,MYERS DIVERSIFIED,880 Dixie Hwy,,Newport,TN,37821,,423-748-0525,,NULL,NULL,Y,0,NULL,NULL
404222,2058,INVOICE,TRIVALENCE,3290 Claremont Avenue,,Evansville,IN,47712,,800-209-2517,,NULL,NULL,Y,0,NULL,NULL
404223,2046,"COLUMBUS, IN",OMNISOURCE - IN,15200 S Jonesville Rd,,Columbus,IN,47201,,,,NULL,NULL,N,0,0,NULL
404224,2059,INVOICE,D&J'S SERVICES LLC,2322 Edson Drive,,Hudsonville,MI,49426,,,,NULL,NULL,Y,0,NULL,NULL
404225,2060,INVOICE,BALLYHOO PLASTICS LLC,430 South Padre Island Drive,,Corpus Christi,TX,78405,,,,NULL,NULL,Y,0,NULL,NULL
404226,1926,"AMSTERDAM, NY",POWER PALLET & RECYCLING,4715 NY-30,,Amsterdamn,NY,12010,,518-843-3100,,NULL,NULL,N,0,0,NULL
404227,1786,"LYNCHBURG, TN",Moore County Recycling,748 Booneville Hwy,,Lynchburg,TN,37352,US,(931) 247-0076,,NULL,NULL,N,0,0,NULL
404228,2061,INVOICE,ADVANCED WASTE MANAGEMENT,6675 Hunter Rd,,Talbott,TN,37877,,865-414-9412,,NULL,NULL,Y,0,NULL,NULL
404229,1797,FISHERS IN,IGPS LOGISTICS,9910 N by Northeast Blvd,Ste. 100,Fishers,IN,46037,US,,,NULL,NULL,N,0,0,NULL
404230,1612,"TAYLOR, MI","MM Group, Inc",25920 Northline Commerce Park,Ste 408 Dock #4,Taylor,MI,48180,US,(734) 231-7271,,NULL,NULL,N,0,0,NULL
404231,2063,INVOICE,MOLDAMATIC LLC,29 Noeland Ave,,Penndel,PA,19047,,267-569-0042,215-752-1233,NULL,NULL,Y,0,NULL,NULL
404232,2063,PICK-UP ADDRESS,MOLDAMATIC LLC,3909 Nebraska Street,,Newportville,PA,19056,,267-569-0042,,NULL,NULL,N,0,0,NULL
404233,2064,INVOICE,BEDFORD RECYCLING,904 Summit Lane,,Bedford,IN,47421,,812-275-6883,,NULL,NULL,Y,0,NULL,NULL
404234,2066,INVOICE,DAVIS LOGAN LLC,229 Whitney Dr,,Locust,NC,28097,,,,NULL,NULL,Y,0,NULL,NULL
404235,1803,FAYETTEVILLE AR - SITE 425,48 FORTY SOLUTIONS,1652 S Fred Hanna Dr,,Fayetteville,AR,72701,,(631) 883-6869,,NULL,NULL,N,0,0,NULL
404236,2068,INVOICE,GREER RECYCLING,200 22nd St.,,Butner,NC,27509,,,,NULL,NULL,Y,0,NULL,NULL
404237,2069,INVOICE,KAMPS PALLETS,PO Box 675126,,Detroit,MI,48267-5126,,(616) 206-5726,,NULL,NULL,Y,0,NULL,NULL
404238,2050,PRIMARY ADDRESS,HPJ INDUSTRIES,PO Box 860,,Bowling Green,OH,43402,,,,NULL,NULL,N,0,0,NULL
404239,2069,PICK-UP LOCATION,KAMPS PALLETS,3500 N. Graham St.,,Charlotte,NC,28269,,(616) 206-5726,,NULL,NULL,N,0,0,NULL
404240,2070,INVOICE,PALLET EXCHANGE INC,534 Hopkins St,,Buffalo,NY,14220,US,,,NULL,NULL,Y,0,NULL,NULL
404241,2014,PRIMARY ADDRESS,WASTE RECYCLING,PO Box 2614,,Anniston,AL,36202,,,,NULL,NULL,N,1,0,NULL
404242,2071,INVOICE,MACON COUNTY SOLID WASTE,109 Sierra Drive,,Franklin,NC,28734,, (828) 349-2252,,NULL,NULL,Y,0,NULL,NULL
404243,2071,"FRANKLIN, NC",MACON COUNTY SOLID WASTE MANAGEMENT,1448 Lakeside Dr,,Franklin,NC,28734,, (828) 349-2252,,NULL,NULL,N,0,0,NULL
404244,2071,"RED BOILING SPRINGS, TN",MACON COUNTY SOLID WASTE,1319 Heady Ridge Road,,Red Boiling Springs,TN,37150,,(615) 699-3707,,NULL,NULL,N,0,0,NULL
404245,2072,INVOICE,PALADIN FREIGHT,4895 Outland Center Dr.,Suite 102,Memphis,TN,38118,,901-791-0751,,NULL,NULL,Y,0,NULL,NULL
404246,2073,INVOICE,ELORA PALLET,641 Donaldson Grove Rd.,,Elora,TN,37328,,(931) 308-7245,,NULL,NULL,Y,0,NULL,NULL
404247,2074,INVOICE,PERRIGO CO. INC.,1625 Bathgate Ave,,The Bronx,NY,10457,US,,,NULL,NULL,Y,0,NULL,NULL
404248,1765,"PRIMARY WAREHOUSE - NASHVILLE, TN",PLASTICYCLE,1100 Visco Drive,,Nashville,TN,37210,,,,NULL,NULL,N,0,0,NULL
404249,2075,INVOICE,REVOLUTION COMPANY,P.O. Box 660367,,Dallas,TX,75266,,,,NULL,NULL,Y,0,NULL,NULL
404250,2076,INVOICE,KAMPS INC,PO BOX 675126,,Detroit,MI,48267-5126,US,712-546-4319,,NULL,NULL,Y,0,NULL,NULL
404251,2076,"LEMARS, IA",TRITZ PALLET INC,1811 Industrial Road Southwest,,LeMars,IA,51031,US,712-546-4319,,NULL,NULL,N,0,0,NULL
404252,1808,"MARENGO, IL - Plant 2","Mitsubishi Forklift for Telfer, Inc",Plant 2 Dock TBD,201 North Prospect Street,Marengo,IL,60152,,,,NULL,NULL,N,0,0,NULL
404253,1808,"MARENGO, IL - Plant 1","Mitsubishi Forklift for Telfer, Inc",Plant 1 Dock 9,240 North Prospect Street,Marengo,IL,60152,,,,NULL,NULL,N,0,0,NULL
404255,1212,"STUTTGART, AR",DELTA PLASTICS INC.,3104 Main Street,,Stuttgart,AR,72160,,870.673.7458,,NULL,NULL,N,0,0,NULL
404256,2072,PRIMARY ADDRESS,PALADIN FREIGHT,PO BOX 241268,,Memphis,TN,38124-1268,,,,NULL,NULL,N,1,0,NULL
404257,2057,"NEWPORT, TN",MYERS DIVERSIFIED,880 E HWY 25/70,,"Newport,",TN,37821,,423-748-0525,,NULL,NULL,N,1,0,NULL
404258,1802,"WALTERBORO, SC - SITE 211",48 FORTY SOLUTIONS - SITE 211,312 Upchurch Ln ,,Walterboro,SC,29488,,843.538.3863,,NULL,NULL,N,0,0,NULL
404259,2078,INVOICE,CHAMBERS DRUM CO INC,PO BOX 1010,,Fairburn,GA,30213,, (770) 964-7467,,NULL,NULL,Y,0,NULL,NULL
404260,2078,PRIMARY ADDRESS,CHAMBERS DRUM CO. INC.,71 Roberts Street,,Fairburn,GA,30213,,(770) 964-7467,,NULL,NULL,N,0,0,NULL
404261,2079,INVOICE,UNIVERSAL ENVIRONMENTAL SERVICES,200 W Springdale Ave,,Knoxville,TN,37921,US,(865) 296-4854,,NULL,NULL,Y,0,NULL,NULL
404262,1831,ALTERNATE ADDRESS,iGPS LOGISTICS LLC,5505 N CUMBERLAND AVE,SUITE 307,CHICAGO,IL,60656,,,,NULL,NULL,N,1,0,NULL
404263,1879,"BERNE, IN",HARRIS MATERIALS,406 E Parr Rd,,Berne,IN,46711,,,,NULL,NULL,N,0,0,NULL
404264,2080,INVOICE,TC PACKAGING LLC,5855 Angola Road,,Toledo,OH,43615,,,,NULL,NULL,Y,0,NULL,NULL
404265,2081,INVOICE,SCOTT PLASTICS INC,234 Dynatex Rd,,"Sunbright,",TN,37872,,(865) 540-8802,,NULL,NULL,Y,0,NULL,NULL
404266,2081,"KNOXVILLE, TN",SCOTT COMPUTERS AND RECYCLING,5049 S National Dr,,Knoxville,TN,37914,,,,NULL,NULL,N,0,0,NULL
404267,2082,INVOICE,ACE IRON & METAL INC,11 3rd Ave,,Joliet,IL,60433-1849,US,815-723-2612,,NULL,NULL,Y,0,NULL,NULL
404268,1808,"HAMMOND, IN",JUPITER ALUMINUM for TELFER INC,1745 165th Street,,Hammond,IN,46320,,,,NULL,NULL,N,0,0,NULL
404269,2083,INVOICE,BD CUSTOM MANUFACTURING,1100 Bloomingdale Drive,,Bristol,IN,46507,,,,NULL,NULL,Y,0,NULL,NULL
404270,2085,INVOICE,GREENWAY RESOURCE RECOVERY LLC,2100 S. Kilbourn Ave.,,Chicago,IL,60623,,,,NULL,NULL,Y,0,NULL,NULL
404271,2086,INVOICE,HARRIS MATERIAL EXCHANGE INC,590 West 500 South,,Berne,IN,46711,,(260) 589-8965,(260) 589-9935,NULL,NULL,Y,0,NULL,NULL
404272,2086,DELIVERY ADDRESS,"HARRIS MATERIAL EXCHANGE, INC",406 E PARR RD,,Berne,IN,46711,,(260) 589-8965,,NULL,NULL,N,0,0,NULL
404273,2087,INVOICE,BD CUSTOM MANUFACTURING INC,1100 BLOOMINGDALE DRIVE,,BRISTOL,IN,46507,US,(574) 848 0925,,NULL,NULL,Y,0,NULL,NULL
404274,2088,INVOICE,PLASTIC REGRINDERS INC,3161 Cooperriders Rc NW,,Glenford,OH,43739,,,,NULL,NULL,Y,0,NULL,NULL
404275,2089,INVOICE,ALLSTAR RECYCLING PARTNERS LLC,PO Box 3629,,Muscle Shoals,AL,35662,,256-324-8865,,NULL,NULL,Y,0,NULL,NULL
404276,2089,"TOWN CREEK, AL",ALLSTAR RECYCLING PARTNERS LLC,175 Auburn Street,,Town Creek,AL,35672,,256-324-8865,,NULL,NULL,N,0,0,NULL
404277,1548,"ALDI - MT.JULIET, TN",ALDI,2080 Aldi Boulevard,,MT.Juliet,TN,37122,,954-306-6901,,NULL,NULL,N,0,0,NULL
404278,1612,"ROCKFORD, IL",WATCO Whse.,1501 Baxter Rd,,Rockford,IL,61109,,224-406-7229,,NULL,NULL,N,0,0,NULL
404279,2046,"HENDERSON, KY",GIBBS For Omnisource,369 Community Drive ,,Henderson,KY,42420,,,,NULL,NULL,N,0,0,NULL
404280,2090,INVOICE,ALLY LOGISTICS,PO Box 14027,,Cincinnati,OH,45250,,616.818.7467,,NULL,NULL,Y,0,NULL,NULL
404281,2091,INVOICE,MACON COUNTY SOLID WASTE - TW,1319 Heady Ridge Road,,Red Boiling Springs,TN,37150,,(615) 699-3707,,NULL,NULL,Y,0,NULL,NULL
404282,1453,PRIMARY ADDRESS,JOHNS RECYCLING, 7311 Omega Cr,,Franksville,WI,53126,,,,NULL,NULL,N,1,0,NULL
404283,1548,"RUSSELVILLE, KY WAREHOUSE","PAC Logistics & Warehousing, Inc.",160 Shelton Lane,,Russellville,KY,42276,,270-726-2249,,NULL,NULL,N,0,0,NULL
404284,2036,PRIMARY ADDRESS,ALLAN COMPANY,PO BOX 51333,,LOS ANGELES,CA,90051,,,,NULL,NULL,N,1,0,NULL
404285,1800,PRIMARY ADDRESS,POSEY COUNTY SWD,400 Brown Street.,,Mt.Vernon,IN,47620,,,,NULL,NULL,N,0,0,NULL
404286,2035,"LINCOLN, IL",ACE PLASTIC,1119 Kickapoo St,,Lincoln,IL,62656,,,,NULL,NULL,N,0,0,NULL
404287,1307,"TOYOTA WAREHOUSE - GEORGETOWN, KY",MONTGOMERY RECYCLING,1001 Cherry Blossom Way,,Georgetown,KY,40324,,1 (859) 621-2616,,NULL,NULL,N,0,0,NULL
404288,2092,INVOICE,MITSUBISHI LOGISNEXT AMERICAS,240 N Prospect St,,Marengo,IL,60152,,815-568-4340,,NULL,NULL,Y,0,NULL,NULL
404289,2093,INVOICE,KEYSTONE PALLET AND RECYCLING LLC,13 Industrial Rd. Building 4,,Milton,PA,17847,US,(570) 279-7236,,NULL,NULL,Y,0,NULL,NULL
404290,1548,"ROCHESTER, MA",ZERO WASTE SOLUTIONS,50 Cranberry Highway,,Rochester,MA,2770,,954-306-6901,,NULL,NULL,N,0,0,NULL
404291,2094,INVOICE,PALLET EXPRESS INC,PO Box 1998,,Liberty,NC,27298,,,,NULL,NULL,Y,0,NULL,NULL
404292,2094,"LIBERTY, NC",PALLET EXPRESS INC,6306 Old 421 Road,,Liberty,NC,27298,,,,NULL,NULL,N,0,0,NULL
404293,2095,INVOICE,DOWNEY & SONS PALLET CO,500 Bloomfield Rd,,Springfield,KY,40069,,(859) 336-0410,,NULL,NULL,Y,0,NULL,NULL
404294,2097,INVOICE,FOUNTAIN VALLEY ENTERPRISE INC,14986 County Road 20,,Fayette,OH,43521,,(440) 238-5454,,NULL,NULL,Y,0,NULL,NULL
404295,2098,INVOICE,INTERNATIONAL TRANSLOAD LOGISTICS,PO Box 5724,,Naperville,IL,60567-5724,US,866-883-9402 x 8,,NULL,NULL,Y,0,NULL,NULL
404296,1612,MONTGOMERY MI,"NEWCO FIBERS, INC",8711 Austin Rd,,Montgomery,MI,49255,US,734-881-7086,,NULL,NULL,N,0,0,NULL
404297,1835,"EDGEFIELD, SC",FEDERAL CORRECTIONAL INSTITUTION,501 Gary Hill RD,,Edgefield,SC,29824,,803-637-1500 x 1549,,NULL,NULL,N,0,0,NULL
404298,2099,INVOICE,SYRACUSE WASTE HAULERS,6223 Thompson Rd,,Syracuse,NY,13206,US,(315) 426- 6771,,NULL,NULL,Y,0,NULL,NULL
404299,2100,INVOICE,STORELLI RECYCLING,"2455 East Sunrise Blvd, Suite 204",,Fort Lauderdale,FL,33304,,954.630.1770,,NULL,NULL,Y,0,NULL,NULL
404300,2100,"ATLANTA, GA",WASTE PRO,4785 FULTON INDUSTRIAL BLVD,,Atlanta,GA,30336,,954-650-0113,,NULL,NULL,N,0,0,NULL
404301,1299,"PULASKI, TN",APPERTAIN for JB PLASTICS,302 Eighth Street,,Pulaski,TN,38478,,,,NULL,NULL,N,0,0,NULL
404302,2079,PRIMARY ADDRESS,Universal Environmental Services,411 Dividend Drive ,,Peachtree City,GA,30269,,,,NULL,NULL,N,1,0,NULL
404303,2101,INVOICE,NORTHERN TRANSITIONS,1401 W.  Easterday Avenue,,Sault Ste. Marie,MI,49783,,906-635-5681,,NULL,NULL,Y,0,NULL,NULL
404304,2101,PICK UP ADDRESS,NORTHERN TRANSITIONS,1423 W Easter Day Ave,,Sault Ste. Marie,MI,49783,,,,NULL,NULL,N,0,0,NULL
404305,2102,INVOICE,OCTAL,5399 E. Provident Drive,,45246,OH,45246,,(513) 881-6117,,NULL,NULL,Y,0,NULL,NULL
404306,1139,GREENCASTLE PA,INDUSTRIAL PALLET CORP,255 North Carlisle Street,,Greencastle,PA,17225,,,,NULL,NULL,N,0,0,NULL
404307,2103,INVOICE,B3 LOGISTIX,8038 N 600 West,Suite 200,McCordsville,IN,46055,,(877) 777-1887,,NULL,NULL,Y,0,NULL,NULL
404308,2104,INVOICE,GREENLAND PLASTIC RECYCLING,2203 East 43rd,,Vancouver,,V5P 1M8,CA,,,NULL,NULL,Y,0,NULL,NULL
404309,2100,PRIMARY ADDRESS,STORELLI RECYCLING,3471 N Federal Highway Ste 401,,Ft. Lauderdale,FL,33306,,,,NULL,NULL,N,1,0,NULL
404310,2105,INVOICE,PLUS MATERIALS INC,3100 Breckinridge Blvd,Suite 175,Duluth,GA,30096,,678-344-5007,,NULL,NULL,Y,0,NULL,NULL
404311,2105,"BEDFORD PARK, IL",Midwest Warehouse & Distribution Systems,6650 W. 68th Street,,Bedford Park,IL,60638,,,,NULL,NULL,N,0,0,NULL
404312,1299,"STONEVILLE, NC",Envision Plastics,6190 Highway 220 N. Business,,Stoneville,NC,27048,,336-663-6514,,NULL,NULL,N,0,0,NULL
404313,2106,INVOICE,JEI INC,1876 Custer Roberts Hollow Ln,,Custer,KY,40115,,(270) 536-3521,,NULL,NULL,Y,0,0,NULL
404314,2106,"FORT SMITH, AR - E Street",JEI INC - HOPE CAMPUS,301 S E Street,,Fort Smith,AR,72901,,,,NULL,NULL,N,0,0,NULL
404315,1612,"INDIANAPOLIS, IN - CRG","CRG c/o NEWCO FIBERS, INC","6555 E. 30th Street, Suite B",,Indianapolis,IN,46219,,,,NULL,NULL,N,0,0,NULL
404316,1938,"OLD BETHPAGE, NY",LOUIS MONTELEONE FIBRES LTD,311 WINDING RD,,OLD BETHPAGE,NY,11804,US,,,NULL,NULL,N,0,0,NULL
404317,2107,INVOICE,MERCURY POLYMERS LLC,12110 Sunset Hills Rd,Ste 600,Reston,VA,20194,,571-722-0402,,NULL,NULL,Y,0,NULL,NULL
404318,2108,INVOICE,MILLWOOD INC,4438 Muhlhauser Rd,,Hamilton,OH,45011,,(513) 860-4567,,NULL,NULL,Y,0,NULL,NULL
404319,2110,INVOICE,BDL SUPPLY,3648  Morreim Drive,,Belvidere,IL,61008,US,(815) 566-4756,,NULL,NULL,Y,0,NULL,NULL
404320,1913,"RICHMOND, IL",Calco Pallets Inc.,11600 Sterling Parkway,,Richmond,IL,60071,,,,NULL,NULL,N,0,0,NULL
404321,2111,NEED PO,NEED PO,,,,,,,704-698-5186,,NULL,NULL,Y,0,NULL,NULL
404322,1406,MIDWEST FIBER - WEST BEND,"MIDWEST FIBER, INC",2230 Stonebridge Cir.,,West Bend,WI,53095,,,,NULL,NULL,N,0,0,NULL
404323,1307,"STANFORD, KY",MONTGOMERY RECYCLING,102 Industrial Park Dr,,Stanford,KY,40484,,(859) 621-2616 ,,NULL,NULL,N,0,0,NULL
404324,2113,INVOICE,VALE SALVAGE & RECYCLING,2809 Sam Houser Rd,,Vale,NC,28168-9367,,(704) 276-1167,,NULL,NULL,Y,0,NULL,NULL
404325,2114,INVOICE,CAROLINA RECYCLING & CONSULTING LLC,PO Box 1461,,Matthews,NC,28106,,704-324-3240,,NULL,NULL,Y,0,NULL,NULL
404326,2115,INVOICE,SUNCOAST PLASTICS,619 Tulip Circle W,,Auburndale,FL,33823,,513-312-6680,,NULL,NULL,Y,0,NULL,NULL
404327,2116,INVOICE,SKAGIT RIVER STEEL & RECYCLING INC,1265 S Anacortes St,,Burlington,,98233,,(360) 757-6096 ,,NULL,NULL,Y,0,NULL,NULL
404328,2105,"MONROE, GA",PLUS MATERIALS INC,200 Cherry Hill Road,,Monroe,GA,30656,,,,NULL,NULL,N,0,0,NULL
404329,2117,INVOICE,RECYCLE CORP,15300 Minnetonka Industrial Road,,Minnetonnka,MN,55345,,(763)270-5765,,NULL,NULL,Y,0,NULL,NULL
404330,1866,"LEETONIA, OH",HAMILTON POLYMERS COMPANY,404 Pearl Street,,Leetonia,OH,44431,,,,NULL,NULL,N,0,0,NULL
404331,2117,DELIVERY ADDRESS,STATS INTERNATIONAL,15300 Minnetonka Industrial,,Minnetonnka,MN,55345,,,,NULL,NULL,N,0,0,NULL
404332,1406,MIDWEST FIBER - SCOTT CITY,FOR MIDWEST FIBER,600 Daugherty St,,Scott City,MO,63780,,,,NULL,NULL,N,0,0,NULL
404333,2118,INVOICE,TREX COMPANY,160 Exeter Drive,,Winchester,VA,22603-8605,US,800-289-8739,,NULL,NULL,Y,0,NULL,NULL
404334,1508,"WOODLAND, PA",PRIME 360,553 Independent Rd,,Woodland,PA,16881,,,,NULL,NULL,N,0,0,NULL
404335,2119,INVOICE,BLACKROCK PLASTICS LLC,215 East Bay Street,Suite 301,Charleston,SC,29401,,,,NULL,NULL,Y,0,NULL,NULL
404336,1114,USPS Priority Envelope,KW PLASTICS,PO Box 707,,Troy,AL,36081,,,,NULL,NULL,N,0,0,NULL
404337,2118,WINCHESTER VA,WINCHESTER POLY RECEIVING CENTER,351 APPLE VALLEY ROAD,,WINCHESTER,VA,22602,,800-289-8739,,NULL,NULL,N,0,0,NULL
404338,2121,INVOICE,COYOTE LOGISTICS,2545 W. Diversey Ave.,3rd Floor,Chicago,IL,60647,,877-6-COYOTE,,NULL,NULL,Y,0,NULL,NULL
404339,2122,INVOICE,TRANSFIX,498 7th Avenue,19th Floor,New York,NY,10018,,215-440-6933,,NULL,NULL,Y,0,NULL,NULL
404340,2124,INVOICE,QUEST TRANSPORTATION,2280 Memorial Drive,PO Box 247,Saint Johnsbury,VT,05819-0247,,802.748.9908,,NULL,NULL,Y,0,NULL,NULL
404341,1968,PRIMARY ADDRESS,SPROUT,PO Box 871,,Statesville,NC,28687,,,,NULL,NULL,N,1,0,NULL
404342,2125,INVOICE,PLASGAD USA LLC,933 Meacham Rd,,Statesville,NC,28677,,(980) 223-2197,,NULL,NULL,Y,0,NULL,NULL
404343,2126,INVOICE,GRAY ROCK LLC,822 Mocksville Hwy,,Statesville,NC,28625,US,704-873-6901,,NULL,NULL,Y,0,NULL,NULL
404344,1725,ALTERNATE ADDRESS,ReSOURCE WASTE SERVICES LLC,"159 Wolf Rd, Suite 301",,ALBANY,NY,12205,,,,NULL,NULL,N,1,0,NULL
404345,2090,PRIMARY ADDRESS,ALLY LOGISTICS,WINTRUST BANK N.A.,FBO ALLY LOGISTICS LLC  PO BOX 6784,CAROL STREAM,IL,60197,,,,NULL,NULL,N,1,0,NULL
404346,1292,"CARROLLTON, TX","CHS PLASTICS, INC.",INTERNATIONAL PAPER,2015 Country Club Dr.,Carrollton,TX,75006,,(843) 858-1966,,NULL,NULL,N,0,0,NULL
404347,2127,INVOICE,CONSTANT RECYCLING,6100 Oak Tree Blvd,Suite 200,Independence,OH,44131,US,877-630-6705,,NULL,NULL,Y,0,NULL,NULL
404348,2127,PAYNESVILLE MN,AVON PLASTICS,210 Ampe Drive,,Paynesville,MN,56362,US,,,NULL,NULL,N,0,0,NULL
404349,2128,INVOICE,CWD FLATBED TRUCKING INC,293 Arlie Loop,,Statesville,NC,28677,US,704-873-0058,704-872-0160,NULL,NULL,Y,0,NULL,NULL
404350,2129,INVOICE,3L Distribution,PO Box 3102,,Annapolis,MD,21403,US,,,NULL,NULL,Y,0,NULL,NULL
404351,2130,INVOICE,TOTAL RECYCLING PAPER & PLASTIC,PO Box 1970,,Lowell,AR,72745,,,,NULL,NULL,Y,0,NULL,NULL
404352,2130,"FAYETTEVILLE, AR",TOTAL RECYCLING LLC,1421 East 15th st,,Fayetteville,AR,72701,,,,NULL,NULL,N,0,0,NULL
404353,2131,INVOICE,NEW INDY RECYCLING LLC,28750 Network Place,,Chicago,IL,60673-1287,US,,,NULL,NULL,Y,0,NULL,NULL
404354,2131,COMMERCE CA,"NEW INDY RECYCLING, LLC",5831 E 61st St,,Commerce,CA,90040,US,(909) 296-3396,,NULL,NULL,N,0,0,NULL
404355,2132,INVOICE,EARTH RESOURCES RECYCLING,5545 Linwood Steiner Rd,,Theodore,AL,36582,,360-982-8435,,NULL,NULL,Y,0,NULL,NULL
404356,2044,REMIT ADDRESS,PREZERO US SERVICES LLC,2301 E 7th St.,Suite A-337,Los Angeles,CA,90023,,,,NULL,NULL,N,0,0,NULL
404357,2133,INVOICE,M & W LOGISTICS GROUP INC,1110 Pumping Station Road,,Nashville,TN,37210,US,615.620.1537,615.726.3568,NULL,NULL,Y,0,NULL,NULL
404358,2134,INVOICE,PRO PALLET SOUTH,105 Poole Rd,,Troy,NC,27371,US,(910) 576-4902,,NULL,NULL,Y,0,0,NULL
404359,2135,INVOICE,PERFORMANCE PALLET CORP,112 N. Mainline Drive,,Seymour,WI,54165-1174,US,)920) 833-7839 x112,)920) 833-7255,NULL,NULL,Y,0,NULL,NULL
404360,1299,"MORAINE, OH",JB PLASTICS,2601 East River Road,,Moraine,OH,45439,,,,NULL,NULL,N,0,0,NULL
404361,2136,INVOICE,GATEWAY RECYCLING,28 Summit Park Dr.,,Pittsburgh,PA,15275,US,412.837.8777 ,724.473.0610 ,NULL,NULL,Y,0,NULL,NULL
404362,2137,INVOICE,CT POLYMERS,12340 Elm Rd,,Bourbon,IN,46504,,574-598-6130,,NULL,NULL,Y,0,NULL,NULL
404363,2138,INVOICE,ADVANCE DRUM SERVICE INC,1835 Dickerson Drive,,Mableton,GA,30126,,(404) 699- 7048,,NULL,NULL,Y,0,NULL,NULL
404364,2139,INVOICE,MAZZA RECYCLING SERVICES LTD,3230 Shafto Road,,Tinton Falls,NJ,7753,US,(732) 902- 0047,,NULL,NULL,Y,0,NULL,NULL
404365,2140,INVOICE,VALLEYWOOD INDUSTRIES INC,6500 Landay Ave,,Baltimore,MD,21237,,(410) 488-5500,,NULL,NULL,Y,0,NULL,NULL
404366,1299,COLUMBUS OH - GREIF,CARAUSTAR - Greif,3024 Charter Street,,Columbus,OH,43228,,,,NULL,NULL,N,0,0,NULL
404367,1802,"CHARLOTTE, NC - SITE 231",48 FORTY SOLUTIONS - SITE 231,4001 Morris Field Drive,,Charlotte,NC,28208,US,(704) 391-2227,,NULL,NULL,N,0,0,NULL
404368,2141,INVOICE,CIRCLE PACKAGING CO,3847 Edwards Rd,,Newtown,OH,45244-2408,US,(513) 561-7715,,NULL,NULL,Y,0,NULL,NULL
404369,2142,INVOICE,UPSTREAM RECYCLING,581 Rainbow Falls Rd,,Granville,SC,29829,US,(706) 836-1498,,NULL,NULL,Y,0,NULL,NULL
404370,2142,"AUGUSTA, GA",UPSTREAM RECYCLING,250 Dan Bowles Rd,,Augusta ,GA,30901,US,,,NULL,NULL,N,0,0,NULL
404371,2143,INVOICE,SARE PLASTICS,14600 Commerce St. N.E.,,Alliance,OH,44601,US,(330) 680- 4075,,NULL,NULL,Y,0,0,NULL
404372,1680,"BARTOW, FL - SITE 208",48 FORTY SOLUTIONS - SITE 208,5700 U.S. Hwy 17th South,,Bartow,FL,33830,,863.533.2285,,NULL,NULL,N,0,0,NULL
404373,2144,INVOICE,ALUF PLASTICS,2 Glenshaw St,,Orangeburg,NY,10962,US,(845)365-2200 X181,,NULL,NULL,Y,0,NULL,NULL
404374,2017,MEMPHIS TN,NELSON CO,3400 Chelsea Ave,,Memphis,TN,38108,US,(901) 380-0022,,NULL,NULL,N,0,0,NULL
404375,2145,INVOICE,GUERO PALLETS INC,355 N. Lavergne Ave,,Chicago,IL,60644,,(312) 523-5561,(872) 256-5669,NULL,NULL,Y,0,NULL,NULL
404376,2076,"KANSAS CITY, MO",TRITZ PALLET INC,301 E. Donovan Rd.,,Kansas City,MO,66115,,,,NULL,NULL,N,0,0,NULL
404378,2146,INVOICE,FORT STEWART ARMY BASE,1550 Veterans Parkway,Building 1137,Fort Stewart,GA,31313,,(912) 767-8880,(912)767-1724,NULL,NULL,Y,0,NULL,NULL
404379,2147,INVOICE,NAZARETH PALLET COMPANY,800 Held Dr,,Northampton,PA,18067,,(610) 262-9799,,NULL,NULL,Y,0,NULL,NULL
404380,2148,INVOICE,LIGHTING RESOURCES INC,2212 Buffalo Rd,Suite 100,Johnson City,TN,37604,US,(423) 328-7012,,NULL,NULL,Y,0,NULL,NULL
404381,2149,INVOICE,TIMI PLASTICS INC,4 South River Street,,Towanda,PA,18848,,(570) 268-9601,,NULL,NULL,Y,0,NULL,NULL
404382,2150,INVOICE,JB&T LOGISTICS,PO Box 98,,Le Mars,IA,51031,,,,NULL,NULL,Y,0,NULL,NULL
404383,2150,PICK UP - Des Moines,JB&T Logistics,6600 Merle Hay Rd,,Johnston,IA,50131,,,,NULL,NULL,N,0,0,NULL
404384,1299,"COLUMBUS, OH - PHOENIX",Phoenix Recycling,"611 Marion Rd,",,Columbus,OH,43207,,,,NULL,NULL,N,0,0,NULL
404385,2151,INVOICE,POLYREPS INC,2501 Ashcraft Avenue,,Monroe,NC,28110,US,,,NULL,NULL,Y,0,NULL,NULL
404386,2122,PRIMARY ADDRESS,TRANSFIX,PO BOX 392240,,Pittsburgh,PA,15251,,,,NULL,NULL,N,1,0,NULL
404387,1298,OSGOOD IN,IN-PLAS RECYCLING,1564 W County Road 300 ,,Osgood,IN,47037,,,,NULL,NULL,N,0,0,NULL
404388,2152,INVOICE,TOTAL RECYCLING & WASTE SOLUTIONS,5226 E Hillsborough Avenue,,Tampa,FL,33619,US,727-452-8899,,NULL,NULL,Y,0,NULL,NULL
404389,2046,GARRETT IN,Prince Manufacturing,320 North Taylor Rd,,Garrett,IN,46738,US,260-357-4484,,NULL,NULL,N,0,0,NULL
404390,2154,INVOICE,TRUCKER TBD,,,,,,,,,NULL,NULL,Y,0,NULL,NULL
404391,2155,INVOICE,TRUE PLASTICS RECYCLING LLC,2908 COMMODORE DR,,CARROLLTON,TX,75007,,512-748-6604,,NULL,NULL,Y,0,0,NULL
404392,1866,"EVANSVILLE, IN",Pellet Craft,616 N Norman Ave,,Evansville,IN,47711,,,,NULL,NULL,N,0,0,NULL
404393,2157,INVOICE,RECYCLING RECOVERY,291 N Broadway,,Peru,IN,46970,US,(765) 776-2504,,NULL,NULL,Y,0,NULL,NULL
404394,2158,INVOICE,AZEK CO,2835 Old State Route 73,Bldg #4,Wilmington,OH,45177,US,,,NULL,NULL,Y,0,NULL,NULL
404395,2115,ST CHARLES IL,SUNCOAST PLASTICS,3655 Illinois Ave.,,St Charles,IL,60174,US,630-444-1568,,NULL,NULL,N,0,0,NULL
404396,2160,INVOICE,NAPIER PALLET INC,103 South St,,Butler,KY,41006,,,,NULL,NULL,Y,0,NULL,NULL
404397,1892,PRIMARY ADDRESS,CONTAINERS N PALLETS LLC,PO Box 655,,New Bedford,PA,16140,,,,NULL,NULL,N,1,0,NULL
404398,2161,INVOICE,SESSIONS PEANUTS,PO Box 311310,,Enterprise,AL,36331,,1 (334) 393-0283,,NULL,NULL,Y,0,NULL,NULL
404399,1775,WARREN OH,STERICYCLE,1901 Pine Ave SE,,Warren,OH,44483,,(877) 685-9418,,NULL,NULL,N,1,0,NULL
404400,1772,AUSTELL GA,IGPS LOGISTICS LLC,7815 Third Flag PKWY,Suite 150,Austell,GA,30168,,,,NULL,NULL,N,0,0,NULL
404401,1772,"FISHERS, IN",IGPS LOGISTICS LLC,9910 N by Northeast Blvd,Ste. 100,Fishers,IN,46037,,,,NULL,NULL,N,0,0,NULL
404402,2137,SEARCY AR,RECY,1601 Hastings Ave,,Searcy,AR,72143,,501-278-8753,,NULL,NULL,N,0,0,NULL
404403,1772,"NAPERVILLE, IL",IGPS LOGISTICS LLC,140 Ambassador Dr. Ste 140,,Naperville,IL,60540,US,(404)349-3546,,NULL,NULL,N,0,0,NULL
404404,2161,ENTERPRISE AL,SESSIONS PEANUTS,801 North Main Street ,,Enterprise,AL,36330,,,,NULL,NULL,N,0,0,NULL
404405,1299,"WEST CHESTER TOWNSHIP, OH",Black Horse Waste,230 Circle Freeway,,West Chester Township,OH,45246,,,,NULL,NULL,N,0,0,NULL
404406,2163,"ROGERS, AR",MARCK INDUSTRIES OF NORTHEAST ARKANSAS,3507 North Arkansas Street,,Rogers,AR,72756,,,,NULL,NULL,Y,0,NULL,NULL
404407,2163,INVOICE,MARCK INDUSTRIES,715 Main Street,,Cassville,MO,65625,,,,NULL,NULL,N,1,0,NULL
404408,2164,INVOICE,MACON COUNTY SOLID WASTE ,1319 Heady Ridge Road,,Red Boiling Springs,TN,37150,,,,NULL,NULL,Y,0,NULL,NULL
404409,1336,PRIMARY ADDRESS,"Charles George Companies, Inc",P.O. Box 844823,,Boston,MA,02284-4823,,,,NULL,NULL,N,0,0,NULL
404410,1307,"VERSAILLES, KY",MONTGOMERY RECYCLING,1000 Tyrone Pike,,Versailles,KY,40383,US,(859) 621-2616 ,,NULL,NULL,N,0,0,NULL
404411,1299,YOUNGWOOD PA,JB PLASTICS,67 E Hillis St,Building A,Youngwood,PA,15697,US,724-925-3121,,NULL,NULL,N,0,0,NULL
404412,2061,PRIMARY ADDRESS,ADVANCED WASTE MANAGEMENT,1137 Harold Patterson Rd,,Dandridge,TN,37725,,,,NULL,NULL,N,1,0,NULL
404413,1941,EAST CARROLL ST PLANT,COFFEE COUNTY RECYCLING CENTER,411 East Carroll Street,,Tullahoma,TN,37388,US,931-581-2318,,NULL,NULL,N,0,0,NULL
404414,1516,SPRINGFIELD MO,JOPLIN WASTE PAPER,220 E. Chase St.,,Springfield,MD,65803,US,(417) 624-9779,,NULL,NULL,N,0,0,NULL
404415,2165,"BROOKLAND, AR",MARCK INDUSTRIES OF NORTHEAST ARKANSAS,300 Missouri St.,,Brookland,AR,72417,,,417-847-5990,NULL,NULL,Y,0,NULL,NULL
404416,2165,INVOICE,MARCK INDUSTRIES,715 Main Street,,Cassville,MO,65625,,,,NULL,NULL,N,1,0,NULL
404417,1199,HERTFORD NC,BUTLER PAPER RECYCLING INC,102 Whitehat Road,,Hertford,NC,27944,,(757) 539-2351,,NULL,NULL,N,0,0,NULL
404418,1772,"PORTLAND, OR",IGPS LOGISTICS LLC,8929 N Ramsey Suite E,,Portland,OR,97203,,,,NULL,NULL,N,0,0,NULL
404419,2166,INVOICE,GREEN RHINO RECYCLING,2809 Academy Drive SE,,Auburn,WA,98092,,,,NULL,NULL,Y,0,0,NULL
404420,1188,PRIMARY ADDRESS,FREIGHTQUOTE.COM,PO Box 9121,,Minneapolis,MN,55480,,,,NULL,NULL,N,1,0,NULL
404421,2168,INVOICE,APS RECYCLE INC,2782 Caraway Dr,,Tucker,GA,30084,,,,NULL,NULL,Y,0,NULL,NULL
404422,2168,"ATLANTA, GA",APS RECYCLE INC,1591 Murphy Ave,,Atlanta,GA,30310,,,,NULL,NULL,N,0,0,NULL
404423,2169,INVOICE,RECYCLING ASSOCIATES INC,1 Whipple St,,Nashua,NH,3060,,,,NULL,NULL,Y,0,NULL,NULL
404424,2169,"NEW BOSTON, NH",TOWN OF NEW BOSTON TRANSFER STATION,412 Old Coach Road,,New Boston,NH,3070,,,,NULL,NULL,N,0,0,NULL
404425,2170,INVOICE,GOODWILL EASTERSEALS OF THE GULF COAST,7450 Hitt Rd,,Mobile,AL,36695-4438,US,(251) 243-8226,,NULL,NULL,Y,0,NULL,NULL
404426,1199,SEVERN NC,SEVERN PEANUT,413 Main St,,Severn,NC,27877,US,(757) 539-2351,,NULL,NULL,N,0,0,NULL
404427,2171,INVOICE,GOLDEN BEAR RECYCLING LLC,PO Box 30516,DEPT 993,Lansing,MI,48909,US,(860) 918-2748,,NULL,NULL,Y,0,NULL,NULL
404428,2171,"BROOKNEAL, VA",Elite Recycling,103 Mattox Street,,Brookneal,VA,24528,US,(860) 918-2748,,NULL,NULL,N,0,0,NULL
404430,2044,JURUPA VALLEY CA,PREZERO US SERVICES LLC,4388 Serrano Dr,,Jurupa Valley,CA,91752,US,951-703-5645,,NULL,NULL,N,0,0,NULL
404431,2172,INVOICE,PARALLEL PRODUCTS,100 Duchaine Blvd,,New Bedford,MA,2745,,,,NULL,NULL,Y,0,NULL,NULL
404432,2173,INVOICE,FLOBOTICS LLC,8048 Howard Ave,,Munster,IN,46321,US,,,NULL,NULL,Y,0,NULL,NULL
404433,1299,"WEST CHESTER, OH",Hanna Paper Recycling - PICK UP FOR BLACKHORSE,4287 Dues Dr,,West Chester Township,OH,45246,,,,NULL,NULL,N,0,0,NULL
404434,1292,"MOUNT PLEASANT, SC",CHS PLASTICS INC,1355 Sweetgrass Basket Parkway,,Mount Pleasant,SC,29466,,,,NULL,NULL,N,0,0,NULL
404435,2175,INVOICE,USER FRIENDLY RECYCLING LLC,PO Box 631,,Stoughton,MA,2072,,,,NULL,NULL,Y,0,NULL,NULL
404436,2175,"ALBERTVILLE, AL",HUHTAMAKI INC,608 Mathis Mill Rd,,Albertville,AL,35951,,,,NULL,NULL,N,0,0,NULL
404437,2175,"WATERVILLE, ME",USER FRIENDLY RECYCLING LLC,242 College Ave,,Waterville,ME,4901,,,,NULL,NULL,N,0,0,NULL
404438,2176,INVOICE,VERDECO RECYCLING INC,10535 James Adams St,,Terre Haute,IN,47802,US,(213) 595-8585,,NULL,NULL,Y,0,NULL,NULL
404439,2172,PRIMARY ADDRESS,PARALLEL PRODUCTS,PO Box 775347,,Chicago,IL,60677-5347,,,,NULL,NULL,N,1,0,NULL
404440,2177,INVOICE,ICTV,7348 E Saddlehorn Way,,Orange,CA,92869,,714-933-8406,,NULL,NULL,Y,0,NULL,NULL
404441,2177,"GOWER, MO",D&D Pallet Services,9230 NW 316th Street,,Gower,MO,64454,,,,NULL,NULL,N,0,0,NULL
404442,1299,"LIMA, OH",The Product Center / TPC,2125 Reservoir Road,,Lima,OH,45804,,,,NULL,NULL,N,0,0,NULL
404444,1775,JACKSONVILLE FL,STERICYCLE,5169 W 12th Street,,Jacksonville,FL,32254,,,,NULL,NULL,N,0,0,NULL
404446,2179,INVOICE,LNT PALLET COMPANY,2994 Fairforest Clevedale Rd,,Spartanburg,SC,29301,US,(864) 621-2945,,NULL,NULL,Y,0,NULL,NULL
404447,1307,"INDIANAPOLIS, IN",MONTGOMERY RECYCLING,68 N Gale,,Indianapolis,IN,46201,US,(859) 621-2616,,NULL,NULL,N,0,0,NULL
404448,2180,INVOICE,SOUTHERN CONN PALLET CO,346 Quinnipiac Street,,Wallingford,CT,6492,,(203) 265-1313,,NULL,NULL,Y,0,NULL,NULL
404449,1307,FRANKFORT ROAD,MONTGOMERY RECYCLING,4182 Frankfort Rd ,,Georgetown,KY,40324,US,(859) 621-2616,,NULL,NULL,N,0,0,NULL
404450,1233,PRIMARY ADDRESS,MARCK RECYCLING,715 Main Street,,Cassville,MO,65625,,,,NULL,NULL,N,1,0,NULL
404451,2177,SANTA TERESA NM,Federal Express,750 Industrial Avenue,,Santa Teresa,NM,88008,US,575-874-7100,,NULL,NULL,N,0,0,NULL
404452,2181,INVOICE,INDEX PACKAGING,5846 Heritage Landing Drive,,East Syracuse,NY,13057,US,(603) 312-3281,,NULL,NULL,Y,0,NULL,NULL
404453,2181,NEW HAMPSHIRE,INDEX PACKAGING,1055 White Mountain Hwy,,Milton,NH,3851,US,(603) 312-3281,,NULL,NULL,N,0,0,NULL
404454,2046,"HARRISON, AR",NATIONAL A/C,231 West Industrial Park Road,,Harrison,AR,72601,,,,NULL,NULL,N,0,0,NULL
404455,1299,"CHICKASAW, OH",Ohio Recycling,7837 OH 274,,Chickasaw,OH,45826,,,,NULL,NULL,N,0,0,NULL
404456,2182,INVOICE,TOWN OF DERRY TRANSFER STATION,14 Manning Street,,Derry,NH,3038,US,(603) 432-4650,,NULL,NULL,Y,0,NULL,NULL
404457,2182,PICK UP LOCATION,TOWN OF DERRY TRANSFER STATION,53 Transfer lane,,Derry,NH,3038,US,(603) 432-4650,,NULL,NULL,N,0,0,NULL
404458,2184,INVOICE,EAST CENTRAL RECYCLING,701 East Centennial Avenue,,Muncie,IN,47303,,(765) 254-5965,,NULL,NULL,Y,0,NULL,NULL
404459,2171,"FORT MYERS, FL",GOLDEN BEAR RECYCLING,10550 Buckingham Rd,,Fort Myers,FL,33905,,,,NULL,NULL,N,0,0,NULL
404460,2148,PRIMARY ADDRESS,LIGHTING RESOURCES LLC,PO BOX 102717,,PASADENA,CA,91189-2717,,,,NULL,NULL,N,1,0,NULL
404461,2185,INVOICE,ANSUYA POLYMERS,3016 Canal Street,,Houston,TX,77003,US,(832) 455-3605,,NULL,NULL,Y,0,NULL,NULL
404462,2186,INVOICE,WASTE COMMISSION OF SCOTT COUNTY,11555 110th Ave,,Davenport,IA,52804,,563-388-1401,,NULL,NULL,Y,0,NULL,NULL
404463,2186,"DAVENPORT, IA",WASTE COMMISSION OF SCOTT COUNTY,5640 Carey Ave,,Davenport,IA,52807,,,,NULL,NULL,N,0,0,NULL
404464,2187,INVOICE,MARCK INDUSTRIES INC (LA),1500 Arkansas Ave,,Monroe,LA,71201,US,,,NULL,NULL,Y,0,NULL,NULL
404465,1623,"MANAHAKIN, NJ",ATLANTIC COAST FIBERS LLC,379 Haywood ave ,, Manahakin,NJ,8050,US,(973) 614-9600,,NULL,NULL,N,0,0,NULL
404466,2188,INVOICE,DAN DONLEY,2103 Laurel Lindale Road,,New Richmond,OH,45157,,,,NULL,NULL,Y,0,NULL,NULL
404467,2169,"GILFORD, NH",Town of Gilford,150 Kimball Road,,Gilford,NH,3249,US,(603) 293-0220,,NULL,NULL,N,0,0,NULL
404468,2180,PRIMARY ADDRESS,SOUTHERN CONN PALLET CO,PO BOX 4566 ,,WELLINGFORD,CT,6492,,,,NULL,NULL,N,1,0,NULL
404469,2189,INVOICE,W & W MATERIALS SUPPLY INC,6833 Wildermere Dr NE,,Rockford,MI,49341-8597,US,(302) 588-3033,,NULL,NULL,Y,0,NULL,NULL
404470,2189,PICK UP ADDRESS,W & W MATERIALS SUPPLY INC,1325 Edna St S E,,Grand Rapids,MI,49507,US,(302) 588-3033,,NULL,NULL,N,0,0,NULL
404471,2170,PRIMARY ADDRESS,GOODWILL GULF COAST,ATTN: Accounting,2440 Gordon Smith Drive,Mobile,AL,36607,,,,NULL,NULL,N,1,0,NULL
404472,2190,INVOICE,REGENEX,P.O Box 608,West Middlesex,,PA,16159,US,724-528-5900,,NULL,NULL,Y,0,NULL,NULL
404473,2191,INVOICE,NEXUS FUELS LLC,500 Waterfront Dr. SW,,Atlanta,GA,30336,,404-693-8389,404-480-4292,NULL,NULL,Y,0,NULL,NULL
404474,1938,"HOLTSVILLE, NY",LOUIS MONTELEONE FIBRES LTD,140 Corporate Dr,,Holtsville,NY,11742,US, (718) 378-1313,,NULL,NULL,N,0,0,NULL
404475,2192,INVOICE,CUTTING EDGE GRINDING INC,608 13th Ave NW,,Little Falls,MN,56345,US,(320) 259-0444,,NULL,NULL,Y,0,NULL,NULL
404476,2118,FERNLEY NV,TREX COMPANY,2375 E. Newlands,,Fernley,NV,89408,,800-289-8739,,NULL,NULL,N,0,0,NULL
404477,2044,WESTMINSTER SC,PREZERO US SERVICES LLC,2333 Sandifer Blvd,,Westminster,SC,29693,,(864) 613-5133,,NULL,NULL,N,0,0,NULL
404478,1298,"DAYTON, OH",Heildelberg,3601 Dryden Rd ,,Dayton,OH,45439,,,,NULL,NULL,N,0,0,NULL
404479,2177,"PORTLAND, OR",Westrock,6328 SE 100th Avenue,,Portland,OR,97266,US,714-933-8406,,NULL,NULL,N,0,0,NULL
404480,2193,INVOICE,BROTHERS RECYCLING,1620 Vanderbilt Rd,,Birmingham,AL,35234,,(205) 328-4283,,NULL,NULL,Y,0,NULL,NULL
404481,2194,INVOICE,GREENWAY PRODUCTS AND SERVICES,5 WHEELING RD,,DAYTON,NJ,8810,US,(732) 442-0200,,NULL,NULL,Y,0,NULL,NULL
404482,2189,PRIMARY ADDRESS,W & W MATERIALS SUPPLY INC,1122 S Bridge St,,"Belding,",MI,48809,,,,NULL,NULL,N,1,0,NULL
404483,1802,"LOCKPORT, IL - SITE 315",48 FORTY SOLUTIONS - Site 315,16508 S John Lane Crossing,Ste. 900,Lockport,IL,60441,US,(863) 271-0848,,NULL,NULL,N,0,0,NULL
404484,1735,PICK-UP ADDRESS,DIAMOND FOREST RESOURCES,150 Acorn Industry Road,,Morehead,KY,40351,,,,NULL,NULL,N,0,0,NULL
404485,1292,"KALAMAZOO, MI",RVP NORTH,2221 Palmer Ave,,Kalamazoo,MI,49001,,,,NULL,NULL,N,0,0,NULL
404487,2131,STOCKTON CA,NEW INDY RECYCLING LLC,2575 Grand Canal Blvd,,Stockton,CA,95207,US,510-714-4760,,NULL,NULL,N,0,0,NULL
404488,1786,"BESSEMER, AL",Red Mountain Retail/Ashley Homestore,410 Pine Valley Circle,,Bessemer,AL,35022,US,(248) 252-8191,,NULL,NULL,N,0,0,NULL
404489,1866,"CORDELE, GA",McMillian Plastics,906 11th Ave West,,Cordele,GA,31015,,,,NULL,NULL,N,0,0,NULL
404490,2042,"CARBONDALE, PA",Millennium Packaging,100 Enterprise Dr.,,Carbondale,PA,18407,,(312) 989-6744,,NULL,NULL,N,0,0,NULL
404491,2195,INVOICE,INTEGRITY EXPRESS LOGISTICS LLC,4420 COOPER RD,STE 400,BLUE ASH,OH,45242,US,(813) 964-3369,(866) 705-9483,NULL,NULL,Y,0,NULL,NULL
404492,2197,INVOICE,INTEGRITY FIBER SUPPLY,10 W Carmel Drive,Suite 300,Carmel,IN,46032,,,,NULL,NULL,Y,0,NULL,NULL
404493,2197,"PLEASANT PRAIRIE, WI",L&M Corrugated Container,10680 88th Ave,,Pleasant Prairie,WI,53158,,,,NULL,NULL,N,0,0,NULL
404494,2198,INVOICE,ALL BUSINESS & COMMERCIAL RECYCLING,810 E 7th St,,North Platte,NE,69101,,(308) 534-2464 ,,NULL,NULL,Y,0,NULL,NULL
404495,1299,BROOKVILLE IN,Owens Corning,128 W. 8th,,Brookville,IN,47012,US,(937) 863-0207,,NULL,NULL,N,0,0,NULL
404496,1651,"KANSAS CITY, MO",COOK PAPER RECYCLING,801 Woodswether Rd ,,Kansas City,MO,64105,US,,,NULL,NULL,N,0,0,NULL
404497,1405,"URBANA, IL","MIDWEST FIBER, INC",1201 East University Ave,,Urbana,IL,61802,,,,NULL,NULL,N,0,0,NULL
404498,1836,"WATERLOO, WI",ARONSON RECYCLING,703 West Madison Street,,Waterloo,WI,53594,,,,NULL,NULL,N,0,0,NULL
404499,2199,INVOICE,EDS PALLET WORLD,559 Race Path Church Rd,,Ellenboro,NC,28040,,,,NULL,NULL,Y,0,NULL,NULL
404500,2194,"NEW BRUNSWICK, NJ",GREENWAY PRODUCTS AND SERVICES,14 Home News Row,,New Brunswick,NJ,8901,US,516.437.6300,,NULL,NULL,N,0,0,NULL
404501,2200,INVOICE,VERTICE INDUSTRIES,1213 North Sherman Dr,,Indianapolis,IN,46201,,,,NULL,NULL,Y,0,NULL,NULL
404502,2201,INVOICE,HESS WOOD RECYCLING INC,2357 Newlins Mill Rd,,Easton,PA,18045,US,(610) 614-9070,,NULL,NULL,Y,0,0,NULL
404503,2202,INVOICE,SUCHY METAL & RECYCLING,180 E Amy Ave,,Russell,KS,67665,US,(785) 483-6311,,NULL,NULL,Y,0,NULL,NULL
404504,2202,PICK UP LOCATION,SUCHY METAL & RECYCLING,1834 W Wichita Ave,,Russell,KS,67665,US,(785) 483-6311 ,,NULL,NULL,N,0,0,NULL
404505,2195,PRIMARY ADDRESS,INTEGRITY EXPRESS LOGISTICS LLC,62488 Collections Center Drive,,Chicago,IN,60693,,,,NULL,NULL,N,1,0,NULL
404506,1292,"LAS VEGAS, NV",Alliance Plastics,4680 Calimesa St,,Las Vegas,NV,89115,,,,NULL,NULL,N,0,0,NULL
404507,2114,"CHERAW, SC",CAROLINA RECYCLING & CONSULTING LLC,135 Dixie Pipeline Rd,,Cheraw,SC,29520,US,803-374-5475,,NULL,NULL,N,0,0,NULL
404508,1775,N VERSAILLES PA,STERICYCLE,611 E. Pittsburgh McKeesport Blvd,,N.Versailles,PA,15137,US,(412) 613-4192,,NULL,NULL,N,0,0,NULL
404509,2204,INVOICE,CCR IND LLC,PO Box 1411,,Tullahoma,TN,37388,,931-581-0972,,NULL,NULL,Y,0,NULL,NULL
404510,2204,EAST CARROLL ST PLANT,CCR,411 E Carroll Street,,Tullahoma,TN,37388,,931-581-2318,,NULL,NULL,N,0,0,NULL
404511,2205,INVOICE,INTEGRITY RECYCLING,909 Bloomfield Knoll Drive,,Bloomfield Hills,MI,48304,,,,NULL,NULL,Y,0,NULL,NULL
404512,2205,"MARYSVILLE, MI",TI  AUTOMOTIVE,184 Gratiot Ave,,Marysville,MI,48040,,(248) 225-6772,,NULL,NULL,N,0,0,NULL
404513,1802,"PORTLAND, OR - SITE 524",48 FORTY SOLUTIONS - Site 524,10400 N Lombard St,,Portland,OR,97203,,(971) 280-0852,,NULL,NULL,N,0,0,NULL
404514,1405,HAZELWOOD MO,"MIDWEST FIBER, INC",6008 N. Lindbergh Blvd,,Hazelwood,MO,63042,,618.802.6722,,NULL,NULL,N,0,0,NULL
404515,2206,INVOICE,LAKESTATE INDUSTRIES,5701 19th Ave N,,Escanaba,MI,49829,US,(906) 786-9056,,NULL,NULL,Y,0,NULL,NULL
404516,2081,"NEWPORT, TN",SCOTT COMPUTERS AND RECYCLING,131 Verner Ave,,Newport,TN,37821,US,(423) 248-5379,,NULL,NULL,N,0,0,NULL
404517,1802,"WESTBOROUGH, MA - SITE 270",48 FORTY SOLUTIONS,57 Brigham St,,Westborough,MA,1581,,(518) 861-5410,,NULL,NULL,N,0,0,NULL
404518,1802,"GLENVILLE, NY - SITE 235",48 FORTY SOLUTIONS - SITE 235,201 A Street,,Glenville,NY,12302,,(518) 861-5410,,NULL,NULL,N,0,0,NULL
404519,2207,INVOICE,BAY POLYMER,1330 E VICTOR RD,,LODI,CA,95240,,510-714-1112,,NULL,NULL,Y,0,NULL,NULL
404520,2207,DO NOT USE - FREMONT CA,BAY POLYMER,44530 S Grimmer Blvd,,Fremont,CA,94538,,(510) 490-1791,,NULL,NULL,N,0,0,NULL
404521,1775,RANCHO CORDOVA CA,STERICYCLE,11875 White Rock Rd,,Rancho Cordova,CA,95742,,(866) 538-8724 ,,NULL,NULL,N,0,0,NULL
404522,2208,INVOICE,AVENEL PALLET CO,1800 2nd St,,Dunellen,NJ,,US,(732) 752-0500,,NULL,NULL,Y,0,NULL,NULL
404523,2209,INVOICE,ROTO POLYMERS,26210 Emery Rd., Suite 202,Warrensville Hts.,OH,44128,US,(216) 591-0175,,NULL,NULL,Y,0,NULL,NULL
404524,2209,"MILLEN, GA",ROTO POLYMERS,3014 Industrial Park Rd.,,Millen,GA,30442,US,(216) 591-0175,,NULL,NULL,N,0,0,NULL
404525,2210,INVOICE,IMACC CORP,2303 Dalton Industrial Court,,Dalton,GA,30721,US,(706) 270-8635,,NULL,NULL,Y,0,NULL,NULL
404526,1866,"LEXINGTON, KY",HAMILTON POLYMERS COMPANY,740 Rockcastle Ave ,,Lexington,KY,40505,,,,NULL,NULL,N,0,0,NULL
404527,2211,INVOICE,LASTIQUE INTERNATIONAL CORPORATION,8331 Cane Run Road,,Louisville,KY,40258,US,(505) 995-8585,,NULL,NULL,Y,0,NULL,NULL
404528,2076,"OMAHA, NE",KAMPS PALLET,4436 Dahlman Ave,,Omaha,NE,68107,,,,NULL,NULL,N,0,0,NULL
404529,2212,INVOICE,HT HACKNEY,2500 Buttermilk Rd W,,Lenoir City,TN,37771,US,(865) 717-6833,,NULL,NULL,Y,0,NULL,NULL
404530,2019,"ST JOSEPH, MO - DO NOT USE",BIRCH RECYCLING,2901 S 22nd Street,,St Joseph,MO,64152,,,,NULL,NULL,N,0,0,NULL
404531,2213,INVOICE,UNIVERSAL SCRAP METALS INC,2500 W Fulton St,,Chicago,IL,60612,,,,NULL,NULL,Y,0,NULL,NULL
404532,2213,CHICAGO - ARTESIAN,UNIVERSAL SCRAP METALS INC,321 N. Artesian,,Chicago,IL,60612,,,,NULL,NULL,N,0,0,NULL
404533,1558,"JERSEY CITY, NJ",THE ACTION ENVIRONMENTAL GROUP INC,375 Route 1 & 9 South,,Jersey City,NJ,7306,US,(866) 270-9900,,NULL,NULL,N,0,0,NULL
404534,2127,PRIMARY ADDRESS,CONSTANT DISTRIBUTION LLC,6100 Oak Tree Blvd. Suite 200,,Independence,OH,44131,,,,NULL,NULL,N,1,0,NULL
404535,2215,INVOICE,MAUSER PACKAGING,PO Box 7410054,,CHICAGO,IN,60674-0185,,(303) 659-5095,,NULL,NULL,Y,0,NULL,NULL
404536,2215,PICK UP - BRIGHTON,MAUSER PACKAGING - BRIGHTON,640 Baseline Rd,,Brighton,CO,80601,,(303) 659-5095,,NULL,NULL,N,0,0,NULL
404537,2216,INVOICE,YORKSHIRE RECYCLING,1723 Washington Street,UNIT 312,Boston,MA,2118,US,(414) 478-1149,,NULL,NULL,Y,0,NULL,NULL
404538,2216,SAS WORLDWIDE,S&S Worldwide,75 Mill Street,,Colchester,CT,6415,US,(508) 228-5542,,NULL,NULL,N,0,0,NULL
404539,2217,INVOICE,SOUTH BAY RECYCLING LLC,333 Shoreway Road,,San Carlos,CA,94070,,(650) 802-8355,(650) 412-2495,NULL,NULL,Y,0,NULL,NULL
404540,2218,INVOICE,ETERNITY SOLUTIONS LLC,PO Box 979,,Deer Park,NY,11729,,929-429-7237,551-400-0786,NULL,NULL,Y,0,NULL,NULL
404541,1585,"Little Falls, MN","Cutting Edge Grinding, Inc.",608 13th Avenue NW,,Little Falls,MN,56345,,,,NULL,NULL,N,0,0,NULL
404542,2219,INVOICE,AMERICAN RECYCLING SERVICES,21 EDGEBORO ROAD,,EAST BRUNSWICK,NJ,8816,US,732-390-5305,,NULL,NULL,Y,0,NULL,NULL
404543,2206,PRIMARY ADDRESS,DELTA COUNTY LANDFILL,PO BOX 198,,ESCANABA,MI,49829,,,,NULL,NULL,N,1,0,NULL
404544,2220,INVOICE,NORTECH WASTE LLC,3033 Fiddyment Road,,Roseville,CA,95747-9705,,(916) 645-5230,,NULL,NULL,Y,0,NULL,NULL
404545,2221,INVOICE,SILVER PHOENIX LLC,3010 Industrial Parkway East,,Knoxville,TN,37921,US,,,NULL,NULL,Y,0,NULL,NULL
404546,2223,INVOICE,GREAT LAKES TRANSPORT SOLUTIONS,207 Commerce Drive,Suite 102,Amherst,NY,14228,,855-968-0668,,NULL,NULL,Y,0,NULL,NULL
404547,2224,INVOICE,FORTUNE SKY RECYCLING,4210 BF Goodrich Blvd,,Memphis,TN,38118,US,(901) 624-2866,,NULL,NULL,Y,0,NULL,NULL
404548,2225,INVOICE,HAY CREEK PALLET,5094 2nd Ave,,Pittsville,WI,54466,,(715) 884-2930,,NULL,NULL,Y,0,NULL,NULL
404549,1299,CINCINNATI - NUTECH,NUTECH POLYMERS - FOR BLACKHORSE,10087 International Blvd,,Cincinnati,OH,45246,,,,NULL,NULL,N,0,0,NULL
404550,2226,INVOICE,CALIFORNIA WASTE SERVICES LLC,621 W. 152nd St.,,Gardena,CA,90247,,310-538-5998,310-538-9040,NULL,NULL,Y,0,0,NULL
404551,2212,PRIMARY ADDRESS,HT HACKNEY,PO BOX 489,,LENOIR CITY,TN,37771,,,,NULL,NULL,N,1,0,NULL
404552,2106,"FRANKLIN, KY",JEI INC,211 Commerce St,,Franklin,KY,42134,,,,NULL,NULL,N,0,0,NULL
404553,2194,"BALTIMORE, MD",GREENWAY PRODUCTS AND SERVICES,2700 HOLLINS FERRY RD,,BALTIMORE,MO,21230,US,215.768.7495 ,,NULL,NULL,N,0,0,NULL
404554,1474,"FLEMINGTON, NJ",VISH GROUP,112 Church Street,,Flemington,NJ,8822,,,,NULL,NULL,N,0,0,NULL
404555,1326,RYAN PATRICK DRIVE,POWERHOUSE RECYCLING,220 Ryan Patrick Drive,,Salisbury,NC,28147,,,,NULL,NULL,N,0,0,NULL
404557,2227,INVOICE,BYRD TRADING LLC,222 Grove Street,,Houston,TX,77020,US,(915) 240-9666,,NULL,NULL,Y,0,NULL,NULL
404558,2228,INVOICE,PENN PALLET INC,553 Indpendent Rd,,Greensburg,PA,16881,US,(814) 834-1700,,NULL,NULL,Y,0,NULL,NULL
404559,2229,INVOICE,INGRAM EXPRESS SERVICES,337 Hill Ave,,NASHVILLE,TN,37210,, (615) 424-9042,,NULL,NULL,Y,0,NULL,NULL
404560,1286,WAREHOUSE,SUNCOAST,3655 Illinois Ave.,,St. Charles,IL,60194,,,,NULL,NULL,N,0,0,NULL
404561,2105,"BEDFORD PARK, IL - SWIFT",SWIFT EXPRESS FOR PLUS MATERIALS,6600 S. MELVINA AVE,,Bedford Park,IL,60638,,,,NULL,NULL,N,0,0,NULL
404562,1405,"JOPLIN, MO","MIDWEST FIBER, INC",3178 N. Kentucky,,Joplin,MO,64801,US,(217) 329-2270,,NULL,NULL,N,0,0,NULL
404564,2230,INVOICE,STARPLAST USA,9 Finderne Ave.,,Bridgewater,NJ,8807,US,(732) 220-1500,,NULL,NULL,Y,0,NULL,NULL
404565,1909,"LEXINGTON, NC",ENVIROVISION TECHNOLOGIES LLC,632 Dixon St,,Lexington,NC,27292,,,,NULL,NULL,N,0,0,NULL
404566,2231,INVOICE,GRANVILLE PALLET COMPANY INC,3566 Highway 15,,Oxford,NC,27565,US,(919) 528-2347 - ,,NULL,NULL,Y,0,NULL,NULL
404567,2232,INVOICE,AMP ROBOTICS CORP,1875 Taylor Ave.,,Louisville,CO,80027,US,(888) 402-1686,,NULL,NULL,Y,0,NULL,NULL
404568,2232,SOLON OH,AMP ROBOTICS CORPORATION,6111 Cochran Rd.,,Solon,OH,44139,US,239-309-4654,,NULL,NULL,N,0,0,NULL
404569,2232,ATLANTA GA,AMP ROBOTICS CORPORATION,1995 Lithonia Industrial Boulevard,,Lithonia,GA,30058,US,(860) 918-2748,,NULL,NULL,N,0,0,NULL
404570,2019,"FRANKLIN, KY",JEI,211 Commerce St. ,,Franklin,KY,42134,,,,NULL,NULL,N,0,0,NULL
404571,2232,DENVER CO,AMP ROBOTICS CORPORATION,1500 Cherry Street,Suite A,Louisville,CO,80027,,(888) 402-1686,,NULL,NULL,N,0,0,NULL
404572,2233,INVOICE,GUNNISON RECYCLING,195 Basin Park Dr,,Gunnison,CO,81230-9519,US,1 (970) 641-0044,,NULL,NULL,Y,0,NULL,NULL
404573,1866,"WINCHESTER, OH",HAMILTON POLYMERS COMPANY,11933 US Rt. 60,,Winchester,OH,45679,,,,NULL,NULL,N,0,0,NULL
404574,2235,INVOICE,KANAWHA COUNTY SOLID WASTE AUTHORITY,600 Slack Street,,Charleston,WV,25301,US,(304) 357-0966,,NULL,NULL,Y,0,NULL,NULL
404575,2236,INVOICE,UNIVERSAL PLASTICS PURCHASING,59 Bay Hill Drive,,Latrobe,PA,15650,US,(440) 632-5203 x3327,,NULL,NULL,Y,0,NULL,NULL
404576,2237,INVOICE,48 FORTY SOLUTIONS - AA (RICHMOND),3707 Nine Mile Rd,,Richmond,VA,23223,US,804.226.0229,,NULL,NULL,Y,0,NULL,NULL
404577,2238,INVOICE,48 FORTY SOLUTIONS - AA (BARTOW),5700 U.S. Hwy 17th South,,Bartow,FL,33830,US,863.533.2285,,NULL,NULL,Y,0,NULL,NULL
404578,2239,INVOICE,48 FORTY SOLUTIONS - AA (NASHVILLE),601 Space Park South,,Nashville,TN,37211,US,(615) 333- 8325,,NULL,NULL,Y,0,NULL,NULL
404579,2240,INVOICE,GEORGIA PACIFIC RECYCLING,P.O. Box 281570,,Atlanta,GA,30384-1570,US,361-867-1027,,NULL,NULL,Y,0,0,NULL
404580,2241,INVOICE,MAUSER PACKAGING,P.O. Box 7410054,,CHICAGO,IL,60674-0185,,,,NULL,NULL,Y,0,NULL,NULL
404581,2241,"LOUISVILLE, KY",MAUSER PACKAGING - LOUISVILLE,405 Industry Rd,,Louisville,KY,40208,,,,NULL,NULL,N,0,0,NULL
404582,1850,SAN FRANCISCO CA (PIER 96),RECOLOGY,"Pier 96, Foot of Cargo & Jennings",,San Francisco,CA,94124,,(415) 401-1048,,NULL,NULL,N,0,0,NULL
404583,2242,INVOICE,PREMIER METAL & RECYCLING INC,1013 Delaum Rd,,St Mary's,PA,15857-3359,US,814-594-2282,,NULL,NULL,Y,0,0,NULL
404584,2115,"Milwaukee, WI",NATIONAL RECYCLING FOR SUNCOAST PLASTICS,4244 S. 13th Street,,Milwaukee,WI,53221,,,,NULL,NULL,N,0,0,NULL
404585,1953,PRIMARY ADDRESS,GFL ENVIRONMENTAL INC,4700 N Sterling Ave,,Peoria,IL,61615,,,,NULL,NULL,N,1,0,NULL
404601,2081,PRIMARY ADDRESS,SCOTT PLASTICS LLC,146 N Oakhill,,Louisville,TN,37777,,,,NULL,NULL,N,0,0,NULL
404602,1199,"EDENTON, NC",BUTLER PAPER RECYCLING INC,185 Peanut Drive,,Edenton,NC,27932,US,(757) 539-2351,,NULL,NULL,N,0,0,NULL
404603,2137,BOURBON IN,CT POLYMERS,12340 Elm Road,,Bourbon,IN,46504,US,574-598-6136,,NULL,NULL,N,0,0,NULL
404604,2100,"MONTGOMERY, AL",RePower South Montgomery,1551 Louisville Street,,Montgomery,AL,36104,,,,NULL,NULL,N,0,0,NULL
404605,2244,INVOICE,PACIFIC PALLET EXCHANGE INC,3315 51St. Ave,,Sacramento,CA,958233,,,,NULL,NULL,Y,0,NULL,NULL
404606,1850,VALLEJO CA,RECOLOGY,2021 Broadway,,Vallejo,CA,94589,,707-556-1829,,NULL,NULL,N,0,0,NULL
404607,2245,INVOICE,ALLEGHENY RECYCLED PRODUCTS,"4201 Grand Ave, Ste 1",,Pittsburg,PA,15225,,,,NULL,NULL,Y,0,NULL,NULL
404608,(INV),GREENVIEW MATERIALS INC,NULL,NULL,NULL,NULL,NULL,NULL,NULL,NULL,NULL,NULL,NULL,N,NULL,NULL,NULL
404609,2246,INVOICE,KENMORE CONSTRUCTION CO,700 Home Ave,,Akron,OH,44310,US,(330) 762-9373,,NULL,NULL,Y,0,NULL,NULL
404610,2247,INVOICE,OVERDEVEST NURSERY LP,578 Bowentown Rd,,Bridgeton,NJ,8302,,(856) 451-3179,,NULL,NULL,Y,0,NULL,NULL
404611,2106,"CYNTHIANA, KY",JEI INC,824 KY-356,,Cynthiana,KY,41031,,(502) 408-9877,,NULL,NULL,N,0,0,NULL
404612,1405,"CHICAGO, IL",Jakacki Bag & Barrel - For Midwest Fiber,4607 W. Lexington,,Chicago,IL,60644,,,,NULL,NULL,N,0,0,NULL
404613,2248,INVOICE,48 FORTY SOLUTIONS LLC,PO Box 849729,,Dallas,TX,75284-9729,US,713-332-6622,,NULL,NULL,Y,0,NULL,NULL
404614,2248,"ATLANTA, GA",48 FORTY SOLUTIONS,1080 South River Industrial Blvd,,Atlanta,GA,30315,,470 814 4836,,NULL,NULL,N,0,0,NULL
404615,2249,INVOICE,ATHENS SERVICES,14048 E Valley Blvd,,City of Industry,CA,91746,,(626) 723-3762,(626) 336-7367,NULL,NULL,Y,0,NULL,NULL
404616,2249,CITY OF INDUSTRY,ATHENS SERVICES,14048 Valley Boulevard,,La Puenta,CA,91746-2801,,(626) 723-3762,,NULL,NULL,N,1,0,NULL
404617,2249,SUN VALLEY,ATHENS SERVICES,11121 Pendleton Street,,Sun Valley,CA,91352,,(626) 723-3762,(626) 336-7367,NULL,NULL,N,0,0,NULL
404618,2246,PICK UP ADDRESS,KENMORE CONSTRUCTION CO,1100 Loamshire Drive,,Akron,OH,44319,US,(330) 762-9373,,NULL,NULL,N,0,0,NULL
404619,1775,"HOLLISTER, CA",STERICYCLE,1551 Shelton Drive,,Hollister,CA,95023,,831.630.1098,,NULL,NULL,N,0,0,NULL
404620,2250,INVOICE,INTERSTATE WASTE SERVICES,300 Frank W Burr Blvd, Ste 39,Teaneck,NJ,7666,US,(866) 270-9900,,NULL,NULL,Y,0,NULL,NULL
404621,2250,TRANSFER STATION JERSEY CITY,INTERSTATE WASTE SERVICES,375 Route 1 & 9 South,,Jersey City ,NJ,7306,US,(866) 270-9900,,NULL,NULL,N,0,0,NULL
404622,1123,Z - DO NOT USE (BAY POLYMER),BAY POLYMERS,44530 Grimmer Blvd,,Fremont,CA,94534,,,,NULL,NULL,N,0,0,NULL
404623,2011,"HAINES CITY, FL",PALLET CONSULTANTS OF ATLANTA,1555 Melbourne Ave,,Haines City,FL,33844,US,(863) 422-3022,,NULL,NULL,N,0,0,NULL
404624,2251,INVOICE,PALLET CONSULTANTS,1555 Melbourne Ave,,Haines City,FL,33844,US,(863) 422-3022,,NULL,NULL,Y,0,NULL,NULL
404625,1228,"BRIDGEPORT, CT",INDIGO PLASTICS INC, 63 Williston St,,Bridgeport,CT,6607,US,(516) 852-2317,,NULL,NULL,N,0,0,NULL
404626,2252,INVOICE,MIDWEST PRODUCT RECOVERY,23014 3rd Str Ne,,East Bethel,MN,55005,US,(763) 501-3700,,NULL,NULL,Y,0,NULL,NULL
404627,2253,INVOICE,HAULIN AND SUCH,2019 Wadsworth Rd,,Norton,OH,44203,, (330) 668-9942,,NULL,NULL,Y,0,NULL,NULL
404628,1190,"ZANESVILLE, OH",ACORN FARMS,5880 Memory Rd ,,Zanesville,OH,43702,,,,NULL,NULL,N,0,0,NULL
404629,2254,INVOICE,SONCO WASTE SOLUTIONS LLC,4997 Damascus Church Road,,Graceville,FL,32440,,850-676-1802,,NULL,NULL,Y,0,NULL,NULL
404630,2254,"MARION, MI",Recor Transport,10030 S. Forward Street,,Marion,MI,49665,,,,NULL,NULL,N,0,0,NULL
404631,1803,PITTSBURGH - SITE 223,ALLEGHENY RECYCLED PRODUCTS,"4201 Grand Ave, Ste 1",,Pittsburgh,PA,15225,,,,NULL,NULL,N,0,0,NULL
404632,2255,INVOICE,INSOURCE MATERIALS,170 Mark I Dr,,Henry,TN,38231,,,,NULL,NULL,Y,0,NULL,NULL
404633,1775,"FRESNO, CA",STERICYCLE,4135 W Swift Ave,,Fresno,CA,93722,,,,NULL,NULL,N,0,0,NULL
404634,1199,WINCHESTER VA,WINCHESTER POLY RECEIVING CENTER,351 APPLE VALLEY ROAD,,WINCHESTER,VA,22602,US,(757) 539-2351,,NULL,NULL,N,0,0,NULL
404635,1866,"BARBERTON, OH",ACTION RECYCLING FOR  HAMILTON POLY,389 15th ST NW,,Barberton,OH,44203,,330-417-8612,,NULL,NULL,N,0,0,NULL
404636,2256,INVOICE,NAPA RECYCLING AND WASTE SVS,P.O. Box 239,,Napa,CA,94558,,707-603-1190,707-224-2707,NULL,NULL,Y,0,NULL,NULL
404637,2256,"AMERICAN CANYON, CA",NAPA RECYCLING AND WASTE SVS,820 Levitin Way,,American Canyon,CA,94558,,707-255-5200,707-224-2707,NULL,NULL,N,0,0,NULL
404638,2257,INVOICE,29 LOGISTICS,PO Box 204,,Union Grove,WI,53182,,,,NULL,NULL,Y,0,NULL,NULL
404639,2252,COSMOS MN,MIDWEST PRODUCT RECOVERY,250 Astro Blvd E,,Cosmos,MN,56228,US,763-434-5944,,NULL,NULL,N,0,0,NULL
404640,1850,YUBA SUTTER CA,RECOLOGY YUBA-SUTTER,3001 N Levee Rd,,Marysville,CA,95901,, 530-682-6697,,NULL,NULL,N,0,0,NULL
404641,1861,"HODGKINS, IL",METROPOLITAN FIBER,7220 Santa Fe Drive,,Hodgkins,IL,60625,,,,NULL,NULL,N,0,0,NULL
404642,2258,INVOICE,GREEN EVOLUTION RECYCLING,4800 Florin Perkins Road,,Sacramento,CA,95826,,916-256-2594,,NULL,NULL,Y,0,NULL,NULL
404643,2259,INVOICE,ST LUCIE COUNTY,6120 Glades Cut Off Rd,,Fort Pierce,FL,34981,US,(772) 462-1768,,NULL,NULL,Y,0,NULL,NULL
404644,1298,"SEYMOUR, IN",IN-PLAS RECYCLING,2230 D Ave,Suite B,Seymour,IN,47274,,812-532-9950,,NULL,NULL,N,0,0,NULL
404645,2260,INVOICE,TOMRA NORTH AMERICA INC,P.O. Box 22988,,New York,NY,10087-2988,,585-742-3790,,NULL,NULL,Y,0,NULL,NULL
404646,2260,SCHENECTADY NY,TOMRA NORTH AMERICA INC,31 Opus Blvd,,Schenectady,NY,12306,,(518) 356-2597,,NULL,NULL,N,0,0,NULL
404647,1775,"CONROE, TX",STERICYCLE,8950 Conroe Park North Drive,,Conroe,TX,77303,,(936) 707-0355,,NULL,NULL,N,0,0,NULL
404648,1866,"WARREN, OH",Iron Eagle Recycling,621 Dana Street,,Warren,OH,44482,US,,,NULL,NULL,N,0,0,NULL
404649,1577,"Bridgeport, CT",SEAVIEW PLASTIC RECYCLING,938 Crescent Avenue,,Bridgeport,CT,6607,,,,NULL,NULL,N,0,0,NULL
404650,1850,GALT CA,RECOLOGY,175 Enterprise Ct,Suite A,Galt,CA,95632,,530-300-6868,,NULL,NULL,N,0,0,NULL
404651,2261,INVOICE,COUNTY SANITATION DISTRICTS OF LA COUNTY,1955 Workman Mill Road,,Whittier,CA,90601,,,,NULL,NULL,Y,0,NULL,NULL
404652,2261,CITY OF INDUSTRY CA,PUENTE HILLS MATERIAL RECOVERY FACILITY (PHMRF),13130 Crossroads Parkway South,,City of Industry,CA,91746,,562-908-4288 Ext 6071,,NULL,NULL,N,0,0,NULL
404653,2262,INVOICE,PALLET SERVICES LLC,3358 Gemini Dr,,Memphis,TN,38109,US,(901) 572-7200,,NULL,NULL,Y,0,NULL,NULL
404654,2263,INVOICE,BO'S PALLETS,2427 GA-140,,Adairsville,GA,30103,US,(770) 773-3054,,NULL,NULL,Y,0,NULL,NULL
404655,2264,INVOICE,ALLIED PALLET CO,7151 Poindexter Rd.,,New Kent,VA,23124,,804-966-5597,,NULL,NULL,Y,0,NULL,NULL
404656,2265,INVOICE,WINTERS BROS,120 NANCY ST,,W Babylon,NY,11704,US,(631) 901-3272,,NULL,NULL,Y,0,NULL,NULL
404657,1775,"FONTANA, CA",STERICYCLE,15610 Boyle Ave.,,Fontana,CA,92337,,651-788-7978,,NULL,NULL,N,0,0,NULL
404658,1850,SANTA ROSA CA,RECOLOGY,3417 Standish Ave,,Santa Rosa,CA,95407,,(707) 586-8297,,NULL,NULL,N,0,0,NULL
404659,1850,NORTECH WASTE,NORTECH WASTE,3033 Fiddyment Road,,Roseville,CA,95747,,,,NULL,NULL,N,0,0,NULL
404660,1775,"ORLAND PARK, IL",STERICYCLE,10499 164th Pl,,Orland Park,IL,60467,US,(708) 549-4114,,NULL,NULL,N,0,0,NULL
404661,1199,"BIRDSBORO, PA",BUTLER PAPER RECYCLING INC,1270 Lincoln Road,,Birdsboro,PA,19508,US,(757) 621-9906,,NULL,NULL,N,0,0,NULL
404662,1775,"GARY, IN",STERICYCLE,6602 W 9th Ave,,Gary,IN,46406,US,(219) 588-5587,,NULL,NULL,N,0,0,NULL
404663,2266,INVOICE,THE CARY COMPANY,1195 W Fullerton Ave,,Addison,IL,60101,,,,NULL,NULL,Y,0,NULL,NULL
404664,2266,"PITTSBURGH, PA",3 Rivers Packaging,20  39TH Street,,Pittsburgh,PA,15201,,,,NULL,NULL,N,0,0,NULL
404665,2267,INVOICE,CAVALRY TRUCKING LLC,PO Box 262,,Bridgewater Corners,VT,5035,,,,NULL,NULL,Y,0,NULL,NULL
404666,1775,VERNON CA,STERICYCLE,2775 E 26th St,,Vernon,CA,90058,,323.828.0098,,NULL,NULL,N,0,0,NULL
404667,2179,REMIT TO ADDRESS,LNT PALLET COMPANY,186 Boxwood Lane,,Spartanburg,SC,29307,,,,NULL,NULL,N,1,0,NULL
404668,2268,INVOICE,FREIGHTPROS,2535 Brockton Dr ,Suite 500,Austin,TX,78758,US,(888) 297-6968,,NULL,NULL,Y,0,NULL,NULL
404669,2269,INVOICE,NORTHLAND FARMS,11161-120th Ave,,West Olive,MI,49460,US,,,NULL,NULL,Y,0,NULL,NULL
404670,2252,EAST BETHEL MN,MIDWEST PRODUCT RECOVERY, 23014 3rd Str NE,,East Bethel,MN,55005,,(763) 501-3700,,NULL,NULL,N,0,0,NULL
404671,1775,"LOUISVILLE, KY",STERICYCLE,4646 Louisville Avenue,,Louisville,KY,40209,US,(502) 544-6120,,NULL,NULL,N,0,0,NULL
404672,1775,HAYWARD CA,STERICYCLE,30542 San Antonio St.,,Hayward,CA,94544,,510.471.0920,,NULL,NULL,N,0,0,NULL
404673,1623,LAKEWOOD NJ,ATLANTIC COAST RECYCLING OF OCEAN,611 New Hampshire Ave,,Lakewood,NJ,8701,,(973) 614-9600,,NULL,NULL,N,0,0,NULL
404674,2270,INVOICE,TRANZSTAR,Po Box 1747,1406 W Winona Ave,Warsaw,IN,46580,US,574-269-2737 x224,574-267-6176,NULL,NULL,Y,0,NULL,NULL
404675,2252,"ROSEVILLE, MN",MIDWEST PRODUCT RECOVERY,2425 Terminal Rd.,,Roseville,MN,55113,US,763-434-5944,,NULL,NULL,N,0,0,NULL
404676,1298,PRIMARY ADDRESS,IN-PLAS RECYCLING,2300 Montana Avenue  ,Suite 102,Cincinnati,OH,45211,,,,NULL,NULL,N,1,0,NULL
404677,2260,PORTLAND ME,Returnable Services,80 Pine Tree Industrial,,Portland,ME,4102,,(207) 775-7787,,NULL,NULL,N,0,0,NULL
404678,2271,INVOICE,BROAD RIVER ASSETS,167 SHELBY RD,,LAWNDALE,NC,28090,,,,NULL,NULL,Y,0,NULL,NULL
404679,2271,PRIMARY ADDRESS,BROAD RIVER ASSETS,179 APPIAN WAY,,SHELBY,NC,28150,,,,NULL,NULL,N,1,0,NULL
404680,2272,INVOICE,CAROLINA BLUEBERRY GROUP,2038 Georgia Pacific Rd,,Whiteville,NC,28472,,,,NULL,NULL,Y,0,NULL,NULL
404681,2262,PRIMARY ADDRESS,PALLET SERVICES LLC,1971 W Lumsden Rd,Suite 300,Brandon,FL,33511,,,,NULL,NULL,N,0,0,NULL
404682,1938,"BRONX, NY",PASCAP,4250 Boston Rd,,Bronx,NY,10475,US,,,NULL,NULL,N,0,0,NULL
404683,2274,INVOICE,HEATH INDUSTRIAL,3551 Lakeview Drive,,Algonquin,IL,60102,,,,NULL,NULL,Y,0,NULL,NULL
404684,2274,PICK-UP ADDRESS,HEATH INDUSTRIAL,122 Baker Road,,Lake Bluff,IL,60040,,,,NULL,NULL,N,0,0,NULL
404685,(INV),JEI INC,NULL,NULL,NULL,NULL,NULL,NULL,NULL,NULL,NULL,NULL,NULL,N,NULL,NULL,NULL
404686,2275,INVOICE,USHIP,,,,,,,,,NULL,NULL,Y,0,NULL,NULL
404687,1357,"FORT FAIRFIELD, ME",NH KELMAN,145 Presque Isle Street,,Ft Fairfield,ME,4742,US,,,NULL,NULL,N,0,0,NULL
404688,1775,"TEMPE, AZ",STERICYCLE,245 W Lodge Dr,,Tempe,AZ,85283,,,,NULL,NULL,N,0,0,NULL
404689,2276,INVOICE,SUN FIBER LLC,1247 Frederic Drive,,Richburg,SC,29729,,(803) 789-4164,,NULL,NULL,Y,0,NULL,NULL
404690,2277,INVOICE,GRIFFIN FARM MACHINE COMPANY,6022 Unionville-Brief Rd,,Monroe,NC,28110,,,,NULL,NULL,Y,0,NULL,NULL
404691,2029,PRIMARY ADDRESS,FCC ENVIRONMENTAL SERVICES,PO BOX 654383,,DALLAS,TX,75265,,,,NULL,NULL,N,1,0,NULL
404692,2278,INVOICE,WALKER RECYCLING INC,501 E Market St,,Salem,IN,47167,US,(502) 649-8725,,NULL,NULL,Y,0,NULL,NULL
404693,1773,WILMINGTON CA,POTENTIAL INDUSTRIES INC,720 EAST E STREET,,WILMINGTON,CA,90744,,,,NULL,NULL,N,1,0,NULL
404694,2279,INVOICE,PITT PENN RECYCLING CO LLC,426 Freeport Road,PO Box 276,Creighton,PA,15030,,,,NULL,NULL,Y,0,NULL,NULL
404695,1299,"AUSTINTOWN, OH",ABSOLUTE POLYMERS,3786 Oakwood Ave,,Austintown,OH,44515,,,,NULL,NULL,N,0,0,NULL
404696,2280,INVOICE,EDCO DISPOSAL,6700 Federal Blvd,,Lemon Grove,CA,91945,,(760) 744-5615,,NULL,NULL,Y,0,NULL,NULL
404697,2281,INVOICE,SANCO SERVICES,1044 West Washington Avenue,,Escondido,CA,92025,,(760) 744-5615,,NULL,NULL,Y,0,NULL,NULL
404698,1307,"PARIS, KY",MONTGOMERY RECYCLING,233 East 20th St,Building 3,Paris,KY,40361,,(859) 327-5789 ,,NULL,NULL,N,0,0,NULL
404699,1866,"DALTON, GA",COLUMBIA RECYCLING - For HAMILTON POLY,2410 South Dixie Hwy,,Dalton,GA,30720,,(484) 245- 4557,,NULL,NULL,N,0,0,NULL
404700,2282,INVOICE,M DAVIS GROUP,2300 Palmer St,,Pittsburgh,PA,15218,,,,NULL,NULL,Y,0,NULL,NULL
404701,2282,"FT ATKINSON, WI",M Davis Group,1250 Butler Drive,,Fort Atkinson,WI,53538,,,,NULL,NULL,N,0,0,NULL
404702,2282,"STEVENS POINT, WI",M DAVIS GROUP,5001 Joerns Drive,,Stevens Point,WI,54481,,,,NULL,NULL,N,0,0,NULL
404703,2283,INVOICE,FORT PAYNE RECYCLING,406 Logan St SE,,Fort Payne,AL,35967,US,,,NULL,NULL,Y,0,0,NULL
404704,2106,"CHICAGO, IL",JEI INC,2200 W 43rd St.,,Chicago,IL,60609,,(312) 907-4149,,NULL,NULL,N,0,0,NULL
404705,2260,"SOUTH WINDSOR, CT",STRATEGIC MATERIALS For TOMRA,300 Rye Street,,South Windsor,CT,6074,,,,NULL,NULL,N,0,0,NULL
404706,1767,PRIMARY ADDRESS,GOOD DEEDS FOUNDATION,PO BOX 406,,DUNLAP,CA,93621,,,,NULL,NULL,N,0,0,NULL
404707,1257,"KALAMAZOO, MI",AJ'S RECYCLING SERVICES,3111 East Kilgore Road,,Kalamazoo,MI,49001,,(269) 349-2681,,NULL,NULL,N,0,0,NULL
404708,2284,INVOICE,JFC INTERNATIONAL ,3101 McCall Drive,Suite 3,Doraville,GA,30340,US,(678) 907-7045,,NULL,NULL,Y,0,NULL,NULL
404709,2285,INVOICE,PIONEER RECYCLING SERVICES LLC,Attn:  Accounts Receivable,16810 SE 120th Avenue,Clackamas,OR,97015,US,(206) 795-2873,(253) 846-9019,NULL,NULL,Y,0,NULL,NULL
404710,2285,"CLACKAMAS, OR",PIONEER RECYCLING SERVICES LLC,16810 SE 120th Avenue,,Clackamas,OR,97015,,(503) 537-5428,(503) 723-3086,NULL,NULL,N,0,0,NULL
404711,2285,"TACOMA, WA",PIONEER RECYCLING SERVICES LLC,4109 192nd St East,,Tacoma,WA,98446,US,(253) 210-3777,(253) 846-9019,NULL,NULL,N,0,0,NULL
404712,1307,"DAYTON, OH",MONTGOMERY RECYCLING,312 Mound St ,,Dayton,OH,45402,US,(859) 621-2616,,NULL,NULL,N,0,0,NULL
404713,2286,INVOICE,GOODWILL GULF COAST INC,2440 Gordon Smith Drive ,,Mobile,AL,36617,US,,,NULL,NULL,Y,0,NULL,NULL
404714,2287,INVOICE,HAMTRAMCK RECYCLING,3333 Hamtramck Drive,,Hamtramck,MI,48211,US,(313) 871-5000,,NULL,NULL,Y,0,NULL,NULL
404715,2288,INVOICE,SYNCOT PLASTICS,350 Eastwood Dr,,Belmont,NC,28012,US,,(704) 967-0022,NULL,NULL,Y,0,NULL,NULL
404716,2290,INVOICE,MYRON BOWLING AUCTIONEERS INC,3901 Kraus Lane,,Hamilton,OH,45014,,,,NULL,NULL,Y,0,NULL,NULL
404717,2290,PICKUP ADDRESS,Nordson EFD,8 Applegate Drive,,Robbinsville,NJ,8691,,,,NULL,NULL,N,0,0,NULL
404718,1577,SPRINGFIELD VA,GSA Springfield For CMS,6810 Loisdale Rd,Loading Dock 32,Springfield,VA,22150,,(443) 219-0683,,NULL,NULL,N,0,0,NULL
404719,2291,INVOICE,HIGH POINT PLASTICS,1024 Porter St,,High Point,NC,27263,US,,,NULL,NULL,Y,0,NULL,NULL
404720,1923,"GADSDEN, AL",TENNESSEE ALUMINUM PROCESSORS INC,205 SPURLINE DRIVE,,GADSDEN,AL,35903,US,248.684.5903,,NULL,NULL,N,0,0,NULL
404721,2292,INVOICE,CENTURION CONTAINER LLC,4330 Chesapeake Dr,,Charlotte,NC,28216,,,,NULL,NULL,Y,0,NULL,NULL
404722,2286,"MOBILE, AL",GOODWILL GULF COAST INC,7450 Hitt Road ,,Mobile,AL,36695,US,,,NULL,NULL,N,1,0,NULL
404723,2293,INVOICE,A&J ENTERPRISES,P.O. Box 2261 ,,Flemington ,NJ,8822,,,,NULL,NULL,Y,0,NULL,NULL
404724,2252,"RICHMOND, VA",MIDWEST PRODUCT RECOVERY,1306 Richmond Hwy,,Richmond,VA,23224,US,(612) 501-8157,,NULL,NULL,N,0,0,NULL
404725,2260,PRIMARY ADDRESS,TOMRA NORTH AMERICA INC,P.O. Box 22988,,New York,NY,10087-2988,,,,NULL,NULL,N,1,0,NULL
404726,2295,INVOICE,ACHEM INDUSTRY AMERICA INC,3000 Stitt Street,Suite 130,Monroe,NC,28110,,,,NULL,NULL,Y,0,NULL,NULL
404727,2296,INVOICE,MITCHELL CONTAINER SERVICES INC,226 Saraland Boulevard South,,Saraland,AL,36571,,(251) 675-3786,,NULL,NULL,Y,0,NULL,NULL
404728,1232,JEFFERSON LA,Commercial Waste Recycling,246 St George Ave,,Jefferson,LA,70121,,417-671-0056  ,,NULL,NULL,N,0,0,NULL
404729,2044,"GREENVILLE, SC",Sunland Logistics,255 Blackhawk Rd,,Greenville,SC,29611,,,,NULL,NULL,N,0,0,NULL
404730,2297,INVOICE,COSCO CONTAINER LINES,588 Harbor Scenic Way,3rd Floor,Long Beach,CA,90802,,(213) 689-6700,(213) 689-6777,NULL,NULL,Y,0,NULL,NULL
404731,2299,INVOICE,HAPAG - LLOYD,399 HOES LANE,,PISCATAWAY,NJ,8854,US,(732) 562-1800,(732) 885-6210,NULL,NULL,Y,0,NULL,NULL
404732,2300,INVOICE,MING'S RECYCLING,3316 47th Avenue,,Sacramento ,CA,95824,,,,NULL,NULL,Y,0,NULL,NULL
404733,2044,"PERRIS, CA",PREZERO US SERVICES LLC,200 Sinclair St,,Perris,CA,92517,,,,NULL,NULL,N,0,0,NULL
404734,1866,"WOOD DALE, IL",Recycled Vinyls c/o Continental/RV,101 Mark St,Suite A,Wood Dale,IL,60191,,,,NULL,NULL,N,0,0,NULL
404735,1844,"THIEF RIVER FALLS, MN",Les' Sanitation,1345 Hwy 32 South,,Thief River Falls,MN,56701,,,,NULL,NULL,N,0,0,NULL
404736,2256,PRIMARY ADDRESS,NAPA RECYCLING AND WASTE SVCS,: P.O. Box 239 .,,Napa,CA,94558,,,,NULL,NULL,N,1,0,NULL
404737,2301,INVOICE,METRO WASTE AUTHORITY,300 E. Locust St. ,Suite 100,DES MOINES,IA,50309,,,,NULL,NULL,Y,0,NULL,NULL
404738,2302,INVOICE,FOUR WAY PALLET,191 E 2nd St,,Huntington Station,NY,11746,US,(631) 673-4700,,NULL,NULL,Y,0,NULL,NULL
404739,1938,"BAY SHORE, NY",TRY Recycling,135 South 2nd St,,Bay Shore,NY,11706,US,,,NULL,NULL,N,0,0,NULL
404740,2303,INVOICE,A&S METALS,PO Box 955,,Castroville,CA,95012,,(831) 633-3379,,NULL,NULL,Y,0,NULL,NULL
404741,2303,MODESTO CA,A&S METALS,1616 Angelo Way,,Modesto,CA,95358,,(209) 537-4766,,NULL,NULL,N,0,0,NULL
404742,1299,"HENDERSON, KY",NYLENE CUSTOM RESINS,1421 Highway 136 West,,Henderson,KY,42420,US,,,NULL,NULL,N,0,0,NULL
404743,2283,PRIMARY ADDRESS,CITY OF FORT PAYNE,100 ALABAMA  AVENUE NW,,FORT PAYNE,AL,35967,,,,NULL,NULL,N,1,0,NULL
404744,1866,REMIT,HAMILTON POLYMERS COMPANY,10355 NE Valley Rd. #4650,,Rollingbay,WA,98061,,,,NULL,NULL,N,1,0,NULL
404745,2304,INVOICE,MOTION CITY TRANSPORTATION ,PO Box 1704,,Los Angeles,CA,90001,,310-638-1684,,NULL,NULL,Y,0,NULL,NULL
404746,2305,INVOICE,HD PALLET COMPANY LLC,"1910 Madison Ave., Ste 66",,Memphis,TN,38104-2620,US,(901) 825-7284,,NULL,NULL,Y,0,NULL,NULL
404747,1299,"DAYTON, OH 2",GDB INTERNATIONAL,931 Deeds Ave,,Dayton,OH,45404,US,,,NULL,NULL,N,0,0,NULL
404748,2292,PRIMARY ADDRESS,CENTURION CONTAINER LLC,15555 SOUTH LASALLE ST,,SOUTH HOLLAND,IL,60473,,(708) 713-4329,,NULL,NULL,N,1,0,NULL
404749,1775,DALE TX,STERICYCLE,2607 Highway 21 West ,,Dale,TX,78616,US,,,NULL,NULL,N,0,0,NULL
404750,1872,REMIT,WAGRAM PAPER STOCK INC.,PO Box 328,21880 2nd Street,Wagram,NC,28396,,,,NULL,NULL,N,1,0,NULL
404751,2306,INVOICE,SELECT PALLETS OF EDISON,71 Executive Dr,,Edison,NJ,8817,,,,NULL,NULL,Y,0,NULL,NULL
404752,2307,INVOICE,CAPITAL PAPER RECYCLING,530 West Street,Suite Number 3,Braintree,MA,2184,,(781) 340-9425,,NULL,NULL,Y,0,NULL,NULL
404753,1359,DELIVERY ADDRESS,New England Recycling,569 Winthrop Street,,Taunton,MA,2780,,,,NULL,NULL,N,0,0,NULL
404754,1577,"TIPTON, IA","Cedar Poly - Dekorators, Inc.",200 Commerce Blvd,,Tipton,IA,52772,US,,,NULL,NULL,N,0,0,NULL
404755,1505,"YORKTOWN, IN",EAST TERRA PLASTIC RECYCLING,9511 W Depot St,,Yorktown,IN,47396,,,,NULL,NULL,N,1,0,NULL
404756,1775,"FRESNO, TX",STERICYCLE,2725 FM 521,,Fresno,TX,77545,,,,NULL,NULL,N,0,0,NULL
404757,2308,INVOICE,M&J FARMS,1360 Davis Rd,,Lexington,TN,38351,,731-967-2048,,NULL,NULL,Y,0,NULL,NULL
404758,1429,PRIMARY ADDRESS,TRANSFER SYSTEMS & WAREHOUSING,P.O. Box 668,,Frankfort,IN,46041,,,,NULL,NULL,N,1,0,NULL
404759,2248,ATLANTA GA - PALLET CONSULTANTS,48 FORTY SOLUTIONS,2555 Moreland Ave. SE,,Atlanta,GA,30315,,,,NULL,NULL,N,0,0,NULL
404760,2308,LEXINGTON TN,M&J FARMS,34 Cedar Street,,Lexington,TN,38351,,731-967-2048,,NULL,NULL,N,0,0,NULL
404761,2001,BELLFONTAINE OH,ARCH POLYMERS INC,300 Progress Way,,Bellfontaine,OH,43311,,614-437-5588,,NULL,NULL,N,0,0,NULL
404762,2309,INVOICE,PLACON CORP,6096 McKee Road,,Madison,WI,53719,US,608-298-4036,,NULL,NULL,Y,0,NULL,NULL
404763,2309,DELIVERY ADDRESS,PLACON CORP,6124 McKee Road,,Madison,WI,53719,US,,,NULL,NULL,N,0,0,NULL
404764,2305,REMIT,HD PALLET COMPANY LLC,PO Box 9288,,Memphis,TN,38190,,,,NULL,NULL,N,1,0,NULL
404765,2310,INVOICE,NEW ENGLAND RECYCLING,490 Winthrop Street,,Tauton,MA,2780,US,(508) 822-4345,,NULL,NULL,Y,0,NULL,NULL
404766,2311,INVOICE,GREENE COUNTY PALLETS INC,6268 E State Road 54,,Bloomfield,IN,47424,US,(812) 384-8362,,NULL,NULL,Y,0,NULL,NULL
404767,2312,INVOICE,PLASTICS PLUS,4200 N. Atlantic Blvd,,Auburns Hills,MI,48326,US,,,NULL,NULL,Y,0,NULL,NULL
404768,1866,CORDELE GA - STEEL RD,McMillian Plastics,165 Steel Rd,,Cordele,GA,31015,,,,NULL,NULL,N,0,0,NULL
404769,1866,ROLLINGBAY WA,HAMILTON POLYMERS COMPANY,10355 NE Valley Rd. #4650,,Rollingbay,WA,98061,,,,NULL,NULL,N,0,0,NULL
404770,2041,WASHINGTON MO,GREENVIEW MATERIALS INC,3 Southlink Drive,,Washington,MO,63090,,,,NULL,NULL,N,0,0,NULL
404771,2312,CHERRYSVILLE NC,PLASTICS PLUS,254 Tot Delinger Rd,,Cherrysville,NC,28021,,,,NULL,NULL,N,0,0,NULL
404772,2313,INVOICE,501K RECYCLING LLC,540 Beaver Creek Rd,,Huntingdon,TN,38344,,,,NULL,NULL,Y,0,NULL,NULL
404773,1307,"LEXINGTON, KY",MONTGOMERY RECYCLING,247 South Forbes Rd,,Lexington,KY,40511,US,(859) 621-2616,,NULL,NULL,N,0,0,NULL
404774,2262,REMIT,PALLET SERVICES LLC,1971 W. Lumsden Rd,Suite 300,"Brandon,",FL,33511,,,,NULL,NULL,N,1,0,NULL
404775,2207,LODI CA,BAY POLYMER,1300 E Victor Rd,,Lodi,CA,95240,,,,NULL,NULL,N,1,0,NULL
404776,2314,INVOICE,ADVANTAGE PALLETS,1652 Hubbard Rd,,East Aurora,NY,14052,,716-341-2496,,NULL,NULL,Y,0,NULL,NULL
404777,2314,LACKAWANNA NY,ADVANTAGE PALLETS,2800 Hamburg Turnpike,,Lackawanna,NY,14218,,,,NULL,NULL,N,0,0,NULL
404778,2315,INVOICE,MCGARD INNOVATIVE SECURITY PRODUCTS,3875 California Rd,,Orchard Park,NY,14127,,(716) 725-2984,,NULL,NULL,Y,0,NULL,NULL
404779,2267,REMIT,CAVALRY BROKERAGE INC,214 Black Oak Rd,,Harriman,TN,37748,US,,,NULL,NULL,N,1,0,NULL
404780,2249,PUENTE HILLS CA,ATHENS SERVICES,1955 Workman Mill Rd,,Whittier,CA,90601,,(626) 723-3762,,NULL,NULL,N,0,0,NULL
404781,2106,HOUSTON TX,Woodlands Recycle Group,1242 Kress St.,,Houston,TX,77020,,,,NULL,NULL,N,0,0,NULL
404782,2316,INVOICE,PLASTIC SCRAP SOLUTIONS,16738 Lakeshore Dr,Suite H157,Lake Elsinore,CA,92530,,,,NULL,NULL,Y,0,NULL,NULL
404783,2316,SAN DIEGO CA,HJM International Enterprises,9505 Airway Road,Suite 500 - Dock Doors 27-32,San Diego,CA,92154,,,,NULL,NULL,N,0,0,NULL
404784,2313,PARIS TN,501K RECYCLING LLC,1580 Industrial Park Rd ,,Paris ,TN,38242,,,,NULL,NULL,N,0,0,NULL
404785,2317,INVOICE,CEDAR AVENUE RECYCLING TRANSFER STATION,PO Box 446,,Fresno,CA,93709,US,559-233-1158,,NULL,NULL,Y,0,NULL,NULL
404786,2317,FRESNO CA,CEDAR AVENUE RECYCLING TRANSFER STATION,3457 S. Cedar Avenue,,Fresno,CA,93725,,559-233-1158,,NULL,NULL,N,0,0,NULL
404787,1199,"SALISBURY, MD",Delmarva Recycling,300D Moss Hill Lane,,Salisbury,MD,21802,US,(410) 860-1425,,NULL,NULL,N,0,0,NULL
404788,1924,JACKSON MS,FV RECYCLING,3010 N Mill Street,,Jackson,MS,39216,,,,NULL,NULL,N,0,0,NULL
404789,1924,NISSAN - CANTON MS,NISSAN,544 Nissan Parkway,,Canton,MS,39046,US,,,NULL,NULL,N,0,0,NULL
404790,2320,INVOICE,UNITED STEEL AND AGGREGATE INC,755 5th Ave SE,,Dickinson,ND,58601,,701-456-7220,,NULL,NULL,Y,0,NULL,NULL
404791,1802,SAFEWAY - DENVER CO,SAFEWAY DISTRIBUTION CENTER,4600 Stapleton S Dr,,Denver,CO,80216,,,,NULL,NULL,N,0,0,NULL
404792,2278,"SCOTTSBURG, IN",WALKER RECYCLING INC,845 S Elm St,,Scottsburg,IN,47170,US,,,NULL,NULL,N,0,0,NULL
404793,2321,INVOICE,UNITED STATES PLASTIC CORPORATION,1390 Neubrecht Rd,,Lima,OH,45801,,,,NULL,NULL,Y,0,NULL,NULL
404794,2322,INVOICE,KELDORAN UNLIMITED,124 Jewett Street,,Manchester,NH,3103,US,,,NULL,NULL,Y,0,NULL,NULL
404795,2323,INVOICE,DOCK 2 DOCK LLC,813 S. Oakland St,,Gastonia,NC,28052,,,,NULL,NULL,Y,0,NULL,NULL
404796,1924,MEMPHIS TN,NISSAN,5605 Holmescrest Ln,,Memphis,TN,38118,US,,,NULL,NULL,N,0,0,NULL
404797,2324,INVOICE,LOVE PALLET,460 Mundet Place,PO Box 774,Hillside,NJ,7205,,908-247-4090,,NULL,NULL,Y,0,NULL,NULL
404798,2324,BLOOMSBURY NJ,LOVE PALLET,601 Country Road 627,,Bloomsbury,NJ,8804,,908-247-4090,,NULL,NULL,N,0,0,NULL
404799,2325,INVOICE,EPES LOGISTICS SERVICES INC,PO BOX 35884,,Greensboro,NC,27425,,336.665.1553x1954 ,,NULL,NULL,Y,0,NULL,NULL
404800,1292,EMMETSBURG IA,POET BIOPROCESSING - FOR CHS PLASTICS,4724 380th Street,,Emmetsburg,IA,50536,,,,NULL,NULL,N,0,0,NULL
404801,2326,INVOICE,THERMOPLASTIC TRADING INC,707 Miamisburg-Centerville Rd.,Box 248,Dayton,OH,45459,,(845) 247-0373,,NULL,NULL,Y,0,0,NULL
404802,2327,INVOICE,FLORIDA PLASTIC RECYCLING,5220 New Kings Road,,Jacksonville,FL,32209,US,(904) 379-2057,,NULL,NULL,Y,0,NULL,NULL
404803,2328,INVOICE,FALCON PAPERS,2 Terminal Way, Building A,Avenel,NJ,7001,US,,,NULL,NULL,Y,0,NULL,NULL
404804,2328,SOUTH HOLLAND IL,FALCON PAPERS,330 W Armory Dr,,South Holland,IL,60473,,,,NULL,NULL,N,0,0,NULL
404805,2325,PRIMARY ADDRESS,EPES LOGISTICS SERVICES INC,538A North Regional Road,,Greensboro,NC,27409,,,,NULL,NULL,N,0,0,NULL
404806,2329,INVOICE,CW CARRIERS USA,PO Box 424,,Lithia,FL,33547,US,,,NULL,NULL,Y,0,NULL,NULL
404807,1802,"YPSILANTI, MI - EBY BROWN",EBY BROWN,2085 E Michigan Ave,,Ypsilanti,MI,48198,,,,NULL,NULL,N,0,0,NULL
404808,2330,INVOICE,CERTIFIED ENTERPRISES,555. S. Rose Street,,Anaheim,CA,92805,,(714) 635-2181,(714) 635-0138,NULL,NULL,Y,0,NULL,NULL
404809,2076,JOHNSTON IA,KAMPS INC,6600 Merle Hay Rd,,Johnston,IA,50131,,,,NULL,NULL,N,0,0,NULL
404810,2331,WASHINGTON MO,GREENVIEW MATERIALS INC,3 Southlink Drive,,Washington,MO,63090,,,,NULL,NULL,Y,0,0,NULL
404811,2331,INVOICE,GREENVIEW WASHINGTON WAREHOUSE,1800 W Rogers Ave,,Appleton,WI,54914,,,,NULL,NULL,N,1,0,NULL
404812,(INV),GREENVIEW WASHINGTON WAREHOUSE,NULL,NULL,NULL,NULL,NULL,NULL,NULL,NULL,NULL,NULL,NULL,N,NULL,NULL,NULL
404813,1802,SPROUT - ATLANTA GA,RELOGISTICS,1239 Oakleigh Drive,,Atlanta,GA,30344,,,,NULL,NULL,N,0,0,NULL
404814,1772,"SHIREMANSTOWN, PA",IGPS LOGISTICS LLC,431 railroad ave suite c,,Shiremanstown,PA,17011,US,(248) 804-8148,,NULL,NULL,N,0,0,NULL
404815,1866,LAREDO TX,SE MARES INC,1901 Shea St,,Laredo,TX,78040,,,,NULL,NULL,N,0,0,NULL
404816,2332,INVOICE,GEORGETOWN PAPER STOCK,14820 Southlawn Ln,,Rockville,MD,20850,,,,NULL,NULL,Y,0,NULL,NULL
404817,2332,BALTIMORE MD,GEORGETOWN PAPER STOCK,1404 Benson Ct,,Arbutus,MD,21227,,,,NULL,NULL,N,0,0,NULL
404818,2333,INVOICE,CUSTOM POLYMERS INC,831 E Morehead St,Suite 840,Charlotte,NC,28202,,866.717.0716,704.372.1606,NULL,NULL,Y,0,NULL,NULL
404819,2333,CHARLOTTE NC,CUSTOM POLYMERS INC,1001 Bond Street,Suite A,Charlotte,NC,28208,,,,NULL,NULL,N,0,0,NULL
404820,2334,INVOICE,360RESINS LLC,166 CENTER STREET,,CAPE CANAVERAL,FL,32920,,,,NULL,NULL,Y,0,NULL,NULL
404821,2335,INVOICE,CONTINENTAL INDUSTRIES GROUP INC,733 3rd Ave,21st Floor,New York,NY,10017,,,,NULL,NULL,Y,0,NULL,NULL
404822,2336,INVOICE,FLEX TECH HOSE & TUBING LLC,1100 Civic Center Loop ,,San Marcos,TX,78666,,512-396-2667 ,512-396-2672  ,NULL,NULL,Y,0,NULL,NULL
404823,1997,BROWNSVILLE TX,LEYENDECKER SUPPLY CHAIN - FOR GPN,2700 RL Ostos Rd,,Brownsville,TX,78521,,,,NULL,NULL,N,0,0,NULL
404824,2334,YOUNGSTOWN OH,360 RESINS LLC,107 N.Hine Street,,Youngstown,OH,44506,,,,NULL,NULL,N,0,0,NULL
404825,2337,INVOICE,BIRDSONG PEANUTS,P.O. Box 650,,Blakely,GA,39823,,(229) 758-3520,,NULL,NULL,Y,0,NULL,NULL
404826,2337,BLAKELY GA,BIRDSONG PEANUTS - GA,198 N Bay St,,Blakely,GA,39823,,(229) 758-3520,,NULL,NULL,N,0,0,NULL
404827,2338,INVOICE,COMPLETE RESOURCE MANAGEMENT,1701 N Washington St,,Albany,GA,31701,,(229) 776-0065,,NULL,NULL,Y,0,NULL,NULL
404828,2335,MORROW GA,CONTINENTAL INDUSTRIES GROUP INC,6838 Southlake Parkway,,Morrow,GA,30260,,212-752-2022 x4610,,NULL,NULL,N,0,0,NULL
404829,2339,INVOICE,RECYCLING & WASTE REDUCTION,2812 North Nichols Street,,Ft Worth,TX,86106,,(817) 236-1008,,NULL,NULL,Y,0,NULL,NULL
404830,(INV),RECYCLING & WASTE REDUCTION,NULL,NULL,NULL,NULL,NULL,NULL,NULL,NULL,NULL,NULL,NULL,N,NULL,NULL,NULL
404831,2340,INVOICE,NORMAN TEXTILE SALES,1 Bomar St,,Inman,SC,29349,US,(864) 237-1166,,NULL,NULL,Y,0,NULL,NULL
404832,2340,"LOWELL, NC",NORMAN TEXTILE SALES,100 Saxony Dr,,Lowell,NC,28098,US,(864) 237-1166,,NULL,NULL,N,0,0,NULL
404833,2341,INVOICE,FULL CIRCLE TECHNOLOGIES LLC,992 Handley Road,,Lyndhurst,OH,44312,,330-732-7145,,NULL,NULL,Y,0,NULL,NULL
404834,2341,AMWARE - Akron OH,AMWARE Warehouse,2700 Gilchrist Road ,,Akron,OH,44306,,,,NULL,NULL,N,0,0,NULL
404835,2341,Barberton OH,FULL CIRCLE TECHNOLOGIES LLC,345 15th Street NW  ,,Barberton,OH,44305,,330-732-7145,,NULL,NULL,N,0,0,NULL
404836,1802,"GRAY COURT, SC",48 FORTY SOLUTIONS - IB,2174 Quarry Rd,,Gray Court,SC,29645,US,(864) 876-2508,,NULL,NULL,N,0,0,NULL
404837,1802,"JACKSONVILLE, FL  - SITE 314",48 FORTY SOLUTIONS - IB,1555 Melbourne Ave,,Haines City,FL,33844,,(863) 422-3022,,NULL,NULL,N,0,0,NULL
404838,2342,INVOICE,APJ RECYCLING,401 N CARROLL AVE #180,,SOUTHLAKE,TX,76092,,,,NULL,NULL,Y,0,NULL,NULL
404839,2342,FORT WORTH TX,APJ RECYCLING,"990 Haltom Rd, Suite 140",,Fort Worth,TX,76117,,,,NULL,NULL,N,0,0,NULL
404840,1887,GITI - RICHBURG SC,GITI TIRE,1000 Giti Dr,,Richburg,SC,29729,,,,NULL,NULL,N,0,0,NULL
404841,1326,"HOG TECHNOLOGIES - STUART, FL",POWERHOUSE RECYCLING,3920 SE Commerce Ave,,Stuart,FL,34997,,,,NULL,NULL,N,0,0,NULL
404842,2076,SIOUX CITY IA,KAMPS INC,2201 Boulevard of Champions ,,Sioux City ,IA,51111,,,,NULL,NULL,N,0,0,NULL
404843,1802,"TARGET - RIALTO, CA",TARGET,3105 N Mango Ave,,Rialto,CA,92377,,(815) 255 8465,,NULL,NULL,N,0,0,NULL
404844,2248,"ADAIRSVILLE, GA",48 FORTY SOLUTIONS,2427 GA-140,,Adairsville,GA,30103,US,770-773-3054,,NULL,NULL,N,0,0,NULL
404845,2344,INVOICE,RECYCLABLE MATERIALS MARKETING,217 Terrace Hill Street,Suite B10,Brantford,ON,N3R 1G8,CA,850-676-1802,,NULL,NULL,Y,0,NULL,NULL
404846,2344,"MARLETTE, MI",RIVERVIEW RECYCLING,6359 Euclid Street,,Marlette,MI,48453,,989-671-7453,,NULL,NULL,N,0,0,NULL
404847,2345,INVOICE,PIKE PLASTICS RECYCLING LLC,479 Industrial Park Dr,,Waverly,OH,45690,,(740) 835-4494,,NULL,NULL,Y,0,NULL,NULL
404848,2346,INVOICE,ARMSTRONG RECYCLING CENTER,402 Market Street,, kittaning,PA,16201,US,(724) 548-3397,,NULL,NULL,Y,0,NULL,NULL
404849,2346,PICK UP ADDRESS,ARMSTRONG RECYCLING CENTER,139 Armsdale Rd,,Kittanning,PA,16201,US,(724) 548-3397,,NULL,NULL,N,0,0,NULL
404850,1802,"FONTANA, CA  - SITE 522",48 FORTY SOLUTIONS,14966 Whittram Ave,,Fontana,CA,92335,,(909) 371-0101,,NULL,NULL,N,0,0,NULL
404851,2342,DALLAS TX,APJ RECYCLING,3330 Pluto Dr.,,Dallas,TX,75212,,,,NULL,NULL,N,0,0,NULL
404852,2347,INVOICE,NORTHCOAST RECYCLING,1305 Lloyd Rd,,Wickliffe,OH,44092,,(800) 834-8344,,NULL,NULL,Y,0,NULL,NULL
404853,1199,"HAZLETON, PA",EFS PLASTICS US,504 WHITE BIRCH ROAD,,HAZLETON,PA,18202,US,,,NULL,NULL,N,0,0,NULL
404854,1775,LUBBOCK TX,STERICYCLE,2901 NE Loop 289,,Lubbock,TX,79403-3927,,505.908-0466,,NULL,NULL,N,0,0,NULL
404855,1775,ALBUQUERQUE NM,STERICYCLE,1920 First St NW,,Albuquerque,NM,87102,,(505) 908-0466,,NULL,NULL,N,0,0,NULL
404856,2075,MESQUITE TX,REVOLUTION COMPANY,3328 Executive Blvd,,Mesquite,TX,75149,,972-216-3331,,NULL,NULL,N,0,0,NULL
404857,2348,INVOICE,ECOLOGY RECYCLING & CONSULTING INC,95 Hedgedale Rd,Unit 4,Brampton,ON,L6T 5P3,CA,,,NULL,NULL,Y,0,NULL,NULL
404858,1405,ST LOUIS MO,PLM,7100 Hazelwood Ave.,,St Louis,MO,63042,,217-519-5372,,NULL,NULL,N,0,0,NULL
404859,1299,OAK CREEK WI,CROTHALL LAUNDRY For JB Plastics,9905 S 13th St.,,Oak Creek,WI,53154,,,,NULL,NULL,N,0,0,NULL
404860,2349,INVOICE,SUMMIT POLYMERS LLC,107 N Hine St,,Youngstown,OH,44506,US,(330) 651-1323,,NULL,NULL,Y,0,NULL,NULL
404861,1678,"EASTON, PA",Goodworks Reprocessing,9 McFadden Rd,,Easton,PA,18045,US,215.361.8222 ,,NULL,NULL,N,0,0,NULL
404862,1455,PRIMARY ADDRESS,PETOSKEY PLASTICS,1100 West Grant St,,Hartford City,IN,47348,,,,NULL,NULL,N,0,0,NULL
404863,2350,INVOICE,GM PALLETS LLC,PO Box 16116,,Cincinnati,OH,45217,,,,NULL,NULL,Y,0,NULL,NULL
404864,2350,CINCINNATI OH,GM PALLETS LLC,121 City Centre Dr,,Cincinnati,OH,45216,,513-761-0341,,NULL,NULL,N,0,0,NULL
404865,2351,INVOICE,CITY OF LAURINBURG,503 Hall Street,,Laurinburg,NC,28352,,(910) 276-2364,,NULL,NULL,Y,0,0,NULL
404866,2352,INVOICE,DIXIE PLASTICS INC.,479 FIDDLERS CREEK DR,,WEST MONROE,LA,71291,,(318) 235-4355,,NULL,NULL,Y,0,NULL,NULL
404867,2240,ALLENDALE MI,WESTLAND SERVICES,5224 Rich Street,,Allendale,MI,49401,,,,NULL,NULL,N,0,0,NULL
404868,2353,INVOICE,NORTH PLUS LOGISTICS,PO Box 36117,RPO Northgate,Brampton,ON,L6S 6A3,CA,(716) 277-0070,,NULL,NULL,Y,0,NULL,NULL
404869,1866,WHEELING IL,NORTHSTAR TRADING For Hamilton Poly,50 Messner Dr,,Wheeling ,IL,60090,,,,NULL,NULL,N,0,0,NULL
404870,1505,YORKTOWN IN - MARSH,EAST TERRA PLASTIC RECYCLING,2800 S Marsh Ave,,Yorktown,IN,47396,,317-252-0287,,NULL,NULL,N,0,0,NULL
404871,2354,INVOICE,4TH GENERATION RECYCLING,P.O. Box 117165,,Atlanta,GA,30368-7165,,954-306-6901,,NULL,NULL,Y,0,NULL,NULL
404872,2355,INVOICE,JACKSON COUNTY DEVELOPMENTAL CENTER,270 Jack Burlingame Dr,,Millwood,WV,25262,US,(304) 531-1656,,NULL,NULL,Y,0,NULL,NULL
404873,1802,ANTIOCH CA,48 FORTY SOLUTIONS,2276 Wilbur Lane,,Antioch,CA,94509,,(216) 333-9991,,NULL,NULL,N,0,0,NULL
404874,1298,LIMA OH,IN-PLAS RECYCLING,541 S Central Ave,,Lima,OH,45804,,,,NULL,NULL,N,0,0,NULL
404875,1803,"NORTHAMPTON, PA - SITE 227",48 FORTY SOLUTIONS,800 Held Dr,,Northampton,PA,18067,US,(610) 262-9799,,NULL,NULL,N,0,0,NULL
404876,2354,KENTWOOD MI,4TH GENERATION RECYCLING,2929 32nd St,Docks 15-18,Kentwood,MI,49512,,,,NULL,NULL,N,0,0,NULL
404877,2356,INVOICE,S&B PALLET CO,24 Connerty Ct,,East Brunswick,NJ,8816,US,908 756 3606,,NULL,NULL,Y,0,0,NULL
404878,2357,INVOICE,GENERAL PALLET INDUSTRIES,97 River Road,,Flemington,NJ,8822,,908-238-1000,,NULL,NULL,Y,0,NULL,NULL
404879,2358,INVOICE,BLUE MARBLE RECYCLING LLC,16736 E. Benwood Street,,Covina,CA,91722,US,(626) 664-3254,,NULL,NULL,Y,0,NULL,NULL
404880,2358,"SAVANNAH, GA",BLUE MARBLE RECYCLING LLC,TBD,,Savannah,GA,,US,(626) 664-3254,,NULL,NULL,N,0,0,NULL
404881,2359,INVOICE,LEXINGTON-FAYETTE URBAN COUNTY GOVERNMENT,ATTENTION: RECYCLING REVENUE,200 EAST MAIN STREET,Lexington,KY,40507,US,(859) 280-8584,,NULL,NULL,Y,0,NULL,NULL
404882,2360,INVOICE,CUMBERLAND COUNTY RECYCLING CENTER,1805 South Main Street,,Burkesville,KY,42717,US,(270) 864-3444,270-864-1664,NULL,NULL,Y,0,NULL,NULL
404883,2361,INVOICE,CEDAR RIDGE MINISTRIES RECYCLING,537 South 10th St,,Williamsburg,KY,40769,US,(606) 549-1372,,NULL,NULL,Y,0,NULL,NULL
404884,1292,FONTANA CA,CHS PLASTICS INC,11800 Industry Ave,,Fontana,CA,92337,,,,NULL,NULL,N,0,0,NULL
404885,1802,MORENO VALLEY CA - ALDI,ALDI INC,12661 Aldi Pl,,Moreno Valley,CA,92555,,,,NULL,NULL,N,0,0,NULL
404886,2363,INVOICE,TOYOTETSU AMERICA INC,100 Pin Oak Drive,,Somerset,KY,42503,,,,NULL,NULL,Y,0,NULL,NULL
404887,2364,INVOICE,GRAVITY CONCEPTS LIMITED ,17505 Telge Rd ,Suite 102,Cypress,TX,77429,,,,NULL,NULL,Y,0,NULL,NULL
404888,1891,"HAZLETON, PA",EFS PLASTICS,504 WHITE BIRCH ROAD,,HAZLETON,PA,18202,US,(570) 455-0925,,NULL,NULL,N,0,0,NULL
404889,2365,INVOICE,CL FREIGHTS,"8102 W Chester Pike, Ste 105",,Upper Darby,PA,19082,,,,NULL,NULL,Y,0,NULL,NULL
404890,2367,INVOICE,DBA TWIN CITY PALLET,12181 Margo Ave S,,Hastings,MN,55033,US,651-450-1952,,NULL,NULL,Y,0,NULL,NULL
404891,2361,PICK UP LOCATION,CEDAR RIDGE MINISTRIES RECYCLING,189 Keller Rd,,Williamsburg,KY,40769,US,(606) 549-1372,,NULL,NULL,N,0,0,NULL
404892,2368,INVOICE,RTS SOLUTIONS LLC,96 American Dr.,Ste 100A,Jackson,TN,38301,US,704-213-5568,,NULL,NULL,Y,0,NULL,NULL
404893,2369,INVOICE,PARKER PALLET,85 Gibson Hwy,,Milan,TN,38358,US,(731) 414-1342,,NULL,NULL,Y,0,NULL,NULL
404894,2354,MT JULIET TN,ALDI for 4TH GENERATION RECYCLING,2080 ALDI Boulevard,,Mt Juliet,TN,37122,,,,NULL,NULL,N,0,0,NULL
404895,2354,YOUNGSTOWN OH,360 RESINS FOR 4TH GENERATION RECYCLING,107 N Hine Street,,Youngstown,OH,44506,,954-306-6901,,NULL,NULL,N,0,0,NULL
404896,2370,INVOICE,POORAN PALLETS,PO Box 740007,,Bronx,NY,10474,US,(914) 403-0614,,NULL,NULL,Y,0,NULL,NULL
404897,2370,"BAYONNE, NJ",POORAN PALLETS,54 Hook Rd,,Bayonne,NJ,7002,US,,,NULL,NULL,N,0,0,NULL
404898,1299,CHARLOTTE NC,RSM Company,811 Pressley Road,,Charlotte,NC,28217,,,,NULL,NULL,N,0,0,NULL
404899,2371,INVOICE,EATON CORPORATION,4200 US-30,,Kearney,NE,68847,US,402-902-7797,,NULL,NULL,Y,0,NULL,NULL
404900,2372,INVOICE,DIVERSIFIED RECYCLING SERVICES LLC,1951 Hamburg Turnpike,Building 10a,Lackawanna,NY,14218,US,(716) 331-3672,,NULL,NULL,Y,0,NULL,NULL
404901,2371,KEARNEY NE - CABELAS,Cabela's for Eaton,3600 US 30,,Kearney,NE,68847,,,,NULL,NULL,N,0,0,NULL
404902,2326,HOUSTON TX,THERMOPLASTIC TRADING INC,10545 Fisher Rd,,Houston,TX,77041,,,,NULL,NULL,N,0,0,NULL
404903,2373,INVOICE,NAV LOGISTICS INC,12620 FM 1960 A-4,,Houston,TX,77065,,832-886-0169,,NULL,NULL,Y,0,NULL,NULL
404904,2374,INVOICE,SAXON KOGER,4329 Crescent Springs Ct,,Lexington ,KY,40515,,,,NULL,NULL,Y,0,NULL,NULL
404905,2375,INVOICE,JC POLYMER,481 Welham Rd,Unit 14,Barrie,ON,L4N 8Z6,CA,,,NULL,NULL,Y,0,NULL,NULL
404906,2376,INVOICE,STUFF RECYCLING,6169 Lexington Road,,Winchester,KY,40391,,,,NULL,NULL,Y,0,NULL,NULL
404907,2377,INVOICE,SA RECYCLING LLC,2411 N. Glassell Street,,Orange,CA,92865,,713- 832-2090,,NULL,NULL,Y,0,NULL,NULL
404908,2377,HOUSTON TX - AFDS,American Fulfillment & Distribution Services,1302 Waugh Dr.,PMB# 554,Houston,TX,77019,,713-832-2090,,NULL,NULL,N,0,0,NULL
404909,1480,REMITTANCE,AXLE LOGISTICS,PO Box 896456,,Charlotte,NC,28289,,,,NULL,NULL,N,1,0,NULL
404910,2378,INVOICE,DOMINO PLASTICS COMPANY,200 E. Broadway,,Port Jefferson,NY,11777,US,(631) 751-1995,(631) 751-9396,NULL,NULL,Y,0,NULL,NULL
404911,2379,INVOICE,INFILTRATOR WATER TECHNOLOGIES,2600 Corporate Drive,,Winchester,KY,40391,US,,,NULL,NULL,Y,0,NULL,NULL
404912,2379,PICK UP LOCATION,INFILTRATOR WATER TECHNOLOGIES,5555 Rockwell Rd,,Winchester,KY,40391,US,859-745-6774,,NULL,NULL,N,0,0,NULL
404913,1612,"JOLIET, IL",Green Earth Recycling  (from Newco Fibers),711 E. Benton St,, Joliet,IL,60432,US,779-227-7772,,NULL,NULL,N,0,0,NULL
404914,2380,INVOICE,DYNAMIC LIFECYCLE INNOVATIONS,N5549 County Rd Z,,Onalaska,WI,54650,US,608-386-7771,,NULL,NULL,Y,0,NULL,NULL
404915,2381,INVOICE,OMEGA PLASTICS LLC,2636 Byington Solway Rd,,Knoxville,TN,37931,US,865-690-2211,,NULL,NULL,Y,0,NULL,NULL
404916,2382,INVOICE,CIMCO RESOURCES INC,1616 Windsor Rd,,Loves Park,IL,61111,,,,NULL,NULL,Y,0,NULL,NULL
404917,2382,ROCK FALLS IL,Precision Metal Industries For CIMCO,41 US Highway 30,,Rock Falls,IL,61071,,815.535.0547,,NULL,NULL,N,0,0,NULL
404918,1299,BARDSTOWN KY,JB PLASTICS,300 Spencer-Mattingly Way,,Bardstown,KY,40004,,,,NULL,NULL,N,0,0,NULL
404919,1802,RICHMOND IL,48 FORTY SOLUTIONS,11600 Sterling Pkwy,,Richmond,IL,60071,US,,,NULL,NULL,N,0,0,NULL
404920,1326,LITTON DRIVE,POWERHOUSE RECYCLING,1325 Litton Dr,,Salisbury,NC,28147,,,,NULL,NULL,N,0,0,NULL
404921,2383,INVOICE,THE SHIP GROUP LOGISTICS,"3126 Milton Road, Suite 222B",,Charlotte,NC,28215,,,,NULL,NULL,Y,0,NULL,NULL
404922,2384,INVOICE,W AND W MATERIALS SUPPLY,1325 Edna St SE,,Grand Rapids,MI,49507,,,,NULL,NULL,Y,0,NULL,NULL
404923,1786,LEWISBURG TN,3 J'S RECYCLING,1424 Higgs Rd.,,Lewisburg,TN,37091,,,,NULL,NULL,N,0,0,NULL
404924,2385,INVOICE,CENTRAL CONVERTING,PO Box 324,,Riverton,MN,56455,,(218) 824- 0009,,NULL,NULL,Y,0,NULL,NULL
404925,2385,"RIVERTON, MN",CENTRAL CONVERTING,21297 County Road 59,,Riverton,MN,56455,,(218) 824- 0009,,NULL,NULL,N,0,0,NULL
404926,2106,"FORT SMITH, AR - N 4th St",JEI INC - MAIN PLANT,1515 North 4th Street,,Fort Smith,AR,72901,,(502) 408-9877,,NULL,NULL,N,0,0,NULL
404927,1802,"JACKSONVILLE, FL",48 FORTY SOLUTIONS, 5402 W 1ST STREET,,Jacksonville,FL,32254,,,,NULL,NULL,N,0,0,NULL
404928,2252,JOLIET IL,EVERON POLYMERS For MPR,420 Woodruff Road,,Joliet,IL,60432,,,,NULL,NULL,N,0,0,NULL
404929,2386,INVOICE,GRAPHIC PALLET & TRANSPORT INC,10225 Bode St,,Plainfield,IL,60585,,,,NULL,NULL,Y,0,NULL,NULL
404930,2054,"EASTON, PA",QRH POLYMERS,400 Island Park Rd,Bldg 28,Easton,PA,18042,US,801-453-0370,,NULL,NULL,N,0,0,NULL
404931,2387,INVOICE,SEAFRIGO,735 Dowd Ave,,Elizabeth,NJ,7201,US,908-438-3943,,NULL,NULL,Y,0,NULL,NULL
404932,2387,PICK UP ADDRESS,SEAFRIGO,900 Fairmount Ave,,Elizabeth,NJ,7201,US,908-438-3943,,NULL,NULL,N,0,0,NULL
404933,1335,CASELLA WASTE SYSTEMS - TONAWANDA,CASELLA WASTE SYSTEMS,3755 River Road,,Tonawanda,NY,14150,US,,,NULL,NULL,N,0,0,NULL
404934,2388,INVOICE,SM Warehouse - Salisbury,1325 Litton Dr,,Salibury,NC,28147,,,,NULL,NULL,Y,0,NULL,NULL
404935,(INV),SM SALISBURY WAREHOUSE,NULL,NULL,NULL,NULL,NULL,NULL,NULL,NULL,NULL,NULL,NULL,N,NULL,NULL,NULL
404936,1257,FAYETTEVILLE NC,PRATT INDUSTRIES,3680 Owen Dr.,,Fayetteville,NC,28306,,,,NULL,NULL,N,0,0,NULL
404937,2389,INVOICE,FEDEX GROUND BING 0137,265 Industrial Park Drive,,Binghamton,NY,13904,,,,NULL,NULL,Y,0,NULL,NULL
404938,2390,INVOICE,GP THE BEST PLASTICS,23939 Ventura Blvd,,Calabasas,CA,91302,,(626)298-5297,,NULL,NULL,Y,0,NULL,NULL
404939,2392,INVOICE,BIZ AID LLC RECYCLING,127 Industrial Ave.,,Coldwater,MI,49036,,517-227-4901,,NULL,NULL,Y,0,NULL,NULL
404940,1955,"LUKA, MS",POLYMER RECYCLING AND CONSULTING,1509 Paul Edmondson Dr,,Luka,MS,38852,US,620-222-2117,,NULL,NULL,N,0,0,NULL
404941,1307,"SPRINGFIELD, KY",MONTGOMERY RECYCLING,1101 Corporate Dr ,,Springfield ,KY,40069,,(859) 621-2616,,NULL,NULL,N,0,0,NULL
404942,1775,"GARLAND, TX",STERICYCLE,2821 Industrial Lane,,Garland,TX,75041,,,,NULL,NULL,N,0,0,NULL
404943,1775,"STROUD, OK",STERICYCLE,101 North Allied Road,,Stroud,OK,74079,,,,NULL,NULL,N,0,0,NULL
404944,1775,"KANSAS CITY, KS",STERICYCLE,3140 N 7th Street TRWY,,KANSAS CITY,KS,66115,,,,NULL,NULL,N,0,0,NULL
404945,2276,"PAGELAND, SC",SUN FIBER LLC,512 S Pine St,,Pageland,SC,29728,,,,NULL,NULL,N,0,0,NULL
404946,2393,INVOICE,VALUE CLOTHING,1310 Richard St,,Salisbury,NC,28144,,,,NULL,NULL,Y,0,NULL,NULL
404947,2394,INVOICE,DUFFY BOX & RECYCLING INC,2931 Francis Scott Key Hwy,,Taneytown,MD,21787,,(336) 272-7418,,NULL,NULL,Y,0,NULL,NULL
404948,2394,"GREENSBORO, NC",DUFFY BOX & RECYCLING INC,2500 E. Market St.,,Greensboro,NC,27401,,(336) 272-7418,,NULL,NULL,N,0,0,NULL
404949,1377,WM - INDIANAPOLIS - Rays Trash,WM - INDIANAPOLIS MRF,2025 Stoutfilled West Dr.,,Indianapolis,IN,46241,,317-381-0968,,NULL,NULL,N,0,0,NULL
404951,1802,"WILMER, TX",SPROUTS,101 Sunridge Blvd,,Wilmer,TX,75172,,,,NULL,NULL,N,0,0,NULL
404952,2395,INVOICE,CORPORATE GRIND LLC,PO BOX 594,,Bristol,PA,19007,,(267) 990-3784,,NULL,NULL,Y,0,NULL,NULL
404953,2395,"PHILADELPHIA, PA","CORPORATE GRIND, LLC",8701 Torresdale Ave,,Philadelphia,PA,19136,,,,NULL,NULL,N,0,0,NULL
404954,2396,INVOICE,ADUSA DISTRIBUTION,2085 Harrison Rd,,Salisbury,NC,28147,US,,,NULL,NULL,Y,0,NULL,NULL
404955,2396,FOOD LION SALISBURY,ADUSA DISTRIBUTION,2110 Executive Drive,,Salisbury,NC,28147,US,704-633-8250 x8250,,NULL,NULL,N,0,0,NULL
404956,1879,"CARROLLTON, TX",PIVOT TRADING,2908 COMMODORE DR,,CARROLLTON,TX,75007,US,512-748-6604,,NULL,NULL,N,0,0,NULL
404957,2397,INVOICE,HARRIS TEETER,701 Crestdale Rd,,Matthews,NC,28105,US,,,NULL,NULL,Y,0,NULL,NULL
404958,2397,"GREENSBORO, NC",Harris Teeter Distribution Center,200 Distribution Drive,,Greensboro,NC,27410,US,(336) 854-7266,,NULL,NULL,N,0,0,NULL
404959,1804,"SOUTH BARTOW, FL - SITE 208",48 FORTY SOLUTIONS - TW,5700 U.S. Hwy 17th,,South Bartow,FL,33830,,863-533-2285,,NULL,NULL,N,0,0,NULL
404960,1802,"SPROUT - FULLERTON, CA",GOODMAN LOGISTICS CENTER,1829 E Orangethorpe Ave,,Fullerton,CA,92831,,,,NULL,NULL,N,0,0,NULL
404961,2359,"LEXINGTON, KY",LEXINGTON-FAYETTE URBAN COUNTY GOVERNMENT,360 Thompson Lane,,LEXINGTON,KY,40508,,,,NULL,NULL,N,0,0,NULL
404962,1335,"CASELLA WASTE SYSTEMS - SPRINGFIELD, MA",CASELLA WASTE SYSTEMS,89 Guion St,,Springfield,MA,,US,413-263-6000,,NULL,NULL,N,0,0,NULL
404963,2398,INVOICE,PURECYCLE TECHNOLOGIES INC FEU,925 County Rd 1A,,Ironton,OH,45638,US,,,NULL,NULL,Y,0,NULL,NULL
404964,2114,"CHARLOTTE, NC",Duramax Holdings LLC,12700 General Drive,,Charlotte,NC,28273,US,(704) 324-3240,,NULL,NULL,N,0,0,NULL
404965,1377,WM - CLARKS HILL - Rays Trash,WM - CLARKS HILL MRF,11349 US Highway 52 South,,Clarks Hill,IN,47930,,(317) 381-0968,,NULL,NULL,N,0,0,NULL
404966,1377,WM - GREENCASTLE PA - Rays Trash,INDUSTRIAL PALLET CORP,255 North Carlisle Street,,Greencastle,PA,17225,,(317) 381-0968,,NULL,NULL,N,0,0,NULL
404967,2105,"SAVANNAH, GA",Sonoco Recycling (For Plus Materials),1926 W. Gwinnett St,,Savannah,GA,31415,US,912.232.4413,,NULL,NULL,N,0,0,NULL
404968,2354,"MARIETTA, OK",DOLLAR TREE,201 Dollar Tree Way,,Marietta,OK,73448,,954-306-6901,,NULL,NULL,N,0,0,NULL
404969,2398,"WAVERLY, OH - GRINDING FACILITY",PIKE PLASTICS RECYCLING,479 Industrial Park Dr,,Waverly,OH,45661,,,,NULL,NULL,N,0,0,NULL
404970,2075,TERRE HAUTE IN,REVOLUTION COMPANY,300 N Fruitridge Ave A,,Terre Haute,IN,47803,,(812) 234-2724,,NULL,NULL,N,0,0,NULL
404971,2399,INVOICE,RECYCLING TECHNOLOGY CONSULTANTS,3635 TRAILMOBILE DRIVE,,Houston,TX,77013,,713-460-9440,,NULL,NULL,Y,0,NULL,NULL
404972,1307,GEORGETOWN KY - VUTECH,VUTECH For MONTGOMERY RECYCLING,100 Carley Dr,,Georgetown,KY,40324,,,,NULL,NULL,N,0,0,NULL
404973,2399,PRIMARY ADDRESS,RECYCLING TECHNOLOGY CONSULTANTS,29719 Castle RD,,Waller,TX,77484,,,,NULL,NULL,N,1,0,NULL
404974,2399,WALLER TX,RECYCLING TECHNOLOGY CONSULTANTS,29719 Castle Rd,,Waller,TX,77484,,,,NULL,NULL,N,0,0,NULL
404975,2377,"HOUSTON, TX",SA RECYCLING LLC,2160 Houston Harbor Blvd,,Houston,TX,77020,,,,NULL,NULL,N,0,0,NULL
404976,(INV),NEXUS FUELS LLC,NULL,NULL,NULL,NULL,NULL,NULL,NULL,NULL,NULL,NULL,NULL,N,NULL,NULL,NULL
404977,2401,INVOICE,BERGER RECYCLING,126 Front Street,,Pawtucket,RI,2860,,401 723 7240,,NULL,NULL,Y,0,NULL,NULL
404978,2402,INVOICE,GLOBAL CIRCLE RECYCLING LLC,1800 Camden Rd Suite 107-280,,Charlotte,NC,28203,,704-879-7895,,NULL,NULL,Y,0,NULL,NULL
404979,2402,"GASTONIA, NC",GLOBAL CIRCLE RECYCLING LLC,3404 S New Hope Rd,,Gastonia,NC,28054,,,,NULL,NULL,N,0,0,NULL
404980,2403,INVOICE,RANDY'S RECYCLING,87 Hwy 3016,,Cynthiana,KY,41031,,,,NULL,NULL,Y,0,NULL,NULL
404981,2404,INVOICE,LOFTY'S TEXTILE WASTE INC,4148 Cleveland Highway,,Cohutta,GA,30710,,,,NULL,NULL,Y,0,NULL,NULL
404982,2405,INVOICE,SAVE THAT STUFF INC,PO Box 849510,,Boston,MA,02284-9510,,,,NULL,NULL,Y,0,NULL,NULL
404983,2405,CHARLESTOWN MA,SAVE THAT STUFF INC,200 Terminal St,,Charlestown,MA,2129,,617-241-9998,,NULL,NULL,N,0,0,NULL
404984,2227,HOUSTON TX - PICK UP,BYRD TRADING LLC,3262 E Loop North,,Houston,TX,77029,,915-240-9666,,NULL,NULL,N,0,0,NULL
404986,1870,N VERNON MADISON AVE,HILEX POLY,999 N Madison Ave,,North Vernon,IN,47265,,(812) 346-1066 X 216,,NULL,NULL,N,0,0,NULL
404987,1870,MADISON IN,RXO C/O M&M - Ford Warehouse,748 Scott Court,,Madison,IN,47250,,812-701-9046,,NULL,NULL,N,0,0,NULL
404988,2392,PRIMARY ADDRESS,BIZ AID LLC RECYCLING,PO Box 904,,Coldwater,MI,49036,,,,NULL,NULL,N,1,0,NULL
404989,2408,INVOICE,INZI CONTROLS ALABAMA,375 Alabama Hwy 203,,Elba,AL,36323,US,(334) 237-9793,,NULL,NULL,Y,0,NULL,NULL
404990,2409,RISE BUILDING INVOICE,RISE BUILDING PRODUCTS,241 Mohr Dr,,Mankato,MN,56001,,(507) 340-8940,,NULL,NULL,Y,0,NULL,NULL
404991,2114,CHESTER SC,CAROLINA RECYCLING & CONSULTING LLC,515 Saluda Rd,,Chester,SC,29706,,,,NULL,NULL,N,0,0,NULL
404992,2410,INVOICE,ATLANTA RECYCLING SOLUTIONS,1280 Old Alpharetta Rd,,Alpharetta,GA,30005,US,(713) 380-1549,,NULL,NULL,Y,0,NULL,NULL
404993,2252,BLOOMINGTON MN,ROHN INDUSTRIES For MIDWEST PRODUCT RECOVERY,6301 W. Old Shakopee Rd,,Bloomington,MN,55738,,,,NULL,NULL,N,0,0,NULL
404994,2301,"GRIMES, IA",METRO WASTE AUTHORITY,4185 SE Beisser Dr,,Grimes,IA,50111,,515.333.4441,,NULL,NULL,N,0,0,NULL
404995,2411,INVOICE,J&M MECHANICAL SERVICES,PO BOX 2543,,Forest Park,GA,30298,US,(678) 633-9118,,NULL,NULL,Y,0,NULL,NULL
404996,2411,CHICK-FILET,CHICK-FILET C/O J&M MECHANICAL SERVICES,6390 Weddington Rd,,Matthews,NC,28104,US,(678) 633-9118,,NULL,NULL,N,0,0,NULL
404997,1960,PRIMARY ADDRESS,EXTERA,124 Commerce Blvd,,Statesville,NC,28625,,,,NULL,NULL,N,0,0,NULL
404998,2412,INVOICE,AXJO,221 McLin Creek Road S,,Conover,NC,28613,US,828-322-6046,,NULL,NULL,Y,0,0,NULL
404999,1428,"STANLEY, NC",SKY RECYCLING,1250 Mac Lane ,,Stanley,NC,28164,US,(980) 322-5266,,NULL,NULL,N,0,0,NULL
405000,2413,INVOICE,TILE SHOP DISTRIBUTION CENTER,8515 Brown St.,,Ottawa Lake,MI,49267,,,,NULL,NULL,Y,0,NULL,NULL
405001,1870,LOUISVILLE KY,HILEX POLY / RXO,6000 Haunz Lane,,Louisville,KY,40241,,,,NULL,NULL,N,0,0,NULL
405002,2414,INVOICE,MS MATERIALS LLC,P.O. Box 1997,,Appleton,WI,54140,,(920) 277-3040,,NULL,NULL,Y,0,NULL,NULL
405003,2414,LITTLE CHUTE WI,WOW c/o MS MATERIALS LLC,2101 Bohm Dr.,,Little Chute,WI,54140,,,,NULL,NULL,N,0,0,NULL
405004,2415,INVOICE,PAPER RECOVERY OF GEORGIA,501 East 6th Street SW,,"Rome,",GA,30161,,(706) 291-2988,,NULL,NULL,Y,0,NULL,NULL
405005,1292,ENNIS TX,CHS PLASTICS INC,202 Cedar Road,,Ennis,TX,75119,,,,NULL,NULL,N,0,0,NULL
405006,2417,INVOICE,IBC TOTE RECYCLING LLC,772 Lyonwood Ave,,Austin,TX,91789,,(708) 316-8448,,NULL,NULL,Y,0,NULL,NULL
405007,2415,ROME GA,PAPER RECOVERY OF GEORGIA,501 E 6th St,,Rome,GA,30161,,,,NULL,NULL,N,0,0,NULL
405008,2418,INVOICE,SPOT-ON SERVICES,410 Hillburn Drive,,Dallas,TX,75217,,469-690-7777,,NULL,NULL,Y,0,NULL,NULL
405009,1299,OPELIKA AL,WASTE RECYCLING,2000 Steel Street,,Opelika,AL,36803,,,,NULL,NULL,N,0,0,NULL
405010,2419,INVOICE,COMPLETE RECYCLING SOLUTIONS LLC,2529 East Norwich Avenue,,Milwaukee,WI,53235,US,(414) 930-4094,,NULL,NULL,Y,0,NULL,NULL
405011,2420,INVOICE,NATIONAL BOX EXCHANGE INC,209 Crystal Ct,,Blue Bell,PA,19422,,866-311-8794,,NULL,NULL,Y,0,NULL,NULL
405012,1405,MORRISTOWN TN,MIDWEST FIBER INC,5447 Jeffrey Lane,,Morristown,TN,37813,,,,NULL,NULL,N,0,0,NULL
405013,2421,INVOICE,PHASE SCIENTIFIC,10527 Garden Grove Blvd,,Garden Grove,CA,92843,,,,NULL,NULL,Y,0,NULL,NULL
405014,2421,GARDEN GROVE CA,PHASE SCIENTIFIC,10527 Garden Grove Blvd,,Garden Grove,CA,92843,,,,NULL,NULL,N,1,0,NULL
405015,1802,RIVERSIDE CA - SITE 520,48 FORTY SOLUTIONS,2641 Hall Ave,,Riverside,CA,92509,,909.660.9343,,NULL,NULL,N,0,0,NULL
405016,2422,INVOICE,RUNNING OX LOGISTICS,,,,,,,,,NULL,NULL,Y,0,NULL,NULL
405017,2423,INVOICE,WARREN OIL COMPANY,2340 US 301 N,,Dunn,NC,28334,US,(910) 694-1187,,NULL,NULL,Y,0,NULL,NULL
405018,2424,INVOICE,JAMPLAST INC,281 CLARKSON ROAD,SUITE 102,ELLISVILLE,MO,63011,,(636) 238-2100,,NULL,NULL,Y,0,NULL,NULL
405019,1802,SAVANNAH GA,48 FORTY SOLUTIONS,110 Gignilliat Cir,,Savannah,GA,31408,,912.964.9999,,NULL,NULL,N,0,0,NULL
405020,2426,INVOICE,W SILVER RECYCLING,601 N Mesa Street,Suite 1500,El Paso,TX,79901,,915-277-7538,,NULL,NULL,Y,0,NULL,NULL
405021,2413,PRIMARY ADDRESS,TILE SHOP DISTRIBUTION CENTER,14000 CARLSON PKWY NORTH,,PLYMOUTH,MN,55441,,,,NULL,NULL,N,1,0,NULL
405022,2372,BUFFALO NY,DIVERSIFIED RECYCLING SERVICES LLC,3172 Lakeshore Road,,Buffalo ,NY,14219,,716-830-5182,,NULL,NULL,N,0,0,NULL
405023,2427,INVOICE,STANDARD LOGISTICS,PO Box 7247-6705,,Philadelphia,PA,19170-0001,,,,NULL,NULL,Y,0,NULL,NULL
405024,2106,DALLAS TX,JEI INC,4553 Leston St.,,Dallas,TX,75247,,,,NULL,NULL,N,0,0,NULL
405025,2428,INVOICE,JEI INC,4553 Leston St,,DALLAS,TX,75247,,,,NULL,NULL,Y,0,NULL,NULL
405026,(INV),JEI DALLAS WAREHOUSE,NULL,NULL,NULL,NULL,NULL,NULL,NULL,NULL,NULL,NULL,NULL,N,NULL,NULL,NULL
405027,2240,"JERICHO, NY",GEORGIA PACIFIC RECYCLING,1 Jericho Plaza,,Jericho,NY,11753,,,,NULL,NULL,N,0,0,NULL
405028,1938,"MASPETH, NY",Commercial Recycling,59-12 57th St.,,Maspeth,NY,11379,US,718-378-1313,,NULL,NULL,N,0,0,NULL
405029,2429,INVOICE,GRUBER PALLETS INC,11490 Hudson Blvd,,Lake Elmo,MN,55042,,651-705-8873,,NULL,NULL,Y,0,NULL,NULL
405030,2430,INVOICE,LAURINBURG PUBLIC WORKS,600 Hall Street,,Laurinburg,NC,28352,,910-276-2364,,NULL,NULL,Y,0,NULL,NULL
405031,2354,"Deerfield Beach, Fl",4TH GENERATION RECYCLING,1456 W Newport Center Drive,,Deerfield Beach,FL,33442,,,,NULL,NULL,N,0,0,NULL
405032,1299,"FLORENCE, KY",JB PLASTICS,7585 Empire Drive,,Florence,KY,41042,,(937) 863-0207,,NULL,NULL,N,0,0,NULL
405033,2431,INVOICE,ROBERTS ENTERPRISES,144 Lee Drive,,Ellabell,GA,31308,,912-429-2690,,NULL,NULL,Y,0,NULL,NULL
405034,2431,POOLER GA,Cosco Logistics for Roberts Enterprises,5250 Old Louisville Rd ,,Pooler,GA,31308,,,,NULL,NULL,N,0,0,NULL
405035,2422,PRIMARY ADDRESS,RUNNING OX LOGISTICS,Denim,PO Box 392797,"Pittsburgh,",PA,15251-9797,,,,NULL,NULL,N,1,0,NULL
405036,2432,INVOICE,3 RIVERS LOGISTICS INC,60 Doughboy Road,,Gillett,AR,72055,,,,NULL,NULL,Y,0,NULL,NULL
405037,2433,INVOICE,DEN HARTOG INDUSTRIES,PO Box 425,,Hospers,IA,51238,,712.752.8432,,NULL,NULL,Y,0,NULL,NULL
405038,2434,INVOICE,COUNT JUNKULA OF CHARLOTTE,1025 McClelland Ct,,Charlotte,NC,28206,,,,NULL,NULL,Y,0,NULL,NULL
405039,2376,PRIMARY ADDRESS,STUFF RECYCLING,500 Memorial Drive,,Nicholasville,KY,40356,,,,NULL,NULL,N,0,0,NULL
405040,2050,"EUPORA, MS",HPJ INDUSTRIES,155 Britton Road,,Eupora,MS,39744,,(814) 229-2336,,NULL,NULL,N,0,0,NULL
405041,2050,"DESHLER, OH",HPJ INDUSTRIES,299 S Chestnut St,,Deshler,OH,43516,,419.278.1000,,NULL,NULL,N,0,0,NULL
405042,2363,SOMERSET KY - Tommy Rd,TOYOTETSU AMERICA INC,73 Tommy Road,,Somerset,KY,42503,,606-305-1697,,NULL,NULL,N,0,0,NULL
405043,1938,WINCHESTER VA,WINCHESTER POLY For LOUIS MONTELEONE,351 Apple Valley Road,,Winchester,VA,22602,,,,NULL,NULL,N,0,0,NULL
405044,2435,INVOICE,L & S PLASTICS INC,1120 Oak Hill Road,,Mountain Top,PA,18707,,201-471-2491,,NULL,NULL,Y,0,NULL,NULL
405045,1139,PRIMARY ADDRESS,WM Recycle America,PO Box 73356,,Chicago,IL,60673-7356,,,,NULL,NULL,N,1,0,NULL
405046,2433,PICK UP LOCATION,DEN HARTOG INDUSTRIES,4010 Hospers Drive South,,Hospers,IA,51238,,712.752.8432,,NULL,NULL,N,0,0,NULL
405047,2436,INVOICE,THE CUMBERLAND GROUP LLC,770 Barnesburg Road,,Somerset,KY,42503,,,,NULL,NULL,Y,0,0,NULL
405048,2437,INVOICE,SEEDBOX SOLUTION,1761 N Dilleys Rd,Ste 107,Gurnee,IL,60031,,,,NULL,NULL,Y,0,NULL,NULL
405049,2438,INVOICE,JONES BARREL COMPANY,2424 North 11th Street,,Omaha,NE,68110,,402-346-2231,,NULL,NULL,Y,0,NULL,NULL
405050,2439,INVOICE,FLEETGENIUS,1808 Norwood St. SW,,Lenoir,NC,28645,,(828) 568-0711,,NULL,NULL,Y,0,NULL,NULL
405051,2440,INVOICE,INTEGRITY FIBER,P.O. BOX 1911,,Akron,OH,44309,US,,,NULL,NULL,Y,0,NULL,NULL
405052,2440,"KALAMAZOO, MI",RIVER VALLEY PAPER CO,2221 Palmer Ave,,Kalamazoo,MI,49001,US,,,NULL,NULL,N,0,0,NULL
405053,1292,TAMPA FL,GAF,5138 Madison Avenue,,Tampa,FL,33619,,,,NULL,NULL,N,0,0,NULL
405054,2441,INVOICE,DOUG HEIRS,788 Chert Quarry Rd,,Martin,SC,29836,,(803) 300-3220,,NULL,NULL,Y,0,NULL,NULL
405055,2441,"MARTIN, SC",ARCHROMA,788 Chert Quarry Rd,,Martin,SC,29836,,(803) 300-3220,,NULL,NULL,N,0,0,NULL
405056,1667,MEMPHIS TN - Shelby,WASTE SOLUTIONS INC,2874 Shelby St,Ste 211,Memphis,TN,38134,,,,NULL,NULL,N,0,0,NULL
405057,2186,ALTERNATE LOCATION,WASTE COMMISSION OF SCOTT COUNTY,7217 Gains St Ct,,Davenport,IA,52807,,563-388-1401,,NULL,NULL,N,0,0,NULL
405058,2442,INVOICE,MAUSER PACKAGING - SOUTH PLAINFIELD,PO Box 212061,,Dallas,TX,75211,,,,NULL,NULL,Y,0,NULL,NULL
405059,2442,SOUTH PLAINFIELD NJ,RECYCLE INC (RIE),20-A Harmich Road,,South Plainfield,NJ,7080,,(908) 756-2200,,NULL,NULL,N,0,0,NULL
405060,1802,"BYRON, GA - SITE 390",48 FORTY SOLUTIONS,4199 Housers Mill Rd,,Byron,GA,31008,,470-749-9176,,NULL,NULL,N,0,0,NULL
405061,2437,"GOOD HOPE, IL",SEEDBOX SOLUTION,13150 IL-9,,Good Hope,IL,61438,,,,NULL,NULL,N,0,0,NULL
405062,2437,"REMINGTON, IN",SEEDBOX SOLUTION,3507 W US 24,,Remington,IN,47977,,,,NULL,NULL,N,0,0,NULL
405063,2443,INVOICE,GOLD STAR METALS,7944 Dockal Road,,Houston,TX,77028,,915-240-9666,,NULL,NULL,Y,0,NULL,NULL
405064,2444,INVOICE,CITY OF GULF SHORES,19901 W 36th Ave ,,Gulf Shores,AL,36542,,(251) 600-9500,,NULL,NULL,Y,0,NULL,NULL
405065,1680,"KNOXVILLE, TN",48 FORTY SOLUTIONS - SITE 234,2829 Texas Ave,,Knoxville,TN,37921,,,,NULL,NULL,N,0,0,NULL
405066,2130,FAYETTEVILLE - Van Asche,TOTAL RECYCLING PAPER & PLASTIC,500 W Van Asche Drive,,Fayetteville,AR,72704,,,,NULL,NULL,N,0,0,NULL
405067,1680,"BIGLERVILLE, PA",48 FORTY SOLUTIONS - AA,3177 Biglerville Road,,Biglerville,PA,17307,US,717-677-1388,,NULL,NULL,N,0,0,NULL
405068,2394,HAW RIVER NC,DUFFY BOX & RECYCLING INC,224 East Main St,,Haw River,NC,27258,,,,NULL,NULL,N,0,0,NULL
405069,2445,INVOICE,CONCRETE DESIGNS INC,3650 S Broadmont Dr,,Tucson,AZ,85713,,(520) 589-3950,,NULL,NULL,Y,0,NULL,NULL
405070,1377,"WASTE MANAGEMENT - BILLERICA, MA",WM RECYCLE AMERICA,72 Salem Road,,Billerica,MA,1862,US,716-626-7862,,NULL,NULL,N,0,0,NULL
405071,1882,Athens,INDORAMA VENTURES,1764 Wilkinson St,,Athens,AL,35611,,,,NULL,NULL,N,0,0,NULL
405072,2446,INVOICE,EMPIRE KOSHER POULTRY,370 Mattern Rd,,Beaver Springs,PA,17812,,(717) 436-7039,,NULL,NULL,Y,0,0,NULL
405073,1299,TUSCALOOSA AL,Waste Recycling for Gulf South Services,2661 Elm Street,,Tuscaloosa,AL,35401,,,,NULL,NULL,N,0,0,NULL
405074,1299,PURVIS MS,JB PLASTICS,117 Central Industrial Row,,Purvis,MS,39475,,,,NULL,NULL,N,0,0,NULL
405075,2447,INVOICE,RIVER AND RAIL ENVIRONMENTAL,425 S Saratoga St,,Suffolk,VA,23434,,,,NULL,NULL,Y,0,NULL,NULL
405076,2081,DANDRIDGE TN,SCOTT INDUSTRIES,835 Epco Drive,,Dandridge,TN,37725,,,,NULL,NULL,N,1,0,NULL
405077,2449,INVOICE,BYHEART,61 Vanguard Drive,,Reading,PA,19606,,(610) 582-2170x2152,,NULL,NULL,Y,0,NULL,NULL
405078,2450,INVOICE,SYNOVA,525 Maxtown Rd.,,Westerville,OH,43082,,(614) 300-1081,,NULL,NULL,Y,0,NULL,NULL
405079,2451,INVOICE,TARACON,6189 170th. Street North,,Hawley,MN,56549,US,(218) 443-1776,,NULL,NULL,Y,0,NULL,NULL
405080,2452,INVOICE,REBOXCO INTERNATIONAL LLC,10645 N Tatum Blvd Suite 200-443,,PHOENIX,AZ,85028,,(480) 235-9292,,NULL,NULL,Y,0,NULL,NULL
405081,2424,ROGERS MN,JAMPLAST INC.,22101 Industrial Blvd,,Rogers,MN,55374,,,,NULL,NULL,N,0,0,NULL
405082,1377,"WASTE MANAGEMENT - SAUK CENTRE, MN",WM RECYCLE AMERICA,39864 US Highway 71 S,,Sauk Centre,MN,56378,,414-326-1078,,NULL,NULL,N,0,0,NULL
405083,2453,INVOICE,CORNING MEDIATECH,TBD,,Harrisonburg,VA,,US,(703) 736-1154,,NULL,NULL,Y,0,NULL,NULL
405084,2454,INVOICE,GENESIS RECYCLING LLC,11219 N Kendall Dr,,Miami,FL,33176,,305-780-1773,,NULL,NULL,Y,0,NULL,NULL
405085,2455,INVOICE,WINCO PLASTICS,149 S Grant St,,North Aurora,IL,60542,,,,NULL,NULL,Y,0,NULL,NULL
405086,2456,INVOICE,APPLETON PALLETS,N 3080 Jeske Rd,,Appleton,WI,54913,,(920) 830-1248,,NULL,NULL,Y,0,NULL,NULL
405087,2457,INVOICE,KNAPP INC,2124 Barrett Park Dr. Ste. 100,,Kennesaw,GA,30144,,(470) 559-0209,,NULL,NULL,Y,0,NULL,NULL
405088,2457,"WHITELAND, IN",Scotty Hull (DHL),45 Mission Rd,,Whiteland,IN,46184,, 470-783-5623,,NULL,NULL,N,0,0,NULL
405089,2458,INVOICE,POLYTECH RESOURCES LLC,806 Lamar Highway,,Darlington,SC,29532,,704-609-0451,,NULL,NULL,Y,0,NULL,NULL
405090,1299,FINDLAY OH,JB PLASTICS,1300 Morrical Boulevard,,Findlay,OH,45840,,,,NULL,NULL,N,0,0,NULL
405091,2459,INVOICE,FROZEN DESSERT SUPPLIES,802 N 41st,,Bethany,MO,64424,,(480) 428-1999,,NULL,NULL,Y,0,0,NULL
405092,1802,"LAKE CITY, MN",48 FORTY SOLUTIONS,1215 S 10th St,,Lake City,MN,55041,,(651)448 6336,,NULL,NULL,N,0,0,NULL
405093,1802,"DOUGLAS, GA",RELOGISTICS SERVICES LLC,534 Thompson Dr,,Douglas,GA,31533,,912-384-3487,,NULL,NULL,N,0,0,NULL
405094,2460,INVOICE,DBA RE-TECK,902 Avenue T,Suite 100,Grand Prairie,TX,75050,,(214) 988-7300,,NULL,NULL,Y,0,NULL,NULL
405095,2453,"MT CRAWFORD, VA",CORNING MEDIATECH,4856 Crowe Dr,,Mt Crawford,VA,22841,US,,,NULL,NULL,N,0,0,NULL
405096,1215,"ROANOKE, VA","RDS of Virginia, LLC",835 Korte Street SW,,Roanoke,VA,24019,US,,,NULL,NULL,N,0,0,NULL
405097,2461,INVOICE,FOUR SEASONS PRODUCE,400 Wabash Rd,,Ephrata,PA,17522,US,(717) 629-9949,,NULL,NULL,Y,0,NULL,NULL
405098,2404,"DALTON, GA",LOFTY'S TEXTILE WASTE INC,952 Reed Pond Rd NW,,Dalton,GA,30720,,(706) 537-0646,,NULL,NULL,N,0,0,NULL
405099,1299,"TUSCALOOSA, AL",WASTE RECYCLING,2661 Elm Street,,Tuscaloosa,AL,35401,,334-235-7489,,NULL,NULL,N,0,0,NULL
405100,2462,INVOICE,GOINS PLASTIC SOURCE INC,3821 East 19th Street,,Texarkana,AR,71854,,(870) 773-1077 ,,NULL,NULL,Y,0,NULL,NULL
405101,2081,"ONEIDA, TN",Scott Plastics,712 Industrial Lane,,Oneida,TN,37841,US,865-343-7123,,NULL,NULL,N,0,0,NULL
405102,2463,INVOICE,D&K ENTERPRISES,2437 N Section St,,Sullivan,IN,47882,,812-268-3328,,NULL,NULL,Y,0,NULL,NULL
405103,2464,INVOICE,LI RISING LLC,902 Avenue T,Suite 100,Grand Prairie,TX,75050,,214-988-7300,,NULL,NULL,Y,0,NULL,NULL
405104,2465,INVOICE,LOOP PAPER RECYCLING INC,2401 S Laflin St,,Chicago,IL,60608,US,(312) 942-0042 X322,,NULL,NULL,Y,0,0,NULL
405105,2466,INVOICE,ROHN INDUSTRIES,6301 Old Shakopee Rd,,Bloomington,MN,55438,,(651) 294-2185,,NULL,NULL,Y,0,NULL,NULL
405106,2468,INVOICE,R3CYCLE INDUSTRIES LLC,4417 Helms Rd,,Waxhaw,NC,28173,US,404-754-4499,,NULL,NULL,Y,0,NULL,NULL
405107,1802,"RELOGISTICS - JACKSONVILLE, FL",Relogistics,6611 Pickett Drive,,Jacksonville,FL,32219,,912.384.3487,,NULL,NULL,N,0,0,NULL
405108,2026,"POTEAU, OK",CHOCTAW NATION RECYCLING CENTER,304 Kerr Avenue,,Poteau,OK,74953,US,(580) 920-0488,,NULL,NULL,N,0,0,NULL
405109,2026,"DURANT, OK",CHOCTAW NATION RECYCLING CENTER,3408 Wes Watkins Blvd,,Durant,OK,74701,US,(580) 920-0488,,NULL,NULL,N,0,0,NULL
405110,2424,MT VERNON IN,JAMPLAST DISTRIBUTION CENTER,7451 Hwy 62 E,,Mt Vernon,IN,47620,,636-238-2100,,NULL,NULL,N,0,0,NULL
405111,2469,INVOICE,VALLEY PALLET RECYCLER INC,2007 Route 9w,,Milton,NY,12547,US,845-264-3636,,NULL,NULL,Y,0,0,NULL
405112,2354,"INDIANAPOLIS, IN",Heartland Food Products,4935 W 86TH ST,,Indianapolis,IN,46268,,317-612-1202,,NULL,NULL,N,0,0,NULL
405113,1299,HARTSVILLE SC,JB PLASTICS,1037 Hilton Ave N,,Hartsville,SC,29550,,,,NULL,NULL,N,0,0,NULL
405114,2471,INVOICE,ORLANDO RECYCLING,5303 N Orange Blossom Trail,,Orlando,FL,32810,,(407) 872-1595,,NULL,NULL,Y,0,NULL,NULL
405115,2473,INVOICE,SMART 3PL INC,12903 Jurupa Ave,Suite B,Fontana,CA,92337,,(909) 213-8058,,NULL,NULL,Y,0,NULL,NULL
405116,1843,"OLD HICKORY, TN",THE PALLET FACTORY,1200 Bryan Street,,Old Hickory,TN,37138,US,901-795-8300,,NULL,NULL,N,0,0,NULL
405117,2240,"SCHILLER PARK, IL",GEORGIA PACIFIC RECYCLING,3811 Rose St,,Schiller Park,IL,60176,,920-393-6682,,NULL,NULL,N,0,0,NULL
405118,2474,INVOICE,INLAND DIE CASTING,161 Carpenter Ave,,Wheeling,IL,60090,US,,,NULL,NULL,Y,0,NULL,NULL
405119,2475,INVOICE,TRUCK STOP 40 LLC,11558 N 1900 Rd,,Sayre,OK,73662,US,,,NULL,NULL,Y,0,NULL,NULL
405120,2476,INVOICE,BAKKAVOR FOODS USA INC,10220 Western Ridge Road,Suite P,Charlotte,NC,28273,,(803) 389-2622,,NULL,NULL,Y,0,NULL,NULL
405121,2476,Suite E - Pick Up Address,BAKKAVOR FOODS USA INC,10220 Western Ridge Rd,Suite E,Charlotte,NC,28273,,(803) 389-2622,,NULL,NULL,N,0,0,NULL
405122,2477,INVOICE,ELEMENT INTERNATIONAL TRADE INC,206-181 Hymus,Suite 206,"Pointe-Claire, QC",,H9R 5P4,CA,,,NULL,NULL,Y,0,NULL,NULL
405123,2477,BUFFALO NY,ELEMENT INTERNATIONAL TRADE INC,2299 Kenmore Avenue,,Buffalo,NY,14207,,877-938-8778,,NULL,NULL,N,0,0,NULL
405124,1292,"ASHEBORO, NC",COVANTA For CHS PLASTICS INC,2242 Carl Drive,,Asheboro,NC,27203,,843-858-1966,,NULL,NULL,N,0,0,NULL
405125,2478,INVOICE,EMTELLE,101 Mills Gap RD,Unit A,Fletcher,NC,28732,,(919) 413-7525,,NULL,NULL,Y,0,NULL,NULL
405126,2479,INVOICE,ITNOLAP PALLET,1142 Haley Road,,Murfreesboro,TN,37129,,,,NULL,NULL,Y,0,NULL,NULL
405127,2480,INVOICE,THE PENROD COMPANY,601 Alton Place,,High Point,NC,27263,US,(336) 861-5928,,NULL,NULL,Y,0,NULL,NULL
405128,1713,LOUISVILLE KY,WESTROCK LOUISVILLE RECYCLE,2000 Industrial Blvd,,Louisville,KY,40219,,(615) 917-4692,,NULL,NULL,N,0,0,NULL
405129,2481,INVOICE,NORTHSTAR TRADING,3380 GRAND AVE,,WAUKEGAN,IL,60090,,(847) 243-4167,,NULL,NULL,Y,0,NULL,NULL
405130,2481,WAUKEGAN IL,NORTHSTAR TRADING,3380 GRAND AVE,,WAUKEGAN,IL,60085,,847-243-4167,,NULL,NULL,N,0,0,NULL
405131,2106,CYNTHIANA KY - WEBSTER,JEI INC,302 Webster Ave,,Cynthiana,KY,41031,,(361) 396-6303,,NULL,NULL,N,0,0,NULL
405132,2482,INVOICE,AOWR,477 Connecticut Blvd Suite 203,,East Hartford,CT,6108,US,,,NULL,NULL,Y,0,NULL,NULL
405133,2482,HILLSBOROUGH TOWNSHIP NJ,Mid State Packaging/ Quantix,152 US-206,Building 17F,Hillsborough Township,NJ,8844,US,908-434-6513,,NULL,NULL,N,0,0,NULL
405134,2483,INVOICE,ENERGYNC,156 Industrial Ave,,Greensboro,NC,27406,,(336) 317-0710,,NULL,NULL,Y,0,NULL,NULL
405135,2484,INVOICE,WILSON WASTE CO,1321 Dry Valley Rd,,Rossville,GA,30741,,(706) 820-9077,,NULL,NULL,Y,0,0,NULL
405136,2485,INVOICE,COMPLETE LIQUIDATORS,2207 Radcliffe St,Dock B,Bristol,PA,19007,US,(215) 420-7137,,NULL,NULL,Y,0,NULL,NULL
405137,2424,HAZELWOOD MO,JAMPLAST INC.,105 Byassee Drive,,Hazelwood,MO,63042,,(636)238-2100,,NULL,NULL,N,0,0,NULL
405138,2486,INVOICE,PALLET-TECH SOLUTIONS,PO Box 2246,,Fort Oglethorpe,GA,30742,,,,NULL,NULL,Y,0,NULL,NULL
405139,2487,INVOICE,THE CHEFS WAREHOUSE,5559 NW 145th St,,Opa Locka,FL,33054,,954-218-2170,,NULL,NULL,Y,0,NULL,NULL
405140,2488,INVOICE,FAIRFIELD PALLET,282 Rockville Rd,,Bridgeton,NJ,8302,,856-455-7039,,NULL,NULL,Y,0,NULL,NULL
405141,2489,INVOICE,AUGUST THOMSEN CORP,36 Sea Cliff Ave,,Glen Cove,NY,11542,,(646) 750-8078,,NULL,NULL,Y,0,NULL,NULL
405142,2491,INVOICE,SD POLYMERS LLC,600 Guy Paine Rd,Warehouse 5C,Macon,GA,31206,,478-285-6466,,NULL,NULL,Y,0,0,NULL
405143,2492,INVOICE,SOFRESH INC,7910 Lehigh Crossing Rd,Suite 3,Victor,NY,14564,,585-766-5463,,NULL,NULL,Y,0,NULL,NULL
405144,2105,SOMERSET NJ,BEACON LOAGISTICS For Plus Materials,67 Veronica Ave,Unit 14,Somerset,NJ,8873,,,,NULL,NULL,N,0,0,NULL
405145,2493,INVOICE,AAA PLASTICS & PAPER RECYCLING,PO Box 147,,Bath,PA,18014,,570-856-8909,,NULL,NULL,Y,0,NULL,NULL
405146,2493,BIRDSBORO PA,TOTAL RECYCLE INC,1270 Lincoln Rd,,Birdsboro,PA,19508,,484-518-8376,,NULL,NULL,N,0,0,NULL
405147,2493,LEBANON PA,VS RUBBER,31 Keystone Dr,,Lebanon,PA,17042,US,,,NULL,NULL,N,0,0,NULL
405148,2021,PICK UP ADDRESS,LOPEZ SCRAP METAL,3262 E Loop N ,,Houston ,TX,77029,,915-240-9666,,NULL,NULL,N,0,0,NULL
405149,2342,COMMERCE CA,Greenway2day Mgt LLC,6557 W Flotilla St ,Dock 7,Commerce,CA,,,682-841-1303,,NULL,NULL,N,0,0,NULL
405150,2494,INVOICE,S&A PALLET RECYCLING,55 Caven Point Ave,,Jersey City,NJ,7305,,201-423-8023,,NULL,NULL,Y,0,NULL,NULL
405151,2115,GURNEE IL,Adams Plastics for SUNCOAST PLASTICS,4070 Ryan Rd.,,Gurnee,IL,60031,,,,NULL,NULL,N,0,0,NULL
405152,2482,"AUBURN, MA",Quantix Distribution Center,28 Millbury St,,Auburn,MA,1501,,,,NULL,NULL,N,0,0,NULL
405153,2495,INVOICE,MAUSER PACKAGING SOLUTIONS,PO Box 278,,Zellwood,FL,32798,US,407.636.7125,407.636.7125,NULL,NULL,Y,0,NULL,NULL
405154,2496,INVOICE,TOMSON SCRAP METAL,PO Box 102,1100 6th Ave,Brackenridge,PA,15014,,,,NULL,NULL,Y,0,NULL,NULL
405155,2496,PICK UP ADDRESS,TOMSON SCRAP METAL,1100 6th Ave,,Brackenridge,PA,15014,,(724) 275-7285 ,,NULL,NULL,N,0,0,NULL
405156,2498,INVOICE,GREENOVATIVE SOLUTIONS,6555 Chem Cote-de-Liesse,,"Montreal, QC",,H4T1V5,CA,,,NULL,NULL,Y,0,NULL,NULL
405157,2498,AZUSA CA,GREENOVATIVE SOLUTIONS,1520 W Roosevelt St,,Azusa,CA,91702,US,(714) 794-2140,,NULL,NULL,N,0,0,NULL
405158,2499,INVOICE,GAF,902 Old Richburg Rd,,Chester,SC,29706,,,,NULL,NULL,Y,0,NULL,NULL
405159,1866,ROMEOVILLE IL,HAMILTON POLYMERS COMPANY,1101 Windham Pkwy,,Romeoville,IL,60446,,484-245-4557 ,,NULL,NULL,N,0,0,NULL
405160,2500,INVOICE,BACE CORP,322 W 32nd St,,Charlotte,NC,28206,,,,NULL,NULL,Y,0,NULL,NULL
405161,1299,"JEFFERSON, LA",COMMERCIAL WASTE For JB PLASTICS,246 St George Ave,,Jefferson,LA,70121,,(937) 863-0207,,NULL,NULL,N,0,0,NULL
405162,2501,INVOICE,W WAREHOUSING,1800 Rogers Ave,,Appleton,WI,54914,,920-428-5302,,NULL,NULL,Y,0,NULL,NULL
405163,2502,INVOICE,RETURN POLYMERS INC,400 Westlake Drive,,Ashland,OH,44805,US,,,NULL,NULL,Y,0,NULL,NULL
405164,2501,HORTONVILLE WI,W WAREHOUSING,111 N Douglas St,,Hortonville,WI,54944,,,,NULL,NULL,N,0,0,NULL
405165,1974,"FLEMINGTON, NJ",ADVANCED IMPACT TECHNOLOGIES INC,112 CHURCH ST,,FLEMINGTON,NJ,8822,US,,,NULL,NULL,N,0,0,NULL
405166,1775,INDIANAPOLIS IN,Shred-it Indianapolis,50 koweba lane,,Indianapolis,IN,46201,US,(317) 361-2259?,,NULL,NULL,N,0,0,NULL
405167,1717,PRIMARY ADDRESS,"CONSOLIDATED SCRAP RESOURCE, INC", PO BOX 7520,,York,PA,17404,,,,NULL,NULL,N,1,0,NULL
405168,2503,INVOICE,INDUSTRIAL PALLET CORP,255 N Carlisle St,,Greencastle,PA,17225,,,,NULL,NULL,Y,0,NULL,NULL
405169,2504,INVOICE,SNF HOLDING COMPANY,1 Chemical Plant Road,,Riceboro,GA,31323,US,(912) 880-8015,,NULL,NULL,Y,0,NULL,NULL
405170,2504,PLAQUEMINE LA,SNF Flopam,26790 LA-405,,Plaquemine,LA,70764,US,,,NULL,NULL,N,0,0,NULL
405171,2505,INVOICE,IN HOME VACCINES LLC,3213 Cofer Rd,,Falls Church,VA,22042,,,,NULL,NULL,Y,0,NULL,NULL
405172,1299,PASS CHRISTIAN MS,CHEMOURS FOR JB PLASTICS,7685 Kiln Delisle Rd,,Pass Christian,MS,39571,,,,NULL,NULL,N,0,0,NULL
405173,2506,INVOICE,JABIL,6325 Muirfield Drive,,Hanover Park,IL,60133,,,,NULL,NULL,Y,0,NULL,NULL
405174,2507,INVOICE,TALCO PLASTICS,1000 W Rincon Street,,Corona,CA,92880,,,,NULL,NULL,Y,0,NULL,NULL
405175,2508,INVOICE,DCL,85 Bodwell St,,Avon,MA,2322,,857.284.5093,,NULL,NULL,Y,0,NULL,NULL
405176,2509,INVOICE,PEACHEY PALLET,5278 Brush Valley Rd,,Rebersburg,PA,16872,,,,NULL,NULL,Y,0,0,NULL
405177,2507,LONG BEACH CA,TALCO PLASTICS,3270 East 70th Street ,,Long Beach,CA,90805,,,,NULL,NULL,N,0,0,NULL
405178,2505,BERRYVILLE VA,C2 Management for IN HOME VACCINES LLC,230 1st Street,,Berryville,VA,22611,,,,NULL,NULL,N,0,0,NULL
405179,2510,INVOICE,ALL PALLET RECYCLING LLC,60 Belamos Ave,P.O. Box 290677,Wethersfield,CT,,US,(860) 573-6891,,NULL,NULL,Y,0,NULL,NULL
405180,2506,MANTECA CA,ECOLOGIC BRANDS,550 Carnegie Street,,Manteca,CA,95337,,,,NULL,NULL,N,0,0,NULL
405181,2511,INVOICE,WINTERRA SOLUTIONS,8360 New Harmony Rd.,,Martinsville,IN,46151,,,,NULL,NULL,Y,0,NULL,NULL
405182,2512,INVOICE,CRC SOUTHERN RECYCLING INC,PO Box 1461,,Matthews,NC,28106,,,,NULL,NULL,Y,0,NULL,NULL
405183,1986,DELIVERY ADDRESS,TRIGON PLASTICS LLC,12 South Fort Zellers Road,,Newmanstown,PA,17073,,(717) 572-8650,,NULL,NULL,N,0,0,NULL
405184,2424,FORT PAYNE AL,JAMPLAST INC.,4811 Gualt Ave N,,Fort Payne,AL,35967,,,,NULL,NULL,N,0,0,NULL
405185,1299,EAGLE GROVE IA,JB PLASTICS,100 NE 20th Street,,Eagle Grove,IA,50533,,,,NULL,NULL,N,0,0,NULL
405186,2514,INVOICE,PEDESTAL PALLETS INC,PO Box 450,,Dunellen,NJ,8812,,,,NULL,NULL,Y,0,NULL,NULL
405187,2514,DUNELLEN NJ,PEDESTAL PALLETS INC,777 north ave extention,,Dunellen,NJ,8812,,732-208-3335,,NULL,NULL,N,0,0,NULL
405188,2511,PRIMARY ADDRESS,WINTERRA SOLUTIONS,1213 N Sherman Drive,,Indianapolis,IN,46201,,,,NULL,NULL,N,0,0,NULL
405189,2484,PRIMARY ADDRESS,WILSON WASTE CO,P.O. Box 144,,Flintstone,GA,30725,,,,NULL,NULL,N,1,0,NULL
405190,2516,INVOICE,HELLO BELLO,2101 Texas Central Pkwy,,Waco,TX,76712,US,254-230-3076,,NULL,NULL,Y,0,NULL,NULL
405191,2517,INVOICE,OCEAN STATE JOBBERS,375 Commerce Park Road,,North Kingstown,RI,2852,US,(401) 295-2672,,NULL,NULL,Y,0,NULL,NULL
405192,1299,HARRISONVILLE MO - ADS,Advanced Drainage Systems,1811E 267th Street,,Harrisonville,MO,64701,,,,NULL,NULL,N,0,0,NULL
405193,1299,FINDLAY OH - ADS,Advanced Drainage Systems,12370 CR 172,,Findlay,OH,45840,,,,NULL,NULL,N,0,0,NULL
405194,1137,BRAINERD MN,PADNOS - C,1021 Madison Street,,Brainerd,MN,56401,,,,NULL,NULL,N,0,0,NULL
405195,1713,"TAMPA, FL",WESTROCK CP LLC,5111 N 26th St,,Tampa,FL,33610,US,(813) 238-6433,,NULL,NULL,N,0,0,NULL
405196,2506,PRIMARY ADDRESS,ECO LOGIC BRANDS INC,6325 Muirfield Drive,,Hanover Park,IL,60133,,,,NULL,NULL,N,1,0,NULL
405197,2518,INVOICE,ALTERNATE SOURCE RECYCLING,107 W. Monroe St,,South Bend,IN,46601,,,,NULL,NULL,Y,0,NULL,NULL
405198,2519,INVOICE,SAM SERVICES LLC,2 Mariners Cove,,Edgewater,NJ,7020,US,,,NULL,NULL,Y,0,NULL,NULL
405199,2519,"WEST CALDWELL, NJ",SAM SERVICES LLC,15 Patton Drive,,West Caldwell,NJ,7006,US,917.780.7909 ,,NULL,NULL,N,0,0,NULL
405200,2046,OPELIKA AL,HL Mando America Corp for OMNISOURCE,4201 Northpark Dr,,Opelika,AL,36801,,260.422.5541,,NULL,NULL,N,0,0,NULL
405201,2518,SOUTH BEND IN,ALTERNATE SOURCE RECYCLING,3113 S. Gertrude St. ,,South Bend,IN,46614,,,,NULL,NULL,N,0,0,NULL
405202,2520,INVOICE,KAMPS PALLETS,13285 Fenway Blvd N,,Hugo,MN,55038,,(651) 867-4440,,NULL,NULL,Y,0,0,NULL
405203,2521,INVOICE,ABBOTT,100 Abbott Park Rd,,Abbott Park,IL,60064,,224-668-0439,,NULL,NULL,Y,0,NULL,NULL
405204,2522,HSINCINVOICE,PREMIER MATERIAL SOLUTIONS,1415 Davis Road,,Elgin,IL,60123,,(847) 278-2318,,NULL,NULL,Y,0,NULL,NULL
405205,2523,INVOICE,CABKA NORTH AMERICA INC,123 Byassee Drive,,Hazelwood,MO,63042,,480-334-1016,,NULL,NULL,Y,0,NULL,NULL
405206,2523,"LEOLA, PA",GROCERY OUTLET,43 Graybill Road,,Leola,PA,17540,,480-334-1016,,NULL,NULL,N,0,0,NULL
405207,2524,INVOICE,ENGINEERED PLASTICS,1367 W 12th Street,,Erie,PA,16501,,814-453-7970,,NULL,NULL,Y,0,0,NULL
405208,1292,NEW LONDON NC,FIBERON,44017 Hwy 52 N,,New London,NC,28127,,(713) 825-5402,,NULL,NULL,N,0,0,NULL
405209,1377,"WASTE MANAGEMENT - NEWPORT NEWS, VA",WM RECYCLE AMERICA,17200 Warwick Blvd,, Newport News,VA,23603,US,757-849-4785,,NULL,NULL,N,0,0,NULL
405210,2525,INVOICE,GXO,1501 Bellwood Road,,Richmond,VA,23237,UK,804-549-4731,,NULL,NULL,Y,0,NULL,NULL
405211,2354,"HAZLETON, PA",4TH GENERATION RECYCLING,504 White Birch Road,,Hazleton,PA,18202,,754-241-4410 ,,NULL,NULL,N,0,0,NULL
405212,2526,INVOICE,B LINE SERVICES,4997 Damascus Church Road,,Graceville,FL,32440,,850-676-1802,,NULL,NULL,Y,0,NULL,NULL
405213,2526,MARION MI,Recor Transport,10030 S. Forward Street,,Marion,MI,49665,,,,NULL,NULL,N,0,0,NULL
405214,1775,"EAGAN, MN",STERICYCLE,1670 Meadow View Rd,,Eagan,MN,55121-4500,US,651-788-7978,,NULL,NULL,N,0,0,NULL
405215,1775,"OMAHA, NE",STERICYCLE,7734 S 133rd St,,Omaha,NE,68138-3499,US,402-991-4790,,NULL,NULL,N,0,0,NULL
405216,1775,"LINCOLN, NE",STERICYCLE,"6100 N. 60th St.,",,Lincoln,NE,68507-3229,US,402-991-4790,,NULL,NULL,N,0,0,NULL
405217,2115,BRYAN OH,Bryan Plastics for SUNCOAST,721 East Edgerton Street,,Bryan,OH,43506,,,,NULL,NULL,N,0,0,NULL
405218,2527,INVOICE,ULTRA PRO INTERNATIONAL LLC,6049 Slauson Ave,,Commerce,CA,90040,US,(323) 890-2185,,NULL,NULL,Y,0,NULL,NULL
405219,1909,"CLINTON, IA",ENVIROVISION TECHNOLOGIES LLC,1959 S. 21st St.,,Clinton,IA,52732,US,319-504-2099,563-242-0400,NULL,NULL,N,0,0,NULL
405220,2527,"COMMERCE, CA",ULTRA PRO INTERNATIONAL LLC,4944 Triggs St,,Commerce,CA,90022,US,(323) 890-2185,,NULL,NULL,N,0,0,NULL
405221,2332,"ELKRIDGE, MD",Advanced Polybag,6935 San Tomas Road,,Elkridge,MD,21075,US,443-254-4832,,NULL,NULL,N,0,0,NULL
405222,2521,PORTSMOUTH VA,ABBOTT,1342 Court Street,,Portsmouth,VA,23704,,757-705-5646,,NULL,NULL,N,0,0,NULL
405223,2522,1111 DAVIS RD - ELGIN,PREMIER MATERIAL SOLUTIONS,1111 Davis Road,Dock B,Elgin,IL,60123,,(708) 668-5568 ,,NULL,NULL,N,0,0,NULL
405224,1775,"DACONO, CO",STERICYCLE,5355 Colorado Boulevard,,Dacono,CO,80514,US,970-301-8550,,NULL,NULL,N,0,0,NULL
405225,1866,"AURORA, IL",HAMILTON POLYMERS COMPANY,920 Rathbone Avenue,,Aurora,IL,60506,,,,NULL,NULL,N,0,0,NULL
405226,2176,PRIMARY ADDRESS,VERDECO RECYCLING INC,464 Augusta Arbor Way,,Piedmont,SC,29673,,,,NULL,NULL,N,1,0,NULL
405227,2486,PRIMARY ADDRESS,PALLET-TECH SOLUTIONS,365 Patterson Ave,,Oglethorpe,GA,30742,,,,NULL,NULL,N,0,0,NULL
405228,2046,PRIMARY ADDRESS,OMNISOURCE - IN,PO BOX 854408,,"MINNEAPOLIS,",MN,55485-4408,,,,NULL,NULL,N,1,0,NULL
405229,2528,INVOICE,VENTEK SOLUTIONS LLC,210 Spring Street,,Eau Claire,WI,54703,US,715-833-1800 x2137,,NULL,NULL,Y,0,NULL,NULL
405230,1672,"KINGSTON, NY",BSD PLASTICS INC,80 Boices Ln,,Kingston,NY,12401,US,(845) 537-0950,,NULL,NULL,N,0,0,NULL
405231,2529,INVOICE,SOLA POLYMERS,8704 Nebraska Ave,,Toledo,OH,43617,,,,NULL,NULL,Y,0,NULL,NULL
405232,2530,INVOICE,DTLR,1300 Mercedes Drive,,Hanover,MD,21076,US,(484) 638-3512,,NULL,NULL,Y,0,NULL,NULL
405233,2531,INVOICE,HANSEN PALLET CO,1334 Elbert Taylor Rd,,Pelion,SC,29123,,,,NULL,NULL,Y,0,NULL,NULL
405234,2532,INVOICE,USALLIANCE TRADE GROUP LLC,8639-B 16th Street,Suite 256,Silver Spring,MD,20910,,(202) 995-5608,,NULL,NULL,Y,0,NULL,NULL
405235,2533,INVOICE,BERG MILL SUPPLY CO INC,8821 Aviation Blvd,,Los Angeles,CA,90009,,,,NULL,NULL,Y,0,NULL,NULL
405236,2533,VENTURA CA,Gold Coast Recycling for BERG MILL SUPPLY,5275 Colt Ave.,,Ventura,CA,93003,,(559) 402-3542,,NULL,NULL,N,0,0,NULL
405237,2512,CARBONDALE IL,CRC SOUTHERN RECYCLING INC,300 W Chestnut St,,Carbondale,IL,62901,,(618) 549-2880,,NULL,NULL,N,0,0,NULL
405238,2530,"MUHLENBERG, PA",DTLR,410 Corporate Drive,,Muhlenberg,PA,19605,US,(484) 638-3512,,NULL,NULL,N,0,0,NULL
405239,2534,INVOICE,G C PALLET AND STORAGE,185 N Yale Ave,,Columbus,OH,43222,,(614) 274-0132,,NULL,NULL,Y,0,NULL,NULL
405240,2535,INVOICE,TIPTOP EXPRESS,6541 E Washington Blvd,,Commerce,CA,90040,,,,NULL,NULL,Y,0,NULL,NULL
405241,2536,INVOICE,POWER PLASTIC RECYCLING,PO Box 431,,Johns Island,SC,29457,,877-250-9994,,NULL,NULL,Y,0,NULL,NULL
405242,2536,"LAKE CITY, FL",EDUREED,313 SW Windswept Glen,,Lake City,FL,32024,,,,NULL,NULL,N,0,0,NULL
405243,2382,PRIMARY ADDRESS,CIMCO RESOURCES INC,P.O. Box 15427,,Loves Park,IL,61132,,,,NULL,NULL,N,1,0,NULL
405244,1775,"MORTON, WA",STERICYCLE,830 Westlake Ave,,Morton,WA,98356,US,647.883.6597,,NULL,NULL,N,0,0,NULL
405245,2537,INVOICE,FREEPOINT ECO-SYSTEMS SUPPLY & TRADING,58 Commerce Rd,,Stamford,CT,6902,,475-359-3319,,NULL,NULL,Y,0,NULL,NULL
405246,2019,FT SMITH AR,BIRCH RECYCLING,7001 HWY 271 S,,Fort Smith,AR,72908,,(816) 210-4658,,NULL,NULL,N,0,0,NULL
405247,2354,GRAND RAPIDS MI,4TH GENERATION RECYCLING,5015 52nd Street,,Grand Rapids,MI,49512,,,,NULL,NULL,N,0,0,NULL
405248,1294,PRIMARY ADDRESS,GLOBAL PAK INC,P.O. Box 89,,Elkton,OH,44415,,,,NULL,NULL,N,1,0,NULL
405249,2538,INVOICE,INDUSTRIAL PLASTIC RECYCLING INC,525 W. 169th Street,,South Holland,IL,60473,,,,NULL,NULL,Y,0,NULL,NULL
405250,2076,COUNCIL BLUFFS IA,KAMPS INC,2441 River Road,,Council Bluffs,IA,51501,,,,NULL,NULL,N,0,0,NULL
405251,2499,PRIMARY ADDRESS,GAF,PO BOX 7247-6653,,Philadelphia,PA,19170-6653,,,,NULL,NULL,N,1,0,NULL
405252,1292,SHAFTER CA,GAF for CHS PLASTICS INC,6505 Zerker Rd,,Shafter,CA,93263,,661-203-3394,,NULL,NULL,N,0,0,NULL
405253,1299,BUENA VISTA VA,Advanced Drainage Systems For JB PLASTICS,510 Factory Street,,Buena Vista,VA,24416,,,,NULL,NULL,N,0,0,NULL
405254,1299,SHIPPENVILLE PA,Advanced Drainage Systems For JB PLASTICS,22793 Route 66 North,,Shippenville,PA,16254,,,,NULL,NULL,N,0,0,NULL
405255,2518,BELVIDERE IL,ALTERNATE SOURCE RECYCLING,2091 Tripp Rd,,Belvidere,IL,61008,,,,NULL,NULL,N,0,0,NULL
405256,2533,SACRAMENTO CA,Ming's Recycling for BERG MILL SUPPLY,3316 47th Ave,,Sacramento,CA,95824,,323.939.4300,,NULL,NULL,N,0,0,NULL
405257,2539,INVOICE,MEMPHIS TIRE RECYCLERS LLC,3961 S Lakewood Dr,,Memphis,TN,38128,,(865) 323-1169,,NULL,NULL,Y,0,NULL,NULL
405258,2540,INVOICE,SCHROEDERS PALLET SERVICE,7333 S Lockwood Ave,,Bedford Park,IL,60638,,(708) 774-4553,,NULL,NULL,Y,0,NULL,NULL
405259,2540,"BLUE ISLAND, IL",SCHROEDERS PALLET SERVICE,3500 S 127th St,,Blue Island,IL,60604,,(708) 744-4553,,NULL,NULL,N,0,0,NULL
405260,1299,SUMRALL MS,FV RECYCLING For Gulf South,1386 HWY 42,,Sumrall,MS,39482,,,,NULL,NULL,N,0,0,NULL
405261,2354,CHERAW SC,4TH GENERATION RECYCLING,680 Jersey Street,,Cheraw,SC,29520,,,,NULL,NULL,N,0,0,NULL
405262,2541,INVOICE,JEI INC,1515 North 4th Street,,Fort Smith,AR,72901,,(502) 408-9877,,NULL,NULL,Y,0,0,NULL
405263,(INV),JEI FT SMITH 4TH ST WAREHOUSE,NULL,NULL,NULL,NULL,NULL,NULL,NULL,NULL,NULL,NULL,NULL,N,NULL,NULL,NULL
405264,2542,INVOICE,FURROW AUCTION COMPANY,10319 Cogdill Rd,,Knoxville,TN,37932,,865-546-3206,,NULL,NULL,Y,0,NULL,NULL
405265,2542,SHELBYVILLE KY,FURROW AUCTION COMPANY,591 Co Op Loop,,Shelbyville,KY,40069,,859-583-4812,,NULL,NULL,N,0,0,NULL
405266,2543,INVOICE,SHIPLY,600 N Broad Street,"Suite 5, #3290",Middletown,DE,19709,,,,NULL,NULL,Y,0,NULL,NULL
405267,1866,GRAND RAPIDS MI,Recycling Concepts For HAMILTON,5015 52nd St. SE,,Grand Rapids,MI,49512,,,,NULL,NULL,N,0,0,NULL
405268,2354,WARREN MI,4TH GENERATION RECYCLING,12255 E 8 Mile Rd.,,Warren,MI,48089,,,,NULL,NULL,N,0,0,NULL
405269,2354,TAYLOR PA,Corestates for 4G RECYCLING,9 Stauffer Industrial Park,,Taylor,PA,18517,,,,NULL,NULL,N,0,0,NULL
405270,2544,INVOICE,CONSERVATION MANAGEMENT GROUP LLC,80175 Merion,,La Quinta,CA,92253,,,,NULL,NULL,Y,0,NULL,NULL
405271,1532,HAYWARD CA,MING'S RECYCLING,3495 Breakwater Ave,,Hayward,CA,94545,,(408) 938-4936,,NULL,NULL,N,0,0,NULL
405272,2544,HAYWARD CA,MING'S RECYCLING,3495 Breakwater Ave,,Hayward,CA,94545,,,,NULL,NULL,N,0,0,NULL
405273,2545,INVOICE,D&C BROKERAGE LLC,729 Great Falls Hwy,,Chester,SC,29706,,,,NULL,NULL,Y,0,NULL,NULL
405274,2106,STERLING KY,JEI INC,525 Wilmont Rd ,,Sterling,KY,40353,,,,NULL,NULL,N,0,0,NULL
405275,2533,HAYWARD CA,BERG MILL SUPPLY CO INC,3495 Breakwater Ct,,Hayward,CA,94545,,323.939.4300,,NULL,NULL,N,0,0,NULL
405276,2046,INDIANAPOLIS IN,Batesville Logistics for Omnisource,5770 Decatur Blvd ,,Indianapolis,IN,46241,,,,NULL,NULL,N,0,0,NULL
405277,2041,SPRINGFIELD MO,Service Recycling  for Greenview,220 E Chase St,,Springfield,MO,65803,,,,NULL,NULL,N,0,0,NULL
405278,2041,PRIMARY ADDRESS,GREENVIEW MATERIALS INC,1800 W Rogers Ave,,Appleton,WI,54914,,,,NULL,NULL,N,1,0,NULL
405279,2354,LAREDO TX,4TH GENERATION RECYCLING,12001 General Milton Dr. ,,Laredo,TX,78045,,,,NULL,NULL,N,0,0,NULL
405280,2544,BERKELEY CA,CONSERVATION MANAGEMENT,669 Gilman St,,Berkeley,CA,94710,,,,NULL,NULL,N,0,0,NULL
405281,2493,NEW CASTLE DE,CENTRAL SALT,341 Pigeon Point Rd,,New Castle,DE,19720,,302-420-8786,,NULL,NULL,N,0,0,NULL
405282,2546,INVOICE,MULDROWS RECYCLING,833 Hill Street,,Rocky Mount,NC,27801,,(252) 406-7876,,NULL,NULL,Y,0,NULL,NULL
405283,1292,MAPLE GROVE MN,GAF for CHS PLASTICS,8175 Jefferson Hwy,,Maple Grove,MN,55369,,,,NULL,NULL,N,0,0,NULL
405284,1292,MICHIGAN CITY IN,GAF for CHS PLASTICS,505 N Roeske Ave,,Michigan City,IN,46360,,,,NULL,NULL,N,0,0,NULL
405285,2493,EASTON PA,AAA PLASTICS & PAPER RECYCLING,400 Island Park Rd,Building #3,Easton,PA,18042,,,,NULL,NULL,N,0,0,NULL
405286,2547,INVOICE,FLIPPING IRON INC,PO Box 70328,,Bakersfield,CA,93387,,(661) 557-1627,,NULL,NULL,Y,0,NULL,NULL
405287,2547,BAKERSFIELD CA,FLIPPING IRON INC,186-B Quantico Ave,,Bakersfield,CA,93307,,,,NULL,NULL,N,0,0,NULL
405288,2547,FRESNO CA,PRINSCO,2839 S Cherry Ave,,Fresno,CA,93706,,(661) 426-1126,,NULL,NULL,N,0,0,NULL
405289,1775,"DES MOINES, IA",STERICYCLE,1863 NE 54th Ave,BLDG #8,Des Moines,IA,50313,,515-421-5251,,NULL,NULL,N,0,0,NULL
405290,2548,INVOICE,W & W PALLET LLC,127A Road 1597,P.O. Box 313 ,Nettleton,MS,38858,,,,NULL,NULL,Y,0,NULL,NULL
405291,2377,BIRMINGHAM AL,SA RECYCLING LLC,1620 Vanderbilt Rd,,Birmingham,AL,,,(205) 328-4283 ,,NULL,NULL,N,0,0,NULL
405292,2549,INVOICE,KLEANGRO DISTRIBUTION,"4999 Smith Farm Rd,",,Matthews,NC,28104,US,980-297-9413,,NULL,NULL,Y,0,NULL,NULL
405293,2550,INVOICE,LANIER PALLET RECYCLING INC,2410 Highway 334,,Commerce,GA,30530,US,706-335-3440,,NULL,NULL,Y,0,NULL,NULL
405294,2493,"SAVAGE, MD",AAA PLASTICS & PAPER RECYCLING,TBD,,Savage,MD,,US,,,NULL,NULL,N,0,0,NULL
405295,2493,"COLUMBIA, MD",AAA PLASTICS & PAPER RECYCLING,TBD,,Columbia,MD,,US,,,NULL,NULL,N,0,0,NULL
405296,2493,"LOWELL, MD",AAA PLASTICS & PAPER RECYCLING,TBD,,Lowell,MD,,US,,,NULL,NULL,N,0,0,NULL
405297,2081,"SUNBRIGHT, TN",SCOTT PLASTICS INC,234 Dynatex Rd,,Sunbright,TN,37872,US,865-973-3067,,NULL,NULL,N,0,0,NULL
405298,2551,INVOICE,EXXACT EXPRESS,1025 N. Chestnut Rd,,Lakeland,FL,33805,,,,NULL,NULL,Y,0,NULL,NULL
405299,2512,ENNIS TX,CAROLINA RECYCLE For CRC,2501 Brombeck Street,,Ennis,TX,75119,,419-545-0299,,NULL,NULL,N,0,0,NULL
405300,2552,INVOICE,CARGILL,2700 Yetter Ct,,Camp Hill,PA,17011,,717-829-0912,,NULL,NULL,Y,0,NULL,NULL
405301,2553,INVOICE,MICHAEL DAY ENTERPRISES LLC,PO Box 151,9774 Trease Rd,Wadsworth,OH,44281,,(330) 335-5100  ,,NULL,NULL,Y,0,NULL,NULL
405302,2554,INVOICE,WINMATE COMMUNICATION US INC,2640 Mathews Street,,Smyrna,GA,30080,US,(678) 570-7299,,NULL,NULL,Y,0,NULL,NULL
405303,2354,LAKE CITY SC,4TH GENERATION RECYCLING,431 Cedar Street,,Lake City,SC,29560,,954-306-6901,,NULL,NULL,N,0,0,NULL
405304,2555,INVOICE,FASTENAL CO,940 W Wilbeth Rd,,Akron,OH,44314,US,330-861-5439,,NULL,NULL,Y,0,NULL,NULL
405305,2556,INVOICE,LOPEZ & CO METALS LLC,222 Grove Street,,Houston,TX,77020,US,(915) 240-9666,,NULL,NULL,Y,0,NULL,NULL
405306,2556,HOUSTON TX - PICK UP,LOPEZ & CO METALS LLC,3262 E Loop North,,Houston,TX,77029,,915-240-9666,,NULL,NULL,N,0,0,NULL
405307,2557,INVOICE,AMERICAN FIBER SERVICES LLC,2400 Lake Park Drive,Suite 425,Smyrna,GA,30080,,(615) 390- 2686,,NULL,NULL,Y,0,NULL,NULL
405308,2557,LEWISBURG TN,3 J'S RECYCLING,1424 Higgs Rd.,,Lewisburg,TN,37091,,931-215-0981,,NULL,NULL,N,0,0,NULL
405309,2558,INVOICE,INTERNATIONAL PAPER,6400 Poplar Ave,,Memphis,TN,38197,,803 493 9925,,NULL,NULL,Y,0,NULL,NULL
405310,2558,TYSON - WILKESBORO NC,Tyson Foods Inc,704 S Factor St,Dock 45,Wilkesboro,NC,28697,,336-957-7684,,NULL,NULL,N,0,0,NULL
405311,2559,INVOICE,PAUL TRANSPORTATION,10612 Woodhollow Rd,,Mint Hill,NC,28227,,,,NULL,NULL,Y,0,NULL,NULL
405312,2417,WHITESTOWN IN,RYDER SYSTEM INC / ROCKWELL AUTOMATION,4255 S 500 E,,Whitestown,IN,46075,,,,NULL,NULL,N,0,0,NULL
405313,1775,"SALT LAKE CITY, UT",RWCS Salt Lake City,90 North Foxboro Drive,,North Salt Lake,UT,84054-3164,US,801-419-2772,,NULL,NULL,N,0,0,NULL
405314,2560,INVOICE,SOUTHWEST PALLETS,1822 Cherry Ave,,Hillsdale,MO,63121,US,312-896-7271,,NULL,NULL,Y,0,NULL,NULL
405315,2561,INVOICE,SILON US LLC,101 Sierra Drive,,Peachtree City,GA,30269,,,,NULL,NULL,Y,0,NULL,NULL
405316,2563,INVOICE,AV CARGO SOLUTIONS,1901 Aduanales Lane,,Laredo,TX,78041,US,(956) 691-7726,,NULL,NULL,Y,0,NULL,NULL
405317,2105,"HOUSTON, TX",PLUS MATERIALS INC,1325 Hussion St Date,,Houston,TX,77003,US,678-344-5007,,NULL,NULL,N,0,0,NULL
405318,2564,INVOICE,ADVANCED METALS,1201 E 12th St.,,Lamar,MO,64759,US,303-842-9536,,NULL,NULL,Y,0,NULL,NULL
405319,2564,PICK UP ADDRESS,ADVANCED METALS,1701 Maple St,,Lamar,MO,64759,US,303-842-9536,,NULL,NULL,N,0,0,NULL
405320,1938,HAUPPAUGE NY,TXX For MONTELEONE,425 B Oser Ave,,Hauppauge,NY,11788,,,,NULL,NULL,N,0,0,NULL
405321,2565,INVOICE,FENCE FINDERS LLC,1290 Lincoln Ave,,Waukesha,WI,53186,,262-424-6146,,NULL,NULL,Y,0,NULL,NULL
405322,1474,"MEMPHIS, TN",VISH GROUP,4063 Viscount Ave,,Memphis,TN,381189,,,,NULL,NULL,N,0,0,NULL
405323,2566,INVOICE,RIVULIS,7545 Carroll Rd,,San Diego,CA,92121,US,858-621-6479 x147,619-578-2344,NULL,NULL,Y,0,NULL,NULL
405324,2566,"FRESNO, CA",Rivulis Irrigation,2851 E. Florence Ave,,Fresno,CA,93721,US,858-621-6479 x147,,NULL,NULL,N,0,0,NULL
405325,2567,INVOICE,WEXFORD INTERNATIONAL,190 Main Street Suite 102,P.O. Box 715,Gladstone,NJ,7934,US,908-781-7200,,NULL,NULL,Y,0,NULL,NULL
405326,2567,"WHEELING, IL",Nu-Pro Polymers,555 Allendale Dr,,Wheeling,IL,60090,US,908-781-7200,,NULL,NULL,N,0,0,NULL
405327,2354,SHREVEPORT LA,4TH GENERATION RECYCLING,6020 Linwood Ave,,Shreveport,LA,71108,,,,NULL,NULL,N,0,0,NULL
405328,2105,"DONNA, TX",FaXi Co  RGV,1209 Fordyce Ave,,Donna,TX,78537,US,832-289-8594 ,,NULL,NULL,N,0,0,NULL
405329,2568,INVOICE,ATLANTIC TRANSPORT LLC,4325 Wishart Rd,,Virginia Beach,VA,23455,,,,NULL,NULL,Y,0,NULL,NULL
405330,2568,PICK-UP ADDRESS,ATLANTIC TRANSPORT LLC,5729 Bayside Rd,,Virginia Beach,VA,23455,,757-447-8687,,NULL,NULL,N,0,0,NULL
405331,2569,INVOICE,LA POLY INC,PO Box 1128,,Plymouth,IN,46563,,,,NULL,NULL,Y,0,NULL,NULL
405332,2569,PLYMOUTH IN,LA POLY INC,1430 Western Ave,,Plymouth,IN,46563,,574-993-3810,,NULL,NULL,N,0,0,NULL
405333,2570,INVOICE,CLOROX SERVICES COMPANY,Attn: Procure to Pay,"4900 Johnson Drive , A1-120",Pleasanton,CA,94588,,,,NULL,NULL,Y,0,NULL,NULL
405334,2482,"PASADENA, TX",A&R Logistics,4100 Malone Drive,,Pasadena,TX,77507,US,,,NULL,NULL,N,0,0,NULL
405335,(INV),SILON US LLC,NULL,NULL,NULL,NULL,NULL,NULL,NULL,NULL,NULL,NULL,NULL,N,NULL,NULL,NULL
405336,2571,INVOICE,HAPPE HOMES,2575 N Ankeny Blvd,Suite 211,Ankeny,IA,50023,,,,NULL,NULL,Y,0,NULL,NULL
405337,2571,DES MOINES IA,HAPPE HOMES,4549 Delaware Ave,,Des Moines,IA,50313,,,,NULL,NULL,N,0,0,NULL
405338,2572,INVOICE,JEI INC,560 Eastern Blvd,,Clarksville,IN,47129,,(502) 408-9877,,NULL,NULL,Y,0,NULL,NULL
405339,(INV),JEI CLARKSVILLE WAREHOUSE,NULL,NULL,NULL,NULL,NULL,NULL,NULL,NULL,NULL,NULL,NULL,N,NULL,NULL,NULL
405340,2557,"PINEY FLATS, TN",AMERICAN FIBER SERVICES LLC,857 Mountain View Dr.,,Piney Flats,TN,37686,US,423-391-1633,,NULL,NULL,N,0,0,NULL
405341,2573,INVOICE,ARGENTUM RECYCLING,3010 E. Industrial Pkwy,,Knoxville,TN,37921,,,,NULL,NULL,Y,0,NULL,NULL
405342,1630,LAKE BLUFF IL,PEAK c/o IRP,3601 N Skokie Hwy,Unit E,Lake Bluff,IL,60044,,,,NULL,NULL,N,0,0,NULL
405343,2574,INVOICE,CROSS INDUSTRIES,P.O.Box 127,,Saumico,WI,54173,,662-664-6302,,NULL,NULL,Y,0,NULL,NULL
405344,2574,IUKA MS,CROSS INDUSTRIES,1509 Paul Edmondson Dr,,Iuka,MS,38852,,(330)421-5025,,NULL,NULL,N,0,0,NULL
405345,2575,INVOICE,UTZ QUALITY FOODS,237 Industrial Drive,,Kings Mountain,NC,28086,,717-693-0615,,NULL,NULL,Y,0,NULL,NULL
405346,2570,ROGERS AR,CLOROX SERVICES COMPANY,1700 N. 13th St,,Rogers,AR,72756,,479-246-6259,,NULL,NULL,N,0,0,NULL
405347,2354,MIAMI FL,NEW ERA RECYCLING For 4G,3671 NW 81st Street,,Miami,FL,33147,,754-241-4483 ,,NULL,NULL,N,0,0,NULL
405348,1902,MEMPHIS TN,ENTERPRIZE CONTAINER CORP,285 W Trigg Avenue,,Memphis,TN,38106,,(931) 982-3041 ,,NULL,NULL,N,0,0,NULL
405349,2354,SOMERSET PA,CVS Somerset For 4G RECYCLING,322 Revco Rd,,Somerset,PA,15501,,754-241-4483 ,,NULL,NULL,N,0,0,NULL
405350,2576,INVOICE,RECYCLING ASSOCIATES,2424 Norwood St SW,,Lenoir,NC,28645,,(828) 346-8651,,NULL,NULL,Y,0,NULL,NULL
405351,2577,INVOICE,TOTAL RECYCLING SOLUTIONS,3153 Steeles Avenue West,,Milton,ON,L9T 2V4,,(416) 951-1130,,NULL,NULL,Y,0,NULL,NULL
405352,2578,INVOICE,GULFSTREAM SERVICES,950 Peninsula Corporate Circle,Suite 3025,Boca Raton,FL,33487,,561-922-5220,,NULL,NULL,Y,0,NULL,NULL
405353,2578,CONOVER NC - AXJO,AXJO For GULFSTREAM SERVICES,221 McLin Creek Road S,,Conover,NC,28613,,828-322-6046,,NULL,NULL,N,0,0,NULL
405354,2579,INVOICE,TMC TRANSPORTATION,PO Box 3567,,Omaha,NE,68103,,,,NULL,NULL,Y,0,NULL,NULL
405355,2580,INVOICE,INNOVATIVE CLAIMS SERVICE,2510 S Brentwood Blvd,Ste 315,St Louis,MO,63144,,314-531-4837,,NULL,NULL,Y,0,NULL,NULL
405356,2580,HOUSTON TX,Azadwinder Singh,7531 Fairview Street ,,Houston,TX,77041,,346-213-8990,,NULL,NULL,N,0,0,NULL
405357,2581,INVOICE,MV HOUSTON CROSS DOCK,7075 Cypress Creek Pkwy,,Houston,TX,77066,,,,NULL,NULL,Y,0,NULL,NULL
405358,2582,INVOICE,TIDWELL ENTERPRISES LLC,8300 Industrial Dr.,,Olive Branch,MS,38654,,713-336-3600,,NULL,NULL,Y,0,NULL,NULL
405359,2583,INVOICE,TYSON FOODS,212 E Elm Street,,Rogers,AR,72756,,479-306-2383,,NULL,NULL,Y,0,NULL,NULL
405360,1577,DAYTON OH,COMPOSITE TECHNOLOGIES For CMS,943 Woodley Rd,,Dayton,OH,45403,,,,NULL,NULL,N,0,0,NULL
405361,2585,INVOICE,NOVA CIRCULAR SOLUTIONS,PO BOX 3070,,Sarnia,ON,N7T 8E3,,,,NULL,NULL,Y,0,NULL,NULL
405362,2587,INVOICE,PRO PALLET LLC,1730 Butter Rd,,Dover,PA,17315,,,,NULL,NULL,Y,0,0,NULL
405363,1199,ZELLWOOD FL,Recycling Services of FL FOR BUTLER,6161 W Jones Avenue,,Zellwood,FL,32798,,(407) 296-6397,,NULL,NULL,N,0,0,NULL
405364,2588,INVOICE,CROSSPOINT POLYMER TECHNOLOGIES LLC,2301 Saint Joseph Ind Park Dr,,Evansville,IN,47720,,,,NULL,NULL,Y,0,NULL,NULL
405365,2571,PRIMARY ADDRESS,KYADTA BUILDING SUPPLIES,2575 N Ankeny Blvd,Suite 211,Ankeny ,IA,50023,,,,NULL,NULL,N,1,0,NULL
405366,1395,HUMBLE TX,FEDERAL INTERNATIONAL,6201 Rankin Road,,Humble,TX,77396,,,,NULL,NULL,N,0,0,NULL
405367,2075,OAKDALE MN,REVOLUTION COMMERCIAL SOLUTIONS (MN),5301 Hadley Avenue North,,Oakdale,MN,55128,,,,NULL,NULL,N,0,0,NULL
405368,2589,INVOICE,BRUCE OAKLEY INC,PO Box 17880,3400 Gribble Street,North Little Rock,AR,72114,,,,NULL,NULL,Y,0,NULL,NULL
405369,2590,INVOICE,A&M RAILROAD,1301 North 4Th Street,,Fort Smith,AR,72901,,,,NULL,NULL,Y,0,NULL,NULL
405370,2591,INVOICE,A&M RAILROAD,1301 N 4th Street,,Fort Smith,AR,72901,,,,NULL,NULL,Y,0,0,NULL
405371,(INV),A & M RAILROAD,NULL,NULL,NULL,NULL,NULL,NULL,NULL,NULL,NULL,NULL,NULL,N,NULL,NULL,NULL
405372,2570,ROGERS AR - WSP,"WSP, INC",1201 N Dixieland Rd,,Rogers,AR,72756,,,,NULL,NULL,N,0,0,NULL
405373,2592,INVOICE,BONNETTE AUCTION COMPANY,3804 McKeithen Drive,,Alexandria,LA,71303,,,,NULL,NULL,Y,0,NULL,NULL
405374,2592,SAREPTA LA,Integrico Composites,108 Inducto Way,,Sarepta,LA,71071,,,,NULL,NULL,N,0,0,NULL
405375,2578,BROOKLAND AR,MARCK INDUSTRIES For GULFSTREAM,300 Missouri Street,,Brookland,AR,72417,,,,NULL,NULL,N,0,0,NULL
405376,1292,PIEDMONT SC,RESIDUE RECYCLING for CHS Plastics,750 Estes Drive,,Piedmont,SC,29673,,,,NULL,NULL,N,0,0,NULL
405377,2252,WICHITA KS,IP Recycling Center,4300 W. 29th St.,,Wichita,KS,67215,,,,NULL,NULL,N,0,0,NULL
405378,2115,HILLSVILLE VA,New River Polymers For Suncoast,57 Industrial Park drive,,Hillsville,VA,24343,,,,NULL,NULL,N,0,0,NULL
405379,2593,INVOICE,TLC WORLDWIDE LOGISTICS,550 S Industrial Park Rd,,Holly Springs,MS,38635,,,,NULL,NULL,Y,0,NULL,NULL
405380,(INV),TLC WORLDWIDE LOGISTICS HOLLY SPRINGS,NULL,NULL,NULL,NULL,NULL,NULL,NULL,NULL,NULL,NULL,NULL,N,NULL,NULL,NULL
405381,2594,INVOICE,BERRY GLOBAL INC,101 Oakley St,,Evansville,IN,47710,,,,NULL,NULL,Y,0,NULL,NULL
405382,2570,WEST MONROE LA,LPCC For CLOROX,503 Downing Pines Road,,West Monroe,LA,71292,,318-387-5490,,NULL,NULL,N,0,0,NULL
405383,2595,INVOICE,JBS,555 S. Stuhr Road,,Grand Island,NE,68801,US,(308) 395-9463,,NULL,NULL,Y,0,NULL,NULL
405384,2521,PRIMARY ADDRESS,ABBOTT,1342 Court St,,Portsmouth,VA,23704,,,,NULL,NULL,N,1,0,NULL
405385,2382,STERLING IL,CIMCO RESOURCES INC,13509 Galt Rd,,Sterling,IL,61081,,,,NULL,NULL,N,0,0,NULL
405386,2582,HERNANDO MS,TIDWELL ENTERPRISES LLC,422 Highway 51 N,,Hernando,MS,38632,,,,NULL,NULL,N,0,0,NULL
405387,2106,OLIVE BRANCH MS - TIDWELL,TIDWELL ENTERPRISES,8300 Industrial Drive,,Olive Branch,MS,38654,,,,NULL,NULL,N,0,0,NULL
405388,2596,INVOICE,SERVICE MATERIALS GROUP LLC,5516 Susan Dr,,Charlotte,NC,28215,,,,NULL,NULL,Y,0,0,NULL
405389,2597,INVOICE,DM PLASTICS INC,691 VZ County Road 1519,,Grand Saline,TX,75140,,,,NULL,NULL,Y,0,NULL,NULL
405390,2590,PRIMARY ADDRESS,ALLIED ENTERPRISES INC,107 North Commercial,,"Springdale,",AR,72764,,,,NULL,NULL,N,1,0,NULL
405391,2114,EL PASO TX,CAROLINA RECYCLING & CONSULTING LLC,5835 Wren Ave.,,El Paso,TX,79924,,,,NULL,NULL,N,0,0,NULL
405392,2114,DALLAS TX,CAROLINA RECYCLING & CONSULTING LLC,1420 Barry Ave,,Dallas,TX,75223,,,,NULL,NULL,N,0,0,NULL
405393,2598,INVOICE,VERITY RECYCLING LLC,237 W Central Ave,,Asheboro,NC,27203,,,,NULL,NULL,Y,0,NULL,NULL
405394,2599,INVOICE,NEW MARCO CONTAINERS,2425 Cragmore Rd,,Winston-Salem,NC,27107,,(336) 784-7413,,NULL,NULL,Y,0,NULL,NULL
405395,2600,INVOICE,DURA-LINE,11400 Parkside Drive,Suite 300,Knoxville,TN,37934,,,,NULL,NULL,Y,0,NULL,NULL
405396,1850,DAVIS CA,RECOLOGY,2727 2nd St,,Davis,CA,95618,,(530) 756-4646,,NULL,NULL,N,0,0,NULL
405397,1292,MYERSTOWN PA,GAF For CHS PLASTICS,401 Weavertown Road,,Myerstown,PA,17067,,,,NULL,NULL,N,0,0,NULL
405398,2046,EAST FISHKILL NY,MOPAR STELLANTIS For OMNISOURCE,32 Patriot Way,,East Fishkill,NY,12533,,,,NULL,NULL,N,0,0,NULL
405399,1775,"MEMPHIS, TN",STERICYCLE - RWCS Memphis (TN10),540 Rivergate Rd,,Memphis,TN,38109,US,901-569-7151,,NULL,NULL,N,0,0,NULL
405400,2601,INVOICE,SERAPHIM PLASTICS LLC,3412 Jackson Ave,Suite 7,Memphis,TN,38122,US,248.875.1106,866.208.5517,NULL,NULL,Y,0,NULL,NULL
405401,1680,GLENVILLE NY,48 FORTY SOLUTIONS,201 A Street,,Glenville,NY,12302,,,,NULL,NULL,N,0,0,NULL
405402,2482,RINCON GA,QUANTIX,1004 Gateway Parkway,Ste 200,Rincon,GA,31326,,912-221-5069,,NULL,NULL,N,0,0,NULL
405403,2482,BAYTOWN TX,A&R PLANTIGISTIXS,8905 East Grand Parkway S,,Baytown,TX,77523,,,,NULL,NULL,N,0,0,NULL
405404,2602,INVOICE,XNM LLC,6016 N Main St SE,,Acworth,GA,30101,,678-600-6820,,NULL,NULL,Y,0,0,NULL
405405,(INV),A&M RAILROAD,NULL,NULL,NULL,NULL,NULL,NULL,NULL,NULL,NULL,NULL,NULL,N,NULL,NULL,NULL
405406,1672,ASHEBORO NC,BSD PLASTICS INC,730 Brady Ave,,Asheboro,NC,27203,,,,NULL,NULL,N,0,0,NULL
405407,2603,INVOICE,FAIRWAY PACKAGING,354 Old Bay Lane,,Havre de Grace,MD,21078,,443-307-7653,,NULL,NULL,Y,0,NULL,NULL
405408,2603,ABERDEEN MD,FAIRWAY PACKAGING,1100 Woodley Rd,,Aberdeen,MD,21001,,717-740-9030,,NULL,NULL,N,0,0,NULL
405409,2604,INVOICE,CONTINENTAL PAPER GRADING,3819 MOMENTUM PLACE,,"CHICAGO,",IL,60689-5338,US,,,NULL,NULL,Y,0,NULL,NULL
405410,2604,"CREIGHTON, PA",Pitt Penn Recycling,426 Freeport Road,,Creighton,PA,15030,US,724-409-4522,,NULL,NULL,N,0,0,NULL
405411,1202,DART RANDLEMAN NC,DART Container Corp,3219 Wesleyan Road,,Randleman,NC,27317,,,,NULL,NULL,N,0,0,NULL
405412,2605,INVOICE,TOTAL ENVIRONMENTAL,1421 East 15th st,,Fayetteville,AR,72701,US,,,NULL,NULL,Y,0,0,NULL
405413,2606,INVOICE,HAMILTON PLASTICS INC,2641 Riverport Rd,,Chattanooga,TN,37406,,,,NULL,NULL,Y,0,NULL,NULL
405414,2607,INVOICE,GREEN DIVERSION RECYCLING LLC,PO Box 718,,Highwood,IL,60040,,,,NULL,NULL,Y,0,NULL,NULL
405415,2608,INVOICE,EVERGREEN RECYCLERS,240 Novy Street,,Jackson,TN,38301,,731-424-7505,,NULL,NULL,Y,0,NULL,NULL
405416,2609,INVOICE,BR INTERNATIONAL USA LLC,1208 Commercial Blvd N,,Arlington,TX,76001,,,,NULL,NULL,Y,0,0,NULL
405417,(INV),BR INTERNATIONAL USA LLC,NULL,NULL,NULL,NULL,NULL,NULL,NULL,NULL,NULL,NULL,NULL,N,NULL,NULL,NULL
405418,2600,GAINESVILLE TX,DURA-LINE,2406 I-35 Frontage Rd,,Gainesville,TX,76240,,,,NULL,NULL,N,0,0,NULL
405419,2607,COLUMBUS GA,FEDERAL INTERNATIONAL For Green Diversion,1530 Martin Luther King Jr Blvd,,Columbus,GA,31906,,,,NULL,NULL,N,0,0,NULL
405420,1202,CONYERS GA,Solo Cup Operating Corporation - Conyers - SCOC,1455 Highway 138 NE,,Conyers,GA,30013,,203-299-5083,,NULL,NULL,N,0,0,NULL
405421,1938,"KINGSTON, NY",BSD FOR LOUIS MONTELEONE FIBRES LTD,80 Boices Ln,,Kingston,NY,12401,US,718-378-1313,,NULL,NULL,N,0,0,NULL
405422,2599,PRIMARY ADDRESS,NEW MARCO CONTAINERS,PO Box 431 ,,Kernersville,NC,27285,,,,NULL,NULL,N,1,0,NULL
405423,2610,INVOICE,GREENWOOD PALLET COMPANY,16849 Road Runner Dr,,Bridgeville,DE,19933,,(302) 448-0914,,NULL,NULL,Y,0,NULL,NULL
405424,2610,BALTIMORE MD,GREENWOOD PALLET COMPANY,1927 Benhill Avenue,,Baltimore,MD,21226,,(302) 448-0914,,NULL,NULL,N,0,0,NULL
405425,2610,DOVER DE,GREENWOOD PALLET COMPANY,836 Postles Corner Rd,,Dover,DE,19901,,(302) 448-0914,,NULL,NULL,N,0,0,NULL
405426,2181,PRIMARY ADDRESS,INDEX PACKAGING,PO Box 4900 ,,Lewiston,ME,04243-4900 ,,,,NULL,NULL,N,1,0,NULL
405427,1299,OWOSSO MI - ADS,Advanced Drainage Systems,770 Chestnut Street ,,Owosso,MI,48867,,,,NULL,NULL,N,0,0,NULL
405428,2611,INVOICE,Lifetime,ATTN: ACCOUNTING,PO BOX 160010,CLEARFIELD,UT,84016,,,,NULL,NULL,Y,0,NULL,NULL
405429,2557,"CENTERVILLE, TN",Hickman County Solid Waste,2220 Skyview Dr,,Centerville,TN,37033,US,931-729-2136 ,,NULL,NULL,N,0,0,NULL
405430,2611,MASCOT TN,LIFETIME PRODUCTS,2015 Eastbridge Blvd,,Mascot,TN,37806,,,,NULL,NULL,N,0,0,NULL
405431,2482,CAINHOY SC,AOWR,1031 LeGrand Ave,,Cainhoy,SC,29492,,,,NULL,NULL,N,0,0,NULL
405432,2600,MCALESTER OK,DURA-LINE,10 Steven Taylor Blvd,,McAlester,OK,74501,,,,NULL,NULL,N,0,0,NULL
405433,2465,JOLIET IL,LOOP PAPER RECYCLING INC,509 Rowell Ave,,Joliet,IL,60433,,(312) 705-2700,,NULL,NULL,N,0,0,NULL
405434,2583,SANFORD NC,Tyson Mexican Original,800 E Main Street,,Sanford,NC,27332,,,,NULL,NULL,N,0,0,NULL
405435,2612,INVOICE,COOPER TRUCKLINE INC,PO Box 699,,Holly Springs,MS,38635,,,,NULL,NULL,Y,0,NULL,NULL
405436,1202,PRIMARY ADDRESS,CELLMARK INC,80 Washington Street,,Norwalk,CT,6854,,,,NULL,NULL,N,1,0,NULL
405437,1202,SOCIAL CIRCLE GA,CELLMARK INC,2887 Social Circle Parkway,,Social Circle,GA,30025,,203-299-5083,,NULL,NULL,N,0,0,NULL
405438,1202,LANCASTER PA,Dart Container Corporation of Pennsylvania - Lancaster-DCCPA,110 Pitney Rd,,Lancaster,PA,17602,,203-299-5083,,NULL,NULL,N,0,0,NULL
405439,2614,INVOICE,TRAILER LEASING COMPANY,2733 Pickettville Rd,,Jacksonville,FL,32220,,904.389.6504,,NULL,NULL,Y,0,NULL,NULL
405440,2585,CONNERSVILLE IN,NOVA CHEMICALS,4747 Western Ave,,Connersville,IN,47331,,,,NULL,NULL,N,0,0,NULL
405441,1428,TERRE HAUTE IN,REVOLUTION COMPANY,300 N Fruitridge,,Terre Haute,IN,47803,,(812) 239-8919,,NULL,NULL,N,0,0,NULL
405442,1802,MINNEAPOLIS MN,48 FORTY SOLUTIONS,3200 Como Ave SE,,Minneapolis,MN,55414,,(612) 409-5743,,NULL,NULL,N,0,0,NULL
405443,2615,INVOICE,DIRECT RESINS LLC,3600 E 45th Ave,,Denver,CO,80216,,(540) 493-7810,,NULL,NULL,Y,0,NULL,NULL
405444,2617,INVOICE,CAPITAL RECOVERY SERVICES,117 Littlejohn St,,Spartanburg,SC,29301,,(773) 923-5133,,NULL,NULL,Y,0,NULL,NULL
405445,1202,KINGSPORT TN,Eastman Chemical Company,"KPT, B-593, MPP Facility","1781, Warrick Dr",Kingsport,TN,37660,,203-299-5092,,NULL,NULL,N,0,0,NULL
405446,2618,INVOICE,PHARMACEUTICAL ASSOCIATES,1700 Perimeter Road,,Greenville,SC,29605,,,,NULL,NULL,Y,0,NULL,NULL
405447,2618,"HUNTSVILLE, AL",TRI RX,120 Vintage Dr NE,,Huntsville,AL,35811,,,,NULL,NULL,N,0,0,NULL
405448,2619,INVOICE,GOYA FOODS GREAT LAKES,200 S. Main St,,Angola,NY,14006,,716-549-0076,,NULL,NULL,Y,0,NULL,NULL
405449,2620,INVOICE,SUSTAINABILITY SOLUTIONS LLC,1309 Coffeen Avenue STE 1200,,Sheridan,,82801,,,,NULL,NULL,Y,0,NULL,NULL
405450,1202,CENTERBURG OH,CELLMARK INC,6589 Bennington Chapel Road,,Centerburg,OH,43011,,203-299-5083,,NULL,NULL,N,0,0,NULL
405451,2557,CLANTON AL,Performance Foodservice Alabama,2450 Big M Blvd,,Clanton,AL,35046,,,,NULL,NULL,N,0,0,NULL
405452,2019,ST JOSEPH MO - Clarios,CLARIOS For BIRCH RECYCLING,2330 SW Lower Lake Rd,,St Joseph,MO,64504,,,,NULL,NULL,N,0,0,NULL
405453,1866,SUNBRIGHT TN,Scott Computers for HAMILTON,234 Dynatex Rd.,,Sunbright,TN,37872,,,,NULL,NULL,N,0,0,NULL
405454,1520,PRIMARY ADDRESS,AMERICAN METAL & PAPER RECYCLING INC,PO Box 436,,Kewaskum,WI,53040-0436,,,,NULL,NULL,N,1,0,NULL
405455,2621,INVOICE,LG ENERGY SOLUTION MICHIGAN INC,1 LG Way,,Holland,MI,49423,,616-494-7116,,NULL,NULL,Y,0,NULL,NULL
405456,2621,TORRANCE CA,FNS TORANCE WAREHOUSE,1545 Francisco St.,,Torrance,CA,90501,,616-494-7116,,NULL,NULL,N,0,0,NULL
405457,2115,CHICAGO HEIGHTS IL,AZ PLASTICS For SUNCOAST PLASTICS,1232 McKinley Ave.,,Chicago Heights,IL,60411,,,,NULL,NULL,N,0,0,NULL
405458,1475,BOX ELDER - GARLAND UT,Interwest Paper - Box Elder Recycling Facility,12455 Canal Bank Road,,Garland,UT,84312,,801-266-3610,,NULL,NULL,N,0,0,NULL
405459,1808,LOUISVILLE KY,PSC COMPANY For TELFER INC,745 S. 15th St ,,Louisville,KY,40210,,,,NULL,NULL,N,0,0,NULL
405460,2622,INVOICE,JIFRAM EXTRUSIONS INC,320 Forest Avenue,,Sheboygan Falls,WI,53085,US,(920) 467-2477,,NULL,NULL,Y,0,0,NULL
405461,2398,BELLEFONTAINE OH - ARCH POLYMERS,ARCH POLYMERS - FOR PURECYCLE,300 Progress Way,,Bellefontaine,OH,43311,,,,NULL,NULL,N,0,0,NULL
405462,1377,"WASTE MANAGEMENT - ARBUTUS, MD",WM RECYCLE AMERICA,1404 Benson Court,,Halethorpe,MD,21227,US,716 286 0208,,NULL,NULL,N,0,0,NULL
405463,2623,INVOICE,SHARK LOGISTICS INC,PO BOX 42931,,Bakersfield,CA,93384,,,,NULL,NULL,Y,0,NULL,NULL
405464,2624,INVOICE,WASTE PRO RECYCLING,3544 Rabbits Foot Trail,,Lexington,KY,40503,US,(859) 327-5789,,NULL,NULL,Y,0,NULL,NULL
405465,2625,INVOICE,EVA RECYCLING,16585 White Oak Ave.,,Lowell,IN,46356,,,,NULL,NULL,Y,0,NULL,NULL
405466,2625,CHICAGO IL,EVA RECYCLING,9301 S Genoa Ave,,Chicago,IL,60620,,,,NULL,NULL,N,0,0,NULL
405468,2626,WAREHOUSE,EVA RECYCLING,9301 S Genoa Ave,,Chicago,IL,60620,,,,NULL,NULL,Y,0,0,NULL
405469,(INV),EVA RECYCLING WAREHOUSE,NULL,NULL,NULL,NULL,NULL,NULL,NULL,NULL,NULL,NULL,NULL,N,NULL,NULL,NULL
405470,2626,INVOICE,EVA RECYCLING,16585 White Oak Ave.,,Lowell,IN,46356,,,,NULL,NULL,N,1,0,NULL
405471,2627,INVOICE,MISSOURI DEPT OF HEALTH,PO Box 570,,Jefferson City,MO,65102,,,,NULL,NULL,Y,0,NULL,NULL
405472,2627,JEFFERSON CITY MO,IWDG,312 Wilson Drive,,Jefferson City,MO,65109,,,,NULL,NULL,N,0,0,NULL
405473,2628,INVOICE,PACKIQ,2274 Volvo Car Drive,,Ridgeville,SC,29472,,864.884.2096,,NULL,NULL,Y,0,NULL,NULL
405474,2115,TUPELO MS,SUNCOAST PLASTICS,1867 S. Veterans Blvd,,Tupelo,MS,38804,,,,NULL,NULL,N,0,0,NULL
405475,2629,INVOICE,ATD INC,715 Rutherford Road,,Greenville,SC,29609,,(864) 417-1661,,NULL,NULL,Y,0,NULL,NULL
405476,2630,INVOICE,JIT-EX LLC,3344 Cazassa Road,,Memphis,TN,38116,,,,NULL,NULL,Y,0,NULL,NULL
405477,2171,OXFORD NC,GOLDEN BEAR RECYCLING LLC,211 West Industry Dr,,Oxford,NC,27565,,984-220-3753,,NULL,NULL,N,0,0,NULL
405478,2608,PRIMARY ADDRESS,EVERGREEN RECYCLERS,PO Box 936,,Jackson,TN,38302,,,,NULL,NULL,N,1,0,NULL
405479,2631,INVOICE,EXPORT HANDLING SERVICES,11467 40th Ave,,Allendale,MI,49401,,,,NULL,NULL,Y,0,NULL,NULL
405480,2632,INVOICE,COVAR TRANSPORTATION,1600 S. Prairie Dr,,Sycamore,IL,60178,,727.263.2020,,NULL,NULL,Y,0,NULL,NULL
405481,1428,NEW LONDON NC,SKY RECYCLING,44017 US-52,,New London,NC,28127,,(980) 322-5266,,NULL,NULL,N,0,0,NULL
405482,1880,TLC WAREHOUSE,TLC WORLDWIDE LOGISTICS,550 S Industrial Park Rd,,Holly Springs,MS,38635,,,,NULL,NULL,N,0,0,NULL
405483,2633,INVOICE,SOARING EAGLE MATERIAL CO,,,,,,,815-978-9377,,NULL,NULL,Y,0,NULL,NULL
405484,2631,POMONA CA,EXPORT HANDLING SERVICES,900 E 2nd Street,,Pomona,CA,9176,,,,NULL,NULL,N,0,0,NULL
405485,2624,PARIS KY,WASTE PRO RECYCLING,220 Clintonville Rd,,Paris,KY,40361,,(859) 327-5789,,NULL,NULL,N,0,0,NULL
405486,2634,INVOICE,RUG PAD USA,100 Marketing Drive,,Suffield,CT,6078,US,203-395-4230,,NULL,NULL,Y,0,0,NULL
405487,1938,"CORAM, NY",PK METALS C/O LOUIS MONTELEONE FIBRES LTD,3542 Route 112,,Coram,NY,11727,US,,,NULL,NULL,N,0,0,NULL
405488,2637,INVOICE,SA RECYCLING,701 W. Hopocan Ave,,Barberton,OH,44203,US,(330) 419-8123,,NULL,NULL,Y,0,NULL,NULL
405489,2638,INVOICE,TRUE NORTH SEAFOOD,PO Box 991,,Calais,ME,4619,,(734) 223-5602,,NULL,NULL,Y,0,0,NULL
405490,1680,"JACKSONVILLE, FL",48 FORTY SOLUTIONS - AA,5402 West 1st Street,,Jacksonville,FL,32254,US,904.783.9627,,NULL,NULL,N,0,0,NULL
405491,1680,"HOMELAND, FL",48 FORTY SOLUTIONS - AA,PO box 207,,Homeland,FL,33847,US,,,NULL,NULL,N,0,0,NULL
405492,2452,HALTOM CITY TX,REBOXCO INTERNATIONAL LLC,4325 Murray Ave,,Haltom City,TX,76117,,,,NULL,NULL,N,0,0,NULL
405493,2639,INVOICE,JEI INC,2501 Brombeck St,,Ennis,TX,75119,,,,NULL,NULL,Y,0,NULL,NULL
405494,(INV),JEI ENNIS WAREHOUSE,NULL,NULL,NULL,NULL,NULL,NULL,NULL,NULL,NULL,NULL,NULL,N,NULL,NULL,NULL
405495,2114,ENNIS TX,CAROLINA RECYCLING & CONSULTING LLC,2501 Brombeck Street ,,Ennis,TX,75119,,520-304-2593,,NULL,NULL,N,0,0,NULL
405496,2640,INVOICE,JEI INC,301 S E Street,,Fort Smith,AR,72901,,,,NULL,NULL,Y,0,NULL,NULL
405498,(INV),JEI HOPE CAMPUS WAREHOUSE,NULL,NULL,NULL,NULL,NULL,NULL,NULL,NULL,NULL,NULL,NULL,N,NULL,NULL,NULL
405499,1292,ROGERS MN,GDB CIRCULAR For CHS PLASTICS,19850 S Diamond Lake Rd,,Rogers,MN,55374,,843-858-1966,,NULL,NULL,N,0,0,NULL
405500,2482,FAIRBURN GA,Quantix,4800 Coates Dr,,Fairburn,GA,30213,,(860) 967-9403,,NULL,NULL,N,0,0,NULL
405501,2638,NEW BEDFORD MA,TRUE NORTH SEAFOOD,1 Wamsutta St,,New Bedford,MA,2740,,(734) 223-5602,,NULL,NULL,N,0,0,NULL
405502,2105,CARLSTADT NJ,Atlantic Cold Trucking For PLUS MATERIALS,85 Kero Road,,Carlstadt,NJ,7072,,,,NULL,NULL,N,0,0,NULL
405503,2642,INVOICE,CLOSE THE LOOP PLASTIC RECYCLING,2300 Montana Avenue,Suite 102,Cincinnati,OH,45211,,513-541-9800,,NULL,NULL,Y,0,NULL,NULL
405504,2642,CINCINNATI OH,CLOSE THE LOOP PLASTIC RECYCLING,3702 Dirr St,Dock 7 & 8,Cincinnati,OH,45223,,513-541-9800,,NULL,NULL,N,0,0,NULL
405505,1137,NEW LONDON NC,FIBERON,44017 US 52,,New London,NC,28127,,(616) 551-5975,,NULL,NULL,N,0,0,NULL
405506,2643,INVOICE,ROYAL WASTE SERVICES INC,187-40 Hollis Avenue,,Jamaica,NY,11423,US,(718) 526 -2623,,NULL,NULL,Y,0,0,NULL
405507,2644,INVOICE,ANJUN AMERICA,2735 Paldan Dr,,Auburn Hills,MI,48326,,(248) 680-8825,,NULL,NULL,Y,0,NULL,NULL
405508,2354,FARIBAULT MN,4TH GENERATION RECYCLING,4201 Bagley Avenue N,,Faribault,MN,55021,,,,NULL,NULL,N,0,0,NULL
405509,2645,INVOICE,MAINSTREAM ENGINEERING CORP,200 Yellow Place ,,Rockledge,FL,32955,,,,NULL,NULL,Y,0,NULL,NULL
405510,2646,INVOICE,SA RECYCLING,701 W Hopocan Ave,,Barberton,OH,44203,,,,NULL,NULL,Y,0,NULL,NULL
405511,1292,ELIZABETHTON TN,CHS PLASTICS INC,199 Stateline Rd,,Elizabethton,TN,37642,,,,NULL,NULL,N,0,0,NULL
405512,2647,INVOICE,ESKA USA,150 Judkins Court,Suite 100,Suffolk,VA,23434,,,,NULL,NULL,Y,0,NULL,NULL
405513,2648,INVOICE,GLOBALTRANZ ENTERPRISES LLC,P.O. Box 736808,,Dallas,TX,75373-6808,US,,,NULL,NULL,Y,0,NULL,NULL
405514,2649,INVOICE,#1 POLYMER SOURCE INC,2117 Peacock Rd,,Richmond,IN,47374,,765-914-8723,,NULL,NULL,Y,0,NULL,NULL
405515,2651,INVOICE,ONEWORLD EQUIPMENT CORP,9546 Rush St,,South El Monte,CA,91733,US,(213) 820-1087,,NULL,NULL,Y,0,NULL,NULL
405516,2652,INVOICE,NORTH GEORGIA TELECOM INC,4200 Steve Reynolds Blvd,Ste 14,Norcross,GA,30093,US,(770) 316-3581,,NULL,NULL,Y,0,0,NULL
405517,2653,INVOICE,CARBON FIBER RECYCLING LLC,161 Giles Industrial Drive,,Tazewell,TN,37879,,,,NULL,NULL,Y,0,NULL,NULL
405518,2654,INVOICE,EPRO,1110 Military Rd,,Buffalo,NY,14217,US,716-256-2224,,NULL,NULL,Y,0,0,NULL
405519,2655,INVOICE,STERIGENICS,Attention: Connie Baker,1003 Lakeside Drive,Gurnee,IL,60031,US,847-263-3345,,NULL,NULL,Y,0,0,NULL
405520,2656,INVOICE,SCHNEIDER ELECTRIC,c/o Ashley Bertrand Isaac,1601 Mercer Road,Lexington,KY,40511,,,,NULL,NULL,Y,0,NULL,NULL
405521,2656,LEXINGTON KY,SCHNEIDER ELECTRIC,1601 Mercer Road,,Lexington,KY,40511,,,,NULL,NULL,N,0,0,NULL
405522,2657,INVOICE,MICHIGAN MILK PRODUCERS ASSOCIATION,P.O. BOX 77044,,Detroit,MI,48277-0044,,,,NULL,NULL,Y,0,NULL,NULL
405523,1612,SIDNEY OH,NEWCO FIBERS INC,2640 Campbell Rd. ,,Sidney,OH,45365,,,,NULL,NULL,N,0,0,NULL
405524,2658,INVOICE,AREWAY,8525 Clinton Rd,,Brooklyn,OH,44144,,,,NULL,NULL,Y,0,NULL,NULL
405525,2659,INVOICE,SYSCO,1 Liebich Ln,,Half-moon,NY,12065,US,518-877-3182,,NULL,NULL,Y,0,NULL,NULL
405526,1612,OMAHA NE,NEWCO FIBERS INC,"10330 'I' St, Suite 100",,Omaha,NE,68127,,,,NULL,NULL,N,0,0,NULL
405527,2660,INVOICE,NOVUM IMPERIA,2187 Umbrella Way,,West Palm Beach,FL,33411,,,,NULL,NULL,Y,0,NULL,NULL
405528,2326,CONNERSVILLE IN,NOVA CHEMICALS C/O THERMOPLASTIC TRADING INC,4747 Western Road,,Connersville,IN,47331,,,,NULL,NULL,N,0,0,NULL
405529,2030,PRIMARY ADDRESS,USEDCARDBOARDBOXES.COM,PO Box 10819,,Marina Del Rey,CA,90295,,,,NULL,NULL,N,1,0,NULL
405530,2597,SPARTANBURG SC,ENVIRONMENTAL RECYCLING SOLUTIONS,51 Zima Park Rd,,Spartanburg,SC,29301,,,,NULL,NULL,N,0,0,NULL
405531,2661,INVOICE,GREAT LAKES SKIPPER,9201 Wilmot Rd,,Pleasant Prairie,WI,53158,,,,NULL,NULL,Y,0,NULL,NULL
405532,2662,INVOICE,PRECISION INDUSTRIAL,2550 Arthur Avenue,,Elk Grove Village,IL,60007,,,,NULL,NULL,Y,0,NULL,NULL
405533,(INV),RECYCLING ASSOCIATES WAREHOUSE,NULL,NULL,NULL,NULL,NULL,NULL,NULL,NULL,NULL,NULL,NULL,N,NULL,NULL,NULL
405534,2663,INVOICE,BRYAN FRASER,18 Westford Rd,Unit #34,Ayer,MA,1432,US,,,NULL,NULL,Y,0,NULL,NULL
405535,2663,PICK UP LOCATION,BRYAN FRASER,25 Copeland Dr,,Ayer,MA,1432,US,,,NULL,NULL,N,0,0,NULL
405536,2664,INVOICE,ENVIRONMENTAL RECYCLING SOLUTIONS SC INC,51 Zima Park Dr,,Spartanburg,SC,29301,,,,NULL,NULL,Y,0,NULL,NULL
405537,1299,FORT WAYNE IN,FINE PAC For JB PLASTICS,7707 Vicksburg Pike,,Fort Wayne,IN,46804,,,,NULL,NULL,N,0,0,NULL
405538,2481,MORROW GA,NORTHSTAR TRADING,6838 Southlake Pkwy,,Morrow,GA,30260,,,,NULL,NULL,N,0,0,NULL
405539,2481,TUCKER GA,CRESPAC For NORTHSTAR TRADING,4750 Hugh Howell,,Tucker,GA,30084,,,,NULL,NULL,N,0,0,NULL
405540,2665,INVOICE,EXCELL USA INC,1065 East Beckes Lane,,Vincennes,IN,47591,,,,NULL,NULL,Y,0,NULL,NULL
405541,2666,INVOICE,GREENPOINT INDUSTRIES,67-49 166th Street,,Fresh Meadows,NY,11365,,,,NULL,NULL,Y,0,NULL,NULL
405542,2660,RIVIERA BEACH FL,PEPSICO For NOVUM IMPERIA,7305 Garden Rd,,Riviera Beach,FL,33404,,321-245-8655,,NULL,NULL,N,0,0,NULL
405543,2667,INVOICE,J AND J SNACK FOODS SALES CORP,350 Fellowship Rd,,Mt Laurel,NJ,8054,,404-755-3261,,NULL,NULL,Y,0,NULL,NULL
405544,2667,ATLANTA GA,J AND J SNACK FOODS SALES CORP,720 Metropolitan PKWY SW,,Atlanta,GA,30310,,404-755-3261,,NULL,NULL,N,0,0,NULL
405545,2668,INVOICE,CJ LOGISTICS AMERICA LLC,1750 S Wolf Rd,,Des Plaines,IL,60018,US,(872) 333-0165,,NULL,NULL,Y,0,NULL,NULL
405546,2398,IRONTON OH,PURECYCLE TECHNOLOGIES INC FEU,1125 County Rd 1A,,Ironton,OH,45638,,,,NULL,NULL,N,0,0,NULL
405547,2661,LANSING MI,GREAT LAKES SKIPPER,3140 Spanish Oak Drive,,Lansing,MI,48911,,,,NULL,NULL,N,0,0,NULL
405548,1292,BLUEFIELD WV,ARM Global Recycling FOR CHS Plastics,394 Shott Court,,Bluefield,WV,24701,,,,NULL,NULL,N,0,0,NULL
405549,2668,"LOCKBOURNE, OH",CJ LOGISTICS AMERICA LLC,2190 Creekside PKWY,Suite 200,Lockbourne,OH,43137,US,,,NULL,NULL,N,0,0,NULL
405550,2669,INVOICE,REVOLUTION SUSTAINABLE MATERIALS LLC,8801 Frazier Pike,,Little Rock,AR,72206,,,,NULL,NULL,Y,0,NULL,NULL
405551,2669,FLINT MI,REVOLUTION SUSTAINABLE MATERIALS LLC,2002 Bagwell St,,Flint,MI,48503,,,,NULL,NULL,N,0,0,NULL
405552,2670,INVOICE,GERDAU METAL RECYCLING,2580 Broadway Avenue Sw,,Roanoke,VA,24014,,,,NULL,NULL,Y,0,NULL,NULL
405553,2671,INVOICE,PFIZER,4285 N Wesleyan Blvd,,Rocky Mount,NC,27804,,,,NULL,NULL,Y,0,NULL,NULL
405554,2671,ROCKY MOUNT NC,PFIZER,4285 Wesleyan Blvd,,Rocky Mount,NC,27804,,,,NULL,NULL,N,0,0,NULL
405555,2354,BURLINGTON NJ,4TH GENERATION RECYCLING,1600 River Rd,,Burlington,NJ,8016,,,,NULL,NULL,N,0,0,NULL
405556,2666,LONG ISLAND CITY NY,GREENPOINT INDUSTRIES,38-42 Review Ave.,,Long Island City,NY,11101,,,,NULL,NULL,N,0,0,NULL
405557,2657,MIDDLEBURY IN,MICHIGAN MILK PRODUCERS ASSOCIATION,11275 W 250 N,,Middlebury,IN,46540,,,,NULL,NULL,N,0,0,NULL
405558,2672,INVOICE,BLINDS BY NOON AND SHUTTERS,105 Satellite Blvd NW, Suite H - Bay door # 29,Suwanee,GA,30024,US,404-974-8166,,NULL,NULL,Y,0,0,NULL
405559,2673,INVOICE,KAWARTHA POLYMERS INC,8699 Stanley Ave,,Niagara Falls,ON,L2E 6X8,CA,,,NULL,NULL,Y,0,NULL,NULL
405560,1578,ASHEBORO NC,Cornerstone Plastics,1027 Luck Rd,,Asheboro,NC,27205,,336-906-2982,,NULL,NULL,N,0,0,NULL
405561,1299,FLETCHER NC,MTD,282 Cane Creek Road,,Fletcher,NC,28732,,(815) 321-2094 ,,NULL,NULL,N,0,0,NULL
405562,2105,CHICAGO IL - SWIFT,SWIFT EXPRESS FOR PLUS MATERIALS,6255 S Harlem Ave,,Chicago,IL,60638,,,,NULL,NULL,N,0,0,NULL
405563,2675,CHICAGO WAREHOUSE,PLUS MATERIALS INC,6255 S Harlem Ave,,Chicago,IL,60638,,,,NULL,NULL,Y,0,NULL,NULL
405564,2675,INVOICE,PLUS MATERIALS INC,3100 Breckinridge Blvd,,Duluth,GA,30096,,678-344-5007,,NULL,NULL,N,1,0,NULL
405565,(INV),SWIFT EXPRESS - PLUS CHICAGO WAREHOUSE,NULL,NULL,NULL,NULL,NULL,NULL,NULL,NULL,NULL,NULL,NULL,N,NULL,NULL,NULL
405566,2204,"DECHERD, TN",CCR IND LLC,2661 Shelly Rd,,Decherd,TN,37324,US,931-571-2318,,NULL,NULL,N,0,0,NULL
405567,2676,INVOICE,FORWARD RECYCLING SOLUTIONS LLC,3108 Pebble Hill Ct,,Sellersburg,IN,47171,,,,NULL,NULL,Y,0,NULL,NULL
405568,1482,RIVERSIDE CA,JC HORIZON LTD,5867 Jasmine Street,,Riverside,CA,92504,,,,NULL,NULL,N,0,0,NULL
405569,1377,"WASTE MANAGEMENT - LIVERPOOL, NY",WM RECYCLE AMERICA,4500 Steelway Blvd South,,Liverpool,NY,13090,US,716-626-7883,,NULL,NULL,N,0,0,NULL
405570,1879,MESQUITE TX,REVOLUTION BAG For PIVOT,3328 Executive Blvd,,Mesquite,TX,75149,,,,NULL,NULL,N,0,0,NULL
405571,1520,CLEARVIEW PACKAGING MILWAUKEE WI,CLEARVIEW PACKAGING - MILWAUKEE,5801 W Bender Court,,Milwaukee,WI,53218,,(414) 462-9400 ,,NULL,NULL,N,0,0,NULL
405572,2604,"OMAHA, NE",Data Shield,3838S 108th St,Unit 100,Omaha,NE,68144,,,,NULL,NULL,N,0,0,NULL
405573,2677,INVOICE,WILLIE JONES,13201 Cloverdale St,,Oak Park,MI,48237,US,512-981-0698,,NULL,NULL,Y,0,NULL,NULL
405574,2678,INVOICE,NORTHERN PALLET INC,151 Creek Rd,,Factoryville,PA,18419,US,(570) 945-3920,,NULL,NULL,Y,0,0,NULL
405575,2679,INVOICE,YICHANG INC,6889 S International Dr,,Columbus,IN,42701,,,,NULL,NULL,Y,0,NULL,NULL
405576,2676,MIDLOTHIAN TX,PROPAK UAC For Forward Recycling,4311 US-67 Suite 300,,Midlothian,TX,76065,,,,NULL,NULL,N,0,0,NULL
405577,2680,INVOICE,UNIVERSAL HANDICRAFT INC,15769 NW 16th CT,,Miami,FL,33169,,,,NULL,NULL,Y,0,NULL,NULL
405578,2681,INVOICE,UFP INDUSTRIES,2801 E. Beltline Avenue NE,,Grand Rapids,MI,49525,,(616) 364-6161,,NULL,NULL,Y,0,NULL,NULL
405579,2683,INVOICE,EMERALD PAPER GROUP,5 Brower Ave,,Oaks,PA,19456,US,(610) 348-5027,,NULL,NULL,Y,0,0,NULL
405580,2684,INVOICE,WORTH HIGGINS & ASSOCIATES,8770 Park Central Drive,,Richmond,VA,23227,,,,NULL,NULL,Y,0,NULL,NULL
405581,1866,MACOMB MI,AJ POLYMERS For HAMILTON,51407 Milano Dr.,,Macomb,MI,48042,,,,NULL,NULL,N,0,0,NULL
405582,2685,INVOICE,INTERNATIONAL PRECISION COMPONENTS CORP,13795 W. Polo Trail Dr,,Lake Forest,IL,60045,,,,NULL,NULL,Y,0,NULL,NULL
405583,2481,ROME GA,MARGLEN For NORTHSTAR TRADING,1750 Ward Mountain Road,,Rome,GA,30161,,,,NULL,NULL,N,0,0,NULL
405584,1938,PHILADELPHIA PA,US RECYCLING For MONTELEONE,6101 Tacony Street,,Philadelphia,PA,19135,,,,NULL,NULL,N,0,0,NULL
405585,2686,INVOICE,JG CHEMPAC INC,7804 Fairview Rd,Suite 320,Charlotte,NC,28226,,,,NULL,NULL,Y,0,NULL,NULL
405586,2686,GASTONIA NC,JG CHEMPAC INC,101 Boxwood Lane,,Gastonia,NC,28054,,,,NULL,NULL,N,0,0,NULL
405587,2687,INVOICE,SOUTHERN PERFECTION FABRICATION,P.O. Box 628,,Byron,GA,31008,US,(478) 494-1670,,NULL,NULL,Y,0,0,NULL
405588,2676,STILESVILLE IN,K AND M EQUIPMENT For FORWARD,9317 State Rd 42,,Stliesville,IN,46180,,,,NULL,NULL,N,0,0,NULL
405589,2688,INVOICE,SUPREME PLASTIC RECYCLING INC,251-11 Northern Blvd,Suite 2G,Little Neck,NY,11358,US,917-379-5851,,NULL,NULL,Y,0,NULL,NULL
405590,2688,"MIDDLESEX, NJ",SUPREME PLASTIC RECYCLING INC,207 Pond Ave,,Middlesex,NJ,8846,US,646-714-8863,,NULL,NULL,N,0,0,NULL
405591,2680,MIAMI GARDENS FL,GLOBAL For UNIVERSAL HANDICRAFT INC,20600 NW 47th Ave,,Miami Gardens,FL,33055,,,,NULL,NULL,N,0,0,NULL
405592,1866,DECKERVILLE MI,HAMILTON POLYMERS COMPANY,2121 Stoutenburg St,,Deckerville,MI,48427,,,,NULL,NULL,N,0,0,NULL
405593,2689,INVOICE,MANCHESTER PACKAGING COMPANY,2000 E James Blvd,,St James,MO,65559,,,,NULL,NULL,Y,0,NULL,NULL
405594,2690,INVOICE,INDUSTRIAL PALLET CORP,11349 US Highway 52 S,,Clarks Hill,IN,47930,,,,NULL,NULL,Y,0,NULL,NULL
405595,2691,INVOICE,ABM BY PRODEX LLC,925 SW University Blvd 12A,,Topeka,KS,66619,,,,NULL,NULL,Y,0,NULL,NULL
405596,2676,FORT SMITH AR,JEI,1515 North 4th Street,,Fort Smith,AR,72901,,,,NULL,NULL,N,0,0,NULL
405597,2692,INVOICE,PHILLIPS AND TEMRO,120 50th Ave SW,Suite 300,Cedar Rapids,IA,52404,US,(952) 918-8643,,NULL,NULL,Y,0,NULL,NULL
405598,2680,MIAMI FL,GLOBAL For UNIVERSAL HANDICRAFT INC,15769 NW 16th CT,,Miami,FL,33169,,,,NULL,NULL,N,0,0,NULL
405599,2693,INVOICE,SOUTHERN HOBBY DISTRIBUTION,1500 Tradeport Drive,Suite 700,St. Louis,MO,63042,US,(800) 558-7060 x221,,NULL,NULL,Y,0,NULL,NULL
405600,2046,PARAGOULD AR,Driv Automotive For Omnisource,1601 N Hwy 49B,,Paragould ,AR,72450,,,,NULL,NULL,N,0,0,NULL
405601,2695,INVOICE,BIOMINERALES PHARMA LLC,2751 commerce center way,unit 400,Pembroke Park,FL,33023,US,954-665-5876,,NULL,NULL,Y,0,0,NULL
405602,2557,"CLANTON, AL",Performance Foodservice Alabama,2450 Big M Blvd,,Clanton,AL,35046,US,(615) 390- 2686,,NULL,NULL,N,0,0,NULL
405603,2696,INVOICE,WASTE LOGIX,PO BOX 395,,Lindsay,ON,K9V 4S3,CA,,,NULL,NULL,Y,0,NULL,NULL
405604,2670,TERRE HAUTE,MWF - Terre Haute,4000 East Steelton Ave,,Terre Haute,IN,47805,,,,NULL,NULL,N,0,0,NULL
405605,1879,PITTSBURG KS,PITT PLASTICS INC,1400 Atkinson Ave,,Pittsburg,KS,66762,,,,NULL,NULL,N,0,0,NULL
405606,2697,INVOICE,POWER DRIVE SUPPLY,3736 McHugh Ln,,Helena,MT,59602,US,,,NULL,NULL,Y,0,NULL,NULL
405607,2697,ROCK SPRINGS WY,POWER DRIVE SUPPLY,3029 Killpecker Dr,,Rock Springs,WY,82901,US,,,NULL,NULL,N,0,0,NULL
405608,2698,INVOICE,SECOND HARVEST FOOD BANK,500-B Spratt St.,,Charlotte,NC,28206,US,(704) 805-1725,,NULL,NULL,Y,0,0,NULL
405609,2699,INVOICE,RUSSELL INDUSTRIES INC,702 N Foster Rd,,Casper,WY,82601,,,,NULL,NULL,Y,0,NULL,NULL
405610,(INV),RUSSELL INDUSTRIES INC,NULL,NULL,NULL,NULL,NULL,NULL,NULL,NULL,NULL,NULL,NULL,N,NULL,NULL,NULL
405611,2697,MINERAL WELLS TX,POWER DRIVE SUPPLY,1002 Highway 337,,Mineral Wells,TX,76067,,(406) 417 - 4878,,NULL,NULL,N,0,0,NULL
405612,2700,INVOICE,KMI FABRICATORS INC,410 Boyd Rd,,Mineral Wells,TX,76067,,(800) 325-7841,,NULL,NULL,Y,0,NULL,NULL
405613,(INV),KMI FABRICATORS INC,NULL,NULL,NULL,NULL,NULL,NULL,NULL,NULL,NULL,NULL,NULL,N,NULL,NULL,NULL
405614,2701,INVOICE,WORLD'S FINEST CHOCOLATE,4801 S. Lawndale Ave,,Chicago,IL,60632,US,(517) 420-7067,,NULL,NULL,Y,0,NULL,NULL
405615,2702,INVOICE,XAERUS PERFORMANCE FLUIDS,2825 Schuette Rd,,Midland,MI,48642,,,,NULL,NULL,Y,0,NULL,NULL
405616,2702,MIDLAND MI,XAERUS PERFORMANCE FLUIDS,2837 Schuette Rd. ,,Midland,MI,48642,,,,NULL,NULL,N,0,0,NULL
405617,2703,INVOICE,THOSE BUCKET PEOPLE LLC,2811 East Pennwood Circle,,Green Bay ,WI,54301,,,,NULL,NULL,Y,0,NULL,NULL
405618,1802,LIVONIA MI,48 FORTY SOLUTIONS,31750 A Enterprise Drive,,Livonia,MI,48150,, (734) 608 6726,,NULL,NULL,N,0,0,NULL
405619,2704,INVOICE,TUMALO CREEK TRANSPORTATION,6109 Blue Circle Dr.,,Minnetonka,MN,55343,,,,NULL,NULL,Y,0,NULL,NULL
405620,2705,INVOICE,HYUNDAI POLYTECH AMERICA,4 Hummingbird Lane,,Eufaula,AL,36027,,,,NULL,NULL,Y,0,NULL,NULL
405621,2706,INVOICE,DW TOOL INC,5830 State Hwy V,,Jackson,MO,63755,,573.335.2400,,NULL,NULL,Y,0,NULL,NULL
405622,2706,TUNKHANNOCK PA,Quality Packaging,5530 SR 6,Unit 2,Tunkhannock,PA,18657,,573.335.2400,,NULL,NULL,N,0,0,NULL
405623,2707,INVOICE,HD PALLET COMPANY,170 Spicer Dr,,Gordonsville,TN,38563,US,(615) 489-0776 -,,NULL,NULL,Y,0,NULL,NULL
405624,2708,McCann Plastics,REVOLUTIONARY PLASTICS,5595 Massillon Road,,North Canton,OH,44720,US,801-698-6789,,NULL,NULL,Y,0,NULL,NULL
405625,2709,INVOICE,ROADRUNNER MODERN WASTE & RECYCLING,18279 Dover Rd ,,Dundee,OH,44624,,,,NULL,NULL,Y,0,NULL,NULL
405626,2711,INVOICE,BRIGHTSTAR AUCTIONS,11751 County Road 12,,Middlebury,IN,46540,,(574) 825-0704 ,,NULL,NULL,Y,0,NULL,NULL
405627,2712,INVOICE,PRESSCRETE CO INC,128 Oak Tree Road,,South Plainfield,NJ,7080,,848-666-0370,,NULL,NULL,Y,0,NULL,NULL
405628,(INV),PRESSCRETE CO INC,NULL,NULL,NULL,NULL,NULL,NULL,NULL,NULL,NULL,NULL,NULL,N,NULL,NULL,NULL
405629,2713,INVOICE,MONTANA MILLING INC,2123 Vaughn Road,,Great Falls,MT,59404,,,,NULL,NULL,Y,0,NULL,NULL
405630,2713,CONRAD MT,MONTANA MILLING INC,113 Sollid Road,,Conrad,MT,59425,,,,NULL,NULL,N,0,0,NULL
405631,2454,SAN DIEGO CA,IBS INTERNATIONAL For GENESIS,"2360 MICHAEL FARADAY DR ""E""",,SAN DIEGO,CA,92154,,,,NULL,NULL,N,0,0,NULL
405632,2715,INVOICE,MAXION WHEELS USA LLC,39500 Orchard Hill Pl,Suite 250,Novi,MI,48375,,248-697-4182,,NULL,NULL,Y,0,NULL,NULL
405633,2715,CHESAPEAKE VA,MAXION c/o GIVENS,630 Woodlake Drive,"Building G2, Doors 217-218",Chesapeake,VA,23320,,,,NULL,NULL,N,0,0,NULL
405634,2716,INVOICE,QUANTAM LOGISTICS LLC,545 Central Ridge Lane,,Frostproof,FL,33843,,,,NULL,NULL,Y,0,NULL,NULL
405635,2717,INVOICE,USA PACKAGING LLC,1508 Dessau Ridge Ln,Ste 102,Austin,TX,78754,,,,NULL,NULL,Y,0,NULL,NULL
405636,2718,INVOICE,INDUSTRIAL AUCTION SERVICES,60 Liberty St,,Metuchen,NJ,8840,,848-666-0370,,NULL,NULL,Y,0,NULL,NULL
405637,2069,ALT PICK UP LOCATION,KAMPS PALLETS,5104 N. Graham St,,Charlotte,NC,28269,US,704-421-6056,,NULL,NULL,N,0,0,NULL
405638,2718,SOUTH PLAINFIELD NJ,PRESSCRETE CO INC,128 Oak Tree Road,,South Plainfield,NJ,7080,,908-482-5743,,NULL,NULL,N,0,0,NULL
405639,2719,INVOICE,SEABOARD MARINE,8001 NW 79th Avenue,,Miami,FL,33166,,(305) 863-4444,,NULL,NULL,Y,0,NULL,NULL
405640,2720,INVOICE,ABC TECHNOLOGIES,2020 Taylor Ave,,Auburn Hills,MI,48326,,,,NULL,NULL,Y,0,NULL,NULL
405641,2720,CANTON OH,ABC TECHNOLOGIES,2422 Leo Avenue SW,,Canton,OH,44706,,,,NULL,NULL,N,0,0,NULL
405642,2721,INVOICE,TAPATIO HOT SAUCE,4685 District Bl.,,Vernon,CA,90058,,,,NULL,NULL,Y,0,NULL,NULL
405643,2671,ROCKY MOUNT SOUTH,PFIZER - Rocky Mount South Warehouse,100 QVC Blvd,,Rocky Mount,NC,27801,,,,NULL,NULL,N,0,0,NULL
405644,2722,INVOICE,INTERBULK USA,29A Lafayette St,,Arlington,MA,2474,US,(857) 523-8975,,NULL,NULL,Y,0,NULL,NULL
405645,2722,"NAPERVILLE, IL","InterBULK at Ryder System, Inc.",1823 High Grove Lane,,Naperville,IL,60540,US,630-357-9700 x868905,,NULL,NULL,N,0,0,NULL
405646,1938,"BETHLEHEM, PA",PICK UP C/O LOUIS MONTELEONE FIBRES LTD,Pac Worldwide,4863 Hanoverville Rd,Bethlehem,PA,18020,US,732-620-6220,,NULL,NULL,N,0,0,NULL
405647,2723,INVOICE,MOLDED PRODUCTS INC,1812 Industrial Parkway,,Harlan,IA,51537,,,,NULL,NULL,Y,0,NULL,NULL
405648,2324,"HILLSIDE, NJ",LOVE PALLET,460 Mundet Place,,Hillside,NJ,7205,US,(908) 964-3385,,NULL,NULL,N,0,0,NULL
405649,2724,INVOICE,AGX LLC,18809 OAKLAND HILL DRIVE,,Miami,FL,33015,,305-274-5425,,NULL,NULL,Y,0,NULL,NULL
405650,2725,INVOICE,ROBBINS RESOURCE MANAGEMENT INC,100 S. Main Street,,Monmouth,IL,61462,,,,NULL,NULL,Y,0,NULL,NULL
405651,2725,GALESBURG IL,ROBBINS RESOURCE MANAGEMENT INC,888 S. Lake Storey Road,,Galesburg,IL,61401,,,,NULL,NULL,N,0,0,NULL
405652,2726,INVOICE,KRAFT CHEMICAL,880 Donata Court,,Lake Zurich,IL,60047,,,,NULL,NULL,Y,0,NULL,NULL
405653,2717,ROUND ROCK TX,USA PACKAGING LLC,"18 Indian Meadows Dr, Ste 210",,Round Rock,TX,78665,,,,NULL,NULL,N,0,0,NULL
405654,1612,"BARBERTON, OH",NEWCO FIBERS INC,345 15th St. N.W.,,Barberton,OH,44203,US,330-285-6937,,NULL,NULL,N,0,0,NULL
405655,2727,INVOICE,BUBBIES HOMEMADE ICE CREAM & DESSERTS INC,MSC 61536,PO Box 1300,Honolulu,HI,96807-1300,,,,NULL,NULL,Y,0,NULL,NULL
405656,2727,PHOENIX AZ,BUBBIES ICE CREAM,625 S 27th Ave,,Phoenix,AZ,85009,,,,NULL,NULL,N,0,0,NULL
405657,1804,"MINNEAPOLIS, MN",48 FORTY SOLUTIONS - TW,3200 Como Avenue Southeast,,Minneapolis,MN,55414,US,(612) 409-5743,,NULL,NULL,N,0,0,NULL
405658,2557,"KILGORE, TX",AMERICAN FIBER SERVICES LLC,2306 US-259 BUS,,Kilgore,TX,75662,US,(615) 390- 2686,,NULL,NULL,N,0,0,NULL
405661,2597,DIBOLL TX - ATLAS,ATLAS ROOFING For DM PLASTICS INC,101 W. Borden Dr,,Diboll,TX,75941,,,,NULL,NULL,N,0,0,NULL
405662,2597,CARROLLTON TX,TRUE PLASTICS For DM PLASTICS INC,2908 Commodore Dr,,Carrollton,TX,75007,,,,NULL,NULL,N,0,0,NULL
405663,2004,GARRETTSVILLE OH,HOX RECYCLING INC,8366 Adams Rd,,Garrettsville,OH,44231,,,,NULL,NULL,N,0,0,NULL
405664,2558,EDINBURG TX,INTERNATIONAL PAPER,1501 N Closner Blvd.,,Edinburg,TX,78541,,,,NULL,NULL,N,0,0,NULL
405665,2729,INVOICE,DAVID MCLAWHORN,691 VZ County Road 1519,,Grand Saline,TX,75140,,,,NULL,NULL,Y,0,NULL,NULL
405666,2729,DIBOLL TX - ATLAS,ATLAS ROOFING,101 W. Borden Dr,,Diboll,TX,75941,,,,NULL,NULL,N,0,0,NULL
405667,2509,"MILTON, PA",KEYSTONE PALLET C/O PEACHEY PALLET,13 S. Industrial Park Rd #4,,Milton,PA,17847,US,,,NULL,NULL,N,0,0,NULL
405668,2730,INVOICE,EMOTIV MOBILITY,230 Kindleberger Rd,,Kansas City,KS,66115,,,,NULL,NULL,Y,0,NULL,NULL
405669,2731,INVOICE,RECLAIM CRAFT WAREHOUSE,952 Route 4 S,,Schuylerville,NY,12871,,,,NULL,NULL,Y,0,NULL,NULL
405670,2732,INVOICE,NORDIC COLD CHAIN SOLUTIONS,31 Robinson St,,Pottstown,PA,19464,US,(610) 680-6206,,NULL,NULL,Y,0,0,NULL
405671,2733,INVOICE,KYLE WENTWORTH,4052 River Falls Dr,,Lowell,NC,28098,,(803) 371-2669,,NULL,NULL,Y,0,0,NULL
405672,(INV),KYLE WENTWORTH,NULL,NULL,NULL,NULL,NULL,NULL,NULL,NULL,NULL,NULL,NULL,N,NULL,NULL,NULL
405673,2697,KMI MINERAL WELLS,POWER DRIVE SUPPLY,410 Boyd Rd,,Mineral Wells,TX,76067,,(800) 325-7841,,NULL,NULL,N,0,0,NULL
405674,2734,INVOICE,CARPENTER CO,5016 Monument Ave,,Richmond,VA,23230,,863-687-9494,,NULL,NULL,Y,0,NULL,NULL
405675,2734,LAKELAND FL,CARPENTER CO,5100 Frontage Rd S,,Lakeland,FL,33815,,863-687-9494 ,,NULL,NULL,N,0,0,NULL
405676,2736,INVOICE,GREAT DANE,8011 Statesville Road,,Charlotte,NC,28269,,(704) 596-3721,,NULL,NULL,Y,0,NULL,NULL
405677,2738,INVOICE,PIGGYBACK SERVICE,1200 W Craighead Rd,,Charlotte,NC,28206,,704-222-6986,,NULL,NULL,Y,0,NULL,NULL
405678,2717,LIBERTY HILL TX,AMS For USA PACKAGING LLC,19600 W State Hwy 29 ,,Liberty Hill,TX,78642,,,,NULL,NULL,N,0,0,NULL
405679,2739,INVOICE,COREMARK,326 S Marble St,,Rockmart,GA,30153,,706-936-0604,,NULL,NULL,Y,0,NULL,NULL
405680,2587,"HARRISBURG, PA",PRO PALLET LLC,3101 N. 7th Street,,Harrisburg,PA,17110,US,,,NULL,NULL,N,0,0,NULL
405681,2740,INVOICE,RAVAGO CHEMICALS NORTH AMERICA,1900 Summit Tower Blvd,Suite 1500,Orlando,FL,32810,,,,NULL,NULL,Y,0,NULL,NULL
405682,2741,INVOICE,AIRTAPP FABRICATIONS INC,1803 E Hwy 114,,Boyd,TX,76023,,,,NULL,NULL,Y,0,NULL,NULL
405683,2742,INVOICE,TEXAS AEROPLASTICS,1803 E Highway 114,,Boyd,TX,76023,,(817)430-3651,,NULL,NULL,Y,0,NULL,NULL
405684,2743,INVOICE,CARUSO USA,3465 Hauck Rd,,Cincinnati,OH,45241,US,513-862-9200,,NULL,NULL,Y,0,0,NULL
405685,2744,INVOICE,ROSHKING EQUIPMENT BROKERS LLC,8680 Rufing Rd,,Greenville,IN,47124,,502-876-8975,,NULL,NULL,Y,0,NULL,NULL
405686,2740,TWINSBURG OH,RAVAGO CHEMICALS NORTH AMERICA,9300 Dutton Drive,,Twinsburg,OH,44087,,,,NULL,NULL,N,0,0,NULL
405687,2745,INVOICE,DEXTER GROUP,21611 Protecta Dr.,,Elkhart,IN,46516,,,,NULL,NULL,Y,0,NULL,NULL
405688,1923,Z5-LOGAN INDUSTRIAL DEVELOPMENT,Z5-LOGAN INDUSTRIAL DEVELOPMENT C/O SCHUPAN,232 HOPKINSVILLE RD,,RUSSELLVILLE,KY,42276,,502-546-7022,,NULL,NULL,N,0,0,NULL
405689,2747,INVOICE,SUSTAINABILITY SOLUTIONS INC,LOT 217 SOUTH STREET,Lacytown,Georgetown,,DEMERARA/MAHAIC,GY,,,NULL,NULL,Y,0,NULL,NULL
405690,2557,"MORRISTOWN, TN",AMERICAN FIBER SERVICES LLC,1620 Progress Pkwy,,Morristown,TN,37813,US,423-522-2256,,NULL,NULL,N,0,0,NULL
405691,2748,INVOICE,VISSCHER CARAVELLE NA,2525 Telegraph Road,Suite 302,Bloomfield Township,MI,48302,US,(248) 606-8958 ,,NULL,NULL,Y,0,NULL,NULL
405692,2748,PRIMARY ADDRESS,Buske Logistics,1904 N LE Compte Ave,,Springfield,MO,65802,US,,,NULL,NULL,N,0,0,NULL
405693,2749,INVOICE,ZIP SHIP,3290 Pantersville Rd,,Decatur,GA,30034,,,,NULL,NULL,Y,0,NULL,NULL
405694,2750,INVOICE,L&S PLASTICS INC,1120 Oak Hill Road,,Mountain Top,PA,18707,,,,NULL,NULL,Y,0,NULL,NULL
405695,1405,"WEST CHESTER, OH",MIDWEST FIBER INC,230 Circle Freeway Dr,,West Chester,OH,45246,US,,,NULL,NULL,N,0,0,NULL
405696,2751,INVOICE,ALL IN ONE PLASTIC,481 Wilmont Rd,,Mt Sterling,KY,40353,US,(361) 396-6303,,NULL,NULL,Y,0,NULL,NULL
405697,2752,INVOICE,ANSEI AMERICA,1659 North Grundy Quarles Hwy,,Gainesboro,TN,38562,US,(931) 268-6080,,NULL,NULL,Y,0,0,NULL
405698,(INV),ALL IN ONE PLASTIC,NULL,NULL,NULL,NULL,NULL,NULL,NULL,NULL,NULL,NULL,NULL,N,NULL,NULL,NULL
405699,1215,"PORTSMOUTH, VA",EKMAN RECYCLING,AMP,3325 Frederick Blvd,Portsmouth,VA,23704,US,,,NULL,NULL,N,0,0,NULL
405700,2753,INVOICE,MULTIPLY CHURCH,833 Louisville Rd,,Frankfort,KY,40601,US,843-742-0867,,NULL,NULL,Y,0,NULL,NULL
405701,1405,"SIDNEY, OH",MIDWEST FIBER INC,2640 Campbell Rd.,,Sidney,OH,45365,US,,,NULL,NULL,N,0,0,NULL
405702,2754,INVOICE,DMP RANCH AND PLASTIC COMPANY LLC,691 VZ County Road 1519,,Grand Saline,TX,75140,,,,NULL,NULL,Y,0,NULL,NULL
405703,2754,DIBOLL TX - ATLAS,ATLAS ROOFING,101 W. Borden Dr,,Diboll,TX,75941,,,,NULL,NULL,N,0,0,NULL
405704,2755,INVOICE,ENVIRONMENTAL COMPLIANCE RESOURCES,220 Sam Bishkin Road,,El Campo,TX,77437,,,,NULL,NULL,Y,0,NULL,NULL
405705,1938,"WINCHESTER, KY",LOUIS MONTELEONE FIBRES LTD,5555 Rockwell Rd,,Winchester,KY,40391,US,,,NULL,NULL,N,0,0,NULL
405706,2354,NEW LONDON NC,4TH GENERATION RECYCLING,44017 US Highway 52 North,,New London,NC,28127,,,,NULL,NULL,N,0,0,NULL
405707,2757,INVOICE,AA FREIGHT LOGISTICS LLC,6545 Market Ave N,Suite 100,Canton,OH,44721,,,,NULL,NULL,Y,0,NULL,NULL
405708,1199,"FRANKLIN, VA - BIRDSONG PEANUTS",Birdsong Peanuts,106 E Barrett St,,Franklin,VA,23851,US,,,NULL,NULL,N,0,0,NULL
405709,2412,ARLINGTON TX,AXJO - CSQUARE,925 111th St,,Arlington,TX,76011,,,,NULL,NULL,N,0,0,NULL
405710,2758,INVOICE,RIDLEY BLOCK OPERATIONS,2740 County Road 35,,Worthington,MN,56187,,,,NULL,NULL,Y,0,NULL,NULL
405711,2759,INVOICE,EAGLE DISTRIBUTING CO INC,310 Radford Place Rd,,Knoxville,TN,37917,,,,NULL,NULL,Y,0,NULL,NULL
405712,2760,INVOICE,S&S BROKERAGE INC,120 Wood Ave S,Suite 408,Iselin,NJ,8830,,,,NULL,NULL,Y,0,NULL,NULL
405713,1299,MONROE OH,INFINITY WAREHOUSING,1005 C Reed Road,,Monroe ,OH,45050,,,,NULL,NULL,N,0,0,NULL
405714,2725,MONMOUTH IL,ROBBINS RESOURCE MANAGEMENT INC,610 W. 9th Ave,,Monmouth,IL,61462,,,,NULL,NULL,N,0,0,NULL
405715,2761,INVOICE,SHORELINE PRODUCTS INC,PO Box 4181,,Gulf Shores,AL,36547,,,,NULL,NULL,Y,0,NULL,NULL
405716,2762,INVOICE,KUEHNE NAGEL,1996 Brandon Hall,,Germantown,TN,38139,,,,NULL,NULL,Y,0,NULL,NULL
405717,2763,INVOICE,ASAHI,3851 Lakefield Dr,,Suwanne,GA,30024,US,(770) 773-0424,,NULL,NULL,Y,0,0,NULL
405718,2412,HALTOM CITY TX,AXJO,4000 NE Loop 820,,Haltom City,TX,76117,,,,NULL,NULL,N,0,0,NULL
405719,2765,INVOICE,CONTAINER SOLUTIONS,29850 Jones Ave,,Ardmore,AL,35739,US,(256) 497-4104,,NULL,NULL,Y,0,0,NULL
405720,2766,INVOICE,C&C RECYCLING INC,PO Box 220,,Sumter,SC,29151,,,,NULL,NULL,Y,0,NULL,NULL
405721,2041,JEFFERSON CITY MO,GREENVIEW MATERIALS INC,2730 W Main Street,,Jefferson City,MO,65109,,,,NULL,NULL,N,0,0,NULL
405722,2767,INVOICE,UBOXES LLC,9587 Premier Pkwy,,Miramar,FL,33025,US,(954) 604-8917,,NULL,NULL,Y,0,0,NULL
