ARBatchNo,PostType,COID,NumOfItems,UserID,PostingDt,RecordDate,CPID,CheckNo,Currency,HcApplyAmt,FxApplyAmt,ExportBatchNo,PostedInAccting,DoNotExport
1739,POSTCASH,0,1,RT,2019-02-13 00:00:00,2019-02-14 00:00:00,1600,CK 79370,USD,17984.4,17984.4,NULL,NULL,NULL
1740,POSTCASH,0,1,RT,2019-02-27 00:00:00,2019-03-01 00:00:00,1126,CK 35081,USD,4250,4250,NULL,NULL,NULL
1741,UACASH,0,1,RT,2019-02-27 00:00:00,2019-03-01 00:00:00,1114,CK 95982,USD,10813.75,10813.75,NULL,NULL,NULL
1742,UACASH,0,3,RT,2019-03-01 00:00:00,2019-03-01 00:00:00,1114,CK 95982,USD,10813.75,10813.75,NULL,NULL,NULL
1743,POSTCASH,0,2,RT,2019-03-01 00:00:00,2019-03-01 00:00:00,1565,CK 72118,USD,6121.4,6121.4,NULL,NULL,NULL
1744,POSTCASH,0,1,RT,2019-03-01 00:00:00,2019-03-01 00:00:00,1578,CK 24966,USD,3668.4,3668.4,NULL,NULL,NULL
1745,POSTCASH,0,1,RT,2019-03-01 00:00:00,2019-03-01 00:00:00,1774,CK 6719 ,USD,492.25,492.25,NULL,NULL,NULL
1746,POSTCASH,0,1,RT,2019-03-06 00:00:00,2019-03-07 00:00:00,1137,CK 662225,USD,3244.1,3244.1,NULL,NULL,NULL
1747,POSTCASH,0,1,RT,2019-03-06 00:00:00,2019-03-07 00:00:00,1137,CK 662225,USD,1989.6,1989.6,NULL,NULL,NULL
1748,POSTCASH,0,1,RT,2019-03-06 00:00:00,2019-03-07 00:00:00,1600,CK 79685,USD,9948.82,9948.82,NULL,NULL,NULL
1749,POSTCASH,0,1,RT,2019-03-14 00:00:00,2019-03-14 00:00:00,1114,CK 96132,USD,4809.7,4809.7,NULL,NULL,NULL
1750,POSTCASH,0,1,RT,2019-03-14 00:00:00,2019-03-14 00:00:00,1578,CK 25009,USD,3643.2,3643.2,NULL,NULL,NULL
1751,POSTCASH,0,1,RT,2019-03-14 00:00:00,2019-03-14 00:00:00,1565,CK 72205,USD,3535,3535,NULL,NULL,NULL
1752,POSTCASH,0,3,RT,2019-03-14 00:00:00,2019-03-14 00:00:00,1137,CK 662532,USD,6808.93,6808.93,NULL,NULL,NULL
1753,UACASH,0,1,RT,2019-03-14 00:00:00,2019-03-15 00:00:00,1786,CK 14897,USD,291.6,291.6,NULL,NULL,NULL
1754,UACASH,0,1,RT,2019-03-15 00:00:00,2019-03-15 00:00:00,1786,CK 14897,USD,291.6,291.6,NULL,NULL,NULL
1755,POSTCASH,0,1,RT,2019-03-18 00:00:00,2019-03-15 00:00:00,1778,CK 7986,USD,3839.88,3839.88,NULL,NULL,NULL
1756,UACASH,0,1,RT,2019-03-18 00:00:00,2019-03-18 00:00:00,1600,CK 79886,USD,7017.6,7017.6,NULL,NULL,NULL
1757,POSTCASH,0,1,RT,2019-03-21 00:00:00,2019-03-22 00:00:00,1628,CK 20352,USD,10549.5,10549.5,NULL,NULL,NULL
1758,POSTCASH,0,1,RT,2019-03-21 00:00:00,2019-03-22 00:00:00,1137,CK 663090,USD,1580.7,1580.7,NULL,NULL,NULL
1759,POSTCASH,0,1,RT,2019-03-21 00:00:00,2019-03-22 00:00:00,1774,CK 6751,USD,365.56,365.56,NULL,NULL,NULL
1760,POSTCASH,0,1,RT,2019-03-21 00:00:00,2019-03-22 00:00:00,1610,CK 34750,USD,7839,7839,NULL,NULL,NULL
1761,POSTCASH,0,2,RT,2019-03-21 00:00:00,2019-03-22 00:00:00,1578,CK 25031,USD,11187.8,11187.8,NULL,NULL,NULL
1762,POSTCASH,0,1,RT,2019-03-28 00:00:00,2019-03-28 00:00:00,1641,CK 20372,USD,5331.9,5331.9,NULL,NULL,NULL
1763,POSTCASH,0,1,RT,2019-04-01 00:00:00,2019-04-01 00:00:00,1668,CK 2490 ,USD,2974.09,2974.09,NULL,NULL,NULL
1764,POSTCASH,0,1,RT,2019-04-01 00:00:00,2019-04-01 00:00:00,1464,CK 69987,USD,1345.75,1345.75,NULL,NULL,NULL
1765,POSTCASH,0,1,RT,2019-04-04 00:00:00,2019-04-05 00:00:00,1704,CK 61208469,USD,238.14,238.14,NULL,NULL,NULL
1766,POSTCASH,0,1,RT,2019-04-04 00:00:00,2019-04-05 00:00:00,1641,CK20404,USD,3811.64,3811.64,NULL,NULL,NULL
1767,POSTCASH,0,1,RT,2019-04-04 00:00:00,2019-04-05 00:00:00,1578,CK 25092,USD,3283.56,3283.56,NULL,NULL,NULL
1768,POSTCASH,0,1,RT,2019-04-04 00:00:00,2019-04-05 00:00:00,1565,CK 72437,USD,3422,3422,NULL,NULL,NULL
1769,POSTCASH,0,2,RT,2019-04-04 00:00:00,2019-04-05 00:00:00,1757,CK 5148,USD,10732.8,10732.8,NULL,NULL,NULL
1770,POSTCASH,0,1,RT,2019-04-04 00:00:00,2019-04-05 00:00:00,1628,CK 20358,USD,23526.75,23526.75,NULL,NULL,NULL
1771,POSTCASH,0,3,RT,2019-04-04 00:00:00,2019-04-05 00:00:00,1137,CK 655418,USD,7667.24,7667.24,NULL,NULL,NULL
1772,POSTCASH,0,1,RT,2019-04-05 00:00:00,2019-04-05 00:00:00,1800,CK 2863,USD,475,475,NULL,NULL,NULL
1773,POSTCASH,0,2,RT,2019-04-10 00:00:00,2019-04-11 00:00:00,1114,CK 96554,USD,6699,6699,NULL,NULL,NULL
1774,POSTCASH,0,4,RT,2019-04-10 00:00:00,2019-04-11 00:00:00,1137,CK 655873,USD,8504.83,8504.83,NULL,NULL,NULL
1775,POSTCASH,0,1,RT,2019-04-10 00:00:00,2019-04-11 00:00:00,1697,CK 102171,USD,6065.55,6065.55,NULL,NULL,NULL
1776,UACASH,0,1,RT,2019-04-11 00:00:00,2019-04-11 00:00:00,1600,CK 79886,USD,7017.6,7017.6,NULL,NULL,NULL
1777,POSTCASH,0,1,RT,2019-04-16 00:00:00,2019-04-16 00:00:00,1790,CK 14112,USD,3704.4,3704.4,NULL,NULL,NULL
1778,POSTCASH,0,1,RT,2019-04-16 00:00:00,2019-04-16 00:00:00,1775,CK 80076810,USD,168.72,168.72,NULL,NULL,NULL
1779,POSTCASH,0,5,RT,2019-04-16 00:00:00,2019-04-16 00:00:00,1137,CK 664066,USD,14862.51,14862.51,NULL,NULL,NULL
1780,POSTCASH,0,1,RT,2019-04-16 00:00:00,2019-04-16 00:00:00,1126,CK 35185,USD,4125,4125,NULL,NULL,NULL
1781,POSTCASH,0,1,RT,2019-04-16 00:00:00,2019-04-16 00:00:00,1668,CK 2565,USD,1414.24,1414.24,NULL,NULL,NULL
1782,POSTCASH,0,1,RT,2019-04-16 00:00:00,2019-04-16 00:00:00,1610,CK 35206,USD,7844,7844,NULL,NULL,NULL
1783,UACASH,0,1,RT,2019-04-16 00:00:00,2019-04-16 00:00:00,1114,ck 96437,USD,14509.47,14509.47,NULL,NULL,NULL
1784,POSTCASH,0,1,RT,2019-04-16 00:00:00,2019-04-16 00:00:00,1700,CK 14805,USD,150,150,NULL,NULL,NULL
1785,POSTCASH,0,2,RT,2019-04-16 00:00:00,2019-04-16 00:00:00,1610,CK 35060,USD,14854.13,14854.13,NULL,NULL,NULL
1786,UACASH,0,6,RT,2019-04-17 00:00:00,2019-04-17 00:00:00,1114,ck 96437,USD,14509.47,14509.47,NULL,NULL,NULL
1787,POSTCASH,0,1,RT,2019-04-19 00:00:00,2019-04-19 00:00:00,1774,CK 36790,USD,537.45,537.45,NULL,NULL,NULL
1788,POSTCASH,0,1,RT,2019-04-19 00:00:00,2019-04-22 00:00:00,1693,ACH 4-19-19,USD,1658.4,1658.4,NULL,NULL,NULL
1789,POSTCASH,0,1,RT,2019-04-23 00:00:00,2019-04-24 00:00:00,1466,DEP4-23-19,USD,1020.6,1020.6,NULL,NULL,NULL
1790,POSTCASH,0,1,RT,2019-04-23 00:00:00,2019-04-24 00:00:00,1565,CK 72660,USD,3546,3546,NULL,NULL,NULL
1791,POSTCASH,0,1,RT,2019-04-23 00:00:00,2019-04-24 00:00:00,1668,CK 2603,USD,1976.06,1976.06,NULL,NULL,NULL
1792,POSTCASH,0,1,RT,2019-04-23 00:00:00,2019-04-24 00:00:00,1697,CK 102289,USD,3019.5,3019.5,NULL,NULL,NULL
1793,POSTCASH,0,8,RT,2019-04-23 00:00:00,2019-04-24 00:00:00,1114,CK 96760,USD,29723.82,29723.82,NULL,NULL,NULL
1794,POSTCASH,0,1,RT,2019-04-25 00:00:00,2019-04-26 00:00:00,1578,CK 25169,USD,7929.6,7929.6,NULL,NULL,NULL
1795,POSTCASH,0,1,RT,2019-04-25 00:00:00,2019-04-26 00:00:00,1137,CK 664399,USD,2427.14,2427.14,NULL,NULL,NULL
1796,POSTCASH,0,3,RT,2019-03-28 00:00:00,2019-04-29 00:00:00,1482,WIRE3-28-19,USD,6404,6404,NULL,NULL,NULL
1797,POSTCASH,0,1,RT,2019-04-29 00:00:00,2019-04-29 00:00:00,1775,CK 80080880,USD,268.5,268.5,NULL,NULL,NULL
1798,POSTCASH,0,1,RT,2019-05-03 00:00:00,2019-05-03 00:00:00,1775,CK 80083249,USD,214.98,214.98,NULL,NULL,NULL
1799,POSTCASH,0,1,RT,2019-05-03 00:00:00,2019-05-03 00:00:00,1610,CK 35546,USD,7930.95,7930.95,NULL,NULL,NULL
1800,POSTCASH,0,1,RT,2019-05-03 00:00:00,2019-05-03 00:00:00,1757,CK 005190,USD,3970.2,3970.2,NULL,NULL,NULL
1801,POSTCASH,0,1,RT,2019-04-26 00:00:00,2019-05-13 00:00:00,1299,WIRE4-26-19,USD,10848.28,10848.28,NULL,NULL,NULL
1802,POSTCASH,0,2,RT,2019-05-13 00:00:00,2019-05-13 00:00:00,1757,CK 5205,USD,10488.4,10488.4,NULL,NULL,NULL
1803,POSTCASH,0,1,RT,2019-05-13 00:00:00,2019-05-13 00:00:00,1811,CK 206546,USD,2106.25,2106.25,NULL,NULL,NULL
1804,POSTCASH,0,1,RT,2019-05-13 00:00:00,2019-05-13 00:00:00,1774,CK 36807,USD,520.5,520.5,NULL,NULL,NULL
1805,POSTCASH,0,2,RT,2019-05-13 00:00:00,2019-05-13 00:00:00,1641,CK 20553,USD,10301.76,10301.76,NULL,NULL,NULL
1806,POSTCASH,0,2,RT,2019-05-13 00:00:00,2019-05-13 00:00:00,1774,CK 36812,USD,1282.77,1282.77,NULL,NULL,NULL
1807,POSTCASH,0,7,RT,2019-05-13 00:00:00,2019-05-13 00:00:00,1137,CK 665432,USD,16102.35,16102.35,NULL,NULL,NULL
1808,POSTCASH,0,1,RT,2019-05-13 00:00:00,2019-05-13 00:00:00,1775,CK 80084517,USD,200.82,200.82,NULL,NULL,NULL
1809,POSTCASH,0,1,RT,2019-05-13 00:00:00,2019-05-13 00:00:00,1486,CK 222836,USD,2890.86,2890.86,NULL,NULL,NULL
1810,POSTCASH,0,1,RT,2019-05-17 00:00:00,2019-05-17 00:00:00,1775,CK 80085587,USD,195.18,195.18,NULL,NULL,NULL
1811,POSTCASH,0,3,RT,2019-05-17 00:00:00,2019-05-17 00:00:00,1137,CK 665772,USD,6964.93,6964.93,NULL,NULL,NULL
1812,POSTCASH,0,1,RT,2019-05-21 00:00:00,2019-05-21 00:00:00,1578,CK 25286,USD,2291.2,2291.2,NULL,NULL,NULL
1813,POSTCASH,0,4,RT,2019-05-21 00:00:00,2019-05-21 00:00:00,1137,CK 666347,USD,7216.2,7216.2,NULL,NULL,NULL
1814,POSTCASH,0,1,RT,2019-05-21 00:00:00,2019-05-21 00:00:00,1628,CK 20377,USD,22368.5,22368.5,NULL,NULL,NULL
1815,POSTCASH,0,1,RT,2019-05-21 00:00:00,2019-05-21 00:00:00,1628,CK 20366,USD,10906.48,10906.48,NULL,NULL,NULL
1816,POSTCASH,0,1,RT,2019-05-24 00:00:00,2019-05-24 00:00:00,1697,CK 102534,USD,3566.25,3566.25,NULL,NULL,NULL
1817,POSTCASH,0,4,RT,2019-05-24 00:00:00,2019-05-24 00:00:00,1114,CK 97102,USD,12523.04,12523.04,NULL,NULL,NULL
1818,POSTCASH,0,1,RT,2019-05-29 00:00:00,2019-05-29 00:00:00,1565,CK 73044,USD,3320.8,3320.8,NULL,NULL,NULL
1819,POSTCASH,0,1,RT,2019-05-30 00:00:00,2019-05-30 00:00:00,1757,CK 5240,USD,3740,3740,NULL,NULL,NULL
1820,POSTCASH,0,2,RT,2019-05-30 00:00:00,2019-05-30 00:00:00,1137,CK 666882,USD,3395.94,3395.94,NULL,NULL,NULL
1821,POSTCASH,0,1,RT,2019-05-30 00:00:00,2019-05-30 00:00:00,1697,CK 102590,USD,5993.69,5993.69,NULL,NULL,NULL
1822,POSTCASH,0,1,RT,2019-05-31 00:00:00,2019-06-03 00:00:00,1299,WIR 5-31-19,USD,11972.66,11972.66,NULL,NULL,NULL
1823,POSTCASH,0,1,RT,2019-06-03 00:00:00,2019-06-03 00:00:00,1126,CK 35282,USD,4125,4125,NULL,NULL,NULL
1824,POSTCASH,0,1,RT,2019-06-03 00:00:00,2019-06-03 00:00:00,1565,CK 73119,USD,3468,3468,NULL,NULL,NULL
1825,POSTCASH,0,1,RT,2019-06-03 00:00:00,2019-06-03 00:00:00,1628,CK 20382,USD,18772.88,18772.88,NULL,NULL,NULL
1826,POSTCASH,0,2,RT,2019-06-03 00:00:00,2019-06-03 00:00:00,1668,CK 4104,USD,2006.4,2006.4,NULL,NULL,NULL
1827,POSTCASH,0,1,RT,2019-06-06 00:00:00,2019-06-06 00:00:00,1114,CK 97290,USD,5385.6,5385.6,NULL,NULL,NULL
1828,POSTCASH,0,1,RT,2019-06-06 00:00:00,2019-06-06 00:00:00,1641,CK 20666,USD,3901.8,3901.8,NULL,NULL,NULL
1829,UACASH,0,1,RT,2019-06-06 00:00:00,2019-06-06 00:00:00,1137,CK 667225,USD,8009.7,8009.7,NULL,NULL,NULL
1830,UACASH,0,4,RT,2019-06-06 00:00:00,2019-06-06 00:00:00,1137,CK 667225,USD,7983.3,7983.3,NULL,NULL,NULL
1831,POSTCASH,0,3,RT,2019-06-07 00:00:00,2019-06-10 00:00:00,1482,WITRE 6-7-1,USD,8580,8580,NULL,NULL,NULL
1832,POSTCASH,0,1,RT,2019-06-10 00:00:00,2019-06-10 00:00:00,1700,CK 15176,USD,2692.9,2692.9,NULL,NULL,NULL
1833,POSTCASH,0,2,RT,2019-06-10 00:00:00,2019-06-10 00:00:00,1565,CK 73187,USD,6641.6,6641.6,NULL,NULL,NULL
1834,UACASH,0,1,RT,2019-06-11 00:00:00,2019-06-11 00:00:00,1137,CK 667225,USD,26.4,26.4,NULL,NULL,NULL
1835,POSTCASH,0,1,RT,2019-06-14 00:00:00,2019-06-14 00:00:00,1104,25946,USD,6226.4,6226.4,NULL,NULL,NULL
1836,POSTCASH,0,2,RT,2019-06-14 00:00:00,2019-06-14 00:00:00,1137,CK G667746,USD,4018.47,4018.47,NULL,NULL,NULL
1837,POSTCASH,0,1,RT,2019-06-14 00:00:00,2019-06-14 00:00:00,1818,CK 31978,USD,5004,5004,NULL,NULL,NULL
1838,POSTCASH,0,1,RT,2019-06-20 00:00:00,2019-06-20 00:00:00,1819,CK 1884,USD,1047.8,1047.8,NULL,NULL,NULL
1839,POSTCASH,0,6,RT,2019-06-20 00:00:00,2019-06-20 00:00:00,1114,CK 97531,USD,18771.45,18771.45,NULL,NULL,NULL
1840,POSTCASH,0,4,RT,2019-06-20 00:00:00,2019-06-20 00:00:00,1137,CK 668191,USD,8498.25,8498.25,NULL,NULL,NULL
1841,POSTCASH,0,1,RT,2019-06-20 00:00:00,2019-06-20 00:00:00,1668,CK 4165,USD,791.07,791.07,NULL,NULL,NULL
1842,POSTCASH,0,1,RT,2019-06-20 00:00:00,2019-06-20 00:00:00,1126,CK 35320,USD,4125,4125,NULL,NULL,NULL
1843,UACASH,0,1,RT,2019-06-20 00:00:00,2019-06-20 00:00:00,1790,ck 14337,USD,576,576,NULL,NULL,NULL
1844,UACASH,0,1,RT,2019-06-20 00:00:00,2019-06-20 00:00:00,1790,ck 14337,USD,518.4,518.4,NULL,NULL,NULL
1845,POSTCASH,0,1,RT,2019-06-25 00:00:00,2019-06-25 00:00:00,1636,ACH 6-25-19,USD,6342,6342,NULL,NULL,NULL
1846,POSTCASH,0,2,RT,2019-06-25 00:00:00,2019-06-25 00:00:00,1636,51735,USD,0,0,NULL,NULL,NULL
1847,POSTCASH,0,1,RT,2019-06-25 00:00:00,2019-06-26 00:00:00,1565,CK 73349,USD,2621,2621,NULL,NULL,NULL
1848,POSTCASH,0,2,RT,2019-06-25 00:00:00,2019-06-26 00:00:00,1824,CK 220011,USD,15781.5,15781.5,NULL,NULL,NULL
1849,POSTCASH,0,2,RT,2019-06-25 00:00:00,2019-06-26 00:00:00,1549,CK 20013288,USD,7904.95,7904.95,NULL,NULL,NULL
1850,POSTCASH,0,2,RT,2019-06-25 00:00:00,2019-06-26 00:00:00,1578,CK 25383,USD,5872,5872,NULL,NULL,NULL
1851,POSTCASH,0,1,RT,2019-06-25 00:00:00,2019-06-26 00:00:00,1778,CK 8205,USD,14098.8,14098.8,NULL,NULL,NULL
1852,POSTCASH,0,3,RT,2019-06-25 00:00:00,2019-06-26 00:00:00,1137,CK 668567,USD,6485.14,6485.14,NULL,NULL,NULL
1853,POSTCASH,0,1,RT,2019-07-03 00:00:00,2019-07-03 00:00:00,1641,CK 20775,USD,5652.08,5652.08,NULL,NULL,NULL
1854,POSTCASH,0,1,RT,2019-07-03 00:00:00,2019-07-03 00:00:00,1757,CK 5282,USD,5374.2,5374.2,NULL,NULL,NULL
1855,POSTCASH,0,1,RT,2019-07-03 00:00:00,2019-07-03 00:00:00,1610,CK 36500,USD,7344.5,7344.5,NULL,NULL,NULL
1856,POSTCASH,0,3,RT,2019-07-03 00:00:00,2019-07-03 00:00:00,1137,CJ 669019,USD,6402.66,6402.66,NULL,NULL,NULL
1857,POSTCASH,0,1,RT,2019-07-08 00:00:00,2019-07-08 00:00:00,1565,73466,USD,3842.4,3842.4,NULL,NULL,NULL
1858,POSTCASH,0,3,RT,2019-07-08 00:00:00,2019-07-08 00:00:00,1137,669487,USD,7158.88,7158.88,NULL,NULL,NULL
1859,POSTCASH,0,1,RT,2019-07-08 00:00:00,2019-07-08 00:00:00,1607,CK 2089,USD,1000.8,1000.8,NULL,NULL,NULL
1860,POSTCASH,0,5,RT,2019-07-08 00:00:00,2019-07-08 00:00:00,1114,CK 97724,USD,19327.08,19327.08,NULL,NULL,NULL
1861,UACASH,0,1,RT,2019-07-10 00:00:00,2019-07-11 00:00:00,1662,DEP 7-10-19,USD,1800,1800,NULL,NULL,NULL
1862,POSTCASH,0,1,RT,2019-07-10 00:00:00,2019-07-11 00:00:00,1482,WIRE7-10-19,USD,2216.4,2216.4,NULL,NULL,NULL
1863,POSTCASH,0,1,RT,2019-07-12 00:00:00,2019-07-12 00:00:00,1808,CK 6718,USD,1352,1352,NULL,NULL,NULL
1864,POSTCASH,0,1,RT,2019-07-12 00:00:00,2019-07-12 00:00:00,1565,CK 1105,USD,2723.2,2723.2,NULL,NULL,NULL
1865,POSTCASH,0,1,RT,2019-07-12 00:00:00,2019-07-12 00:00:00,1757,CK 5298,USD,5545.8,5545.8,NULL,NULL,NULL
1866,POSTCASH,0,2,RT,2019-07-12 00:00:00,2019-07-12 00:00:00,1486,CK 224862,USD,8949.45,8949.45,NULL,NULL,NULL
1867,POSTCASH,0,2,RT,2019-07-16 00:00:00,2019-07-16 00:00:00,1757,CK 5308,USD,7884.5,7884.5,NULL,NULL,NULL
1868,UACASH,0,1,RT,2019-07-16 00:00:00,2019-07-16 00:00:00,1137,CK 669992,USD,8591.3,8591.3,NULL,NULL,NULL
1869,UACASH,0,3,RT,2019-07-16 00:00:00,2019-07-16 00:00:00,1137,CK 669992,USD,7639.65,7639.65,NULL,NULL,NULL
1870,UACASH,0,1,RT,2019-07-16 00:00:00,2019-07-16 00:00:00,1137,CK 669992,USD,951.65,951.65,NULL,NULL,NULL
1871,POSTCASH,0,1,RT,2019-07-16 00:00:00,2019-07-17 00:00:00,1466,DEP 7-16-19,USD,1255.2,1255.2,NULL,NULL,NULL
1872,POSTCASH,0,1,RT,2019-07-19 00:00:00,2019-07-19 00:00:00,1578,CK 25474,USD,8198.56,8198.56,NULL,NULL,NULL
1873,POSTCASH,0,1,RT,2019-07-22 00:00:00,2019-07-22 00:00:00,1565,CK 1173,USD,4850.4,4850.4,NULL,NULL,NULL
1874,POSTCASH,0,1,RT,2019-07-23 00:00:00,2019-07-23 00:00:00,1879,ACH 7-23-19,USD,1702,1702,NULL,NULL,NULL
1875,POSTCASH,0,1,RT,2019-07-26 00:00:00,2019-07-26 00:00:00,1704,CK 62807133,USD,5088.44,5088.44,NULL,NULL,NULL
1876,POSTCASH,0,1,RT,2019-07-26 00:00:00,2019-07-26 00:00:00,1464,CK 70466,USD,1580.18,1580.18,NULL,NULL,NULL
1877,POSTCASH,0,1,RT,2019-07-26 00:00:00,2019-07-26 00:00:00,1104,CK 26415,USD,6486.4,6486.4,NULL,NULL,NULL
1878,POSTCASH,0,2,RT,2019-07-26 00:00:00,2019-07-26 00:00:00,1610,CK 36719,USD,14503.08,14503.08,NULL,NULL,NULL
1879,POSTCASH,0,1,RT,2019-07-26 00:00:00,2019-07-26 00:00:00,1712,CK 19820,USD,708.38,708.38,NULL,NULL,NULL
1880,POSTCASH,0,2,RT,2019-07-26 00:00:00,2019-07-26 00:00:00,1137,CK 670374,USD,2795.65,2795.65,NULL,NULL,NULL
1881,UACASH,0,1,RT,2019-07-26 00:00:00,2019-07-26 00:00:00,1114,CK 97958,USD,17810.73,17810.73,NULL,NULL,NULL
1882,UACASH,0,5,RT,2019-07-26 00:00:00,2019-07-26 00:00:00,1114,CK 97958,USD,16165.13,16165.13,NULL,NULL,NULL
1883,POSTCASH,0,1,RT,2019-07-31 00:00:00,2019-08-01 00:00:00,1108,CK 168946,USD,827.56,827.56,NULL,NULL,NULL
1884,POSTCASH,0,1,RT,2019-07-31 00:00:00,2019-08-01 00:00:00,1610,CK 36944,USD,3394.75,3394.75,NULL,NULL,NULL
1885,POSTCASH,0,2,RT,2019-07-31 00:00:00,2019-08-01 00:00:00,1137,CK 670864,USD,5786.67,5786.67,NULL,NULL,NULL
1886,POSTCASH,0,1,RT,2019-08-02 00:00:00,2019-08-06 00:00:00,1848,WIRE 8-2-19,USD,2829.4,2829.4,NULL,NULL,NULL
1887,POSTCASH,0,6,RT,2019-08-07 00:00:00,2019-08-07 00:00:00,1114,CK98077,USD,22812.12,22812.12,NULL,NULL,NULL
1888,POSTCASH,0,1,RT,2019-08-07 00:00:00,2019-08-07 00:00:00,1126,CK 35418,USD,4125,4125,NULL,NULL,NULL
1889,POSTCASH,0,1,RT,2019-08-07 00:00:00,2019-08-07 00:00:00,1900,CK 9085,USD,1710,1710,NULL,NULL,NULL
1890,POSTCASH,0,1,RT,2019-08-07 00:00:00,2019-08-07 00:00:00,1757,CK 5349,USD,5668,5668,NULL,NULL,NULL
1891,POSTCASH,0,1,RT,2019-08-07 00:00:00,2019-08-07 00:00:00,1549,CK 20013546,USD,6989.2,6989.2,NULL,NULL,NULL
1892,POSTCASH,0,1,RT,2019-08-07 00:00:00,2019-08-07 00:00:00,1549,CK 20013586,USD,9973.96,9973.96,NULL,NULL,NULL
1893,POSTCASH,0,1,RT,2019-08-07 00:00:00,2019-08-07 00:00:00,1128,CK 45255,USD,5462.24,5462.24,NULL,NULL,NULL
1894,POSTCASH,0,1,RT,2019-08-07 00:00:00,2019-08-07 00:00:00,1137,CK 671333,USD,6829.5,6829.5,NULL,NULL,NULL
1895,POSTCASH,0,1,RT,2019-08-09 00:00:00,2019-08-12 00:00:00,1104,CK 26543,USD,6654.6,6654.6,NULL,NULL,NULL
1896,POSTCASH,0,2,RT,2019-08-09 00:00:00,2019-08-12 00:00:00,1565,CK 1398,USD,6062.4,6062.4,NULL,NULL,NULL
1897,POSTCASH,0,2,RT,2019-08-09 00:00:00,2019-08-12 00:00:00,1299,WIRE8-9-19,USD,7811.94,7811.94,NULL,NULL,NULL
1898,POSTCASH,0,1,RT,2019-08-12 00:00:00,2019-08-12 00:00:00,1879,ACH 8-12-19,USD,1578,1578,NULL,NULL,NULL
1899,POSTCASH,0,1,RT,2019-08-09 00:00:00,2019-08-12 00:00:00,1662,DEP 8-9-19,USD,1894.3,1894.3,NULL,NULL,NULL
1900,UNDO-POSTCASH,0,1,SA,2019-08-09 00:00:00,2019-08-12 00:00:00,1662,DEP 8-9-19,USD,1894.3,1894.3,NULL,NULL,NULL
1901,UACASH,0,1,RT,2019-08-12 00:00:00,2019-08-12 00:00:00,1662,DEP 7-10-19,USD,1800,1800,NULL,NULL,NULL
1902,POSTCASH,0,1,RT,2019-08-09 00:00:00,2019-08-12 00:00:00,1662,DEP 8-9-19,USD,1894.3,1894.3,NULL,NULL,NULL
1903,POSTCASH,0,2,RT,2019-08-14 00:00:00,2019-08-14 00:00:00,1757,CK 5367,USD,11159.2,11159.2,NULL,NULL,NULL
1904,POSTCASH,0,1,RT,2019-08-14 00:00:00,2019-08-14 00:00:00,1778,CK 8311,USD,10800.4,10800.4,NULL,NULL,NULL
1905,POSTCASH,0,1,RT,2019-08-14 00:00:00,2019-08-16 00:00:00,1482,WIRE8-14-19,USD,4056,4056,NULL,NULL,NULL
1906,POSTCASH,0,1,RT,2019-08-16 00:00:00,2019-08-19 00:00:00,1128,CK 45337,USD,1561.41,1561.41,NULL,NULL,NULL
1907,POSTCASH,0,1,RT,2019-08-16 00:00:00,2019-08-19 00:00:00,1712,CK 19980,USD,4040.4,4040.4,NULL,NULL,NULL
1908,POSTCASH,0,1,RT,2019-08-19 00:00:00,2019-08-20 00:00:00,1882,ACH 8-19-19,USD,6423.2,6423.2,NULL,NULL,NULL
1909,POSTCASH,0,1,RT,2019-08-20 00:00:00,2019-08-21 00:00:00,1299,WIRE8-20-19,USD,2826.9,2826.9,NULL,NULL,NULL
1910,POSTCASH,0,2,RT,2019-08-23 00:00:00,2019-08-23 00:00:00,1104,CK 26633,USD,13941.6,13941.6,NULL,NULL,NULL
1911,POSTCASH,0,1,RT,2019-08-23 00:00:00,2019-08-23 00:00:00,1757,CK 5371,USD,5083,5083,NULL,NULL,NULL
1912,POSTCASH,0,1,RT,2019-08-23 00:00:00,2019-08-23 00:00:00,1578,CK 25603,USD,3710.4,3710.4,NULL,NULL,NULL
1913,POSTCASH,0,2,RT,2019-08-23 00:00:00,2019-08-23 00:00:00,1137,CK 672059,USD,3103.58,3103.58,NULL,NULL,NULL
1914,UACASH,0,1,RT,2019-07-10 00:00:00,2019-08-23 00:00:00,1696,ACH 7-10-19,USD,7036,7036,NULL,NULL,NULL
1915,UACASH,0,1,RT,2019-08-23 00:00:00,2019-08-23 00:00:00,1696,ACH 7-10-19,USD,7036,7036,NULL,NULL,NULL
1916,UACASH,0,1,RT,2019-08-23 00:00:00,2019-08-26 00:00:00,1630,WIRE8-23-19,USD,19966,19966,NULL,NULL,NULL
1917,POSTCASH,0,2,RT,2019-08-23 00:00:00,2019-08-26 00:00:00,1866,ACH 8-23-19,USD,5343.84,5343.84,NULL,NULL,NULL
1918,UACASH,0,3,RT,2019-08-26 00:00:00,2019-08-26 00:00:00,1630,WIRE8-23-19,USD,19966,19966,NULL,NULL,NULL
1919,POSTCASH,0,1,RT,2019-08-26 00:00:00,2019-08-26 00:00:00,1128,CK 45435,USD,1481.43,1481.43,NULL,NULL,NULL
1920,POSTCASH,0,1,RT,2019-08-29 00:00:00,2019-09-03 00:00:00,1549,CK 20013762,USD,4334.4,4334.4,NULL,NULL,NULL
1921,POSTCASH,0,2,RT,2019-08-29 00:00:00,2019-09-03 00:00:00,1578,CK 25611,USD,5220.4,5220.4,NULL,NULL,NULL
1922,POSTCASH,0,1,RT,2019-08-29 00:00:00,2019-09-03 00:00:00,1104,CK 26693,USD,7255,7255,NULL,NULL,NULL
1923,POSTCASH,0,3,RT,2019-08-29 00:00:00,2019-09-03 00:00:00,1137,CK 672592,USD,17715.56,17715.56,NULL,NULL,NULL
1924,POSTCASH,0,2,RT,2019-08-29 00:00:00,2019-09-03 00:00:00,1464,CK 70555,USD,2906.27,2906.27,NULL,NULL,NULL
1925,POSTCASH,0,1,RT,2019-09-03 00:00:00,2019-09-04 00:00:00,1712,CK 19069,USD,605.77,605.77,NULL,NULL,NULL
1926,POSTCASH,0,1,RT,2019-09-03 00:00:00,2019-09-04 00:00:00,1128,CK 45485,USD,1434,1434,NULL,NULL,NULL
1927,POSTCASH,0,1,RT,2019-09-03 00:00:00,2019-09-04 00:00:00,1565,CK 1600,USD,4173.8,4173.8,NULL,NULL,NULL
1928,POSTCASH,0,1,RT,2019-09-05 00:00:00,2019-09-05 00:00:00,1877,CK 8157,USD,2821,2821,NULL,NULL,NULL
1929,POSTCASH,0,1,RT,2019-09-05 00:00:00,2019-09-05 00:00:00,1778,CK 8342,USD,10584.6,10584.6,NULL,NULL,NULL
1930,POSTCASH,0,1,RT,2019-09-05 00:00:00,2019-09-05 00:00:00,1757,CK 5393,USD,5603,5603,NULL,NULL,NULL
1931,UACASH,0,1,RT,2019-09-05 00:00:00,2019-09-05 00:00:00,1114,CK 97958,USD,1645.6,1645.6,NULL,NULL,NULL
1932,POSTCASH,0,6,RT,2019-09-05 00:00:00,2019-09-05 00:00:00,1114,CK 98458,USD,25391.29,25391.29,NULL,NULL,NULL
1933,POSTCASH,0,1,RT,2019-09-09 00:00:00,2019-09-10 00:00:00,1585,CK 123200,USD,7446.4,7446.4,NULL,NULL,NULL
1934,UACASH,0,1,RT,2019-09-10 00:00:00,2019-09-10 00:00:00,1741,ck 16487,USD,5555.48,5555.48,NULL,NULL,NULL
1935,UACASH-UNDO,0,1,RT,2019-09-10 00:00:00,2019-09-10 00:00:00,1741,ck 16487,USD,5555.48,5555.48,NULL,NULL,NULL
1936,POSTCASH,0,1,RT,2019-09-10 00:00:00,2019-09-10 00:00:00,1757,CK 5406,USD,5613.4,5613.4,NULL,NULL,NULL
1937,POSTCASH,0,2,RT,2019-09-10 00:00:00,2019-09-10 00:00:00,1128,CK 45522,USD,3003.46,3003.46,NULL,NULL,NULL
1938,POSTCASH,0,1,RT,2019-09-10 00:00:00,2019-09-10 00:00:00,1668,CK 4396,USD,1216.8,1216.8,NULL,NULL,NULL
1939,POSTCASH,0,1,RT,2019-09-10 00:00:00,2019-09-10 00:00:00,1137,CK 673330,USD,847.5,847.5,NULL,NULL,NULL
1940,POSTCASH,0,4,RT,2019-09-11 00:00:00,2019-09-13 00:00:00,1299,WIRE9-11-19,USD,8806.03,8806.03,NULL,NULL,NULL
1941,POSTCASH,0,3,RT,2019-09-16 00:00:00,2019-09-16 00:00:00,1630,ACH 9-16-19,USD,29373.44,29373.44,NULL,NULL,NULL
1942,POSTCASH,0,1,RT,2019-09-13 00:00:00,2019-09-16 00:00:00,1549,CK 713655,USD,2427.39,2427.39,NULL,NULL,NULL
1943,POSTCASH,0,1,RT,2019-09-13 00:00:00,2019-09-16 00:00:00,1869,CK 55967,USD,9814.76,9814.76,NULL,NULL,NULL
1944,POSTCASH,0,3,RT,2019-09-13 00:00:00,2019-09-16 00:00:00,1114,CK 98560,USD,11512.17,11512.17,NULL,NULL,NULL
1945,POSTCASH,0,2,RT,2019-09-18 00:00:00,2019-09-18 00:00:00,1128,CK 45574,USD,6362.23,6362.23,NULL,NULL,NULL
1946,POSTCASH,0,1,RT,2019-09-17 00:00:00,2019-09-18 00:00:00,1885,CK 57334,USD,4218,4218,NULL,NULL,NULL
1947,POSTCASH,0,1,RT,2019-09-17 00:00:00,2019-09-18 00:00:00,1565,CK 1734,USD,7588.62,7588.62,NULL,NULL,NULL
1948,POSTCASH,0,2,RT,2019-09-17 00:00:00,2019-09-18 00:00:00,1778,CK 8354,USD,21150,21150,NULL,NULL,NULL
1949,POSTCASH,0,1,RT,2019-09-18 00:00:00,2019-09-19 00:00:00,1578,CK 25696,USD,7872,7872,NULL,NULL,NULL
1950,POSTCASH,0,1,RT,2019-09-19 00:00:00,2019-09-19 00:00:00,1757,CK 5420,USD,5415.8,5415.8,NULL,NULL,NULL
1951,UACASH,0,1,RT,2019-09-18 00:00:00,2019-09-19 00:00:00,1549,CK 713722,USD,2310.36,2310.36,NULL,NULL,NULL
1952,UACASH,0,1,RT,2019-09-19 00:00:00,2019-09-19 00:00:00,1549,CK 713722,USD,2153.52,2153.52,NULL,NULL,NULL
1953,UACASH,0,1,RT,2019-09-19 00:00:00,2019-09-19 00:00:00,1549,CK 713722,USD,156.84,156.84,NULL,NULL,NULL
1954,POSTCASH,0,1,RT,2019-09-23 00:00:00,2019-09-23 00:00:00,1896,CK 65299,USD,10320.81,10320.81,NULL,NULL,NULL
1955,POSTCASH,0,1,RT,2019-09-23 00:00:00,2019-09-23 00:00:00,1908,ACH 9-23-19,USD,1332,1332,NULL,NULL,NULL
1956,POSTCASH,0,2,RT,2019-09-23 00:00:00,2019-09-23 00:00:00,1630,ACH 9-23-19,USD,19430.73,19430.73,NULL,NULL,NULL
1957,POSTCASH,0,1,RT,2019-09-26 00:00:00,2019-09-26 00:00:00,1704,CK 63669772,USD,522.15,522.15,NULL,NULL,NULL
1958,UACASH,0,1,RT,2019-09-26 00:00:00,2019-09-26 00:00:00,1128,CK 45671,USD,6160.84,6160.84,NULL,NULL,NULL
1959,UACASH-APP,0,2,RT,2019-09-26 00:00:00,2019-09-26 00:00:00,1128,CK 45671,USD,4966.77,4966.77,NULL,NULL,NULL
1960,POSTCASH,0,1,RT,2019-09-26 00:00:00,2019-09-26 00:00:00,1757,CK 5430,USD,5535.4,5535.4,NULL,NULL,NULL
1961,POSTCASH,0,1,RT,2019-09-26 00:00:00,2019-09-26 00:00:00,1549,CK 20013961,USD,3240.27,3240.27,NULL,NULL,NULL
1962,UACASH-APP,0,1,RT,2019-09-27 00:00:00,2019-09-27 00:00:00,1128,CK 45671,USD,1194.07,1194.07,NULL,NULL,NULL
1963,POSTCASH,0,1,RT,2019-10-01 00:00:00,2019-10-02 00:00:00,1649,CK 12324,USD,1164.8,1164.8,NULL,NULL,NULL
1964,POSTCASH,0,1,RT,2019-10-01 00:00:00,2019-10-02 00:00:00,1104,CK 26983,USD,3179.55,3179.55,NULL,NULL,NULL
1965,POSTCASH,0,1,RT,2019-10-01 00:00:00,2019-10-02 00:00:00,1896,CK 65328,USD,10794.96,10794.96,NULL,NULL,NULL
1966,POSTCASH,0,4,RT,2019-10-01 00:00:00,2019-10-02 00:00:00,1128,CK 45712,USD,6851.91,6851.91,NULL,NULL,NULL
1967,POSTCASH,0,1,RT,2019-10-01 00:00:00,2019-10-02 00:00:00,1649,CK 12281,USD,1722,1722,NULL,NULL,NULL
1968,POSTCASH,0,1,RT,2019-10-01 00:00:00,2019-10-02 00:00:00,1565,CK 1890,USD,3755.2,3755.2,NULL,NULL,NULL
1969,POSTCASH,0,2,RT,2019-10-01 00:00:00,2019-10-02 00:00:00,1757,CK 5441,USD,10948.6,10948.6,NULL,NULL,NULL
1970,POSTCASH,0,1,RT,2019-10-01 00:00:00,2019-10-02 00:00:00,1778,CK 8392,USD,10417.5,10417.5,NULL,NULL,NULL
1971,POSTCASH,0,1,RT,2019-10-01 00:00:00,2019-10-02 00:00:00,1712,CK 19259,USD,2913.4,2913.4,NULL,NULL,NULL
1972,POSTCASH,0,3,RT,2019-10-01 00:00:00,2019-10-02 00:00:00,1299,WIRE10-1-19,USD,16943.25,16943.25,NULL,NULL,NULL
1973,POSTCASH,0,2,RT,2019-10-02 00:00:00,2019-10-02 00:00:00,1879,ACH10-2-19,USD,4578,4578,NULL,NULL,NULL
1974,POSTCASH,0,1,RT,2019-10-08 00:00:00,2019-10-08 00:00:00,1869,ACH10-7-19,USD,11949.45,11949.45,NULL,NULL,NULL
1975,POSTCASH,0,3,RT,2019-10-07 00:00:00,2019-10-08 00:00:00,1128,CK 45752,USD,3627.23,3627.23,NULL,NULL,NULL
1976,POSTCASH,0,1,RT,2019-10-08 00:00:00,2019-10-08 00:00:00,1108,CK 170299,USD,801.06,801.06,NULL,NULL,NULL
1977,POSTCASH,0,1,RT,2019-10-08 00:00:00,2019-10-08 00:00:00,1578,CK 25766,USD,4709.64,4709.64,NULL,NULL,NULL
1978,POSTCASH,0,1,RT,2019-10-08 00:00:00,2019-10-08 00:00:00,1137,CK 675116,USD,2002.05,2002.05,NULL,NULL,NULL
1979,POSTCASH,0,1,RT,2019-10-08 00:00:00,2019-10-08 00:00:00,1757,CK 5454,USD,5746,5746,NULL,NULL,NULL
1980,POSTCASH,0,1,RT,2019-10-08 00:00:00,2019-10-10 00:00:00,1853,WIRE10-8-20,USD,1520.25,1520.25,NULL,NULL,NULL
1981,POSTCASH,0,1,RT,2019-10-11 00:00:00,2019-10-14 00:00:00,1909,CK 9777,USD,838.46,838.46,NULL,NULL,NULL
1982,POSTCASH,0,3,RT,2019-10-15 00:00:00,2019-10-15 00:00:00,1630,ACH10-15-19,USD,30028.83,30028.83,NULL,NULL,NULL
1983,POSTCASH,0,1,RT,2019-10-15 00:00:00,2019-10-15 00:00:00,1869,AVH10-15-19,USD,11521.99,11521.99,NULL,NULL,NULL
1984,POSTCASH,0,1,RT,2019-10-16 00:00:00,2019-10-16 00:00:00,1879,ACG10-16-19,USD,2327.36,2327.36,NULL,NULL,NULL
1985,POSTCASH,0,2,RT,2019-10-16 00:00:00,2019-10-16 00:00:00,1128,CK 45794,USD,3847.06,3847.06,NULL,NULL,NULL
1986,POSTCASH,0,1,RT,2019-10-16 00:00:00,2019-10-16 00:00:00,1137,CK 675872,USD,18315,18315,NULL,NULL,NULL
1987,POSTCASH,0,1,RT,2019-10-16 00:00:00,2019-10-16 00:00:00,1778,CK 8420,USD,10227.5,10227.5,NULL,NULL,NULL
1988,POSTCASH,0,1,RT,2019-10-16 00:00:00,2019-10-16 00:00:00,1757,CK 5464,USD,5283.2,5283.2,NULL,NULL,NULL
1989,POSTCASH,0,1,RT,2019-10-23 00:00:00,2019-10-23 00:00:00,1869,ACH10-23-19,USD,7373.96,7373.96,NULL,NULL,NULL
1990,POSTCASH,0,1,RT,2019-10-21 00:00:00,2019-10-23 00:00:00,1908,ACJ10-21-19,USD,4708.8,4708.8,NULL,NULL,NULL
1991,POSTCASH,0,3,RT,2019-10-22 00:00:00,2019-10-23 00:00:00,1630,ACH10-22-19,USD,25593.55,25593.55,NULL,NULL,NULL
1992,POSTCASH,0,1,RT,2019-10-22 00:00:00,2019-10-23 00:00:00,1896,CK 52388,USD,10623.86,10623.86,NULL,NULL,NULL
1993,POSTCASH,0,1,RT,2019-10-22 00:00:00,2019-10-23 00:00:00,1104,CK 27175,USD,1170.66,1170.66,NULL,NULL,NULL
1994,POSTCASH,0,2,RT,2019-10-22 00:00:00,2019-10-23 00:00:00,1578,CK 25812,USD,7096.6,7096.6,NULL,NULL,NULL
1995,POSTCASH,0,1,RT,2019-10-22 00:00:00,2019-10-23 00:00:00,1844,CK 34558,USD,1070,1070,NULL,NULL,NULL
1996,POSTCASH,0,1,RT,2019-10-22 00:00:00,2019-10-23 00:00:00,1778,CK 8433,USD,10215,10215,NULL,NULL,NULL
1997,POSTCASH,0,1,RT,2019-10-22 00:00:00,2019-10-23 00:00:00,1565,CK 2089,USD,3574,3574,NULL,NULL,NULL
1998,POSTCASH,0,2,RT,2019-10-22 00:00:00,2019-10-23 00:00:00,1128,CK 45838,USD,2078.44,2078.44,NULL,NULL,NULL
1999,POSTCASH,0,1,RT,2019-10-25 00:00:00,2019-10-25 00:00:00,1565,CK 2152,USD,3874.2,3874.2,NULL,NULL,NULL
2000,POSTCASH,0,3,RT,2019-10-25 00:00:00,2019-10-28 00:00:00,1299,WIRE10-25-1,USD,11316.57,11316.57,NULL,NULL,NULL
2001,POSTCASH,0,1,RT,2019-10-08 00:00:00,2019-10-28 00:00:00,1104,CK 27062,USD,1190.2,1190.2,NULL,NULL,NULL
2002,POSTCASH,0,1,RT,2019-10-28 00:00:00,2019-10-29 00:00:00,1896,CK 65421,USD,10657.79,10657.79,NULL,NULL,NULL
2003,POSTCASH,0,2,RT,2019-10-28 00:00:00,2019-10-29 00:00:00,1891,CK 1777,USD,4277.95,4277.95,NULL,NULL,NULL
2004,POSTCASH,0,2,RT,2019-10-29 00:00:00,2019-10-29 00:00:00,1128,CK 45915,USD,7603.32,7603.32,NULL,NULL,NULL
2005,POSTCASH,0,1,RT,2019-10-29 00:00:00,2019-10-29 00:00:00,1757,CK 5475,USD,5473,5473,NULL,NULL,NULL
2006,POSTCASH,0,2,RT,2019-10-28 00:00:00,2019-10-29 00:00:00,1578,XJ 25837,USD,10206,10206,NULL,NULL,NULL
2007,POSTCASH,0,1,RT,2019-10-28 00:00:00,2019-10-29 00:00:00,1866,CK 39174834,USD,5203.44,5203.44,NULL,NULL,NULL
2008,POSTCASH,0,1,RT,2019-10-28 00:00:00,2019-10-29 00:00:00,1778,CJ 8452,USD,10567.5,10567.5,NULL,NULL,NULL
2009,POSTCASH,0,5,RT,2019-10-28 00:00:00,2019-10-29 00:00:00,1114,CK 99101,USD,21243.08,21243.08,NULL,NULL,NULL
2010,POSTCASH,0,2,RT,2019-10-28 00:00:00,2019-10-30 00:00:00,1923,ACH10-28-19,USD,42643.8,42643.8,NULL,NULL,NULL
2011,POSTCASH,0,2,RT,2019-10-30 00:00:00,2019-10-30 00:00:00,1869,ACH10-30-19,USD,23269.38,23269.38,NULL,NULL,NULL
2012,POSTCASH,0,3,RT,2019-10-31 00:00:00,2019-11-01 00:00:00,1104,CK 27241,USD,3756.25,3756.25,NULL,NULL,NULL
2013,POSTCASH,0,1,RT,2019-10-31 00:00:00,2019-11-01 00:00:00,1757,CK 5482,USD,5452.2,5452.2,NULL,NULL,NULL
2014,POSTCASH,0,1,RT,2019-10-31 00:00:00,2019-11-01 00:00:00,1549,CK 713983,USD,6933.6,6933.6,NULL,NULL,NULL
2015,POSTCASH,0,1,RT,2019-10-31 00:00:00,2019-11-01 00:00:00,1641,CK200000937,USD,11928,11928,NULL,NULL,NULL
2016,POSTCASH,0,1,RT,2019-11-01 00:00:00,2019-11-01 00:00:00,1933,AVH11-01-19,USD,5558.49,5558.49,NULL,NULL,NULL
2017,POSTCASH,0,1,RT,2019-11-04 00:00:00,2019-11-04 00:00:00,1778,CK 8469,USD,10557.5,10557.5,NULL,NULL,NULL
2018,POSTCASH,0,1,RT,2019-11-04 00:00:00,2019-11-04 00:00:00,1128,CK 45962,USD,2536.49,2536.49,NULL,NULL,NULL
2019,POSTCASH,0,1,RT,2019-11-04 00:00:00,2019-11-04 00:00:00,1900,CK 4731,USD,436,436,NULL,NULL,NULL
2020,POSTCASH,0,3,SA,2019-11-04 00:00:00,2019-11-05 00:00:00,1630,ACH11-04-12,USD,18387.12,18387.12,NULL,NULL,NULL
2021,POSTCASH,0,2,RT,2019-11-08 00:00:00,2019-11-08 00:00:00,1104,CK 27301,USD,3029.53,3029.53,NULL,NULL,NULL
2022,POSTCASH,0,1,RT,2019-11-08 00:00:00,2019-11-08 00:00:00,1757,CK 5493,USD,5634.2,5634.2,NULL,NULL,NULL
2023,POSTCASH,0,1,RT,2019-11-08 00:00:00,2019-11-08 00:00:00,1641,CK200001063,USD,11928,11928,NULL,NULL,NULL
2024,POSTCASH,0,1,RT,2019-11-08 00:00:00,2019-11-08 00:00:00,1565,CK 2292,USD,5828.8,5828.8,NULL,NULL,NULL
2025,POSTCASH,0,1,RT,2019-11-08 00:00:00,2019-11-08 00:00:00,1891,CK 1784,USD,2159,2159,NULL,NULL,NULL
2026,POSTCASH,0,1,RT,2019-11-08 00:00:00,2019-11-08 00:00:00,1137,CK 676530,USD,917.7,917.7,NULL,NULL,NULL
2027,POSTCASH,0,4,RT,2019-11-08 00:00:00,2019-11-08 00:00:00,1114,CK 99226,USD,23321.83,23321.83,NULL,NULL,NULL
2028,POSTCASH,0,1,RT,2019-11-12 00:00:00,2019-11-12 00:00:00,1292,CK 2696,USD,945,945,NULL,NULL,NULL
2029,POSTCASH,0,1,RT,2019-11-12 00:00:00,2019-11-12 00:00:00,1824,CK209000031,USD,1706.9,1706.9,NULL,NULL,NULL
2030,POSTCASH,0,1,RT,2019-11-19 00:00:00,2019-11-18 00:00:00,1896,CK 65481,USD,9829.26,9829.26,NULL,NULL,NULL
2031,POSTCASH,0,3,RT,2019-11-19 00:00:00,2019-11-18 00:00:00,1104,CK 27371,USD,6978.69,6978.69,NULL,NULL,NULL
2032,POSTCASH,0,1,RT,2019-11-19 00:00:00,2019-11-18 00:00:00,1199,CK 62023,USD,2931.9,2931.9,NULL,NULL,NULL
2033,POSTCASH,0,1,RT,2019-11-19 00:00:00,2019-11-18 00:00:00,1114,CK 99406,USD,4918.2,4918.2,NULL,NULL,NULL
2034,POSTCASH,0,2,RT,2019-11-19 00:00:00,2019-11-18 00:00:00,1565,CK 2362,USD,10906,10906,NULL,NULL,NULL
2035,POSTCASH,0,1,RT,2019-11-19 00:00:00,2019-11-18 00:00:00,1697,CK 103970,USD,9708.48,9708.48,NULL,NULL,NULL
2036,POSTCASH,0,1,RT,2019-11-19 00:00:00,2019-11-18 00:00:00,1870,CK 352347,USD,2016,2016,NULL,NULL,NULL
2037,POSTCASH,0,1,RT,2019-11-19 00:00:00,2019-11-18 00:00:00,1757,CK 5503,USD,5460,5460,NULL,NULL,NULL
2038,POSTCASH,0,1,RT,2019-11-19 00:00:00,2019-11-19 00:00:00,1199,CK 62094,USD,2878.4,2878.4,NULL,NULL,NULL
2039,POSTCASH,0,1,RT,2019-11-19 00:00:00,2019-11-19 00:00:00,1875,CK 4223,USD,471.3,471.3,NULL,NULL,NULL
2040,POSTCASH,0,2,RT,2019-11-22 00:00:00,2019-11-22 00:00:00,1128,CK 46058,USD,1275.94,1275.94,NULL,NULL,NULL
2041,POSTCASH,0,1,RT,2019-11-22 00:00:00,2019-11-22 00:00:00,1869,CK 56314,USD,11862.45,11862.45,NULL,NULL,NULL
2042,POSTCASH,0,3,RT,2019-11-22 00:00:00,2019-11-22 00:00:00,1114,CK 99486,USD,27417.15,27417.15,NULL,NULL,NULL
2043,POSTCASH,0,1,RT,2019-11-22 00:00:00,2019-11-25 00:00:00,1104,CK 27442,USD,1887.25,1887.25,NULL,NULL,NULL
2044,POSTCASH,0,2,RT,2019-11-25 00:00:00,2019-11-25 00:00:00,1668,CK 4548,USD,4109.5,4109.5,NULL,NULL,NULL
2045,POSTCASH,0,3,RT,2019-11-25 00:00:00,2019-11-25 00:00:00,1630,ACH11-25-19,USD,22549.2,22549.2,NULL,NULL,NULL
2046,POSTCASH,0,3,RT,2019-11-25 00:00:00,2019-11-26 00:00:00,1482,WIRE11-25-1,USD,10737,10737,NULL,NULL,NULL
2047,POSTCASH,0,1,RT,2019-11-26 00:00:00,2019-11-26 00:00:00,1778,CK 8515 ,USD,10580,10580,NULL,NULL,NULL
2048,POSTCASH,0,1,RT,2019-11-26 00:00:00,2019-11-26 00:00:00,1578,CK 25935,USD,7844,7844,NULL,NULL,NULL
2049,POSTCASH,0,2,RT,2019-11-26 00:00:00,2019-11-26 00:00:00,1757,CK 5519,USD,10413,10413,NULL,NULL,NULL
2050,POSTCASH,0,1,RT,2019-11-26 00:00:00,2019-11-26 00:00:00,1128,CK 46140,USD,3130.2,3130.2,NULL,NULL,NULL
2051,POSTCASH,0,1,RT,2019-11-26 00:00:00,2019-11-26 00:00:00,1199,CK 62162,USD,2992.8,2992.8,NULL,NULL,NULL
2052,POSTCASH,0,1,RT,2019-11-27 00:00:00,2019-11-27 00:00:00,1104,CK 27502,USD,3054,3054,NULL,NULL,NULL
2053,POSTCASH,0,1,RT,2019-11-27 00:00:00,2019-11-27 00:00:00,1879,ACH11-27-19,USD,4582.63,4582.63,NULL,NULL,NULL
2054,POSTCASH,0,1,RT,2019-12-05 00:00:00,2019-12-06 00:00:00,1900,CK 9184,USD,1415.6,1415.6,NULL,NULL,NULL
2055,POSTCASH,0,1,RT,2019-12-05 00:00:00,2019-12-06 00:00:00,1199,CK 62221,USD,3152.8,3152.8,NULL,NULL,NULL
2056,POSTCASH,0,1,RT,2019-12-05 00:00:00,2019-12-06 00:00:00,1128,CK 46185,USD,1602.72,1602.72,NULL,NULL,NULL
2057,POSTCASH,0,1,RT,2019-12-05 00:00:00,2019-12-06 00:00:00,1668,CK 4591,USD,2455.2,2455.2,NULL,NULL,NULL
2058,POSTCASH,0,2,RT,2019-12-05 00:00:00,2019-12-06 00:00:00,1668,CK 4585,USD,2221.06,2221.06,NULL,NULL,NULL
2059,POSTCASH,0,3,RT,2019-12-05 00:00:00,2019-12-06 00:00:00,1565,CK 2493,USD,14735.4,14735.4,NULL,NULL,NULL
2060,POSTCASH,0,1,RT,2019-12-05 00:00:00,2019-12-06 00:00:00,1455,CK 384411,USD,4682.11,4682.11,NULL,NULL,NULL
2061,POSTCASH,0,1,RT,2019-12-05 00:00:00,2019-12-06 00:00:00,1778,CK 8533,USD,10567.5,10567.5,NULL,NULL,NULL
2062,POSTCASH,0,1,RT,2019-12-05 00:00:00,2019-12-06 00:00:00,1935,CK 2661,USD,2821.5,2821.5,NULL,NULL,NULL
2063,POSTCASH,0,1,RT,2019-12-09 00:00:00,2019-12-09 00:00:00,1101,CK 1282153,USD,6336.96,6336.96,NULL,NULL,NULL
2064,POSTCASH,0,1,RT,2019-12-09 00:00:00,2019-12-09 00:00:00,1565,CK 2576,USD,7695.18,7695.18,NULL,NULL,NULL
2065,POSTCASH,0,3,RT,2019-12-09 00:00:00,2019-12-09 00:00:00,1104,CK 27557,USD,11742.66,11742.66,NULL,NULL,NULL
2066,POSTCASH,0,1,RT,2019-12-10 00:00:00,2019-12-10 00:00:00,1486,CK 229527,USD,3771,3771,NULL,NULL,NULL
2067,POSTCASH,0,2,RT,2019-12-10 00:00:00,2019-12-10 00:00:00,1757,CK 5532,USD,10725,10725,NULL,NULL,NULL
2068,POSTCASH,0,1,RT,2019-12-10 00:00:00,2019-12-10 00:00:00,1653,CK 2938,USD,7861.14,7861.14,NULL,NULL,NULL
2069,POSTCASH,0,2,RT,2019-12-10 00:00:00,2019-12-10 00:00:00,1137,CK 678389,USD,3319.2,3319.2,NULL,NULL,NULL
2070,POSTCASH,0,2,RT,2019-12-11 00:00:00,2019-12-12 00:00:00,1299,WIRE12-11-1,USD,10217.64,10217.64,NULL,NULL,NULL
2071,POSTCASH,0,2,RT,2019-12-16 00:00:00,2019-12-16 00:00:00,1869,ACH12-16-19,USD,11945.73,11945.73,NULL,NULL,NULL
2072,POSTCASH,0,2,RT,2019-12-12 00:00:00,2019-12-16 00:00:00,1104,CK 27632,USD,6283.2,6283.2,NULL,NULL,NULL
2073,POSTCASH,0,1,RT,2019-12-17 00:00:00,2019-12-17 00:00:00,1126,CK 35674,USD,4125,4125,NULL,NULL,NULL
2074,POSTCASH,0,1,RT,2019-12-17 00:00:00,2019-12-17 00:00:00,1757,CK 5546,USD,5457.4,5457.4,NULL,NULL,NULL
2075,POSTCASH,0,1,RT,2019-12-17 00:00:00,2019-12-17 00:00:00,1137,CK 678998,USD,1218.8,1218.8,NULL,NULL,NULL
2076,POSTCASH,0,1,RT,2019-12-16 00:00:00,2019-12-18 00:00:00,1482,WIR12-16-19,USD,3569.4,3569.4,NULL,NULL,NULL
2077,POSTCASH,0,1,RT,2019-12-19 00:00:00,2019-12-19 00:00:00,1455,CK 384560,USD,2780.7,2780.7,NULL,NULL,NULL
2078,POSTCASH,0,1,RT,2019-12-19 00:00:00,2019-12-19 00:00:00,1104,CK 27687,USD,1561.47,1561.47,NULL,NULL,NULL
2079,POSTCASH,0,1,RT,2019-12-19 00:00:00,2019-12-19 00:00:00,1114,CK 99821,USD,4138,4138,NULL,NULL,NULL
2080,POSTCASH,0,1,RT,2019-12-23 00:00:00,2019-12-24 00:00:00,1869,WIR12-23-19,USD,7253.22,7253.22,NULL,NULL,NULL
2081,POSTCASH,0,2,RT,2019-12-27 00:00:00,2019-12-27 00:00:00,1712,CK 20234,USD,1427.15,1427.15,NULL,NULL,NULL
2082,POSTCASH,0,2,RT,2019-12-27 00:00:00,2019-12-27 00:00:00,1778,CK 8586,USD,17905.2,17905.2,NULL,NULL,NULL
2083,POSTCASH,0,1,RT,2019-12-27 00:00:00,2019-12-27 00:00:00,1128,CK 46334,USD,1582.62,1582.62,NULL,NULL,NULL
2084,POSTCASH,0,1,RT,2019-12-27 00:00:00,2019-12-27 00:00:00,1126,CK 35697,USD,3806.25,3806.25,NULL,NULL,NULL
2085,POSTCASH,0,1,RT,2019-12-27 00:00:00,2019-12-27 00:00:00,1104,CK 27759,USD,1082.9,1082.9,NULL,NULL,NULL
2086,POSTCASH,0,4,RT,2019-12-27 00:00:00,2019-12-27 00:00:00,1751,CK 10654,USD,24413.4,24413.4,NULL,NULL,NULL
2087,POSTCASH,0,2,RT,2019-12-27 00:00:00,2019-12-27 00:00:00,1887,CK 5229,USD,7950,7950,NULL,NULL,NULL
2088,POSTCASH,0,2,RT,2019-12-30 00:00:00,2019-12-31 00:00:00,1884,CK 119,USD,389.94,389.94,NULL,NULL,NULL
2089,POSTCASH,0,1,RT,2019-12-31 00:00:00,2020-01-02 00:00:00,1111,ACJ12-31-20,USD,11113.2,11113.2,NULL,NULL,NULL
2090,POSTCASH,0,1,RT,2020-01-02 00:00:00,2020-01-02 00:00:00,1960,CK 2179,USD,506.41,506.41,NULL,NULL,NULL
2091,POSTCASH,0,1,RT,2020-01-02 00:00:00,2020-01-02 00:00:00,1761,CK 132727,USD,1465.6,1465.6,NULL,NULL,NULL
2092,POSTCASH,0,1,RT,2020-01-03 00:00:00,2020-01-03 00:00:00,1923,CK 200102,USD,23021.28,23021.28,NULL,NULL,NULL
2093,POSTCASH,0,1,RT,2020-01-06 00:00:00,2020-01-06 00:00:00,1869,ACH01-06-20,USD,13994.74,13994.74,NULL,NULL,NULL
2094,POSTCASH,0,2,RT,2020-01-07 00:00:00,2020-01-08 00:00:00,1299,WIR01-07-20,USD,13213.5,13213.5,NULL,NULL,NULL
2095,POSTCASH,0,1,RT,2020-01-10 00:00:00,2020-01-10 00:00:00,1104,CK 27869,USD,3947.4,3947.4,NULL,NULL,NULL
2096,POSTCASH,0,2,RT,2020-01-10 00:00:00,2020-01-10 00:00:00,1565,CK 2928,USD,6793.2,6793.2,NULL,NULL,NULL
2097,POSTCASH,0,1,RT,2020-01-10 00:00:00,2020-01-10 00:00:00,1565,CK 2852,USD,7348.5,7348.5,NULL,NULL,NULL
2098,POSTCASH,0,1,RT,2020-01-10 00:00:00,2020-01-10 00:00:00,1887,CK 5251,USD,15000,15000,NULL,NULL,NULL
2099,POSTCASH,0,2,RT,2020-01-10 00:00:00,2020-01-10 00:00:00,1137,CK 680211,USD,1325.7,1325.7,NULL,NULL,NULL
2100,POSTCASH,0,1,RT,2020-01-14 00:00:00,2020-01-14 00:00:00,1775,ACH01-14-20,USD,584.26,584.26,NULL,NULL,NULL
2101,POSTCASH,0,1,RT,2020-01-13 00:00:00,2020-01-14 00:00:00,1869,ACH01-13-20,USD,12580.8,12580.8,NULL,NULL,NULL
2102,UACASH,0,1,RT,2020-01-13 00:00:00,2020-01-14 00:00:00,1630,ACH01-13-20,USD,43901.39,43901.39,NULL,NULL,NULL
2103,UACASH-APP,0,6,RT,2020-01-15 00:00:00,2020-01-15 00:00:00,1630,ACH01-13-20,USD,43901.39,43901.39,NULL,NULL,NULL
2104,POSTCASH,0,2,RT,2020-01-15 00:00:00,2020-01-15 00:00:00,1778,CK 8614,USD,17880.8,17880.8,NULL,NULL,NULL
2105,POSTCASH,0,1,RT,2020-01-15 00:00:00,2020-01-15 00:00:00,1114,CK 100077,USD,2957.6,2957.6,NULL,NULL,NULL
2106,POSTCASH,0,1,RT,2020-01-15 00:00:00,2020-01-15 00:00:00,1101,CK 1286774,USD,11594.8,11594.8,NULL,NULL,NULL
2107,POSTCASH,0,5,RT,2020-01-15 00:00:00,2020-01-15 00:00:00,1137,CK 680448,USD,9259.94,9259.94,NULL,NULL,NULL
2108,POSTCASH,0,1,RT,2020-01-17 00:00:00,2020-01-17 00:00:00,1584,ACH01-17-20,USD,13173.6,13173.6,NULL,NULL,NULL
2109,POSTCASH,0,1,RT,2020-01-21 00:00:00,2020-01-21 00:00:00,1869,ACH01-21-20,USD,11112.51,11112.51,NULL,NULL,NULL
2110,POSTCASH,0,1,RT,2020-01-22 00:00:00,2020-01-22 00:00:00,1101,CK 1287413,USD,11734.8,11734.8,NULL,NULL,NULL
2111,POSTCASH,0,1,RT,2020-01-22 00:00:00,2020-01-22 00:00:00,1126,CK 35744,USD,4125,4125,NULL,NULL,NULL
2112,POSTCASH,0,2,RT,2020-01-22 00:00:00,2020-01-22 00:00:00,1630,CM 52282,USD,0,0,NULL,NULL,NULL
2113,POSTCASH,0,1,RT,2020-01-23 00:00:00,2020-01-24 00:00:00,1956,CK 322,USD,12018.4,12018.4,NULL,NULL,NULL
2114,POSTCASH,0,1,RT,2020-01-23 00:00:00,2020-01-24 00:00:00,1486,CK 23079,USD,2385,2385,NULL,NULL,NULL
2115,UACASH,0,1,RT,2020-01-23 00:00:00,2020-01-24 00:00:00,1137,CK 6809,USD,11531.9,11531.9,NULL,NULL,NULL
2116,UACASH-APP,0,6,RT,2020-01-24 00:00:00,2020-01-24 00:00:00,1137,CK 6809,USD,11531.9,11531.9,NULL,NULL,NULL
2117,POSTCASH,0,1,RT,2020-01-24 00:00:00,2020-01-27 00:00:00,1584,ACH01-24-20,USD,12454.2,12454.2,NULL,NULL,NULL
2118,POSTCASH,0,1,RT,2020-01-27 00:00:00,2020-01-27 00:00:00,1869,ACH01-27-20,USD,11343.93,11343.93,NULL,NULL,NULL
2119,POSTCASH,0,1,RT,2020-01-27 00:00:00,2020-01-28 00:00:00,1778,CK 8647,USD,10492.5,10492.5,NULL,NULL,NULL
2120,POSTCASH,0,2,RT,2020-01-27 00:00:00,2020-01-28 00:00:00,1124,CK 74779,USD,7515.08,7515.08,NULL,NULL,NULL
2121,POSTCASH,0,2,RT,2020-01-31 00:00:00,2020-01-31 00:00:00,1565,CK 3123,USD,4048.8,4048.8,NULL,NULL,NULL
2122,POSTCASH,0,1,RT,2020-01-31 00:00:00,2020-01-31 00:00:00,1137,CK 681308,USD,1171.7,1171.7,NULL,NULL,NULL
2123,POSTCASH,0,3,RT,2020-01-31 00:00:00,2020-01-31 00:00:00,1114,CK 100394,USD,23644.38,23644.38,NULL,NULL,NULL
2124,POSTCASH,0,1,RT,2020-01-31 00:00:00,2020-02-03 00:00:00,1866,ACH01-31-20,USD,3528,3528,NULL,NULL,NULL
2125,POSTCASH,0,4,RT,2020-01-31 00:00:00,2020-02-03 00:00:00,1299,WIRE01-31-2,USD,15724.13,15724.13,NULL,NULL,NULL
2126,POSTCASH,0,2,RT,2020-02-04 00:00:00,2020-02-04 00:00:00,1900,CM52267,USD,0,0,NULL,NULL,NULL
2127,POSTCASH,0,1,RT,2020-02-03 00:00:00,2020-02-04 00:00:00,1866,ACH02-03-20,USD,3953.6,3953.6,NULL,NULL,NULL
2128,POSTCASH,0,2,RT,2020-02-04 00:00:00,2020-02-05 00:00:00,1137,CK 681644,USD,1699.1,1699.1,NULL,NULL,NULL
2129,POSTCASH,0,1,RT,2020-02-10 00:00:00,2020-02-10 00:00:00,1869,ACH02-10-20,USD,12788.48,12788.48,NULL,NULL,NULL
2130,POSTCASH,0,1,RT,2020-02-10 00:00:00,2020-02-10 00:00:00,1630,ACH02-10-20,USD,7107.14,7107.14,NULL,NULL,NULL
2131,POSTCASH,0,1,RT,2020-02-10 00:00:00,2020-02-11 00:00:00,1700,CK 16606,USD,6669.78,6669.78,NULL,NULL,NULL
2132,POSTCASH,0,1,RT,2020-02-11 00:00:00,2020-02-11 00:00:00,1697,CK 104644,USD,5934.81,5934.81,NULL,NULL,NULL
2133,POSTCASH,0,1,RT,2020-02-11 00:00:00,2020-02-11 00:00:00,1357,CK 38479,USD,1116,1116,NULL,NULL,NULL
2134,POSTCASH,0,3,RT,2020-02-11 00:00:00,2020-02-11 00:00:00,1137,CK 681915,USD,5192.66,5192.66,NULL,NULL,NULL
2135,POSTCASH,0,2,RT,2020-02-14 00:00:00,2020-02-17 00:00:00,1114,CK 100571,USD,18635.8,18635.8,NULL,NULL,NULL
2136,POSTCASH,0,4,RT,2020-02-14 00:00:00,2020-02-17 00:00:00,1299,WIRE2-14-20,USD,22304.72,22304.72,NULL,NULL,NULL
2137,POSTCASH,0,1,RT,2020-02-19 00:00:00,2020-02-19 00:00:00,1960,CK 2244,USD,1481.84,1481.84,NULL,NULL,NULL
2138,POSTCASH,0,1,RT,2020-02-19 00:00:00,2020-02-19 00:00:00,1549,CK 714540,USD,7027.8,7027.8,NULL,NULL,NULL
2139,POSTCASH,0,1,RT,2020-02-19 00:00:00,2020-02-19 00:00:00,1951,CK 14301,USD,5369.6,5369.6,NULL,NULL,NULL
2140,POSTCASH,0,1,RT,2020-02-19 00:00:00,2020-02-19 00:00:00,1104,CK 28194,USD,2678.38,2678.38,NULL,NULL,NULL
2141,POSTCASH,0,1,RT,2020-02-19 00:00:00,2020-02-19 00:00:00,1778,CK 9517,USD,9383.24,9383.24,NULL,NULL,NULL
2142,POSTCASH,0,1,RT,2020-02-19 00:00:00,2020-02-19 00:00:00,1997,CK 4981,USD,5461.54,5461.54,NULL,NULL,NULL
2143,POSTCASH,0,3,RT,2020-02-19 00:00:00,2020-02-19 00:00:00,1124,CK 74839,USD,12666.5,12666.5,NULL,NULL,NULL
2144,POSTCASH,0,2,RT,2020-02-19 00:00:00,2020-02-19 00:00:00,1137,CK 682358,USD,3016.66,3016.66,NULL,NULL,NULL
2145,POSTCASH,0,1,RT,2020-02-19 00:00:00,2020-02-20 00:00:00,1287,WIRE2-19-20,USD,3045,3045,NULL,NULL,NULL
2146,POSTCASH,0,1,RT,2020-02-21 00:00:00,2020-02-25 00:00:00,1584,ACH02-21-20,USD,12378.3,12378.3,NULL,NULL,NULL
2147,POSTCASH,0,1,RT,2020-02-24 00:00:00,2020-02-25 00:00:00,1482,WITE2-24,USD,543.6,543.6,NULL,NULL,NULL
2148,POSTCASH,0,1,RT,2020-02-25 00:00:00,2020-02-26 00:00:00,1994,CK 4249,USD,4922,4922,NULL,NULL,NULL
2149,POSTCASH,0,1,RT,2020-02-25 00:00:00,2020-02-26 00:00:00,1549,CK 714573,USD,7748,7748,NULL,NULL,NULL
2150,POSTCASH,0,1,RT,2020-02-25 00:00:00,2020-02-26 00:00:00,1549,CK 20014908,USD,3603.6,3603.6,NULL,NULL,NULL
2151,POSTCASH,0,1,RT,2020-02-25 00:00:00,2020-02-26 00:00:00,1986,CK 8566 ,USD,8613.35,8613.35,NULL,NULL,NULL
2152,POSTCASH,0,1,RT,2020-02-25 00:00:00,2020-02-26 00:00:00,1697,CK 104758,USD,10379,10379,NULL,NULL,NULL
2153,POSTCASH,0,3,RT,2020-02-25 00:00:00,2020-02-26 00:00:00,1137,CK 682798,USD,5040.48,5040.48,NULL,NULL,NULL
2154,POSTCASH,0,2,RT,2020-02-27 00:00:00,2020-02-27 00:00:00,1900,52267,USD,0,0,NULL,NULL,NULL
2155,POSTCASH,0,1,RT,2020-02-27 00:00:00,2020-02-27 00:00:00,1114,CK 100799,USD,4004,4004,NULL,NULL,NULL
2156,POSTCASH,0,1,RT,2020-02-28 00:00:00,2020-02-28 00:00:00,1955,CK 2112,USD,1583.48,1583.48,NULL,NULL,NULL
2157,POSTCASH,0,1,RT,2020-02-25 00:00:00,2020-02-28 00:00:00,1561,CK 55842,USD,6099,6099,NULL,NULL,NULL
2158,POSTCASH,0,1,RT,2020-03-02 00:00:00,2020-03-02 00:00:00,1565,CK 3372,USD,7595.1,7595.1,NULL,NULL,NULL
2159,POSTCASH,0,1,RT,2020-03-02 00:00:00,2020-03-02 00:00:00,1968,CK 11691,USD,85.17,85.17,NULL,NULL,NULL
2160,POSTCASH,0,1,RT,2020-03-03 00:00:00,2020-03-03 00:00:00,1981,ACH03-03-20,USD,14516.21,14516.21,NULL,NULL,NULL
2161,POSTCASH,0,1,RT,2020-03-04 00:00:00,2020-03-05 00:00:00,1933,ACH03-04-20,USD,4102.64,4102.64,NULL,NULL,NULL
2162,POSTCASH,0,1,RT,2020-03-05 00:00:00,2020-03-06 00:00:00,1287,WIR03-05-20,USD,2845,2845,NULL,NULL,NULL
2163,POSTCASH,0,6,RT,2020-03-06 00:00:00,2020-03-06 00:00:00,1124,CK 74879,USD,25216.18,25216.18,NULL,NULL,NULL
2164,POSTCASH,0,1,RT,2020-03-06 00:00:00,2020-03-06 00:00:00,1909,CK 10059,USD,800.58,800.58,NULL,NULL,NULL
2165,POSTCASH,0,1,RT,2020-03-06 00:00:00,2020-03-06 00:00:00,1778,CK 9527,USD,9413.8,9413.8,NULL,NULL,NULL
2166,POSTCASH,0,5,RT,2020-03-06 00:00:00,2020-03-06 00:00:00,1137,CK 683109,USD,9178.1,9178.1,NULL,NULL,NULL
2167,POSTCASH,0,3,RT,2020-03-06 00:00:00,2020-03-06 00:00:00,1466,CK 9472,USD,12657.67,12657.67,NULL,NULL,NULL
2168,POSTCASH,0,1,RT,2020-03-09 00:00:00,2020-03-09 00:00:00,1869,ACH03-09-20,USD,12698.24,12698.24,NULL,NULL,NULL
2169,POSTCASH,0,1,RT,2020-03-06 00:00:00,2020-03-09 00:00:00,1299,WIR03-06-20,USD,2260.68,2260.68,NULL,NULL,NULL
2170,POSTCASH,0,1,RT,2020-03-10 00:00:00,2020-03-11 00:00:00,1818,CK 32731,USD,5221.56,5221.56,NULL,NULL,NULL
2171,POSTCASH,0,3,RT,2020-03-10 00:00:00,2020-03-11 00:00:00,1565,CK 3434,USD,15936.3,15936.3,NULL,NULL,NULL
2172,UACASH,0,1,RT,2020-03-10 00:00:00,2020-03-11 00:00:00,1630,avj03-10-20,USD,46460.18,46460.18,NULL,NULL,NULL
2173,UACASH-APP,0,6,RT,2020-03-11 00:00:00,2020-03-11 00:00:00,1630,avj03-10-20,USD,46460.18,46460.18,NULL,NULL,NULL
2174,POSTCASH,0,1,RT,2020-03-11 00:00:00,2020-03-12 00:00:00,1641,CK200002749,USD,2827.2,2827.2,NULL,NULL,NULL
2175,POSTCASH,0,8,RT,2020-03-11 00:00:00,2020-03-12 00:00:00,1137,CK 683519,USD,18454.3,18454.3,NULL,NULL,NULL
2176,POSTCASH,0,1,RT,2020-03-11 00:00:00,2020-03-12 00:00:00,1668,CK 4793,USD,569.62,569.62,NULL,NULL,NULL
2177,POSTCASH,0,1,RT,2020-03-11 00:00:00,2020-03-12 00:00:00,1668,CK 4817,USD,527.02,527.02,NULL,NULL,NULL
2178,POSTCASH,0,1,RT,2020-03-11 00:00:00,2020-03-12 00:00:00,1712,CK 20558,USD,1090.43,1090.43,NULL,NULL,NULL
2179,POSTCASH,0,1,RT,2020-03-11 00:00:00,2020-03-12 00:00:00,1486,CK 232250,USD,2901.3,2901.3,NULL,NULL,NULL
2180,POSTCASH,0,2,RT,2020-03-11 00:00:00,2020-03-12 00:00:00,1114,CK 100931,USD,5767.05,5767.05,NULL,NULL,NULL
2181,POSTCASH,0,2,RT,2020-03-13 00:00:00,2020-03-13 00:00:00,1466,WS52537,USD,0,0,NULL,NULL,NULL
2182,POSTCASH,0,1,RT,2020-03-16 00:00:00,2020-03-18 00:00:00,1775,ACH3-16-20,USD,648.48,648.48,NULL,NULL,NULL
2183,POSTCASH,0,1,RT,2020-03-23 00:00:00,2020-03-24 00:00:00,1104,CK 28423,USD,3724.84,3724.84,NULL,NULL,NULL
2184,POSTCASH,0,2,RT,2020-03-23 00:00:00,2020-03-24 00:00:00,1114,CK 101047,USD,12058.6,12058.6,NULL,NULL,NULL
2185,POSTCASH,0,3,RT,2020-03-23 00:00:00,2020-03-24 00:00:00,1137,CK 683973,USD,8211.8,8211.8,NULL,NULL,NULL
2186,POSTCASH,0,1,RT,2020-03-25 00:00:00,2020-03-26 00:00:00,1455,CK 385637,USD,4767.9,4767.9,NULL,NULL,NULL
2187,POSTCASH,0,1,RT,2020-03-25 00:00:00,2020-03-26 00:00:00,1137,CK 684331,USD,2276.4,2276.4,NULL,NULL,NULL
2188,POSTCASH,0,1,RT,2020-03-27 00:00:00,2020-03-27 00:00:00,1933,ACH03-27-20,USD,4753.8,4753.8,NULL,NULL,NULL
2189,POSTCASH,0,1,RT,2020-03-30 00:00:00,2020-03-30 00:00:00,1104,CK 28489,USD,2535.92,2535.92,NULL,NULL,NULL
2190,POSTCASH,0,1,RT,2020-03-30 00:00:00,2020-03-30 00:00:00,1778,CK 9595 ,USD,9171.8,9171.8,NULL,NULL,NULL
2191,POSTCASH,0,1,RT,2020-04-01 00:00:00,2020-04-01 00:00:00,1879,ACH04-01-20,USD,2654.4,2654.4,NULL,NULL,NULL
2192,POSTCASH,0,1,RT,2020-04-02 00:00:00,2020-04-03 00:00:00,1960,CK 2305,USD,3448.8,3448.8,NULL,NULL,NULL
2193,POSTCASH,0,4,RT,2020-04-02 00:00:00,2020-04-03 00:00:00,1137,CK 684592,USD,8244.94,8244.94,NULL,NULL,NULL
2194,POSTCASH,0,2,RT,2020-04-02 00:00:00,2020-04-03 00:00:00,1299,WIR04-02-20,USD,9948.26,9948.26,NULL,NULL,NULL
2195,POSTCASH,0,7,RT,2020-04-06 00:00:00,2020-04-06 00:00:00,1104,ACH04-06-20,USD,10989.25,10989.25,NULL,NULL,NULL
2196,POSTCASH,0,3,RT,2020-04-07 00:00:00,2020-04-09 00:00:00,1630,ACH04-07-20,USD,20140.18,20140.18,NULL,NULL,NULL
2197,POSTCASH,0,1,RT,2020-04-07 00:00:00,2020-04-09 00:00:00,1548,CK 25388,USD,598.8,598.8,NULL,NULL,NULL
2198,POSTCASH,0,1,RT,2020-04-07 00:00:00,2020-04-09 00:00:00,1109,CK 54414,USD,9387.22,9387.22,NULL,NULL,NULL
2199,POSTCASH,0,1,RT,2020-04-07 00:00:00,2020-04-09 00:00:00,1589,CK 24937,USD,5902.23,5902.23,NULL,NULL,NULL
2200,POSTCASH,0,1,RT,2020-04-07 00:00:00,2020-04-09 00:00:00,1997,CK 5033,USD,5911.36,5911.36,NULL,NULL,NULL
2201,POSTCASH,0,4,RT,2020-04-07 00:00:00,2020-04-09 00:00:00,1565,CK 3713,USD,22476.38,22476.38,NULL,NULL,NULL
2202,POSTCASH,0,1,RT,2020-04-07 00:00:00,2020-04-09 00:00:00,1549,CK 714842,USD,4804.08,4804.08,NULL,NULL,NULL
2203,POSTCASH,0,2,RT,2020-04-09 00:00:00,2020-04-09 00:00:00,1137,CK 684887,USD,6416.88,6416.88,NULL,NULL,NULL
2204,POSTCASH,0,4,RT,2020-04-07 00:00:00,2020-04-09 00:00:00,1124,CK 74947,USD,13465.89,13465.89,NULL,NULL,NULL
2205,UACASH,0,1,RT,2020-04-10 00:00:00,2020-04-13 00:00:00,1114,ck 101371,USD,8246.98,8246.98,NULL,NULL,NULL
2206,POSTCASH,0,1,RT,2020-04-15 00:00:00,2020-04-15 00:00:00,1879,ACH04-15-20,USD,578,578,NULL,NULL,NULL
2207,POSTCASH,0,1,RT,2020-04-13 00:00:00,2020-04-15 00:00:00,1960,CK 2325,USD,885.71,885.71,NULL,NULL,NULL
2208,UACASH-APP,0,4,RT,2020-04-15 00:00:00,2020-04-15 00:00:00,1114,ck 101371,USD,8246.98,8246.98,NULL,NULL,NULL
2209,POSTCASH,0,7,RT,2020-04-17 00:00:00,2020-04-17 00:00:00,1124,CK 74988,USD,27395.41,27395.41,NULL,NULL,NULL
2210,POSTCASH,0,1,RT,2020-04-17 00:00:00,2020-04-17 00:00:00,1960,CK 2339,USD,1151.99,1151.99,NULL,NULL,NULL
2211,POSTCASH,0,1,RT,2020-04-20 00:00:00,2020-04-21 00:00:00,1869,ACH4-20-20,USD,10720.14,10720.14,NULL,NULL,NULL
2212,POSTCASH,0,4,RT,2020-04-17 00:00:00,2020-04-21 00:00:00,1137,CK 685149,USD,9001.4,9001.4,NULL,NULL,NULL
2213,POSTCASH,0,1,RT,2020-04-22 00:00:00,2020-04-23 00:00:00,1298,CK 32747,USD,2200,2200,NULL,NULL,NULL
2214,POSTCASH,0,1,RT,2020-04-22 00:00:00,2020-04-23 00:00:00,1700,CK 17007,USD,2544,2544,NULL,NULL,NULL
2215,POSTCASH,0,9,RT,2020-04-22 00:00:00,2020-04-23 00:00:00,1114,CK 101603,USD,20208.47,20208.47,NULL,NULL,NULL
2216,POSTCASH,0,1,RT,2020-04-24 00:00:00,2020-04-24 00:00:00,1565,CK 3855,USD,7175.7,7175.7,NULL,NULL,NULL
2217,POSTCASH,0,1,RT,2020-04-24 00:00:00,2020-04-24 00:00:00,1565,CK 3918,USD,4132.6,4132.6,NULL,NULL,NULL
2218,POSTCASH,0,1,RT,2020-04-24 00:00:00,2020-04-24 00:00:00,1466,CK 9789,USD,3983.3,3983.3,NULL,NULL,NULL
2219,POSTCASH,0,1,RT,2020-04-24 00:00:00,2020-04-24 00:00:00,1960,CK 2347,USD,823.59,823.59,NULL,NULL,NULL
2220,POSTCASH,0,3,RT,2020-04-24 00:00:00,2020-04-24 00:00:00,1137,CK 685434,USD,6051.96,6051.96,NULL,NULL,NULL
2221,POSTCASH,0,1,RT,2020-04-23 00:00:00,2020-04-24 00:00:00,1778,CK 9630,USD,8980.4,8980.4,NULL,NULL,NULL
2222,POSTCASH,0,1,RT,2020-04-23 00:00:00,2020-04-24 00:00:00,1778,CK 9627,USD,9103.6,9103.6,NULL,NULL,NULL
2223,POSTCASH,0,1,RT,2020-04-23 00:00:00,2020-04-24 00:00:00,1455,CK 385920,USD,4065.28,4065.28,NULL,NULL,NULL
2224,POSTCASH,0,1,RT,2020-04-20 00:00:00,2020-04-24 00:00:00,1853,ACH04-20-20,USD,2013.3,2013.3,NULL,NULL,NULL
2225,POSTCASH,0,2,RT,2020-04-28 00:00:00,2020-04-28 00:00:00,1114,CK 101371,USD,0,0,NULL,NULL,NULL
2226,POSTCASH,0,1,RT,2020-04-29 00:00:00,2020-04-30 00:00:00,2006,CK 109546,USD,5142,5142,NULL,NULL,NULL
2227,POSTCASH,0,1,RT,2020-04-29 00:00:00,2020-04-30 00:00:00,1549,CK 714951,USD,4304,4304,NULL,NULL,NULL
2228,POSTCASH,0,1,RT,2020-04-29 00:00:00,2020-04-30 00:00:00,1578,CK 26401,USD,4068,4068,NULL,NULL,NULL
2229,POSTCASH,0,6,RT,2020-04-29 00:00:00,2020-04-30 00:00:00,1137,CK 685862,USD,11991.94,11991.94,NULL,NULL,NULL
2230,POSTCASH,0,1,RT,2020-04-29 00:00:00,2020-04-30 00:00:00,1759,CK 30233,USD,3087.6,3087.6,NULL,NULL,NULL
2231,POSTCASH,0,1,RT,2020-04-29 00:00:00,2020-04-30 00:00:00,1548,CK 2046.68,USD,2046.68,2046.68,NULL,NULL,NULL
2232,POSTCASH,0,1,RT,2020-05-01 00:00:00,2020-05-01 00:00:00,1104,ACH05-01-20,USD,1552.5,1552.5,NULL,NULL,NULL
2233,POSTCASH,0,1,RT,2020-05-01 00:00:00,2020-05-01 00:00:00,1577,ACH05-01-20,USD,2321.25,2321.25,NULL,NULL,NULL
2234,POSTCASH,0,2,RT,2020-05-01 00:00:00,2020-05-04 00:00:00,1299,WIR05-01-20,USD,11560.4,11560.4,NULL,NULL,NULL
2235,POSTCASH,0,1,RT,2020-05-04 00:00:00,2020-05-04 00:00:00,1879,ACH05-04-20,USD,681.6,681.6,NULL,NULL,NULL
2236,POSTCASH,0,1,RT,2020-05-01 00:00:00,2020-05-04 00:00:00,1960,CK 2361,USD,850.8,850.8,NULL,NULL,NULL
2237,POSTCASH,0,3,RT,2020-05-01 00:00:00,2020-05-04 00:00:00,1565,CK 3978,USD,13434.58,13434.58,NULL,NULL,NULL
2238,POSTCASH,0,1,RT,2020-05-01 00:00:00,2020-05-04 00:00:00,1712,CK 20846,USD,932,932,NULL,NULL,NULL
2239,POSTCASH,0,1,RT,2020-05-01 00:00:00,2020-05-04 00:00:00,1111,CK 41816,USD,2299.45,2299.45,NULL,NULL,NULL
2240,POSTCASH,0,3,RT,2020-05-05 00:00:00,2020-05-06 00:00:00,1124,CK 75080,USD,14156.23,14156.23,NULL,NULL,NULL
2241,POSTCASH,0,1,RT,2020-05-06 00:00:00,2020-05-06 00:00:00,1298,CK 32825,USD,2229,2229,NULL,NULL,NULL
2242,POSTCASH,0,1,RT,2020-05-06 00:00:00,2020-05-06 00:00:00,1678,CK 48067,USD,5216.16,5216.16,NULL,NULL,NULL
2243,POSTCASH,0,1,RT,2020-05-06 00:00:00,2020-05-06 00:00:00,1641,CK 358203,USD,2454.2,2454.2,NULL,NULL,NULL
2244,POSTCASH,0,1,RT,2020-05-06 00:00:00,2020-05-06 00:00:00,1455,CK 386057,USD,4611.2,4611.2,NULL,NULL,NULL
2245,POSTCASH,0,6,RT,2020-05-06 00:00:00,2020-05-06 00:00:00,1137,CK 686090,USD,10793.73,10793.73,NULL,NULL,NULL
2246,POSTCASH,0,1,RT,2020-05-07 00:00:00,2020-05-08 00:00:00,1565,CK 4016,USD,7105.5,7105.5,NULL,NULL,NULL
2247,POSTCASH,0,1,RT,2020-05-08 00:00:00,2020-05-08 00:00:00,1111,ACH05-08-20,USD,1807.2,1807.2,NULL,NULL,NULL
2248,POSTCASH,0,1,RT,2020-05-11 00:00:00,2020-05-11 00:00:00,2001,ACJ05-11-20,USD,1506,1506,NULL,NULL,NULL
2249,POSTCASH,0,1,RT,2020-05-08 00:00:00,2020-05-11 00:00:00,1104,ACH05-08-20,USD,710.04,710.04,NULL,NULL,NULL
2250,UACASH,0,1,RT,2020-05-08 00:00:00,2020-05-11 00:00:00,2044,ACH05-08-20,USD,52853,52853,NULL,NULL,NULL
2251,UACASH-APP,0,1,RT,2020-05-11 00:00:00,2020-05-11 00:00:00,2044,ACH05-08-20,USD,3182.4,3182.4,NULL,NULL,NULL
2252,POSTCASH,0,1,RT,2020-05-13 00:00:00,2020-05-14 00:00:00,1114,CK 101937,USD,1459.2,1459.2,NULL,NULL,NULL
2253,POSTCASH,0,1,RT,2020-05-13 00:00:00,2020-05-14 00:00:00,1455,CK 386130,USD,4261.4,4261.4,NULL,NULL,NULL
2254,POSTCASH,0,1,RT,2020-05-13 00:00:00,2020-05-14 00:00:00,1712,CK 20879,USD,925.86,925.86,NULL,NULL,NULL
2255,POSTCASH,0,1,RT,2020-05-13 00:00:00,2020-05-14 00:00:00,1909,CK 10175,USD,50.4,50.4,NULL,NULL,NULL
2256,POSTCASH,0,1,RT,2020-05-15 00:00:00,2020-05-15 00:00:00,1104,ACH05-15-20,USD,2537.52,2537.52,NULL,NULL,NULL
2257,POSTCASH,0,9,RT,2020-05-14 00:00:00,2020-05-15 00:00:00,1137,CK 686358,USD,17678.4,17678.4,NULL,NULL,NULL
2258,POSTCASH,0,1,RT,2020-05-20 00:00:00,2020-05-20 00:00:00,1869,ACH05-20-20,USD,4727.58,4727.58,NULL,NULL,NULL
2259,POSTCASH,0,7,RT,2020-05-20 00:00:00,2020-05-20 00:00:00,1137,CK 686564,USD,11844.83,11844.83,NULL,NULL,NULL
2260,POSTCASH,0,1,RT,2020-05-20 00:00:00,2020-05-20 00:00:00,1589,CK 25110,USD,5229.77,5229.77,NULL,NULL,NULL
2261,POSTCASH,0,11,RT,2020-05-20 00:00:00,2020-05-20 00:00:00,1124,CK 075120,USD,47774.2,47774.2,NULL,NULL,NULL
2262,POSTCASH,0,2,RT,2020-05-20 00:00:00,2020-05-20 00:00:00,1960,CK 2381,USD,2244.24,2244.24,NULL,NULL,NULL
2263,POSTCASH,0,2,RT,2020-05-20 00:00:00,2020-05-20 00:00:00,1500,CK 1003673,USD,16419.04,16419.04,NULL,NULL,NULL
2264,POSTCASH,0,2,RT,2020-05-20 00:00:00,2020-05-20 00:00:00,1455,CK 0386207,USD,10209.6,10209.6,NULL,NULL,NULL
2265,POSTCASH,0,1,RT,2020-05-22 00:00:00,2020-05-22 00:00:00,1612,CK 6965,USD,5973.4,5973.4,NULL,NULL,NULL
2266,POSTCASH,0,2,RT,2020-05-22 00:00:00,2020-05-22 00:00:00,1565,CK 4165,USD,11331.84,11331.84,NULL,NULL,NULL
2267,POSTCASH,0,4,RT,2020-05-22 00:00:00,2020-05-26 00:00:00,1299,WIR05-22-20,USD,15520.73,15520.73,NULL,NULL,NULL
2268,POSTCASH,0,1,RT,2020-05-27 00:00:00,2020-05-27 00:00:00,1879,ACH05-27-20,USD,762,762,NULL,NULL,NULL
2269,POSTCASH,0,1,RT,2020-05-26 00:00:00,2020-05-27 00:00:00,1108,CK 174910,USD,5833.35,5833.35,NULL,NULL,NULL
2270,POSTCASH,0,1,RT,2020-05-27 00:00:00,2020-05-27 00:00:00,1565,CK 4220 ,USD,1997.8,1997.8,NULL,NULL,NULL
2271,POSTCASH,0,3,RT,2020-05-27 00:00:00,2020-05-27 00:00:00,1712,CK 20947,USD,3401.59,3401.59,NULL,NULL,NULL
2272,POSTCASH,0,1,RT,2020-05-27 00:00:00,2020-05-27 00:00:00,1641,CK 20000416,USD,6375.6,6375.6,NULL,NULL,NULL
2273,POSTCASH,0,1,RT,2020-05-27 00:00:00,2020-05-27 00:00:00,1778,CK 09700,USD,8984.8,8984.8,NULL,NULL,NULL
2274,POSTCASH,0,1,RT,2020-05-27 00:00:00,2020-05-27 00:00:00,1455,CK 0386269,USD,3957.3,3957.3,NULL,NULL,NULL
2275,POSTCASH,0,5,RT,2020-05-27 00:00:00,2020-05-27 00:00:00,1137,CK 686828,USD,8782.2,8782.2,NULL,NULL,NULL
2276,POSTCASH,0,6,RT,2020-05-27 00:00:00,2020-05-27 00:00:00,1114,CK 102094,USD,19956.41,19956.41,NULL,NULL,NULL
2277,POSTCASH,0,1,RT,2020-06-02 00:00:00,2020-06-02 00:00:00,1775,ACH06-02-20,USD,460.18,460.18,NULL,NULL,NULL
2278,POSTCASH,0,1,RT,2020-06-04 00:00:00,2020-06-04 00:00:00,1960,CK 2400,USD,868,868,NULL,NULL,NULL
2279,POSTCASH,0,1,RT,2020-06-04 00:00:00,2020-06-04 00:00:00,1641,CK 20000427,USD,6160,6160,NULL,NULL,NULL
2280,POSTCASH,0,6,RT,2020-06-04 00:00:00,2020-06-04 00:00:00,1124,CK 075173,USD,20175.86,20175.86,NULL,NULL,NULL
2281,POSTCASH,0,8,RT,2020-06-04 00:00:00,2020-06-04 00:00:00,1137,CK 687041,USD,14307.44,14307.44,NULL,NULL,NULL
2282,POSTCASH,0,1,RT,2020-06-05 00:00:00,2020-06-08 00:00:00,1104,ACH06-05-20,USD,2522,2522,NULL,NULL,NULL
2283,POSTCASH,0,1,RT,2020-06-09 00:00:00,2020-06-10 00:00:00,2035,CK 5086,USD,5005,5005,NULL,NULL,NULL
2284,POSTCASH,0,8,RT,2020-06-09 00:00:00,2020-06-10 00:00:00,1137,CK 687341,USD,13911.22,13911.22,NULL,NULL,NULL
2285,UACASH,0,1,RT,2020-06-11 00:00:00,2020-06-11 00:00:00,1869,ACH06-11-20,USD,21973.32,21973.32,NULL,NULL,NULL
2286,UACASH-APP,0,2,RT,2020-06-11 00:00:00,2020-06-11 00:00:00,1869,ACH06-11-20,USD,21961.72,21961.72,NULL,NULL,NULL
2287,UACASH-APP,0,1,RT,2020-06-12 00:00:00,2020-06-12 00:00:00,2044,ACH05-08-20,USD,3148.2,3148.2,NULL,NULL,NULL
2288,UACASH-APP,0,1,RT,2020-06-12 00:00:00,2020-06-12 00:00:00,2044,ACH05-08-20,USD,3888.18,3888.18,NULL,NULL,NULL
2289,UACASH-APP,0,1,RT,2020-06-12 00:00:00,2020-06-12 00:00:00,2044,ACH05-08-20,USD,3832.2,3832.2,NULL,NULL,NULL
2290,UACASH-APP,0,1,RT,2020-06-12 00:00:00,2020-06-12 00:00:00,2044,ACH05-08-20,USD,3846.6,3846.6,NULL,NULL,NULL
2291,UACASH-APP,0,1,RT,2020-06-12 00:00:00,2020-06-12 00:00:00,2044,ACH05-08-20,USD,1954.8,1954.8,NULL,NULL,NULL
2292,POSTCASH,0,1,RT,2020-06-12 00:00:00,2020-06-12 00:00:00,1584,ACH06-12-20,USD,12821.6,12821.6,NULL,NULL,NULL
2293,POSTCASH,0,1,RT,2020-06-12 00:00:00,2020-06-12 00:00:00,1577,ACH06-12-20,USD,282.3,282.3,NULL,NULL,NULL
2294,POSTCASH,0,3,RT,2020-06-12 00:00:00,2020-06-15 00:00:00,1299,WIR06-12-20,USD,9949.75,9949.75,NULL,NULL,NULL
2295,POSTCASH,0,1,RT,2020-06-25 00:00:00,2020-06-26 00:00:00,2041,CK 004992,USD,860,860,NULL,NULL,NULL
2296,POSTCASH,0,1,RT,2020-06-25 00:00:00,2020-06-26 00:00:00,1700,CK 17401,USD,2574,2574,NULL,NULL,NULL
2297,POSTCASH,0,1,RT,2020-06-25 00:00:00,2020-06-26 00:00:00,1678,CK 48229,USD,4148.76,4148.76,NULL,NULL,NULL
2298,POSTCASH,0,3,RT,2020-06-25 00:00:00,2020-06-26 00:00:00,1565,CK 4412,USD,13611,13611,NULL,NULL,NULL
2299,POSTCASH,0,1,RT,2020-06-25 00:00:00,2020-06-26 00:00:00,1565,CK 4344,USD,3210.72,3210.72,NULL,NULL,NULL
2300,POSTCASH,0,2,RT,2020-06-25 00:00:00,2020-06-26 00:00:00,1137,CK 687910,USD,1867.08,1867.08,NULL,NULL,NULL
2301,POSTCASH,0,3,RT,2020-06-25 00:00:00,2020-06-26 00:00:00,1124,CK 075238,USD,13945.03,13945.03,NULL,NULL,NULL
2302,POSTCASH,0,4,RT,2020-06-25 00:00:00,2020-06-26 00:00:00,1137,CK 687403,USD,7032.3,7032.3,NULL,NULL,NULL
2303,POSTCASH,0,2,RT,2020-06-25 00:00:00,2020-06-26 00:00:00,1114,CK 102421,USD,4562.87,4562.87,NULL,NULL,NULL
2304,POSTCASH,0,1,RT,2020-06-26 00:00:00,2020-06-26 00:00:00,1104,ACH06/26-20,USD,2013.2,2013.2,NULL,NULL,NULL
2305,UACASH-APP,0,1,RT,2020-06-30 00:00:00,2020-06-30 00:00:00,2044,ACH05-08-20,USD,3668.4,3668.4,NULL,NULL,NULL
2306,POSTCASH,0,1,RT,2020-06-30 00:00:00,2020-07-01 00:00:00,1137,CK 688203,USD,1228.8,1228.8,NULL,NULL,NULL
2307,POSTCASH,0,2,RT,2020-06-30 00:00:00,2020-07-01 00:00:00,1212,CK 37313,USD,7482.3,7482.3,NULL,NULL,NULL
2308,POSTCASH,0,1,RT,2020-07-03 00:00:00,2020-07-06 00:00:00,1584,ACH07-03-20,USD,12995.2,12995.2,NULL,NULL,NULL
2309,POSTCASH,0,1,RT,2020-07-03 00:00:00,2020-07-06 00:00:00,1111,ACH07-03-20,USD,10250.76,10250.76,NULL,NULL,NULL
2310,POSTCASH,0,1,RT,2020-07-03 00:00:00,2020-07-06 00:00:00,1869,ACH07-03-20,USD,9978.66,9978.66,NULL,NULL,NULL
2311,POSTCASH,0,1,RT,2020-07-06 00:00:00,2020-07-06 00:00:00,1577,ACH07-03-20,USD,1747.8,1747.8,NULL,NULL,NULL
2312,UACASH-APP,0,3,RT,2020-07-07 00:00:00,2020-07-07 00:00:00,2044,ACH05-08-20,USD,11370.96,11370.96,NULL,NULL,NULL
2313,POSTCASH,0,2,RT,2020-07-10 00:00:00,2020-07-13 00:00:00,1299,WIR07-10-20,USD,10291.5,10291.5,NULL,NULL,NULL
2314,POSTCASH,0,2,RT,2020-07-14 00:00:00,2020-07-14 00:00:00,1212,ACH07-14-20,USD,8221.5,8221.5,NULL,NULL,NULL
2315,POSTCASH,0,2,RT,2020-07-20 00:00:00,2020-07-20 00:00:00,1578,ACH07-20-20,USD,10539,10539,NULL,NULL,NULL
2316,POSTCASH,0,1,RT,2020-07-20 00:00:00,2020-07-20 00:00:00,1466,CK 9947,USD,1129.2,1129.2,NULL,NULL,NULL
2317,POSTCASH,0,1,RT,2020-07-20 00:00:00,2020-07-20 00:00:00,2060,CK 5465,USD,1152.8,1152.8,NULL,NULL,NULL
2318,POSTCASH,0,4,RT,2020-07-20 00:00:00,2020-07-20 00:00:00,1212,CK 037356,USD,16944.9,16944.9,NULL,NULL,NULL
2319,POSTCASH,0,1,RT,2020-07-20 00:00:00,2020-07-20 00:00:00,1128,CK 47625,USD,1350,1350,NULL,NULL,NULL
2320,POSTCASH,0,1,RT,2020-07-20 00:00:00,2020-07-20 00:00:00,1700,CK 17507,USD,859.8,859.8,NULL,NULL,NULL
2321,POSTCASH,0,2,RT,2020-07-20 00:00:00,2020-07-20 00:00:00,1565,CK 4620,USD,11899.26,11899.26,NULL,NULL,NULL
2322,POSTCASH,0,2,RT,2020-07-20 00:00:00,2020-07-20 00:00:00,1137,CK 688668,USD,1943.12,1943.12,NULL,NULL,NULL
2323,POSTCASH,0,5,RT,2020-07-20 00:00:00,2020-07-20 00:00:00,1137,CK 688516,USD,6789.56,6789.56,NULL,NULL,NULL
2324,POSTCASH,0,7,RT,2020-07-20 00:00:00,2020-07-20 00:00:00,1124,CK 075300,USD,29389.46,29389.46,NULL,NULL,NULL
2325,POSTCASH,0,1,RT,2020-07-20 00:00:00,2020-07-20 00:00:00,1960,CK 2459,USD,606.24,606.24,NULL,NULL,NULL
2326,POSTCASH,0,1,RT,2020-07-20 00:00:00,2020-07-20 00:00:00,1486,CK 236809,USD,2584.75,2584.75,NULL,NULL,NULL
2327,POSTCASH,0,1,RT,2020-07-20 00:00:00,2020-07-20 00:00:00,1955,CK 1004,USD,2396.4,2396.4,NULL,NULL,NULL
2328,POSTCASH,0,1,RT,2020-07-21 00:00:00,2020-07-22 00:00:00,1700,CK 17556,USD,2196,2196,NULL,NULL,NULL
2329,POSTCASH,0,1,RT,2020-07-21 00:00:00,2020-07-22 00:00:00,1960,CK 2468,USD,1277.68,1277.68,NULL,NULL,NULL
2330,POSTCASH,0,1,RT,2020-07-21 00:00:00,2020-07-22 00:00:00,1870,CK 360879,USD,2364.6,2364.6,NULL,NULL,NULL
2331,POSTCASH,0,2,RT,2020-07-21 00:00:00,2020-07-22 00:00:00,1137,CK 689299,USD,3369.2,3369.2,NULL,NULL,NULL
2332,POSTCASH,0,4,RT,2020-07-22 00:00:00,2020-07-22 00:00:00,1114,CK 102852,USD,27026.75,27026.75,NULL,NULL,NULL
2333,POSTCASH,0,1,RT,2020-07-24 00:00:00,2020-07-24 00:00:00,1104,ACH07-24-20,USD,2206.88,2206.88,NULL,NULL,NULL
2334,POSTCASH,0,3,RT,2020-07-24 00:00:00,2020-07-24 00:00:00,1577,ACH07-24-20,USD,3653.4,3653.4,NULL,NULL,NULL
2335,POSTCASH,0,1,RT,2020-07-21 00:00:00,2020-07-24 00:00:00,1212,ACJ07-21-20,USD,4874.1,4874.1,NULL,NULL,NULL
2336,POSTCASH,0,1,RT,2020-07-28 00:00:00,2020-07-28 00:00:00,1702,ACH07-28-20,USD,1175,1175,NULL,NULL,NULL
2337,POSTCASH,0,2,RT,2020-07-29 00:00:00,2020-07-30 00:00:00,1466,CK 9963,USD,2879.64,2879.64,NULL,NULL,NULL
2338,POSTCASH,0,1,RT,2020-07-29 00:00:00,2020-07-30 00:00:00,1960,CK 2482,USD,1165.04,1165.04,NULL,NULL,NULL
2339,POSTCASH,0,4,RT,2020-07-29 00:00:00,2020-07-30 00:00:00,1124,CK 075356,USD,15969.33,15969.33,NULL,NULL,NULL
2340,POSTCASH,0,2,RT,2020-07-29 00:00:00,2020-07-30 00:00:00,2086,CK 104853,USD,6345.6,6345.6,NULL,NULL,NULL
2341,POSTCASH,0,1,RT,2020-07-29 00:00:00,2020-07-30 00:00:00,2086,CK 104646,USD,1491.68,1491.68,NULL,NULL,NULL
2342,POSTCASH,0,2,RT,2020-07-29 00:00:00,2020-07-30 00:00:00,1678,CK 48415,USD,4537.05,4537.05,NULL,NULL,NULL
2343,POSTCASH,0,2,RT,2020-07-29 00:00:00,2020-07-30 00:00:00,1956,CK 3437,USD,11780,11780,NULL,NULL,NULL
2344,UACASH,0,1,RT,2020-07-30 00:00:00,2020-07-31 00:00:00,1137,CK 689358,USD,4062.54,4062.54,NULL,NULL,NULL
2345,UACASH-APP,0,2,RT,2020-07-31 00:00:00,2020-07-31 00:00:00,1137,CK 689358,USD,2633.9,2633.9,NULL,NULL,NULL
2346,POSTCASH,0,1,RT,2020-07-31 00:00:00,2020-08-03 00:00:00,1565,CK 4839,USD,4142,4142,NULL,NULL,NULL
2347,POSTCASH,0,1,RT,2020-07-31 00:00:00,2020-08-03 00:00:00,1104,ACH07-31-20,USD,1364.8,1364.8,NULL,NULL,NULL
2348,POSTCASH,0,1,RT,2020-08-05 00:00:00,2020-08-05 00:00:00,1578,ACH08-05-20,USD,5670,5670,NULL,NULL,NULL
2349,POSTCASH,0,1,RT,2020-08-04 00:00:00,2020-08-05 00:00:00,1212,ACH08-04-20,USD,3838.8,3838.8,NULL,NULL,NULL
2350,POSTCASH,0,1,RT,2020-08-07 00:00:00,2020-08-07 00:00:00,1565,CK 4772,USD,7618.5,7618.5,NULL,NULL,NULL
2351,POSTCASH,0,1,RT,2020-08-06 00:00:00,2020-08-07 00:00:00,1678,CK 48461,USD,5182.8,5182.8,NULL,NULL,NULL
2352,POSTCASH,0,1,RT,2020-08-06 00:00:00,2020-08-07 00:00:00,1486,CK 237352,USD,2177.75,2177.75,NULL,NULL,NULL
2353,POSTCASH,0,1,RT,2020-08-06 00:00:00,2020-08-07 00:00:00,1396,CK 85316,USD,4575,4575,NULL,NULL,NULL
2354,POSTCASH,0,2,RT,2020-08-06 00:00:00,2020-08-07 00:00:00,2086,CK 104965,USD,4644,4644,NULL,NULL,NULL
2355,POSTCASH,0,2,RT,2020-08-10 00:00:00,2020-08-10 00:00:00,1869,ACH0-10-20,USD,4279.44,4279.44,NULL,NULL,NULL
2356,UACASH-APP,0,1,RT,2020-08-12 00:00:00,2020-08-12 00:00:00,1137,CK 689358,USD,1370.4,1370.4,NULL,NULL,NULL
2357,POSTCASH,0,2,RT,2020-08-14 00:00:00,2020-08-14 00:00:00,2086,CK 105081,USD,3037.62,3037.62,NULL,NULL,NULL
2358,POSTCASH,0,5,RT,2020-08-14 00:00:00,2020-08-14 00:00:00,1137,CK 689979,USD,7420.12,7420.12,NULL,NULL,NULL
2359,UACASH-APP,0,1,RT,2020-08-14 00:00:00,2020-08-14 00:00:00,1137,CK 689358,USD,58.24,58.24,NULL,NULL,NULL
2360,POSTCASH,0,3,RT,2020-08-14 00:00:00,2020-08-17 00:00:00,1299,WIR081420  ,USD,12103.67,12103.67,NULL,NULL,NULL
2361,POSTCASH,0,2,RT,2020-08-18 00:00:00,2020-08-18 00:00:00,1212,ACH081820,USD,8207.1,8207.1,NULL,NULL,NULL
2362,POSTCASH,0,1,RT,2020-08-19 00:00:00,2020-08-19 00:00:00,1124,CK 075426,USD,3174.3,3174.3,NULL,NULL,NULL
2363,POSTCASH,0,1,RT,2020-08-18 00:00:00,2020-08-19 00:00:00,1668,CK 005006,USD,357.06,357.06,NULL,NULL,NULL
2364,POSTCASH,0,1,RT,2020-08-19 00:00:00,2020-08-20 00:00:00,2083,CK025098,USD,3036.2,3036.2,NULL,NULL,NULL
2365,POSTCASH,0,2,RT,2020-08-21 00:00:00,2020-08-21 00:00:00,1577,ACH082120,USD,2415.6,2415.6,NULL,NULL,NULL
2366,POSTCASH,0,3,RT,2020-08-21 00:00:00,2020-08-21 00:00:00,1565,CK 5048,USD,18255.2,18255.2,NULL,NULL,NULL
2367,POSTCASH,0,1,RT,2020-08-21 00:00:00,2020-08-21 00:00:00,1486,CK 237772,USD,4145.75,4145.75,NULL,NULL,NULL
2368,POSTCASH,0,3,RT,2020-08-21 00:00:00,2020-08-21 00:00:00,1114,CK 103197,USD,10354.05,10354.05,NULL,NULL,NULL
2369,POSTCASH,0,1,RT,2020-08-21 00:00:00,2020-08-21 00:00:00,2080,CK 13393,USD,2673.44,2673.44,NULL,NULL,NULL
2370,POSTCASH,0,1,RT,2020-08-21 00:00:00,2020-08-21 00:00:00,2086,CK 105192,USD,1371.6,1371.6,NULL,NULL,NULL
2371,POSTCASH,0,1,RT,2020-08-21 00:00:00,2020-08-21 00:00:00,1137,CK 690593,USD,1804.98,1804.98,NULL,NULL,NULL
2372,POSTCASH,0,1,RT,2020-08-24 00:00:00,2020-08-25 00:00:00,2058,CK 81028,USD,10039.12,10039.12,NULL,NULL,NULL
2373,POSTCASH,0,1,RT,2020-08-24 00:00:00,2020-08-25 00:00:00,1561,CK 75553,USD,5539.94,5539.94,NULL,NULL,NULL
2374,POSTCASH,0,1,RT,2020-08-24 00:00:00,2020-08-25 00:00:00,2035,CK 5161,USD,5148,5148,NULL,NULL,NULL
2375,POSTCASH,0,1,RT,2020-08-28 00:00:00,2020-08-31 00:00:00,1486,CK 237989,USD,1663.65,1663.65,NULL,NULL,NULL
2376,POSTCASH,0,1,RT,2020-08-31 00:00:00,2020-08-31 00:00:00,1870,CK 361983,USD,2385.6,2385.6,NULL,NULL,NULL
2377,POSTCASH,0,1,RT,2020-08-31 00:00:00,2020-08-31 00:00:00,1565,CK 5113,USD,7533.9,7533.9,NULL,NULL,NULL
2378,POSTCASH,0,3,RT,2020-08-28 00:00:00,2020-08-31 00:00:00,2086,CK 105295,USD,4197.01,4197.01,NULL,NULL,NULL
2379,POSTCASH,0,1,RT,2020-08-28 00:00:00,2020-08-31 00:00:00,1678,CK 48566,USD,4742.9,4742.9,NULL,NULL,NULL
2380,POSTCASH,0,1,RT,2020-08-28 00:00:00,2020-08-31 00:00:00,1599,CK 13511667,USD,3669.6,3669.6,NULL,NULL,NULL
2381,UACASH-APP,0,1,RT,2020-09-01 00:00:00,2020-09-01 00:00:00,2044,ACH05-08-20,USD,3402.18,3402.18,NULL,NULL,NULL
2382,POSTCASH,0,1,RT,2020-09-01 00:00:00,2020-09-01 00:00:00,1137,691008,USD,20658.85,20658.85,NULL,NULL,NULL
2383,POSTCASH,0,2,RT,2020-09-01 00:00:00,2020-09-01 00:00:00,1128,CK 47925,USD,1434.81,1434.81,NULL,NULL,NULL
2384,POSTCASH,0,5,RT,2020-09-01 00:00:00,2020-09-01 00:00:00,2086,CK 105409,USD,11634.75,11634.75,NULL,NULL,NULL
2385,POSTCASH,0,1,RT,2020-09-01 00:00:00,2020-09-01 00:00:00,1697,CK 105819,USD,8487.84,8487.84,NULL,NULL,NULL
2386,POSTCASH,0,2,RT,2020-09-04 00:00:00,2020-09-08 00:00:00,1299,WIR0-0420,USD,9754.54,9754.54,NULL,NULL,NULL
2387,POSTCASH,0,1,RT,2020-09-03 00:00:00,2020-09-10 00:00:00,1992,CK 73359,USD,1400.42,1400.42,NULL,NULL,NULL
2388,POSTCASH,0,1,RT,2020-09-08 00:00:00,2020-09-11 00:00:00,1137,CK 691007,USD,855.28,855.28,NULL,NULL,NULL
2389,POSTCASH,0,1,RT,2020-09-10 00:00:00,2020-09-11 00:00:00,1775,ACH0+1020,USD,208.2,208.2,NULL,NULL,NULL
2390,POSTCASH,0,3,RT,2020-09-11 00:00:00,2020-09-11 00:00:00,1128,CK 47959,USD,3514.02,3514.02,NULL,NULL,NULL
2391,POSTCASH,0,7,RT,2020-09-11 00:00:00,2020-09-11 00:00:00,1124,CK 075491,USD,19911.31,19911.31,NULL,NULL,NULL
2392,UACASH,0,1,RT,2020-09-11 00:00:00,2020-09-11 00:00:00,1466,CK 10183,USD,4748.23,4748.23,NULL,NULL,NULL
2393,UACASH-APP,0,3,RT,2020-09-11 00:00:00,2020-09-11 00:00:00,1466,CK 10183,USD,4669.83,4669.83,NULL,NULL,NULL
2394,POSTCASH,0,1,RT,2020-09-11 00:00:00,2020-09-11 00:00:00,1643,CK 2273,USD,900,900,NULL,NULL,NULL
2395,POSTCASH,0,1,RT,2020-09-11 00:00:00,2020-09-11 00:00:00,2086,CK 105524,USD,1447.3,1447.3,NULL,NULL,NULL
2396,UACASH,0,1,RT,2020-09-11 00:00:00,2020-09-16 00:00:00,2039,wir091120,USD,1902.5,1902.5,NULL,NULL,NULL
2397,POSTCASH,0,1,RT,2020-09-18 00:00:00,2020-09-22 00:00:00,2104,WIR091820,USD,3734,3734,NULL,NULL,NULL
2398,POSTCASH,0,3,RT,2020-09-21 00:00:00,2020-09-22 00:00:00,1565,CK 5323,USD,13647.05,13647.05,NULL,NULL,NULL
2399,POSTCASH,0,1,RT,2020-09-21 00:00:00,2020-09-22 00:00:00,2035,CK 5184,USD,4450.6,4450.6,NULL,NULL,NULL
2400,UACASH-APP,0,2,RT,2020-09-24 00:00:00,2020-09-24 00:00:00,2039,wir091120,USD,898.75,898.75,NULL,NULL,NULL
2401,UACASH-UNDO,0,1,RT,2020-09-24 00:00:00,2020-09-24 00:00:00,2039,wir091120,USD,1003.75,1003.75,NULL,NULL,NULL
2402,POSTCASH,0,1,RT,2020-09-24 00:00:00,2020-09-25 00:00:00,1128,CK 48038,USD,1197.26,1197.26,NULL,NULL,NULL
2403,POSTCASH,0,1,RT,2020-09-24 00:00:00,2020-09-25 00:00:00,1585,CK 127069,USD,3372,3372,NULL,NULL,NULL
2404,POSTCASH,0,7,RT,2020-09-24 00:00:00,2020-09-25 00:00:00,1114,CK 103608,USD,25153.12,25153.12,NULL,NULL,NULL
2405,POSTCASH,0,1,RT,2020-09-24 00:00:00,2020-09-25 00:00:00,1678,CK 48683,USD,4951.9,4951.9,NULL,NULL,NULL
2406,POSTCASH,0,1,RT,2020-09-25 00:00:00,2020-09-25 00:00:00,1548,CK 26754,USD,323.9,323.9,NULL,NULL,NULL
2407,POSTCASH,0,1,RT,2020-09-25 00:00:00,2020-09-25 00:00:00,1104,ACH092520,USD,878.14,878.14,NULL,NULL,NULL
2408,POSTCASH,0,1,RT,2020-09-21 00:00:00,2020-10-01 00:00:00,1128,CK 48000,USD,1812.14,1812.14,NULL,NULL,NULL
2409,POSTCASH,0,1,RT,2020-10-01 00:00:00,2020-10-02 00:00:00,1128,CK 48121,USD,889.83,889.83,NULL,NULL,NULL
2410,POSTCASH,0,3,RT,2020-10-01 00:00:00,2020-10-02 00:00:00,1137,CK 692617,USD,4039.54,4039.54,NULL,NULL,NULL
2411,POSTCASH,0,2,RT,2020-10-01 00:00:00,2020-10-02 00:00:00,1678,CK 48733,USD,10251.33,10251.33,NULL,NULL,NULL
2412,POSTCASH,0,1,RT,2020-10-01 00:00:00,2020-10-02 00:00:00,1960,CK 2571,USD,808.5,808.5,NULL,NULL,NULL
2413,POSTCASH,0,1,RT,2020-10-02 00:00:00,2020-10-02 00:00:00,1104,ACH100220,USD,1801.8,1801.8,NULL,NULL,NULL
2414,POSTCASH,0,1,RT,2020-10-02 00:00:00,2020-10-02 00:00:00,1578,ACH100220,USD,5277,5277,NULL,NULL,NULL
2415,UACASH,0,1,RT,2020-10-05 00:00:00,2020-10-05 00:00:00,2107,ach100520,USD,2710,2710,NULL,NULL,NULL
2416,UACASH-UNDO,0,1,RT,2020-10-05 00:00:00,2020-10-05 00:00:00,2107,ach100520,USD,2710,2710,NULL,NULL,NULL
2417,POSTCASH,0,1,RT,2020-10-05 00:00:00,2020-10-05 00:00:00,1585,CK 127214,USD,3652.8,3652.8,NULL,NULL,NULL
2418,POSTCASH,0,1,RT,2020-10-05 00:00:00,2020-10-05 00:00:00,1585,CK 127232,USD,3367.8,3367.8,NULL,NULL,NULL
2419,POSTCASH,0,1,RT,2020-08-21 00:00:00,2020-10-07 00:00:00,1137,CK 690593,USD,128.64,128.64,NULL,NULL,NULL
2420,POSTCASH,0,1,RT,2020-10-07 00:00:00,2020-10-07 00:00:00,2074,ACH100720,USD,171.3,171.3,NULL,NULL,NULL
2421,POSTCASH,0,1,RT,2020-10-08 00:00:00,2020-10-08 00:00:00,1951,ACH100720,USD,2413.52,2413.52,NULL,NULL,NULL
2422,POSTCASH,0,6,RT,2020-10-08 00:00:00,2020-10-08 00:00:00,2092,ACH10080,USD,3900,3900,NULL,NULL,NULL
2423,POSTCASH,0,2,RT,2020-10-08 00:00:00,2020-10-08 00:00:00,1630,52677,USD,0,0,NULL,NULL,NULL
2424,POSTCASH,0,2,RT,2020-10-08 00:00:00,2020-10-08 00:00:00,1428,53308,USD,0,0,NULL,NULL,NULL
2425,POSTCASH,0,4,RT,2020-10-09 00:00:00,2020-10-09 00:00:00,1104,ACH100920,USD,6497.09,6497.09,NULL,NULL,NULL
2426,POSTCASH,0,2,RT,2020-10-14 00:00:00,2020-10-14 00:00:00,1137,CK 692720,USD,2566.38,2566.38,NULL,NULL,NULL
2427,UACASH,0,1,RT,2020-10-14 00:00:00,2020-10-14 00:00:00,1951,ck 016136,USD,10930.68,10930.68,NULL,NULL,NULL
2428,POSTCASH,0,7,RT,2020-10-14 00:00:00,2020-10-14 00:00:00,1124,CK 075556,USD,17727.52,17727.52,NULL,NULL,NULL
2429,POSTCASH,0,1,RT,2020-10-14 00:00:00,2020-10-14 00:00:00,1565,CK 5531,USD,4469.2,4469.2,NULL,NULL,NULL
2430,POSTCASH,0,1,RT,2020-10-16 00:00:00,2020-10-19 00:00:00,1951,ACH101620,USD,920.62,920.62,NULL,NULL,NULL
2431,POSTCASH,0,1,RT,2020-10-15 00:00:00,2020-10-19 00:00:00,1643,CK 2305,USD,708.64,708.64,NULL,NULL,NULL
2432,POSTCASH,0,1,RT,2020-10-15 00:00:00,2020-10-19 00:00:00,1137,CK 693354,USD,1938.13,1938.13,NULL,NULL,NULL
2433,POSTCASH,0,1,RT,2020-10-15 00:00:00,2020-10-19 00:00:00,1500,CK 1016114,USD,4140.4,4140.4,NULL,NULL,NULL
2434,POSTCASH,0,2,RT,2020-10-15 00:00:00,2020-10-19 00:00:00,2086,CK 106086,USD,3915.24,3915.24,NULL,NULL,NULL
2435,POSTCASH,0,1,RT,2020-10-20 00:00:00,2020-10-21 00:00:00,1128,CK 48225,USD,898.72,898.72,NULL,NULL,NULL
2436,POSTCASH,0,1,RT,2020-10-20 00:00:00,2020-10-21 00:00:00,2035,CK 5212,USD,4892,4892,NULL,NULL,NULL
2437,POSTCASH,0,1,RT,2020-10-20 00:00:00,2020-10-21 00:00:00,1960,CK 2602,USD,768.74,768.74,NULL,NULL,NULL
2438,POSTCASH,0,1,RT,2020-10-20 00:00:00,2020-10-21 00:00:00,2086,CK 106202,USD,2927,2927,NULL,NULL,NULL
2439,POSTCASH,0,2,RT,2020-10-20 00:00:00,2020-10-21 00:00:00,1212,ACH102020,USD,7300.8,7300.8,NULL,NULL,NULL
2440,POSTCASH,0,2,RT,2020-10-21 00:00:00,2020-10-21 00:00:00,1114,53199,USD,0,0,NULL,NULL,NULL
2441,POSTCASH,0,2,RT,2020-10-21 00:00:00,2020-10-21 00:00:00,1114,53200,USD,0,0,NULL,NULL,NULL
2442,POSTCASH,0,1,RT,2020-10-03 00:00:00,2020-10-23 00:00:00,1565,CK 5557,USD,7616.7,7616.7,NULL,NULL,NULL
2443,POSTCASH,0,1,RT,2020-10-23 00:00:00,2020-10-23 00:00:00,1455,CK 0387676,USD,3707.12,3707.12,NULL,NULL,NULL
2444,POSTCASH,0,5,RT,2020-10-26 00:00:00,2020-10-23 00:00:00,1114,CK 104032,USD,30451,30451,NULL,NULL,NULL
2445,POSTCASH,0,1,RT,2020-10-23 00:00:00,2020-10-26 00:00:00,1923,ACH102320,USD,23323.7,23323.7,NULL,NULL,NULL
2446,POSTCASH,0,2,RT,2020-10-28 00:00:00,2020-10-28 00:00:00,1114,53163A,USD,0,0,NULL,NULL,NULL
2447,UACASH-APP,0,1,RT,2020-10-29 00:00:00,2020-10-29 00:00:00,2044,ACH05-08-20,USD,2972.8,2972.8,NULL,NULL,NULL
2448,POSTCASH,0,1,RT,2020-10-29 00:00:00,2020-10-30 00:00:00,1455,CK 0387747,USD,4820.8,4820.8,NULL,NULL,NULL
2449,POSTCASH,0,4,RT,2020-11-05 00:00:00,2020-11-06 00:00:00,1137,CK 694092,USD,7941.46,7941.46,NULL,NULL,NULL
2450,POSTCASH,0,1,RT,2020-11-05 00:00:00,2020-11-06 00:00:00,2105,CK 8205,USD,10718,10718,NULL,NULL,NULL
2451,POSTCASH,0,4,RT,2020-11-05 00:00:00,2020-11-06 00:00:00,1137,CK 694205,USD,5390.01,5390.01,NULL,NULL,NULL
2452,POSTCASH,0,1,RT,2020-11-06 00:00:00,2020-11-06 00:00:00,1104,ACH110620,USD,1470.75,1470.75,NULL,NULL,NULL
2453,POSTCASH,0,1,RT,2020-11-06 00:00:00,2020-11-06 00:00:00,1565,CK 5730,USD,4158.2,4158.2,NULL,NULL,NULL
2454,POSTCASH,0,1,RT,2020-11-06 00:00:00,2020-11-06 00:00:00,1678,CK 48862,USD,5607,5607,NULL,NULL,NULL
2455,POSTCASH,0,1,RT,2020-11-06 00:00:00,2020-11-06 00:00:00,1455,CK 0387820,USD,4665.8,4665.8,NULL,NULL,NULL
2456,POSTCASH,0,1,RT,2020-11-09 00:00:00,2020-11-09 00:00:00,1879,ACH110920,USD,1805.7,1805.7,NULL,NULL,NULL
2457,POSTCASH,0,1,RT,2020-11-10 00:00:00,2020-11-10 00:00:00,1212,ACH111020,USD,4184,4184,NULL,NULL,NULL
2458,POSTCASH,0,1,RT,2020-11-11 00:00:00,2020-11-11 00:00:00,2105,CK 8251,USD,10799.25,10799.25,NULL,NULL,NULL
2459,POSTCASH,0,1,RT,2020-11-11 00:00:00,2020-11-11 00:00:00,1466,CK 10475,USD,1733.76,1733.76,NULL,NULL,NULL
2460,POSTCASH,0,2,RT,2020-11-11 00:00:00,2020-11-11 00:00:00,1565,CK 5792,USD,6270.4,6270.4,NULL,NULL,NULL
2461,POSTCASH,0,1,RT,2020-11-13 00:00:00,2020-11-13 00:00:00,1455,ACH111320,USD,4940.6,4940.6,NULL,NULL,NULL
2462,POSTCASH,0,2,RT,2020-11-13 00:00:00,2020-11-13 00:00:00,1104,ACH111320,USD,3580.5,3580.5,NULL,NULL,NULL
2463,POSTCASH,0,4,RT,2020-11-16 00:00:00,2020-11-16 00:00:00,1137,CK 694616,USD,7191.65,7191.65,NULL,NULL,NULL
2464,POSTCASH,0,2,RT,2020-11-16 00:00:00,2020-11-16 00:00:00,1565,CK 5854,USD,7683.8,7683.8,NULL,NULL,NULL
2465,UACASH,0,1,RT,2020-10-21 00:00:00,2020-11-16 00:00:00,1951,CK016136,USD,10930.68,10930.68,NULL,NULL,NULL
2466,UACASH-UNDO,0,1,RT,2020-11-16 00:00:00,2020-11-16 00:00:00,1951,CK016136,USD,10930.68,10930.68,NULL,NULL,NULL
2467,UACASH-APP,0,1,RT,2020-11-16 00:00:00,2020-11-16 00:00:00,1951,ck 016136,USD,6788.61,6788.61,NULL,NULL,NULL
2468,POSTCASH,0,1,RT,2020-11-17 00:00:00,2020-11-17 00:00:00,1212,ACH111720,USD,4879.6,4879.6,NULL,NULL,NULL
2469,UACASH,0,1,RT,2020-11-20 00:00:00,2020-11-20 00:00:00,1455,ACH112020,USD,3257.67,3257.67,NULL,NULL,NULL
2470,UACASH-APP,0,1,RT,2020-11-20 00:00:00,2020-11-20 00:00:00,1455,ACH112020,USD,3174.37,3174.37,NULL,NULL,NULL
2471,POSTCASH,0,1,RT,2020-11-20 00:00:00,2020-11-20 00:00:00,1104,ACH112020,USD,1883.25,1883.25,NULL,NULL,NULL
2472,UACASH,0,1,RT,2020-11-20 00:00:00,2020-11-23 00:00:00,1299,WIR112020,USD,23910.11,23910.11,NULL,NULL,NULL
2473,POSTCASH,0,1,RT,2020-11-23 00:00:00,2020-11-23 00:00:00,1643,CK 2338,USD,871.28,871.28,NULL,NULL,NULL
2474,POSTCASH,0,5,RT,2020-11-23 00:00:00,2020-11-23 00:00:00,1114,CK 104368,USD,33429.8,33429.8,NULL,NULL,NULL
2475,UACASH-APP,0,6,RT,2020-11-23 00:00:00,2020-11-23 00:00:00,1299,WIR112020,USD,23910.11,23910.11,NULL,NULL,NULL
2476,POSTCASH,0,1,RT,2020-11-23 00:00:00,2020-11-23 00:00:00,1128,CK 48427,USD,875.68,875.68,NULL,NULL,NULL
2477,POSTCASH,0,1,RT,2020-11-23 00:00:00,2020-11-23 00:00:00,2086,CK 106672,USD,599.36,599.36,NULL,NULL,NULL
2478,POSTCASH,0,1,RT,2020-11-23 00:00:00,2020-11-23 00:00:00,1137,CK 694902,USD,2794.8,2794.8,NULL,NULL,NULL
2479,UACASH,0,1,RT,2020-11-24 00:00:00,2020-11-25 00:00:00,1879,ACH112420,USD,11879,11879,NULL,NULL,NULL
2480,UACASH-APP,0,2,RT,2020-11-25 00:00:00,2020-11-25 00:00:00,1879,ACH112420,USD,10879,10879,NULL,NULL,NULL
2481,UACASH,0,1,RT,2020-11-27 00:00:00,2020-11-30 00:00:00,1104,ACH112720,USD,6486,6486,NULL,NULL,NULL
2482,UACASH-APP,0,3,RT,2020-11-30 00:00:00,2020-11-30 00:00:00,1104,ACH112720,USD,6485.68,6485.68,NULL,NULL,NULL
2483,POSTCASH,0,2,RT,2020-11-30 00:00:00,2020-11-30 00:00:00,1795,CK 673513,USD,2224.24,2224.24,NULL,NULL,NULL
2484,POSTCASH,0,3,RT,2020-11-30 00:00:00,2020-11-30 00:00:00,1137,CK 695593,USD,4216.44,4216.44,NULL,NULL,NULL
2485,POSTCASH,0,5,RT,2020-11-30 00:00:00,2020-11-30 00:00:00,1124,CK 075681,USD,15361.52,15361.52,NULL,NULL,NULL
2486,POSTCASH,0,2,RT,2020-12-01 00:00:00,2020-12-01 00:00:00,1212,ACH120120,USD,9433.6,9433.6,NULL,NULL,NULL
2487,UACASH,0,1,RT,2020-11-23 00:00:00,2020-12-01 00:00:00,1128,CK 48497,USD,600.08,600.08,NULL,NULL,NULL
2488,POSTCASH,0,1,RT,2020-12-01 00:00:00,2020-12-01 00:00:00,1678,CK 49037,USD,5775.84,5775.84,NULL,NULL,NULL
2489,POSTCASH,0,1,RT,2020-12-04 00:00:00,2020-12-04 00:00:00,1578,ACH120420,USD,5724,5724,NULL,NULL,NULL
2490,POSTCASH,0,4,RT,2020-12-04 00:00:00,2020-12-04 00:00:00,1104,ACH120420,USD,5032.37,5032.37,NULL,NULL,NULL
2491,POSTCASH,0,1,RT,2020-12-07 00:00:00,2020-12-07 00:00:00,1565,CK 6041,USD,3761.8,3761.8,NULL,NULL,NULL
2492,POSTCASH,0,1,RT,2020-10-27 00:00:00,2020-12-07 00:00:00,2086,CK 106317,USD,3353,3353,NULL,NULL,NULL
2493,POSTCASH,0,1,RT,2020-12-08 00:00:00,2020-12-08 00:00:00,1212,ACH120820,USD,4395.6,4395.6,NULL,NULL,NULL
2494,POSTCASH,0,3,RT,2020-12-10 00:00:00,2020-12-10 00:00:00,2086,CK 107003,USD,9287.2,9287.2,NULL,NULL,NULL
2495,POSTCASH,0,4,RT,2020-12-10 00:00:00,2020-12-10 00:00:00,1137,CK 696366,USD,7092.64,7092.64,NULL,NULL,NULL
2496,POSTCASH,0,1,RT,2020-12-10 00:00:00,2020-12-10 00:00:00,1795,CK 673816,USD,2060.38,2060.38,NULL,NULL,NULL
2497,POSTCASH,0,1,RT,2020-12-10 00:00:00,2020-12-10 00:00:00,1137,CK 696367,USD,23630.05,23630.05,NULL,NULL,NULL
2498,POSTCASH,0,2,RT,2020-12-10 00:00:00,2020-12-10 00:00:00,1428,10194,USD,0,0,NULL,NULL,NULL
2499,POSTCASH,0,2,RT,2020-12-10 00:00:00,2020-12-10 00:00:00,1428,10194A,USD,0,0,NULL,NULL,NULL
2500,POSTCASH,0,2,RT,2020-12-10 00:00:00,2020-12-10 00:00:00,1428,10194A,USD,0,0,NULL,NULL,NULL
2501,POSTCASH,0,1,RT,2020-10-27 00:00:00,2020-12-11 00:00:00,1128,CK 48303,USD,807.54,807.54,NULL,NULL,NULL
2502,POSTCASH,0,1,RT,2020-12-11 00:00:00,2020-12-11 00:00:00,1455,ACH121120,USD,5192.14,5192.14,NULL,NULL,NULL
2503,POSTCASH,0,2,RT,2020-12-11 00:00:00,2020-12-11 00:00:00,1104,ACH121120,USD,3726,3726,NULL,NULL,NULL
2504,UACASH-APP,0,1,RT,2020-12-11 00:00:00,2020-12-11 00:00:00,1104,ACH112720,USD,0.32,0.32,NULL,NULL,NULL
2505,UACASH,0,1,RT,2020-11-24 00:00:00,2020-12-15 00:00:00,2117,WIR112420,USD,2450,2450,NULL,NULL,NULL
2506,POSTCASH,0,1,RT,2020-12-15 00:00:00,2020-12-15 00:00:00,1212,ACH121520,USD,3165.8,3165.8,NULL,NULL,NULL
2507,POSTCASH,0,1,RT,2020-12-15 00:00:00,2020-12-16 00:00:00,2035,CK 5281,USD,3419,3419,NULL,NULL,NULL
2508,POSTCASH,0,1,RT,2020-12-15 00:00:00,2020-12-16 00:00:00,1137,CK 696889,USD,1872,1872,NULL,NULL,NULL
2509,POSTCASH,0,1,RT,2020-12-15 00:00:00,2020-12-16 00:00:00,2115,CK 2099,USD,4168.38,4168.38,NULL,NULL,NULL
2510,POSTCASH,0,1,RT,2020-12-15 00:00:00,2020-12-16 00:00:00,1128,CK 48601,USD,849.68,849.68,NULL,NULL,NULL
2511,UACASH,0,1,RT,2020-12-15 00:00:00,2020-12-16 00:00:00,1751,WIR121520,USD,11000,11000,NULL,NULL,NULL
2512,UACASH-APP,0,2,RT,2020-12-16 00:00:00,2020-12-16 00:00:00,1751,WIR121520,USD,11000,11000,NULL,NULL,NULL
2513,POSTCASH,0,4,RT,2020-12-18 00:00:00,2020-12-18 00:00:00,1104,ACH121820,USD,5730.5,5730.5,NULL,NULL,NULL
2514,UACASH-APP,0,1,RT,2020-12-21 00:00:00,2020-12-21 00:00:00,1128,CK 48497,USD,600.08,600.08,NULL,NULL,NULL
2515,POSTCASH,0,1,RT,2020-12-24 00:00:00,2020-12-24 00:00:00,1879,ACH122420,USD,9085,9085,NULL,NULL,NULL
2516,POSTCASH,0,1,RT,2020-12-23 00:00:00,2020-12-24 00:00:00,1466,CK 10096,USD,3689.42,3689.42,NULL,NULL,NULL
2517,POSTCASH,0,1,RT,2020-12-24 00:00:00,2020-12-24 00:00:00,2115,CK 2118,USD,487.5,487.5,NULL,NULL,NULL
2518,POSTCASH,0,3,RT,2020-12-23 00:00:00,2020-12-24 00:00:00,1137,CK 696996,USD,6299.4,6299.4,NULL,NULL,NULL
2519,POSTCASH,0,1,RT,2020-12-23 00:00:00,2020-12-24 00:00:00,1565,CK 6250,USD,7642.08,7642.08,NULL,NULL,NULL
2520,POSTCASH,0,1,RT,2020-12-23 00:00:00,2020-12-24 00:00:00,1466,CK 10994,USD,1356,1356,NULL,NULL,NULL
2521,POSTCASH,0,1,RT,2020-12-23 00:00:00,2020-12-24 00:00:00,1565,CK 6165,USD,2786,2786,NULL,NULL,NULL
2522,POSTCASH,0,1,RT,2020-12-23 00:00:00,2020-12-24 00:00:00,1785,CK 5596,USD,72.86,72.86,NULL,NULL,NULL
2523,POSTCASH,0,5,RT,2020-12-30 00:00:00,2020-12-30 00:00:00,1114, CK 104821,USD,11579.28,11579.28,NULL,NULL,NULL
2524,POSTCASH,0,1,RT,2020-12-31 00:00:00,2020-12-31 00:00:00,1578,ACH123120,USD,5526,5526,NULL,NULL,NULL
2525,POSTCASH,0,4,RT,2021-01-04 00:00:00,2021-01-05 00:00:00,1137,CK #697752,USD,7482.98,7482.98,NULL,NULL,NULL
2526,POSTCASH,0,2,RT,2021-01-07 00:00:00,2021-01-07 00:00:00,1114,CK 105003,USD,5680.2,5680.2,NULL,NULL,NULL
2527,POSTCASH,0,1,RT,2021-01-07 00:00:00,2021-01-07 00:00:00,1137,CK 697804,USD,2826.85,2826.85,NULL,NULL,NULL
2528,POSTCASH,0,1,RT,2021-01-07 00:00:00,2021-01-07 00:00:00,1565,CK 6305,USD,7642.08,7642.08,NULL,NULL,NULL
2529,POSTCASH,0,1,RT,2021-01-07 00:00:00,2021-01-07 00:00:00,1565,CK 6305,USD,3854.8,3854.8,NULL,NULL,NULL
2530,POSTCASH,0,2,RT,2021-01-07 00:00:00,2021-01-07 00:00:00,2118,CK 453159,USD,8103.2,8103.2,NULL,NULL,NULL
2531,POSTCASH,0,1,RT,2021-01-07 00:00:00,2021-01-07 00:00:00,2105,CK 8456,USD,627.6,627.6,NULL,NULL,NULL
2532,POSTCASH,0,1,RT,2021-01-07 00:00:00,2021-01-07 00:00:00,1678,CK 49171,USD,6025.62,6025.62,NULL,NULL,NULL
2533,UACASH,0,1,RT,2021-01-08 00:00:00,2021-01-12 00:00:00,2074,ACH010821,USD,8919.48,8919.48,NULL,NULL,NULL
2534,UACASH,0,1,RT,2021-01-08 00:00:00,2021-01-12 00:00:00,1455,ACH010821,USD,8949.48,8949.48,NULL,NULL,NULL
2535,UACASH-APP,0,2,RT,2021-01-12 00:00:00,2021-01-12 00:00:00,1455,ACH010821,USD,8937.98,8937.98,NULL,NULL,NULL
2536,POSTCASH,0,1,RT,2021-01-13 00:00:00,2021-01-13 00:00:00,1357,CK 43180,USD,1757.6,1757.6,NULL,NULL,NULL
2537,POSTCASH,0,1,RT,2021-01-13 00:00:00,2021-01-13 00:00:00,1643,CK 2376,USD,884.32,884.32,NULL,NULL,NULL
2538,POSTCASH,0,1,RT,2021-01-13 00:00:00,2021-01-13 00:00:00,1466,CK 10103,USD,1467.36,1467.36,NULL,NULL,NULL
2539,POSTCASH,0,2,RT,2021-01-13 00:00:00,2021-01-13 00:00:00,1137,CK 698531,USD,4360.26,4360.26,NULL,NULL,NULL
2540,POSTCASH,0,3,RT,2021-01-19 00:00:00,2021-01-19 00:00:00,1909,CK 10619,USD,5401.62,5401.62,NULL,NULL,NULL
2541,POSTCASH,0,1,RT,2021-01-19 00:00:00,2021-01-19 00:00:00,1649,CK 14060,USD,1593.2,1593.2,NULL,NULL,NULL
2542,POSTCASH,0,1,RT,2021-01-19 00:00:00,2021-01-19 00:00:00,1565,CK 6421,USD,7578,7578,NULL,NULL,NULL
2543,POSTCASH,0,1,RT,2021-01-19 00:00:00,2021-01-19 00:00:00,1565,CK 6450,USD,155.52,155.52,NULL,NULL,NULL
2544,POSTCASH,0,1,RT,2021-01-19 00:00:00,2021-01-19 00:00:00,1678,ACH011921,USD,8498.16,8498.16,NULL,NULL,NULL
2545,POSTCASH,0,1,RT,2021-01-20 00:00:00,2021-01-20 00:00:00,1212,ACH012021,USD,4809.2,4809.2,NULL,NULL,NULL
2546,UACASH-APP,0,1,RT,2021-01-20 00:00:00,2021-01-20 00:00:00,2044,ACH05-08-20,USD,3409.6,3409.6,NULL,NULL,NULL
2547,UACASH-APP,0,1,RT,2021-01-20 00:00:00,2021-01-20 00:00:00,2044,ACH05-08-20,USD,3325.84,3325.84,NULL,NULL,NULL
2548,UACASH-APP,0,1,RT,2021-01-20 00:00:00,2021-01-20 00:00:00,2044,ACH05-08-20,USD,2662.32,2662.32,NULL,NULL,NULL
2549,POSTCASH,0,2,RT,2021-01-21 00:00:00,2021-01-21 00:00:00,2086,CK 107668,USD,4447.45,4447.45,NULL,NULL,NULL
2550,POSTCASH,0,1,RT,2021-01-21 00:00:00,2021-01-21 00:00:00,1114,CK 105278,USD,3304.8,3304.8,NULL,NULL,NULL
2551,UACASH,0,1,RT,2021-01-21 00:00:00,2021-01-21 00:00:00,1137,CK 698628,USD,6714.95,6714.95,NULL,NULL,NULL
2552,UACASH-APP,0,3,RT,2021-01-21 00:00:00,2021-01-21 00:00:00,1137,CK 698628,USD,4508.55,4508.55,NULL,NULL,NULL
2553,POSTCASH,0,1,RT,2021-01-21 00:00:00,2021-01-21 00:00:00,2105,CK 9269,USD,598,598,NULL,NULL,NULL
2554,POSTCASH,0,2,RT,2021-01-22 00:00:00,2021-01-22 00:00:00,1104,ACH012221,USD,3912.75,3912.75,NULL,NULL,NULL
2555,POSTCASH,0,9,RT,2021-01-22 00:00:00,2021-01-22 00:00:00,1124,CK 075857,USD,26323.5,26323.5,NULL,NULL,NULL
2556,UACASH-APP,0,1,RT,2021-01-25 00:00:00,2021-01-25 00:00:00,1137,CK 698628,USD,2206.4,2206.4,NULL,NULL,NULL
2557,POSTCASH,0,2,RT,2021-01-25 00:00:00,2021-01-26 00:00:00,2035,ACH012521,USD,5515.38,5515.38,NULL,NULL,NULL
2558,UACASH,0,1,RT,2021-01-25 00:00:00,2021-01-26 00:00:00,1751,WIR012521,USD,11000,11000,NULL,NULL,NULL
2559,POSTCASH,0,4,RT,2021-01-25 00:00:00,2021-01-26 00:00:00,1751,WIR012521,USD,11000,11000,NULL,NULL,NULL
2560,UACASH-UNDO,0,1,RT,2021-01-26 00:00:00,2021-01-26 00:00:00,1751,WIR012521,USD,11000,11000,NULL,NULL,NULL
2561,POSTCASH,0,1,RT,2021-01-26 00:00:00,2021-01-27 00:00:00,1565,CK 6476,USD,6282,6282,NULL,NULL,NULL
2562,POSTCASH,0,1,RT,2021-01-26 00:00:00,2021-01-27 00:00:00,1298,CK 034010,USD,109.8,109.8,NULL,NULL,NULL
2563,POSTCASH,0,1,RT,2021-01-28 00:00:00,2021-01-29 00:00:00,1466,CK 11004,USD,1516.08,1516.08,NULL,NULL,NULL
2564,POSTCASH,0,1,RT,2021-01-29 00:00:00,2021-01-29 00:00:00,1612,CK 7110,USD,8731.2,8731.2,NULL,NULL,NULL
2565,UACASH-APP,0,1,RT,2021-01-29 00:00:00,2021-01-29 00:00:00,2044,ACH05-08-20,USD,2188.52,2188.52,NULL,NULL,NULL
2566,POSTCASH,0,4,RT,2021-01-29 00:00:00,2021-01-29 00:00:00,1137,CK 699281,USD,7916.44,7916.44,NULL,NULL,NULL
2567,POSTCASH,0,1,RT,2021-01-29 00:00:00,2021-01-29 00:00:00,2086,CK 107804,USD,2519.9,2519.9,NULL,NULL,NULL
2568,POSTCASH,0,1,RT,2021-01-29 00:00:00,2021-01-29 00:00:00,2105,CK 8556,USD,680.8,680.8,NULL,NULL,NULL
2569,POSTCASH,0,1,RT,2021-02-04 00:00:00,2021-02-04 00:00:00,1137,CK 699429,USD,2013.2,2013.2,NULL,NULL,NULL
2570,POSTCASH,0,1,RT,2021-02-04 00:00:00,2021-02-04 00:00:00,1357,CK 43435,USD,1344,1344,NULL,NULL,NULL
2571,UACASH-APP,0,1,RT,2021-02-04 00:00:00,2021-02-04 00:00:00,2117,WIR112420,USD,2449.2,2449.2,NULL,NULL,NULL
2572,POSTCASH,0,3,RT,2021-02-10 00:00:00,2021-02-10 00:00:00,1630,ACH021021,USD,12061.53,12061.53,NULL,NULL,NULL
2573,POSTCASH,0,1,RT,2021-02-12 00:00:00,2021-02-12 00:00:00,1643,CK 2409,USD,877.6,877.6,NULL,NULL,NULL
2574,POSTCASH,0,1,RT,2021-02-12 00:00:00,2021-02-12 00:00:00,1678,ACH021221,USD,7615.36,7615.36,NULL,NULL,NULL
2575,POSTCASH,0,1,RT,2021-02-12 00:00:00,2021-02-12 00:00:00,1357,CK 43489,USD,1081,1081,NULL,NULL,NULL
2576,POSTCASH,0,3,RT,2021-02-12 00:00:00,2021-02-12 00:00:00,1137,CK 700169,USD,6752.64,6752.64,NULL,NULL,NULL
2577,POSTCASH,0,1,RT,2021-02-12 00:00:00,2021-02-12 00:00:00,1565,CK 6646,USD,521,521,NULL,NULL,NULL
2578,POSTCASH,0,1,RT,2021-02-16 00:00:00,2021-02-16 00:00:00,2044,ACH021621,USD,2912.8,2912.8,NULL,NULL,NULL
2579,POSTCASH,0,1,RT,2021-02-16 00:00:00,2021-02-16 00:00:00,2044,ACH021621,USD,2186.48,2186.48,NULL,NULL,NULL
2580,POSTCASH,0,1,RT,2021-02-16 00:00:00,2021-02-16 00:00:00,2044,ACH021621,USD,3497.6,3497.6,NULL,NULL,NULL
2581,POSTCASH,0,1,RT,2021-02-16 00:00:00,2021-02-16 00:00:00,2044,ACH021621,USD,1024.12,1024.12,NULL,NULL,NULL
2582,POSTCASH,0,2,RT,2021-02-19 00:00:00,2021-02-19 00:00:00,1649,CK 14143,USD,4355,4355,NULL,NULL,NULL
2583,POSTCASH,0,1,RT,2021-02-19 00:00:00,2021-02-19 00:00:00,1357,CK 43534,USD,1066.5,1066.5,NULL,NULL,NULL
2584,POSTCASH,0,5,RT,2021-02-19 00:00:00,2021-02-19 00:00:00,1909,CK 10681,USD,8484.98,8484.98,NULL,NULL,NULL
2585,POSTCASH,0,3,RT,2021-02-19 00:00:00,2021-02-19 00:00:00,1137,CK 700548,USD,6392.4,6392.4,NULL,NULL,NULL
2586,POSTCASH,0,1,RT,2021-02-22 00:00:00,2021-02-22 00:00:00,2044,ACH022221,USD,3415.12,3415.12,NULL,NULL,NULL
2587,POSTCASH,0,2,RT,2021-02-19 00:00:00,2021-02-22 00:00:00,1104,ACH021921,USD,3422.55,3422.55,NULL,NULL,NULL
2588,POSTCASH,0,5,RT,2021-02-19 00:00:00,2021-02-22 00:00:00,1299,WIR021921,USD,15780.54,15780.54,NULL,NULL,NULL
2589,POSTCASH,0,1,RT,2021-02-23 00:00:00,2021-02-23 00:00:00,1561,CK 76662,USD,8305.8,8305.8,NULL,NULL,NULL
2590,POSTCASH,0,4,RT,2021-02-24 00:00:00,2021-02-25 00:00:00,1137,CK 700985,USD,7427.82,7427.82,NULL,NULL,NULL
2591,POSTCASH,0,1,RT,2021-02-24 00:00:00,2021-02-25 00:00:00,2115,CK 2160 ,USD,6125.25,6125.25,NULL,NULL,NULL
2592,POSTCASH,0,1,RT,2021-02-24 00:00:00,2021-02-25 00:00:00,2115,CK 2156,USD,6252,6252,NULL,NULL,NULL
2593,POSTCASH,0,1,RT,2021-02-24 00:00:00,2021-02-25 00:00:00,1298,CK 034045,USD,3972.4,3972.4,NULL,NULL,NULL
2594,POSTCASH,0,1,RT,2021-02-26 00:00:00,2021-02-26 00:00:00,1577,ACH022621,USD,1356.7,1356.7,NULL,NULL,NULL
2595,POSTCASH,0,1,RT,2021-02-26 00:00:00,2021-02-26 00:00:00,1124,CK 075968,USD,3097,3097,NULL,NULL,NULL
2596,POSTCASH,0,2,RT,2021-02-26 00:00:00,2021-02-26 00:00:00,1565,CK 6711,USD,11416.94,11416.94,NULL,NULL,NULL
2597,POSTCASH,0,1,RT,2021-02-26 00:00:00,2021-02-26 00:00:00,1565,CK 6773,USD,7382.7,7382.7,NULL,NULL,NULL
2598,POSTCASH,0,3,RT,2021-02-26 00:00:00,2021-02-26 00:00:00,1114,CK 105687,USD,32596.81,32596.81,NULL,NULL,NULL
2599,POSTCASH,0,1,RT,2021-03-01 00:00:00,2021-03-03 00:00:00,1578,ACH03012021,USD,5937,5937,NULL,NULL,NULL
2600,POSTCASH,0,1,RT,2021-03-01 00:00:00,2021-03-03 00:00:00,1678,ACH030121,USD,6603.52,6603.52,NULL,NULL,NULL
2601,POSTCASH,0,1,RT,2021-03-05 00:00:00,2021-03-05 00:00:00,1455,ACH030521,USD,4287.4,4287.4,NULL,NULL,NULL
2602,POSTCASH,0,1,RT,2021-03-05 00:00:00,2021-03-05 00:00:00,1104,ACH030521,USD,667.5,667.5,NULL,NULL,NULL
2603,POSTCASH,0,1,RT,2021-03-10 00:00:00,2021-03-10 00:00:00,1879,ACH031021,USD,1892.8,1892.8,NULL,NULL,NULL
2604,POSTCASH,0,1,RT,2021-03-11 00:00:00,2021-03-11 00:00:00,2127,CHECK ,USD,12739.52,12739.52,NULL,NULL,NULL
2605,POSTCASH,0,1,RT,2021-03-12 00:00:00,2021-03-12 00:00:00,1455,ACH031221,USD,6934.4,6934.4,NULL,NULL,NULL
2606,POSTCASH,0,1,RT,2021-03-12 00:00:00,2021-03-12 00:00:00,1577,ACH031221,USD,922.6,922.6,NULL,NULL,NULL
2607,POSTCASH,0,1,RT,2021-03-12 00:00:00,2021-03-12 00:00:00,2129,CK 1201,USD,1003.5,1003.5,NULL,NULL,NULL
2608,POSTCASH,0,2,RT,2021-03-12 00:00:00,2021-03-12 00:00:00,1137,CK 701799,USD,4637.2,4637.2,NULL,NULL,NULL
2609,POSTCASH,0,4,RT,2021-03-12 00:00:00,2021-03-12 00:00:00,1137,CK 701414,USD,7789.84,7789.84,NULL,NULL,NULL
2610,POSTCASH,0,1,RT,2021-03-12 00:00:00,2021-03-12 00:00:00,1565,CK 6831,USD,3735.4,3735.4,NULL,NULL,NULL
2611,POSTCASH,0,1,RT,2021-03-12 00:00:00,2021-03-12 00:00:00,2105,CK 8817,USD,3498.13,3498.13,NULL,NULL,NULL
2612,POSTCASH,0,1,RT,2021-03-12 00:00:00,2021-03-12 00:00:00,2105,CK 8824,USD,658.4,658.4,NULL,NULL,NULL
2613,POSTCASH,0,1,RT,2021-03-15 00:00:00,2021-03-15 00:00:00,1630,ACH031521,USD,7913.13,7913.13,NULL,NULL,NULL
2614,POSTCASH,0,1,RT,2021-03-15 00:00:00,2021-03-15 00:00:00,1879,ACH031521,USD,2203.88,2203.88,NULL,NULL,NULL
2615,POSTCASH,0,3,RT,2021-03-12 00:00:00,2021-03-15 00:00:00,1299,WIR031221,USD,15440.35,15440.35,NULL,NULL,NULL
2616,POSTCASH,0,1,RT,2021-03-17 00:00:00,2021-03-17 00:00:00,1114,CK 105953,USD,8566.36,8566.36,NULL,NULL,NULL
2617,POSTCASH,0,3,RT,2021-03-17 00:00:00,2021-03-17 00:00:00,1137,CK 702138,USD,6516.8,6516.8,NULL,NULL,NULL
2618,POSTCASH,0,1,RT,2021-03-17 00:00:00,2021-03-17 00:00:00,2115,CK 2166,USD,6020.25,6020.25,NULL,NULL,NULL
2619,POSTCASH,0,1,RT,2021-03-17 00:00:00,2021-03-17 00:00:00,2105,CK 9289,USD,3589.52,3589.52,NULL,NULL,NULL
2620,POSTCASH,0,1,RT,2021-03-17 00:00:00,2021-03-17 00:00:00,2035,ACH031721,USD,4886.4,4886.4,NULL,NULL,NULL
2621,POSTCASH,0,1,RT,2021-03-19 00:00:00,2021-03-19 00:00:00,1104,ACH031921,USD,3542.86,3542.86,NULL,NULL,NULL
2622,POSTCASH,0,3,RT,2021-03-24 00:00:00,2021-03-25 00:00:00,1114,CK 106179,USD,14513.93,14513.93,NULL,NULL,NULL
2623,POSTCASH,0,1,RT,2021-03-24 00:00:00,2021-03-25 00:00:00,1137,CK 702506,USD,2581.2,2581.2,NULL,NULL,NULL
2624,POSTCASH,0,1,RT,2021-03-24 00:00:00,2021-03-25 00:00:00,1712,CK 21891,USD,2318.71,2318.71,NULL,NULL,NULL
2625,POSTCASH,0,1,RT,2021-03-24 00:00:00,2021-03-25 00:00:00,2086,CK 108807,USD,2797.2,2797.2,NULL,NULL,NULL
2626,POSTCASH,0,1,RT,2021-03-29 00:00:00,2021-03-29 00:00:00,1565,CK 7040,USD,3601.2,3601.2,NULL,NULL,NULL
2627,POSTCASH,0,1,RT,2021-03-29 00:00:00,2021-03-29 00:00:00,2127,CK 4230,USD,11644.4,11644.4,NULL,NULL,NULL
2628,POSTCASH,0,1,RT,2021-03-26 00:00:00,2021-03-29 00:00:00,1951,ACH032621,USD,4464,4464,NULL,NULL,NULL
2629,POSTCASH,0,2,RT,2021-03-26 00:00:00,2021-03-29 00:00:00,1577,ACH032621,USD,7361,7361,NULL,NULL,NULL
2630,POSTCASH,0,1,RT,2021-03-29 00:00:00,2021-03-29 00:00:00,1879,ACH032921,USD,1454.4,1454.4,NULL,NULL,NULL
2631,POSTCASH,0,1,RT,2021-04-02 00:00:00,2021-04-02 00:00:00,1104,ACH040221,USD,1714.86,1714.86,NULL,NULL,NULL
2632,POSTCASH,0,1,RT,2021-04-06 00:00:00,2021-04-06 00:00:00,2044,ACH040521,USD,3316.16,3316.16,NULL,NULL,NULL
2633,POSTCASH,0,1,RT,2021-04-06 00:00:00,2021-04-06 00:00:00,2044,ACH040521,USD,3528.24,3528.24,NULL,NULL,NULL
2634,POSTCASH,0,1,RT,2021-04-05 00:00:00,2021-04-06 00:00:00,1577,ACH040521,USD,733.54,733.54,NULL,NULL,NULL
2635,POSTCASH,0,1,RT,2021-04-09 00:00:00,2021-04-09 00:00:00,1455,WIR040921,USD,6021.46,6021.46,NULL,NULL,NULL
2636,UACASH,0,1,RT,2021-04-09 00:00:00,2021-04-09 00:00:00,1577,ACH040921,USD,7616.03,7616.03,NULL,NULL,NULL
2637,POSTCASH,0,1,RT,2021-04-09 00:00:00,2021-04-09 00:00:00,1104,ACH040921,USD,15359.58,15359.58,NULL,NULL,NULL
2638,UACASH-APP,0,3,RT,2021-04-12 00:00:00,2021-04-12 00:00:00,1577,ACH040921,USD,7616.03,7616.03,NULL,NULL,NULL
2639,POSTCASH,0,1,RT,2021-04-13 00:00:00,2021-04-13 00:00:00,1909,CK 10768,USD,1843.24,1843.24,NULL,NULL,NULL
2640,POSTCASH,0,1,RT,2021-04-13 00:00:00,2021-04-13 00:00:00,1960,CK 2845,USD,894.64,894.64,NULL,NULL,NULL
2641,POSTCASH,0,1,RT,2021-04-13 00:00:00,2021-04-13 00:00:00,2105,CK 8960,USD,668,668,NULL,NULL,NULL
2642,POSTCASH,0,1,RT,2021-04-12 00:00:00,2021-04-13 00:00:00,2035,CK 70023,USD,5561.4,5561.4,NULL,NULL,NULL
2643,POSTCASH,0,1,RT,2021-04-12 00:00:00,2021-04-13 00:00:00,1565,CK 7153,USD,4107.3,4107.3,NULL,NULL,NULL
2644,POSTCASH,0,1,RT,2021-04-12 00:00:00,2021-04-13 00:00:00,2127,CK 4248,USD,12505.5,12505.5,NULL,NULL,NULL
2645,POSTCASH,0,1,RT,2021-04-12 00:00:00,2021-04-13 00:00:00,2144,CK 112981,USD,5161.6,5161.6,NULL,NULL,NULL
2646,POSTCASH,0,8,RT,2021-04-12 00:00:00,2021-04-13 00:00:00,1137,CK 703289,USD,20125.92,20125.92,NULL,NULL,NULL
2647,POSTCASH,0,3,RT,2021-04-12 00:00:00,2021-04-13 00:00:00,1114,CK 060305,USD,36102.4,36102.4,NULL,NULL,NULL
2648,POSTCASH,0,1,RT,2021-04-12 00:00:00,2021-04-13 00:00:00,1128,CK 49241,USD,2133.8,2133.8,NULL,NULL,NULL
2649,POSTCASH,0,1,RT,2021-04-12 00:00:00,2021-04-13 00:00:00,1500,CK 1035915,USD,13186.56,13186.56,NULL,NULL,NULL
2650,POSTCASH,0,1,RT,2021-04-14 00:00:00,2021-04-15 00:00:00,2044,ACH041421,USD,3404.56,3404.56,NULL,NULL,NULL
2651,POSTCASH,0,1,RT,2021-04-15 00:00:00,2021-04-15 00:00:00,1500,CK L037343,USD,15865,15865,NULL,NULL,NULL
2652,POSTCASH,0,1,RT,2021-04-15 00:00:00,2021-04-15 00:00:00,1406,CK 054668,USD,1291.2,1291.2,NULL,NULL,NULL
2653,POSTCASH,0,1,RT,2021-04-15 00:00:00,2021-04-15 00:00:00,1466,CK 10807,USD,5921.6,5921.6,NULL,NULL,NULL
2654,POSTCASH,0,1,RT,2021-04-15 00:00:00,2021-04-15 00:00:00,1137,703970,USD,2114.8,2114.8,NULL,NULL,NULL
2655,POSTCASH,0,1,RT,2021-04-16 00:00:00,2021-04-16 00:00:00,1104,ACH041621,USD,2292,2292,NULL,NULL,NULL
2656,POSTCASH,0,1,RT,2021-04-16 00:00:00,2021-04-16 00:00:00,2001,ACH041621,USD,4000,4000,NULL,NULL,NULL
2657,POSTCASH,0,2,RT,2021-04-16 00:00:00,2021-04-16 00:00:00,1577,ACH041621,USD,4898.83,4898.83,NULL,NULL,NULL
2658,POSTCASH,0,1,RT,2021-04-16 00:00:00,2021-04-16 00:00:00,1565,CK 7235,USD,7407.36,7407.36,NULL,NULL,NULL
2659,POSTCASH,0,3,RT,2021-04-19 00:00:00,2021-04-19 00:00:00,2115,CK 2201,USD,11171.25,11171.25,NULL,NULL,NULL
2660,POSTCASH,0,1,RT,2021-04-19 00:00:00,2021-04-19 00:00:00,2115,CK 2205,USD,4356.96,4356.96,NULL,NULL,NULL
2661,POSTCASH,0,2,RT,2021-04-19 00:00:00,2021-04-19 00:00:00,1124,CK 076160,USD,8773.74,8773.74,NULL,NULL,NULL
2662,POSTCASH,0,5,RT,2021-04-21 00:00:00,2021-04-22 00:00:00,1114,CK 106492,USD,52469.17,52469.17,NULL,NULL,NULL
2663,POSTCASH,0,8,RT,2021-04-21 00:00:00,2021-04-22 00:00:00,1137,CK 704210,USD,11524.5,11524.5,NULL,NULL,NULL
2664,POSTCASH,0,1,RT,2021-04-23 00:00:00,2021-04-23 00:00:00,1104,ACH042321,USD,2262,2262,NULL,NULL,NULL
2665,POSTCASH,0,4,RT,2021-04-23 00:00:00,2021-04-23 00:00:00,1577,ACH042321,USD,13755.89,13755.89,NULL,NULL,NULL
2666,POSTCASH,0,2,RT,2021-04-23 00:00:00,2021-04-23 00:00:00,1577,ACH042321,USD,8263.19,8263.19,NULL,NULL,NULL
2667,POSTCASH,0,2,RT,2021-04-23 00:00:00,2021-04-23 00:00:00,1455,ACH042321,USD,12708.54,12708.54,NULL,NULL,NULL
2668,POSTCASH,0,6,RT,2021-04-23 00:00:00,2021-04-23 00:00:00,1909,CK 10804,USD,9539.74,9539.74,NULL,NULL,NULL
2669,POSTCASH,0,9,RT,2021-04-23 00:00:00,2021-04-27 00:00:00,2039,WIR042321,USD,3912.75,3912.75,NULL,NULL,NULL
2670,POSTCASH,0,1,RT,2021-04-23 00:00:00,2021-04-27 00:00:00,1287,WIR042321,USD,10117.36,10117.36,NULL,NULL,NULL
2671,POSTCASH,0,1,RT,2021-04-26 00:00:00,2021-04-27 00:00:00,1882,ACH042621,USD,4477,4477,NULL,NULL,NULL
2672,POSTCASH,0,2,RT,2021-04-27 00:00:00,2021-04-28 00:00:00,1712,ACH042721,USD,3692.29,3692.29,NULL,NULL,NULL
2673,POSTCASH,0,1,RT,2021-04-29 00:00:00,2021-04-29 00:00:00,2155,CK 7940,USD,6936,6936,NULL,NULL,NULL
2674,POSTCASH,0,1,RT,2021-04-29 00:00:00,2021-04-29 00:00:00,2144,CK 113267,USD,6011.6,6011.6,NULL,NULL,NULL
2675,POSTCASH,0,1,RT,2021-04-29 00:00:00,2021-04-29 00:00:00,1909,CK 10822,USD,1175.86,1175.86,NULL,NULL,NULL
2676,POSTCASH,0,3,RT,2021-04-29 00:00:00,2021-04-29 00:00:00,1137,CK 704698,USD,6104.37,6104.37,NULL,NULL,NULL
2677,POSTCASH,0,2,RT,2021-04-29 00:00:00,2021-04-29 00:00:00,1114,CK 106625,USD,29127.1,29127.1,NULL,NULL,NULL
2678,POSTCASH,0,1,RT,2021-04-29 00:00:00,2021-04-29 00:00:00,2115,CK 2212,USD,9553.5,9553.5,NULL,NULL,NULL
2679,POSTCASH,0,1,RT,2021-04-28 00:00:00,2021-04-29 00:00:00,1132,ACH042821,USD,3530,3530,NULL,NULL,NULL
2680,POSTCASH,0,2,RT,2021-04-30 00:00:00,2021-04-30 00:00:00,1577,ACH043021,USD,6772.74,6772.74,NULL,NULL,NULL
2681,POSTCASH,0,3,RT,2021-04-30 00:00:00,2021-04-30 00:00:00,1124,CK 076209,USD,11641.83,11641.83,NULL,NULL,NULL
2682,POSTCASH,0,1,RT,2021-05-03 00:00:00,2021-05-04 00:00:00,2044,ACH050321,USD,3193.2,3193.2,NULL,NULL,NULL
2683,POSTCASH,0,2,RT,2021-04-12 00:00:00,2021-05-04 00:00:00,1137,CK 702910,USD,3708.55,3708.55,NULL,NULL,NULL
2684,POSTCASH,0,1,RT,2021-05-03 00:00:00,2021-05-04 00:00:00,1712,ACH050321,USD,858.3,858.3,NULL,NULL,NULL
2685,POSTCASH,0,1,RT,2021-05-03 00:00:00,2021-05-04 00:00:00,1577,ACH050321,USD,3002,3002,NULL,NULL,NULL
2686,POSTCASH,0,1,RT,2021-05-03 00:00:00,2021-05-04 00:00:00,2137,CK 005364,USD,6030.57,6030.57,NULL,NULL,NULL
2687,POSTCASH,0,6,RT,2021-05-04 00:00:00,2021-05-05 00:00:00,1137,CK 705102,USD,10085.64,10085.64,NULL,NULL,NULL
2688,POSTCASH,0,1,RT,2021-05-04 00:00:00,2021-05-05 00:00:00,1500,CK L039573,USD,15192,15192,NULL,NULL,NULL
2689,POSTCASH,0,1,RT,2021-05-07 00:00:00,2021-05-07 00:00:00,1577,ACH050721,USD,1285.86,1285.86,NULL,NULL,NULL
2690,POSTCASH,0,1,RT,2021-05-10 00:00:00,2021-05-11 00:00:00,1879,ACH051021,USD,1012.8,1012.8,NULL,NULL,NULL
2691,POSTCASH,0,1,RT,2021-05-12 00:00:00,2021-05-12 00:00:00,1712,ACH051221,USD,976.64,976.64,NULL,NULL,NULL
2692,POSTCASH,0,1,RT,2021-05-12 00:00:00,2021-05-12 00:00:00,1585,CK 129822,USD,4352,4352,NULL,NULL,NULL
2693,POSTCASH,0,1,RT,2021-05-12 00:00:00,2021-05-12 00:00:00,1500,CK L040302,USD,9642,9642,NULL,NULL,NULL
2694,POSTCASH,0,1,RT,2021-05-12 00:00:00,2021-05-12 00:00:00,2105,CK 009132,USD,579.6,579.6,NULL,NULL,NULL
2695,POSTCASH,0,1,RT,2021-05-12 00:00:00,2021-05-12 00:00:00,1124,CK 076264,USD,5405.4,5405.4,NULL,NULL,NULL
2696,POSTCASH,0,1,RT,2021-05-12 00:00:00,2021-05-12 00:00:00,1649,CK 14513,USD,1995.4,1995.4,NULL,NULL,NULL
2697,UNDO-POSTCASH,0,1,RT,2021-05-03 00:00:00,2021-05-13 00:00:00,2137,CK 005364,USD,6030.57,6030.57,NULL,NULL,NULL
2698,POSTCASH,0,5,RT,2021-05-14 00:00:00,2021-05-14 00:00:00,1577,ACH051421,USD,39998.05,39998.05,NULL,NULL,NULL
2699,POSTCASH,0,1,RT,2021-05-13 00:00:00,2021-05-14 00:00:00,2044,ACH051321,USD,2968.64,2968.64,NULL,NULL,NULL
2700,POSTCASH,0,1,RT,2021-05-13 00:00:00,2021-05-14 00:00:00,2044,ACH051321,USD,3713.84,3713.84,NULL,NULL,NULL
2701,POSTCASH,0,5,RT,2021-05-14 00:00:00,2021-05-14 00:00:00,1137,CK 705487,USD,16236.19,16236.19,NULL,NULL,NULL
2702,POSTCASH,0,2,RT,2021-05-17 00:00:00,2021-05-17 00:00:00,1577,53732R,USD,0,0,NULL,NULL,NULL
2703,POSTCASH,0,1,RT,2021-05-19 00:00:00,2021-05-20 00:00:00,1649,CK 14545,USD,3558,3558,NULL,NULL,NULL
2704,POSTCASH,0,1,RT,2021-05-19 00:00:00,2021-05-20 00:00:00,2115,CK 2234,USD,4018.75,4018.75,NULL,NULL,NULL
2705,POSTCASH,0,1,RT,2021-05-19 00:00:00,2021-05-20 00:00:00,2137,CK 005488,USD,6030.57,6030.57,NULL,NULL,NULL
2706,POSTCASH,0,1,RT,2021-05-19 00:00:00,2021-05-20 00:00:00,1565,CK 7493,USD,4541.9,4541.9,NULL,NULL,NULL
2707,POSTCASH,0,1,RT,2021-05-19 00:00:00,2021-05-20 00:00:00,2155,CK 8030,USD,8984.8,8984.8,NULL,NULL,NULL
2708,POSTCASH,0,1,RT,2021-05-19 00:00:00,2021-05-20 00:00:00,1128,CK 49515,USD,6663.3,6663.3,NULL,NULL,NULL
2709,POSTCASH,0,7,RT,2021-05-19 00:00:00,2021-05-20 00:00:00,1137,CK 705891,USD,13891.51,13891.51,NULL,NULL,NULL
2710,POSTCASH,0,3,RT,2021-05-19 00:00:00,2021-05-20 00:00:00,1114,CK 106960,USD,39798.4,39798.4,NULL,NULL,NULL
2711,UNDO-POSTCASH,0,1,RT,2021-04-23 00:00:00,2021-05-21 00:00:00,1104,ACH042321,USD,2262,2262,NULL,NULL,NULL
2712,POSTCASH,0,1,RT,2021-04-23 00:00:00,2021-05-21 00:00:00,1104,42321,USD,2262,2262,NULL,NULL,NULL
2713,POSTCASH,0,1,RT,2021-05-20 00:00:00,2021-05-21 00:00:00,2114,CK 0972,USD,693.6,693.6,NULL,NULL,NULL
2714,POSTCASH,0,1,RT,2021-05-21 00:00:00,2021-05-24 00:00:00,1577,ACH052121,USD,2120.6,2120.6,NULL,NULL,NULL
2715,POSTCASH,0,1,RT,2021-05-21 00:00:00,2021-05-24 00:00:00,1455,ACH052121,USD,7452,7452,NULL,NULL,NULL
2716,POSTCASH,0,2,RT,2021-05-24 00:00:00,2021-05-24 00:00:00,2044,ACH052421,USD,13010.3,13010.3,NULL,NULL,NULL
2717,POSTCASH,0,1,RT,2021-05-24 00:00:00,2021-05-24 00:00:00,1466,CK 11395,USD,2849.51,2849.51,NULL,NULL,NULL
2718,POSTCASH,0,2,RT,2021-05-25 00:00:00,2021-05-26 00:00:00,1299,WIR052521,USD,12160.71,12160.71,NULL,NULL,NULL
2719,POSTCASH,0,1,RT,2021-05-27 00:00:00,2021-05-27 00:00:00,1645,CK 2313,USD,3245.31,3245.31,NULL,NULL,NULL
2720,POSTCASH,0,1,RT,2021-05-27 00:00:00,2021-05-27 00:00:00,2137,CK 005518,USD,250,250,NULL,NULL,NULL
2721,POSTCASH,0,1,RT,2021-05-27 00:00:00,2021-05-27 00:00:00,2118,CK 00458582,USD,3788.85,3788.85,NULL,NULL,NULL
2722,POSTCASH,0,6,RT,2021-05-27 00:00:00,2021-05-27 00:00:00,1137,CK 706387,USD,11009.4,11009.4,NULL,NULL,NULL
2723,POSTCASH,0,1,RT,2021-05-28 00:00:00,2021-05-28 00:00:00,2001,ACH052821,USD,3460,3460,NULL,NULL,NULL
2724,POSTCASH,0,1,RT,2021-05-28 00:00:00,2021-05-28 00:00:00,1636,ACH052821,USD,3924.24,3924.24,NULL,NULL,NULL
2725,POSTCASH,0,4,RT,2021-06-01 00:00:00,2021-06-01 00:00:00,1577,ACH060121,USD,8235.48,8235.48,NULL,NULL,NULL
2726,POSTCASH,0,2,RT,2021-06-01 00:00:00,2021-06-01 00:00:00,1802,53932RR,USD,0,0,NULL,NULL,NULL
2727,POSTCASH,0,1,RT,2021-06-03 00:00:00,2021-06-04 00:00:00,2115,CK 2250,USD,9460.8,9460.8,NULL,NULL,NULL
2728,POSTCASH,0,1,RT,2021-06-03 00:00:00,2021-06-04 00:00:00,1565,CK 7625,USD,3448.5,3448.5,NULL,NULL,NULL
2729,POSTCASH,0,5,RT,2021-06-03 00:00:00,2021-06-04 00:00:00,1137,CK 706805,USD,10923.2,10923.2,NULL,NULL,NULL
2730,POSTCASH,0,1,RT,2021-06-07 00:00:00,2021-06-07 00:00:00,1578,ACH060721,USD,5658,5658,NULL,NULL,NULL
2731,POSTCASH,0,2,RT,2021-06-04 00:00:00,2021-06-07 00:00:00,1577,ACH060421,USD,1373,1373,NULL,NULL,NULL
2732,POSTCASH,0,1,RT,2021-06-09 00:00:00,2021-06-09 00:00:00,1561,CK 77329,USD,9893.94,9893.94,NULL,NULL,NULL
2733,POSTCASH,0,1,RT,2021-06-09 00:00:00,2021-06-09 00:00:00,1565,CK 7686,USD,3340.48,3340.48,NULL,NULL,NULL
2734,POSTCASH,0,1,RT,2021-06-09 00:00:00,2021-06-09 00:00:00,1109,CK 57643,USD,25110.09,25110.09,NULL,NULL,NULL
2735,POSTCASH,0,1,RT,2021-06-09 00:00:00,2021-06-09 00:00:00,2115,CK 2255,USD,15902.62,15902.62,NULL,NULL,NULL
2736,POSTCASH,0,1,RT,2021-06-09 00:00:00,2021-06-09 00:00:00,2151,CK 977013,USD,5675.8,5675.8,NULL,NULL,NULL
2737,POSTCASH,0,1,RT,2021-06-09 00:00:00,2021-06-09 00:00:00,1357,CK 44512,USD,2018.4,2018.4,NULL,NULL,NULL
2738,POSTCASH,0,3,RT,2021-06-09 00:00:00,2021-06-09 00:00:00,1137,CK 707232,USD,5149.2,5149.2,NULL,NULL,NULL
2739,POSTCASH,0,2,RT,2021-06-09 00:00:00,2021-06-09 00:00:00,1124,CK 076359,USD,11496.52,11496.52,NULL,NULL,NULL
2740,POSTCASH,0,1,RT,2021-06-09 00:00:00,2021-06-09 00:00:00,2155,CK 8099,USD,10776.3,10776.3,NULL,NULL,NULL
2741,POSTCASH,0,1,RT,2021-06-10 00:00:00,2021-06-14 00:00:00,1287,WIR061021,USD,1500,1500,NULL,NULL,NULL
2742,POSTCASH,0,3,RT,2021-06-11 00:00:00,2021-06-14 00:00:00,1577,ACH061121,USD,7198.15,7198.15,NULL,NULL,NULL
2743,POSTCASH,0,1,RT,2021-06-11 00:00:00,2021-06-14 00:00:00,1455,ACH061121,USD,7529.96,7529.96,NULL,NULL,NULL
2744,POSTCASH,0,4,RT,2021-06-11 00:00:00,2021-06-14 00:00:00,1137,ACH061121,USD,6786.87,6786.87,NULL,NULL,NULL
2745,POSTCASH,0,1,RT,2021-06-14 00:00:00,2021-06-15 00:00:00,2144,CK 113943,USD,8132.4,8132.4,NULL,NULL,NULL
2746,POSTCASH,0,1,RT,2021-06-14 00:00:00,2021-06-15 00:00:00,1565,CK 7743,USD,1806.75,1806.75,NULL,NULL,NULL
2747,POSTCASH,0,1,RT,2021-06-15 00:00:00,2021-06-15 00:00:00,1561,CK60142/313,USD,8901.6,8901.6,NULL,NULL,NULL
2748,POSTCASH,0,1,RT,2021-06-15 00:00:00,2021-06-15 00:00:00,1599,ACH061521,USD,8608,8608,NULL,NULL,NULL
2749,POSTCASH,0,1,RT,2021-06-15 00:00:00,2021-06-15 00:00:00,1636,ACH061521,USD,2614.5,2614.5,NULL,NULL,NULL
2750,POSTCASH,0,2,RT,2021-06-18 00:00:00,2021-06-18 00:00:00,1124,CK 076393,USD,10063.2,10063.2,NULL,NULL,NULL
2751,POSTCASH,0,1,RT,2021-06-18 00:00:00,2021-06-18 00:00:00,1137,ACH061821,USD,435.1,435.1,NULL,NULL,NULL
2752,POSTCASH,0,1,RT,2021-06-18 00:00:00,2021-06-18 00:00:00,1455,ACH061821,USD,6465.57,6465.57,NULL,NULL,NULL
2753,POSTCASH,0,3,RT,2021-06-18 00:00:00,2021-06-18 00:00:00,1712,ACH061821,USD,4440.09,4440.09,NULL,NULL,NULL
2754,POSTCASH,0,3,RT,2021-06-18 00:00:00,2021-06-18 00:00:00,1577,ACH061821,USD,19348.06,19348.06,NULL,NULL,NULL
2755,POSTCASH,0,1,RT,2021-06-22 00:00:00,2021-06-22 00:00:00,1565,CK 7822,USD,3989.04,3989.04,NULL,NULL,NULL
2756,POSTCASH,0,1,RT,2021-06-22 00:00:00,2021-06-22 00:00:00,2115,CK 2268,USD,9214.43,9214.43,NULL,NULL,NULL
2757,POSTCASH,0,1,RT,2021-06-22 00:00:00,2021-06-22 00:00:00,1114,CK 060878,USD,17384.9,17384.9,NULL,NULL,NULL
2758,POSTCASH,0,1,RT,2021-06-22 00:00:00,2021-06-22 00:00:00,1114,CK 107485,USD,13772.5,13772.5,NULL,NULL,NULL
2759,POSTCASH,0,1,RT,2021-06-22 00:00:00,2021-06-24 00:00:00,1578,ACH062221,USD,6735.6,6735.6,NULL,NULL,NULL
2760,POSTCASH,0,2,RT,2021-06-25 00:00:00,2021-06-25 00:00:00,1114,CK 107370,USD,27644.3,27644.3,NULL,NULL,NULL
2761,POSTCASH,0,1,RT,2021-06-25 00:00:00,2021-06-25 00:00:00,1678,QCH062521,USD,15388.8,15388.8,NULL,NULL,NULL
2762,POSTCASH,0,2,RT,2021-06-24 00:00:00,2021-06-25 00:00:00,1630,ACH062421,USD,9697.65,9697.65,NULL,NULL,NULL
2763,POSTCASH,0,5,RT,2021-06-25 00:00:00,2021-06-25 00:00:00,1137,ACH062521,USD,8092.84,8092.84,NULL,NULL,NULL
2764,POSTCASH,0,1,RT,2021-06-25 00:00:00,2021-06-25 00:00:00,1455,ACH062521,USD,8656,8656,NULL,NULL,NULL
2765,POSTCASH,0,3,RT,2021-06-25 00:00:00,2021-06-25 00:00:00,1577,ACH062521,USD,3801.94,3801.94,NULL,NULL,NULL
2766,POSTCASH,0,2,RT,2021-06-25 00:00:00,2021-06-28 00:00:00,1299,WIR062521,USD,14671.31,14671.31,NULL,NULL,NULL
2767,POSTCASH,0,1,RT,2021-06-28 00:00:00,2021-06-28 00:00:00,2044,ACH062821,USD,903.68,903.68,NULL,NULL,NULL
2768,POSTCASH,0,1,RT,2021-06-30 00:00:00,2021-07-01 00:00:00,2114,CK 1116,USD,718.4,718.4,NULL,NULL,NULL
2769,POSTCASH,0,1,RT,2021-07-06 00:00:00,2021-07-13 00:00:00,1565,CK 7941,USD,4329,4329,NULL,NULL,NULL
2770,POSTCASH,0,3,RT,2021-07-06 00:00:00,2021-07-13 00:00:00,1124,CK 076446,USD,12584.88,12584.88,NULL,NULL,NULL
2771,POSTCASH,0,1,RT,2021-07-08 00:00:00,2021-07-13 00:00:00,1500,CK 1046205,USD,15405.12,15405.12,NULL,NULL,NULL
2772,POSTCASH,0,1,RT,2021-07-12 00:00:00,2021-07-13 00:00:00,2044,ACH071221,USD,5145.79,5145.79,NULL,NULL,NULL
2773,POSTCASH,0,1,RT,2021-07-12 00:00:00,2021-07-13 00:00:00,1578,ACH071221,USD,5763.6,5763.6,NULL,NULL,NULL
2774,POSTCASH,0,1,RT,2021-07-09 00:00:00,2021-07-13 00:00:00,2001,ACH070921,USD,2222,2222,NULL,NULL,NULL
2775,POSTCASH,0,1,RT,2021-07-09 00:00:00,2021-07-13 00:00:00,1111,ACH070921,USD,4060.65,4060.65,NULL,NULL,NULL
2776,POSTCASH,0,2,RT,2021-07-08 00:00:00,2021-07-13 00:00:00,1630,ACH070821,USD,13792.22,13792.22,NULL,NULL,NULL
2777,POSTCASH,0,1,RT,2021-07-02 00:00:00,2021-07-13 00:00:00,1455,ACH070221,USD,8156,8156,NULL,NULL,NULL
2778,POSTCASH,0,5,RT,2021-07-02 00:00:00,2021-07-13 00:00:00,1577,ACH070221,USD,14493.16,14493.16,NULL,NULL,NULL
2779,POSTCASH,0,4,RT,2021-07-09 00:00:00,2021-07-13 00:00:00,1577,ACH070921,USD,1546.03,1546.03,NULL,NULL,NULL
2780,POSTCASH,0,1,RT,2021-07-13 00:00:00,2021-07-14 00:00:00,1599,ACH071321,USD,2146.62,2146.62,NULL,NULL,NULL
2781,POSTCASH,0,1,RT,2021-07-08 00:00:00,2021-07-15 00:00:00,2155,CK 8185,USD,244.8,244.8,NULL,NULL,NULL
2782,POSTCASH,0,1,RT,2021-07-15 00:00:00,2021-07-16 00:00:00,1114,CK 107824,USD,15537.6,15537.6,NULL,NULL,NULL
2783,POSTCASH,0,1,RT,2021-07-15 00:00:00,2021-07-16 00:00:00,1565,CK 7999,USD,3899.06,3899.06,NULL,NULL,NULL
2784,POSTCASH,0,1,RT,2021-07-16 00:00:00,2021-07-19 00:00:00,2044,ACH071621,USD,5472.48,5472.48,NULL,NULL,NULL
2785,POSTCASH,0,4,RT,2021-07-16 00:00:00,2021-07-19 00:00:00,1137,ACH071621,USD,8560.2,8560.2,NULL,NULL,NULL
2786,POSTCASH,0,1,RT,2021-07-16 00:00:00,2021-07-19 00:00:00,1455,ACH071621,USD,8824,8824,NULL,NULL,NULL
2787,POSTCASH,0,2,RT,2021-07-16 00:00:00,2021-07-19 00:00:00,1299,WIR071621,USD,13535.71,13535.71,NULL,NULL,NULL
2788,POSTCASH,0,4,RT,2021-07-16 00:00:00,2021-07-19 00:00:00,1577,ACH071621,USD,18329.97,18329.97,NULL,NULL,NULL
2789,POSTCASH,0,1,RT,2021-07-16 00:00:00,2021-07-19 00:00:00,2001,ACH071621,USD,2504,2504,NULL,NULL,NULL
2790,POSTCASH,0,2,RT,2021-07-19 00:00:00,2021-07-20 00:00:00,2155,CK 8225,USD,18120,18120,NULL,NULL,NULL
2791,POSTCASH,0,1,RT,2021-07-19 00:00:00,2021-07-20 00:00:00,1649,CK 14778,USD,3459,3459,NULL,NULL,NULL
2792,POSTCASH,0,1,RT,2021-07-19 00:00:00,2021-07-20 00:00:00,1802,CK 8697070,USD,100.22,100.22,NULL,NULL,NULL
2793,POSTCASH,0,2,RT,2021-07-19 00:00:00,2021-07-20 00:00:00,1500,CK 1046994,USD,27618.2,27618.2,NULL,NULL,NULL
2794,POSTCASH,0,1,RT,2021-07-21 00:00:00,2021-07-21 00:00:00,1486,CK 41330040,USD,7466.8,7466.8,NULL,NULL,NULL
2795,POSTCASH,0,3,RT,2021-07-21 00:00:00,2021-07-21 00:00:00,1500,CK 1047990,USD,43878.4,43878.4,NULL,NULL,NULL
2796,POSTCASH,0,2,RT,2021-07-21 00:00:00,2021-07-21 00:00:00,1565,CK 8134,USD,9847.95,9847.95,NULL,NULL,NULL
2797,POSTCASH,0,1,RT,2021-07-21 00:00:00,2021-07-21 00:00:00,2115,CK 2296,USD,16424.1,16424.1,NULL,NULL,NULL
2798,POSTCASH,0,2,RT,2021-07-21 00:00:00,2021-07-21 00:00:00,1357,CK 45820,USD,4260.2,4260.2,NULL,NULL,NULL
2799,POSTCASH,0,3,RT,2021-07-23 00:00:00,2021-07-23 00:00:00,1137,ACH072321,USD,6687.28,6687.28,NULL,NULL,NULL
2800,POSTCASH,0,3,RT,2021-07-23 00:00:00,2021-07-23 00:00:00,1577,ACH072321,USD,19001.7,19001.7,NULL,NULL,NULL
2801,POSTCASH,0,2,RT,2021-07-26 00:00:00,2021-07-26 00:00:00,2044,ACH072621,USD,13325.28,13325.28,NULL,NULL,NULL
2802,POSTCASH,0,1,RT,2021-07-23 00:00:00,2021-07-26 00:00:00,1111,ACH072321,USD,3646.2,3646.2,NULL,NULL,NULL
2803,POSTCASH,0,2,RT,2021-07-26 00:00:00,2021-07-26 00:00:00,1114,CK 108029,USD,44556.21,44556.21,NULL,NULL,NULL
2804,POSTCASH,0,2,RT,2021-07-27 00:00:00,2021-07-27 00:00:00,1879,CH072721,USD,24202.95,24202.95,NULL,NULL,NULL
2805,POSTCASH,0,1,RT,2021-07-27 00:00:00,2021-07-28 00:00:00,1565,CK 8189,USD,5231.4,5231.4,NULL,NULL,NULL
2806,POSTCASH,0,1,RT,2021-07-28 00:00:00,2021-07-28 00:00:00,1500,CK L048819,USD,18150,18150,NULL,NULL,NULL
2807,POSTCASH,0,1,RT,2021-07-07 00:00:00,2021-07-29 00:00:00,1879,WIR070721,USD,11660.7,11660.7,NULL,NULL,NULL
2808,POSTCASH,0,4,RT,2021-07-30 00:00:00,2021-07-30 00:00:00,1137,ACH073021,USD,6068.6,6068.6,NULL,NULL,NULL
2809,POSTCASH,0,1,RT,2021-07-29 00:00:00,2021-07-30 00:00:00,1114,CK 108075,USD,6591.6,6591.6,NULL,NULL,NULL
2810,POSTCASH,0,6,RT,2021-08-06 00:00:00,2021-08-06 00:00:00,1137,ACH080621,USD,23375.63,23375.63,NULL,NULL,NULL
2811,POSTCASH,0,4,RT,2021-08-06 00:00:00,2021-08-06 00:00:00,1577,QCH080621,USD,9005.37,9005.37,NULL,NULL,NULL
2812,POSTCASH,0,4,RT,2021-08-04 00:00:00,2021-08-06 00:00:00,1124,CK 076562,USD,20756.9,20756.9,NULL,NULL,NULL
2813,POSTCASH,0,1,RT,2021-08-04 00:00:00,2021-08-06 00:00:00,2166,CK 5562,USD,1300,1300,NULL,NULL,NULL
2814,POSTCASH,0,2,RT,2021-08-05 00:00:00,2021-08-06 00:00:00,1486,CK 41330041,USD,16632,16632,NULL,NULL,NULL
2815,POSTCASH,0,1,RT,2021-08-05 00:00:00,2021-08-06 00:00:00,1900,CK 2008,USD,1016.4,1016.4,NULL,NULL,NULL
2816,POSTCASH,0,2,RT,2021-08-06 00:00:00,2021-08-06 00:00:00,1455,ACH080621,USD,18668.72,18668.72,NULL,NULL,NULL
2817,UACASH-APP,0,1,RT,2021-08-06 00:00:00,2021-08-06 00:00:00,1455,ACH112020,USD,14.3,14.3,NULL,NULL,NULL
2818,POSTCASH,0,5,RT,2021-08-06 00:00:00,2021-08-09 00:00:00,2039,WIR080621,USD,1495,1495,NULL,NULL,NULL
2819,POSTCASH,0,1,RT,2021-08-11 00:00:00,2021-08-12 00:00:00,1500, CK L050197,USD,14480.67,14480.67,NULL,NULL,NULL
2820,POSTCASH,0,2,RT,2021-08-12 00:00:00,2021-08-12 00:00:00,1124,CK 076625,USD,9573.38,9573.38,NULL,NULL,NULL
2821,POSTCASH,0,1,RT,2021-08-16 00:00:00,2021-08-16 00:00:00,1578,ACH081621,USD,7146,7146,NULL,NULL,NULL
2822,POSTCASH,0,2,RT,2021-08-13 00:00:00,2021-08-16 00:00:00,2022,ACJ081321,USD,2500,2500,NULL,NULL,NULL
2823,POSTCASH,0,1,RT,2021-08-13 00:00:00,2021-08-16 00:00:00,1111,ACH081321,USD,7753.6,7753.6,NULL,NULL,NULL
2824,POSTCASH,0,10,RT,2021-08-13 00:00:00,2021-08-17 00:00:00,1137,ACH081321,USD,23976.51,23976.51,NULL,NULL,NULL
2825,POSTCASH,0,2,RT,2021-08-20 00:00:00,2021-08-20 00:00:00,1577,ACH082021,USD,13172.38,13172.38,NULL,NULL,NULL
2826,POSTCASH,0,3,RT,2021-08-20 00:00:00,2021-08-20 00:00:00,1455,ACH082021,USD,32266.03,32266.03,NULL,NULL,NULL
2827,POSTCASH,0,2,RT,2021-08-19 00:00:00,2021-08-20 00:00:00,1114,CK 061173,USD,32174.2,32174.2,NULL,NULL,NULL
2828,POSTCASH,0,2,RT,2021-08-19 00:00:00,2021-08-20 00:00:00,1357,CK 46011,USD,8472.6,8472.6,NULL,NULL,NULL
2829,POSTCASH,0,1,RT,2021-08-19 00:00:00,2021-08-20 00:00:00,1124,76651,USD,6661.5,6661.5,NULL,NULL,NULL
2830,POSTCASH,0,1,RT,2021-08-19 00:00:00,2021-08-20 00:00:00,2142,CK 5995,USD,500,500,NULL,NULL,NULL
2831,POSTCASH,0,7,RT,2021-08-20 00:00:00,2021-08-20 00:00:00,1137,ACH082021,USD,14568.4,14568.4,NULL,NULL,NULL
2832,POSTCASH,0,1,RT,2021-08-23 00:00:00,2021-08-24 00:00:00,2022,ACH082321,USD,500,500,NULL,NULL,NULL
2833,POSTCASH,0,1,RT,2021-08-26 00:00:00,2021-08-26 00:00:00,2115,CK 2320,USD,6277.76,6277.76,NULL,NULL,NULL
2834,POSTCASH,0,1,RT,2021-08-26 00:00:00,2021-08-26 00:00:00,2115,CK 2323,USD,1605,1605,NULL,NULL,NULL
2835,POSTCASH,0,1,RT,2021-08-26 00:00:00,2021-08-26 00:00:00,1357,CK 46066,USD,3998.4,3998.4,NULL,NULL,NULL
2836,POSTCASH,0,1,RT,2021-08-26 00:00:00,2021-08-26 00:00:00,1565,CK 8422,USD,4042.72,4042.72,NULL,NULL,NULL
2837,POSTCASH,0,1,RT,2021-08-27 00:00:00,2021-08-27 00:00:00,1455,ACH082721,USD,10628.8,10628.8,NULL,NULL,NULL
2838,POSTCASH,0,1,RT,2021-08-27 00:00:00,2021-08-27 00:00:00,1111,ACH082721,USD,8153.6,8153.6,NULL,NULL,NULL
2839,POSTCASH,0,1,RT,2021-08-27 00:00:00,2021-08-27 00:00:00,1712,ACH082721,USD,2629.86,2629.86,NULL,NULL,NULL
2840,POSTCASH,0,3,RT,2021-08-27 00:00:00,2021-08-27 00:00:00,1137,ACH082721,USD,4423.2,4423.2,NULL,NULL,NULL
2841,POSTCASH,0,1,RT,2021-08-30 00:00:00,2021-08-30 00:00:00,2022,ACH083021,USD,500,500,NULL,NULL,NULL
2842,POSTCASH,0,1,RT,2021-08-30 00:00:00,2021-08-30 00:00:00,2044,ACH083021,USD,5485.09,5485.09,NULL,NULL,NULL
2843,POSTCASH,0,1,RT,2021-08-31 00:00:00,2021-08-31 00:00:00,1114,CK 108563,USD,18630,18630,NULL,NULL,NULL
2844,POSTCASH,0,2,RT,2021-08-31 00:00:00,2021-08-31 00:00:00,1500,CK L052546,USD,35515.6,35515.6,NULL,NULL,NULL
2845,POSTCASH,0,1,RT,2021-09-03 00:00:00,2021-09-03 00:00:00,1712,ACH090321,USD,937.95,937.95,NULL,NULL,NULL
2846,POSTCASH,0,2,RT,2021-09-03 00:00:00,2021-09-03 00:00:00,1577,ACH090321,USD,104.88,104.88,NULL,NULL,NULL
2847,POSTCASH,0,3,RT,2021-09-03 00:00:00,2021-09-03 00:00:00,1124,CK 076682,USD,10325.32,10325.32,NULL,NULL,NULL
2848,POSTCASH,0,1,RT,2021-06-30 00:00:00,2021-09-07 00:00:00,2173,ACH063021,USD,14000,14000,NULL,NULL,NULL
2849,POSTCASH,0,1,RT,2021-09-07 00:00:00,2021-09-07 00:00:00,1879,ACH090721,USD,11872.5,11872.5,NULL,NULL,NULL
2850,POSTCASH,0,1,RT,2021-09-07 00:00:00,2021-09-07 00:00:00,2022,ACH090721,USD,500,500,NULL,NULL,NULL
2851,POSTCASH,0,5,RT,2021-09-07 00:00:00,2021-09-08 00:00:00,1137,ACH090721,USD,11448.59,11448.59,NULL,NULL,NULL
2852,POSTCASH,0,1,RT,2021-09-08 00:00:00,2021-09-08 00:00:00,1599,ACH090821,USD,4872,4872,NULL,NULL,NULL
2853,POSTCASH,0,1,RT,2021-09-08 00:00:00,2021-09-08 00:00:00,2080,CK 13890,USD,7700,7700,NULL,NULL,NULL
2854,POSTCASH,0,1,RT,2021-09-09 00:00:00,2021-09-10 00:00:00,2022,QCH090921,USD,500,500,NULL,NULL,NULL
2855,POSTCASH,0,3,RT,2021-09-08 00:00:00,2021-09-10 00:00:00,1299,WIR090821,USD,23775.85,23775.85,NULL,NULL,NULL
2856,POSTCASH,0,1,RT,2021-09-10 00:00:00,2021-09-10 00:00:00,1455,ACH091021,USD,10553.04,10553.04,NULL,NULL,NULL
2857,POSTCASH,0,1,RT,2021-09-10 00:00:00,2021-09-10 00:00:00,1577,ACH091021,USD,5059.47,5059.47,NULL,NULL,NULL
2858,POSTCASH,0,1,RT,2021-09-10 00:00:00,2021-09-10 00:00:00,1712,ACH091021,USD,958.4,958.4,NULL,NULL,NULL
2859,POSTCASH,0,1,RT,2021-09-10 00:00:00,2021-09-10 00:00:00,1649,CK 15017,USD,2799,2799,NULL,NULL,NULL
2860,POSTCASH,0,4,RT,2021-09-10 00:00:00,2021-09-10 00:00:00,1114,CK 108659,USD,28889.65,28889.65,NULL,NULL,NULL
2861,POSTCASH,0,10,RT,2021-09-14 00:00:00,2021-09-14 00:00:00,1137,ACH091321,USD,28985.61,28985.61,NULL,NULL,NULL
2862,POSTCASH,0,1,RT,2021-09-14 00:00:00,2021-09-14 00:00:00,2022,ACH091421,USD,500,500,NULL,NULL,NULL
2863,POSTCASH,0,1,RT,2021-09-14 00:00:00,2021-09-15 00:00:00,2191,CK 56456670,USD,2694,2694,NULL,NULL,NULL
2864,POSTCASH,0,1,RT,2021-09-14 00:00:00,2021-09-15 00:00:00,1466,CK 10652,USD,3583.4,3583.4,NULL,NULL,NULL
2865,POSTCASH,0,1,RT,2021-09-14 00:00:00,2021-09-15 00:00:00,1466,CK 10238,USD,4222.75,4222.75,NULL,NULL,NULL
2866,POSTCASH,0,1,RT,2021-09-15 00:00:00,2021-09-15 00:00:00,1786,CK 16418,USD,198.49,198.49,NULL,NULL,NULL
2867,POSTCASH,0,2,RT,2021-09-14 00:00:00,2021-09-15 00:00:00,1124,CK 076709,USD,6672.12,6672.12,NULL,NULL,NULL
2868,POSTCASH,0,1,RT,2021-09-15 00:00:00,2021-09-15 00:00:00,1565,CK 8607,USD,5128.8,5128.8,NULL,NULL,NULL
2869,POSTCASH,0,3,RT,2021-09-15 00:00:00,2021-09-15 00:00:00,2044,ACH091521,USD,19869.31,19869.31,NULL,NULL,NULL
2870,POSTCASH,0,3,RT,2021-09-17 00:00:00,2021-09-20 00:00:00,1137,ACH091721,USD,5008.29,5008.29,NULL,NULL,NULL
2871,POSTCASH,0,1,RT,2021-09-20 00:00:00,2021-09-20 00:00:00,2155,CK 8351,USD,12004,12004,NULL,NULL,NULL
2872,POSTCASH,0,1,RT,2021-09-20 00:00:00,2021-09-20 00:00:00,2080,CK 13908,USD,5479.2,5479.2,NULL,NULL,NULL
2873,POSTCASH,0,1,RT,2021-09-21 00:00:00,2021-09-23 00:00:00,2022,ACH092121,USD,500,500,NULL,NULL,NULL
2874,POSTCASH,0,2,RT,2021-09-23 00:00:00,2021-09-24 00:00:00,1630,ACH092321,USD,27815.8,27815.8,NULL,NULL,NULL
2875,POSTCASH,0,1,RT,2021-09-24 00:00:00,2021-09-24 00:00:00,1577,ACH092421,USD,603.2,603.2,NULL,NULL,NULL
2876,POSTCASH,0,1,RT,2021-09-23 00:00:00,2021-09-24 00:00:00,1636,ACH092321,USD,16674.3,16674.3,NULL,NULL,NULL
2877,POSTCASH,0,6,RT,2021-09-24 00:00:00,2021-09-24 00:00:00,1137,ACH092421,USD,11987.4,11987.4,NULL,NULL,NULL
2878,POSTCASH,0,2,RT,2021-09-24 00:00:00,2021-09-24 00:00:00,1124,CK 076736,USD,11294.04,11294.04,NULL,NULL,NULL
2879,POSTCASH,0,1,RT,2021-09-24 00:00:00,2021-09-24 00:00:00,1114,CK 108837,USD,18684,18684,NULL,NULL,NULL
2880,POSTCASH,0,1,RT,2021-09-28 00:00:00,2021-09-28 00:00:00,2115,CK 2363,USD,5255.72,5255.72,NULL,NULL,NULL
2881,POSTCASH,0,1,RT,2021-09-27 00:00:00,2021-09-28 00:00:00,2155,CK 8403,USD,10146.76,10146.76,NULL,NULL,NULL
2882,POSTCASH,0,1,RT,2021-09-27 00:00:00,2021-09-28 00:00:00,1357,CK 46774,USD,5784.8,5784.8,NULL,NULL,NULL
2883,POSTCASH,0,1,RT,2021-09-29 00:00:00,2021-09-29 00:00:00,2022,ACH092921,USD,500,500,NULL,NULL,NULL
2884,POSTCASH,0,1,RT,2021-09-28 00:00:00,2021-09-29 00:00:00,2044,ACH092821,USD,6836.8,6836.8,NULL,NULL,NULL
2885,POSTCASH,0,1,RT,2021-09-28 00:00:00,2021-09-29 00:00:00,2044,ACH092821,USD,7708.8,7708.8,NULL,NULL,NULL
2886,POSTCASH,0,1,RT,2021-09-28 00:00:00,2021-09-29 00:00:00,2044,CH092821,USD,10915,10915,NULL,NULL,NULL
2887,POSTCASH,0,1,RT,2021-09-29 00:00:00,2021-09-29 00:00:00,1500,CK L055070,USD,18496.8,18496.8,NULL,NULL,NULL
2888,POSTCASH,0,2,RT,2021-09-29 00:00:00,2021-09-29 00:00:00,1114,CK 108969,USD,56978.4,56978.4,NULL,NULL,NULL
2889,POSTCASH,0,1,RT,2021-09-30 00:00:00,2021-10-01 00:00:00,1697,CK 108700,USD,12047.88,12047.88,NULL,NULL,NULL
2890,POSTCASH,0,2,RT,2021-10-01 00:00:00,2021-10-01 00:00:00,1577,ACH100121,USD,18725,18725,NULL,NULL,NULL
2891,POSTCASH,0,2,RT,2021-10-01 00:00:00,2021-10-01 00:00:00,1455,ACH100121,USD,21414.6,21414.6,NULL,NULL,NULL
2892,POSTCASH,0,6,RT,2021-10-01 00:00:00,2021-10-04 00:00:00,1137,ACH100121,USD,14101.2,14101.2,NULL,NULL,NULL
2893,POSTCASH,0,1,RT,2021-10-04 00:00:00,2021-10-05 00:00:00,2137,CK 005933,USD,4426.8,4426.8,NULL,NULL,NULL
2894,POSTCASH,0,1,RT,2021-10-04 00:00:00,2021-10-05 00:00:00,2190,CK 116321,USD,18774.44,18774.44,NULL,NULL,NULL
2895,POSTCASH,0,1,RT,2021-10-04 00:00:00,2021-10-05 00:00:00,2115,CK 2369,USD,1596,1596,NULL,NULL,NULL
2896,POSTCASH,0,1,RT,2021-10-05 00:00:00,2021-10-05 00:00:00,1879,ACH100521,USD,14521.65,14521.65,NULL,NULL,NULL
2897,POSTCASH,0,1,RT,2021-10-05 00:00:00,2021-10-05 00:00:00,2022,ACH100521,USD,500,500,NULL,NULL,NULL
2898,UNDO-POSTCASH,0,1,RT,2021-10-05 00:00:00,2021-10-05 00:00:00,2022,ACH100521,USD,500,500,NULL,NULL,NULL
2899,UNDO-POSTCASH,0,1,RT,2021-10-05 00:00:00,2021-10-05 00:00:00,2022,ACH092921,USD,500,500,NULL,NULL,NULL
2900,UNDO-POSTCASH,0,1,RT,2021-10-05 00:00:00,2021-10-05 00:00:00,2022,ACH092121,USD,500,500,NULL,NULL,NULL
2901,POSTCASH,0,1,RT,2021-09-21 00:00:00,2021-10-05 00:00:00,2022,ACH092121,USD,70.66,70.66,NULL,NULL,NULL
2902,POSTCASH,0,1,RT,2021-09-21 00:00:00,2021-10-05 00:00:00,2022,ACH092121,USD,429.34,429.34,NULL,NULL,NULL
2903,POSTCASH,0,1,RT,2021-09-29 00:00:00,2021-10-05 00:00:00,2022,ACH092921,USD,500,500,NULL,NULL,NULL
2904,POSTCASH,0,1,RT,2021-10-05 00:00:00,2021-10-05 00:00:00,2022,ACH100521,USD,500,500,NULL,NULL,NULL
2905,POSTCASH,0,1,RT,2021-10-05 00:00:00,2021-10-05 00:00:00,2118,CK 00462737,USD,10532.5,10532.5,NULL,NULL,NULL
2906,POSTCASH,0,1,RT,2021-10-05 00:00:00,2021-10-05 00:00:00,1700,CK 20093,USD,6818,6818,NULL,NULL,NULL
2907,POSTCASH,0,1,RT,2021-10-05 00:00:00,2021-10-05 00:00:00,2127,CK 4727,USD,2478.4,2478.4,NULL,NULL,NULL
2908,UNDO-POSTCASH,0,1,RT,2021-10-06 00:00:00,2021-10-06 00:00:00,1565,CK 6831,USD,3735.4,3735.4,NULL,NULL,NULL
2909,POSTCASH,0,1,RT,2021-10-07 00:00:00,2021-10-08 00:00:00,1565,CK 8769,USD,5322,5322,NULL,NULL,NULL
2910,POSTCASH,0,1,RT,2021-10-07 00:00:00,2021-10-08 00:00:00,1500,CK 1055831,USD,20628.48,20628.48,NULL,NULL,NULL
2911,POSTCASH,0,1,RT,2021-10-08 00:00:00,2021-10-08 00:00:00,2001,ACH100721,USD,3744,3744,NULL,NULL,NULL
2912,POSTCASH,0,4,RT,2021-10-08 00:00:00,2021-10-08 00:00:00,1577,ACH100821,USD,21369.8,21369.8,NULL,NULL,NULL
2913,POSTCASH,0,1,RT,2021-10-08 00:00:00,2021-10-08 00:00:00,1455,ACH100821,USD,4180,4180,NULL,NULL,NULL
2914,POSTCASH,0,3,RT,2021-10-08 00:00:00,2021-10-08 00:00:00,1137,ACH10082021,USD,6073.2,6073.2,NULL,NULL,NULL
2915,POSTCASH,0,1,RT,2021-10-12 00:00:00,2021-10-12 00:00:00,2115,CK 2376,USD,1299.6,1299.6,NULL,NULL,NULL
2916,POSTCASH,0,1,RT,2021-10-12 00:00:00,2021-10-13 00:00:00,1630,ACH101221,USD,9388.56,9388.56,NULL,NULL,NULL
2917,UACASH,0,1,RT,2021-10-13 00:00:00,2021-10-13 00:00:00,2022,ach101321,USD,500,500,NULL,NULL,NULL
2918,UACASH-APP,0,1,RT,2021-10-13 00:00:00,2021-10-13 00:00:00,2022,ach101321,USD,499.57,499.57,NULL,NULL,NULL
2919,UACASH-APP,0,1,RT,2021-10-13 00:00:00,2021-10-13 00:00:00,2022,ach101321,USD,0.043,0.043,NULL,NULL,NULL
2920,POSTCASH,0,4,RT,2021-10-13 00:00:00,2021-10-14 00:00:00,1114,CK 109340,USD,38044.22,38044.22,NULL,NULL,NULL
2921,POSTCASH,0,1,RT,2021-10-13 00:00:00,2021-10-14 00:00:00,1466,CK 10685,USD,3543.93,3543.93,NULL,NULL,NULL
2922,POSTCASH,0,1,RT,2021-10-13 00:00:00,2021-10-14 00:00:00,1565,CK 8835,USD,3735.4,3735.4,NULL,NULL,NULL
2923,POSTCASH,0,1,RT,2021-10-13 00:00:00,2021-10-14 00:00:00,1482,WIR101321,USD,4209,4209,NULL,NULL,NULL
2924,POSTCASH,0,3,RT,2021-10-15 00:00:00,2021-10-15 00:00:00,1455,ACH101521,USD,31506.48,31506.48,NULL,NULL,NULL
2925,POSTCASH,0,4,RT,2021-10-15 00:00:00,2021-10-15 00:00:00,1577,ACH101521,USD,26717,26717,NULL,NULL,NULL
2926,POSTCASH,0,10,RT,2021-10-18 00:00:00,2021-10-18 00:00:00,1137,ACH101821,USD,19418.2,19418.2,NULL,NULL,NULL
2927,POSTCASH,0,1,RT,2021-10-20 00:00:00,2021-10-21 00:00:00,2022,ACH102021,USD,500,500,NULL,NULL,NULL
2928,POSTCASH,0,1,RT,2021-10-18 00:00:00,2021-10-21 00:00:00,1124,CK 076806,USD,4905,4905,NULL,NULL,NULL
2929,POSTCASH,0,3,RT,2021-10-21 00:00:00,2021-10-21 00:00:00,2118,CK 00462939,USD,28145.56,28145.56,NULL,NULL,NULL
2930,POSTCASH,0,3,RT,2021-10-22 00:00:00,2021-10-22 00:00:00,1577,ACH102221,USD,4313.15,4313.15,NULL,NULL,NULL
2931,POSTCASH,0,4,RT,2021-10-22 00:00:00,2021-10-22 00:00:00,1137,ACH102221,USD,8217.2,8217.2,NULL,NULL,NULL
2932,POSTCASH,0,1,RT,2021-10-22 00:00:00,2021-10-25 00:00:00,2044,ACH102221,USD,6722.08,6722.08,NULL,NULL,NULL
2933,POSTCASH,0,1,RT,2021-10-22 00:00:00,2021-10-25 00:00:00,2044,ACH102221,USD,6840.96,6840.96,NULL,NULL,NULL
2934,POSTCASH,0,1,RT,2021-10-22 00:00:00,2021-10-25 00:00:00,2044,ACH102221,USD,10430.4,10430.4,NULL,NULL,NULL
2935,POSTCASH,0,1,RT,2021-10-22 00:00:00,2021-10-25 00:00:00,2044,ACH102221,USD,10929.6,10929.6,NULL,NULL,NULL
2936,POSTCASH,0,1,RT,2021-10-22 00:00:00,2021-10-25 00:00:00,2044,AR102221,USD,11343,11343,NULL,NULL,NULL
2937,POSTCASH,0,1,RT,2021-10-22 00:00:00,2021-10-25 00:00:00,2044,ACH102221,USD,10080,10080,NULL,NULL,NULL
2938,POSTCASH,0,1,RT,2021-10-22 00:00:00,2021-10-25 00:00:00,1649,CK 15175,USD,3525,3525,NULL,NULL,NULL
2939,POSTCASH,0,2,RT,2021-10-25 00:00:00,2021-10-25 00:00:00,1955,CM 52607,USD,0,0,NULL,NULL,NULL
2940,POSTCASH,0,1,RT,2021-10-26 00:00:00,2021-10-26 00:00:00,1561,CK 78307,USD,10115.28,10115.28,NULL,NULL,NULL
2941,POSTCASH,0,1,RT,2021-10-26 00:00:00,2021-10-26 00:00:00,2115,CK 2391,USD,7083.25,7083.25,NULL,NULL,NULL
2942,POSTCASH,0,5,RT,2021-10-26 00:00:00,2021-10-26 00:00:00,1114,CK 109552,USD,34193.34,34193.34,NULL,NULL,NULL
2943,POSTCASH,0,1,RT,2021-10-26 00:00:00,2021-10-26 00:00:00,1599,ACH102621,USD,4015.2,4015.2,NULL,NULL,NULL
2944,POSTCASH,0,1,RT,2021-10-27 00:00:00,2021-10-27 00:00:00,2191,CK 57618542,USD,3066,3066,NULL,NULL,NULL
2945,POSTCASH,0,1,RT,2021-10-26 00:00:00,2021-10-27 00:00:00,2127, CK 4767,USD,19284.48,19284.48,NULL,NULL,NULL
2946,POSTCASH,0,1,RT,2021-10-27 00:00:00,2021-10-27 00:00:00,2115,CK 2396,USD,1452,1452,NULL,NULL,NULL
2947,POSTCASH,0,1,RT,2021-10-28 00:00:00,2021-10-28 00:00:00,1500,CK 1058111,USD,16801.2,16801.2,NULL,NULL,NULL
2948,POSTCASH,0,1,RT,2021-10-28 00:00:00,2021-10-28 00:00:00,1565,CK 8963,USD,4474.4,4474.4,NULL,NULL,NULL
2949,POSTCASH,0,5,RT,2021-10-29 00:00:00,2021-10-29 00:00:00,1577,ACH102921,USD,39912.6,39912.6,NULL,NULL,NULL
2950,POSTCASH,0,1,RT,2021-10-29 00:00:00,2021-10-29 00:00:00,1455,ACH102921,USD,9678.4,9678.4,NULL,NULL,NULL
2951,POSTCASH,0,2,RT,2021-10-29 00:00:00,2021-10-29 00:00:00,1137,ACH102921,USD,2892,2892,NULL,NULL,NULL
2952,POSTCASH,0,1,RT,2021-10-29 00:00:00,2021-10-29 00:00:00,2155,CK 8495,USD,7833,7833,NULL,NULL,NULL
2953,POSTCASH,0,1,RT,2021-11-01 00:00:00,2021-11-02 00:00:00,2022,ACH110121,USD,500,500,NULL,NULL,NULL
2954,POSTCASH,0,1,RT,2021-11-02 00:00:00,2021-11-02 00:00:00,2022,ACH110221,USD,500,500,NULL,NULL,NULL
2955,POSTCASH,0,1,RT,2021-11-02 00:00:00,2021-11-02 00:00:00,1599,ACH110221,USD,4278.4,4278.4,NULL,NULL,NULL
2956,POSTCASH,0,2,RT,2021-11-02 00:00:00,2021-11-02 00:00:00,1636,ACH110221,USD,21071.61,21071.61,NULL,NULL,NULL
2957,POSTCASH,0,1,RT,2021-11-03 00:00:00,2021-11-04 00:00:00,1124,CK 076839,USD,6096,6096,NULL,NULL,NULL
2958,POSTCASH,0,1,RT,2021-11-03 00:00:00,2021-11-04 00:00:00,1700,CK 20257,USD,4238.66,4238.66,NULL,NULL,NULL
2959,POSTCASH,0,1,RT,2021-11-05 00:00:00,2021-11-05 00:00:00,2171,ACH110521,USD,1950,1950,NULL,NULL,NULL
2960,POSTCASH,0,2,RT,2021-11-05 00:00:00,2021-11-05 00:00:00,1455,ACH110521,USD,20447,20447,NULL,NULL,NULL
2961,POSTCASH,0,10,RT,2021-11-05 00:00:00,2021-11-05 00:00:00,1137,ACH110521,USD,27414.92,27414.92,NULL,NULL,NULL
2962,POSTCASH,0,1,RT,2021-11-05 00:00:00,2021-11-05 00:00:00,1577,ACH1105/21,USD,6694.26,6694.26,NULL,NULL,NULL
2963,POSTCASH,0,1,RT,2021-11-09 00:00:00,2021-11-09 00:00:00,2022,ACH110921,USD,500,500,NULL,NULL,NULL
2964,POSTCASH,0,3,RT,2021-11-10 00:00:00,2021-11-10 00:00:00,2118,CK 00463923,USD,28071.2,28071.2,NULL,NULL,NULL
2965,POSTCASH,0,2,RT,2021-11-10 00:00:00,2021-11-10 00:00:00,1500,CK 1059745,USD,37878,37878,NULL,NULL,NULL
2966,POSTCASH,0,2,RT,2021-11-15 00:00:00,2021-11-15 00:00:00,2115,CK 2419,USD,34347.78,34347.78,NULL,NULL,NULL
2967,POSTCASH,0,1,RT,2021-11-15 00:00:00,2021-11-15 00:00:00,2118,CK 00463372,USD,10508.7,10508.7,NULL,NULL,NULL
2968,POSTCASH,0,1,RT,2021-11-15 00:00:00,2021-11-15 00:00:00,2190,CK 116472,USD,19935,19935,NULL,NULL,NULL
2969,POSTCASH,0,1,RT,2021-11-15 00:00:00,2021-11-15 00:00:00,1577,ACH111521,USD,855.6,855.6,NULL,NULL,NULL
2970,POSTCASH,0,3,RT,2021-11-15 00:00:00,2021-11-16 00:00:00,1137,ACH111521,USD,10644.54,10644.54,NULL,NULL,NULL
2971,POSTCASH,0,1,RT,2021-11-16 00:00:00,2021-11-17 00:00:00,2022,ACH111621,USD,500,500,NULL,NULL,NULL
2972,POSTCASH,0,1,RT,2021-11-16 00:00:00,2021-11-17 00:00:00,1578,ACH111621,USD,7077.6,7077.6,NULL,NULL,NULL
2973,POSTCASH,0,2,RT,2021-11-18 00:00:00,2021-11-19 00:00:00,1879,ACH111821,USD,27798.44,27798.44,NULL,NULL,NULL
2974,POSTCASH,0,1,RT,2021-11-19 00:00:00,2021-11-19 00:00:00,1577,ACH111921,USD,4817.4,4817.4,NULL,NULL,NULL
2975,POSTCASH,0,1,RT,2021-11-19 00:00:00,2021-11-19 00:00:00,1455,ACH111921,USD,10299.4,10299.4,NULL,NULL,NULL
2976,POSTCASH,0,1,RT,2021-11-19 00:00:00,2021-11-19 00:00:00,2044,ACH111921,USD,7094.4,7094.4,NULL,NULL,NULL
2977,POSTCASH,0,1,RT,2021-11-19 00:00:00,2021-11-19 00:00:00,2044,ACH111921,USD,4816,4816,NULL,NULL,NULL
2978,POSTCASH,0,1,RT,2021-11-19 00:00:00,2021-11-19 00:00:00,2044,ACH111921,USD,6707.2,6707.2,NULL,NULL,NULL
2979,POSTCASH,0,1,RT,2021-11-19 00:00:00,2021-11-19 00:00:00,2044,ACH111921,USD,6088.5,6088.5,NULL,NULL,NULL
2980,POSTCASH,0,1,RT,2021-11-19 00:00:00,2021-11-19 00:00:00,2044,ACH111921,USD,9835.2,9835.2,NULL,NULL,NULL
2981,POSTCASH,0,1,RT,2021-11-19 00:00:00,2021-11-19 00:00:00,2044,ACH111921,USD,6713.6,6713.6,NULL,NULL,NULL
2982,POSTCASH,0,1,RT,2021-11-19 00:00:00,2021-11-19 00:00:00,2044,ACH111921,USD,5925.92,5925.92,NULL,NULL,NULL
2983,POSTCASH,0,1,RT,2021-11-19 00:00:00,2021-11-19 00:00:00,2044,ACH111921,USD,6712.86,6712.86,NULL,NULL,NULL
2984,POSTCASH,0,3,RT,2021-11-19 00:00:00,2021-11-19 00:00:00,1111,ACH111921,USD,21730.9,21730.9,NULL,NULL,NULL
2985,POSTCASH,0,7,RT,2021-11-19 00:00:00,2021-11-19 00:00:00,1137,ACH111921,USD,16483.44,16483.44,NULL,NULL,NULL
2986,POSTCASH,0,1,RT,2021-11-22 00:00:00,2021-11-22 00:00:00,2022,ACH112221,USD,500,500,NULL,NULL,NULL
2987,POSTCASH,0,1,RT,2021-11-22 00:00:00,2021-11-22 00:00:00,1712,ACH112221,USD,2221.8,2221.8,NULL,NULL,NULL
2988,POSTCASH,0,2,RT,2021-11-22 00:00:00,2021-11-22 00:00:00,2118,CK 00464121,USD,16152.9,16152.9,NULL,NULL,NULL
2989,POSTCASH,0,1,RT,2021-11-22 00:00:00,2021-11-22 00:00:00,2013,CK 43397,USD,1500,1500,NULL,NULL,NULL
2990,POSTCASH,0,1,RT,2021-11-22 00:00:00,2021-11-22 00:00:00,1484,CK 12585,USD,750,750,NULL,NULL,NULL
2991,POSTCASH,0,1,RT,2021-11-22 00:00:00,2021-11-22 00:00:00,1565,CK 9148,USD,4250.4,4250.4,NULL,NULL,NULL
2992,POSTCASH,0,6,RT,2021-11-23 00:00:00,2021-11-23 00:00:00,1114,CK 110079,USD,77742.1,77742.1,NULL,NULL,NULL
2993,POSTCASH,0,1,RT,2021-11-23 00:00:00,2021-11-24 00:00:00,1968,ACH112321,USD,300,300,NULL,NULL,NULL
2994,POSTCASH,0,1,RT,2021-11-29 00:00:00,2021-11-29 00:00:00,1577,ACH112921,USD,1362.33,1362.33,NULL,NULL,NULL
2995,POSTCASH,0,1,RT,2021-11-26 00:00:00,2021-11-29 00:00:00,1111,ACH112621,USD,8224,8224,NULL,NULL,NULL
2996,POSTCASH,0,1,RT,2021-11-29 00:00:00,2021-11-29 00:00:00,1968,ACH112921,USD,300,300,NULL,NULL,NULL
2997,POSTCASH,0,6,RT,2021-11-26 00:00:00,2021-11-29 00:00:00,1137,ACH112621,USD,11965.48,11965.48,NULL,NULL,NULL
2998,POSTCASH,0,2,RT,2021-11-30 00:00:00,2021-11-30 00:00:00,2118,CK 00464478,USD,17314.4,17314.4,NULL,NULL,NULL
2999,POSTCASH,0,1,RT,2021-12-01 00:00:00,2021-12-01 00:00:00,2022,ACH120121,USD,500,500,NULL,NULL,NULL
3000,POSTCASH,0,1,RT,2021-12-01 00:00:00,2021-12-01 00:00:00,1879,ACH120121,USD,16648.32,16648.32,NULL,NULL,NULL
3001,POSTCASH,0,1,RT,2021-12-01 00:00:00,2021-12-02 00:00:00,2044,ACH120121,USD,7035.2,7035.2,NULL,NULL,NULL
3002,POSTCASH,0,1,RT,2021-12-01 00:00:00,2021-12-02 00:00:00,2044,ACH120121,USD,8280,8280,NULL,NULL,NULL
3003,POSTCASH,0,4,RT,2021-12-03 00:00:00,2021-12-03 00:00:00,1577,ACH120321,USD,13764.34,13764.34,NULL,NULL,NULL
3004,POSTCASH,0,1,RT,2021-12-03 00:00:00,2021-12-03 00:00:00,1455,ACH120321,USD,8597.4,8597.4,NULL,NULL,NULL
3005,UACASH,0,1,RT,2021-12-03 00:00:00,2021-12-03 00:00:00,1137,ACH120321,USD,13234.91,13234.91,NULL,NULL,NULL
3006,UACASH-APP,0,6,RT,2021-12-03 00:00:00,2021-12-03 00:00:00,1137,ACH120321,USD,13234.9,13234.9,NULL,NULL,NULL
3007,POSTCASH,0,6,RT,2021-12-03 00:00:00,2021-12-06 00:00:00,1299,WIR120321,USD,42757.04,42757.04,NULL,NULL,NULL
3008,POSTCASH,0,1,RT,2021-12-06 00:00:00,2021-12-06 00:00:00,1357,CK 47179,USD,4533.2,4533.2,NULL,NULL,NULL
3009,POSTCASH,0,1,RT,2021-12-07 00:00:00,2021-12-07 00:00:00,2115,CK 2444,USD,18880.91,18880.91,NULL,NULL,NULL
3010,POSTCASH,0,1,RT,2021-12-07 00:00:00,2021-12-07 00:00:00,2155,CK 008604,USD,15454.2,15454.2,NULL,NULL,NULL
3011,POSTCASH,0,3,RT,2021-12-07 00:00:00,2021-12-07 00:00:00,1114,CK 110265,USD,26336.4,26336.4,NULL,NULL,NULL
3012,UACASH,0,1,RT,2021-12-07 00:00:00,2021-12-07 00:00:00,1500,ck 1062707,USD,54743.6,54743.6,NULL,NULL,NULL
3013,UACASH-APP,0,2,RT,2021-12-07 00:00:00,2021-12-07 00:00:00,1500,ck 1062707,USD,36246.8,36246.8,NULL,NULL,NULL
3014,UNDO-POSTCASH,0,1,RT,2021-12-07 00:00:00,2021-12-07 00:00:00,1500,CK L055070,USD,18496.8,18496.8,NULL,NULL,NULL
3015,UACASH-APP,0,1,RT,2021-12-07 00:00:00,2021-12-07 00:00:00,1500,ck 1062707,USD,18496.8,18496.8,NULL,NULL,NULL
3016,POSTCASH,0,1,RT,2021-12-08 00:00:00,2021-12-08 00:00:00,2022,ACH120821,USD,500,500,NULL,NULL,NULL
3017,POSTCASH,0,2,RT,2021-12-10 00:00:00,2021-12-10 00:00:00,1577,ACH121021,USD,1731.6,1731.6,NULL,NULL,NULL
3018,POSTCASH,0,2,RT,2021-12-10 00:00:00,2021-12-10 00:00:00,1111,ACH121021,USD,17021.85,17021.85,NULL,NULL,NULL
3019,POSTCASH,0,1,RT,2021-12-10 00:00:00,2021-12-10 00:00:00,1879,ACH121021,USD,16636.62,16636.62,NULL,NULL,NULL
3020,POSTCASH,0,1,RT,2021-12-10 00:00:00,2021-12-10 00:00:00,1111,CK 46622,USD,8256.55,8256.55,NULL,NULL,NULL
3021,POSTCASH,0,1,RT,2021-12-10 00:00:00,2021-12-10 00:00:00,1612,CK 7332,USD,3587,3587,NULL,NULL,NULL
3022,POSTCASH,0,6,RT,2021-12-10 00:00:00,2021-12-10 00:00:00,1137,ACH121021,USD,14219.72,14219.72,NULL,NULL,NULL
3023,POSTCASH,0,1,RT,2021-12-13 00:00:00,2021-12-13 00:00:00,1578,ACH121321,USD,6642,6642,NULL,NULL,NULL
3024,POSTCASH,0,1,RT,2021-12-13 00:00:00,2021-12-14 00:00:00,2044,ACH121321,USD,6267.04,6267.04,NULL,NULL,NULL
3025,POSTCASH,0,1,RT,2021-12-13 00:00:00,2021-12-14 00:00:00,2044,ACH121321,USD,6474.4,6474.4,NULL,NULL,NULL
3026,POSTCASH,0,1,RT,2021-12-13 00:00:00,2021-12-14 00:00:00,2044,ACH121321,USD,6704.32,6704.32,NULL,NULL,NULL
3027,POSTCASH,0,1,RT,2021-12-13 00:00:00,2021-12-14 00:00:00,2044,ACH121321,USD,6864.16,6864.16,NULL,NULL,NULL
3028,POSTCASH,0,1,RT,2021-12-13 00:00:00,2021-12-14 00:00:00,2044,ACH121321,USD,7101.92,7101.92,NULL,NULL,NULL
3029,POSTCASH,0,1,RT,2021-12-14 00:00:00,2021-12-15 00:00:00,1114,CK 061825,USD,15842.4,15842.4,NULL,NULL,NULL
3030,POSTCASH,0,1,RT,2021-12-15 00:00:00,2021-12-15 00:00:00,1649,CK 15346,USD,3237,3237,NULL,NULL,NULL
3031,UACASH,0,1,RT,2021-12-15 00:00:00,2021-12-15 00:00:00,2022,ACH121521,USD,500,500,NULL,NULL,NULL
3032,UACASH-APP,0,1,RT,2021-12-15 00:00:00,2021-12-15 00:00:00,2022,ACH121521,USD,55.16,55.16,NULL,NULL,NULL
3033,UACASH-APP,0,1,RT,2021-12-15 00:00:00,2021-12-15 00:00:00,2022,ACH121521,USD,444.84,444.84,NULL,NULL,NULL
3034,POSTCASH,0,1,RT,2021-12-16 00:00:00,2021-12-16 00:00:00,2114,CK 1681,USD,4035.64,4035.64,NULL,NULL,NULL
3035,POSTCASH,0,1,RT,2021-12-16 00:00:00,2021-12-16 00:00:00,1879,ACH121621,USD,12664.26,12664.26,NULL,NULL,NULL
3036,POSTCASH,0,3,RT,2021-12-10 00:00:00,2021-12-17 00:00:00,1455,ACH121021,USD,19244.3,19244.3,NULL,NULL,NULL
3037,POSTCASH,0,2,RT,2021-12-17 00:00:00,2021-12-17 00:00:00,1712,ACH121721,USD,8137.12,8137.12,NULL,NULL,NULL
3038,POSTCASH,0,1,RT,2021-12-17 00:00:00,2021-12-17 00:00:00,1577,ACH121721,USD,1752,1752,NULL,NULL,NULL
3039,POSTCASH,0,4,RT,2021-12-17 00:00:00,2021-12-17 00:00:00,1137,ACH121721,USD,11099.68,11099.68,NULL,NULL,NULL
3040,POSTCASH,0,3,RT,2021-12-17 00:00:00,2021-12-17 00:00:00,1124,CK  077002,USD,12367.24,12367.24,NULL,NULL,NULL
3041,UACASH,0,1,RT,2021-12-20 00:00:00,2021-12-20 00:00:00,1455,ACH122021,USD,6392.58,6392.58,NULL,NULL,NULL
3042,UACASH-APP,0,1,RT,2021-12-20 00:00:00,2021-12-20 00:00:00,1455,ACH122021,USD,5770.7,5770.7,NULL,NULL,NULL
3043,UACASH-APP,0,1,RT,2021-12-20 00:00:00,2021-12-20 00:00:00,1455,ACH122021,USD,621.88,621.88,NULL,NULL,NULL
3044,POSTCASH,0,6,RT,2021-12-20 00:00:00,2021-12-21 00:00:00,1486,CK 7441,USD,35494.8,35494.8,NULL,NULL,NULL
3045,POSTCASH,0,1,RT,2021-12-20 00:00:00,2021-12-22 00:00:00,2044,ACH122021,USD,5484.8,5484.8,NULL,NULL,NULL
3046,POSTCASH,0,1,RT,2021-12-20 00:00:00,2021-12-22 00:00:00,2044,ACH122021,USD,6476.48,6476.48,NULL,NULL,NULL
3047,POSTCASH,0,2,RT,2021-12-21 00:00:00,2021-12-22 00:00:00,1968,ACH122121,USD,450,450,NULL,NULL,NULL
3048,POSTCASH,0,2,RT,2021-12-21 00:00:00,2021-12-22 00:00:00,2115,WIR122121,USD,45646.3,45646.3,NULL,NULL,NULL
3049,POSTCASH,0,1,RT,2021-12-21 00:00:00,2021-12-22 00:00:00,1636,ACH122121,USD,15202.46,15202.46,NULL,NULL,NULL
3050,POSTCASH,0,1,RT,2021-12-23 00:00:00,2021-12-23 00:00:00,2022,ACH122321,USD,554.77,554.77,NULL,NULL,NULL
3051,UACASH-APP,0,1,RT,2021-12-23 00:00:00,2021-12-23 00:00:00,2022,ach101321,USD,0.39,0.39,NULL,NULL,NULL
3052,POSTCASH,0,1,RT,2021-12-24 00:00:00,2021-12-27 00:00:00,2044,ACH122421,USD,5765.28,5765.28,NULL,NULL,NULL
3053,POSTCASH,0,1,RT,2021-12-24 00:00:00,2021-12-27 00:00:00,2044,ACH122421,USD,6902.45,6902.45,NULL,NULL,NULL
3054,UACASH,0,1,RT,2021-12-24 00:00:00,2021-12-27 00:00:00,1455,ACH122421,USD,9048.16,9048.16,NULL,NULL,NULL
3055,UACASH-APP,0,1,RT,2021-12-27 00:00:00,2021-12-27 00:00:00,1455,ACH122421,USD,8426.28,8426.28,NULL,NULL,NULL
3056,UACASH-APP,0,1,RT,2021-12-27 00:00:00,2021-12-27 00:00:00,1455,ACH122421,USD,621.88,621.88,NULL,NULL,NULL
3057,POSTCASH,0,1,RT,2021-12-24 00:00:00,2021-12-27 00:00:00,1577,ACH122421,USD,12344.63,12344.63,NULL,NULL,NULL
3058,POSTCASH,0,12,RT,2021-12-24 00:00:00,2021-12-27 00:00:00,1137,ACH122421,USD,39273.16,39273.16,NULL,NULL,NULL
3059,POSTCASH,0,2,RT,2021-12-29 00:00:00,2021-12-29 00:00:00,2115,CK 2459,USD,283.64,283.64,NULL,NULL,NULL
3060,POSTCASH,0,1,RT,2021-12-30 00:00:00,2021-12-30 00:00:00,1577,ACH123021,USD,14343.73,14343.73,NULL,NULL,NULL
3061,POSTCASH,0,6,RT,2021-12-30 00:00:00,2021-12-30 00:00:00,1577,ACH123021,USD,38891.13,38891.13,NULL,NULL,NULL
3062,POSTCASH,0,1,RT,2021-12-29 00:00:00,2021-12-30 00:00:00,2022,ACH122921,USD,500,500,NULL,NULL,NULL
3063,POSTCASH,0,1,RT,2022-01-05 00:00:00,2022-01-05 00:00:00,1879,ACH010522,USD,16855.8,16855.8,NULL,NULL,NULL
3064,POSTCASH,0,1,RT,2022-01-05 00:00:00,2022-01-05 00:00:00,2022,ACH010522,USD,500,500,NULL,NULL,NULL
3065,POSTCASH,0,2,RT,2021-12-31 00:00:00,2022-01-05 00:00:00,1111,ACH123121,USD,13868.1,13868.1,NULL,NULL,NULL
3066,POSTCASH,0,1,RT,2022-01-04 00:00:00,2022-01-05 00:00:00,2137,ACH010422,USD,14521.38,14521.38,NULL,NULL,NULL
3067,POSTCASH,0,3,RT,2021-12-31 00:00:00,2022-01-05 00:00:00,1137,ACH123121,USD,7155.16,7155.16,NULL,NULL,NULL
3068,POSTCASH,0,2,RT,2022-01-04 00:00:00,2022-01-05 00:00:00,1630,ACH010422,USD,51873.42,51873.42,NULL,NULL,NULL
3069,POSTCASH,0,2,RT,2022-01-05 00:00:00,2022-01-05 00:00:00,1630,ACH010522,USD,51873.42,51873.42,NULL,NULL,NULL
3070,POSTCASH,0,2,RT,2022-01-07 00:00:00,2022-01-07 00:00:00,1455,ACH010722,USD,10345.44,10345.44,NULL,NULL,NULL
3071,POSTCASH,0,7,RT,2022-01-07 00:00:00,2022-01-07 00:00:00,1137,ACH010721,USD,21097.18,21097.18,NULL,NULL,NULL
3072,POSTCASH,0,1,RT,2022-01-07 00:00:00,2022-01-07 00:00:00,1577,ACH010722,USD,878.8,878.8,NULL,NULL,NULL
3073,POSTCASH,0,1,RT,2022-01-07 00:00:00,2022-01-07 00:00:00,1128,CK 50935,USD,9335.76,9335.76,NULL,NULL,NULL
3074,POSTCASH,0,1,RT,2022-01-07 00:00:00,2022-01-07 00:00:00,2080,CK 14068,USD,1025,1025,NULL,NULL,NULL
3075,POSTCASH,0,2,RT,2022-01-07 00:00:00,2022-01-07 00:00:00,1486,CK 7516,USD,15719.2,15719.2,NULL,NULL,NULL
3076,POSTCASH,0,3,RT,2022-01-07 00:00:00,2022-01-07 00:00:00,2118,CK 00465742,USD,18305.1,18305.1,NULL,NULL,NULL
3077,POSTCASH,0,1,RT,2022-01-07 00:00:00,2022-01-07 00:00:00,2155,CK 008721,USD,17710.84,17710.84,NULL,NULL,NULL
3078,POSTCASH,0,1,RT,2022-01-07 00:00:00,2022-01-07 00:00:00,1357,CK  1041795,USD,4936.8,4936.8,NULL,NULL,NULL
3079,POSTCASH,0,3,RT,2022-01-10 00:00:00,2022-01-10 00:00:00,1712,ACH011022,USD,7746.19,7746.19,NULL,NULL,NULL
3080,POSTCASH,0,12,RT,2022-01-11 00:00:00,2022-01-11 00:00:00,2118,CK 00466152,USD,100976.6,100976.6,NULL,NULL,NULL
3081,UNDO-POSTCASH,0,1,RT,2021-12-30 00:00:00,2022-01-13 00:00:00,1577,ACH123021,USD,7639.36,7639.36,NULL,NULL,NULL
3082,POSTCASH,0,1,RT,2021-12-30 00:00:00,2022-01-13 00:00:00,1577,ACH123021,USD,7639.36,7639.36,NULL,NULL,NULL
3083,UACASH,0,1,RT,2022-01-14 00:00:00,2022-01-14 00:00:00,1577,ach011422,USD,28833.75,28833.75,NULL,NULL,NULL
3084,UACASH-APP,0,4,RT,2022-01-14 00:00:00,2022-01-14 00:00:00,1577,ach011422,USD,28766.25,28766.25,NULL,NULL,NULL
3085,POSTCASH,0,1,RT,2022-01-14 00:00:00,2022-01-14 00:00:00,1111,ACH011422,USD,3259.9,3259.9,NULL,NULL,NULL
3086,POSTCASH,0,2,RT,2022-01-14 00:00:00,2022-01-14 00:00:00,1137,ACH011422,USD,2192.4,2192.4,NULL,NULL,NULL
3087,UACASH,0,1,RT,2022-01-14 00:00:00,2022-01-14 00:00:00,1455,ACH011422,USD,17556.66,17556.66,NULL,NULL,NULL
3088,UACASH-APP,0,2,RT,2022-01-14 00:00:00,2022-01-14 00:00:00,1455,ACH011422,USD,16934.78,16934.78,NULL,NULL,NULL
3089,POSTCASH,0,1,RT,2022-01-14 00:00:00,2022-01-14 00:00:00,2166,CK 5728,USD,1743,1743,NULL,NULL,NULL
3090,POSTCASH,0,1,RT,2022-01-14 00:00:00,2022-01-17 00:00:00,2044,ACH011422,USD,4672.48,4672.48,NULL,NULL,NULL
3091,POSTCASH,0,1,RT,2022-01-14 00:00:00,2022-01-17 00:00:00,2044,ACH011422,USD,6182.4,6182.4,NULL,NULL,NULL
3092,POSTCASH,0,1,RT,2022-01-14 00:00:00,2022-01-17 00:00:00,2044,ACH011422,USD,4747.2,4747.2,NULL,NULL,NULL
3093,POSTCASH,0,1,RT,2022-01-14 00:00:00,2022-01-17 00:00:00,2044,ACH011422,USD,6275.2,6275.2,NULL,NULL,NULL
3094,POSTCASH,0,1,RT,2022-01-14 00:00:00,2022-01-17 00:00:00,2044,ACJ011422,USD,4811.6,4811.6,NULL,NULL,NULL
3095,POSTCASH,0,1,RT,2022-01-14 00:00:00,2022-01-17 00:00:00,2044,ACH011422,USD,6291.2,6291.2,NULL,NULL,NULL
3096,POSTCASH,0,1,RT,2022-01-14 00:00:00,2022-01-17 00:00:00,2044,ACH011422,USD,5523.2,5523.2,NULL,NULL,NULL
3097,POSTCASH,0,1,RT,2022-01-14 00:00:00,2022-01-17 00:00:00,2044,ACH011422,USD,6296.4,6296.4,NULL,NULL,NULL
3098,POSTCASH,0,1,RT,2022-01-14 00:00:00,2022-01-17 00:00:00,2044,ACH011422,USD,5574.4,5574.4,NULL,NULL,NULL
3099,POSTCASH,0,1,RT,2022-01-14 00:00:00,2022-01-17 00:00:00,2044,ACJ011422,USD,5955.36,5955.36,NULL,NULL,NULL
3100,POSTCASH,0,1,RT,2022-01-14 00:00:00,2022-01-17 00:00:00,2044,ACH011422,USD,6620.16,6620.16,NULL,NULL,NULL
3101,POSTCASH,0,1,RT,2022-01-20 00:00:00,2022-01-20 00:00:00,2137,ACH012022,USD,18681.55,18681.55,NULL,NULL,NULL
3102,POSTCASH,0,1,RT,2022-01-20 00:00:00,2022-01-20 00:00:00,1486,CK 7586,USD,4457.4,4457.4,NULL,NULL,NULL
3103,POSTCASH,0,2,RT,2022-01-19 00:00:00,2022-01-20 00:00:00,1124,CK 077100,USD,11716.68,11716.68,NULL,NULL,NULL
3104,POSTCASH,0,3,RT,2022-01-20 00:00:00,2022-01-20 00:00:00,1114,CK 110881,USD,17605.5,17605.5,NULL,NULL,NULL
3105,POSTCASH,0,1,RT,2022-01-19 00:00:00,2022-01-20 00:00:00,2115,CK 2479,USD,1442.52,1442.52,NULL,NULL,NULL
3106,POSTCASH,0,1,RT,2022-01-21 00:00:00,2022-01-21 00:00:00,1111,ACH012122,USD,9294.3,9294.3,NULL,NULL,NULL
3107,UACASH-APP,0,1,RT,2022-01-21 00:00:00,2022-01-21 00:00:00,1577,ach011422,USD,67.5,67.5,NULL,NULL,NULL
3108,POSTCASH,0,1,RT,2022-01-21 00:00:00,2022-01-21 00:00:00,1577,ACH012122,USD,2171.1,2171.1,NULL,NULL,NULL
3109,POSTCASH,0,1,RT,2022-01-21 00:00:00,2022-01-21 00:00:00,1712,ACH012122,USD,2097.9,2097.9,NULL,NULL,NULL
3110,POSTCASH,0,5,RT,2022-01-21 00:00:00,2022-01-21 00:00:00,1137,ACH012122,USD,15710.2,15710.2,NULL,NULL,NULL
3111,POSTCASH,0,1,RT,2022-01-21 00:00:00,2022-01-21 00:00:00,2105,CK 001294,USD,1233.6,1233.6,NULL,NULL,NULL
3112,POSTCASH,0,1,RT,2022-01-21 00:00:00,2022-01-21 00:00:00,1357,CK 10418015,USD,4485.74,4485.74,NULL,NULL,NULL
3113,POSTCASH,0,1,RT,2022-01-24 00:00:00,2022-01-24 00:00:00,2044,ACH012422,USD,6457.6,6457.6,NULL,NULL,NULL
3114,POSTCASH,0,1,RT,2022-01-24 00:00:00,2022-01-24 00:00:00,2044,ACH012422,USD,4764.8,4764.8,NULL,NULL,NULL
3115,POSTCASH,0,1,RT,2022-01-24 00:00:00,2022-01-24 00:00:00,2044,ACH012422,USD,4903.6,4903.6,NULL,NULL,NULL
3116,POSTCASH,0,1,RT,2022-01-25 00:00:00,2022-01-25 00:00:00,1968,ACH012522,USD,300,300,NULL,NULL,NULL
3117,POSTCASH,0,1,RT,2022-01-25 00:00:00,2022-01-26 00:00:00,2114,CK 1763,USD,2536.8,2536.8,NULL,NULL,NULL
3118,POSTCASH,0,2,RT,2022-01-25 00:00:00,2022-01-26 00:00:00,1299,WIR012522,USD,12146.04,12146.04,NULL,NULL,NULL
3119,POSTCASH,0,1,RT,2022-01-28 00:00:00,2022-01-28 00:00:00,2207,CK 11176,USD,1417.5,1417.5,NULL,NULL,NULL
3120,POSTCASH,0,4,RT,2022-01-27 00:00:00,2022-01-28 00:00:00,1124,CK 077059,USD,19033.28,19033.28,NULL,NULL,NULL
3121,POSTCASH,0,2,RT,2022-01-28 00:00:00,2022-01-28 00:00:00,1474,CK 39320,USD,27878.55,27878.55,NULL,NULL,NULL
3122,POSTCASH,0,1,RT,2022-01-28 00:00:00,2022-01-28 00:00:00,1960,CK 20237403,USD,10112.5,10112.5,NULL,NULL,NULL
3123,POSTCASH,0,1,RT,2022-01-28 00:00:00,2022-01-28 00:00:00,2001,ACH012822,USD,4521.6,4521.6,NULL,NULL,NULL
3124,POSTCASH,0,5,RT,2022-01-28 00:00:00,2022-01-28 00:00:00,1577,ACH012822,USD,33212.71,33212.71,NULL,NULL,NULL
3125,POSTCASH,0,4,RT,2022-01-28 00:00:00,2022-01-28 00:00:00,1137,ACH012822,USD,12157,12157,NULL,NULL,NULL
3126,POSTCASH,0,2,RT,2022-01-27 00:00:00,2022-01-28 00:00:00,2137,ACH012722,USD,21245.27,21245.27,NULL,NULL,NULL
3127,POSTCASH,0,2,RT,2022-01-28 00:00:00,2022-01-28 00:00:00,1111,ACH012822,USD,20860.8,20860.8,NULL,NULL,NULL
3128,POSTCASH,0,1,RT,2022-01-31 00:00:00,2022-01-31 00:00:00,1585,CK 132866,USD,6999.2,6999.2,NULL,NULL,NULL
3129,POSTCASH,0,1,RT,2022-01-31 00:00:00,2022-01-31 00:00:00,1565,CK 9687,USD,3389.54,3389.54,NULL,NULL,NULL
3130,POSTCASH,0,1,RT,2022-01-31 00:00:00,2022-01-31 00:00:00,2191,ACH013122,USD,2770,2770,NULL,NULL,NULL
3131,POSTCASH,0,1,RT,2022-01-31 00:00:00,2022-01-31 00:00:00,2191,ACH013122,USD,3064,3064,NULL,NULL,NULL
3132,POSTCASH,0,1,RT,2022-02-01 00:00:00,2022-02-02 00:00:00,1612,CK 7361,USD,2661.2,2661.2,NULL,NULL,NULL
3133,POSTCASH,0,1,RT,2022-02-01 00:00:00,2022-02-02 00:00:00,2155,CK 008809,USD,11598,11598,NULL,NULL,NULL
3134,POSTCASH,0,5,RT,2022-02-01 00:00:00,2022-02-02 00:00:00,2086,CK 114728,USD,21068.4,21068.4,NULL,NULL,NULL
3135,POSTCASH,0,1,RT,2022-02-02 00:00:00,2022-02-02 00:00:00,2194,CK 30076,USD,3326.15,3326.15,NULL,NULL,NULL
3136,POSTCASH,0,2,RT,2022-02-04 00:00:00,2022-02-04 00:00:00,1577,ACH020422,USD,5400.6,5400.6,NULL,NULL,NULL
3137,POSTCASH,0,1,RT,2022-02-02 00:00:00,2022-02-04 00:00:00,1866,ACH020222,USD,7313.82,7313.82,NULL,NULL,NULL
3138,POSTCASH,0,1,RT,2022-02-07 00:00:00,2022-02-08 00:00:00,1700,CK 20784,USD,2381.12,2381.12,NULL,NULL,NULL
3139,POSTCASH,0,1,RT,2022-02-07 00:00:00,2022-02-09 00:00:00,2137,ACH020722,USD,5632.53,5632.53,NULL,NULL,NULL
3140,POSTCASH,0,1,RT,2022-02-09 00:00:00,2022-02-09 00:00:00,1111,ACH020722,USD,8485.7,8485.7,NULL,NULL,NULL
3141,POSTCASH,0,2,RT,2022-02-10 00:00:00,2022-02-10 00:00:00,1124,CK 077140,USD,7604.48,7604.48,NULL,NULL,NULL
3142,POSTCASH,0,1,RT,2022-02-09 00:00:00,2022-02-10 00:00:00,1866,ACH020922,USD,4102.1,4102.1,NULL,NULL,NULL
3143,POSTCASH,0,2,RT,2022-02-10 00:00:00,2022-02-10 00:00:00,1866,CM 54519R,USD,0,0,NULL,NULL,NULL
3144,UACASH,0,1,RT,2022-02-11 00:00:00,2022-02-11 00:00:00,1474,ach021022,USD,44057.01,44057.01,NULL,NULL,NULL
3145,UACASH-APP,0,2,RT,2022-02-11 00:00:00,2022-02-11 00:00:00,1474,ach021022,USD,30324.46,30324.46,NULL,NULL,NULL
3146,POSTCASH,0,2,RT,2022-02-11 00:00:00,2022-02-11 00:00:00,1577,ACH021122,USD,16398.77,16398.77,NULL,NULL,NULL
3147,POSTCASH,0,1,RT,2022-02-11 00:00:00,2022-02-11 00:00:00,1455,ACH021122,USD,9921.6,9921.6,NULL,NULL,NULL
3148,POSTCASH,0,2,RT,2022-02-11 00:00:00,2022-02-11 00:00:00,1111,ACH021122,USD,15118.25,15118.25,NULL,NULL,NULL
3149,POSTCASH,0,8,RT,2022-02-11 00:00:00,2022-02-11 00:00:00,1137,ACH021122,USD,11376.06,11376.06,NULL,NULL,NULL
3150,POSTCASH,0,1,RT,2022-02-14 00:00:00,2022-02-14 00:00:00,2137,ACH021422,USD,14296,14296,NULL,NULL,NULL
3151,POSTCASH,0,1,RT,2022-02-14 00:00:00,2022-02-14 00:00:00,2044,ACH021422,USD,4445.9,4445.9,NULL,NULL,NULL
3152,POSTCASH,0,1,RT,2022-02-14 00:00:00,2022-02-14 00:00:00,2044,ACH021422,USD,4664.4,4664.4,NULL,NULL,NULL
3153,POSTCASH,0,1,RT,2022-02-14 00:00:00,2022-02-14 00:00:00,2044,ACH021422,USD,4473.5,4473.5,NULL,NULL,NULL
3154,POSTCASH,0,1,RT,2022-02-14 00:00:00,2022-02-14 00:00:00,2044,ACH021422,USD,4533.3,4533.3,NULL,NULL,NULL
3155,POSTCASH,0,1,RT,2022-02-14 00:00:00,2022-02-14 00:00:00,2044,ACH021422,USD,4820.8,4820.8,NULL,NULL,NULL
3156,POSTCASH,0,1,RT,2022-02-14 00:00:00,2022-02-14 00:00:00,2044,ACH021422,USD,4915.1,4915.1,NULL,NULL,NULL
3157,POSTCASH,0,1,RT,2022-02-15 00:00:00,2022-02-15 00:00:00,1879,ACH021522,USD,13496.84,13496.84,NULL,NULL,NULL
3158,POSTCASH,0,2,RT,2022-02-15 00:00:00,2022-02-15 00:00:00,1500,CK 1067939,USD,26492.4,26492.4,NULL,NULL,NULL
3159,POSTCASH,0,1,RT,2022-02-15 00:00:00,2022-02-15 00:00:00,1500,CK 1069083,USD,13444.2,13444.2,NULL,NULL,NULL
3160,POSTCASH,0,1,RT,2022-02-15 00:00:00,2022-02-15 00:00:00,2118,CK 00467799,USD,6897.7,6897.7,NULL,NULL,NULL
3161,POSTCASH,0,1,RT,2022-02-15 00:00:00,2022-02-15 00:00:00,1561,CK 79020,USD,8237.4,8237.4,NULL,NULL,NULL
3162,POSTCASH,0,1,RT,2022-02-17 00:00:00,2022-02-17 00:00:00,1455,ACH021722,USD,7851.56,7851.56,NULL,NULL,NULL
3163,POSTCASH,0,1,RT,2022-02-17 00:00:00,2022-02-17 00:00:00,1909,CK11471,USD,1004,1004,NULL,NULL,NULL
3164,UACASH-APP,0,1,RT,2022-02-17 00:00:00,2022-02-17 00:00:00,1474,ach021022,USD,13732.55,13732.55,NULL,NULL,NULL
3165,POSTCASH,0,1,RT,2022-02-18 00:00:00,2022-02-18 00:00:00,1111,ACH021822,USD,12396,12396,NULL,NULL,NULL
3166,POSTCASH,0,4,RT,2022-02-18 00:00:00,2022-02-18 00:00:00,1577,ACH021822,USD,20518.52,20518.52,NULL,NULL,NULL
3167,POSTCASH,0,9,RT,2022-02-18 00:00:00,2022-02-18 00:00:00,1137,ACH021822,USD,17000,17000,NULL,NULL,NULL
3168,POSTCASH,0,1,RT,2022-01-13 00:00:00,2022-02-21 00:00:00,1357,CK 10417980,USD,4320,4320,NULL,NULL,NULL
3169,POSTCASH,0,1,RT,2022-02-24 00:00:00,2022-02-24 00:00:00,1599,ACH022222,USD,3879.2,3879.2,NULL,NULL,NULL
3170,UACASH,0,1,RT,2022-02-22 00:00:00,2022-02-24 00:00:00,1775,ach022222,USD,646.51,646.51,NULL,NULL,NULL
3171,UACASH-APP,0,1,RT,2022-02-24 00:00:00,2022-02-24 00:00:00,1775,ach022222,USD,496.51,496.51,NULL,NULL,NULL
3172,POSTCASH,0,1,RT,2022-01-13 00:00:00,2022-02-25 00:00:00,2115,CK 2470 ,USD,28056.38,28056.38,NULL,NULL,NULL
3173,POSTCASH,0,1,RT,2022-01-13 00:00:00,2022-02-25 00:00:00,2006,CK 209666,USD,3914.4,3914.4,NULL,NULL,NULL
3174,POSTCASH,0,7,RT,2022-02-28 00:00:00,2022-03-01 00:00:00,1114,CK 111476,USD,47552.9,47552.9,NULL,NULL,NULL
3175,POSTCASH,0,1,RT,2022-02-28 00:00:00,2022-03-01 00:00:00,1500,CK 107101,USD,4505.6,4505.6,NULL,NULL,NULL
3176,POSTCASH,0,1,RT,2022-02-28 00:00:00,2022-03-01 00:00:00,1909,CK 11497,USD,1166.4,1166.4,NULL,NULL,NULL
3177,POSTCASH,0,1,RT,2022-02-28 00:00:00,2022-03-01 00:00:00,2118,CK 00468083,USD,9866.8,9866.8,NULL,NULL,NULL
3178,POSTCASH,0,4,RT,2022-02-28 00:00:00,2022-03-01 00:00:00,2086,CK 115113,USD,24081.2,24081.2,NULL,NULL,NULL
3179,POSTCASH,0,2,RT,2022-03-01 00:00:00,2022-03-02 00:00:00,2086,CK 115247,USD,15099.92,15099.92,NULL,NULL,NULL
3180,POSTCASH,0,3,RT,2022-02-25 00:00:00,2022-03-02 00:00:00,1577,ACH022522,USD,42164.72,42164.72,NULL,NULL,NULL
3181,POSTCASH,0,1,RT,2022-03-01 00:00:00,2022-03-02 00:00:00,1879,ACH030122,USD,12619.59,12619.59,NULL,NULL,NULL
3182,POSTCASH,0,1,RT,2022-03-01 00:00:00,2022-03-02 00:00:00,2137,ACH030122,USD,14332,14332,NULL,NULL,NULL
3183,POSTCASH,0,1,RT,2022-02-28 00:00:00,2022-03-02 00:00:00,2105,ACH022822,USD,2336,2336,NULL,NULL,NULL
3184,POSTCASH,0,1,RT,2022-02-28 00:00:00,2022-03-02 00:00:00,2044,ACH022822,USD,4786.3,4786.3,NULL,NULL,NULL
3185,POSTCASH,0,1,RT,2022-02-28 00:00:00,2022-03-02 00:00:00,2044,ACH022822,USD,6256,6256,NULL,NULL,NULL
3186,UACASH-APP,0,1,RT,2022-03-02 00:00:00,2022-03-02 00:00:00,1775,ach022222,USD,150,150,NULL,NULL,NULL
3187,POSTCASH,0,2,RT,2022-03-01 00:00:00,2022-03-03 00:00:00,1124,CK 077226,USD,11519.84,11519.84,NULL,NULL,NULL
3188,POSTCASH,0,1,RT,2022-03-02 00:00:00,2022-03-03 00:00:00,1610,CK 48811,USD,6060,6060,NULL,NULL,NULL
3189,POSTCASH,0,1,RT,2022-03-02 00:00:00,2022-03-03 00:00:00,1486,CK 7949,USD,9417.6,9417.6,NULL,NULL,NULL
3190,POSTCASH,0,4,RT,2022-03-03 00:00:00,2022-03-03 00:00:00,1630,ACH030322,USD,59086.76,59086.76,NULL,NULL,NULL
3191,POSTCASH,0,1,RT,2022-03-03 00:00:00,2022-03-03 00:00:00,1474,CK 39481,USD,14953.55,14953.55,NULL,NULL,NULL
3192,POSTCASH,0,1,RT,2022-03-04 00:00:00,2022-03-07 00:00:00,1474,ACH030422,USD,14828.4,14828.4,NULL,NULL,NULL
3193,POSTCASH,0,2,RT,2022-03-04 00:00:00,2022-03-07 00:00:00,1111,ACH030422,USD,12953.5,12953.5,NULL,NULL,NULL
3194,POSTCASH,0,3,RT,2022-03-04 00:00:00,2022-03-07 00:00:00,1577,ACH030422,USD,7562,7562,NULL,NULL,NULL
3195,POSTCASH,0,3,RT,2022-03-04 00:00:00,2022-03-07 00:00:00,1712,ACH030422,USD,4610.83,4610.83,NULL,NULL,NULL
3196,UACASH,0,1,RT,2022-02-25 00:00:00,2022-03-07 00:00:00,1455,ACH022522,USD,14386.98,14386.98,NULL,NULL,NULL
3197,UACASH-APP,0,1,RT,2022-03-07 00:00:00,2022-03-07 00:00:00,1455,ACH022522,USD,4339.2,4339.2,NULL,NULL,NULL
3198,POSTCASH,0,8,RT,2022-03-07 00:00:00,2022-03-08 00:00:00,1137,ACH030722,USD,22950,22950,NULL,NULL,NULL
3199,POSTCASH,0,1,RT,2022-03-08 00:00:00,2022-03-08 00:00:00,1879,ACH030822,USD,13596.4,13596.4,NULL,NULL,NULL
3200,POSTCASH,0,1,RT,2022-03-08 00:00:00,2022-03-08 00:00:00,2035,CK 5799,USD,11502.4,11502.4,NULL,NULL,NULL
3201,POSTCASH,0,1,RT,2022-03-08 00:00:00,2022-03-08 00:00:00,1565,CK 9991,USD,5950.7,5950.7,NULL,NULL,NULL
3202,POSTCASH,0,3,RT,2022-03-08 00:00:00,2022-03-08 00:00:00,1585,CK 133254,USD,13691.8,13691.8,NULL,NULL,NULL
3203,POSTCASH,0,1,RT,2022-03-08 00:00:00,2022-03-08 00:00:00,2118,CK 00468500,USD,7080.3,7080.3,NULL,NULL,NULL
3204,POSTCASH,0,3,RT,2022-02-09 00:00:00,2022-03-09 00:00:00,1137,ACH020722,USD,6240.05,6240.05,NULL,NULL,NULL
3205,POSTCASH,0,1,RT,2022-02-10 00:00:00,2022-03-09 00:00:00,2114,CK 1857,USD,2805.6,2805.6,NULL,NULL,NULL
3206,POSTCASH,0,1,RT,2022-03-09 00:00:00,2022-03-09 00:00:00,2105,ACH030922,USD,2619.2,2619.2,NULL,NULL,NULL
3207,POSTCASH,0,2,RT,2022-03-09 00:00:00,2022-03-10 00:00:00,1299,WIR030922,USD,20126.09,20126.09,NULL,NULL,NULL
3208,POSTCASH,0,1,RT,2022-03-10 00:00:00,2022-03-10 00:00:00,1610,ACH031022,USD,5704,5704,NULL,NULL,NULL
3209,POSTCASH,0,1,RT,2022-03-11 00:00:00,2022-03-11 00:00:00,1455,ACH031122,USD,11183.6,11183.6,NULL,NULL,NULL
3210,POSTCASH,0,1,RT,2022-03-11 00:00:00,2022-03-11 00:00:00,1612,CK 7386,USD,8527.2,8527.2,NULL,NULL,NULL
3211,POSTCASH,0,1,RT,2022-03-11 00:00:00,2022-03-11 00:00:00,2086,CK 115416,USD,5803.21,5803.21,NULL,NULL,NULL
3212,POSTCASH,0,7,RT,2022-03-11 00:00:00,2022-03-11 00:00:00,1137,ACH031122,USD,18841.71,18841.71,NULL,NULL,NULL
3213,POSTCASH,0,1,RT,2022-03-11 00:00:00,2022-03-14 00:00:00,1577,ACH031122,USD,831.51,831.51,NULL,NULL,NULL
3214,UACASH-APP,0,1,RT,2022-03-15 00:00:00,2022-03-15 00:00:00,1455,ACH112020,USD,69,69,NULL,NULL,NULL
3215,POSTCASH,0,1,RT,2022-03-14 00:00:00,2022-03-16 00:00:00,2105,ACH031422,USD,4304,4304,NULL,NULL,NULL
3216,POSTCASH,0,1,RT,2022-03-15 00:00:00,2022-03-16 00:00:00,1124,CK 077271,USD,4923.04,4923.04,NULL,NULL,NULL
3217,POSTCASH,0,2,RT,2022-03-15 00:00:00,2022-03-16 00:00:00,2086,CK 115553,USD,13734.36,13734.36,NULL,NULL,NULL
3218,POSTCASH,0,2,RT,2022-03-15 00:00:00,2022-03-16 00:00:00,2166,CK 5796,USD,3396,3396,NULL,NULL,NULL
3219,POSTCASH,0,1,RT,2022-03-15 00:00:00,2022-03-16 00:00:00,2118,CK 468685,USD,7930.4,7930.4,NULL,NULL,NULL
3220,POSTCASH,0,2,RT,2022-03-17 00:00:00,2022-03-17 00:00:00,1577,54246,USD,0,0,NULL,NULL,NULL
3221,POSTCASH,0,1,RT,2022-03-17 00:00:00,2022-03-18 00:00:00,1500,CK 109312,USD,14179.4,14179.4,NULL,NULL,NULL
3222,POSTCASH,0,1,RT,2022-03-18 00:00:00,2022-03-18 00:00:00,1879,ACH031822,USD,12498.6,12498.6,NULL,NULL,NULL
3223,UACASH-APP,0,1,RT,2022-03-18 00:00:00,2022-03-18 00:00:00,1455,ACH022522,USD,9978.78,9978.78,NULL,NULL,NULL
3224,POSTCASH,0,3,RT,2022-03-18 00:00:00,2022-03-18 00:00:00,1111,ACH031822,USD,38877.65,38877.65,NULL,NULL,NULL
3225,UACASH,0,1,RT,2022-03-18 00:00:00,2022-03-18 00:00:00,1577,ACH031822,USD,13864.93,13864.93,NULL,NULL,NULL
3226,UACASH-APP,0,2,RT,2022-03-18 00:00:00,2022-03-18 00:00:00,1577,ACH031822,USD,13714.93,13714.93,NULL,NULL,NULL
3227,POSTCASH,0,1,RT,2022-03-17 00:00:00,2022-03-18 00:00:00,2044,ACH031722,USD,4425.2,4425.2,NULL,NULL,NULL
3228,POSTCASH,0,1,RT,2022-03-17 00:00:00,2022-03-18 00:00:00,2044,ACH031722,USD,4728.8,4728.8,NULL,NULL,NULL
3229,POSTCASH,0,1,RT,2022-03-17 00:00:00,2022-03-18 00:00:00,2044,ACH031722,USD,4752.95,4752.95,NULL,NULL,NULL
3230,POSTCASH,0,1,RT,2022-03-17 00:00:00,2022-03-18 00:00:00,2044,ACH031722,USD,4784,4784,NULL,NULL,NULL
3231,POSTCASH,0,1,RT,2022-03-17 00:00:00,2022-03-18 00:00:00,2044,ACH031722,USD,4850.7,4850.7,NULL,NULL,NULL
3232,POSTCASH,0,1,RT,2022-03-17 00:00:00,2022-03-18 00:00:00,2044,ACH031722,USD,4885.2,4885.2,NULL,NULL,NULL
3233,POSTCASH,0,1,RT,2022-03-17 00:00:00,2022-03-18 00:00:00,2044,ACH031722,USD,5057.7,5057.7,NULL,NULL,NULL
3234,POSTCASH,0,1,RT,2022-03-17 00:00:00,2022-03-18 00:00:00,2044,ACH031722,USD,5249.6,5249.6,NULL,NULL,NULL
3235,POSTCASH,0,1,RT,2022-03-18 00:00:00,2022-03-18 00:00:00,2044,ACH031722,USD,5878.98,5878.98,NULL,NULL,NULL
3236,POSTCASH,0,1,RT,2022-03-17 00:00:00,2022-03-18 00:00:00,2044,ACH031722,USD,5924.5,5924.5,NULL,NULL,NULL
3237,POSTCASH,0,1,RT,2022-03-17 00:00:00,2022-03-18 00:00:00,2044,ACH031722,USD,8135.69,8135.69,NULL,NULL,NULL
3238,UACASH,0,1,RT,2022-03-18 00:00:00,2022-03-18 00:00:00,1455,ACH031822,USD,17814.16,17814.16,NULL,NULL,NULL
3239,UACASH-APP,0,1,RT,2022-03-18 00:00:00,2022-03-18 00:00:00,1455,ACH031822,USD,9406.54,9406.54,NULL,NULL,NULL
3240,POSTCASH,0,3,RT,2022-03-17 00:00:00,2022-03-18 00:00:00,1866,ACH031722,USD,13629.06,13629.06,NULL,NULL,NULL
3241,UACASH-APP,0,1,RT,2022-03-18 00:00:00,2022-03-18 00:00:00,1455,ACH031822,USD,8407.62,8407.62,NULL,NULL,NULL
3242,POSTCASH,0,2,RT,2022-03-22 00:00:00,2022-03-22 00:00:00,1500,CK 110048,USD,27514,27514,NULL,NULL,NULL
3243,POSTCASH,0,1,RT,2022-03-22 00:00:00,2022-03-22 00:00:00,1123,CK 11300,USD,1275,1275,NULL,NULL,NULL
3244,POSTCASH,0,2,RT,2022-03-22 00:00:00,2022-03-23 00:00:00,1630,ACH032222,USD,47017.38,47017.38,NULL,NULL,NULL
3245,POSTCASH,0,1,RT,2022-03-23 00:00:00,2022-03-23 00:00:00,2118,CK 00468883,USD,9116.1,9116.1,NULL,NULL,NULL
3246,POSTCASH,0,1,RT,2022-03-24 00:00:00,2022-03-25 00:00:00,2137,ACH032422,USD,13672,13672,NULL,NULL,NULL
3247,POSTCASH,0,1,RT,2022-03-25 00:00:00,2022-03-25 00:00:00,1577,ACH032522,USD,19897.44,19897.44,NULL,NULL,NULL
3248,POSTCASH,0,1,RT,2022-03-25 00:00:00,2022-03-25 00:00:00,1111,ACH032522,USD,12150,12150,NULL,NULL,NULL
3249,POSTCASH,0,3,RT,2022-03-25 00:00:00,2022-03-25 00:00:00,2232,ACH032522,USD,18312.2,18312.2,NULL,NULL,NULL
3250,POSTCASH,0,9,RT,2022-03-25 00:00:00,2022-03-25 00:00:00,1137,ACH032522,USD,29226.23,29226.23,NULL,NULL,NULL
3251,POSTCASH,0,3,RT,2022-03-25 00:00:00,2022-03-25 00:00:00,1455,ACH032522,USD,18521.93,18521.93,NULL,NULL,NULL
3252,POSTCASH,0,1,RT,2022-03-28 00:00:00,2022-03-28 00:00:00,2044,ACH032822,USD,5501.2,5501.2,NULL,NULL,NULL
3253,POSTCASH,0,1,RT,2022-03-28 00:00:00,2022-03-28 00:00:00,2044,ACH032822,USD,6769.4,6769.4,NULL,NULL,NULL
3254,POSTCASH,0,1,RT,2022-03-28 00:00:00,2022-03-28 00:00:00,2044,ACH032822,USD,4765.6,4765.6,NULL,NULL,NULL
3255,POSTCASH,0,1,RT,2022-03-29 00:00:00,2022-03-29 00:00:00,1649,CK 15750,USD,2940,2940,NULL,NULL,NULL
3256,POSTCASH,0,1,RT,2022-03-29 00:00:00,2022-03-29 00:00:00,1612,CK 7397,USD,10720.2,10720.2,NULL,NULL,NULL
3257,POSTCASH,0,1,RT,2022-03-29 00:00:00,2022-03-30 00:00:00,1968,ACH032922,USD,300,300,NULL,NULL,NULL
3258,UACASH,0,1,RT,2022-03-31 00:00:00,2022-03-31 00:00:00,1114,CK 062378,USD,14018,14018,NULL,NULL,NULL
3259,POSTCASH,0,1,RT,2022-03-31 00:00:00,2022-03-31 00:00:00,1610,ACH033122,USD,6256.4,6256.4,NULL,NULL,NULL
3260,POSTCASH,0,2,RT,2022-04-01 00:00:00,2022-04-01 00:00:00,1578,ACH040122,USD,13251.6,13251.6,NULL,NULL,NULL
3261,POSTCASH,0,2,RT,2022-04-01 00:00:00,2022-04-01 00:00:00,1577,ACH040122,USD,1964.52,1964.52,NULL,NULL,NULL
3262,POSTCASH,0,1,RT,2022-03-31 00:00:00,2022-04-01 00:00:00,1124,CK 077333,USD,4918.4,4918.4,NULL,NULL,NULL
3263,POSTCASH,0,1,RT,2022-04-04 00:00:00,2022-04-05 00:00:00,1500,CK 111051,USD,16434.6,16434.6,NULL,NULL,NULL
3264,POSTCASH,0,2,RT,2022-04-04 00:00:00,2022-04-05 00:00:00,1114,CK 112016,USD,21708.36,21708.36,NULL,NULL,NULL
3265,POSTCASH,0,1,RT,2022-04-04 00:00:00,2022-04-05 00:00:00,1299,CK 001010,USD,3931.5,3931.5,NULL,NULL,NULL
3266,POSTCASH,0,1,RT,2022-04-04 00:00:00,2022-04-05 00:00:00,1124,CK 077368,USD,4897.28,4897.28,NULL,NULL,NULL
3267,POSTCASH,0,1,RT,2022-04-05 00:00:00,2022-04-05 00:00:00,1599,ACH040522,USD,4330.9,4330.9,NULL,NULL,NULL
3268,POSTCASH,0,4,RT,2022-04-04 00:00:00,2022-04-05 00:00:00,1137,ACH040422,USD,12233.4,12233.4,NULL,NULL,NULL
3269,POSTCASH,0,1,RT,2022-04-04 00:00:00,2022-04-05 00:00:00,2044,ACH040422,USD,8172.6,8172.6,NULL,NULL,NULL
3270,POSTCASH,0,1,RT,2022-04-04 00:00:00,2022-04-05 00:00:00,2044,ACH040422,USD,6182.05,6182.05,NULL,NULL,NULL
3271,POSTCASH,0,1,RT,2022-04-04 00:00:00,2022-04-05 00:00:00,2044,ACH040422,USD,5810.6,5810.6,NULL,NULL,NULL
3272,POSTCASH,0,1,RT,2022-04-04 00:00:00,2022-04-05 00:00:00,2044,ACH040422,USD,4719.6,4719.6,NULL,NULL,NULL
3273,POSTCASH,0,1,RT,2022-04-04 00:00:00,2022-04-05 00:00:00,2044,ACH040422,USD,4510.3,4510.3,NULL,NULL,NULL
3274,POSTCASH,0,1,RT,2022-04-07 00:00:00,2022-04-07 00:00:00,1610,ACH040722,USD,6404,6404,NULL,NULL,NULL
3275,POSTCASH,0,2,RT,2022-04-06 00:00:00,2022-04-07 00:00:00,1630,ACH040622,USD,43555.35,43555.35,NULL,NULL,NULL
3276,POSTCASH,0,8,RT,2022-04-08 00:00:00,2022-04-08 00:00:00,1577,ACH040822,USD,98135.23,98135.23,NULL,NULL,NULL
3277,POSTCASH,0,1,RT,2022-04-08 00:00:00,2022-04-08 00:00:00,1111,ACH040822,USD,4203.5,4203.5,NULL,NULL,NULL
3278,POSTCASH,0,1,RT,2022-04-08 00:00:00,2022-04-08 00:00:00,1455,ACH040822,USD,11280.62,11280.62,NULL,NULL,NULL
3279,POSTCASH,0,3,RT,2022-04-08 00:00:00,2022-04-08 00:00:00,1137,ACH040822,USD,8450,8450,NULL,NULL,NULL
3280,POSTCASH,0,1,RT,2022-04-08 00:00:00,2022-04-08 00:00:00,2001,ACH040822,USD,3614,3614,NULL,NULL,NULL
3281,POSTCASH,0,1,RT,2022-03-14 00:00:00,2022-04-11 00:00:00,2114,CK 1965,USD,2416,2416,NULL,NULL,NULL
3282,POSTCASH,0,1,RT,2022-03-30 00:00:00,2022-04-11 00:00:00,2114,CK 2008,USD,3452,3452,NULL,NULL,NULL
3283,POSTCASH,0,1,RT,2022-04-11 00:00:00,2022-04-12 00:00:00,1955,CK 1078,USD,1199.2,1199.2,NULL,NULL,NULL
3284,POSTCASH,0,2,RT,2022-04-13 00:00:00,2022-04-13 00:00:00,1879,ACH041322,USD,19641.3,19641.3,NULL,NULL,NULL
3285,POSTCASH,0,2,RT,2022-04-13 00:00:00,2022-04-13 00:00:00,2240,ACH041222,USD,28255.75,28255.75,NULL,NULL,NULL
3286,UACASH-APP,0,1,RT,2022-04-14 00:00:00,2022-04-14 00:00:00,1114,CK 062378,USD,14018,14018,NULL,NULL,NULL
3287,UACASH,0,1,RT,2022-04-13 00:00:00,2022-04-14 00:00:00,1114,CK 062499,USD,12285.2,12285.2,NULL,NULL,NULL
3288,POSTCASH,0,1,RT,2022-04-13 00:00:00,2022-04-14 00:00:00,1612,CK 7416,USD,4970.4,4970.4,NULL,NULL,NULL
3289,POSTCASH,0,1,RT,2022-04-13 00:00:00,2022-04-14 00:00:00,2207,CK 3825,USD,3438,3438,NULL,NULL,NULL
3290,POSTCASH,0,1,RT,2022-04-13 00:00:00,2022-04-14 00:00:00,1299,CK 001012,USD,3289.51,3289.51,NULL,NULL,NULL
3291,POSTCASH,0,2,RT,2022-04-14 00:00:00,2022-04-14 00:00:00,1199,ACH041422,USD,18166.9,18166.9,NULL,NULL,NULL
3292,POSTCASH,0,2,RT,2022-04-15 00:00:00,2022-04-15 00:00:00,1577,ACH041522,USD,8875.4,8875.4,NULL,NULL,NULL
3293,POSTCASH,0,1,RT,2022-04-15 00:00:00,2022-04-15 00:00:00,1712,ACH041522,USD,2240.28,2240.28,NULL,NULL,NULL
3294,POSTCASH,0,1,RT,2022-04-15 00:00:00,2022-04-15 00:00:00,1474,ACH041522,USD,21676,21676,NULL,NULL,NULL
3295,POSTCASH,0,2,RT,2022-04-15 00:00:00,2022-04-15 00:00:00,1455,AR041522,USD,18016.96,18016.96,NULL,NULL,NULL
3296,POSTCASH,0,5,RT,2022-04-15 00:00:00,2022-04-15 00:00:00,1137,ACH041522,USD,16056.4,16056.4,NULL,NULL,NULL
3297,POSTCASH,0,1,RT,2022-04-18 00:00:00,2022-04-18 00:00:00,1578,ACH041822,USD,6267.6,6267.6,NULL,NULL,NULL
3298,POSTCASH,0,3,RT,2022-01-07 00:00:00,2022-04-19 00:00:00,1114,CK 110669,USD,25873,25873,NULL,NULL,NULL
3299,POSTCASH,0,1,RT,2022-04-18 00:00:00,2022-04-19 00:00:00,2137,ACH041822,USD,2657.88,2657.88,NULL,NULL,NULL
3300,POSTCASH,0,1,RT,2022-04-19 00:00:00,2022-04-20 00:00:00,2114,CK 2457,USD,2806,2806,NULL,NULL,NULL
3301,POSTCASH,0,2,RT,2022-04-19 00:00:00,2022-04-20 00:00:00,1114,CK 112321,USD,9687.95,9687.95,NULL,NULL,NULL
3302,POSTCASH,0,3,RT,2022-04-19 00:00:00,2022-04-20 00:00:00,2086,CK 16154,USD,13049.49,13049.49,NULL,NULL,NULL
3303,POSTCASH,0,1,RT,2022-04-19 00:00:00,2022-04-20 00:00:00,1124,CK 077408,USD,3720.64,3720.64,NULL,NULL,NULL
3304,POSTCASH,0,3,RT,2022-04-19 00:00:00,2022-04-20 00:00:00,1630,ACH041922,USD,28491.88,28491.88,NULL,NULL,NULL
3305,POSTCASH,0,2,RT,2022-04-21 00:00:00,2022-04-21 00:00:00,2035,CK 50039,USD,23215.08,23215.08,NULL,NULL,NULL
3306,POSTCASH,0,2,RT,2022-04-25 00:00:00,2022-04-25 00:00:00,2137,ACH042522,USD,2303.8,2303.8,NULL,NULL,NULL
3307,POSTCASH,0,2,RT,2022-04-22 00:00:00,2022-04-25 00:00:00,1137,ACH042222,USD,4062.4,4062.4,NULL,NULL,NULL
3308,UACASH,0,1,RT,2022-04-22 00:00:00,2022-04-26 00:00:00,2044,ACH042222,USD,55348.5,55348.5,NULL,NULL,NULL
3309,UACASH-APP,0,8,RT,2022-04-26 00:00:00,2022-04-26 00:00:00,2044,ACH042222,USD,50426.5,50426.5,NULL,NULL,NULL
3310,POSTCASH,0,5,RT,2022-04-22 00:00:00,2022-04-26 00:00:00,1577,ACH042222,USD,34494.96,34494.96,NULL,NULL,NULL
3311,POSTCASH,0,1,RT,2022-04-25 00:00:00,2022-04-26 00:00:00,2155,CK 009096,USD,11892,11892,NULL,NULL,NULL
3312,POSTCASH,0,1,RT,2022-04-25 00:00:00,2022-04-26 00:00:00,1466,CK 13107,USD,3665.25,3665.25,NULL,NULL,NULL
3313,UNDO-POSTCASH,0,1,RT,2022-04-21 00:00:00,2022-04-26 00:00:00,2035,CK 50039,USD,12308.8,12308.8,NULL,NULL,NULL
3314,UNDO-POSTCASH,0,1,RT,2022-04-21 00:00:00,2022-04-26 00:00:00,2035,CK 50039,USD,10906.28,10906.28,NULL,NULL,NULL
3315,UACASH-APP,0,1,RT,2022-04-27 00:00:00,2022-04-27 00:00:00,1114,CK 062499,USD,12285.2,12285.2,NULL,NULL,NULL
3316,POSTCASH,0,2,RT,2022-04-27 00:00:00,2022-04-27 00:00:00,2035,ACH042722,USD,23215.08,23215.08,NULL,NULL,NULL
3317,POSTCASH,0,1,RT,2022-04-27 00:00:00,2022-04-29 00:00:00,2115,CK 2559,USD,1529.76,1529.76,NULL,NULL,NULL
3318,POSTCASH,0,4,RT,2022-04-27 00:00:00,2022-04-29 00:00:00,1935,CK 4562,USD,12894.1,12894.1,NULL,NULL,NULL
3319,POSTCASH,0,2,RT,2022-04-27 00:00:00,2022-04-29 00:00:00,2207,CK 3873,USD,2876.8,2876.8,NULL,NULL,NULL
3320,POSTCASH,0,1,RT,2022-04-27 00:00:00,2022-04-29 00:00:00,1124,CK 077454,USD,4802.4,4802.4,NULL,NULL,NULL
3321,UACASH-APP,0,1,RT,2022-04-29 00:00:00,2022-04-29 00:00:00,2044,ACH042222,USD,4921.95,4921.95,NULL,NULL,NULL
3322,UACASH-UNDO,0,1,RT,2022-04-29 00:00:00,2022-04-29 00:00:00,2044,ACH042222,USD,0.05,0.05,NULL,NULL,NULL
3323,POSTCASH,0,1,RT,2022-04-29 00:00:00,2022-04-29 00:00:00,2001,ACH042922,USD,3396.6,3396.6,NULL,NULL,NULL
3324,POSTCASH,0,1,RT,2022-04-29 00:00:00,2022-04-29 00:00:00,1455,ACH042922,USD,10654.8,10654.8,NULL,NULL,NULL
3325,POSTCASH,0,3,RT,2022-04-29 00:00:00,2022-04-29 00:00:00,1577,ACH042922,USD,23773.25,23773.25,NULL,NULL,NULL
3326,POSTCASH,0,1,RT,2022-04-28 00:00:00,2022-04-29 00:00:00,1610,ACH042822,USD,6998.7,6998.7,NULL,NULL,NULL
3327,UNDO-POSTCASH,0,1,RT,2022-04-29 00:00:00,2022-04-29 00:00:00,1610,ACH042822,USD,6998.7,6998.7,NULL,NULL,NULL
3328,POSTCASH,0,1,RT,2022-04-28 00:00:00,2022-04-29 00:00:00,1610,ACH042822,USD,6998.7,6998.7,NULL,NULL,NULL
3329,POSTCASH,0,1,RT,2022-04-28 00:00:00,2022-04-29 00:00:00,2232,ACH042822,USD,6174,6174,NULL,NULL,NULL
3330,POSTCASH,0,1,RT,2022-04-29 00:00:00,2022-04-29 00:00:00,2086,CK 116315,USD,3867.6,3867.6,NULL,NULL,NULL
3331,POSTCASH,0,1,RT,2022-05-02 00:00:00,2022-05-02 00:00:00,1406,CK 61147,USD,2194.4,2194.4,NULL,NULL,NULL
3332,POSTCASH,0,1,RT,2022-05-02 00:00:00,2022-05-02 00:00:00,1405,CK 61147,USD,2402,2402,NULL,NULL,NULL
3333,POSTCASH,0,1,RT,2022-05-02 00:00:00,2022-05-02 00:00:00,1565,CK 10385,USD,672,672,NULL,NULL,NULL
3334,POSTCASH,0,1,RT,2022-05-02 00:00:00,2022-05-02 00:00:00,1612,CK 7427,USD,9045,9045,NULL,NULL,NULL
3335,POSTCASH,0,5,RT,2022-05-02 00:00:00,2022-05-03 00:00:00,1137,ACH050222,USD,15845.18,15845.18,NULL,NULL,NULL
3336,POSTCASH,0,1,RT,2022-05-02 00:00:00,2022-05-03 00:00:00,2044,ACH050222,USD,4652.9,4652.9,NULL,NULL,NULL
3337,POSTCASH,0,1,RT,2022-05-03 00:00:00,2022-05-03 00:00:00,1500,CK 114244,USD,17833.2,17833.2,NULL,NULL,NULL
3338,POSTCASH,0,1,RT,2022-05-03 00:00:00,2022-05-03 00:00:00,1357,CK 10419095,USD,2130,2130,NULL,NULL,NULL
3339,POSTCASH,0,4,RT,2022-05-03 00:00:00,2022-05-03 00:00:00,1114,CK 112477,USD,37233.1,37233.1,NULL,NULL,NULL
3340,POSTCASH,0,1,RT,2022-05-04 00:00:00,2022-05-06 00:00:00,1879,ACH050422,USD,12080.5,12080.5,NULL,NULL,NULL
3341,POSTCASH,0,2,RT,2022-05-06 00:00:00,2022-05-06 00:00:00,1455,ACH050622,USD,22767.94,22767.94,NULL,NULL,NULL
3342,POSTCASH,0,2,RT,2022-05-06 00:00:00,2022-05-06 00:00:00,1577,ACH050622,USD,10058.85,10058.85,NULL,NULL,NULL
3343,POSTCASH,0,6,RT,2022-05-06 00:00:00,2022-05-06 00:00:00,1137,ACH050622,USD,18308.2,18308.2,NULL,NULL,NULL
3344,POSTCASH,0,1,RT,2022-05-10 00:00:00,2022-05-10 00:00:00,2137,ACH051022,USD,13659.15,13659.15,NULL,NULL,NULL
3345,POSTCASH,0,1,RT,2022-05-09 00:00:00,2022-05-10 00:00:00,2044,ACH50922,USD,6206,6206,NULL,NULL,NULL
3346,POSTCASH,0,1,RT,2022-05-09 00:00:00,2022-05-10 00:00:00,2044,ACH050922,USD,5829,5829,NULL,NULL,NULL
3347,POSTCASH,0,1,RT,2022-05-09 00:00:00,2022-05-10 00:00:00,2044,ACH050922,USD,6426.4,6426.4,NULL,NULL,NULL
3348,POSTCASH,0,1,RT,2022-05-09 00:00:00,2022-05-10 00:00:00,2044,ACH050922,USD,6603.3,6603.3,NULL,NULL,NULL
3349,POSTCASH,0,1,RT,2022-05-09 00:00:00,2022-05-10 00:00:00,2044,ACH050922,USD,9408,9408,NULL,NULL,NULL
3350,POSTCASH,0,1,RT,2022-05-09 00:00:00,2022-05-10 00:00:00,2044,ACH050922,USD,6014.6,6014.6,NULL,NULL,NULL
3351,POSTCASH,0,1,RT,2022-05-09 00:00:00,2022-05-10 00:00:00,2044,ACH050922,USD,7801.2,7801.2,NULL,NULL,NULL
3352,POSTCASH,0,1,RT,2022-05-09 00:00:00,2022-05-10 00:00:00,2044,ACH050922,USD,7549.2,7549.2,NULL,NULL,NULL
3353,POSTCASH,0,1,RT,2022-05-09 00:00:00,2022-05-10 00:00:00,2044,ACH050922,USD,6508.8,6508.8,NULL,NULL,NULL
3354,POSTCASH,0,1,RT,2022-05-09 00:00:00,2022-05-10 00:00:00,2044,ACH050922,USD,8991.3,8991.3,NULL,NULL,NULL
3355,POSTCASH,0,3,RT,2022-05-10 00:00:00,2022-05-10 00:00:00,1299,CK 001019,USD,19031.72,19031.72,NULL,NULL,NULL
3356,UACASH,0,1,RT,2022-05-10 00:00:00,2022-05-10 00:00:00,1114,ck 62638,USD,32346.9,32346.9,NULL,NULL,NULL
3357,UACASH-APP,0,1,RT,2022-05-10 00:00:00,2022-05-10 00:00:00,1114,ck 62638,USD,16357.5,16357.5,NULL,NULL,NULL
3358,POSTCASH,0,3,RT,2022-05-10 00:00:00,2022-05-10 00:00:00,1900,CK 2927,USD,11506.4,11506.4,NULL,NULL,NULL
3359,POSTCASH,0,1,RT,2022-05-12 00:00:00,2022-05-12 00:00:00,2232,ACH051222,USD,5250,5250,NULL,NULL,NULL
3360,POSTCASH,0,1,RT,2022-05-12 00:00:00,2022-05-12 00:00:00,1610,ACH51222,USD,7039.7,7039.7,NULL,NULL,NULL
3361,POSTCASH,0,1,RT,2022-05-11 00:00:00,2022-05-12 00:00:00,1326,CK 5606,USD,1243.23,1243.23,NULL,NULL,NULL
3362,UACASH-APP,0,1,RT,2022-05-12 00:00:00,2022-05-12 00:00:00,1114,ck 62638,USD,15989.4,15989.4,NULL,NULL,NULL
3363,POSTCASH,0,1,RT,2022-05-13 00:00:00,2022-05-13 00:00:00,1866,ACH051322,USD,2521.44,2521.44,NULL,NULL,NULL
3364,POSTCASH,0,9,RT,2022-05-13 00:00:00,2022-05-13 00:00:00,1137,ACH051322,USD,17822.69,17822.69,NULL,NULL,NULL
3365,POSTCASH,0,1,RT,2022-05-16 00:00:00,2022-05-16 00:00:00,2137,ACH051622,USD,3931.2,3931.2,NULL,NULL,NULL
3366,POSTCASH,0,1,RT,2022-05-16 00:00:00,2022-05-16 00:00:00,1630,ACH051622,USD,16419,16419,NULL,NULL,NULL
3367,POSTCASH,0,2,RT,2022-05-18 00:00:00,2022-05-18 00:00:00,1879,ACH051822,USD,12489.08,12489.08,NULL,NULL,NULL
3368,POSTCASH,0,1,RT,2022-05-20 00:00:00,2022-05-20 00:00:00,1111,ACH052022,USD,6872.92,6872.92,NULL,NULL,NULL
3369,POSTCASH,0,9,RT,2022-05-20 00:00:00,2022-05-20 00:00:00,1577,ACH052022,USD,60403.94,60403.94,NULL,NULL,NULL
3370,POSTCASH,0,2,RT,2022-05-20 00:00:00,2022-05-20 00:00:00,1577,54839,USD,0,0,NULL,NULL,NULL
3371,POSTCASH,0,4,RT,2022-05-20 00:00:00,2022-05-23 00:00:00,1137,ACH052022,USD,14163.08,14163.08,NULL,NULL,NULL
3372,POSTCASH,0,1,RT,2022-05-23 00:00:00,2022-05-23 00:00:00,1578,ACH052322,USD,7470,7470,NULL,NULL,NULL
3373,POSTCASH,0,3,RT,2022-05-23 00:00:00,2022-05-23 00:00:00,1299, CK 001020,USD,24521.1,24521.1,NULL,NULL,NULL
3374,POSTCASH,0,1,RT,2022-05-23 00:00:00,2022-05-23 00:00:00,2207, CK 3970,USD,1316,1316,NULL,NULL,NULL
3375,POSTCASH,0,1,RT,2022-05-23 00:00:00,2022-05-23 00:00:00,2252,CK 1860,USD,3446,3446,NULL,NULL,NULL
3376,POSTCASH,0,1,RT,2022-05-23 00:00:00,2022-05-23 00:00:00,2118,CK 00470579,USD,6411.3,6411.3,NULL,NULL,NULL
3377,POSTCASH,0,7,RT,2022-05-24 00:00:00,2022-05-24 00:00:00,1114,CK 112745,USD,54099.42,54099.42,NULL,NULL,NULL
3378,POSTCASH,0,1,RT,2022-05-24 00:00:00,2022-05-24 00:00:00,1500,CK 116432,USD,20636.05,20636.05,NULL,NULL,NULL
3379,POSTCASH,0,1,RT,2022-05-26 00:00:00,2022-05-26 00:00:00,2105,CK 001751,USD,8556,8556,NULL,NULL,NULL
3380,POSTCASH,0,1,RT,2022-05-26 00:00:00,2022-05-26 00:00:00,1124,CK 077609,USD,5120,5120,NULL,NULL,NULL
3381,POSTCASH,0,1,RT,2022-05-26 00:00:00,2022-05-26 00:00:00,1610,ACH052622,USD,6281.2,6281.2,NULL,NULL,NULL
3382,POSTCASH,0,1,RT,2022-05-26 00:00:00,2022-05-26 00:00:00,1199,ACH052622,USD,9293.5,9293.5,NULL,NULL,NULL
3383,POSTCASH,0,2,RT,2022-05-27 00:00:00,2022-05-27 00:00:00,1455,ACH052722,USD,20571.2,20571.2,NULL,NULL,NULL
3384,POSTCASH,0,2,RT,2022-05-27 00:00:00,2022-05-27 00:00:00,1577,ACJ052722,USD,13430.1,13430.1,NULL,NULL,NULL
3385,POSTCASH,0,7,RT,2022-05-27 00:00:00,2022-05-27 00:00:00,1137,ACH052722,USD,20905.48,20905.48,NULL,NULL,NULL
3386,POSTCASH,0,1,RT,2022-05-31 00:00:00,2022-05-31 00:00:00,1960,ACH053122,USD,2479.8,2479.8,NULL,NULL,NULL
3387,POSTCASH,0,1,RT,2022-06-01 00:00:00,2022-06-01 00:00:00,1124,CK 077639,USD,4659.52,4659.52,NULL,NULL,NULL
3388,POSTCASH,0,2,RT,2022-05-31 00:00:00,2022-06-01 00:00:00,1612,CK 7451,USD,21931.4,21931.4,NULL,NULL,NULL
3389,POSTCASH,0,1,RT,2022-06-01 00:00:00,2022-06-01 00:00:00,1108,CK 190411,USD,2606.1,2606.1,NULL,NULL,NULL
3390,POSTCASH,0,1,RT,2022-05-31 00:00:00,2022-06-01 00:00:00,2207,CK 3992,USD,2943,2943,NULL,NULL,NULL
3391,POSTCASH,0,9,RT,2022-05-31 00:00:00,2022-06-01 00:00:00,1114,CK 112871,USD,59997.38,59997.38,NULL,NULL,NULL
3392,POSTCASH,0,2,RT,2022-06-01 00:00:00,2022-06-01 00:00:00,1879,ACH060122,USD,14902.8,14902.8,NULL,NULL,NULL
3393,POSTCASH,0,2,RT,2022-06-01 00:00:00,2022-06-01 00:00:00,2137,ACH060122,USD,19835.8,19835.8,NULL,NULL,NULL
3394,POSTCASH,0,1,RT,2022-05-31 00:00:00,2022-06-01 00:00:00,2044,ACH053122,USD,5515.8,5515.8,NULL,NULL,NULL
3395,POSTCASH,0,1,RT,2022-05-31 00:00:00,2022-06-01 00:00:00,2044,ACH053122,USD,6897.6,6897.6,NULL,NULL,NULL
3396,POSTCASH,0,1,RT,2022-05-31 00:00:00,2022-06-01 00:00:00,2044,ACH053122,USD,7696.8,7696.8,NULL,NULL,NULL
3397,POSTCASH,0,1,RT,2022-05-31 00:00:00,2022-06-01 00:00:00,2044,ACH053122,USD,7009.2,7009.2,NULL,NULL,NULL
3398,POSTCASH,0,1,RT,2022-05-31 00:00:00,2022-06-01 00:00:00,2044,ACH053122,USD,5652.1,5652.1,NULL,NULL,NULL
3399,POSTCASH,0,1,RT,2022-05-31 00:00:00,2022-06-01 00:00:00,2044,ACH053122,USD,5388.2,5388.2,NULL,NULL,NULL
3400,POSTCASH,0,1,RT,2022-05-31 00:00:00,2022-06-01 00:00:00,2044,ACH053122,USD,6258.2,6258.2,NULL,NULL,NULL
3401,POSTCASH,0,1,RT,2022-05-31 00:00:00,2022-06-01 00:00:00,2044,ACH053122,USD,6194.4,6194.4,NULL,NULL,NULL
3402,POSTCASH,0,1,RT,2022-05-31 00:00:00,2022-06-01 00:00:00,2044,ACH053122,USD,5152,5152,NULL,NULL,NULL
3403,POSTCASH,0,1,RT,2022-05-31 00:00:00,2022-06-01 00:00:00,2044,ACH053122,USD,4756.4,4756.4,NULL,NULL,NULL
3404,POSTCASH,0,1,RT,2022-05-31 00:00:00,2022-06-01 00:00:00,2044,ACH053122,USD,4462,4462,NULL,NULL,NULL
3405,POSTCASH,0,1,RT,2022-05-31 00:00:00,2022-06-01 00:00:00,2044,ACH053122,USD,4710.4,4710.4,NULL,NULL,NULL
3406,POSTCASH,0,2,RT,2022-06-01 00:00:00,2022-06-03 00:00:00,1630,ACH060122,USD,29048.38,29048.38,NULL,NULL,NULL
3407,POSTCASH,0,2,RT,2022-06-02 00:00:00,2022-06-03 00:00:00,1199,ACH060222,USD,28130,28130,NULL,NULL,NULL
3408,POSTCASH,0,1,RT,2022-06-02 00:00:00,2022-06-03 00:00:00,1610,ACH060222,USD,6355,6355,NULL,NULL,NULL
3409,POSTCASH,0,2,RT,2022-06-03 00:00:00,2022-06-03 00:00:00,1577,ACH060322,USD,25007.72,25007.72,NULL,NULL,NULL
3410,POSTCASH,0,5,RT,2022-06-06 00:00:00,2022-06-08 00:00:00,1900,CK 3080,USD,18902.4,18902.4,NULL,NULL,NULL
3411,POSTCASH,0,2,RT,2022-06-06 00:00:00,2022-06-08 00:00:00,1137,ACH060622,USD,6505.69,6505.69,NULL,NULL,NULL
3412,POSTCASH,0,1,RT,2022-06-08 00:00:00,2022-06-09 00:00:00,2291,WIR060822,USD,4000,4000,NULL,NULL,NULL
3413,POSTCASH,0,1,RT,2022-06-09 00:00:00,2022-06-09 00:00:00,2291,ACH060922,USD,4000,4000,NULL,NULL,NULL
3414,POSTCASH,0,2,RT,2022-06-09 00:00:00,2022-06-09 00:00:00,2137,ACH060922,USD,7041.6,7041.6,NULL,NULL,NULL
3415,POSTCASH,0,1,RT,2022-06-10 00:00:00,2022-06-10 00:00:00,1577,ACH061022,USD,10633,10633,NULL,NULL,NULL
3416,POSTCASH,0,3,RT,2022-06-13 00:00:00,2022-06-13 00:00:00,2232,ACH061322,USD,20488.4,20488.4,NULL,NULL,NULL
3417,POSTCASH,0,4,RT,2022-06-13 00:00:00,2022-06-13 00:00:00,1137,ACH061322,USD,10950.04,10950.04,NULL,NULL,NULL
3418,POSTCASH,0,1,RT,2022-06-13 00:00:00,2022-06-13 00:00:00,2044,ACH061322,USD,2484,2484,NULL,NULL,NULL
3419,POSTCASH,0,1,RT,2022-06-13 00:00:00,2022-06-13 00:00:00,2044,ACH061322,USD,6883.8,6883.8,NULL,NULL,NULL
3420,POSTCASH,0,1,RT,2022-06-13 00:00:00,2022-06-13 00:00:00,2044,ACH061322,USD,9139.2,9139.2,NULL,NULL,NULL
3421,POSTCASH,0,1,RT,2022-06-13 00:00:00,2022-06-13 00:00:00,2044,ACH061322,USD,8702.4,8702.4,NULL,NULL,NULL
3422,POSTCASH,0,1,RT,2022-06-13 00:00:00,2022-06-13 00:00:00,2044,ACH061322,USD,11102.4,11102.4,NULL,NULL,NULL
3423,POSTCASH,0,1,RT,2022-06-13 00:00:00,2022-06-13 00:00:00,2044,ACH061322,USD,2092,2092,NULL,NULL,NULL
3424,POSTCASH,0,1,RT,2022-06-13 00:00:00,2022-06-13 00:00:00,2044,ACH061322,USD,6508.8,6508.8,NULL,NULL,NULL
3425,POSTCASH,0,1,RT,2022-06-13 00:00:00,2022-06-13 00:00:00,2044,ACH061322,USD,2368,2368,NULL,NULL,NULL
3426,POSTCASH,0,1,RT,2022-06-13 00:00:00,2022-06-13 00:00:00,2044,ACH061322,USD,2264,2264,NULL,NULL,NULL
3427,POSTCASH,0,1,RT,2022-06-13 00:00:00,2022-06-13 00:00:00,2044,ACH061322,USD,7456,7456,NULL,NULL,NULL
3428,POSTCASH,0,1,RT,2022-06-13 00:00:00,2022-06-13 00:00:00,2044,ACH061322,USD,7360,7360,NULL,NULL,NULL
3429,POSTCASH,0,1,RT,2022-06-13 00:00:00,2022-06-13 00:00:00,2044,ACH061322,USD,9030,9030,NULL,NULL,NULL
3430,POSTCASH,0,1,RT,2022-06-13 00:00:00,2022-06-13 00:00:00,2044,ACH061322,USD,9324,9324,NULL,NULL,NULL
3431,POSTCASH,0,1,RT,2022-06-13 00:00:00,2022-06-13 00:00:00,2044,ACH061322,USD,2216,2216,NULL,NULL,NULL
3432,POSTCASH,0,1,RT,2022-06-13 00:00:00,2022-06-13 00:00:00,2044,ACH061322,USD,2348,2348,NULL,NULL,NULL
3433,POSTCASH,0,1,RT,2022-06-13 00:00:00,2022-06-13 00:00:00,2044,ACH061322,USD,8132.4,8132.4,NULL,NULL,NULL
3434,POSTCASH,0,1,RT,2022-06-13 00:00:00,2022-06-13 00:00:00,2044,ACH061322,USD,7296.3,7296.3,NULL,NULL,NULL
3435,POSTCASH,0,1,RT,2022-06-13 00:00:00,2022-06-13 00:00:00,2044,ACH061322,USD,6982.8,6982.8,NULL,NULL,NULL
3436,POSTCASH,0,1,RT,2022-06-13 00:00:00,2022-06-13 00:00:00,2044,ACH061322,USD,7293,7293,NULL,NULL,NULL
3437,POSTCASH,0,1,RT,2022-06-13 00:00:00,2022-06-13 00:00:00,2044,ACH061322,USD,6732,6732,NULL,NULL,NULL
3438,POSTCASH,0,1,RT,2022-06-13 00:00:00,2022-06-13 00:00:00,2044,ACH061322,USD,7078.5,7078.5,NULL,NULL,NULL
3439,POSTCASH,0,1,RT,2022-06-13 00:00:00,2022-06-13 00:00:00,2044,ACH061322,USD,7184.1,7184.1,NULL,NULL,NULL
3440,POSTCASH,0,1,RT,2022-06-13 00:00:00,2022-06-13 00:00:00,2044,ACH061322,USD,2132,2132,NULL,NULL,NULL
3441,POSTCASH,0,1,RT,2022-06-13 00:00:00,2022-06-13 00:00:00,2044,ACH061322,USD,7671.6,7671.6,NULL,NULL,NULL
3442,POSTCASH,0,1,RT,2022-06-13 00:00:00,2022-06-13 00:00:00,2044,ACH061322,USD,6518.4,6518.4,NULL,NULL,NULL
3443,POSTCASH,0,1,RT,2022-06-14 00:00:00,2022-06-14 00:00:00,1879,ACH061422,USD,1450.8,1450.8,NULL,NULL,NULL
3444,POSTCASH,0,1,RT,2022-06-14 00:00:00,2022-06-14 00:00:00,2255,ACH061422,USD,3161.2,3161.2,NULL,NULL,NULL
3445,POSTCASH,0,1,RT,2022-06-14 00:00:00,2022-06-14 00:00:00,1599,ACH061422,USD,7456.8,7456.8,NULL,NULL,NULL
3446,POSTCASH,0,1,RT,2022-06-13 00:00:00,2022-06-14 00:00:00,1561,CK 79796,USD,9295.22,9295.22,NULL,NULL,NULL
3447,POSTCASH,0,1,RT,2022-06-13 00:00:00,2022-06-14 00:00:00,2115,CK 2586,USD,20376.54,20376.54,NULL,NULL,NULL
3448,POSTCASH,0,1,RT,2022-06-13 00:00:00,2022-06-14 00:00:00,1612,CK 7465,USD,5907.36,5907.36,NULL,NULL,NULL
3449,POSTCASH,0,1,RT,2022-06-13 00:00:00,2022-06-14 00:00:00,1612,CK 7459,USD,10595,10595,NULL,NULL,NULL
3450,POSTCASH,0,1,RT,2022-06-13 00:00:00,2022-06-14 00:00:00,2144,CK 119321,USD,10144,10144,NULL,NULL,NULL
3451,POSTCASH,0,1,RT,2022-06-13 00:00:00,2022-06-14 00:00:00,1500,CK 117952,USD,10378.8,10378.8,NULL,NULL,NULL
3452,POSTCASH,0,2,RT,2022-06-13 00:00:00,2022-06-14 00:00:00,1486,CK 8588,USD,27248.6,27248.6,NULL,NULL,NULL
3453,POSTCASH,0,3,RT,2022-06-14 00:00:00,2022-06-14 00:00:00,2207,CK 4039,USD,5436,5436,NULL,NULL,NULL
3454,POSTCASH,0,6,RT,2022-06-14 00:00:00,2022-06-14 00:00:00,1114,CK 113121,USD,42036.2,42036.2,NULL,NULL,NULL
3455,POSTCASH,0,1,RT,2022-06-14 00:00:00,2022-06-14 00:00:00,1565,CK 10754,USD,6159,6159,NULL,NULL,NULL
3456,POSTCASH,0,1,RT,2022-06-15 00:00:00,2022-06-15 00:00:00,2255,ACH061522,USD,4384.8,4384.8,NULL,NULL,NULL
3457,POSTCASH,0,1,RT,2022-06-15 00:00:00,2022-06-15 00:00:00,1108,CK 190723,USD,5448.3,5448.3,NULL,NULL,NULL
3458,UACASH,0,1,RT,2022-06-15 00:00:00,2022-06-15 00:00:00,1326,ACH061522,USD,363.31,363.31,NULL,NULL,NULL
3459,UACASH,0,1,RT,2022-06-15 00:00:00,2022-06-15 00:00:00,1326,ACH061522,USD,331.75,331.75,NULL,NULL,NULL
3460,POSTCASH,0,1,RT,2022-06-16 00:00:00,2022-06-16 00:00:00,1610,ACH061622,USD,6706.58,6706.58,NULL,NULL,NULL
3461,POSTCASH,0,1,RT,2022-06-13 00:00:00,2022-06-16 00:00:00,2044,ACH061322,USD,6883.8,6883.8,NULL,NULL,NULL
3462,UACASH,0,1,RT,2022-06-13 00:00:00,2022-06-16 00:00:00,2044,ACH061322,USD,7464,7464,NULL,NULL,NULL
3463,UACASH-APP,0,1,RT,2022-06-16 00:00:00,2022-06-16 00:00:00,2044,ACH061322,USD,2036,2036,NULL,NULL,NULL
3464,POSTCASH,0,1,RT,2022-06-16 00:00:00,2022-06-16 00:00:00,2050,CK 23325,USD,6385.4,6385.4,NULL,NULL,NULL
3465,POSTCASH,0,1,RT,2022-06-17 00:00:00,2022-06-17 00:00:00,2137,ACH061722,USD,17262,17262,NULL,NULL,NULL
3466,POSTCASH,0,2,RT,2022-06-17 00:00:00,2022-06-17 00:00:00,1577,ACH061722,USD,6352.8,6352.8,NULL,NULL,NULL
3467,POSTCASH,0,1,RT,2022-06-17 00:00:00,2022-06-17 00:00:00,2044,ACH061722,USD,7415.1,7415.1,NULL,NULL,NULL
3468,POSTCASH,0,1,RT,2022-06-17 00:00:00,2022-06-17 00:00:00,2044,ACH061722,USD,7342.5,7342.5,NULL,NULL,NULL
3469,POSTCASH,0,1,RT,2022-06-17 00:00:00,2022-06-17 00:00:00,2044,ACH061722,USD,7088.4,7088.4,NULL,NULL,NULL
3470,POSTCASH,0,1,RT,2022-06-17 00:00:00,2022-06-17 00:00:00,2044,ACH061722,USD,7071.9,7071.9,NULL,NULL,NULL
3471,POSTCASH,0,1,RT,2022-06-17 00:00:00,2022-06-17 00:00:00,2044,ACH061722,USD,6501,6501,NULL,NULL,NULL
3472,POSTCASH,0,1,RT,2022-06-17 00:00:00,2022-06-17 00:00:00,2044,ACH061722,USD,2272,2272,NULL,NULL,NULL
3473,POSTCASH,0,1,RT,2022-06-17 00:00:00,2022-06-17 00:00:00,2044,ACH061722,USD,2240,2240,NULL,NULL,NULL
3474,POSTCASH,0,1,RT,2022-06-17 00:00:00,2022-06-17 00:00:00,2044,ACH061722,USD,2192,2192,NULL,NULL,NULL
3475,POSTCASH,0,1,RT,2022-06-17 00:00:00,2022-06-17 00:00:00,2044,ACH061722,USD,2192,2192,NULL,NULL,NULL
3476,POSTCASH,0,1,RT,2022-06-17 00:00:00,2022-06-17 00:00:00,1612,CK 7472,USD,11725,11725,NULL,NULL,NULL
3477,POSTCASH,0,5,RT,2022-06-17 00:00:00,2022-06-22 00:00:00,1137,ACH061722,USD,13318.19,13318.19,NULL,NULL,NULL
3478,POSTCASH,0,1,RT,2022-06-23 00:00:00,2022-06-23 00:00:00,1199,ACH062322,USD,9033.2,9033.2,NULL,NULL,NULL
3479,POSTCASH,0,3,RT,2022-06-22 00:00:00,2022-06-23 00:00:00,1866,ACH062222,USD,6175.25,6175.25,NULL,NULL,NULL
3480,POSTCASH,0,1,RT,2022-06-21 00:00:00,2022-06-23 00:00:00,1630,ACH062122,USD,16602.3,16602.3,NULL,NULL,NULL
3481,POSTCASH,0,1,RT,2022-06-22 00:00:00,2022-06-23 00:00:00,1879,ACH062222,USD,11045.46,11045.46,NULL,NULL,NULL
3482,POSTCASH,0,1,RT,2022-06-23 00:00:00,2022-06-23 00:00:00,1474,ACH062322,USD,24698.55,24698.55,NULL,NULL,NULL
3483,POSTCASH,0,1,RT,2022-06-28 00:00:00,2022-06-28 00:00:00,1879,ACH062822,USD,11827.5,11827.5,NULL,NULL,NULL
3484,POSTCASH,0,1,RT,2022-06-27 00:00:00,2022-06-28 00:00:00,1578,ACH062722,USD,7038,7038,NULL,NULL,NULL
3485,POSTCASH,0,1,RT,2022-06-27 00:00:00,2022-06-28 00:00:00,2044,ACH062722,USD,2826.6,2826.6,NULL,NULL,NULL
3486,POSTCASH,0,1,RT,2022-06-27 00:00:00,2022-06-28 00:00:00,2207,CK 4081,USD,1920,1920,NULL,NULL,NULL
3487,POSTCASH,0,1,RT,2022-06-27 00:00:00,2022-06-28 00:00:00,1612,CK 7473,USD,8920,8920,NULL,NULL,NULL
3488,POSTCASH,0,1,RT,2022-06-27 00:00:00,2022-06-28 00:00:00,2035,CK 50078,USD,11999.6,11999.6,NULL,NULL,NULL
3489,POSTCASH,0,1,RT,2022-06-27 00:00:00,2022-06-28 00:00:00,2035,CK 50076,USD,12012,12012,NULL,NULL,NULL
3490,POSTCASH,0,1,RT,2022-06-27 00:00:00,2022-06-28 00:00:00,2035,CK 50077,USD,12191.2,12191.2,NULL,NULL,NULL
3491,POSTCASH,0,2,RT,2022-06-27 00:00:00,2022-06-28 00:00:00,1500,CK 119269,USD,33809.27,33809.27,NULL,NULL,NULL
3492,POSTCASH,0,2,RT,2022-06-27 00:00:00,2022-06-28 00:00:00,1114,CK 113233,USD,21347.2,21347.2,NULL,NULL,NULL
3493,POSTCASH,0,1,RT,2022-06-27 00:00:00,2022-06-28 00:00:00,2115,CK 2597,USD,1564.74,1564.74,NULL,NULL,NULL
3494,UACASH-APP,0,1,RT,2022-06-28 00:00:00,2022-06-28 00:00:00,1326,ACH061522,USD,363.31,363.31,NULL,NULL,NULL
3495,UACASH-APP,0,1,RT,2022-06-28 00:00:00,2022-06-28 00:00:00,1326,ACH061522,USD,331.75,331.75,NULL,NULL,NULL
3496,POSTCASH,0,1,RT,2022-06-28 00:00:00,2022-06-28 00:00:00,1326,CK 5845,USD,328.83,328.83,NULL,NULL,NULL
3497,POSTCASH,0,7,RT,2022-06-27 00:00:00,2022-06-30 00:00:00,1137,ACH062722,USD,23818.12,23818.12,NULL,NULL,NULL
3498,POSTCASH,0,1,RT,2022-06-29 00:00:00,2022-06-30 00:00:00,1500,CK 119641,USD,16064.8,16064.8,NULL,NULL,NULL
3499,POSTCASH,0,1,RT,2022-06-29 00:00:00,2022-06-30 00:00:00,1697,CK 110813,USD,11741.6,11741.6,NULL,NULL,NULL
3500,POSTCASH,0,4,RT,2022-06-30 00:00:00,2022-06-30 00:00:00,1299, CK 001025,USD,39046.99,39046.99,NULL,NULL,NULL
3501,POSTCASH,0,1,RT,2022-06-29 00:00:00,2022-06-30 00:00:00,1565,CK 10879,USD,156,156,NULL,NULL,NULL
3502,POSTCASH,0,2,RT,2022-06-30 00:00:00,2022-07-01 00:00:00,2276,ACH063022,USD,33662.04,33662.04,NULL,NULL,NULL
3503,POSTCASH,0,4,RT,2022-06-30 00:00:00,2022-07-01 00:00:00,2137,ACH063022,USD,14396.4,14396.4,NULL,NULL,NULL
3504,POSTCASH,0,1,RT,2022-07-01 00:00:00,2022-07-01 00:00:00,1455,ACH070122,USD,12565.7,12565.7,NULL,NULL,NULL
3505,POSTCASH,0,1,RT,2022-07-01 00:00:00,2022-07-01 00:00:00,2044,ACH070122,USD,6784.7,6784.7,NULL,NULL,NULL
3506,POSTCASH,0,1,RT,2022-07-01 00:00:00,2022-07-01 00:00:00,2044,ACH070122,USD,6674.2,6674.2,NULL,NULL,NULL
3507,POSTCASH,0,1,RT,2022-07-01 00:00:00,2022-07-01 00:00:00,2044,ACH070122,USD,6715,6715,NULL,NULL,NULL
3508,POSTCASH,0,1,RT,2022-07-01 00:00:00,2022-07-01 00:00:00,2044,ACH070122,USD,7585.4,7585.4,NULL,NULL,NULL
3509,POSTCASH,0,1,RT,2022-07-01 00:00:00,2022-07-01 00:00:00,2044,ACH070122,USD,7344,7344,NULL,NULL,NULL
3510,POSTCASH,0,1,RT,2022-07-01 00:00:00,2022-07-01 00:00:00,2044,ACH070122,USD,7225,7225,NULL,NULL,NULL
3511,POSTCASH,0,1,RT,2022-07-01 00:00:00,2022-07-01 00:00:00,2044,ACH070122,USD,7256.7,7256.7,NULL,NULL,NULL
3512,POSTCASH,0,1,RT,2022-07-01 00:00:00,2022-07-01 00:00:00,2044,ACH070122,USD,2404,2404,NULL,NULL,NULL
3513,POSTCASH,0,1,RT,2022-07-01 00:00:00,2022-07-01 00:00:00,2044,ACH070122,USD,2280,2280,NULL,NULL,NULL
3514,POSTCASH,0,1,RT,2022-07-01 00:00:00,2022-07-01 00:00:00,2044,ACH070122,USD,8496.6,8496.6,NULL,NULL,NULL
3515,POSTCASH,0,1,RT,2022-07-01 00:00:00,2022-07-01 00:00:00,2044,ACH070122,USD,5812.8,5812.8,NULL,NULL,NULL
3516,POSTCASH,0,1,RT,2022-07-01 00:00:00,2022-07-01 00:00:00,2044,ACH070122,USD,9072.9,9072.9,NULL,NULL,NULL
3517,POSTCASH,0,1,RT,2022-07-01 00:00:00,2022-07-01 00:00:00,2044,ACH070122,USD,6633,6633,NULL,NULL,NULL
3518,POSTCASH,0,1,RT,2022-07-01 00:00:00,2022-07-01 00:00:00,2044,ACH070122,USD,1384,1384,NULL,NULL,NULL
3519,POSTCASH,0,1,RT,2022-07-01 00:00:00,2022-07-01 00:00:00,2044,ACH070122,USD,7430.4,7430.4,NULL,NULL,NULL
3520,POSTCASH,0,5,RT,2022-07-01 00:00:00,2022-07-05 00:00:00,1137,ACH070122,USD,9627.82,9627.82,NULL,NULL,NULL
3521,POSTCASH,0,5,RT,2022-07-01 00:00:00,2022-07-05 00:00:00,1577,ACH070122,USD,38263.6,38263.6,NULL,NULL,NULL
3522,POSTCASH,0,1,RT,2022-07-05 00:00:00,2022-07-06 00:00:00,2232,ACH070522,USD,6779.43,6779.43,NULL,NULL,NULL
3523,POSTCASH,0,2,RT,2022-07-05 00:00:00,2022-07-06 00:00:00,1712,ACH070522,USD,3846.04,3846.04,NULL,NULL,NULL
3524,POSTCASH,0,1,RT,2022-06-13 00:00:00,2022-07-07 00:00:00,2129,1715,USD,88.9,88.9,NULL,NULL,NULL
3525,POSTCASH,0,3,RT,2022-07-05 00:00:00,2022-07-11 00:00:00,2086,CK 117505,USD,25233.5,25233.5,NULL,NULL,NULL
3526,UNDO-POSTCASH,0,1,RT,2022-06-16 00:00:00,2022-07-11 00:00:00,2050,CK 23325,USD,6385.4,6385.4,NULL,NULL,NULL
3527,POSTCASH,0,1,RT,2022-06-16 00:00:00,2022-07-11 00:00:00,2050,CK 23325,USD,6385.4,6385.4,NULL,NULL,NULL
3528,POSTCASH,0,1,RT,2022-07-08 00:00:00,2022-07-11 00:00:00,2050,CK 23459,USD,697.62,697.62,NULL,NULL,NULL
3529,POSTCASH,0,1,RT,2022-07-08 00:00:00,2022-07-12 00:00:00,1577,ACH070822,USD,487,487,NULL,NULL,NULL
3530,POSTCASH,0,1,RT,2022-07-08 00:00:00,2022-07-12 00:00:00,1137,ACH070822,USD,1571.4,1571.4,NULL,NULL,NULL
3531,POSTCASH,0,1,RT,2022-07-08 00:00:00,2022-07-12 00:00:00,1678,ACH070822,USD,7355.01,7355.01,NULL,NULL,NULL
3532,POSTCASH,0,1,RT,2022-07-08 00:00:00,2022-07-12 00:00:00,1923,ACH070822,USD,28108,28108,NULL,NULL,NULL
3533,POSTCASH,0,1,RT,2022-07-11 00:00:00,2022-07-12 00:00:00,2137,ACH071122,USD,2751.03,2751.03,NULL,NULL,NULL
3534,POSTCASH,0,1,RT,2022-07-12 00:00:00,2022-07-12 00:00:00,2232,ACH071222,USD,3814.8,3814.8,NULL,NULL,NULL
3535,POSTCASH,0,1,RT,2022-07-11 00:00:00,2022-07-12 00:00:00,1299,CK 001027,USD,15493.29,15493.29,NULL,NULL,NULL
3536,POSTCASH,0,1,RT,2022-07-11 00:00:00,2022-07-12 00:00:00,2115,CK 2612,USD,20981.4,20981.4,NULL,NULL,NULL
3537,POSTCASH,0,2,RT,2022-07-07 00:00:00,2022-07-12 00:00:00,1636,ACH0707222,USD,36889.6,36889.6,NULL,NULL,NULL
3538,POSTCASH,0,2,RT,2022-07-12 00:00:00,2022-07-13 00:00:00,1124,CK 077742,USD,8273.2,8273.2,NULL,NULL,NULL
3539,UACASH,0,1,RT,2022-07-13 00:00:00,2022-07-13 00:00:00,1114,CK 063114,USD,47252.6,47252.6,NULL,NULL,NULL
3540,UACASH-APP,0,1,RT,2022-07-13 00:00:00,2022-07-13 00:00:00,1114,CK 063114,USD,15942.4,15942.4,NULL,NULL,NULL
3541,POSTCASH,0,1,RT,2022-07-12 00:00:00,2022-07-13 00:00:00,1124,CK 077768,USD,5383.68,5383.68,NULL,NULL,NULL
3542,POSTCASH,0,1,RT,2022-06-24 00:00:00,2022-07-14 00:00:00,1577,ACH062422,USD,7123.2,7123.2,NULL,NULL,NULL
3543,POSTCASH,0,4,RT,2022-07-13 00:00:00,2022-07-14 00:00:00,1900,CK 3231,USD,6814.8,6814.8,NULL,NULL,NULL
3544,POSTCASH,0,2,RT,2022-07-15 00:00:00,2022-07-15 00:00:00,1577,ACH071522,USD,5185.38,5185.38,NULL,NULL,NULL
3545,POSTCASH,0,1,RT,2022-07-15 00:00:00,2022-07-15 00:00:00,2001,ACH071522,USD,2217.4,2217.4,NULL,NULL,NULL
3546,POSTCASH,0,3,RT,2022-07-15 00:00:00,2022-07-18 00:00:00,1114,CK 113526,USD,36038.5,36038.5,NULL,NULL,NULL
3547,POSTCASH,0,1,RT,2022-07-15 00:00:00,2022-07-18 00:00:00,1697,CK 110914,USD,12194.84,12194.84,NULL,NULL,NULL
3548,POSTCASH,0,2,RT,2022-07-14 00:00:00,2022-07-19 00:00:00,2137,ACH071422,USD,16115.1,16115.1,NULL,NULL,NULL
3549,UNDO-UACASH-APP,0,1,RT,2022-07-13 00:00:00,2022-07-19 00:00:00,1114,CK 063114,USD,15942.4,15942.4,NULL,NULL,NULL
3550,UACASH-APP,0,3,RT,2022-07-19 00:00:00,2022-07-19 00:00:00,1114,CK 063114,USD,47252.6,47252.6,NULL,NULL,NULL
3551,POSTCASH,0,1,RT,2022-07-19 00:00:00,2022-07-19 00:00:00,1405,CK 62096,USD,9763.2,9763.2,NULL,NULL,NULL
3552,POSTCASH,0,1,RT,2022-07-19 00:00:00,2022-07-19 00:00:00,1405,CK 62149,USD,10636.8,10636.8,NULL,NULL,NULL
3553,POSTCASH,0,1,RT,2022-07-18 00:00:00,2022-07-19 00:00:00,2044,ACH071822,USD,2128,2128,NULL,NULL,NULL
3554,POSTCASH,0,1,RT,2022-07-18 00:00:00,2022-07-19 00:00:00,2044,ACH071822,USD,5872,5872,NULL,NULL,NULL
3555,POSTCASH,0,1,RT,2022-07-18 00:00:00,2022-07-19 00:00:00,2044,ACH071822,USD,6557.1,6557.1,NULL,NULL,NULL
3556,POSTCASH,0,1,RT,2022-07-18 00:00:00,2022-07-19 00:00:00,2044,ACH071822,USD,7068.6,7068.6,NULL,NULL,NULL
3557,POSTCASH,0,1,RT,2022-07-18 00:00:00,2022-07-19 00:00:00,2044,ACH0718232,USD,7160,7160,NULL,NULL,NULL
3558,POSTCASH,0,1,RT,2022-07-18 00:00:00,2022-07-19 00:00:00,2044,ACH071822,USD,7488,7488,NULL,NULL,NULL
3559,POSTCASH,0,1,RT,2022-07-18 00:00:00,2022-07-19 00:00:00,2044,ACH071822,USD,7804,7804,NULL,NULL,NULL
3560,POSTCASH,0,1,RT,2022-07-18 00:00:00,2022-07-19 00:00:00,2044,ACH071822,USD,8644,8644,NULL,NULL,NULL
3561,POSTCASH,0,1,RT,2022-07-18 00:00:00,2022-07-19 00:00:00,2044,ACH071822,USD,8732.4,8732.4,NULL,NULL,NULL
3562,POSTCASH,0,1,RT,2022-07-18 00:00:00,2022-07-19 00:00:00,2044,ACH071822,USD,10792.32,10792.32,NULL,NULL,NULL
3563,UACASH,0,1,RT,2022-07-18 00:00:00,2022-07-20 00:00:00,1455,ACH071822,USD,3387.2,3387.2,NULL,NULL,NULL
3564,POSTCASH,0,2,RT,2022-07-22 00:00:00,2022-07-22 00:00:00,1577,ACH072222,USD,2604.8,2604.8,NULL,NULL,NULL
3565,POSTCASH,0,1,RT,2022-07-22 00:00:00,2022-07-22 00:00:00,1712,ACH072222,USD,1619.85,1619.85,NULL,NULL,NULL
3566,POSTCASH,0,1,RT,2022-07-22 00:00:00,2022-07-22 00:00:00,1137,ACH072222,USD,4168.8,4168.8,NULL,NULL,NULL
3567,POSTCASH,0,1,RT,2022-07-22 00:00:00,2022-07-22 00:00:00,1137,ACH072222,USD,4482,4482,NULL,NULL,NULL
3568,POSTCASH,0,1,RT,2022-07-21 00:00:00,2022-07-22 00:00:00,1199,ACH072122,USD,7178.2,7178.2,NULL,NULL,NULL
3569,POSTCASH,0,1,RT,2022-07-21 00:00:00,2022-07-22 00:00:00,2137,ACH072122,USD,1525,1525,NULL,NULL,NULL
3570,POSTCASH,0,1,RT,2022-07-21 00:00:00,2022-07-22 00:00:00,2001,ACH072122,USD,5148,5148,NULL,NULL,NULL
3571,UACASH-APP,0,1,RT,2022-07-22 00:00:00,2022-07-22 00:00:00,1455,ACH071822,USD,3387.2,3387.2,NULL,NULL,NULL
3572,POSTCASH,0,1,RT,2022-07-26 00:00:00,2022-07-26 00:00:00,1879,ACH072622,USD,14699.16,14699.16,NULL,NULL,NULL
3573,POSTCASH,0,1,RT,2022-07-25 00:00:00,2022-07-26 00:00:00,2044,ACH072522,USD,7508,7508,NULL,NULL,NULL
3574,POSTCASH,0,1,RT,2022-07-25 00:00:00,2022-07-26 00:00:00,2044,ACH072522,USD,7459.6,7459.6,NULL,NULL,NULL
3575,POSTCASH,0,1,RT,2022-07-25 00:00:00,2022-07-26 00:00:00,2044,ACH072522,USD,7497,7497,NULL,NULL,NULL
3576,POSTCASH,0,1,RT,2022-07-25 00:00:00,2022-07-26 00:00:00,2044,ACH072522,USD,7150.2,7150.2,NULL,NULL,NULL
3577,POSTCASH,0,1,RT,2022-07-25 00:00:00,2022-07-26 00:00:00,2044,ACH072522,USD,7000.6,7000.6,NULL,NULL,NULL
3578,POSTCASH,0,1,RT,2022-07-25 00:00:00,2022-07-26 00:00:00,2044,ACH0725,USD,6902,6902,NULL,NULL,NULL
3579,POSTCASH,0,1,RT,2022-07-25 00:00:00,2022-07-26 00:00:00,2044,ACH072522,USD,6861.2,6861.2,NULL,NULL,NULL
3580,POSTCASH,0,1,RT,2022-07-25 00:00:00,2022-07-26 00:00:00,2044,ACH072522,USD,6820.4,6820.4,NULL,NULL,NULL
3581,POSTCASH,0,1,RT,2022-07-25 00:00:00,2022-07-26 00:00:00,2044,ACH072522,USD,6728.6,6728.6,NULL,NULL,NULL
3582,POSTCASH,0,1,RT,2022-07-25 00:00:00,2022-07-26 00:00:00,2044,ACH072522,USD,6439.6,6439.6,NULL,NULL,NULL
3583,POSTCASH,0,1,RT,2022-07-25 00:00:00,2022-07-26 00:00:00,2044,ACH072522,USD,1904,1904,NULL,NULL,NULL
3584,POSTCASH,0,1,RT,2022-07-25 00:00:00,2022-07-26 00:00:00,2044,ACH072522,USD,5868.4,5868.4,NULL,NULL,NULL
3585,POSTCASH,0,1,RT,2022-07-25 00:00:00,2022-07-26 00:00:00,2044,ACH072522,USD,2956,2956,NULL,NULL,NULL
3586,POSTCASH,0,1,RT,2022-07-25 00:00:00,2022-07-26 00:00:00,2044,ACH072522,USD,1966,1966,NULL,NULL,NULL
3587,UNDO-POSTCASH,0,1,RT,2022-07-26 00:00:00,2022-07-26 00:00:00,2044,ACH072522,USD,7497,7497,NULL,NULL,NULL
3588,POSTCASH,0,1,RT,2022-07-25 00:00:00,2022-07-26 00:00:00,2044,ACH072522,USD,7497,7497,NULL,NULL,NULL
3589,POSTCASH,0,1,RT,2022-07-25 00:00:00,2022-07-26 00:00:00,2044,ACH072522,USD,2297,2297,NULL,NULL,NULL
3590,POSTCASH,0,1,RT,2022-07-26 00:00:00,2022-07-27 00:00:00,2137,ACH072622,USD,4287.6,4287.6,NULL,NULL,NULL
3591,POSTCASH,0,1,RT,2022-07-26 00:00:00,2022-07-27 00:00:00,2086,CK 117909,USD,3363.06,3363.06,NULL,NULL,NULL
3592,POSTCASH,0,1,RT,2022-07-26 00:00:00,2022-07-27 00:00:00,1114,CK 113632,USD,18440,18440,NULL,NULL,NULL
3593,POSTCASH,0,3,RT,2022-07-29 00:00:00,2022-07-29 00:00:00,1137,ACH072922,USD,10399.89,10399.89,NULL,NULL,NULL
3594,POSTCASH,0,2,RT,2022-07-28 00:00:00,2022-07-29 00:00:00,2137,ACH072822,USD,14510.7,14510.7,NULL,NULL,NULL
3595,POSTCASH,0,1,RT,2022-07-27 00:00:00,2022-07-29 00:00:00,1960,ACH072722,USD,1162.59,1162.59,NULL,NULL,NULL
3596,POSTCASH,0,2,RT,2022-07-29 00:00:00,2022-07-29 00:00:00,1455,ACH072922,USD,24058.4,24058.4,NULL,NULL,NULL
3597,POSTCASH,0,1,RT,2022-07-29 00:00:00,2022-07-29 00:00:00,2193,CK 9216,USD,3025,3025,NULL,NULL,NULL
3598,POSTCASH,0,1,RT,2022-07-29 00:00:00,2022-07-29 00:00:00,2252,DK 1918,USD,5257.46,5257.46,NULL,NULL,NULL
3599,POSTCASH,0,1,RT,2022-07-29 00:00:00,2022-07-29 00:00:00,1565,CK 11159,USD,5691.4,5691.4,NULL,NULL,NULL
3600,POSTCASH,0,1,RT,2022-08-01 00:00:00,2022-08-02 00:00:00,2137,CK 007558,USD,2921.4,2921.4,NULL,NULL,NULL
3601,POSTCASH,0,4,RT,2022-08-01 00:00:00,2022-08-02 00:00:00,1500,CK 122266,USD,70776.2,70776.2,NULL,NULL,NULL
3602,POSTCASH,0,1,RT,2022-08-02 00:00:00,2022-08-02 00:00:00,2137,ACH080222,USD,3110.4,3110.4,NULL,NULL,NULL
3603,POSTCASH,0,3,RT,2022-08-03 00:00:00,2022-08-03 00:00:00,1299,CK 001029,USD,13757.53,13757.53,NULL,NULL,NULL
3604,POSTCASH,0,1,RT,2022-07-25 00:00:00,2022-08-04 00:00:00,2044,ACH072522,USD,9092,9092,NULL,NULL,NULL
3605,POSTCASH,0,1,RT,2022-07-25 00:00:00,2022-08-04 00:00:00,2044,ACH072522,USD,8712,8712,NULL,NULL,NULL
3606,POSTCASH,0,1,RT,2022-07-25 00:00:00,2022-08-04 00:00:00,2044,ACH072522,USD,7775.8,7775.8,NULL,NULL,NULL
3607,POSTCASH,0,3,RT,2022-08-05 00:00:00,2022-08-05 00:00:00,1137,ACH080522,USD,9994.4,9994.4,NULL,NULL,NULL
3608,POSTCASH,0,2,RT,2022-08-05 00:00:00,2022-08-05 00:00:00,1455,AR 080522,USD,25114,25114,NULL,NULL,NULL
3609,POSTCASH,0,1,RT,2022-08-05 00:00:00,2022-08-05 00:00:00,1111,ACH080522,USD,5446.35,5446.35,NULL,NULL,NULL
3610,POSTCASH,0,2,RT,2022-08-05 00:00:00,2022-08-05 00:00:00,1577,ACH080522,USD,4183.2,4183.2,NULL,NULL,NULL
3611,POSTCASH,0,2,RT,2022-08-08 00:00:00,2022-08-08 00:00:00,1577,ACH080522,USD,0,0,NULL,NULL,NULL
3612,POSTCASH,0,2,RT,2022-08-08 00:00:00,2022-08-09 00:00:00,1124,CK 077797,USD,11484.4,11484.4,NULL,NULL,NULL
3613,POSTCASH,0,1,RT,2022-08-08 00:00:00,2022-08-09 00:00:00,2086,CK 118132,USD,5026,5026,NULL,NULL,NULL
3614,POSTCASH,0,1,RT,2022-08-09 00:00:00,2022-08-10 00:00:00,2044,ACH080922,USD,5200,5200,NULL,NULL,NULL
3615,POSTCASH,0,1,RT,2022-08-09 00:00:00,2022-08-10 00:00:00,2044,ACH080922,USD,10312.4,10312.4,NULL,NULL,NULL
3616,POSTCASH,0,1,RT,2022-08-08 00:00:00,2022-08-10 00:00:00,2105,ACH080822,USD,5150.4,5150.4,NULL,NULL,NULL
3617,POSTCASH,0,2,RT,2022-08-10 00:00:00,2022-08-11 00:00:00,1900,CK 3360,USD,2820,2820,NULL,NULL,NULL
3618,POSTCASH,0,1,RT,2022-08-11 00:00:00,2022-08-11 00:00:00,1139,CK 206652,USD,1920,1920,NULL,NULL,NULL
3619,POSTCASH,0,1,RT,2022-08-10 00:00:00,2022-08-11 00:00:00,1486,CK 9096,USD,9853.2,9853.2,NULL,NULL,NULL
3620,POSTCASH,0,1,RT,2022-08-10 00:00:00,2022-08-11 00:00:00,1114,CK 113778,USD,12254.4,12254.4,NULL,NULL,NULL
3621,POSTCASH,0,2,RT,2022-08-11 00:00:00,2022-08-12 00:00:00,2137,ACH081122,USD,1826.5,1826.5,NULL,NULL,NULL
3622,POSTCASH,0,2,RT,2022-08-11 00:00:00,2022-08-12 00:00:00,1199,ACH081122,USD,15004.54,15004.54,NULL,NULL,NULL
3623,POSTCASH,0,1,RT,2022-08-12 00:00:00,2022-08-12 00:00:00,2144,CK 120163,USD,11659.38,11659.38,NULL,NULL,NULL
3624,POSTCASH,0,1,RT,2022-08-12 00:00:00,2022-08-12 00:00:00,1612,CK 7515,USD,9922.5,9922.5,NULL,NULL,NULL
3625,POSTCASH,0,1,RT,2022-08-16 00:00:00,2022-08-16 00:00:00,1879,ACH081622,USD,12053.49,12053.49,NULL,NULL,NULL
3626,POSTCASH,0,1,RT,2022-08-16 00:00:00,2022-08-16 00:00:00,1712,ACH081622,USD,2043.3,2043.3,NULL,NULL,NULL
3627,POSTCASH,0,1,RT,2022-08-16 00:00:00,2022-08-16 00:00:00,2232,ACH081622,USD,6448,6448,NULL,NULL,NULL
3628,POSTCASH,0,1,RT,2022-08-15 00:00:00,2022-08-16 00:00:00,2255,ACH081522,USD,11849.6,11849.6,NULL,NULL,NULL
3629,POSTCASH,0,1,RT,2022-08-15 00:00:00,2022-08-16 00:00:00,2044,ACH081522,USD,8572,8572,NULL,NULL,NULL
3630,POSTCASH,0,1,RT,2022-08-15 00:00:00,2022-08-16 00:00:00,2044,ACH081522,USD,8348,8348,NULL,NULL,NULL
3631,POSTCASH,0,1,RT,2022-08-15 00:00:00,2022-08-16 00:00:00,2044,ACH081522,USD,8306.8,8306.8,NULL,NULL,NULL
3632,POSTCASH,0,1,RT,2022-08-15 00:00:00,2022-08-16 00:00:00,2044,ACH081522,USD,8124,8124,NULL,NULL,NULL
3633,POSTCASH,0,1,RT,2022-08-15 00:00:00,2022-08-16 00:00:00,2044,ACH081522,USD,8018,8018,NULL,NULL,NULL
3634,POSTCASH,0,1,RT,2022-08-15 00:00:00,2022-08-16 00:00:00,2044,ACH081522,USD,7486,7486,NULL,NULL,NULL
3635,POSTCASH,0,1,RT,2022-08-15 00:00:00,2022-08-16 00:00:00,2044,ACH081522,USD,6924,6924,NULL,NULL,NULL
3636,POSTCASH,0,1,RT,2022-08-15 00:00:00,2022-08-16 00:00:00,2044,ACH081522,USD,6783,6783,NULL,NULL,NULL
3637,POSTCASH,0,1,RT,2022-08-15 00:00:00,2022-08-16 00:00:00,2044,ACH081522,USD,6562,6562,NULL,NULL,NULL
3638,POSTCASH,0,1,RT,2022-08-15 00:00:00,2022-08-16 00:00:00,2044,ACH081522,USD,6168,6168,NULL,NULL,NULL
3639,POSTCASH,0,8,RT,2022-08-15 00:00:00,2022-08-16 00:00:00,1137,ACH081522,USD,29249.37,29249.37,NULL,NULL,NULL
3640,POSTCASH,0,1,RT,2022-08-19 00:00:00,2022-08-19 00:00:00,1455,ACH081922,USD,12651.52,12651.52,NULL,NULL,NULL
3641,POSTCASH,0,8,RT,2022-08-19 00:00:00,2022-08-19 00:00:00,1137,ACH081922,USD,28285.8,28285.8,NULL,NULL,NULL
3642,POSTCASH,0,1,RT,2022-08-18 00:00:00,2022-08-19 00:00:00,1199,ACH081822,USD,9586.4,9586.4,NULL,NULL,NULL
3643,POSTCASH,0,2,RT,2022-08-17 00:00:00,2022-08-19 00:00:00,2137,ACH081722,USD,14812,14812,NULL,NULL,NULL
3644,POSTCASH,0,1,RT,2022-08-01 00:00:00,2022-08-22 00:00:00,2044,ACH080122,USD,2592,2592,NULL,NULL,NULL
3645,POSTCASH,0,1,RT,2022-08-22 00:00:00,2022-08-22 00:00:00,2044,ACH082222,USD,7805.2,7805.2,NULL,NULL,NULL
3646,POSTCASH,0,3,RT,2022-08-22 00:00:00,2022-08-22 00:00:00,2207,CK 4173,USD,4716,4716,NULL,NULL,NULL
3647,POSTCASH,0,1,RT,2022-08-22 00:00:00,2022-08-22 00:00:00,2252,CK 1937,USD,3507,3507,NULL,NULL,NULL
3648,POSTCASH,0,1,RT,2022-08-22 00:00:00,2022-08-22 00:00:00,1500,CK 00001099,USD,14532,14532,NULL,NULL,NULL
3649,POSTCASH,0,3,RT,2022-08-22 00:00:00,2022-08-22 00:00:00,1474,CK 40100,USD,50631.36,50631.36,NULL,NULL,NULL
3650,POSTCASH,0,1,RT,2022-08-22 00:00:00,2022-08-22 00:00:00,1474,CK 40091,USD,17793,17793,NULL,NULL,NULL
3651,POSTCASH,0,1,RT,2022-08-22 00:00:00,2022-08-22 00:00:00,1486,CK 9168,USD,10710,10710,NULL,NULL,NULL
3652,POSTCASH,0,1,RT,2022-08-24 00:00:00,2022-08-24 00:00:00,1879,ACH082422,USD,13851.32,13851.32,NULL,NULL,NULL
3653,POSTCASH,0,2,RT,2022-08-25 00:00:00,2022-08-25 00:00:00,1775,ACH082522,USD,350,350,NULL,NULL,NULL
3654,POSTCASH,0,3,RT,2022-08-25 00:00:00,2022-08-25 00:00:00,2137,ACH082522,USD,14969.2,14969.2,NULL,NULL,NULL
3655,POSTCASH,0,4,RT,2022-08-25 00:00:00,2022-08-25 00:00:00,1630,ACH082522,USD,73734.02,73734.02,NULL,NULL,NULL
3656,POSTCASH,0,1,RT,2022-08-26 00:00:00,2022-08-26 00:00:00,1137,ACH082622,USD,2985,2985,NULL,NULL,NULL
3657,POSTCASH,0,1,RT,2022-08-26 00:00:00,2022-08-26 00:00:00,1455,ACH082622,USD,7273,7273,NULL,NULL,NULL
3658,POSTCASH,0,2,RT,2022-09-02 00:00:00,2022-09-06 00:00:00,2035,CK 50155,USD,20624.8,20624.8,NULL,NULL,NULL
3659,POSTCASH,0,2,RT,2022-09-02 00:00:00,2022-09-06 00:00:00,2035,CK 50156,USD,19652.32,19652.32,NULL,NULL,NULL
3660,POSTCASH,0,1,RT,2022-08-29 00:00:00,2022-09-06 00:00:00,1114,CK 114081,USD,9592,9592,NULL,NULL,NULL
3661,POSTCASH,0,1,RT,2022-08-31 00:00:00,2022-09-06 00:00:00,1500,CK 00000545,USD,19557.64,19557.64,NULL,NULL,NULL
3662,POSTCASH,0,1,RT,2022-09-06 00:00:00,2022-09-06 00:00:00,1561,CK 80431,USD,9202.53,9202.53,NULL,NULL,NULL
3663,POSTCASH,0,2,RT,2022-09-06 00:00:00,2022-09-06 00:00:00,1500,CK 00002111,USD,27258,27258,NULL,NULL,NULL
3664,POSTCASH,0,2,RT,2022-09-06 00:00:00,2022-09-06 00:00:00,2006,CK 211600,USD,33015.4,33015.4,NULL,NULL,NULL
3665,POSTCASH,0,1,RT,2022-08-29 00:00:00,2022-09-06 00:00:00,2044,ACH082922,USD,8895.8,8895.8,NULL,NULL,NULL
3666,POSTCASH,0,1,RT,2022-08-29 00:00:00,2022-09-06 00:00:00,2044,ACH082922,USD,8793.2,8793.2,NULL,NULL,NULL
3667,POSTCASH,0,1,RT,2022-09-02 00:00:00,2022-09-06 00:00:00,2044,ACH090222,USD,7227.6,7227.6,NULL,NULL,NULL
3668,POSTCASH,0,1,RT,2022-09-02 00:00:00,2022-09-06 00:00:00,2044,ACH090222,USD,7185.8,7185.8,NULL,NULL,NULL
3669,POSTCASH,0,1,RT,2022-09-02 00:00:00,2022-09-06 00:00:00,2044,ACH090222,USD,7174.4,7174.4,NULL,NULL,NULL
3670,POSTCASH,0,1,RT,2022-09-02 00:00:00,2022-09-06 00:00:00,2044,ACH090222,USD,6843.8,6843.8,NULL,NULL,NULL
3671,POSTCASH,0,1,RT,2022-09-02 00:00:00,2022-09-06 00:00:00,2044,ACH090222,USD,5475.8,5475.8,NULL,NULL,NULL
3672,POSTCASH,0,1,RT,2022-08-29 00:00:00,2022-09-06 00:00:00,1578,ACH082922,USD,7617.6,7617.6,NULL,NULL,NULL
3673,POSTCASH,0,2,RT,2022-09-06 00:00:00,2022-09-06 00:00:00,1137,ACH090622,USD,5635,5635,NULL,NULL,NULL
3674,POSTCASH,0,1,RT,2022-09-06 00:00:00,2022-09-06 00:00:00,2232,ACH090622,USD,4117.49,4117.49,NULL,NULL,NULL
3675,POSTCASH,0,1,RT,2022-08-30 00:00:00,2022-09-06 00:00:00,2001,ACJ083022,USD,2890,2890,NULL,NULL,NULL
3676,POSTCASH,0,2,RT,2022-08-31 00:00:00,2022-09-06 00:00:00,1712,ACH083122,USD,2599.65,2599.65,NULL,NULL,NULL
3677,POSTCASH,0,1,RT,2022-09-08 00:00:00,2022-09-08 00:00:00,2115,CK 2646,USD,15280.29,15280.29,NULL,NULL,NULL
3678,POSTCASH,0,1,RT,2022-09-08 00:00:00,2022-09-08 00:00:00,1124,CK 077947,USD,5528.64,5528.64,NULL,NULL,NULL
3679,POSTCASH,0,2,RT,2022-09-07 00:00:00,2022-09-08 00:00:00,1879,ACH090722,USD,11164.8,11164.8,NULL,NULL,NULL
3680,POSTCASH,0,2,RT,2022-09-09 00:00:00,2022-09-09 00:00:00,1577,ACH090922,USD,18317.85,18317.85,NULL,NULL,NULL
3681,POSTCASH,0,1,RT,2022-09-09 00:00:00,2022-09-09 00:00:00,1455,ACH090922,USD,11476.36,11476.36,NULL,NULL,NULL
3682,POSTCASH,0,2,RT,2022-09-13 00:00:00,2022-09-13 00:00:00,2137,ACH091222,USD,4659.8,4659.8,NULL,NULL,NULL
3683,POSTCASH,0,1,RT,2022-09-12 00:00:00,2022-09-13 00:00:00,1137,ACH091222,USD,3345,3345,NULL,NULL,NULL
3684,POSTCASH,0,1,RT,2022-09-13 00:00:00,2022-09-14 00:00:00,1612,CK 7535,USD,12693.6,12693.6,NULL,NULL,NULL
3685,POSTCASH,0,1,RT,2022-09-13 00:00:00,2022-09-14 00:00:00,1500,CK 00002644,USD,12262.8,12262.8,NULL,NULL,NULL
3686,POSTCASH,0,1,RT,2022-09-13 00:00:00,2022-09-14 00:00:00,1561,CK 80475,USD,8803.71,8803.71,NULL,NULL,NULL
3687,POSTCASH,0,1,RT,2022-09-13 00:00:00,2022-09-14 00:00:00,1466,CK 12974,USD,3714.5,3714.5,NULL,NULL,NULL
3688,POSTCASH,0,1,RT,2022-09-13 00:00:00,2022-09-14 00:00:00,2115,CK 2652,USD,14810.4,14810.4,NULL,NULL,NULL
3689,POSTCASH,0,2,RT,2022-09-13 00:00:00,2022-09-14 00:00:00,2006,CK 211666,USD,26611.2,26611.2,NULL,NULL,NULL
3690,POSTCASH,0,1,RT,2022-09-15 00:00:00,2022-09-15 00:00:00,2137,ACH091522,USD,2654.4,2654.4,NULL,NULL,NULL
3691,UACASH,0,1,RT,2022-09-15 00:00:00,2022-09-15 00:00:00,1326,DEP091522,USD,1200,1200,NULL,NULL,NULL
3692,POSTCASH,0,2,RT,2022-09-19 00:00:00,2022-09-19 00:00:00,1114,CK 114467,USD,14384,14384,NULL,NULL,NULL
3693,POSTCASH,0,1,RT,2022-09-16 00:00:00,2022-09-20 00:00:00,1455,ACH091622,USD,12410.86,12410.86,NULL,NULL,NULL
3694,POSTCASH,0,1,RT,2022-09-19 00:00:00,2022-09-20 00:00:00,1111,ACH091922,USD,7201.75,7201.75,NULL,NULL,NULL
3695,POSTCASH,0,8,RT,2022-09-19 00:00:00,2022-09-20 00:00:00,1137,AXH091922,USD,31019.75,31019.75,NULL,NULL,NULL
3696,POSTCASH,0,1,RT,2022-09-20 00:00:00,2022-09-20 00:00:00,1879,ACH092020,USD,796.6,796.6,NULL,NULL,NULL
3697,POSTCASH,0,1,RT,2022-09-20 00:00:00,2022-09-20 00:00:00,2137,ACH092022,USD,10833.6,10833.6,NULL,NULL,NULL
3698,POSTCASH,0,1,RT,2022-09-20 00:00:00,2022-09-20 00:00:00,2232,ACH092022,USD,3728.4,3728.4,NULL,NULL,NULL
3699,UACASH,0,1,RT,2022-09-19 00:00:00,2022-09-20 00:00:00,2316,ACH091922,USD,4200,4200,NULL,NULL,NULL
3700,POSTCASH,0,1,RT,2022-09-20 00:00:00,2022-09-20 00:00:00,2115,CK 2659,USD,765.8,765.8,NULL,NULL,NULL
3701,POSTCASH,0,3,RT,2022-09-21 00:00:00,2022-09-22 00:00:00,2137,ACH092122,USD,15606.8,15606.8,NULL,NULL,NULL
3702,POSTCASH,0,1,RT,2022-08-04 00:00:00,2022-09-23 00:00:00,1474,CK 40053,USD,17250,17250,NULL,NULL,NULL
3703,POSTCASH,0,1,RT,2022-09-23 00:00:00,2022-09-23 00:00:00,1866,ACH092322,USD,17268.3,17268.3,NULL,NULL,NULL
3704,POSTCASH,0,1,RT,2022-09-27 00:00:00,2022-09-27 00:00:00,2240,92722,USD,6562.46,6562.46,NULL,NULL,NULL
3705,POSTCASH,0,1,RT,2022-09-27 00:00:00,2022-09-27 00:00:00,2137,ACH092722,USD,2451.57,2451.57,NULL,NULL,NULL
3706,POSTCASH,0,2,RT,2022-09-26 00:00:00,2022-09-27 00:00:00,1137,AR092622,USD,5365.5,5365.5,NULL,NULL,NULL
3707,POSTCASH,0,2,RT,2022-09-28 00:00:00,2022-09-29 00:00:00,1500,CK 00003702,USD,26005.64,26005.64,NULL,NULL,NULL
3708,POSTCASH,0,6,RT,2022-09-28 00:00:00,2022-09-29 00:00:00,1299,CK 001039,USD,34655.17,34655.17,NULL,NULL,NULL
3709,POSTCASH,0,1,RT,2022-09-29 00:00:00,2022-09-29 00:00:00,2252,CK 1963,USD,3256,3256,NULL,NULL,NULL
3710,POSTCASH,0,1,RT,2022-09-28 00:00:00,2022-09-29 00:00:00,2232,ACH092822,USD,5608.2,5608.2,NULL,NULL,NULL
3711,POSTCASH,0,1,RT,2022-09-29 00:00:00,2022-09-29 00:00:00,1199,ACH092922,USD,8912.4,8912.4,NULL,NULL,NULL
3712,POSTCASH,0,2,RT,2022-09-30 00:00:00,2022-09-30 00:00:00,1577,ACJ093022,USD,18436.32,18436.32,NULL,NULL,NULL
3713,UACASH-APP,0,1,RT,2022-10-03 00:00:00,2022-10-03 00:00:00,1326,DEP091522,USD,1200,1200,NULL,NULL,NULL
3714,POSTCASH,0,1,RT,2022-10-03 00:00:00,2022-10-03 00:00:00,2232,ACH100322,USD,5172.05,5172.05,NULL,NULL,NULL
3715,POSTCASH,0,2,RT,2022-10-03 00:00:00,2022-10-03 00:00:00,1137,ACH100322,USD,3112.8,3112.8,NULL,NULL,NULL
3716,POSTCASH,0,1,RT,2022-10-03 00:00:00,2022-10-03 00:00:00,2044,ACH100322,USD,5742.8,5742.8,NULL,NULL,NULL
3717,POSTCASH,0,1,RT,2022-10-03 00:00:00,2022-10-03 00:00:00,2044,ACH100322,USD,9350,9350,NULL,NULL,NULL
3718,POSTCASH,0,1,RT,2022-10-03 00:00:00,2022-10-03 00:00:00,2044,ACH100322,USD,7049,7049,NULL,NULL,NULL
3719,POSTCASH,0,1,RT,2022-10-03 00:00:00,2022-10-03 00:00:00,2044,ACH100322,USD,4769,4769,NULL,NULL,NULL
3720,UACASH-APP,0,1,RT,2022-10-06 00:00:00,2022-10-06 00:00:00,2316,ACH091922,USD,4200,4200,NULL,NULL,NULL
3721,POSTCASH,0,1,RT,2022-10-07 00:00:00,2022-10-07 00:00:00,2001,ACH100622,USD,5450.4,5450.4,NULL,NULL,NULL
3722,POSTCASH,0,1,RT,2022-10-06 00:00:00,2022-10-07 00:00:00,1775,ACH100622,USD,500,500,NULL,NULL,NULL
3723,POSTCASH,0,1,RT,2022-10-07 00:00:00,2022-10-07 00:00:00,1879,ACH100722,USD,9644.1,9644.1,NULL,NULL,NULL
3724,POSTCASH,0,3,RT,2022-10-07 00:00:00,2022-10-07 00:00:00,1455,ACH100722,USD,33586.8,33586.8,NULL,NULL,NULL
3725,POSTCASH,0,1,RT,2022-10-07 00:00:00,2022-10-07 00:00:00,1577,ACH100722,USD,1280.8,1280.8,NULL,NULL,NULL
3726,POSTCASH,0,1,RT,2022-10-06 00:00:00,2022-10-07 00:00:00,1561,CK 80624,USD,8991.62,8991.62,NULL,NULL,NULL
3727,POSTCASH,0,2,RT,2022-10-07 00:00:00,2022-10-07 00:00:00,1124,CK 078008,USD,10806.3,10806.3,NULL,NULL,NULL
3728,UACASH,0,1,RT,2022-10-07 00:00:00,2022-10-10 00:00:00,2316,WIR100722,USD,14200,14200,NULL,NULL,NULL
3729,POSTCASH,0,1,RT,2022-10-07 00:00:00,2022-10-10 00:00:00,1630,ACH100722,USD,25000,25000,NULL,NULL,NULL
3730,POSTCASH,0,1,RT,2022-10-11 00:00:00,2022-10-12 00:00:00,2044,ACH101122,USD,5213.6,5213.6,NULL,NULL,NULL
3731,POSTCASH,0,1,RT,2022-10-11 00:00:00,2022-10-12 00:00:00,2044,ACH101122,USD,5423.6,5423.6,NULL,NULL,NULL
3732,POSTCASH,0,1,RT,2022-10-12 00:00:00,2022-10-12 00:00:00,2191,ACH101222,USD,2846.2,2846.2,NULL,NULL,NULL
3733,POSTCASH,0,1,RT,2022-10-13 00:00:00,2022-10-13 00:00:00,1124,CK 078045,USD,3631.04,3631.04,NULL,NULL,NULL
3734,POSTCASH,0,1,RT,2022-10-13 00:00:00,2022-10-13 00:00:00,2115,CK 2670,USD,1169.75,1169.75,NULL,NULL,NULL
3735,POSTCASH,0,3,RT,2022-10-13 00:00:00,2022-10-13 00:00:00,1114,CK 114772,USD,24086.4,24086.4,NULL,NULL,NULL
3736,POSTCASH,0,2,RT,2022-10-13 00:00:00,2022-10-13 00:00:00,2006,CK 211972,USD,20347.8,20347.8,NULL,NULL,NULL
3737,POSTCASH,0,1,RT,2022-10-14 00:00:00,2022-10-14 00:00:00,1879,ACH101422,USD,11452.5,11452.5,NULL,NULL,NULL
3738,POSTCASH,0,4,RT,2022-10-17 00:00:00,2022-10-18 00:00:00,1137,ACH101722,USD,10960,10960,NULL,NULL,NULL
3739,POSTCASH,0,6,RT,2022-10-17 00:00:00,2022-10-18 00:00:00,1630,ACH101722,USD,51717.11,51717.11,NULL,NULL,NULL
3740,POSTCASH,0,2,RT,2022-10-17 00:00:00,2022-10-18 00:00:00,1712,ACH101722,USD,2354.55,2354.55,NULL,NULL,NULL
3741,POSTCASH,0,2,RT,2022-10-18 00:00:00,2022-10-18 00:00:00,1968,ACH101822,USD,400,400,NULL,NULL,NULL
3742,POSTCASH,0,2,RT,2022-10-18 00:00:00,2022-10-18 00:00:00,2137,ACH101822,USD,12496.4,12496.4,NULL,NULL,NULL
3743,UACASH-APP,0,1,RT,2022-10-19 00:00:00,2022-10-19 00:00:00,2316,WIR100722,USD,5600,5600,NULL,NULL,NULL
3744,UACASH-APP,0,1,RT,2022-10-19 00:00:00,2022-10-19 00:00:00,2316,WIR100722,USD,4400,4400,NULL,NULL,NULL
3745,UACASH-APP,0,1,RT,2022-10-19 00:00:00,2022-10-19 00:00:00,2316,WIR100722,USD,4200,4200,NULL,NULL,NULL
3746,POSTCASH,0,1,RT,2022-10-19 00:00:00,2022-10-20 00:00:00,2044,ACH101922,USD,4070.4,4070.4,NULL,NULL,NULL
3747,POSTCASH,0,1,RT,2022-10-19 00:00:00,2022-10-20 00:00:00,2044,ACH101922,USD,7344,7344,NULL,NULL,NULL
3748,POSTCASH,0,1,RT,2022-10-13 00:00:00,2022-10-21 00:00:00,1866,ACH101322,USD,6473.28,6473.28,NULL,NULL,NULL
3749,POSTCASH,0,3,RT,2022-10-21 00:00:00,2022-10-21 00:00:00,1577,ACH102122,USD,24508.45,24508.45,NULL,NULL,NULL
3750,POSTCASH,0,1,RT,2022-10-21 00:00:00,2022-10-21 00:00:00,1137,ACH102122,USD,1498.5,1498.5,NULL,NULL,NULL
3751,POSTCASH,0,3,RT,2022-10-24 00:00:00,2022-10-24 00:00:00,1500,CK 00005371,USD,43661.12,43661.12,NULL,NULL,NULL
3752,POSTCASH,0,2,RT,2022-10-24 00:00:00,2022-10-24 00:00:00,1114,CK 115003,USD,6419.4,6419.4,NULL,NULL,NULL
3753,POSTCASH,0,1,RT,2022-10-24 00:00:00,2022-10-24 00:00:00,1124,CK 078078,USD,4337.92,4337.92,NULL,NULL,NULL
3754,POSTCASH,0,2,RT,2022-10-24 00:00:00,2022-10-24 00:00:00,1935,CK 4804,USD,1532.8,1532.8,NULL,NULL,NULL
3755,POSTCASH,0,1,RT,2022-10-24 00:00:00,2022-10-24 00:00:00,1326,CK 6120,USD,1800,1800,NULL,NULL,NULL
3756,POSTCASH,0,1,RT,2022-10-24 00:00:00,2022-10-24 00:00:00,2191,ACH102422,USD,3591.25,3591.25,NULL,NULL,NULL
3757,POSTCASH,0,2,RT,2022-10-24 00:00:00,2022-10-24 00:00:00,1455,ACH102422,USD,21327.65,21327.65,NULL,NULL,NULL
3758,POSTCASH,0,1,RT,2022-10-24 00:00:00,2022-10-25 00:00:00,1866,ACH102422,USD,14344.41,14344.41,NULL,NULL,NULL
3759,POSTCASH,0,1,RT,2022-10-25 00:00:00,2022-10-25 00:00:00,1900,CK 3670,USD,1050,1050,NULL,NULL,NULL
3760,POSTCASH,0,1,RT,2022-10-25 00:00:00,2022-10-25 00:00:00,2313,CK 08507,USD,100,100,NULL,NULL,NULL
3761,POSTCASH,0,1,RT,2022-10-25 00:00:00,2022-10-25 00:00:00,1326,CK 6130,USD,1200,1200,NULL,NULL,NULL
3762,POSTCASH,0,2,RT,2022-10-25 00:00:00,2022-10-25 00:00:00,1577,CM 55619,USD,0,0,NULL,NULL,NULL
3763,UNDO-POSTCASH,0,1,RT,2022-10-26 00:00:00,2022-10-26 00:00:00,1577,CM 55619,USD,1000,1000,NULL,NULL,NULL
3764,UNDO-POSTCASH,0,1,RT,2022-10-26 00:00:00,2022-10-26 00:00:00,1577,CM 55619,USD,-1000,-1000,NULL,NULL,NULL
3765,POSTCASH,0,2,RT,2022-10-26 00:00:00,2022-10-26 00:00:00,1577,CM 55584,USD,0,0,NULL,NULL,NULL
3766,POSTCASH,0,2,RT,2022-10-20 00:00:00,2022-10-27 00:00:00,2137,ACH102022,USD,5947.2,5947.2,NULL,NULL,NULL
3767,POSTCASH,0,1,RT,2022-10-27 00:00:00,2022-10-27 00:00:00,2137,ACH102722,USD,2808,2808,NULL,NULL,NULL
3768,POSTCASH,0,1,RT,2022-10-26 00:00:00,2022-10-27 00:00:00,1712,ACH102622,USD,1574.89,1574.89,NULL,NULL,NULL
3769,POSTCASH,0,2,RT,2022-10-28 00:00:00,2022-10-28 00:00:00,1636,ACH102822,USD,20745.9,20745.9,NULL,NULL,NULL
3770,POSTCASH,0,3,RT,2022-10-28 00:00:00,2022-10-28 00:00:00,2137,ACH102822,USD,13829.6,13829.6,NULL,NULL,NULL
3771,POSTCASH,0,1,RT,2022-10-28 00:00:00,2022-10-28 00:00:00,1578,AR102822,USD,7239.6,7239.6,NULL,NULL,NULL
3772,POSTCASH,0,1,RT,2022-10-28 00:00:00,2022-10-28 00:00:00,1577,ACH102822,USD,6315,6315,NULL,NULL,NULL
3773,POSTCASH,0,2,RT,2022-10-28 00:00:00,2022-10-28 00:00:00,1486,CK 9607,USD,5472,5472,NULL,NULL,NULL
3774,POSTCASH,0,1,RT,2022-10-28 00:00:00,2022-10-28 00:00:00,1486,CK 9515,USD,1914,1914,NULL,NULL,NULL
3775,POSTCASH,0,1,RT,2022-10-31 00:00:00,2022-10-31 00:00:00,2044,ACH103122,USD,7736.8,7736.8,NULL,NULL,NULL
3776,POSTCASH,0,1,RT,2022-11-01 00:00:00,2022-11-01 00:00:00,1968,ACH110122,USD,200,200,NULL,NULL,NULL
3777,POSTCASH,0,2,RT,2022-11-01 00:00:00,2022-11-01 00:00:00,2137,ACH110122,USD,3425.32,3425.32,NULL,NULL,NULL
3778,POSTCASH,0,1,RT,2022-11-04 00:00:00,2022-11-04 00:00:00,1114,CK 115226,USD,8860.8,8860.8,NULL,NULL,NULL
3779,POSTCASH,0,1,RT,2022-11-02 00:00:00,2022-11-04 00:00:00,1866,ACH110222,USD,14560.73,14560.73,NULL,NULL,NULL
3780,POSTCASH,0,1,RT,2022-11-07 00:00:00,2022-11-07 00:00:00,1565,CK 1086,USD,5202,5202,NULL,NULL,NULL
3781,POSTCASH,0,1,RT,2022-11-07 00:00:00,2022-11-07 00:00:00,2201,CK 70569,USD,287.12,287.12,NULL,NULL,NULL
3782,POSTCASH,0,1,RT,2022-11-07 00:00:00,2022-11-07 00:00:00,2006,CK  212085,USD,9629.4,9629.4,NULL,NULL,NULL
3783,POSTCASH,0,1,RT,2022-11-07 00:00:00,2022-11-07 00:00:00,1500,CK 00006966,USD,11345.4,11345.4,NULL,NULL,NULL
3784,POSTCASH,0,1,RT,2022-11-07 00:00:00,2022-11-07 00:00:00,1455,ACH110722,USD,10435,10435,NULL,NULL,NULL
3785,POSTCASH,0,3,RT,2022-11-07 00:00:00,2022-11-07 00:00:00,2137,ACH110722,USD,5592,5592,NULL,NULL,NULL
3786,POSTCASH,0,2,RT,2022-11-08 00:00:00,2022-11-08 00:00:00,1879,ACH110822,USD,18898.5,18898.5,NULL,NULL,NULL
3787,UACASH,0,1,RT,2022-11-09 00:00:00,2022-11-09 00:00:00,2316,ach110922,USD,3800,3800,NULL,NULL,NULL
3788,POSTCASH,0,2,RT,2022-11-09 00:00:00,2022-11-09 00:00:00,1960,ACH110922,USD,1875.97,1875.97,NULL,NULL,NULL
3789,POSTCASH,0,2,RT,2022-11-11 00:00:00,2022-11-14 00:00:00,1500,CK 00007414,USD,24832.88,24832.88,NULL,NULL,NULL
3790,POSTCASH,0,2,RT,2022-11-11 00:00:00,2022-11-14 00:00:00,1924,CK 19305,USD,1300,1300,NULL,NULL,NULL
3791,POSTCASH,0,2,RT,2022-11-14 00:00:00,2022-11-14 00:00:00,1455,ACH111422,USD,18396.63,18396.63,NULL,NULL,NULL
3792,POSTCASH,0,3,RT,2022-11-14 00:00:00,2022-11-14 00:00:00,1577,ACH111422,USD,9379.09,9379.09,NULL,NULL,NULL
3793,POSTCASH,0,5,RT,2022-11-14 00:00:00,2022-11-15 00:00:00,2137,ACH111422,USD,11370.8,11370.8,NULL,NULL,NULL
3794,POSTCASH,0,1,RT,2022-11-15 00:00:00,2022-11-15 00:00:00,1565,CK 1149,USD,3920,3920,NULL,NULL,NULL
3795,POSTCASH,0,1,RT,2022-11-15 00:00:00,2022-11-15 00:00:00,2309,CK 316883,USD,6279,6279,NULL,NULL,NULL
3796,POSTCASH,0,1,RT,2022-11-15 00:00:00,2022-11-15 00:00:00,1965,CK 3415,USD,200,200,NULL,NULL,NULL
3797,POSTCASH,0,1,RT,2022-11-15 00:00:00,2022-11-15 00:00:00,2329,ACH111522,USD,1200,1200,NULL,NULL,NULL
3798,POSTCASH,0,3,RT,2022-11-16 00:00:00,2022-11-17 00:00:00,1299,WIR111622,USD,27795.02,27795.02,NULL,NULL,NULL
3799,POSTCASH,0,1,RT,2022-11-18 00:00:00,2022-11-18 00:00:00,1577,ACH111822,USD,1384.14,1384.14,NULL,NULL,NULL
3800,POSTCASH,0,1,RT,2022-11-18 00:00:00,2022-11-18 00:00:00,2137,ACH111822,USD,2064,2064,NULL,NULL,NULL
3801,POSTCASH,0,4,RT,2022-11-18 00:00:00,2022-11-18 00:00:00,1137,AR111822,USD,10612,10612,NULL,NULL,NULL
3802,POSTCASH,0,2,RT,2022-11-18 00:00:00,2022-11-18 00:00:00,1577,CM 55704,USD,0,0,NULL,NULL,NULL
3803,POSTCASH,0,2,RT,2022-11-18 00:00:00,2022-11-18 00:00:00,1577,CM 55704,USD,0,0,NULL,NULL,NULL
3804,POSTCASH,0,3,RT,2022-11-18 00:00:00,2022-11-18 00:00:00,2086,CK 119948,USD,2911.59,2911.59,NULL,NULL,NULL
3805,POSTCASH,0,2,RT,2022-11-18 00:00:00,2022-11-18 00:00:00,1612,CK 7570,USD,18261,18261,NULL,NULL,NULL
3806,POSTCASH,0,1,RT,2022-11-21 00:00:00,2022-11-21 00:00:00,1500,CK 00007920,USD,11178,11178,NULL,NULL,NULL
3807,POSTCASH,0,4,RT,2022-11-21 00:00:00,2022-11-22 00:00:00,2137,ACH112122,USD,7111.38,7111.38,NULL,NULL,NULL
3808,POSTCASH,0,1,RT,2022-11-22 00:00:00,2022-11-22 00:00:00,2115,CK 2698,USD,1369.05,1369.05,NULL,NULL,NULL
3809,POSTCASH,0,2,RT,2022-11-22 00:00:00,2022-11-22 00:00:00,1114,CK 115507,USD,7952,7952,NULL,NULL,NULL
3810,POSTCASH,0,1,RT,2022-11-23 00:00:00,2022-11-23 00:00:00,1866,ACH112322,USD,13826.12,13826.12,NULL,NULL,NULL
3811,POSTCASH,0,6,RT,2022-11-25 00:00:00,2022-11-29 00:00:00,1137,ACH112522,USD,20011,20011,NULL,NULL,NULL
3812,POSTCASH,0,1,RT,2022-11-28 00:00:00,2022-11-29 00:00:00,2137,ACH112822,USD,1362.4,1362.4,NULL,NULL,NULL
3813,POSTCASH,0,1,RT,2022-11-28 00:00:00,2022-11-29 00:00:00,2044,ACH112822,USD,8637.2,8637.2,NULL,NULL,NULL
3814,POSTCASH,0,1,RT,2022-11-28 00:00:00,2022-11-29 00:00:00,2191,ACH112822,USD,2179.74,2179.74,NULL,NULL,NULL
3815,POSTCASH,0,1,RT,2022-12-01 00:00:00,2022-12-01 00:00:00,2326,ACH120122,USD,13922.3,13922.3,NULL,NULL,NULL
3816,POSTCASH,0,1,RT,2022-12-01 00:00:00,2022-12-01 00:00:00,1565,CK 1287,USD,5356.8,5356.8,NULL,NULL,NULL
3817,POSTCASH,0,1,RT,2022-12-01 00:00:00,2022-12-01 00:00:00,1486,CK 9860,USD,2611.8,2611.8,NULL,NULL,NULL
3818,POSTCASH,0,1,RT,2022-12-02 00:00:00,2022-12-02 00:00:00,1924,CK 19402,USD,845,845,NULL,NULL,NULL
3819,POSTCASH,0,1,RT,2022-12-02 00:00:00,2022-12-02 00:00:00,1577,ACH120222,USD,10996.2,10996.2,NULL,NULL,NULL
3820,POSTCASH,0,1,RT,2022-11-03 00:00:00,2022-12-02 00:00:00,1199,ACH110322,USD,9128.7,9128.7,NULL,NULL,NULL
3821,POSTCASH,0,1,RT,2022-12-05 00:00:00,2022-12-05 00:00:00,1578,ACH120522,USD,7135.2,7135.2,NULL,NULL,NULL
3822,POSTCASH,0,3,RT,2022-12-05 00:00:00,2022-12-05 00:00:00,1455,ACH120522,USD,26175.67,26175.67,NULL,NULL,NULL
3823,POSTCASH,0,3,RT,2022-12-06 00:00:00,2022-12-07 00:00:00,2137,ACH120622,USD,9584.8,9584.8,NULL,NULL,NULL
3824,UACASH,0,1,RT,2022-12-02 00:00:00,2022-12-08 00:00:00,1137,ACH120222,USD,15772,15772,NULL,NULL,NULL
3825,UACASH-APP,0,4,RT,2022-12-08 00:00:00,2022-12-08 00:00:00,1137,ACH120222,USD,15772,15772,NULL,NULL,NULL
3826,POSTCASH,0,1,RT,2022-12-12 00:00:00,2022-12-13 00:00:00,1455,ACH121222,USD,8937.64,8937.64,NULL,NULL,NULL
3827,POSTCASH,0,4,RT,2022-12-09 00:00:00,2022-12-13 00:00:00,1137,ACH120922,USD,10620.6,10620.6,NULL,NULL,NULL
3828,POSTCASH,0,1,RT,2022-12-09 00:00:00,2022-12-13 00:00:00,2240,ACH120922,USD,6344.1,6344.1,NULL,NULL,NULL
3829,POSTCASH,0,2,RT,2022-12-13 00:00:00,2022-12-13 00:00:00,1505,ACH121322,USD,9526.56,9526.56,NULL,NULL,NULL
3830,POSTCASH,0,2,RT,2022-12-13 00:00:00,2022-12-13 00:00:00,2232,ACH121322,USD,3924,3924,NULL,NULL,NULL
3831,POSTCASH,0,2,RT,2022-12-13 00:00:00,2022-12-14 00:00:00,2137,ACH21322,USD,2498.54,2498.54,NULL,NULL,NULL
3832,POSTCASH,0,1,RT,2022-12-14 00:00:00,2022-12-14 00:00:00,2326,ACH121422,USD,2613.6,2613.6,NULL,NULL,NULL
3833,POSTCASH,0,1,RT,2022-12-13 00:00:00,2022-12-14 00:00:00,1866,ACH121322,USD,10823.7,10823.7,NULL,NULL,NULL
3834,UACASH-APP,0,1,RT,2022-12-15 00:00:00,2022-12-15 00:00:00,2316,ach110922,USD,3800,3800,NULL,NULL,NULL
3835,POSTCASH,0,1,RT,2022-12-15 00:00:00,2022-12-16 00:00:00,2137,ACH121522,USD,8714.16,8714.16,NULL,NULL,NULL
3836,POSTCASH,0,1,RT,2022-12-16 00:00:00,2022-12-16 00:00:00,1137,ACH121622,USD,1988,1988,NULL,NULL,NULL
3837,POSTCASH,0,1,RT,2022-12-16 00:00:00,2022-12-16 00:00:00,1577,ACH121622,USD,12120,12120,NULL,NULL,NULL
3838,POSTCASH,0,1,RT,2022-12-19 00:00:00,2022-12-20 00:00:00,1636,ACH121922,USD,1881.5,1881.5,NULL,NULL,NULL
3839,POSTCASH,0,2,RT,2022-12-19 00:00:00,2022-12-20 00:00:00,1455,ACH121922,USD,15181.61,15181.61,NULL,NULL,NULL
3840,POSTCASH,0,3,RT,2022-12-21 00:00:00,2022-12-22 00:00:00,1712,ACH122122,USD,3493.68,3493.68,NULL,NULL,NULL
3841,POSTCASH,0,2,RT,2022-12-20 00:00:00,2022-12-22 00:00:00,2232,ACH122022,USD,4416,4416,NULL,NULL,NULL
3842,POSTCASH,0,1,RT,2022-12-20 00:00:00,2022-12-22 00:00:00,1599,ACH122022,USD,3395.6,3395.6,NULL,NULL,NULL
3843,POSTCASH,0,2,RT,2022-12-23 00:00:00,2022-12-23 00:00:00,1137,ACH122322,USD,5756,5756,NULL,NULL,NULL
3844,POSTCASH,0,1,RT,2022-12-23 00:00:00,2022-12-23 00:00:00,1577,ACH122322,USD,6880,6880,NULL,NULL,NULL
3845,POSTCASH,0,1,RT,2022-12-29 00:00:00,2022-12-30 00:00:00,2329,ACH122922,USD,2200,2200,NULL,NULL,NULL
3846,POSTCASH,0,2,RT,2022-12-29 00:00:00,2022-12-30 00:00:00,2335,WIR122922,USD,4477.6,4477.6,NULL,NULL,NULL
3847,POSTCASH,0,2,RT,2022-12-28 00:00:00,2022-12-30 00:00:00,2137,ACH122822,USD,2836.8,2836.8,NULL,NULL,NULL
3848,POSTCASH,0,3,RT,2022-12-30 00:00:00,2022-12-30 00:00:00,1137,ACH123022,USD,5593.49,5593.49,NULL,NULL,NULL
3849,POSTCASH,0,1,RT,2022-12-30 00:00:00,2022-12-30 00:00:00,2044,ACH123022,USD,7088.08,7088.08,NULL,NULL,NULL
3850,POSTCASH,0,1,RT,2022-12-30 00:00:00,2022-12-30 00:00:00,2044,ACH123022,USD,2025,2025,NULL,NULL,NULL
3851,POSTCASH,0,1,RT,2022-12-30 00:00:00,2022-12-30 00:00:00,2044,ACH123022,USD,5920,5920,NULL,NULL,NULL
3852,POSTCASH,0,1,RT,2022-12-30 00:00:00,2022-12-30 00:00:00,2044,ACH123022,USD,7168,7168,NULL,NULL,NULL
3853,POSTCASH,0,1,RT,2022-12-29 00:00:00,2022-12-30 00:00:00,1199,ACH22922,USD,6826,6826,NULL,NULL,NULL
3854,POSTCASH,0,1,RT,2023-01-03 00:00:00,2023-01-03 00:00:00,2080,CK 14424,USD,7622.19,7622.19,NULL,NULL,NULL
3855,POSTCASH,0,1,RT,2023-01-03 00:00:00,2023-01-03 00:00:00,1612,CK 7591,USD,24786,24786,NULL,NULL,NULL
3856,POSTCASH,0,2,RT,2023-01-03 00:00:00,2023-01-03 00:00:00,1114,CK 115942,USD,6261.8,6261.8,NULL,NULL,NULL
3857,POSTCASH,0,1,RT,2023-01-03 00:00:00,2023-01-03 00:00:00,1561,CK 81067,USD,8191.8,8191.8,NULL,NULL,NULL
3858,POSTCASH,0,1,RT,2023-01-03 00:00:00,2023-01-03 00:00:00,2334,CK 9227,USD,13865.94,13865.94,NULL,NULL,NULL
3859,POSTCASH,0,1,RT,2023-01-03 00:00:00,2023-01-03 00:00:00,1870,CK 386138,USD,5100,5100,NULL,NULL,NULL
3860,POSTCASH,0,1,RT,2023-01-03 00:00:00,2023-01-03 00:00:00,1486,CK 10005,USD,2602,2602,NULL,NULL,NULL
3861,POSTCASH,0,2,RT,2023-01-03 00:00:00,2023-01-03 00:00:00,1114,CK 115627,USD,10475.69,10475.69,NULL,NULL,NULL
3862,POSTCASH,0,1,RT,2023-01-03 00:00:00,2023-01-03 00:00:00,1500,CK 00009427,USD,6191.4,6191.4,NULL,NULL,NULL
3863,POSTCASH,0,1,RT,2023-01-03 00:00:00,2023-01-03 00:00:00,1124,CK 078194,USD,4957.2,4957.2,NULL,NULL,NULL
3864,POSTCASH,0,1,RT,2023-01-03 00:00:00,2023-01-03 00:00:00,1500,CK 00010051,USD,6711.6,6711.6,NULL,NULL,NULL
3865,POSTCASH,0,2,RT,2023-01-03 00:00:00,2023-01-03 00:00:00,2207,CK 4366,USD,3496,3496,NULL,NULL,NULL
3866,POSTCASH,0,1,RT,2023-01-03 00:00:00,2023-01-03 00:00:00,1997,CK 6169,USD,5403.15,5403.15,NULL,NULL,NULL
3867,POSTCASH,0,3,RT,2023-01-03 00:00:00,2023-01-03 00:00:00,2035,CK 50208,USD,31227.8,31227.8,NULL,NULL,NULL
3868,POSTCASH,0,1,RT,2023-01-03 00:00:00,2023-01-03 00:00:00,2106,27820,USD,3875,3875,NULL,NULL,NULL
3869,POSTCASH,0,1,RT,2023-01-05 00:00:00,2023-01-05 00:00:00,1199,ACH010523,USD,341.3,341.3,NULL,NULL,NULL
3870,POSTCASH,0,2,RT,2022-12-30 00:00:00,2023-01-05 00:00:00,1299,ACH123022,USD,16126.67,16126.67,NULL,NULL,NULL
3871,POSTCASH,0,1,RT,2023-01-06 00:00:00,2023-01-06 00:00:00,1577,ACH01062023,USD,2819,2819,NULL,NULL,NULL
3872,POSTCASH,0,4,RT,2023-01-09 00:00:00,2023-01-10 00:00:00,1455,ACJ010923,USD,32223.14,32223.14,NULL,NULL,NULL
3873,UACASH,0,1,RT,2023-01-10 00:00:00,2023-01-11 00:00:00,2316,ACH011023,USD,6800,6800,NULL,NULL,NULL
3874,POSTCASH,0,1,RT,2023-01-12 00:00:00,2023-01-13 00:00:00,2080,CK 14455,USD,8057.8,8057.8,NULL,NULL,NULL
3875,POSTCASH,0,1,RT,2023-01-12 00:00:00,2023-01-13 00:00:00,1124,CK 078277,USD,4880.64,4880.64,NULL,NULL,NULL
3876,UACASH,0,1,RT,2023-01-12 00:00:00,2023-01-13 00:00:00,1649,CK 16845,USD,5746.7,5746.7,NULL,NULL,NULL
3877,UACASH-APP,0,3,RT,2023-01-13 00:00:00,2023-01-13 00:00:00,1649,CK 16845,USD,4610.7,4610.7,NULL,NULL,NULL
3878,UNDO-UACASH-APP,0,1,RT,2023-01-16 00:00:00,2023-01-16 00:00:00,1649,CK 16845,USD,1576,1576,NULL,NULL,NULL
3879,UACASH-APP,0,1,RT,2023-01-16 00:00:00,2023-01-16 00:00:00,1649,CK 16845,USD,1381,1381,NULL,NULL,NULL
3880,POSTCASH,0,1,RT,2023-01-13 00:00:00,2023-01-17 00:00:00,1326,ACH011323,USD,1500,1500,NULL,NULL,NULL
3881,POSTCASH,0,1,RT,2023-01-13 00:00:00,2023-01-17 00:00:00,1326,ACH011323,USD,1800,1800,NULL,NULL,NULL
3882,POSTCASH,0,1,RT,2023-01-13 00:00:00,2023-01-17 00:00:00,1577,ACH0113223,USD,112.5,112.5,NULL,NULL,NULL
3883,POSTCASH,0,1,RT,2023-01-19 00:00:00,2023-01-19 00:00:00,1500,CK 00011153,USD,6259.4,6259.4,NULL,NULL,NULL
3884,POSTCASH,0,1,RT,2023-01-19 00:00:00,2023-01-19 00:00:00,1292, CK 2982,USD,13850,13850,NULL,NULL,NULL
3885,POSTCASH,0,3,RT,2023-01-19 00:00:00,2023-01-19 00:00:00,1292,CK 2981,USD,22008.84,22008.84,NULL,NULL,NULL
3886,POSTCASH,0,1,RT,2023-01-19 00:00:00,2023-01-19 00:00:00,1114,CK 116208,USD,4370.1,4370.1,NULL,NULL,NULL
3887,POSTCASH,0,1,RT,2023-01-19 00:00:00,2023-01-19 00:00:00,2252,CK 2056,USD,1652.32,1652.32,NULL,NULL,NULL
3888,POSTCASH,0,2,RT,2023-01-19 00:00:00,2023-01-19 00:00:00,1500,CK 126757,USD,10596,10596,NULL,NULL,NULL
3889,POSTCASH,0,5,RT,2023-01-19 00:00:00,2023-01-19 00:00:00,1712,CK 0700,USD,4386.63,4386.63,NULL,NULL,NULL
3890,POSTCASH,0,1,RT,2023-01-23 00:00:00,2023-01-23 00:00:00,1137,ACH012323,USD,1281.6,1281.6,NULL,NULL,NULL
3891,UACASH,0,1,RT,2023-01-20 00:00:00,2023-01-23 00:00:00,2316,ACH012023,USD,6400,6400,NULL,NULL,NULL
3892,UACASH,0,1,RT,2023-01-23 00:00:00,2023-01-24 00:00:00,1649,CK 16881,USD,3902.25,3902.25,NULL,NULL,NULL
3893,UACASH-APP,0,4,RT,2023-01-24 00:00:00,2023-01-24 00:00:00,1649,CK 16881,USD,3037.86,3037.86,NULL,NULL,NULL
3894,POSTCASH,0,2,RT,2023-01-23 00:00:00,2023-01-24 00:00:00,1128,CK 53924,USD,1364.02,1364.02,NULL,NULL,NULL
3895,POSTCASH,0,1,RT,2023-01-23 00:00:00,2023-01-24 00:00:00,1565,CK 1666,USD,4382.4,4382.4,NULL,NULL,NULL
3896,POSTCASH,0,1,RT,2022-10-31 00:00:00,2023-01-24 00:00:00,1565,CK 11934,USD,5390.4,5390.4,NULL,NULL,NULL
3897,POSTCASH,0,2,RT,2023-01-25 00:00:00,2023-01-25 00:00:00,2316,55805,USD,0,0,NULL,NULL,NULL
3898,POSTCASH,0,2,RT,2023-01-25 00:00:00,2023-01-25 00:00:00,2316,55804,USD,0,0,NULL,NULL,NULL
3899,POSTCASH,0,2,RT,2023-01-25 00:00:00,2023-01-25 00:00:00,2316,55807,USD,0,0,NULL,NULL,NULL
3900,POSTCASH,0,1,RT,2023-01-25 00:00:00,2023-01-25 00:00:00,2105,ACH012523,USD,1061.6,1061.6,NULL,NULL,NULL
3901,POSTCASH,0,1,RT,2023-01-24 00:00:00,2023-01-25 00:00:00,1505,ACH012423,USD,2086.24,2086.24,NULL,NULL,NULL
3902,POSTCASH,0,1,RT,2023-01-24 00:00:00,2023-01-25 00:00:00,2326,ACH012423,USD,4655.88,4655.88,NULL,NULL,NULL
3903,POSTCASH,0,2,RT,2023-01-26 00:00:00,2023-01-26 00:00:00,1577,56039,USD,0,0,NULL,NULL,NULL
3904,UACASH,0,1,RT,2023-01-25 00:00:00,2023-01-26 00:00:00,2329,ACH012523,USD,2200,2200,NULL,NULL,NULL
3905,UACASH,0,1,RT,2023-01-25 00:00:00,2023-01-26 00:00:00,2329,ach012523,USD,2000,2000,NULL,NULL,NULL
3906,POSTCASH,0,2,RT,2023-01-27 00:00:00,2023-01-27 00:00:00,1124,CK 078334,USD,10573.44,10573.44,NULL,NULL,NULL
3907,POSTCASH,0,1,RT,2023-01-27 00:00:00,2023-01-27 00:00:00,1879,ACH012723,USD,7975,7975,NULL,NULL,NULL
3908,POSTCASH,0,1,RT,2023-01-27 00:00:00,2023-01-27 00:00:00,2137,ACH012723,USD,307.2,307.2,NULL,NULL,NULL
3909,POSTCASH,0,3,RT,2023-01-30 00:00:00,2023-01-30 00:00:00,1137,ACH013023,USD,4742.4,4742.4,NULL,NULL,NULL
3910,POSTCASH,0,1,RT,2023-01-30 00:00:00,2023-01-30 00:00:00,1455,ACH013023,USD,7856.42,7856.42,NULL,NULL,NULL
3911,UACASH-APP,0,1,RT,2023-01-31 00:00:00,2023-01-31 00:00:00,1649,CK 16845,USD,1331,1331,NULL,NULL,NULL
3912,UACASH-APP,0,1,RT,2023-01-31 00:00:00,2023-01-31 00:00:00,1649,CK 16881,USD,864.39,864.39,NULL,NULL,NULL
3913,POSTCASH,0,1,RT,2023-02-01 00:00:00,2023-02-02 00:00:00,1500,CK 00011524,USD,4615,4615,NULL,NULL,NULL
3914,POSTCASH,0,1,RT,2023-02-02 00:00:00,2023-02-02 00:00:00,1965,3501,USD,250,250,NULL,NULL,NULL
3915,POSTCASH,0,5,RT,2023-02-03 00:00:00,2023-02-06 00:00:00,1137,ACH020323,USD,8999.57,8999.57,NULL,NULL,NULL
3916,POSTCASH,0,1,RT,2023-02-06 00:00:00,2023-02-07 00:00:00,1561,CK 81529,USD,6989.76,6989.76,NULL,NULL,NULL
3917,POSTCASH,0,2,RT,2023-02-07 00:00:00,2023-02-07 00:00:00,1500,CK 00012095,USD,9915.36,9915.36,NULL,NULL,NULL
3918,POSTCASH,0,1,RT,2023-01-13 00:00:00,2023-02-08 00:00:00,2240,ACH011323,USD,1348.97,1348.97,NULL,NULL,NULL
3919,POSTCASH,0,1,RT,2023-02-06 00:00:00,2023-02-08 00:00:00,2240,ACH020623,USD,288.6,288.6,NULL,NULL,NULL
3920,POSTCASH,0,2,RT,2023-02-08 00:00:00,2023-02-08 00:00:00,1649,CM 56069,USD,0,0,NULL,NULL,NULL
3921,POSTCASH,0,1,RT,2023-02-07 00:00:00,2023-02-08 00:00:00,1960,ACH020723,USD,739.57,739.57,NULL,NULL,NULL
3922,POSTCASH,0,1,RT,2023-02-08 00:00:00,2023-02-09 00:00:00,1649,CK 16959,USD,70,70,NULL,NULL,NULL
3923,POSTCASH,0,1,RT,2023-02-08 00:00:00,2023-02-09 00:00:00,1486,CK 10151,USD,3597.5,3597.5,NULL,NULL,NULL
3924,POSTCASH,0,1,RT,2023-02-08 00:00:00,2023-02-09 00:00:00,2207,CK 4484,USD,1092.5,1092.5,NULL,NULL,NULL
3925,POSTCASH,0,1,RT,2023-02-10 00:00:00,2023-02-10 00:00:00,1577,ACH021023,USD,8524.31,8524.31,NULL,NULL,NULL
3926,POSTCASH,0,1,RT,2023-02-10 00:00:00,2023-02-10 00:00:00,1866,ACH021023,USD,11669.61,11669.61,NULL,NULL,NULL
3927,POSTCASH,0,4,RT,2023-02-10 00:00:00,2023-02-10 00:00:00,1137,ACH021023,USD,5874.24,5874.24,NULL,NULL,NULL
3928,UACASH-APP,0,1,RT,2023-02-10 00:00:00,2023-02-10 00:00:00,2329,ACH012523,USD,2200,2200,NULL,NULL,NULL
3929,UACASH-APP,0,1,RT,2023-02-10 00:00:00,2023-02-10 00:00:00,2329,ach012523,USD,2000,2000,NULL,NULL,NULL
3930,POSTCASH,0,7,RT,2023-02-13 00:00:00,2023-02-14 00:00:00,1299,WIR021323,USD,21125.04,21125.04,NULL,NULL,NULL
3931,POSTCASH,0,2,RT,2023-02-15 00:00:00,2023-02-16 00:00:00,1124,CK 078351,USD,10494.36,10494.36,NULL,NULL,NULL
3932,POSTCASH,0,1,RT,2023-02-15 00:00:00,2023-02-16 00:00:00,1505,CK 7811,USD,5388.8,5388.8,NULL,NULL,NULL
3933,POSTCASH,0,1,RT,2023-02-16 00:00:00,2023-02-17 00:00:00,1199,ACH021623,USD,7189.6,7189.6,NULL,NULL,NULL
3934,POSTCASH,0,1,RT,2023-02-16 00:00:00,2023-02-17 00:00:00,1866,ACH021623,USD,5961.54,5961.54,NULL,NULL,NULL
3935,POSTCASH,0,3,RT,2023-02-17 00:00:00,2023-02-17 00:00:00,1137,ACH021723,USD,3702.24,3702.24,NULL,NULL,NULL
3936,POSTCASH,0,1,RT,2023-02-20 00:00:00,2023-02-20 00:00:00,1870,CK #387552,USD,5190,5190,NULL,NULL,NULL
3937,POSTCASH,0,1,RT,2023-02-20 00:00:00,2023-02-20 00:00:00,2035,CK #50247,USD,11270,11270,NULL,NULL,NULL
3938,POSTCASH,0,1,RT,2023-02-21 00:00:00,2023-02-20 00:00:00,1636,ACH02123,USD,20224.32,20224.32,NULL,NULL,NULL
3939,POSTCASH,0,1,RT,2023-02-21 00:00:00,2023-02-20 00:00:00,1455,ACH022123,USD,7945.2,7945.2,NULL,NULL,NULL
3940,POSTCASH,0,1,RT,2023-02-17 00:00:00,2023-02-21 00:00:00,2326,ACH021723,USD,1819.2,1819.2,NULL,NULL,NULL
3941,POSTCASH,0,1,RT,2023-02-23 00:00:00,2023-02-23 00:00:00,1882,ACH022323,USD,5030.4,5030.4,NULL,NULL,NULL
3942,POSTCASH,0,1,RT,2023-02-23 00:00:00,2023-02-23 00:00:00,1649,CK 17014,USD,366,366,NULL,NULL,NULL
3943,POSTCASH,0,2,RT,2023-02-23 00:00:00,2023-02-23 00:00:00,1500,CK 00013859,USD,9815,9815,NULL,NULL,NULL
3944,POSTCASH,0,1,RT,2023-02-14 00:00:00,2023-02-27 00:00:00,1968,ACH021423,USD,200,200,NULL,NULL,NULL
3945,POSTCASH,0,1,RT,2023-02-15 00:00:00,2023-02-28 00:00:00,1965,CK 4865,USD,250,250,NULL,NULL,NULL
3946,POSTCASH,0,1,RT,2023-02-27 00:00:00,2023-02-28 00:00:00,1455,ACH022723,USD,7470,7470,NULL,NULL,NULL
3947,POSTCASH,0,1,RT,2023-02-27 00:00:00,2023-02-28 00:00:00,1405,ACH022723,USD,391,391,NULL,NULL,NULL
3948,POSTCASH,0,1,RT,2023-02-24 00:00:00,2023-02-28 00:00:00,1137,ACH022423,USD,1547.52,1547.52,NULL,NULL,NULL
3949,POSTCASH,0,2,RT,2023-03-02 00:00:00,2023-03-02 00:00:00,1505,ACH030223,USD,6663.2,6663.2,NULL,NULL,NULL
3950,POSTCASH,0,1,RT,2023-03-01 00:00:00,2023-03-02 00:00:00,2115,CK 2745,USD,1351.2,1351.2,NULL,NULL,NULL
3951,POSTCASH,0,1,RT,2023-03-01 00:00:00,2023-03-02 00:00:00,1599,CK 13516357,USD,2131.2,2131.2,NULL,NULL,NULL
3952,POSTCASH,0,5,RT,2023-03-01 00:00:00,2023-03-02 00:00:00,1114,CK 116764,USD,30263.9,30263.9,NULL,NULL,NULL
3953,POSTCASH,0,1,RT,2023-03-01 00:00:00,2023-03-02 00:00:00,1486,CK 10308,USD,3620,3620,NULL,NULL,NULL
3954,POSTCASH,0,1,RT,2023-03-01 00:00:00,2023-03-02 00:00:00,1965,995572,USD,250,250,NULL,NULL,NULL
3955,UACASH,0,1,RT,2023-03-01 00:00:00,2023-03-02 00:00:00,2316,ACH030123,USD,6400,6400,NULL,NULL,NULL
3956,UACASH-APP,0,1,RT,2023-03-02 00:00:00,2023-03-02 00:00:00,2316,ACH011023,USD,3200,3200,NULL,NULL,NULL
3957,UACASH-APP,0,1,RT,2023-03-02 00:00:00,2023-03-02 00:00:00,2316,ACH011023,USD,3529.8,3529.8,NULL,NULL,NULL
3958,UACASH-APP,0,1,RT,2023-03-02 00:00:00,2023-03-02 00:00:00,2316,ACH012023,USD,3040,3040,NULL,NULL,NULL
3959,UACASH-APP,0,1,RT,2023-03-02 00:00:00,2023-03-02 00:00:00,2316,ACH012023,USD,3337.6,3337.6,NULL,NULL,NULL
3960,UACASH,0,1,RT,2023-03-01 00:00:00,2023-03-03 00:00:00,1405,CK 64599,USD,9491.08,9491.08,NULL,NULL,NULL
3961,POSTCASH,0,1,RT,2023-03-03 00:00:00,2023-03-03 00:00:00,1137,ACH030323,USD,1819.68,1819.68,NULL,NULL,NULL
3962,POSTCASH,0,1,RT,2023-03-03 00:00:00,2023-03-03 00:00:00,1577,ACH030323,USD,8273.8,8273.8,NULL,NULL,NULL
3963,UACASH,0,1,RT,2023-02-23 00:00:00,2023-03-07 00:00:00,1649,CK 17014,USD,366,366,NULL,NULL,NULL
3964,UNDO-POSTCASH,0,1,RT,2023-03-07 00:00:00,2023-03-07 00:00:00,1649,CK 17014,USD,366,366,NULL,NULL,NULL
3965,UACASH-APP,0,1,RT,2023-03-07 00:00:00,2023-03-07 00:00:00,1649,CK 17014,USD,66,66,NULL,NULL,NULL
3966,POSTCASH,0,1,RT,2023-03-08 00:00:00,2023-03-08 00:00:00,2232,ACH030823,USD,2622.2,2622.2,NULL,NULL,NULL
3967,POSTCASH,0,3,RT,2023-03-08 00:00:00,2023-03-08 00:00:00,2334,WIR030723,USD,9306.8,9306.8,NULL,NULL,NULL
3968,UACASH-APP,0,1,RT,2023-03-08 00:00:00,2023-03-08 00:00:00,1649,CK 17014,USD,300,300,NULL,NULL,NULL
3969,POSTCASH,0,1,RT,2023-03-07 00:00:00,2023-03-08 00:00:00,1649,CK 17050,USD,52.8,52.8,NULL,NULL,NULL
3970,POSTCASH,0,1,RT,2023-03-07 00:00:00,2023-03-08 00:00:00,1599,CK 13516391,USD,4822.08,4822.08,NULL,NULL,NULL
3971,POSTCASH,0,2,RT,2023-03-07 00:00:00,2023-03-08 00:00:00,1500,CK 00014770,USD,10478,10478,NULL,NULL,NULL
3972,POSTCASH,0,1,RT,2023-03-07 00:00:00,2023-03-08 00:00:00,1565,CK 1944,USD,3482,3482,NULL,NULL,NULL
3973,POSTCASH,0,1,RT,2023-03-01 00:00:00,2023-03-09 00:00:00,2075,ACH030123,USD,11618.64,11618.64,NULL,NULL,NULL
3974,POSTCASH,0,3,RT,2023-03-10 00:00:00,2023-03-10 00:00:00,1577,ACH031023,USD,577.4,577.4,NULL,NULL,NULL
3975,POSTCASH,0,1,RT,2023-03-08 00:00:00,2023-03-10 00:00:00,1866,ACH030823,USD,6233.24,6233.24,NULL,NULL,NULL
3976,POSTCASH,0,3,RT,2023-03-10 00:00:00,2023-03-10 00:00:00,1866,ACH031023,USD,23676.06,23676.06,NULL,NULL,NULL
3977,POSTCASH,0,3,RT,2023-03-09 00:00:00,2023-03-10 00:00:00,1900,CK 75259,USD,1581,1581,NULL,NULL,NULL
3978,POSTCASH,0,2,RT,2023-03-10 00:00:00,2023-03-10 00:00:00,1785,CK 6711,USD,500,500,NULL,NULL,NULL
3979,POSTCASH,0,2,RT,2023-03-13 00:00:00,2023-03-13 00:00:00,1578,ACH031323,USD,12477.6,12477.6,NULL,NULL,NULL
3980,POSTCASH,0,1,RT,2023-03-13 00:00:00,2023-03-13 00:00:00,1455,ACH031323,USD,7915.09,7915.09,NULL,NULL,NULL
3981,POSTCASH,0,1,RT,2023-03-15 00:00:00,2023-03-15 00:00:00,1649,CK 17096,USD,98,98,NULL,NULL,NULL
3982,UACASH-APP,0,2,RT,2023-03-16 00:00:00,2023-03-16 00:00:00,1405,CK 64599,USD,9491.08,9491.08,NULL,NULL,NULL
3983,UACASH-APP,0,1,RT,2023-03-16 00:00:00,2023-03-16 00:00:00,2316,ACH030123,USD,3153.6,3153.6,NULL,NULL,NULL
3984,POSTCASH,0,2,RT,2023-03-14 00:00:00,2023-03-17 00:00:00,2105,ACH031423,USD,2799.2,2799.2,NULL,NULL,NULL
3985,POSTCASH,0,2,RT,2023-03-16 00:00:00,2023-03-17 00:00:00,1712,ACH031623,USD,1783.73,1783.73,NULL,NULL,NULL
3986,POSTCASH,0,1,RT,2023-03-17 00:00:00,2023-03-17 00:00:00,1137,ACH031723,USD,1532.52,1532.52,NULL,NULL,NULL
3987,POSTCASH,0,1,RT,2023-03-17 00:00:00,2023-03-17 00:00:00,1577,ACH031723,USD,275.52,275.52,NULL,NULL,NULL
3988,POSTCASH,0,1,RT,2023-03-17 00:00:00,2023-03-17 00:00:00,2075,ACH031723,USD,117.36,117.36,NULL,NULL,NULL
3989,UACASH,0,1,RT,2023-03-17 00:00:00,2023-03-21 00:00:00,1455,ACH031723,USD,22608.18,22608.18,NULL,NULL,NULL
3990,UACASH-UNDO,0,1,RT,2023-03-21 00:00:00,2023-03-21 00:00:00,1455,ACH031723,USD,22608.18,22608.18,NULL,NULL,NULL
3991,POSTCASH,0,3,RT,2023-03-17 00:00:00,2023-03-21 00:00:00,1455,ACH031723,USD,22608.17,22608.17,NULL,NULL,NULL
3992,POSTCASH,0,3,RT,2023-03-17 00:00:00,2023-03-21 00:00:00,1712,ACH031723,USD,3150.55,3150.55,NULL,NULL,NULL
3993,UACASH,0,1,RT,2023-03-17 00:00:00,2023-03-21 00:00:00,1405,ACH031723,USD,6444,6444,NULL,NULL,NULL
3994,POSTCASH,0,1,RT,2023-03-21 00:00:00,2023-03-21 00:00:00,1870,CK 388184,USD,5112,5112,NULL,NULL,NULL
3995,POSTCASH,0,1,RT,2023-03-22 00:00:00,2023-03-23 00:00:00,1612,CK 7625,USD,9726.5,9726.5,NULL,NULL,NULL
3996,POSTCASH,0,1,RT,2023-03-22 00:00:00,2023-03-23 00:00:00,1649,CK 17113,USD,48.8,48.8,NULL,NULL,NULL
3997,UACASH-APP,0,1,RT,2023-03-23 00:00:00,2023-03-23 00:00:00,1405,ACH031723,USD,6444,6444,NULL,NULL,NULL
3998,POSTCASH,0,2,RT,2023-03-23 00:00:00,2023-03-23 00:00:00,1775,ACH032323,USD,3200,3200,NULL,NULL,NULL
3999,POSTCASH,0,1,RT,2023-03-22 00:00:00,2023-03-23 00:00:00,1326,ACH032223,USD,1367.91,1367.91,NULL,NULL,NULL
4000,POSTCASH,0,1,RT,2023-03-23 00:00:00,2023-03-23 00:00:00,2232,ACH032323,USD,2651.6,2651.6,NULL,NULL,NULL
4001,POSTCASH,0,1,RT,2023-03-24 00:00:00,2023-03-24 00:00:00,1577,ACH032423,USD,6144,6144,NULL,NULL,NULL
4002,POSTCASH,0,1,RT,2023-03-27 00:00:00,2023-03-27 00:00:00,2232,ACH032723,USD,2668.4,2668.4,NULL,NULL,NULL
4003,POSTCASH,0,1,RT,2023-03-27 00:00:00,2023-03-27 00:00:00,2354,ACH032723,USD,4080.51,4080.51,NULL,NULL,NULL
4004,POSTCASH,0,5,RT,2023-03-27 00:00:00,2023-03-27 00:00:00,1137,ACH032723,USD,7655.18,7655.18,NULL,NULL,NULL
4005,POSTCASH,0,1,RT,2023-03-27 00:00:00,2023-03-27 00:00:00,1636,ACH032723,USD,18456.68,18456.68,NULL,NULL,NULL
4006,POSTCASH,0,2,RT,2023-03-30 00:00:00,2023-03-30 00:00:00,1505,ACH033023,USD,6114.59,6114.59,NULL,NULL,NULL
4007,UACASH,0,1,RT,2023-03-30 00:00:00,2023-03-30 00:00:00,1199,ACH033023,USD,10679.6,10679.6,NULL,NULL,NULL
4008,UACASH-APP,0,1,RT,2023-03-30 00:00:00,2023-03-30 00:00:00,1199,ACH033023,USD,3675.6,3675.6,NULL,NULL,NULL
4009,POSTCASH,0,1,RT,2022-10-31 00:00:00,2023-03-31 00:00:00,1500,CK 00006467,USD,11610,11610,NULL,NULL,NULL
4010,POSTCASH,0,1,RT,2023-03-31 00:00:00,2023-03-31 00:00:00,1500,CK 00016146,USD,5491.2,5491.2,NULL,NULL,NULL
4011,POSTCASH,0,1,RT,2023-03-31 00:00:00,2023-03-31 00:00:00,1612,CK 7627,USD,6890.4,6890.4,NULL,NULL,NULL
4012,POSTCASH,0,2,RT,2023-03-31 00:00:00,2023-03-31 00:00:00,2207,CK 4523,USD,1566,1566,NULL,NULL,NULL
4013,POSTCASH,0,1,RT,2023-04-04 00:00:00,2023-04-04 00:00:00,1775,ACH040423,USD,500,500,NULL,NULL,NULL
4014,POSTCASH,0,1,RT,2023-04-04 00:00:00,2023-04-04 00:00:00,2232,ACH040423,USD,3144.4,3144.4,NULL,NULL,NULL
4015,POSTCASH,0,2,RT,2023-04-03 00:00:00,2023-04-04 00:00:00,2105,ACH040323,USD,3874.7,3874.7,NULL,NULL,NULL
4016,POSTCASH,0,7,RT,2023-03-31 00:00:00,2023-04-04 00:00:00,1137,ACH033123,USD,12103.74,12103.74,NULL,NULL,NULL
4017,UACASH-APP,0,1,RT,2023-04-04 00:00:00,2023-04-04 00:00:00,1199,ACH033023,USD,7004,7004,NULL,NULL,NULL
4018,POSTCASH,0,1,RT,2023-04-10 00:00:00,2023-04-10 00:00:00,2354,ACH041023,USD,4114.8,4114.8,NULL,NULL,NULL
4019,POSTCASH,0,7,RT,2023-04-10 00:00:00,2023-04-10 00:00:00,1137,ACH041023,USD,11877.12,11877.12,NULL,NULL,NULL
4020,POSTCASH,0,2,RT,2023-04-07 00:00:00,2023-04-10 00:00:00,1712,ACH040723,USD,2390.83,2390.83,NULL,NULL,NULL
4021,POSTCASH,0,1,RT,2023-04-07 00:00:00,2023-04-10 00:00:00,1772,CK 26986,USD,302.77,302.77,NULL,NULL,NULL
4022,POSTCASH,0,1,RT,2023-04-07 00:00:00,2023-04-10 00:00:00,1909,CK 12142,USD,1684.8,1684.8,NULL,NULL,NULL
4023,POSTCASH,0,1,RT,2023-04-07 00:00:00,2023-04-10 00:00:00,1500,CK 00016573,USD,5207.8,5207.8,NULL,NULL,NULL
4024,POSTCASH,0,1,RT,2023-04-11 00:00:00,2023-04-14 00:00:00,1775,ACH041123,USD,250,250,NULL,NULL,NULL
4025,POSTCASH,0,1,RT,2023-04-13 00:00:00,2023-04-14 00:00:00,1712,ACH041323,USD,1125.85,1125.85,NULL,NULL,NULL
4026,POSTCASH,0,1,RT,2023-04-14 00:00:00,2023-04-14 00:00:00,2260,ACH041423,USD,826.5,826.5,NULL,NULL,NULL
4027,POSTCASH,0,1,RT,2023-04-17 00:00:00,2023-04-18 00:00:00,1405,ACH041723,USD,7740,7740,NULL,NULL,NULL
4028,POSTCASH,0,2,RT,2023-04-17 00:00:00,2023-04-18 00:00:00,1455,ACH041723,USD,13494.26,13494.26,NULL,NULL,NULL
4029,POSTCASH,0,8,RT,2023-04-17 00:00:00,2023-04-18 00:00:00,1137,ACH041723,USD,14860.1,14860.1,NULL,NULL,NULL
4030,POSTCASH,0,1,RT,2023-04-17 00:00:00,2023-04-18 00:00:00,1500,CK 00017131,USD,5532.8,5532.8,NULL,NULL,NULL
4031,POSTCASH,0,1,RT,2023-04-17 00:00:00,2023-04-18 00:00:00,1697,CK 113045,USD,5258.4,5258.4,NULL,NULL,NULL
4032,POSTCASH,0,1,RT,2023-04-17 00:00:00,2023-04-18 00:00:00,1900,CK 75400,USD,238,238,NULL,NULL,NULL
4033,POSTCASH,0,1,RT,2023-04-17 00:00:00,2023-04-18 00:00:00,2360,14982,USD,27.45,27.45,NULL,NULL,NULL
4034,POSTCASH,0,1,RT,2023-04-17 00:00:00,2023-04-18 00:00:00,1565,CK 2272,USD,3892,3892,NULL,NULL,NULL
4035,UNDO-POSTCASH,0,1,RT,2023-04-19 00:00:00,2023-04-19 00:00:00,1137,ACH041723,USD,2645.3,2645.3,NULL,NULL,NULL
4036,POSTCASH,0,1,RT,2023-04-17 00:00:00,2023-04-19 00:00:00,1137,ACH041723,USD,2645.3,2645.3,NULL,NULL,NULL
4037,POSTCASH,0,1,RT,2023-04-17 00:00:00,2023-04-19 00:00:00,2080,CK 14563,USD,6189.6,6189.6,NULL,NULL,NULL
4038,POSTCASH,0,1,RT,2023-04-18 00:00:00,2023-04-20 00:00:00,1775,ACH041823,USD,250,250,NULL,NULL,NULL
4039,POSTCASH,0,1,RT,2023-04-20 00:00:00,2023-04-21 00:00:00,1114,CK 064585,USD,9216.1,9216.1,NULL,NULL,NULL
4040,POSTCASH,0,1,RT,2023-04-20 00:00:00,2023-04-21 00:00:00,2115,CK 2790,USD,1023.5,1023.5,NULL,NULL,NULL
4041,POSTCASH,0,3,RT,2023-04-20 00:00:00,2023-04-21 00:00:00,2035,CK 50294,USD,17302.2,17302.2,NULL,NULL,NULL
4042,POSTCASH,0,1,RT,2023-04-21 00:00:00,2023-04-21 00:00:00,1645,CK 3391,USD,1262,1262,NULL,NULL,NULL
4043,POSTCASH,0,2,RT,2023-04-21 00:00:00,2023-04-21 00:00:00,1137,ACH042123,USD,3081,3081,NULL,NULL,NULL
4044,POSTCASH,0,1,RT,2023-04-21 00:00:00,2023-04-21 00:00:00,1577,ACH042123,USD,9463.35,9463.35,NULL,NULL,NULL
4045,POSTCASH,0,1,RT,2023-04-24 00:00:00,2023-04-24 00:00:00,1882,ACH042423,USD,5012,5012,NULL,NULL,NULL
4046,POSTCASH,0,1,RT,2023-04-24 00:00:00,2023-04-24 00:00:00,2232,ACH042423,USD,2979.2,2979.2,NULL,NULL,NULL
4047,POSTCASH,0,1,RT,2023-04-24 00:00:00,2023-04-24 00:00:00,1455,ACH042423,USD,4512.69,4512.69,NULL,NULL,NULL
4048,POSTCASH,0,5,RT,2023-04-25 00:00:00,2023-04-27 00:00:00,1299,WIR042523,USD,17651.53,17651.53,NULL,NULL,NULL
4049,POSTCASH,0,1,RT,2023-04-25 00:00:00,2023-04-27 00:00:00,1599,ACH042523,USD,2196.4,2196.4,NULL,NULL,NULL
4050,POSTCASH,0,2,RT,2023-04-28 00:00:00,2023-04-28 00:00:00,2354,ACH042823,USD,12550.57,12550.57,NULL,NULL,NULL
4051,POSTCASH,0,1,RT,2023-04-28 00:00:00,2023-04-28 00:00:00,1870,CK 388953,USD,5076,5076,NULL,NULL,NULL
4052,POSTCASH,0,1,RT,2023-04-28 00:00:00,2023-04-28 00:00:00,1199,CK 80994,USD,2330,2330,NULL,NULL,NULL
4053,POSTCASH,0,9,RT,2023-04-28 00:00:00,2023-05-02 00:00:00,1137,ACH042823,USD,15821.1,15821.1,NULL,NULL,NULL
4054,POSTCASH,0,3,RT,2023-05-01 00:00:00,2023-05-02 00:00:00,2080,CK 14582,USD,8951.68,8951.68,NULL,NULL,NULL
4055,POSTCASH,0,1,RT,2023-05-01 00:00:00,2023-05-02 00:00:00,1124,CK 078541,USD,3364.16,3364.16,NULL,NULL,NULL
4056,POSTCASH,0,3,RT,2023-05-02 00:00:00,2023-05-02 00:00:00,1505,ACH050223,USD,16052.39,16052.39,NULL,NULL,NULL
4057,POSTCASH,0,2,RT,2023-05-01 00:00:00,2023-05-02 00:00:00,2232,ACH050123,USD,4972.6,4972.6,NULL,NULL,NULL
4058,POSTCASH,0,1,RT,2023-05-01 00:00:00,2023-05-02 00:00:00,1891,ACH050123,USD,7308,7308,NULL,NULL,NULL
4059,POSTCASH,0,1,RT,2023-05-10 00:00:00,2023-05-03 00:00:00,1455,ACH050123,USD,8375.65,8375.65,NULL,NULL,NULL
4060,POSTCASH,0,2,RT,2023-05-01 00:00:00,2023-05-03 00:00:00,1630,ACH050123,USD,20514.74,20514.74,NULL,NULL,NULL
4061,POSTCASH,0,1,RT,2023-05-02 00:00:00,2023-05-03 00:00:00,1879,ACH050223,USD,9851.2,9851.2,NULL,NULL,NULL
4062,POSTCASH,0,1,RT,2023-05-02 00:00:00,2023-05-03 00:00:00,1636,ACH050223,USD,17718.8,17718.8,NULL,NULL,NULL
4063,POSTCASH,0,2,RT,2023-05-04 00:00:00,2023-05-04 00:00:00,1712,CM 55946,USD,0,0,NULL,NULL,NULL
4064,POSTCASH,0,1,RT,2023-05-05 00:00:00,2023-05-05 00:00:00,2354,ACH050523,USD,3114.1,3114.1,NULL,NULL,NULL
4065,POSTCASH,0,1,RT,2023-05-05 00:00:00,2023-05-05 00:00:00,1577,ACH050523,USD,5983.5,5983.5,NULL,NULL,NULL
4066,POSTCASH,0,1,RT,2023-05-05 00:00:00,2023-05-05 00:00:00,1108,CK 205022,USD,4350.34,4350.34,NULL,NULL,NULL
4067,POSTCASH,0,1,RT,2023-05-05 00:00:00,2023-05-05 00:00:00,1565,CK 2410,USD,2744,2744,NULL,NULL,NULL
4068,POSTCASH,0,1,RT,2023-05-05 00:00:00,2023-05-05 00:00:00,1612,CK 7637,USD,14280,14280,NULL,NULL,NULL
4069,POSTCASH,0,6,RT,2023-05-08 00:00:00,2023-05-08 00:00:00,1137,ACH050823,USD,12826.88,12826.88,NULL,NULL,NULL
4070,POSTCASH,0,1,RT,2023-05-08 00:00:00,2023-05-08 00:00:00,1578,ACH050823,USD,7182,7182,NULL,NULL,NULL
4071,POSTCASH,0,2,RT,2023-05-08 00:00:00,2023-05-08 00:00:00,1455,ACH050823,USD,16192.26,16192.26,NULL,NULL,NULL
4072,UACASH,0,1,RT,2023-05-08 00:00:00,2023-05-09 00:00:00,2390,ACH050823,USD,3200,3200,NULL,NULL,NULL
4073,POSTCASH,0,1,RT,2023-05-10 00:00:00,2023-05-11 00:00:00,1505,ACH051023,USD,9081.6,9081.6,NULL,NULL,NULL
4074,POSTCASH,0,1,RT,2023-05-11 00:00:00,2023-05-12 00:00:00,2106,CK 28013,USD,4076.2,4076.2,NULL,NULL,NULL
4075,POSTCASH,0,2,RT,2023-05-11 00:00:00,2023-05-12 00:00:00,2086,CK 122892,USD,8160,8160,NULL,NULL,NULL
4076,POSTCASH,0,1,RT,2023-05-11 00:00:00,2023-05-12 00:00:00,1565,CK 2463,USD,4672.8,4672.8,NULL,NULL,NULL
4077,UACASH,0,1,RT,2023-05-11 00:00:00,2023-05-12 00:00:00,1114,CK 064704,USD,72967.5,72967.5,NULL,NULL,NULL
4078,UACASH-APP,0,7,RT,2023-05-12 00:00:00,2023-05-12 00:00:00,1114,CK 064704,USD,63542.1,63542.1,NULL,NULL,NULL
4079,POSTCASH,0,1,RT,2023-05-11 00:00:00,2023-05-12 00:00:00,1199,ACH051123,USD,250,250,NULL,NULL,NULL
4080,POSTCASH,0,2,RT,2023-05-12 00:00:00,2023-05-12 00:00:00,2232,ACH051223,USD,6544,6544,NULL,NULL,NULL
4081,POSTCASH,0,1,RT,2023-05-11 00:00:00,2023-05-12 00:00:00,2105,ACH051123,USD,1093.6,1093.6,NULL,NULL,NULL
4082,POSTCASH,0,1,RT,2023-05-12 00:00:00,2023-05-12 00:00:00,1866,ACH051223,USD,9150.82,9150.82,NULL,NULL,NULL
4083,POSTCASH,0,1,RT,2023-05-12 00:00:00,2023-05-12 00:00:00,1866,ACH051223,USD,1500,1500,NULL,NULL,NULL
4084,POSTCASH,0,1,RT,2023-05-12 00:00:00,2023-05-12 00:00:00,1111,ACH051223,USD,4048.25,4048.25,NULL,NULL,NULL
4085,POSTCASH,0,1,RT,2023-05-15 00:00:00,2023-05-15 00:00:00,1612,CK 7645,USD,7954,7954,NULL,NULL,NULL
4086,POSTCASH,0,2,RT,2023-05-15 00:00:00,2023-05-15 00:00:00,2080,CK 14602,USD,5972.4,5972.4,NULL,NULL,NULL
4087,POSTCASH,0,9,RT,2023-05-15 00:00:00,2023-05-16 00:00:00,1137,ACH051523,USD,16347.26,16347.26,NULL,NULL,NULL
4088,POSTCASH,0,1,RT,2023-05-15 00:00:00,2023-05-16 00:00:00,1455,ACH051523,USD,6314.1,6314.1,NULL,NULL,NULL
4089,UACASH,0,1,RT,2023-05-15 00:00:00,2023-05-17 00:00:00,2390,ACG051523,USD,3200,3200,NULL,NULL,NULL
4090,UACASH,0,1,RT,2023-05-10 00:00:00,2023-05-17 00:00:00,2390,ACH051023,USD,2800,2800,NULL,NULL,NULL
4091,UNDO-POSTCASH,0,1,RT,2023-05-19 00:00:00,2023-05-19 00:00:00,1712,CM 55946,USD,138.62,138.62,NULL,NULL,NULL
4092,POSTCASH,0,3,RT,2023-05-17 00:00:00,2023-05-19 00:00:00,1712,ACH051723,USD,2463.87,2463.87,NULL,NULL,NULL
4093,UNDO-POSTCASH,0,1,RT,2023-05-19 00:00:00,2023-05-19 00:00:00,1712,CM 55946,USD,-138.62,-138.62,NULL,NULL,NULL
4094,POSTCASH,0,2,RT,2023-05-18 00:00:00,2023-05-19 00:00:00,1500,CK 00019684,USD,13905,13905,NULL,NULL,NULL
4095,POSTCASH,0,1,RT,2023-05-18 00:00:00,2023-05-19 00:00:00,1870,CL 389458,USD,5184,5184,NULL,NULL,NULL
4096,POSTCASH,0,1,RT,2023-05-18 00:00:00,2023-05-19 00:00:00,1612,CK 7648,USD,7728.5,7728.5,NULL,NULL,NULL
4097,POSTCASH,0,1,RT,2023-05-18 00:00:00,2023-05-19 00:00:00,2155,CK 10293,USD,7305.3,7305.3,NULL,NULL,NULL
4098,POSTCASH,0,8,RT,2023-05-19 00:00:00,2023-05-19 00:00:00,1137,ACH051923,USD,18034.32,18034.32,NULL,NULL,NULL
4099,POSTCASH,0,1,RT,2023-05-18 00:00:00,2023-05-19 00:00:00,1199,ACH051823,USD,6662.25,6662.25,NULL,NULL,NULL
4100,POSTCASH,0,1,RT,2023-05-22 00:00:00,2023-05-22 00:00:00,1128,CK 54704,USD,5478.9,5478.9,NULL,NULL,NULL
4101,POSTCASH,0,1,RT,2023-05-22 00:00:00,2023-05-22 00:00:00,2080,CK 14621,USD,2136.2,2136.2,NULL,NULL,NULL
4102,POSTCASH,0,7,RT,2023-05-22 00:00:00,2023-05-22 00:00:00,1114,CK 118100,USD,57834.3,57834.3,NULL,NULL,NULL
4103,POSTCASH,0,1,RT,2023-05-25 00:00:00,2023-05-25 00:00:00,1882,ACH052623,USD,2226.9,2226.9,NULL,NULL,NULL
4104,UACASH-APP,0,1,RT,2023-05-25 00:00:00,2023-05-25 00:00:00,2390,ACH051023,USD,2800,2800,NULL,NULL,NULL
4105,UACASH-APP,0,1,RT,2023-05-25 00:00:00,2023-05-25 00:00:00,2390,ACH050823,USD,3126.4,3126.4,NULL,NULL,NULL
4106,UACASH-APP,0,1,RT,2023-05-26 00:00:00,2023-05-26 00:00:00,1114,CK 064704,USD,9425.4,9425.4,NULL,NULL,NULL
4107,POSTCASH,0,1,RT,2023-05-26 00:00:00,2023-05-26 00:00:00,1891,ACH052623,USD,8229.4,8229.4,NULL,NULL,NULL
4108,POSTCASH,0,6,RT,2023-05-26 00:00:00,2023-05-26 00:00:00,1137,ACH052623,USD,13611.84,13611.84,NULL,NULL,NULL
4109,POSTCASH,0,1,RT,2023-05-30 00:00:00,2023-05-30 00:00:00,1968,ACH053023,USD,200,200,NULL,NULL,NULL
4110,POSTCASH,0,1,RT,2023-05-31 00:00:00,2023-05-31 00:00:00,2326,ACH053123,USD,15661.7,15661.7,NULL,NULL,NULL
4111,POSTCASH,0,2,RT,2023-05-31 00:00:00,2023-06-01 00:00:00,1565,CK 2646,USD,5651.2,5651.2,NULL,NULL,NULL
4112,POSTCASH,0,1,RT,2023-05-31 00:00:00,2023-06-01 00:00:00,1500,CK 00020804,USD,7642.8,7642.8,NULL,NULL,NULL
4113,POSTCASH,0,3,RT,2023-06-02 00:00:00,2023-06-02 00:00:00,1137,ACH060223,USD,7691.28,7691.28,NULL,NULL,NULL
4114,POSTCASH,0,1,RT,2023-06-02 00:00:00,2023-06-02 00:00:00,1866,ACH060223,USD,9110.2,9110.2,NULL,NULL,NULL
4115,UNDO-POSTCASH,0,1,RT,2023-06-02 00:00:00,2023-06-02 00:00:00,1137,ACH060223,USD,1322.4,1322.4,NULL,NULL,NULL
4116,POSTCASH,0,1,RT,2023-06-02 00:00:00,2023-06-02 00:00:00,1137,ACH060223,USD,1322.4,1322.4,NULL,NULL,NULL
4117,POSTCASH,0,1,RT,2023-06-05 00:00:00,2023-06-06 00:00:00,1891,ACH060523,USD,6615,6615,NULL,NULL,NULL
4118,POSTCASH,0,1,RT,2023-06-05 00:00:00,2023-06-06 00:00:00,2240,ACH060523,USD,4872.4,4872.4,NULL,NULL,NULL
4119,POSTCASH,0,1,RT,2023-06-06 00:00:00,2023-06-06 00:00:00,1775,ACH060623,USD,350,350,NULL,NULL,NULL
4120,POSTCASH,0,2,RT,2023-06-05 00:00:00,2023-06-06 00:00:00,1455,ACH060523,USD,5189.55,5189.55,NULL,NULL,NULL
4121,POSTCASH,0,1,RT,2023-06-06 00:00:00,2023-06-07 00:00:00,1821,CK 102191,USD,1500,1500,NULL,NULL,NULL
4122,POSTCASH,0,1,RT,2023-06-06 00:00:00,2023-06-07 00:00:00,2381,CK 94514,USD,630,630,NULL,NULL,NULL
4123,POSTCASH,0,3,RT,2023-06-06 00:00:00,2023-06-07 00:00:00,1500,CK 00021153,USD,22647.6,22647.6,NULL,NULL,NULL
4124,POSTCASH,0,2,RT,2023-06-08 00:00:00,2023-06-09 00:00:00,1612,CK 7654,USD,9466.41,9466.41,NULL,NULL,NULL
4125,POSTCASH,0,1,RT,2023-06-07 00:00:00,2023-06-09 00:00:00,1505,ACH060723,USD,4052.43,4052.43,NULL,NULL,NULL
4126,POSTCASH,0,6,RT,2023-06-09 00:00:00,2023-06-12 00:00:00,1137,ACH060923,USD,15561.86,15561.86,NULL,NULL,NULL
4127,POSTCASH,0,1,RT,2023-06-12 00:00:00,2023-06-12 00:00:00,1455,ACH061223,USD,8275.8,8275.8,NULL,NULL,NULL
4128,POSTCASH,0,3,RT,2023-06-12 00:00:00,2023-06-13 00:00:00,2086,CK 124330,USD,9599.8,9599.8,NULL,NULL,NULL
4129,POSTCASH,0,1,RT,2023-06-12 00:00:00,2023-06-13 00:00:00,2155,CK 10339,USD,6933.6,6933.6,NULL,NULL,NULL
4130,POSTCASH,0,1,RT,2023-06-12 00:00:00,2023-06-13 00:00:00,2115,CK 2819,USD,477.42,477.42,NULL,NULL,NULL
4131,POSTCASH,0,5,RT,2023-06-14 00:00:00,2023-06-15 00:00:00,1712,ACH061423,USD,5412.33,5412.33,NULL,NULL,NULL
4132,POSTCASH,0,1,RT,2023-06-14 00:00:00,2023-06-15 00:00:00,1612,CK 7658,USD,5094,5094,NULL,NULL,NULL
4133,POSTCASH,0,2,RT,2023-06-14 00:00:00,2023-06-15 00:00:00,2252,CK 2150,USD,5884.64,5884.64,NULL,NULL,NULL
4134,POSTCASH,0,1,RT,2023-06-16 00:00:00,2023-06-16 00:00:00,2191,ACH061623,USD,3902.85,3902.85,NULL,NULL,NULL
4135,POSTCASH,0,3,RT,2023-06-16 00:00:00,2023-06-16 00:00:00,1137,ACH061623,USD,5747.28,5747.28,NULL,NULL,NULL
4136,POSTCASH,0,1,RT,2023-06-16 00:00:00,2023-06-16 00:00:00,1577,ACH061623,USD,6456,6456,NULL,NULL,NULL
4137,POSTCASH,0,3,RT,2023-06-15 00:00:00,2023-06-16 00:00:00,1775,ACH061523,USD,1050,1050,NULL,NULL,NULL
4138,POSTCASH,0,1,RT,2023-06-22 00:00:00,2023-06-22 00:00:00,1775,ACH062223,USD,350,350,NULL,NULL,NULL
4139,POSTCASH,0,2,RT,2023-06-22 00:00:00,2023-06-22 00:00:00,1326,ACH062223,USD,3380,3380,NULL,NULL,NULL
4140,POSTCASH,0,1,RT,2023-06-22 00:00:00,2023-06-22 00:00:00,1199,ACH062223,USD,5268.9,5268.9,NULL,NULL,NULL
4141,POSTCASH,0,1,RT,2023-06-21 00:00:00,2023-06-22 00:00:00,2326,ACH062123,USD,11910,11910,NULL,NULL,NULL
4142,POSTCASH,0,2,RT,2023-06-21 00:00:00,2023-06-22 00:00:00,1636,ACH062123,USD,9240.36,9240.36,NULL,NULL,NULL
4143,POSTCASH,0,5,RT,2023-06-26 00:00:00,2023-06-26 00:00:00,1114,CK 118455,USD,32591.25,32591.25,NULL,NULL,NULL
4144,POSTCASH,0,1,RT,2023-06-26 00:00:00,2023-06-26 00:00:00,1216,CK 33901,USD,250,250,NULL,NULL,NULL
4145,POSTCASH,0,2,RT,2023-06-26 00:00:00,2023-06-26 00:00:00,1500,CK 00021731,USD,18004.16,18004.16,NULL,NULL,NULL
4146,POSTCASH,0,1,RT,2023-06-26 00:00:00,2023-06-26 00:00:00,1561,CK 82335,USD,5878.5,5878.5,NULL,NULL,NULL
4147,POSTCASH,0,1,RT,2023-06-26 00:00:00,2023-06-26 00:00:00,1114,CK 064973,USD,9283.95,9283.95,NULL,NULL,NULL
4148,POSTCASH,0,4,RT,2023-06-26 00:00:00,2023-06-26 00:00:00,1114,CK 118543,USD,22629.65,22629.65,NULL,NULL,NULL
4149,POSTCASH,0,1,RT,2023-06-26 00:00:00,2023-06-26 00:00:00,1108,CK 205920,USD,2621.31,2621.31,NULL,NULL,NULL
4150,POSTCASH,0,1,RT,2023-06-23 00:00:00,2023-06-26 00:00:00,2105,ACH062323,USD,677,677,NULL,NULL,NULL
4151,POSTCASH,0,1,RT,2023-06-23 00:00:00,2023-06-26 00:00:00,1577,ACJ062323,USD,11379.69,11379.69,NULL,NULL,NULL
4152,POSTCASH,0,4,RT,2023-06-26 00:00:00,2023-06-26 00:00:00,1137,ACH062623,USD,7807.92,7807.92,NULL,NULL,NULL
4153,POSTCASH,0,1,RT,2023-06-26 00:00:00,2023-06-26 00:00:00,1891,ACH062623,USD,8992.2,8992.2,NULL,NULL,NULL
4154,POSTCASH,0,1,RT,2023-06-26 00:00:00,2023-06-27 00:00:00,1578,ACH062623,USD,6559.2,6559.2,NULL,NULL,NULL
4155,POSTCASH,0,2,RT,2023-06-28 00:00:00,2023-06-28 00:00:00,1505,ACH062823,USD,4245.75,4245.75,NULL,NULL,NULL
4156,POSTCASH,0,2,RT,2023-06-28 00:00:00,2023-06-28 00:00:00,1712,ACH062823,USD,2076.45,2076.45,NULL,NULL,NULL
4157,POSTCASH,0,1,RT,2023-06-27 00:00:00,2023-06-28 00:00:00,1636,ACH062723,USD,18430.72,18430.72,NULL,NULL,NULL
4158,POSTCASH,0,1,RT,2023-06-30 00:00:00,2023-06-30 00:00:00,1612,CK 7665,USD,9590,9590,NULL,NULL,NULL
4159,POSTCASH,0,1,RT,2023-06-30 00:00:00,2023-06-30 00:00:00,2381,CK 94632,USD,26325.18,26325.18,NULL,NULL,NULL
4160,POSTCASH,0,1,RT,2023-06-30 00:00:00,2023-06-30 00:00:00,2086,CK 124700,USD,2094.75,2094.75,NULL,NULL,NULL
4161,POSTCASH,0,1,RT,2023-06-30 00:00:00,2023-06-30 00:00:00,2006,CK 214012,USD,5878.6,5878.6,NULL,NULL,NULL
4162,POSTCASH,0,2,RT,2023-06-30 00:00:00,2023-06-30 00:00:00,2354,ACH063023,USD,16454.15,16454.15,NULL,NULL,NULL
4163,POSTCASH,0,1,RT,2023-06-30 00:00:00,2023-06-30 00:00:00,1578,ACH063023,USD,39.6,39.6,NULL,NULL,NULL
4164,POSTCASH,0,1,RT,2023-06-29 00:00:00,2023-06-30 00:00:00,1960,WIR062923,USD,3118.05,3118.05,NULL,NULL,NULL
4165,POSTCASH,0,1,RT,2023-06-29 00:00:00,2023-06-30 00:00:00,2276,WIR062923,USD,3080.64,3080.64,NULL,NULL,NULL
4166,POSTCASH,0,2,RT,2023-07-05 00:00:00,2023-07-06 00:00:00,1500,CK 00022947,USD,15127.2,15127.2,NULL,NULL,NULL
4167,POSTCASH,0,1,RT,2023-07-05 00:00:00,2023-07-06 00:00:00,2342,CK 4767,USD,528,528,NULL,NULL,NULL
4168,POSTCASH,0,1,RT,2023-07-05 00:00:00,2023-07-06 00:00:00,2006,CK 214152,USD,6258.6,6258.6,NULL,NULL,NULL
4169,POSTCASH,0,3,RT,2023-07-03 00:00:00,2023-07-06 00:00:00,2232,ACH070323,USD,10335.95,10335.95,NULL,NULL,NULL
4170,POSTCASH,0,3,RT,2023-07-05 00:00:00,2023-07-06 00:00:00,1299,WIR070523,USD,22408.33,22408.33,NULL,NULL,NULL
4171,POSTCASH,0,4,RT,2023-07-03 00:00:00,2023-07-07 00:00:00,1137,ACH070323,USD,7446.9,7446.9,NULL,NULL,NULL
4172,POSTCASH,0,6,RT,2023-07-07 00:00:00,2023-07-07 00:00:00,1137,ACH070723,USD,11840.31,11840.31,NULL,NULL,NULL
4173,POSTCASH,0,2,RT,2023-07-06 00:00:00,2023-07-07 00:00:00,1299,WIR070623,USD,4406.17,4406.17,NULL,NULL,NULL
4174,POSTCASH,0,2,RT,2023-07-11 00:00:00,2023-07-11 00:00:00,1712,ACH071123,USD,1914.7,1914.7,NULL,NULL,NULL
4175,POSTCASH,0,1,RT,2023-07-11 00:00:00,2023-07-12 00:00:00,2086,CK 124922,USD,1023.04,1023.04,NULL,NULL,NULL
4176,POSTCASH,0,1,RT,2023-07-11 00:00:00,2023-07-12 00:00:00,1612,CK 7672,USD,6411,6411,NULL,NULL,NULL
4177,POSTCASH,0,1,RT,2023-07-11 00:00:00,2023-07-12 00:00:00,2155,CK 10434,USD,4788,4788,NULL,NULL,NULL
4178,POSTCASH,0,7,RT,2023-07-14 00:00:00,2023-07-14 00:00:00,1137,ACH071423,USD,10872.21,10872.21,NULL,NULL,NULL
4179,POSTCASH,0,2,RT,2023-07-14 00:00:00,2023-07-14 00:00:00,2354,ACH071423,USD,22471.62,22471.62,NULL,NULL,NULL
4180,POSTCASH,0,1,RT,2023-07-13 00:00:00,2023-07-14 00:00:00,2276,ACH071323,USD,13996.72,13996.72,NULL,NULL,NULL
4181,POSTCASH,0,1,RT,2023-07-13 00:00:00,2023-07-14 00:00:00,2276,ACH071323,USD,7357.6,7357.6,NULL,NULL,NULL
4182,POSTCASH,0,1,RT,2023-07-17 00:00:00,2023-07-18 00:00:00,2079,CK 466400,USD,750,750,NULL,NULL,NULL
4183,POSTCASH,0,2,RT,2023-07-17 00:00:00,2023-07-18 00:00:00,1500,CK 00024002,USD,14888.2,14888.2,NULL,NULL,NULL
4184,POSTCASH,0,4,RT,2023-07-17 00:00:00,2023-07-18 00:00:00,1114,CK 118911,USD,23665.7,23665.7,NULL,NULL,NULL
4185,POSTCASH,0,1,RT,2023-07-17 00:00:00,2023-07-18 00:00:00,2114,CK 3874,USD,2624,2624,NULL,NULL,NULL
4186,POSTCASH,0,1,RT,2023-07-17 00:00:00,2023-07-18 00:00:00,2232,ACH07172023,USD,2849,2849,NULL,NULL,NULL
4187,POSTCASH,0,1,RT,2023-07-19 00:00:00,2023-07-20 00:00:00,2086,CK 125044,USD,1212,1212,NULL,NULL,NULL
4188,POSTCASH,0,1,RT,2023-07-24 00:00:00,2023-07-24 00:00:00,1137,ACH072423,USD,1219.9,1219.9,NULL,NULL,NULL
4189,POSTCASH,0,1,RT,2023-07-24 00:00:00,2023-07-24 00:00:00,1578,ACH072423,USD,5169.6,5169.6,NULL,NULL,NULL
4190,POSTCASH,0,1,RT,2023-07-24 00:00:00,2023-07-24 00:00:00,2397,CK 80026695,USD,325,325,NULL,NULL,NULL
4191,POSTCASH,0,1,RT,2023-07-25 00:00:00,2023-07-26 00:00:00,1866,ACH072523,USD,8904.5,8904.5,NULL,NULL,NULL
4192,POSTCASH,0,2,RT,2023-07-18 00:00:00,2023-07-27 00:00:00,2105,ACH071823,USD,2457,2457,NULL,NULL,NULL
4193,POSTCASH,0,1,RT,2023-07-28 00:00:00,2023-07-31 00:00:00,1577, ACH072823,USD,2125,2125,NULL,NULL,NULL
4194,POSTCASH,0,1,RT,2023-07-28 00:00:00,2023-07-31 00:00:00,2398,ACH072823,USD,2776.2,2776.2,NULL,NULL,NULL
4195,POSTCASH,0,4,RT,2023-07-28 00:00:00,2023-07-31 00:00:00,1137,ACH072823,USD,6802.56,6802.56,NULL,NULL,NULL
4196,POSTCASH,0,1,RT,2023-07-31 00:00:00,2023-07-31 00:00:00,1578,ACH073123,USD,6289.2,6289.2,NULL,NULL,NULL
4197,POSTCASH,0,1,RT,2023-07-31 00:00:00,2023-07-31 00:00:00,1870,CK 391057,USD,6525,6525,NULL,NULL,NULL
4198,POSTCASH,0,1,RT,2023-07-31 00:00:00,2023-07-31 00:00:00,1114,CK 65160,USD,9637,9637,NULL,NULL,NULL
4199,POSTCASH,0,2,RT,2023-07-31 00:00:00,2023-07-31 00:00:00,2390,CK 2073,USD,329.8,329.8,NULL,NULL,NULL
4200,POSTCASH,0,1,RT,2023-08-02 00:00:00,2023-08-02 00:00:00,2252,CK 2185,USD,1612.4,1612.4,NULL,NULL,NULL
4201,POSTCASH,0,1,RT,2023-08-02 00:00:00,2023-08-02 00:00:00,1612,CK 7679,USD,6291.2,6291.2,NULL,NULL,NULL
4202,POSTCASH,0,3,RT,2023-08-02 00:00:00,2023-08-02 00:00:00,2035,CK 50343,USD,13536.8,13536.8,NULL,NULL,NULL
4203,POSTCASH,0,6,RT,2023-08-02 00:00:00,2023-08-02 00:00:00,1114,CK 119114,USD,27013.4,27013.4,NULL,NULL,NULL
4204,POSTCASH,0,1,RT,2023-08-03 00:00:00,2023-08-04 00:00:00,1199,ACH080323,USD,8220.6,8220.6,NULL,NULL,NULL
4205,POSTCASH,0,3,RT,2023-08-04 00:00:00,2023-08-04 00:00:00,1137,ACH080423,USD,4444.48,4444.48,NULL,NULL,NULL
4206,POSTCASH,0,1,RT,2023-08-09 00:00:00,2023-08-09 00:00:00,2399,CK 10192,USD,7185.6,7185.6,NULL,NULL,NULL
4207,POSTCASH,0,3,RT,2023-08-09 00:00:00,2023-08-09 00:00:00,1712,ACH080923,USD,2579.91,2579.91,NULL,NULL,NULL
4208,POSTCASH,0,2,RT,2023-06-29 00:00:00,2023-08-10 00:00:00,1955,CK 1114,USD,1970,1970,NULL,NULL,NULL
4209,POSTCASH,0,2,RT,2023-08-11 00:00:00,2023-08-11 00:00:00,1137,ACH081123,USD,2742,2742,NULL,NULL,NULL
4210,POSTCASH,0,1,RT,2023-08-11 00:00:00,2023-08-11 00:00:00,2398,ACH081123,USD,3283.92,3283.92,NULL,NULL,NULL
4211,POSTCASH,0,1,RT,2023-08-11 00:00:00,2023-08-11 00:00:00,1577,ACH081123,USD,12139.4,12139.4,NULL,NULL,NULL
4212,POSTCASH,0,1,RT,2023-08-10 00:00:00,2023-08-11 00:00:00,1199,ACH081023,USD,7381.4,7381.4,NULL,NULL,NULL
4213,POSTCASH,0,1,RT,2023-08-14 00:00:00,2023-08-14 00:00:00,1578,ACH081412,USD,4572,4572,NULL,NULL,NULL
4214,POSTCASH,0,2,RT,2023-08-15 00:00:00,2023-08-15 00:00:00,1712,ACH081523,USD,745.61,745.61,NULL,NULL,NULL
4215,UNDO-POSTCASH,0,1,RT,2023-08-16 00:00:00,2023-08-16 00:00:00,2390,CK 2073,USD,6.4,6.4,NULL,NULL,NULL
4216,UACASH-APP,0,1,RT,2023-08-16 00:00:00,2023-08-16 00:00:00,2390,ACG051523,USD,3200,3200,NULL,NULL,NULL
4217,POSTCASH,0,1,RT,2023-07-31 00:00:00,2023-08-16 00:00:00,2390,CK 2073,USD,6.4,6.4,NULL,NULL,NULL
4218,UNDO-UACASH-APP,0,1,RT,2023-08-16 00:00:00,2023-08-16 00:00:00,2390,ACG051523,USD,3200,3200,NULL,NULL,NULL
4219,UACASH-APP,0,1,RT,2023-08-16 00:00:00,2023-08-16 00:00:00,2390,ACG051523,USD,3200,3200,NULL,NULL,NULL
4220,UNDO-UACASH-APP,0,1,RT,2023-08-16 00:00:00,2023-08-16 00:00:00,2390,ACG051523,USD,3200,3200,NULL,NULL,NULL
4221,UACASH-APP,0,1,RT,2023-07-31 00:00:00,2023-08-16 00:00:00,2390,ACG051523,USD,3200,3200,NULL,NULL,NULL
4222,POSTCASH,0,1,RT,2023-08-16 00:00:00,2023-08-17 00:00:00,1215,ACH081623,USD,17732.5,17732.5,NULL,NULL,NULL
4223,POSTCASH,0,1,RT,2023-08-17 00:00:00,2023-08-17 00:00:00,2255,ACH081723,USD,5000,5000,NULL,NULL,NULL
4224,POSTCASH,0,1,RT,2023-08-17 00:00:00,2023-08-18 00:00:00,2402,CK 2603,USD,338.8,338.8,NULL,NULL,NULL
4225,POSTCASH,0,5,RT,2023-08-18 00:00:00,2023-08-18 00:00:00,1137,ACH081823,USD,6928.12,6928.12,NULL,NULL,NULL
4226,POSTCASH,0,2,RT,2023-08-18 00:00:00,2023-08-18 00:00:00,2354,ACH081823,USD,11691.82,11691.82,NULL,NULL,NULL
4227,POSTCASH,0,1,RT,2023-08-21 00:00:00,2023-08-21 00:00:00,1500,CK 00025771,USD,7167.6,7167.6,NULL,NULL,NULL
4228,POSTCASH,0,2,RT,2023-08-21 00:00:00,2023-08-21 00:00:00,1114,CK 119367,USD,6590,6590,NULL,NULL,NULL
4229,POSTCASH,0,1,RT,2023-08-21 00:00:00,2023-08-21 00:00:00,1612,CK 7684,USD,6553.6,6553.6,NULL,NULL,NULL
4230,POSTCASH,0,1,RT,2023-08-21 00:00:00,2023-08-21 00:00:00,1565,CK 3259,USD,6321.6,6321.6,NULL,NULL,NULL
4231,POSTCASH,0,1,RT,2023-08-21 00:00:00,2023-08-21 00:00:00,2086,CK 125545,USD,2757.6,2757.6,NULL,NULL,NULL
4232,POSTCASH,0,2,RT,2023-08-21 00:00:00,2023-08-21 00:00:00,1500,CK 00025405,USD,17795.82,17795.82,NULL,NULL,NULL
4233,POSTCASH,0,1,RT,2023-08-21 00:00:00,2023-08-22 00:00:00,1561,CK 82702,USD,5909.4,5909.4,NULL,NULL,NULL
4234,POSTCASH,0,1,RT,2023-08-24 00:00:00,2023-08-24 00:00:00,1870,CK 391490,USD,4132,4132,NULL,NULL,NULL
4235,POSTCASH,0,1,RT,2023-08-23 00:00:00,2023-08-24 00:00:00,1636,ACH082323,USD,13280.15,13280.15,NULL,NULL,NULL
4236,POSTCASH,0,2,RT,2023-08-18 00:00:00,2023-08-25 00:00:00,2371,PAYPAL,USD,2670,2670,NULL,NULL,NULL
4237,POSTCASH,0,1,RT,2023-08-24 00:00:00,2023-08-25 00:00:00,1775,ACH082423,USD,900,900,NULL,NULL,NULL
4238,POSTCASH,0,3,RT,2023-08-25 00:00:00,2023-08-25 00:00:00,1137,ACH082523,USD,4093.64,4093.64,NULL,NULL,NULL
4239,POSTCASH,0,1,RT,2023-08-28 00:00:00,2023-08-28 00:00:00,1405,ACG082823,USD,7640,7640,NULL,NULL,NULL
4240,UNDO-POSTCASH,0,1,RT,2023-08-29 00:00:00,2023-08-29 00:00:00,2402,CK 2603,USD,338.8,338.8,NULL,NULL,NULL
4241,POSTCASH,0,1,RT,2023-08-28 00:00:00,2023-08-29 00:00:00,1612,CK 7687,USD,1827.1,1827.1,NULL,NULL,NULL
4242,POSTCASH,0,2,RT,2023-08-30 00:00:00,2023-08-31 00:00:00,1712,ACH083023,USD,2471.09,2471.09,NULL,NULL,NULL
4243,POSTCASH,0,1,RT,2023-08-31 00:00:00,2023-08-31 00:00:00,1199,ACH083123,USD,5513.1,5513.1,NULL,NULL,NULL
4244,POSTCASH,0,1,RT,2023-09-05 00:00:00,2023-09-11 00:00:00,1870,391778,USD,4676,4676,NULL,NULL,NULL
4245,POSTCASH,0,1,RT,2023-09-05 00:00:00,2023-09-11 00:00:00,2070,123915,USD,250,250,NULL,NULL,NULL
4246,POSTCASH,0,1,RT,2023-09-05 00:00:00,2023-09-11 00:00:00,2006,CK 214501,USD,6034.4,6034.4,NULL,NULL,NULL
4247,POSTCASH,0,1,RT,2023-09-08 00:00:00,2023-09-11 00:00:00,1612,CK 7693,USD,7506,7506,NULL,NULL,NULL
4248,POSTCASH,0,1,RT,2023-09-08 00:00:00,2023-09-11 00:00:00,2354,ACH090823,USD,5888.4,5888.4,NULL,NULL,NULL
4249,POSTCASH,0,2,RT,2023-09-08 00:00:00,2023-09-11 00:00:00,1137,ACH090823,USD,2680.88,2680.88,NULL,NULL,NULL
4250,POSTCASH,0,1,RT,2023-09-01 00:00:00,2023-09-11 00:00:00,1866,ACH090123,USD,5949.32,5949.32,NULL,NULL,NULL
4251,POSTCASH,0,1,RT,2023-09-07 00:00:00,2023-09-11 00:00:00,1775,ACH090723,USD,350,350,NULL,NULL,NULL
4252,POSTCASH,0,1,RT,2023-09-05 00:00:00,2023-09-11 00:00:00,1578,ACH090523,USD,7318.8,7318.8,NULL,NULL,NULL
4253,POSTCASH,0,1,RT,2023-09-05 00:00:00,2023-09-11 00:00:00,1505,WIR090523,USD,22859.4,22859.4,NULL,NULL,NULL
4254,POSTCASH,0,2,RT,2023-09-05 00:00:00,2023-09-11 00:00:00,1405,AR090523,USD,11480.6,11480.6,NULL,NULL,NULL
4255,POSTCASH,0,5,RT,2023-09-12 00:00:00,2023-09-12 00:00:00,1137,ACH090123,USD,7283.72,7283.72,NULL,NULL,NULL
4256,POSTCASH,0,1,RT,2023-09-11 00:00:00,2023-09-12 00:00:00,1870,ACH091123,USD,915.6,915.6,NULL,NULL,NULL
4257,POSTCASH,0,1,RT,2023-09-13 00:00:00,2023-09-13 00:00:00,1561,CK 82863,USD,6188.85,6188.85,NULL,NULL,NULL
4258,POSTCASH,0,1,RT,2023-09-14 00:00:00,2023-09-14 00:00:00,1612,CK 7695,USD,6871.4,6871.4,NULL,NULL,NULL
4259,POSTCASH,0,1,RT,2023-09-15 00:00:00,2023-09-15 00:00:00,1986,CK 11121,USD,2068,2068,NULL,NULL,NULL
4260,POSTCASH,0,1,RT,2023-09-05 00:00:00,2023-09-15 00:00:00,1500,CK 0002755,USD,9719.84,9719.84,NULL,NULL,NULL
4261,POSTCASH,0,1,RT,2023-09-19 00:00:00,2023-09-19 00:00:00,1712,ACH091923,USD,899.12,899.12,NULL,NULL,NULL
4262,POSTCASH,0,1,RT,2023-09-15 00:00:00,2023-09-19 00:00:00,2354,ACH091523,USD,6456.8,6456.8,NULL,NULL,NULL
4263,POSTCASH,0,2,RT,2023-09-15 00:00:00,2023-09-19 00:00:00,1137,ACH091523,USD,3301.36,3301.36,NULL,NULL,NULL
4264,POSTCASH,0,3,RT,2023-09-21 00:00:00,2023-09-22 00:00:00,2035,CK 50383,USD,20262.4,20262.4,NULL,NULL,NULL
4265,POSTCASH,0,1,RT,2023-09-21 00:00:00,2023-09-22 00:00:00,2420,CK 11305,USD,2550,2550,NULL,NULL,NULL
4266,POSTCASH,0,1,RT,2023-09-22 00:00:00,2023-09-22 00:00:00,2421,ACH092223,USD,200,200,NULL,NULL,NULL
4267,POSTCASH,0,3,RT,2023-09-22 00:00:00,2023-09-22 00:00:00,2354,ACH092223,USD,4988.8,4988.8,NULL,NULL,NULL
4268,POSTCASH,0,1,RT,2023-09-20 00:00:00,2023-09-22 00:00:00,1215,ACH092023,USD,14785.2,14785.2,NULL,NULL,NULL
4269,POSTCASH,0,2,RT,2023-09-22 00:00:00,2023-09-22 00:00:00,1137,ACH092223,USD,2081.36,2081.36,NULL,NULL,NULL
4270,POSTCASH,0,1,RT,2023-09-22 00:00:00,2023-09-22 00:00:00,1882,ACH092223,USD,1685,1685,NULL,NULL,NULL
4271,POSTCASH,0,1,RT,2023-09-25 00:00:00,2023-09-26 00:00:00,1649,CK 17781,USD,68.4,68.4,NULL,NULL,NULL
4272,POSTCASH,0,2,RT,2023-09-25 00:00:00,2023-09-26 00:00:00,1565,CK 3574,USD,9149.68,9149.68,NULL,NULL,NULL
4273,POSTCASH,0,1,RT,2023-09-25 00:00:00,2023-09-26 00:00:00,1612,CK 7696,USD,7218.2,7218.2,NULL,NULL,NULL
4274,POSTCASH,0,1,RT,2023-09-25 00:00:00,2023-09-26 00:00:00,1126,CK 2408,USD,1920,1920,NULL,NULL,NULL
4275,POSTCASH,0,1,RT,2023-09-25 00:00:00,2023-09-26 00:00:00,2252,CK 2225,USD,2863.28,2863.28,NULL,NULL,NULL
4276,POSTCASH,0,1,RT,2023-09-25 00:00:00,2023-09-26 00:00:00,1500,CK 00028684,USD,6203.4,6203.4,NULL,NULL,NULL
4277,POSTCASH,0,1,RT,2023-09-25 00:00:00,2023-09-28 00:00:00,2417,ACH092523,USD,672,672,NULL,NULL,NULL
4278,POSTCASH,0,1,RT,2023-09-25 00:00:00,2023-09-28 00:00:00,1455,ACH092523,USD,5009.4,5009.4,NULL,NULL,NULL
4279,POSTCASH,0,2,RT,2023-09-27 00:00:00,2023-09-28 00:00:00,2191,ACH092723,USD,7121.16,7121.16,NULL,NULL,NULL
4280,POSTCASH,0,1,RT,2023-09-28 00:00:00,2023-09-29 00:00:00,1405,ACJ092523,USD,3596.1,3596.1,NULL,NULL,NULL
4281,POSTCASH,0,2,RT,2023-09-29 00:00:00,2023-09-29 00:00:00,1137,ACH092923,USD,3009.44,3009.44,NULL,NULL,NULL
4282,POSTCASH,0,2,RT,2023-09-29 00:00:00,2023-10-02 00:00:00,1299,WIR092923,USD,7934.04,7934.04,NULL,NULL,NULL
4283,POSTCASH,0,1,RT,2023-10-02 00:00:00,2023-10-02 00:00:00,1405,ACH100223,USD,7485.4,7485.4,NULL,NULL,NULL
4284,POSTCASH,0,1,RT,2023-10-02 00:00:00,2023-10-02 00:00:00,1612,CK 7697,USD,9295.92,9295.92,NULL,NULL,NULL
4285,POSTCASH,0,1,RT,2023-10-02 00:00:00,2023-10-02 00:00:00,1700,CK 23693,USD,5130.4,5130.4,NULL,NULL,NULL
4286,POSTCASH,0,1,RT,2023-10-02 00:00:00,2023-10-03 00:00:00,2354,ACH100223,USD,1626.4,1626.4,NULL,NULL,NULL
4287,POSTCASH,0,1,RT,2023-10-03 00:00:00,2023-10-05 00:00:00,1775,ACH100323,USD,350,350,NULL,NULL,NULL
4288,POSTCASH,0,4,RT,2023-10-06 00:00:00,2023-10-06 00:00:00,1137,ACJ100623,USD,5505.88,5505.88,NULL,NULL,NULL
4289,POSTCASH,0,3,RT,2023-10-06 00:00:00,2023-10-06 00:00:00,2398,ACH100623,USD,10069.6,10069.6,NULL,NULL,NULL
4290,POSTCASH,0,2,RT,2023-10-06 00:00:00,2023-10-06 00:00:00,2412,ACH100623,USD,2649.6,2649.6,NULL,NULL,NULL
4291,POSTCASH,0,1,RT,2023-10-10 00:00:00,2023-10-11 00:00:00,1612,CK 7701,USD,9612,9612,NULL,NULL,NULL
4292,POSTCASH,0,1,RT,2023-10-10 00:00:00,2023-10-11 00:00:00,1405,ACH101023,USD,7987,7987,NULL,NULL,NULL
4293,POSTCASH,0,1,RT,2023-10-11 00:00:00,2023-10-11 00:00:00,1870,ACH101123,USD,7800,7800,NULL,NULL,NULL
4294,POSTCASH,0,1,RT,2023-10-13 00:00:00,2023-10-13 00:00:00,1636,ACH101323,USD,14244.3,14244.3,NULL,NULL,NULL
4295,POSTCASH,0,2,RT,2023-10-13 00:00:00,2023-10-13 00:00:00,1137,ACH101323,USD,3236.76,3236.76,NULL,NULL,NULL
4296,POSTCASH,0,1,RT,2023-10-13 00:00:00,2023-10-13 00:00:00,2354,ACH101323,USD,1662.4,1662.4,NULL,NULL,NULL
4297,POSTCASH,0,1,RT,2023-10-13 00:00:00,2023-10-17 00:00:00,1565,CK 3691,USD,3196.6,3196.6,NULL,NULL,NULL
4298,POSTCASH,0,1,RT,2023-10-13 00:00:00,2023-10-17 00:00:00,1500,29660,USD,9411.84,9411.84,NULL,NULL,NULL
4299,POSTCASH,0,1,RT,2023-10-13 00:00:00,2023-10-17 00:00:00,1104,CK 37689,USD,959,959,NULL,NULL,NULL
4300,POSTCASH,0,1,RT,2023-10-16 00:00:00,2023-10-17 00:00:00,1405,ACH101623,USD,3798.7,3798.7,NULL,NULL,NULL
4301,POSTCASH,0,2,RT,2023-10-16 00:00:00,2023-10-17 00:00:00,2417,ACH101623,USD,3840,3840,NULL,NULL,NULL
4302,POSTCASH,0,5,RT,2023-10-19 00:00:00,2023-10-19 00:00:00,2418,CK 5899,USD,1370,1370,NULL,NULL,NULL
4303,POSTCASH,0,1,RT,2023-10-19 00:00:00,2023-10-19 00:00:00,1612,CK 7703,USD,6840,6840,NULL,NULL,NULL
4304,POSTCASH,0,1,RT,2023-10-19 00:00:00,2023-10-19 00:00:00,1561,CK 83140,USD,6238.5,6238.5,NULL,NULL,NULL
4305,POSTCASH,0,6,RT,2023-10-19 00:00:00,2023-10-19 00:00:00,1114,CK 120052,USD,18267.95,18267.95,NULL,NULL,NULL
4306,UACASH,0,1,RT,2023-10-20 00:00:00,2023-10-20 00:00:00,2354,ACH102023,USD,3524.95,3524.95,NULL,NULL,NULL
4307,UACASH-APP,0,1,RT,2023-10-20 00:00:00,2023-10-20 00:00:00,2354,ACH102023,USD,1789.25,1789.25,NULL,NULL,NULL
4308,POSTCASH,0,3,RT,2023-10-20 00:00:00,2023-10-20 00:00:00,1137,ACH102023,USD,3212.07,3212.07,NULL,NULL,NULL
4309,POSTCASH,0,2,RT,2023-10-20 00:00:00,2023-10-20 00:00:00,2412,ACH102023,USD,1995,1995,NULL,NULL,NULL
4310,POSTCASH,0,1,RT,2023-10-20 00:00:00,2023-10-20 00:00:00,1577,ACH102023,USD,6323.2,6323.2,NULL,NULL,NULL
4311,POSTCASH,0,1,RT,2023-10-20 00:00:00,2023-10-20 00:00:00,1712,ACH102023,USD,988.17,988.17,NULL,NULL,NULL
4312,POSTCASH,0,4,RT,2023-10-20 00:00:00,2023-10-20 00:00:00,2255,ACH102023,USD,12724.6,12724.6,NULL,NULL,NULL
4313,POSTCASH,0,1,RT,2023-10-23 00:00:00,2023-10-23 00:00:00,1578,ACH102323,USD,6789.6,6789.6,NULL,NULL,NULL
4314,POSTCASH,0,1,RT,2023-10-23 00:00:00,2023-10-23 00:00:00,2417,ACH102323,USD,1920,1920,NULL,NULL,NULL
4315,UACASH-APP,0,1,RT,2023-10-23 00:00:00,2023-10-23 00:00:00,2354,ACH102023,USD,1735.7,1735.7,NULL,NULL,NULL
4316,POSTCASH,0,1,RT,2023-10-23 00:00:00,2023-10-23 00:00:00,2070,CK 124196,USD,250,250,NULL,NULL,NULL
4317,POSTCASH,0,1,RT,2023-10-23 00:00:00,2023-10-23 00:00:00,1565,CK 3850,USD,3714.75,3714.75,NULL,NULL,NULL
4318,POSTCASH,0,1,RT,2023-10-23 00:00:00,2023-10-23 00:00:00,1700,CK 23773,USD,4582.6,4582.6,NULL,NULL,NULL
4319,POSTCASH,0,1,RT,2023-10-27 00:00:00,2023-10-27 00:00:00,2399,ACH102723,USD,8347.5,8347.5,NULL,NULL,NULL
4320,POSTCASH,0,1,RT,2023-10-30 00:00:00,2023-10-30 00:00:00,1802,CK 70011881,USD,200,200,NULL,NULL,NULL
4321,POSTCASH,0,1,RT,2023-10-30 00:00:00,2023-10-30 00:00:00,1108,CK 208151,USD,4350.35,4350.35,NULL,NULL,NULL
4322,POSTCASH,0,2,RT,2023-10-30 00:00:00,2023-10-30 00:00:00,1612,CK 7706,USD,11416.8,11416.8,NULL,NULL,NULL
4323,POSTCASH,0,1,RT,2023-10-30 00:00:00,2023-10-30 00:00:00,1785,CK 6993,USD,682.64,682.64,NULL,NULL,NULL
4324,POSTCASH,0,1,RT,2023-10-30 00:00:00,2023-10-30 00:00:00,1700,CK 23818,USD,3177,3177,NULL,NULL,NULL
4325,POSTCASH,0,1,RT,2023-10-27 00:00:00,2023-10-30 00:00:00,2412,ACH102723,USD,1094.4,1094.4,NULL,NULL,NULL
4326,POSTCASH,0,4,RT,2023-10-30 00:00:00,2023-10-30 00:00:00,2105,ACH103023,USD,4473.8,4473.8,NULL,NULL,NULL
4327,POSTCASH,0,1,RT,2023-10-27 00:00:00,2023-10-30 00:00:00,1104,ACH102723,USD,1034,1034,NULL,NULL,NULL
4328,POSTCASH,0,1,RT,2023-10-31 00:00:00,2023-11-02 00:00:00,1882,ACH103123,USD,4176,4176,NULL,NULL,NULL
4329,POSTCASH,0,1,RT,2023-11-02 00:00:00,2023-11-02 00:00:00,1114,CK 120167,USD,8582.19,8582.19,NULL,NULL,NULL
4330,POSTCASH,0,1,RT,2023-11-03 00:00:00,2023-11-03 00:00:00,2115,CJ 2903,USD,427.36,427.36,NULL,NULL,NULL
4331,POSTCASH,0,1,RT,2023-11-03 00:00:00,2023-11-03 00:00:00,2106,CK 28828,USD,1920,1920,NULL,NULL,NULL
4332,POSTCASH,0,1,RT,2023-11-06 00:00:00,2023-11-07 00:00:00,1126,CK 2486,USD,3910,3910,NULL,NULL,NULL
4333,POSTCASH,0,1,RT,2023-11-06 00:00:00,2023-11-07 00:00:00,1486,CK 11941,USD,2342.4,2342.4,NULL,NULL,NULL
4334,UACASH,0,1,RT,2023-11-06 00:00:00,2023-11-07 00:00:00,1565,CK 3940,USD,7836.1,7836.1,NULL,NULL,NULL
4335,UACASH-APP,0,2,RT,2023-11-07 00:00:00,2023-11-07 00:00:00,1565,CK 3940,USD,5919.3,5919.3,NULL,NULL,NULL
4336,POSTCASH,0,1,RT,2023-11-10 00:00:00,2023-11-10 00:00:00,1104,ACH111023,USD,205.24,205.24,NULL,NULL,NULL
4337,POSTCASH,0,4,RT,2023-11-13 00:00:00,2023-11-15 00:00:00,1712,ACH111323,USD,3993.72,3993.72,NULL,NULL,NULL
4338,POSTCASH,0,1,RT,2023-11-13 00:00:00,2023-11-15 00:00:00,2070,ACH111323,USD,250,250,NULL,NULL,NULL
4339,POSTCASH,0,1,RT,2023-11-15 00:00:00,2023-11-15 00:00:00,2417,ACH111523,USD,3910,3910,NULL,NULL,NULL
4340,POSTCASH,0,1,RT,2023-11-16 00:00:00,2023-11-16 00:00:00,2424,CK 74567,USD,7876,7876,NULL,NULL,NULL
4341,POSTCASH,0,1,RT,2023-11-16 00:00:00,2023-11-16 00:00:00,2114,CK 010143,USD,2207,2207,NULL,NULL,NULL
4342,POSTCASH,0,2,RT,2023-11-16 00:00:00,2023-11-16 00:00:00,1700,CK 23913,USD,4763.3,4763.3,NULL,NULL,NULL
4343,UNDO-UACASH-APP,0,1,RT,2023-11-17 00:00:00,2023-11-17 00:00:00,1565,CK 3940,USD,1699.2,1699.2,NULL,NULL,NULL
4344,UACASH-APP,0,1,RT,2023-11-17 00:00:00,2023-11-17 00:00:00,1565,CK 3940,USD,1699.2,1699.2,NULL,NULL,NULL
4345,POSTCASH,0,2,RT,2023-08-21 00:00:00,2023-11-20 00:00:00,1968,ACH082123,USD,400,400,NULL,NULL,NULL
4346,UACASH,0,1,RT,2023-11-20 00:00:00,2023-11-20 00:00:00,2418,CK 6133,USD,390,390,NULL,NULL,NULL
4347,UACASH-APP,0,2,RT,2023-11-20 00:00:00,2023-11-20 00:00:00,2418,CK 6133,USD,390,390,NULL,NULL,NULL
4348,POSTCASH,0,1,RT,2023-11-20 00:00:00,2023-11-20 00:00:00,1870,ACH112023,USD,5625,5625,NULL,NULL,NULL
4349,POSTCASH,0,4,RT,2023-11-20 00:00:00,2023-11-20 00:00:00,1630,ACH112023,USD,34132.62,34132.62,NULL,NULL,NULL
4350,POSTCASH,0,2,RT,2023-11-17 00:00:00,2023-11-20 00:00:00,1891,ACH111723,USD,8715,8715,NULL,NULL,NULL
4351,POSTCASH,0,1,RT,2023-11-17 00:00:00,2023-11-20 00:00:00,2354,ACH111723,USD,5661.09,5661.09,NULL,NULL,NULL
4352,POSTCASH,0,1,RT,2023-08-14 00:00:00,2023-11-21 00:00:00,1968,ACH081423,USD,200,200,NULL,NULL,NULL
4353,POSTCASH,0,1,RT,2023-11-13 00:00:00,2023-11-21 00:00:00,1968,ACH111323,USD,200,200,NULL,NULL,NULL
4354,POSTCASH,0,1,RT,2023-11-21 00:00:00,2023-11-21 00:00:00,1879,ACH112123,USD,7816,7816,NULL,NULL,NULL
4355,POSTCASH,0,2,RT,2023-11-22 00:00:00,2023-11-22 00:00:00,1137,ACH112223,USD,3019.92,3019.92,NULL,NULL,NULL
4356,POSTCASH,0,3,RT,2023-11-22 00:00:00,2023-11-22 00:00:00,2412,ACH112223,USD,4123.2,4123.2,NULL,NULL,NULL
4357,POSTCASH-WKS,0,1,IB,2023-10-26 00:00:00,2023-11-22 00:00:00,2398,IB-11-22-23,USD,1005.1,1005.1,NULL,NULL,NULL
4358,POSTCASH,0,1,RT,2023-11-25 00:00:00,2023-11-27 00:00:00,1104,CK 37918,USD,191.8,191.8,NULL,NULL,NULL
4359,POSTCASH,0,1,RT,2023-11-25 00:00:00,2023-11-27 00:00:00,1697,CK 114767,USD,12996.3,12996.3,NULL,NULL,NULL
4360,POSTCASH,0,2,RT,2023-11-25 00:00:00,2023-11-27 00:00:00,2424,CK 74638,USD,8674,8674,NULL,NULL,NULL
4361,POSTCASH,0,1,RT,2023-11-25 00:00:00,2023-11-27 00:00:00,2137,CK 011157,USD,1177.08,1177.08,NULL,NULL,NULL
4362,POSTCASH,0,1,RT,2023-11-25 00:00:00,2023-11-27 00:00:00,2137,CK 011178,USD,1624.56,1624.56,NULL,NULL,NULL
4363,POSTCASH,0,1,RT,2023-11-25 00:00:00,2023-11-27 00:00:00,1700,CK 23995,USD,2382.8,2382.8,NULL,NULL,NULL
4364,POSTCASH,0,2,RT,2023-11-28 00:00:00,2023-11-28 00:00:00,2316,CM55807,USD,0,0,NULL,NULL,NULL
4365,POSTCASH,0,2,RT,2023-11-28 00:00:00,2023-11-28 00:00:00,2316,55804,USD,0,0,NULL,NULL,NULL
4366,POSTCASH,0,2,RT,2023-11-28 00:00:00,2023-11-28 00:00:00,2316,56146,USD,0,0,NULL,NULL,NULL
4367,POSTCASH,0,1,RT,2023-11-28 00:00:00,2023-11-28 00:00:00,1299,CK 001061,USD,6512.31,6512.31,NULL,NULL,NULL
4368,POSTCASH,0,2,RT,2023-11-28 00:00:00,2023-11-28 00:00:00,2418,CK 6199,USD,390,390,NULL,NULL,NULL
4369,POSTCASH,0,1,RT,2023-11-28 00:00:00,2023-11-28 00:00:00,1126,CK 2523,USD,1920,1920,NULL,NULL,NULL
4370,POSTCASH,0,2,RT,2023-11-29 00:00:00,2023-11-29 00:00:00,1577,CM 56981,USD,0,0,NULL,NULL,NULL
4371,POSTCASH,0,1,RT,2023-11-24 00:00:00,2023-11-29 00:00:00,1577,ACH112423,USD,5724,5724,NULL,NULL,NULL
4372,POSTCASH,0,3,RT,2023-11-28 00:00:00,2023-11-30 00:00:00,2232,ACH112823,USD,5898,5898,NULL,NULL,NULL
4373,POSTCASH,0,1,RT,2023-11-28 00:00:00,2023-11-30 00:00:00,2326,ACH112823,USD,17023.5,17023.5,NULL,NULL,NULL
4374,POSTCASH,0,3,RT,2023-12-04 00:00:00,2023-12-04 00:00:00,1891,ACH120423,USD,27743.1,27743.1,NULL,NULL,NULL
4375,POSTCASH,0,1,RT,2023-12-04 00:00:00,2023-12-04 00:00:00,2354,ACH120423,USD,1714.11,1714.11,NULL,NULL,NULL
4376,POSTCASH,0,1,RT,2023-12-05 00:00:00,2023-12-06 00:00:00,2050,CL 25819,USD,3137.2,3137.2,NULL,NULL,NULL
4377,POSTCASH,0,1,RT,2023-12-05 00:00:00,2023-12-07 00:00:00,2417,ACH120523,USD,1785,1785,NULL,NULL,NULL
4378,POSTCASH,0,3,RT,2023-12-08 00:00:00,2023-12-11 00:00:00,1612,CK 7718,USD,15804.88,15804.88,NULL,NULL,NULL
4379,POSTCASH,0,4,RT,2023-12-08 00:00:00,2023-12-11 00:00:00,2035,CK 50407,USD,18470.4,18470.4,NULL,NULL,NULL
4380,POSTCASH,0,1,RT,2023-12-08 00:00:00,2023-12-11 00:00:00,1700,CK 24044,USD,1186.57,1186.57,NULL,NULL,NULL
4381,POSTCASH,0,3,RT,2023-12-11 00:00:00,2023-12-11 00:00:00,1137,ACK121123,USD,4559.92,4559.92,NULL,NULL,NULL
4382,POSTCASH,0,1,RT,2023-12-11 00:00:00,2023-12-11 00:00:00,1636,ACH121123,USD,14986.65,14986.65,NULL,NULL,NULL
4383,POSTCASH,0,2,RT,2023-12-11 00:00:00,2023-12-11 00:00:00,1578,ACH121123,USD,8130,8130,NULL,NULL,NULL
4384,POSTCASH,0,1,RT,2023-12-08 00:00:00,2023-12-11 00:00:00,1577,ACH120823,USD,2862.3,2862.3,NULL,NULL,NULL
4385,POSTCASH,0,1,RT,2023-12-08 00:00:00,2023-12-11 00:00:00,2412,ACH120823,USD,1326,1326,NULL,NULL,NULL
4386,POSTCASH,0,1,RT,2023-12-08 00:00:00,2023-12-11 00:00:00,2137,CK 011275,USD,2164.8,2164.8,NULL,NULL,NULL
4387,POSTCASH,0,1,RT,2023-12-12 00:00:00,2023-12-12 00:00:00,2417,ACH121223,USD,1955,1955,NULL,NULL,NULL
4388,POSTCASH,0,1,RT,2023-12-13 00:00:00,2023-12-14 00:00:00,1612,CK 7722,USD,5226,5226,NULL,NULL,NULL
4389,POSTCASH,0,1,RT,2023-12-13 00:00:00,2023-12-14 00:00:00,2137,CK 011335,USD,1340.52,1340.52,NULL,NULL,NULL
4390,POSTCASH,0,1,RT,2023-12-13 00:00:00,2023-12-14 00:00:00,2086,CK 127107,USD,1362,1362,NULL,NULL,NULL
4391,POSTCASH,0,1,RT,2023-12-13 00:00:00,2023-12-14 00:00:00,1645,CK 3615,USD,1675,1675,NULL,NULL,NULL
4392,POSTCASH,0,1,RT,2023-12-14 00:00:00,2023-12-15 00:00:00,1804,CK 70013651,USD,178.92,178.92,NULL,NULL,NULL
4393,POSTCASH,0,1,RT,2023-12-15 00:00:00,2023-12-18 00:00:00,2354,ACH121523,USD,493.2,493.2,NULL,NULL,NULL
4394,UNDO-POSTCASH,0,1,RT,2023-12-18 00:00:00,2023-12-18 00:00:00,2354,ACH121523,USD,493.2,493.2,NULL,NULL,NULL
4395,UACASH,0,1,RT,2023-12-15 00:00:00,2023-12-18 00:00:00,2354,ach121523,USD,493.2,493.2,NULL,NULL,NULL
4396,UACASH-APP,0,1,RT,2023-12-18 00:00:00,2023-12-18 00:00:00,2354,ach121523,USD,438.4,438.4,NULL,NULL,NULL
4397,POSTCASH,0,3,RT,2023-12-15 00:00:00,2023-12-18 00:00:00,1137,ACH121523,USD,3951,3951,NULL,NULL,NULL
4398,POSTCASH,0,1,RT,2023-12-18 00:00:00,2023-12-19 00:00:00,1561,CK 80305,USD,5073.25,5073.25,NULL,NULL,NULL
4399,POSTCASH,0,1,RT,2023-12-19 00:00:00,2023-12-20 00:00:00,2315,CK.117527,USD,402.92,402.92,NULL,NULL,NULL
4400,POSTCASH,0,1,RT,2023-12-19 00:00:00,2023-12-20 00:00:00,2430,CK 220268,USD,500,500,NULL,NULL,NULL
4401,POSTCASH,0,1,RT,2023-12-20 00:00:00,2023-12-20 00:00:00,1486,CK 12238,USD,3916,3916,NULL,NULL,NULL
4402,POSTCASH,0,1,RT,2023-12-20 00:00:00,2023-12-20 00:00:00,2252,CK 2277,USD,4141.39,4141.39,NULL,NULL,NULL
4403,POSTCASH,0,1,RT,2023-12-20 00:00:00,2023-12-20 00:00:00,2137,CK 011412,USD,1281.72,1281.72,NULL,NULL,NULL
4404,POSTCASH,0,1,RT,2023-12-20 00:00:00,2023-12-20 00:00:00,2137,CK 011386,USD,1490.4,1490.4,NULL,NULL,NULL
4405,POSTCASH,0,1,RT,2023-12-20 00:00:00,2023-12-21 00:00:00,1870,ACH122023,USD,7515.4,7515.4,NULL,NULL,NULL
4406,POSTCASH,0,1,RT,2023-12-22 00:00:00,2023-12-22 00:00:00,2436,CK 1221,USD,5323.8,5323.8,NULL,NULL,NULL
4407,POSTCASH,0,1,RT,2023-12-21 00:00:00,2023-12-22 00:00:00,1199,ACH122123,USD,7113.6,7113.6,NULL,NULL,NULL
4408,POSTCASH,0,2,RT,2023-12-22 00:00:00,2023-12-22 00:00:00,2232,ACH122223,USD,3199.2,3199.2,NULL,NULL,NULL
4409,POSTCASH,0,2,RT,2023-12-22 00:00:00,2023-12-22 00:00:00,1891,ACH122223,USD,17051.75,17051.75,NULL,NULL,NULL
4410,POSTCASH,0,2,RT,2023-12-22 00:00:00,2023-12-22 00:00:00,1137,ACH122223,USD,3307.12,3307.12,NULL,NULL,NULL
4411,POSTCASH,0,1,RT,2023-12-22 00:00:00,2023-12-22 00:00:00,1577,ACH122223,USD,8848.77,8848.77,NULL,NULL,NULL
4412,POSTCASH,0,1,RT,2023-12-26 00:00:00,2023-12-26 00:00:00,1578,ACH122623,USD,7174.8,7174.8,NULL,NULL,NULL
4413,POSTCASH,0,1,RT,2023-12-29 00:00:00,2023-12-29 00:00:00,1577,ACH122923,USD,500,500,NULL,NULL,NULL
4414,POSTCASH,0,1,RT,2023-12-28 00:00:00,2023-12-29 00:00:00,1636,ACH122823,USD,14345.45,14345.45,NULL,NULL,NULL
4415,POSTCASH,0,4,RT,2023-12-29 00:00:00,2023-12-29 00:00:00,1137,ACH122923,USD,5990.16,5990.16,NULL,NULL,NULL
4416,UACASH,0,1,RT,2023-12-29 00:00:00,2024-01-02 00:00:00,2417,ACH122923,USD,5865,5865,NULL,NULL,NULL
4417,UACASH-APP,0,1,RT,2024-01-02 00:00:00,2024-01-02 00:00:00,2417,ACH122923,USD,3910,3910,NULL,NULL,NULL
4418,POSTCASH,0,1,RT,2024-01-02 00:00:00,2024-01-03 00:00:00,2114,ACH010223,USD,999.9,999.9,NULL,NULL,NULL
4419,POSTCASH,0,2,RT,2024-01-02 00:00:00,2024-01-03 00:00:00,1114,CK 120823,USD,16769.2,16769.2,NULL,NULL,NULL
4420,UNDO-POSTCASH,0,1,RT,2024-01-03 00:00:00,2024-01-03 00:00:00,2114,ACH010223,USD,999.9,999.9,NULL,NULL,NULL
4421,POSTCASH,0,1,RT,2024-01-02 00:00:00,2024-01-03 00:00:00,2114,CK 010219,USD,999.9,999.9,NULL,NULL,NULL
4422,POSTCASH,0,1,RT,2024-01-02 00:00:00,2024-01-03 00:00:00,1565,CK 4272,USD,4948.8,4948.8,NULL,NULL,NULL
4423,POSTCASH,0,1,RT,2024-01-02 00:00:00,2024-01-03 00:00:00,2086,CK 127167,USD,748,748,NULL,NULL,NULL
4424,POSTCASH,0,3,RT,2024-01-05 00:00:00,2024-01-05 00:00:00,1137,ACH010524,USD,4040.92,4040.92,NULL,NULL,NULL
4425,POSTCASH,0,2,RT,2024-01-05 00:00:00,2024-01-05 00:00:00,1712,ACH010524,USD,5630.37,5630.37,NULL,NULL,NULL
4426,POSTCASH,0,1,RT,2024-01-05 00:00:00,2024-01-05 00:00:00,1104,ACH010524,USD,2268,2268,NULL,NULL,NULL
4427,POSTCASH,0,7,RT,2024-01-05 00:00:00,2024-01-05 00:00:00,2050,CK #25944,USD,22915.2,22915.2,NULL,NULL,NULL
4428,POSTCASH,0,1,RT,2024-01-03 00:00:00,2024-01-05 00:00:00,1612,CK 7729,USD,4648,4648,NULL,NULL,NULL
4429,POSTCASH,0,1,RT,2024-01-08 00:00:00,2024-01-08 00:00:00,2435,ACH010824,USD,8210.16,8210.16,NULL,NULL,NULL
4430,POSTCASH,0,1,RT,2024-01-10 00:00:00,2024-01-11 00:00:00,1700,CK 24238,USD,1411.8,1411.8,NULL,NULL,NULL
4431,POSTCASH,0,1,RT,2024-01-10 00:00:00,2024-01-11 00:00:00,2114,CK 010235,USD,1092.6,1092.6,NULL,NULL,NULL
4432,POSTCASH,0,1,RT,2024-01-10 00:00:00,2024-01-11 00:00:00,1565,CK 4325,USD,4780.8,4780.8,NULL,NULL,NULL
4433,POSTCASH,0,1,RT,2024-01-10 00:00:00,2024-01-11 00:00:00,1326,ACJ011024,USD,8955.45,8955.45,NULL,NULL,NULL
4434,POSTCASH,0,1,RT,2024-01-12 00:00:00,2024-01-12 00:00:00,1104,ACH011224,USD,1421.64,1421.64,NULL,NULL,NULL
4435,POSTCASH,0,2,RT,2024-01-12 00:00:00,2024-01-12 00:00:00,1137,ACH011224,USD,3627.16,3627.16,NULL,NULL,NULL
4436,POSTCASH,0,1,RT,2024-01-12 00:00:00,2024-01-12 00:00:00,1891,ACH011224,USD,8331.2,8331.2,NULL,NULL,NULL
4437,POSTCASH,0,1,RT,2024-01-12 00:00:00,2024-01-12 00:00:00,2006,CK 215424,USD,3357.2,3357.2,NULL,NULL,NULL
4438,POSTCASH,0,1,RT,2024-01-16 00:00:00,2024-01-16 00:00:00,1578,ACH011624,USD,7412.4,7412.4,NULL,NULL,NULL
4439,POSTCASH,0,1,RT,2024-01-16 00:00:00,2024-01-16 00:00:00,1968,ACH011624,USD,500,500,NULL,NULL,NULL
4440,POSTCASH,0,2,RT,2024-01-16 00:00:00,2024-01-16 00:00:00,1712,ACH011624,USD,4240.64,4240.64,NULL,NULL,NULL
4441,POSTCASH,0,3,RT,2024-01-16 00:00:00,2024-01-16 00:00:00,1405,ACH011624,USD,20220.1,20220.1,NULL,NULL,NULL
4442,POSTCASH,0,1,RT,2024-01-17 00:00:00,2024-01-17 00:00:00,1215,ACH011724,USD,13037.3,13037.3,NULL,NULL,NULL
4443,POSTCASH,0,4,RT,2024-01-17 00:00:00,2024-01-18 00:00:00,1114,CK 121055,USD,13491.6,13491.6,NULL,NULL,NULL
4444,POSTCASH,0,1,RT,2024-01-17 00:00:00,2024-01-18 00:00:00,2424,CK 74823,USD,9968.5,9968.5,NULL,NULL,NULL
4445,POSTCASH,0,2,RT,2024-01-17 00:00:00,2024-01-18 00:00:00,1938,CK 50683,USD,7770,7770,NULL,NULL,NULL
4446,POSTCASH,0,2,RT,2024-01-19 00:00:00,2024-01-19 00:00:00,1577,ACH011924,USD,8722.66,8722.66,NULL,NULL,NULL
4447,POSTCASH,0,1,RT,2024-01-19 00:00:00,2024-01-19 00:00:00,1104,ACH011924,USD,411.58,411.58,NULL,NULL,NULL
4448,POSTCASH,0,1,RT,2024-01-19 00:00:00,2024-01-19 00:00:00,1137,ACH011924,USD,1862.48,1862.48,NULL,NULL,NULL
4449,POSTCASH,0,2,RT,2024-01-22 00:00:00,2024-01-23 00:00:00,1630,ACH012224,USD,4181.7,4181.7,NULL,NULL,NULL
4450,POSTCASH,0,1,RT,2024-01-22 00:00:00,2024-01-23 00:00:00,1405,ACH012224,USD,4122.4,4122.4,NULL,NULL,NULL
4451,POSTCASH,0,1,RT,2024-01-22 00:00:00,2024-01-23 00:00:00,1968,ACH012224,USD,200,200,NULL,NULL,NULL
4452,POSTCASH,0,1,RT,2024-01-25 00:00:00,2024-01-26 00:00:00,1804,7001450112,USD,125.35,125.35,NULL,NULL,NULL
4453,POSTCASH,0,1,RT,2024-01-26 00:00:00,2024-01-26 00:00:00,1137,ACH012624,USD,1218.16,1218.16,NULL,NULL,NULL
4454,POSTCASH,0,1,RT,2024-01-26 00:00:00,2024-01-29 00:00:00,2398,ACH012624,USD,2332.4,2332.4,NULL,NULL,NULL
4455,POSTCASH,0,1,RT,2024-01-31 00:00:00,2024-02-01 00:00:00,1700,CK 24402,USD,2622.04,2622.04,NULL,NULL,NULL
4456,POSTCASH,0,1,RT,2024-01-31 00:00:00,2024-02-01 00:00:00,1299,CK 001066,USD,8856.28,8856.28,NULL,NULL,NULL
4457,POSTCASH,0,1,RT,2024-01-31 00:00:00,2024-02-01 00:00:00,1965,CK 3759,USD,200,200,NULL,NULL,NULL
4458,POSTCASH,0,1,RT,2024-01-31 00:00:00,2024-02-01 00:00:00,2436,CK 1285,USD,3956.4,3956.4,NULL,NULL,NULL
4459,POSTCASH,0,1,RT,2024-02-02 00:00:00,2024-02-02 00:00:00,1561,CK 83732,USD,5262.4,5262.4,NULL,NULL,NULL
4460,POSTCASH,0,1,RT,2024-02-02 00:00:00,2024-02-02 00:00:00,1802,CK 70014702,USD,200,200,NULL,NULL,NULL
4461,POSTCASH,0,1,RT,2024-02-05 00:00:00,2024-02-05 00:00:00,2201,CK 74270,USD,300,300,NULL,NULL,NULL
4462,POSTCASH,0,1,RT,2024-02-05 00:00:00,2024-02-05 00:00:00,2041,CK 6817,USD,110.95,110.95,NULL,NULL,NULL
4463,POSTCASH,0,3,RT,2024-02-07 00:00:00,2024-02-08 00:00:00,1612,CK 7737,USD,14787.92,14787.92,NULL,NULL,NULL
4464,POSTCASH,0,1,RT,2024-02-07 00:00:00,2024-02-08 00:00:00,2114,CK 010301,USD,1864,1864,NULL,NULL,NULL
4465,POSTCASH,0,2,RT,2024-02-08 00:00:00,2024-02-09 00:00:00,2086,CK 127519,USD,2526,2526,NULL,NULL,NULL
4466,POSTCASH,0,1,RT,2024-02-08 00:00:00,2024-02-09 00:00:00,1891,ACH020824,USD,7749,7749,NULL,NULL,NULL
4467,POSTCASH,0,1,RT,2024-02-08 00:00:00,2024-02-09 00:00:00,1870,ACH020824,USD,7300.8,7300.8,NULL,NULL,NULL
4468,POSTCASH,0,1,RT,2024-02-05 00:00:00,2024-02-09 00:00:00,1968,ACH020524,USD,500,500,NULL,NULL,NULL
4469,POSTCASH,0,1,RT,2024-02-02 00:00:00,2024-02-09 00:00:00,2412,ACH020224,USD,1125,1125,NULL,NULL,NULL
4470,POSTCASH,0,8,RT,2024-02-09 00:00:00,2024-02-13 00:00:00,2412,ACH020924,USD,11763.96,11763.96,NULL,NULL,NULL
4471,POSTCASH,0,2,RT,2024-02-09 00:00:00,2024-02-13 00:00:00,2232,ACH020924,USD,4330.8,4330.8,NULL,NULL,NULL
4472,POSTCASH,0,1,RT,2024-02-13 00:00:00,2024-02-14 00:00:00,2306,CK 18129,USD,328.14,328.14,NULL,NULL,NULL
4473,POSTCASH,0,1,RT,2024-02-13 00:00:00,2024-02-14 00:00:00,2436,CK 1307,USD,8531,8531,NULL,NULL,NULL
4474,POSTCASH,0,1,RT,2024-02-13 00:00:00,2024-02-14 00:00:00,2442,CK 00038292,USD,11128,11128,NULL,NULL,NULL
4475,POSTCASH,0,2,RT,2024-02-13 00:00:00,2024-02-14 00:00:00,1802,CK 70015032,USD,400,400,NULL,NULL,NULL
4476,POSTCASH,0,1,RT,2024-02-15 00:00:00,2024-02-15 00:00:00,1199,ACH021524,USD,5123.2,5123.2,NULL,NULL,NULL
4477,POSTCASH,0,1,RT,2024-02-13 00:00:00,2024-02-15 00:00:00,2435,ACH021324,USD,6042.82,6042.82,NULL,NULL,NULL
4478,POSTCASH,0,2,RT,2024-02-16 00:00:00,2024-02-19 00:00:00,1137,ACH021624,USD,2773.3,2773.3,NULL,NULL,NULL
4479,POSTCASH,0,1,RT,2024-02-16 00:00:00,2024-02-19 00:00:00,1578,ACH021624,USD,7297.2,7297.2,NULL,NULL,NULL
4480,POSTCASH,0,1,RT,2024-02-16 00:00:00,2024-02-19 00:00:00,1104,ACH021624,USD,1121.18,1121.18,NULL,NULL,NULL
4481,POSTCASH,0,2,RT,2024-02-19 00:00:00,2024-02-20 00:00:00,1649,CK 18321,USD,2095.46,2095.46,NULL,NULL,NULL
4482,POSTCASH,0,1,RT,2024-02-20 00:00:00,2024-02-21 00:00:00,2420,CK 2779,USD,2500,2500,NULL,NULL,NULL
4483,POSTCASH,0,2,RT,2024-02-20 00:00:00,2024-02-21 00:00:00,2420,CK 2799,USD,2500,2500,NULL,NULL,NULL
4484,POSTCASH,0,2,RT,2024-02-20 00:00:00,2024-02-21 00:00:00,2420,CK 4800,USD,2500,2500,NULL,NULL,NULL
4485,POSTCASH,0,5,RT,2024-02-16 00:00:00,2024-02-21 00:00:00,2248,7001516101,USD,3157.97,3157.97,NULL,NULL,NULL
4486,POSTCASH,0,1,RT,2024-02-21 00:00:00,2024-02-21 00:00:00,1869,CK 64663,USD,9480.48,9480.48,NULL,NULL,NULL
4487,POSTCASH,0,1,RT,2024-02-21 00:00:00,2024-02-21 00:00:00,2035,CK 50435,USD,3931,3931,NULL,NULL,NULL
4488,POSTCASH,0,1,RT,2024-02-01 00:00:00,2024-02-22 00:00:00,1199,ACH020124,USD,6969.6,6969.6,NULL,NULL,NULL
4489,POSTCASH,0,2,RT,2024-02-22 00:00:00,2024-02-22 00:00:00,2232,ACH020624,USD,4752,4752,NULL,NULL,NULL
4490,POSTCASH,0,2,RT,2024-02-23 00:00:00,2024-02-23 00:00:00,1137,ACH022324,USD,2394,2394,NULL,NULL,NULL
4491,POSTCASH,0,2,RT,2024-02-23 00:00:00,2024-02-23 00:00:00,1104,ACH022324,USD,3023.6,3023.6,NULL,NULL,NULL
4492,UACASH,0,1,RT,2024-02-22 00:00:00,2024-02-23 00:00:00,2454,WIR022224,USD,3000,3000,NULL,NULL,NULL
4493,UNDO-POSTCASH,0,1,RT,2024-02-23 00:00:00,2024-02-23 00:00:00,2420,CK 4800,USD,227.5,227.5,NULL,NULL,NULL
4494,UNDO-POSTCASH,0,1,RT,2024-02-23 00:00:00,2024-02-23 00:00:00,2420,CK 4800,USD,2272.5,2272.5,NULL,NULL,NULL
4495,UNDO-POSTCASH,0,1,RT,2024-02-23 00:00:00,2024-02-23 00:00:00,2420,CK 2799,USD,2280,2280,NULL,NULL,NULL
4496,UNDO-POSTCASH,0,1,RT,2024-02-23 00:00:00,2024-02-23 00:00:00,2420,CK 2799,USD,220,220,NULL,NULL,NULL
4497,UNDO-POSTCASH,0,1,RT,2024-02-23 00:00:00,2024-02-23 00:00:00,2420,CK 2779,USD,2500,2500,NULL,NULL,NULL
4498,UACASH-APP,0,1,RT,2024-02-26 00:00:00,2024-02-26 00:00:00,2417,ACH122923,USD,1700,1700,NULL,NULL,NULL
4499,UACASH-APP,0,1,RT,2024-02-26 00:00:00,2024-02-26 00:00:00,2417,ACH122923,USD,255,255,NULL,NULL,NULL
4500,POSTCASH,0,1,RT,2024-02-26 00:00:00,2024-02-26 00:00:00,2417,ACH022124,USD,3655,3655,NULL,NULL,NULL
4501,POSTCASH,0,1,RT,2024-02-26 00:00:00,2024-02-26 00:00:00,2417,ACH022124,USD,3910,3910,NULL,NULL,NULL
4502,POSTCASH,0,3,RT,2024-02-26 00:00:00,2024-02-26 00:00:00,2086,ACH022324,USD,3011.1,3011.1,NULL,NULL,NULL
4503,POSTCASH,0,6,RT,2024-02-27 00:00:00,2024-02-27 00:00:00,2050,CK 26132,USD,18748.8,18748.8,NULL,NULL,NULL
4504,POSTCASH,0,1,RT,2024-02-28 00:00:00,2024-02-29 00:00:00,2417,ACH022824,USD,2550,2550,NULL,NULL,NULL
4505,POSTCASH,0,7,RT,2024-03-01 00:00:00,2024-03-01 00:00:00,1114,CK #121645,USD,10757.72,10757.72,NULL,NULL,NULL
4506,POSTCASH,0,1,RT,2024-02-27 00:00:00,2024-03-01 00:00:00,2201,CK 74464,USD,335.7,335.7,NULL,NULL,NULL
4507,POSTCASH,0,1,RT,2024-03-01 00:00:00,2024-03-01 00:00:00,1891,ACH030124,USD,6639.2,6639.2,NULL,NULL,NULL
4508,POSTCASH,0,3,RT,2024-03-01 00:00:00,2024-03-01 00:00:00,1137,ACH030124,USD,3850.1,3850.1,NULL,NULL,NULL
4509,POSTCASH,0,1,RT,2024-03-01 00:00:00,2024-03-01 00:00:00,1104,ACH030124,USD,1761.3,1761.3,NULL,NULL,NULL
4510,POSTCASH,0,1,RT,2024-03-01 00:00:00,2024-03-01 00:00:00,1577,ACH030124,USD,4857.6,4857.6,NULL,NULL,NULL
4511,POSTCASH,0,2,RT,2024-03-05 00:00:00,2024-03-05 00:00:00,2436,CK 1249,USD,12263.65,12263.65,NULL,NULL,NULL
4512,UACASH,0,1,RT,2024-03-04 00:00:00,2024-03-05 00:00:00,2454,ACH030424,USD,2127,2127,NULL,NULL,NULL
4513,POSTCASH,0,1,RT,2024-03-07 00:00:00,2024-03-07 00:00:00,2075,ACH012524,USD,3884.4,3884.4,NULL,NULL,NULL
4514,POSTCASH,0,1,RT,2024-03-07 00:00:00,2024-03-08 00:00:00,1199,ACH030724,USD,6502.4,6502.4,NULL,NULL,NULL
4515,POSTCASH,0,1,RT,2024-03-07 00:00:00,2024-03-08 00:00:00,1870,ACH030724,USD,5032.8,5032.8,NULL,NULL,NULL
4516,POSTCASH,0,3,RT,2024-03-07 00:00:00,2024-03-08 00:00:00,1712,ACH030724,USD,3315.95,3315.95,NULL,NULL,NULL
4517,POSTCASH,0,1,RT,2024-03-08 00:00:00,2024-03-08 00:00:00,2424,ACH0308/24,USD,9802.5,9802.5,NULL,NULL,NULL
4518,POSTCASH,0,1,RT,2024-03-08 00:00:00,2024-03-08 00:00:00,1104,ACH030824,USD,2094.3,2094.3,NULL,NULL,NULL
4519,POSTCASH,0,1,RT,2024-03-08 00:00:00,2024-03-08 00:00:00,2412,ACH030824,USD,1092,1092,NULL,NULL,NULL
4520,POSTCASH,0,2,RT,2024-03-04 00:00:00,2024-03-08 00:00:00,2412,ACH030424,USD,2333.76,2333.76,NULL,NULL,NULL
4521,POSTCASH,0,3,RT,2024-03-08 00:00:00,2024-03-08 00:00:00,1137,ACH030824,USD,4619.04,4619.04,NULL,NULL,NULL
4522,POSTCASH,0,1,RT,2024-03-08 00:00:00,2024-03-08 00:00:00,1891,ACH030824,USD,7253.4,7253.4,NULL,NULL,NULL
4523,POSTCASH,0,1,RT,2024-03-08 00:00:00,2024-03-08 00:00:00,1879,ACH030824,USD,4062.5,4062.5,NULL,NULL,NULL
4524,UACASH,0,1,RT,2024-03-08 00:00:00,2024-03-08 00:00:00,2454,ACH030824,USD,2040,2040,NULL,NULL,NULL
4525,UACASH-APP,0,1,RT,2024-03-08 00:00:00,2024-03-08 00:00:00,2454,WIR022224,USD,3000,3000,NULL,NULL,NULL
4526,UACASH-APP,0,1,RT,2024-03-08 00:00:00,2024-03-08 00:00:00,2454,ACH030424,USD,2127,2127,NULL,NULL,NULL
4527,POSTCASH,0,4,RT,2024-03-12 00:00:00,2024-03-12 00:00:00,1299,WIR030824,USD,23519.3,23519.3,NULL,NULL,NULL
4528,POSTCASH,0,2,RT,2024-03-12 00:00:00,2024-03-12 00:00:00,1965,CK 33353891,USD,400,400,NULL,NULL,NULL
4529,POSTCASH,0,2,RT,2024-03-12 00:00:00,2024-03-12 00:00:00,2248,CK 70015591,USD,1531.75,1531.75,NULL,NULL,NULL
4530,POSTCASH,0,3,RT,2024-03-12 00:00:00,2024-03-12 00:00:00,1802,CK 70015591,USD,600,600,NULL,NULL,NULL
4531,POSTCASH,0,2,RT,2024-03-12 00:00:00,2024-03-12 00:00:00,2035,CK 12685,USD,10939.2,10939.2,NULL,NULL,NULL
4532,POSTCASH,0,3,RT,2024-03-12 00:00:00,2024-03-12 00:00:00,1114,CK 121839,USD,14614.76,14614.76,NULL,NULL,NULL
4533,POSTCASH,0,1,RT,2024-03-13 00:00:00,2024-03-13 00:00:00,1636,ACH031324,USD,5928,5928,NULL,NULL,NULL
4534,POSTCASH,0,1,RT,2024-03-12 00:00:00,2024-03-13 00:00:00,1866,ACH031224,USD,10125.6,10125.6,NULL,NULL,NULL
4535,POSTCASH,0,1,RT,2024-03-12 00:00:00,2024-03-13 00:00:00,1882,ACH031224,USD,2294,2294,NULL,NULL,NULL
4536,POSTCASH,0,2,RT,2024-03-14 00:00:00,2024-03-14 00:00:00,2436,CK 1353,USD,16333.16,16333.16,NULL,NULL,NULL
4537,POSTCASH,0,1,RT,2024-03-15 00:00:00,2024-03-15 00:00:00,1612,CK 7744,USD,5946.24,5946.24,NULL,NULL,NULL
4538,POSTCASH,0,2,RT,2024-03-15 00:00:00,2024-03-15 00:00:00,1803,CK 70015321,USD,636.81,636.81,NULL,NULL,NULL
4539,POSTCASH,0,1,RT,2024-03-15 00:00:00,2024-03-15 00:00:00,2114,CK 010331,USD,1248.16,1248.16,NULL,NULL,NULL
4540,POSTCASH,0,2,RT,2024-03-15 00:00:00,2024-03-15 00:00:00,1104,ACH031524,USD,4135.5,4135.5,NULL,NULL,NULL
4541,POSTCASH,0,1,RT,2024-03-15 00:00:00,2024-03-15 00:00:00,1577,ACH031524,USD,10426.32,10426.32,NULL,NULL,NULL
4542,POSTCASH,0,5,RT,2024-03-15 00:00:00,2024-03-18 00:00:00,1137,ACH031524,USD,9112.8,9112.8,NULL,NULL,NULL
4543,POSTCASH,0,2,RT,2024-03-18 00:00:00,2024-03-18 00:00:00,2424,CK 74963,USD,18192.45,18192.45,NULL,NULL,NULL
4544,POSTCASH,0,1,RT,2024-03-18 00:00:00,2024-03-19 00:00:00,1405,ACH031824,USD,7592,7592,NULL,NULL,NULL
4545,POSTCASH,0,2,RT,2024-03-14 00:00:00,2024-03-19 00:00:00,2420,CK 01350648,USD,5000,5000,NULL,NULL,NULL
4546,POSTCASH,0,1,RT,2024-03-18 00:00:00,2024-03-20 00:00:00,2354,ACH031824,USD,2170,2170,NULL,NULL,NULL
4547,POSTCASH,0,1,RT,2024-03-20 00:00:00,2024-03-21 00:00:00,2442,CK 00040605,USD,11341.2,11341.2,NULL,NULL,NULL
4548,POSTCASH,0,1,RT,2024-03-21 00:00:00,2024-03-21 00:00:00,2442,CK 00040136,USD,13097.6,13097.6,NULL,NULL,NULL
4549,POSTCASH,0,1,RT,2024-03-21 00:00:00,2024-03-21 00:00:00,1500,CK 00040136,USD,4464.3,4464.3,NULL,NULL,NULL
4550,POSTCASH,0,1,RT,2024-03-21 00:00:00,2024-03-22 00:00:00,2205,CK 10141,USD,237.04,237.04,NULL,NULL,NULL
4551,POSTCASH,0,1,RT,2024-03-21 00:00:00,2024-03-22 00:00:00,2070,CK 124934,USD,250,250,NULL,NULL,NULL
4552,POSTCASH,0,1,RT,2024-03-21 00:00:00,2024-03-22 00:00:00,1700,CK 24585,USD,4304,4304,NULL,NULL,NULL
4553,POSTCASH,0,2,RT,2024-03-21 00:00:00,2024-03-22 00:00:00,1680,CK700154194,USD,501.24,501.24,NULL,NULL,NULL
4554,POSTCASH,0,1,RT,2024-03-21 00:00:00,2024-03-22 00:00:00,2248,CK700154194,USD,154.05,154.05,NULL,NULL,NULL
4555,POSTCASH,0,1,RT,2024-03-21 00:00:00,2024-03-22 00:00:00,1802,CK700154619,USD,200,200,NULL,NULL,NULL
4556,POSTCASH,0,1,RT,2024-03-21 00:00:00,2024-03-22 00:00:00,2114,CK 010343,USD,2597.18,2597.18,NULL,NULL,NULL
4557,POSTCASH,0,1,RT,2024-03-22 00:00:00,2024-03-22 00:00:00,1782,CK 46612,USD,229.64,229.64,NULL,NULL,NULL
4558,POSTCASH,0,2,RT,2024-03-22 00:00:00,2024-03-22 00:00:00,1104,ACH032224,USD,3437.46,3437.46,NULL,NULL,NULL
4559,POSTCASH,0,1,RT,2024-03-21 00:00:00,2024-03-22 00:00:00,2449,ACH032124,USD,342,342,NULL,NULL,NULL
4560,POSTCASH,0,1,RT,2024-03-21 00:00:00,2024-03-22 00:00:00,1199,ACH032124,USD,5139.2,5139.2,NULL,NULL,NULL
4561,POSTCASH,0,1,RT,2024-03-22 00:00:00,2024-03-22 00:00:00,1577,ACH3224,USD,149.94,149.94,NULL,NULL,NULL
4562,POSTCASH,0,1,RT,2024-03-22 00:00:00,2024-03-22 00:00:00,1882,ACH032224,USD,2845.8,2845.8,NULL,NULL,NULL
4563,POSTCASH,0,6,RT,2024-03-22 00:00:00,2024-03-22 00:00:00,1137,ACH032224,USD,9192.12,9192.12,NULL,NULL,NULL
4564,POSTCASH,0,1,RT,2024-03-26 00:00:00,2024-03-26 00:00:00,2412,ACH032224,USD,1053,1053,NULL,NULL,NULL
4565,POSTCASH,0,1,RT,2024-03-26 00:00:00,2024-03-26 00:00:00,2232,ACH032224,USD,1780.8,1780.8,NULL,NULL,NULL
4566,UACASH-APP,0,1,RT,2024-03-26 00:00:00,2024-03-26 00:00:00,2454,ACH030824,USD,2040,2040,NULL,NULL,NULL
4567,POSTCASH,0,1,RT,2024-03-26 00:00:00,2024-03-26 00:00:00,2454,ACH032524,USD,328.6,328.6,NULL,NULL,NULL
4568,POSTCASH,0,1,RT,2024-03-26 00:00:00,2024-03-26 00:00:00,2436,CK 1339,USD,6821.64,6821.64,NULL,NULL,NULL
4569,POSTCASH,0,1,RT,2024-03-28 00:00:00,2024-03-28 00:00:00,2463,CK 13025,USD,8003.7,8003.7,NULL,NULL,NULL
4570,POSTCASH,0,1,RT,2024-03-28 00:00:00,2024-03-28 00:00:00,2412,ACH031524,USD,1154.4,1154.4,NULL,NULL,NULL
4571,POSTCASH,0,1,RT,2024-03-29 00:00:00,2024-03-29 00:00:00,1712,ACH032924,USD,745.92,745.92,NULL,NULL,NULL
4572,POSTCASH,0,1,RT,2024-03-28 00:00:00,2024-03-29 00:00:00,1199,ACH032824,USD,2260,2260,NULL,NULL,NULL
4573,POSTCASH,0,4,RT,2024-03-29 00:00:00,2024-03-29 00:00:00,1215,ACJ032724,USD,7952.53,7952.53,NULL,NULL,NULL
4574,POSTCASH,0,7,RT,2024-03-29 00:00:00,2024-03-29 00:00:00,1137,ACH032924,USD,14297.04,14297.04,NULL,NULL,NULL
4575,UNDO-POSTCASH,0,1,RT,2024-03-29 00:00:00,2024-03-29 00:00:00,1215,ACJ032724,USD,-450,-450,NULL,NULL,NULL
4576,UNDO-POSTCASH,0,1,RT,2024-03-29 00:00:00,2024-03-29 00:00:00,1215,ACJ032724,USD,6756.48,6756.48,NULL,NULL,NULL
4577,UNDO-POSTCASH,0,1,RT,2024-03-29 00:00:00,2024-03-29 00:00:00,1215,ACJ032724,USD,-500,-500,NULL,NULL,NULL
4578,UNDO-POSTCASH,0,1,RT,2024-03-29 00:00:00,2024-03-29 00:00:00,1215,ACJ032724,USD,2146.05,2146.05,NULL,NULL,NULL
4579,POSTCASH,0,3,RT,2024-03-27 00:00:00,2024-03-29 00:00:00,1215,ACH032724,USD,7952.53,7952.53,NULL,NULL,NULL
4580,POSTCASH,0,2,RT,2024-03-29 00:00:00,2024-04-01 00:00:00,2115,CK 3058,USD,826.84,826.84,NULL,NULL,NULL
4581,POSTCASH,0,1,RT,2024-04-02 00:00:00,2024-04-02 00:00:00,1891,ACH040224,USD,7190.4,7190.4,NULL,NULL,NULL
4582,POSTCASH,0,2,RT,2024-04-02 00:00:00,2024-04-02 00:00:00,2115,ACH040224,USD,800.68,800.68,NULL,NULL,NULL
4583,POSTCASH,0,1,RT,2024-04-01 00:00:00,2024-04-02 00:00:00,2417,ACH040124,USD,1955,1955,NULL,NULL,NULL
4584,POSTCASH,0,1,RT,2024-04-01 00:00:00,2024-04-02 00:00:00,2417,ACH040124,USD,3910,3910,NULL,NULL,NULL
4585,POSTCASH,0,1,RT,2024-04-02 00:00:00,2024-04-02 00:00:00,2354,ACH040224,USD,1744.6,1744.6,NULL,NULL,NULL
4586,POSTCASH,0,2,RT,2024-04-01 00:00:00,2024-04-02 00:00:00,1802,CK700015878,USD,400,400,NULL,NULL,NULL
4587,POSTCASH,0,1,RT,2024-04-01 00:00:00,2024-04-02 00:00:00,1700,CK 24694,USD,3088,3088,NULL,NULL,NULL
4588,POSTCASH,0,1,RT,2024-04-01 00:00:00,2024-04-02 00:00:00,1786,CK 18036,USD,2060,2060,NULL,NULL,NULL
4589,POSTCASH,0,1,RT,2024-04-03 00:00:00,2024-04-03 00:00:00,2035,CK 50459,USD,6324,6324,NULL,NULL,NULL
4590,POSTCASH,0,1,RT,2024-04-03 00:00:00,2024-04-03 00:00:00,2461,CK 24698,USD,357.09,357.09,NULL,NULL,NULL
4591,POSTCASH,0,1,RT,2024-04-03 00:00:00,2024-04-03 00:00:00,1869,CK 64958,USD,9288,9288,NULL,NULL,NULL
4592,POSTCASH,0,1,RT,2024-04-04 00:00:00,2024-04-04 00:00:00,1775,ACH040424,USD,600,600,NULL,NULL,NULL
4593,POSTCASH,0,3,RT,2024-04-02 00:00:00,2024-04-04 00:00:00,2412,ACH040224,USD,4792.88,4792.88,NULL,NULL,NULL
4594,POSTCASH,0,1,RT,2024-04-05 00:00:00,2024-04-05 00:00:00,1866,ACH040524,USD,4270,4270,NULL,NULL,NULL
4595,POSTCASH,0,8,RT,2024-04-05 00:00:00,2024-04-05 00:00:00,1137,ACH040524,USD,11388.16,11388.16,NULL,NULL,NULL
4596,POSTCASH,0,3,RT,2024-04-08 00:00:00,2024-04-08 00:00:00,2412,ACH040524,USD,3535.4,3535.4,NULL,NULL,NULL
4597,POSTCASH,0,1,RT,2024-04-08 00:00:00,2024-04-08 00:00:00,1866,ACH040824,USD,525,525,NULL,NULL,NULL
4598,POSTCASH,0,1,RT,2024-04-08 00:00:00,2024-04-08 00:00:00,1578,ACH040824,USD,4025,4025,NULL,NULL,NULL
4599,POSTCASH,0,1,RT,2024-04-08 00:00:00,2024-04-08 00:00:00,2005,CK 5269,USD,423.03,423.03,NULL,NULL,NULL
4600,POSTCASH,0,1,RT,2024-04-08 00:00:00,2024-04-08 00:00:00,2442,CK 00041595,USD,9836.16,9836.16,NULL,NULL,NULL
4601,POSTCASH,0,3,RT,2024-04-09 00:00:00,2024-04-10 00:00:00,2356,WIR040924,USD,600,600,NULL,NULL,NULL
4602,POSTCASH,0,1,RT,2024-04-09 00:00:00,2024-04-10 00:00:00,2115,ACH040924,USD,419.6,419.6,NULL,NULL,NULL
4603,POSTCASH,0,1,RT,2024-04-10 00:00:00,2024-04-10 00:00:00,1565,CK 4692,USD,6076.8,6076.8,NULL,NULL,NULL
4604,POSTCASH,0,1,RT,2024-04-10 00:00:00,2024-04-11 00:00:00,2137,12418,USD,4033.59,4033.59,NULL,NULL,NULL
4605,POSTCASH,0,2,RT,2024-04-10 00:00:00,2024-04-11 00:00:00,2436,CK 1392,USD,9860,9860,NULL,NULL,NULL
4606,POSTCASH,0,1,RT,2024-04-10 00:00:00,2024-04-11 00:00:00,1935,CK 5668,USD,221.6,221.6,NULL,NULL,NULL
4607,POSTCASH,0,1,RT,2024-04-10 00:00:00,2024-04-11 00:00:00,1802,7001623123,USD,200,200,NULL,NULL,NULL
4608,POSTCASH,0,3,RT,2024-04-10 00:00:00,2024-04-11 00:00:00,1114,CK 122157,USD,14911.2,14911.2,NULL,NULL,NULL
4609,POSTCASH,0,1,RT,2024-04-10 00:00:00,2024-04-11 00:00:00,2137,CK 012408,USD,9716,9716,NULL,NULL,NULL
4610,UNDO-POSTCASH,0,1,RT,2024-04-12 00:00:00,2024-04-12 00:00:00,1215,ACH032724,USD,-500,-500,NULL,NULL,NULL
4611,UNDO-POSTCASH,0,1,RT,2024-04-12 00:00:00,2024-04-12 00:00:00,1215,ACH032724,USD,6306.48,6306.48,NULL,NULL,NULL
4612,UNDO-POSTCASH,0,1,RT,2024-04-12 00:00:00,2024-04-12 00:00:00,1215,ACH032724,USD,2146.05,2146.05,NULL,NULL,NULL
4613,POSTCASH,0,4,RT,2024-03-29 00:00:00,2024-04-12 00:00:00,1215,ACH032724,USD,7952.53,7952.53,NULL,NULL,NULL
4614,POSTCASH,0,5,RT,2024-04-12 00:00:00,2024-04-12 00:00:00,1137,ACH041224,USD,8529.36,8529.36,NULL,NULL,NULL
4615,POSTCASH,0,4,RT,2024-04-12 00:00:00,2024-04-12 00:00:00,2424,ACH041224,USD,34330.4,34330.4,NULL,NULL,NULL
4616,POSTCASH,0,1,RT,2024-04-11 00:00:00,2024-04-12 00:00:00,1104,ACH041124,USD,222.8,222.8,NULL,NULL,NULL
4617,POSTCASH,0,1,RT,2024-04-15 00:00:00,2024-04-16 00:00:00,2417,ACH041524,USD,3910,3910,NULL,NULL,NULL
4618,POSTCASH,0,2,RT,2024-04-16 00:00:00,2024-04-16 00:00:00,2137,CM 57424,USD,0,0,NULL,NULL,NULL
4619,POSTCASH,0,1,RT,2024-04-16 00:00:00,2024-04-16 00:00:00,2436,CK 1409,USD,7140,7140,NULL,NULL,NULL
4620,POSTCASH,0,3,RT,2024-04-16 00:00:00,2024-04-16 00:00:00,2050,CK 26450,USD,9820.8,9820.8,NULL,NULL,NULL
4621,POSTCASH,0,1,RT,2024-04-16 00:00:00,2024-04-16 00:00:00,1114,CK 122341,USD,10257.48,10257.48,NULL,NULL,NULL
4622,POSTCASH,0,1,RT,2024-04-12 00:00:00,2024-04-16 00:00:00,1700,CK 24798,USD,2466,2466,NULL,NULL,NULL
4623,UACASH,0,1,RT,2024-04-08 00:00:00,2024-04-17 00:00:00,2316,ACH040824,USD,1600,1600,NULL,NULL,NULL
4624,UACASH,0,1,RT,2024-04-09 00:00:00,2024-04-17 00:00:00,2316,ACH040924,USD,1600,1600,NULL,NULL,NULL
4625,UACASH,0,1,RT,2024-04-11 00:00:00,2024-04-17 00:00:00,2316,ACH041124,USD,6600,6600,NULL,NULL,NULL
4626,POSTCASH,0,1,RT,2024-04-17 00:00:00,2024-04-18 00:00:00,2182,CK 132151,USD,79.46,79.46,NULL,NULL,NULL
4627,POSTCASH,0,1,RT,2024-04-19 00:00:00,2024-04-19 00:00:00,2463,CK 13060,USD,6919.8,6919.8,NULL,NULL,NULL
4628,POSTCASH,0,5,RT,2024-04-19 00:00:00,2024-04-19 00:00:00,1137,ACH041924,USD,8877.72,8877.72,NULL,NULL,NULL
4629,POSTCASH,0,2,RT,2024-04-19 00:00:00,2024-04-19 00:00:00,2115,ACH041924,USD,812.8,812.8,NULL,NULL,NULL
4630,POSTCASH,0,1,RT,2024-04-17 00:00:00,2024-04-19 00:00:00,2115,ACH041724,USD,484,484,NULL,NULL,NULL
4631,POSTCASH,0,1,RT,2024-04-17 00:00:00,2024-04-19 00:00:00,1215,ACH041724,USD,429,429,NULL,NULL,NULL
4632,UACASH,0,1,RT,2024-04-17 00:00:00,2024-04-19 00:00:00,2478,ACH041724,USD,7000,7000,NULL,NULL,NULL
4633,POSTCASH,0,3,RT,2024-04-18 00:00:00,2024-04-19 00:00:00,1870,ACH041824,USD,23295.6,23295.6,NULL,NULL,NULL
4634,POSTCASH,0,1,RT,2024-04-19 00:00:00,2024-04-19 00:00:00,1577,ACH041924,USD,8934,8934,NULL,NULL,NULL
4635,POSTCASH,0,2,RT,2024-04-19 00:00:00,2024-04-19 00:00:00,2399,ACH041924,USD,6931.36,6931.36,NULL,NULL,NULL
4636,POSTCASH,0,1,RT,2024-04-22 00:00:00,2024-04-22 00:00:00,2354,ACH041924,USD,2756.6,2756.6,NULL,NULL,NULL
4637,POSTCASH,0,2,RT,2024-04-22 00:00:00,2024-04-22 00:00:00,2398,ACH042224,USD,8472.2,8472.2,NULL,NULL,NULL
4638,POSTCASH,0,1,RT,2024-04-22 00:00:00,2024-04-22 00:00:00,1891,ACH042224,USD,7224.8,7224.8,NULL,NULL,NULL
4639,POSTCASH,0,2,RT,2024-04-22 00:00:00,2024-04-24 00:00:00,2412,ACH042224,USD,2254.72,2254.72,NULL,NULL,NULL
4640,POSTCASH,0,1,RT,2024-04-24 00:00:00,2024-04-24 00:00:00,1215,ACH042424,USD,8676.8,8676.8,NULL,NULL,NULL
4641,POSTCASH,0,1,RT,2024-04-22 00:00:00,2024-04-24 00:00:00,1879,ACH042224,USD,5862.1,5862.1,NULL,NULL,NULL
4642,POSTCASH,0,1,RT,2024-04-25 00:00:00,2024-04-26 00:00:00,1114,CK 122460,USD,3552,3552,NULL,NULL,NULL
4643,POSTCASH,0,1,RT,2024-04-25 00:00:00,2024-04-26 00:00:00,1565,CK 5076,USD,3570,3570,NULL,NULL,NULL
4644,POSTCASH,0,1,RT,2024-04-25 00:00:00,2024-04-26 00:00:00,2192,CK 11545,USD,860.4,860.4,NULL,NULL,NULL
4645,POSTCASH,0,1,RT,2024-04-25 00:00:00,2024-04-26 00:00:00,2436,CK 1417,USD,5085.2,5085.2,NULL,NULL,NULL
4646,POSTCASH,0,2,RT,2024-04-23 00:00:00,2024-04-26 00:00:00,2420,CK 1009,USD,1200,1200,NULL,NULL,NULL
4647,POSTCASH,0,1,RT,2024-04-26 00:00:00,2024-04-26 00:00:00,1577,ACH042624,USD,9936.96,9936.96,NULL,NULL,NULL
4648,POSTCASH,0,2,RT,2024-04-26 00:00:00,2024-04-26 00:00:00,1802,CK 70016431,USD,500,500,NULL,NULL,NULL
4649,POSTCASH,0,1,RT,2024-04-26 00:00:00,2024-04-26 00:00:00,1486,CK 12649,USD,6489,6489,NULL,NULL,NULL
4650,POSTCASH,0,1,RT,2024-04-29 00:00:00,2024-04-29 00:00:00,2086,ACH042924,USD,1958,1958,NULL,NULL,NULL
4651,POSTCASH,0,1,RT,2024-04-29 00:00:00,2024-04-29 00:00:00,1870,ACH042924,USD,8288,8288,NULL,NULL,NULL
4652,POSTCASH,0,1,RT,2024-04-29 00:00:00,2024-04-30 00:00:00,1775,ACH042924,USD,450,450,NULL,NULL,NULL
4653,POSTCASH,0,1,RT,2024-04-29 00:00:00,2024-04-30 00:00:00,1866,ACH042924,USD,9680.44,9680.44,NULL,NULL,NULL
4654,POSTCASH,0,1,RT,2024-04-29 00:00:00,2024-04-30 00:00:00,2436,CK 1432,USD,6991.6,6991.6,NULL,NULL,NULL
4655,POSTCASH,0,1,RT,2024-04-29 00:00:00,2024-04-30 00:00:00,2488,CK 40936,USD,171.15,171.15,NULL,NULL,NULL
4656,POSTCASH,0,1,RT,2024-04-29 00:00:00,2024-04-30 00:00:00,2006,CK 216357,USD,2326.4,2326.4,NULL,NULL,NULL
4657,POSTCASH,0,10,RT,2024-04-26 00:00:00,2024-04-30 00:00:00,1137,ACH042624,USD,14910.24,14910.24,NULL,NULL,NULL
4658,POSTCASH,0,1,RT,2024-04-30 00:00:00,2024-05-01 00:00:00,2354,ACH043024,USD,2934.4,2934.4,NULL,NULL,NULL
4659,UACASH-APP,0,1,RT,2024-05-02 00:00:00,2024-05-02 00:00:00,2478,ACH041724,USD,7000,7000,NULL,NULL,NULL
4660,POSTCASH,0,2,RT,2024-05-02 00:00:00,2024-05-02 00:00:00,2481,ACH050224,USD,6770.99,6770.99,NULL,NULL,NULL
4661,POSTCASH,0,1,RT,2024-05-01 00:00:00,2024-05-02 00:00:00,1215,ACH050124,USD,6880.52,6880.52,NULL,NULL,NULL
4662,POSTCASH,0,2,RT,2024-05-03 00:00:00,2024-05-03 00:00:00,2424,ACH050324,USD,14990.6,14990.6,NULL,NULL,NULL
4663,POSTCASH,0,5,RT,2024-05-03 00:00:00,2024-05-03 00:00:00,1137,ACH050324,USD,7704,7704,NULL,NULL,NULL
4664,POSTCASH,0,1,RT,2024-05-02 00:00:00,2024-05-03 00:00:00,1199,ACH050224,USD,5626.2,5626.2,NULL,NULL,NULL
4665,POSTCASH,0,1,RT,2024-05-06 00:00:00,2024-05-07 00:00:00,2398,ACH050624,USD,4442.9,4442.9,NULL,NULL,NULL
4666,POSTCASH,0,1,RT,2024-05-06 00:00:00,2024-05-07 00:00:00,2354,ACH050624,USD,1816.63,1816.63,NULL,NULL,NULL
4667,POSTCASH,0,1,RT,2024-05-06 00:00:00,2024-05-07 00:00:00,2030,ACH050624,USD,4140,4140,NULL,NULL,NULL
4668,POSTCASH,0,1,RT,2024-05-06 00:00:00,2024-05-07 00:00:00,1578,ACH050624,USD,7131.6,7131.6,NULL,NULL,NULL
4669,POSTCASH,0,1,RT,2024-05-06 00:00:00,2024-05-07 00:00:00,1405,ACH050624,USD,8530.2,8530.2,NULL,NULL,NULL
4670,POSTCASH,0,1,RT,2024-05-07 00:00:00,2024-05-08 00:00:00,2137,CK 012646,USD,3879.4,3879.4,NULL,NULL,NULL
4671,POSTCASH,0,2,RT,2024-05-08 00:00:00,2024-05-08 00:00:00,2137,57411,USD,0,0,NULL,NULL,NULL
4672,POSTCASH,0,3,RT,2024-05-07 00:00:00,2024-05-08 00:00:00,2137,CK 012623,USD,11213.71,11213.71,NULL,NULL,NULL
4673,POSTCASH,0,2,RT,2024-05-08 00:00:00,2024-05-08 00:00:00,2137,CM 57409,USD,0,0,NULL,NULL,NULL
4674,POSTCASH,0,2,RT,2024-05-08 00:00:00,2024-05-08 00:00:00,2137,CM 57412,USD,0,0,NULL,NULL,NULL
4675,POSTCASH,0,2,RT,2024-05-07 00:00:00,2024-05-08 00:00:00,1486,CK 12689,USD,13197.34,13197.34,NULL,NULL,NULL
4676,POSTCASH,0,1,RT,2024-05-07 00:00:00,2024-05-08 00:00:00,1565,CK 5127,USD,3250,3250,NULL,NULL,NULL
4677,POSTCASH,0,4,RT,2024-05-07 00:00:00,2024-05-08 00:00:00,2035,CK 50494,USD,19563.57,19563.57,NULL,NULL,NULL
4678,POSTCASH,0,1,RT,2024-05-08 00:00:00,2024-05-08 00:00:00,2001,CK 5838,USD,2224.8,2224.8,NULL,NULL,NULL
4679,UNDO-POSTCASH,0,1,RT,2024-05-08 00:00:00,2024-05-08 00:00:00,1428,OFFSET,USD,85,85,NULL,NULL,NULL
4680,POSTCASH,0,3,RT,2024-05-07 00:00:00,2024-05-09 00:00:00,1712,ACH050724,USD,2790.22,2790.22,NULL,NULL,NULL
4681,POSTCASH,0,1,RT,2024-05-10 00:00:00,2024-05-10 00:00:00,2354,ACH051024,USD,1919.78,1919.78,NULL,NULL,NULL
4682,POSTCASH,0,2,RT,2024-05-10 00:00:00,2024-05-10 00:00:00,1577,ACH051024,USD,15483.32,15483.32,NULL,NULL,NULL
4683,POSTCASH,0,4,RT,2024-05-10 00:00:00,2024-05-13 00:00:00,1137,ACH051024,USD,6379.68,6379.68,NULL,NULL,NULL
4684,POSTCASH,0,1,RT,2024-05-13 00:00:00,2024-05-13 00:00:00,2435,ACH051324,USD,6579.51,6579.51,NULL,NULL,NULL
4685,POSTCASH,0,1,RT,2024-05-13 00:00:00,2024-05-13 00:00:00,2417,ACH051324,USD,850,850,NULL,NULL,NULL
4686,POSTCASH,0,1,RT,2024-05-13 00:00:00,2024-05-13 00:00:00,1891,ACH051324,USD,9583.2,9583.2,NULL,NULL,NULL
4687,POSTCASH,0,1,RT,2024-05-13 00:00:00,2024-05-13 00:00:00,1968,ACH05132022,USD,500,500,NULL,NULL,NULL
4688,POSTCASH,0,1,RT,2024-05-13 00:00:00,2024-05-15 00:00:00,1565,CK 5222,USD,2827,2827,NULL,NULL,NULL
4689,POSTCASH,0,1,RT,2024-05-16 00:00:00,2024-05-16 00:00:00,2240,ACH051624,USD,950,950,NULL,NULL,NULL
4690,POSTCASH,0,1,RT,2024-05-15 00:00:00,2024-05-16 00:00:00,2452,ACH051524,USD,5060,5060,NULL,NULL,NULL
4691,POSTCASH,0,1,RT,2024-05-14 00:00:00,2024-05-16 00:00:00,1948,CK 45672,USD,1190.4,1190.4,NULL,NULL,NULL
4692,POSTCASH,0,1,RT,2024-05-15 00:00:00,2024-05-16 00:00:00,1869,CK #65244,USD,9705.6,9705.6,NULL,NULL,NULL
4693,POSTCASH,0,3,RT,2024-05-16 00:00:00,2024-05-17 00:00:00,1299,WIR051624,USD,21070.24,21070.24,NULL,NULL,NULL
4694,POSTCASH,0,4,RT,2024-05-17 00:00:00,2024-05-17 00:00:00,1137,ACH051724,USD,6199.08,6199.08,NULL,NULL,NULL
4695,POSTCASH,0,1,RT,2024-05-20 00:00:00,2024-05-20 00:00:00,2137,CK 012793,USD,2234.42,2234.42,NULL,NULL,NULL
4696,POSTCASH,0,2,RT,2024-05-20 00:00:00,2024-05-20 00:00:00,2137,CK 012763,USD,7590.4,7590.4,NULL,NULL,NULL
4697,POSTCASH,0,1,RT,2024-05-20 00:00:00,2024-05-20 00:00:00,2436,CK 1467,USD,8331.8,8331.8,NULL,NULL,NULL
4698,POSTCASH,0,1,RT,2024-05-20 00:00:00,2024-05-20 00:00:00,1680,CK 70001686,USD,112.14,112.14,NULL,NULL,NULL
4699,POSTCASH,0,1,RT,2024-05-20 00:00:00,2024-05-20 00:00:00,1802,CK 70001686,USD,2340,2340,NULL,NULL,NULL
4700,POSTCASH,0,1,RT,2024-05-20 00:00:00,2024-05-20 00:00:00,1612,CK 7774,USD,6425.43,6425.43,NULL,NULL,NULL
4701,POSTCASH,0,1,RT,2024-05-20 00:00:00,2024-05-20 00:00:00,2398,ACH052024,USD,3546,3546,NULL,NULL,NULL
4702,POSTCASH,0,2,RT,2024-04-29 00:00:00,2024-05-21 00:00:00,2412,ACH042924,USD,3681.16,3681.16,NULL,NULL,NULL
4703,POSTCASH,0,1,RT,2024-05-23 00:00:00,2024-05-24 00:00:00,2137,CK 012820,USD,2766.6,2766.6,NULL,NULL,NULL
4704,POSTCASH,0,1,RT,2024-05-23 00:00:00,2024-05-24 00:00:00,1775,ACH052324,USD,900,900,NULL,NULL,NULL
4705,POSTCASH,0,2,RT,2024-05-23 00:00:00,2024-05-24 00:00:00,1712,ACH052324,USD,2377.4,2377.4,NULL,NULL,NULL
4706,POSTCASH,0,2,RT,2024-05-21 00:00:00,2024-05-24 00:00:00,2481,ACH052124,USD,3211.2,3211.2,NULL,NULL,NULL
4707,POSTCASH,0,2,RT,2024-05-23 00:00:00,2024-05-28 00:00:00,2412,ACH052324,USD,4220.7,4220.7,NULL,NULL,NULL
4708,POSTCASH,0,6,RT,2024-05-24 00:00:00,2024-05-28 00:00:00,2354,ACH052424,USD,25985.96,25985.96,NULL,NULL,NULL
4709,POSTCASH,0,1,RT,2024-05-24 00:00:00,2024-05-28 00:00:00,2115,ACH052424,USD,521.5,521.5,NULL,NULL,NULL
4710,POSTCASH,0,4,RT,2024-05-24 00:00:00,2024-05-28 00:00:00,2086,ACH052424,USD,9495.6,9495.6,NULL,NULL,NULL
4711,POSTCASH,0,7,RT,2024-05-28 00:00:00,2024-05-28 00:00:00,1137,ACH052424,USD,4590.36,4590.36,NULL,NULL,NULL
4712,POSTCASH,0,2,RT,2024-05-28 00:00:00,2024-05-29 00:00:00,2356,CK 34336,USD,400,400,NULL,NULL,NULL
4713,POSTCASH,0,1,RT,2024-05-28 00:00:00,2024-05-29 00:00:00,1114,CK 122819,USD,6537,6537,NULL,NULL,NULL
4714,POSTCASH,0,1,RT,2024-05-28 00:00:00,2024-05-29 00:00:00,2398,ACH052824,USD,4344.78,4344.78,NULL,NULL,NULL
4715,POSTCASH,0,1,RT,2024-05-28 00:00:00,2024-05-29 00:00:00,2417,ACH052824,USD,1955,1955,NULL,NULL,NULL
4716,POSTCASH,0,1,RT,2024-05-28 00:00:00,2024-05-29 00:00:00,2417,ACH052824,USD,1700,1700,NULL,NULL,NULL
4717,POSTCASH,0,1,RT,2024-05-28 00:00:00,2024-05-29 00:00:00,1578,ACH052824,USD,4478.4,4478.4,NULL,NULL,NULL
4718,POSTCASH,0,1,RT,2024-05-28 00:00:00,2024-05-29 00:00:00,1405,ACJ052824,USD,8557.5,8557.5,NULL,NULL,NULL
4719,POSTCASH,0,1,RT,2024-05-30 00:00:00,2024-05-31 00:00:00,2452,ACH053024,USD,2902.5,2902.5,NULL,NULL,NULL
4720,POSTCASH,0,1,RT,2024-05-30 00:00:00,2024-05-31 00:00:00,2115,ACH053024,USD,415.6,415.6,NULL,NULL,NULL
4721,POSTCASH,0,1,RT,2024-05-30 00:00:00,2024-05-31 00:00:00,1775,ACH053024,USD,350.5,350.5,NULL,NULL,NULL
4722,POSTCASH,0,1,RT,2024-05-31 00:00:00,2024-05-31 00:00:00,1108,CK 211954,USD,4413.64,4413.64,NULL,NULL,NULL
4723,POSTCASH,0,1,RT,2024-05-31 00:00:00,2024-05-31 00:00:00,2436,CK 1483,USD,6128.22,6128.22,NULL,NULL,NULL
4724,POSTCASH,0,1,RT,2024-05-31 00:00:00,2024-05-31 00:00:00,2463,CK 13127,USD,3276.75,3276.75,NULL,NULL,NULL
4725,POSTCASH,0,1,RT,2024-05-31 00:00:00,2024-05-31 00:00:00,2502,CK 25221,USD,4039.2,4039.2,NULL,NULL,NULL
4726,POSTCASH,0,5,RT,2024-05-31 00:00:00,2024-05-31 00:00:00,1137,ACJ053124,USD,7486.2,7486.2,NULL,NULL,NULL
4727,POSTCASH,0,1,RT,2024-06-03 00:00:00,2024-06-03 00:00:00,2482,CK 109758,USD,300,300,NULL,NULL,NULL
4728,POSTCASH,0,1,RT,2024-06-03 00:00:00,2024-06-03 00:00:00,1474,CK 2584,USD,8571.05,8571.05,NULL,NULL,NULL
4729,POSTCASH,0,1,RT,2024-06-03 00:00:00,2024-06-03 00:00:00,1938,ACH060324,USD,2893.15,2893.15,NULL,NULL,NULL
4730,POSTCASH,0,1,RT,2024-06-03 00:00:00,2024-06-03 00:00:00,2417,ACH060324,USD,3910,3910,NULL,NULL,NULL
4731,POSTCASH,0,1,RT,2024-06-03 00:00:00,2024-06-04 00:00:00,2417,ACH060324,USD,3910,3910,NULL,NULL,NULL
4732,POSTCASH,0,6,RT,2024-06-05 00:00:00,2024-06-05 00:00:00,2035,CK 50508,USD,22246.08,22246.08,NULL,NULL,NULL
4733,POSTCASH,0,1,RT,2024-06-05 00:00:00,2024-06-05 00:00:00,2429,CK 185615,USD,170.86,170.86,NULL,NULL,NULL
4734,POSTCASH,0,1,RT,2024-06-05 00:00:00,2024-06-05 00:00:00,1565,CK 5380,USD,2058.65,2058.65,NULL,NULL,NULL
4735,POSTCASH,0,1,RT,2024-06-05 00:00:00,2024-06-05 00:00:00,2463,CK 13136,USD,7167.9,7167.9,NULL,NULL,NULL
4736,POSTCASH,0,1,RT,2024-06-05 00:00:00,2024-06-05 00:00:00,2442,CK 00045819,USD,12167.55,12167.55,NULL,NULL,NULL
4737,POSTCASH,0,1,RT,2024-05-16 00:00:00,2024-06-06 00:00:00,2356,WIR051624,USD,200,200,NULL,NULL,NULL
4738,POSTCASH,0,1,RT,2024-06-04 00:00:00,2024-06-06 00:00:00,1869,ACH060424,USD,8760,8760,NULL,NULL,NULL
4739,POSTCASH,0,1,RT,2024-06-06 00:00:00,2024-06-06 00:00:00,2459,ACH053124,USD,300,300,NULL,NULL,NULL
4740,POSTCASH,0,3,RT,2024-06-06 00:00:00,2024-06-06 00:00:00,2412,ACH053124,USD,5107.96,5107.96,NULL,NULL,NULL
4741,POSTCASH,0,1,RT,2024-06-06 00:00:00,2024-06-06 00:00:00,1680,CK 70017053,USD,254.26,254.26,NULL,NULL,NULL
4742,POSTCASH,0,1,RT,2024-06-06 00:00:00,2024-06-06 00:00:00,1802,CK 70017053,USD,200,200,NULL,NULL,NULL
4743,POSTCASH,0,3,RT,2024-06-07 00:00:00,2024-06-07 00:00:00,1577,ACH060724,USD,33100.4,33100.4,NULL,NULL,NULL
4744,POSTCASH,0,2,RT,2024-06-07 00:00:00,2024-06-07 00:00:00,1866,ACH060724,USD,13518.25,13518.25,NULL,NULL,NULL
4745,POSTCASH,0,5,RT,2024-06-07 00:00:00,2024-06-07 00:00:00,1137,ACH060724,USD,7358.4,7358.4,NULL,NULL,NULL
4746,UACASH-APP,0,1,RT,2024-06-07 00:00:00,2024-06-07 00:00:00,2316,ACH040924,USD,1600,1600,NULL,NULL,NULL
4747,UACASH-APP,0,1,RT,2024-06-07 00:00:00,2024-06-07 00:00:00,2316,ACH040824,USD,1568.8,1568.8,NULL,NULL,NULL
4748,UACASH-APP,0,1,RT,2024-06-07 00:00:00,2024-06-07 00:00:00,2316,ACH041124,USD,2800,2800,NULL,NULL,NULL
4749,UACASH-APP,0,1,RT,2024-06-07 00:00:00,2024-06-07 00:00:00,2316,ACH041124,USD,2800,2800,NULL,NULL,NULL
4750,UACASH-APP,0,1,RT,2024-06-07 00:00:00,2024-06-07 00:00:00,2316,ACH040824,USD,31.2,31.2,NULL,NULL,NULL
4751,POSTCASH,0,2,RT,2024-06-07 00:00:00,2024-06-07 00:00:00,2316,57518,USD,0,0,NULL,NULL,NULL
4752,POSTCASH,0,2,RT,2024-06-07 00:00:00,2024-06-07 00:00:00,2316,57518,USD,0,0,NULL,NULL,NULL
4753,POSTCASH,0,1,RT,2024-06-11 00:00:00,2024-06-11 00:00:00,1612,CK 7779,USD,6867.3,6867.3,NULL,NULL,NULL
4754,POSTCASH,0,1,RT,2024-06-11 00:00:00,2024-06-11 00:00:00,1474,CK 42593,USD,7488.8,7488.8,NULL,NULL,NULL
4755,POSTCASH,0,1,RT,2024-06-11 00:00:00,2024-06-11 00:00:00,2348,CK 01040,USD,432.4,432.4,NULL,NULL,NULL
4756,POSTCASH,0,1,RT,2024-06-11 00:00:00,2024-06-11 00:00:00,1561,CK 84452,USD,6068.85,6068.85,NULL,NULL,NULL
4757,POSTCASH,0,1,RT,2024-06-11 00:00:00,2024-06-11 00:00:00,1515,CK 72914,USD,44.1,44.1,NULL,NULL,NULL
4758,POSTCASH,0,1,RT,2024-06-11 00:00:00,2024-06-11 00:00:00,2463,CK 13151,USD,585,585,NULL,NULL,NULL
4759,POSTCASH,0,1,RT,2024-06-10 00:00:00,2024-06-11 00:00:00,1578,ACH061024,USD,5587.2,5587.2,NULL,NULL,NULL
4760,POSTCASH,0,1,RT,2024-06-10 00:00:00,2024-06-11 00:00:00,2354,ACH061024,USD,3297.3,3297.3,NULL,NULL,NULL
4761,POSTCASH,0,1,RT,2024-06-12 00:00:00,2024-06-12 00:00:00,2417,ACH061224,USD,340,340,NULL,NULL,NULL
4762,POSTCASH,0,1,RT,2024-06-11 00:00:00,2024-06-12 00:00:00,1869,ACH061124,USD,11062,11062,NULL,NULL,NULL
4763,POSTCASH,0,1,RT,2024-06-11 00:00:00,2024-06-12 00:00:00,2105,ACH061124,USD,2269.5,2269.5,NULL,NULL,NULL
4764,POSTCASH,0,1,RT,2024-06-11 00:00:00,2024-06-12 00:00:00,2504,ACH061124,USD,400,400,NULL,NULL,NULL
4765,POSTCASH,0,1,RT,2024-06-11 00:00:00,2024-06-12 00:00:00,2507,CK 187374,USD,12431.25,12431.25,NULL,NULL,NULL
4766,POSTCASH,0,2,RT,2024-06-14 00:00:00,2024-06-14 00:00:00,1986,CK 11543,USD,3750.4,3750.4,NULL,NULL,NULL
4767,POSTCASH,0,1,RT,2024-06-14 00:00:00,2024-06-14 00:00:00,1577,ACH061424,USD,10263.72,10263.72,NULL,NULL,NULL
4768,POSTCASH,0,4,RT,2024-06-14 00:00:00,2024-06-14 00:00:00,1137,ACJ061424,USD,5375.16,5375.16,NULL,NULL,NULL
4769,POSTCASH,0,3,RT,2024-06-07 00:00:00,2024-06-14 00:00:00,1299,WIR060724,USD,11703.33,11703.33,NULL,NULL,NULL
4770,POSTCASH,0,1,RT,2024-06-17 00:00:00,2024-06-17 00:00:00,2356,ACH061424,USD,200,200,NULL,NULL,NULL
4771,POSTCASH,0,1,RT,2024-06-17 00:00:00,2024-06-19 00:00:00,2436,CK 1515,USD,4800.6,4800.6,NULL,NULL,NULL
4772,POSTCASH,0,2,RT,2024-06-17 00:00:00,2024-06-19 00:00:00,2155,CK 11367,USD,9151.35,9151.35,NULL,NULL,NULL
4773,POSTCASH,0,2,RT,2024-06-17 00:00:00,2024-06-19 00:00:00,1474,CK 42605,USD,18667.35,18667.35,NULL,NULL,NULL
4774,POSTCASH,0,1,RT,2024-06-17 00:00:00,2024-06-19 00:00:00,2316,ACH061724,USD,1200,1200,NULL,NULL,NULL
4775,POSTCASH,0,2,RT,2024-06-19 00:00:00,2024-06-19 00:00:00,2316,CM 57518,USD,0,0,NULL,NULL,NULL
4776,POSTCASH,0,1,RT,2024-06-18 00:00:00,2024-06-20 00:00:00,2001,ACH061824,USD,3605,3605,NULL,NULL,NULL
4777,POSTCASH,0,1,RT,2024-06-21 00:00:00,2024-06-21 00:00:00,1577,ACH062124,USD,10327.5,10327.5,NULL,NULL,NULL
4778,POSTCASH,0,1,RT,2024-06-21 00:00:00,2024-06-21 00:00:00,2115,ACH062124,USD,1050,1050,NULL,NULL,NULL
4779,POSTCASH,0,5,RT,2024-06-21 00:00:00,2024-06-21 00:00:00,1137,ACH062124,USD,7734,7734,NULL,NULL,NULL
4780,POSTCASH,0,2,RT,2024-06-21 00:00:00,2024-06-21 00:00:00,1215,ACH062124,USD,14734.1,14734.1,NULL,NULL,NULL
4781,POSTCASH,0,1,RT,2024-06-21 00:00:00,2024-06-21 00:00:00,2481,ACH062124,USD,1582.5,1582.5,NULL,NULL,NULL
4782,POSTCASH,0,1,RT,2024-06-24 00:00:00,2024-06-25 00:00:00,2155,CK 11385,USD,3976,3976,NULL,NULL,NULL
4783,POSTCASH,0,1,RT,2024-06-24 00:00:00,2024-06-25 00:00:00,2137,CK 013075,USD,2176,2176,NULL,NULL,NULL
4784,POSTCASH,0,1,RT,2024-06-24 00:00:00,2024-06-25 00:00:00,2507,CK 187458,USD,1188,1188,NULL,NULL,NULL
4785,POSTCASH,0,1,RT,2024-06-21 00:00:00,2024-06-25 00:00:00,2412,ACH062124,USD,1015.3,1015.3,NULL,NULL,NULL
4786,POSTCASH,0,1,RT,2024-06-24 00:00:00,2024-06-25 00:00:00,2417,ACH062424,USD,850,850,NULL,NULL,NULL
4787,POSTCASH,0,3,RT,2024-06-25 00:00:00,2024-06-26 00:00:00,1712,ACH062524,USD,4711.72,4711.72,NULL,NULL,NULL
4788,POSTCASH,0,1,RT,2024-06-25 00:00:00,2024-06-26 00:00:00,2502,CK 25351,USD,4462,4462,NULL,NULL,NULL
4789,POSTCASH,0,1,RT,2024-06-25 00:00:00,2024-06-26 00:00:00,1114,CK 123169,USD,2937.6,2937.6,NULL,NULL,NULL
4790,POSTCASH,0,1,RT,2024-06-25 00:00:00,2024-06-26 00:00:00,2201,CK 75405,USD,179.17,179.17,NULL,NULL,NULL
4791,POSTCASH,0,1,RT,2024-06-25 00:00:00,2024-06-26 00:00:00,2436,CK 1526,USD,8094.24,8094.24,NULL,NULL,NULL
4792,POSTCASH,0,1,RT,2024-06-25 00:00:00,2024-06-26 00:00:00,1565,CK 5547 ,USD,6811.9,6811.9,NULL,NULL,NULL
4793,POSTCASH,0,1,RT,2024-06-25 00:00:00,2024-06-26 00:00:00,1843,CK 131925 ,USD,200,200,NULL,NULL,NULL
4794,POSTCASH,0,1,RT,2024-06-27 00:00:00,2024-06-28 00:00:00,2424,ACH062724,USD,4144.8,4144.8,NULL,NULL,NULL
4795,POSTCASH,0,1,RT,2024-06-28 00:00:00,2024-06-28 00:00:00,1137,ACH062824,USD,1833.3,1833.3,NULL,NULL,NULL
4796,POSTCASH,0,2,RT,2024-06-28 00:00:00,2024-06-28 00:00:00,1578,ACJ062824,USD,8582.6,8582.6,NULL,NULL,NULL
4797,POSTCASH,0,5,RT,2024-06-28 00:00:00,2024-06-28 00:00:00,1712,ACH062824,USD,6912.85,6912.85,NULL,NULL,NULL
4798,UACASH,0,1,RT,2024-06-28 00:00:00,2024-07-01 00:00:00,2418,CK 7437,USD,300,300,NULL,NULL,NULL
4799,POSTCASH,0,1,RT,2024-06-28 00:00:00,2024-07-01 00:00:00,2473,CK 2121,USD,1800,1800,NULL,NULL,NULL
4800,POSTCASH,0,1,RT,2024-07-01 00:00:00,2024-07-01 00:00:00,2232,ACH062824,USD,3138,3138,NULL,NULL,NULL
4801,POSTCASH,0,1,RT,2024-07-01 00:00:00,2024-07-01 00:00:00,2417,ACH070124,USD,2550,2550,NULL,NULL,NULL
4802,POSTCASH,0,1,RT,2024-07-01 00:00:00,2024-07-01 00:00:00,2354,ACH070124,USD,3118.95,3118.95,NULL,NULL,NULL
4803,POSTCASH,0,1,RT,2024-07-02 00:00:00,2024-07-03 00:00:00,2105,ACH070224,USD,5062,5062,NULL,NULL,NULL
4804,POSTCASH,0,2,RT,2024-07-08 00:00:00,2024-07-08 00:00:00,2356,WIR052924,USD,400,400,NULL,NULL,NULL
4805,POSTCASH,0,1,RT,2024-07-03 00:00:00,2024-07-08 00:00:00,2356,WIR070324,USD,200,200,NULL,NULL,NULL
4806,POSTCASH,0,1,RT,2024-07-08 00:00:00,2024-07-08 00:00:00,1565,CK 5606,USD,6660.6,6660.6,NULL,NULL,NULL
4807,POSTCASH,0,1,RT,2024-07-08 00:00:00,2024-07-08 00:00:00,1843,CK 131973,USD,222,222,NULL,NULL,NULL
4808,POSTCASH,0,1,RT,2024-07-08 00:00:00,2024-07-08 00:00:00,2463,CK 13176,USD,4224.25,4224.25,NULL,NULL,NULL
4809,POSTCASH,0,2,RT,2024-07-08 00:00:00,2024-07-08 00:00:00,2436,CK 1543,USD,17131.4,17131.4,NULL,NULL,NULL
4810,POSTCASH,0,4,RT,2024-07-05 00:00:00,2024-07-09 00:00:00,1137,ACH070524,USD,5373.3,5373.3,NULL,NULL,NULL
4811,POSTCASH,0,1,RT,2024-07-08 00:00:00,2024-07-11 00:00:00,2412,ACH070824,USD,3057,3057,NULL,NULL,NULL
4812,POSTCASH,0,1,RT,2024-07-09 00:00:00,2024-07-11 00:00:00,2491,ACH070924,USD,4996.8,4996.8,NULL,NULL,NULL
4813,POSTCASH,0,2,RT,2024-07-10 00:00:00,2024-07-11 00:00:00,2115,ACH071024,USD,750.8,750.8,NULL,NULL,NULL
4814,POSTCASH,0,2,RT,2024-07-10 00:00:00,2024-07-11 00:00:00,1215,ACH071024,USD,14522.94,14522.94,NULL,NULL,NULL
4815,POSTCASH,0,1,RT,2024-07-11 00:00:00,2024-07-11 00:00:00,1199,ACH071124,USD,5868.4,5868.4,NULL,NULL,NULL
4816,POSTCASH,0,1,RT,2024-07-11 00:00:00,2024-07-11 00:00:00,1802,CK 70001769,USD,311.68,311.68,NULL,NULL,NULL
4817,POSTCASH,0,1,RT,2024-07-11 00:00:00,2024-07-11 00:00:00,1565,CK 5667,USD,3161.6,3161.6,NULL,NULL,NULL
4818,POSTCASH,0,1,RT,2024-07-11 00:00:00,2024-07-11 00:00:00,2155,CK 11400,USD,4308,4308,NULL,NULL,NULL
4819,POSTCASH,0,1,RT,2024-07-12 00:00:00,2024-07-12 00:00:00,2424,ACH071224,USD,4341.59,4341.59,NULL,NULL,NULL
4820,POSTCASH,0,1,RT,2024-07-12 00:00:00,2024-07-12 00:00:00,1104,ACH071224,USD,1800.05,1800.05,NULL,NULL,NULL
4821,POSTCASH,0,4,RT,2024-07-12 00:00:00,2024-07-12 00:00:00,1137,ACH071224,USD,6193.4,6193.4,NULL,NULL,NULL
4822,UACASH,0,1,RT,2024-07-12 00:00:00,2024-07-12 00:00:00,2316,ACH071224,USD,3465.1,3465.1,NULL,NULL,NULL
4823,UACASH-APP,0,1,RT,2024-07-12 00:00:00,2024-07-12 00:00:00,2316,ACH071224,USD,665.1,665.1,NULL,NULL,NULL
4824,POSTCASH,0,1,RT,2024-07-15 00:00:00,2024-07-15 00:00:00,1578,ACH071524,USD,4025,4025,NULL,NULL,NULL
4825,POSTCASH,0,2,RT,2024-07-15 00:00:00,2024-07-15 00:00:00,2137,CK 013028,USD,2884.2,2884.2,NULL,NULL,NULL
4826,POSTCASH,0,1,RT,2024-07-15 00:00:00,2024-07-15 00:00:00,2517,CK 10020733,USD,235.6,235.6,NULL,NULL,NULL
4827,POSTCASH,0,1,RT,2024-07-15 00:00:00,2024-07-15 00:00:00,1114,CK 123372,USD,4799.2,4799.2,NULL,NULL,NULL
4828,POSTCASH,0,4,RT,2024-07-17 00:00:00,2024-07-17 00:00:00,2035,CK 50539,USD,26039,26039,NULL,NULL,NULL
4829,POSTCASH,0,1,RT,2024-07-17 00:00:00,2024-07-17 00:00:00,1561,CK 84617,USD,6419.25,6419.25,NULL,NULL,NULL
4830,UACASH-APP,0,1,RT,2024-07-18 00:00:00,2024-07-18 00:00:00,2316,ACH071224,USD,2800,2800,NULL,NULL,NULL
4831,UACASH,0,1,RT,2024-07-17 00:00:00,2024-07-18 00:00:00,2316,ACH071724,USD,3000,3000,NULL,NULL,NULL
4832,POSTCASH,0,3,RT,2024-07-17 00:00:00,2024-07-18 00:00:00,2452,ACH071724,USD,14620,14620,NULL,NULL,NULL
4833,POSTCASH,0,3,RT,2024-07-16 00:00:00,2024-07-18 00:00:00,1712,ACH071624,USD,5580.08,5580.08,NULL,NULL,NULL
4834,POSTCASH,0,2,RT,2024-07-18 00:00:00,2024-07-18 00:00:00,1775,ACH071824,USD,1700,1700,NULL,NULL,NULL
4835,UACASH,0,1,RT,2024-07-19 00:00:00,2024-07-19 00:00:00,2316,ACH071924,USD,2947,2947,NULL,NULL,NULL
4836,UACASH-APP,0,1,RT,2024-07-19 00:00:00,2024-07-19 00:00:00,2316,ACH071924,USD,147,147,NULL,NULL,NULL
4837,POSTCASH,0,3,RT,2024-07-19 00:00:00,2024-07-19 00:00:00,1137,ACH071924,USD,3886,3886,NULL,NULL,NULL
4838,POSTCASH,0,1,RT,2024-07-19 00:00:00,2024-07-19 00:00:00,2412,ACH071924,USD,1144,1144,NULL,NULL,NULL
4839,POSTCASH,0,1,RT,2024-07-19 00:00:00,2024-07-19 00:00:00,1577,ACH071924,USD,8435.9,8435.9,NULL,NULL,NULL
4840,POSTCASH,0,1,RT,2024-07-22 00:00:00,2024-07-23 00:00:00,2137,CK 013306,USD,1942.4,1942.4,NULL,NULL,NULL
4841,POSTCASH,0,1,RT,2024-07-22 00:00:00,2024-07-23 00:00:00,2137,CK 013341,USD,2527.2,2527.2,NULL,NULL,NULL
4842,POSTCASH,0,1,RT,2024-07-22 00:00:00,2024-07-23 00:00:00,2463,CK 13202,USD,8241.5,8241.5,NULL,NULL,NULL
4843,POSTCASH,0,1,RT,2024-07-22 00:00:00,2024-07-23 00:00:00,1578,ACH072224,USD,7200,7200,NULL,NULL,NULL
4844,POSTCASH,0,1,RT,2024-07-23 00:00:00,2024-07-24 00:00:00,1775,ACH072324,USD,850,850,NULL,NULL,NULL
4845,POSTCASH,0,1,RT,2024-07-22 00:00:00,2024-07-24 00:00:00,2417,ACH072224,USD,4250,4250,NULL,NULL,NULL
4846,POSTCASH,0,1,RT,2024-07-22 00:00:00,2024-07-24 00:00:00,2417,ACH072224,USD,3910,3910,NULL,NULL,NULL
4847,POSTCASH,0,1,RT,2024-07-22 00:00:00,2024-07-24 00:00:00,1406,ACH072224,USD,3116.68,3116.68,NULL,NULL,NULL
4848,POSTCASH,0,1,RT,2024-07-22 00:00:00,2024-07-24 00:00:00,2086,ACH072224,USD,3385.6,3385.6,NULL,NULL,NULL
4849,UACASH,0,1,RT,2024-07-25 00:00:00,2024-07-26 00:00:00,2316,ACH072524,USD,2400,2400,NULL,NULL,NULL
4850,UACASH,0,1,RT,2024-07-26 00:00:00,2024-07-26 00:00:00,2316,ACH072624,USD,11548.6,11548.6,NULL,NULL,NULL
4851,POSTCASH,0,2,RT,2024-07-26 00:00:00,2024-07-26 00:00:00,1577,ACH072624,USD,19390.62,19390.62,NULL,NULL,NULL
4852,UACASH-APP,0,1,RT,2024-07-26 00:00:00,2024-07-26 00:00:00,2316,ACH071924,USD,2800,2800,NULL,NULL,NULL
4853,UACASH-APP,0,1,RT,2024-07-26 00:00:00,2024-07-26 00:00:00,2316,ACH072624,USD,348.6,348.6,NULL,NULL,NULL
4854,POSTCASH,0,3,RT,2024-07-25 00:00:00,2024-07-26 00:00:00,1909,CK 5597,USD,1494,1494,NULL,NULL,NULL
4855,POSTCASH,0,1,RT,2024-07-26 00:00:00,2024-07-26 00:00:00,2436,CK 1578,USD,8891.3,8891.3,NULL,NULL,NULL
4856,POSTCASH,0,2,RT,2024-07-29 00:00:00,2024-07-31 00:00:00,1137,ACH072924,USD,2486,2486,NULL,NULL,NULL
4857,POSTCASH,0,1,RT,2024-07-31 00:00:00,2024-07-31 00:00:00,2398,ACH072624,USD,5112.8,5112.8,NULL,NULL,NULL
4858,POSTCASH,0,1,RT,2024-07-31 00:00:00,2024-08-01 00:00:00,2412,ACH073124,USD,1281.28,1281.28,NULL,NULL,NULL
4859,POSTCASH,0,1,RT,2024-07-31 00:00:00,2024-08-01 00:00:00,1612,CK 7795,USD,8154.8,8154.8,NULL,NULL,NULL
4860,POSTCASH,0,1,RT,2024-07-31 00:00:00,2024-08-01 00:00:00,1802,CK 70018023,USD,250,250,NULL,NULL,NULL
4861,POSTCASH,0,1,RT,2024-07-31 00:00:00,2024-08-01 00:00:00,1565,CK 5838,USD,2600.4,2600.4,NULL,NULL,NULL
4862,POSTCASH,0,1,RT,2024-07-31 00:00:00,2024-08-01 00:00:00,2436,CK 1596,USD,6892.2,6892.2,NULL,NULL,NULL
4863,UACASH-APP,0,1,RT,2024-08-01 00:00:00,2024-08-01 00:00:00,2418,CK 7437,USD,300,300,NULL,NULL,NULL
4864,UACASH,0,1,RT,2024-07-31 00:00:00,2024-08-01 00:00:00,2418,CK 7661,USD,1465,1465,NULL,NULL,NULL
4865,UACASH-APP,0,1,RT,2024-08-02 00:00:00,2024-08-02 00:00:00,2316,ACH072624,USD,2800,2800,NULL,NULL,NULL
4866,POSTCASH,0,3,RT,2024-08-02 00:00:00,2024-08-02 00:00:00,1137,ACH080224,USD,4206.6,4206.6,NULL,NULL,NULL
4867,POSTCASH,0,1,RT,2024-08-02 00:00:00,2024-08-02 00:00:00,2356,WIR072324,USD,200,200,NULL,NULL,NULL
4868,POSTCASH,0,1,RT,2024-08-02 00:00:00,2024-08-06 00:00:00,1299,WIR080224,USD,8185.9,8185.9,NULL,NULL,NULL
4869,POSTCASH,0,2,RT,2024-08-05 00:00:00,2024-08-06 00:00:00,1712,ACH080524,USD,3786.66,3786.66,NULL,NULL,NULL
4870,POSTCASH,0,1,RT,2024-08-05 00:00:00,2024-08-06 00:00:00,2417,WIR080524,USD,3910,3910,NULL,NULL,NULL
4871,POSTCASH,0,1,RT,2024-08-05 00:00:00,2024-08-06 00:00:00,2356,WIR080524,USD,200,200,NULL,NULL,NULL
4872,POSTCASH,0,1,RT,2024-08-05 00:00:00,2024-08-06 00:00:00,2442,CK 00049034,USD,12426.5,12426.5,NULL,NULL,NULL
4873,POSTCASH,0,2,RT,2024-08-05 00:00:00,2024-08-06 00:00:00,2436,CK 1609,USD,12740.58,12740.58,NULL,NULL,NULL
4874,UACASH-APP,0,1,RT,2024-08-09 00:00:00,2024-08-09 00:00:00,2316,ACH072524,USD,2400,2400,NULL,NULL,NULL
4875,UACASH-APP,0,1,RT,2024-08-09 00:00:00,2024-08-09 00:00:00,2316,ACH071724,USD,3000,3000,NULL,NULL,NULL
4876,UACASH-APP,0,1,RT,2024-08-09 00:00:00,2024-08-09 00:00:00,2316,ACH072624,USD,2800,2800,NULL,NULL,NULL
4877,UACASH-APP,0,1,RT,2024-08-09 00:00:00,2024-08-09 00:00:00,2316,ACH072624,USD,2800,2800,NULL,NULL,NULL
4878,POSTCASH,0,1,RT,2024-08-07 00:00:00,2024-08-09 00:00:00,1891,ACH080724,USD,9666.8,9666.8,NULL,NULL,NULL
4879,POSTCASH,0,1,RT,2024-08-07 00:00:00,2024-08-09 00:00:00,1215,ACH080724,USD,7811.6,7811.6,NULL,NULL,NULL
4880,POSTCASH,0,2,RT,2024-08-09 00:00:00,2024-08-09 00:00:00,1577,ACH080924,USD,19510,19510,NULL,NULL,NULL
4881,POSTCASH,0,3,RT,2024-08-09 00:00:00,2024-08-09 00:00:00,1137,ACH080924,USD,3530,3530,NULL,NULL,NULL
4882,POSTCASH,0,3,RT,2024-08-09 00:00:00,2024-08-09 00:00:00,2412,ACH080924,USD,3568.62,3568.62,NULL,NULL,NULL
4883,POSTCASH,0,1,RT,2024-08-12 00:00:00,2024-08-12 00:00:00,2046,CK 86037367,USD,24.18,24.18,NULL,NULL,NULL
4884,POSTCASH,0,1,RT,2024-08-12 00:00:00,2024-08-12 00:00:00,1114,CK 123712,USD,5168.8,5168.8,NULL,NULL,NULL
4885,POSTCASH,0,1,RT,2024-08-12 00:00:00,2024-08-12 00:00:00,2463,CK 13243,USD,6566.3,6566.3,NULL,NULL,NULL
4886,POSTCASH,0,1,RT,2024-08-12 00:00:00,2024-08-12 00:00:00,1802,CK700182417,USD,300,300,NULL,NULL,NULL
4887,POSTCASH,0,1,RT,2024-08-12 00:00:00,2024-08-12 00:00:00,1802,CK700182418,USD,250,250,NULL,NULL,NULL
4888,POSTCASH,0,1,RT,2024-08-12 00:00:00,2024-08-12 00:00:00,2137,CK 13504,USD,1929.6,1929.6,NULL,NULL,NULL
4889,POSTCASH,0,4,RT,2024-08-12 00:00:00,2024-08-12 00:00:00,1909,CK 5624,USD,2126,2126,NULL,NULL,NULL
4890,POSTCASH,0,1,RT,2024-08-12 00:00:00,2024-08-13 00:00:00,2424,ACH081224,USD,3855.94,3855.94,NULL,NULL,NULL
4891,POSTCASH,0,1,RT,2024-08-13 00:00:00,2024-08-14 00:00:00,2463,CK 13253,USD,5183.75,5183.75,NULL,NULL,NULL
4892,POSTCASH,0,1,RT,2024-08-13 00:00:00,2024-08-15 00:00:00,2417,ACH081324,USD,3910,3910,NULL,NULL,NULL
4893,POSTCASH,0,5,RT,2024-08-13 00:00:00,2024-08-15 00:00:00,1775,ACH081324,USD,7250,7250,NULL,NULL,NULL
4894,UACASH,0,1,RT,2024-08-14 00:00:00,2024-08-15 00:00:00,2316,ACH081424,USD,19399.3,19399.3,NULL,NULL,NULL
4895,UACASH-APP,0,5,RT,2024-08-15 00:00:00,2024-08-15 00:00:00,2316,ACH081424,USD,599.3,599.3,NULL,NULL,NULL
4896,POSTCASH,0,1,RT,2024-08-16 00:00:00,2024-08-16 00:00:00,1882,ACH081624,USD,5383.6,5383.6,NULL,NULL,NULL
4897,POSTCASH,0,1,RT,2024-08-15 00:00:00,2024-08-16 00:00:00,2481,ACH081524,USD,3835.16,3835.16,NULL,NULL,NULL
4898,POSTCASH,0,1,RT,2024-08-19 00:00:00,2024-08-19 00:00:00,1909,CK 5636,USD,611,611,NULL,NULL,NULL
4899,POSTCASH,0,1,RT,2024-08-19 00:00:00,2024-08-19 00:00:00,1838,CK 13774,USD,472.24,472.24,NULL,NULL,NULL
4900,POSTCASH,0,1,RT,2024-08-19 00:00:00,2024-08-19 00:00:00,1128,CK 57276,USD,3344.4,3344.4,NULL,NULL,NULL
4901,POSTCASH,0,1,RT,2024-08-19 00:00:00,2024-08-19 00:00:00,1680,CK 70001835,USD,100.48,100.48,NULL,NULL,NULL
4902,POSTCASH,0,1,RT,2024-08-19 00:00:00,2024-08-19 00:00:00,1802,CK700001835,USD,300,300,NULL,NULL,NULL
4903,POSTCASH,0,5,RT,2024-08-19 00:00:00,2024-08-19 00:00:00,1137,ACH081924,USD,6794,6794,NULL,NULL,NULL
4904,POSTCASH,0,2,RT,2024-08-19 00:00:00,2024-08-19 00:00:00,1712,ACH081924,USD,3178.96,3178.96,NULL,NULL,NULL
4905,POSTCASH,0,1,RT,2024-08-19 00:00:00,2024-08-19 00:00:00,2354,ACH081924,USD,3258.15,3258.15,NULL,NULL,NULL
4906,UACASH-APP,0,1,RT,2024-08-20 00:00:00,2024-08-20 00:00:00,2316,ACH081424,USD,3200,3200,NULL,NULL,NULL
4907,UACASH-APP,0,1,RT,2024-08-20 00:00:00,2024-08-20 00:00:00,2316,ACH072624,USD,2800,2800,NULL,NULL,NULL
4908,POSTCASH,0,1,RT,2024-08-20 00:00:00,2024-08-20 00:00:00,2417,ACH082024,USD,3910,3910,NULL,NULL,NULL
4909,POSTCASH,0,1,RT,2024-08-20 00:00:00,2024-08-20 00:00:00,2115,ACH082024,USD,394.4,394.4,NULL,NULL,NULL
4910,POSTCASH,0,1,RT,2024-08-21 00:00:00,2024-08-21 00:00:00,2137,CK 013629,USD,1638.4,1638.4,NULL,NULL,NULL
4911,POSTCASH,0,1,RT,2024-08-21 00:00:00,2024-08-21 00:00:00,2030,ACH082124,USD,4140,4140,NULL,NULL,NULL
4912,POSTCASH,0,1,RT,2024-08-21 00:00:00,2024-08-21 00:00:00,2452,ACH082124,USD,4500,4500,NULL,NULL,NULL
4913,POSTCASH,0,1,RT,2024-08-21 00:00:00,2024-08-21 00:00:00,1891,ACH082124,USD,8496.4,8496.4,NULL,NULL,NULL
4914,UACASH-APP,0,4,RT,2024-08-23 00:00:00,2024-08-23 00:00:00,2418,CK 7661,USD,1165,1165,NULL,NULL,NULL
4915,POSTCASH,0,1,RT,2024-08-22 00:00:00,2024-08-23 00:00:00,1610,ACH082224,USD,4233,4233,NULL,NULL,NULL
4916,POSTCASH,0,3,RT,2024-08-22 00:00:00,2024-08-23 00:00:00,1775,ACH082224,USD,2750,2750,NULL,NULL,NULL
4917,POSTCASH,0,1,RT,2024-08-23 00:00:00,2024-08-23 00:00:00,1577,ACH082324,USD,10711.98,10711.98,NULL,NULL,NULL
4918,POSTCASH,0,4,RT,2024-08-23 00:00:00,2024-08-23 00:00:00,2412,ACH082324,USD,5875.05,5875.05,NULL,NULL,NULL
4919,POSTCASH,0,1,RT,2024-08-23 00:00:00,2024-08-23 00:00:00,2105,ACH082324,USD,6211,6211,NULL,NULL,NULL
4920,POSTCASH,0,1,RT,2024-08-23 00:00:00,2024-08-23 00:00:00,1104,ACH082324,USD,2136.15,2136.15,NULL,NULL,NULL
4921,POSTCASH,0,1,RT,2024-08-23 00:00:00,2024-08-23 00:00:00,1866,ACH082324,USD,13836.68,13836.68,NULL,NULL,NULL
4922,POSTCASH,0,3,RT,2024-08-23 00:00:00,2024-08-23 00:00:00,1137,ACH082324,USD,4166.1,4166.1,NULL,NULL,NULL
4923,POSTCASH,0,1,RT,2024-08-23 00:00:00,2024-08-23 00:00:00,1802,CK700184315,USD,250,250,NULL,NULL,NULL
4924,POSTCASH,0,3,RT,2024-08-23 00:00:00,2024-08-23 00:00:00,1114,CK 123832,USD,13971.6,13971.6,NULL,NULL,NULL
4925,POSTCASH,0,2,RT,2024-08-29 00:00:00,2024-08-29 00:00:00,1775,ACH08292024,USD,1800,1800,NULL,NULL,NULL
4926,POSTCASH,0,1,RT,2024-08-27 00:00:00,2024-08-29 00:00:00,1963,ACH082724,USD,3214.7,3214.7,NULL,NULL,NULL
4927,POSTCASH,0,1,RT,2024-08-27 00:00:00,2024-08-29 00:00:00,1775,ACH082724,USD,850,850,NULL,NULL,NULL
4928,POSTCASH,0,1,RT,2024-08-28 00:00:00,2024-08-29 00:00:00,2417,ACH082824,USD,2100,2100,NULL,NULL,NULL
4929,POSTCASH,0,3,RT,2024-08-29 00:00:00,2024-08-29 00:00:00,1909,CK 5654,USD,1696,1696,NULL,NULL,NULL
4930,POSTCASH,0,1,RT,2024-08-28 00:00:00,2024-08-29 00:00:00,2502,CK 25740,USD,2492,2492,NULL,NULL,NULL
4931,POSTCASH,0,1,RT,2024-08-28 00:00:00,2024-08-29 00:00:00,1700,CK 25563,USD,1058.8,1058.8,NULL,NULL,NULL
4932,POSTCASH,0,2,RT,2024-08-28 00:00:00,2024-08-29 00:00:00,1565,CK 6013,USD,10743.4,10743.4,NULL,NULL,NULL
4933,POSTCASH,0,1,RT,2024-08-28 00:00:00,2024-08-29 00:00:00,2137,CK 013712,USD,8523.3,8523.3,NULL,NULL,NULL
4934,UNDO-POSTCASH,0,1,RT,2024-08-29 00:00:00,2024-08-29 00:00:00,2417,ACH082824,USD,2100,2100,NULL,NULL,NULL
4935,POSTCASH,0,1,RT,2024-08-28 00:00:00,2024-08-29 00:00:00,2417,ACH082824,USD,2100,2100,NULL,NULL,NULL
4936,POSTCASH,0,1,RT,2024-08-30 00:00:00,2024-08-30 00:00:00,2436,CK 1649,USD,14137.9,14137.9,NULL,NULL,NULL
4937,POSTCASH,0,1,RT,2024-08-30 00:00:00,2024-08-30 00:00:00,2137,CK 013731,USD,1557.6,1557.6,NULL,NULL,NULL
4938,UACASH,0,1,RT,2024-08-30 00:00:00,2024-08-30 00:00:00,2522,CK 11066,USD,1698,1698,NULL,NULL,NULL
4939,UACASH-APP,0,1,RT,2024-08-30 00:00:00,2024-08-30 00:00:00,2522,CK 11066,USD,1653,1653,NULL,NULL,NULL
4940,POSTCASH,0,1,RT,2024-08-30 00:00:00,2024-08-30 00:00:00,1577,ACH083024,USD,9557.5,9557.5,NULL,NULL,NULL
4941,POSTCASH,0,1,RT,2024-08-30 00:00:00,2024-08-30 00:00:00,2424,ACH083024,USD,746.5,746.5,NULL,NULL,NULL
4942,POSTCASH,0,1,RT,2024-08-29 00:00:00,2024-08-30 00:00:00,2518,WIR082924,USD,3100,3100,NULL,NULL,NULL
4943,POSTCASH,0,1,RT,2024-09-10 00:00:00,2024-09-10 00:00:00,2463,CK 13283,USD,7071.4,7071.4,NULL,NULL,NULL
4944,POSTCASH,0,1,RT,2024-09-10 00:00:00,2024-09-10 00:00:00,2436,CK 1662,USD,8095.95,8095.95,NULL,NULL,NULL
4945,POSTCASH,0,1,RT,2024-09-10 00:00:00,2024-09-10 00:00:00,1565,CK 6109,USD,2972,2972,NULL,NULL,NULL
4946,POSTCASH,0,1,RT,2024-09-10 00:00:00,2024-09-10 00:00:00,2106,CK 29979,USD,6944,6944,NULL,NULL,NULL
4947,POSTCASH,0,5,RT,2024-09-10 00:00:00,2024-09-10 00:00:00,1137,ACH083024,USD,6314.9,6314.9,NULL,NULL,NULL
4948,POSTCASH,0,1,RT,2024-09-10 00:00:00,2024-09-10 00:00:00,2035,ACH090424,USD,3146,3146,NULL,NULL,NULL
4949,POSTCASH,0,9,RT,2024-09-10 00:00:00,2024-09-10 00:00:00,2035,ACH090924,USD,38314.17,38314.17,NULL,NULL,NULL
4950,POSTCASH,0,4,RT,2024-09-10 00:00:00,2024-09-10 00:00:00,2412,ACH090924,USD,5378.67,5378.67,NULL,NULL,NULL
4951,POSTCASH,0,5,RT,2024-09-11 00:00:00,2024-09-11 00:00:00,2137,CK 013795,USD,7587.2,7587.2,NULL,NULL,NULL
4952,POSTCASH,0,1,RT,2024-09-11 00:00:00,2024-09-11 00:00:00,2442,CK 00012234,USD,13411.5,13411.5,NULL,NULL,NULL
4953,POSTCASH,0,1,RT,2024-09-11 00:00:00,2024-09-11 00:00:00,1680,CK700187223,USD,200,200,NULL,NULL,NULL
4954,POSTCASH,0,4,RT,2024-09-11 00:00:00,2024-09-11 00:00:00,1712,ACH090424,USD,7875.86,7875.86,NULL,NULL,NULL
4955,POSTCASH,0,1,RT,2024-09-11 00:00:00,2024-09-11 00:00:00,2115,ACH090524,USD,8244.39,8244.39,NULL,NULL,NULL
4956,POSTCASH,0,5,RT,2024-09-11 00:00:00,2024-09-11 00:00:00,1137,ACH090624,USD,6146,6146,NULL,NULL,NULL
4957,POSTCASH,0,3,RT,2024-09-11 00:00:00,2024-09-11 00:00:00,1577,ACH090624,USD,12873.48,12873.48,NULL,NULL,NULL
4958,POSTCASH,0,1,RT,2024-09-11 00:00:00,2024-09-11 00:00:00,2417,ACH090924,USD,3910,3910,NULL,NULL,NULL
4959,POSTCASH,0,1,RT,2024-09-11 00:00:00,2024-09-11 00:00:00,2417,ACH090924,USD,3910,3910,NULL,NULL,NULL
4960,POSTCASH,0,1,RT,2024-09-11 00:00:00,2024-09-12 00:00:00,2030,ACH091124,USD,4140,4140,NULL,NULL,NULL
4961,POSTCASH,0,1,RT,2024-09-11 00:00:00,2024-09-12 00:00:00,2030,ACH091124,USD,4140,4140,NULL,NULL,NULL
4962,POSTCASH,0,1,RT,2024-09-11 00:00:00,2024-09-12 00:00:00,2030,ACH091124,USD,4140,4140,NULL,NULL,NULL
4963,POSTCASH,0,1,RT,2024-09-11 00:00:00,2024-09-12 00:00:00,2030,ACH091124,USD,4140,4140,NULL,NULL,NULL
4964,POSTCASH,0,1,RT,2024-09-10 00:00:00,2024-09-12 00:00:00,1963,ACH091024,USD,2402.27,2402.27,NULL,NULL,NULL
4965,UNDO-POSTCASH,0,1,RT,2024-09-12 00:00:00,2024-09-12 00:00:00,1963,ACH091024,USD,2402.27,2402.27,NULL,NULL,NULL
4966,POSTCASH,0,1,RT,2024-09-10 00:00:00,2024-09-12 00:00:00,1963,ACH091024,USD,3402.27,3402.27,NULL,NULL,NULL
4967,POSTCASH,0,1,RT,2024-09-12 00:00:00,2024-09-12 00:00:00,1775,ACH091224,USD,850,850,NULL,NULL,NULL
4968,POSTCASH,0,1,RT,2024-09-12 00:00:00,2024-09-12 00:00:00,2354,ACH091224,USD,2533.15,2533.15,NULL,NULL,NULL
4969,POSTCASH,0,4,RT,2024-09-13 00:00:00,2024-09-13 00:00:00,1137,ACH091324,USD,6014.1,6014.1,NULL,NULL,NULL
4970,POSTCASH,0,1,RT,2024-09-13 00:00:00,2024-09-13 00:00:00,1104,ACH091324,USD,1792.65,1792.65,NULL,NULL,NULL
4971,POSTCASH,0,1,RT,2024-09-13 00:00:00,2024-09-13 00:00:00,1577,ACH091324,USD,10397.5,10397.5,NULL,NULL,NULL
4972,POSTCASH,0,3,RT,2024-09-13 00:00:00,2024-09-13 00:00:00,2412,ACH091324,USD,2645.11,2645.11,NULL,NULL,NULL
4973,POSTCASH,0,1,RT,2024-09-13 00:00:00,2024-09-16 00:00:00,1700,CK 25633,USD,1339.84,1339.84,NULL,NULL,NULL
4974,POSTCASH,0,1,RT,2024-09-13 00:00:00,2024-09-16 00:00:00,1680,CK700188114,USD,339.28,339.28,NULL,NULL,NULL
4975,POSTCASH,0,1,RT,2024-09-13 00:00:00,2024-09-16 00:00:00,1114,CK 124125,USD,3670,3670,NULL,NULL,NULL
4976,POSTCASH,0,2,RT,2024-09-16 00:00:00,2024-09-17 00:00:00,1680,7001891149,USD,453.84,453.84,NULL,NULL,NULL
4977,POSTCASH,0,1,RT,2024-09-16 00:00:00,2024-09-17 00:00:00,1802,7001891149,USD,158.12,158.12,NULL,NULL,NULL
4978,POSTCASH,0,1,RT,2024-09-16 00:00:00,2024-09-17 00:00:00,2076,CK 317822,USD,211,211,NULL,NULL,NULL
4979,POSTCASH,0,2,RT,2024-09-18 00:00:00,2024-09-19 00:00:00,2137,CK 013898,USD,10847.98,10847.98,NULL,NULL,NULL
4980,POSTCASH,0,1,RT,2024-09-16 00:00:00,2024-09-19 00:00:00,2523,ACH091624,USD,200,200,NULL,NULL,NULL
4981,POSTCASH,0,1,RT,2024-09-17 00:00:00,2024-09-19 00:00:00,2356,WIR091724,USD,200,200,NULL,NULL,NULL
4982,POSTCASH,0,1,RT,2024-09-17 00:00:00,2024-09-19 00:00:00,2115,ACH091724,USD,1204,1204,NULL,NULL,NULL
4983,UACASH,0,1,RT,2024-09-18 00:00:00,2024-09-19 00:00:00,1215,ACH091824,USD,2802.77,2802.77,NULL,NULL,NULL
4984,UACASH-APP,0,2,RT,2024-09-19 00:00:00,2024-09-19 00:00:00,1215,ACH091824,USD,2552.77,2552.77,NULL,NULL,NULL
4985,POSTCASH,0,2,RT,2024-09-19 00:00:00,2024-09-19 00:00:00,1712,ACH091924,USD,3795.92,3795.92,NULL,NULL,NULL
4986,POSTCASH,0,1,RT,2024-09-19 00:00:00,2024-09-20 00:00:00,2442,ACH091924,USD,12637.5,12637.5,NULL,NULL,NULL
4987,POSTCASH,0,1,RT,2024-09-20 00:00:00,2024-09-20 00:00:00,1577,ACH092024,USD,7508.7,7508.7,NULL,NULL,NULL
4988,POSTCASH,0,1,RT,2024-09-20 00:00:00,2024-09-20 00:00:00,1104,ACH092024,USD,5097.28,5097.28,NULL,NULL,NULL
4989,POSTCASH,0,4,RT,2024-09-20 00:00:00,2024-09-20 00:00:00,1137,ACH092024,USD,4172,4172,NULL,NULL,NULL
4990,POSTCASH,0,1,RT,2024-09-20 00:00:00,2024-09-20 00:00:00,2076,317822,USD,211,211,NULL,NULL,NULL
4991,POSTCASH,0,1,RT,2024-09-20 00:00:00,2024-09-20 00:00:00,2114,CK 0101730,USD,2400,2400,NULL,NULL,NULL
4992,POSTCASH,0,1,RT,2024-09-20 00:00:00,2024-09-20 00:00:00,2114,10723,USD,2368,2368,NULL,NULL,NULL
4993,UACASH-APP,0,1,RT,2024-09-20 00:00:00,2024-09-20 00:00:00,2316,ACH081424,USD,2800,2800,NULL,NULL,NULL
4994,UACASH-APP,0,1,RT,2024-09-20 00:00:00,2024-09-20 00:00:00,2316,ACH081424,USD,3200,3200,NULL,NULL,NULL
4995,UACASH-APP,0,1,RT,2024-09-20 00:00:00,2024-09-20 00:00:00,2316,ACH081424,USD,3200,3200,NULL,NULL,NULL
4996,UACASH-APP,0,1,RT,2024-09-20 00:00:00,2024-09-20 00:00:00,2316,ACH081424,USD,3200,3200,NULL,NULL,NULL
4997,UACASH-APP,0,1,RT,2024-09-20 00:00:00,2024-09-20 00:00:00,2316,ACH081424,USD,3200,3200,NULL,NULL,NULL
4998,POSTCASH,0,1,RT,2024-09-24 00:00:00,2024-09-24 00:00:00,1909,CK 5682,USD,502,502,NULL,NULL,NULL
4999,POSTCASH,0,2,RT,2024-09-24 00:00:00,2024-09-24 00:00:00,2436,CK 1678,USD,15504.3,15504.3,NULL,NULL,NULL
5000,POSTCASH,0,2,RT,2024-09-25 00:00:00,2024-09-26 00:00:00,1866,ACH092524,USD,11674.37,11674.37,NULL,NULL,NULL
5001,POSTCASH,0,3,RT,2024-09-25 00:00:00,2024-09-27 00:00:00,2452,CH092524,USD,13548,13548,NULL,NULL,NULL
5002,POSTCASH,0,4,RT,2024-09-27 00:00:00,2024-09-27 00:00:00,2399,ACH092724,USD,2243,2243,NULL,NULL,NULL
5003,POSTCASH,0,1,RT,2024-09-27 00:00:00,2024-09-27 00:00:00,1104,ACH092724,USD,2260.95,2260.95,NULL,NULL,NULL
5004,POSTCASH,0,6,RT,2024-09-27 00:00:00,2024-09-27 00:00:00,1137,ACH092724,USD,9545.8,9545.8,NULL,NULL,NULL
5005,POSTCASH,0,2,RT,2024-09-27 00:00:00,2024-09-27 00:00:00,2324,INV58095,USD,92.5,92.5,NULL,NULL,NULL
5006,POSTCASH,0,1,RT,2024-09-27 00:00:00,2024-10-01 00:00:00,1641,ACH092724,USD,5896.8,5896.8,NULL,NULL,NULL
5007,POSTCASH,0,1,RT,2024-09-30 00:00:00,2024-10-01 00:00:00,2436,CK 1690,USD,6456.1,6456.1,NULL,NULL,NULL
5008,POSTCASH,0,2,RT,2024-09-30 00:00:00,2024-10-01 00:00:00,1802,CK700190620,USD,550,550,NULL,NULL,NULL
5009,POSTCASH,0,2,RT,2024-09-30 00:00:00,2024-10-01 00:00:00,1802,CK700190615,USD,600,600,NULL,NULL,NULL
5010,POSTCASH,0,1,RT,2024-10-01 00:00:00,2024-10-02 00:00:00,1802,CK700192018,USD,250,250,NULL,NULL,NULL
5011,POSTCASH,0,2,RT,2024-10-01 00:00:00,2024-10-02 00:00:00,2137,CK 014000,USD,3988.68,3988.68,NULL,NULL,NULL
5012,POSTCASH,0,2,RT,2024-09-30 00:00:00,2024-10-03 00:00:00,2412,ACH093024,USD,3081.1,3081.1,NULL,NULL,NULL
5013,POSTCASH,0,4,RT,2024-10-03 00:00:00,2024-10-03 00:00:00,1712,ACH100324,USD,5566.38,5566.38,NULL,NULL,NULL
5014,POSTCASH,0,1,RT,2024-10-02 00:00:00,2024-10-03 00:00:00,2436,ACH100224,USD,10225.8,10225.8,NULL,NULL,NULL
5015,POSTCASH,0,1,RT,2024-10-02 00:00:00,2024-10-03 00:00:00,1869,ACH100224,USD,11693.09,11693.09,NULL,NULL,NULL
5016,POSTCASH,0,1,RT,2024-10-01 00:00:00,2024-10-03 00:00:00,2356,WIR100124,USD,200,200,NULL,NULL,NULL
5017,POSTCASH,0,1,RT,2024-10-03 00:00:00,2024-10-03 00:00:00,2442,ACH100324,USD,11473.85,11473.85,NULL,NULL,NULL
5018,POSTCASH,0,1,RT,2024-10-04 00:00:00,2024-10-04 00:00:00,1578,ACH100424,USD,6728.4,6728.4,NULL,NULL,NULL
5019,POSTCASH,0,6,RT,2024-10-04 00:00:00,2024-10-04 00:00:00,1137,ACH100424,USD,8527.2,8527.2,NULL,NULL,NULL
5020,POSTCASH,0,1,RT,2024-10-07 00:00:00,2024-10-09 00:00:00,2435,ACH100724,USD,10733.85,10733.85,NULL,NULL,NULL
5021,POSTCASH,0,3,RT,2024-10-11 00:00:00,2024-10-11 00:00:00,1137,ACH101124,USD,3724,3724,NULL,NULL,NULL
5022,POSTCASH,0,2,RT,2024-10-11 00:00:00,2024-10-11 00:00:00,2399,ACH101124,USD,864.07,864.07,NULL,NULL,NULL
5023,POSTCASH,0,1,RT,2024-10-11 00:00:00,2024-10-11 00:00:00,2412,ACH101124,USD,789.8,789.8,NULL,NULL,NULL
5024,POSTCASH,0,1,RT,2024-10-15 00:00:00,2024-10-15 00:00:00,2315,CK 120853,USD,323.19,323.19,NULL,NULL,NULL
5025,POSTCASH,0,3,RT,2024-10-15 00:00:00,2024-10-15 00:00:00,1114,CK 124510,USD,35016,35016,NULL,NULL,NULL
5026,POSTCASH,0,1,RT,2024-10-15 00:00:00,2024-10-16 00:00:00,2481,ACH101524,USD,12512.02,12512.02,NULL,NULL,NULL
5027,POSTCASH,0,1,RT,2024-10-15 00:00:00,2024-10-16 00:00:00,1891,ACH101524,USD,5612,5612,NULL,NULL,NULL
5028,POSTCASH,0,1,RT,2024-10-15 00:00:00,2024-10-16 00:00:00,2417,ACH101524,USD,3910,3910,NULL,NULL,NULL
5029,POSTCASH,0,1,RT,2024-10-16 00:00:00,2024-10-17 00:00:00,2356,WIR101624,USD,200,200,NULL,NULL,NULL
5030,POSTCASH,0,1,RT,2024-10-17 00:00:00,2024-10-17 00:00:00,2030,ACH101724,USD,4140,4140,NULL,NULL,NULL
5031,POSTCASH,0,2,RT,2024-10-17 00:00:00,2024-10-17 00:00:00,1775,ACH101724,USD,1900,1900,NULL,NULL,NULL
5032,POSTCASH,0,2,RT,2024-10-17 00:00:00,2024-10-17 00:00:00,2424,ACH101724,USD,5266.36,5266.36,NULL,NULL,NULL
5033,POSTCASH,0,3,RT,2024-10-18 00:00:00,2024-10-18 00:00:00,1137,ACH101824,USD,3430,3430,NULL,NULL,NULL
5034,POSTCASH,0,1,RT,2024-10-21 00:00:00,2024-10-21 00:00:00,1891,ACH102124,USD,6815,6815,NULL,NULL,NULL
5035,POSTCASH,0,2,RT,2024-10-22 00:00:00,2024-10-23 00:00:00,2115,ACH102224,USD,20475.15,20475.15,NULL,NULL,NULL
5036,POSTCASH,0,2,RT,2024-10-22 00:00:00,2024-10-23 00:00:00,1577,ACH102224,USD,22455.94,22455.94,NULL,NULL,NULL
5037,POSTCASH,0,1,RT,2024-10-25 00:00:00,2024-10-25 00:00:00,2326,ACH102524,USD,2808.64,2808.64,NULL,NULL,NULL
5038,POSTCASH,0,1,RT,2024-10-24 00:00:00,2024-10-25 00:00:00,1199,ACH102424,USD,5463.52,5463.52,NULL,NULL,NULL
5039,POSTCASH,0,5,RT,2024-10-25 00:00:00,2024-10-25 00:00:00,1712,ACH102524,USD,9995.91,9995.91,NULL,NULL,NULL
5040,POSTCASH,0,4,RT,2024-10-25 00:00:00,2024-10-25 00:00:00,1137,ACH102524,USD,6070.8,6070.8,NULL,NULL,NULL
5041,POSTCASH,0,1,RT,2024-10-28 00:00:00,2024-10-29 00:00:00,2030,ACH102824,USD,4140,4140,NULL,NULL,NULL
5042,POSTCASH,0,1,RT,2024-10-28 00:00:00,2024-10-29 00:00:00,2417,ACH102824,USD,3910,3910,NULL,NULL,NULL
5043,POSTCASH,0,2,RT,2024-10-28 00:00:00,2024-10-29 00:00:00,2436,ACH102824,USD,23855.7,23855.7,NULL,NULL,NULL
5044,POSTCASH,0,2,RT,2024-10-28 00:00:00,2024-10-29 00:00:00,2491,ACH102824,USD,9398.4,9398.4,NULL,NULL,NULL
5045,POSTCASH,0,3,RT,2024-11-01 00:00:00,2024-11-01 00:00:00,1137,ACH110124,USD,4836.2,4836.2,NULL,NULL,NULL
5046,POSTCASH,0,1,RT,2024-11-01 00:00:00,2024-11-01 00:00:00,1104,ACH110124,USD,3240,3240,NULL,NULL,NULL
5047,POSTCASH,0,6,RT,2024-10-30 00:00:00,2024-11-01 00:00:00,1879,ACH103024,USD,50100.26,50100.26,NULL,NULL,NULL
5048,POSTCASH,0,2,RT,2024-10-31 00:00:00,2024-11-01 00:00:00,2412,ACH103124,USD,5334.54,5334.54,NULL,NULL,NULL
5049,POSTCASH,0,5,RT,2024-10-31 00:00:00,2024-11-01 00:00:00,1775,ACH103124,USD,5700,5700,NULL,NULL,NULL
5050,POSTCASH,0,1,RT,2024-10-31 00:00:00,2024-11-01 00:00:00,1199,ACH103124,USD,5817,5817,NULL,NULL,NULL
5051,POSTCASH,0,1,RT,2024-11-04 00:00:00,2024-11-04 00:00:00,1565,CK 6505,USD,5411.2,5411.2,NULL,NULL,NULL
5052,POSTCASH,0,1,RT,2024-11-04 00:00:00,2024-11-04 00:00:00,1843,CK 132628,USD,14.49,14.49,NULL,NULL,NULL
5053,POSTCASH,0,2,RT,2024-11-04 00:00:00,2024-11-04 00:00:00,1909,CK 5737,USD,1094,1094,NULL,NULL,NULL
5054,POSTCASH,0,1,RT,2024-11-04 00:00:00,2024-11-04 00:00:00,2554,CK 99056068,USD,591.6,591.6,NULL,NULL,NULL
5055,POSTCASH,0,2,RT,2024-11-04 00:00:00,2024-11-04 00:00:00,1335,CK 9304520,USD,1550,1550,NULL,NULL,NULL
5056,POSTCASH,0,1,RT,2024-11-04 00:00:00,2024-11-04 00:00:00,2507,CK 183354,USD,9399.6,9399.6,NULL,NULL,NULL
5057,POSTCASH,0,1,RT,2024-11-04 00:00:00,2024-11-04 00:00:00,1747,CK 60387,USD,150,150,NULL,NULL,NULL
5058,POSTCASH,0,1,RT,2024-11-04 00:00:00,2024-11-04 00:00:00,1685,CK 1381,USD,429.85,429.85,NULL,NULL,NULL
5059,POSTCASH,0,3,RT,2024-11-04 00:00:00,2024-11-04 00:00:00,1114,CK 124773,USD,5185.5,5185.5,NULL,NULL,NULL
5060,POSTCASH,0,1,RT,2024-11-04 00:00:00,2024-11-04 00:00:00,2046,CK 86038373,USD,88.2,88.2,NULL,NULL,NULL
5061,POSTCASH,0,1,RT,2024-11-04 00:00:00,2024-11-04 00:00:00,1785,CK 7363,USD,112.8,112.8,NULL,NULL,NULL
5062,POSTCASH,0,1,RT,2024-11-04 00:00:00,2024-11-04 00:00:00,2442,ACH110124,USD,12780.3,12780.3,NULL,NULL,NULL
5063,POSTCASH,0,1,RT,2024-11-04 00:00:00,2024-11-04 00:00:00,1299,WIR110124,USD,10026.93,10026.93,NULL,NULL,NULL
5064,POSTCASH,0,1,RT,2024-11-06 00:00:00,2024-11-07 00:00:00,2553,CK 15348,USD,15609.44,15609.44,NULL,NULL,NULL
5065,POSTCASH,0,1,RT,2024-11-06 00:00:00,2024-11-07 00:00:00,2137,CK 014471,USD,286.54,286.54,NULL,NULL,NULL
5066,POSTCASH,0,2,RT,2024-11-06 00:00:00,2024-11-07 00:00:00,2452,ACH110624,USD,7799,7799,NULL,NULL,NULL
5067,POSTCASH,0,1,RT,2024-11-06 00:00:00,2024-11-07 00:00:00,1866,ACH110624,USD,5154,5154,NULL,NULL,NULL
5068,POSTCASH,0,1,RT,2024-11-06 00:00:00,2024-11-07 00:00:00,2030,ACH110624,USD,4140,4140,NULL,NULL,NULL
5069,POSTCASH,0,1,RT,2024-11-06 00:00:00,2024-11-07 00:00:00,2030,ACH110624,USD,4140,4140,NULL,NULL,NULL
5070,POSTCASH,0,1,RT,2024-11-05 00:00:00,2024-11-07 00:00:00,1775,ACH110524,USD,850,850,NULL,NULL,NULL
5071,POSTCASH,0,1,RT,2024-11-07 00:00:00,2024-11-07 00:00:00,2356,WIR110424,USD,200,200,NULL,NULL,NULL
5072,POSTCASH,0,2,RT,2024-11-07 00:00:00,2024-11-07 00:00:00,2137,CK 014043,USD,2128,2128,NULL,NULL,NULL
5073,POSTCASH,0,1,RT,2024-11-08 00:00:00,2024-11-08 00:00:00,2399,ACH110824,USD,4180.25,4180.25,NULL,NULL,NULL
5074,POSTCASH,0,4,RT,2024-11-08 00:00:00,2024-11-08 00:00:00,1137,ACH110824,USD,4868,4868,NULL,NULL,NULL
5075,POSTCASH,0,2,RT,2024-11-08 00:00:00,2024-11-08 00:00:00,2436,ACH110824,USD,23779.75,23779.75,NULL,NULL,NULL
5076,POSTCASH,0,3,RT,2024-11-08 00:00:00,2024-11-08 00:00:00,1577,ACH110824,USD,31284.88,31284.88,NULL,NULL,NULL
5077,POSTCASH,0,2,RT,2024-11-08 00:00:00,2024-11-08 00:00:00,1879,ACH110824,USD,17675.28,17675.28,NULL,NULL,NULL
5078,POSTCASH,0,1,RT,2024-11-13 00:00:00,2024-11-13 00:00:00,1565,CK 6692,USD,5216,5216,NULL,NULL,NULL
5079,POSTCASH,0,1,RT,2024-11-13 00:00:00,2024-11-13 00:00:00,2024,CK 5072,USD,197.6,197.6,NULL,NULL,NULL
5080,POSTCASH,0,1,RT,2024-11-13 00:00:00,2024-11-13 00:00:00,1720,CK 166529,USD,13412,13412,NULL,NULL,NULL
5081,POSTCASH,0,1,RT,2024-11-13 00:00:00,2024-11-13 00:00:00,2418, CK 8471,USD,300,300,NULL,NULL,NULL
5082,POSTCASH,0,5,RT,2024-11-12 00:00:00,2024-11-13 00:00:00,1712,ACH111224,USD,9130.22,9130.22,NULL,NULL,NULL
5083,POSTCASH,0,1,RT,2024-11-13 00:00:00,2024-11-13 00:00:00,2137,CK 014524,USD,10422,10422,NULL,NULL,NULL
5084,POSTCASH,0,6,RT,2024-11-13 00:00:00,2024-11-14 00:00:00,2035,ACH111324,USD,30642.6,30642.6,NULL,NULL,NULL
5085,POSTCASH,0,1,RT,2024-11-14 00:00:00,2024-11-14 00:00:00,1866,ACH111424,USD,3295.7,3295.7,NULL,NULL,NULL
5086,POSTCASH,0,1,RT,2024-11-14 00:00:00,2024-11-14 00:00:00,2030,ACH111424,USD,4140,4140,NULL,NULL,NULL
5087,POSTCASH,0,1,RT,2024-11-14 00:00:00,2024-11-14 00:00:00,2030,ACH111424,USD,2450,2450,NULL,NULL,NULL
5088,POSTCASH,0,1,RT,2024-11-14 00:00:00,2024-11-14 00:00:00,2030,ACH111424,USD,2100,2100,NULL,NULL,NULL
5089,POSTCASH,0,1,RT,2024-11-14 00:00:00,2024-11-14 00:00:00,2354,ACH111424,USD,2692.5,2692.5,NULL,NULL,NULL
5090,POSTCASH,0,1,RT,2024-11-14 00:00:00,2024-11-14 00:00:00,1869,ACH111424,USD,11241.6,11241.6,NULL,NULL,NULL
5091,POSTCASH,0,5,RT,2024-11-20 00:00:00,2024-11-20 00:00:00,1712,ACH111824,USD,5653.32,5653.32,NULL,NULL,NULL
5092,POSTCASH,0,2,RT,2024-11-20 00:00:00,2024-11-20 00:00:00,1137,ACH111524,USD,2404,2404,NULL,NULL,NULL
5093,POSTCASH,0,1,RT,2024-11-20 00:00:00,2024-11-20 00:00:00,1577,ACH111524,USD,9461.1,9461.1,NULL,NULL,NULL
5094,POSTCASH,0,7,RT,2024-11-20 00:00:00,2024-11-20 00:00:00,1879,ACH111524,USD,61912.41,61912.41,NULL,NULL,NULL
5095,POSTCASH,0,2,RT,2024-11-19 00:00:00,2024-11-21 00:00:00,2567,CK 016219,USD,25625.1,25625.1,NULL,NULL,NULL
5096,POSTCASH,0,1,RT,2024-11-19 00:00:00,2024-11-21 00:00:00,1680,CK70002012 ,USD,9.38,9.38,NULL,NULL,NULL
5097,POSTCASH,0,1,RT,2024-11-19 00:00:00,2024-11-21 00:00:00,2463,CK 13399,USD,7228.9,7228.9,NULL,NULL,NULL
5098,POSTCASH,0,1,RT,2024-11-19 00:00:00,2024-11-21 00:00:00,1114,CK 124964,USD,12394.55,12394.55,NULL,NULL,NULL
5099,UACASH,0,1,RT,2024-11-20 00:00:00,2024-11-22 00:00:00,2326,ACH112024,USD,1541,1541,NULL,NULL,NULL
5100,POSTCASH,0,1,RT,2024-11-22 00:00:00,2024-11-22 00:00:00,1775,ACH112124,USD,950,950,NULL,NULL,NULL
5101,POSTCASH,0,1,RT,2024-11-22 00:00:00,2024-11-25 00:00:00,1505,ACH112224,USD,4083.1,4083.1,NULL,NULL,NULL
5102,POSTCASH,0,4,RT,2024-11-22 00:00:00,2024-11-25 00:00:00,2412,ACH112224,USD,8304.58,8304.58,NULL,NULL,NULL
5103,POSTCASH,0,1,RT,2024-11-22 00:00:00,2024-11-25 00:00:00,2399,ACH112224,USD,418.8,418.8,NULL,NULL,NULL
5104,POSTCASH,0,4,RT,2024-11-22 00:00:00,2024-11-25 00:00:00,2436,ACH112224,USD,47840.6,47840.6,NULL,NULL,NULL
5105,POSTCASH,0,2,RT,2024-11-22 00:00:00,2024-11-25 00:00:00,1137,ACH112224,USD,2115,2115,NULL,NULL,NULL
5106,UACASH,0,1,RT,2024-11-25 00:00:00,2024-11-25 00:00:00,2354,CK 38920,USD,1260,1260,NULL,NULL,NULL
5107,POSTCASH,0,1,RT,2024-11-22 00:00:00,2024-11-25 00:00:00,1474,CK 43245,USD,4761,4761,NULL,NULL,NULL
5108,POSTCASH,0,1,RT,2024-11-22 00:00:00,2024-11-25 00:00:00,1612,CK 7833,USD,7463,7463,NULL,NULL,NULL
5109,POSTCASH,0,1,RT,2024-11-26 00:00:00,2024-11-26 00:00:00,2356,ACH102524,USD,200,200,NULL,NULL,NULL
5110,POSTCASH,0,1,RT,2024-11-26 00:00:00,2024-11-26 00:00:00,2463,CK 13330,USD,7711.7,7711.7,NULL,NULL,NULL
5111,POSTCASH,0,1,RT,2024-11-25 00:00:00,2024-11-26 00:00:00,1891,ACH112524,USD,9787.2,9787.2,NULL,NULL,NULL
5112,POSTCASH,0,3,RT,2024-11-27 00:00:00,2024-11-27 00:00:00,2412,ACH112724,USD,5424.47,5424.47,NULL,NULL,NULL
5113,POSTCASH,0,4,RT,2024-11-27 00:00:00,2024-11-27 00:00:00,1672,ACH112724,USD,22125.9,22125.9,NULL,NULL,NULL
5114,POSTCASH,0,2,RT,2024-11-29 00:00:00,2024-12-02 00:00:00,1137,ACH112924,USD,1206,1206,NULL,NULL,NULL
5115,POSTCASH,0,1,RT,2024-12-02 00:00:00,2024-12-02 00:00:00,1879,ACH101024,USD,5902.4,5902.4,NULL,NULL,NULL
5116,POSTCASH,0,1,RT,2024-12-02 00:00:00,2024-12-02 00:00:00,1697,CK 117570,USD,11188.8,11188.8,NULL,NULL,NULL
5117,POSTCASH,0,2,RT,2024-12-02 00:00:00,2024-12-02 00:00:00,1114,CK 125140,USD,24911.8,24911.8,NULL,NULL,NULL
5118,POSTCASH,0,1,RT,2024-12-02 00:00:00,2024-12-02 00:00:00,1565,CK 6821,USD,5882.8,5882.8,NULL,NULL,NULL
5119,POSTCASH,0,1,RT,2024-12-03 00:00:00,2024-12-03 00:00:00,2356,WIR101624,USD,200,200,NULL,NULL,NULL
5120,POSTCASH,0,1,RT,2024-12-03 00:00:00,2024-12-03 00:00:00,2105,ACH120324,USD,1575.6,1575.6,NULL,NULL,NULL
5121,POSTCASH,0,5,RT,2024-12-03 00:00:00,2024-12-03 00:00:00,1775,ACH120324,USD,4750,4750,NULL,NULL,NULL
5122,POSTCASH,0,1,RT,2024-12-05 00:00:00,2024-12-05 00:00:00,2436,ACH120524,USD,8707.8,8707.8,NULL,NULL,NULL
5123,POSTCASH,0,2,RT,2024-12-05 00:00:00,2024-12-05 00:00:00,2436,ACH120524,USD,15573.6,15573.6,NULL,NULL,NULL
5124,POSTCASH,0,6,RT,2024-12-05 00:00:00,2024-12-05 00:00:00,1879,ACH120524,USD,49504.77,49504.77,NULL,NULL,NULL
5125,POSTCASH,0,1,RT,2024-12-04 00:00:00,2024-12-05 00:00:00,1139,CK 20011067,USD,227.03,227.03,NULL,NULL,NULL
5126,POSTCASH,0,2,RT,2024-12-04 00:00:00,2024-12-05 00:00:00,1108,CK 215186,USD,16759.4,16759.4,NULL,NULL,NULL
5127,POSTCASH,0,1,RT,2024-12-05 00:00:00,2024-12-05 00:00:00,1561,CK 85446,USD,4001.1,4001.1,NULL,NULL,NULL
5128,UNDO-POSTCASH,0,1,RT,2024-12-05 00:00:00,2024-12-05 00:00:00,1561,CK 85446,USD,4001.1,4001.1,NULL,NULL,NULL
5129,POSTCASH,0,1,RT,2024-12-04 00:00:00,2024-12-06 00:00:00,2424,ACH120424,USD,303.24,303.24,NULL,NULL,NULL
5130,POSTCASH,0,2,RT,2024-12-06 00:00:00,2024-12-06 00:00:00,2412,ACH120624,USD,3063.64,3063.64,NULL,NULL,NULL
5131,POSTCASH,0,1,RT,2024-12-06 00:00:00,2024-12-06 00:00:00,1577,ACH120624,USD,10211.22,10211.22,NULL,NULL,NULL
5132,POSTCASH,0,1,RT,2024-12-09 00:00:00,2024-12-09 00:00:00,1866,ACH20924,USD,1450,1450,NULL,NULL,NULL
5133,POSTCASH,0,1,RT,2024-12-09 00:00:00,2024-12-09 00:00:00,1578,ACH120924,USD,7596,7596,NULL,NULL,NULL
5134,POSTCASH,0,1,RT,2024-12-09 00:00:00,2024-12-09 00:00:00,2417,ACH120924,USD,425,425,NULL,NULL,NULL
5135,POSTCASH,0,1,RT,2024-12-09 00:00:00,2024-12-09 00:00:00,1561,CK 85446,USD,4001.1,4001.1,NULL,NULL,NULL
5136,UACASH,0,1,RT,2024-12-04 00:00:00,2024-12-10 00:00:00,2106,CASH,USD,4000,4000,NULL,NULL,NULL
5137,UACASH-APP,0,1,RT,2024-12-10 00:00:00,2024-12-10 00:00:00,2106,CASH,USD,4000,4000,NULL,NULL,NULL
5138,POSTCASH,0,4,RT,2024-12-11 00:00:00,2024-12-11 00:00:00,2115,ACH121124,USD,3705.61,3705.61,NULL,NULL,NULL
5139,POSTCASH,0,1,RT,2024-12-11 00:00:00,2024-12-12 00:00:00,1108,CK 215331,USD,1471.6,1471.6,NULL,NULL,NULL
5140,POSTCASH,0,1,RT,2024-12-11 00:00:00,2024-12-12 00:00:00,2512,CK 010611,USD,68.58,68.58,NULL,NULL,NULL
5141,POSTCASH,0,1,RT,2024-12-11 00:00:00,2024-12-12 00:00:00,2114,CK 010823,USD,2360,2360,NULL,NULL,NULL
5142,POSTCASH,0,1,RT,2024-12-13 00:00:00,2024-12-13 00:00:00,2569,CK 14201,USD,7126,7126,NULL,NULL,NULL
5143,POSTCASH,0,1,RT,2024-12-13 00:00:00,2024-12-13 00:00:00,2030,ACH121324,USD,4140,4140,NULL,NULL,NULL
5144,POSTCASH,0,1,RT,2024-12-13 00:00:00,2024-12-13 00:00:00,2030,ACH121324,USD,4140,4140,NULL,NULL,NULL
5145,POSTCASH,0,1,RT,2024-12-13 00:00:00,2024-12-13 00:00:00,2041,ACH121324,USD,3487.5,3487.5,NULL,NULL,NULL
5146,POSTCASH,0,1,RT,2024-12-18 00:00:00,2024-12-19 00:00:00,2030,ACH121824,USD,3640,3640,NULL,NULL,NULL
5147,POSTCASH,0,1,RT,2024-12-18 00:00:00,2024-12-19 00:00:00,2481,ACH121824,USD,4291,4291,NULL,NULL,NULL
5148,POSTCASH,0,4,RT,2024-12-18 00:00:00,2024-12-19 00:00:00,2035,ACH121824,USD,19828.72,19828.72,NULL,NULL,NULL
5149,POSTCASH,0,1,RT,2024-12-17 00:00:00,2024-12-19 00:00:00,2436,ACH121724,USD,7946.4,7946.4,NULL,NULL,NULL
5150,POSTCASH,0,1,RT,2024-12-17 00:00:00,2024-12-19 00:00:00,2417,ACH121724,USD,3910,3910,NULL,NULL,NULL
5151,POSTCASH,0,1,RT,2024-12-17 00:00:00,2024-12-19 00:00:00,2417,ACH121724,USD,561,561,NULL,NULL,NULL
5152,POSTCASH,0,1,RT,2024-12-16 00:00:00,2024-12-19 00:00:00,2086,ACH121624,USD,752.96,752.96,NULL,NULL,NULL
5153,POSTCASH,0,1,RT,2024-12-23 00:00:00,2024-12-23 00:00:00,2105,ACH122324,USD,1648.8,1648.8,NULL,NULL,NULL
5154,POSTCASH,0,4,RT,2024-12-23 00:00:00,2024-12-23 00:00:00,2436,ACH122324,USD,44135.01,44135.01,NULL,NULL,NULL
5155,POSTCASH,0,1,RT,2024-12-20 00:00:00,2024-12-23 00:00:00,1577,ACH122024,USD,1120,1120,NULL,NULL,NULL
5156,POSTCASH,0,1,RT,2024-12-23 00:00:00,2024-12-24 00:00:00,1298,CK 1083,USD,2947.6,2947.6,NULL,NULL,NULL
5157,POSTCASH,0,1,RT,2024-12-23 00:00:00,2024-12-24 00:00:00,1486,CK 13449,USD,9181.7,9181.7,NULL,NULL,NULL
5158,POSTCASH,0,1,RT,2024-12-23 00:00:00,2024-12-24 00:00:00,1474,CK 43391,USD,2325.75,2325.75,NULL,NULL,NULL
5159,POSTCASH,0,1,RT,2024-12-23 00:00:00,2024-12-24 00:00:00,2306,CK 18646,USD,250,250,NULL,NULL,NULL
5160,POSTCASH,0,1,RT,2024-12-23 00:00:00,2024-12-24 00:00:00,2522,CK 11448,USD,765,765,NULL,NULL,NULL
5161,UACASH-APP,0,2,RT,2024-12-26 00:00:00,2024-12-26 00:00:00,2326,ACH112024,USD,1541,1541,NULL,NULL,NULL
5162,UNDO-POSTCASH,0,1,IB,2021-07-01 00:00:00,2024-12-30 00:00:00,2173,ACH063021,USD,14000,14000,NULL,NULL,NULL
5163,POSTCASH,0,1,RT,2024-12-30 00:00:00,2024-12-30 00:00:00,1137,ACH122724,USD,1507.68,1507.68,NULL,NULL,NULL
5164,POSTCASH,0,1,RT,2024-12-30 00:00:00,2024-12-30 00:00:00,1577,ACH122724,USD,1684,1684,NULL,NULL,NULL
5165,POSTCASH,0,1,RT,2024-12-30 00:00:00,2024-12-30 00:00:00,2412,ACH122724,USD,1692.72,1692.72,NULL,NULL,NULL
5166,POSTCASH,0,1,RT,2024-12-30 00:00:00,2024-12-30 00:00:00,1578,ACH123024,USD,4025,4025,NULL,NULL,NULL
5167,POSTCASH,0,1,RT,2024-12-30 00:00:00,2024-12-30 00:00:00,1879,ACH123024,USD,8804.67,8804.67,NULL,NULL,NULL
5168,POSTCASH,0,3,RT,2024-12-31 00:00:00,2024-12-31 00:00:00,1636,"CM,57107",USD,0,0,NULL,NULL,NULL
5169,POSTCASH,0,2,RT,2024-12-31 00:00:00,2024-12-31 00:00:00,1299,WIR121924,USD,16536.39,16536.39,NULL,NULL,NULL
5170,POSTCASH,0,2,RT,2024-12-31 00:00:00,2025-01-02 00:00:00,2412,ACH121624,USD,1676.63,1676.63,NULL,NULL,NULL
5171,POSTCASH,0,2,RT,2024-12-31 00:00:00,2025-01-03 00:00:00,2525,ACH123124,USD,1440.45,1440.45,NULL,NULL,NULL
5172,POSTCASH,0,1,RT,2024-12-31 00:00:00,2025-01-03 00:00:00,1775,ACH123124,USD,1050,1050,NULL,NULL,NULL
5173,POSTCASH,0,1,RT,2024-12-31 00:00:00,2025-01-03 00:00:00,2436,ACH123124,USD,14605.85,14605.85,NULL,NULL,NULL
5174,POSTCASH,0,1,RT,2025-01-02 00:00:00,2025-01-03 00:00:00,2482,CK 119551,USD,250,250,NULL,NULL,NULL
5175,POSTCASH,0,2,RT,2025-01-02 00:00:00,2025-01-03 00:00:00,1114,CK 125375,USD,17251,17251,NULL,NULL,NULL
5176,POSTCASH,0,1,RT,2025-01-02 00:00:00,2025-01-03 00:00:00,2137,CK 015037,USD,5862,5862,NULL,NULL,NULL
5177,POSTCASH,0,1,RT,2025-01-02 00:00:00,2025-01-03 00:00:00,2463,CK 13450,USD,6693,6693,NULL,NULL,NULL
5178,POSTCASH,0,1,RT,2025-01-06 00:00:00,2025-01-06 00:00:00,2442,ACH010625,USD,11704,11704,NULL,NULL,NULL
5179,UACASH,0,1,RT,2025-01-03 00:00:00,2025-01-07 00:00:00,1137,ACH010325,USD,24587.51,24587.51,NULL,NULL,NULL
5180,UACASH-APP,0,4,RT,2025-01-07 00:00:00,2025-01-07 00:00:00,1137,ACH010325,USD,6509.88,6509.88,NULL,NULL,NULL
5181,UACASH-APP,0,1,RT,2025-01-07 00:00:00,2025-01-07 00:00:00,1137,ACH010325,USD,18077.63,18077.63,NULL,NULL,NULL
5182,POSTCASH,0,1,RT,2025-01-09 00:00:00,2025-01-09 00:00:00,2030,ACH010925,USD,700,700,NULL,NULL,NULL
5183,POSTCASH,0,2,RT,2025-01-09 00:00:00,2025-01-09 00:00:00,2412,ACH010925,USD,4748.36,4748.36,NULL,NULL,NULL
5184,POSTCASH,0,1,RT,2025-01-09 00:00:00,2025-01-09 00:00:00,1938,ACH010925,USD,3568.8,3568.8,NULL,NULL,NULL
5185,POSTCASH,0,3,RT,2025-01-08 00:00:00,2025-01-09 00:00:00,2436,ACH010825,USD,31644.35,31644.35,NULL,NULL,NULL
5186,POSTCASH,0,2,RT,2025-01-07 00:00:00,2025-01-09 00:00:00,1775,ACJ010725,USD,2100,2100,NULL,NULL,NULL
5187,UNDO-POSTCASH,0,1,RT,2025-01-09 00:00:00,2025-01-09 00:00:00,2436,ACH123124,USD,14605.85,14605.85,NULL,NULL,NULL
5188,POSTCASH,0,4,RT,2025-01-10 00:00:00,2025-01-10 00:00:00,2035,ACH011025,USD,16533.4,16533.4,NULL,NULL,NULL
5189,POSTCASH,0,1,RT,2025-01-10 00:00:00,2025-01-10 00:00:00,2417,ACH011025,USD,277.45,277.45,NULL,NULL,NULL
5190,UACASH,0,1,RT,2025-01-13 00:00:00,2025-01-13 00:00:00,1577,ACH011025,USD,10878.66,10878.66,NULL,NULL,NULL
5191,UACASH-APP,0,1,RT,2025-01-13 00:00:00,2025-01-13 00:00:00,1577,ACH011025,USD,1231.2,1231.2,NULL,NULL,NULL
5192,POSTCASH,0,7,RT,2025-01-13 00:00:00,2025-01-13 00:00:00,2354,ACH011025,USD,60509.61,60509.61,NULL,NULL,NULL
5193,UACASH,0,1,RT,2025-01-13 00:00:00,2025-01-13 00:00:00,2316,ACH011325,USD,12824.9,12824.9,NULL,NULL,NULL
5194,UACASH-APP,0,7,RT,2025-01-13 00:00:00,2025-01-13 00:00:00,2316,ACH011325,USD,1424.9,1424.9,NULL,NULL,NULL
5195,POSTCASH,0,1,RT,2025-01-13 00:00:00,2025-01-13 00:00:00,2115,ACH011325,USD,210.5,210.5,NULL,NULL,NULL
5196,POSTCASH,0,3,RT,2025-01-13 00:00:00,2025-01-13 00:00:00,1137,ACH011025,USD,4052.34,4052.34,NULL,NULL,NULL
5197,POSTCASH,0,1,RT,2025-01-14 00:00:00,2025-01-14 00:00:00,2436,ACH123124,USD,14605.85,14605.85,NULL,NULL,NULL
5198,POSTCASH,0,2,RT,2025-01-16 00:00:00,2025-01-16 00:00:00,1299,CM57943,USD,0,0,NULL,NULL,NULL
5199,UNDO-POSTCASH,0,1,RT,2025-01-16 00:00:00,2025-01-16 00:00:00,1299,CM57943,USD,-400,-400,NULL,NULL,NULL
5200,POSTCASH,0,2,RT,2025-01-16 00:00:00,2025-01-16 00:00:00,1299,CM 57943,USD,0,0,NULL,NULL,NULL
5201,POSTCASH,0,1,RT,2025-01-17 00:00:00,2025-01-17 00:00:00,1108,CK 215767,USD,5853.12,5853.12,NULL,NULL,NULL
5202,POSTCASH,0,1,RT,2025-01-17 00:00:00,2025-01-17 00:00:00,1785,CK 7432,USD,250,250,NULL,NULL,NULL
5203,POSTCASH,0,1,RT,2025-01-17 00:00:00,2025-01-17 00:00:00,2575,CK 12895,USD,1185.5,1185.5,NULL,NULL,NULL
5204,POSTCASH,0,1,RT,2025-01-17 00:00:00,2025-01-20 00:00:00,2105,ACH011725,USD,1101.2,1101.2,NULL,NULL,NULL
5205,POSTCASH,0,1,RT,2025-01-17 00:00:00,2025-01-20 00:00:00,1137,ACH011725,USD,1384.2,1384.2,NULL,NULL,NULL
5206,POSTCASH,0,1,RT,2025-01-17 00:00:00,2025-01-20 00:00:00,1869,ACH011725,USD,12253.08,12253.08,NULL,NULL,NULL
5207,POSTCASH,0,2,RT,2025-01-16 00:00:00,2025-01-20 00:00:00,2436,ACH011625,USD,13813.4,13813.4,NULL,NULL,NULL
5208,POSTCASH,0,1,RT,2025-01-15 00:00:00,2025-01-20 00:00:00,2030,ACH011525,USD,4140,4140,NULL,NULL,NULL
5209,POSTCASH,0,2,RT,2025-01-17 00:00:00,2025-01-24 00:00:00,1114,CK 125650,USD,22578,22578,NULL,NULL,NULL
5210,POSTCASH,0,2,RT,2025-01-24 00:00:00,2025-01-24 00:00:00,1137,ACH012425,USD,1455.66,1455.66,NULL,NULL,NULL
5211,UACASH-APP,0,1,RT,2025-01-28 00:00:00,2025-01-28 00:00:00,1577,ACH011025,USD,9647.46,9647.46,NULL,NULL,NULL
5212,POSTCASH,0,1,RT,2025-01-30 00:00:00,2025-01-30 00:00:00,2115,ACH011425,USD,8770.86,8770.86,NULL,NULL,NULL
5213,POSTCASH,0,2,RT,2025-01-30 00:00:00,2025-01-30 00:00:00,1775,ACH011425,USD,2100,2100,NULL,NULL,NULL
5214,POSTCASH,0,1,RT,2025-01-28 00:00:00,2025-01-30 00:00:00,1775,ACH012825,USD,1050,1050,NULL,NULL,NULL
5215,POSTCASH,0,1,RT,2025-01-29 00:00:00,2025-01-30 00:00:00,1215,ACH012925,USD,250,250,NULL,NULL,NULL
5216,POSTCASH,0,1,RT,2025-01-31 00:00:00,2025-01-31 00:00:00,2412,ACH013125,USD,1404,1404,NULL,NULL,NULL
5217,POSTCASH,0,1,RT,2025-02-03 00:00:00,2025-02-03 00:00:00,1612,CK 7862,USD,7160.4,7160.4,NULL,NULL,NULL
5218,POSTCASH,0,2,RT,2025-02-03 00:00:00,2025-02-03 00:00:00,1869,ACH020325,USD,3544.4,3544.4,NULL,NULL,NULL
5219,POSTCASH,0,1,RT,2025-02-03 00:00:00,2025-02-03 00:00:00,2417,ACH020325,USD,3910,3910,NULL,NULL,NULL
5220,POSTCASH,0,1,RT,2025-02-03 00:00:00,2025-02-03 00:00:00,2436,ACH020325,USD,5327,5327,NULL,NULL,NULL
5221,POSTCASH,0,1,RT,2025-01-31 00:00:00,2025-02-03 00:00:00,1299,WIR013125,USD,10729.18,10729.18,NULL,NULL,NULL
5222,POSTCASH,0,7,RT,2025-01-31 00:00:00,2025-02-06 00:00:00,1712,ACH012225,USD,12350.65,12350.65,NULL,NULL,NULL
5223,POSTCASH,0,3,RT,2025-02-06 00:00:00,2025-02-06 00:00:00,1137,ACH013125,USD,3106.8,3106.8,NULL,NULL,NULL
5224,POSTCASH,0,4,RT,2025-02-07 00:00:00,2025-02-07 00:00:00,1137,ACH020725,USD,22183.05,22183.05,NULL,NULL,NULL
5225,POSTCASH,0,1,RT,2025-02-07 00:00:00,2025-02-07 00:00:00,2412,ACH020725,USD,1306.64,1306.64,NULL,NULL,NULL
5226,POSTCASH,0,1,RT,2025-02-06 00:00:00,2025-02-07 00:00:00,2115,ACH020625,USD,8818.32,8818.32,NULL,NULL,NULL
5227,POSTCASH,0,1,RT,2025-02-06 00:00:00,2025-02-07 00:00:00,2086,ACH020625,USD,649.6,649.6,NULL,NULL,NULL
5228,POSTCASH,0,6,RT,2025-02-05 00:00:00,2025-02-07 00:00:00,1879,ACH020525,USD,51589.02,51589.02,NULL,NULL,NULL
5229,POSTCASH,0,1,RT,2025-02-07 00:00:00,2025-02-10 00:00:00,1680,7002122144,USD,250,250,NULL,NULL,NULL
5230,POSTCASH,0,1,RT,2025-02-07 00:00:00,2025-02-10 00:00:00,1680,7002132196,USD,106.7,106.7,NULL,NULL,NULL
5231,POSTCASH,0,2,RT,2025-02-10 00:00:00,2025-02-10 00:00:00,2324,INV58095,USD,0,0,NULL,NULL,NULL
5232,POSTCASH,0,1,RT,2025-02-07 00:00:00,2025-02-10 00:00:00,2324,CK 17962,USD,92.5,92.5,NULL,NULL,NULL
5233,POSTCASH,0,1,RT,2025-02-11 00:00:00,2025-02-11 00:00:00,1108,CK 216243,USD,5802.75,5802.75,NULL,NULL,NULL
5234,POSTCASH,0,2,RT,2025-02-11 00:00:00,2025-02-11 00:00:00,1909,CK 5836,USD,414,414,NULL,NULL,NULL
5235,POSTCASH,0,4,RT,2025-02-11 00:00:00,2025-02-11 00:00:00,2354,ACH020725,USD,25994.89,25994.89,NULL,NULL,NULL
5236,POSTCASH,0,1,RT,2025-02-11 00:00:00,2025-02-11 00:00:00,1287,CK1490,USD,1500,1500,NULL,NULL,NULL
5237,POSTCASH,0,2,RT,2025-02-11 00:00:00,2025-02-11 00:00:00,2354,58836,USD,0,0,NULL,NULL,NULL
5238,POSTCASH,0,1,RT,2025-02-10 00:00:00,2025-02-13 00:00:00,1578,ACH021025,USD,5572.8,5572.8,NULL,NULL,NULL
5239,UACASH,0,1,RT,2025-02-12 00:00:00,2025-02-13 00:00:00,2316,ACH021025,USD,2800,2800,NULL,NULL,NULL
5240,POSTCASH,0,1,RT,2025-02-12 00:00:00,2025-02-13 00:00:00,2030,ACH021225,USD,4140,4140,NULL,NULL,NULL
5241,POSTCASH,0,1,RT,2025-02-12 00:00:00,2025-02-13 00:00:00,2030,ACH021225,USD,2450,2450,NULL,NULL,NULL
5242,POSTCASH,0,1,RT,2025-02-12 00:00:00,2025-02-13 00:00:00,2030,ACH021225,USD,2450,2450,NULL,NULL,NULL
5243,POSTCASH,0,1,RT,2025-02-12 00:00:00,2025-02-13 00:00:00,2030,ACH021225,USD,2100,2100,NULL,NULL,NULL
5244,POSTCASH,0,1,RT,2025-02-12 00:00:00,2025-02-13 00:00:00,2115,ACH021225,USD,179.43,179.43,NULL,NULL,NULL
5245,UACASH-APP,0,1,RT,2025-02-13 00:00:00,2025-02-13 00:00:00,2316,ACH011325,USD,3800,3800,NULL,NULL,NULL
5246,POSTCASH,0,5,RT,2025-02-13 00:00:00,2025-02-13 00:00:00,1775,ACH021325,USD,5450,5450,NULL,NULL,NULL
5247,POSTCASH,0,1,RT,2025-02-13 00:00:00,2025-02-13 00:00:00,2436,ACH021325,USD,14708.75,14708.75,NULL,NULL,NULL
5248,POSTCASH,0,1,RT,2025-02-12 00:00:00,2025-02-13 00:00:00,2588,ACH021225,USD,1272.46,1272.46,NULL,NULL,NULL
5249,UACASH-APP,0,1,RT,2025-02-13 00:00:00,2025-02-13 00:00:00,2522,CK 11066,USD,45,45,NULL,NULL,NULL
5250,POSTCASH,0,1,RT,2025-02-12 00:00:00,2025-02-14 00:00:00,2452,ACH021225,USD,2268,2268,NULL,NULL,NULL
5251,POSTCASH,0,1,RT,2025-02-18 00:00:00,2025-02-17 00:00:00,1712,ACH021825,USD,4799.64,4799.64,NULL,NULL,NULL
5252,UACASH-APP,0,1,RT,2025-02-18 00:00:00,2025-02-18 00:00:00,2316,ACH011325,USD,3800,3800,NULL,NULL,NULL
5253,UACASH-APP,0,1,RT,2025-02-18 00:00:00,2025-02-18 00:00:00,2316,ACH011325,USD,3800,3800,NULL,NULL,NULL
5254,UACASH,0,1,RT,2025-02-18 00:00:00,2025-02-18 00:00:00,2316,ACH021825,USD,1376.2,1376.2,NULL,NULL,NULL
5255,UACASH-APP,0,1,RT,2025-02-18 00:00:00,2025-02-18 00:00:00,2316,ACH021825,USD,376.2,376.2,NULL,NULL,NULL
5256,UACASH,0,1,RT,2025-02-14 00:00:00,2025-02-19 00:00:00,1137,ACH021425,USD,6991.46,6991.46,NULL,NULL,NULL
5257,UACASH-APP,0,3,RT,2025-02-19 00:00:00,2025-02-19 00:00:00,1137,ACH021425,USD,4473.6,4473.6,NULL,NULL,NULL
5258,UACASH-APP,0,1,RT,2025-02-19 00:00:00,2025-02-19 00:00:00,1137,ACH021425,USD,1172,1172,NULL,NULL,NULL
5259,UNDO-UACASH-APP,0,1,RT,2025-02-19 00:00:00,2025-02-19 00:00:00,1137,ACH021425,USD,1172,1172,NULL,NULL,NULL
5260,UACASH-UNDO,0,1,RT,2025-02-19 00:00:00,2025-02-19 00:00:00,2354,CK 38920,USD,1260,1260,NULL,NULL,NULL
5261,POSTCASH,0,2,RT,2025-02-14 00:00:00,2025-02-20 00:00:00,2412,ACH021425,USD,3182.88,3182.88,NULL,NULL,NULL
5262,UACASH-APP,0,2,RT,2025-02-20 00:00:00,2025-02-20 00:00:00,1137,ACH021425,USD,2517.86,2517.86,NULL,NULL,NULL
5263,POSTCASH,0,4,RT,2025-02-21 00:00:00,2025-02-21 00:00:00,2354,ACH022125,USD,34810.65,34810.65,NULL,NULL,NULL
5264,POSTCASH,0,1,RT,2025-02-21 00:00:00,2025-02-21 00:00:00,2412,ACH022125,USD,2192.4,2192.4,NULL,NULL,NULL
5265,POSTCASH,0,1,RT,2025-02-19 00:00:00,2025-02-21 00:00:00,2035,ACH021925,USD,5346,5346,NULL,NULL,NULL
5266,POSTCASH,0,4,RT,2025-02-21 00:00:00,2025-02-21 00:00:00,1137,ACH022125,USD,5394,5394,NULL,NULL,NULL
5267,POSTCASH,0,1,RT,2025-02-21 00:00:00,2025-02-24 00:00:00,2086,ACH022125,USD,764.16,764.16,NULL,NULL,NULL
5268,POSTCASH,0,1,RT,2025-02-24 00:00:00,2025-02-24 00:00:00,1938,ACH022425,USD,5640,5640,NULL,NULL,NULL
5269,POSTCASH,0,1,RT,2025-02-24 00:00:00,2025-02-25 00:00:00,1646,CK 85049,USD,6527.4,6527.4,NULL,NULL,NULL
5270,POSTCASH,0,4,RT,2025-02-24 00:00:00,2025-02-25 00:00:00,1114,CK 126011,USD,42189.86,42189.86,NULL,NULL,NULL
5271,POSTCASH,0,1,RT,2025-02-24 00:00:00,2025-02-25 00:00:00,2429,CK 187526,USD,300,300,NULL,NULL,NULL
5272,POSTCASH,0,1,RT,2025-02-25 00:00:00,2025-02-27 00:00:00,2463,CK 13542,USD,7424.56,7424.56,NULL,NULL,NULL
5273,POSTCASH,0,1,RT,2025-02-25 00:00:00,2025-02-27 00:00:00,2569,CK 14299,USD,6249.6,6249.6,NULL,NULL,NULL
5274,POSTCASH,0,1,RT,2025-02-25 00:00:00,2025-02-27 00:00:00,1486,CK 13568,USD,8074,8074,NULL,NULL,NULL
5275,POSTCASH,0,1,RT,2025-02-27 00:00:00,2025-02-27 00:00:00,1775,ACH022725,USD,1050,1050,NULL,NULL,NULL
5276,UACASH,0,1,RT,2025-02-26 00:00:00,2025-02-27 00:00:00,2316,ACH022625,USD,6736.3,6736.3,NULL,NULL,NULL
5277,UACASH-APP,0,1,RT,2025-02-27 00:00:00,2025-02-27 00:00:00,2316,ACH021025,USD,2800,2800,NULL,NULL,NULL
5278,UACASH-APP,0,3,RT,2025-02-27 00:00:00,2025-02-27 00:00:00,2316,ACH022625,USD,136.3,136.3,NULL,NULL,NULL
5279,POSTCASH,0,1,RT,2025-02-28 00:00:00,2025-02-28 00:00:00,2326,ACH022825,USD,9588.48,9588.48,NULL,NULL,NULL
5280,POSTCASH,0,1,RT,2025-02-28 00:00:00,2025-02-28 00:00:00,1577,ACH022825,USD,1058,1058,NULL,NULL,NULL
5281,POSTCASH,0,2,RT,2025-02-27 00:00:00,2025-03-04 00:00:00,2420,WIR022725,USD,2500,2500,NULL,NULL,NULL
5282,POSTCASH,0,1,RT,2025-02-28 00:00:00,2025-03-04 00:00:00,2420,WIR022825,USD,2500,2500,NULL,NULL,NULL
5283,POSTCASH,0,2,RT,2025-03-03 00:00:00,2025-03-04 00:00:00,2420,WIR030325,USD,2000,2000,NULL,NULL,NULL
5284,POSTCASH,0,2,RT,2025-03-03 00:00:00,2025-03-04 00:00:00,2420,WIR030325,USD,4968.2,4968.2,NULL,NULL,NULL
5285,POSTCASH,0,1,RT,2025-03-03 00:00:00,2025-03-04 00:00:00,2429,CK 187608,USD,300,300,NULL,NULL,NULL
5286,POSTCASH,0,1,RT,2025-03-03 00:00:00,2025-03-04 00:00:00,1561,CK 85914,USD,3897.2,3897.2,NULL,NULL,NULL
5287,POSTCASH,0,1,RT,2025-03-04 00:00:00,2025-03-04 00:00:00,1941,CK 39078,USD,600,600,NULL,NULL,NULL
5288,POSTCASH,0,1,RT,2025-03-04 00:00:00,2025-03-04 00:00:00,2201,CK 77253,USD,200,200,NULL,NULL,NULL
5289,POSTCASH,0,3,RT,2025-03-04 00:00:00,2025-03-04 00:00:00,1114,CK 126186,USD,31172.25,31172.25,NULL,NULL,NULL
5290,UACASH,0,1,RT,2025-02-28 00:00:00,2025-03-05 00:00:00,1137,ACH022825,USD,12465.04,12465.04,NULL,NULL,NULL
5291,UACASH-APP,0,2,RT,2025-03-05 00:00:00,2025-03-05 00:00:00,1137,ACH022825,USD,12465.04,12465.04,NULL,NULL,NULL
5292,POSTCASH,0,1,RT,2025-03-04 00:00:00,2025-03-05 00:00:00,2354,ACH030425,USD,8469.37,8469.37,NULL,NULL,NULL
5293,UNDO-POSTCASH,0,1,RT,2025-03-05 00:00:00,2025-03-05 00:00:00,2417,ACH011025,USD,277.45,277.45,NULL,NULL,NULL
5294,POSTCASH,0,1,RT,2025-01-10 00:00:00,2025-03-05 00:00:00,2417,ACH011025,USD,277.45,277.45,NULL,NULL,NULL
5295,UNDO-POSTCASH,0,1,RT,2025-03-05 00:00:00,2025-03-05 00:00:00,1137,ACH011025,USD,1708.74,1708.74,NULL,NULL,NULL
5296,UNDO-POSTCASH,0,1,RT,2025-03-05 00:00:00,2025-03-05 00:00:00,1137,ACH011025,USD,1299.6,1299.6,NULL,NULL,NULL
5297,UNDO-POSTCASH,0,1,RT,2025-03-05 00:00:00,2025-03-05 00:00:00,1137,ACH011025,USD,1044,1044,NULL,NULL,NULL
5298,POSTCASH,0,3,RT,2025-01-10 00:00:00,2025-03-05 00:00:00,1137,ACH011025,USD,4052.34,4052.34,NULL,NULL,NULL
5299,UNDO-UACASH-APP,0,1,RT,2025-03-05 00:00:00,2025-03-05 00:00:00,1577,ACH011025,USD,1231.2,1231.2,NULL,NULL,NULL
5300,UNDO-UACASH-APP,0,1,RT,2025-03-05 00:00:00,2025-03-05 00:00:00,1577,ACH011025,USD,9647.46,9647.46,NULL,NULL,NULL
5301,POSTCASH,0,2,RT,2025-01-18 00:00:00,2025-03-05 00:00:00,1577,ACH011825,USD,10878.66,10878.66,NULL,NULL,NULL
5302,POSTCASH,0,2,RT,2025-03-04 00:00:00,2025-03-06 00:00:00,2420,WIR030425,USD,3000,3000,NULL,NULL,NULL
5303,POSTCASH,0,1,RT,2025-03-05 00:00:00,2025-03-06 00:00:00,2181,ACH030528,USD,350,350,NULL,NULL,NULL
5304,POSTCASH,0,1,RT,2025-03-05 00:00:00,2025-03-06 00:00:00,2326,ACH030525,USD,9407.52,9407.52,NULL,NULL,NULL
5305,POSTCASH,0,10,RT,2025-03-06 00:00:00,2025-03-07 00:00:00,1879,ACH030625,USD,79020.41,79020.41,NULL,NULL,NULL
5306,POSTCASH,0,1,RT,2025-03-06 00:00:00,2025-03-07 00:00:00,1287,WIR030625,USD,1500,1500,NULL,NULL,NULL
5307,POSTCASH,0,3,RT,2025-03-07 00:00:00,2025-03-07 00:00:00,2115,ACH030725,USD,26239.29,26239.29,NULL,NULL,NULL
5308,POSTCASH,0,9,RT,2025-03-07 00:00:00,2025-03-07 00:00:00,1879,ACH030725,USD,76926.99,76926.99,NULL,NULL,NULL
5309,POSTCASH,0,1,RT,2025-03-07 00:00:00,2025-03-07 00:00:00,2354,ACH030758,USD,8713.11,8713.11,NULL,NULL,NULL
5310,POSTCASH,0,4,RT,2025-03-11 00:00:00,2025-03-11 00:00:00,1137,ACH030725,USD,15462,15462,NULL,NULL,NULL
5311,POSTCASH,0,1,RT,2025-03-11 00:00:00,2025-03-11 00:00:00,2412,ACH02282025,USD,3364.25,3364.25,NULL,NULL,NULL
5312,POSTCASH,0,2,RT,2025-03-11 00:00:00,2025-03-12 00:00:00,2601,ACH031125,USD,1053.06,1053.06,NULL,NULL,NULL
5313,POSTCASH,0,8,RT,2025-03-12 00:00:00,2025-03-12 00:00:00,2035,ACH031225,USD,33483.5,33483.5,NULL,NULL,NULL
5314,POSTCASH,0,1,RT,2025-02-10 00:00:00,2025-03-13 00:00:00,2105,ACH021025,USD,1185.5,1185.5,NULL,NULL,NULL
5315,POSTCASH,0,1,RT,2025-03-14 00:00:00,2025-03-17 00:00:00,1577,ACH031425,USD,9495,9495,NULL,NULL,NULL
5316,POSTCASH,0,1,RT,2025-03-17 00:00:00,2025-03-18 00:00:00,2030,ACH031725,USD,4140,4140,NULL,NULL,NULL
5317,POSTCASH,0,1,RT,2025-03-17 00:00:00,2025-03-18 00:00:00,2030,ACH031725,USD,2790,2790,NULL,NULL,NULL
5318,POSTCASH,0,5,RT,2025-03-17 00:00:00,2025-03-18 00:00:00,1137,ACJ031725,USD,7646,7646,NULL,NULL,NULL
5319,POSTCASH,0,1,RT,2025-03-19 00:00:00,2025-03-19 00:00:00,1646,CK 85308,USD,2158.24,2158.24,NULL,NULL,NULL
5320,POSTCASH,0,2,RT,2025-03-19 00:00:00,2025-03-19 00:00:00,2520,CK 324782,USD,600,600,NULL,NULL,NULL
5321,UACASH,0,1,RT,2025-03-19 00:00:00,2025-03-19 00:00:00,2316,ACH031925,USD,7600,7600,NULL,NULL,NULL
5322,POSTCASH,0,3,RT,2025-03-19 00:00:00,2025-03-20 00:00:00,2115,ACH031925,USD,26445.09,26445.09,NULL,NULL,NULL
5323,POSTCASH,0,1,RT,2025-03-03 00:00:00,2025-03-20 00:00:00,2105,ACH030325,USD,1121.2,1121.2,NULL,NULL,NULL
5324,POSTCASH,0,1,RT,2025-03-20 00:00:00,2025-03-20 00:00:00,2326,ACH032025,USD,15262.32,15262.32,NULL,NULL,NULL
5325,POSTCASH,0,4,RT,2025-03-20 00:00:00,2025-03-20 00:00:00,1879,ACH032025,USD,34677.72,34677.72,NULL,NULL,NULL
5326,POSTCASH,0,1,RT,2025-03-21 00:00:00,2025-03-21 00:00:00,2412,ACH031325,USD,1908.01,1908.01,NULL,NULL,NULL
5327,POSTCASH,0,1,RT,2025-03-21 00:00:00,2025-03-21 00:00:00,2412,ACH032125,USD,1594.8,1594.8,NULL,NULL,NULL
5328,POSTCASH,0,2,RT,2025-03-21 00:00:00,2025-03-21 00:00:00,2086,ACH032125,USD,1466.4,1466.4,NULL,NULL,NULL
5329,POSTCASH,0,1,RT,2025-03-21 00:00:00,2025-03-21 00:00:00,2436,ACH032125,USD,7045.38,7045.38,NULL,NULL,NULL
5330,POSTCASH,0,3,RT,2025-03-24 00:00:00,2025-03-26 00:00:00,1137,ACH032425,USD,4719.22,4719.22,NULL,NULL,NULL
5331,POSTCASH,0,1,RT,2025-03-26 00:00:00,2025-03-26 00:00:00,1287,ACH031725,USD,1500,1500,NULL,NULL,NULL
5332,POSTCASH,0,1,RT,2025-03-27 00:00:00,2025-03-27 00:00:00,1287,WIR032525,USD,1500,1500,NULL,NULL,NULL
5333,POSTCASH,0,3,RT,2025-03-25 00:00:00,2025-03-27 00:00:00,2115,ACH032525,USD,25499.46,25499.46,NULL,NULL,NULL
5334,POSTCASH,0,1,RT,2025-03-26 00:00:00,2025-03-27 00:00:00,2352,ACH032625,USD,10201.44,10201.44,NULL,NULL,NULL
5335,POSTCASH,0,1,RT,2025-03-26 00:00:00,2025-03-27 00:00:00,2352,ACH032625,USD,11152.53,11152.53,NULL,NULL,NULL
5336,POSTCASH,0,1,RT,2025-03-26 00:00:00,2025-03-27 00:00:00,1891,ACH032625,USD,8479.6,8479.6,NULL,NULL,NULL
5337,POSTCASH,0,2,RT,2025-03-27 00:00:00,2025-03-27 00:00:00,1680,7002214113,USD,302.24,302.24,NULL,NULL,NULL
5338,POSTCASH,0,1,RT,2025-03-27 00:00:00,2025-03-28 00:00:00,1199,ACH032725,USD,5818.4,5818.4,NULL,NULL,NULL
5339,POSTCASH,0,3,RT,2025-03-28 00:00:00,2025-03-28 00:00:00,2412,ACH032825,USD,4681.8,4681.8,NULL,NULL,NULL
5340,POSTCASH,0,5,RT,2025-03-28 00:00:00,2025-03-31 00:00:00,1137,ACH032825,USD,24247.33,24247.33,NULL,NULL,NULL
5341,POSTCASH,0,5,RT,2025-03-28 00:00:00,2025-03-31 00:00:00,2115,ACH032825,USD,42969.78,42969.78,NULL,NULL,NULL
5342,POSTCASH,0,1,RT,2025-03-28 00:00:00,2025-03-31 00:00:00,2610,CK 31224,USD,200,200,NULL,NULL,NULL
5343,POSTCASH,0,1,RT,2025-03-28 00:00:00,2025-03-31 00:00:00,1680,C7002226166,USD,250,250,NULL,NULL,NULL
5344,POSTCASH,0,1,RT,2025-03-31 00:00:00,2025-03-31 00:00:00,1578,ACH030325,USD,7495.2,7495.2,NULL,NULL,NULL
5345,POSTCASH,0,1,RT,2025-04-01 00:00:00,2025-04-01 00:00:00,2354,ACH032825,USD,8859.9,8859.9,NULL,NULL,NULL
5346,POSTCASH,0,1,RT,2024-10-23 00:00:00,2025-04-02 00:00:00,2106,CK 30097,USD,7133,7133,NULL,NULL,NULL
5347,POSTCASH,0,1,RT,2025-04-02 00:00:00,2025-04-02 00:00:00,1672,ACH040225,USD,10100,10100,NULL,NULL,NULL
5348,POSTCASH,0,1,RT,2025-03-31 00:00:00,2025-04-02 00:00:00,2420,ACH033125,USD,1200,1200,NULL,NULL,NULL
5349,POSTCASH,0,2,RT,2025-04-01 00:00:00,2025-04-02 00:00:00,2420,ACH040125,USD,2500,2500,NULL,NULL,NULL
5350,UNDO-POSTCASH,0,1,RT,2025-04-03 00:00:00,2025-04-03 00:00:00,2115,ACH032825,USD,8642.34,8642.34,NULL,NULL,NULL
5351,UNDO-POSTCASH,0,1,RT,2025-04-03 00:00:00,2025-04-03 00:00:00,2115,ACH032825,USD,8800.05,8800.05,NULL,NULL,NULL
5352,UNDO-POSTCASH,0,1,RT,2025-04-03 00:00:00,2025-04-03 00:00:00,2115,ACH032825,USD,8544.27,8544.27,NULL,NULL,NULL
5353,UNDO-POSTCASH,0,1,RT,2025-04-03 00:00:00,2025-04-03 00:00:00,2115,ACH032825,USD,8421,8421,NULL,NULL,NULL
5354,UNDO-POSTCASH,0,1,RT,2025-04-03 00:00:00,2025-04-03 00:00:00,2115,ACH032825,USD,8562.12,8562.12,NULL,NULL,NULL
5355,POSTCASH,0,6,RT,2025-04-03 00:00:00,2025-04-03 00:00:00,2115,ACH032825,USD,51389.73,51389.73,NULL,NULL,NULL
5356,POSTCASH,0,3,RT,2025-04-04 00:00:00,2025-04-04 00:00:00,1577,ACH040425,USD,26764.04,26764.04,NULL,NULL,NULL
5357,POSTCASH,0,6,RT,2025-04-04 00:00:00,2025-04-04 00:00:00,1137,ACH040425,USD,8815.84,8815.84,NULL,NULL,NULL
5358,POSTCASH,0,1,RT,2025-04-04 00:00:00,2025-04-04 00:00:00,2412,ACH040425,USD,1539.76,1539.76,NULL,NULL,NULL
5359,POSTCASH,0,1,RT,2025-04-04 00:00:00,2025-04-04 00:00:00,1775,ACH040425,USD,750,750,NULL,NULL,NULL
5360,UNDO-POSTCASH,0,1,RT,2025-04-04 00:00:00,2025-04-04 00:00:00,1775,ACH040425,USD,750,750,NULL,NULL,NULL
5361,POSTCASH,0,1,RT,2025-04-04 00:00:00,2025-04-04 00:00:00,1775,ACH040425,USD,750,750,NULL,NULL,NULL
5362,POSTCASH,0,1,RT,2025-04-03 00:00:00,2025-04-04 00:00:00,2442,ACH040325,USD,11749.35,11749.35,NULL,NULL,NULL
5363,POSTCASH,0,1,RT,2025-04-03 00:00:00,2025-04-04 00:00:00,2436,ACH040325,USD,4653.4,4653.4,NULL,NULL,NULL
5364,POSTCASH,0,2,RT,2025-04-02 00:00:00,2025-04-04 00:00:00,2420,ACH040225,USD,3000,3000,NULL,NULL,NULL
5365,UACASH,0,1,RT,2025-04-07 00:00:00,2025-04-07 00:00:00,2252,CK 2567,USD,3985,3985,NULL,NULL,NULL
5366,UACASH-APP,0,1,RT,2025-04-07 00:00:00,2025-04-07 00:00:00,2252,CK 2567,USD,3750,3750,NULL,NULL,NULL
5367,POSTCASH,0,1,RT,2025-04-07 00:00:00,2025-04-07 00:00:00,2201,CK 77421,USD,200,200,NULL,NULL,NULL
5368,POSTCASH,0,1,RT,2025-04-07 00:00:00,2025-04-07 00:00:00,1680,C7002236132,USD,250,250,NULL,NULL,NULL
5369,POSTCASH,0,2,RT,2025-04-07 00:00:00,2025-04-07 00:00:00,1612,CK 7889,USD,13253.2,13253.2,NULL,NULL,NULL
5370,POSTCASH,0,1,RT,2025-04-07 00:00:00,2025-04-07 00:00:00,1474,CK 43838,USD,6646.4,6646.4,NULL,NULL,NULL
5371,POSTCASH,0,1,RT,2025-04-06 00:00:00,2025-04-08 00:00:00,1869,ACH040625,USD,10996.8,10996.8,NULL,NULL,NULL
5372,POSTCASH,0,2,RT,2025-04-07 00:00:00,2025-04-08 00:00:00,1712,ACH040725,USD,4072.8,4072.8,NULL,NULL,NULL
5373,POSTCASH,0,1,RT,2025-04-07 00:00:00,2025-04-08 00:00:00,2115,ACH040725,USD,61.32,61.32,NULL,NULL,NULL
5374,POSTCASH,0,2,RT,2025-04-07 00:00:00,2025-04-08 00:00:00,2420,WIR040325,USD,3300,3300,NULL,NULL,NULL
5375,POSTCASH,0,4,RT,2025-04-09 00:00:00,2025-04-09 00:00:00,2035,ACH040925,USD,22623,22623,NULL,NULL,NULL
5376,POSTCASH,0,1,RT,2025-04-09 00:00:00,2025-04-09 00:00:00,2452,ACH040925,USD,2387,2387,NULL,NULL,NULL
5377,POSTCASH,0,2,RT,2025-04-09 00:00:00,2025-04-10 00:00:00,1672,ACH040925,USD,20280,20280,NULL,NULL,NULL
5378,POSTCASH,0,1,RT,2025-04-08 00:00:00,2025-04-10 00:00:00,2106,DEP040825,USD,1245,1245,NULL,NULL,NULL
5379,POSTCASH,0,1,RT,2025-04-11 00:00:00,2025-04-11 00:00:00,2412,ACH041125,USD,1454.4,1454.4,NULL,NULL,NULL
5380,POSTCASH,0,4,RT,2025-04-14 00:00:00,2025-04-14 00:00:00,1879,ACH041425,USD,34583.85,34583.85,NULL,NULL,NULL
5381,POSTCASH,0,2,RT,2025-04-14 00:00:00,2025-04-14 00:00:00,2075,ACH041425,USD,20626.5,20626.5,NULL,NULL,NULL
5382,UACASH,0,1,RT,2025-04-11 00:00:00,2025-04-16 00:00:00,1137,ACH041125,USD,17879.93,17879.93,NULL,NULL,NULL
5383,UACASH-APP,0,4,RT,2025-04-16 00:00:00,2025-04-16 00:00:00,1137,ACH041125,USD,16159.53,16159.53,NULL,NULL,NULL
5384,POSTCASH,0,1,RT,2025-04-15 00:00:00,2025-04-17 00:00:00,2417,ACH041525,USD,2150.5,2150.5,NULL,NULL,NULL
5385,POSTCASH,0,1,RT,2025-04-16 00:00:00,2025-04-17 00:00:00,1775,ACH041625,USD,750,750,NULL,NULL,NULL
5386,POSTCASH,0,1,RT,2025-04-15 00:00:00,2025-04-17 00:00:00,2115,ACH041525,USD,194.3,194.3,NULL,NULL,NULL
5387,POSTCASH,0,1,RT,2025-04-16 00:00:00,2025-04-17 00:00:00,2115,ACH041625,USD,262.8,262.8,NULL,NULL,NULL
5388,POSTCASH,0,1,RT,2025-04-15 00:00:00,2025-04-17 00:00:00,2105,ACH041525,USD,1100,1100,NULL,NULL,NULL
5389,POSTCASH,0,2,RT,2025-04-17 00:00:00,2025-04-17 00:00:00,1680,7002249151,USD,750,750,NULL,NULL,NULL
5390,POSTCASH,0,2,RT,2025-04-17 00:00:00,2025-04-17 00:00:00,1802,7002249151,USD,500,500,NULL,NULL,NULL
5391,POSTCASH,0,1,RT,2025-04-22 00:00:00,2025-04-22 00:00:00,2514,CK 5805,USD,250,250,NULL,NULL,NULL
5392,POSTCASH,0,1,RT,2025-04-22 00:00:00,2025-04-22 00:00:00,1108,CK 217543,USD,8327.5,8327.5,NULL,NULL,NULL
5393,POSTCASH,0,1,RT,2025-04-22 00:00:00,2025-04-22 00:00:00,1680,7002263149,USD,250,250,NULL,NULL,NULL
5394,POSTCASH,0,1,RT,2025-04-22 00:00:00,2025-04-22 00:00:00,1879,ACH042225,USD,8597.4,8597.4,NULL,NULL,NULL
5395,POSTCASH,0,3,RT,2025-04-21 00:00:00,2025-04-22 00:00:00,1712,ACH042125,USD,3238.87,3238.87,NULL,NULL,NULL
5396,POSTCASH,0,1,RT,2025-04-21 00:00:00,2025-04-22 00:00:00,1578,ACH042125,USD,2610,2610,NULL,NULL,NULL
5397,POSTCASH,0,2,RT,2025-04-18 00:00:00,2025-04-22 00:00:00,2412,ACH041825,USD,4299.56,4299.56,NULL,NULL,NULL
5398,POSTCASH,0,1,RT,2025-04-22 00:00:00,2025-04-22 00:00:00,1111,ACH041825,USD,9722.4,9722.4,NULL,NULL,NULL
5399,POSTCASH,0,6,RT,2025-04-22 00:00:00,2025-04-22 00:00:00,1137,ACH041825,USD,25456.32,25456.32,NULL,NULL,NULL
5400,POSTCASH,0,3,RT,2025-04-22 00:00:00,2025-04-22 00:00:00,1114,CK 126653,USD,22463.4,22463.4,NULL,NULL,NULL
5401,POSTCASH,0,2,RT,2025-04-23 00:00:00,2025-04-24 00:00:00,1672,ACH042325,USD,6261.6,6261.6,NULL,NULL,NULL
5402,POSTCASH,0,1,RT,2025-04-24 00:00:00,2025-04-24 00:00:00,2436,ACH042425,USD,7098.66,7098.66,NULL,NULL,NULL
5403,POSTCASH,0,3,RT,2025-04-25 00:00:00,2025-04-29 00:00:00,1137,ACH042525,USD,4965.4,4965.4,NULL,NULL,NULL
5404,POSTCASH,0,1,RT,2025-04-25 00:00:00,2025-04-29 00:00:00,1577,ACH042525,USD,9943.47,9943.47,NULL,NULL,NULL
5405,POSTCASH,0,1,RT,2025-04-24 00:00:00,2025-04-29 00:00:00,2114,ACH04242025,USD,2390.7,2390.7,NULL,NULL,NULL
5406,POSTCASH,0,2,RT,2025-04-29 00:00:00,2025-04-29 00:00:00,1578,ACH042825,USD,10116.4,10116.4,NULL,NULL,NULL
5407,POSTCASH,0,5,RT,2025-04-25 00:00:00,2025-04-29 00:00:00,2412,ACH042525,USD,7037.64,7037.64,NULL,NULL,NULL
5408,POSTCASH,0,4,RT,2025-04-29 00:00:00,2025-04-29 00:00:00,1879,ACH042925,USD,31674.61,31674.61,NULL,NULL,NULL
5409,POSTCASH,0,5,RT,2025-04-29 00:00:00,2025-04-29 00:00:00,2035,ACH042925,USD,34227.21,34227.21,NULL,NULL,NULL
5410,POSTCASH,0,1,RT,2025-04-28 00:00:00,2025-04-29 00:00:00,1108,CK 217666,USD,4404.5,4404.5,NULL,NULL,NULL
5411,POSTCASH,0,1,RT,2025-04-28 00:00:00,2025-04-29 00:00:00,1474,CK 43964,USD,4969.8,4969.8,NULL,NULL,NULL
5412,POSTCASH,0,1,RT,2025-04-29 00:00:00,2025-04-29 00:00:00,1785,CK 7527,USD,250,250,NULL,NULL,NULL
5413,POSTCASH,0,1,RT,2025-04-28 00:00:00,2025-04-29 00:00:00,1565,CK 7855,USD,6969.6,6969.6,NULL,NULL,NULL
5414,POSTCASH,0,1,RT,2025-04-29 00:00:00,2025-04-30 00:00:00,2494,882985843,USD,250,250,NULL,NULL,NULL
5415,POSTCASH,0,1,RT,2025-05-01 00:00:00,2025-05-02 00:00:00,1500,ACH050125,USD,9840.6,9840.6,NULL,NULL,NULL
5416,POSTCASH,0,3,RT,2025-05-02 00:00:00,2025-05-02 00:00:00,1137,ACH050225,USD,4771.8,4771.8,NULL,NULL,NULL
5417,POSTCASH,0,1,RT,2025-05-01 00:00:00,2025-05-02 00:00:00,1933,ACH050125,USD,4470,4470,NULL,NULL,NULL
5418,POSTCASH,0,1,RT,2025-04-29 00:00:00,2025-05-02 00:00:00,2420,WIR042925,USD,2500,2500,NULL,NULL,NULL
5419,POSTCASH,0,2,RT,2025-04-30 00:00:00,2025-05-02 00:00:00,2420,WIR043025,USD,2500,2500,NULL,NULL,NULL
5420,POSTCASH,0,2,RT,2025-05-01 00:00:00,2025-05-02 00:00:00,2420,WIR050125,USD,2300,2300,NULL,NULL,NULL
5421,POSTCASH,0,1,RT,2025-05-01 00:00:00,2025-05-02 00:00:00,1866,ACH050125,USD,1483.2,1483.2,NULL,NULL,NULL
5422,POSTCASH,0,1,RT,2025-05-01 00:00:00,2025-05-02 00:00:00,2035,ACH050125,USD,8449.14,8449.14,NULL,NULL,NULL
5423,POSTCASH,0,2,RT,2025-05-05 00:00:00,2025-05-06 00:00:00,1712,ACH050525,USD,2981.4,2981.4,NULL,NULL,NULL
5424,UACASH,0,1,SA,2025-04-21 00:00:00,2025-05-06 00:00:00,1108,CK 217542,USD,204,204,NULL,NULL,NULL
5425,POSTCASH,0,1,SA,2025-05-06 00:00:00,2025-05-06 00:00:00,1879,ACH050625,USD,8708.49,8708.49,NULL,NULL,NULL
5426,POSTCASH,0,1,RT,2025-05-05 00:00:00,2025-05-07 00:00:00,1108,CK 217785,USD,7387.5,7387.5,NULL,NULL,NULL
5427,POSTCASH,0,1,RT,2025-05-06 00:00:00,2025-05-07 00:00:00,2412,ACH050625,USD,1900.8,1900.8,NULL,NULL,NULL
5428,POSTCASH,0,1,RT,2025-05-05 00:00:00,2025-05-07 00:00:00,2420,WIR050225,USD,2700,2700,NULL,NULL,NULL
5429,POSTCASH,0,4,RT,2025-05-08 00:00:00,2025-05-08 00:00:00,1672,ACH050825,USD,36566.8,36566.8,NULL,NULL,NULL
5430,POSTCASH,0,1,RT,2025-05-09 00:00:00,2025-05-09 00:00:00,1466,CK 13798,USD,18148,18148,NULL,NULL,NULL
5431,POSTCASH,0,1,RT,2025-05-13 00:00:00,2025-05-13 00:00:00,1287,ACH050625,USD,1000,1000,NULL,NULL,NULL
5432,POSTCASH,0,1,RT,2025-05-13 00:00:00,2025-05-13 00:00:00,1111,ACJ050925,USD,947.65,947.65,NULL,NULL,NULL
5433,POSTCASH,0,1,RT,2025-05-12 00:00:00,2025-05-13 00:00:00,1137,ACH051225,USD,1460.8,1460.8,NULL,NULL,NULL
5434,POSTCASH,0,2,RT,2025-05-12 00:00:00,2025-05-13 00:00:00,2412,ACH051225,USD,3429.36,3429.36,NULL,NULL,NULL
5435,POSTCASH,0,1,RT,2025-05-09 00:00:00,2025-05-13 00:00:00,1299,WIR050925,USD,11124.86,11124.86,NULL,NULL,NULL
5436,POSTCASH,0,9,RT,2025-05-13 00:00:00,2025-05-15 00:00:00,1879,ACH051325,USD,83819.98,83819.98,NULL,NULL,NULL
5437,POSTCASH,0,2,RT,2025-05-14 00:00:00,2025-05-15 00:00:00,1712,ACH051425,USD,2074.2,2074.2,NULL,NULL,NULL
5438,POSTCASH,0,1,RT,2025-05-09 00:00:00,2025-05-16 00:00:00,1680,7000230194,USD,250,250,NULL,NULL,NULL
5439,POSTCASH,0,2,RT,2025-05-16 00:00:00,2025-05-16 00:00:00,1111,ACH051625,USD,8978.9,8978.9,NULL,NULL,NULL
5440,POSTCASH,0,5,RT,2025-05-16 00:00:00,2025-05-16 00:00:00,1137,ACH051625,USD,8313.36,8313.36,NULL,NULL,NULL
5441,POSTCASH,0,1,RT,2025-05-14 00:00:00,2025-05-16 00:00:00,2615,ACH051425,USD,9023.84,9023.84,NULL,NULL,NULL
5442,POSTCASH,0,1,RT,2025-05-15 00:00:00,2025-05-16 00:00:00,1565,CK 8017,USD,5076,5076,NULL,NULL,NULL
5443,UNDO-POSTCASH,0,1,RT,2025-05-16 00:00:00,2025-05-16 00:00:00,1565,CK 8017,USD,5076,5076,NULL,NULL,NULL
5444,POSTCASH,0,1,RT,2025-05-15 00:00:00,2025-05-16 00:00:00,1565,CK 8017,USD,5076,5076,NULL,NULL,NULL
5445,POSTCASH,0,1,RT,2025-05-19 00:00:00,2025-05-19 00:00:00,1891,ACH051925,USD,8509.7,8509.7,NULL,NULL,NULL
5446,POSTCASH,0,1,RT,2025-05-19 00:00:00,2025-05-19 00:00:00,1577,ACH051925,USD,10000,10000,NULL,NULL,NULL
5447,POSTCASH,0,1,RT,2025-05-19 00:00:00,2025-05-20 00:00:00,2436,ACH051925,USD,6732,6732,NULL,NULL,NULL
5448,UNDO-POSTCASH,0,1,RT,2025-05-21 00:00:00,2025-05-21 00:00:00,1672,ACH042325,USD,4476,4476,NULL,NULL,NULL
5449,POSTCASH,0,1,RT,2025-04-23 00:00:00,2025-05-21 00:00:00,1672,ACH042325,USD,4476,4476,NULL,NULL,NULL
5450,POSTCASH,0,1,RT,2025-05-20 00:00:00,2025-05-22 00:00:00,2115,ACH052025,USD,265.14,265.14,NULL,NULL,NULL
5451,POSTCASH,0,1,RT,2025-05-20 00:00:00,2025-05-22 00:00:00,2417,ACH052025,USD,1700,1700,NULL,NULL,NULL
5452,POSTCASH,0,1,RT,2025-05-20 00:00:00,2025-05-22 00:00:00,2075,ACH052025,USD,10035.5,10035.5,NULL,NULL,NULL
5453,POSTCASH,0,6,RT,2025-05-20 00:00:00,2025-05-22 00:00:00,1879,ACH052025,USD,50646.87,50646.87,NULL,NULL,NULL
5454,POSTCASH,0,1,RT,2025-05-21 00:00:00,2025-05-22 00:00:00,1202,ACJ052125,USD,6468.15,6468.15,NULL,NULL,NULL
5455,POSTCASH,0,3,RT,2025-05-21 00:00:00,2025-05-22 00:00:00,2035,ACH052125,USD,29728.79,29728.79,NULL,NULL,NULL
5456,POSTCASH,0,1,RT,2025-05-22 00:00:00,2025-05-22 00:00:00,1474,ACH052225,USD,13217.05,13217.05,NULL,NULL,NULL
5457,POSTCASH,0,4,RT,2025-05-23 00:00:00,2025-05-23 00:00:00,2412,ACH052325,USD,8901.44,8901.44,NULL,NULL,NULL
5458,UACASH-APP,0,1,RT,2025-05-23 00:00:00,2025-05-23 00:00:00,1137,ACH041125,USD,1720.4,1720.4,NULL,NULL,NULL
5459,UACASH,0,1,RT,2025-04-04 00:00:00,2025-05-27 00:00:00,1287,WIR040425,USD,1500,1500,NULL,NULL,NULL
5460,UACASH-APP,0,1,RT,2025-05-27 00:00:00,2025-05-27 00:00:00,1287,WIR040425,USD,1500,1500,NULL,NULL,NULL
5461,UACASH,0,1,RT,2025-04-24 00:00:00,2025-05-27 00:00:00,1287,WIR042425,USD,1500,1500,NULL,NULL,NULL
5462,UACASH-APP,0,1,RT,2025-05-27 00:00:00,2025-05-27 00:00:00,1287,WIR042425,USD,1500,1500,NULL,NULL,NULL
5463,UNDO-POSTCASH,0,1,RT,2025-05-28 00:00:00,2025-05-28 00:00:00,1680,7002249151,USD,500,500,NULL,NULL,NULL
5464,UNDO-POSTCASH,0,1,RT,2025-05-28 00:00:00,2025-05-28 00:00:00,1680,7002249151,USD,250,250,NULL,NULL,NULL
5465,UNDO-POSTCASH,0,1,RT,2025-05-28 00:00:00,2025-05-28 00:00:00,1802,7002249151,USD,250,250,NULL,NULL,NULL
5466,UNDO-POSTCASH,0,1,RT,2025-05-28 00:00:00,2025-05-28 00:00:00,1802,7002249151,USD,250,250,NULL,NULL,NULL
5467,POSTCASH,0,2,RT,2025-04-21 00:00:00,2025-05-28 00:00:00,1802,C7002249151,USD,500,500,NULL,NULL,NULL
5468,POSTCASH,0,2,RT,2025-04-21 00:00:00,2025-05-28 00:00:00,1680,C7002249151,USD,750,750,NULL,NULL,NULL
5469,POSTCASH,0,1,RT,2025-05-27 00:00:00,2025-05-28 00:00:00,1578,ACH052725,USD,4442.4,4442.4,NULL,NULL,NULL
5470,POSTCASH,0,1,RT,2025-05-27 00:00:00,2025-05-29 00:00:00,1933,ACH052725,USD,4326,4326,NULL,NULL,NULL
5471,POSTCASH,0,1,RT,2025-05-27 00:00:00,2025-05-29 00:00:00,1938,ACH052725,USD,3843.35,3843.35,NULL,NULL,NULL
5472,POSTCASH,0,2,RT,2025-05-28 00:00:00,2025-05-29 00:00:00,2420,WIR052825,USD,2000,2000,NULL,NULL,NULL
5473,UACASH,0,1,RT,2025-05-20 00:00:00,2025-05-30 00:00:00,2417,ACH052025,USD,3128,3128,NULL,NULL,NULL
5474,UACASH-APP,0,1,RT,2025-05-30 00:00:00,2025-05-30 00:00:00,2417,ACH052025,USD,2892.48,2892.48,NULL,NULL,NULL
5475,POSTCASH,0,1,RT,2025-05-30 00:00:00,2025-05-30 00:00:00,2436,ACH053025,USD,7800,7800,NULL,NULL,NULL
5476,POSTCASH,0,1,RT,2025-05-30 00:00:00,2025-05-30 00:00:00,1137,ACH053025,USD,1680.03,1680.03,NULL,NULL,NULL
5477,POSTCASH,0,1,RT,2025-05-30 00:00:00,2025-05-30 00:00:00,2115,ACH053025,USD,8523.48,8523.48,NULL,NULL,NULL
5478,POSTCASH,0,1,RT,2025-05-30 00:00:00,2025-05-30 00:00:00,2412,ACH053025,USD,1086.96,1086.96,NULL,NULL,NULL
5479,POSTCASH,0,3,RT,2025-05-30 00:00:00,2025-05-30 00:00:00,2354,ACH053025,USD,26299.77,26299.77,NULL,NULL,NULL
5480,POSTCASH,0,1,RT,2025-06-03 00:00:00,2025-06-04 00:00:00,1879,ACH060325,USD,8363.88,8363.88,NULL,NULL,NULL
5481,POSTCASH,0,2,RT,2025-05-30 00:00:00,2025-06-04 00:00:00,2420,CK 334,USD,2000,2000,NULL,NULL,NULL
5482,POSTCASH,0,2,RT,2025-06-02 00:00:00,2025-06-04 00:00:00,2420,CK 341,USD,3000,3000,NULL,NULL,NULL
5483,POSTCASH,0,2,RT,2025-06-03 00:00:00,2025-06-04 00:00:00,2420,CK 342,USD,3000,3000,NULL,NULL,NULL
5484,POSTCASH,0,1,RT,2025-06-03 00:00:00,2025-06-04 00:00:00,1700,CK 27508,USD,3375,3375,NULL,NULL,NULL
5485,POSTCASH,0,1,RT,2025-06-03 00:00:00,2025-06-04 00:00:00,2605,CK 8163,USD,352.4,352.4,NULL,NULL,NULL
5486,POSTCASH,0,2,RT,2025-06-03 00:00:00,2025-06-04 00:00:00,2520,CK 328113,USD,600,600,NULL,NULL,NULL
5487,POSTCASH,0,1,RT,2025-06-03 00:00:00,2025-06-04 00:00:00,2155,CK 12022,USD,5703.6,5703.6,NULL,NULL,NULL
5488,POSTCASH,0,1,RT,2025-06-03 00:00:00,2025-06-04 00:00:00,2429,CK 188376,USD,200,200,NULL,NULL,NULL
5489,UACASH,0,1,RT,2025-05-23 00:00:00,2025-06-05 00:00:00,1287,WIR052325,USD,1500,1500,NULL,NULL,NULL
5490,UACASH,0,1,RT,2025-05-28 00:00:00,2025-06-05 00:00:00,1287,WIR052825,USD,1500,1500,NULL,NULL,NULL
5491,POSTCASH,0,3,RT,2025-06-03 00:00:00,2025-06-05 00:00:00,1935,ACH060325,USD,9200,9200,NULL,NULL,NULL
5492,UNDO-POSTCASH,0,1,RT,2025-06-06 00:00:00,2025-06-06 00:00:00,1700,CK 27508,USD,3375,3375,NULL,NULL,NULL
5493,POSTCASH,0,1,RT,2025-06-06 00:00:00,2025-06-06 00:00:00,1700,CK 27508,USD,3375,3375,NULL,NULL,NULL
5494,UNDO-POSTCASH,0,1,RT,2025-06-06 00:00:00,2025-06-06 00:00:00,2605,CK 8163,USD,352.4,352.4,NULL,NULL,NULL
5495,POSTCASH,0,1,RT,2025-06-06 00:00:00,2025-06-06 00:00:00,2605,CK 8163,USD,352.4,352.4,NULL,NULL,NULL
5496,UNDO-POSTCASH,0,1,RT,2025-06-06 00:00:00,2025-06-06 00:00:00,2155,CK 12022,USD,5703.6,5703.6,NULL,NULL,NULL
5497,POSTCASH,0,1,RT,2025-06-06 00:00:00,2025-06-06 00:00:00,2155,CK 12022,USD,5703.6,5703.6,NULL,NULL,NULL
5498,UNDO-POSTCASH,0,1,RT,2025-06-06 00:00:00,2025-06-06 00:00:00,2429,CK 188376,USD,200,200,NULL,NULL,NULL
5499,POSTCASH,0,1,RT,2025-06-06 00:00:00,2025-06-06 00:00:00,2429,CK 188376,USD,200,200,NULL,NULL,NULL
5500,UNDO-POSTCASH,0,1,RT,2025-06-06 00:00:00,2025-06-06 00:00:00,2520,CK 328113,USD,300,300,NULL,NULL,NULL
5501,UNDO-POSTCASH,0,1,RT,2025-06-06 00:00:00,2025-06-06 00:00:00,2520,CK 328113,USD,300,300,NULL,NULL,NULL
5502,POSTCASH,0,2,RT,2025-06-06 00:00:00,2025-06-06 00:00:00,2520,CK 328113,USD,600,600,NULL,NULL,NULL
5503,POSTCASH,0,1,RT,2025-06-06 00:00:00,2025-06-06 00:00:00,1108,CK 218328,USD,9975.4,9975.4,NULL,NULL,NULL
5504,POSTCASH,0,2,RT,2025-06-04 00:00:00,2025-06-06 00:00:00,1612,CK 7918,USD,21675.56,21675.56,NULL,NULL,NULL
5505,POSTCASH,0,2,RT,2025-06-04 00:00:00,2025-06-06 00:00:00,1114,CK 127256,USD,20579.7,20579.7,NULL,NULL,NULL
5506,POSTCASH,0,1,RT,2025-06-06 00:00:00,2025-06-06 00:00:00,2075,ACH060625,USD,10222.5,10222.5,NULL,NULL,NULL
5507,POSTCASH,0,1,RT,2025-06-06 00:00:00,2025-06-06 00:00:00,2412,ACH060625,USD,2625.84,2625.84,NULL,NULL,NULL
5508,POSTCASH,0,1,RT,2025-06-06 00:00:00,2025-06-06 00:00:00,1577,ACH060625,USD,6251,6251,NULL,NULL,NULL
5509,POSTCASH,0,1,RT,2025-06-06 00:00:00,2025-06-06 00:00:00,2436,ACH060625,USD,7728,7728,NULL,NULL,NULL
5510,POSTCASH,0,1,RT,2025-06-09 00:00:00,2025-06-09 00:00:00,2086,ACH060925,USD,3289.6,3289.6,NULL,NULL,NULL
5511,POSTCASH,0,2,RT,2025-06-10 00:00:00,2025-06-10 00:00:00,1137,ACH060625,USD,2732.4,2732.4,NULL,NULL,NULL
5512,POSTCASH,0,3,RT,2025-06-10 00:00:00,2025-06-11 00:00:00,2046,CK 1589,USD,4175,4175,NULL,NULL,NULL
5513,POSTCASH,0,5,RT,2025-06-13 00:00:00,2025-06-13 00:00:00,1111,ACH061325,USD,6738.05,6738.05,NULL,NULL,NULL
5514,POSTCASH,0,1,RT,2025-06-13 00:00:00,2025-06-13 00:00:00,1577,ACH061325,USD,9770,9770,NULL,NULL,NULL
5515,POSTCASH,0,1,RT,2025-06-11 00:00:00,2025-06-13 00:00:00,1891,ACH061125,USD,8769.6,8769.6,NULL,NULL,NULL
5516,POSTCASH,0,1,RT,2025-06-11 00:00:00,2025-06-13 00:00:00,2115,ACH061125,USD,345.89,345.89,NULL,NULL,NULL
5517,POSTCASH,0,1,RT,2025-06-13 00:00:00,2025-06-13 00:00:00,1775,ACH061325,USD,1050,1050,NULL,NULL,NULL
5518,POSTCASH,0,6,RT,2025-06-12 00:00:00,2025-06-13 00:00:00,2618,ACH061225,USD,3150,3150,NULL,NULL,NULL
5519,POSTCASH,0,1,RT,2025-06-16 00:00:00,2025-06-16 00:00:00,1869,ACH061625,USD,4867,4867,NULL,NULL,NULL
5520,POSTCASH,0,1,RT,2025-06-16 00:00:00,2025-06-16 00:00:00,1578,ACH061625,USD,7020,7020,NULL,NULL,NULL
5521,POSTCASH,0,3,RT,2025-06-17 00:00:00,2025-06-19 00:00:00,2412,ACH061725,USD,6107.6,6107.6,NULL,NULL,NULL
5522,POSTCASH,0,1,RT,2025-06-18 00:00:00,2025-06-19 00:00:00,2030,ACH061825,USD,4140,4140,NULL,NULL,NULL
5523,POSTCASH,0,1,RT,2025-06-20 00:00:00,2025-06-20 00:00:00,1577,ACH062025,USD,3865,3865,NULL,NULL,NULL
5524,POSTCASH,0,2,RT,2025-06-23 00:00:00,2025-06-23 00:00:00,1137,ACH062325,USD,2941.69,2941.69,NULL,NULL,NULL
5525,POSTCASH,0,1,RT,2025-06-23 00:00:00,2025-06-23 00:00:00,1202,ACH062325,USD,7168.22,7168.22,NULL,NULL,NULL
5526,POSTCASH,0,1,RT,2025-06-23 00:00:00,2025-06-23 00:00:00,1869,ACH062325,USD,6659.1,6659.1,NULL,NULL,NULL
5527,POSTCASH,0,2,RT,2025-06-20 00:00:00,2025-06-23 00:00:00,2618,ACH062025,USD,1050,1050,NULL,NULL,NULL
5528,POSTCASH,0,1,RT,2025-06-23 00:00:00,2025-06-23 00:00:00,2035,ACH062325,USD,9924.21,9924.21,NULL,NULL,NULL
5529,POSTCASH,0,1,RT,2025-06-23 00:00:00,2025-06-23 00:00:00,1879,ACH062325,USD,8525.37,8525.37,NULL,NULL,NULL
5530,POSTCASH,0,1,RT,2025-06-23 00:00:00,2025-06-23 00:00:00,1111,ACH062325,USD,2055.35,2055.35,NULL,NULL,NULL
5531,POSTCASH,0,1,RT,2025-06-23 00:00:00,2025-06-24 00:00:00,2417,ACH062325,USD,1523.98,1523.98,NULL,NULL,NULL
5532,POSTCASH,0,8,RT,2025-06-23 00:00:00,2025-06-24 00:00:00,1466,CK 13842,USD,4884,4884,NULL,NULL,NULL
5533,POSTCASH,0,2,RT,2025-06-23 00:00:00,2025-06-24 00:00:00,1712,CK VV018,USD,2282.6,2282.6,NULL,NULL,NULL
5534,UACASH-UNDO,0,1,RT,2025-06-25 00:00:00,2025-06-25 00:00:00,1287,WIR052325,USD,1500,1500,NULL,NULL,NULL
5535,UACASH-UNDO,0,1,RT,2025-06-25 00:00:00,2025-06-25 00:00:00,1287,WIR052825,USD,1500,1500,NULL,NULL,NULL
5536,UACASH,0,1,RT,2025-05-23 00:00:00,2025-06-25 00:00:00,1539,ACH052325,USD,1500,1500,NULL,NULL,NULL
5537,UACASH,0,1,RT,2025-05-28 00:00:00,2025-06-25 00:00:00,1539,ACH052825,USD,1500,1500,NULL,NULL,NULL
5538,UACASH-APP,0,1,RT,2025-06-25 00:00:00,2025-06-25 00:00:00,1539,ACH052325,USD,1500,1500,NULL,NULL,NULL
5539,UACASH-APP,0,1,RT,2025-06-25 00:00:00,2025-06-25 00:00:00,1539,ACH052825,USD,1500,1500,NULL,NULL,NULL
5540,UACASH,0,1,RT,2025-06-20 00:00:00,2025-06-25 00:00:00,1539,ACH062025,USD,1500,1500,NULL,NULL,NULL
5541,UACASH-APP,0,1,RT,2025-06-25 00:00:00,2025-06-25 00:00:00,1539,ACH062025,USD,1500,1500,NULL,NULL,NULL
5542,UACASH-APP,0,1,RT,2025-06-25 00:00:00,2025-06-25 00:00:00,2316,ACH031925,USD,3800,3800,NULL,NULL,NULL
5543,UACASH-APP,0,1,RT,2025-06-25 00:00:00,2025-06-25 00:00:00,2316,ACH031925,USD,3800,3800,NULL,NULL,NULL
5544,UACASH-APP,0,1,RT,2025-06-25 00:00:00,2025-06-25 00:00:00,2316,ACH021825,USD,1000,1000,NULL,NULL,NULL
5545,UNDO-UACASH-APP,0,1,RT,2025-06-25 00:00:00,2025-06-25 00:00:00,2316,ACH021825,USD,1000,1000,NULL,NULL,NULL
5546,UACASH-APP,0,1,RT,2025-06-25 00:00:00,2025-06-25 00:00:00,2316,ACH021825,USD,1000,1000,NULL,NULL,NULL
5547,UACASH-APP,0,1,RT,2025-06-25 00:00:00,2025-06-25 00:00:00,2316,ACH022625,USD,2800,2800,NULL,NULL,NULL
5548,UACASH-APP,0,1,RT,2025-06-25 00:00:00,2025-06-25 00:00:00,2316,ACH022625,USD,3800,3800,NULL,NULL,NULL
5549,POSTCASH,0,1,RT,2025-06-25 00:00:00,2025-06-25 00:00:00,2436,ACH062525,USD,2900,2900,NULL,NULL,NULL
5550,POSTCASH,0,4,RT,2025-06-25 00:00:00,2025-06-25 00:00:00,2075,ACH062525,USD,38682.5,38682.5,NULL,NULL,NULL
5551,POSTCASH,0,1,RT,2025-06-24 00:00:00,2025-06-25 00:00:00,1114,CK 127462,USD,42697.2,42697.2,NULL,NULL,NULL
5552,POSTCASH,0,1,RT,2025-06-24 00:00:00,2025-06-25 00:00:00,2382,CK 7160,USD,1350,1350,NULL,NULL,NULL
5553,POSTCASH,0,1,RT,2025-06-24 00:00:00,2025-06-25 00:00:00,1357,CK 10433731,USD,1894.44,1894.44,NULL,NULL,NULL
5554,UACASH-APP,0,1,RT,2025-06-26 00:00:00,2025-06-26 00:00:00,2417,ACH052025,USD,235.52,235.52,NULL,NULL,NULL
5555,POSTCASH,0,1,RT,2025-06-27 00:00:00,2025-06-27 00:00:00,1137,ACH062725,USD,1384,1384,NULL,NULL,NULL
5556,POSTCASH,0,2,RT,2025-06-27 00:00:00,2025-06-27 00:00:00,1577,ACH062725,USD,20050,20050,NULL,NULL,NULL
5557,POSTCASH,0,1,RT,2025-06-26 00:00:00,2025-06-27 00:00:00,2436,ACH062625,USD,7275.6,7275.6,NULL,NULL,NULL
5558,POSTCASH,0,8,RT,2025-06-26 00:00:00,2025-06-27 00:00:00,2452,ACH062625,USD,28933,28933,NULL,NULL,NULL
5559,POSTCASH,0,1,RT,2025-06-27 00:00:00,2025-06-27 00:00:00,1486,CK 13947,USD,8993.6,8993.6,NULL,NULL,NULL
5560,POSTCASH,0,2,RT,2025-06-27 00:00:00,2025-06-27 00:00:00,2610,CK 31808,USD,400,400,NULL,NULL,NULL
5561,POSTCASH,0,1,RT,2025-06-27 00:00:00,2025-06-27 00:00:00,2424,CK 76259,USD,6144.75,6144.75,NULL,NULL,NULL
5562,UNDO-POSTCASH,0,1,RT,2025-06-27 00:00:00,2025-06-27 00:00:00,2424,CK 76259,USD,6144.75,6144.75,NULL,NULL,NULL
5563,POSTCASH,0,1,RT,2025-06-27 00:00:00,2025-06-27 00:00:00,2424,CK 76259,USD,6144.75,6144.75,NULL,NULL,NULL
5564,POSTCASH,0,1,RT,2025-06-30 00:00:00,2025-06-30 00:00:00,2629,CK 2332,USD,2352.9,2352.9,NULL,NULL,NULL
5565,POSTCASH,0,3,RT,2025-06-30 00:00:00,2025-06-30 00:00:00,1139,C2001312366,USD,364.63,364.63,NULL,NULL,NULL
5566,POSTCASH,0,3,RT,2025-06-20 00:00:00,2025-06-30 00:00:00,2412,ACH062025,USD,2690.32,2690.32,NULL,NULL,NULL
5567,POSTCASH,0,3,RT,2025-06-30 00:00:00,2025-06-30 00:00:00,2412,ACH063025,USD,7039.2,7039.2,NULL,NULL,NULL
5568,POSTCASH,0,1,RT,2025-06-30 00:00:00,2025-06-30 00:00:00,2622,ACH063025,USD,724.85,724.85,NULL,NULL,NULL
5569,POSTCASH,0,1,RT,2025-06-30 00:00:00,2025-06-30 00:00:00,1891,ACH063025,USD,8990.4,8990.4,NULL,NULL,NULL
5570,POSTCASH,0,1,RT,2025-06-30 00:00:00,2025-06-30 00:00:00,2105,ACH063025,USD,1002.4,1002.4,NULL,NULL,NULL
5571,POSTCASH,0,2,RT,2025-06-24 00:00:00,2025-07-01 00:00:00,1636,ACH062425,USD,4773,4773,NULL,NULL,NULL
5572,POSTCASH,0,2,RT,2025-07-03 00:00:00,2025-07-03 00:00:00,1111,ACH070325,USD,18811.8,18811.8,NULL,NULL,NULL
5573,POSTCASH,0,2,RT,2025-07-01 00:00:00,2025-07-03 00:00:00,2420,CK 488,USD,2000,2000,NULL,NULL,NULL
5574,POSTCASH,0,1,RT,2025-07-01 00:00:00,2025-07-03 00:00:00,2181,ACH070125,USD,300,300,NULL,NULL,NULL
5575,UACASH,0,1,RT,2025-07-03 00:00:00,2025-07-08 00:00:00,1137,ACH070325,USD,4778.9,4778.9,NULL,NULL,NULL
5576,UACASH-APP,0,3,RT,2025-07-08 00:00:00,2025-07-08 00:00:00,1137,ACH070325,USD,4778.9,4778.9,NULL,NULL,NULL
5577,POSTCASH,0,1,RT,2025-07-07 00:00:00,2025-07-08 00:00:00,2398,ACH070725,USD,2611,2611,NULL,NULL,NULL
5578,POSTCASH,0,1,RT,2025-07-07 00:00:00,2025-07-11 00:00:00,2412,ACH070725,USD,878.16,878.16,NULL,NULL,NULL
5579,POSTCASH,0,1,RT,2025-07-07 00:00:00,2025-07-11 00:00:00,2420,CK 468,USD,2500,2500,NULL,NULL,NULL
5580,POSTCASH,0,2,RT,2025-07-08 00:00:00,2025-07-11 00:00:00,2420,CK 469,USD,2500,2500,NULL,NULL,NULL
5581,POSTCASH,0,1,RT,2025-07-08 00:00:00,2025-07-11 00:00:00,2420,CK 470,USD,1000,1000,NULL,NULL,NULL
5582,POSTCASH,0,3,RT,2025-07-10 00:00:00,2025-07-11 00:00:00,2585,ACH071025,USD,30069.8,30069.8,NULL,NULL,NULL
5583,POSTCASH,0,1,RT,2025-07-09 00:00:00,2025-07-11 00:00:00,1866,ACH070925,USD,2090,2090,NULL,NULL,NULL
5584,POSTCASH,0,3,RT,2025-07-11 00:00:00,2025-07-11 00:00:00,1137,ACH071125,USD,3112.8,3112.8,NULL,NULL,NULL
5585,POSTCASH,0,1,RT,2025-07-11 00:00:00,2025-07-11 00:00:00,2412,ACH071125,USD,2219.4,2219.4,NULL,NULL,NULL
5586,POSTCASH,0,1,RT,2025-07-11 00:00:00,2025-07-11 00:00:00,1565,CK 8432,USD,5353.6,5353.6,NULL,NULL,NULL
5587,POSTCASH,0,1,RT,2025-07-11 00:00:00,2025-07-11 00:00:00,1802,7002380160,USD,250,250,NULL,NULL,NULL
5588,POSTCASH,0,1,RT,2025-07-11 00:00:00,2025-07-11 00:00:00,1377,CK 20013182,USD,12.1,12.1,NULL,NULL,NULL
5589,POSTCASH,0,2,RT,2025-07-11 00:00:00,2025-07-14 00:00:00,1577,ACH071125,USD,7745.3,7745.3,NULL,NULL,NULL
5590,POSTCASH,0,1,RT,2025-06-24 00:00:00,2025-07-15 00:00:00,2030,ACH062425,USD,290,290,NULL,NULL,NULL
5591,UACASH,0,1,RT,2025-06-30 00:00:00,2025-07-15 00:00:00,2420,CK 456,USD,2000,2000,NULL,NULL,NULL
5592,UACASH-APP,0,1,RT,2025-07-15 00:00:00,2025-07-15 00:00:00,2420,CK 456,USD,1962.3,1962.3,NULL,NULL,NULL
5593,POSTCASH,0,1,RT,2025-07-14 00:00:00,2025-07-15 00:00:00,1838,CK 14369,USD,300,300,NULL,NULL,NULL
5594,POSTCASH,0,1,RT,2025-07-14 00:00:00,2025-07-15 00:00:00,2615,ACH071425,USD,13814.18,13814.18,NULL,NULL,NULL
5595,POSTCASH,0,1,RT,2025-07-15 00:00:00,2025-07-15 00:00:00,1578,ACH071525,USD,6012,6012,NULL,NULL,NULL
5596,POSTCASH,0,1,RT,2025-07-15 00:00:00,2025-07-15 00:00:00,1866,ACH071525,USD,9394,9394,NULL,NULL,NULL
5597,POSTCASH,0,4,RT,2025-07-15 00:00:00,2025-07-15 00:00:00,2035,ACH071525,USD,31187.12,31187.12,NULL,NULL,NULL
5598,POSTCASH,0,1,RT,2025-07-18 00:00:00,2025-07-18 00:00:00,1474,CK 44260,USD,8097,8097,NULL,NULL,NULL
5599,POSTCASH,0,1,RT,2025-07-18 00:00:00,2025-07-18 00:00:00,2520,CK 329813,USD,300,300,NULL,NULL,NULL
5600,POSTCASH,0,1,RT,2025-07-17 00:00:00,2025-07-18 00:00:00,2442,ACH071725,USD,11542,11542,NULL,NULL,NULL
5601,POSTCASH,0,1,RT,2025-07-18 00:00:00,2025-07-18 00:00:00,2326,ACH071825,USD,2161.8,2161.8,NULL,NULL,NULL
5602,POSTCASH,0,1,RT,2025-07-18 00:00:00,2025-07-18 00:00:00,1137,ACH071825,USD,1312,1312,NULL,NULL,NULL
5603,UACASH,0,1,RT,2025-07-14 00:00:00,2025-07-18 00:00:00,1114,CK 127636,USD,49363.9,49363.9,NULL,NULL,NULL
5604,UACASH-APP,0,2,RT,2025-07-18 00:00:00,2025-07-18 00:00:00,1114,CK 127636,USD,10420.3,10420.3,NULL,NULL,NULL
5605,UNDO-UACASH-APP,0,1,RT,2025-07-18 00:00:00,2025-07-18 00:00:00,1114,CK 127636,USD,8425.3,8425.3,NULL,NULL,NULL
5606,UNDO-UACASH-APP,0,1,RT,2025-07-18 00:00:00,2025-07-18 00:00:00,1114,CK 127636,USD,1995,1995,NULL,NULL,NULL
5607,UACASH-APP,0,2,RT,2025-07-18 00:00:00,2025-07-18 00:00:00,1114,CK 127636,USD,10420.3,10420.3,NULL,NULL,NULL
5608,POSTCASH,0,1,RT,2025-07-21 00:00:00,2025-07-21 00:00:00,2585,ACH072125,USD,9804.2,9804.2,NULL,NULL,NULL
5609,UACASH,0,1,RT,2025-07-18 00:00:00,2025-07-21 00:00:00,2316,ACH071825,USD,12026.5,12026.5,NULL,NULL,NULL
5610,UACASH-APP,0,4,RT,2025-07-21 00:00:00,2025-07-21 00:00:00,2316,ACH071825,USD,636.5,636.5,NULL,NULL,NULL
5611,POSTCASH,0,1,RT,2025-07-14 00:00:00,2025-07-21 00:00:00,1539,ACH071425,USD,1500,1500,NULL,NULL,NULL
5612,POSTCASH,0,1,RT,2025-07-03 00:00:00,2025-07-23 00:00:00,2086,ACH070325,USD,1558.2,1558.2,NULL,NULL,NULL
5613,POSTCASH,0,1,RT,2025-07-24 00:00:00,2025-07-24 00:00:00,2585,ACH072425,USD,9700.8,9700.8,NULL,NULL,NULL
5614,POSTCASH,0,6,RT,2025-07-23 00:00:00,2025-07-24 00:00:00,1879,ACH072325,USD,52501.83,52501.83,NULL,NULL,NULL
5615,POSTCASH,0,1,RT,2025-07-23 00:00:00,2025-07-24 00:00:00,1866,ACH072325,USD,9372,9372,NULL,NULL,NULL
5616,POSTCASH,0,2,RT,2025-07-23 00:00:00,2025-07-24 00:00:00,2436,ACH072325,USD,7761.2,7761.2,NULL,NULL,NULL
5617,POSTCASH,0,1,RT,2025-07-25 00:00:00,2025-07-25 00:00:00,1672,ACH072525,USD,1245,1245,NULL,NULL,NULL
5618,POSTCASH,0,1,RT,2025-07-25 00:00:00,2025-07-25 00:00:00,1137,ACH072525,USD,1772.8,1772.8,NULL,NULL,NULL
5619,POSTCASH,0,1,RT,2025-07-25 00:00:00,2025-07-25 00:00:00,1577,ACH072525,USD,9890,9890,NULL,NULL,NULL
5620,POSTCASH,0,1,RT,2025-07-25 00:00:00,2025-07-28 00:00:00,2442,ACH072525,USD,11958,11958,NULL,NULL,NULL
5621,UACASH,0,1,RT,2025-07-24 00:00:00,2025-07-28 00:00:00,1539,ACH072425,USD,1250,1250,NULL,NULL,NULL
5622,POSTCASH,0,5,RT,2025-07-29 00:00:00,2025-08-01 00:00:00,1879,ACH072925,USD,49277.29,49277.29,NULL,NULL,NULL
5623,POSTCASH,0,2,RT,2025-08-01 00:00:00,2025-08-01 00:00:00,2086,ACH080125,USD,5779.7,5779.7,NULL,NULL,NULL
5624,POSTCASH,0,1,RT,2025-08-01 00:00:00,2025-08-01 00:00:00,2417,ACH080125,USD,3910,3910,NULL,NULL,NULL
5625,POSTCASH,0,1,RT,2025-08-01 00:00:00,2025-08-01 00:00:00,1137,ACH080125,USD,885.5,885.5,NULL,NULL,NULL
5626,POSTCASH,0,4,RT,2025-08-01 00:00:00,2025-08-01 00:00:00,2412,ACH080125,USD,3432.64,3432.64,NULL,NULL,NULL
5627,POSTCASH,0,7,RT,2025-07-30 00:00:00,2025-08-01 00:00:00,2452,ACH073025,USD,27754,27754,NULL,NULL,NULL
5628,POSTCASH,0,1,RT,2025-08-02 00:00:00,2025-08-04 00:00:00,1700,CK 27927,USD,3524.4,3524.4,NULL,NULL,NULL
5629,POSTCASH,0,1,RT,2025-08-02 00:00:00,2025-08-04 00:00:00,1139,2001334625,USD,130.13,130.13,NULL,NULL,NULL
5630,POSTCASH,0,1,RT,2025-08-02 00:00:00,2025-08-04 00:00:00,2106,CK 31093,USD,11352,11352,NULL,NULL,NULL
5631,POSTCASH,0,2,RT,2025-08-08 00:00:00,2025-08-08 00:00:00,2412,ACH080825,USD,4669.2,4669.2,NULL,NULL,NULL
5632,POSTCASH,0,2,RT,2025-08-08 00:00:00,2025-08-08 00:00:00,1869,ACH080825,USD,9711.6,9711.6,NULL,NULL,NULL
5633,POSTCASH,0,4,RT,2025-08-08 00:00:00,2025-08-08 00:00:00,1137,ACJ080825,USD,5469.8,5469.8,NULL,NULL,NULL
5634,POSTCASH,0,1,RT,2025-08-08 00:00:00,2025-08-08 00:00:00,2041,CK 7519,USD,5125.5,5125.5,NULL,NULL,NULL
5635,UACASH,0,1,RT,2025-08-08 00:00:00,2025-08-11 00:00:00,1114,CK127985,USD,1381.2,1381.2,NULL,NULL,NULL
5636,UACASH-APP,0,1,RT,2025-08-11 00:00:00,2025-08-11 00:00:00,1114,CK 127636,USD,11134.8,11134.8,NULL,NULL,NULL
5637,POSTCASH,0,1,RT,2025-08-11 00:00:00,2025-08-11 00:00:00,1578,ACH08112025,USD,5043.6,5043.6,NULL,NULL,NULL
5638,POSTCASH,0,1,RT,2025-08-12 00:00:00,2025-08-12 00:00:00,1866,ACH081225,USD,9014.06,9014.06,NULL,NULL,NULL
5639,POSTCASH,0,1,RT,2025-08-12 00:00:00,2025-08-12 00:00:00,2326,ACH081225,USD,1254.54,1254.54,NULL,NULL,NULL
5640,UACASH,0,1,RT,2025-08-12 00:00:00,2025-08-12 00:00:00,1539,ACH080425,USD,1500,1500,NULL,NULL,NULL
5641,POSTCASH,0,1,RT,2025-08-15 00:00:00,2025-08-21 00:00:00,1891,ACH081525,USD,5068.8,5068.8,NULL,NULL,NULL
5642,POSTCASH,0,2,RT,2025-08-15 00:00:00,2025-08-21 00:00:00,1137,ACH081525,USD,2748.2,2748.2,NULL,NULL,NULL
5643,POSTCASH,0,1,RT,2025-08-15 00:00:00,2025-08-21 00:00:00,2412,ACH081525,USD,861.6,861.6,NULL,NULL,NULL
5644,POSTCASH,0,2,RT,2025-06-20 00:00:00,2025-08-21 00:00:00,1712,VV008,USD,2843.58,2843.58,NULL,NULL,NULL
5645,POSTCASH,0,1,RT,2025-08-13 00:00:00,2025-08-21 00:00:00,2030,ACH081325,USD,4140,4140,NULL,NULL,NULL
5646,POSTCASH,0,1,RT,2025-08-13 00:00:00,2025-08-21 00:00:00,2030,ACH081325,USD,4140,4140,NULL,NULL,NULL
5647,POSTCASH,0,3,RT,2025-08-20 00:00:00,2025-08-21 00:00:00,2436,ACH082025,USD,4615,4615,NULL,NULL,NULL
5648,POSTCASH,0,3,RT,2025-08-13 00:00:00,2025-08-22 00:00:00,1879,ACH081325,USD,28357.62,28357.62,NULL,NULL,NULL
5649,POSTCASH,0,1,RT,2025-08-15 00:00:00,2025-08-22 00:00:00,1577,ACH081525,USD,10382.75,10382.75,NULL,NULL,NULL
5650,POSTCASH,0,1,RT,2025-08-22 00:00:00,2025-08-22 00:00:00,1577,ACH082225,USD,9854,9854,NULL,NULL,NULL
5651,POSTCASH,0,1,RT,2025-08-21 00:00:00,2025-08-22 00:00:00,1500,ACH082125,USD,8085.2,8085.2,NULL,NULL,NULL
5652,POSTCASH,0,3,RT,2025-08-22 00:00:00,2025-08-22 00:00:00,1137,ACH082225,USD,4119,4119,NULL,NULL,NULL
5653,POSTCASH,0,1,RT,2025-08-22 00:00:00,2025-08-22 00:00:00,2618,ACH080125,USD,525,525,NULL,NULL,NULL
5654,UACASH,0,1,RT,2025-08-14 00:00:00,2025-08-22 00:00:00,1539,ACH081425,USD,1500,1500,NULL,NULL,NULL
5655,UACASH,0,1,RT,2025-08-21 00:00:00,2025-08-22 00:00:00,1539,ACH082125,USD,1500,1500,NULL,NULL,NULL
5656,POSTCASH,0,1,RT,2025-08-25 00:00:00,2025-08-25 00:00:00,1466,CK 13898,USD,325.8,325.8,NULL,NULL,NULL
5657,POSTCASH,0,1,RT,2025-08-25 00:00:00,2025-08-25 00:00:00,2106,CK 31154,USD,9464.6,9464.6,NULL,NULL,NULL
5658,POSTCASH,0,1,RT,2025-08-25 00:00:00,2025-08-25 00:00:00,2106,CK 31155,USD,16880,16880,NULL,NULL,NULL
5659,POSTCASH,0,1,RT,2025-08-25 00:00:00,2025-08-25 00:00:00,2502,CK 27587,USD,1672,1672,NULL,NULL,NULL
5660,POSTCASH,0,1,RT,2025-08-25 00:00:00,2025-08-25 00:00:00,1680,7002443248,USD,250,250,NULL,NULL,NULL
5661,UACASH,0,1,RT,2025-08-15 00:00:00,2025-08-25 00:00:00,2316,ACH081525,USD,15762.4,15762.4,NULL,NULL,NULL
5662,UACASH,0,1,RT,2025-08-25 00:00:00,2025-08-25 00:00:00,1630,ACH081925,USD,15000,15000,NULL,NULL,NULL
5663,UACASH-APP,0,1,RT,2025-08-25 00:00:00,2025-08-25 00:00:00,2316,ACH071825,USD,3800,3800,NULL,NULL,NULL
5664,UACASH-APP,0,1,RT,2025-08-25 00:00:00,2025-08-25 00:00:00,2316,ACH071825,USD,3800,3800,NULL,NULL,NULL
5665,UACASH-APP,0,1,RT,2025-08-25 00:00:00,2025-08-25 00:00:00,2316,ACH012023,USD,10,10,NULL,NULL,NULL
5666,UACASH-APP,0,1,RT,2025-08-25 00:00:00,2025-08-25 00:00:00,2316,ACH071825,USD,3790,3790,NULL,NULL,NULL
5667,UACASH-APP,0,3,RT,2025-08-25 00:00:00,2025-08-25 00:00:00,2316,ACH081525,USD,562.4,562.4,NULL,NULL,NULL
5668,POSTCASH,0,1,RT,2025-08-25 00:00:00,2025-08-26 00:00:00,1578,ACH082525,USD,4025,4025,NULL,NULL,NULL
5669,POSTCASH,0,6,RT,2025-08-27 00:00:00,2025-08-27 00:00:00,2436,ACH081325,USD,7474.6,7474.6,NULL,NULL,NULL
5670,POSTCASH,0,1,RT,2025-08-26 00:00:00,2025-08-28 00:00:00,2115,ACH082625,USD,9066.64,9066.64,NULL,NULL,NULL
5671,POSTCASH,0,4,RT,2025-08-25 00:00:00,2025-08-28 00:00:00,2035,ACH082525,USD,21243.97,21243.97,NULL,NULL,NULL
5672,UACASH-APP,0,3,RT,2025-08-28 00:00:00,2025-08-28 00:00:00,1630,ACH081925,USD,15000,15000,NULL,NULL,NULL
5673,POSTCASH,0,1,RT,2025-08-27 00:00:00,2025-08-28 00:00:00,2030,ACH082725,USD,290,290,NULL,NULL,NULL
5674,POSTCASH,0,2,RT,2025-08-29 00:00:00,2025-08-29 00:00:00,2412,ACH082925,USD,1399.89,1399.89,NULL,NULL,NULL
5675,POSTCASH,0,1,RT,2025-08-29 00:00:00,2025-08-29 00:00:00,2585,ACH082925,USD,10525.2,10525.2,NULL,NULL,NULL
5676,UACASH-APP,0,1,RT,2025-08-29 00:00:00,2025-08-29 00:00:00,1114,CK 127636,USD,10925.4,10925.4,NULL,NULL,NULL
5677,UNDO-UACASH-APP,0,1,RT,2025-08-29 00:00:00,2025-08-29 00:00:00,1114,CK 127636,USD,10925.4,10925.4,NULL,NULL,NULL
5678,UACASH-APP,0,1,RT,2025-08-29 00:00:00,2025-08-29 00:00:00,1114,CK 127636,USD,27808.8,27808.8,NULL,NULL,NULL
5679,UACASH-APP,0,1,RT,2025-08-29 00:00:00,2025-08-29 00:00:00,1114,CK127985,USD,1381.2,1381.2,NULL,NULL,NULL
5680,POSTCASH,0,1,RT,2025-09-02 00:00:00,2025-09-02 00:00:00,2315,CK 122209,USD,262.08,262.08,NULL,NULL,NULL
5681,POSTCASH,0,3,RT,2025-08-29 00:00:00,2025-09-02 00:00:00,1712,CK VV114,USD,3076.4,3076.4,NULL,NULL,NULL
5682,POSTCASH,0,4,RT,2025-08-29 00:00:00,2025-09-02 00:00:00,1712,CK VV130,USD,5533.87,5533.87,NULL,NULL,NULL
5683,POSTCASH,0,1,RT,2025-09-02 00:00:00,2025-09-02 00:00:00,1680,70024621427,USD,250,250,NULL,NULL,NULL
5684,UACASH-APP,0,1,RT,2025-09-02 00:00:00,2025-09-02 00:00:00,1137,ACH120321,USD,0.01,0.01,NULL,NULL,NULL
5685,UACASH,0,1,RT,2025-08-28 00:00:00,2025-09-02 00:00:00,1539,ACH082825,USD,1500,1500,NULL,NULL,NULL
5686,POSTCASH,0,3,RT,2025-08-29 00:00:00,2025-09-03 00:00:00,1137,ACH082925,USD,3472.6,3472.6,NULL,NULL,NULL
5687,UACASH-APP,0,1,RT,2025-09-04 00:00:00,2025-09-04 00:00:00,2316,ACH081525,USD,3800,3800,NULL,NULL,NULL
5688,UACASH-APP,0,1,RT,2025-09-04 00:00:00,2025-09-04 00:00:00,2316,ACH081525,USD,3800,3800,NULL,NULL,NULL
5689,UACASH-APP,0,1,RT,2025-09-04 00:00:00,2025-09-04 00:00:00,2316,ACH081525,USD,3800,3800,NULL,NULL,NULL
5690,POSTCASH,0,1,RT,2025-09-03 00:00:00,2025-09-04 00:00:00,2115,ACH090325,USD,9116.36,9116.36,NULL,NULL,NULL
5691,POSTCASH,0,1,RT,2025-09-03 00:00:00,2025-09-04 00:00:00,1866,ACH090325,USD,8929.58,8929.58,NULL,NULL,NULL
5692,UACASH,0,1,RT,2025-09-05 00:00:00,2025-09-05 00:00:00,1111,ACH090525,USD,2330,2330,NULL,NULL,NULL
5693,UNDO-UACASH-APP,0,1,RT,2025-09-05 00:00:00,2025-09-05 00:00:00,1114,CK127985,USD,1381.2,1381.2,NULL,NULL,NULL
5694,UNDO-UACASH-APP,0,1,RT,2025-09-05 00:00:00,2025-09-05 00:00:00,1114,CK 127636,USD,27808.8,27808.8,NULL,NULL,NULL
5695,UACASH-APP,0,1,RT,2025-09-05 00:00:00,2025-09-05 00:00:00,1114,CK 127636,USD,27808.8,27808.8,NULL,NULL,NULL
5696,UACASH-APP,0,1,RT,2025-09-05 00:00:00,2025-09-05 00:00:00,1114,CK127985,USD,1381.2,1381.2,NULL,NULL,NULL
5697,UNDO-UACASH-APP,0,1,RT,2025-09-05 00:00:00,2025-09-05 00:00:00,1114,CK 127636,USD,27808.8,27808.8,NULL,NULL,NULL
5698,UACASH-APP,0,1,RT,2025-09-05 00:00:00,2025-09-05 00:00:00,1114,CK 127636,USD,27808.8,27808.8,NULL,NULL,NULL
5699,UNDO-POSTCASH,0,1,RT,2025-09-05 00:00:00,2025-09-05 00:00:00,2041,CK 7519,USD,5125.5,5125.5,NULL,NULL,NULL
5700,POSTCASH,0,1,RT,2025-08-08 00:00:00,2025-09-05 00:00:00,2041,CK 7519,USD,5125.5,5125.5,NULL,NULL,NULL
5701,UNDO-POSTCASH,0,1,RT,2025-09-05 00:00:00,2025-09-05 00:00:00,1700,CK 27927,USD,3524.4,3524.4,NULL,NULL,NULL
5702,POSTCASH,0,1,RT,2025-08-02 00:00:00,2025-09-05 00:00:00,1700,CK 27927,USD,3524.4,3524.4,NULL,NULL,NULL
5703,UNDO-POSTCASH,0,1,RT,2025-09-05 00:00:00,2025-09-05 00:00:00,2106,CK 31093,USD,11352,11352,NULL,NULL,NULL
5704,POSTCASH,0,1,RT,2025-08-04 00:00:00,2025-09-05 00:00:00,2106,CK 31093,USD,11352,11352,NULL,NULL,NULL
5705,UNDO-POSTCASH,0,1,RT,2025-09-05 00:00:00,2025-09-05 00:00:00,1139,2001334625,USD,130.13,130.13,NULL,NULL,NULL
5706,POSTCASH,0,1,RT,2025-08-02 00:00:00,2025-09-05 00:00:00,1139,2001334625,USD,130.13,130.13,NULL,NULL,NULL
5707,UNDO-UACASH-APP,0,1,RT,2025-09-05 00:00:00,2025-09-05 00:00:00,1114,CK127985,USD,1381.2,1381.2,NULL,NULL,NULL
5708,UACASH-APP,0,1,RT,2025-09-05 00:00:00,2025-09-05 00:00:00,1114,CK127985,USD,1381.2,1381.2,NULL,NULL,NULL
5709,UACASH-APP,0,1,RT,2025-09-11 00:00:00,2025-09-11 00:00:00,1111,ACH090525,USD,1130,1130,NULL,NULL,NULL
5710,POSTCASH,0,8,RT,2025-09-10 00:00:00,2025-09-11 00:00:00,2452,ACH091025,USD,20042,20042,NULL,NULL,NULL
5711,POSTCASH,0,1,RT,2025-09-09 00:00:00,2025-09-11 00:00:00,2436,ACH090925,USD,7041.8,7041.8,NULL,NULL,NULL
5712,POSTCASH,0,4,RT,2025-09-12 00:00:00,2025-09-12 00:00:00,2412,ACH091225,USD,2516.54,2516.54,NULL,NULL,NULL
5713,POSTCASH,0,1,RT,2025-09-12 00:00:00,2025-09-12 00:00:00,1577,ACH091225,USD,9980,9980,NULL,NULL,NULL
5714,POSTCASH,0,3,RT,2025-09-12 00:00:00,2025-09-15 00:00:00,1137,ACH091225,USD,8570.82,8570.82,NULL,NULL,NULL
5715,POSTCASH,0,1,RT,2025-09-12 00:00:00,2025-09-16 00:00:00,1891,ACH091225,USD,3009.6,3009.6,NULL,NULL,NULL
5716,UACASH-APP,0,1,RT,2025-09-18 00:00:00,2025-09-18 00:00:00,1111,ACH090525,USD,1200,1200,NULL,NULL,NULL
5717,UACASH,0,1,RT,2025-09-12 00:00:00,2025-09-18 00:00:00,1111,ACH091225,USD,2271.5,2271.5,NULL,NULL,NULL
5718,UACASH-APP,0,2,RT,2025-09-18 00:00:00,2025-09-18 00:00:00,1111,ACH091225,USD,2271.5,2271.5,NULL,NULL,NULL
5719,POSTCASH,0,7,RT,2025-09-17 00:00:00,2025-09-18 00:00:00,2436,ACH091725,USD,8532.2,8532.2,NULL,NULL,NULL
5720,POSTCASH,0,1,RT,2025-09-16 00:00:00,2025-09-18 00:00:00,1879,ACJ091625,USD,6243.2,6243.2,NULL,NULL,NULL
5721,POSTCASH,0,3,RT,2025-09-19 00:00:00,2025-09-19 00:00:00,1111,ACH091925,USD,4086.5,4086.5,NULL,NULL,NULL
5722,POSTCASH,0,2,RT,2025-09-19 00:00:00,2025-09-19 00:00:00,1672,ACH091925,USD,10077,10077,NULL,NULL,NULL
5723,POSTCASH,0,1,RT,2025-09-19 00:00:00,2025-09-19 00:00:00,1578,ACH091925,USD,7477.2,7477.2,NULL,NULL,NULL
5724,POSTCASH,0,1,RT,2025-09-19 00:00:00,2025-09-19 00:00:00,2326,ACH091925,USD,4537.65,4537.65,NULL,NULL,NULL
5725,POSTCASH,0,1,RT,2025-09-22 00:00:00,2025-09-22 00:00:00,2106,CK 31228,USD,12660,12660,NULL,NULL,NULL
5726,POSTCASH,0,1,RT,2025-09-22 00:00:00,2025-09-22 00:00:00,2106,CK 31249,USD,12564.6,12564.6,NULL,NULL,NULL
5727,POSTCASH,0,1,RT,2025-09-22 00:00:00,2025-09-22 00:00:00,2106,CK 31227,USD,10550,10550,NULL,NULL,NULL
5728,UACASH,0,1,RT,2025-09-15 00:00:00,2025-09-22 00:00:00,1539,WIR091525,USD,1500,1500,NULL,NULL,NULL
5729,POSTCASH,0,2,RT,2025-09-23 00:00:00,2025-09-23 00:00:00,1114,CK 128413,USD,12114,12114,NULL,NULL,NULL
5730,POSTCASH,0,1,RT,2025-09-23 00:00:00,2025-09-23 00:00:00,2520,CK 331574,USD,300,300,NULL,NULL,NULL
5731,POSTCASH,0,1,RT,2025-09-23 00:00:00,2025-09-23 00:00:00,2155,CK 12242,USD,5931.68,5931.68,NULL,NULL,NULL
5732,POSTCASH,0,1,RT,2025-09-22 00:00:00,2025-09-23 00:00:00,2115,ACH092225,USD,8960.6,8960.6,NULL,NULL,NULL
5733,UACASH,0,1,RT,2025-09-22 00:00:00,2025-09-24 00:00:00,1137,ACH091925,USD,5495.16,5495.16,NULL,NULL,NULL
5734,UACASH-APP,0,3,RT,2025-09-24 00:00:00,2025-09-24 00:00:00,1137,ACH091925,USD,5495.16,5495.16,NULL,NULL,NULL
5735,POSTCASH,0,2,RT,2025-09-11 00:00:00,2025-09-25 00:00:00,1299,WIR091125,USD,18244.07,18244.07,NULL,NULL,NULL
5736,POSTCASH,0,1,RT,2025-09-26 00:00:00,2025-09-26 00:00:00,2585,ACH092625,USD,8270,8270,NULL,NULL,NULL
5737,POSTCASH,0,1,RT,2025-09-26 00:00:00,2025-09-26 00:00:00,2412,ACH092625,USD,3626.4,3626.4,NULL,NULL,NULL
5738,POSTCASH,0,1,RT,2025-09-26 00:00:00,2025-09-26 00:00:00,2115,ACH092625,USD,8965.22,8965.22,NULL,NULL,NULL
5739,POSTCASH,0,1,RT,2025-09-25 00:00:00,2025-09-26 00:00:00,1866,ACH092525,USD,8261.5,8261.5,NULL,NULL,NULL
5740,POSTCASH,0,1,RT,2025-09-26 00:00:00,2025-09-26 00:00:00,1891,ACH092625,USD,1086.72,1086.72,NULL,NULL,NULL
5741,POSTCASH,0,7,RT,2025-09-26 00:00:00,2025-09-26 00:00:00,1137,ACH092625,USD,15926.05,15926.05,NULL,NULL,NULL
5742,POSTCASH,0,1,RT,2025-09-29 00:00:00,2025-09-29 00:00:00,1680,7002505112,USD,250,250,NULL,NULL,NULL
5743,POSTCASH,0,1,RT,2025-09-29 00:00:00,2025-09-29 00:00:00,1785,CK 7693,USD,250,250,NULL,NULL,NULL
5744,POSTCASH,0,1,RT,2025-09-29 00:00:00,2025-09-29 00:00:00,1565,CK 8995,USD,5925.35,5925.35,NULL,NULL,NULL
5745,POSTCASH,0,1,RT,2025-09-29 00:00:00,2025-10-01 00:00:00,1870,ACH092925,USD,8661.6,8661.6,NULL,NULL,NULL
5746,POSTCASH,0,1,RT,2025-10-01 00:00:00,2025-10-01 00:00:00,1866,ACH100125,USD,9210.74,9210.74,NULL,NULL,NULL
5747,POSTCASH,0,2,RT,2025-09-29 00:00:00,2025-10-01 00:00:00,2436,ACH092925,USD,9582.2,9582.2,NULL,NULL,NULL
5748,POSTCASH,0,3,RT,2025-10-01 00:00:00,2025-10-01 00:00:00,2436,ACH100125,USD,5035.4,5035.4,NULL,NULL,NULL
5749,POSTCASH,0,5,RT,2025-10-03 00:00:00,2025-10-03 00:00:00,1137,ACH100325,USD,10530.3,10530.3,NULL,NULL,NULL
5750,POSTCASH,0,1,RT,2025-10-03 00:00:00,2025-10-03 00:00:00,2114,ACH100325,USD,5501.55,5501.55,NULL,NULL,NULL
5751,UACASH,0,1,RT,2025-09-23 00:00:00,2025-10-07 00:00:00,1539,ACH092325,USD,1500,1500,NULL,NULL,NULL
5752,POSTCASH,0,1,RT,2025-10-08 00:00:00,2025-10-08 00:00:00,1577,ACH100325,USD,8837.6,8837.6,NULL,NULL,NULL
5753,UACASH-APP,0,1,RT,2025-10-08 00:00:00,2025-10-08 00:00:00,1539,ACH072425,USD,1250,1250,NULL,NULL,NULL
5754,UACASH-APP,0,1,RT,2025-10-08 00:00:00,2025-10-08 00:00:00,1539,ACH080425,USD,1500,1500,NULL,NULL,NULL
5755,UACASH-APP,0,1,RT,2025-10-08 00:00:00,2025-10-08 00:00:00,1539,ACH081425,USD,1500,1500,NULL,NULL,NULL
5756,UACASH-APP,0,1,RT,2025-10-08 00:00:00,2025-10-08 00:00:00,1539,ACH082125,USD,1500,1500,NULL,NULL,NULL
5757,UACASH-APP,0,1,RT,2025-10-08 00:00:00,2025-10-08 00:00:00,1539,ACH082825,USD,1500,1500,NULL,NULL,NULL
5758,UACASH-APP,0,1,RT,2025-10-08 00:00:00,2025-10-08 00:00:00,1539,WIR091525,USD,1500,1500,NULL,NULL,NULL
5759,UACASH-APP,0,1,RT,2025-10-08 00:00:00,2025-10-08 00:00:00,1539,ACH092325,USD,1500,1500,NULL,NULL,NULL
5760,POSTCASH,0,1,RT,2025-10-10 00:00:00,2025-10-10 00:00:00,1292,CK 3100,USD,8551.9,8551.9,NULL,NULL,NULL
5761,POSTCASH,0,1,RT,2025-10-10 00:00:00,2025-10-10 00:00:00,2106,CK 31286,USD,13124.2,13124.2,NULL,NULL,NULL
5762,POSTCASH,0,1,RT,2025-10-08 00:00:00,2025-10-10 00:00:00,2585,ACH100825,USD,3624,3624,NULL,NULL,NULL
5763,POSTCASH,0,1,RT,2025-10-07 00:00:00,2025-10-10 00:00:00,1539,WIR100725,USD,1500,1500,NULL,NULL,NULL
5764,POSTCASH,0,6,RT,2025-10-10 00:00:00,2025-10-10 00:00:00,1137,ACH101025,USD,8785.92,8785.92,NULL,NULL,NULL
5765,POSTCASH,0,2,RT,2025-10-10 00:00:00,2025-10-10 00:00:00,1577,ACH101025,USD,10570,10570,NULL,NULL,NULL
5766,POSTCASH,0,4,RT,2025-10-09 00:00:00,2025-10-10 00:00:00,2035,ACH100925,USD,21611.1,21611.1,NULL,NULL,NULL
5767,POSTCASH,0,2,RT,2025-10-16 00:00:00,2025-10-17 00:00:00,2452,ACH101625,USD,3927,3927,NULL,NULL,NULL
5768,POSTCASH,0,1,RT,2025-10-15 00:00:00,2025-10-17 00:00:00,2115,ACH101525,USD,9179.94,9179.94,NULL,NULL,NULL
5769,POSTCASH,0,1,RT,2025-10-15 00:00:00,2025-10-17 00:00:00,2115,ACH101525,USD,8595.4,8595.4,NULL,NULL,NULL
5770,POSTCASH,0,1,RT,2025-10-15 00:00:00,2025-10-17 00:00:00,2412,ACH101525,USD,702.81,702.81,NULL,NULL,NULL
5771,POSTCASH,0,1,RT,2025-10-17 00:00:00,2025-10-17 00:00:00,2412,ACH101725,USD,1862.82,1862.82,NULL,NULL,NULL
5772,POSTCASH,0,2,RT,2025-10-17 00:00:00,2025-10-17 00:00:00,1577,ACH101725,USD,21192,21192,NULL,NULL,NULL
5773,POSTCASH,0,2,RT,2025-10-17 00:00:00,2025-10-17 00:00:00,1111,ACH101725,USD,2211.5,2211.5,NULL,NULL,NULL
5774,POSTCASH,0,2,RT,2025-10-17 00:00:00,2025-10-17 00:00:00,1137,ACH101725,USD,8226.8,8226.8,NULL,NULL,NULL
5775,POSTCASH,0,1,RT,2025-10-14 00:00:00,2025-10-17 00:00:00,2105,ACH101425,USD,970,970,NULL,NULL,NULL
5776,POSTCASH,0,4,RT,2025-10-17 00:00:00,2025-10-17 00:00:00,1114,CK 128661,USD,33485.9,33485.9,NULL,NULL,NULL
5777,POSTCASH,0,2,RT,2025-10-20 00:00:00,2025-10-20 00:00:00,2105,ACH102025,USD,2059.2,2059.2,NULL,NULL,NULL
5778,POSTCASH,0,1,RT,2025-10-20 00:00:00,2025-10-20 00:00:00,2030,ACH102025,USD,2822.18,2822.18,NULL,NULL,NULL
5779,POSTCASH,0,1,RT,2025-10-21 00:00:00,2025-10-22 00:00:00,1869,ACH102125,USD,7113.4,7113.4,NULL,NULL,NULL
5780,POSTCASH,0,1,RT,2025-10-23 00:00:00,2025-10-24 00:00:00,2585,ACH102325,USD,7560,7560,NULL,NULL,NULL
5781,POSTCASH,0,1,RT,2025-10-24 00:00:00,2025-10-24 00:00:00,2585,ACH102425,USD,7232.4,7232.4,NULL,NULL,NULL
5782,POSTCASH,0,1,RT,2025-10-24 00:00:00,2025-10-24 00:00:00,1111,ACH102425,USD,428.5,428.5,NULL,NULL,NULL
5783,POSTCASH,0,1,RT,2025-10-24 00:00:00,2025-10-24 00:00:00,2030,ACH102425,USD,3750,3750,NULL,NULL,NULL
5784,POSTCASH,0,3,RT,2025-10-24 00:00:00,2025-10-24 00:00:00,1137,ACH102425,USD,3877.17,3877.17,NULL,NULL,NULL
5785,POSTCASH,0,5,RT,2025-10-24 00:00:00,2025-10-24 00:00:00,1577,ACH102425,USD,50886.75,50886.75,NULL,NULL,NULL
5786,POSTCASH,0,1,RT,2025-10-23 00:00:00,2025-10-24 00:00:00,2442,ACH102325,USD,11734.27,11734.27,NULL,NULL,NULL
5787,POSTCASH,0,1,RT,2025-10-22 00:00:00,2025-10-24 00:00:00,2354,ACH102225,USD,447.5,447.5,NULL,NULL,NULL
5788,POSTCASH,0,1,RT,2025-10-28 00:00:00,2025-10-28 00:00:00,2115,ACH102825,USD,4415.62,4415.62,NULL,NULL,NULL
5789,POSTCASH,0,1,RT,2025-10-28 00:00:00,2025-10-28 00:00:00,1879,ACH102825,USD,6266.2,6266.2,NULL,NULL,NULL
5790,POSTCASH,0,1,RT,2025-10-28 00:00:00,2025-10-28 00:00:00,1578,ACH102825,USD,7023.6,7023.6,NULL,NULL,NULL
5791,POSTCASH,0,6,RT,2025-10-28 00:00:00,2025-10-28 00:00:00,2436,ACH102825,USD,39895.29,39895.29,NULL,NULL,NULL
5792,POSTCASH,0,3,RT,2025-10-30 00:00:00,2025-10-30 00:00:00,2520,CK 333230,USD,900,900,NULL,NULL,NULL
5793,POSTCASH,0,1,RT,2025-10-30 00:00:00,2025-10-30 00:00:00,2482,CK 134282,USD,2903.75,2903.75,NULL,NULL,NULL
5794,POSTCASH,0,1,RT,2025-10-30 00:00:00,2025-10-30 00:00:00,1466,CK 13964,USD,9455,9455,NULL,NULL,NULL
5795,POSTCASH,0,1,RT,2025-10-30 00:00:00,2025-10-30 00:00:00,2106,CK 31310,USD,11605,11605,NULL,NULL,NULL
5796,POSTCASH,0,2,RT,2025-10-30 00:00:00,2025-10-30 00:00:00,2155,CK 12295,USD,14326.2,14326.2,NULL,NULL,NULL
5797,POSTCASH,0,5,RT,2025-10-31 00:00:00,2025-10-31 00:00:00,2452,ACH103125,USD,10444,10444,NULL,NULL,NULL
5798,POSTCASH,0,4,RT,2025-10-31 00:00:00,2025-10-31 00:00:00,1137,ACH103125,USD,10746.98,10746.98,NULL,NULL,NULL
5799,POSTCASH,0,2,RT,2025-10-31 00:00:00,2025-10-31 00:00:00,2585,ACH103125,USD,19008.2,19008.2,NULL,NULL,NULL
5800,POSTCASH,0,1,RT,2025-10-30 00:00:00,2025-10-31 00:00:00,1870,ACH103025,USD,7672.8,7672.8,NULL,NULL,NULL
5801,UACASH,0,1,RT,2025-10-30 00:00:00,2025-11-05 00:00:00,2041,CK 7570,USD,2419.64,2419.64,NULL,NULL,NULL
5802,POSTCASH,0,2,RT,2025-11-05 00:00:00,2025-11-05 00:00:00,1782,CK 50015,USD,245,245,NULL,NULL,NULL
5803,POSTCASH,0,1,RT,2025-11-03 00:00:00,2025-11-05 00:00:00,2181,ACH110325,USD,350,350,NULL,NULL,NULL
5804,POSTCASH,0,2,RT,2025-11-04 00:00:00,2025-11-05 00:00:00,1869,ACH110425,USD,15940.32,15940.32,NULL,NULL,NULL
5805,POSTCASH,0,1,RT,2025-11-03 00:00:00,2025-11-05 00:00:00,2105,ACH110325,USD,1233.6,1233.6,NULL,NULL,NULL
5806,POSTCASH,0,1,RT,2025-11-04 00:00:00,2025-11-05 00:00:00,2115,ACH110425,USD,9081.38,9081.38,NULL,NULL,NULL
5807,POSTCASH,0,2,RT,2025-11-10 00:00:00,2025-11-11 00:00:00,2412,ACH111025,USD,2986.38,2986.38,NULL,NULL,NULL
5808,POSTCASH,0,4,RT,2025-11-07 00:00:00,2025-11-11 00:00:00,1137,ACH110725,USD,5205.2,5205.2,NULL,NULL,NULL
5809,UACASH-APP,0,2,RT,2025-11-11 00:00:00,2025-11-11 00:00:00,2041,CK 7570,USD,2419.64,2419.64,NULL,NULL,NULL
5810,UACASH-APP,0,1,RT,2025-11-11 00:00:00,2025-11-11 00:00:00,2316,ACH081525,USD,3800,3800,NULL,NULL,NULL
5811,POSTCASH,0,2,RT,2025-11-14 00:00:00,2025-11-14 00:00:00,1577,ACH111425,USD,14103.55,14103.55,NULL,NULL,NULL
5812,POSTCASH,0,7,RT,2025-11-13 00:00:00,2025-11-14 00:00:00,2436,ACH111325,USD,20853.42,20853.42,NULL,NULL,NULL
5813,POSTCASH,0,1,RT,2025-11-13 00:00:00,2025-11-14 00:00:00,2585,ACH111325,USD,6370,6370,NULL,NULL,NULL
5814,POSTCASH,0,1,RT,2025-11-13 00:00:00,2025-11-14 00:00:00,2481,ACH111325,USD,5914.24,5914.24,NULL,NULL,NULL
5815,POSTCASH,0,6,RT,2025-11-14 00:00:00,2025-11-14 00:00:00,1137,ACH111425,USD,12560.98,12560.98,NULL,NULL,NULL
5816,POSTCASH,0,1,RT,2025-11-07 00:00:00,2025-11-14 00:00:00,1111,ACH110725,USD,4925.45,4925.45,NULL,NULL,NULL
5817,POSTCASH,0,2,RT,2025-11-17 00:00:00,2025-11-17 00:00:00,1114,CK 128837,USD,15121.8,15121.8,NULL,NULL,NULL
5818,POSTCASH,0,1,RT,2025-11-17 00:00:00,2025-11-17 00:00:00,2155,CK 12350,USD,6366.72,6366.72,NULL,NULL,NULL
5819,POSTCASH,0,1,RT,2025-11-17 00:00:00,2025-11-17 00:00:00,1680,7002585153,USD,250,250,NULL,NULL,NULL
5820,POSTCASH,0,1,RT,2025-11-17 00:00:00,2025-11-17 00:00:00,1108,CK 221215,USD,4538.25,4538.25,NULL,NULL,NULL
5821,POSTCASH,0,1,RT,2025-11-17 00:00:00,2025-11-17 00:00:00,2106,CK 31385,USD,8320,8320,NULL,NULL,NULL
5822,POSTCASH,0,1,RT,2025-11-17 00:00:00,2025-11-17 00:00:00,1565,CK 9316,USD,4513.6,4513.6,NULL,NULL,NULL
5823,POSTCASH,0,1,RT,2025-11-17 00:00:00,2025-11-17 00:00:00,2106,CK 31362,USD,11605,11605,NULL,NULL,NULL
5824,POSTCASH,0,1,RT,2025-11-17 00:00:00,2025-11-19 00:00:00,2105,ACH111725,USD,7777,7777,NULL,NULL,NULL
5825,POSTCASH,0,1,RT,2025-11-21 00:00:00,2025-11-21 00:00:00,1111,ACH112125,USD,2277,2277,NULL,NULL,NULL
5826,POSTCASH,0,1,RT,2025-11-21 00:00:00,2025-11-21 00:00:00,2588,ACH112125,USD,4091.6,4091.6,NULL,NULL,NULL
5827,POSTCASH,0,6,RT,2025-11-21 00:00:00,2025-11-21 00:00:00,1137,ACH112125,USD,14250.64,14250.64,NULL,NULL,NULL
5828,POSTCASH,0,1,RT,2025-11-20 00:00:00,2025-11-21 00:00:00,1299,WIR112025,USD,10045.75,10045.75,NULL,NULL,NULL
5829,POSTCASH,0,1,RT,2025-11-20 00:00:00,2025-11-21 00:00:00,1870,ACH112025,USD,8074.8,8074.8,NULL,NULL,NULL
5830,POSTCASH,0,3,RT,2025-11-19 00:00:00,2025-11-21 00:00:00,2452,ACH111925,USD,6615,6615,NULL,NULL,NULL
5831,POSTCASH,0,1,RT,2025-11-19 00:00:00,2025-11-21 00:00:00,2030,ACH111925,USD,3750,3750,NULL,NULL,NULL
5832,POSTCASH,0,1,RT,2025-11-21 00:00:00,2025-11-21 00:00:00,1474,CK 44659,USD,4350,4350,NULL,NULL,NULL
5833,POSTCASH,0,1,RT,2025-11-21 00:00:00,2025-11-21 00:00:00,2502,CK 28120,USD,3143.4,3143.4,NULL,NULL,NULL
5834,POSTCASH,0,1,RT,2025-11-21 00:00:00,2025-11-21 00:00:00,2106,CK 31404,USD,14145,14145,NULL,NULL,NULL
5835,POSTCASH,0,1,RT,2025-11-21 00:00:00,2025-11-21 00:00:00,2106,CK 31386,USD,8439.2,8439.2,NULL,NULL,NULL
5836,POSTCASH,0,2,RT,2025-11-25 00:00:00,2025-11-25 00:00:00,1114,CK 128948,USD,14355,14355,NULL,NULL,NULL
5837,POSTCASH,0,4,RT,2025-11-24 00:00:00,2025-11-25 00:00:00,2412,ACH112425,USD,3260.69,3260.69,NULL,NULL,NULL
5838,POSTCASH,0,1,RT,2025-11-25 00:00:00,2025-11-26 00:00:00,1863,ACH112525,USD,400,400,NULL,NULL,NULL
5839,POSTCASH,0,2,RT,2025-11-17 00:00:00,2025-12-01 00:00:00,1139,2001428315,USD,714.21,714.21,NULL,NULL,NULL
5840,POSTCASH,0,2,RT,2025-12-01 00:00:00,2025-12-01 00:00:00,1114,CK 129148,USD,15269.4,15269.4,NULL,NULL,NULL
5841,POSTCASH,0,1,RT,2025-12-01 00:00:00,2025-12-01 00:00:00,1561,AK 87402,USD,4313.5,4313.5,NULL,NULL,NULL
5842,POSTCASH,0,1,RT,2025-12-01 00:00:00,2025-12-01 00:00:00,2629,CK 2484,USD,1943.8,1943.8,NULL,NULL,NULL
5843,POSTCASH,0,1,RT,2025-11-26 00:00:00,2025-12-01 00:00:00,2582,ACH112625,USD,15960,15960,NULL,NULL,NULL
5844,POSTCASH,0,4,RT,2025-11-28 00:00:00,2025-12-01 00:00:00,1137,ACH112825,USD,12389.8,12389.8,NULL,NULL,NULL
5845,POSTCASH,0,1,RT,2025-12-01 00:00:00,2025-12-01 00:00:00,1869,ACH120125,USD,10821.16,10821.16,NULL,NULL,NULL
5846,POSTCASH,0,1,RT,2025-12-02 00:00:00,2025-12-04 00:00:00,1578,ACH120225,USD,5922,5922,NULL,NULL,NULL
5847,POSTCASH,0,1,RT,2025-12-04 00:00:00,2025-12-04 00:00:00,2030,ACH120425,USD,4500,4500,NULL,NULL,NULL
5848,POSTCASH,0,1,RT,2025-12-04 00:00:00,2025-12-05 00:00:00,2582,ACH120425,USD,15960,15960,NULL,NULL,NULL
5849,POSTCASH,0,1,RT,2025-12-05 00:00:00,2025-12-08 00:00:00,2155,CK 2392,USD,7340.4,7340.4,NULL,NULL,NULL
5850,POSTCASH,0,5,RT,2025-12-05 00:00:00,2025-12-08 00:00:00,1712,CK VV190,USD,7116.84,7116.84,NULL,NULL,NULL
5851,POSTCASH,0,1,RT,2025-11-20 00:00:00,2025-12-08 00:00:00,1680,7002606131,USD,250,250,NULL,NULL,NULL
5852,POSTCASH,0,1,RT,2025-11-14 00:00:00,2025-12-08 00:00:00,2412,ACH111425,USD,437.06,437.06,NULL,NULL,NULL
5853,POSTCASH,0,7,RT,2025-12-08 00:00:00,2025-12-08 00:00:00,2412,ACH120825,USD,8740.6,8740.6,NULL,NULL,NULL
5854,POSTCASH,0,1,RT,2025-12-08 00:00:00,2025-12-08 00:00:00,1578,59995,USD,6944.4,6944.4,NULL,NULL,NULL
5855,POSTCASH,0,4,RT,2025-12-05 00:00:00,2025-12-08 00:00:00,1137,ACH120525,USD,7689.74,7689.74,NULL,NULL,NULL
5856,POSTCASH,0,1,RT,2025-12-10 00:00:00,2025-12-12 00:00:00,1482,ACH121025,USD,3372.6,3372.6,NULL,NULL,NULL
5857,POSTCASH,0,1,RT,2025-12-10 00:00:00,2025-12-12 00:00:00,2585,ACH121025,USD,8088,8088,NULL,NULL,NULL
5858,POSTCASH,0,1,RT,2025-12-10 00:00:00,2025-12-12 00:00:00,1938,ACH121025,USD,4425.3,4425.3,NULL,NULL,NULL
5859,POSTCASH,0,6,RT,2025-12-12 00:00:00,2025-12-12 00:00:00,2436,ACH121225,USD,21884.8,21884.8,NULL,NULL,NULL
5860,POSTCASH,0,1,RT,2025-12-12 00:00:00,2025-12-12 00:00:00,2585,ACH121225,USD,10502.4,10502.4,NULL,NULL,NULL
5861,POSTCASH,0,2,RT,2025-12-11 00:00:00,2025-12-12 00:00:00,2585,ACH121125,USD,17987.2,17987.2,NULL,NULL,NULL
5862,POSTCASH,0,4,RT,2025-12-12 00:00:00,2025-12-16 00:00:00,1137,ACH121225,USD,9731.36,9731.36,NULL,NULL,NULL
5863,POSTCASH,0,1,RT,2025-12-15 00:00:00,2025-12-16 00:00:00,1948,46761,USD,8730.33,8730.33,NULL,NULL,NULL
5864,POSTCASH,0,1,RT,2025-12-16 00:00:00,2025-12-17 00:00:00,2030,ACH121625,USD,3750,3750,NULL,NULL,NULL
5865,POSTCASH,0,1,RT,2025-12-16 00:00:00,2025-12-17 00:00:00,1869,ACH121625,USD,1972.32,1972.32,NULL,NULL,NULL
5866,POSTCASH,0,6,RT,2025-12-17 00:00:00,2025-12-22 00:00:00,2452,ACH121725,USD,11403,11403,NULL,NULL,NULL
5867,POSTCASH,0,1,RT,2025-12-22 00:00:00,2025-12-22 00:00:00,1933,ACH122225,USD,4320,4320,NULL,NULL,NULL
5868,POSTCASH,0,1,RT,2025-12-22 00:00:00,2025-12-22 00:00:00,2582,ACH122225,USD,13812.68,13812.68,NULL,NULL,NULL
5869,POSTCASH,0,4,RT,2025-12-19 00:00:00,2025-12-22 00:00:00,2035,ACH121925,USD,22099,22099,NULL,NULL,NULL
5870,POSTCASH,0,2,RT,2025-12-19 00:00:00,2025-12-22 00:00:00,2412,ACH121925,USD,2752.51,2752.51,NULL,NULL,NULL
5871,POSTCASH,0,1,RT,2025-12-19 00:00:00,2025-12-22 00:00:00,1137,ACH121925,USD,2825.25,2825.25,NULL,NULL,NULL
5872,POSTCASH,0,2,RT,2025-12-15 00:00:00,2025-12-22 00:00:00,2050,CK 28843,USD,6118.86,6118.86,NULL,NULL,NULL
5873,POSTCASH,0,2,RT,2025-12-22 00:00:00,2025-12-22 00:00:00,2517,C1002089867,USD,500,500,NULL,NULL,NULL
5874,POSTCASH,0,4,RT,2025-12-24 00:00:00,2025-12-26 00:00:00,2585,ACH122425,USD,37922.9,37922.9,NULL,NULL,NULL
5875,POSTCASH,0,3,RT,2025-12-26 00:00:00,2025-12-26 00:00:00,1137,ACH122625,USD,5013.5,5013.5,NULL,NULL,NULL
5876,POSTCASH,0,1,RT,2025-12-26 00:00:00,2025-12-26 00:00:00,1891,ACH122625,USD,4788,4788,NULL,NULL,NULL
5877,POSTCASH,0,4,RT,2025-12-26 00:00:00,2025-12-26 00:00:00,2412,ACH122625,USD,6237.21,6237.21,NULL,NULL,NULL
5878,POSTCASH,0,2,RT,2025-12-23 00:00:00,2025-12-26 00:00:00,2035,ACH122325,USD,12368,12368,NULL,NULL,NULL
5879,POSTCASH,0,1,RT,2025-12-30 00:00:00,2025-12-30 00:00:00,1879,ACH123025,USD,5527.2,5527.2,NULL,NULL,NULL
5880,POSTCASH,0,4,RT,2026-01-02 00:00:00,2026-01-02 00:00:00,1630,INV59825,USD,0,0,NULL,NULL,NULL
5881,POSTCASH,0,3,RT,2026-01-02 00:00:00,2026-01-02 00:00:00,1630,INV58698,USD,0,0,NULL,NULL,NULL
5882,POSTCASH,0,4,RT,2026-01-02 00:00:00,2026-01-02 00:00:00,2538,CM60171,USD,0,0,NULL,NULL,NULL
5883,POSTCASH,0,2,RT,2025-12-31 00:00:00,2026-01-02 00:00:00,1578,ACH123125,USD,13336.74,13336.74,NULL,NULL,NULL
5884,POSTCASH,0,2,RT,2025-12-31 00:00:00,2026-01-02 00:00:00,2585,ACH123125,USD,20186.5,20186.5,NULL,NULL,NULL
5885,POSTCASH,0,5,RT,2026-01-05 00:00:00,2026-01-05 00:00:00,1137,ACH010226,USD,16830.82,16830.82,NULL,NULL,NULL
5886,POSTCASH,0,2,RT,2026-01-06 00:00:00,2026-01-06 00:00:00,1466,CK 14021,USD,8832.75,8832.75,NULL,NULL,NULL
5887,POSTCASH,0,2,RT,2026-01-06 00:00:00,2026-01-06 00:00:00,1466,CK 11879,USD,12280.7,12280.7,NULL,NULL,NULL
5888,POSTCASH,0,1,RT,2026-01-06 00:00:00,2026-01-06 00:00:00,1108,CK 221921,USD,4491.15,4491.15,NULL,NULL,NULL
5889,POSTCASH,0,1,RT,2026-01-06 00:00:00,2026-01-06 00:00:00,2106,CK 31447,USD,9735,9735,NULL,NULL,NULL
5890,POSTCASH,0,1,RT,2026-01-06 00:00:00,2026-01-06 00:00:00,1565,CK 9724,USD,5625.2,5625.2,NULL,NULL,NULL
5891,POSTCASH,0,1,RT,2026-01-06 00:00:00,2026-01-06 00:00:00,1383,CK 3793091,USD,7401.4,7401.4,NULL,NULL,NULL
5892,POSTCASH,0,1,RT,2026-01-07 00:00:00,2026-01-07 00:00:00,2050,CK 28879,USD,2606.12,2606.12,NULL,NULL,NULL
5893,POSTCASH,0,1,RT,2026-01-05 00:00:00,2026-01-07 00:00:00,2585,ACH010526,USD,9256.5,9256.5,NULL,NULL,NULL
5894,UACASH,0,1,RT,2026-01-06 00:00:00,2026-01-08 00:00:00,1114,CK 129408,USD,12370,12370,NULL,NULL,NULL
5895,UACASH-APP,0,4,RT,2026-01-08 00:00:00,2026-01-08 00:00:00,1114,CK 129408,USD,12024.2,12024.2,NULL,NULL,NULL
5896,POSTCASH,0,1,RT,2026-01-06 00:00:00,2026-01-08 00:00:00,1612,CK 7984,USD,3600,3600,NULL,NULL,NULL
5897,POSTCASH,0,2,RT,2026-01-09 00:00:00,2026-01-09 00:00:00,1111,ACH010926,USD,2761,2761,NULL,NULL,NULL
5898,POSTCASH,0,1,RT,2026-01-09 00:00:00,2026-01-09 00:00:00,1577,ACH010926,USD,9066.6,9066.6,NULL,NULL,NULL
5899,POSTCASH,0,1,RT,2026-01-07 00:00:00,2026-01-09 00:00:00,2442,ACH010726,USD,11555.34,11555.34,NULL,NULL,NULL
5900,POSTCASH,0,1,RT,2026-01-12 00:00:00,2026-01-12 00:00:00,1383,CK 3794748,USD,9538.1,9538.1,NULL,NULL,NULL
5901,POSTCASH,0,2,RT,2026-01-12 00:00:00,2026-01-13 00:00:00,2688,ACH011226,USD,7383.6,7383.6,NULL,NULL,NULL
5902,POSTCASH,0,1,RT,2026-01-12 00:00:00,2026-01-13 00:00:00,2585,ACH011226,USD,8131.5,8131.5,NULL,NULL,NULL
5903,POSTCASH,0,2,RT,2026-01-12 00:00:00,2026-01-14 00:00:00,2050,CK 28903,USD,2287.12,2287.12,NULL,NULL,NULL
5904,POSTCASH,0,1,RT,2026-01-14 00:00:00,2026-01-16 00:00:00,1482,ACH011426,USD,2170.68,2170.68,NULL,NULL,NULL
5905,POSTCASH,0,1,RT,2026-01-13 00:00:00,2026-01-16 00:00:00,2436,ACH011326,USD,13420.48,13420.48,NULL,NULL,NULL
5906,POSTCASH,0,1,RT,2026-01-13 00:00:00,2026-01-16 00:00:00,1933,ACH011326,USD,4065,4065,NULL,NULL,NULL
5907,POSTCASH,0,1,RT,2026-01-12 00:00:00,2026-01-16 00:00:00,2582,ACH011226,USD,10945,10945,NULL,NULL,NULL
5908,POSTCASH,0,2,RT,2026-01-16 00:00:00,2026-01-16 00:00:00,1111,ACH 011626,USD,1938.5,1938.5,NULL,NULL,NULL
5909,POSTCASH,0,1,RT,2026-01-16 00:00:00,2026-01-16 00:00:00,2585,ACH011626,USD,8640,8640,NULL,NULL,NULL
5910,POSTCASH,0,9,RT,2026-01-15 00:00:00,2026-01-16 00:00:00,2481,ACH011526,USD,18596.64,18596.64,NULL,NULL,NULL
5911,UNDO-POSTCASH,0,1,RT,2026-01-16 00:00:00,2026-01-16 00:00:00,2442,ACH010726,USD,11555.34,11555.34,NULL,NULL,NULL
5912,UACASH,0,1,RT,2026-01-07 00:00:00,2026-01-16 00:00:00,2442,ACH010726,USD,11555.34,11555.34,NULL,NULL,NULL
5913,UACASH-APP,0,1,RT,2026-01-16 00:00:00,2026-01-16 00:00:00,2442,ACH010726,USD,11156.88,11156.88,NULL,NULL,NULL
5914,POSTCASH,0,1,RT,2026-01-14 00:00:00,2026-01-16 00:00:00,2442,ACH011426,USD,7516.74,7516.74,NULL,NULL,NULL
5915,UNDO-POSTCASH,0,1,RT,2026-01-16 00:00:00,2026-01-16 00:00:00,2442,ACH011426,USD,7516.74,7516.74,NULL,NULL,NULL
5916,UNDO-UACASH-APP,0,1,RT,2026-01-16 00:00:00,2026-01-16 00:00:00,2442,ACH010726,USD,11156.88,11156.88,NULL,NULL,NULL
5917,UACASH-UNDO,0,1,RT,2026-01-16 00:00:00,2026-01-16 00:00:00,2442,ACH010726,USD,11555.34,11555.34,NULL,NULL,NULL
5918,POSTCASH,0,1,RT,2026-01-07 00:00:00,2026-01-16 00:00:00,2442,ACH010726,USD,11156.88,11156.88,NULL,NULL,NULL
5919,POSTCASH,0,1,RT,2026-01-14 00:00:00,2026-01-16 00:00:00,1500,ACH011426,USD,7516.74,7516.74,NULL,NULL,NULL
5920,POSTCASH,0,1,RT,2026-01-07 00:00:00,2026-01-16 00:00:00,1500,ACH010726,USD,398.46,398.46,NULL,NULL,NULL
5921,POSTCASH,0,9,RT,2026-01-19 00:00:00,2026-01-19 00:00:00,1630,CM 60214,USD,0,0,NULL,NULL,NULL
5922,POSTCASH,0,2,RT,2026-01-16 00:00:00,2026-01-21 00:00:00,2086,ACH011626,USD,7132.85,7132.85,NULL,NULL,NULL
5923,POSTCASH,0,2,RT,2026-01-21 00:00:00,2026-01-21 00:00:00,2585,ACH012126,USD,14656.5,14656.5,NULL,NULL,NULL
5924,POSTCASH,0,1,RT,2026-01-20 00:00:00,2026-01-21 00:00:00,2582,ACH012026,USD,11220,11220,NULL,NULL,NULL
5925,POSTCASH,0,1,RT,2026-01-22 00:00:00,2026-01-22 00:00:00,2075,ACH012226,USD,11520.6,11520.6,NULL,NULL,NULL
5926,POSTCASH,0,1,RT,2026-01-22 00:00:00,2026-01-22 00:00:00,1455,ACH011626,USD,8958.6,8958.6,NULL,NULL,NULL
5927,POSTCASH,0,1,RT,2026-01-23 00:00:00,2026-01-26 00:00:00,1111,ACH012326,USD,1424,1424,NULL,NULL,NULL
5928,POSTCASH,0,2,RT,2026-01-26 00:00:00,2026-01-26 00:00:00,2086,ACH012626,USD,10894.41,10894.41,NULL,NULL,NULL
5929,POSTCASH,0,1,RT,2026-01-26 00:00:00,2026-01-26 00:00:00,2412,ACH012626,USD,1468.8,1468.8,NULL,NULL,NULL
5930,POSTCASH,0,1,RT,2026-01-28 00:00:00,2026-01-28 00:00:00,1108,CK 222201,USD,4817.3,4817.3,NULL,NULL,NULL
5931,POSTCASH,0,1,RT,2026-01-28 00:00:00,2026-01-28 00:00:00,1383,CK 3795782,USD,7394.73,7394.73,NULL,NULL,NULL
5932,POSTCASH,0,1,RT,2026-01-28 00:00:00,2026-01-29 00:00:00,2452,ACH012826,USD,1624,1624,NULL,NULL,NULL
5933,POSTCASH,0,6,RT,2026-01-28 00:00:00,2026-01-29 00:00:00,2436,ACH012826,USD,24545.84,24545.84,NULL,NULL,NULL
5934,POSTCASH,0,1,RT,2026-01-30 00:00:00,2026-01-30 00:00:00,1137,ACH013026,USD,1466,1466,NULL,NULL,NULL
5935,POSTCASH,0,1,RT,2026-01-30 00:00:00,2026-01-30 00:00:00,1577,ACH013026,USD,2876.8,2876.8,NULL,NULL,NULL
5936,POSTCASH,0,4,RT,2026-01-29 00:00:00,2026-01-30 00:00:00,2481,ACH012926,USD,6652.16,6652.16,NULL,NULL,NULL
5937,POSTCASH,0,1,RT,2026-01-30 00:00:00,2026-01-30 00:00:00,1114,CK 129650,USD,9380.2,9380.2,NULL,NULL,NULL
5938,POSTCASH,0,1,RT,2026-02-03 00:00:00,2026-02-03 00:00:00,1879,ACH020326,USD,10115.56,10115.56,NULL,NULL,NULL
5939,POSTCASH,0,2,RT,2026-02-02 00:00:00,2026-02-03 00:00:00,2582,ACH020226,USD,26920,26920,NULL,NULL,NULL
5940,POSTCASH,0,3,RT,2026-02-02 00:00:00,2026-02-03 00:00:00,2481,ACH020226,USD,5602.84,5602.84,NULL,NULL,NULL
5941,POSTCASH,0,1,RT,2026-02-02 00:00:00,2026-02-03 00:00:00,2398,ACH020226,USD,2812.6,2812.6,NULL,NULL,NULL
5942,POSTCASH,0,1,RT,2026-01-30 00:00:00,2026-02-03 00:00:00,2412,ACH013026,USD,538.2,538.2,NULL,NULL,NULL
5943,POSTCASH,0,2,RT,2026-02-05 00:00:00,2026-02-05 00:00:00,1577,59928,USD,0,0,NULL,NULL,NULL
5944,POSTCASH,0,5,RT,2026-02-06 00:00:00,2026-02-06 00:00:00,1137,ACH020626,USD,13134.08,13134.08,NULL,NULL,NULL
5945,POSTCASH,0,1,RT,2026-02-06 00:00:00,2026-02-06 00:00:00,2412,ACH020626,USD,1254.24,1254.24,NULL,NULL,NULL
5946,POSTCASH,0,2,RT,2026-02-06 00:00:00,2026-02-06 00:00:00,2585,ACH020626,USD,18767.33,18767.33,NULL,NULL,NULL
5947,UACASH,0,1,RT,2026-02-06 00:00:00,2026-02-10 00:00:00,1111,ACH020626,USD,2284,2284,NULL,NULL,NULL
5948,POSTCASH,0,2,RT,2026-02-09 00:00:00,2026-02-10 00:00:00,2035,ACH020926,USD,20863.25,20863.25,NULL,NULL,NULL
5949,POSTCASH,0,1,RT,2026-02-09 00:00:00,2026-02-10 00:00:00,1869,ACH020926,USD,9213.88,9213.88,NULL,NULL,NULL
5950,POSTCASH,0,1,RT,2026-02-09 00:00:00,2026-02-10 00:00:00,2585,ACH020926,USD,7546.5,7546.5,NULL,NULL,NULL
5951,UACASH-APP,0,2,RT,2026-02-11 00:00:00,2026-02-11 00:00:00,1111,ACH020626,USD,2284,2284,NULL,NULL,NULL
5952,POSTCASH,0,1,RT,2026-02-11 00:00:00,2026-02-13 00:00:00,2442,ACH021126,USD,11939.13,11939.13,NULL,NULL,NULL
5953,POSTCASH,0,1,RT,2026-02-13 00:00:00,2026-02-13 00:00:00,1111,ACH021326,USD,930.5,930.5,NULL,NULL,NULL
5954,POSTCASH,0,3,RT,2026-02-13 00:00:00,2026-02-13 00:00:00,1137,ACH021326,USD,3895,3895,NULL,NULL,NULL
5955,POSTCASH,0,2,RT,2026-02-13 00:00:00,2026-02-13 00:00:00,2585,ACH021326,USD,17646.9,17646.9,NULL,NULL,NULL
5956,UACASH,0,1,RT,2026-02-18 00:00:00,2026-02-20 00:00:00,2582,ACH021826,USD,15920,15920,NULL,NULL,NULL
5957,UACASH-APP,0,1,RT,2026-02-20 00:00:00,2026-02-20 00:00:00,2582,ACH021826,USD,14850,14850,NULL,NULL,NULL
5958,POSTCASH,0,1,RT,2026-02-20 00:00:00,2026-02-20 00:00:00,1578,ACH022026,USD,7581.6,7581.6,NULL,NULL,NULL
5959,POSTCASH,0,1,RT,2026-02-20 00:00:00,2026-02-20 00:00:00,2585,ACH022026,USD,8059.8,8059.8,NULL,NULL,NULL
5960,POSTCASH,0,1,RT,2026-02-20 00:00:00,2026-02-20 00:00:00,2520,CK 337118,USD,300,300,NULL,NULL,NULL
5961,POSTCASH,0,1,RT,2026-02-05 00:00:00,2026-02-20 00:00:00,1680,7002720156,USD,600,600,NULL,NULL,NULL
5962,POSTCASH,0,1,RT,2026-02-20 00:00:00,2026-02-20 00:00:00,2654,CK 1174,USD,400,400,NULL,NULL,NULL
5963,POSTCASH,0,1,RT,2026-02-20 00:00:00,2026-02-20 00:00:00,1383,CK 3801466,USD,7577.35,7577.35,NULL,NULL,NULL
5964,POSTCASH,0,1,RT,2026-02-20 00:00:00,2026-02-20 00:00:00,1108,CK 222853,USD,1873.75,1873.75,NULL,NULL,NULL
5965,POSTCASH,0,2,RT,2026-02-23 00:00:00,2026-02-23 00:00:00,2035,ACH022326,USD,13166.9,13166.9,NULL,NULL,NULL
5966,POSTCASH,0,1,RT,2026-02-26 00:00:00,2026-02-27 00:00:00,1879,ACH022626,USD,11791.65,11791.65,NULL,NULL,NULL
5967,POSTCASH,0,1,RT,2026-02-26 00:00:00,2026-02-27 00:00:00,2585,ACH022626,USD,9466.8,9466.8,NULL,NULL,NULL
5968,POSTCASH,0,1,RT,2026-02-27 00:00:00,2026-02-27 00:00:00,1111,ACH022726,USD,1188,1188,NULL,NULL,NULL
5969,POSTCASH,0,1,RT,2026-02-27 00:00:00,2026-02-27 00:00:00,2030,ACH022726,USD,3375,3375,NULL,NULL,NULL
5970,POSTCASH,0,1,RT,2026-02-27 00:00:00,2026-02-27 00:00:00,2412,ACH022726,USD,1424.64,1424.64,NULL,NULL,NULL
5971,POSTCASH,0,1,RT,2026-02-27 00:00:00,2026-03-03 00:00:00,1137,ACH022726,USD,635.1,635.1,NULL,NULL,NULL
5972,POSTCASH,0,4,RT,2026-03-02 00:00:00,2026-03-03 00:00:00,2585,ACH030226,USD,35623.9,35623.9,NULL,NULL,NULL
5973,POSTCASH,0,1,RT,2026-03-02 00:00:00,2026-03-03 00:00:00,2086,ACH030226,USD,5575.6,5575.6,NULL,NULL,NULL
5974,UACASH,0,1,RT,2026-03-03 00:00:00,2026-03-03 00:00:00,2454,ACH030326,USD,2000,2000,NULL,NULL,NULL
5975,POSTCASH,0,1,RT,2026-03-06 00:00:00,2026-03-06 00:00:00,1111,ACH030626,USD,1264,1264,NULL,NULL,NULL
5976,POSTCASH,0,2,RT,2026-03-06 00:00:00,2026-03-06 00:00:00,1137,ACH030626,USD,2332,2332,NULL,NULL,NULL
5977,POSTCASH,0,2,RT,2026-03-04 00:00:00,2026-03-06 00:00:00,2585,ACH030426,USD,18093.6,18093.6,NULL,NULL,NULL
5978,POSTCASH,0,2,RT,2026-03-06 00:00:00,2026-03-06 00:00:00,2585,ACH030626,USD,11096.4,11096.4,NULL,NULL,NULL
5979,POSTCASH,0,6,RT,2026-03-04 00:00:00,2026-03-06 00:00:00,2452,ACH030426,USD,11312,11312,NULL,NULL,NULL
5980,POSTCASH,0,1,RT,2026-03-04 00:00:00,2026-03-06 00:00:00,2030,ACH030426,USD,4500,4500,NULL,NULL,NULL
5981,POSTCASH,0,2,RT,2026-03-05 00:00:00,2026-03-06 00:00:00,2690,ACH030526,USD,351.02,351.02,NULL,NULL,NULL
5982,POSTCASH,0,1,RT,2026-03-06 00:00:00,2026-03-06 00:00:00,2520,CK 337771,USD,700,700,NULL,NULL,NULL
5983,POSTCASH,0,1,RT,2026-03-06 00:00:00,2026-03-06 00:00:00,1612,CK 8002,USD,6315,6315,NULL,NULL,NULL
5984,POSTCASH,0,5,RT,2026-03-09 00:00:00,2026-03-09 00:00:00,1114,CK 129958,USD,49915.35,49915.35,NULL,NULL,NULL
5985,POSTCASH,0,1,RT,2026-03-09 00:00:00,2026-03-09 00:00:00,2629,CK 2562,USD,1934,1934,NULL,NULL,NULL
5986,POSTCASH,0,3,RT,2026-03-09 00:00:00,2026-03-09 00:00:00,2363,CK 099869,USD,750,750,NULL,NULL,NULL
5987,POSTCASH,0,6,RT,2026-03-11 00:00:00,2026-03-11 00:00:00,2481,ACH031126,USD,12511.44,12511.44,NULL,NULL,NULL
5988,POSTCASH,0,1,RT,2026-03-13 00:00:00,2026-03-13 00:00:00,1137,ACH031326,USD,1544,1544,NULL,NULL,NULL
5989,POSTCASH,0,13,RT,2026-03-13 00:00:00,2026-03-13 00:00:00,2436,ACH031326,USD,44681.4,44681.4,NULL,NULL,NULL
5990,POSTCASH,0,2,RT,2026-03-13 00:00:00,2026-03-13 00:00:00,2585,ACH031326,USD,18001.2,18001.2,NULL,NULL,NULL
5991,POSTCASH,0,1,RT,2026-03-18 00:00:00,2026-03-18 00:00:00,2030,ACH031826,USD,240,240,NULL,NULL,NULL
5992,POSTCASH,0,1,RT,2026-03-18 00:00:00,2026-03-18 00:00:00,2030,ACH031826,USD,284,284,NULL,NULL,NULL
5993,POSTCASH,0,1,RT,2026-03-16 00:00:00,2026-03-18 00:00:00,2481,ACH031626,USD,5835.2,5835.2,NULL,NULL,NULL
5994,POSTCASH,0,1,RT,2025-11-14 00:00:00,2026-03-20 00:00:00,2669,ACH111425,USD,10259.61,10259.61,NULL,NULL,NULL
5995,POSTCASH,0,1,RT,2026-03-20 00:00:00,2026-03-20 00:00:00,1565,CK 10237,USD,5865.6,5865.6,NULL,NULL,NULL
5996,POSTCASH,0,1,RT,2026-03-20 00:00:00,2026-03-20 00:00:00,1474,CK 44976,USD,4780,4780,NULL,NULL,NULL
5997,POSTCASH,0,1,RT,2026-03-20 00:00:00,2026-03-20 00:00:00,1891,ACH032025,USD,5516.7,5516.7,NULL,NULL,NULL
5998,POSTCASH,0,1,RT,2026-03-20 00:00:00,2026-03-20 00:00:00,1137,ACH032026,USD,3451.2,3451.2,NULL,NULL,NULL
5999,POSTCASH,0,1,RT,2026-03-19 00:00:00,2026-03-20 00:00:00,2585,ACH031926,USD,9193.8,9193.8,NULL,NULL,NULL
6000,POSTCASH,0,1,RT,2026-03-24 00:00:00,2026-03-26 00:00:00,2481,ACH032426,USD,710.5,710.5,NULL,NULL,NULL
6001,POSTCASH,0,1,RT,2026-03-25 00:00:00,2026-03-26 00:00:00,2326,ACH32526,USD,1458,1458,NULL,NULL,NULL
6002,POSTCASH,0,1,RT,2026-03-26 00:00:00,2026-03-27 00:00:00,1680,7002787124,USD,600,600,NULL,NULL,NULL
6003,POSTCASH,0,2,RT,2026-03-26 00:00:00,2026-03-27 00:00:00,1114,CK 130233,USD,41114.1,41114.1,NULL,NULL,NULL
6004,POSTCASH,0,1,RT,2026-03-26 00:00:00,2026-03-27 00:00:00,2408,CK 41679,USD,417.79,417.79,NULL,NULL,NULL
6005,POSTCASH,0,4,RT,2026-03-27 00:00:00,2026-03-30 00:00:00,1299,WIR032726,USD,16429.03,16429.03,NULL,NULL,NULL
6006,POSTCASH,0,1,RT,2026-03-27 00:00:00,2026-03-30 00:00:00,1111,ACH032726,USD,559.35,559.35,NULL,NULL,NULL
6007,POSTCASH,0,5,RT,2026-03-27 00:00:00,2026-03-30 00:00:00,1137,ACH032726,USD,12050.05,12050.05,NULL,NULL,NULL
6008,POSTCASH,0,2,RT,2026-03-30 00:00:00,2026-03-30 00:00:00,2520,ACH033026,USD,1400,1400,NULL,NULL,NULL
6009,POSTCASH,0,2,RT,2026-03-30 00:00:00,2026-03-30 00:00:00,2585,ACH033026,USD,14775.6,14775.6,NULL,NULL,NULL
6010,POSTCASH,0,1,RT,2026-04-03 00:00:00,2026-04-03 00:00:00,1111,ACH040326,USD,1736.35,1736.35,NULL,NULL,NULL
6011,POSTCASH,0,1,RT,2026-04-03 00:00:00,2026-04-03 00:00:00,1455,ACH040326,USD,8845.2,8845.2,NULL,NULL,NULL
6012,POSTCASH,0,9,RT,2026-04-01 00:00:00,2026-04-03 00:00:00,2452,ACH040126,USD,16520,16520,NULL,NULL,NULL
6013,POSTCASH,0,1,RT,2026-04-01 00:00:00,2026-04-06 00:00:00,2442,ACH040126,USD,11437.2,11437.2,NULL,NULL,NULL
6014,POSTCASH,0,2,RT,2026-03-31 00:00:00,2026-04-06 00:00:00,2436,ACH033126,USD,9571.2,9571.2,NULL,NULL,NULL
6015,UACASH,0,1,RT,2026-04-03 00:00:00,2026-04-07 00:00:00,1137,ACH040326,USD,8987,8987,NULL,NULL,NULL
6016,UACASH-APP,0,4,RT,2026-04-07 00:00:00,2026-04-07 00:00:00,1137,ACH040326,USD,5172.75,5172.75,NULL,NULL,NULL
6017,POSTCASH,0,1,RT,2026-04-07 00:00:00,2026-04-08 00:00:00,2412,ACH040726,USD,2047.2,2047.2,NULL,NULL,NULL
6018,POSTCASH,0,1,RT,2026-04-08 00:00:00,2026-04-08 00:00:00,2105,ACH040826,USD,1010.6,1010.6,NULL,NULL,NULL
6019,POSTCASH,0,1,RT,2026-04-08 00:00:00,2026-04-08 00:00:00,2585,ACH040826,USD,9431.2,9431.2,NULL,NULL,NULL
6020,POSTCASH,0,1,RT,2026-04-09 00:00:00,2026-04-09 00:00:00,1466,CK 14074,USD,4071,4071,NULL,NULL,NULL
6021,POSTCASH,0,1,RT,2026-04-09 00:00:00,2026-04-09 00:00:00,1474,CK 45019,USD,5768,5768,NULL,NULL,NULL
6022,POSTCASH,0,1,RT,2026-04-09 00:00:00,2026-04-09 00:00:00,1948,CK 46931,USD,9350.42,9350.42,NULL,NULL,NULL
6023,POSTCASH,0,2,RT,2026-04-09 00:00:00,2026-04-09 00:00:00,1712,CK 10197,USD,1875.4,1875.4,NULL,NULL,NULL
6024,POSTCASH,0,1,RT,2026-04-09 00:00:00,2026-04-09 00:00:00,2703,CK 995001,USD,1500,1500,NULL,NULL,NULL
6025,POSTCASH,0,1,RT,2026-04-09 00:00:00,2026-04-09 00:00:00,1782,CK 50902,USD,100,100,NULL,NULL,NULL
6026,UACASH-APP,0,1,RT,2026-04-10 00:00:00,2026-04-10 00:00:00,1137,ACH040326,USD,3814.25,3814.25,NULL,NULL,NULL
6027,POSTCASH,0,1,RT,2026-04-10 00:00:00,2026-04-10 00:00:00,2585,ACH040926,USD,6682.2,6682.2,NULL,NULL,NULL
6028,POSTCASH,0,2,RT,2026-04-10 00:00:00,2026-04-10 00:00:00,1111,ACH041026,USD,2735.15,2735.15,NULL,NULL,NULL
6029,POSTCASH,0,2,RT,2026-04-13 00:00:00,2026-04-13 00:00:00,1578,ACH041326,USD,3953.11,3953.11,NULL,NULL,NULL
6030,POSTCASH,0,1,RT,2026-04-13 00:00:00,2026-04-13 00:00:00,1869,ACH041326,USD,8784,8784,NULL,NULL,NULL
6031,POSTCASH,0,1,RT,2026-04-13 00:00:00,2026-04-13 00:00:00,2585,ACH041326,USD,8614.2,8614.2,NULL,NULL,NULL
6032,POSTCASH,0,1,RT,2026-04-10 00:00:00,2026-04-13 00:00:00,2582,ACH041026,USD,8430,8430,NULL,NULL,NULL
6033,UACASH-APP,0,1,RT,2026-04-13 00:00:00,2026-04-13 00:00:00,2582,ACH021826,USD,1070,1070,NULL,NULL,NULL
6034,POSTCASH,0,1,RT,2026-04-11 00:00:00,2026-04-17 00:00:00,2324,CL 26673,USD,150,150,NULL,NULL,NULL
6035,POSTCASH,0,1,RT,2026-04-11 00:00:00,2026-04-17 00:00:00,1782,INV60332,USD,250,250,NULL,NULL,NULL
6036,POSTCASH,0,1,RT,2026-04-14 00:00:00,2026-04-17 00:00:00,1879,ACH041426,USD,703.51,703.51,NULL,NULL,NULL
6037,POSTCASH,0,1,RT,2026-04-16 00:00:00,2026-04-17 00:00:00,1891,ACH041626,USD,7170.6,7170.6,NULL,NULL,NULL
6038,POSTCASH,0,1,RT,2026-04-17 00:00:00,2026-04-17 00:00:00,1577,ACH041726,USD,8000.66,8000.66,NULL,NULL,NULL
6039,POSTCASH,0,1,RT,2026-04-17 00:00:00,2026-04-17 00:00:00,1111,ACH041726,USD,1202.3,1202.3,NULL,NULL,NULL
6040,POSTCASH,0,3,RT,2026-04-20 00:00:00,2026-04-22 00:00:00,1137,ACH042026,USD,10191.65,10191.65,NULL,NULL,NULL
6041,POSTCASH,0,1,RT,2026-04-23 00:00:00,2026-04-23 00:00:00,2708,CK 31507,USD,349.72,349.72,NULL,NULL,NULL
6042,POSTCASH,0,1,RT,2026-04-23 00:00:00,2026-04-23 00:00:00,1474,CK 45060,USD,7637,7637,NULL,NULL,NULL
6043,POSTCASH,0,1,RT,2026-04-24 00:00:00,2026-04-24 00:00:00,1866,ACH042426,USD,4663,4663,NULL,NULL,NULL
6044,POSTCASH,0,1,RT,2026-04-24 00:00:00,2026-04-24 00:00:00,1891,ACH042426,USD,5369.4,5369.4,NULL,NULL,NULL
6045,POSTCASH,0,2,RT,2026-04-24 00:00:00,2026-04-24 00:00:00,1577,ACH042426,USD,16327.16,16327.16,NULL,NULL,NULL
6046,POSTCASH,0,1,RT,2026-04-23 00:00:00,2026-04-24 00:00:00,2585,ACH042326,USD,7753.2,7753.2,NULL,NULL,NULL
6047,POSTCASH,0,2,RT,2026-04-23 00:00:00,2026-04-24 00:00:00,2436,ACH042326,USD,1743.6,1743.6,NULL,NULL,NULL
6048,POSTCASH,0,4,RT,2026-04-24 00:00:00,2026-04-27 00:00:00,1137,ACH042426,USD,8052.72,8052.72,NULL,NULL,NULL
6049,POSTCASH,0,1,RT,2026-04-27 00:00:00,2026-04-27 00:00:00,1383,CK 3813169,USD,682.8,682.8,NULL,NULL,NULL
6050,POSTCASH,0,1,RT,2026-04-27 00:00:00,2026-04-27 00:00:00,1466,CK 12064,USD,4718.84,4718.84,NULL,NULL,NULL
6051,POSTCASH,0,1,RT,2026-04-27 00:00:00,2026-04-28 00:00:00,1891,ACH042726,USD,7102.2,7102.2,NULL,NULL,NULL
6052,POSTCASH,0,1,RT,2026-04-28 00:00:00,2026-04-28 00:00:00,2481,ACH042726,USD,3997.34,3997.34,NULL,NULL,NULL
6053,POSTCASH,0,2,RT,2026-04-30 00:00:00,2026-05-01 00:00:00,2585,ACH043026,USD,16917.6,16917.6,NULL,NULL,NULL
6054,POSTCASH,0,1,RT,2026-04-29 00:00:00,2026-05-01 00:00:00,2582,ACH042926,USD,5600,5600,NULL,NULL,NULL
6055,POSTCASH,0,3,RT,2026-05-01 00:00:00,2026-05-01 00:00:00,1137,ACH050126,USD,6225.04,6225.04,NULL,NULL,NULL
6056,POSTCASH,0,1,RT,2026-05-04 00:00:00,2026-05-04 00:00:00,1565,CK 10582,USD,7827.65,7827.65,NULL,NULL,NULL
6057,POSTCASH,0,2,RT,2026-05-01 00:00:00,2026-05-05 00:00:00,2671,ACH050126,USD,480.92,480.92,NULL,NULL,NULL
6058,POSTCASH,0,1,RT,2026-05-05 00:00:00,2026-05-08 00:00:00,1879,ACH050526,USD,5331.2,5331.2,NULL,NULL,NULL
6059,POSTCASH,0,1,RT,2026-05-06 00:00:00,2026-05-08 00:00:00,2585,ACH50626,USD,5728.8,5728.8,NULL,NULL,NULL
6060,POSTCASH,0,4,RT,2026-05-08 00:00:00,2026-05-08 00:00:00,1137,ACH050826,USD,6816,6816,NULL,NULL,NULL
6061,POSTCASH,0,1,RT,2026-05-07 00:00:00,2026-05-08 00:00:00,2030,ACH050726,USD,3187.5,3187.5,NULL,NULL,NULL
6062,POSTCASH,0,1,RT,2026-05-07 00:00:00,2026-05-08 00:00:00,2030,ACH050726,USD,3127.5,3127.5,NULL,NULL,NULL
6063,POSTCASH,0,2,RT,2026-05-08 00:00:00,2026-05-11 00:00:00,1114,CK 130705,USD,24089.8,24089.8,NULL,NULL,NULL
6064,POSTCASH,0,1,RT,2026-05-11 00:00:00,2026-05-12 00:00:00,1700,CK 29908,USD,2502.24,2502.24,NULL,NULL,NULL
6065,POSTCASH,0,1,RT,2026-05-08 00:00:00,2026-05-12 00:00:00,2354,ACH050826,USD,9428.75,9428.75,NULL,NULL,NULL
6066,POSTCASH,0,1,RT,2026-05-11 00:00:00,2026-05-12 00:00:00,2115,ACH051126,USD,4267.8,4267.8,NULL,NULL,NULL
6067,POSTCASH,0,1,RT,2026-05-08 00:00:00,2026-05-12 00:00:00,2412,ACH050826,USD,2379.2,2379.2,NULL,NULL,NULL
6068,POSTCASH,0,1,RT,2026-05-13 00:00:00,2026-05-14 00:00:00,1383,CK 3819914,USD,5108.6,5108.6,NULL,NULL,NULL
6069,UNDO-POSTCASH,0,1,RT,2026-05-14 00:00:00,2026-05-14 00:00:00,1383,CK 3819914,USD,5108.6,5108.6,NULL,NULL,NULL
6070,POSTCASH,0,1,RT,2026-05-13 00:00:00,2026-05-14 00:00:00,1383,CK 3819914,USD,5108.6,5108.6,NULL,NULL,NULL
6071,POSTCASH,0,5,RT,2026-05-13 00:00:00,2026-05-14 00:00:00,2452,ACH051325,USD,9191,9191,NULL,NULL,NULL
6072,POSTCASH,0,2,RT,2026-05-12 00:00:00,2026-05-14 00:00:00,1869,ACH051225,USD,11345.62,11345.62,NULL,NULL,NULL
6073,POSTCASH,0,2,RT,2026-04-21 00:00:00,2026-05-14 00:00:00,2326,ACH042126,USD,15202.9,15202.9,NULL,NULL,NULL
6074,POSTCASH,0,3,RT,2026-05-12 00:00:00,2026-05-14 00:00:00,2326,ACH051226,USD,2675.4,2675.4,NULL,NULL,NULL
6075,POSTCASH,0,1,RT,2026-05-15 00:00:00,2026-05-15 00:00:00,1111,ACH051526,USD,2793,2793,NULL,NULL,NULL
6076,POSTCASH,0,1,RT,2026-05-15 00:00:00,2026-05-15 00:00:00,1578,ACH051526,USD,7452,7452,NULL,NULL,NULL
6077,POSTCASH,0,5,RT,2026-05-15 00:00:00,2026-05-15 00:00:00,1137,ACH051526,USD,8739.84,8739.84,NULL,NULL,NULL
6078,POSTCASH,0,2,RT,2026-05-18 00:00:00,2026-05-18 00:00:00,2629,CK 2627,USD,2452.65,2452.65,NULL,NULL,NULL
6079,POSTCASH,0,1,RT,2026-05-08 00:00:00,2026-05-18 00:00:00,2191,ACH050826,USD,4578,4578,NULL,NULL,NULL
6080,UACASH,0,1,RT,2026-05-15 00:00:00,2026-05-18 00:00:00,2454,ACH051526,USD,1000,1000,NULL,NULL,NULL
6081,POSTCASH,0,1,RT,2026-05-21 00:00:00,2026-05-21 00:00:00,2412,ACH030626,USD,897.72,897.72,NULL,NULL,NULL
6082,POSTCASH,0,3,RT,2026-03-13 00:00:00,2026-05-21 00:00:00,2412,ACH031326,USD,5003.76,5003.76,NULL,NULL,NULL
6083,POSTCASH,0,1,RT,2026-03-27 00:00:00,2026-05-21 00:00:00,2412,ACH032726,USD,2468.85,2468.85,NULL,NULL,NULL
6084,POSTCASH,0,1,RT,2026-05-20 00:00:00,2026-05-21 00:00:00,2585,ACH052026,USD,8937.6,8937.6,NULL,NULL,NULL
6085,UACASH-APP,0,1,RT,2026-05-21 00:00:00,2026-05-21 00:00:00,2454,ACH030326,USD,2000,2000,NULL,NULL,NULL
6086,UACASH,0,1,RT,2026-03-23 00:00:00,2026-05-21 00:00:00,2454,ACH032326,USD,4742,4742,NULL,NULL,NULL
6087,UACASH-APP,0,1,RT,2026-05-21 00:00:00,2026-05-21 00:00:00,2454,ACH032326,USD,4741.3,4741.3,NULL,NULL,NULL
6088,POSTCASH,0,1,RT,2026-03-23 00:00:00,2026-05-21 00:00:00,1891,ACH032326,USD,7208.6,7208.6,NULL,NULL,NULL
6089,POSTCASH,0,3,RT,2026-05-21 00:00:00,2026-05-22 00:00:00,1712,CK VV366,USD,2460.28,2460.28,NULL,NULL,NULL
6090,POSTCASH,0,2,RT,2026-05-21 00:00:00,2026-05-22 00:00:00,1712,CK VV419,USD,2259.6,2259.6,NULL,NULL,NULL
6091,POSTCASH,0,4,RT,2026-05-22 00:00:00,2026-05-22 00:00:00,1111,ACH052226,USD,13232.7,13232.7,NULL,NULL,NULL
6092,POSTCASH,0,2,RT,2026-05-22 00:00:00,2026-05-22 00:00:00,2326,ACH052226,USD,1798.2,1798.2,NULL,NULL,NULL
6093,UNDO-POSTCASH,0,1,RT,2026-05-22 00:00:00,2026-05-22 00:00:00,1111,ACH052226,USD,3445,3445,NULL,NULL,NULL
6094,UNDO-POSTCASH,0,1,RT,2026-05-22 00:00:00,2026-05-22 00:00:00,1111,ACH052226,USD,2913.3,2913.3,NULL,NULL,NULL
6095,UNDO-POSTCASH,0,1,RT,2026-05-22 00:00:00,2026-05-22 00:00:00,1111,ACH052226,USD,3010.8,3010.8,NULL,NULL,NULL
6096,UNDO-POSTCASH,0,1,RT,2026-05-22 00:00:00,2026-05-22 00:00:00,1111,ACH052226,USD,3863.6,3863.6,NULL,NULL,NULL
6097,POSTCASH,0,4,RT,2026-05-22 00:00:00,2026-05-22 00:00:00,1111,ACH052226,USD,13232.7,13232.7,NULL,NULL,NULL
6098,POSTCASH,0,2,RT,2026-05-22 00:00:00,2026-05-22 00:00:00,1137,ACH052226,USD,8967.6,8967.6,NULL,NULL,NULL
6099,POSTCASH,0,1,RT,2026-05-22 00:00:00,2026-05-22 00:00:00,1474,ACH052226,USD,6834.6,6834.6,NULL,NULL,NULL
6100,POSTCASH,0,2,RT,2026-05-22 00:00:00,2026-05-22 00:00:00,2412,ACH052226,USD,1676.35,1676.35,NULL,NULL,NULL
6101,POSTCASH,0,1,RT,2026-05-22 00:00:00,2026-05-22 00:00:00,2191,ACH052226,USD,960.4,960.4,NULL,NULL,NULL
6102,POSTCASH,0,1,RT,2026-05-22 00:00:00,2026-05-22 00:00:00,1577,ACH052226,USD,7189.2,7189.2,NULL,NULL,NULL
6103,POSTCASH,0,1,RT,2026-05-01 00:00:00,2026-05-22 00:00:00,1299,WIR052126,USD,7193.15,7193.15,NULL,NULL,NULL
6104,POSTCASH,0,1,RT,2026-05-21 00:00:00,2026-05-22 00:00:00,2324, CK 27218,USD,750,750,NULL,NULL,NULL
6105,POSTCASH,0,1,RT,2026-05-21 00:00:00,2026-05-22 00:00:00,2324,CK 27219,USD,250,250,NULL,NULL,NULL
6106,POSTCASH,0,1,RT,2026-05-26 00:00:00,2026-05-27 00:00:00,2585,ACH052626,USD,9097.2,9097.2,NULL,NULL,NULL
6107,POSTCASH,0,1,RT,2026-05-26 00:00:00,2026-05-27 00:00:00,2520,ACH052626,USD,800,800,NULL,NULL,NULL
6108,POSTCASH,0,2,RT,2026-05-26 00:00:00,2026-05-27 00:00:00,2041,ACH052626,USD,1115.57,1115.57,NULL,NULL,NULL
6109,UACASH,0,1,RT,2026-05-15 00:00:00,2026-05-27 00:00:00,2191,ACH051526,USD,5084.8,5084.8,NULL,NULL,NULL
6110,POSTCASH,0,2,RT,2026-05-28 00:00:00,2026-05-29 00:00:00,1114,CK 130959,USD,35500.7,35500.7,NULL,NULL,NULL
6111,POSTCASH,0,1,RT,2026-05-29 00:00:00,2026-05-29 00:00:00,1111,ACH052926,USD,3632.85,3632.85,NULL,NULL,NULL
6112,POSTCASH,0,1,RT,2026-05-29 00:00:00,2026-05-29 00:00:00,1137,ACH052926,USD,1593.8,1593.8,NULL,NULL,NULL
6113,POSTCASH,0,2,RT,2026-05-28 00:00:00,2026-05-29 00:00:00,1869,ACH052826,USD,6592.76,6592.76,NULL,NULL,NULL
6114,POSTCASH,0,1,RT,2026-05-28 00:00:00,2026-05-29 00:00:00,2030,ACH052826,USD,3217.5,3217.5,NULL,NULL,NULL
6115,UACASH,0,1,RT,2026-05-15 00:00:00,2026-05-29 00:00:00,2191,ACH051526,USD,5084.8,5084.8,NULL,NULL,NULL
6116,UACASH-UNDO,0,1,RT,2026-05-29 00:00:00,2026-05-29 00:00:00,2191,ACH051526,USD,5084.8,5084.8,NULL,NULL,NULL
6117,UACASH-APP,0,1,RT,2026-05-29 00:00:00,2026-05-29 00:00:00,2191,ACH051526,USD,5084.8,5084.8,NULL,NULL,NULL
6118,UNDO-POSTCASH,0,1,RT,2026-06-02 00:00:00,2026-06-02 00:00:00,1111,ACH052226,USD,2913.3,2913.3,NULL,NULL,NULL
6119,UNDO-POSTCASH,0,1,RT,2026-06-02 00:00:00,2026-06-02 00:00:00,1111,ACH052226,USD,3445,3445,NULL,NULL,NULL
6120,UNDO-POSTCASH,0,1,RT,2026-06-02 00:00:00,2026-06-02 00:00:00,1111,ACH052226,USD,3010.8,3010.8,NULL,NULL,NULL
6121,UNDO-POSTCASH,0,1,RT,2026-06-02 00:00:00,2026-06-02 00:00:00,1111,ACH052226,USD,3863.6,3863.6,NULL,NULL,NULL
6122,POSTCASH,0,4,RT,2026-05-22 00:00:00,2026-06-02 00:00:00,1111,ACH052226,USD,13232.7,13232.7,NULL,NULL,NULL
6123,UNDO-POSTCASH,0,1,RT,2026-06-02 00:00:00,2026-06-02 00:00:00,2671,ACH050126,USD,285.26,285.26,NULL,NULL,NULL
6124,UNDO-POSTCASH,0,1,RT,2026-06-02 00:00:00,2026-06-02 00:00:00,2671,ACH050126,USD,195.66,195.66,NULL,NULL,NULL
6125,POSTCASH,0,2,RT,2026-05-01 00:00:00,2026-06-02 00:00:00,2671,ACH050122,USD,480.92,480.92,NULL,NULL,NULL
6126,POSTCASH,0,1,RT,2026-06-01 00:00:00,2026-06-03 00:00:00,2520,ACH060126,USD,800,800,NULL,NULL,NULL
6127,POSTCASH,0,1,RT,2026-06-03 00:00:00,2026-06-04 00:00:00,1114,CK 131119,USD,13234.65,13234.65,NULL,NULL,NULL
6128,POSTCASH,0,1,RT,2026-06-04 00:00:00,2026-06-04 00:00:00,2538,CK924228643,USD,4077.59,4077.59,NULL,NULL,NULL
6129,POSTCASH,0,1,RT,2026-06-05 00:00:00,2026-06-08 00:00:00,1137,ACH060526,USD,2692.8,2692.8,NULL,NULL,NULL
6130,POSTCASH,0,1,RT,2026-06-05 00:00:00,2026-06-08 00:00:00,1577,ACH060526,USD,7169.58,7169.58,NULL,NULL,NULL
6131,POSTCASH,0,1,RT,2026-06-08 00:00:00,2026-06-08 00:00:00,2585,ACH060826,USD,9120.3,9120.3,NULL,NULL,NULL
6132,UACASH,0,1,RT,2026-06-08 00:00:00,2026-06-11 00:00:00,2354,ACH060826,USD,22876,22876,NULL,NULL,NULL
6133,UACASH-APP,0,2,RT,2026-06-11 00:00:00,2026-06-11 00:00:00,2354,ACH060826,USD,22876,22876,NULL,NULL,NULL
6134,POSTCASH,0,2,RT,2026-06-09 00:00:00,2026-06-12 00:00:00,2481,ACH060926,USD,20100.16,20100.16,NULL,NULL,NULL
6135,POSTCASH,0,3,RT,2026-06-12 00:00:00,2026-06-12 00:00:00,1111,ACH061226,USD,4642.4,4642.4,NULL,NULL,NULL
6136,POSTCASH,0,1,RT,2026-06-12 00:00:00,2026-06-12 00:00:00,1578,ACH061226,USD,5385.6,5385.6,NULL,NULL,NULL
6137,POSTCASH,0,1,RT,2026-06-12 00:00:00,2026-06-15 00:00:00,2412,ACH061226,USD,1069.46,1069.46,NULL,NULL,NULL
6138,POSTCASH,0,3,RT,2026-06-12 00:00:00,2026-06-15 00:00:00,1137,ACH061226,USD,10001.1,10001.1,NULL,NULL,NULL
6139,POSTCASH,0,2,RT,2026-06-12 00:00:00,2026-06-15 00:00:00,2436,ACH061226,USD,13140.4,13140.4,NULL,NULL,NULL
6140,POSTCASH,0,1,RT,2026-06-16 00:00:00,2026-06-18 00:00:00,1680,7002919107,USD,150,150,NULL,NULL,NULL
6141,POSTCASH,0,1,RT,2026-06-16 00:00:00,2026-06-18 00:00:00,1804,7002919107,USD,700,700,NULL,NULL,NULL
6142,POSTCASH,0,1,RT,2026-06-17 00:00:00,2026-06-18 00:00:00,1612,CK 8036,USD,5382.4,5382.4,NULL,NULL,NULL
6143,POSTCASH,0,5,RT,2026-06-17 00:00:00,2026-06-18 00:00:00,1114,CK 131242,USD,57027.9,57027.9,NULL,NULL,NULL
6144,POSTCASH,0,2,RT,2026-06-16 00:00:00,2026-06-18 00:00:00,1577,ACH061626,USD,13745.95,13745.95,NULL,NULL,NULL
6145,POSTCASH,0,1,RT,2026-06-17 00:00:00,2026-06-18 00:00:00,2115,ACH61726,USD,1947,1947,NULL,NULL,NULL
6146,POSTCASH,0,1,RT,2026-06-23 00:00:00,2026-06-25 00:00:00,1785,CK 7921,USD,536.34,536.34,NULL,NULL,NULL
6147,POSTCASH,0,1,RT,2026-06-23 00:00:00,2026-06-25 00:00:00,1405,CK 83288,USD,3129.6,3129.6,NULL,NULL,NULL
6148,POSTCASH,0,1,RT,2026-06-23 00:00:00,2026-06-25 00:00:00,1782,CK 51353,USD,400,400,NULL,NULL,NULL
6149,POSTCASH,0,3,RT,2026-06-22 00:00:00,2026-06-25 00:00:00,1111,ACH062226,USD,7058.2,7058.2,NULL,NULL,NULL
6150,POSTCASH,0,2,RT,2026-06-22 00:00:00,2026-06-25 00:00:00,2035,ACH062226,USD,12339,12339,NULL,NULL,NULL
6151,POSTCASH,0,2,RT,2026-06-25 00:00:00,2026-06-25 00:00:00,2436,ACH062526,USD,17866.4,17866.4,NULL,NULL,NULL
6152,POSTCASH,0,2,RT,2026-06-24 00:00:00,2026-06-25 00:00:00,1879,ACH062426,USD,16714.8,16714.8,NULL,NULL,NULL
6153,UACASH-APP,0,1,RT,2026-06-25 00:00:00,2026-06-25 00:00:00,2454,ACH051526,USD,1000,1000,NULL,NULL,NULL
6154,UACASH,0,1,RT,2026-06-23 00:00:00,2026-06-25 00:00:00,2454,ACH062326,USD,198,198,NULL,NULL,NULL
6155,UACASH-APP,0,1,RT,2026-06-25 00:00:00,2026-06-25 00:00:00,2454,ACH062326,USD,197.63,197.63,NULL,NULL,NULL
6156,UACASH,0,1,RT,2026-06-18 00:00:00,2026-06-25 00:00:00,1137,ACH061826,USD,1653,1653,NULL,NULL,NULL
6157,POSTCASH,0,1,RT,2026-06-26 00:00:00,2026-06-30 00:00:00,2585,ACH062626,USD,8993,8993,NULL,NULL,NULL
6158,POSTCASH,0,2,RT,2026-06-29 00:00:00,2026-06-30 00:00:00,2585,ACH062926,USD,18894.5,18894.5,NULL,NULL,NULL
6159,UACASH-APP,0,1,RT,2026-06-30 00:00:00,2026-06-30 00:00:00,1137,ACH061826,USD,1653,1653,NULL,NULL,NULL
6160,POSTCASH,0,1,RT,2026-06-26 00:00:00,2026-06-30 00:00:00,1137,ACH062626,USD,1404,1404,NULL,NULL,NULL
6161,POSTCASH,0,1,RT,2026-06-30 00:00:00,2026-06-30 00:00:00,1879,ACH063026,USD,521,521,NULL,NULL,NULL
6162,POSTCASH,0,1,RT,2026-07-06 00:00:00,2026-07-06 00:00:00,2585,ACH070626,USD,8275.4,8275.4,NULL,NULL,NULL
6163,POSTCASH,0,1,RT,2026-07-03 00:00:00,2026-07-06 00:00:00,1578,ACH070326,USD,6667.2,6667.2,NULL,NULL,NULL
6164,POSTCASH,0,2,RT,2026-07-06 00:00:00,2026-07-06 00:00:00,1111,ACH070326,USD,3899.7,3899.7,NULL,NULL,NULL
6165,POSTCASH,0,1,RT,2026-07-03 00:00:00,2026-07-06 00:00:00,2354,ACH070326,USD,600,600,NULL,NULL,NULL
6166,POSTCASH,0,9,RT,2026-07-02 00:00:00,2026-07-06 00:00:00,2452,ACH070226,USD,15631,15631,NULL,NULL,NULL
6167,UACASH,0,1,RT,2026-06-30 00:00:00,2026-07-10 00:00:00,2050,CK 29474,USD,3970.8,3970.8,NULL,NULL,NULL
6168,UACASH-APP,0,1,RT,2026-07-10 00:00:00,2026-07-10 00:00:00,2050,CK 29474,USD,3970.8,3970.8,NULL,NULL,NULL
6169,UACASH,0,1,RT,2026-07-03 00:00:00,2026-07-10 00:00:00,1137,ACH070326,USD,3644,3644,NULL,NULL,NULL
6170,UACASH-APP,0,1,RT,2026-07-10 00:00:00,2026-07-10 00:00:00,1137,ACH070326,USD,3644,3644,NULL,NULL,NULL
6171,POSTCASH,0,1,RT,2026-07-10 00:00:00,2026-07-10 00:00:00,2585,ACH071026,USD,7755.6,7755.6,NULL,NULL,NULL
6172,POSTCASH,0,1,RT,2026-07-08 00:00:00,2026-07-10 00:00:00,2481,ACH070826,USD,12056.99,12056.99,NULL,NULL,NULL
6173,UNDO-POSTCASH,0,1,RT,2026-07-10 00:00:00,2026-07-10 00:00:00,1257,OFFSET,USD,65.22,65.22,NULL,NULL,NULL
6174,POSTCASH,0,1,RT,2026-07-01 00:00:00,2026-07-10 00:00:00,1257,CH070126,USD,65.22,65.22,NULL,NULL,NULL
6175,POSTCASH,0,2,RT,2026-07-08 00:00:00,2026-07-10 00:00:00,1114,CK 131408,USD,35997.9,35997.9,NULL,NULL,NULL
6176,POSTCASH,0,1,RT,2026-07-13 00:00:00,2026-07-14 00:00:00,2035,ACH071326,USD,5161,5161,NULL,NULL,NULL
6177,POSTCASH,0,3,RT,2026-07-13 00:00:00,2026-07-14 00:00:00,2412,ACH071326,USD,3339.09,3339.09,NULL,NULL,NULL
6178,POSTCASH,0,1,RT,2026-07-13 00:00:00,2026-07-15 00:00:00,2030,ACH071326,USD,9000,9000,NULL,NULL,NULL
6179,POSTCASH,0,4,RT,2026-07-17 00:00:00,2026-07-17 00:00:00,1111,ACH071726,USD,8673.7,8673.7,NULL,NULL,NULL
6180,POSTCASH,0,2,RT,2026-07-17 00:00:00,2026-07-17 00:00:00,1577,ACH071726,USD,14461.5,14461.5,NULL,NULL,NULL
6181,POSTCASH,0,2,RT,2026-07-17 00:00:00,2026-07-17 00:00:00,2201,CK 80265,USD,507,507,NULL,NULL,NULL
6182,POSTCASH,0,1,RT,2026-07-17 00:00:00,2026-07-17 00:00:00,2725,CK 19402,USD,504,504,NULL,NULL,NULL
6183,POSTCASH,0,1,RT,2026-07-17 00:00:00,2026-07-17 00:00:00,2752,CK 050739,USD,375,375,NULL,NULL,NULL
6184,POSTCASH,0,1,RT,2026-07-17 00:00:00,2026-07-17 00:00:00,2557,CK 94314,USD,1581.6,1581.6,NULL,NULL,NULL
6185,UACASH,0,1,RT,2026-07-17 00:00:00,2026-07-21 00:00:00,1405,CK 10531,USD,5193,5193,NULL,NULL,NULL
6186,UACASH-APP,0,2,RT,2026-07-21 00:00:00,2026-07-21 00:00:00,1405,CK 10531,USD,5193,5193,NULL,NULL,NULL
6187,POSTCASH,0,1,RT,2026-07-22 00:00:00,2026-07-23 00:00:00,2030,ACH072226,USD,11250,11250,NULL,NULL,NULL
6188,POSTCASH,0,1,RT,2026-07-22 00:00:00,2026-07-23 00:00:00,1474, ACH072226,USD,8291,8291,NULL,NULL,NULL
6189,POSTCASH,0,4,RT,2026-07-21 00:00:00,2026-07-23 00:00:00,2436,ACH072126,USD,26976.44,26976.44,NULL,NULL,NULL
6190,POSTCASH,0,2,RT,2026-07-23 00:00:00,2026-07-23 00:00:00,2585,ACH072326,USD,21104.4,21104.4,NULL,NULL,NULL
6191,POSTCASH,0,1,RT,2026-07-22 00:00:00,2026-07-23 00:00:00,2452,ACH072226,USD,4887.5,4887.5,NULL,NULL,NULL
6192,POSTCASH,0,1,RT,2026-07-27 00:00:00,2026-07-27 00:00:00,2030,ACH072726,USD,11250,11250,NULL,NULL,NULL
6193,POSTCASH,0,1,RT,2026-07-27 00:00:00,2026-07-27 00:00:00,1923,ACH072726,USD,25265.57,25265.57,NULL,NULL,NULL
6194,POSTCASH,0,5,RT,2026-07-24 00:00:00,2026-07-27 00:00:00,1466,CK 14221,USD,6024.58,6024.58,NULL,NULL,NULL
6195,POSTCASH,0,6,RT,2026-07-24 00:00:00,2026-07-27 00:00:00,2412,AC072426,USD,8863.67,8863.67,NULL,NULL,NULL
6196,POSTCASH,0,1,RT,2026-07-27 00:00:00,2026-07-27 00:00:00,2585,ACH072726,USD,9775,9775,NULL,NULL,NULL
6197,POSTCASH,0,1,RT,2026-07-27 00:00:00,2026-07-27 00:00:00,1577,ACH072426,USD,7178,7178,NULL,NULL,NULL
6198,POSTCASH,0,1,RT,2026-07-28 00:00:00,2026-07-29 00:00:00,1578,ACH072826,USD,4431.6,4431.6,NULL,NULL,NULL
6199,POSTCASH,0,1,RT,2026-07-30 00:00:00,2026-07-31 00:00:00,2585,ACH073026,USD,9347.2,9347.2,NULL,NULL,NULL
6200,UACASH,0,1,RT,2026-07-29 00:00:00,2026-07-31 00:00:00,2582,ACH072926,USD,14883.76,14883.76,NULL,NULL,NULL
6201,UACASH-APP,0,1,RT,2026-07-31 00:00:00,2026-07-31 00:00:00,2582,ACH072926,USD,14850,14850,NULL,NULL,NULL
6202,POSTCASH,0,1,RT,2026-07-31 00:00:00,2026-07-31 00:00:00,2585,ACH073126,USD,9055.2,9055.2,NULL,NULL,NULL
6203,POSTCASH,0,1,RT,2026-07-31 00:00:00,2026-07-31 00:00:00,1577,ACH073126,USD,7695,7695,NULL,NULL,NULL
6204,POSTCASH,0,1,RT,2026-07-30 00:00:00,2026-07-31 00:00:00,1108,CK 225524,USD,2978.75,2978.75,NULL,NULL,NULL
6205,POSTCASH,0,1,RT,2026-07-30 00:00:00,2026-07-31 00:00:00,2324,CK 27615,USD,350,350,NULL,NULL,NULL
6206,POSTCASH,0,1,RT,2026-07-30 00:00:00,2026-07-31 00:00:00,1405,CK 10623,USD,2712,2712,NULL,NULL,NULL
6207,POSTCASH,0,1,RT,2026-08-03 00:00:00,2026-08-05 00:00:00,1879,ACH080326,USD,8446,8446,NULL,NULL,NULL
6208,POSTCASH,0,5,RT,2026-08-05 00:00:00,2026-08-05 00:00:00,2452,ACH080526,USD,8386,8386,NULL,NULL,NULL
6209,UACASH,0,1,RT,2026-07-30 00:00:00,2026-08-05 00:00:00,2050,CK 29561,USD,4519.24,4519.24,NULL,NULL,NULL
6210,UACASH-APP,0,2,RT,2026-08-05 00:00:00,2026-08-05 00:00:00,2050,CK 29561,USD,4519.24,4519.24,NULL,NULL,NULL
6211,POSTCASH,0,1,RT,2026-08-07 00:00:00,2026-08-07 00:00:00,1578,ACH080726,USD,11250,11250,NULL,NULL,NULL
6212,POSTCASH,0,1,RT,2026-08-06 00:00:00,2026-08-07 00:00:00,2585,ACH080626,USD,9738.2,9738.2,NULL,NULL,NULL
6213,POSTCASH,0,1,RT,2026-08-06 00:00:00,2026-08-07 00:00:00,1199, ACH080626,USD,996,996,NULL,NULL,NULL
6214,POSTCASH,0,1,RT,2026-08-06 00:00:00,2026-08-07 00:00:00,1938, ACH080626,USD,4118,4118,NULL,NULL,NULL
O108951,CONTRA-OFFSET,0,1,RT,2023-01-17 00:00:00,2023-01-17 00:00:00,1428,OFF,USD,258.68,258.68,NULL,NULL,NULL
O108952,CONTRA-OFFSET,0,1,RT,2023-01-17 00:00:00,2023-01-17 00:00:00,1428,OFF,USD,258.53,258.53,NULL,NULL,NULL
O108953,CONTRA-OFFSET,0,1,RT,2023-01-17 00:00:00,2023-01-17 00:00:00,1428,OFF,USD,258.53,258.53,NULL,NULL,NULL
O108954,CONTRA-OFFSET,0,1,RT,2023-01-17 00:00:00,2023-01-17 00:00:00,1428,OFF,USD,258.53,258.53,NULL,NULL,NULL
O108955,CONTRA-OFFSET,0,1,RT,2023-01-17 00:00:00,2023-01-17 00:00:00,1428,OFF,USD,99,99,NULL,NULL,NULL
O108956,CONTRA-OFFSET,0,1,RT,2023-01-17 00:00:00,2023-01-17 00:00:00,1428,OFF,USD,102,102,NULL,NULL,NULL
O108957,CONTRA-OFFSET,0,1,RT,2023-01-17 00:00:00,2023-01-17 00:00:00,1428,OFF,USD,146,146,NULL,NULL,NULL
O109301,CONTRA-OFFSET,0,1,RT,2023-04-21 00:00:00,2023-04-21 00:00:00,1428,OFF,USD,44.8,44.8,NULL,NULL,NULL
O109302,CONTRA-OFFSET,0,1,RT,2023-04-21 00:00:00,2023-04-21 00:00:00,1428,OFF,USD,154,154,NULL,NULL,NULL
O109303,CONTRA-OFFSET,0,1,RT,2023-04-21 00:00:00,2023-04-21 00:00:00,1428,OFF,USD,102,102,NULL,NULL,NULL
O109304,CONTRA-OFFSET,0,1,RT,2023-04-21 00:00:00,2023-04-21 00:00:00,1428,OFF,USD,150.8,150.8,NULL,NULL,NULL
O109507,CONTRA-OFFSET,0,1,RT,2023-05-25 00:00:00,2023-05-25 00:00:00,2039,OFF,USD,295,295,NULL,NULL,NULL
O109581,CONTRA-OFFSET,0,1,RT,2023-06-09 00:00:00,2023-06-09 00:00:00,1428,OFF,USD,704.4,704.4,NULL,NULL,NULL
O109582,CONTRA-OFFSET,0,1,RT,2023-06-09 00:00:00,2023-06-09 00:00:00,1428,OFF,USD,27.7,27.7,NULL,NULL,NULL
O109724,CONTRA-OFFSET,0,1,RT,2023-07-14 00:00:00,2023-07-20 00:00:00,2240,OFF,USD,-1000,-1000,NULL,NULL,NULL
O109725,CONTRA-OFFSET,0,1,RT,2023-07-19 00:00:00,2023-07-20 00:00:00,2240,OFF,USD,-1000,-1000,NULL,NULL,NULL
O109726,CONTRA-OFFSET,0,1,RT,2023-06-16 00:00:00,2023-07-20 00:00:00,1649,OFF,USD,-291.2,-291.2,NULL,NULL,NULL
O109738,CONTRA-OFFSET,0,1,RT,2023-07-21 00:00:00,2023-07-21 00:00:00,1428,OFF,USD,25.9,25.9,NULL,NULL,NULL
O110035,CONTRA-OFFSET,0,1,RT,2023-10-26 00:00:00,2023-10-26 00:00:00,1318,OFF,USD,2615,2615,NULL,NULL,NULL
O110138,CONTRA-OFFSET,0,1,RT,2023-11-21 00:00:00,2023-11-21 00:00:00,1428,OFF,USD,50.39,50.39,NULL,NULL,NULL
O110139,CONTRA-OFFSET,0,1,RT,2023-11-21 00:00:00,2023-11-21 00:00:00,1428,OFF,USD,24.7,24.7,NULL,NULL,NULL
O110140,CONTRA-OFFSET,0,1,RT,2023-11-21 00:00:00,2023-11-21 00:00:00,1428,OFF,USD,133,133,NULL,NULL,NULL
O110141,CONTRA-OFFSET,0,1,RT,2023-11-21 00:00:00,2023-11-21 00:00:00,1428,OFF,USD,133,133,NULL,NULL,NULL
O110142,CONTRA-OFFSET,0,1,RT,2023-11-21 00:00:00,2023-11-21 00:00:00,1428,OFF,USD,39.6,39.6,NULL,NULL,NULL
O110662,CONTRA-OFFSET,0,1,RT,2023-12-12 00:00:00,2024-03-14 00:00:00,1645,OFF,USD,1200,1200,NULL,NULL,NULL
O110674,CONTRA-OFFSET,0,1,RT,2024-03-15 00:00:00,2024-03-15 00:00:00,1257,OFF,USD,65.22,65.22,NULL,NULL,NULL
O110693,CONTRA-OFFSET,0,1,RT,2024-03-18 00:00:00,2024-03-18 00:00:00,2026,OFF,USD,106.5,106.5,NULL,NULL,NULL
O110733,CONTRA-OFFSET,0,1,RT,2024-03-27 00:00:00,2024-03-27 00:00:00,1428,OFF,USD,129.6,129.6,NULL,NULL,NULL
O110734,CONTRA-OFFSET,0,1,RT,2024-03-27 00:00:00,2024-03-27 00:00:00,1428,OFF,USD,72.4,72.4,NULL,NULL,NULL
O110735,CONTRA-OFFSET,0,1,RT,2024-03-27 00:00:00,2024-03-27 00:00:00,1428,OFF,USD,38.5,38.5,NULL,NULL,NULL
O110736,CONTRA-OFFSET,0,1,RT,2024-03-27 00:00:00,2024-03-27 00:00:00,1428,OFF,USD,591,591,NULL,NULL,NULL
O110952,CONTRA-OFFSET,0,1,RT,2024-05-03 00:00:00,2024-05-03 00:00:00,1428,OFF,USD,381.75,381.75,NULL,NULL,NULL
O110953,CONTRA-OFFSET,0,1,RT,2024-05-03 00:00:00,2024-05-03 00:00:00,1428,OFF,USD,398.2,398.2,NULL,NULL,NULL
O110954,CONTRA-OFFSET,0,1,RT,2024-05-03 00:00:00,2024-05-03 00:00:00,1428,OFF,USD,85,85,NULL,NULL,NULL
O111110,CONTRA-OFFSET,0,1,RT,2024-05-31 00:00:00,2024-05-31 00:00:00,1428,OFF,USD,40.18,40.18,NULL,NULL,NULL
O111111,CONTRA-OFFSET,0,1,RT,2024-05-31 00:00:00,2024-05-31 00:00:00,1428,OFF,USD,328.5,328.5,NULL,NULL,NULL
O111112,CONTRA-OFFSET,0,1,RT,2024-05-31 00:00:00,2024-05-31 00:00:00,1428,OFF,USD,356.35,356.35,NULL,NULL,NULL
O111113,CONTRA-OFFSET,0,1,RT,2024-05-31 00:00:00,2024-05-31 00:00:00,1428,OFF,USD,362,362,NULL,NULL,NULL
O111114,CONTRA-OFFSET,0,1,RT,2024-05-31 00:00:00,2024-05-31 00:00:00,1428,OFF,USD,382.15,382.15,NULL,NULL,NULL
O111623,CONTRA-OFFSET,0,1,RT,2024-08-23 00:00:00,2024-08-23 00:00:00,1428,OFF,USD,407,407,NULL,NULL,NULL
O111624,CONTRA-OFFSET,0,1,RT,2024-08-23 00:00:00,2024-08-23 00:00:00,1428,OFF,USD,362,362,NULL,NULL,NULL
O111866,CONTRA-OFFSET,0,1,RT,2024-09-27 00:00:00,2024-09-27 00:00:00,1428,OFF,USD,135.2,135.2,NULL,NULL,NULL
O111867,CONTRA-OFFSET,0,1,RT,2024-09-27 00:00:00,2024-09-27 00:00:00,1428,OFF,USD,378,378,NULL,NULL,NULL
O111868,CONTRA-OFFSET,0,1,RT,2024-09-27 00:00:00,2024-09-27 00:00:00,1428,OFF,USD,200,200,NULL,NULL,NULL
O111869,CONTRA-OFFSET,0,1,RT,2024-09-27 00:00:00,2024-09-27 00:00:00,1428,OFF,USD,400,400,NULL,NULL,NULL
O111923,CONTRA-OFFSET,0,1,RT,2024-10-03 00:00:00,2024-10-03 00:00:00,2354,OFF,USD,612.08,612.08,NULL,NULL,NULL
O111924,CONTRA-OFFSET,0,1,RT,2024-10-03 00:00:00,2024-10-03 00:00:00,2354,OFF,USD,388.61,388.61,NULL,NULL,NULL
O111925,CONTRA-OFFSET,0,1,RT,2024-10-03 00:00:00,2024-10-03 00:00:00,2354,OFF,USD,555.95,555.95,NULL,NULL,NULL
O111926,CONTRA-OFFSET,0,1,RT,2024-10-03 00:00:00,2024-10-03 00:00:00,2354,OFF,USD,378.4,378.4,NULL,NULL,NULL
O111927,CONTRA-OFFSET,0,1,RT,2024-10-03 00:00:00,2024-10-03 00:00:00,2354,OFF,USD,441.67,441.67,NULL,NULL,NULL
O111928,CONTRA-OFFSET,0,1,RT,2024-10-03 00:00:00,2024-10-03 00:00:00,2354,OFF,USD,934.6,934.6,NULL,NULL,NULL
O112066,CONTRA-OFFSET,0,1,RT,2024-10-25 00:00:00,2024-10-25 00:00:00,2285,OFF,USD,-380.5,-380.5,NULL,NULL,NULL
O112067,CONTRA-OFFSET,0,1,RT,2024-09-30 00:00:00,2024-10-25 00:00:00,2285,OFF,USD,-292,-292,NULL,NULL,NULL
O112068,CONTRA-OFFSET,0,1,RT,2024-10-25 00:00:00,2024-10-25 00:00:00,1428,OFF,USD,334.5,334.5,NULL,NULL,NULL
O112069,CONTRA-OFFSET,0,1,RT,2024-10-25 00:00:00,2024-10-25 00:00:00,1428,OFF,USD,423.6,423.6,NULL,NULL,NULL
O112070,CONTRA-OFFSET,0,1,RT,2024-10-25 00:00:00,2024-10-25 00:00:00,1428,OFF,USD,444.6,444.6,NULL,NULL,NULL
O112071,CONTRA-OFFSET,0,1,RT,2024-10-25 00:00:00,2024-10-25 00:00:00,1428,OFF,USD,502.2,502.2,NULL,NULL,NULL
O112165,CONTRA-OFFSET,0,1,RT,2024-11-08 00:00:00,2024-11-08 00:00:00,1630,OFF,USD,11026.26,11026.26,NULL,NULL,NULL
O112166,CONTRA-OFFSET,0,1,RT,2024-11-08 00:00:00,2024-11-08 00:00:00,1630,OFF,USD,11444.95,11444.95,NULL,NULL,NULL
O112167,CONTRA-OFFSET,0,1,RT,2024-11-08 00:00:00,2024-11-08 00:00:00,1630,OFF,USD,11858.97,11858.97,NULL,NULL,NULL
O112308,CONTRA-OFFSET,0,1,RT,2024-12-10 00:00:00,2024-12-10 00:00:00,1475,OFF,USD,-200,-200,NULL,NULL,NULL
O112451,CONTRA-OFFSET,0,1,RT,2025-01-10 00:00:00,2025-01-10 00:00:00,1671,OFF,USD,-1263.85,-1263.85,NULL,NULL,NULL
O112747,CONTRA-OFFSET,0,1,RT,2025-03-07 00:00:00,2025-03-07 00:00:00,1428,OFF,USD,440.4,440.4,NULL,NULL,NULL
O112748,CONTRA-OFFSET,0,1,RT,2025-03-07 00:00:00,2025-03-07 00:00:00,1428,OFF,USD,457.8,457.8,NULL,NULL,NULL
O113403,CONTRA-OFFSET,0,1,RT,2025-06-24 00:00:00,2025-06-24 00:00:00,1428,OFF,USD,384.6,384.6,NULL,NULL,NULL
O113404,CONTRA-OFFSET,0,1,RT,2025-06-24 00:00:00,2025-06-24 00:00:00,1428,OFF,USD,340.92,340.92,NULL,NULL,NULL
O113405,CONTRA-OFFSET,0,1,RT,2025-06-24 00:00:00,2025-06-24 00:00:00,1428,OFF,USD,375,375,NULL,NULL,NULL
O113406,CONTRA-OFFSET,0,1,RT,2025-06-24 00:00:00,2025-06-24 00:00:00,1428,OFF,USD,205.74,205.74,NULL,NULL,NULL
O113877,CONTRA-OFFSET,0,1,RT,2025-10-01 00:00:00,2025-10-01 00:00:00,2176,OFF,USD,5782.35,5782.35,NULL,NULL,NULL
