ReceiptID,BuySellNo,Amount,FxAmount,CurrencyCd,CheckNo,PaymentDt,EntryDt,DiscountAmt,LedgerID,PostingType,Reference,DepositDate,ARBatchNo
10000,51690,17984.4,17984.4,USD,CK 79370,2019-02-13 00:00:00,2019-02-13 00:00:00,0,NULL,CRE,,NULL,1739
10001,51665,4250,4250,USD,CK 35081,2019-02-27 00:00:00,2019-02-27 00:00:00,0,NULL,CRE,,NULL,1740
10002,51661,4537.35,4537.35,USD,CK 95982,2019-03-01 00:00:00,2019-03-01 00:00:00,0,1041,UAC,,NULL,1742
10003,51689,3175.4,3175.4,USD,CK 95982,2019-03-01 00:00:00,2019-03-01 00:00:00,0,1041,UAC,,NULL,1742
10004,51670,3101,3101,USD,CK 95982,2019-03-01 00:00:00,2019-03-01 00:00:00,0,1041,UAC,,NULL,1742
10005,51682,4063.2,4063.2,USD,CK 72118,2019-03-01 00:00:00,2019-03-01 00:00:00,0,NULL,CRE,,NULL,1743
10006,51662,2058.2,2058.2,USD,CK 72118,2019-03-01 00:00:00,2019-03-01 00:00:00,0,NULL,CRE,,NULL,1743
10007,51656,3668.4,3668.4,USD,CK 24966,2019-03-01 00:00:00,2019-03-01 00:00:00,0,NULL,CRE,,NULL,1744
10008,51655,492.25,492.25,USD,CK 6719,2019-03-01 00:00:00,2019-03-01 00:00:00,0,NULL,CRE,,NULL,1745
10009,51672,3244.1,3244.1,USD,CK 662225,2019-03-06 00:00:00,2019-03-06 00:00:00,0,NULL,CRE,,NULL,1746
10010,51659,1989.6,1989.6,USD,CK 662225,2019-03-06 00:00:00,2019-03-06 00:00:00,0,NULL,CRE,,NULL,1747
10011,51658,9948.82,9948.82,USD,CK 79685,2019-03-06 00:00:00,2019-03-06 00:00:00,0,NULL,CRE,,NULL,1748
10012,51671,4809.7,4809.7,USD,CK 96132,2019-03-14 00:00:00,2019-03-14 00:00:00,0,NULL,CRE,,NULL,1749
10013,51686,3643.2,3643.2,USD,CK 25009,2019-03-14 00:00:00,2019-03-14 00:00:00,0,NULL,CRE,,NULL,1750
10014,51663,3535,3535,USD,CK 72205,2019-03-14 00:00:00,2019-03-14 00:00:00,0,NULL,CRE,,NULL,1751
10015,51657,3529.75,3529.75,USD,CK 662532,2019-03-14 00:00:00,2019-03-14 00:00:00,0,NULL,CRE,,NULL,1752
10016,51679,1687.5,1687.5,USD,CK 662532,2019-03-14 00:00:00,2019-03-14 00:00:00,0,NULL,CRE,,NULL,1752
10017,51681,1591.68,1591.68,USD,CK 662532,2019-03-14 00:00:00,2019-03-14 00:00:00,0,NULL,CRE,,NULL,1752
10018,51685-1,291.6,291.6,USD,CK 14897,2019-03-15 00:00:00,2019-03-15 00:00:00,0,1042,UAC,,NULL,1754
10019,51668,3839.88,3839.88,USD,CK 7986,2019-03-18 00:00:00,2019-03-18 00:00:00,0,NULL,CRE,,NULL,1755
10020,51676,10549.5,10549.5,USD,CK 20352,2019-03-21 00:00:00,2019-03-21 00:00:00,0,NULL,CRE,,NULL,1757
10021,51697,1580.7,1580.7,USD,CK 663090,2019-03-21 00:00:00,2019-03-21 00:00:00,0,NULL,CRE,,NULL,1758
10022,51694,365.56,365.56,USD,CK 6751,2019-03-21 00:00:00,2019-03-21 00:00:00,0,NULL,CRE,,NULL,1759
10023,51666,7839,7839,USD,CK 34750,2019-03-21 00:00:00,2019-03-21 00:00:00,0,NULL,CRE,,NULL,1760
10024,51660,7316,7316,USD,CK 25031,2019-03-21 00:00:00,2019-03-21 00:00:00,0,NULL,CRE,,NULL,1761
10025,51701,3871.8,3871.8,USD,CK 25031,2019-03-21 00:00:00,2019-03-21 00:00:00,0,NULL,CRE,,NULL,1761
10026,51725,5331.9,5331.9,USD,CK 20372,2019-03-28 00:00:00,2019-03-28 00:00:00,0,NULL,CRE,,NULL,1762
10027,51717,2974.09,2974.09,USD,CK 2490,2019-04-01 00:00:00,2019-04-01 00:00:00,0,NULL,CRE,,NULL,1763
10028,51698,1345.75,1345.75,USD,CK 69987,2019-04-01 00:00:00,2019-04-01 00:00:00,0,NULL,CRE,,NULL,1764
10029,51730,238.14,238.14,USD,CK 61208469,2019-04-04 00:00:00,2019-04-04 00:00:00,0,NULL,CRE,,NULL,1765
10030,51756,3811.64,3811.64,USD,CK20404,2019-04-04 00:00:00,2019-04-04 00:00:00,0,NULL,CRE,,NULL,1766
10031,51703,3283.56,3283.56,USD,CK 25092,2019-04-04 00:00:00,2019-04-04 00:00:00,0,NULL,CRE,,NULL,1767
10032,51664,3422,3422,USD,CK 72437,2019-04-04 00:00:00,2019-04-04 00:00:00,0,NULL,CRE,,NULL,1768
10033,51700,5447,5447,USD,CK 5148,2019-04-04 00:00:00,2019-04-04 00:00:00,0,NULL,CRE,,NULL,1769
10034,51699,5285.8,5285.8,USD,CK 5148,2019-04-04 00:00:00,2019-04-04 00:00:00,0,NULL,CRE,,NULL,1769
10035,51692,23526.75,23526.75,USD,CK 20358,2019-04-04 00:00:00,2019-04-04 00:00:00,0,NULL,CRE,,NULL,1770
10036,51681,8.36,8.36,USD,CK 655418,2019-04-04 00:00:00,2019-04-04 00:00:00,0,NULL,CRE,,NULL,1771
10037,51723,2679,2679,USD,CK 655418,2019-04-04 00:00:00,2019-04-04 00:00:00,0,NULL,CRE,,NULL,1771
10038,51718,4979.88,4979.88,USD,CK 655418,2019-04-04 00:00:00,2019-04-04 00:00:00,0,NULL,CRE,,NULL,1771
10039,51730A,475,475,USD,CK 2863,2019-04-05 00:00:00,2019-04-05 00:00:00,0,NULL,CRE,,NULL,1772
10040,51763,2612.4,2612.4,USD,CK 96554,2019-04-10 00:00:00,2019-04-10 00:00:00,0,NULL,CRE,,NULL,1773
10041,51751,4086.6,4086.6,USD,CK 96554,2019-04-10 00:00:00,2019-04-10 00:00:00,0,NULL,CRE,,NULL,1773
10042,51702,2089,2089,USD,CK 655873,2019-04-10 00:00:00,2019-04-10 00:00:00,0,NULL,CRE,,NULL,1774
10043,51734,2422.75,2422.75,USD,CK 655873,2019-04-10 00:00:00,2019-04-10 00:00:00,0,NULL,CRE,,NULL,1774
10044,51722,2204.03,2204.03,USD,CK 655873,2019-04-10 00:00:00,2019-04-10 00:00:00,0,NULL,CRE,,NULL,1774
10045,51749,1789.05,1789.05,USD,CK 655873,2019-04-10 00:00:00,2019-04-10 00:00:00,0,NULL,CRE,,NULL,1774
10046,51729,6065.55,6065.55,USD,CK 102171,2019-04-10 00:00:00,2019-04-10 00:00:00,0,NULL,CRE,,NULL,1775
10047,51762,7017.6,7017.6,USD,CK 79886,2019-04-11 00:00:00,2019-04-11 00:00:00,0,1043,UAC,,NULL,1776
10048,51631,1655,1655,USD,OFFSET,2019-04-12 00:00:00,2019-04-12 12:01:22,0,0,OFF,,NULL,NULL
10049,51688,3704.4,3704.4,USD,CK 14112,2019-04-16 00:00:00,2019-04-16 00:00:00,0,NULL,CRE,,NULL,1777
10050,51694 / 4714,168.72,168.72,USD,CK 80076810,2019-04-16 00:00:00,2019-04-16 00:00:00,0,NULL,CRE,,NULL,1778
10051,51677,2728.9,2728.9,USD,CK 664066,2019-04-16 00:00:00,2019-04-16 00:00:00,0,NULL,CRE,,NULL,1779
10052,51678,5000.71,5000.71,USD,CK 664066,2019-04-16 00:00:00,2019-04-16 00:00:00,0,NULL,CRE,,NULL,1779
10053,51752,3325.18,3325.18,USD,CK 664066,2019-04-16 00:00:00,2019-04-16 00:00:00,0,NULL,CRE,,NULL,1779
10054,51737,1865.2,1865.2,USD,CK 664066,2019-04-16 00:00:00,2019-04-16 00:00:00,0,NULL,CRE,,NULL,1779
10055,51724,1942.52,1942.52,USD,CK 664066,2019-04-16 00:00:00,2019-04-16 00:00:00,0,NULL,CRE,,NULL,1779
10056,51776,4125,4125,USD,CK 35185,2019-04-16 00:00:00,2019-04-16 00:00:00,0,NULL,CRE,,NULL,1780
10057,51739,1414.24,1414.24,USD,CK 2565,2019-04-16 00:00:00,2019-04-16 00:00:00,0,NULL,CRE,,NULL,1781
10058,51753,7844,7844,USD,CK 35206,2019-04-16 00:00:00,2019-04-16 00:00:00,0,NULL,CRE,,NULL,1782
10059,51683,150,150,USD,CK 14805,2019-04-16 00:00:00,2019-04-16 00:00:00,0,NULL,CRE,,NULL,1784
10060,51667,8190,8190,USD,CK 35060,2019-04-16 00:00:00,2019-04-16 00:00:00,0,NULL,CRE,,NULL,1785
10061,51680,6664.13,6664.13,USD,CK 35060,2019-04-16 00:00:00,2019-04-16 00:00:00,0,NULL,CRE,,NULL,1785
10062,51744,-208.38,-208.38,USD,ck 96437,2019-04-17 00:00:00,2019-04-17 00:00:00,0,1046,UAC,,NULL,1786
10063,51709,4270.2,4270.2,USD,ck 96437,2019-04-17 00:00:00,2019-04-17 00:00:00,0,1046,UAC,,NULL,1786
10064,51738,4104.88,4104.88,USD,ck 96437,2019-04-17 00:00:00,2019-04-17 00:00:00,0,1046,UAC,,NULL,1786
10065,51710,1252.44,1252.44,USD,ck 96437,2019-04-17 00:00:00,2019-04-17 00:00:00,0,1046,UAC,,NULL,1786
10066,51721,2552.4,2552.4,USD,ck 96437,2019-04-17 00:00:00,2019-04-17 00:00:00,0,1046,UAC,,NULL,1786
10067,51714,2537.93,2537.93,USD,ck 96437,2019-04-17 00:00:00,2019-04-17 00:00:00,0,1046,UAC,,NULL,1786
10068,51715,537.45,537.45,USD,CK 36790,2019-04-19 00:00:00,2019-04-19 00:00:00,0,NULL,CRE,,NULL,1787
10069,51720,1658.4,1658.4,USD,ACH 4-19-19,2019-04-19 00:00:00,2019-04-19 00:00:00,0,NULL,CRE,,NULL,1788
10070,51685,1020.6,1020.6,USD,DEP4-23-19,2019-04-23 00:00:00,2019-04-23 00:00:00,0,NULL,CRE,,NULL,1789
10071,51747,3546,3546,USD,CK 72660,2019-04-23 00:00:00,2019-04-23 00:00:00,0,NULL,CRE,,NULL,1790
10072,51716,1976.06,1976.06,USD,CK 2603,2019-04-23 00:00:00,2019-04-23 00:00:00,0,NULL,CRE,,NULL,1791
10073,51757,3019.5,3019.5,USD,CK 102289,2019-04-23 00:00:00,2019-04-23 00:00:00,0,NULL,CRE,,NULL,1792
10074,51770,3907.67,3907.67,USD,CK 96760,2019-04-23 00:00:00,2019-04-23 00:00:00,0,NULL,CRE,,NULL,1793
10075,51775,4758.75,4758.75,USD,CK 96760,2019-04-23 00:00:00,2019-04-23 00:00:00,0,NULL,CRE,,NULL,1793
10076,51794,4020.72,4020.72,USD,CK 96760,2019-04-23 00:00:00,2019-04-23 00:00:00,0,NULL,CRE,,NULL,1793
10077,51806,2644.8,2644.8,USD,CK 96760,2019-04-23 00:00:00,2019-04-23 00:00:00,0,NULL,CRE,,NULL,1793
10078,51808,4569.28,4569.28,USD,CK 96760,2019-04-23 00:00:00,2019-04-23 00:00:00,0,NULL,CRE,,NULL,1793
10079,51781,2426.4,2426.4,USD,CK 96760,2019-04-23 00:00:00,2019-04-23 00:00:00,0,NULL,CRE,,NULL,1793
10080,51789,4178.4,4178.4,USD,CK 96760,2019-04-23 00:00:00,2019-04-23 00:00:00,0,NULL,CRE,,NULL,1793
10081,51819,3217.8,3217.8,USD,CK 96760,2019-04-23 00:00:00,2019-04-23 00:00:00,0,NULL,CRE,,NULL,1793
10082,51782,7929.6,7929.6,USD,CK 25169,2019-04-25 00:00:00,2019-04-25 00:00:00,0,NULL,CRE,,NULL,1794
10083,51761,2427.14,2427.14,USD,CK 664399,2019-04-25 00:00:00,2019-04-25 00:00:00,0,NULL,CRE,,NULL,1795
10084,51731,2104,2104,USD,WIRE3-28-19,2019-03-28 00:00:00,2019-03-28 00:00:00,0,NULL,CRE,,NULL,1796
10085,51733,2148,2148,USD,WIRE3-28-19,2019-03-28 00:00:00,2019-03-28 00:00:00,0,NULL,CRE,,NULL,1796
10086,51732,2152,2152,USD,WIRE3-28-19,2019-03-28 00:00:00,2019-03-28 00:00:00,0,NULL,CRE,,NULL,1796
10087,51708,268.5,268.5,USD,CK 80080880,2019-04-29 00:00:00,2019-04-29 00:00:00,0,NULL,CRE,,NULL,1797
10088,51715R,214.98,214.98,USD,CK 80083249,2019-05-03 00:00:00,2019-05-03 00:00:00,0,NULL,CRE,,NULL,1798
10089,51754,7930.95,7930.95,USD,CK 35546,2019-05-03 00:00:00,2019-05-03 00:00:00,0,NULL,CRE,,NULL,1799
10090,51765,3970.2,3970.2,USD,CK 005190,2019-05-03 00:00:00,2019-05-03 00:00:00,0,NULL,CRE,,NULL,1800
10091,51728,10848.28,10848.28,USD,WIRE4-26-19,2019-04-26 00:00:00,2019-04-26 00:00:00,0,NULL,CRE,,NULL,1801
10092,51766,5387.2,5387.2,USD,CK 5205,2019-05-13 00:00:00,2019-05-13 00:00:00,0,NULL,CRE,,NULL,1802
10093,51767,5101.2,5101.2,USD,CK 5205,2019-05-13 00:00:00,2019-05-13 00:00:00,0,NULL,CRE,,NULL,1802
10094,51755,2106.25,2106.25,USD,CK 206546,2019-05-13 00:00:00,2019-05-13 00:00:00,0,NULL,CRE,,NULL,1803
10095,51815,520.5,520.5,USD,CK 36807,2019-05-13 00:00:00,2019-05-13 00:00:00,0,NULL,CRE,,NULL,1804
10096,51820,6022.8,6022.8,USD,CK 20553,2019-05-13 00:00:00,2019-05-13 00:00:00,0,NULL,CRE,,NULL,1805
10097,51814,4278.96,4278.96,USD,CK 20553,2019-05-13 00:00:00,2019-05-13 00:00:00,0,NULL,CRE,,NULL,1805
10098,51774,502.05,502.05,USD,CK 36812,2019-05-13 00:00:00,2019-05-13 00:00:00,0,NULL,CRE,,NULL,1806
10099,51778,780.72,780.72,USD,CK 36812,2019-05-13 00:00:00,2019-05-13 00:00:00,0,NULL,CRE,,NULL,1806
10100,51760,1723.65,1723.65,USD,CK 665432,2019-05-13 00:00:00,2019-05-13 00:00:00,0,NULL,CRE,,NULL,1807
10101,51795,1541.1,1541.1,USD,CK 665432,2019-05-13 00:00:00,2019-05-13 00:00:00,0,NULL,CRE,,NULL,1807
10102,51786,1977.8,1977.8,USD,CK 665432,2019-05-13 00:00:00,2019-05-13 00:00:00,0,NULL,CRE,,NULL,1807
10103,51764,1520.4,1520.4,USD,CK 665432,2019-05-13 00:00:00,2019-05-13 00:00:00,0,NULL,CRE,,NULL,1807
10104,51787,2039.85,2039.85,USD,CK 665432,2019-05-13 00:00:00,2019-05-13 00:00:00,0,NULL,CRE,,NULL,1807
10105,51800,2724,2724,USD,CK 665432,2019-05-13 00:00:00,2019-05-13 00:00:00,0,NULL,CRE,,NULL,1807
10106,51780,4575.55,4575.55,USD,CK 665432,2019-05-13 00:00:00,2019-05-13 00:00:00,0,NULL,CRE,,NULL,1807
10107,51774A,200.82,200.82,USD,CK 80084517,2019-05-13 00:00:00,2019-05-13 00:00:00,0,NULL,CRE,,NULL,1808
10108,51745,2890.86,2890.86,USD,CK 222836,2019-05-13 00:00:00,2019-05-13 00:00:00,0,NULL,CRE,,NULL,1809
10109,51778A,195.18,195.18,USD,CK 80085587,2019-05-17 00:00:00,2019-05-17 00:00:00,0,NULL,CRE,,NULL,1810
10110,51772,3575.3,3575.3,USD,CK 665772,2019-05-17 00:00:00,2019-05-17 00:00:00,0,NULL,CRE,,NULL,1811
10111,51813,739.6,739.6,USD,CK 665772,2019-05-17 00:00:00,2019-05-17 00:00:00,0,NULL,CRE,,NULL,1811
10112,51817,2650.03,2650.03,USD,CK 665772,2019-05-17 00:00:00,2019-05-17 00:00:00,0,NULL,CRE,,NULL,1811
10113,51845,2291.2,2291.2,USD,CK 25286,2019-05-21 00:00:00,2019-05-21 00:00:00,0,NULL,CRE,,NULL,1812
10114,51822,725.1,725.1,USD,CK 666347,2019-05-21 00:00:00,2019-05-21 00:00:00,0,NULL,CRE,,NULL,1813
10115,51832,1938.1,1938.1,USD,CK 666347,2019-05-21 00:00:00,2019-05-21 00:00:00,0,NULL,CRE,,NULL,1813
10116,51821,2231.4,2231.4,USD,CK 666347,2019-05-21 00:00:00,2019-05-21 00:00:00,0,NULL,CRE,,NULL,1813
10117,51836,2321.6,2321.6,USD,CK 666347,2019-05-21 00:00:00,2019-05-21 00:00:00,0,NULL,CRE,,NULL,1813
10118,51742,22368.5,22368.5,USD,CK 20377,2019-05-21 00:00:00,2019-05-21 00:00:00,0,NULL,CRE,,NULL,1814
10119,51741,10906.48,10906.48,USD,CK 20366,2019-05-21 00:00:00,2019-05-21 00:00:00,0,NULL,CRE,,NULL,1815
10120,51816,3566.25,3566.25,USD,CK 102534,2019-05-24 00:00:00,2019-05-24 00:00:00,0,NULL,CRE,,NULL,1816
10121,51824,1926,1926,USD,CK 97102,2019-05-24 00:00:00,2019-05-24 00:00:00,0,NULL,CRE,,NULL,1817
10122,51839,1671.2,1671.2,USD,CK 97102,2019-05-24 00:00:00,2019-05-24 00:00:00,0,NULL,CRE,,NULL,1817
10123,51848,4257.84,4257.84,USD,CK 97102,2019-05-24 00:00:00,2019-05-24 00:00:00,0,NULL,CRE,,NULL,1817
10124,51834,4668,4668,USD,CK 97102,2019-05-24 00:00:00,2019-05-24 00:00:00,0,NULL,CRE,,NULL,1817
10125,51748,3320.8,3320.8,USD,CK 73044,2019-05-29 00:00:00,2019-05-29 00:00:00,0,NULL,CRE,,NULL,1818
10126,51768,3740,3740,USD,CK 5240,2019-05-30 00:00:00,2019-05-30 00:00:00,0,NULL,CRE,,NULL,1819
10127,51759,493.55,493.55,USD,CK 666882,2019-05-30 00:00:00,2019-05-30 00:00:00,0,NULL,CRE,,NULL,1820
10128,51851,2902.39,2902.39,USD,CK 666882,2019-05-30 00:00:00,2019-05-30 00:00:00,0,NULL,CRE,,NULL,1820
10129,51863,5993.69,5993.69,USD,CK 102590,2019-05-30 00:00:00,2019-05-30 00:00:00,0,NULL,CRE,,NULL,1821
10130,51840,11972.66,11972.66,USD,WIR 5-31-19,2019-05-31 00:00:00,2019-05-31 00:00:00,0,NULL,CRE,,NULL,1822
10131,51878,4125,4125,USD,CK 35282,2019-06-03 00:00:00,2019-06-03 00:00:00,0,NULL,CRE,,NULL,1823
10132,51864,3468,3468,USD,CK 73119,2019-06-03 00:00:00,2019-06-03 00:00:00,0,NULL,CRE,,NULL,1824
10133,51743,18772.88,18772.88,USD,CK 20382,2019-06-03 00:00:00,2019-06-03 00:00:00,0,NULL,CRE,,NULL,1825
10134,51849,1227.06,1227.06,USD,CK 4104,2019-06-03 00:00:00,2019-06-03 00:00:00,0,NULL,CRE,,NULL,1826
10135,51841,779.34,779.34,USD,CK 4104,2019-06-03 00:00:00,2019-06-03 00:00:00,0,NULL,CRE,,NULL,1826
10136,51873,5385.6,5385.6,USD,CK 97290,2019-06-06 00:00:00,2019-06-06 00:00:00,0,NULL,CRE,,NULL,1827
10137,51865,3901.8,3901.8,USD,CK 20666,2019-06-06 00:00:00,2019-06-06 00:00:00,0,NULL,CRE,,NULL,1828
10138,51830,1956,1956,USD,CK 667225,2019-06-06 00:00:00,2019-06-06 00:00:00,0,1047,UAC,,NULL,1830
10139,51833,2255.5,2255.5,USD,CK 667225,2019-06-06 00:00:00,2019-06-06 00:00:00,0,1047,UAC,,NULL,1830
10140,51861,2993.75,2993.75,USD,CK 667225,2019-06-06 00:00:00,2019-06-06 00:00:00,0,1047,UAC,,NULL,1830
10141,51843,778.05,778.05,USD,CK 667225,2019-06-06 00:00:00,2019-06-06 00:00:00,0,1047,UAC,,NULL,1830
10142,51687-JCH,1526.4,1526.4,USD,WITRE 6-7-1,2019-06-07 00:00:00,2019-06-07 00:00:00,0,NULL,CRE,,NULL,1831
10143,51837,3417.6,3417.6,USD,WITRE 6-7-1,2019-06-07 00:00:00,2019-06-07 00:00:00,0,NULL,CRE,,NULL,1831
10144,51838,3601,3601,USD,WITRE 6-7-1,2019-06-07 00:00:00,2019-06-07 00:00:00,0,NULL,CRE,,NULL,1831
10145,51852,2692.9,2692.9,USD,CK 15176,2019-06-10 00:00:00,2019-06-10 00:00:00,0,NULL,CRE,,NULL,1832
10146,51801,3599.4,3599.4,USD,CK 73187,2019-06-10 00:00:00,2019-06-10 00:00:00,0,NULL,CRE,,NULL,1833
10147,51802,3042.2,3042.2,USD,CK 73187,2019-06-10 00:00:00,2019-06-10 00:00:00,0,NULL,CRE,,NULL,1833
10148,51861,26.4,26.4,USD,CK 667225,2019-06-11 00:00:00,2019-06-11 00:00:00,0,1047,UAC,,NULL,1834
10149,51825,6226.4,6226.4,USD,25946,2019-06-14 00:00:00,2019-06-14 00:00:00,0,NULL,CRE,,NULL,1835
10150,51853,2272,2272,USD,CK G667746,2019-06-14 00:00:00,2019-06-14 00:00:00,0,NULL,CRE,,NULL,1836
10151,51854,1746.47,1746.47,USD,CK G667746,2019-06-14 00:00:00,2019-06-14 00:00:00,0,NULL,CRE,,NULL,1836
10152,51790,5004,5004,USD,CK 31978,2019-06-14 00:00:00,2019-06-14 00:00:00,0,NULL,CRE,,NULL,1837
10153,51809,1047.8,1047.8,USD,CK 1884,2019-06-20 00:00:00,2019-06-20 00:00:00,0,NULL,CRE,,NULL,1838
10154,51904,2285.48,2285.48,USD,CK 97531,2019-06-20 00:00:00,2019-06-20 00:00:00,0,NULL,CRE,,NULL,1839
10155,51874,2043.9,2043.9,USD,CK 97531,2019-06-20 00:00:00,2019-06-20 00:00:00,0,NULL,CRE,,NULL,1839
10156,51895,4783.2,4783.2,USD,CK 97531,2019-06-20 00:00:00,2019-06-20 00:00:00,0,NULL,CRE,,NULL,1839
10157,51903,2753.85,2753.85,USD,CK 97531,2019-06-20 00:00:00,2019-06-20 00:00:00,0,NULL,CRE,,NULL,1839
10158,51906,5221.02,5221.02,USD,CK 97531,2019-06-20 00:00:00,2019-06-20 00:00:00,0,NULL,CRE,,NULL,1839
10159,51934,1684,1684,USD,CK 97531,2019-06-20 00:00:00,2019-06-20 00:00:00,0,NULL,CRE,,NULL,1839
10160,51869,1687.9,1687.9,USD,CK 668191,2019-06-20 00:00:00,2019-06-20 00:00:00,0,NULL,CRE,,NULL,1840
10161,51885,3608.9,3608.9,USD,CK 668191,2019-06-20 00:00:00,2019-06-20 00:00:00,0,NULL,CRE,,NULL,1840
10162,51872,2027.85,2027.85,USD,CK 668191,2019-06-20 00:00:00,2019-06-20 00:00:00,0,NULL,CRE,,NULL,1840
10163,51880,1173.6,1173.6,USD,CK 668191,2019-06-20 00:00:00,2019-06-20 00:00:00,0,NULL,CRE,,NULL,1840
10164,51877,791.07,791.07,USD,CK 4165,2019-06-20 00:00:00,2019-06-20 00:00:00,0,NULL,CRE,,NULL,1841
10165,51930,4125,4125,USD,CK 35320,2019-06-20 00:00:00,2019-06-20 00:00:00,0,NULL,CRE,,NULL,1842
10166,51687,518.4,518.4,USD,ck 14337,2019-06-20 00:00:00,2019-06-20 00:00:00,0,1048,UAC,,NULL,1844
10167,51900,6342,6342,USD,ACH 6-25-19,2019-06-25 00:00:00,2019-06-25 00:00:00,0,NULL,CRE,,NULL,1845
10168,51735,231.8,231.8,USD,51735,2019-06-25 00:00:00,2019-06-25 00:00:00,0,NULL,CRE,,NULL,1846
10169,51736,-231.8,-231.8,USD,51735,2019-06-25 00:00:00,2019-06-25 00:00:00,0,NULL,CRE,,NULL,1846
10170,51890,2621,2621,USD,CK 73349,2019-06-25 00:00:00,2019-06-25 00:00:00,0,NULL,CRE,,NULL,1847
10171,51829,8029,8029,USD,CK 220011,2019-06-25 00:00:00,2019-06-25 00:00:00,0,NULL,CRE,,NULL,1848
10172,51870,7752.5,7752.5,USD,CK 220011,2019-06-25 00:00:00,2019-06-25 00:00:00,0,NULL,CRE,,NULL,1848
10173,51875,2963,2963,USD,CK 20013288,2019-06-25 00:00:00,2019-06-25 00:00:00,0,NULL,CRE,,NULL,1849
10174,51868,4941.95,4941.95,USD,CK 20013288,2019-06-25 00:00:00,2019-06-25 00:00:00,0,NULL,CRE,,NULL,1849
10175,51746,-1536,-1536,USD,CK 25383,2019-06-25 00:00:00,2019-06-25 00:00:00,0,NULL,CRE,,NULL,1850
10176,51876,7408,7408,USD,CK 25383,2019-06-25 00:00:00,2019-06-25 00:00:00,0,NULL,CRE,,NULL,1850
10177,51923,14098.8,14098.8,USD,CK 8205,2019-06-25 00:00:00,2019-06-25 00:00:00,0,NULL,CRE,,NULL,1851
10178,51911,1682.04,1682.04,USD,CK 668567,2019-06-25 00:00:00,2019-06-25 00:00:00,0,NULL,CRE,,NULL,1852
10179,51896,2311.4,2311.4,USD,CK 668567,2019-06-25 00:00:00,2019-06-25 00:00:00,0,NULL,CRE,,NULL,1852
10180,51844,2491.7,2491.7,USD,CK 668567,2019-06-25 00:00:00,2019-06-25 00:00:00,0,NULL,CRE,,NULL,1852
10181,51929,5652.08,5652.08,USD,CK 20775,2019-07-03 00:00:00,2019-07-03 00:00:00,0,NULL,CRE,,NULL,1853
10182,51944,5374.2,5374.2,USD,CK 5282,2019-07-03 00:00:00,2019-07-03 00:00:00,0,NULL,CRE,,NULL,1854
10183,51791,7344.5,7344.5,USD,CK 36500,2019-07-03 00:00:00,2019-07-03 00:00:00,0,NULL,CRE,,NULL,1855
10184,51932,883.6,883.6,USD,CJ 669019,2019-07-03 00:00:00,2019-07-03 00:00:00,0,NULL,CRE,,NULL,1856
10185,51920,3036.44,3036.44,USD,CJ 669019,2019-07-03 00:00:00,2019-07-03 00:00:00,0,NULL,CRE,,NULL,1856
10186,51914,2482.62,2482.62,USD,CJ 669019,2019-07-03 00:00:00,2019-07-03 00:00:00,0,NULL,CRE,,NULL,1856
10187,51949,3842.4,3842.4,USD,73466,2019-07-08 00:00:00,2019-07-08 00:00:00,0,NULL,CRE,,NULL,1857
10188,51939,1778.73,1778.73,USD,669487,2019-07-08 00:00:00,2019-07-08 00:00:00,0,NULL,CRE,,NULL,1858
10189,51921,2338.15,2338.15,USD,669487,2019-07-08 00:00:00,2019-07-08 00:00:00,0,NULL,CRE,,NULL,1858
10190,51941,3042,3042,USD,669487,2019-07-08 00:00:00,2019-07-08 00:00:00,0,NULL,CRE,,NULL,1858
10191,51668A,1000.8,1000.8,USD,CK 2089,2019-07-08 00:00:00,2019-07-08 00:00:00,0,NULL,CRE,,NULL,1859
10192,51955,2284.62,2284.62,USD,CK 97724,2019-07-08 00:00:00,2019-07-08 00:00:00,0,NULL,CRE,,NULL,1860
10193,51980,3348.92,3348.92,USD,CK 97724,2019-07-08 00:00:00,2019-07-08 00:00:00,0,NULL,CRE,,NULL,1860
10194,51938,5115.2,5115.2,USD,CK 97724,2019-07-08 00:00:00,2019-07-08 00:00:00,0,NULL,CRE,,NULL,1860
10195,51983,4450.34,4450.34,USD,CK 97724,2019-07-08 00:00:00,2019-07-08 00:00:00,0,NULL,CRE,,NULL,1860
10196,51974,4128,4128,USD,CK 97724,2019-07-08 00:00:00,2019-07-08 00:00:00,0,NULL,CRE,,NULL,1860
10197,51969,2181.4,2181.4,USD,WIRE7-10-19,2019-07-10 00:00:00,2019-07-10 00:00:00,0,NULL,CRE,,NULL,1862
10198,51893,1352,1352,USD,CK 6718,2019-07-12 00:00:00,2019-07-12 00:00:00,0,NULL,CRE,,NULL,1863
10199,51891,2723.2,2723.2,USD,CK 1105,2019-07-12 00:00:00,2019-07-12 00:00:00,0,NULL,CRE,,NULL,1864
10200,52002,5545.8,5545.8,USD,CK 5298,2019-07-12 00:00:00,2019-07-12 00:00:00,0,NULL,CRE,,NULL,1865
10201,51887,4196,4196,USD,CK 224862,2019-07-12 00:00:00,2019-07-12 00:00:00,0,NULL,CRE,,NULL,1866
10202,51898,4753.45,4753.45,USD,CK 224862,2019-07-12 00:00:00,2019-07-12 00:00:00,0,NULL,CRE,,NULL,1866
10203,51945,5418.4,5418.4,USD,CK 5308,2019-07-16 00:00:00,2019-07-16 00:00:00,0,NULL,CRE,,NULL,1867
10204,51982,2466.1,2466.1,USD,CK 5308,2019-07-16 00:00:00,2019-07-16 00:00:00,0,NULL,CRE,,NULL,1867
10205,51919,4140.02,4140.02,USD,CK 669992,2019-07-16 00:00:00,2019-07-16 00:00:00,0,1050,UAC,,NULL,1869
10206,51950,1744.21,1744.21,USD,CK 669992,2019-07-16 00:00:00,2019-07-16 00:00:00,0,1050,UAC,,NULL,1869
10207,51960,1755.42,1755.42,USD,CK 669992,2019-07-16 00:00:00,2019-07-16 00:00:00,0,1050,UAC,,NULL,1869
10208,51954,951.65,951.65,USD,CK 669992,2019-07-16 00:00:00,2019-07-16 00:00:00,0,1050,UAC,,NULL,1870
10209,51935,1255.2,1255.2,USD,DEP 7-16-19,2019-07-16 00:00:00,2019-07-16 00:00:00,0,NULL,CRE,,NULL,1871
10210,51984,8198.56,8198.56,USD,CK 25474,2019-07-19 00:00:00,2019-07-19 00:00:00,0,NULL,CRE,,NULL,1872
10211,51989,4850.4,4850.4,USD,CK 1173,2019-07-22 00:00:00,2019-07-22 00:00:00,0,NULL,CRE,,NULL,1873
10212,51988,1702,1702,USD,ACH 7-23-19,2019-07-23 00:00:00,2019-07-23 00:00:00,0,NULL,CRE,,NULL,1874
10213,51823,5088.44,5088.44,USD,CK 62807133,2019-07-26 00:00:00,2019-07-26 00:00:00,0,NULL,CRE,,NULL,1875
10214,51972,1580.18,1580.18,USD,CK 70466,2019-07-26 00:00:00,2019-07-26 00:00:00,0,NULL,CRE,,NULL,1876
10215,51968,6486.4,6486.4,USD,CK 26415,2019-07-26 00:00:00,2019-07-26 00:00:00,0,NULL,CRE,,NULL,1877
10216,51792,6882,6882,USD,CK 36719,2019-07-26 00:00:00,2019-07-26 00:00:00,0,NULL,CRE,,NULL,1878
10217,51942,7621.08,7621.08,USD,CK 36719,2019-07-26 00:00:00,2019-07-26 00:00:00,0,NULL,CRE,,NULL,1878
10218,51897,708.38,708.38,USD,CK 19820,2019-07-26 00:00:00,2019-07-26 00:00:00,0,NULL,CRE,,NULL,1879
10219,51954,876.05,876.05,USD,CK 670374,2019-07-26 00:00:00,2019-07-26 00:00:00,0,NULL,CRE,,NULL,1880
10220,51966,1919.6,1919.6,USD,CK 670374,2019-07-26 00:00:00,2019-07-26 00:00:00,0,NULL,CRE,,NULL,1880
10221,51953,1690.3,1690.3,USD,CK 97958,2019-07-26 00:00:00,2019-07-26 00:00:00,0,1051,UAC,,NULL,1882
10222,51987,3513.9,3513.9,USD,CK 97958,2019-07-26 00:00:00,2019-07-26 00:00:00,0,1051,UAC,,NULL,1882
10223,51993,4615.85,4615.85,USD,CK 97958,2019-07-26 00:00:00,2019-07-26 00:00:00,0,1051,UAC,,NULL,1882
10224,51956,1981.2,1981.2,USD,CK 97958,2019-07-26 00:00:00,2019-07-26 00:00:00,0,1051,UAC,,NULL,1882
10225,52017,4363.88,4363.88,USD,CK 97958,2019-07-26 00:00:00,2019-07-26 00:00:00,0,1051,UAC,,NULL,1882
10226,51976,827.56,827.56,USD,CK 168946,2019-07-31 00:00:00,2019-07-31 00:00:00,0,NULL,CRE,,NULL,1883
10227,51943,3394.75,3394.75,USD,CK 36944,2019-07-31 00:00:00,2019-07-31 00:00:00,0,NULL,CRE,,NULL,1884
10228,51915,3395.66,3395.66,USD,CK 670864,2019-07-31 00:00:00,2019-07-31 00:00:00,0,NULL,CRE,,NULL,1885
10229,51933,2391.01,2391.01,USD,CK 670864,2019-07-31 00:00:00,2019-07-31 00:00:00,0,NULL,CRE,,NULL,1885
10230,51886,2829.4,2829.4,USD,WIRE 8-2-19,2019-08-02 00:00:00,2019-08-02 00:00:00,0,NULL,CRE,,NULL,1886
10231,51948,4117,4117,USD,CK98077,2019-08-07 00:00:00,2019-08-07 00:00:00,0,NULL,CRE,,NULL,1887
10232,52017,920.56,920.56,USD,CK98077,2019-08-07 00:00:00,2019-08-07 00:00:00,0,NULL,CRE,,NULL,1887
10233,52037,4435.46,4435.46,USD,CK98077,2019-08-07 00:00:00,2019-08-07 00:00:00,0,NULL,CRE,,NULL,1887
10234,52016,4466.4,4466.4,USD,CK98077,2019-08-07 00:00:00,2019-08-07 00:00:00,0,NULL,CRE,,NULL,1887
10235,51997,4896.7,4896.7,USD,CK98077,2019-08-07 00:00:00,2019-08-07 00:00:00,0,NULL,CRE,,NULL,1887
10236,51975,3976,3976,USD,CK98077,2019-08-07 00:00:00,2019-08-07 00:00:00,0,NULL,CRE,,NULL,1887
10237,52015,4125,4125,USD,CK 35418,2019-08-07 00:00:00,2019-08-07 00:00:00,0,NULL,CRE,,NULL,1888
10238,52093,1710,1710,USD,CK 9085,2019-08-07 00:00:00,2019-08-07 00:00:00,0,NULL,CRE,,NULL,1889
10239,51961,5668,5668,USD,CK 5349,2019-08-07 00:00:00,2019-08-07 00:00:00,0,NULL,CRE,,NULL,1890
10240,51907,6989.2,6989.2,USD,CK 20013546,2019-08-07 00:00:00,2019-08-07 00:00:00,0,NULL,CRE,,NULL,1891
10241,51990,9973.96,9973.96,USD,CK 20013586,2019-08-07 00:00:00,2019-08-07 00:00:00,0,NULL,CRE,,NULL,1892
10242,51973,5462.24,5462.24,USD,CK 45255,2019-08-07 00:00:00,2019-08-07 00:00:00,0,NULL,CRE,,NULL,1893
10243,52007,6829.5,6829.5,USD,CK 671333,2019-08-07 00:00:00,2019-08-07 00:00:00,0,NULL,CRE,,NULL,1894
10244,51994,6654.6,6654.6,USD,CK 26543,2019-08-09 00:00:00,2019-08-09 00:00:00,0,NULL,CRE,,NULL,1895
10245,51892,4244.4,4244.4,USD,CK 1398,2019-08-09 00:00:00,2019-08-09 00:00:00,0,NULL,CRE,,NULL,1896
10246,52031,1818,1818,USD,CK 1398,2019-08-09 00:00:00,2019-08-09 00:00:00,0,NULL,CRE,,NULL,1896
10247,51871,613.79,613.79,USD,WIRE8-9-19,2019-08-09 00:00:00,2019-08-09 00:00:00,0,NULL,CRE,,NULL,1897
10248,51981,7198.15,7198.15,USD,WIRE8-9-19,2019-08-09 00:00:00,2019-08-09 00:00:00,0,NULL,CRE,,NULL,1897
10249,52001,1578,1578,USD,ACH 8-12-19,2019-08-12 00:00:00,2019-08-12 00:00:00,0,NULL,CRE,,NULL,1898
10250,52041,1894.3,1894.3,USD,DEP 8-9-19,2019-08-09 00:00:00,2019-08-09 00:00:00,0,NULL,CRE,,NULL,1899
10251,52041,-1894.3,-1894.3,USD,DEP 8-9-19,2019-08-09 00:00:00,2019-08-12 10:39:20,0,NULL,CRE,UNDO 10250,NULL,1900
10252,52041,1800,1800,USD,DEP 7-10-19,2019-08-12 00:00:00,2019-08-12 00:00:00,0,1049,UAC,,NULL,1901
10253,52041,1894.3,1894.3,USD,DEP 8-9-19,2019-08-09 00:00:00,2019-08-09 00:00:00,0,NULL,CRE,,NULL,1902
10254,51962,5616,5616,USD,CK 5367,2019-08-14 00:00:00,2019-08-14 00:00:00,0,NULL,CRE,,NULL,1903
10255,52011,5543.2,5543.2,USD,CK 5367,2019-08-14 00:00:00,2019-08-14 00:00:00,0,NULL,CRE,,NULL,1903
10256,52033,10800.4,10800.4,USD,CK 8311,2019-08-14 00:00:00,2019-08-14 00:00:00,0,NULL,CRE,,NULL,1904
10257,52038,4021,4021,USD,WIRE8-14-19,2019-08-14 00:00:00,2019-08-14 00:00:00,0,NULL,CRE,,NULL,1905
10258,51992,1561.41,1561.41,USD,CK 45337,2019-08-16 00:00:00,2019-08-16 00:00:00,0,NULL,CRE,,NULL,1906
10259,51879,4040.4,4040.4,USD,CK 19980,2019-08-16 00:00:00,2019-08-16 00:00:00,0,NULL,CRE,,NULL,1907
10260,51995,6423.2,6423.2,USD,ACH 8-19-19,2019-08-19 00:00:00,2019-08-19 00:00:00,0,NULL,CRE,,NULL,1908
10261,52039,2826.9,2826.9,USD,WIRE8-20-19,2019-08-20 00:00:00,2019-08-20 00:00:00,0,NULL,CRE,,NULL,1909
10262,52044,6900,6900,USD,CK 26633,2019-08-23 00:00:00,2019-08-23 00:00:00,0,NULL,CRE,,NULL,1910
10263,52036,7041.6,7041.6,USD,CK 26633,2019-08-23 00:00:00,2019-08-23 00:00:00,0,NULL,CRE,,NULL,1910
10264,51946,5083,5083,USD,CK 5371,2019-08-23 00:00:00,2019-08-23 00:00:00,0,NULL,CRE,,NULL,1911
10265,51979,3710.4,3710.4,USD,CK 25603,2019-08-23 00:00:00,2019-08-23 00:00:00,0,NULL,CRE,,NULL,1912
10266,51959,1518.94,1518.94,USD,CK 672059,2019-08-23 00:00:00,2019-08-23 00:00:00,0,NULL,CRE,,NULL,1913
10267,51958,1584.64,1584.64,USD,CK 672059,2019-08-23 00:00:00,2019-08-23 00:00:00,0,NULL,CRE,,NULL,1913
10268,52103,7036,7036,USD,ACH 7-10-19,2019-08-23 00:00:00,2019-08-23 00:00:00,0,1052,UAC,,NULL,1915
10269,51937,5064,5064,USD,ACH 8-23-19,2019-08-23 00:00:00,2019-08-23 00:00:00,0,NULL,CRE,,NULL,1917
10270,51931,279.84,279.84,USD,ACH 8-23-19,2019-08-23 00:00:00,2019-08-23 00:00:00,0,NULL,CRE,,NULL,1917
10271,52012,8991.3,8991.3,USD,WIRE8-23-19,2019-08-26 00:00:00,2019-08-26 00:00:00,0,1053,UAC,,NULL,1918
10272,51899,5885.1,5885.1,USD,WIRE8-23-19,2019-08-26 00:00:00,2019-08-26 00:00:00,0,1053,UAC,,NULL,1918
10273,52008,5089.6,5089.6,USD,WIRE8-23-19,2019-08-26 00:00:00,2019-08-26 00:00:00,0,1053,UAC,,NULL,1918
10274,52014,1481.43,1481.43,USD,CK 45435,2019-08-26 00:00:00,2019-08-26 00:00:00,0,NULL,CRE,,NULL,1919
10275,52097,4334.4,4334.4,USD,CK 20013762,2019-08-29 00:00:00,2019-08-29 00:00:00,0,NULL,CRE,,NULL,1920
10276,52050,3940.6,3940.6,USD,CK 25611,2019-08-29 00:00:00,2019-08-29 00:00:00,0,NULL,CRE,,NULL,1921
10277,52061,1279.8,1279.8,USD,CK 25611,2019-08-29 00:00:00,2019-08-29 00:00:00,0,NULL,CRE,,NULL,1921
10278,52047,7255,7255,USD,CK 26693,2019-08-29 00:00:00,2019-08-29 00:00:00,0,NULL,CRE,,NULL,1922
10279,52032,1995.4,1995.4,USD,CK 672592,2019-08-29 00:00:00,2019-08-29 00:00:00,0,NULL,CRE,,NULL,1923
10280,51669,2097.76,2097.76,USD,CK 672592,2019-08-29 00:00:00,2019-08-29 00:00:00,0,NULL,CRE,,NULL,1923
10281,52062,13622.4,13622.4,USD,CK 672592,2019-08-29 00:00:00,2019-08-29 00:00:00,0,NULL,CRE,,NULL,1923
10282,51999,1497.77,1497.77,USD,CK 70555,2019-08-29 00:00:00,2019-08-29 00:00:00,0,NULL,CRE,,NULL,1924
10283,52005,1408.5,1408.5,USD,CK 70555,2019-08-29 00:00:00,2019-08-29 00:00:00,0,NULL,CRE,,NULL,1924
10284,51951,605.77,605.77,USD,CK 19069,2019-09-03 00:00:00,2019-09-03 00:00:00,0,NULL,CRE,,NULL,1925
10285,52003,1434,1434,USD,CK 45485,2019-09-03 00:00:00,2019-09-03 00:00:00,0,NULL,CRE,,NULL,1926
10286,52027,4173.8,4173.8,USD,CK 1600,2019-09-03 00:00:00,2019-09-03 00:00:00,0,NULL,CRE,,NULL,1927
10287,51986,2821,2821,USD,CK 8157,2019-09-05 00:00:00,2019-09-05 00:00:00,0,NULL,CRE,,NULL,1928
10288,52060,10584.6,10584.6,USD,CK 8342,2019-09-05 00:00:00,2019-09-05 00:00:00,0,NULL,CRE,,NULL,1929
10289,52072,5603,5603,USD,CK 5393,2019-09-05 00:00:00,2019-09-05 00:00:00,0,NULL,CRE,,NULL,1930
10290,52021,1645.6,1645.6,USD,CK 97958,2019-09-05 00:00:00,2019-09-05 00:00:00,0,1051,UAC,,NULL,1931
10291,52021,3521.66,3521.66,USD,CK 98458,2019-09-05 00:00:00,2019-09-05 00:00:00,0,NULL,CRE,,NULL,1932
10292,52022,5679.8,5679.8,USD,CK 98458,2019-09-05 00:00:00,2019-09-05 00:00:00,0,NULL,CRE,,NULL,1932
10293,52053,2875.31,2875.31,USD,CK 98458,2019-09-05 00:00:00,2019-09-05 00:00:00,0,NULL,CRE,,NULL,1932
10294,52065,3824.8,3824.8,USD,CK 98458,2019-09-05 00:00:00,2019-09-05 00:00:00,0,NULL,CRE,,NULL,1932
10295,52094,3932,3932,USD,CK 98458,2019-09-05 00:00:00,2019-09-05 00:00:00,0,NULL,CRE,,NULL,1932
10296,52023,5557.72,5557.72,USD,CK 98458,2019-09-05 00:00:00,2019-09-05 00:00:00,0,NULL,CRE,,NULL,1932
10297,52058,7446.4,7446.4,USD,CK 123200,2019-09-09 00:00:00,2019-09-09 00:00:00,0,NULL,CRE,,NULL,1933
10298,52074,5613.4,5613.4,USD,CK 5406,2019-09-10 00:00:00,2019-09-10 00:00:00,0,NULL,CRE,,NULL,1936
10299,51985,1318.61,1318.61,USD,CK 45522,2019-09-10 00:00:00,2019-09-10 00:00:00,0,NULL,CRE,,NULL,1937
10300,51894,1684.85,1684.85,USD,CK 45522,2019-09-10 00:00:00,2019-09-10 00:00:00,0,NULL,CRE,,NULL,1937
10301,52132,1216.8,1216.8,USD,CK 4396,2019-09-10 00:00:00,2019-09-10 00:00:00,0,NULL,CRE,,NULL,1938
10302,51928,847.5,847.5,USD,CK 673330,2019-09-10 00:00:00,2019-09-10 00:00:00,0,NULL,CRE,,NULL,1939
10303,52099,2159.63,2159.63,USD,WIRE9-11-19,2019-09-11 00:00:00,2019-09-11 00:00:00,0,NULL,CRE,,NULL,1940
10304,52081,2191.82,2191.82,USD,WIRE9-11-19,2019-09-11 00:00:00,2019-09-11 00:00:00,0,NULL,CRE,,NULL,1940
10305,52080,2152.09,2152.09,USD,WIRE9-11-19,2019-09-11 00:00:00,2019-09-11 00:00:00,0,NULL,CRE,,NULL,1940
10306,52057,2302.49,2302.49,USD,WIRE9-11-19,2019-09-11 00:00:00,2019-09-11 00:00:00,0,NULL,CRE,,NULL,1940
10307,52095,8557,8557,USD,ACH 9-16-19,2019-09-16 00:00:00,2019-09-16 00:00:00,0,NULL,CRE,,NULL,1941
10308,52046,12345.44,12345.44,USD,ACH 9-16-19,2019-09-16 00:00:00,2019-09-16 00:00:00,0,NULL,CRE,,NULL,1941
10309,52020,8471,8471,USD,ACH 9-16-19,2019-09-16 00:00:00,2019-09-16 00:00:00,0,NULL,CRE,,NULL,1941
10310,52135,2427.39,2427.39,USD,CK 713655,2019-09-13 00:00:00,2019-09-13 00:00:00,0,NULL,CRE,,NULL,1942
10311,52000,9814.76,9814.76,USD,CK 55967,2019-09-13 00:00:00,2019-09-13 00:00:00,0,NULL,CRE,,NULL,1943
10312,52115,5848.36,5848.36,USD,CK 98560,2019-09-13 00:00:00,2019-09-13 00:00:00,0,NULL,CRE,,NULL,1944
10313,52158,5004.86,5004.86,USD,CK 98560,2019-09-13 00:00:00,2019-09-13 00:00:00,0,NULL,CRE,,NULL,1944
10314,52117,658.95,658.95,USD,CK 98560,2019-09-13 00:00:00,2019-09-13 00:00:00,0,NULL,CRE,,NULL,1944
10315,52018,5585.58,5585.58,USD,CK 45574,2019-09-18 00:00:00,2019-09-18 00:00:00,0,NULL,CRE,,NULL,1945
10316,52085,776.65,776.65,USD,CK 45574,2019-09-18 00:00:00,2019-09-18 00:00:00,0,NULL,CRE,,NULL,1945
10317,52104,4218,4218,USD,CK 57334,2019-09-17 00:00:00,2019-09-17 00:00:00,0,NULL,CRE,,NULL,1946
10318,52086,7588.62,7588.62,USD,CK 1734,2019-09-17 00:00:00,2019-09-17 00:00:00,0,NULL,CRE,,NULL,1947
10319,52119,10712.5,10712.5,USD,CK 8354,2019-09-17 00:00:00,2019-09-17 00:00:00,0,NULL,CRE,,NULL,1948
10320,52126,10437.5,10437.5,USD,CK 8354,2019-09-17 00:00:00,2019-09-17 00:00:00,0,NULL,CRE,,NULL,1948
10321,52079,7872,7872,USD,CK 25696,2019-09-18 00:00:00,2019-09-18 00:00:00,0,NULL,CRE,,NULL,1949
10322,52073,5415.8,5415.8,USD,CK 5420,2019-09-19 00:00:00,2019-09-19 00:00:00,0,NULL,CRE,,NULL,1950
10323,52124,2153.52,2153.52,USD,CK 713722,2019-09-19 00:00:00,2019-09-19 00:00:00,0,1056,UAC,,NULL,1952
10324,51909,156.84,156.84,USD,CK 713722,2019-09-19 00:00:00,2019-09-19 00:00:00,0,1056,UAC,,NULL,1953
10325,52066,10320.81,10320.81,USD,CK 65299,2019-09-23 00:00:00,2019-09-23 00:00:00,0,NULL,CRE,,NULL,1954
10326,52145,1332,1332,USD,ACH 9-23-19,2019-09-23 00:00:00,2019-09-23 00:00:00,0,NULL,CRE,,NULL,1955
10327,52026,8479.6,8479.6,USD,ACH 9-23-19,2019-09-23 00:00:00,2019-09-23 00:00:00,0,NULL,CRE,,NULL,1956
10328,52088,10951.13,10951.13,USD,ACH 9-23-19,2019-09-23 00:00:00,2019-09-23 00:00:00,0,NULL,CRE,,NULL,1956
10329,52109,522.15,522.15,USD,CK 63669772,2019-09-26 00:00:00,2019-09-26 00:00:00,0,NULL,CRE,,NULL,1957
10330,52056,1585.44,1585.44,USD,CK 45671,2019-09-26 00:00:00,2019-09-26 00:00:00,0,1057,UAC,,NULL,1959
10331,52078,3381.33,3381.33,USD,CK 45671,2019-09-26 00:00:00,2019-09-26 00:00:00,0,1057,UAC,,NULL,1959
10332,52076,5535.4,5535.4,USD,CK 5430,2019-09-26 00:00:00,2019-09-26 00:00:00,0,NULL,CRE,,NULL,1960
10333,51990,3240.27,3240.27,USD,CK 20013961,2019-09-26 00:00:00,2019-09-26 00:00:00,0,NULL,CRE,,NULL,1961
10334,52030,1194.07,1194.07,USD,CK 45671,2019-09-27 00:00:00,2019-09-27 00:00:00,0,1057,UAC,,NULL,1962
10335,52165,1164.8,1164.8,USD,CK 12324,2019-10-01 00:00:00,2019-10-01 00:00:00,0,NULL,CRE,,NULL,1963
10336,52131,3179.55,3179.55,USD,CK 26983,2019-10-01 00:00:00,2019-10-01 00:00:00,0,NULL,CRE,,NULL,1964
10337,52067,10794.96,10794.96,USD,CK 65328,2019-10-01 00:00:00,2019-10-01 00:00:00,0,NULL,CRE,,NULL,1965
10338,52084,2719.32,2719.32,USD,CK 45712,2019-10-01 00:00:00,2019-10-01 00:00:00,0,NULL,CRE,,NULL,1966
10339,52064,993.57,993.57,USD,CK 45712,2019-10-01 00:00:00,2019-10-01 00:00:00,0,NULL,CRE,,NULL,1966
10340,52102,1480.15,1480.15,USD,CK 45712,2019-10-01 00:00:00,2019-10-01 00:00:00,0,NULL,CRE,,NULL,1966
10341,52082,1658.87,1658.87,USD,CK 45712,2019-10-01 00:00:00,2019-10-01 00:00:00,0,NULL,CRE,,NULL,1966
10342,52177,1722,1722,USD,CK 12281,2019-10-01 00:00:00,2019-10-01 00:00:00,0,NULL,CRE,,NULL,1967
10343,52028,3755.2,3755.2,USD,CK 1890,2019-10-01 00:00:00,2019-10-01 00:00:00,0,NULL,CRE,,NULL,1968
10344,52166,5452.2,5452.2,USD,CK 5441,2019-10-01 00:00:00,2019-10-01 00:00:00,0,NULL,CRE,,NULL,1969
10345,52075,5496.4,5496.4,USD,CK 5441,2019-10-01 00:00:00,2019-10-01 00:00:00,0,NULL,CRE,,NULL,1969
10346,52181,10417.5,10417.5,USD,CK 8392,2019-10-01 00:00:00,2019-10-01 00:00:00,0,NULL,CRE,,NULL,1970
10347,52006,2913.4,2913.4,USD,CK 19259,2019-10-01 00:00:00,2019-10-01 00:00:00,0,NULL,CRE,,NULL,1971
10348,52133,7365.13,7365.13,USD,WIRE10-1-19,2019-10-01 00:00:00,2019-10-01 00:00:00,0,NULL,CRE,,NULL,1972
10349,52120,2270.12,2270.12,USD,WIRE10-1-19,2019-10-01 00:00:00,2019-10-01 00:00:00,0,NULL,CRE,,NULL,1972
10350,52134,7308,7308,USD,WIRE10-1-19,2019-10-01 00:00:00,2019-10-01 00:00:00,0,NULL,CRE,,NULL,1972
10351,52209,2528.4,2528.4,USD,ACH10-2-19,2019-10-02 00:00:00,2019-10-02 00:00:00,0,NULL,CRE,,NULL,1973
10352,52210,2049.6,2049.6,USD,ACH10-2-19,2019-10-02 00:00:00,2019-10-02 00:00:00,0,NULL,CRE,,NULL,1973
10353,52105,11949.45,11949.45,USD,ACH10-7-19,2019-10-08 00:00:00,2019-10-08 00:00:00,0,NULL,CRE,,NULL,1974
10354,52096,1269.94,1269.94,USD,CK 45752,2019-10-07 00:00:00,2019-10-07 00:00:00,0,NULL,CRE,,NULL,1975
10355,52083,1344.19,1344.19,USD,CK 45752,2019-10-07 00:00:00,2019-10-07 00:00:00,0,NULL,CRE,,NULL,1975
10356,52087,1013.1,1013.1,USD,CK 45752,2019-10-07 00:00:00,2019-10-07 00:00:00,0,NULL,CRE,,NULL,1975
10357,51977,801.06,801.06,USD,CK 170299,2019-10-08 00:00:00,2019-10-08 00:00:00,0,NULL,CRE,,NULL,1976
10358,52197,4709.64,4709.64,USD,CK 25766,2019-10-08 00:00:00,2019-10-08 00:00:00,0,NULL,CRE,,NULL,1977
10359,52178,2002.05,2002.05,USD,CK 675116,2019-10-08 00:00:00,2019-10-08 00:00:00,0,NULL,CRE,,NULL,1978
10360,52167,5746,5746,USD,CK 5454,2019-10-08 00:00:00,2019-10-08 00:00:00,0,NULL,CRE,,NULL,1979
10361,51908,1520.25,1520.25,USD,WIRE10-8-20,2019-10-08 00:00:00,2019-10-08 00:00:00,0,NULL,CRE,,NULL,1980
10362,52110,838.46,838.46,USD,CK 9777,2019-10-11 00:00:00,2019-10-11 00:00:00,0,NULL,CRE,,NULL,1981
10363,52171,8612.9,8612.9,USD,ACH10-15-19,2019-10-15 00:00:00,2019-10-15 00:00:00,0,NULL,CRE,,NULL,1982
10364,52136,12398.4,12398.4,USD,ACH10-15-19,2019-10-15 00:00:00,2019-10-15 00:00:00,0,NULL,CRE,,NULL,1982
10365,52172,9017.53,9017.53,USD,ACH10-15-19,2019-10-15 00:00:00,2019-10-15 00:00:00,0,NULL,CRE,,NULL,1982
10366,52106,11521.99,11521.99,USD,AVH10-15-19,2019-10-15 00:00:00,2019-10-15 00:00:00,0,NULL,CRE,,NULL,1983
10367,52230,2327.36,2327.36,USD,ACG10-16-19,2019-10-16 00:00:00,2019-10-16 00:00:00,0,NULL,CRE,,NULL,1984
10368,52139,2301.08,2301.08,USD,CK 45794,2019-10-16 00:00:00,2019-10-16 00:00:00,0,NULL,CRE,,NULL,1985
10369,52116,1545.98,1545.98,USD,CK 45794,2019-10-16 00:00:00,2019-10-16 00:00:00,0,NULL,CRE,,NULL,1985
10370,52164,18315,18315,USD,CK 675872,2019-10-16 00:00:00,2019-10-16 00:00:00,0,NULL,CRE,,NULL,1986
10371,52127,10227.5,10227.5,USD,CK 8420,2019-10-16 00:00:00,2019-10-16 00:00:00,0,NULL,CRE,,NULL,1987
10372,52168,5283.2,5283.2,USD,CK 5464,2019-10-16 00:00:00,2019-10-16 00:00:00,0,NULL,CRE,,NULL,1988
10373,52098,7373.96,7373.96,USD,ACH10-23-19,2019-10-23 00:00:00,2019-10-23 00:00:00,0,NULL,CRE,,NULL,1989
10374,52183,4708.8,4708.8,USD,ACJ10-21-19,2019-10-21 00:00:00,2019-10-21 00:00:00,0,NULL,CRE,,NULL,1990
10375,52192,8429.6,8429.6,USD,ACH10-22-19,2019-10-22 00:00:00,2019-10-22 00:00:00,0,NULL,CRE,,NULL,1991
10376,52198,8106,8106,USD,ACH10-22-19,2019-10-22 00:00:00,2019-10-22 00:00:00,0,NULL,CRE,,NULL,1991
10377,52235,9057.95,9057.95,USD,ACH10-22-19,2019-10-22 00:00:00,2019-10-22 00:00:00,0,NULL,CRE,,NULL,1991
10378,52068,10623.86,10623.86,USD,CK 52388,2019-10-22 00:00:00,2019-10-22 00:00:00,0,NULL,CRE,,NULL,1992
10379,52182,1170.66,1170.66,USD,CK 27175,2019-10-22 00:00:00,2019-10-22 00:00:00,0,NULL,CRE,,NULL,1993
10380,52237,5049.6,5049.6,USD,CK 25812,2019-10-22 00:00:00,2019-10-22 00:00:00,0,NULL,CRE,,NULL,1994
10381,52173,2047,2047,USD,CK 25812,2019-10-22 00:00:00,2019-10-22 00:00:00,0,NULL,CRE,,NULL,1994
10382,52179,1070,1070,USD,CK 34558,2019-10-22 00:00:00,2019-10-22 00:00:00,0,NULL,CRE,,NULL,1995
10383,52194,10215,10215,USD,CK 8433,2019-10-22 00:00:00,2019-10-22 00:00:00,0,NULL,CRE,,NULL,1996
10384,52155,3574,3574,USD,CK 2089,2019-10-22 00:00:00,2019-10-22 00:00:00,0,NULL,CRE,,NULL,1997
10385,52137,1164.27,1164.27,USD,CK 45838,2019-10-22 00:00:00,2019-10-22 00:00:00,0,NULL,CRE,,NULL,1998
10386,52130,914.17,914.17,USD,CK 45838,2019-10-22 00:00:00,2019-10-22 00:00:00,0,NULL,CRE,,NULL,1998
10387,52029,3874.2,3874.2,USD,CK 2152,2019-10-25 00:00:00,2019-10-25 00:00:00,0,NULL,CRE,,NULL,1999
10388,52157,2153.52,2153.52,USD,WIRE10-25-1,2019-10-25 00:00:00,2019-10-25 00:00:00,0,NULL,CRE,,NULL,2000
10389,52188,7130.27,7130.27,USD,WIRE10-25-1,2019-10-25 00:00:00,2019-10-25 00:00:00,0,NULL,CRE,,NULL,2000
10390,52199,2032.78,2032.78,USD,WIRE10-25-1,2019-10-25 00:00:00,2019-10-25 00:00:00,0,NULL,CRE,,NULL,2000
10391,52160,1190.2,1190.2,USD,CK 27062,2019-10-08 00:00:00,2019-10-08 00:00:00,0,NULL,CRE,,NULL,2001
10392,52070,10657.79,10657.79,USD,CK 65421,2019-10-28 00:00:00,2019-10-28 00:00:00,0,NULL,CRE,,NULL,2002
10393,52112,2215.95,2215.95,USD,CK 1777,2019-10-28 00:00:00,2019-10-28 00:00:00,0,NULL,CRE,,NULL,2003
10394,52035,2062,2062,USD,CK 1777,2019-10-28 00:00:00,2019-10-28 00:00:00,0,NULL,CRE,,NULL,2003
10395,52174,1948.72,1948.72,USD,CK 45915,2019-10-29 00:00:00,2019-10-29 00:00:00,0,NULL,CRE,,NULL,2004
10396,52019,5654.6,5654.6,USD,CK 45915,2019-10-29 00:00:00,2019-10-29 00:00:00,0,NULL,CRE,,NULL,2004
10397,52169,5473,5473,USD,CK 5475,2019-10-29 00:00:00,2019-10-29 00:00:00,0,NULL,CRE,,NULL,2005
10398,52233,5033.4,5033.4,USD,XJ 25837,2019-10-28 00:00:00,2019-10-28 00:00:00,0,NULL,CRE,,NULL,2006
10399,52236,5172.6,5172.6,USD,XJ 25837,2019-10-28 00:00:00,2019-10-28 00:00:00,0,NULL,CRE,,NULL,2006
10400,52143,5203.44,5203.44,USD,CK 39174834,2019-10-28 00:00:00,2019-10-28 00:00:00,0,NULL,CRE,,NULL,2007
10401,52224,10567.5,10567.5,USD,CJ 8452,2019-10-28 00:00:00,2019-10-28 00:00:00,0,NULL,CRE,,NULL,2008
10402,52071,5464.8,5464.8,USD,CK 99101,2019-10-28 00:00:00,2019-10-28 00:00:00,0,NULL,CRE,,NULL,2009
10403,52208,4984,4984,USD,CK 99101,2019-10-28 00:00:00,2019-10-28 00:00:00,0,NULL,CRE,,NULL,2009
10404,52228,3598.46,3598.46,USD,CK 99101,2019-10-28 00:00:00,2019-10-28 00:00:00,0,NULL,CRE,,NULL,2009
10405,52241,2403.02,2403.02,USD,CK 99101,2019-10-28 00:00:00,2019-10-28 00:00:00,0,NULL,CRE,,NULL,2009
10406,52242,4792.8,4792.8,USD,CK 99101,2019-10-28 00:00:00,2019-10-28 00:00:00,0,NULL,CRE,,NULL,2009
10407,52212,20420.64,20420.64,USD,ACH10-28-19,2019-10-28 00:00:00,2019-10-28 00:00:00,0,NULL,CRE,,NULL,2010
10408,52213,22223.16,22223.16,USD,ACH10-28-19,2019-10-28 00:00:00,2019-10-28 00:00:00,0,NULL,CRE,,NULL,2010
10409,52045,10626.18,10626.18,USD,ACH10-30-19,2019-10-30 00:00:00,2019-10-30 00:00:00,0,NULL,CRE,,NULL,2011
10410,52142,12643.2,12643.2,USD,ACH10-30-19,2019-10-30 00:00:00,2019-10-30 00:00:00,0,NULL,CRE,,NULL,2011
10411,52217,270.73,270.73,USD,CK 27241,2019-10-31 00:00:00,2019-10-31 00:00:00,0,NULL,CRE,,NULL,2012
10412,52225,1672.08,1672.08,USD,CK 27241,2019-10-31 00:00:00,2019-10-31 00:00:00,0,NULL,CRE,,NULL,2012
10413,52176,1813.44,1813.44,USD,CK 27241,2019-10-31 00:00:00,2019-10-31 00:00:00,0,NULL,CRE,,NULL,2012
10414,52255,5452.2,5452.2,USD,CK 5482,2019-10-31 00:00:00,2019-10-31 00:00:00,0,NULL,CRE,,NULL,2013
10415,52205,6933.6,6933.6,USD,CK 713983,2019-10-31 00:00:00,2019-10-31 00:00:00,0,NULL,CRE,,NULL,2014
10416,52221,11928,11928,USD,CK200000937,2019-10-31 00:00:00,2019-10-31 00:00:00,0,NULL,CRE,,NULL,2015
10417,52259,5558.49,5558.49,USD,AVH11-01-19,2019-11-01 00:00:00,2019-11-01 00:00:00,0,NULL,CRE,,NULL,2016
10418,52257,10557.5,10557.5,USD,CK 8469,2019-11-04 00:00:00,2019-11-04 00:00:00,0,NULL,CRE,,NULL,2017
10419,52191,2536.49,2536.49,USD,CK 45962,2019-11-04 00:00:00,2019-11-04 00:00:00,0,NULL,CRE,,NULL,2018
10420,52206,436,436,USD,CK 4731,2019-11-04 00:00:00,2019-11-04 00:00:00,0,NULL,CRE,,NULL,2019
10421,52204,12138.3,12138.3,USD,ACH11-04-12,2019-11-04 00:00:00,2019-11-04 00:00:00,0,NULL,CRE,,NULL,2020
10422,52231,355.25,355.25,USD,ACH11-04-12,2019-11-04 00:00:00,2019-11-04 00:00:00,0,NULL,CRE,,NULL,2020
10423,52203,5893.57,5893.57,USD,ACH11-04-12,2019-11-04 00:00:00,2019-11-04 00:00:00,0,NULL,CRE,,NULL,2020
10424,52227,1666.14,1666.14,USD,CK 27301,2019-11-08 00:00:00,2019-11-08 00:00:00,0,NULL,CRE,,NULL,2021
10425,52218,1363.39,1363.39,USD,CK 27301,2019-11-08 00:00:00,2019-11-08 00:00:00,0,NULL,CRE,,NULL,2021
10426,52254,5634.2,5634.2,USD,CK 5493,2019-11-08 00:00:00,2019-11-08 00:00:00,0,NULL,CRE,,NULL,2022
10427,52234,11928,11928,USD,CK200001063,2019-11-08 00:00:00,2019-11-08 00:00:00,0,NULL,CRE,,NULL,2023
10428,52264,5828.8,5828.8,USD,CK 2292,2019-11-08 00:00:00,2019-11-08 00:00:00,0,NULL,CRE,,NULL,2024
10429,52113,2159,2159,USD,CK 1784,2019-11-08 00:00:00,2019-11-08 00:00:00,0,NULL,CRE,,NULL,2025
10430,52159,917.7,917.7,USD,CK 676530,2019-11-08 00:00:00,2019-11-08 00:00:00,0,NULL,CRE,,NULL,2026
10431,52276,4288,4288,USD,CK 99226,2019-11-08 00:00:00,2019-11-08 00:00:00,0,NULL,CRE,,NULL,2027
10432,52269,5296,5296,USD,CK 99226,2019-11-08 00:00:00,2019-11-08 00:00:00,0,NULL,CRE,,NULL,2027
10433,52274,10709.75,10709.75,USD,CK 99226,2019-11-08 00:00:00,2019-11-08 00:00:00,0,NULL,CRE,,NULL,2027
10434,52229,3028.08,3028.08,USD,CK 99226,2019-11-08 00:00:00,2019-11-08 00:00:00,0,NULL,CRE,,NULL,2027
10435,52202,945,945,USD,CK 2696,2019-11-12 00:00:00,2019-11-12 00:00:00,0,NULL,CRE,,NULL,2028
10436,52317,1706.9,1706.9,USD,CK209000031,2019-11-12 00:00:00,2019-11-12 00:00:00,0,NULL,CRE,,NULL,2029
10437,52069,9829.26,9829.26,USD,CK 65481,2019-11-19 00:00:00,2019-11-19 00:00:00,0,NULL,CRE,,NULL,2030
10438,52243,3664.7,3664.7,USD,CK 27371,2019-11-19 00:00:00,2019-11-19 00:00:00,0,NULL,CRE,,NULL,2031
10439,52219,1695.38,1695.38,USD,CK 27371,2019-11-19 00:00:00,2019-11-19 00:00:00,0,NULL,CRE,,NULL,2031
10440,52249,1618.61,1618.61,USD,CK 27371,2019-11-19 00:00:00,2019-11-19 00:00:00,0,NULL,CRE,,NULL,2031
10441,52305,2931.9,2931.9,USD,CK 62023,2019-11-19 00:00:00,2019-11-19 00:00:00,0,NULL,CRE,,NULL,2032
10442,52250,4918.2,4918.2,USD,CK 99406,2019-11-19 00:00:00,2019-11-19 00:00:00,0,NULL,CRE,,NULL,2033
10443,52270,7263,7263,USD,CK 2362,2019-11-19 00:00:00,2019-11-19 00:00:00,0,NULL,CRE,,NULL,2034
10444,52271,3643,3643,USD,CK 2362,2019-11-19 00:00:00,2019-11-19 00:00:00,0,NULL,CRE,,NULL,2034
10445,52263,9708.48,9708.48,USD,CK 103970,2019-11-19 00:00:00,2019-11-19 00:00:00,0,NULL,CRE,,NULL,2035
10446,52275,2016,2016,USD,CK 352347,2019-11-19 00:00:00,2019-11-19 00:00:00,0,NULL,CRE,,NULL,2036
10447,52253,5460,5460,USD,CK 5503,2019-11-19 00:00:00,2019-11-19 00:00:00,0,NULL,CRE,,NULL,2037
10448,52318,2878.4,2878.4,USD,CK 62094,2019-11-19 00:00:00,2019-11-19 00:00:00,0,NULL,CRE,,NULL,2038
10449,51977R,471.3,471.3,USD,CK 4223,2019-11-19 00:00:00,2019-11-19 00:00:00,0,NULL,CRE,,NULL,2039
10450,52121,327.2,327.2,USD,CK 46058,2019-11-22 00:00:00,2019-11-22 00:00:00,0,NULL,CRE,,NULL,2040
10451,52185,948.74,948.74,USD,CK 46058,2019-11-22 00:00:00,2019-11-22 00:00:00,0,NULL,CRE,,NULL,2040
10452,52184,11862.45,11862.45,USD,CK 56314,2019-11-22 00:00:00,2019-11-22 00:00:00,0,NULL,CRE,,NULL,2041
10453,52284,13458,13458,USD,CK 99486,2019-11-22 00:00:00,2019-11-22 00:00:00,0,NULL,CRE,,NULL,2042
10454,52298,3635.9,3635.9,USD,CK 99486,2019-11-22 00:00:00,2019-11-22 00:00:00,0,NULL,CRE,,NULL,2042
10455,52295,10323.25,10323.25,USD,CK 99486,2019-11-22 00:00:00,2019-11-22 00:00:00,0,NULL,CRE,,NULL,2042
10456,52278,1887.25,1887.25,USD,CK 27442,2019-11-22 00:00:00,2019-11-22 00:00:00,0,NULL,CRE,,NULL,2043
10457,52180,2955.74,2955.74,USD,CK 4548,2019-11-25 00:00:00,2019-11-25 00:00:00,0,NULL,CRE,,NULL,2044
10458,52238,1153.76,1153.76,USD,CK 4548,2019-11-25 00:00:00,2019-11-25 00:00:00,0,NULL,CRE,,NULL,2044
10459,52265,7459.4,7459.4,USD,ACH11-25-19,2019-11-25 00:00:00,2019-11-25 00:00:00,0,NULL,CRE,,NULL,2045
10460,52290,7866,7866,USD,ACH11-25-19,2019-11-25 00:00:00,2019-11-25 00:00:00,0,NULL,CRE,,NULL,2045
10461,52291,7223.8,7223.8,USD,ACH11-25-19,2019-11-25 00:00:00,2019-11-25 00:00:00,0,NULL,CRE,,NULL,2045
10462,52280,3680.2,3680.2,USD,WIRE11-25-1,2019-11-25 00:00:00,2019-11-25 00:00:00,0,NULL,CRE,,NULL,2046
10463,52281,3169.8,3169.8,USD,WIRE11-25-1,2019-11-25 00:00:00,2019-11-25 00:00:00,0,NULL,CRE,,NULL,2046
10464,52297,3852,3852,USD,WIRE11-25-1,2019-11-25 00:00:00,2019-11-25 00:00:00,0,NULL,CRE,,NULL,2046
10465,52285,10580,10580,USD,CK 8515,2019-11-26 00:00:00,2019-11-26 00:00:00,0,NULL,CRE,,NULL,2047
10466,52313,7844,7844,USD,CK 25935,2019-11-26 00:00:00,2019-11-26 00:00:00,0,NULL,CRE,,NULL,2048
10467,52252,5233.8,5233.8,USD,CK 5519,2019-11-26 00:00:00,2019-11-26 00:00:00,0,NULL,CRE,,NULL,2049
10468,52328,5179.2,5179.2,USD,CK 5519,2019-11-26 00:00:00,2019-11-26 00:00:00,0,NULL,CRE,,NULL,2049
10469,52244,3130.2,3130.2,USD,CK 46140,2019-11-26 00:00:00,2019-11-26 00:00:00,0,NULL,CRE,,NULL,2050
10470,52329,2992.8,2992.8,USD,CK 62162,2019-11-26 00:00:00,2019-11-26 00:00:00,0,NULL,CRE,,NULL,2051
10471,52245,3054,3054,USD,CK 27502,2019-11-27 00:00:00,2019-11-27 00:00:00,0,NULL,CRE,,NULL,2052
10472,52320,4582.63,4582.63,USD,ACH11-27-19,2019-11-27 00:00:00,2019-11-27 00:00:00,0,NULL,CRE,,NULL,2053
10473,52267,1415.6,1415.6,USD,CK 9184,2019-12-05 00:00:00,2019-12-05 00:00:00,0,NULL,CRE,,NULL,2054
10474,52266,3152.8,3152.8,USD,CK 62221,2019-12-05 00:00:00,2019-12-05 00:00:00,0,NULL,CRE,,NULL,2055
10475,52140,1602.72,1602.72,USD,CK 46185,2019-12-05 00:00:00,2019-12-05 00:00:00,0,NULL,CRE,,NULL,2056
10476,52304,2455.2,2455.2,USD,CK 4591,2019-12-05 00:00:00,2019-12-05 00:00:00,0,NULL,CRE,,NULL,2057
10477,52296,1859.85,1859.85,USD,CK 4585,2019-12-05 00:00:00,2019-12-05 00:00:00,0,NULL,CRE,,NULL,2058
10478,52319,361.21,361.21,USD,CK 4585,2019-12-05 00:00:00,2019-12-05 00:00:00,0,NULL,CRE,,NULL,2058
10479,52303,3470,3470,USD,CK 2493,2019-12-05 00:00:00,2019-12-05 00:00:00,0,NULL,CRE,,NULL,2059
10480,52324,7403.4,7403.4,USD,CK 2493,2019-12-05 00:00:00,2019-12-05 00:00:00,0,NULL,CRE,,NULL,2059
10481,52272,3862,3862,USD,CK 2493,2019-12-05 00:00:00,2019-12-05 00:00:00,0,NULL,CRE,,NULL,2059
10482,52293,4682.11,4682.11,USD,CK 384411,2019-12-05 00:00:00,2019-12-05 00:00:00,0,NULL,CRE,,NULL,2060
10483,52314,10567.5,10567.5,USD,CK 8533,2019-12-05 00:00:00,2019-12-05 00:00:00,0,NULL,CRE,,NULL,2061
10484,52260,2821.5,2821.5,USD,CK 2661,2019-12-05 00:00:00,2019-12-05 00:00:00,0,NULL,CRE,,NULL,2062
10485,52322,6336.96,6336.96,USD,CK 1282153,2019-12-09 00:00:00,2019-12-09 00:00:00,0,NULL,CRE,,NULL,2063
10486,52149,7695.18,7695.18,USD,CK 2576,2019-12-09 00:00:00,2019-12-09 00:00:00,0,NULL,CRE,,NULL,2064
10487,52300,3542.4,3542.4,USD,CK 27557,2019-12-09 00:00:00,2019-12-09 00:00:00,0,NULL,CRE,,NULL,2065
10488,52308,1004.76,1004.76,USD,CK 27557,2019-12-09 00:00:00,2019-12-09 00:00:00,0,NULL,CRE,,NULL,2065
10489,52193,7195.5,7195.5,USD,CK 27557,2019-12-09 00:00:00,2019-12-09 00:00:00,0,NULL,CRE,,NULL,2065
10490,52251,3771,3771,USD,CK 229527,2019-12-10 00:00:00,2019-12-10 00:00:00,0,NULL,CRE,,NULL,2066
10491,52327,5345.6,5345.6,USD,CK 5532,2019-12-10 00:00:00,2019-12-10 00:00:00,0,NULL,CRE,,NULL,2067
10492,52326,5379.4,5379.4,USD,CK 5532,2019-12-10 00:00:00,2019-12-10 00:00:00,0,NULL,CRE,,NULL,2067
10493,52323,7861.14,7861.14,USD,CK 2938,2019-12-10 00:00:00,2019-12-10 00:00:00,0,NULL,CRE,,NULL,2068
10494,52334,1579.88,1579.88,USD,CK 678389,2019-12-10 00:00:00,2019-12-10 00:00:00,0,NULL,CRE,,NULL,2069
10495,52335,1739.32,1739.32,USD,CK 678389,2019-12-10 00:00:00,2019-12-10 00:00:00,0,NULL,CRE,,NULL,2069
10496,52306,8138.64,8138.64,USD,WIRE12-11-1,2019-12-11 00:00:00,2019-12-11 00:00:00,0,NULL,CRE,,NULL,2070
10497,52309,2079,2079,USD,WIRE12-11-1,2019-12-11 00:00:00,2019-12-11 00:00:00,0,NULL,CRE,,NULL,2070
10498,52279,629.64,629.64,USD,ACH12-16-19,2019-12-16 00:00:00,2019-12-16 00:00:00,0,NULL,CRE,,NULL,2071
10499,52283,11316.09,11316.09,USD,ACH12-16-19,2019-12-16 00:00:00,2019-12-16 00:00:00,0,NULL,CRE,,NULL,2071
10500,52301,3120,3120,USD,CK 27632,2019-12-12 00:00:00,2019-12-12 00:00:00,0,NULL,CRE,,NULL,2072
10501,52302,3163.2,3163.2,USD,CK 27632,2019-12-12 00:00:00,2019-12-12 00:00:00,0,NULL,CRE,,NULL,2072
10502,52123,4125,4125,USD,CK 35674,2019-12-17 00:00:00,2019-12-17 00:00:00,0,NULL,CRE,,NULL,2073
10503,52325,5457.4,5457.4,USD,CK 5546,2019-12-17 00:00:00,2019-12-17 00:00:00,0,NULL,CRE,,NULL,2074
10504,52357,1218.8,1218.8,USD,CK 678998,2019-12-17 00:00:00,2019-12-17 00:00:00,0,NULL,CRE,,NULL,2075
10505,52175R,3534.4,3534.4,USD,WIR12-16-19,2019-12-16 00:00:00,2019-12-16 00:00:00,0,NULL,CRE,,NULL,2076
10506,52365,2780.7,2780.7,USD,CK 384560,2019-12-19 00:00:00,2019-12-19 00:00:00,0,NULL,CRE,,NULL,2077
10507,52186,1561.47,1561.47,USD,CK 27687,2019-12-19 00:00:00,2019-12-19 00:00:00,0,NULL,CRE,,NULL,2078
10508,52299,4138,4138,USD,CK 99821,2019-12-19 00:00:00,2019-12-19 00:00:00,0,NULL,CRE,,NULL,2079
10509,52289,7253.22,7253.22,USD,WIR12-23-19,2019-12-23 00:00:00,2019-12-23 00:00:00,0,NULL,CRE,,NULL,2080
10510,52207,571.8,571.8,USD,CK 20234,2019-12-27 00:00:00,2019-12-27 00:00:00,0,NULL,CRE,,NULL,2081
10511,52258,855.35,855.35,USD,CK 20234,2019-12-27 00:00:00,2019-12-27 00:00:00,0,NULL,CRE,,NULL,2081
10512,52355,7520.2,7520.2,USD,CK 8586,2019-12-27 00:00:00,2019-12-27 00:00:00,0,NULL,CRE,,NULL,2082
10513,52364,10385,10385,USD,CK 8586,2019-12-27 00:00:00,2019-12-27 00:00:00,0,NULL,CRE,,NULL,2082
10514,52009,1582.62,1582.62,USD,CK 46334,2019-12-27 00:00:00,2019-12-27 00:00:00,0,NULL,CRE,,NULL,2083
10515,52388,3806.25,3806.25,USD,CK 35697,2019-12-27 00:00:00,2019-12-27 00:00:00,0,NULL,CRE,,NULL,2084
10516,52187,1082.9,1082.9,USD,CK 27759,2019-12-27 00:00:00,2019-12-27 00:00:00,0,NULL,CRE,,NULL,2085
10517,52148,6446.4,6446.4,USD,CK 10654,2019-12-27 00:00:00,2019-12-27 00:00:00,0,NULL,CRE,,NULL,2086
10518,52226,5745,5745,USD,CK 10654,2019-12-27 00:00:00,2019-12-27 00:00:00,0,NULL,CRE,,NULL,2086
10519,52220,6039,6039,USD,CK 10654,2019-12-27 00:00:00,2019-12-27 00:00:00,0,NULL,CRE,,NULL,2086
10520,52216,6183,6183,USD,CK 10654,2019-12-27 00:00:00,2019-12-27 00:00:00,0,NULL,CRE,,NULL,2086
10521,51996,7000,7000,USD,CK 5229,2019-12-27 00:00:00,2019-12-27 00:00:00,0,NULL,CRE,,NULL,2087
10522,52132INV,950,950,USD,CK 5229,2019-12-27 00:00:00,2019-12-27 00:00:00,0,NULL,CRE,,NULL,2087
10523,52005INV,42.12,42.12,USD,CK 119,2019-12-30 00:00:00,2019-12-30 00:00:00,0,NULL,CRE,,NULL,2088
10524,52007INV,347.82,347.82,USD,CK 119,2019-12-30 00:00:00,2019-12-30 00:00:00,0,NULL,CRE,,NULL,2088
10525,52395,11113.2,11113.2,USD,ACJ12-31-20,2019-12-31 00:00:00,2019-12-31 00:00:00,0,NULL,CRE,,NULL,2089
10526,52310,506.41,506.41,USD,CK 2179,2020-01-02 00:00:00,2020-01-02 00:00:00,0,NULL,CRE,,NULL,2090
10527,52348,1465.6,1465.6,USD,CK 132727,2020-01-02 00:00:00,2020-01-02 00:00:00,0,NULL,CRE,,NULL,2091
10528,52386,23021.28,23021.28,USD,CK 200102,2020-01-03 00:00:00,2020-01-03 00:00:00,0,NULL,CRE,,NULL,2092
10529,52307,13994.74,13994.74,USD,ACH01-06-20,2020-01-06 00:00:00,2020-01-06 00:00:00,0,NULL,CRE,,NULL,2093
10530,52374,6407.75,6407.75,USD,WIR01-07-20,2020-01-07 00:00:00,2020-01-07 00:00:00,0,NULL,CRE,,NULL,2094
10531,52403,6805.75,6805.75,USD,WIR01-07-20,2020-01-07 00:00:00,2020-01-07 00:00:00,0,NULL,CRE,,NULL,2094
10532,52394,3947.4,3947.4,USD,CK 27869,2020-01-10 00:00:00,2020-01-10 00:00:00,0,NULL,CRE,,NULL,2095
10533,52273,3539.2,3539.2,USD,CK 2928,2020-01-10 00:00:00,2020-01-10 00:00:00,0,NULL,CRE,,NULL,2096
10534,52391,3254,3254,USD,CK 2928,2020-01-10 00:00:00,2020-01-10 00:00:00,0,NULL,CRE,,NULL,2096
10535,52405,7348.5,7348.5,USD,CK 2852,2020-01-10 00:00:00,2020-01-10 00:00:00,0,NULL,CRE,,NULL,2097
10536,52118,15000,15000,USD,CK 5251,2020-01-10 00:00:00,2020-01-10 00:00:00,0,NULL,CRE,,NULL,2098
10537,52404,827.4,827.4,USD,CK 680211,2020-01-10 00:00:00,2020-01-10 00:00:00,0,NULL,CRE,,NULL,2099
10538,52370,498.3,498.3,USD,CK 680211,2020-01-10 00:00:00,2020-01-10 00:00:00,0,NULL,CRE,,NULL,2099
10539,52385INV,584.26,584.26,USD,ACH01-14-20,2020-01-14 00:00:00,2020-01-14 00:00:00,0,NULL,CRE,,NULL,2100
10540,52261,12580.8,12580.8,USD,ACH01-13-20,2020-01-13 00:00:00,2020-01-13 00:00:00,0,NULL,CRE,,NULL,2101
10541,52282,6111,6111,USD,ACH01-13-20,2020-01-15 00:00:00,2020-01-15 00:00:00,0,1058,UAC,,NULL,2103
10542,52195,7586.7,7586.7,USD,ACH01-13-20,2020-01-15 00:00:00,2020-01-15 00:00:00,0,1058,UAC,,NULL,2103
10543,52315,7669.73,7669.73,USD,ACH01-13-20,2020-01-15 00:00:00,2020-01-15 00:00:00,0,1058,UAC,,NULL,2103
10544,52346,7841.49,7841.49,USD,ACH01-13-20,2020-01-15 00:00:00,2020-01-15 00:00:00,0,1058,UAC,,NULL,2103
10545,52316,7676,7676,USD,ACH01-13-20,2020-01-15 00:00:00,2020-01-15 00:00:00,0,1058,UAC,,NULL,2103
10546,52347,7016.47,7016.47,USD,ACH01-13-20,2020-01-15 00:00:00,2020-01-15 00:00:00,0,1058,UAC,,NULL,2103
10547,52409,362.68,362.68,USD,OFFSET,2020-01-15 00:00:00,2020-01-15 14:31:43,0,0,OFF,,NULL,NULL
10548,52382,10340,10340,USD,CK 8614,2020-01-15 00:00:00,2020-01-15 00:00:00,0,NULL,CRE,,NULL,2104
10549,52392,7540.8,7540.8,USD,CK 8614,2020-01-15 00:00:00,2020-01-15 00:00:00,0,NULL,CRE,,NULL,2104
10550,52412,2957.6,2957.6,USD,CK 100077,2020-01-15 00:00:00,2020-01-15 00:00:00,0,NULL,CRE,,NULL,2105
10551,52380,11594.8,11594.8,USD,CK 1286774,2020-01-15 00:00:00,2020-01-15 00:00:00,0,NULL,CRE,,NULL,2106
10552,52381,1674.4,1674.4,USD,CK 680448,2020-01-15 00:00:00,2020-01-15 00:00:00,0,NULL,CRE,,NULL,2107
10553,52138,1603,1603,USD,CK 680448,2020-01-15 00:00:00,2020-01-15 00:00:00,0,NULL,CRE,,NULL,2107
10554,52399,1979.1,1979.1,USD,CK 680448,2020-01-15 00:00:00,2020-01-15 00:00:00,0,NULL,CRE,,NULL,2107
10555,52376,1995.84,1995.84,USD,CK 680448,2020-01-15 00:00:00,2020-01-15 00:00:00,0,NULL,CRE,,NULL,2107
10556,52410,2007.6,2007.6,USD,CK 680448,2020-01-15 00:00:00,2020-01-15 00:00:00,0,NULL,CRE,,NULL,2107
10557,52349,13173.6,13173.6,USD,ACH01-17-20,2020-01-17 00:00:00,2020-01-17 00:00:00,0,NULL,CRE,,NULL,2108
10558,52345,11112.51,11112.51,USD,ACH01-21-20,2020-01-21 00:00:00,2020-01-21 00:00:00,0,NULL,CRE,,NULL,2109
10559,52379,11734.8,11734.8,USD,CK 1287413,2020-01-22 00:00:00,2020-01-22 00:00:00,0,NULL,CRE,,NULL,2110
10560,52445,4125,4125,USD,CK 35744,2020-01-22 00:00:00,2020-01-22 00:00:00,0,NULL,CRE,,NULL,2111
10561,52282,-407.4,-407.4,USD,CM 52282,2020-01-22 00:00:00,2020-01-22 00:00:00,0,NULL,CRE,,NULL,2112
10562,52347,407.4,407.4,USD,CM 52282,2020-01-22 00:00:00,2020-01-22 00:00:00,0,NULL,CRE,,NULL,2112
10563,52342,12018.4,12018.4,USD,CK 322,2020-01-23 00:00:00,2020-01-23 00:00:00,0,NULL,CRE,,NULL,2113
10564,52247,2385,2385,USD,CK 23079,2020-01-23 00:00:00,2020-01-23 00:00:00,0,NULL,CRE,,NULL,2114
10565,52421,1751.5,1751.5,USD,CK 6809,2020-01-24 00:00:00,2020-01-24 00:00:00,0,1060,UAC,,NULL,2116
10566,52408,2388.24,2388.24,USD,CK 6809,2020-01-24 00:00:00,2020-01-24 00:00:00,0,1060,UAC,,NULL,2116
10567,52413,2844.9,2844.9,USD,CK 6809,2020-01-24 00:00:00,2020-01-24 00:00:00,0,1060,UAC,,NULL,2116
10568,52411,1785.6,1785.6,USD,CK 6809,2020-01-24 00:00:00,2020-01-24 00:00:00,0,1060,UAC,,NULL,2116
10569,52416,1288.8,1288.8,USD,CK 6809,2020-01-24 00:00:00,2020-01-24 00:00:00,0,1060,UAC,,NULL,2116
10570,52402,1472.86,1472.86,USD,CK 6809,2020-01-24 00:00:00,2020-01-24 00:00:00,0,1060,UAC,,NULL,2116
10571,52353,12454.2,12454.2,USD,ACH01-24-20,2020-01-24 00:00:00,2020-01-24 00:00:00,0,NULL,CRE,,NULL,2117
10572,52367,11343.93,11343.93,USD,ACH01-27-20,2020-01-27 00:00:00,2020-01-27 00:00:00,0,NULL,CRE,,NULL,2118
10573,52435,10492.5,10492.5,USD,CK 8647,2020-01-27 00:00:00,2020-01-27 00:00:00,0,NULL,CRE,,NULL,2119
10574,52398,3049.3,3049.3,USD,CK 74779,2020-01-27 00:00:00,2020-01-27 00:00:00,0,NULL,CRE,,NULL,2120
10575,52438,4465.78,4465.78,USD,CK 74779,2020-01-27 00:00:00,2020-01-27 00:00:00,0,NULL,CRE,,NULL,2120
10576,52436,1524,1524,USD,CK 3123,2020-01-31 00:00:00,2020-01-31 00:00:00,0,NULL,CRE,,NULL,2121
10577,52397,2524.8,2524.8,USD,CK 3123,2020-01-31 00:00:00,2020-01-31 00:00:00,0,NULL,CRE,,NULL,2121
10578,52417,1171.7,1171.7,USD,CK 681308,2020-01-31 00:00:00,2020-01-31 00:00:00,0,NULL,CRE,,NULL,2122
10579,52452,16437,16437,USD,CK 100394,2020-01-31 00:00:00,2020-01-31 00:00:00,0,NULL,CRE,,NULL,2123
10580,52456,4922.4,4922.4,USD,CK 100394,2020-01-31 00:00:00,2020-01-31 00:00:00,0,NULL,CRE,,NULL,2123
10581,52467,2284.98,2284.98,USD,CK 100394,2020-01-31 00:00:00,2020-01-31 00:00:00,0,NULL,CRE,,NULL,2123
10582,52268,3528,3528,USD,ACH01-31-20,2020-01-31 00:00:00,2020-01-31 00:00:00,0,NULL,CRE,,NULL,2124
10583,52374,300,300,USD,WIRE01-31-2,2020-01-31 00:00:00,2020-01-31 00:00:00,0,NULL,CRE,,NULL,2125
10584,52423,2616.3,2616.3,USD,WIRE01-31-2,2020-01-31 00:00:00,2020-01-31 00:00:00,0,NULL,CRE,,NULL,2125
10585,52422,10981.65,10981.65,USD,WIRE01-31-2,2020-01-31 00:00:00,2020-01-31 00:00:00,0,NULL,CRE,,NULL,2125
10586,52389,1826.18,1826.18,USD,WIRE01-31-2,2020-01-31 00:00:00,2020-01-31 00:00:00,0,NULL,CRE,,NULL,2125
10587,52267,-602.4,-602.4,USD,CM52267,2020-02-04 00:00:00,2020-02-04 00:00:00,0,NULL,CRE,,NULL,2126
10588,52531,602.4,602.4,USD,CM52267,2020-02-04 00:00:00,2020-02-04 00:00:00,0,NULL,CRE,,NULL,2126
10589,52288,3953.6,3953.6,USD,ACH02-03-20,2020-02-03 00:00:00,2020-02-03 00:00:00,0,NULL,CRE,,NULL,2127
10590,52413,127.7,127.7,USD,CK 681644,2020-02-04 00:00:00,2020-02-04 00:00:00,0,NULL,CRE,,NULL,2128
10591,52437,1571.4,1571.4,USD,CK 681644,2020-02-04 00:00:00,2020-02-04 00:00:00,0,NULL,CRE,,NULL,2128
10592,52351,12788.48,12788.48,USD,ACH02-10-20,2020-02-10 00:00:00,2020-02-10 00:00:00,0,NULL,CRE,,NULL,2129
10593,52372,7107.14,7107.14,USD,ACH02-10-20,2020-02-10 00:00:00,2020-02-10 00:00:00,0,NULL,CRE,,NULL,2130
10594,52407,6669.78,6669.78,USD,CK 16606,2020-02-10 00:00:00,2020-02-10 00:00:00,0,NULL,CRE,,NULL,2131
10595,52446,5934.81,5934.81,USD,CK 104644,2020-02-11 00:00:00,2020-02-11 00:00:00,0,NULL,CRE,,NULL,2132
10596,52523,1116,1116,USD,CK 38479,2020-02-11 00:00:00,2020-02-11 00:00:00,0,NULL,CRE,,NULL,2133
10597,52415,2305.8,2305.8,USD,CK 681915,2020-02-11 00:00:00,2020-02-11 00:00:00,0,NULL,CRE,,NULL,2134
10598,52377,1670.48,1670.48,USD,CK 681915,2020-02-11 00:00:00,2020-02-11 00:00:00,0,NULL,CRE,,NULL,2134
10599,52426,1216.38,1216.38,USD,CK 681915,2020-02-11 00:00:00,2020-02-11 00:00:00,0,NULL,CRE,,NULL,2134
10600,52501,16985,16985,USD,CK 100571,2020-02-14 00:00:00,2020-02-14 00:00:00,0,NULL,CRE,,NULL,2135
10601,52455,1650.8,1650.8,USD,CK 100571,2020-02-14 00:00:00,2020-02-14 00:00:00,0,NULL,CRE,,NULL,2135
10602,52468,2331.44,2331.44,USD,WIRE2-14-20,2020-02-14 00:00:00,2020-02-14 00:00:00,0,NULL,CRE,,NULL,2136
10603,52502,6625.6,6625.6,USD,WIRE2-14-20,2020-02-14 00:00:00,2020-02-14 00:00:00,0,NULL,CRE,,NULL,2136
10604,52504,6638.88,6638.88,USD,WIRE2-14-20,2020-02-14 00:00:00,2020-02-14 00:00:00,0,NULL,CRE,,NULL,2136
10605,52503,6708.8,6708.8,USD,WIRE2-14-20,2020-02-14 00:00:00,2020-02-14 00:00:00,0,NULL,CRE,,NULL,2136
10606,52440B,1481.84,1481.84,USD,CK 2244,2020-02-19 00:00:00,2020-02-19 00:00:00,0,NULL,CRE,,NULL,2137
10607,52507,7027.8,7027.8,USD,CK 714540,2020-02-19 00:00:00,2020-02-19 00:00:00,0,NULL,CRE,,NULL,2138
10608,52344,5369.6,5369.6,USD,CK 14301,2020-02-19 00:00:00,2020-02-19 00:00:00,0,NULL,CRE,,NULL,2139
10609,52457,2678.38,2678.38,USD,CK 28194,2020-02-19 00:00:00,2020-02-19 00:00:00,0,NULL,CRE,,NULL,2140
10610,52484,9383.24,9383.24,USD,CK 9517,2020-02-19 00:00:00,2020-02-19 00:00:00,0,NULL,CRE,,NULL,2141
10611,52546,5461.54,5461.54,USD,CK 4981,2020-02-19 00:00:00,2020-02-19 00:00:00,0,NULL,CRE,,NULL,2142
10612,52439,4326.52,4326.52,USD,CK 74839,2020-02-19 00:00:00,2020-02-19 00:00:00,0,NULL,CRE,,NULL,2143
10613,52450,4346.43,4346.43,USD,CK 74839,2020-02-19 00:00:00,2020-02-19 00:00:00,0,NULL,CRE,,NULL,2143
10614,52420,3993.55,3993.55,USD,CK 74839,2020-02-19 00:00:00,2020-02-19 00:00:00,0,NULL,CRE,,NULL,2143
10615,52465,1687.5,1687.5,USD,CK 682358,2020-02-19 00:00:00,2020-02-19 00:00:00,0,NULL,CRE,,NULL,2144
10616,52464,1329.16,1329.16,USD,CK 682358,2020-02-19 00:00:00,2020-02-19 00:00:00,0,NULL,CRE,,NULL,2144
10617,52584,3045,3045,USD,WIRE2-19-20,2020-02-19 00:00:00,2020-02-19 00:00:00,0,NULL,CRE,,NULL,2145
10618,52371,12378.3,12378.3,USD,ACH02-21-20,2020-02-21 00:00:00,2020-02-21 00:00:00,0,NULL,CRE,,NULL,2146
10619,52541,508.6,508.6,USD,WITE2-24,2020-02-24 00:00:00,2020-02-24 00:00:00,0,NULL,CRE,,NULL,2147
10620,52505,4922,4922,USD,CK 4249,2020-02-25 00:00:00,2020-02-25 00:00:00,0,NULL,CRE,,NULL,2148
10621,52521,7748,7748,USD,CK 714573,2020-02-25 00:00:00,2020-02-25 00:00:00,0,NULL,CRE,,NULL,2149
10622,52545,3603.6,3603.6,USD,CK 20014908,2020-02-25 00:00:00,2020-02-25 00:00:00,0,NULL,CRE,,NULL,2150
10623,52470,8613.35,8613.35,USD,CK 8566,2020-02-25 00:00:00,2020-02-25 00:00:00,0,NULL,CRE,,NULL,2151
10624,52447,10379,10379,USD,CK 104758,2020-02-25 00:00:00,2020-02-25 00:00:00,0,NULL,CRE,,NULL,2152
10625,52451,1708,1708,USD,CK 682798,2020-02-25 00:00:00,2020-02-25 00:00:00,0,NULL,CRE,,NULL,2153
10626,52466,1155.2,1155.2,USD,CK 682798,2020-02-25 00:00:00,2020-02-25 00:00:00,0,NULL,CRE,,NULL,2153
10627,52414,2177.28,2177.28,USD,CK 682798,2020-02-25 00:00:00,2020-02-25 00:00:00,0,NULL,CRE,,NULL,2153
10628,52267,-364,-364,USD,52267,2020-02-27 00:00:00,2020-02-27 00:00:00,0,NULL,CRE,,NULL,2154
10629,52532,364,364,USD,52267,2020-02-27 00:00:00,2020-02-27 00:00:00,0,NULL,CRE,,NULL,2154
10630,52524,4004,4004,USD,CK 100799,2020-02-27 00:00:00,2020-02-27 00:00:00,0,NULL,CRE,,NULL,2155
10631,52362,1583.48,1583.48,USD,CK 2112,2020-02-28 00:00:00,2020-02-28 00:00:00,0,NULL,CRE,,NULL,2156
10632,52512,6099,6099,USD,CK 55842,2020-02-25 00:00:00,2020-02-25 00:00:00,0,NULL,CRE,,NULL,2157
10633,52479,7595.1,7595.1,USD,CK 3372,2020-03-02 00:00:00,2020-03-02 00:00:00,0,NULL,CRE,,NULL,2158
10634,52577INV,85.17,85.17,USD,CK 11691,2020-03-02 00:00:00,2020-03-02 00:00:00,0,NULL,CRE,,NULL,2159
10635,52400,14516.21,14516.21,USD,ACH03-03-20,2020-03-03 00:00:00,2020-03-03 00:00:00,0,NULL,CRE,,NULL,2160
10636,52574,4102.64,4102.64,USD,ACH03-04-20,2020-03-04 00:00:00,2020-03-04 00:00:00,0,NULL,CRE,,NULL,2161
10637,52647,2845,2845,USD,WIR03-05-20,2020-03-05 00:00:00,2020-03-05 00:00:00,0,NULL,CRE,,NULL,2162
10638,52444,3458.4,3458.4,USD,CK 74879,2020-03-06 00:00:00,2020-03-06 00:00:00,0,NULL,CRE,,NULL,2163
10639,52454,4452.69,4452.69,USD,CK 74879,2020-03-06 00:00:00,2020-03-06 00:00:00,0,NULL,CRE,,NULL,2163
10640,52471,4976.51,4976.51,USD,CK 74879,2020-03-06 00:00:00,2020-03-06 00:00:00,0,NULL,CRE,,NULL,2163
10641,52496,3425.62,3425.62,USD,CK 74879,2020-03-06 00:00:00,2020-03-06 00:00:00,0,NULL,CRE,,NULL,2163
10642,52500,4488.77,4488.77,USD,CK 74879,2020-03-06 00:00:00,2020-03-06 00:00:00,0,NULL,CRE,,NULL,2163
10643,52513,4414.19,4414.19,USD,CK 74879,2020-03-06 00:00:00,2020-03-06 00:00:00,0,NULL,CRE,,NULL,2163
10644,52385,800.58,800.58,USD,CK 10059,2020-03-06 00:00:00,2020-03-06 00:00:00,0,NULL,CRE,,NULL,2164
10645,52485,9413.8,9413.8,USD,CK 9527,2020-03-06 00:00:00,2020-03-06 00:00:00,0,NULL,CRE,,NULL,2165
10646,52509,1964.3,1964.3,USD,CK 683109,2020-03-06 00:00:00,2020-03-06 00:00:00,0,NULL,CRE,,NULL,2166
10647,52547,1575.34,1575.34,USD,CK 683109,2020-03-06 00:00:00,2020-03-06 00:00:00,0,NULL,CRE,,NULL,2166
10648,52516,2087.5,2087.5,USD,CK 683109,2020-03-06 00:00:00,2020-03-06 00:00:00,0,NULL,CRE,,NULL,2166
10649,52517,1955.8,1955.8,USD,CK 683109,2020-03-06 00:00:00,2020-03-06 00:00:00,0,NULL,CRE,,NULL,2166
10650,52515,1595.16,1595.16,USD,CK 683109,2020-03-06 00:00:00,2020-03-06 00:00:00,0,NULL,CRE,,NULL,2166
10651,52514,4125.9,4125.9,USD,CK 9472,2020-03-06 00:00:00,2020-03-06 00:00:00,0,NULL,CRE,,NULL,2167
10652,52497,5276.5,5276.5,USD,CK 9472,2020-03-06 00:00:00,2020-03-06 00:00:00,0,NULL,CRE,,NULL,2167
10653,52368,3255.27,3255.27,USD,CK 9472,2020-03-06 00:00:00,2020-03-06 00:00:00,0,NULL,CRE,,NULL,2167
10654,52425,12698.24,12698.24,USD,ACH03-09-20,2020-03-09 00:00:00,2020-03-09 00:00:00,0,NULL,CRE,,NULL,2168
10655,52396,2260.68,2260.68,USD,WIR03-06-20,2020-03-06 00:00:00,2020-03-06 00:00:00,0,NULL,CRE,,NULL,2169
10656,52146,5221.56,5221.56,USD,CK 32731,2020-03-10 00:00:00,2020-03-10 00:00:00,0,NULL,CRE,,NULL,2170
10657,52480,7764.3,7764.3,USD,CK 3434,2020-03-10 00:00:00,2020-03-10 00:00:00,0,NULL,CRE,,NULL,2171
10658,52572,4288,4288,USD,CK 3434,2020-03-10 00:00:00,2020-03-10 00:00:00,0,NULL,CRE,,NULL,2171
10659,52551,3884,3884,USD,CK 3434,2020-03-10 00:00:00,2020-03-10 00:00:00,0,NULL,CRE,,NULL,2171
10660,52508,5748,5748,USD,avj03-10-20,2020-03-11 00:00:00,2020-03-11 00:00:00,0,1061,UAC,,NULL,2173
10661,52406,9267.75,9267.75,USD,avj03-10-20,2020-03-11 00:00:00,2020-03-11 00:00:00,0,1061,UAC,,NULL,2173
10662,52506,9306.22,9306.22,USD,avj03-10-20,2020-03-11 00:00:00,2020-03-11 00:00:00,0,1061,UAC,,NULL,2173
10663,52493,7218.75,7218.75,USD,avj03-10-20,2020-03-11 00:00:00,2020-03-11 00:00:00,0,1061,UAC,,NULL,2173
10664,52492,7346.33,7346.33,USD,avj03-10-20,2020-03-11 00:00:00,2020-03-11 00:00:00,0,1061,UAC,,NULL,2173
10665,52491,7573.13,7573.13,USD,avj03-10-20,2020-03-11 00:00:00,2020-03-11 00:00:00,0,1061,UAC,,NULL,2173
10666,52569,2827.2,2827.2,USD,CK200002749,2020-03-11 00:00:00,2020-03-11 00:00:00,0,NULL,CRE,,NULL,2174
10667,52378,1735.68,1735.68,USD,CK 683519,2020-03-11 00:00:00,2020-03-11 00:00:00,0,NULL,CRE,,NULL,2175
10668,52554,1963.44,1963.44,USD,CK 683519,2020-03-11 00:00:00,2020-03-11 00:00:00,0,NULL,CRE,,NULL,2175
10669,52519,1973.58,1973.58,USD,CK 683519,2020-03-11 00:00:00,2020-03-11 00:00:00,0,NULL,CRE,,NULL,2175
10670,52520,2278.8,2278.8,USD,CK 683519,2020-03-11 00:00:00,2020-03-11 00:00:00,0,NULL,CRE,,NULL,2175
10671,52518,2483.36,2483.36,USD,CK 683519,2020-03-11 00:00:00,2020-03-11 00:00:00,0,NULL,CRE,,NULL,2175
10672,52568,3757.6,3757.6,USD,CK 683519,2020-03-11 00:00:00,2020-03-11 00:00:00,0,NULL,CRE,,NULL,2175
10673,52555,1631.34,1631.34,USD,CK 683519,2020-03-11 00:00:00,2020-03-11 00:00:00,0,NULL,CRE,,NULL,2175
10674,52576,2630.5,2630.5,USD,CK 683519,2020-03-11 00:00:00,2020-03-11 00:00:00,0,NULL,CRE,,NULL,2175
10675,52499,569.62,569.62,USD,CK 4793,2020-03-11 00:00:00,2020-03-11 00:00:00,0,NULL,CRE,,NULL,2176
10676,52575,527.02,527.02,USD,CK 4817,2020-03-11 00:00:00,2020-03-11 00:00:00,0,NULL,CRE,,NULL,2177
10677,52418,1090.43,1090.43,USD,CK 20558,2020-03-11 00:00:00,2020-03-11 00:00:00,0,NULL,CRE,,NULL,2178
10678,52248,2901.3,2901.3,USD,CK 232250,2020-03-11 00:00:00,2020-03-11 00:00:00,0,NULL,CRE,,NULL,2179
10679,52552,1527.05,1527.05,USD,CK 100931,2020-03-11 00:00:00,2020-03-11 00:00:00,0,NULL,CRE,,NULL,2180
10680,52525,4240,4240,USD,CK 100931,2020-03-11 00:00:00,2020-03-11 00:00:00,0,NULL,CRE,,NULL,2180
10681,52368,1245,1245,USD,WS52537,2020-03-13 00:00:00,2020-03-13 00:00:00,0,NULL,CRE,,NULL,2181
10682,52537,-1245,-1245,USD,WS52537,2020-03-13 00:00:00,2020-03-13 00:00:00,0,NULL,CRE,,NULL,2181
10683,52539INV,648.48,648.48,USD,ACH3-16-20,2020-03-16 00:00:00,2020-03-16 00:00:00,0,NULL,CRE,,NULL,2182
10684,52585,3724.84,3724.84,USD,CK 28423,2020-03-23 00:00:00,2020-03-23 00:00:00,0,NULL,CRE,,NULL,2183
10685,52605,10175.6,10175.6,USD,CK 101047,2020-03-23 00:00:00,2020-03-23 00:00:00,0,NULL,CRE,,NULL,2184
10686,52573,1883,1883,USD,CK 101047,2020-03-23 00:00:00,2020-03-23 00:00:00,0,NULL,CRE,,NULL,2184
10687,52586,2503.6,2503.6,USD,CK 683973,2020-03-23 00:00:00,2020-03-23 00:00:00,0,NULL,CRE,,NULL,2185
10688,52596,2185,2185,USD,CK 683973,2020-03-23 00:00:00,2020-03-23 00:00:00,0,NULL,CRE,,NULL,2185
10689,52589,3523.2,3523.2,USD,CK 683973,2020-03-23 00:00:00,2020-03-23 00:00:00,0,NULL,CRE,,NULL,2185
10690,52618,4767.9,4767.9,USD,CK 385637,2020-03-25 00:00:00,2020-03-25 00:00:00,0,NULL,CRE,,NULL,2186
10691,52595,2276.4,2276.4,USD,CK 684331,2020-03-25 00:00:00,2020-03-25 00:00:00,0,NULL,CRE,,NULL,2187
10692,52641,4753.8,4753.8,USD,ACH03-27-20,2020-03-27 00:00:00,2020-03-27 00:00:00,0,NULL,CRE,,NULL,2188
10693,52588,2535.92,2535.92,USD,CK 28489,2020-03-30 00:00:00,2020-03-30 00:00:00,0,NULL,CRE,,NULL,2189
10694,52608,9171.8,9171.8,USD,CK 9595,2020-03-30 00:00:00,2020-03-30 00:00:00,0,NULL,CRE,,NULL,2190
10695,52678,2654.4,2654.4,USD,ACH04-01-20,2020-04-01 00:00:00,2020-04-01 00:00:00,0,NULL,CRE,,NULL,2191
10696,52474,3448.8,3448.8,USD,CK 2305,2020-04-02 00:00:00,2020-04-02 00:00:00,0,NULL,CRE,,NULL,2192
10697,52587,1575.94,1575.94,USD,CK 684592,2020-04-02 00:00:00,2020-04-02 00:00:00,0,NULL,CRE,,NULL,2193
10698,52590,2309.12,2309.12,USD,CK 684592,2020-04-02 00:00:00,2020-04-02 00:00:00,0,NULL,CRE,,NULL,2193
10699,52579,2318.04,2318.04,USD,CK 684592,2020-04-02 00:00:00,2020-04-02 00:00:00,0,NULL,CRE,,NULL,2193
10700,52580,2041.84,2041.84,USD,CK 684592,2020-04-02 00:00:00,2020-04-02 00:00:00,0,NULL,CRE,,NULL,2193
10701,52548,7526.01,7526.01,USD,WIR04-02-20,2020-04-02 00:00:00,2020-04-02 00:00:00,0,NULL,CRE,,NULL,2194
10702,52655,2422.25,2422.25,USD,WIR04-02-20,2020-04-02 00:00:00,2020-04-02 00:00:00,0,NULL,CRE,,NULL,2194
10703,52643,1704.42,1704.42,USD,ACH04-06-20,2020-04-06 00:00:00,2020-04-06 00:00:00,0,NULL,CRE,,NULL,2195
10704,52648,2090.45,2090.45,USD,ACH04-06-20,2020-04-06 00:00:00,2020-04-06 00:00:00,0,NULL,CRE,,NULL,2195
10705,52654,1257.85,1257.85,USD,ACH04-06-20,2020-04-06 00:00:00,2020-04-06 00:00:00,0,NULL,CRE,,NULL,2195
10706,52644,1033.58,1033.58,USD,ACH04-06-20,2020-04-06 00:00:00,2020-04-06 00:00:00,0,NULL,CRE,,NULL,2195
10707,52664,1436.29,1436.29,USD,ACH04-06-20,2020-04-06 00:00:00,2020-04-06 00:00:00,0,NULL,CRE,,NULL,2195
10708,52645,1821.66,1821.66,USD,ACH04-06-20,2020-04-06 00:00:00,2020-04-06 00:00:00,0,NULL,CRE,,NULL,2195
10709,52656,1645,1645,USD,ACH04-06-20,2020-04-06 00:00:00,2020-04-06 00:00:00,0,NULL,CRE,,NULL,2195
10710,52549,9018.9,9018.9,USD,ACH04-07-20,2020-04-07 00:00:00,2020-04-07 00:00:00,0,NULL,CRE,,NULL,2196
10711,52581,4039.2,4039.2,USD,ACH04-07-20,2020-04-07 00:00:00,2020-04-07 00:00:00,0,NULL,CRE,,NULL,2196
10712,52494,7082.08,7082.08,USD,ACH04-07-20,2020-04-07 00:00:00,2020-04-07 00:00:00,0,NULL,CRE,,NULL,2196
10713,52730,598.8,598.8,USD,CK 25388,2020-04-07 00:00:00,2020-04-07 00:00:00,0,NULL,CRE,,NULL,2197
10714,52652,9387.22,9387.22,USD,CK 54414,2020-04-07 00:00:00,2020-04-07 00:00:00,0,NULL,CRE,,NULL,2198
10715,52583,5902.23,5902.23,USD,CK 24937,2020-04-07 00:00:00,2020-04-07 00:00:00,0,NULL,CRE,,NULL,2199
10716,52683,5911.36,5911.36,USD,CK 5033,2020-04-07 00:00:00,2020-04-07 00:00:00,0,NULL,CRE,,NULL,2200
10717,52681,7320.6,7320.6,USD,CK 3713,2020-04-07 00:00:00,2020-04-07 00:00:00,0,NULL,CRE,,NULL,2201
10718,52663,4020,4020,USD,CK 3713,2020-04-07 00:00:00,2020-04-07 00:00:00,0,NULL,CRE,,NULL,2201
10719,52481,7684.38,7684.38,USD,CK 3713,2020-04-07 00:00:00,2020-04-07 00:00:00,0,NULL,CRE,,NULL,2201
10720,52429,3451.4,3451.4,USD,CK 3713,2020-04-07 00:00:00,2020-04-07 00:00:00,0,NULL,CRE,,NULL,2201
10721,52673,4804.08,4804.08,USD,CK 714842,2020-04-07 00:00:00,2020-04-07 00:00:00,0,NULL,CRE,,NULL,2202
10722,52642,2830.08,2830.08,USD,CK 684887,2020-04-09 00:00:00,2020-04-09 00:00:00,0,NULL,CRE,,NULL,2203
10723,52672,3586.8,3586.8,USD,CK 684887,2020-04-09 00:00:00,2020-04-09 00:00:00,0,NULL,CRE,,NULL,2203
10724,52511,3330.1,3330.1,USD,CK 74947,2020-04-07 00:00:00,2020-04-07 00:00:00,0,NULL,CRE,,NULL,2204
10725,52526,1821.22,1821.22,USD,CK 74947,2020-04-07 00:00:00,2020-04-07 00:00:00,0,NULL,CRE,,NULL,2204
10726,52540,4473.26,4473.26,USD,CK 74947,2020-04-07 00:00:00,2020-04-07 00:00:00,0,NULL,CRE,,NULL,2204
10727,52543,3841.31,3841.31,USD,CK 74947,2020-04-07 00:00:00,2020-04-07 00:00:00,0,NULL,CRE,,NULL,2204
10728,52472,40.14,40.14,USD,OFFSET,2020-04-13 00:00:00,2020-04-13 18:55:56,0,0,OFF,,NULL,NULL
10729,52577,237.84,237.84,USD,OFFSET,2020-04-13 00:00:00,2020-04-13 18:56:16,0,0,OFF,,NULL,NULL
10730,52768,578,578,USD,ACH04-15-20,2020-04-15 00:00:00,2020-04-15 00:00:00,0,NULL,CRE,,NULL,2206
10731,52695,885.71,885.71,USD,CK 2325,2020-04-13 00:00:00,2020-04-13 00:00:00,0,NULL,CRE,,NULL,2207
10732,52601,745.89,745.89,USD,ck 101371,2020-04-15 00:00:00,2020-04-15 00:00:00,0,1062,UAC,,NULL,2208
10733,52622,2060,2060,USD,ck 101371,2020-04-15 00:00:00,2020-04-15 00:00:00,0,1062,UAC,,NULL,2208
10734,52650,2192.75,2192.75,USD,ck 101371,2020-04-15 00:00:00,2020-04-15 00:00:00,0,1062,UAC,,NULL,2208
10735,52658,3248.34,3248.34,USD,ck 101371,2020-04-15 00:00:00,2020-04-15 00:00:00,0,1062,UAC,,NULL,2208
10736,52527,3756.5,3756.5,USD,CK 74988,2020-04-17 00:00:00,2020-04-17 00:00:00,0,NULL,CRE,,NULL,2209
10737,52542,4307.38,4307.38,USD,CK 74988,2020-04-17 00:00:00,2020-04-17 00:00:00,0,NULL,CRE,,NULL,2209
10738,52559,2967.93,2967.93,USD,CK 74988,2020-04-17 00:00:00,2020-04-17 00:00:00,0,NULL,CRE,,NULL,2209
10739,52560,4382.84,4382.84,USD,CK 74988,2020-04-17 00:00:00,2020-04-17 00:00:00,0,NULL,CRE,,NULL,2209
10740,52550,2808.96,2808.96,USD,CK 74988,2020-04-17 00:00:00,2020-04-17 00:00:00,0,NULL,CRE,,NULL,2209
10741,52561,4884.44,4884.44,USD,CK 74988,2020-04-17 00:00:00,2020-04-17 00:00:00,0,NULL,CRE,,NULL,2209
10742,52557,4287.36,4287.36,USD,CK 74988,2020-04-17 00:00:00,2020-04-17 00:00:00,0,NULL,CRE,,NULL,2209
10743,52719,1151.99,1151.99,USD,CK 2339,2020-04-17 00:00:00,2020-04-17 00:00:00,0,NULL,CRE,,NULL,2210
10744,52582,10720.14,10720.14,USD,ACH4-20-20,2020-04-20 00:00:00,2020-04-20 00:00:00,0,NULL,CRE,,NULL,2211
10745,52534,1971.2,1971.2,USD,CK 685149,2020-04-17 00:00:00,2020-04-17 00:00:00,0,NULL,CRE,,NULL,2212
10746,52535,2195.2,2195.2,USD,CK 685149,2020-04-17 00:00:00,2020-04-17 00:00:00,0,NULL,CRE,,NULL,2212
10747,52666,2052.4,2052.4,USD,CK 685149,2020-04-17 00:00:00,2020-04-17 00:00:00,0,NULL,CRE,,NULL,2212
10748,52698,2782.6,2782.6,USD,CK 685149,2020-04-17 00:00:00,2020-04-17 00:00:00,0,NULL,CRE,,NULL,2212
10749,52602,2200,2200,USD,CK 32747,2020-04-22 00:00:00,2020-04-22 00:00:00,0,NULL,CRE,,NULL,2213
10750,52653,2544,2544,USD,CK 17007,2020-04-22 00:00:00,2020-04-22 00:00:00,0,NULL,CRE,,NULL,2214
10751,52733,2109.06,2109.06,USD,CK 101603,2020-04-22 00:00:00,2020-04-22 00:00:00,0,NULL,CRE,,NULL,2215
10752,52734,1707.75,1707.75,USD,CK 101603,2020-04-22 00:00:00,2020-04-22 00:00:00,0,NULL,CRE,,NULL,2215
10753,52756,4842.2,4842.2,USD,CK 101603,2020-04-22 00:00:00,2020-04-22 00:00:00,0,NULL,CRE,,NULL,2215
10754,52621,1304.1,1304.1,USD,CK 101603,2020-04-22 00:00:00,2020-04-22 00:00:00,0,NULL,CRE,,NULL,2215
10755,52669,133.74,133.74,USD,CK 101603,2020-04-22 00:00:00,2020-04-22 00:00:00,0,NULL,CRE,,NULL,2215
10756,52694,2826.8,2826.8,USD,CK 101603,2020-04-22 00:00:00,2020-04-22 00:00:00,0,NULL,CRE,,NULL,2215
10757,52767,1787,1787,USD,CK 101603,2020-04-22 00:00:00,2020-04-22 00:00:00,0,NULL,CRE,,NULL,2215
10758,52817,1236.42,1236.42,USD,CK 101603,2020-04-22 00:00:00,2020-04-22 00:00:00,0,NULL,CRE,,NULL,2215
10759,52770,4261.4,4261.4,USD,CK 101603,2020-04-22 00:00:00,2020-04-22 00:00:00,0,NULL,CRE,,NULL,2215
10760,52693,7175.7,7175.7,USD,CK 3855,2020-04-24 00:00:00,2020-04-24 00:00:00,0,NULL,CRE,,NULL,2216
10761,52430,4132.6,4132.6,USD,CK 3918,2020-04-24 00:00:00,2020-04-24 00:00:00,0,NULL,CRE,,NULL,2217
10762,52697,3983.3,3983.3,USD,CK 9789,2020-04-24 00:00:00,2020-04-24 00:00:00,0,NULL,CRE,,NULL,2218
10763,52760,823.59,823.59,USD,CK 2347,2020-04-24 00:00:00,2020-04-24 00:00:00,0,NULL,CRE,,NULL,2219
10764,52702,2196.96,2196.96,USD,CK 685434,2020-04-24 00:00:00,2020-04-24 00:00:00,0,NULL,CRE,,NULL,2220
10765,52737,1912.08,1912.08,USD,CK 685434,2020-04-24 00:00:00,2020-04-24 00:00:00,0,NULL,CRE,,NULL,2220
10766,52700,1942.92,1942.92,USD,CK 685434,2020-04-24 00:00:00,2020-04-24 00:00:00,0,NULL,CRE,,NULL,2220
10767,52728,8980.4,8980.4,USD,CK 9630,2020-04-23 00:00:00,2020-04-23 00:00:00,0,NULL,CRE,,NULL,2221
10768,52692,9103.6,9103.6,USD,CK 9627,2020-04-23 00:00:00,2020-04-23 00:00:00,0,NULL,CRE,,NULL,2222
10769,52720,4065.28,4065.28,USD,CK 385920,2020-04-23 00:00:00,2020-04-23 00:00:00,0,NULL,CRE,,NULL,2223
10770,52448,2013.3,2013.3,USD,ACH04-20-20,2020-04-20 00:00:00,2020-04-20 00:00:00,0,NULL,CRE,,NULL,2224
10771,52658,1152.36,1152.36,USD,CK 101371,2020-04-28 00:00:00,2020-04-28 00:00:00,0,NULL,CRE,,NULL,2225
10772,52621,-1152.36,-1152.36,USD,CK 101371,2020-04-28 00:00:00,2020-04-28 00:00:00,0,NULL,CRE,,NULL,2225
10773,52603,5142,5142,USD,CK 109546,2020-04-29 00:00:00,2020-04-29 00:00:00,0,NULL,CRE,,NULL,2226
10774,52749,4304,4304,USD,CK 714951,2020-04-29 00:00:00,2020-04-29 00:00:00,0,NULL,CRE,,NULL,2227
10775,52727,4068,4068,USD,CK 26401,2020-04-29 00:00:00,2020-04-29 00:00:00,0,NULL,CRE,,NULL,2228
10776,52597,1592.64,1592.64,USD,CK 685862,2020-04-29 00:00:00,2020-04-29 00:00:00,0,NULL,CRE,,NULL,2229
10777,52699,1719.58,1719.58,USD,CK 685862,2020-04-29 00:00:00,2020-04-29 00:00:00,0,NULL,CRE,,NULL,2229
10778,52701,2035.82,2035.82,USD,CK 685862,2020-04-29 00:00:00,2020-04-29 00:00:00,0,NULL,CRE,,NULL,2229
10779,52703,2072.76,2072.76,USD,CK 685862,2020-04-29 00:00:00,2020-04-29 00:00:00,0,NULL,CRE,,NULL,2229
10780,52706,2165.76,2165.76,USD,CK 685862,2020-04-29 00:00:00,2020-04-29 00:00:00,0,NULL,CRE,,NULL,2229
10781,52711,2405.38,2405.38,USD,CK 685862,2020-04-29 00:00:00,2020-04-29 00:00:00,0,NULL,CRE,,NULL,2229
10782,52826,3087.6,3087.6,USD,CK 30233,2020-04-29 00:00:00,2020-04-29 00:00:00,0,NULL,CRE,,NULL,2230
10783,52616INV,2046.68,2046.68,USD,CK 2046.68,2020-04-29 00:00:00,2020-04-29 00:00:00,0,NULL,CRE,,NULL,2231
10784,52815,1552.5,1552.5,USD,ACH05-01-20,2020-05-01 00:00:00,2020-05-01 00:00:00,0,NULL,CRE,,NULL,2232
10785,52735,2321.25,2321.25,USD,ACH05-01-20,2020-05-01 00:00:00,2020-05-01 00:00:00,0,NULL,CRE,,NULL,2233
10786,52696,2271.5,2271.5,USD,WIR05-01-20,2020-05-01 00:00:00,2020-05-01 00:00:00,0,NULL,CRE,,NULL,2234
10787,52668,9288.9,9288.9,USD,WIR05-01-20,2020-05-01 00:00:00,2020-05-01 00:00:00,0,NULL,CRE,,NULL,2234
10788,52818,681.6,681.6,USD,ACH05-04-20,2020-05-04 00:00:00,2020-05-04 00:00:00,0,NULL,CRE,,NULL,2235
10789,52776,850.8,850.8,USD,CK 2361,2020-05-01 00:00:00,2020-05-01 00:00:00,0,NULL,CRE,,NULL,2236
10790,52483,7562.7,7562.7,USD,CK 3978,2020-05-01 00:00:00,2020-05-01 00:00:00,0,NULL,CRE,,NULL,2237
10791,52791,2510,2510,USD,CK 3978,2020-05-01 00:00:00,2020-05-01 00:00:00,0,NULL,CRE,,NULL,2237
10792,52773,3361.88,3361.88,USD,CK 3978,2020-05-01 00:00:00,2020-05-01 00:00:00,0,NULL,CRE,,NULL,2237
10793,52489,932,932,USD,CK 20846,2020-05-01 00:00:00,2020-05-01 00:00:00,0,NULL,CRE,,NULL,2238
10794,52660,2299.45,2299.45,USD,CK 41816,2020-05-01 00:00:00,2020-05-01 00:00:00,0,NULL,CRE,,NULL,2239
10795,52563,5083.32,5083.32,USD,CK 75080,2020-05-05 00:00:00,2020-05-05 00:00:00,0,NULL,CRE,,NULL,2240
10796,52606,4694.47,4694.47,USD,CK 75080,2020-05-05 00:00:00,2020-05-05 00:00:00,0,NULL,CRE,,NULL,2240
10797,52591,4378.44,4378.44,USD,CK 75080,2020-05-05 00:00:00,2020-05-05 00:00:00,0,NULL,CRE,,NULL,2240
10798,52602,2229,2229,USD,CK 32825,2020-05-06 00:00:00,2020-05-06 00:00:00,0,NULL,CRE,,NULL,2241
10799,52788,5216.16,5216.16,USD,CK 48067,2020-05-06 00:00:00,2020-05-06 00:00:00,0,NULL,CRE,,NULL,2242
10800,52765,2454.2,2454.2,USD,CK 358203,2020-05-06 00:00:00,2020-05-06 00:00:00,0,NULL,CRE,,NULL,2243
10801,52774,4611.2,4611.2,USD,CK 386057,2020-05-06 00:00:00,2020-05-06 00:00:00,0,NULL,CRE,,NULL,2244
10802,52708,2001,2001,USD,CK 686090,2020-05-06 00:00:00,2020-05-06 00:00:00,0,NULL,CRE,,NULL,2245
10803,52665,2101.12,2101.12,USD,CK 686090,2020-05-06 00:00:00,2020-05-06 00:00:00,0,NULL,CRE,,NULL,2245
10804,52707,1663.2,1663.2,USD,CK 686090,2020-05-06 00:00:00,2020-05-06 00:00:00,0,NULL,CRE,,NULL,2245
10805,52712,2453.44,2453.44,USD,CK 686090,2020-05-06 00:00:00,2020-05-06 00:00:00,0,NULL,CRE,,NULL,2245
10806,52598,1105.15,1105.15,USD,CK 686090,2020-05-06 00:00:00,2020-05-06 00:00:00,0,NULL,CRE,,NULL,2245
10807,52761,1469.82,1469.82,USD,CK 686090,2020-05-06 00:00:00,2020-05-06 00:00:00,0,NULL,CRE,,NULL,2245
10808,52657,141.05,141.05,USD,OFFSET,2020-05-07 00:00:00,2020-05-07 11:10:05,0,0,OFF,,NULL,NULL
10809,52762,7105.5,7105.5,USD,CK 4016,2020-05-07 00:00:00,2020-05-07 00:00:00,0,NULL,CRE,,NULL,2246
10810,52785,1807.2,1807.2,USD,ACH05-08-20,2020-05-08 00:00:00,2020-05-08 00:00:00,0,NULL,CRE,,NULL,2247
10811,52570,1506,1506,USD,ACJ05-11-20,2020-05-11 00:00:00,2020-05-11 00:00:00,0,NULL,CRE,,NULL,2248
10812,52789,710.04,710.04,USD,ACH05-08-20,2020-05-08 00:00:00,2020-05-08 00:00:00,0,NULL,CRE,,NULL,2249
10813,52853,3182.4,3182.4,USD,ACH05-08-20,2020-05-11 00:00:00,2020-05-11 00:00:00,0,1068,UAC,,NULL,2251
10814,52820,1459.2,1459.2,USD,CK 101937,2020-05-13 00:00:00,2020-05-13 00:00:00,0,NULL,CRE,,NULL,2252
10815,52775,4261.4,4261.4,USD,CK 386130,2020-05-13 00:00:00,2020-05-13 00:00:00,0,NULL,CRE,,NULL,2253
10816,52636,925.86,925.86,USD,CK 20879,2020-05-13 00:00:00,2020-05-13 00:00:00,0,NULL,CRE,,NULL,2254
10817,52539,50.4,50.4,USD,CK 10175,2020-05-13 00:00:00,2020-05-13 00:00:00,0,NULL,CRE,,NULL,2255
10818,52782,2537.52,2537.52,USD,ACH05-15-20,2020-05-15 00:00:00,2020-05-15 00:00:00,0,NULL,CRE,,NULL,2256
10819,52792,1993.2,1993.2,USD,CK 686358,2020-05-14 00:00:00,2020-05-14 00:00:00,0,NULL,CRE,,NULL,2257
10820,52779,1971.19,1971.19,USD,CK 686358,2020-05-14 00:00:00,2020-05-14 00:00:00,0,NULL,CRE,,NULL,2257
10821,52778,1870,1870,USD,CK 686358,2020-05-14 00:00:00,2020-05-14 00:00:00,0,NULL,CRE,,NULL,2257
10822,52783,2508.8,2508.8,USD,CK 686358,2020-05-14 00:00:00,2020-05-14 00:00:00,0,NULL,CRE,,NULL,2257
10823,52704,1668.64,1668.64,USD,CK 686358,2020-05-14 00:00:00,2020-05-14 00:00:00,0,NULL,CRE,,NULL,2257
10824,52777,1792,1792,USD,CK 686358,2020-05-14 00:00:00,2020-05-14 00:00:00,0,NULL,CRE,,NULL,2257
10825,52803,2994.71,2994.71,USD,CK 686358,2020-05-14 00:00:00,2020-05-14 00:00:00,0,NULL,CRE,,NULL,2257
10826,52780,1737.94,1737.94,USD,CK 686358,2020-05-14 00:00:00,2020-05-14 00:00:00,0,NULL,CRE,,NULL,2257
10827,52793,1141.92,1141.92,USD,CK 686358,2020-05-14 00:00:00,2020-05-14 00:00:00,0,NULL,CRE,,NULL,2257
10828,52816,4727.58,4727.58,USD,ACH05-20-20,2020-05-20 00:00:00,2020-05-20 00:00:00,0,NULL,CRE,,NULL,2258
10829,52799,1673.86,1673.86,USD,CK 686564,2020-05-20 00:00:00,2020-05-20 00:00:00,0,NULL,CRE,,NULL,2259
10830,52806,1899.08,1899.08,USD,CK 686564,2020-05-20 00:00:00,2020-05-20 00:00:00,0,NULL,CRE,,NULL,2259
10831,52599,1506.8,1506.8,USD,CK 686564,2020-05-20 00:00:00,2020-05-20 00:00:00,0,NULL,CRE,,NULL,2259
10832,52805,2082.6,2082.6,USD,CK 686564,2020-05-20 00:00:00,2020-05-20 00:00:00,0,NULL,CRE,,NULL,2259
10833,52804,659.38,659.38,USD,CK 686564,2020-05-20 00:00:00,2020-05-20 00:00:00,0,NULL,CRE,,NULL,2259
10834,52781,1907.08,1907.08,USD,CK 686564,2020-05-20 00:00:00,2020-05-20 00:00:00,0,NULL,CRE,,NULL,2259
10835,52810,2116.03,2116.03,USD,CK 686564,2020-05-20 00:00:00,2020-05-20 00:00:00,0,NULL,CRE,,NULL,2259
10836,52715,5229.77,5229.77,USD,CK 25110,2020-05-20 00:00:00,2020-05-20 00:00:00,0,NULL,CRE,,NULL,2260
10837,52553,4081.88,4081.88,USD,CK 075120,2020-05-20 00:00:00,2020-05-20 00:00:00,0,NULL,CRE,,NULL,2261
10838,52566,4420.57,4420.57,USD,CK 075120,2020-05-20 00:00:00,2020-05-20 00:00:00,0,NULL,CRE,,NULL,2261
10839,52623,4613.4,4613.4,USD,CK 075120,2020-05-20 00:00:00,2020-05-20 00:00:00,0,NULL,CRE,,NULL,2261
10840,52627,4272.95,4272.95,USD,CK 075120,2020-05-20 00:00:00,2020-05-20 00:00:00,0,NULL,CRE,,NULL,2261
10841,52625,4067.47,4067.47,USD,CK 075120,2020-05-20 00:00:00,2020-05-20 00:00:00,0,NULL,CRE,,NULL,2261
10842,52626,3939.76,3939.76,USD,CK 075120,2020-05-20 00:00:00,2020-05-20 00:00:00,0,NULL,CRE,,NULL,2261
10843,52629,3963.52,3963.52,USD,CK 075120,2020-05-20 00:00:00,2020-05-20 00:00:00,0,NULL,CRE,,NULL,2261
10844,52628,5046.47,5046.47,USD,CK 075120,2020-05-20 00:00:00,2020-05-20 00:00:00,0,NULL,CRE,,NULL,2261
10845,52630,4202.88,4202.88,USD,CK 075120,2020-05-20 00:00:00,2020-05-20 00:00:00,0,NULL,CRE,,NULL,2261
10846,52649,4433.1,4433.1,USD,CK 075120,2020-05-20 00:00:00,2020-05-20 00:00:00,0,NULL,CRE,,NULL,2261
10847,52427,4732.2,4732.2,USD,CK 075120,2020-05-20 00:00:00,2020-05-20 00:00:00,0,NULL,CRE,,NULL,2261
10848,52823,1472.08,1472.08,USD,CK 2381,2020-05-20 00:00:00,2020-05-20 00:00:00,0,NULL,CRE,,NULL,2262
10849,52845,772.16,772.16,USD,CK 2381,2020-05-20 00:00:00,2020-05-20 00:00:00,0,NULL,CRE,,NULL,2262
10850,52685,7554.8,7554.8,USD,CK 1003673,2020-05-20 00:00:00,2020-05-20 00:00:00,0,NULL,CRE,,NULL,2263
10851,52684,8864.24,8864.24,USD,CK 1003673,2020-05-20 00:00:00,2020-05-20 00:00:00,0,NULL,CRE,,NULL,2263
10852,52829,5080.8,5080.8,USD,CK 0386207,2020-05-20 00:00:00,2020-05-20 00:00:00,0,NULL,CRE,,NULL,2264
10853,52830,5128.8,5128.8,USD,CK 0386207,2020-05-20 00:00:00,2020-05-20 00:00:00,0,NULL,CRE,,NULL,2264
10854,52847,5973.4,5973.4,USD,CK 6965,2020-05-22 00:00:00,2020-05-22 00:00:00,0,NULL,CRE,,NULL,2265
10855,52482,7345.44,7345.44,USD,CK 4165,2020-05-22 00:00:00,2020-05-22 00:00:00,0,NULL,CRE,,NULL,2266
10856,52475,3986.4,3986.4,USD,CK 4165,2020-05-22 00:00:00,2020-05-22 00:00:00,0,NULL,CRE,,NULL,2266
10857,52369,4222.16,4222.16,USD,WIR05-22-20,2020-05-22 00:00:00,2020-05-22 00:00:00,0,NULL,CRE,,NULL,2267
10858,52787,6601.15,6601.15,USD,WIR05-22-20,2020-05-22 00:00:00,2020-05-22 00:00:00,0,NULL,CRE,,NULL,2267
10859,52846,3247.73,3247.73,USD,WIR05-22-20,2020-05-22 00:00:00,2020-05-22 00:00:00,0,NULL,CRE,,NULL,2267
10860,52851,1449.69,1449.69,USD,WIR05-22-20,2020-05-22 00:00:00,2020-05-22 00:00:00,0,NULL,CRE,,NULL,2267
10861,52898,762,762,USD,ACH05-27-20,2020-05-27 00:00:00,2020-05-27 00:00:00,0,NULL,CRE,,NULL,2268
10862,52825,5833.35,5833.35,USD,CK 174910,2020-05-26 00:00:00,2020-05-26 00:00:00,0,NULL,CRE,,NULL,2269
10863,52884,1997.8,1997.8,USD,CK 4220,2020-05-27 00:00:00,2020-05-27 00:00:00,0,NULL,CRE,,NULL,2270
10864,52651,1290.53,1290.53,USD,CK 20947,2020-05-27 00:00:00,2020-05-27 00:00:00,0,NULL,CRE,,NULL,2271
10865,52635,938.16,938.16,USD,CK 20947,2020-05-27 00:00:00,2020-05-27 00:00:00,0,NULL,CRE,,NULL,2271
10866,52634,1172.9,1172.9,USD,CK 20947,2020-05-27 00:00:00,2020-05-27 00:00:00,0,NULL,CRE,,NULL,2271
10867,52827,6375.6,6375.6,USD,CK 20000416,2020-05-27 00:00:00,2020-05-27 00:00:00,0,NULL,CRE,,NULL,2272
10868,52729,8984.8,8984.8,USD,CK 09700,2020-05-27 00:00:00,2020-05-27 00:00:00,0,NULL,CRE,,NULL,2273
10869,52831,3957.3,3957.3,USD,CK 0386269,2020-05-27 00:00:00,2020-05-27 00:00:00,0,NULL,CRE,,NULL,2274
10870,52832,1435.2,1435.2,USD,CK 686828,2020-05-27 00:00:00,2020-05-27 00:00:00,0,NULL,CRE,,NULL,2275
10871,52811,1929.6,1929.6,USD,CK 686828,2020-05-27 00:00:00,2020-05-27 00:00:00,0,NULL,CRE,,NULL,2275
10872,52835,1112.72,1112.72,USD,CK 686828,2020-05-27 00:00:00,2020-05-27 00:00:00,0,NULL,CRE,,NULL,2275
10873,52838,2277.8,2277.8,USD,CK 686828,2020-05-27 00:00:00,2020-05-27 00:00:00,0,NULL,CRE,,NULL,2275
10874,52837,2026.88,2026.88,USD,CK 686828,2020-05-27 00:00:00,2020-05-27 00:00:00,0,NULL,CRE,,NULL,2275
10875,52862,1239,1239,USD,CK 102094,2020-05-27 00:00:00,2020-05-27 00:00:00,0,NULL,CRE,,NULL,2276
10876,52861,1245.6,1245.6,USD,CK 102094,2020-05-27 00:00:00,2020-05-27 00:00:00,0,NULL,CRE,,NULL,2276
10877,52860,1257,1257,USD,CK 102094,2020-05-27 00:00:00,2020-05-27 00:00:00,0,NULL,CRE,,NULL,2276
10878,52876,1181.61,1181.61,USD,CK 102094,2020-05-27 00:00:00,2020-05-27 00:00:00,0,NULL,CRE,,NULL,2276
10879,52895,13811,13811,USD,CK 102094,2020-05-27 00:00:00,2020-05-27 00:00:00,0,NULL,CRE,,NULL,2276
10880,52892,1222.2,1222.2,USD,CK 102094,2020-05-27 00:00:00,2020-05-27 00:00:00,0,NULL,CRE,,NULL,2276
10881,52110INV,460.18,460.18,USD,ACH06-02-20,2020-06-02 00:00:00,2020-06-02 00:00:00,0,NULL,CRE,,NULL,2277
10882,52871,868,868,USD,CK 2400,2020-06-04 00:00:00,2020-06-04 00:00:00,0,NULL,CRE,,NULL,2278
10883,52828,6160,6160,USD,CK 20000427,2020-06-04 00:00:00,2020-06-04 00:00:00,0,NULL,CRE,,NULL,2279
10884,52428,4065.6,4065.6,USD,CK 075173,2020-06-04 00:00:00,2020-06-04 00:00:00,0,NULL,CRE,,NULL,2280
10885,52632,1504.02,1504.02,USD,CK 075173,2020-06-04 00:00:00,2020-06-04 00:00:00,0,NULL,CRE,,NULL,2280
10886,52688,4212.12,4212.12,USD,CK 075173,2020-06-04 00:00:00,2020-06-04 00:00:00,0,NULL,CRE,,NULL,2280
10887,52691,3896.42,3896.42,USD,CK 075173,2020-06-04 00:00:00,2020-06-04 00:00:00,0,NULL,CRE,,NULL,2280
10888,52717,4792.15,4792.15,USD,CK 075173,2020-06-04 00:00:00,2020-06-04 00:00:00,0,NULL,CRE,,NULL,2280
10889,52714,1705.55,1705.55,USD,CK 075173,2020-06-04 00:00:00,2020-06-04 00:00:00,0,NULL,CRE,,NULL,2280
10890,52840,1869.99,1869.99,USD,CK 687041,2020-06-04 00:00:00,2020-06-04 00:00:00,0,NULL,CRE,,NULL,2281
10891,52866,1973.58,1973.58,USD,CK 687041,2020-06-04 00:00:00,2020-06-04 00:00:00,0,NULL,CRE,,NULL,2281
10892,52807,1776.7,1776.7,USD,CK 687041,2020-06-04 00:00:00,2020-06-04 00:00:00,0,NULL,CRE,,NULL,2281
10893,52836,2245.2,2245.2,USD,CK 687041,2020-06-04 00:00:00,2020-06-04 00:00:00,0,NULL,CRE,,NULL,2281
10894,52839,2080.8,2080.8,USD,CK 687041,2020-06-04 00:00:00,2020-06-04 00:00:00,0,NULL,CRE,,NULL,2281
10895,52869,2119.4,2119.4,USD,CK 687041,2020-06-04 00:00:00,2020-06-04 00:00:00,0,NULL,CRE,,NULL,2281
10896,52856,684.49,684.49,USD,CK 687041,2020-06-04 00:00:00,2020-06-04 00:00:00,0,NULL,CRE,,NULL,2281
10897,52900,1557.28,1557.28,USD,CK 687041,2020-06-04 00:00:00,2020-06-04 00:00:00,0,NULL,CRE,,NULL,2281
10898,52885,2522,2522,USD,ACH06-05-20,2020-06-05 00:00:00,2020-06-05 00:00:00,0,NULL,CRE,,NULL,2282
10899,52748,5005,5005,USD,CK 5086,2020-06-09 00:00:00,2020-06-09 00:00:00,0,NULL,CRE,,NULL,2283
10900,52867,1929.24,1929.24,USD,CK 687341,2020-06-09 00:00:00,2020-06-09 00:00:00,0,NULL,CRE,,NULL,2284
10901,52891,2363.76,2363.76,USD,CK 687341,2020-06-09 00:00:00,2020-06-09 00:00:00,0,NULL,CRE,,NULL,2284
10902,52868,1756.92,1756.92,USD,CK 687341,2020-06-09 00:00:00,2020-06-09 00:00:00,0,NULL,CRE,,NULL,2284
10903,52889,2566.7,2566.7,USD,CK 687341,2020-06-09 00:00:00,2020-06-09 00:00:00,0,NULL,CRE,,NULL,2284
10904,52784,1302.4,1302.4,USD,CK 687341,2020-06-09 00:00:00,2020-06-09 00:00:00,0,NULL,CRE,,NULL,2284
10905,52893,1321.2,1321.2,USD,CK 687341,2020-06-09 00:00:00,2020-06-09 00:00:00,0,NULL,CRE,,NULL,2284
10906,52887,1596,1596,USD,CK 687341,2020-06-09 00:00:00,2020-06-09 00:00:00,0,NULL,CRE,,NULL,2284
10907,52888,1075,1075,USD,CK 687341,2020-06-09 00:00:00,2020-06-09 00:00:00,0,NULL,CRE,,NULL,2284
10908,52858,10382.31,10382.31,USD,ACH06-11-20,2020-06-11 00:00:00,2020-06-11 00:00:00,0,1069,UAC,,NULL,2286
10909,52855,11579.41,11579.41,USD,ACH06-11-20,2020-06-11 00:00:00,2020-06-11 00:00:00,0,1069,UAC,,NULL,2286
10910,52878,3148.2,3148.2,USD,ACH05-08-20,2020-06-12 00:00:00,2020-06-12 00:00:00,0,1068,UAC,,NULL,2287
10911,52897,3888.18,3888.18,USD,ACH05-08-20,2020-06-12 00:00:00,2020-06-12 00:00:00,0,1068,UAC,,NULL,2288
10912,52921,3832.2,3832.2,USD,ACH05-08-20,2020-06-12 00:00:00,2020-06-12 00:00:00,0,1068,UAC,,NULL,2289
10913,52923,3846.6,3846.6,USD,ACH05-08-20,2020-06-12 00:00:00,2020-06-12 00:00:00,0,1068,UAC,,NULL,2290
10914,52924,1954.8,1954.8,USD,ACH05-08-20,2020-06-12 00:00:00,2020-06-12 00:00:00,0,1068,UAC,,NULL,2291
10915,52594,12821.6,12821.6,USD,ACH06-12-20,2020-06-12 00:00:00,2020-06-12 00:00:00,0,NULL,CRE,,NULL,2292
10916,52857,282.3,282.3,USD,ACH06-12-20,2020-06-12 00:00:00,2020-06-12 00:00:00,0,NULL,CRE,,NULL,2293
10917,52852,6610.72,6610.72,USD,WIR06-12-20,2020-06-12 00:00:00,2020-06-12 00:00:00,0,NULL,CRE,,NULL,2294
10918,52854,2087.48,2087.48,USD,WIR06-12-20,2020-06-12 00:00:00,2020-06-12 00:00:00,0,NULL,CRE,,NULL,2294
10919,52848,1251.55,1251.55,USD,WIR06-12-20,2020-06-12 00:00:00,2020-06-12 00:00:00,0,NULL,CRE,,NULL,2294
10920,52824INV,860,860,USD,CK 004992,2020-06-25 00:00:00,2020-06-25 00:00:00,0,NULL,CRE,,NULL,2295
10921,52929,2574,2574,USD,CK 17401,2020-06-25 00:00:00,2020-06-25 00:00:00,0,NULL,CRE,,NULL,2296
10922,52894,4148.76,4148.76,USD,CK 48229,2020-06-25 00:00:00,2020-06-25 00:00:00,0,NULL,CRE,,NULL,2297
10923,52932,7502.4,7502.4,USD,CK 4412,2020-06-25 00:00:00,2020-06-25 00:00:00,0,NULL,CRE,,NULL,2298
10924,52935,2456,2456,USD,CK 4412,2020-06-25 00:00:00,2020-06-25 00:00:00,0,NULL,CRE,,NULL,2298
10925,52476,3652.6,3652.6,USD,CK 4412,2020-06-25 00:00:00,2020-06-25 00:00:00,0,NULL,CRE,,NULL,2298
10926,52927,3210.72,3210.72,USD,CK 4344,2020-06-25 00:00:00,2020-06-25 00:00:00,0,NULL,CRE,,NULL,2299
10927,52901,1318.8,1318.8,USD,CK 687910,2020-06-25 00:00:00,2020-06-25 00:00:00,0,NULL,CRE,,NULL,2300
10928,52710,548.28,548.28,USD,CK 687910,2020-06-25 00:00:00,2020-06-25 00:00:00,0,NULL,CRE,,NULL,2300
10929,52631,4939.66,4939.66,USD,CK 075238,2020-06-25 00:00:00,2020-06-25 00:00:00,0,NULL,CRE,,NULL,2301
10930,52722,4671.37,4671.37,USD,CK 075238,2020-06-25 00:00:00,2020-06-25 00:00:00,0,NULL,CRE,,NULL,2301
10931,52725,4334,4334,USD,CK 075238,2020-06-25 00:00:00,2020-06-25 00:00:00,0,NULL,CRE,,NULL,2301
10932,52841,782.1,782.1,USD,CK 687403,2020-06-25 00:00:00,2020-06-25 00:00:00,0,NULL,CRE,,NULL,2302
10933,52600,2139.6,2139.6,USD,CK 687403,2020-06-25 00:00:00,2020-06-25 00:00:00,0,NULL,CRE,,NULL,2302
10934,52890,1644,1644,USD,CK 687403,2020-06-25 00:00:00,2020-06-25 00:00:00,0,NULL,CRE,,NULL,2302
10935,52709,2466.6,2466.6,USD,CK 687403,2020-06-25 00:00:00,2020-06-25 00:00:00,0,NULL,CRE,,NULL,2302
10936,52930,2783.57,2783.57,USD,CK 102421,2020-06-25 00:00:00,2020-06-25 00:00:00,0,NULL,CRE,,NULL,2303
10937,52942,1779.3,1779.3,USD,CK 102421,2020-06-25 00:00:00,2020-06-25 00:00:00,0,NULL,CRE,,NULL,2303
10938,52870,2013.2,2013.2,USD,ACH06/26-20,2020-06-26 00:00:00,2020-06-26 00:00:00,0,NULL,CRE,,NULL,2304
10939,52937,3668.4,3668.4,USD,ACH05-08-20,2020-06-30 00:00:00,2020-06-30 00:00:00,0,1068,UAC,,NULL,2305
10940,52902,1228.8,1228.8,USD,CK 688203,2020-06-30 00:00:00,2020-06-30 00:00:00,0,NULL,CRE,,NULL,2306
10941,52985,4465.69,4465.69,USD,CK 37313,2020-06-30 00:00:00,2020-06-30 00:00:00,45.11,NULL,CRE,,NULL,2307
10942,52989,2941.78,2941.78,USD,CK 37313,2020-06-30 00:00:00,2020-06-30 00:00:00,29.72,NULL,CRE,,NULL,2307
10943,52718,12995.2,12995.2,USD,ACH07-03-20,2020-07-03 00:00:00,2020-07-03 00:00:00,0,NULL,CRE,,NULL,2308
10944,52920,10250.76,10250.76,USD,ACH07-03-20,2020-07-03 00:00:00,2020-07-03 00:00:00,0,NULL,CRE,,NULL,2309
10945,52859,9978.66,9978.66,USD,ACH07-03-20,2020-07-03 00:00:00,2020-07-03 00:00:00,0,NULL,CRE,,NULL,2310
10946,52710A,1747.8,1747.8,USD,ACH07-03-20,2020-07-06 00:00:00,2020-07-06 00:00:00,0,NULL,CRE,,NULL,2311
10947,52938,3967.56,3967.56,USD,ACH05-08-20,2020-07-07 00:00:00,2020-07-07 00:00:00,0,1068,UAC,,NULL,2312
10948,52973,3655.8,3655.8,USD,ACH05-08-20,2020-07-07 00:00:00,2020-07-07 00:00:00,0,1068,UAC,,NULL,2312
10949,52925,3747.6,3747.6,USD,ACH05-08-20,2020-07-07 00:00:00,2020-07-07 00:00:00,0,1068,UAC,,NULL,2312
10950,52716,255.5,255.5,USD,OFFSET,2020-07-08 00:00:00,2020-07-08 09:12:09,0,0,OFF,,NULL,NULL
10951,52604,59.85,59.85,USD,OFFSET,2020-07-10 00:00:00,2020-07-10 11:00:15,0,0,OFF,,NULL,NULL
10952,52936,83.4,83.4,USD,OFFSET,2020-07-10 00:00:00,2020-07-10 11:35:22,0,0,OFF,,NULL,NULL
10953,52537INV,2345,2345,USD,WIR07-10-20,2020-07-10 00:00:00,2020-07-10 00:00:00,0,NULL,CRE,,NULL,2313
10954,52940,7946.5,7946.5,USD,WIR07-10-20,2020-07-10 00:00:00,2020-07-10 00:00:00,0,NULL,CRE,,NULL,2313
10955,53004,4342.8,4342.8,USD,ACH07-14-20,2020-07-14 00:00:00,2020-07-14 00:00:00,0,NULL,CRE,,NULL,2314
10956,53034,3878.7,3878.7,USD,ACH07-14-20,2020-07-14 00:00:00,2020-07-14 00:00:00,0,NULL,CRE,,NULL,2314
10957,52950,4545,4545,USD,ACH07-20-20,2020-07-20 00:00:00,2020-07-20 00:00:00,0,NULL,CRE,,NULL,2315
10958,52963,5994,5994,USD,ACH07-20-20,2020-07-20 00:00:00,2020-07-20 00:00:00,0,NULL,CRE,,NULL,2315
10959,52945,1129.2,1129.2,USD,CK 9947,2020-07-20 00:00:00,2020-07-20 00:00:00,0,NULL,CRE,,NULL,2316
10960,52931,1152.8,1152.8,USD,CK 5465,2020-07-20 00:00:00,2020-07-20 00:00:00,0,NULL,CRE,,NULL,2317
10961,52984,4922.4,4922.4,USD,CK 037356,2020-07-20 00:00:00,2020-07-20 00:00:00,0,NULL,CRE,,NULL,2318
10962,52987,3692.3,3692.3,USD,CK 037356,2020-07-20 00:00:00,2020-07-20 00:00:00,37.3,NULL,CRE,,NULL,2318
10963,52988,3869.02,3869.02,USD,CK 037356,2020-07-20 00:00:00,2020-07-20 00:00:00,39.08,NULL,CRE,,NULL,2318
10964,52986,4340.95,4340.95,USD,CK 037356,2020-07-20 00:00:00,2020-07-20 00:00:00,43.85,NULL,CRE,,NULL,2318
10965,52453INV,1350,1350,USD,CK 47625,2020-07-20 00:00:00,2020-07-20 00:00:00,0,NULL,CRE,,NULL,2319
10966,52958,859.8,859.8,USD,CK 17507,2020-07-20 00:00:00,2020-07-20 00:00:00,0,NULL,CRE,,NULL,2320
10967,52956,7887.06,7887.06,USD,CK 4620,2020-07-20 00:00:00,2020-07-20 00:00:00,0,NULL,CRE,,NULL,2321
10968,52981,4012.2,4012.2,USD,CK 4620,2020-07-20 00:00:00,2020-07-20 00:00:00,0,NULL,CRE,,NULL,2321
10969,52908,1049.4,1049.4,USD,CK 688668,2020-07-20 00:00:00,2020-07-20 00:00:00,0,NULL,CRE,,NULL,2322
10970,52910,893.72,893.72,USD,CK 688668,2020-07-20 00:00:00,2020-07-20 00:00:00,0,NULL,CRE,,NULL,2322
10971,52905,1300.32,1300.32,USD,CK 688516,2020-07-20 00:00:00,2020-07-20 00:00:00,0,NULL,CRE,,NULL,2323
10972,52682,1160.96,1160.96,USD,CK 688516,2020-07-20 00:00:00,2020-07-20 00:00:00,0,NULL,CRE,,NULL,2323
10973,52909,1519.5,1519.5,USD,CK 688516,2020-07-20 00:00:00,2020-07-20 00:00:00,0,NULL,CRE,,NULL,2323
10974,52904,1578.96,1578.96,USD,CK 688516,2020-07-20 00:00:00,2020-07-20 00:00:00,0,NULL,CRE,,NULL,2323
10975,52906,1229.82,1229.82,USD,CK 688516,2020-07-20 00:00:00,2020-07-20 00:00:00,0,NULL,CRE,,NULL,2323
10976,52752,4741.55,4741.55,USD,CK 075300,2020-07-20 00:00:00,2020-07-20 00:00:00,0,NULL,CRE,,NULL,2324
10977,52689,3122.46,3122.46,USD,CK 075300,2020-07-20 00:00:00,2020-07-20 00:00:00,0,NULL,CRE,,NULL,2324
10978,52758,3230.81,3230.81,USD,CK 075300,2020-07-20 00:00:00,2020-07-20 00:00:00,0,NULL,CRE,,NULL,2324
10979,52751,4529.8,4529.8,USD,CK 075300,2020-07-20 00:00:00,2020-07-20 00:00:00,0,NULL,CRE,,NULL,2324
10980,52757,4366,4366,USD,CK 075300,2020-07-20 00:00:00,2020-07-20 00:00:00,0,NULL,CRE,,NULL,2324
10981,52764,4624.62,4624.62,USD,CK 075300,2020-07-20 00:00:00,2020-07-20 00:00:00,0,NULL,CRE,,NULL,2324
10982,52724,4774.22,4774.22,USD,CK 075300,2020-07-20 00:00:00,2020-07-20 00:00:00,0,NULL,CRE,,NULL,2324
10983,52953,606.24,606.24,USD,CK 2459,2020-07-20 00:00:00,2020-07-20 00:00:00,0,NULL,CRE,,NULL,2325
10984,52933,2584.75,2584.75,USD,CK 236809,2020-07-20 00:00:00,2020-07-20 00:00:00,0,NULL,CRE,,NULL,2326
10985,52510,2396.4,2396.4,USD,CK 1004,2020-07-20 00:00:00,2020-07-20 00:00:00,0,NULL,CRE,,NULL,2327
10986,52992,309.2,309.2,USD,OFFSET,2020-07-21 00:00:00,2020-07-21 14:29:49,0,0,OFF,,NULL,NULL
10987,52952,2196,2196,USD,CK 17556,2020-07-21 00:00:00,2020-07-21 00:00:00,0,NULL,CRE,,NULL,2328
10988,52991,1277.68,1277.68,USD,CK 2468,2020-07-21 00:00:00,2020-07-21 00:00:00,0,NULL,CRE,,NULL,2329
10989,52974,2364.6,2364.6,USD,CK 360879,2020-07-21 00:00:00,2020-07-21 00:00:00,0,NULL,CRE,,NULL,2330
10990,52913,1497.2,1497.2,USD,CK 689299,2020-07-21 00:00:00,2020-07-21 00:00:00,0,NULL,CRE,,NULL,2331
10991,52914,1872,1872,USD,CK 689299,2020-07-21 00:00:00,2020-07-21 00:00:00,0,NULL,CRE,,NULL,2331
10992,53001,7175.4,7175.4,USD,CK 102852,2020-07-22 00:00:00,2020-07-22 00:00:00,0,NULL,CRE,,NULL,2332
10993,53017,15280,15280,USD,CK 102852,2020-07-22 00:00:00,2020-07-22 00:00:00,0,NULL,CRE,,NULL,2332
10994,53018,2784.4,2784.4,USD,CK 102852,2020-07-22 00:00:00,2020-07-22 00:00:00,0,NULL,CRE,,NULL,2332
10995,53054,1786.95,1786.95,USD,CK 102852,2020-07-22 00:00:00,2020-07-22 00:00:00,0,NULL,CRE,,NULL,2332
10996,52993,2206.88,2206.88,USD,ACH07-24-20,2020-07-24 00:00:00,2020-07-24 00:00:00,0,NULL,CRE,,NULL,2333
10997,52970,1231.8,1231.8,USD,ACH07-24-20,2020-07-24 00:00:00,2020-07-24 00:00:00,0,NULL,CRE,,NULL,2334
10998,52971,1209.6,1209.6,USD,ACH07-24-20,2020-07-24 00:00:00,2020-07-24 00:00:00,0,NULL,CRE,,NULL,2334
10999,52972,1212,1212,USD,ACH07-24-20,2020-07-24 00:00:00,2020-07-24 00:00:00,0,NULL,CRE,,NULL,2334
11000,53063,4825.36,4825.36,USD,ACJ07-21-20,2020-07-21 00:00:00,2020-07-21 00:00:00,48.74,NULL,CRE,,NULL,2335
11001,53961INV,1175,1175,USD,ACH07-28-20,2020-07-28 00:00:00,2020-07-28 00:00:00,0,NULL,CRE,,NULL,2336
11002,52946,1434.24,1434.24,USD,CK 9963,2020-07-29 00:00:00,2020-07-29 00:00:00,0,NULL,CRE,,NULL,2337
11003,52947,1445.4,1445.4,USD,CK 9963,2020-07-29 00:00:00,2020-07-29 00:00:00,0,NULL,CRE,,NULL,2337
11004,53003,1165.04,1165.04,USD,CK 2482,2020-07-29 00:00:00,2020-07-29 00:00:00,0,NULL,CRE,,NULL,2338
11005,52747,3755.29,3755.29,USD,CK 075356,2020-07-29 00:00:00,2020-07-29 00:00:00,0,NULL,CRE,,NULL,2339
11006,52763,4801.94,4801.94,USD,CK 075356,2020-07-29 00:00:00,2020-07-29 00:00:00,0,NULL,CRE,,NULL,2339
11007,52769,4776.53,4776.53,USD,CK 075356,2020-07-29 00:00:00,2020-07-29 00:00:00,0,NULL,CRE,,NULL,2339
11008,52896,2635.57,2635.57,USD,CK 075356,2020-07-29 00:00:00,2020-07-29 00:00:00,0,NULL,CRE,,NULL,2339
11009,53051,3086.4,3086.4,USD,CK 104853,2020-07-29 00:00:00,2020-07-29 00:00:00,0,NULL,CRE,,NULL,2340
11010,53049,3259.2,3259.2,USD,CK 104853,2020-07-29 00:00:00,2020-07-29 00:00:00,0,NULL,CRE,,NULL,2340
11011,53032,1491.68,1491.68,USD,CK 104646,2020-07-29 00:00:00,2020-07-29 00:00:00,0,NULL,CRE,,NULL,2341
11012,52894,137.76,137.76,USD,CK 48415,2020-07-29 00:00:00,2020-07-29 00:00:00,0,NULL,CRE,,NULL,2342
11013,52999,4399.29,4399.29,USD,CK 48415,2020-07-29 00:00:00,2020-07-29 00:00:00,0,NULL,CRE,,NULL,2342
11014,52755,13380,13380,USD,CK 3437,2020-07-29 00:00:00,2020-07-29 00:00:00,0,NULL,CRE,,NULL,2343
11015,52961,-1600,-1600,USD,CK 3437,2020-07-29 00:00:00,2020-07-29 00:00:00,0,NULL,CRE,,NULL,2343
11016,52917,1134.22,1134.22,USD,CK 689358,2020-07-31 00:00:00,2020-07-31 00:00:00,0,1074,UAC,,NULL,2345
11017,52916,1499.68,1499.68,USD,CK 689358,2020-07-31 00:00:00,2020-07-31 00:00:00,0,1074,UAC,,NULL,2345
11018,52477,4142,4142,USD,CK 4839,2020-07-31 00:00:00,2020-07-31 00:00:00,0,NULL,CRE,,NULL,2346
11019,53009,1364.8,1364.8,USD,ACH07-31-20,2020-07-31 00:00:00,2020-07-31 00:00:00,0,NULL,CRE,,NULL,2347
11020,53056,-550,-550,USD,OFFSET,2020-08-03 00:00:00,2020-08-03 16:41:37,0,0,OFF,,NULL,NULL
11021,53046,5670,5670,USD,ACH08-05-20,2020-08-05 00:00:00,2020-08-05 00:00:00,0,NULL,CRE,,NULL,2348
11022,53097,3800.41,3800.41,USD,ACH08-04-20,2020-08-04 00:00:00,2020-08-04 00:00:00,38.39,NULL,CRE,,NULL,2349
11023,52759,7618.5,7618.5,USD,CK 4772,2020-08-07 00:00:00,2020-08-07 00:00:00,0,NULL,CRE,,NULL,2350
11024,52982,5182.8,5182.8,USD,CK 48461,2020-08-06 00:00:00,2020-08-06 00:00:00,0,NULL,CRE,,NULL,2351
11025,52955,2177.75,2177.75,USD,CK 237352,2020-08-06 00:00:00,2020-08-06 00:00:00,0,NULL,CRE,,NULL,2352
11026,52822INV,4575,4575,USD,CK 85316,2020-08-06 00:00:00,2020-08-06 00:00:00,0,NULL,CRE,,NULL,2353
11027,53050,3019.2,3019.2,USD,CK 104965,2020-08-06 00:00:00,2020-08-06 00:00:00,0,NULL,CRE,,NULL,2354
11028,53081,1624.8,1624.8,USD,CK 104965,2020-08-06 00:00:00,2020-08-06 00:00:00,0,NULL,CRE,,NULL,2354
11029,52979,-550,-550,USD,OFFSET,2020-08-07 00:00:00,2020-08-07 13:37:20,0,0,OFF,,NULL,NULL
11030,53023,522.25,522.25,USD,OFFSET,2020-08-07 00:00:00,2020-08-07 13:37:50,0,0,OFF,,NULL,NULL
11031,52941,1524.56,1524.56,USD,ACH0-10-20,2020-08-10 00:00:00,2020-08-10 00:00:00,0,NULL,CRE,,NULL,2355
11032,52939,2754.88,2754.88,USD,ACH0-10-20,2020-08-10 00:00:00,2020-08-10 00:00:00,0,NULL,CRE,,NULL,2355
11033,52960,1370.4,1370.4,USD,CK 689358,2020-08-12 00:00:00,2020-08-12 00:00:00,0,1074,UAC,,NULL,2356
11034,53033,1455.6,1455.6,USD,CK 105081,2020-08-14 00:00:00,2020-08-14 00:00:00,0,NULL,CRE,,NULL,2357
11035,53080,1582.02,1582.02,USD,CK 105081,2020-08-14 00:00:00,2020-08-14 00:00:00,0,NULL,CRE,,NULL,2357
11036,52911,1360.14,1360.14,USD,CK 689979,2020-08-14 00:00:00,2020-08-14 00:00:00,0,NULL,CRE,,NULL,2358
11037,52915,1499.68,1499.68,USD,CK 689979,2020-08-14 00:00:00,2020-08-14 00:00:00,0,NULL,CRE,,NULL,2358
11038,53028,1591.2,1591.2,USD,CK 689979,2020-08-14 00:00:00,2020-08-14 00:00:00,0,NULL,CRE,,NULL,2358
11039,52918,1858.12,1858.12,USD,CK 689979,2020-08-14 00:00:00,2020-08-14 00:00:00,0,NULL,CRE,,NULL,2358
11040,53026,1110.98,1110.98,USD,CK 689979,2020-08-14 00:00:00,2020-08-14 00:00:00,0,NULL,CRE,,NULL,2358
11041,52915,58.24,58.24,USD,CK 689358,2020-08-14 00:00:00,2020-08-14 00:00:00,0,1074,UAC,,NULL,2359
11042,52964,2847.86,2847.86,USD,WIR081420,2020-08-14 00:00:00,2020-08-14 00:00:00,0,NULL,CRE,,NULL,2360
11043,53006,7492.5,7492.5,USD,WIR081420,2020-08-14 00:00:00,2020-08-14 00:00:00,0,NULL,CRE,,NULL,2360
11044,53013,1763.31,1763.31,USD,WIR081420,2020-08-14 00:00:00,2020-08-14 00:00:00,0,NULL,CRE,,NULL,2360
11045,53143,3403.62,3403.62,USD,ACH081820,2020-08-18 00:00:00,2020-08-18 00:00:00,34.38,NULL,CRE,,NULL,2361
11046,53126,4721.45,4721.45,USD,ACH081820,2020-08-18 00:00:00,2020-08-18 00:00:00,47.65,NULL,CRE,,NULL,2361
11047,52949,3174.3,3174.3,USD,CK 075426,2020-08-19 00:00:00,2020-08-19 00:00:00,0,NULL,CRE,,NULL,2362
11048,53042,357.06,357.06,USD,CK 005006,2020-08-18 00:00:00,2020-08-18 00:00:00,0,NULL,CRE,,NULL,2363
11049,52980,-550,-550,USD,OFFSET,2020-08-19 00:00:00,2020-08-19 12:20:17,0,0,OFF,,NULL,NULL
11050,53020,3036.2,3036.2,USD,CK025098,2020-08-19 00:00:00,2020-08-19 00:00:00,0,NULL,CRE,,NULL,2364
11051,53038,1165.2,1165.2,USD,ACH082120,2020-08-21 00:00:00,2020-08-21 00:00:00,0,NULL,CRE,,NULL,2365
11052,53037,1250.4,1250.4,USD,ACH082120,2020-08-21 00:00:00,2020-08-21 00:00:00,0,NULL,CRE,,NULL,2365
11053,53039,7275.6,7275.6,USD,CK 5048,2020-08-21 00:00:00,2020-08-21 00:00:00,0,NULL,CRE,,NULL,2366
11054,52478,3495.2,3495.2,USD,CK 5048,2020-08-21 00:00:00,2020-08-21 00:00:00,0,NULL,CRE,,NULL,2366
11055,52957,7484.4,7484.4,USD,CK 5048,2020-08-21 00:00:00,2020-08-21 00:00:00,0,NULL,CRE,,NULL,2366
11056,53000,4145.75,4145.75,USD,CK 237772,2020-08-21 00:00:00,2020-08-21 00:00:00,0,NULL,CRE,,NULL,2367
11057,53100,2051.56,2051.56,USD,CK 103197,2020-08-21 00:00:00,2020-08-21 00:00:00,0,NULL,CRE,,NULL,2368
11058,53110,6304.05,6304.05,USD,CK 103197,2020-08-21 00:00:00,2020-08-21 00:00:00,0,NULL,CRE,,NULL,2368
11059,53129,1998.44,1998.44,USD,CK 103197,2020-08-21 00:00:00,2020-08-21 00:00:00,0,NULL,CRE,,NULL,2368
11060,53052,2673.44,2673.44,USD,CK 13393,2020-08-21 00:00:00,2020-08-21 00:00:00,0,NULL,CRE,,NULL,2369
11061,53111,1371.6,1371.6,USD,CK 105192,2020-08-21 00:00:00,2020-08-21 00:00:00,0,NULL,CRE,,NULL,2370
11062,53029,1804.98,1804.98,USD,CK 690593,2020-08-21 00:00:00,2020-08-21 00:00:00,0,NULL,CRE,,NULL,2371
11063,52983,10039.12,10039.12,USD,CK 81028,2020-08-24 00:00:00,2020-08-24 00:00:00,0,NULL,CRE,,NULL,2372
11064,53062,5539.94,5539.94,USD,CK 75553,2020-08-24 00:00:00,2020-08-24 00:00:00,0,NULL,CRE,,NULL,2373
11065,53002,5148,5148,USD,CK 5161,2020-08-24 00:00:00,2020-08-24 00:00:00,0,NULL,CRE,,NULL,2374
11066,52990,1663.65,1663.65,USD,CK 237989,2020-08-28 00:00:00,2020-08-28 00:00:00,0,NULL,CRE,,NULL,2375
11067,53075,2385.6,2385.6,USD,CK 361983,2020-08-31 00:00:00,2020-08-31 00:00:00,0,NULL,CRE,,NULL,2376
11068,53040,7533.9,7533.9,USD,CK 5113,2020-08-31 00:00:00,2020-08-31 00:00:00,0,NULL,CRE,,NULL,2377
11069,53106,1212.08,1212.08,USD,CK 105295,2020-08-28 00:00:00,2020-08-28 00:00:00,0,NULL,CRE,,NULL,2378
11070,53113,1488,1488,USD,CK 105295,2020-08-28 00:00:00,2020-08-28 00:00:00,0,NULL,CRE,,NULL,2378
11071,53128,1496.93,1496.93,USD,CK 105295,2020-08-28 00:00:00,2020-08-28 00:00:00,0,NULL,CRE,,NULL,2378
11072,53095,4742.9,4742.9,USD,CK 48566,2020-08-28 00:00:00,2020-08-28 00:00:00,0,NULL,CRE,,NULL,2379
11073,53096,3669.6,3669.6,USD,CK 13511667,2020-08-28 00:00:00,2020-08-28 00:00:00,0,NULL,CRE,,NULL,2380
11074,52922,3402.18,3402.18,USD,ACH05-08-20,2020-09-01 00:00:00,2020-09-01 00:00:00,0,1068,UAC,,NULL,2381
11075,53133,20658.85,20658.85,USD,691008,2020-09-01 00:00:00,2020-09-01 00:00:00,0,NULL,CRE,,NULL,2382
11076,53066,662.74,662.74,USD,CK 47925,2020-09-01 00:00:00,2020-09-01 00:00:00,0,NULL,CRE,,NULL,2383
11077,53083,772.07,772.07,USD,CK 47925,2020-09-01 00:00:00,2020-09-01 00:00:00,0,NULL,CRE,,NULL,2383
11078,53068,2122.2,2122.2,USD,CK 105409,2020-09-01 00:00:00,2020-09-01 00:00:00,0,NULL,CRE,,NULL,2384
11079,53070,2291.4,2291.4,USD,CK 105409,2020-09-01 00:00:00,2020-09-01 00:00:00,0,NULL,CRE,,NULL,2384
11080,53105,3205.35,3205.35,USD,CK 105409,2020-09-01 00:00:00,2020-09-01 00:00:00,0,NULL,CRE,,NULL,2384
11081,53071,2035.8,2035.8,USD,CK 105409,2020-09-01 00:00:00,2020-09-01 00:00:00,0,NULL,CRE,,NULL,2384
11082,53072,1980,1980,USD,CK 105409,2020-09-01 00:00:00,2020-09-01 00:00:00,0,NULL,CRE,,NULL,2384
11083,53061,8487.84,8487.84,USD,CK 105819,2020-09-01 00:00:00,2020-09-01 00:00:00,0,NULL,CRE,,NULL,2385
11084,52977,-550,-550,USD,OFFSET,2020-09-02 00:00:00,2020-09-02 11:17:20,0,0,OFF,,NULL,NULL
11085,53024,481.5,481.5,USD,OFFSET,2020-09-02 00:00:00,2020-09-02 11:18:04,0,0,OFF,,NULL,NULL
11086,52978,-550,-550,USD,OFFSET,2020-09-02 00:00:00,2020-09-02 11:24:58,0,0,OFF,,NULL,NULL
11087,53055,-550,-550,USD,OFFSET,2020-09-02 00:00:00,2020-09-02 11:25:14,0,0,OFF,,NULL,NULL
11088,53115,1793.4,1793.4,USD,WIR0-0420,2020-09-04 00:00:00,2020-09-04 00:00:00,0,NULL,CRE,,NULL,2386
11089,53087,7961.14,7961.14,USD,WIR0-0420,2020-09-04 00:00:00,2020-09-04 00:00:00,0,NULL,CRE,,NULL,2386
11090,53107,1400.42,1400.42,USD,CK 73359,2020-09-03 00:00:00,2020-09-03 00:00:00,0,NULL,CRE,,NULL,2387
11091,53025,855.28,855.28,USD,CK 691007,2020-09-08 00:00:00,2020-09-08 00:00:00,0,NULL,CRE,,NULL,2388
11092,51815A,208.2,208.2,USD,ACH0+1020,2020-09-10 00:00:00,2020-09-10 00:00:00,0,NULL,CRE,,NULL,2389
11093,53015,1117.45,1117.45,USD,CK 47959,2020-09-11 00:00:00,2020-09-11 00:00:00,0,NULL,CRE,,NULL,2390
11094,53101,970.54,970.54,USD,CK 47959,2020-09-11 00:00:00,2020-09-11 00:00:00,0,NULL,CRE,,NULL,2390
11095,52912,1426.03,1426.03,USD,CK 47959,2020-09-11 00:00:00,2020-09-11 00:00:00,0,NULL,CRE,,NULL,2390
11096,52962,2182.05,2182.05,USD,CK 075491,2020-09-11 00:00:00,2020-09-11 00:00:00,0,NULL,CRE,,NULL,2391
11097,52967,2206.35,2206.35,USD,CK 075491,2020-09-11 00:00:00,2020-09-11 00:00:00,0,NULL,CRE,,NULL,2391
11098,52969,3066.75,3066.75,USD,CK 075491,2020-09-11 00:00:00,2020-09-11 00:00:00,0,NULL,CRE,,NULL,2391
11099,53007,3248.63,3248.63,USD,CK 075491,2020-09-11 00:00:00,2020-09-11 00:00:00,0,NULL,CRE,,NULL,2391
11100,53008,2943.45,2943.45,USD,CK 075491,2020-09-11 00:00:00,2020-09-11 00:00:00,0,NULL,CRE,,NULL,2391
11101,53019,3147,3147,USD,CK 075491,2020-09-11 00:00:00,2020-09-11 00:00:00,0,NULL,CRE,,NULL,2391
11102,52968,3117.08,3117.08,USD,CK 075491,2020-09-11 00:00:00,2020-09-11 00:00:00,0,NULL,CRE,,NULL,2391
11103,53065,2204,2204,USD,CK 10183,2020-09-11 00:00:00,2020-09-11 00:00:00,0,1083,UAC,,NULL,2393
11104,53043,1364.4,1364.4,USD,CK 10183,2020-09-11 00:00:00,2020-09-11 00:00:00,0,1083,UAC,,NULL,2393
11105,53109,1101.43,1101.43,USD,CK 10183,2020-09-11 00:00:00,2020-09-11 00:00:00,0,1083,UAC,,NULL,2393
11106,53159,900,900,USD,CK 2273,2020-09-11 00:00:00,2020-09-11 00:00:00,0,NULL,CRE,,NULL,2394
11107,53198,1447.3,1447.3,USD,CK 105524,2020-09-11 00:00:00,2020-09-11 00:00:00,0,NULL,CRE,,NULL,2395
11108,53104,152.85,152.85,USD,OFFSET,2020-09-18 00:00:00,2020-09-18 11:41:04,0,0,OFF,,NULL,NULL
11109,53206,112.21,112.21,USD,OFFSET,2020-09-18 00:00:00,2020-09-18 11:41:23,0,0,OFF,,NULL,NULL
11110,53162CR,-100,-100,USD,OFFSET,2020-09-18 00:00:00,2020-09-18 11:41:44,0,0,OFF,,NULL,NULL
11111,53228,3734,3734,USD,WIR091820,2020-09-18 00:00:00,2020-09-18 00:00:00,0,NULL,CRE,,NULL,2397
11112,52738,4158.2,4158.2,USD,CK 5323,2020-09-21 00:00:00,2020-09-21 00:00:00,0,NULL,CRE,,NULL,2398
11113,53146,6189.65,6189.65,USD,CK 5323,2020-09-21 00:00:00,2020-09-21 00:00:00,0,NULL,CRE,,NULL,2398
11114,53152,3299.2,3299.2,USD,CK 5323,2020-09-21 00:00:00,2020-09-21 00:00:00,0,NULL,CRE,,NULL,2398
11115,52994,4450.6,4450.6,USD,CK 5184,2020-09-21 00:00:00,2020-09-21 00:00:00,0,NULL,CRE,,NULL,2399
11116,53226,406.75,406.75,USD,wir091120,2020-09-24 00:00:00,2020-09-24 00:00:00,0,1084,UAC,,NULL,2400
11117,53225,492,492,USD,wir091120,2020-09-24 00:00:00,2020-09-24 00:00:00,0,1084,UAC,,NULL,2400
11118,53102,1197.26,1197.26,USD,CK 48038,2020-09-24 00:00:00,2020-09-24 00:00:00,0,NULL,CRE,,NULL,2402
11119,53132,3372,3372,USD,CK 127069,2020-09-24 00:00:00,2020-09-24 00:00:00,0,NULL,CRE,,NULL,2403
11120,53157,3891.2,3891.2,USD,CK 103608,2020-09-24 00:00:00,2020-09-24 00:00:00,0,NULL,CRE,,NULL,2404
11121,53196,7725.53,7725.53,USD,CK 103608,2020-09-24 00:00:00,2020-09-24 00:00:00,0,NULL,CRE,,NULL,2404
11122,53167,2911.13,2911.13,USD,CK 103608,2020-09-24 00:00:00,2020-09-24 00:00:00,0,NULL,CRE,,NULL,2404
11123,53141,2146,2146,USD,CK 103608,2020-09-24 00:00:00,2020-09-24 00:00:00,0,NULL,CRE,,NULL,2404
11124,53168,2190,2190,USD,CK 103608,2020-09-24 00:00:00,2020-09-24 00:00:00,0,NULL,CRE,,NULL,2404
11125,53222,3666.5,3666.5,USD,CK 103608,2020-09-24 00:00:00,2020-09-24 00:00:00,0,NULL,CRE,,NULL,2404
11126,53233,2622.76,2622.76,USD,CK 103608,2020-09-24 00:00:00,2020-09-24 00:00:00,0,NULL,CRE,,NULL,2404
11127,53169,4951.9,4951.9,USD,CK 48683,2020-09-24 00:00:00,2020-09-24 00:00:00,0,NULL,CRE,,NULL,2405
11128,53096/53250,323.9,323.9,USD,CK 26754,2020-09-25 00:00:00,2020-09-25 00:00:00,0,NULL,CRE,,NULL,2406
11129,53103,878.14,878.14,USD,ACH092520,2020-09-25 00:00:00,2020-09-25 00:00:00,0,NULL,CRE,,NULL,2407
11130,53084,1812.14,1812.14,USD,CK 48000,2020-09-21 00:00:00,2020-09-21 00:00:00,0,NULL,CRE,,NULL,2408
11131,53119,889.83,889.83,USD,CK 48121,2020-10-01 00:00:00,2020-10-01 00:00:00,0,NULL,CRE,,NULL,2409
11132,52903,1684.16,1684.16,USD,CK 692617,2020-10-01 00:00:00,2020-10-01 00:00:00,0,NULL,CRE,,NULL,2410
11133,53160,1197.54,1197.54,USD,CK 692617,2020-10-01 00:00:00,2020-10-01 00:00:00,0,NULL,CRE,,NULL,2410
11134,53177,1157.84,1157.84,USD,CK 692617,2020-10-01 00:00:00,2020-10-01 00:00:00,0,NULL,CRE,,NULL,2410
11135,53197,4966.85,4966.85,USD,CK 48733,2020-10-01 00:00:00,2020-10-01 00:00:00,0,NULL,CRE,,NULL,2411
11136,53205,5284.48,5284.48,USD,CK 48733,2020-10-01 00:00:00,2020-10-01 00:00:00,0,NULL,CRE,,NULL,2411
11137,53171,808.5,808.5,USD,CK 2571,2020-10-01 00:00:00,2020-10-01 00:00:00,0,NULL,CRE,,NULL,2412
11138,53154,1801.8,1801.8,USD,ACH100220,2020-10-02 00:00:00,2020-10-02 00:00:00,0,NULL,CRE,,NULL,2413
11139,53144,5277,5277,USD,ACH100220,2020-10-02 00:00:00,2020-10-02 00:00:00,0,NULL,CRE,,NULL,2414
11140,53134,3652.8,3652.8,USD,CK 127214,2020-10-05 00:00:00,2020-10-05 00:00:00,0,NULL,CRE,,NULL,2417
11141,53216,3367.8,3367.8,USD,CK 127232,2020-10-05 00:00:00,2020-10-05 00:00:00,0,NULL,CRE,,NULL,2418
11142,53029,128.64,128.64,USD,CK 690593,2020-08-21 00:00:00,2020-08-21 00:00:00,0,NULL,CRE,,NULL,2419
11143,52960INV,171.3,171.3,USD,ACH100720,2020-10-07 00:00:00,2020-10-07 00:00:00,0,NULL,CRE,,NULL,2420
11144,53139,2413.52,2413.52,USD,ACH100720,2020-10-08 00:00:00,2020-10-08 00:00:00,0,NULL,CRE,,NULL,2421
11145,52979INV,650,650,USD,ACH10080,2020-10-08 00:00:00,2020-10-08 00:00:00,0,NULL,CRE,,NULL,2422
11146,52980INV,650,650,USD,ACH10080,2020-10-08 00:00:00,2020-10-08 00:00:00,0,NULL,CRE,,NULL,2422
11147,52977INV,650,650,USD,ACH10080,2020-10-08 00:00:00,2020-10-08 00:00:00,0,NULL,CRE,,NULL,2422
11148,52978INV,650,650,USD,ACH10080,2020-10-08 00:00:00,2020-10-08 00:00:00,0,NULL,CRE,,NULL,2422
11149,53055INV,650,650,USD,ACH10080,2020-10-08 00:00:00,2020-10-08 00:00:00,0,NULL,CRE,,NULL,2422
11150,53056INV,650,650,USD,ACH10080,2020-10-08 00:00:00,2020-10-08 00:00:00,0,NULL,CRE,,NULL,2422
11151,52677,750,750,USD,52677,2020-10-08 00:00:00,2020-10-08 00:00:00,0,NULL,CRE,,NULL,2423
11152,52731,-750,-750,USD,52677,2020-10-08 00:00:00,2020-10-08 00:00:00,0,NULL,CRE,,NULL,2423
11153,53203,100,100,USD,53308,2020-10-08 00:00:00,2020-10-08 00:00:00,0,NULL,CRE,,NULL,2424
11154,53308,-100,-100,USD,53308,2020-10-08 00:00:00,2020-10-08 00:00:00,0,NULL,CRE,,NULL,2424
11155,53067,2034,2034,USD,ACH100920,2020-10-09 00:00:00,2020-10-09 00:00:00,0,NULL,CRE,,NULL,2425
11156,53156,1572.2,1572.2,USD,ACH100920,2020-10-09 00:00:00,2020-10-09 00:00:00,0,NULL,CRE,,NULL,2425
11157,53155,1753.5,1753.5,USD,ACH100920,2020-10-09 00:00:00,2020-10-09 00:00:00,0,NULL,CRE,,NULL,2425
11158,53219,1137.39,1137.39,USD,ACH100920,2020-10-09 00:00:00,2020-10-09 00:00:00,0,NULL,CRE,,NULL,2425
11159,53211,1180,1180,USD,CK 692720,2020-10-14 00:00:00,2020-10-14 00:00:00,0,NULL,CRE,,NULL,2426
11160,53178,1386.38,1386.38,USD,CK 692720,2020-10-14 00:00:00,2020-10-14 00:00:00,0,NULL,CRE,,NULL,2426
11161,53058,3403.5,3403.5,USD,CK 075556,2020-10-14 00:00:00,2020-10-14 00:00:00,0,NULL,CRE,,NULL,2428
11162,53047,2892.45,2892.45,USD,CK 075556,2020-10-14 00:00:00,2020-10-14 00:00:00,0,NULL,CRE,,NULL,2428
11163,53079,1246.7,1246.7,USD,CK 075556,2020-10-14 00:00:00,2020-10-14 00:00:00,0,NULL,CRE,,NULL,2428
11164,53074,3386.16,3386.16,USD,CK 075556,2020-10-14 00:00:00,2020-10-14 00:00:00,0,NULL,CRE,,NULL,2428
11165,53059,3456.72,3456.72,USD,CK 075556,2020-10-14 00:00:00,2020-10-14 00:00:00,0,NULL,CRE,,NULL,2428
11166,53064,526.97,526.97,USD,CK 075556,2020-10-14 00:00:00,2020-10-14 00:00:00,0,NULL,CRE,,NULL,2428
11167,53073,2815.02,2815.02,USD,CK 075556,2020-10-14 00:00:00,2020-10-14 00:00:00,0,NULL,CRE,,NULL,2428
11168,52740,4469.2,4469.2,USD,CK 5531,2020-10-14 00:00:00,2020-10-14 00:00:00,0,NULL,CRE,,NULL,2429
11169,53139,920.62,920.62,USD,ACH101620,2020-10-16 00:00:00,2020-10-16 00:00:00,0,NULL,CRE,,NULL,2430
11170,53229,708.64,708.64,USD,CK 2305,2020-10-15 00:00:00,2020-10-15 00:00:00,0,NULL,CRE,,NULL,2431
11171,53218,1938.13,1938.13,USD,CK 693354,2020-10-15 00:00:00,2020-10-15 00:00:00,0,NULL,CRE,,NULL,2432
11172,53214,4140.4,4140.4,USD,CK 1016114,2020-10-15 00:00:00,2020-10-15 00:00:00,0,NULL,CRE,,NULL,2433
11173,53145,775.24,775.24,USD,CK 106086,2020-10-15 00:00:00,2020-10-15 00:00:00,0,NULL,CRE,,NULL,2434
11174,53258,3140,3140,USD,CK 106086,2020-10-15 00:00:00,2020-10-15 00:00:00,0,NULL,CRE,,NULL,2434
11175,53112,898.72,898.72,USD,CK 48225,2020-10-20 00:00:00,2020-10-20 00:00:00,0,NULL,CRE,,NULL,2435
11176,53131,4892,4892,USD,CK 5212,2020-10-20 00:00:00,2020-10-20 00:00:00,0,NULL,CRE,,NULL,2436
11177,53170,768.74,768.74,USD,CK 2602,2020-10-20 00:00:00,2020-10-20 00:00:00,0,NULL,CRE,,NULL,2437
11178,53259,2927,2927,USD,CK 106202,2020-10-20 00:00:00,2020-10-20 00:00:00,0,NULL,CRE,,NULL,2438
11179,53217,4257,4257,USD,ACH102020,2020-10-20 00:00:00,2020-10-20 00:00:00,43,NULL,CRE,,NULL,2439
11180,53311,2970.79,2970.79,USD,ACH102020,2020-10-20 00:00:00,2020-10-20 00:00:00,30.01,NULL,CRE,,NULL,2439
11181,53222,876,876,USD,53199,2020-10-21 00:00:00,2020-10-21 00:00:00,0,NULL,CRE,,NULL,2440
11182,53199,-876,-876,USD,53199,2020-10-21 00:00:00,2020-10-21 00:00:00,0,NULL,CRE,,NULL,2440
11183,53222,1000,1000,USD,53200,2020-10-21 00:00:00,2020-10-21 00:00:00,0,NULL,CRE,,NULL,2441
11184,53200,-1000,-1000,USD,53200,2020-10-21 00:00:00,2020-10-21 00:00:00,0,NULL,CRE,,NULL,2441
11185,53147,7616.7,7616.7,USD,CK 5557,2020-10-03 00:00:00,2020-10-03 00:00:00,0,NULL,CRE,,NULL,2442
11186,53220,3707.12,3707.12,USD,CK 0387676,2020-10-23 00:00:00,2020-10-23 00:00:00,0,NULL,CRE,,NULL,2443
11187,53246,5124,5124,USD,CK 104032,2020-10-26 00:00:00,2020-10-26 00:00:00,0,NULL,CRE,,NULL,2444
11188,53255,13427.6,13427.6,USD,CK 104032,2020-10-26 00:00:00,2020-10-26 00:00:00,0,NULL,CRE,,NULL,2444
11189,53236,2294.6,2294.6,USD,CK 104032,2020-10-26 00:00:00,2020-10-26 00:00:00,0,NULL,CRE,,NULL,2444
11190,53265,5859,5859,USD,CK 104032,2020-10-26 00:00:00,2020-10-26 00:00:00,0,NULL,CRE,,NULL,2444
11191,53257,3745.8,3745.8,USD,CK 104032,2020-10-26 00:00:00,2020-10-26 00:00:00,0,NULL,CRE,,NULL,2444
11192,53239,23323.7,23323.7,USD,ACH102320,2020-10-23 00:00:00,2020-10-23 00:00:00,0,NULL,CRE,,NULL,2445
11193,53163A,-250,-250,USD,53163A,2020-10-28 00:00:00,2020-10-28 00:00:00,0,NULL,CRE,,NULL,2446
11194,53222,250,250,USD,53163A,2020-10-28 00:00:00,2020-10-28 00:00:00,0,NULL,CRE,,NULL,2446
11195,53291,2972.8,2972.8,USD,ACH05-08-20,2020-10-29 00:00:00,2020-10-29 00:00:00,0,1068,UAC,,NULL,2447
11196,53235,4820.8,4820.8,USD,CK 0387747,2020-10-29 00:00:00,2020-10-29 00:00:00,0,NULL,CRE,,NULL,2448
11197,53176,2305.98,2305.98,USD,CK 694092,2020-11-05 00:00:00,2020-11-05 00:00:00,0,NULL,CRE,,NULL,2449
11198,53204,2117.18,2117.18,USD,CK 694092,2020-11-05 00:00:00,2020-11-05 00:00:00,0,NULL,CRE,,NULL,2449
11199,53179,1668.3,1668.3,USD,CK 694092,2020-11-05 00:00:00,2020-11-05 00:00:00,0,NULL,CRE,,NULL,2449
11200,53180,1850,1850,USD,CK 694092,2020-11-05 00:00:00,2020-11-05 00:00:00,0,NULL,CRE,,NULL,2449
11201,53230,10718,10718,USD,CK 8205,2020-11-05 00:00:00,2020-11-05 00:00:00,0,NULL,CRE,,NULL,2450
11202,52877INV,590,590,USD,CK 694205,2020-11-05 00:00:00,2020-11-05 00:00:00,0,NULL,CRE,,NULL,2451
11203,53181,1471.08,1471.08,USD,CK 694205,2020-11-05 00:00:00,2020-11-05 00:00:00,0,NULL,CRE,,NULL,2451
11204,53182,1636.14,1636.14,USD,CK 694205,2020-11-05 00:00:00,2020-11-05 00:00:00,0,NULL,CRE,,NULL,2451
11205,53251,1692.79,1692.79,USD,CK 694205,2020-11-05 00:00:00,2020-11-05 00:00:00,0,NULL,CRE,,NULL,2451
11206,53241,1470.75,1470.75,USD,ACH110620,2020-11-06 00:00:00,2020-11-06 00:00:00,0,NULL,CRE,,NULL,2452
11207,52739,4158.2,4158.2,USD,CK 5730,2020-11-06 00:00:00,2020-11-06 00:00:00,0,NULL,CRE,,NULL,2453
11208,53256,5607,5607,USD,CK 48862,2020-11-06 00:00:00,2020-11-06 00:00:00,0,NULL,CRE,,NULL,2454
11209,53238,4665.8,4665.8,USD,CK 0387820,2020-11-06 00:00:00,2020-11-06 00:00:00,0,NULL,CRE,,NULL,2455
11210,53195,1805.7,1805.7,USD,ACH110920,2020-11-09 00:00:00,2020-11-09 00:00:00,0,NULL,CRE,,NULL,2456
11211,53273,4184,4184,USD,ACH111020,2020-11-10 00:00:00,2020-11-10 00:00:00,0,NULL,CRE,,NULL,2457
11212,53231,10799.25,10799.25,USD,CK 8251,2020-11-11 00:00:00,2020-11-11 00:00:00,0,NULL,CRE,,NULL,2458
11213,53010,1733.76,1733.76,USD,CK 10475,2020-11-11 00:00:00,2020-11-11 00:00:00,0,NULL,CRE,,NULL,2459
11214,53274,3952,3952,USD,CK 5792,2020-11-11 00:00:00,2020-11-11 00:00:00,0,NULL,CRE,,NULL,2460
11215,53282,2318.4,2318.4,USD,CK 5792,2020-11-11 00:00:00,2020-11-11 00:00:00,0,NULL,CRE,,NULL,2460
11216,53253,4940.6,4940.6,USD,ACH111320,2020-11-13 00:00:00,2020-11-13 00:00:00,0,NULL,CRE,,NULL,2461
11217,53293,1798.5,1798.5,USD,ACH111320,2020-11-13 00:00:00,2020-11-13 00:00:00,0,NULL,CRE,,NULL,2462
11218,53305,1782,1782,USD,ACH111320,2020-11-13 00:00:00,2020-11-13 00:00:00,0,NULL,CRE,,NULL,2462
11219,53183,1487.55,1487.55,USD,CK 694616,2020-11-16 00:00:00,2020-11-16 00:00:00,0,NULL,CRE,,NULL,2463
11220,53252,1733.78,1733.78,USD,CK 694616,2020-11-16 00:00:00,2020-11-16 00:00:00,0,NULL,CRE,,NULL,2463
11221,53283,1879.92,1879.92,USD,CK 694616,2020-11-16 00:00:00,2020-11-16 00:00:00,0,NULL,CRE,,NULL,2463
11222,53184,2090.4,2090.4,USD,CK 694616,2020-11-16 00:00:00,2020-11-16 00:00:00,0,NULL,CRE,,NULL,2463
11223,52741,3599.8,3599.8,USD,CK 5854,2020-11-16 00:00:00,2020-11-16 00:00:00,0,NULL,CRE,,NULL,2464
11224,53309,4084,4084,USD,CK 5854,2020-11-16 00:00:00,2020-11-16 00:00:00,0,NULL,CRE,,NULL,2464
11225,53244,6788.61,6788.61,USD,ck 016136,2020-11-16 00:00:00,2020-11-16 00:00:00,0,1091,UAC,,NULL,2467
11226,53339,4830.8,4830.8,USD,ACH111720,2020-11-17 00:00:00,2020-11-17 00:00:00,48.8,NULL,CRE,,NULL,2468
11227,53331,3174.37,3174.37,USD,ACH112020,2020-11-20 00:00:00,2020-11-20 00:00:00,0,1094,UAC,,NULL,2470
11228,53306,1883.25,1883.25,USD,ACH112020,2020-11-20 00:00:00,2020-11-20 00:00:00,0,NULL,CRE,,NULL,2471
11229,53297,871.28,871.28,USD,CK 2338,2020-11-23 00:00:00,2020-11-23 00:00:00,0,NULL,CRE,,NULL,2473
11230,53301,16976.2,16976.2,USD,CK 104368,2020-11-23 00:00:00,2020-11-23 00:00:00,0,NULL,CRE,,NULL,2474
11231,53320,4028,4028,USD,CK 104368,2020-11-23 00:00:00,2020-11-23 00:00:00,0,NULL,CRE,,NULL,2474
11232,53310,7459.2,7459.2,USD,CK 104368,2020-11-23 00:00:00,2020-11-23 00:00:00,0,NULL,CRE,,NULL,2474
11233,53298,3114.2,3114.2,USD,CK 104368,2020-11-23 00:00:00,2020-11-23 00:00:00,0,NULL,CRE,,NULL,2474
11234,53321,1852.2,1852.2,USD,CK 104368,2020-11-23 00:00:00,2020-11-23 00:00:00,0,NULL,CRE,,NULL,2474
11235,53232,1486.8,1486.8,USD,WIR112020,2020-11-23 00:00:00,2020-11-23 00:00:00,0,1095,UAC,,NULL,2475
11236,53224,68.96,68.96,USD,WIR112020,2020-11-23 00:00:00,2020-11-23 00:00:00,0,1095,UAC,,NULL,2475
11237,52976,3156.84,3156.84,USD,WIR112020,2020-11-23 00:00:00,2020-11-23 00:00:00,0,1095,UAC,,NULL,2475
11238,53302,1916.82,1916.82,USD,WIR112020,2020-11-23 00:00:00,2020-11-23 00:00:00,0,1095,UAC,,NULL,2475
11239,53338,8435.49,8435.49,USD,WIR112020,2020-11-23 00:00:00,2020-11-23 00:00:00,0,1095,UAC,,NULL,2475
11240,53337,8845.2,8845.2,USD,WIR112020,2020-11-23 00:00:00,2020-11-23 00:00:00,0,1095,UAC,,NULL,2475
11241,53240,875.68,875.68,USD,CK 48427,2020-11-23 00:00:00,2020-11-23 00:00:00,0,NULL,CRE,,NULL,2476
11242,53304,599.36,599.36,USD,CK 106672,2020-11-23 00:00:00,2020-11-23 00:00:00,0,NULL,CRE,,NULL,2477
11243,53300,2794.8,2794.8,USD,CK 694902,2020-11-23 00:00:00,2020-11-23 00:00:00,0,NULL,CRE,,NULL,2478
11244,53254,3351,3351,USD,ACH112420,2020-11-25 00:00:00,2020-11-25 00:00:00,0,1096,UAC,,NULL,2480
11245,53332,7528,7528,USD,ACH112420,2020-11-25 00:00:00,2020-11-25 00:00:00,0,1096,UAC,,NULL,2480
11246,53307,1739.25,1739.25,USD,ACH112720,2020-11-30 00:00:00,2020-11-30 00:00:00,0,1097,UAC,,NULL,2482
11247,53328,1952.25,1952.25,USD,ACH112720,2020-11-30 00:00:00,2020-11-30 00:00:00,0,1097,UAC,,NULL,2482
11248,53354,2794.18,2794.18,USD,ACH112720,2020-11-30 00:00:00,2020-11-30 00:00:00,0,1097,UAC,,NULL,2482
11249,53199INV,876,876,USD,CK 673513,2020-11-30 00:00:00,2020-11-30 00:00:00,0,NULL,CRE,,NULL,2483
11250,53199IN,1348.24,1348.24,USD,CK 673513,2020-11-30 00:00:00,2020-11-30 00:00:00,0,NULL,CRE,,NULL,2483
11251,53314,1007.4,1007.4,USD,CK 695593,2020-11-30 00:00:00,2020-11-30 00:00:00,0,NULL,CRE,,NULL,2484
11252,53313,1460.04,1460.04,USD,CK 695593,2020-11-30 00:00:00,2020-11-30 00:00:00,0,NULL,CRE,,NULL,2484
11253,53316,1749,1749,USD,CK 695593,2020-11-30 00:00:00,2020-11-30 00:00:00,0,NULL,CRE,,NULL,2484
11254,53189,2769.39,2769.39,USD,CK 075681,2020-11-30 00:00:00,2020-11-30 00:00:00,0,NULL,CRE,,NULL,2485
11255,53212,3475.65,3475.65,USD,CK 075681,2020-11-30 00:00:00,2020-11-30 00:00:00,0,NULL,CRE,,NULL,2485
11256,53215,2723.97,2723.97,USD,CK 075681,2020-11-30 00:00:00,2020-11-30 00:00:00,0,NULL,CRE,,NULL,2485
11257,53186,3002.2,3002.2,USD,CK 075681,2020-11-30 00:00:00,2020-11-30 00:00:00,0,NULL,CRE,,NULL,2485
11258,53213,3390.31,3390.31,USD,CK 075681,2020-11-30 00:00:00,2020-11-30 00:00:00,0,NULL,CRE,,NULL,2485
11259,53351,4536.77,4536.77,USD,ACH120120,2020-12-01 00:00:00,2020-12-01 00:00:00,45.83,NULL,CRE,,NULL,2486
11260,53364,4851,4851,USD,ACH120120,2020-12-01 00:00:00,2020-12-01 00:00:00,0,NULL,CRE,,NULL,2486
11261,53358,5775.84,5775.84,USD,CK 49037,2020-12-01 00:00:00,2020-12-01 00:00:00,0,NULL,CRE,,NULL,2488
11262,53378,5724,5724,USD,ACH120420,2020-12-04 00:00:00,2020-12-04 00:00:00,0,NULL,CRE,,NULL,2489
11263,53221,1218.53,1218.53,USD,ACH120420,2020-12-04 00:00:00,2020-12-04 00:00:00,0,NULL,CRE,,NULL,2490
11264,53327,1654.5,1654.5,USD,ACH120420,2020-12-04 00:00:00,2020-12-04 00:00:00,0,NULL,CRE,,NULL,2490
11265,53362,659.34,659.34,USD,ACH120420,2020-12-04 00:00:00,2020-12-04 00:00:00,0,NULL,CRE,,NULL,2490
11266,53359,1500,1500,USD,ACH120420,2020-12-04 00:00:00,2020-12-04 00:00:00,0,NULL,CRE,,NULL,2490
11267,53366,3761.8,3761.8,USD,CK 6041,2020-12-07 00:00:00,2020-12-07 00:00:00,0,NULL,CRE,,NULL,2491
11268,53260,3353,3353,USD,CK 106317,2020-10-27 00:00:00,2020-10-27 00:00:00,0,NULL,CRE,,NULL,2492
11269,53390,4351.64,4351.64,USD,ACH120820,2020-12-08 00:00:00,2020-12-08 00:00:00,43.96,NULL,CRE,,NULL,2493
11270,53336,2648.8,2648.8,USD,CK 107003,2020-12-10 00:00:00,2020-12-10 00:00:00,0,NULL,CRE,,NULL,2494
11271,53355,3326,3326,USD,CK 107003,2020-12-10 00:00:00,2020-12-10 00:00:00,0,NULL,CRE,,NULL,2494
11272,52975,3312.4,3312.4,USD,CK 107003,2020-12-10 00:00:00,2020-12-10 00:00:00,0,NULL,CRE,,NULL,2494
11273,53341,2260.26,2260.26,USD,CK 696366,2020-12-10 00:00:00,2020-12-10 00:00:00,0,NULL,CRE,,NULL,2495
11274,53318,1775.8,1775.8,USD,CK 696366,2020-12-10 00:00:00,2020-12-10 00:00:00,0,NULL,CRE,,NULL,2495
11275,53319,1707.16,1707.16,USD,CK 696366,2020-12-10 00:00:00,2020-12-10 00:00:00,0,NULL,CRE,,NULL,2495
11276,53317,1349.42,1349.42,USD,CK 696366,2020-12-10 00:00:00,2020-12-10 00:00:00,0,NULL,CRE,,NULL,2495
11277,53200INV,2060.38,2060.38,USD,CK 673816,2020-12-10 00:00:00,2020-12-10 00:00:00,0,NULL,CRE,,NULL,2496
11278,53353,23630.05,23630.05,USD,CK 696367,2020-12-10 00:00:00,2020-12-10 00:00:00,0,NULL,CRE,,NULL,2497
11279,53203,200.5,200.5,USD,10194,2020-12-10 00:00:00,2020-12-10 00:00:00,0,NULL,CRE,,NULL,2498
11280,10194,-200.5,-200.5,USD,10194,2020-12-10 00:00:00,2020-12-10 00:00:00,0,NULL,CRE,,NULL,2498
11281,53203,190.23,190.23,USD,10194A,2020-12-10 00:00:00,2020-12-10 00:00:00,0,NULL,CRE,,NULL,2499
11282,10194A,-190.23,-190.23,USD,10194A,2020-12-10 00:00:00,2020-12-10 00:00:00,0,NULL,CRE,,NULL,2499
11283,53416,10.27,10.27,USD,10194A,2020-12-10 00:00:00,2020-12-10 00:00:00,0,NULL,CRE,,NULL,2500
11284,10194A,-10.27,-10.27,USD,10194A,2020-12-10 00:00:00,2020-12-10 00:00:00,0,NULL,CRE,,NULL,2500
11285,53114,807.54,807.54,USD,CK 48303,2020-10-27 00:00:00,2020-10-27 00:00:00,0,NULL,CRE,,NULL,2501
11286,53352,5192.14,5192.14,USD,ACH121120,2020-12-11 00:00:00,2020-12-11 00:00:00,0,NULL,CRE,,NULL,2502
11287,53295,1898.25,1898.25,USD,ACH121120,2020-12-11 00:00:00,2020-12-11 00:00:00,0,NULL,CRE,,NULL,2503
11288,53294,1827.75,1827.75,USD,ACH121120,2020-12-11 00:00:00,2020-12-11 00:00:00,0,NULL,CRE,,NULL,2503
11289,53294,0.32,0.32,USD,ACH112720,2020-12-11 00:00:00,2020-12-11 00:00:00,0,1097,UAC,,NULL,2504
11290,53422,3134.14,3134.14,USD,ACH121520,2020-12-15 00:00:00,2020-12-15 00:00:00,31.66,NULL,CRE,,NULL,2506
11291,53348,3419,3419,USD,CK 5281,2020-12-15 00:00:00,2020-12-15 00:00:00,0,NULL,CRE,,NULL,2507
11292,53361,1872,1872,USD,CK 696889,2020-12-15 00:00:00,2020-12-15 00:00:00,0,NULL,CRE,,NULL,2508
11293,53382,4168.38,4168.38,USD,CK 2099,2020-12-15 00:00:00,2020-12-15 00:00:00,0,NULL,CRE,,NULL,2509
11294,53242,849.68,849.68,USD,CK 48601,2020-12-15 00:00:00,2020-12-15 00:00:00,0,NULL,CRE,,NULL,2510
11295,52311,4934.2,4934.2,USD,WIR121520,2020-12-16 00:00:00,2020-12-16 00:00:00,0,1100,UAC,,NULL,2512
11296,52312,6065.8,6065.8,USD,WIR121520,2020-12-16 00:00:00,2020-12-16 00:00:00,0,1100,UAC,,NULL,2512
11297,53009,200,200,USD,ACH121820,2020-12-18 00:00:00,2020-12-18 00:00:00,0,NULL,CRE,,NULL,2513
11298,53384,1712.25,1712.25,USD,ACH121820,2020-12-18 00:00:00,2020-12-18 00:00:00,0,NULL,CRE,,NULL,2513
11299,53385,1924.5,1924.5,USD,ACH121820,2020-12-18 00:00:00,2020-12-18 00:00:00,0,NULL,CRE,,NULL,2513
11300,53395,1893.75,1893.75,USD,ACH121820,2020-12-18 00:00:00,2020-12-18 00:00:00,0,NULL,CRE,,NULL,2513
11301,53470,600.08,600.08,USD,CK 48497,2020-12-21 00:00:00,2020-12-21 00:00:00,0,1098,UAC,,NULL,2514
11302,53380,9085,9085,USD,ACH122420,2020-12-24 00:00:00,2020-12-24 00:00:00,0,NULL,CRE,,NULL,2515
11303,53057,3689.42,3689.42,USD,CK 10096,2020-12-23 00:00:00,2020-12-23 00:00:00,0,NULL,CRE,,NULL,2516
11304,53382,487.5,487.5,USD,CK 2118,2020-12-24 00:00:00,2020-12-24 00:00:00,0,NULL,CRE,,NULL,2517
11305,53365,1727.8,1727.8,USD,CK 696996,2020-12-23 00:00:00,2020-12-23 00:00:00,0,NULL,CRE,,NULL,2518
11306,53342,2662.4,2662.4,USD,CK 696996,2020-12-23 00:00:00,2020-12-23 00:00:00,0,NULL,CRE,,NULL,2518
11307,53376,1909.2,1909.2,USD,CK 696996,2020-12-23 00:00:00,2020-12-23 00:00:00,0,NULL,CRE,,NULL,2518
11308,53418,7642.08,7642.08,USD,CK 6250,2020-12-23 00:00:00,2020-12-23 00:00:00,0,NULL,CRE,,NULL,2519
11309,53270,1356,1356,USD,CK 10994,2020-12-23 00:00:00,2020-12-23 00:00:00,0,NULL,CRE,,NULL,2520
11310,53394,2786,2786,USD,CK 6165,2020-12-23 00:00:00,2020-12-23 00:00:00,0,NULL,CRE,,NULL,2521
11311,53211INV,72.86,72.86,USD,CK 5596,2020-12-23 00:00:00,2020-12-23 00:00:00,0,NULL,CRE,,NULL,2522
11312,53199,-1348.24,-1348.24,USD, CK 104821,2020-12-30 00:00:00,2020-12-30 00:00:00,0,NULL,CRE,,NULL,2523
11313,53200,-1060.38,-1060.38,USD, CK 104821,2020-12-30 00:00:00,2020-12-30 00:00:00,0,NULL,CRE,,NULL,2523
11314,53377,8104,8104,USD, CK 104821,2020-12-30 00:00:00,2020-12-30 00:00:00,0,NULL,CRE,,NULL,2523
11315,53349,3391.2,3391.2,USD, CK 104821,2020-12-30 00:00:00,2020-12-30 00:00:00,0,NULL,CRE,,NULL,2523
11316,53386,2492.7,2492.7,USD, CK 104821,2020-12-30 00:00:00,2020-12-30 00:00:00,0,NULL,CRE,,NULL,2523
11317,53379,5526,5526,USD,ACH123120,2020-12-31 00:00:00,2020-12-31 00:00:00,0,NULL,CRE,,NULL,2524
11318,53315,1638.17,1638.17,USD,CK #697752,2021-01-04 00:00:00,2021-01-04 00:00:00,0,NULL,CRE,,NULL,2525
11319,53373,1749.86,1749.86,USD,CK #697752,2021-01-04 00:00:00,2021-01-04 00:00:00,0,NULL,CRE,,NULL,2525
11320,53400,2454.22,2454.22,USD,CK #697752,2021-01-04 00:00:00,2021-01-04 00:00:00,0,NULL,CRE,,NULL,2525
11321,53401,1640.73,1640.73,USD,CK #697752,2021-01-04 00:00:00,2021-01-04 00:00:00,0,NULL,CRE,,NULL,2525
11322,53456,2481.6,2481.6,USD,CK 105003,2021-01-07 00:00:00,2021-01-07 00:00:00,0,NULL,CRE,,NULL,2526
11323,53432,3198.6,3198.6,USD,CK 105003,2021-01-07 00:00:00,2021-01-07 00:00:00,0,NULL,CRE,,NULL,2526
11324,53343,2826.85,2826.85,USD,CK 697804,2021-01-07 00:00:00,2021-01-07 00:00:00,0,NULL,CRE,,NULL,2527
11325,53148,7642.08,7642.08,USD,CK 6305,2021-01-07 00:00:00,2021-01-07 00:00:00,0,NULL,CRE,,NULL,2528
11326,53367,3854.8,3854.8,USD,CK 6305,2021-01-07 00:00:00,2021-01-07 00:00:00,0,NULL,CRE,,NULL,2529
11327,53408,4440.8,4440.8,USD,CK 453159,2021-01-07 00:00:00,2021-01-07 00:00:00,0,NULL,CRE,,NULL,2530
11328,53410,3662.4,3662.4,USD,CK 453159,2021-01-07 00:00:00,2021-01-07 00:00:00,0,NULL,CRE,,NULL,2530
11329,53388,627.6,627.6,USD,CK 8456,2021-01-07 00:00:00,2021-01-07 00:00:00,0,NULL,CRE,,NULL,2531
11330,53421,6025.62,6025.62,USD,CK 49171,2021-01-07 00:00:00,2021-01-07 00:00:00,0,NULL,CRE,,NULL,2532
11331,53412,4650.78,4650.78,USD,ACH010821,2021-01-12 00:00:00,2021-01-12 00:00:00,0,1103,UAC,,NULL,2535
11332,53405,4287.2,4287.2,USD,ACH010821,2021-01-12 00:00:00,2021-01-12 00:00:00,0,1103,UAC,,NULL,2535
11333,53445,1757.6,1757.6,USD,CK 43180,2021-01-13 00:00:00,2021-01-13 00:00:00,0,NULL,CRE,,NULL,2536
11334,53406,884.32,884.32,USD,CK 2376,2021-01-13 00:00:00,2021-01-13 00:00:00,0,NULL,CRE,,NULL,2537
11335,53417,1467.36,1467.36,USD,CK 10103,2021-01-13 00:00:00,2021-01-13 00:00:00,0,NULL,CRE,,NULL,2538
11336,53345,2598.26,2598.26,USD,CK 698531,2021-01-13 00:00:00,2021-01-13 00:00:00,0,NULL,CRE,,NULL,2539
11337,53402,1762,1762,USD,CK 698531,2021-01-13 00:00:00,2021-01-13 00:00:00,0,NULL,CRE,,NULL,2539
11338,53437,2153.34,2153.34,USD,CK 10619,2021-01-19 00:00:00,2021-01-19 00:00:00,0,NULL,CRE,,NULL,2540
11339,53439,1518.44,1518.44,USD,CK 10619,2021-01-19 00:00:00,2021-01-19 00:00:00,0,NULL,CRE,,NULL,2540
11340,53436,1729.84,1729.84,USD,CK 10619,2021-01-19 00:00:00,2021-01-19 00:00:00,0,NULL,CRE,,NULL,2540
11341,53473,1593.2,1593.2,USD,CK 14060,2021-01-19 00:00:00,2021-01-19 00:00:00,0,NULL,CRE,,NULL,2541
11342,53447,7578,7578,USD,CK 6421,2021-01-19 00:00:00,2021-01-19 00:00:00,0,NULL,CRE,,NULL,2542
11343,53148,155.52,155.52,USD,CK 6450,2021-01-19 00:00:00,2021-01-19 00:00:00,0,NULL,CRE,,NULL,2543
11344,53450,8498.16,8498.16,USD,ACH011921,2021-01-19 00:00:00,2021-01-19 00:00:00,0,NULL,CRE,,NULL,2544
11345,53457,4761.11,4761.11,USD,ACH012021,2021-01-20 00:00:00,2021-01-20 00:00:00,48.09,NULL,CRE,,NULL,2545
11346,53292,3409.6,3409.6,USD,ACH05-08-20,2021-01-20 00:00:00,2021-01-20 00:00:00,0,1068,UAC,,NULL,2546
11347,53429,3325.84,3325.84,USD,ACH05-08-20,2021-01-20 00:00:00,2021-01-20 00:00:00,0,1068,UAC,,NULL,2547
11348,53430,2662.32,2662.32,USD,ACH05-08-20,2021-01-20 00:00:00,2021-01-20 00:00:00,0,1068,UAC,,NULL,2548
11349,53356,3275,3275,USD,CK 107668,2021-01-21 00:00:00,2021-01-21 00:00:00,0,NULL,CRE,,NULL,2549
11350,53357,1172.45,1172.45,USD,CK 107668,2021-01-21 00:00:00,2021-01-21 00:00:00,0,NULL,CRE,,NULL,2549
11351,53433,3304.8,3304.8,USD,CK 105278,2021-01-21 00:00:00,2021-01-21 00:00:00,0,NULL,CRE,,NULL,2550
11352,53419,1338.99,1338.99,USD,CK 698628,2021-01-21 00:00:00,2021-01-21 00:00:00,0,1104,UAC,,NULL,2552
11353,53454,1471.51,1471.51,USD,CK 698628,2021-01-21 00:00:00,2021-01-21 00:00:00,0,1104,UAC,,NULL,2552
11354,53431,1698.05,1698.05,USD,CK 698628,2021-01-21 00:00:00,2021-01-21 00:00:00,0,1104,UAC,,NULL,2552
11355,53434,598,598,USD,CK 9269,2021-01-21 00:00:00,2021-01-21 00:00:00,0,NULL,CRE,,NULL,2553
11356,53396,1851.75,1851.75,USD,ACH012221,2021-01-22 00:00:00,2021-01-22 00:00:00,0,NULL,CRE,,NULL,2554
11357,53397,2061,2061,USD,ACH012221,2021-01-22 00:00:00,2021-01-22 00:00:00,0,NULL,CRE,,NULL,2554
11358,53243,3290.9,3290.9,USD,CK 075857,2021-01-22 00:00:00,2021-01-22 00:00:00,0,NULL,CRE,,NULL,2555
11359,53245,3133.58,3133.58,USD,CK 075857,2021-01-22 00:00:00,2021-01-22 00:00:00,0,NULL,CRE,,NULL,2555
11360,53263,2577.83,2577.83,USD,CK 075857,2021-01-22 00:00:00,2021-01-22 00:00:00,0,NULL,CRE,,NULL,2555
11361,53289,1447.95,1447.95,USD,CK 075857,2021-01-22 00:00:00,2021-01-22 00:00:00,0,NULL,CRE,,NULL,2555
11362,53264,2527.95,2527.95,USD,CK 075857,2021-01-22 00:00:00,2021-01-22 00:00:00,0,NULL,CRE,,NULL,2555
11363,53268,3243.4,3243.4,USD,CK 075857,2021-01-22 00:00:00,2021-01-22 00:00:00,0,NULL,CRE,,NULL,2555
11364,53296,2806.87,2806.87,USD,CK 075857,2021-01-22 00:00:00,2021-01-22 00:00:00,0,NULL,CRE,,NULL,2555
11365,53329,4821.52,4821.52,USD,CK 075857,2021-01-22 00:00:00,2021-01-22 00:00:00,0,NULL,CRE,,NULL,2555
11366,53330,2473.5,2473.5,USD,CK 075857,2021-01-22 00:00:00,2021-01-22 00:00:00,0,NULL,CRE,,NULL,2555
11367,53344,2206.4,2206.4,USD,CK 698628,2021-01-25 00:00:00,2021-01-25 00:00:00,0,1104,UAC,,NULL,2556
11368,53346,2293.33,2293.33,USD,ACH012521,2021-01-25 00:00:00,2021-01-25 00:00:00,0,NULL,CRE,,NULL,2557
11369,53347,3222.05,3222.05,USD,ACH012521,2021-01-25 00:00:00,2021-01-25 00:00:00,0,NULL,CRE,,NULL,2557
11370,52311,512.8,512.8,USD,WIR012521,2021-01-25 00:00:00,2021-01-25 00:00:00,0,NULL,CRE,,NULL,2559
11371,52343,4092.4,4092.4,USD,WIR012521,2021-01-25 00:00:00,2021-01-25 00:00:00,0,NULL,CRE,,NULL,2559
11372,52393,4428,4428,USD,WIR012521,2021-01-25 00:00:00,2021-01-25 00:00:00,0,NULL,CRE,,NULL,2559
11373,52384,1966.8,1966.8,USD,WIR012521,2021-01-25 00:00:00,2021-01-25 00:00:00,0,NULL,CRE,,NULL,2559
11374,53448,6282,6282,USD,CK 6476,2021-01-26 00:00:00,2021-01-26 00:00:00,0,NULL,CRE,,NULL,2561
11375,52931INV,109.8,109.8,USD,CK 034010,2021-01-26 00:00:00,2021-01-26 00:00:00,0,NULL,CRE,,NULL,2562
11376,53485,1516.08,1516.08,USD,CK 11004,2021-01-28 00:00:00,2021-01-28 00:00:00,0,NULL,CRE,,NULL,2563
11377,53451,8731.2,8731.2,USD,CK 7110,2021-01-29 00:00:00,2021-01-29 00:00:00,0,NULL,CRE,,NULL,2564
11378,53326,2188.52,2188.52,USD,ACH05-08-20,2021-01-29 00:00:00,2021-01-29 00:00:00,0,1068,UAC,,NULL,2565
11379,53455,1846.46,1846.46,USD,CK 699281,2021-01-29 00:00:00,2021-01-29 00:00:00,0,NULL,CRE,,NULL,2566
11380,53427,2139.2,2139.2,USD,CK 699281,2021-01-29 00:00:00,2021-01-29 00:00:00,0,NULL,CRE,,NULL,2566
11381,53446,2200.38,2200.38,USD,CK 699281,2021-01-29 00:00:00,2021-01-29 00:00:00,0,NULL,CRE,,NULL,2566
11382,53462,1730.4,1730.4,USD,CK 699281,2021-01-29 00:00:00,2021-01-29 00:00:00,0,NULL,CRE,,NULL,2566
11383,53425,2519.9,2519.9,USD,CK 107804,2021-01-29 00:00:00,2021-01-29 00:00:00,0,NULL,CRE,,NULL,2567
11384,53521,680.8,680.8,USD,CK 8556,2021-01-29 00:00:00,2021-01-29 00:00:00,0,NULL,CRE,,NULL,2568
11385,53475,2013.2,2013.2,USD,CK 699429,2021-02-04 00:00:00,2021-02-04 00:00:00,0,NULL,CRE,,NULL,2569
11386,53524,1344,1344,USD,CK 43435,2021-02-04 00:00:00,2021-02-04 00:00:00,0,NULL,CRE,,NULL,2570
11387,53389,2449.2,2449.2,USD,WIR112420,2021-02-04 00:00:00,2021-02-04 00:00:00,0,1099,UAC,,NULL,2571
11388,52267,-133.6,-133.6,USD,OFFSET,2021-02-09 00:00:00,2021-02-09 13:29:54,0,0,OFF,,NULL,NULL
11389,53227,3415.5,3415.5,USD,ACH021021,2021-02-10 00:00:00,2021-02-10 00:00:00,0,NULL,CRE,,NULL,2572
11390,53426,240.03,240.03,USD,ACH021021,2021-02-10 00:00:00,2021-02-10 00:00:00,0,NULL,CRE,,NULL,2572
11391,53471,8406,8406,USD,ACH021021,2021-02-10 00:00:00,2021-02-10 00:00:00,0,NULL,CRE,,NULL,2572
11392,53486,877.6,877.6,USD,CK 2409,2021-02-12 00:00:00,2021-02-12 00:00:00,0,NULL,CRE,,NULL,2573
11393,53467,7615.36,7615.36,USD,ACH021221,2021-02-12 00:00:00,2021-02-12 00:00:00,0,NULL,CRE,,NULL,2574
11394,53518,1081,1081,USD,CK 43489,2021-02-12 00:00:00,2021-02-12 00:00:00,0,NULL,CRE,,NULL,2575
11395,53428,2031.12,2031.12,USD,CK 700169,2021-02-12 00:00:00,2021-02-12 00:00:00,0,NULL,CRE,,NULL,2576
11396,53479,2310.72,2310.72,USD,CK 700169,2021-02-12 00:00:00,2021-02-12 00:00:00,0,NULL,CRE,,NULL,2576
11397,53472,2410.8,2410.8,USD,CK 700169,2021-02-12 00:00:00,2021-02-12 00:00:00,0,NULL,CRE,,NULL,2576
11398,53493,521,521,USD,CK 6646,2021-02-12 00:00:00,2021-02-12 00:00:00,0,NULL,CRE,,NULL,2577
11399,53505,2912.8,2912.8,USD,ACH021621,2021-02-16 00:00:00,2021-02-16 00:00:00,0,NULL,CRE,,NULL,2578
11400,53488,2186.48,2186.48,USD,ACH021621,2021-02-16 00:00:00,2021-02-16 00:00:00,0,NULL,CRE,,NULL,2579
11401,53487,3497.6,3497.6,USD,ACH021621,2021-02-16 00:00:00,2021-02-16 00:00:00,0,NULL,CRE,,NULL,2580
11402,53326,1024.12,1024.12,USD,ACH021621,2021-02-16 00:00:00,2021-02-16 00:00:00,0,NULL,CRE,,NULL,2581
11403,53552,2152.5,2152.5,USD,CK 14143,2021-02-19 00:00:00,2021-02-19 00:00:00,0,NULL,CRE,,NULL,2582
11404,53551,2202.5,2202.5,USD,CK 14143,2021-02-19 00:00:00,2021-02-19 00:00:00,0,NULL,CRE,,NULL,2582
11405,53542,1066.5,1066.5,USD,CK 43534,2021-02-19 00:00:00,2021-02-19 00:00:00,0,NULL,CRE,,NULL,2583
11406,53435,586.74,586.74,USD,CK 10681,2021-02-19 00:00:00,2021-02-19 00:00:00,0,NULL,CRE,,NULL,2584
11407,53440,2508.24,2508.24,USD,CK 10681,2021-02-19 00:00:00,2021-02-19 00:00:00,0,NULL,CRE,,NULL,2584
11408,53442,1657.88,1657.88,USD,CK 10681,2021-02-19 00:00:00,2021-02-19 00:00:00,0,NULL,CRE,,NULL,2584
11409,53513,1843.24,1843.24,USD,CK 10681,2021-02-19 00:00:00,2021-02-19 00:00:00,0,NULL,CRE,,NULL,2584
11410,53443,1888.88,1888.88,USD,CK 10681,2021-02-19 00:00:00,2021-02-19 00:00:00,0,NULL,CRE,,NULL,2584
11411,53476,2279.4,2279.4,USD,CK 700548,2021-02-19 00:00:00,2021-02-19 00:00:00,0,NULL,CRE,,NULL,2585
11412,53478,2076,2076,USD,CK 700548,2021-02-19 00:00:00,2021-02-19 00:00:00,0,NULL,CRE,,NULL,2585
11413,53477,2037,2037,USD,CK 700548,2021-02-19 00:00:00,2021-02-19 00:00:00,0,NULL,CRE,,NULL,2585
11414,53489,3415.12,3415.12,USD,ACH022221,2021-02-22 00:00:00,2021-02-22 00:00:00,0,NULL,CRE,,NULL,2586
11415,53464,1690.5,1690.5,USD,ACH021921,2021-02-19 00:00:00,2021-02-19 00:00:00,0,NULL,CRE,,NULL,2587
11416,53423,1732.05,1732.05,USD,ACH021921,2021-02-19 00:00:00,2021-02-19 00:00:00,0,NULL,CRE,,NULL,2587
11417,53232,156.6,156.6,USD,WIR021921,2021-02-19 00:00:00,2021-02-19 00:00:00,0,NULL,CRE,,NULL,2588
11418,53372,2643.02,2643.02,USD,WIR021921,2021-02-19 00:00:00,2021-02-19 00:00:00,0,NULL,CRE,,NULL,2588
11419,53409,1920.42,1920.42,USD,WIR021921,2021-02-19 00:00:00,2021-02-19 00:00:00,0,NULL,CRE,,NULL,2588
11420,53424,9487.3,9487.3,USD,WIR021921,2021-02-19 00:00:00,2021-02-19 00:00:00,0,NULL,CRE,,NULL,2588
11421,53481,1573.2,1573.2,USD,WIR021921,2021-02-19 00:00:00,2021-02-19 00:00:00,0,NULL,CRE,,NULL,2588
11422,53469,8305.8,8305.8,USD,CK 76662,2021-02-23 00:00:00,2021-02-23 00:00:00,0,NULL,CRE,,NULL,2589
11423,53463,1966.86,1966.86,USD,CK 700985,2021-02-24 00:00:00,2021-02-24 00:00:00,0,NULL,CRE,,NULL,2590
11424,53494,1738.88,1738.88,USD,CK 700985,2021-02-24 00:00:00,2021-02-24 00:00:00,0,NULL,CRE,,NULL,2590
11425,53453,2231.5,2231.5,USD,CK 700985,2021-02-24 00:00:00,2021-02-24 00:00:00,0,NULL,CRE,,NULL,2590
11426,53480,1490.58,1490.58,USD,CK 700985,2021-02-24 00:00:00,2021-02-24 00:00:00,0,NULL,CRE,,NULL,2590
11427,53533,6125.25,6125.25,USD,CK 2160,2021-02-24 00:00:00,2021-02-24 00:00:00,0,NULL,CRE,,NULL,2591
11428,53532,6252,6252,USD,CK 2156,2021-02-24 00:00:00,2021-02-24 00:00:00,0,NULL,CRE,,NULL,2592
11429,53407,3972.4,3972.4,USD,CK 034045,2021-02-24 00:00:00,2021-02-24 00:00:00,0,NULL,CRE,,NULL,2593
11430,53560,1356.7,1356.7,USD,ACH022621,2021-02-26 00:00:00,2021-02-26 00:00:00,0,NULL,CRE,,NULL,2594
11431,53466,3097,3097,USD,CK 075968,2021-02-26 00:00:00,2021-02-26 00:00:00,0,NULL,CRE,,NULL,2595
11432,53474,7522.74,7522.74,USD,CK 6711,2021-02-26 00:00:00,2021-02-26 00:00:00,0,NULL,CRE,,NULL,2596
11433,53368,3894.2,3894.2,USD,CK 6711,2021-02-26 00:00:00,2021-02-26 00:00:00,0,NULL,CRE,,NULL,2596
11434,53517,7382.7,7382.7,USD,CK 6773,2021-02-26 00:00:00,2021-02-26 00:00:00,0,NULL,CRE,,NULL,2597
11435,53495,5880.45,5880.45,USD,CK 105687,2021-02-26 00:00:00,2021-02-26 00:00:00,0,NULL,CRE,,NULL,2598
11436,53512,8549.82,8549.82,USD,CK 105687,2021-02-26 00:00:00,2021-02-26 00:00:00,0,NULL,CRE,,NULL,2598
11437,53484,18166.54,18166.54,USD,CK 105687,2021-02-26 00:00:00,2021-02-26 00:00:00,0,NULL,CRE,,NULL,2598
11438,53553,5937,5937,USD,ACH03012021,2021-03-01 00:00:00,2021-03-01 00:00:00,0,NULL,CRE,,NULL,2599
11439,53543,6603.52,6603.52,USD,ACH030121,2021-03-01 00:00:00,2021-03-01 00:00:00,0,NULL,CRE,,NULL,2600
11440,53568,4287.4,4287.4,USD,ACH030521,2021-03-05 00:00:00,2021-03-05 00:00:00,0,NULL,CRE,,NULL,2601
11441,53507,667.5,667.5,USD,ACH030521,2021-03-05 00:00:00,2021-03-05 00:00:00,0,NULL,CRE,,NULL,2602
11442,53548,1892.8,1892.8,USD,ACH031021,2021-03-10 00:00:00,2021-03-10 00:00:00,0,NULL,CRE,,NULL,2603
11443,53537,12739.52,12739.52,USD,CHECK,2021-03-11 00:00:00,2021-03-11 00:00:00,0,NULL,CRE,,NULL,2604
11444,53589,6934.4,6934.4,USD,ACH031221,2021-03-12 00:00:00,2021-03-12 00:00:00,0,NULL,CRE,,NULL,2605
11445,53597,922.6,922.6,USD,ACH031221,2021-03-12 00:00:00,2021-03-12 00:00:00,0,NULL,CRE,,NULL,2606
11446,53496,1003.5,1003.5,USD,CK 1201,2021-03-12 00:00:00,2021-03-12 00:00:00,0,NULL,CRE,,NULL,2607
11447,53498,2298,2298,USD,CK 701799,2021-03-12 00:00:00,2021-03-12 00:00:00,0,NULL,CRE,,NULL,2608
11448,53510,2339.2,2339.2,USD,CK 701799,2021-03-12 00:00:00,2021-03-12 00:00:00,0,NULL,CRE,,NULL,2608
11449,53508,2131.92,2131.92,USD,CK 701414,2021-03-12 00:00:00,2021-03-12 00:00:00,0,NULL,CRE,,NULL,2609
11450,53509,2169,2169,USD,CK 701414,2021-03-12 00:00:00,2021-03-12 00:00:00,0,NULL,CRE,,NULL,2609
11451,53520,1421.56,1421.56,USD,CK 701414,2021-03-12 00:00:00,2021-03-12 00:00:00,0,NULL,CRE,,NULL,2609
11452,53528,2067.36,2067.36,USD,CK 701414,2021-03-12 00:00:00,2021-03-12 00:00:00,0,NULL,CRE,,NULL,2609
11453,53535,3735.4,3735.4,USD,CK 6831,2021-03-12 00:00:00,2021-03-12 00:00:00,0,NULL,CRE,,NULL,2610
11454,53621,3498.13,3498.13,USD,CK 8817,2021-03-12 00:00:00,2021-03-12 00:00:00,0,NULL,CRE,,NULL,2611
11455,53604,658.4,658.4,USD,CK 8824,2021-03-12 00:00:00,2021-03-12 00:00:00,0,NULL,CRE,,NULL,2612
11456,53519,7913.13,7913.13,USD,ACH031521,2021-03-15 00:00:00,2021-03-15 00:00:00,0,NULL,CRE,,NULL,2613
11457,53593,2203.88,2203.88,USD,ACH031521,2021-03-15 00:00:00,2021-03-15 00:00:00,0,NULL,CRE,,NULL,2614
11458,53506,8763.93,8763.93,USD,WIR031221,2021-03-12 00:00:00,2021-03-12 00:00:00,0,NULL,CRE,,NULL,2615
11459,53644,1979.32,1979.32,USD,WIR031221,2021-03-12 00:00:00,2021-03-12 00:00:00,0,NULL,CRE,,NULL,2615
11460,53522,4697.1,4697.1,USD,WIR031221,2021-03-12 00:00:00,2021-03-12 00:00:00,0,NULL,CRE,,NULL,2615
11461,53585,8566.36,8566.36,USD,CK 105953,2021-03-17 00:00:00,2021-03-17 00:00:00,0,NULL,CRE,,NULL,2616
11462,53511,2631.6,2631.6,USD,CK 702138,2021-03-17 00:00:00,2021-03-17 00:00:00,0,NULL,CRE,,NULL,2617
11463,53566,1380.4,1380.4,USD,CK 702138,2021-03-17 00:00:00,2021-03-17 00:00:00,0,NULL,CRE,,NULL,2617
11464,53562,2504.8,2504.8,USD,CK 702138,2021-03-17 00:00:00,2021-03-17 00:00:00,0,NULL,CRE,,NULL,2617
11465,53534,6020.25,6020.25,USD,CK 2166,2021-03-17 00:00:00,2021-03-17 00:00:00,0,NULL,CRE,,NULL,2618
11466,53492,3589.52,3589.52,USD,CK 9289,2021-03-17 00:00:00,2021-03-17 00:00:00,0,NULL,CRE,,NULL,2619
11467,53398,4886.4,4886.4,USD,ACH031721,2021-03-17 00:00:00,2021-03-17 00:00:00,0,NULL,CRE,,NULL,2620
11468,53592,3542.86,3542.86,USD,ACH031921,2021-03-19 00:00:00,2021-03-19 00:00:00,0,NULL,CRE,,NULL,2621
11469,53501,7750,7750,USD,CK 106179,2021-03-24 00:00:00,2021-03-24 00:00:00,0,NULL,CRE,,NULL,2622
11470,53590,3878,3878,USD,CK 106179,2021-03-24 00:00:00,2021-03-24 00:00:00,0,NULL,CRE,,NULL,2622
11471,53606,2885.93,2885.93,USD,CK 106179,2021-03-24 00:00:00,2021-03-24 00:00:00,0,NULL,CRE,,NULL,2622
11472,53564,2581.2,2581.2,USD,CK 702506,2021-03-24 00:00:00,2021-03-24 00:00:00,0,NULL,CRE,,NULL,2623
11473,53465,2318.71,2318.71,USD,CK 21891,2021-03-24 00:00:00,2021-03-24 00:00:00,0,NULL,CRE,,NULL,2624
11474,53272,2797.2,2797.2,USD,CK 108807,2021-03-24 00:00:00,2021-03-24 00:00:00,0,NULL,CRE,,NULL,2625
11475,53536,3601.2,3601.2,USD,CK 7040,2021-03-29 00:00:00,2021-03-29 00:00:00,0,NULL,CRE,,NULL,2626
11476,53633,11644.4,11644.4,USD,CK 4230,2021-03-29 00:00:00,2021-03-29 00:00:00,0,NULL,CRE,,NULL,2627
11477,53642,4464,4464,USD,ACH032621,2021-03-26 00:00:00,2021-03-26 00:00:00,0,NULL,CRE,,NULL,2628
11478,53611,3536,3536,USD,ACH032621,2021-03-26 00:00:00,2021-03-26 00:00:00,0,NULL,CRE,,NULL,2629
11479,53610,3825,3825,USD,ACH032621,2021-03-26 00:00:00,2021-03-26 00:00:00,0,NULL,CRE,,NULL,2629
11480,53545,1454.4,1454.4,USD,ACH032921,2021-03-29 00:00:00,2021-03-29 00:00:00,0,NULL,CRE,,NULL,2630
11481,53634,1714.86,1714.86,USD,ACH040221,2021-04-02 00:00:00,2021-04-02 00:00:00,0,NULL,CRE,,NULL,2631
11482,53581,3316.16,3316.16,USD,ACH040521,2021-04-06 00:00:00,2021-04-06 00:00:00,0,NULL,CRE,,NULL,2632
11483,53582,3528.24,3528.24,USD,ACH040521,2021-04-06 00:00:00,2021-04-06 00:00:00,0,NULL,CRE,,NULL,2633
11484,53650,733.54,733.54,USD,ACH040521,2021-04-05 00:00:00,2021-04-05 00:00:00,0,NULL,CRE,,NULL,2634
11485,53672,6021.46,6021.46,USD,WIR040921,2021-04-09 00:00:00,2021-04-09 00:00:00,0,NULL,CRE,,NULL,2635
11486,53646,15359.58,15359.58,USD,ACH040921,2021-04-09 00:00:00,2021-04-09 00:00:00,0,NULL,CRE,,NULL,2637
11487,53670CR,-3350,-3350,USD,ACH040921,2021-04-12 00:00:00,2021-04-12 00:00:00,0,1111,UAC,,NULL,2638
11488,53690,7161.6,7161.6,USD,ACH040921,2021-04-12 00:00:00,2021-04-12 00:00:00,0,1111,UAC,,NULL,2638
11489,53614,3804.43,3804.43,USD,ACH040921,2021-04-12 00:00:00,2021-04-12 00:00:00,0,1111,UAC,,NULL,2638
11490,53444,1843.24,1843.24,USD,CK 10768,2021-04-13 00:00:00,2021-04-13 00:00:00,0,NULL,CRE,,NULL,2639
11491,53596,894.64,894.64,USD,CK 2845,2021-04-13 00:00:00,2021-04-13 00:00:00,0,NULL,CRE,,NULL,2640
11492,53692,668,668,USD,CK 8960,2021-04-13 00:00:00,2021-04-13 00:00:00,0,NULL,CRE,,NULL,2641
11493,53569,5561.4,5561.4,USD,CK 70023,2021-04-12 00:00:00,2021-04-12 00:00:00,0,NULL,CRE,,NULL,2642
11494,53684,4107.3,4107.3,USD,CK 7153,2021-04-12 00:00:00,2021-04-12 00:00:00,0,NULL,CRE,,NULL,2643
11495,53696,12505.5,12505.5,USD,CK 4248,2021-04-12 00:00:00,2021-04-12 00:00:00,0,NULL,CRE,,NULL,2644
11496,53655,5161.6,5161.6,USD,CK 112981,2021-04-12 00:00:00,2021-04-12 00:00:00,0,NULL,CRE,,NULL,2645
11497,53636,1210.5,1210.5,USD,CK 703289,2021-04-12 00:00:00,2021-04-12 00:00:00,0,NULL,CRE,,NULL,2646
11498,53639,1224,1224,USD,CK 703289,2021-04-12 00:00:00,2021-04-12 00:00:00,0,NULL,CRE,,NULL,2646
11499,53640,1230.8,1230.8,USD,CK 703289,2021-04-12 00:00:00,2021-04-12 00:00:00,0,NULL,CRE,,NULL,2646
11500,53638,5061.42,5061.42,USD,CK 703289,2021-04-12 00:00:00,2021-04-12 00:00:00,0,NULL,CRE,,NULL,2646
11501,53637,5590.2,5590.2,USD,CK 703289,2021-04-12 00:00:00,2021-04-12 00:00:00,0,NULL,CRE,,NULL,2646
11502,53641,1072.7,1072.7,USD,CK 703289,2021-04-12 00:00:00,2021-04-12 00:00:00,0,NULL,CRE,,NULL,2646
11503,53587,2737,2737,USD,CK 703289,2021-04-12 00:00:00,2021-04-12 00:00:00,0,NULL,CRE,,NULL,2646
11504,53586,1999.3,1999.3,USD,CK 703289,2021-04-12 00:00:00,2021-04-12 00:00:00,0,NULL,CRE,,NULL,2646
11505,53591,12624,12624,USD,CK 060305,2021-04-12 00:00:00,2021-04-12 00:00:00,0,NULL,CRE,,NULL,2647
11506,53652,12339.2,12339.2,USD,CK 060305,2021-04-12 00:00:00,2021-04-12 00:00:00,0,NULL,CRE,,NULL,2647
11507,53607,11139.2,11139.2,USD,CK 060305,2021-04-12 00:00:00,2021-04-12 00:00:00,0,NULL,CRE,,NULL,2647
11508,53555,2133.8,2133.8,USD,CK 49241,2021-04-12 00:00:00,2021-04-12 00:00:00,0,NULL,CRE,,NULL,2648
11509,53570,13186.56,13186.56,USD,CK 1035915,2021-04-12 00:00:00,2021-04-12 00:00:00,0,NULL,CRE,,NULL,2649
11510,53583,3404.56,3404.56,USD,ACH041421,2021-04-14 00:00:00,2021-04-14 00:00:00,0,NULL,CRE,,NULL,2650
11511,53620,15865,15865,USD,CK L037343,2021-04-15 00:00:00,2021-04-15 00:00:00,0,NULL,CRE,,NULL,2651
11512,53403,1291.2,1291.2,USD,CK 054668,2021-04-15 00:00:00,2021-04-15 00:00:00,0,NULL,CRE,,NULL,2652
11513,53452R,5921.6,5921.6,USD,CK 10807,2021-04-15 00:00:00,2021-04-15 00:00:00,0,NULL,CRE,,NULL,2653
11514,53588,2114.8,2114.8,USD,703970,2021-04-15 00:00:00,2021-04-15 00:00:00,0,NULL,CRE,,NULL,2654
11515,53595,2292,2292,USD,ACH041621,2021-04-16 00:00:00,2021-04-16 00:00:00,0,NULL,CRE,,NULL,2655
11516,53643,4000,4000,USD,ACH041621,2021-04-16 00:00:00,2021-04-16 00:00:00,0,NULL,CRE,,NULL,2656
11517,53645,1094.4,1094.4,USD,ACH041621,2021-04-16 00:00:00,2021-04-16 00:00:00,0,NULL,CRE,,NULL,2657
11518,53670,3804.43,3804.43,USD,ACH041621,2021-04-16 00:00:00,2021-04-16 00:00:00,0,NULL,CRE,,NULL,2657
11519,53598,7407.36,7407.36,USD,CK 7235,2021-04-16 00:00:00,2021-04-16 00:00:00,0,NULL,CRE,,NULL,2658
11520,53694,3708.72,3708.72,USD,CK 2201,2021-04-19 00:00:00,2021-04-19 00:00:00,0,NULL,CRE,,NULL,2659
11521,53693,3856.68,3856.68,USD,CK 2201,2021-04-19 00:00:00,2021-04-19 00:00:00,0,NULL,CRE,,NULL,2659
11522,53695,3605.85,3605.85,USD,CK 2201,2021-04-19 00:00:00,2021-04-19 00:00:00,0,NULL,CRE,,NULL,2659
11523,53707,4356.96,4356.96,USD,CK 2205,2021-04-19 00:00:00,2021-04-19 00:00:00,0,NULL,CRE,,NULL,2660
11524,53567,3206.5,3206.5,USD,CK 076160,2021-04-19 00:00:00,2021-04-19 00:00:00,0,NULL,CRE,,NULL,2661
11525,53619,5567.24,5567.24,USD,CK 076160,2021-04-19 00:00:00,2021-04-19 00:00:00,0,NULL,CRE,,NULL,2661
11526,53531,8681.88,8681.88,USD,CK 106492,2021-04-21 00:00:00,2021-04-21 00:00:00,0,NULL,CRE,,NULL,2662
11527,53678,8873.25,8873.25,USD,CK 106492,2021-04-21 00:00:00,2021-04-21 00:00:00,0,NULL,CRE,,NULL,2662
11528,53632,16873,16873,USD,CK 106492,2021-04-21 00:00:00,2021-04-21 00:00:00,0,NULL,CRE,,NULL,2662
11529,53685,6174,6174,USD,CK 106492,2021-04-21 00:00:00,2021-04-21 00:00:00,0,NULL,CRE,,NULL,2662
11530,53680,11867.04,11867.04,USD,CK 106492,2021-04-21 00:00:00,2021-04-21 00:00:00,0,NULL,CRE,,NULL,2662
11531,53649,1025.34,1025.34,USD,CK 704210,2021-04-21 00:00:00,2021-04-21 00:00:00,0,NULL,CRE,,NULL,2663
11532,53662,1088.4,1088.4,USD,CK 704210,2021-04-21 00:00:00,2021-04-21 00:00:00,0,NULL,CRE,,NULL,2663
11533,53663,1078.8,1078.8,USD,CK 704210,2021-04-21 00:00:00,2021-04-21 00:00:00,0,NULL,CRE,,NULL,2663
11534,53665,829.26,829.26,USD,CK 704210,2021-04-21 00:00:00,2021-04-21 00:00:00,0,NULL,CRE,,NULL,2663
11535,53666,1112.4,1112.4,USD,CK 704210,2021-04-21 00:00:00,2021-04-21 00:00:00,0,NULL,CRE,,NULL,2663
11536,53673,1676.8,1676.8,USD,CK 704210,2021-04-21 00:00:00,2021-04-21 00:00:00,0,NULL,CRE,,NULL,2663
11537,53671,2969.1,2969.1,USD,CK 704210,2021-04-21 00:00:00,2021-04-21 00:00:00,0,NULL,CRE,,NULL,2663
11538,53660,1744.4,1744.4,USD,CK 704210,2021-04-21 00:00:00,2021-04-21 00:00:00,0,NULL,CRE,,NULL,2663
11539,53718,2262,2262,USD,ACH042321,2021-04-23 00:00:00,2021-04-23 00:00:00,0,NULL,CRE,,NULL,2664
11540,53648,1951.6,1951.6,USD,ACH042321,2021-04-23 00:00:00,2021-04-23 00:00:00,0,NULL,CRE,,NULL,2665
11541,53612,3780.29,3780.29,USD,ACH042321,2021-04-23 00:00:00,2021-04-23 00:00:00,0,NULL,CRE,,NULL,2665
11542,53613,3995.68,3995.68,USD,ACH042321,2021-04-23 00:00:00,2021-04-23 00:00:00,0,NULL,CRE,,NULL,2665
11543,53615,4028.32,4028.32,USD,ACH042321,2021-04-23 00:00:00,2021-04-23 00:00:00,0,NULL,CRE,,NULL,2665
11544,53616,4120.8,4120.8,USD,ACH042321,2021-04-23 00:00:00,2021-04-23 00:00:00,0,NULL,CRE,,NULL,2666
11545,53617,4142.39,4142.39,USD,ACH042321,2021-04-23 00:00:00,2021-04-23 00:00:00,0,NULL,CRE,,NULL,2666
11546,53647,5985.34,5985.34,USD,ACH042321,2021-04-23 00:00:00,2021-04-23 00:00:00,0,NULL,CRE,,NULL,2667
11547,53679,6723.2,6723.2,USD,ACH042321,2021-04-23 00:00:00,2021-04-23 00:00:00,0,NULL,CRE,,NULL,2667
11548,53539,1513.26,1513.26,USD,CK 10804,2021-04-23 00:00:00,2021-04-23 00:00:00,0,NULL,CRE,,NULL,2668
11549,53540,1631.56,1631.56,USD,CK 10804,2021-04-23 00:00:00,2021-04-23 00:00:00,0,NULL,CRE,,NULL,2668
11550,53516,1631.42,1631.42,USD,CK 10804,2021-04-23 00:00:00,2021-04-23 00:00:00,0,NULL,CRE,,NULL,2668
11551,53515,1625.12,1625.12,USD,CK 10804,2021-04-23 00:00:00,2021-04-23 00:00:00,0,NULL,CRE,,NULL,2668
11552,53514,1625.12,1625.12,USD,CK 10804,2021-04-23 00:00:00,2021-04-23 00:00:00,0,NULL,CRE,,NULL,2668
11553,53538,1513.26,1513.26,USD,CK 10804,2021-04-23 00:00:00,2021-04-23 00:00:00,0,NULL,CRE,,NULL,2668
11554,53262,487.25,487.25,USD,WIR042321,2021-04-23 00:00:00,2021-04-23 00:00:00,0,NULL,CRE,,NULL,2669
11555,53261,492.5,492.5,USD,WIR042321,2021-04-23 00:00:00,2021-04-23 00:00:00,0,NULL,CRE,,NULL,2669
11556,53334,526.25,526.25,USD,WIR042321,2021-04-23 00:00:00,2021-04-23 00:00:00,0,NULL,CRE,,NULL,2669
11557,53333,449.25,449.25,USD,WIR042321,2021-04-23 00:00:00,2021-04-23 00:00:00,0,NULL,CRE,,NULL,2669
11558,53335,463.5,463.5,USD,WIR042321,2021-04-23 00:00:00,2021-04-23 00:00:00,0,NULL,CRE,,NULL,2669
11559,53554,262,262,USD,WIR042321,2021-04-23 00:00:00,2021-04-23 00:00:00,0,NULL,CRE,,NULL,2669
11560,53399,406,406,USD,WIR042321,2021-04-23 00:00:00,2021-04-23 00:00:00,0,NULL,CRE,,NULL,2669
11561,53420,406,406,USD,WIR042321,2021-04-23 00:00:00,2021-04-23 00:00:00,0,NULL,CRE,,NULL,2669
11562,53482,420,420,USD,WIR042321,2021-04-23 00:00:00,2021-04-23 00:00:00,0,NULL,CRE,,NULL,2669
11563,53784,10117.36,10117.36,USD,WIR042321,2021-04-23 00:00:00,2021-04-23 00:00:00,0,NULL,CRE,,NULL,2670
11564,53730,4477,4477,USD,ACH042621,2021-04-26 00:00:00,2021-04-26 00:00:00,0,NULL,CRE,,NULL,2671
11565,53594,2487.2,2487.2,USD,ACH042721,2021-04-27 00:00:00,2021-04-27 00:00:00,0,NULL,CRE,,NULL,2672
11566,53546,1205.09,1205.09,USD,ACH042721,2021-04-27 00:00:00,2021-04-27 00:00:00,0,NULL,CRE,,NULL,2672
11567,53723,6936,6936,USD,CK 7940,2021-04-29 00:00:00,2021-04-29 00:00:00,0,NULL,CRE,,NULL,2673
11568,53704,6011.6,6011.6,USD,CK 113267,2021-04-29 00:00:00,2021-04-29 00:00:00,0,NULL,CRE,,NULL,2674
11569,53438,1175.86,1175.86,USD,CK 10822,2021-04-29 00:00:00,2021-04-29 00:00:00,0,NULL,CRE,,NULL,2675
11570,53664,1002,1002,USD,CK 704698,2021-04-29 00:00:00,2021-04-29 00:00:00,0,NULL,CRE,,NULL,2676
11571,53676,2472.12,2472.12,USD,CK 704698,2021-04-29 00:00:00,2021-04-29 00:00:00,0,NULL,CRE,,NULL,2676
11572,53677,2630.25,2630.25,USD,CK 704698,2021-04-29 00:00:00,2021-04-29 00:00:00,0,NULL,CRE,,NULL,2676
11573,53716,12752.6,12752.6,USD,CK 106625,2021-04-29 00:00:00,2021-04-29 00:00:00,0,NULL,CRE,,NULL,2677
11574,53706,16374.5,16374.5,USD,CK 106625,2021-04-29 00:00:00,2021-04-29 00:00:00,0,NULL,CRE,,NULL,2677
11575,53675,9553.5,9553.5,USD,CK 2212,2021-04-29 00:00:00,2021-04-29 00:00:00,0,NULL,CRE,,NULL,2678
11576,53602INV,3530,3530,USD,ACH042821,2021-04-28 00:00:00,2021-04-28 00:00:00,0,NULL,CRE,,NULL,2679
11577,53719,1580.94,1580.94,USD,ACH043021,2021-04-30 00:00:00,2021-04-30 00:00:00,0,NULL,CRE,,NULL,2680
11578,53750,5191.8,5191.8,USD,ACH043021,2021-04-30 00:00:00,2021-04-30 00:00:00,0,NULL,CRE,,NULL,2680
11579,53656,4612.72,4612.72,USD,CK 076209,2021-04-30 00:00:00,2021-04-30 00:00:00,0,NULL,CRE,,NULL,2681
11580,53609,3522.2,3522.2,USD,CK 076209,2021-04-30 00:00:00,2021-04-30 00:00:00,0,NULL,CRE,,NULL,2681
11581,53599,3506.91,3506.91,USD,CK 076209,2021-04-30 00:00:00,2021-04-30 00:00:00,0,NULL,CRE,,NULL,2681
11582,53712,3193.2,3193.2,USD,ACH050321,2021-05-03 00:00:00,2021-05-03 00:00:00,0,NULL,CRE,,NULL,2682
11583,53605,1053.15,1053.15,USD,CK 702910,2021-04-12 00:00:00,2021-04-12 00:00:00,0,NULL,CRE,,NULL,2683
11584,53499,2655.4,2655.4,USD,CK 702910,2021-04-12 00:00:00,2021-04-12 00:00:00,0,NULL,CRE,,NULL,2683
11585,53547,858.3,858.3,USD,ACH050321,2021-05-03 00:00:00,2021-05-03 00:00:00,0,NULL,CRE,,NULL,2684
11586,53731,3002,3002,USD,ACH050321,2021-05-03 00:00:00,2021-05-03 00:00:00,0,NULL,CRE,,NULL,2685
11587,53608,6030.57,6030.57,USD,CK 005364,2021-05-03 00:00:00,2021-05-03 00:00:00,0,NULL,CRE,,NULL,2686
11588,53661,1030.8,1030.8,USD,CK 705102,2021-05-04 00:00:00,2021-05-04 00:00:00,0,NULL,CRE,,NULL,2687
11589,53651,1968.9,1968.9,USD,CK 705102,2021-05-04 00:00:00,2021-05-04 00:00:00,0,NULL,CRE,,NULL,2687
11590,53691,735,735,USD,CK 705102,2021-05-04 00:00:00,2021-05-04 00:00:00,0,NULL,CRE,,NULL,2687
11591,53500,2869.2,2869.2,USD,CK 705102,2021-05-04 00:00:00,2021-05-04 00:00:00,0,NULL,CRE,,NULL,2687
11592,53703,2376.54,2376.54,USD,CK 705102,2021-05-04 00:00:00,2021-05-04 00:00:00,0,NULL,CRE,,NULL,2687
11593,53721,1105.2,1105.2,USD,CK 705102,2021-05-04 00:00:00,2021-05-04 00:00:00,0,NULL,CRE,,NULL,2687
11594,53658,15192,15192,USD,CK L039573,2021-05-04 00:00:00,2021-05-04 00:00:00,0,NULL,CRE,,NULL,2688
11595,53720,1285.86,1285.86,USD,ACH050721,2021-05-07 00:00:00,2021-05-07 00:00:00,0,NULL,CRE,,NULL,2689
11596,53728,1012.8,1012.8,USD,ACH051021,2021-05-10 00:00:00,2021-05-10 00:00:00,0,NULL,CRE,,NULL,2690
11597,53725,976.64,976.64,USD,ACH051221,2021-05-12 00:00:00,2021-05-12 00:00:00,0,NULL,CRE,,NULL,2691
11598,53383,4352,4352,USD,CK 129822,2021-05-12 00:00:00,2021-05-12 00:00:00,0,NULL,CRE,,NULL,2692
11599,53727,9642,9642,USD,CK L040302,2021-05-12 00:00:00,2021-05-12 00:00:00,0,NULL,CRE,,NULL,2693
11600,53787,579.6,579.6,USD,CK 009132,2021-05-12 00:00:00,2021-05-12 00:00:00,0,NULL,CRE,,NULL,2694
11601,53635,5405.4,5405.4,USD,CK 076264,2021-05-12 00:00:00,2021-05-12 00:00:00,0,NULL,CRE,,NULL,2695
11602,53824,1995.4,1995.4,USD,CK 14513,2021-05-12 00:00:00,2021-05-12 00:00:00,0,NULL,CRE,,NULL,2696
11603,53608,-6030.57,-6030.57,USD,CK 005364,2021-05-03 00:00:00,2021-05-13 11:06:31,0,NULL,CRE,UNDO 11587,NULL,2697
11604,53790,1797.42,1797.42,USD,ACH051421,2021-05-14 00:00:00,2021-05-14 00:00:00,0,NULL,CRE,,NULL,2698
11605,53781,8442,8442,USD,ACH051421,2021-05-14 00:00:00,2021-05-14 00:00:00,0,NULL,CRE,,NULL,2698
11606,53717,7502.2,7502.2,USD,ACH051421,2021-05-14 00:00:00,2021-05-14 00:00:00,0,NULL,CRE,,NULL,2698
11607,53735,9445.92,9445.92,USD,ACH051421,2021-05-14 00:00:00,2021-05-14 00:00:00,0,NULL,CRE,,NULL,2698
11608,53794,12810.51,12810.51,USD,ACH051421,2021-05-14 00:00:00,2021-05-14 00:00:00,0,NULL,CRE,,NULL,2698
11609,53740,2968.64,2968.64,USD,ACH051321,2021-05-13 00:00:00,2021-05-13 00:00:00,0,NULL,CRE,,NULL,2699
11610,53713,3713.84,3713.84,USD,ACH051321,2021-05-13 00:00:00,2021-05-13 00:00:00,0,NULL,CRE,,NULL,2700
11611,53681R,8497.75,8497.75,USD,CK 705487,2021-05-14 00:00:00,2021-05-14 00:00:00,0,NULL,CRE,,NULL,2701
11612,53736,3963.84,3963.84,USD,CK 705487,2021-05-14 00:00:00,2021-05-14 00:00:00,0,NULL,CRE,,NULL,2701
11613,53674,643,643,USD,CK 705487,2021-05-14 00:00:00,2021-05-14 00:00:00,0,NULL,CRE,,NULL,2701
11614,53699,1334,1334,USD,CK 705487,2021-05-14 00:00:00,2021-05-14 00:00:00,0,NULL,CRE,,NULL,2701
11615,53667,1797.6,1797.6,USD,CK 705487,2021-05-14 00:00:00,2021-05-14 00:00:00,0,NULL,CRE,,NULL,2701
11616,53717,1730,1730,USD,53732R,2021-05-17 00:00:00,2021-05-17 00:00:00,0,NULL,CRE,,NULL,2702
11617,53732R,-1730,-1730,USD,53732R,2021-05-17 00:00:00,2021-05-17 00:00:00,0,NULL,CRE,,NULL,2702
11618,53841,3558,3558,USD,CK 14545,2021-05-19 00:00:00,2021-05-19 00:00:00,0,NULL,CRE,,NULL,2703
11619,53786,4018.75,4018.75,USD,CK 2234,2021-05-19 00:00:00,2021-05-19 00:00:00,0,NULL,CRE,,NULL,2704
11620,53608,6030.57,6030.57,USD,CK 005488,2021-05-19 00:00:00,2021-05-19 00:00:00,0,NULL,CRE,,NULL,2705
11621,53783,4541.9,4541.9,USD,CK 7493,2021-05-19 00:00:00,2021-05-19 00:00:00,0,NULL,CRE,,NULL,2706
11622,53795,8984.8,8984.8,USD,CK 8030,2021-05-19 00:00:00,2021-05-19 00:00:00,0,NULL,CRE,,NULL,2707
11623,53223,6663.3,6663.3,USD,CK 49515,2021-05-19 00:00:00,2021-05-19 00:00:00,0,NULL,CRE,,NULL,2708
11624,53764,1596.8,1596.8,USD,CK 705891,2021-05-19 00:00:00,2021-05-19 00:00:00,0,NULL,CRE,,NULL,2709
11625,53743,1779.8,1779.8,USD,CK 705891,2021-05-19 00:00:00,2021-05-19 00:00:00,0,NULL,CRE,,NULL,2709
11626,53747,2229.24,2229.24,USD,CK 705891,2021-05-19 00:00:00,2021-05-19 00:00:00,0,NULL,CRE,,NULL,2709
11627,53748,2341.8,2341.8,USD,CK 705891,2021-05-19 00:00:00,2021-05-19 00:00:00,0,NULL,CRE,,NULL,2709
11628,53777,2508.6,2508.6,USD,CK 705891,2021-05-19 00:00:00,2021-05-19 00:00:00,0,NULL,CRE,,NULL,2709
11629,53733,2479.27,2479.27,USD,CK 705891,2021-05-19 00:00:00,2021-05-19 00:00:00,0,NULL,CRE,,NULL,2709
11630,53756,956,956,USD,CK 705891,2021-05-19 00:00:00,2021-05-19 00:00:00,0,NULL,CRE,,NULL,2709
11631,53689,22546,22546,USD,CK 106960,2021-05-19 00:00:00,2021-05-19 00:00:00,0,NULL,CRE,,NULL,2710
11632,53769,4868.8,4868.8,USD,CK 106960,2021-05-19 00:00:00,2021-05-19 00:00:00,0,NULL,CRE,,NULL,2710
11633,53774,12383.6,12383.6,USD,CK 106960,2021-05-19 00:00:00,2021-05-19 00:00:00,0,NULL,CRE,,NULL,2710
11634,53718,-2262,-2262,USD,ACH042321,2021-04-23 00:00:00,2021-05-21 10:48:37,0,NULL,CRE,UNDO 11539,NULL,2711
11635,53718,2262,2262,USD,42321,2021-04-23 00:00:00,2021-04-23 00:00:00,0,NULL,CRE,,NULL,2712
11636,53763,693.6,693.6,USD,CK 0972,2021-05-20 00:00:00,2021-05-20 00:00:00,0,NULL,CRE,,NULL,2713
11637,53780,2120.6,2120.6,USD,ACH052121,2021-05-21 00:00:00,2021-05-21 00:00:00,0,NULL,CRE,,NULL,2714
11638,53802,7452,7452,USD,ACH052121,2021-05-21 00:00:00,2021-05-21 00:00:00,0,NULL,CRE,,NULL,2715
11639,53775,7786.38,7786.38,USD,ACH052421,2021-05-24 00:00:00,2021-05-24 00:00:00,0,NULL,CRE,,NULL,2716
11640,53806,5223.92,5223.92,USD,ACH052421,2021-05-24 00:00:00,2021-05-24 00:00:00,0,NULL,CRE,,NULL,2716
11641,53744,2849.51,2849.51,USD,CK 11395,2021-05-24 00:00:00,2021-05-24 00:00:00,0,NULL,CRE,,NULL,2717
11642,53724,11103.19,11103.19,USD,WIR052521,2021-05-25 00:00:00,2021-05-25 00:00:00,0,NULL,CRE,,NULL,2718
11643,53810,1057.52,1057.52,USD,WIR052521,2021-05-25 00:00:00,2021-05-25 00:00:00,0,NULL,CRE,,NULL,2718
11644,53561INV,3245.31,3245.31,USD,CK 2313,2021-05-27 00:00:00,2021-05-27 00:00:00,0,NULL,CRE,,NULL,2719
11645,53741,250,250,USD,CK 005518,2021-05-27 00:00:00,2021-05-27 00:00:00,0,NULL,CRE,,NULL,2720
11646,53760,3788.85,3788.85,USD,CK 00458582,2021-05-27 00:00:00,2021-05-27 00:00:00,0,NULL,CRE,,NULL,2721
11647,53761,2344.59,2344.59,USD,CK 706387,2021-05-27 00:00:00,2021-05-27 00:00:00,0,NULL,CRE,,NULL,2722
11648,53762,2684.1,2684.1,USD,CK 706387,2021-05-27 00:00:00,2021-05-27 00:00:00,0,NULL,CRE,,NULL,2722
11649,53654,994.51,994.51,USD,CK 706387,2021-05-27 00:00:00,2021-05-27 00:00:00,0,NULL,CRE,,NULL,2722
11650,53801,1435.2,1435.2,USD,CK 706387,2021-05-27 00:00:00,2021-05-27 00:00:00,0,NULL,CRE,,NULL,2722
11651,53653,1689.8,1689.8,USD,CK 706387,2021-05-27 00:00:00,2021-05-27 00:00:00,0,NULL,CRE,,NULL,2722
11652,53792,1861.2,1861.2,USD,CK 706387,2021-05-27 00:00:00,2021-05-27 00:00:00,0,NULL,CRE,,NULL,2722
11653,53799,3460,3460,USD,ACH052821,2021-05-28 00:00:00,2021-05-28 00:00:00,0,NULL,CRE,,NULL,2723
11654,53686,3924.24,3924.24,USD,ACH052821,2021-05-28 00:00:00,2021-05-28 00:00:00,0,NULL,CRE,,NULL,2724
11655,53800,1354,1354,USD,ACH060121,2021-06-01 00:00:00,2021-06-01 00:00:00,0,NULL,CRE,,NULL,2725
11656,53825,1566.48,1566.48,USD,ACH060121,2021-06-01 00:00:00,2021-06-01 00:00:00,0,NULL,CRE,,NULL,2725
11657,53843,1556,1556,USD,ACH060121,2021-06-01 00:00:00,2021-06-01 00:00:00,0,NULL,CRE,,NULL,2725
11658,53859,3759,3759,USD,ACH060121,2021-06-01 00:00:00,2021-06-01 00:00:00,0,NULL,CRE,,NULL,2725
11659,53932R,-207.78,-207.78,USD,53932RR,2021-06-01 00:00:00,2021-06-01 00:00:00,0,NULL,CRE,,NULL,2726
11660,I1459707,207.78,207.78,USD,53932RR,2021-06-01 00:00:00,2021-06-01 00:00:00,0,NULL,CRE,,NULL,2726
11661,53705,9460.8,9460.8,USD,CK 2250,2021-06-03 00:00:00,2021-06-03 00:00:00,0,NULL,CRE,,NULL,2727
11662,53826,3448.5,3448.5,USD,CK 7625,2021-06-03 00:00:00,2021-06-03 00:00:00,0,NULL,CRE,,NULL,2728
11663,53798,2004.84,2004.84,USD,CK 706805,2021-06-03 00:00:00,2021-06-03 00:00:00,0,NULL,CRE,,NULL,2729
11664,53788,2280.96,2280.96,USD,CK 706805,2021-06-03 00:00:00,2021-06-03 00:00:00,0,NULL,CRE,,NULL,2729
11665,53809,2644.51,2644.51,USD,CK 706805,2021-06-03 00:00:00,2021-06-03 00:00:00,0,NULL,CRE,,NULL,2729
11666,53805,1755.12,1755.12,USD,CK 706805,2021-06-03 00:00:00,2021-06-03 00:00:00,0,NULL,CRE,,NULL,2729
11667,53789,2237.77,2237.77,USD,CK 706805,2021-06-03 00:00:00,2021-06-03 00:00:00,0,NULL,CRE,,NULL,2729
11668,53829,5658,5658,USD,ACH060721,2021-06-07 00:00:00,2021-06-07 00:00:00,0,NULL,CRE,,NULL,2730
11669,53852,360,360,USD,ACH060421,2021-06-04 00:00:00,2021-06-04 00:00:00,0,NULL,CRE,,NULL,2731
11670,53850,1013,1013,USD,ACH060421,2021-06-04 00:00:00,2021-06-04 00:00:00,0,NULL,CRE,,NULL,2731
11671,53851,9893.94,9893.94,USD,CK 77329,2021-06-09 00:00:00,2021-06-09 00:00:00,0,NULL,CRE,,NULL,2732
11672,53765,3340.48,3340.48,USD,CK 7686,2021-06-09 00:00:00,2021-06-09 00:00:00,0,NULL,CRE,,NULL,2733
11673,53847,25110.09,25110.09,USD,CK 57643,2021-06-09 00:00:00,2021-06-09 00:00:00,0,NULL,CRE,,NULL,2734
11674,53849,15902.62,15902.62,USD,CK 2255,2021-06-09 00:00:00,2021-06-09 00:00:00,0,NULL,CRE,,NULL,2735
11675,53697,5675.8,5675.8,USD,CK 977013,2021-06-09 00:00:00,2021-06-09 00:00:00,0,NULL,CRE,,NULL,2736
11676,53803,2018.4,2018.4,USD,CK 44512,2021-06-09 00:00:00,2021-06-09 00:00:00,0,NULL,CRE,,NULL,2737
11677,53823,1986,1986,USD,CK 707232,2021-06-09 00:00:00,2021-06-09 00:00:00,0,NULL,CRE,,NULL,2738
11678,53822,2030.4,2030.4,USD,CK 707232,2021-06-09 00:00:00,2021-06-09 00:00:00,0,NULL,CRE,,NULL,2738
11679,53827,1132.8,1132.8,USD,CK 707232,2021-06-09 00:00:00,2021-06-09 00:00:00,0,NULL,CRE,,NULL,2738
11680,53711,4141.48,4141.48,USD,CK 076359,2021-06-09 00:00:00,2021-06-09 00:00:00,0,NULL,CRE,,NULL,2739
11681,53737,7355.04,7355.04,USD,CK 076359,2021-06-09 00:00:00,2021-06-09 00:00:00,0,NULL,CRE,,NULL,2739
11682,53830,10776.3,10776.3,USD,CK 8099,2021-06-09 00:00:00,2021-06-09 00:00:00,0,NULL,CRE,,NULL,2740
11683,53913,1500,1500,USD,WIR061021,2021-06-10 00:00:00,2021-06-10 00:00:00,0,NULL,CRE,,NULL,2741
11684,53844,3562.35,3562.35,USD,ACH061121,2021-06-11 00:00:00,2021-06-11 00:00:00,0,NULL,CRE,,NULL,2742
11685,53852,1729.8,1729.8,USD,ACH061121,2021-06-11 00:00:00,2021-06-11 00:00:00,0,NULL,CRE,,NULL,2742
11686,53848,1906,1906,USD,ACH061121,2021-06-11 00:00:00,2021-06-11 00:00:00,0,NULL,CRE,,NULL,2742
11687,53831,7529.96,7529.96,USD,ACH061121,2021-06-11 00:00:00,2021-06-11 00:00:00,0,NULL,CRE,,NULL,2743
11688,53846,1826,1826,USD,ACH061121,2021-06-11 00:00:00,2021-06-11 00:00:00,0,NULL,CRE,,NULL,2744
11689,53816,2209.35,2209.35,USD,ACH061121,2021-06-11 00:00:00,2021-06-11 00:00:00,0,NULL,CRE,,NULL,2744
11690,53819,1765.92,1765.92,USD,ACH061121,2021-06-11 00:00:00,2021-06-11 00:00:00,0,NULL,CRE,,NULL,2744
11691,53839,985.6,985.6,USD,ACH061121,2021-06-11 00:00:00,2021-06-11 00:00:00,0,NULL,CRE,,NULL,2744
11692,53813,8132.4,8132.4,USD,CK 113943,2021-06-14 00:00:00,2021-06-14 00:00:00,0,NULL,CRE,,NULL,2745
11693,53861,1806.75,1806.75,USD,CK 7743,2021-06-14 00:00:00,2021-06-14 00:00:00,0,NULL,CRE,,NULL,2746
11694,53862,8901.6,8901.6,USD,CK60142/313,2021-06-15 00:00:00,2021-06-15 00:00:00,0,NULL,CRE,,NULL,2747
11695,53836,8608,8608,USD,ACH061521,2021-06-15 00:00:00,2021-06-15 00:00:00,0,NULL,CRE,,NULL,2748
11696,53838,2614.5,2614.5,USD,ACH061521,2021-06-15 00:00:00,2021-06-15 00:00:00,0,NULL,CRE,,NULL,2749
11697,53739,4010.4,4010.4,USD,CK 076393,2021-06-18 00:00:00,2021-06-18 00:00:00,0,NULL,CRE,,NULL,2750
11698,53753,6052.8,6052.8,USD,CK 076393,2021-06-18 00:00:00,2021-06-18 00:00:00,0,NULL,CRE,,NULL,2750
11699,53651,435.1,435.1,USD,ACH061821,2021-06-18 00:00:00,2021-06-18 00:00:00,0,NULL,CRE,,NULL,2751
11700,53873,6465.57,6465.57,USD,ACH061821,2021-06-18 00:00:00,2021-06-18 00:00:00,0,NULL,CRE,,NULL,2752
11701,53726,1013.37,1013.37,USD,ACH061821,2021-06-18 00:00:00,2021-06-18 00:00:00,0,NULL,CRE,,NULL,2753
11702,53734,2593.3,2593.3,USD,ACH061821,2021-06-18 00:00:00,2021-06-18 00:00:00,0,NULL,CRE,,NULL,2753
11703,53700,833.42,833.42,USD,ACH061821,2021-06-18 00:00:00,2021-06-18 00:00:00,0,NULL,CRE,,NULL,2753
11704,53811,8074,8074,USD,ACH061821,2021-06-18 00:00:00,2021-06-18 00:00:00,0,NULL,CRE,,NULL,2754
11705,53881,4338.06,4338.06,USD,ACH061821,2021-06-18 00:00:00,2021-06-18 00:00:00,0,NULL,CRE,,NULL,2754
11706,53834,6936,6936,USD,ACH061821,2021-06-18 00:00:00,2021-06-18 00:00:00,0,NULL,CRE,,NULL,2754
11707,53857,3989.04,3989.04,USD,CK 7822,2021-06-22 00:00:00,2021-06-22 00:00:00,0,NULL,CRE,,NULL,2755
11708,53776,9214.43,9214.43,USD,CK 2268,2021-06-22 00:00:00,2021-06-22 00:00:00,0,NULL,CRE,,NULL,2756
11709,53884,17384.9,17384.9,USD,CK 060878,2021-06-22 00:00:00,2021-06-22 00:00:00,0,NULL,CRE,,NULL,2757
11710,53837,13772.5,13772.5,USD,CK 107485,2021-06-22 00:00:00,2021-06-22 00:00:00,0,NULL,CRE,,NULL,2758
11711,53866,6735.6,6735.6,USD,ACH062221,2021-06-22 00:00:00,2021-06-22 00:00:00,0,NULL,CRE,,NULL,2759
11712,53815,12964.8,12964.8,USD,CK 107370,2021-06-25 00:00:00,2021-06-25 00:00:00,0,NULL,CRE,,NULL,2760
11713,53821,14679.5,14679.5,USD,CK 107370,2021-06-25 00:00:00,2021-06-25 00:00:00,0,NULL,CRE,,NULL,2760
11714,53910,15388.8,15388.8,USD,QCH062521,2021-06-25 00:00:00,2021-06-25 00:00:00,0,NULL,CRE,,NULL,2761
11715,53715,5288.85,5288.85,USD,ACH062421,2021-06-24 00:00:00,2021-06-24 00:00:00,0,NULL,CRE,,NULL,2762
11716,53840,4408.8,4408.8,USD,ACH062421,2021-06-24 00:00:00,2021-06-24 00:00:00,0,NULL,CRE,,NULL,2762
11717,53863,1454,1454,USD,ACH062521,2021-06-25 00:00:00,2021-06-25 00:00:00,0,NULL,CRE,,NULL,2763
11718,53882,1051.2,1051.2,USD,ACH062521,2021-06-25 00:00:00,2021-06-25 00:00:00,0,NULL,CRE,,NULL,2763
11719,53872,2487.94,2487.94,USD,ACH062521,2021-06-25 00:00:00,2021-06-25 00:00:00,0,NULL,CRE,,NULL,2763
11720,53887,1423.2,1423.2,USD,ACH062521,2021-06-25 00:00:00,2021-06-25 00:00:00,0,NULL,CRE,,NULL,2763
11721,53880,1676.5,1676.5,USD,ACH062521,2021-06-25 00:00:00,2021-06-25 00:00:00,0,NULL,CRE,,NULL,2763
11722,53886,8656,8656,USD,ACH062521,2021-06-25 00:00:00,2021-06-25 00:00:00,0,NULL,CRE,,NULL,2764
11723,53881,578.34,578.34,USD,ACH062521,2021-06-25 00:00:00,2021-06-25 00:00:00,0,NULL,CRE,,NULL,2765
11724,53902,981.6,981.6,USD,ACH062521,2021-06-25 00:00:00,2021-06-25 00:00:00,0,NULL,CRE,,NULL,2765
11725,53869,2242,2242,USD,ACH062521,2021-06-25 00:00:00,2021-06-25 00:00:00,0,NULL,CRE,,NULL,2765
11726,53812,12373.85,12373.85,USD,WIR062521,2021-06-25 00:00:00,2021-06-25 00:00:00,0,NULL,CRE,,NULL,2766
11727,53738,2297.46,2297.46,USD,WIR062521,2021-06-25 00:00:00,2021-06-25 00:00:00,0,NULL,CRE,,NULL,2766
11728,53885,903.68,903.68,USD,ACH062821,2021-06-28 00:00:00,2021-06-28 00:00:00,0,NULL,CRE,,NULL,2767
11729,53903,718.4,718.4,USD,CK 1116,2021-06-30 00:00:00,2021-06-30 00:00:00,0,NULL,CRE,,NULL,2768
11730,53911,4329,4329,USD,CK 7941,2021-07-06 00:00:00,2021-07-06 00:00:00,0,NULL,CRE,,NULL,2769
11731,53793,2838.78,2838.78,USD,CK 076446,2021-07-06 00:00:00,2021-07-06 00:00:00,0,NULL,CRE,,NULL,2770
11732,53807,4850.1,4850.1,USD,CK 076446,2021-07-06 00:00:00,2021-07-06 00:00:00,0,NULL,CRE,,NULL,2770
11733,53832,4896,4896,USD,CK 076446,2021-07-06 00:00:00,2021-07-06 00:00:00,0,NULL,CRE,,NULL,2770
11734,53791,15405.12,15405.12,USD,CK 1046205,2021-07-08 00:00:00,2021-07-08 00:00:00,0,NULL,CRE,,NULL,2771
11735,53876,5145.79,5145.79,USD,ACH071221,2021-07-12 00:00:00,2021-07-12 00:00:00,0,NULL,CRE,,NULL,2772
11736,53870,5763.6,5763.6,USD,ACH071221,2021-07-12 00:00:00,2021-07-12 00:00:00,0,NULL,CRE,,NULL,2773
11737,53939,2222,2222,USD,ACH070921,2021-07-09 00:00:00,2021-07-09 00:00:00,0,NULL,CRE,,NULL,2774
11738,53732,4060.65,4060.65,USD,ACH070921,2021-07-09 00:00:00,2021-07-09 00:00:00,0,NULL,CRE,,NULL,2775
11739,53867,6452.69,6452.69,USD,ACH070821,2021-07-08 00:00:00,2021-07-08 00:00:00,0,NULL,CRE,,NULL,2776
11740,53796,7339.53,7339.53,USD,ACH070821,2021-07-08 00:00:00,2021-07-08 00:00:00,0,NULL,CRE,,NULL,2776
11741,53833,8156,8156,USD,ACH070221,2021-07-02 00:00:00,2021-07-02 00:00:00,0,NULL,CRE,,NULL,2777
11742,53924,5100,5100,USD,ACH070221,2021-07-02 00:00:00,2021-07-02 00:00:00,0,NULL,CRE,,NULL,2778
11743,53896,5348.2,5348.2,USD,ACH070221,2021-07-02 00:00:00,2021-07-02 00:00:00,0,NULL,CRE,,NULL,2778
11744,53934,1812,1812,USD,ACH070221,2021-07-02 00:00:00,2021-07-02 00:00:00,0,NULL,CRE,,NULL,2778
11745,53914,1072,1072,USD,ACH070221,2021-07-02 00:00:00,2021-07-02 00:00:00,0,NULL,CRE,,NULL,2778
11746,53868,1160.96,1160.96,USD,ACH070221,2021-07-02 00:00:00,2021-07-02 00:00:00,0,NULL,CRE,,NULL,2778
11747,53940,2556,2556,USD,ACH070921,2021-07-09 00:00:00,2021-07-09 00:00:00,0,NULL,CRE,,NULL,2779
11748,53941,786.6,786.6,USD,ACH070921,2021-07-09 00:00:00,2021-07-09 00:00:00,0,NULL,CRE,,NULL,2779
11749,53936,288.15,288.15,USD,ACH070921,2021-07-09 00:00:00,2021-07-09 00:00:00,0,NULL,CRE,,NULL,2779
11750,53980,-2084.72,-2084.72,USD,ACH070921,2021-07-09 00:00:00,2021-07-09 00:00:00,0,NULL,CRE,,NULL,2779
11751,53906,2146.62,2146.62,USD,ACH071321,2021-07-13 00:00:00,2021-07-13 00:00:00,0,NULL,CRE,,NULL,2780
11752,53891,244.8,244.8,USD,CK 8185,2021-07-08 00:00:00,2021-07-08 00:00:00,0,NULL,CRE,,NULL,2781
11753,53890,15537.6,15537.6,USD,CK 107824,2021-07-15 00:00:00,2021-07-15 00:00:00,0,NULL,CRE,,NULL,2782
11754,53904,3899.06,3899.06,USD,CK 7999,2021-07-15 00:00:00,2021-07-15 00:00:00,0,NULL,CRE,,NULL,2783
11755,53877,5472.48,5472.48,USD,ACH071621,2021-07-16 00:00:00,2021-07-16 00:00:00,0,NULL,CRE,,NULL,2784
11756,53856,2544,2544,USD,ACH071621,2021-07-16 00:00:00,2021-07-16 00:00:00,0,NULL,CRE,,NULL,2785
11757,53935,3151.5,3151.5,USD,ACH071621,2021-07-16 00:00:00,2021-07-16 00:00:00,0,NULL,CRE,,NULL,2785
11758,53951,1228.8,1228.8,USD,ACH071621,2021-07-16 00:00:00,2021-07-16 00:00:00,0,NULL,CRE,,NULL,2785
11759,53943,1635.9,1635.9,USD,ACH071621,2021-07-16 00:00:00,2021-07-16 00:00:00,0,NULL,CRE,,NULL,2785
11760,53956,8824,8824,USD,ACH071621,2021-07-16 00:00:00,2021-07-16 00:00:00,0,NULL,CRE,,NULL,2786
11761,53855,1816.81,1816.81,USD,WIR071621,2021-07-16 00:00:00,2021-07-16 00:00:00,0,NULL,CRE,,NULL,2787
11762,53853,11718.9,11718.9,USD,WIR071621,2021-07-16 00:00:00,2021-07-16 00:00:00,0,NULL,CRE,,NULL,2787
11763,53947,5289.6,5289.6,USD,ACH071621,2021-07-16 00:00:00,2021-07-16 00:00:00,0,NULL,CRE,,NULL,2788
11764,53944,1766.16,1766.16,USD,ACH071621,2021-07-16 00:00:00,2021-07-16 00:00:00,0,NULL,CRE,,NULL,2788
11765,53950,10922.85,10922.85,USD,ACH071621,2021-07-16 00:00:00,2021-07-16 00:00:00,0,NULL,CRE,,NULL,2788
11766,53979,351.36,351.36,USD,ACH071621,2021-07-16 00:00:00,2021-07-16 00:00:00,0,NULL,CRE,,NULL,2788
11767,53883,2504,2504,USD,ACH071621,2021-07-16 00:00:00,2021-07-16 00:00:00,0,NULL,CRE,,NULL,2789
11768,53968,8520,8520,USD,CK 8225,2021-07-19 00:00:00,2021-07-19 00:00:00,0,NULL,CRE,,NULL,2790
11769,53985,9600,9600,USD,CK 8225,2021-07-19 00:00:00,2021-07-19 00:00:00,0,NULL,CRE,,NULL,2790
11770,53842,3459,3459,USD,CK 14778,2021-07-19 00:00:00,2021-07-19 00:00:00,0,NULL,CRE,,NULL,2791
11771,I1459707,100.22,100.22,USD,CK 8697070,2021-07-19 00:00:00,2021-07-19 00:00:00,0,NULL,CRE,,NULL,2792
11772,53820,17593.8,17593.8,USD,CK 1046994,2021-07-19 00:00:00,2021-07-19 00:00:00,0,NULL,CRE,,NULL,2793
11773,53865,10024.4,10024.4,USD,CK 1046994,2021-07-19 00:00:00,2021-07-19 00:00:00,0,NULL,CRE,,NULL,2793
11774,53894,7466.8,7466.8,USD,CK 41330040,2021-07-21 00:00:00,2021-07-21 00:00:00,0,NULL,CRE,,NULL,2794
11775,53864,12981.2,12981.2,USD,CK 1047990,2021-07-21 00:00:00,2021-07-21 00:00:00,0,NULL,CRE,,NULL,2795
11776,53895,18554.8,18554.8,USD,CK 1047990,2021-07-21 00:00:00,2021-07-21 00:00:00,0,NULL,CRE,,NULL,2795
11777,53933,12342.4,12342.4,USD,CK 1047990,2021-07-21 00:00:00,2021-07-21 00:00:00,0,NULL,CRE,,NULL,2795
11778,53905,3822.5,3822.5,USD,CK 8134,2021-07-21 00:00:00,2021-07-21 00:00:00,0,NULL,CRE,,NULL,2796
11779,53981,6025.45,6025.45,USD,CK 8134,2021-07-21 00:00:00,2021-07-21 00:00:00,0,NULL,CRE,,NULL,2796
11780,53960,16424.1,16424.1,USD,CK 2296,2021-07-21 00:00:00,2021-07-21 00:00:00,0,NULL,CRE,,NULL,2797
11781,53527,-1000,-1000,USD,CK 45820,2021-07-21 00:00:00,2021-07-21 00:00:00,0,NULL,CRE,,NULL,2798
11782,53983,5260.2,5260.2,USD,CK 45820,2021-07-21 00:00:00,2021-07-21 00:00:00,0,NULL,CRE,,NULL,2798
11783,53919,1930.12,1930.12,USD,ACH072321,2021-07-23 00:00:00,2021-07-23 00:00:00,0,NULL,CRE,,NULL,2799
11784,53962,2329.5,2329.5,USD,ACH072321,2021-07-23 00:00:00,2021-07-23 00:00:00,0,NULL,CRE,,NULL,2799
11785,53817,2427.66,2427.66,USD,ACH072321,2021-07-23 00:00:00,2021-07-23 00:00:00,0,NULL,CRE,,NULL,2799
11786,53949,11057.7,11057.7,USD,ACH072321,2021-07-23 00:00:00,2021-07-23 00:00:00,0,NULL,CRE,,NULL,2800
11787,53938,480,480,USD,ACH072321,2021-07-23 00:00:00,2021-07-23 00:00:00,0,NULL,CRE,,NULL,2800
11788,53942,7464,7464,USD,ACH072321,2021-07-23 00:00:00,2021-07-23 00:00:00,0,NULL,CRE,,NULL,2800
11789,53920,8363.57,8363.57,USD,ACH072621,2021-07-26 00:00:00,2021-07-26 00:00:00,0,NULL,CRE,,NULL,2801
11790,53946,4961.71,4961.71,USD,ACH072621,2021-07-26 00:00:00,2021-07-26 00:00:00,0,NULL,CRE,,NULL,2801
11791,53952,3646.2,3646.2,USD,ACH072321,2021-07-23 00:00:00,2021-07-23 00:00:00,0,NULL,CRE,,NULL,2802
11792,53927,17679.2,17679.2,USD,CK 108029,2021-07-26 00:00:00,2021-07-26 00:00:00,0,NULL,CRE,,NULL,2803
11793,53925,26877.01,26877.01,USD,CK 108029,2021-07-26 00:00:00,2021-07-26 00:00:00,0,NULL,CRE,,NULL,2803
11794,53986,13155.35,13155.35,USD,CH072721,2021-07-27 00:00:00,2021-07-27 00:00:00,0,NULL,CRE,,NULL,2804
11795,54022,11047.6,11047.6,USD,CH072721,2021-07-27 00:00:00,2021-07-27 00:00:00,0,NULL,CRE,,NULL,2804
11796,53982,5231.4,5231.4,USD,CK 8189,2021-07-27 00:00:00,2021-07-27 00:00:00,0,NULL,CRE,,NULL,2805
11797,53954,18150,18150,USD,CK L048819,2021-07-28 00:00:00,2021-07-28 00:00:00,0,NULL,CRE,,NULL,2806
11798,53945,11660.7,11660.7,USD,WIR070721,2021-07-07 00:00:00,2021-07-07 00:00:00,0,NULL,CRE,,NULL,2807
11799,53961,1632.4,1632.4,USD,ACH073021,2021-07-30 00:00:00,2021-07-30 00:00:00,0,NULL,CRE,,NULL,2808
11800,53970,2724,2724,USD,ACH073021,2021-07-30 00:00:00,2021-07-30 00:00:00,0,NULL,CRE,,NULL,2808
11801,53972,1045.2,1045.2,USD,ACH073021,2021-07-30 00:00:00,2021-07-30 00:00:00,0,NULL,CRE,,NULL,2808
11802,53974,667,667,USD,ACH073021,2021-07-30 00:00:00,2021-07-30 00:00:00,0,NULL,CRE,,NULL,2808
11803,53773,6591.6,6591.6,USD,CK 108075,2021-07-29 00:00:00,2021-07-29 00:00:00,0,NULL,CRE,,NULL,2809
11804,53957,7880,7880,USD,ACH080621,2021-08-06 00:00:00,2021-08-06 00:00:00,0,NULL,CRE,,NULL,2810
11805,53959,7620,7620,USD,ACH080621,2021-08-06 00:00:00,2021-08-06 00:00:00,0,NULL,CRE,,NULL,2810
11806,53969,1459.5,1459.5,USD,ACH080621,2021-08-06 00:00:00,2021-08-06 00:00:00,0,NULL,CRE,,NULL,2810
11807,54000,2710.4,2710.4,USD,ACH080621,2021-08-06 00:00:00,2021-08-06 00:00:00,0,NULL,CRE,,NULL,2810
11808,54003,2040,2040,USD,ACH080621,2021-08-06 00:00:00,2021-08-06 00:00:00,0,NULL,CRE,,NULL,2810
11809,53997,1665.73,1665.73,USD,ACH080621,2021-08-06 00:00:00,2021-08-06 00:00:00,0,NULL,CRE,,NULL,2810
11810,53973,2644.8,2644.8,USD,QCH080621,2021-08-06 00:00:00,2021-08-06 00:00:00,0,NULL,CRE,,NULL,2811
11811,53977,545,545,USD,QCH080621,2021-08-06 00:00:00,2021-08-06 00:00:00,0,NULL,CRE,,NULL,2811
11812,54011,5255.77,5255.77,USD,QCH080621,2021-08-06 00:00:00,2021-08-06 00:00:00,0,NULL,CRE,,NULL,2811
11813,54005,559.8,559.8,USD,QCH080621,2021-08-06 00:00:00,2021-08-06 00:00:00,0,NULL,CRE,,NULL,2811
11814,53808,5036.1,5036.1,USD,CK 076562,2021-08-04 00:00:00,2021-08-04 00:00:00,0,NULL,CRE,,NULL,2812
11815,53898,5119.2,5119.2,USD,CK 076562,2021-08-04 00:00:00,2021-08-04 00:00:00,0,NULL,CRE,,NULL,2812
11816,53897,5249.6,5249.6,USD,CK 076562,2021-08-04 00:00:00,2021-08-04 00:00:00,0,NULL,CRE,,NULL,2812
11817,53893,5352,5352,USD,CK 076562,2021-08-04 00:00:00,2021-08-04 00:00:00,0,NULL,CRE,,NULL,2812
11818,53874,1300,1300,USD,CK 5562,2021-08-04 00:00:00,2021-08-04 00:00:00,0,NULL,CRE,,NULL,2813
11819,53909,10507.2,10507.2,USD,CK 41330041,2021-08-05 00:00:00,2021-08-05 00:00:00,0,NULL,CRE,,NULL,2814
11820,53921,6124.8,6124.8,USD,CK 41330041,2021-08-05 00:00:00,2021-08-05 00:00:00,0,NULL,CRE,,NULL,2814
11821,53987,1016.4,1016.4,USD,CK 2008,2021-08-05 00:00:00,2021-08-05 00:00:00,0,NULL,CRE,,NULL,2815
11822,53993,9316.22,9316.22,USD,ACH080621,2021-08-06 00:00:00,2021-08-06 00:00:00,0,NULL,CRE,,NULL,2816
11823,53994,9352.5,9352.5,USD,ACH080621,2021-08-06 00:00:00,2021-08-06 00:00:00,0,NULL,CRE,,NULL,2816
11824,53994,14.3,14.3,USD,ACH112020,2021-08-06 00:00:00,2021-08-06 00:00:00,0,1094,UAC,,NULL,2817
11825,53766,262.5,262.5,USD,WIR080621,2021-08-06 00:00:00,2021-08-06 00:00:00,0,NULL,CRE,,NULL,2818
11826,53964,266.75,266.75,USD,WIR080621,2021-08-06 00:00:00,2021-08-06 00:00:00,0,NULL,CRE,,NULL,2818
11827,53722,290,290,USD,WIR080621,2021-08-06 00:00:00,2021-08-06 00:00:00,0,NULL,CRE,,NULL,2818
11828,53900,317.75,317.75,USD,WIR080621,2021-08-06 00:00:00,2021-08-06 00:00:00,0,NULL,CRE,,NULL,2818
11829,53687,358,358,USD,WIR080621,2021-08-06 00:00:00,2021-08-06 00:00:00,0,NULL,CRE,,NULL,2818
11830,53963,14480.67,14480.67,USD, CK L050197,2021-08-11 00:00:00,2021-08-11 00:00:00,0,NULL,CRE,,NULL,2819
11831,53901,4667.63,4667.63,USD,CK 076625,2021-08-12 00:00:00,2021-08-12 00:00:00,0,NULL,CRE,,NULL,2820
11832,53918,4905.75,4905.75,USD,CK 076625,2021-08-12 00:00:00,2021-08-12 00:00:00,0,NULL,CRE,,NULL,2820
11833,54031,7146,7146,USD,ACH081621,2021-08-16 00:00:00,2021-08-16 00:00:00,0,NULL,CRE,,NULL,2821
11834,52736,1645.62,1645.62,USD,ACJ081321,2021-08-13 00:00:00,2021-08-13 00:00:00,0,NULL,CRE,,NULL,2822
11835,52674,854.38,854.38,USD,ACJ081321,2021-08-13 00:00:00,2021-08-13 00:00:00,0,NULL,CRE,,NULL,2822
11836,53975,7753.6,7753.6,USD,ACH081321,2021-08-13 00:00:00,2021-08-13 00:00:00,0,NULL,CRE,,NULL,2823
11837,53978,1252,1252,USD,ACH081321,2021-08-13 00:00:00,2021-08-13 00:00:00,0,NULL,CRE,,NULL,2824
11838,54004,1845.91,1845.91,USD,ACH081321,2021-08-13 00:00:00,2021-08-13 00:00:00,0,NULL,CRE,,NULL,2824
11839,54008,4347,4347,USD,ACH081321,2021-08-13 00:00:00,2021-08-13 00:00:00,0,NULL,CRE,,NULL,2824
11840,54009,4396,4396,USD,ACH081321,2021-08-13 00:00:00,2021-08-13 00:00:00,0,NULL,CRE,,NULL,2824
11841,54010,3871,3871,USD,ACH081321,2021-08-13 00:00:00,2021-08-13 00:00:00,0,NULL,CRE,,NULL,2824
11842,54012,1034.4,1034.4,USD,ACH081321,2021-08-13 00:00:00,2021-08-13 00:00:00,0,NULL,CRE,,NULL,2824
11843,54048,1170,1170,USD,ACH081321,2021-08-13 00:00:00,2021-08-13 00:00:00,0,NULL,CRE,,NULL,2824
11844,54055,1573,1573,USD,ACH081321,2021-08-13 00:00:00,2021-08-13 00:00:00,0,NULL,CRE,,NULL,2824
11845,54057,1960,1960,USD,ACH081321,2021-08-13 00:00:00,2021-08-13 00:00:00,0,NULL,CRE,,NULL,2824
11846,54066,2527.2,2527.2,USD,ACH081321,2021-08-13 00:00:00,2021-08-13 00:00:00,0,NULL,CRE,,NULL,2824
11847,54062,12164.4,12164.4,USD,ACH082021,2021-08-20 00:00:00,2021-08-20 00:00:00,0,NULL,CRE,,NULL,2825
11848,54054,1007.98,1007.98,USD,ACH082021,2021-08-20 00:00:00,2021-08-20 00:00:00,0,NULL,CRE,,NULL,2825
11849,54007,9646,9646,USD,ACH082021,2021-08-20 00:00:00,2021-08-20 00:00:00,0,NULL,CRE,,NULL,2826
11850,54019,10389.6,10389.6,USD,ACH082021,2021-08-20 00:00:00,2021-08-20 00:00:00,0,NULL,CRE,,NULL,2826
11851,54020,12230.43,12230.43,USD,ACH082021,2021-08-20 00:00:00,2021-08-20 00:00:00,0,NULL,CRE,,NULL,2826
11852,53955,15179,15179,USD,CK 061173,2021-08-19 00:00:00,2021-08-19 00:00:00,0,NULL,CRE,,NULL,2827
11853,54039,16995.2,16995.2,USD,CK 061173,2021-08-19 00:00:00,2021-08-19 00:00:00,0,NULL,CRE,,NULL,2827
11854,54028,4730.4,4730.4,USD,CK 46011,2021-08-19 00:00:00,2021-08-19 00:00:00,0,NULL,CRE,,NULL,2828
11855,54033,3742.2,3742.2,USD,CK 46011,2021-08-19 00:00:00,2021-08-19 00:00:00,0,NULL,CRE,,NULL,2828
11856,53929,6661.5,6661.5,USD,76651,2021-08-19 00:00:00,2021-08-19 00:00:00,0,NULL,CRE,,NULL,2829
11857,53939INV,500,500,USD,CK 5995,2021-08-19 00:00:00,2021-08-19 00:00:00,0,NULL,CRE,,NULL,2830
11858,54025,1457.4,1457.4,USD,ACH082021,2021-08-20 00:00:00,2021-08-20 00:00:00,0,NULL,CRE,,NULL,2831
11859,54014,1616,1616,USD,ACH082021,2021-08-20 00:00:00,2021-08-20 00:00:00,0,NULL,CRE,,NULL,2831
11860,54040,1612.8,1612.8,USD,ACH082021,2021-08-20 00:00:00,2021-08-20 00:00:00,0,NULL,CRE,,NULL,2831
11861,53995,2576,2576,USD,ACH082021,2021-08-20 00:00:00,2021-08-20 00:00:00,0,NULL,CRE,,NULL,2831
11862,54058,2390,2390,USD,ACH082021,2021-08-20 00:00:00,2021-08-20 00:00:00,0,NULL,CRE,,NULL,2831
11863,54059,2455,2455,USD,ACH082021,2021-08-20 00:00:00,2021-08-20 00:00:00,0,NULL,CRE,,NULL,2831
11864,54069,2461.2,2461.2,USD,ACH082021,2021-08-20 00:00:00,2021-08-20 00:00:00,0,NULL,CRE,,NULL,2831
11865,52674,500,500,USD,ACH082321,2021-08-23 00:00:00,2021-08-23 00:00:00,0,NULL,CRE,,NULL,2832
11866,54037,6277.76,6277.76,USD,CK 2320,2021-08-26 00:00:00,2021-08-26 00:00:00,0,NULL,CRE,,NULL,2833
11867,54044,1605,1605,USD,CK 2323,2021-08-26 00:00:00,2021-08-26 00:00:00,0,NULL,CRE,,NULL,2834
11868,54071,3998.4,3998.4,USD,CK 46066,2021-08-26 00:00:00,2021-08-26 00:00:00,0,NULL,CRE,,NULL,2835
11869,54016,4042.72,4042.72,USD,CK 8422,2021-08-26 00:00:00,2021-08-26 00:00:00,0,NULL,CRE,,NULL,2836
11870,54068,10628.8,10628.8,USD,ACH082721,2021-08-27 00:00:00,2021-08-27 00:00:00,0,NULL,CRE,,NULL,2837
11871,54035,8153.6,8153.6,USD,ACH082721,2021-08-27 00:00:00,2021-08-27 00:00:00,0,NULL,CRE,,NULL,2838
11872,53966,2629.86,2629.86,USD,ACH082721,2021-08-27 00:00:00,2021-08-27 00:00:00,0,NULL,CRE,,NULL,2839
11873,54034,909.6,909.6,USD,ACH082721,2021-08-27 00:00:00,2021-08-27 00:00:00,0,NULL,CRE,,NULL,2840
11874,53998,1353,1353,USD,ACH082721,2021-08-27 00:00:00,2021-08-27 00:00:00,0,NULL,CRE,,NULL,2840
11875,54091,2160.6,2160.6,USD,ACH082721,2021-08-27 00:00:00,2021-08-27 00:00:00,0,NULL,CRE,,NULL,2840
11876,52674,500,500,USD,ACH083021,2021-08-30 00:00:00,2021-08-30 00:00:00,0,NULL,CRE,,NULL,2841
11877,53878,5485.09,5485.09,USD,ACH083021,2021-08-30 00:00:00,2021-08-30 00:00:00,0,NULL,CRE,,NULL,2842
11878,54013,18630,18630,USD,CK 108563,2021-08-31 00:00:00,2021-08-31 00:00:00,0,NULL,CRE,,NULL,2843
11879,53767,14827.6,14827.6,USD,CK L052546,2021-08-31 00:00:00,2021-08-31 00:00:00,0,NULL,CRE,,NULL,2844
11880,53917,20688,20688,USD,CK L052546,2021-08-31 00:00:00,2021-08-31 00:00:00,0,NULL,CRE,,NULL,2844
11881,54067,937.95,937.95,USD,ACH090321,2021-09-03 00:00:00,2021-09-03 00:00:00,0,NULL,CRE,,NULL,2845
11882,54026,2204.88,2204.88,USD,ACH090321,2021-09-03 00:00:00,2021-09-03 00:00:00,0,NULL,CRE,,NULL,2846
11883,54056,-2100,-2100,USD,ACH090321,2021-09-03 00:00:00,2021-09-03 00:00:00,0,NULL,CRE,,NULL,2846
11884,53948,2469,2469,USD,CK 076682,2021-09-03 00:00:00,2021-09-03 00:00:00,0,NULL,CRE,,NULL,2847
11885,53967,5871.36,5871.36,USD,CK 076682,2021-09-03 00:00:00,2021-09-03 00:00:00,0,NULL,CRE,,NULL,2847
11886,53926,1984.96,1984.96,USD,CK 076682,2021-09-03 00:00:00,2021-09-03 00:00:00,0,NULL,CRE,,NULL,2847
11888,54081,11872.5,11872.5,USD,ACH090721,2021-09-07 00:00:00,2021-09-07 00:00:00,0,NULL,CRE,,NULL,2849
11889,52674,500,500,USD,ACH090721,2021-09-07 00:00:00,2021-09-07 00:00:00,0,NULL,CRE,,NULL,2850
11890,54063,1498,1498,USD,ACH090721,2021-09-07 00:00:00,2021-09-07 00:00:00,0,NULL,CRE,,NULL,2851
11891,54089,874.8,874.8,USD,ACH090721,2021-09-07 00:00:00,2021-09-07 00:00:00,0,NULL,CRE,,NULL,2851
11892,54049,2092.44,2092.44,USD,ACH090721,2021-09-07 00:00:00,2021-09-07 00:00:00,0,NULL,CRE,,NULL,2851
11893,54113,5002.8,5002.8,USD,ACH090721,2021-09-07 00:00:00,2021-09-07 00:00:00,0,NULL,CRE,,NULL,2851
11894,54117,1980.55,1980.55,USD,ACH090721,2021-09-07 00:00:00,2021-09-07 00:00:00,0,NULL,CRE,,NULL,2851
11895,54076,4872,4872,USD,ACH090821,2021-09-08 00:00:00,2021-09-08 00:00:00,0,NULL,CRE,,NULL,2852
11896,54041,7700,7700,USD,CK 13890,2021-09-08 00:00:00,2021-09-08 00:00:00,0,NULL,CRE,,NULL,2853
11897,52674,500,500,USD,QCH090921,2021-09-09 00:00:00,2021-09-09 00:00:00,0,NULL,CRE,,NULL,2854
11898,54021,7105.4,7105.4,USD,WIR090821,2021-09-08 00:00:00,2021-09-08 00:00:00,0,NULL,CRE,,NULL,2855
11899,54077,12832.1,12832.1,USD,WIR090821,2021-09-08 00:00:00,2021-09-08 00:00:00,0,NULL,CRE,,NULL,2855
11900,54112,3838.35,3838.35,USD,WIR090821,2021-09-08 00:00:00,2021-09-08 00:00:00,0,NULL,CRE,,NULL,2855
11901,54096,10553.04,10553.04,USD,ACH091021,2021-09-10 00:00:00,2021-09-10 00:00:00,0,NULL,CRE,,NULL,2856
11902,54119,5059.47,5059.47,USD,ACH091021,2021-09-10 00:00:00,2021-09-10 00:00:00,0,NULL,CRE,,NULL,2857
11903,53992,958.4,958.4,USD,ACH091021,2021-09-10 00:00:00,2021-09-10 00:00:00,0,NULL,CRE,,NULL,2858
11904,54141,2799,2799,USD,CK 15017,2021-09-10 00:00:00,2021-09-10 00:00:00,0,NULL,CRE,,NULL,2859
11905,54018,7891.2,7891.2,USD,CK 108659,2021-09-10 00:00:00,2021-09-10 00:00:00,0,NULL,CRE,,NULL,2860
11906,54024,6184.75,6184.75,USD,CK 108659,2021-09-10 00:00:00,2021-09-10 00:00:00,0,NULL,CRE,,NULL,2860
11907,54053,7329.3,7329.3,USD,CK 108659,2021-09-10 00:00:00,2021-09-10 00:00:00,0,NULL,CRE,,NULL,2860
11908,54064,7484.4,7484.4,USD,CK 108659,2021-09-10 00:00:00,2021-09-10 00:00:00,0,NULL,CRE,,NULL,2860
11909,53858,1841.4,1841.4,USD,ACH091321,2021-09-14 00:00:00,2021-09-14 00:00:00,0,NULL,CRE,,NULL,2861
11910,54098,1584,1584,USD,ACH091321,2021-09-14 00:00:00,2021-09-14 00:00:00,0,NULL,CRE,,NULL,2861
11911,54103,1521,1521,USD,ACH091321,2021-09-14 00:00:00,2021-09-14 00:00:00,0,NULL,CRE,,NULL,2861
11912,54110,2472.5,2472.5,USD,ACH091321,2021-09-14 00:00:00,2021-09-14 00:00:00,0,NULL,CRE,,NULL,2861
11913,54084,3717,3717,USD,ACH091321,2021-09-14 00:00:00,2021-09-14 00:00:00,0,NULL,CRE,,NULL,2861
11914,54104,1704,1704,USD,ACH091321,2021-09-14 00:00:00,2021-09-14 00:00:00,0,NULL,CRE,,NULL,2861
11915,54050,2447.76,2447.76,USD,ACH091321,2021-09-14 00:00:00,2021-09-14 00:00:00,0,NULL,CRE,,NULL,2861
11916,54123,1390.2,1390.2,USD,ACH091321,2021-09-14 00:00:00,2021-09-14 00:00:00,0,NULL,CRE,,NULL,2861
11917,54083,2499,2499,USD,ACH091321,2021-09-14 00:00:00,2021-09-14 00:00:00,0,NULL,CRE,,NULL,2861
11918,54006,9808.75,9808.75,USD,ACH091321,2021-09-14 00:00:00,2021-09-14 00:00:00,0,NULL,CRE,,NULL,2861
11919,52674,500,500,USD,ACH091421,2021-09-14 00:00:00,2021-09-14 00:00:00,0,NULL,CRE,,NULL,2862
11920,54111,2694,2694,USD,CK 56456670,2021-09-14 00:00:00,2021-09-14 00:00:00,0,NULL,CRE,,NULL,2863
11921,54109,3583.4,3583.4,USD,CK 10652,2021-09-14 00:00:00,2021-09-14 00:00:00,0,NULL,CRE,,NULL,2864
11922,53745,4222.75,4222.75,USD,CK 10238,2021-09-14 00:00:00,2021-09-14 00:00:00,0,NULL,CRE,,NULL,2865
11923,54067INV,198.49,198.49,USD,CK 16418,2021-09-15 00:00:00,2021-09-15 00:00:00,0,NULL,CRE,,NULL,2866
11924,53953,4627.32,4627.32,USD,CK 076709,2021-09-14 00:00:00,2021-09-14 00:00:00,0,NULL,CRE,,NULL,2867
11925,53991,2044.8,2044.8,USD,CK 076709,2021-09-14 00:00:00,2021-09-14 00:00:00,0,NULL,CRE,,NULL,2867
11926,54097,5128.8,5128.8,USD,CK 8607,2021-09-15 00:00:00,2021-09-15 00:00:00,0,NULL,CRE,,NULL,2868
11927,54079,6981.65,6981.65,USD,ACH091521,2021-09-15 00:00:00,2021-09-15 00:00:00,0,NULL,CRE,,NULL,2869
11928,54092,5806.68,5806.68,USD,ACH091521,2021-09-15 00:00:00,2021-09-15 00:00:00,0,NULL,CRE,,NULL,2869
11929,54047,7080.98,7080.98,USD,ACH091521,2021-09-15 00:00:00,2021-09-15 00:00:00,0,NULL,CRE,,NULL,2869
11930,54051,2206.89,2206.89,USD,ACH091721,2021-09-17 00:00:00,2021-09-17 00:00:00,0,NULL,CRE,,NULL,2870
11931,54105,1455,1455,USD,ACH091721,2021-09-17 00:00:00,2021-09-17 00:00:00,0,NULL,CRE,,NULL,2870
11932,54115,1346.4,1346.4,USD,ACH091721,2021-09-17 00:00:00,2021-09-17 00:00:00,0,NULL,CRE,,NULL,2870
11933,54042,12004,12004,USD,CK 8351,2021-09-20 00:00:00,2021-09-20 00:00:00,0,NULL,CRE,,NULL,2871
11934,54023,5479.2,5479.2,USD,CK 13908,2021-09-20 00:00:00,2021-09-20 00:00:00,0,NULL,CRE,,NULL,2872
11935,52674,500,500,USD,ACH092121,2021-09-21 00:00:00,2021-09-21 00:00:00,0,NULL,CRE,,NULL,2873
11936,54070,23591.15,23591.15,USD,ACH092321,2021-09-23 00:00:00,2021-09-23 00:00:00,0,NULL,CRE,,NULL,2874
11937,53965,4224.65,4224.65,USD,ACH092321,2021-09-23 00:00:00,2021-09-23 00:00:00,0,NULL,CRE,,NULL,2874
11938,54131,603.2,603.2,USD,ACH092421,2021-09-24 00:00:00,2021-09-24 00:00:00,0,NULL,CRE,,NULL,2875
11939,54074,16674.3,16674.3,USD,ACH092321,2021-09-23 00:00:00,2021-09-23 00:00:00,0,NULL,CRE,,NULL,2876
11940,54085,2754,2754,USD,ACH092421,2021-09-24 00:00:00,2021-09-24 00:00:00,0,NULL,CRE,,NULL,2877
11941,54116,1752,1752,USD,ACH092421,2021-09-24 00:00:00,2021-09-24 00:00:00,0,NULL,CRE,,NULL,2877
11942,53976,731.2,731.2,USD,ACH092421,2021-09-24 00:00:00,2021-09-24 00:00:00,0,NULL,CRE,,NULL,2877
11943,54149,1980,1980,USD,ACH092421,2021-09-24 00:00:00,2021-09-24 00:00:00,0,NULL,CRE,,NULL,2877
11944,54200,3327,3327,USD,ACH092421,2021-09-24 00:00:00,2021-09-24 00:00:00,0,NULL,CRE,,NULL,2877
11945,54180,1443.2,1443.2,USD,ACH092421,2021-09-24 00:00:00,2021-09-24 00:00:00,0,NULL,CRE,,NULL,2877
11946,54015,6112.44,6112.44,USD,CK 076736,2021-09-24 00:00:00,2021-09-24 00:00:00,0,NULL,CRE,,NULL,2878
11947,53899,5181.6,5181.6,USD,CK 076736,2021-09-24 00:00:00,2021-09-24 00:00:00,0,NULL,CRE,,NULL,2878
11948,54082,18684,18684,USD,CK 108837,2021-09-24 00:00:00,2021-09-24 00:00:00,0,NULL,CRE,,NULL,2879
11949,54145,5255.72,5255.72,USD,CK 2363,2021-09-28 00:00:00,2021-09-28 00:00:00,0,NULL,CRE,,NULL,2880
11950,54088,10146.76,10146.76,USD,CK 8403,2021-09-27 00:00:00,2021-09-27 00:00:00,0,NULL,CRE,,NULL,2881
11951,54164,5784.8,5784.8,USD,CK 46774,2021-09-27 00:00:00,2021-09-27 00:00:00,0,NULL,CRE,,NULL,2882
11952,52674,500,500,USD,ACH092921,2021-09-29 00:00:00,2021-09-29 00:00:00,0,NULL,CRE,,NULL,2883
11953,54095,6836.8,6836.8,USD,ACH092821,2021-09-28 00:00:00,2021-09-28 00:00:00,0,NULL,CRE,,NULL,2884
11954,54094,7708.8,7708.8,USD,ACH092821,2021-09-28 00:00:00,2021-09-28 00:00:00,0,NULL,CRE,,NULL,2885
11955,54027,10915,10915,USD,CH092821,2021-09-28 00:00:00,2021-09-28 00:00:00,0,NULL,CRE,,NULL,2886
11956,54073,18496.8,18496.8,USD,CK L055070,2021-09-29 00:00:00,2021-09-29 00:00:00,0,NULL,CRE,,NULL,2887
11957,54102,31542,31542,USD,CK 108969,2021-09-29 00:00:00,2021-09-29 00:00:00,0,NULL,CRE,,NULL,2888
11958,54106,25436.4,25436.4,USD,CK 108969,2021-09-29 00:00:00,2021-09-29 00:00:00,0,NULL,CRE,,NULL,2888
11959,54107,12047.88,12047.88,USD,CK 108700,2021-09-30 00:00:00,2021-09-30 00:00:00,0,NULL,CRE,,NULL,2889
11960,54158,7890,7890,USD,ACH100121,2021-10-01 00:00:00,2021-10-01 00:00:00,0,NULL,CRE,,NULL,2890
11961,54182,10835,10835,USD,ACH100121,2021-10-01 00:00:00,2021-10-01 00:00:00,0,NULL,CRE,,NULL,2890
11962,54121,10995,10995,USD,ACH100121,2021-10-01 00:00:00,2021-10-01 00:00:00,0,NULL,CRE,,NULL,2891
11963,54152,10419.6,10419.6,USD,ACH100121,2021-10-01 00:00:00,2021-10-01 00:00:00,0,NULL,CRE,,NULL,2891
11964,54140,1017.6,1017.6,USD,ACH100121,2021-10-01 00:00:00,2021-10-01 00:00:00,0,NULL,CRE,,NULL,2892
11965,54151,3574.8,3574.8,USD,ACH100121,2021-10-01 00:00:00,2021-10-01 00:00:00,0,NULL,CRE,,NULL,2892
11966,54136,1842.4,1842.4,USD,ACH100121,2021-10-01 00:00:00,2021-10-01 00:00:00,0,NULL,CRE,,NULL,2892
11967,54154,1430,1430,USD,ACH100121,2021-10-01 00:00:00,2021-10-01 00:00:00,0,NULL,CRE,,NULL,2892
11968,54178,4610.4,4610.4,USD,ACH100121,2021-10-01 00:00:00,2021-10-01 00:00:00,0,NULL,CRE,,NULL,2892
11969,54207,1626,1626,USD,ACH100121,2021-10-01 00:00:00,2021-10-01 00:00:00,0,NULL,CRE,,NULL,2892
11970,53958,4426.8,4426.8,USD,CK 005933,2021-10-04 00:00:00,2021-10-04 00:00:00,0,NULL,CRE,,NULL,2893
11971,54108,18774.44,18774.44,USD,CK 116321,2021-10-04 00:00:00,2021-10-04 00:00:00,0,NULL,CRE,,NULL,2894
11972,54046,1596,1596,USD,CK 2369,2021-10-04 00:00:00,2021-10-04 00:00:00,0,NULL,CRE,,NULL,2895
11973,54172,14521.65,14521.65,USD,ACH100521,2021-10-05 00:00:00,2021-10-05 00:00:00,0,NULL,CRE,,NULL,2896
11974,52674,500,500,USD,ACH100521,2021-10-05 00:00:00,2021-10-05 00:00:00,0,NULL,CRE,,NULL,2897
11975,52674,-500,-500,USD,ACH100521,2021-10-05 00:00:00,2021-10-05 14:52:56,0,NULL,CRE,UNDO 11974,NULL,2898
11976,52674,-500,-500,USD,ACH092921,2021-10-05 00:00:00,2021-10-05 14:53:09,0,NULL,CRE,UNDO 11952,NULL,2899
11977,52674,-500,-500,USD,ACH092121,2021-10-05 00:00:00,2021-10-05 14:54:47,0,NULL,CRE,UNDO 11935,NULL,2900
11978,52674,70.66,70.66,USD,ACH092121,2021-09-21 00:00:00,2021-09-21 00:00:00,0,NULL,CRE,,NULL,2901
11979,52766,429.34,429.34,USD,ACH092121,2021-09-21 00:00:00,2021-09-21 00:00:00,0,NULL,CRE,,NULL,2902
11980,52766,500,500,USD,ACH092921,2021-09-29 00:00:00,2021-09-29 00:00:00,0,NULL,CRE,,NULL,2903
11981,52766,500,500,USD,ACH100521,2021-10-05 00:00:00,2021-10-05 00:00:00,0,NULL,CRE,,NULL,2904
11982,54132,10532.5,10532.5,USD,CK 00462737,2021-10-05 00:00:00,2021-10-05 00:00:00,0,NULL,CRE,,NULL,2905
11983,54100,6818,6818,USD,CK 20093,2021-10-05 00:00:00,2021-10-05 00:00:00,0,NULL,CRE,,NULL,2906
11984,54056R,2478.4,2478.4,USD,CK 4727,2021-10-05 00:00:00,2021-10-05 00:00:00,0,NULL,CRE,,NULL,2907
11985,53535,-3735.4,-3735.4,USD,CK 6831,2021-10-06 00:00:00,2021-10-06 16:20:49,0,NULL,CRE,UNDO 11453,NULL,2908
11986,54183,5322,5322,USD,CK 8769,2021-10-07 00:00:00,2021-10-07 00:00:00,0,NULL,CRE,,NULL,2909
11987,54130,20628.48,20628.48,USD,CK 1055831,2021-10-07 00:00:00,2021-10-07 00:00:00,0,NULL,CRE,,NULL,2910
11988,54078,3744,3744,USD,ACH100721,2021-10-08 00:00:00,2021-10-08 00:00:00,0,NULL,CRE,,NULL,2911
11989,54142,10001.6,10001.6,USD,ACH100821,2021-10-08 00:00:00,2021-10-08 00:00:00,0,NULL,CRE,,NULL,2912
11990,54143,6604.2,6604.2,USD,ACH100821,2021-10-08 00:00:00,2021-10-08 00:00:00,0,NULL,CRE,,NULL,2912
11991,54179,1300,1300,USD,ACH100821,2021-10-08 00:00:00,2021-10-08 00:00:00,0,NULL,CRE,,NULL,2912
11992,54153,3464,3464,USD,ACH100821,2021-10-08 00:00:00,2021-10-08 00:00:00,0,NULL,CRE,,NULL,2912
11993,54133,4180,4180,USD,ACH100821,2021-10-08 00:00:00,2021-10-08 00:00:00,0,NULL,CRE,,NULL,2913
11994,54168,2424.4,2424.4,USD,ACH10082021,2021-10-08 00:00:00,2021-10-08 00:00:00,0,NULL,CRE,,NULL,2914
11995,54174,2166,2166,USD,ACH10082021,2021-10-08 00:00:00,2021-10-08 00:00:00,0,NULL,CRE,,NULL,2914
11996,54231,1482.8,1482.8,USD,ACH10082021,2021-10-08 00:00:00,2021-10-08 00:00:00,0,NULL,CRE,,NULL,2914
11997,54045,1299.6,1299.6,USD,CK 2376,2021-10-12 00:00:00,2021-10-12 00:00:00,0,NULL,CRE,,NULL,2915
11998,54090,9388.56,9388.56,USD,ACH101221,2021-10-12 00:00:00,2021-10-12 00:00:00,0,NULL,CRE,,NULL,2916
11999,52766,499.57,499.57,USD,ach101321,2021-10-13 00:00:00,2021-10-13 00:00:00,0,1112,UAC,,NULL,2918
12000,52786,0.043,0.043,USD,ach101321,2021-10-13 00:00:00,2021-10-13 00:00:00,0,1112,UAC,,NULL,2919
12001,54099,5063.82,5063.82,USD,CK 109340,2021-10-13 00:00:00,2021-10-13 00:00:00,0,NULL,CRE,,NULL,2920
12002,54065,7042.2,7042.2,USD,CK 109340,2021-10-13 00:00:00,2021-10-13 00:00:00,0,NULL,CRE,,NULL,2920
12003,54148,24028.2,24028.2,USD,CK 109340,2021-10-13 00:00:00,2021-10-13 00:00:00,0,NULL,CRE,,NULL,2920
12004,54128,1910,1910,USD,CK 109340,2021-10-13 00:00:00,2021-10-13 00:00:00,0,NULL,CRE,,NULL,2920
12005,54177,3543.93,3543.93,USD,CK 10685,2021-10-13 00:00:00,2021-10-13 00:00:00,0,NULL,CRE,,NULL,2921
12006,53535,3735.4,3735.4,USD,CK 8835,2021-10-13 00:00:00,2021-10-13 00:00:00,0,NULL,CRE,,NULL,2922
12007,54262,453.5,453.5,USD,OFFSET,2021-10-14 00:00:00,2021-10-14 10:31:01,0,0,OFF,,NULL,NULL
12008,54072,4174,4174,USD,WIR101321,2021-10-13 00:00:00,2021-10-13 00:00:00,0,NULL,CRE,,NULL,2923
12009,54201,9916.8,9916.8,USD,ACH101521,2021-10-15 00:00:00,2021-10-15 00:00:00,0,NULL,CRE,,NULL,2924
12010,54191,11562.96,11562.96,USD,ACH101521,2021-10-15 00:00:00,2021-10-15 00:00:00,0,NULL,CRE,,NULL,2924
12011,54193,10026.72,10026.72,USD,ACH101521,2021-10-15 00:00:00,2021-10-15 00:00:00,0,NULL,CRE,,NULL,2924
12012,54205,1036.8,1036.8,USD,ACH101521,2021-10-15 00:00:00,2021-10-15 00:00:00,0,NULL,CRE,,NULL,2925
12013,54221,7999.2,7999.2,USD,ACH101521,2021-10-15 00:00:00,2021-10-15 00:00:00,0,NULL,CRE,,NULL,2925
12014,54194,13825,13825,USD,ACH101521,2021-10-15 00:00:00,2021-10-15 00:00:00,0,NULL,CRE,,NULL,2925
12015,54217,3856,3856,USD,ACH101521,2021-10-15 00:00:00,2021-10-15 00:00:00,0,NULL,CRE,,NULL,2925
12016,54167,3797.2,3797.2,USD,ACH101821,2021-10-18 00:00:00,2021-10-18 00:00:00,0,NULL,CRE,,NULL,2926
12017,54175,1539,1539,USD,ACH101821,2021-10-18 00:00:00,2021-10-18 00:00:00,0,NULL,CRE,,NULL,2926
12018,54176,1644,1644,USD,ACH101821,2021-10-18 00:00:00,2021-10-18 00:00:00,0,NULL,CRE,,NULL,2926
12019,54114,1867.8,1867.8,USD,ACH101821,2021-10-18 00:00:00,2021-10-18 00:00:00,0,NULL,CRE,,NULL,2926
12020,54198,1465.2,1465.2,USD,ACH101821,2021-10-18 00:00:00,2021-10-18 00:00:00,0,NULL,CRE,,NULL,2926
12021,54204,3451,3451,USD,ACH101821,2021-10-18 00:00:00,2021-10-18 00:00:00,0,NULL,CRE,,NULL,2926
12022,54251,1147,1147,USD,ACH101821,2021-10-18 00:00:00,2021-10-18 00:00:00,0,NULL,CRE,,NULL,2926
12023,54252,1145,1145,USD,ACH101821,2021-10-18 00:00:00,2021-10-18 00:00:00,0,NULL,CRE,,NULL,2926
12024,54218,2075,2075,USD,ACH101821,2021-10-18 00:00:00,2021-10-18 00:00:00,0,NULL,CRE,,NULL,2926
12025,54257,1287,1287,USD,ACH101821,2021-10-18 00:00:00,2021-10-18 00:00:00,0,NULL,CRE,,NULL,2926
12026,52786,500,500,USD,ACH102021,2021-10-20 00:00:00,2021-10-20 00:00:00,0,NULL,CRE,,NULL,2927
12027,54075,4905,4905,USD,CK 076806,2021-10-18 00:00:00,2021-10-18 00:00:00,0,NULL,CRE,,NULL,2928
12028,54122,9681.66,9681.66,USD,CK 00462939,2021-10-21 00:00:00,2021-10-21 00:00:00,0,NULL,CRE,,NULL,2929
12029,54146,9730.8,9730.8,USD,CK 00462939,2021-10-21 00:00:00,2021-10-21 00:00:00,0,NULL,CRE,,NULL,2929
12030,54147,8733.1,8733.1,USD,CK 00462939,2021-10-21 00:00:00,2021-10-21 00:00:00,0,NULL,CRE,,NULL,2929
12031,54254,681.95,681.95,USD,ACH102221,2021-10-22 00:00:00,2021-10-22 00:00:00,0,NULL,CRE,,NULL,2930
12032,54258,1294.4,1294.4,USD,ACH102221,2021-10-22 00:00:00,2021-10-22 00:00:00,0,NULL,CRE,,NULL,2930
12033,54144,2336.8,2336.8,USD,ACH102221,2021-10-22 00:00:00,2021-10-22 00:00:00,0,NULL,CRE,,NULL,2930
12034,54216,1404,1404,USD,ACH102221,2021-10-22 00:00:00,2021-10-22 00:00:00,0,NULL,CRE,,NULL,2931
12035,53757,1459.2,1459.2,USD,ACH102221,2021-10-22 00:00:00,2021-10-22 00:00:00,0,NULL,CRE,,NULL,2931
12036,54222,3828,3828,USD,ACH102221,2021-10-22 00:00:00,2021-10-22 00:00:00,0,NULL,CRE,,NULL,2931
12037,54237,1526,1526,USD,ACH102221,2021-10-22 00:00:00,2021-10-22 00:00:00,0,NULL,CRE,,NULL,2931
12038,54196,6722.08,6722.08,USD,ACH102221,2021-10-22 00:00:00,2021-10-22 00:00:00,0,NULL,CRE,,NULL,2932
12039,54187,6840.96,6840.96,USD,ACH102221,2021-10-22 00:00:00,2021-10-22 00:00:00,0,NULL,CRE,,NULL,2933
12040,54211,10430.4,10430.4,USD,ACH102221,2021-10-22 00:00:00,2021-10-22 00:00:00,0,NULL,CRE,,NULL,2934
12041,54134,10929.6,10929.6,USD,ACH102221,2021-10-22 00:00:00,2021-10-22 00:00:00,0,NULL,CRE,,NULL,2935
12042,54165,11343,11343,USD,AR102221,2021-10-22 00:00:00,2021-10-22 00:00:00,0,NULL,CRE,,NULL,2936
12043,54209,10080,10080,USD,ACH102221,2021-10-22 00:00:00,2021-10-22 00:00:00,0,NULL,CRE,,NULL,2937
12044,54269,3525,3525,USD,CK 15175,2021-10-22 00:00:00,2021-10-22 00:00:00,0,NULL,CRE,,NULL,2938
12045,52510,-798.8,-798.8,USD,CM 52607,2021-10-25 00:00:00,2021-10-25 00:00:00,0,NULL,CRE,,NULL,2939
12046,52607,798.8,798.8,USD,CM 52607,2021-10-25 00:00:00,2021-10-25 00:00:00,0,NULL,CRE,,NULL,2939
12047,54234,10115.28,10115.28,USD,CK 78307,2021-10-26 00:00:00,2021-10-26 00:00:00,0,NULL,CRE,,NULL,2940
12048,54223,7083.25,7083.25,USD,CK 2391,2021-10-26 00:00:00,2021-10-26 00:00:00,0,NULL,CRE,,NULL,2941
12049,54160,2963.54,2963.54,USD,CK 109552,2021-10-26 00:00:00,2021-10-26 00:00:00,0,NULL,CRE,,NULL,2942
12050,54162,7124.7,7124.7,USD,CK 109552,2021-10-26 00:00:00,2021-10-26 00:00:00,0,NULL,CRE,,NULL,2942
12051,54219,7177.5,7177.5,USD,CK 109552,2021-10-26 00:00:00,2021-10-26 00:00:00,0,NULL,CRE,,NULL,2942
12052,54138,14462.8,14462.8,USD,CK 109552,2021-10-26 00:00:00,2021-10-26 00:00:00,0,NULL,CRE,,NULL,2942
12053,54232,2464.8,2464.8,USD,CK 109552,2021-10-26 00:00:00,2021-10-26 00:00:00,0,NULL,CRE,,NULL,2942
12054,54139,4015.2,4015.2,USD,ACH102621,2021-10-26 00:00:00,2021-10-26 00:00:00,0,NULL,CRE,,NULL,2943
12055,54241,3066,3066,USD,CK 57618542,2021-10-27 00:00:00,2021-10-27 00:00:00,0,NULL,CRE,,NULL,2944
12056,54159,19284.48,19284.48,USD, CK 4767,2021-10-26 00:00:00,2021-10-26 00:00:00,0,NULL,CRE,,NULL,2945
12057,54248,1452,1452,USD,CK 2396,2021-10-27 00:00:00,2021-10-27 00:00:00,0,NULL,CRE,,NULL,2946
12058,54150,16801.2,16801.2,USD,CK 1058111,2021-10-28 00:00:00,2021-10-28 00:00:00,0,NULL,CRE,,NULL,2947
12059,54268,4474.4,4474.4,USD,CK 8963,2021-10-28 00:00:00,2021-10-28 00:00:00,0,NULL,CRE,,NULL,2948
12060,54246,780,780,USD,ACH102921,2021-10-29 00:00:00,2021-10-29 00:00:00,0,NULL,CRE,,NULL,2949
12061,54255,790.2,790.2,USD,ACH102921,2021-10-29 00:00:00,2021-10-29 00:00:00,0,NULL,CRE,,NULL,2949
12062,54126,18183.8,18183.8,USD,ACH102921,2021-10-29 00:00:00,2021-10-29 00:00:00,0,NULL,CRE,,NULL,2949
12063,54125,18643.8,18643.8,USD,ACH102921,2021-10-29 00:00:00,2021-10-29 00:00:00,0,NULL,CRE,,NULL,2949
12064,54189,1514.8,1514.8,USD,ACH102921,2021-10-29 00:00:00,2021-10-29 00:00:00,0,NULL,CRE,,NULL,2949
12065,54206,9678.4,9678.4,USD,ACH102921,2021-10-29 00:00:00,2021-10-29 00:00:00,0,NULL,CRE,,NULL,2950
12066,54238,1472,1472,USD,ACH102921,2021-10-29 00:00:00,2021-10-29 00:00:00,0,NULL,CRE,,NULL,2951
12067,54245,1420,1420,USD,ACH102921,2021-10-29 00:00:00,2021-10-29 00:00:00,0,NULL,CRE,,NULL,2951
12068,54215,7833,7833,USD,CK 8495,2021-10-29 00:00:00,2021-10-29 00:00:00,0,NULL,CRE,,NULL,2952
12069,52786,500,500,USD,ACH110121,2021-11-01 00:00:00,2021-11-01 00:00:00,0,NULL,CRE,,NULL,2953
12070,52786,500,500,USD,ACH110221,2021-11-02 00:00:00,2021-11-02 00:00:00,0,NULL,CRE,,NULL,2954
12071,54260,4278.4,4278.4,USD,ACH110221,2021-11-02 00:00:00,2021-11-02 00:00:00,0,NULL,CRE,,NULL,2955
12072,54228,6217.2,6217.2,USD,ACH110221,2021-11-02 00:00:00,2021-11-02 00:00:00,0,NULL,CRE,,NULL,2956
12073,54227,14854.41,14854.41,USD,ACH110221,2021-11-02 00:00:00,2021-11-02 00:00:00,0,NULL,CRE,,NULL,2956
12074,54093,6096,6096,USD,CK 076839,2021-11-03 00:00:00,2021-11-03 00:00:00,0,NULL,CRE,,NULL,2957
12075,54224,4238.66,4238.66,USD,CK 20257,2021-11-03 00:00:00,2021-11-03 00:00:00,0,NULL,CRE,,NULL,2958
12076,54233INV,1950,1950,USD,ACH110521,2021-11-05 00:00:00,2021-11-05 00:00:00,0,NULL,CRE,,NULL,2959
12077,54259,10327,10327,USD,ACH110521,2021-11-05 00:00:00,2021-11-05 00:00:00,0,NULL,CRE,,NULL,2960
12078,54226,10120,10120,USD,ACH110521,2021-11-05 00:00:00,2021-11-05 00:00:00,0,NULL,CRE,,NULL,2960
12079,54273,1570.8,1570.8,USD,ACH110521,2021-11-05 00:00:00,2021-11-05 00:00:00,0,NULL,CRE,,NULL,2961
12080,54274,2219.4,2219.4,USD,ACH110521,2021-11-05 00:00:00,2021-11-05 00:00:00,0,NULL,CRE,,NULL,2961
12081,54275,2116.67,2116.67,USD,ACH110521,2021-11-05 00:00:00,2021-11-05 00:00:00,0,NULL,CRE,,NULL,2961
12082,54276,2228.31,2228.31,USD,ACH110521,2021-11-05 00:00:00,2021-11-05 00:00:00,0,NULL,CRE,,NULL,2961
12083,54277,3163.6,3163.6,USD,ACH110521,2021-11-05 00:00:00,2021-11-05 00:00:00,0,NULL,CRE,,NULL,2961
12084,54271,4342.8,4342.8,USD,ACH110521,2021-11-05 00:00:00,2021-11-05 00:00:00,0,NULL,CRE,,NULL,2961
12085,54272,4784.4,4784.4,USD,ACH110521,2021-11-05 00:00:00,2021-11-05 00:00:00,0,NULL,CRE,,NULL,2961
12086,54279,2654.54,2654.54,USD,ACH110521,2021-11-05 00:00:00,2021-11-05 00:00:00,0,NULL,CRE,,NULL,2961
12087,54281,2889,2889,USD,ACH110521,2021-11-05 00:00:00,2021-11-05 00:00:00,0,NULL,CRE,,NULL,2961
12088,54317,1445.4,1445.4,USD,ACH110521,2021-11-05 00:00:00,2021-11-05 00:00:00,0,NULL,CRE,,NULL,2961
12089,54291,6694.26,6694.26,USD,ACH1105/21,2021-11-05 00:00:00,2021-11-05 00:00:00,0,NULL,CRE,,NULL,2962
12090,52786,500,500,USD,ACH110921,2021-11-09 00:00:00,2021-11-09 00:00:00,0,NULL,CRE,,NULL,2963
12091,54220,9848.7,9848.7,USD,CK 00463923,2021-11-10 00:00:00,2021-11-10 00:00:00,0,NULL,CRE,,NULL,2964
12092,54261,9545.8,9545.8,USD,CK 00463923,2021-11-10 00:00:00,2021-11-10 00:00:00,0,NULL,CRE,,NULL,2964
12093,54169R,8676.7,8676.7,USD,CK 00463923,2021-11-10 00:00:00,2021-11-10 00:00:00,0,NULL,CRE,,NULL,2964
12094,54236,17665.2,17665.2,USD,CK 1059745,2021-11-10 00:00:00,2021-11-10 00:00:00,0,NULL,CRE,,NULL,2965
12095,54212,20212.8,20212.8,USD,CK 1059745,2021-11-10 00:00:00,2021-11-10 00:00:00,0,NULL,CRE,,NULL,2965
12096,54284,15984.85,15984.85,USD,CK 2419,2021-11-15 00:00:00,2021-11-15 00:00:00,0,NULL,CRE,,NULL,2966
12097,54283,18362.93,18362.93,USD,CK 2419,2021-11-15 00:00:00,2021-11-15 00:00:00,0,NULL,CRE,,NULL,2966
12098,54190,10508.7,10508.7,USD,CK 00463372,2021-11-15 00:00:00,2021-11-15 00:00:00,0,NULL,CRE,,NULL,2967
12099,54244,19935,19935,USD,CK 116472,2021-11-15 00:00:00,2021-11-15 00:00:00,0,NULL,CRE,,NULL,2968
12100,54315,855.6,855.6,USD,ACH111521,2021-11-15 00:00:00,2021-11-15 00:00:00,0,NULL,CRE,,NULL,2969
12101,54302,2403.54,2403.54,USD,ACH111521,2021-11-15 00:00:00,2021-11-15 00:00:00,0,NULL,CRE,,NULL,2970
12102,54335,1278,1278,USD,ACH111521,2021-11-15 00:00:00,2021-11-15 00:00:00,0,NULL,CRE,,NULL,2970
12103,54365,6963,6963,USD,ACH111521,2021-11-15 00:00:00,2021-11-15 00:00:00,0,NULL,CRE,,NULL,2970
12104,52786,500,500,USD,ACH111621,2021-11-16 00:00:00,2021-11-16 00:00:00,0,NULL,CRE,,NULL,2971
12105,54287,7077.6,7077.6,USD,ACH111621,2021-11-16 00:00:00,2021-11-16 00:00:00,0,NULL,CRE,,NULL,2972
12106,54299,15039.18,15039.18,USD,ACH111821,2021-11-18 00:00:00,2021-11-18 00:00:00,0,NULL,CRE,,NULL,2973
12107,54354,12759.26,12759.26,USD,ACH111821,2021-11-18 00:00:00,2021-11-18 00:00:00,0,NULL,CRE,,NULL,2973
12108,54321,4817.4,4817.4,USD,ACH111921,2021-11-19 00:00:00,2021-11-19 00:00:00,0,NULL,CRE,,NULL,2974
12109,54264,10299.4,10299.4,USD,ACH111921,2021-11-19 00:00:00,2021-11-19 00:00:00,0,NULL,CRE,,NULL,2975
12110,54250,7094.4,7094.4,USD,ACH111921,2021-11-19 00:00:00,2021-11-19 00:00:00,0,NULL,CRE,,NULL,2976
12111,54243,4816,4816,USD,ACH111921,2021-11-19 00:00:00,2021-11-19 00:00:00,0,NULL,CRE,,NULL,2977
12112,54247,6707.2,6707.2,USD,ACH111921,2021-11-19 00:00:00,2021-11-19 00:00:00,0,NULL,CRE,,NULL,2978
12113,54129,6088.5,6088.5,USD,ACH111921,2021-11-19 00:00:00,2021-11-19 00:00:00,0,NULL,CRE,,NULL,2979
12114,54210,9835.2,9835.2,USD,ACH111921,2021-11-19 00:00:00,2021-11-19 00:00:00,0,NULL,CRE,,NULL,2980
12115,54235,6713.6,6713.6,USD,ACH111921,2021-11-19 00:00:00,2021-11-19 00:00:00,0,NULL,CRE,,NULL,2981
12116,54186,5925.92,5925.92,USD,ACH111921,2021-11-19 00:00:00,2021-11-19 00:00:00,0,NULL,CRE,,NULL,2982
12117,54171,6712.86,6712.86,USD,ACH111921,2021-11-19 00:00:00,2021-11-19 00:00:00,0,NULL,CRE,,NULL,2983
12118,54326,4370.7,4370.7,USD,ACH111921,2021-11-19 00:00:00,2021-11-19 00:00:00,0,NULL,CRE,,NULL,2984
12119,54320,8489.2,8489.2,USD,ACH111921,2021-11-19 00:00:00,2021-11-19 00:00:00,0,NULL,CRE,,NULL,2984
12120,54319,8871,8871,USD,ACH111921,2021-11-19 00:00:00,2021-11-19 00:00:00,0,NULL,CRE,,NULL,2984
12121,54297,918,918,USD,ACH111921,2021-11-19 00:00:00,2021-11-19 00:00:00,0,NULL,CRE,,NULL,2985
12122,54290,2662.2,2662.2,USD,ACH111921,2021-11-19 00:00:00,2021-11-19 00:00:00,0,NULL,CRE,,NULL,2985
12123,54336,2991.6,2991.6,USD,ACH111921,2021-11-19 00:00:00,2021-11-19 00:00:00,0,NULL,CRE,,NULL,2985
12124,54322,920.64,920.64,USD,ACH111921,2021-11-19 00:00:00,2021-11-19 00:00:00,0,NULL,CRE,,NULL,2985
12125,54375,1159,1159,USD,ACH111921,2021-11-19 00:00:00,2021-11-19 00:00:00,0,NULL,CRE,,NULL,2985
12126,54311,6640,6640,USD,ACH111921,2021-11-19 00:00:00,2021-11-19 00:00:00,0,NULL,CRE,,NULL,2985
12127,54378,1192,1192,USD,ACH111921,2021-11-19 00:00:00,2021-11-19 00:00:00,0,NULL,CRE,,NULL,2985
12128,52786,500,500,USD,ACH112221,2021-11-22 00:00:00,2021-11-22 00:00:00,0,NULL,CRE,,NULL,2986
12129,54229,2221.8,2221.8,USD,ACH112221,2021-11-22 00:00:00,2021-11-22 00:00:00,0,NULL,CRE,,NULL,2987
12130,54280,8648,8648,USD,CK 00464121,2021-11-22 00:00:00,2021-11-22 00:00:00,0,NULL,CRE,,NULL,2988
12131,54263,7504.9,7504.9,USD,CK 00464121,2021-11-22 00:00:00,2021-11-22 00:00:00,0,NULL,CRE,,NULL,2988
12132,54314INV,1500,1500,USD,CK 43397,2021-11-22 00:00:00,2021-11-22 00:00:00,0,NULL,CRE,,NULL,2989
12133,54427INV,750,750,USD,CK 12585,2021-11-22 00:00:00,2021-11-22 00:00:00,0,NULL,CRE,,NULL,2990
12134,54296,4250.4,4250.4,USD,CK 9148,2021-11-22 00:00:00,2021-11-22 00:00:00,0,NULL,CRE,,NULL,2991
12135,54202,28953.2,28953.2,USD,CK 110079,2021-11-23 00:00:00,2021-11-23 00:00:00,0,NULL,CRE,,NULL,2992
12136,54266,7151.1,7151.1,USD,CK 110079,2021-11-23 00:00:00,2021-11-23 00:00:00,0,NULL,CRE,,NULL,2992
12137,54267,6623.1,6623.1,USD,CK 110079,2021-11-23 00:00:00,2021-11-23 00:00:00,0,NULL,CRE,,NULL,2992
12138,54253,19740.8,19740.8,USD,CK 110079,2021-11-23 00:00:00,2021-11-23 00:00:00,0,NULL,CRE,,NULL,2992
12139,54214,8013.9,8013.9,USD,CK 110079,2021-11-23 00:00:00,2021-11-23 00:00:00,0,NULL,CRE,,NULL,2992
12140,54163,7260,7260,USD,CK 110079,2021-11-23 00:00:00,2021-11-23 00:00:00,0,NULL,CRE,,NULL,2992
12141,54323INV,300,300,USD,ACH112321,2021-11-23 00:00:00,2021-11-23 00:00:00,0,NULL,CRE,,NULL,2993
12142,54188,1362.33,1362.33,USD,ACH112921,2021-11-29 00:00:00,2021-11-29 00:00:00,0,NULL,CRE,,NULL,2994
12143,54371,8224,8224,USD,ACH112621,2021-11-26 00:00:00,2021-11-26 00:00:00,0,NULL,CRE,,NULL,2995
12144,54324INV,300,300,USD,ACH112921,2021-11-29 00:00:00,2021-11-29 00:00:00,0,NULL,CRE,,NULL,2996
12145,54312,1730,1730,USD,ACH112621,2021-11-26 00:00:00,2021-11-26 00:00:00,0,NULL,CRE,,NULL,2997
12146,54353,1741.08,1741.08,USD,ACH112621,2021-11-26 00:00:00,2021-11-26 00:00:00,0,NULL,CRE,,NULL,2997
12147,54345,4204.2,4204.2,USD,ACH112621,2021-11-26 00:00:00,2021-11-26 00:00:00,0,NULL,CRE,,NULL,2997
12148,54364,1392.6,1392.6,USD,ACH112621,2021-11-26 00:00:00,2021-11-26 00:00:00,0,NULL,CRE,,NULL,2997
12149,54356,1448,1448,USD,ACH112621,2021-11-26 00:00:00,2021-11-26 00:00:00,0,NULL,CRE,,NULL,2997
12150,54313,1449.6,1449.6,USD,ACH112621,2021-11-26 00:00:00,2021-11-26 00:00:00,0,NULL,CRE,,NULL,2997
12151,54300,6808,6808,USD,CK 00464478,2021-11-30 00:00:00,2021-11-30 00:00:00,0,NULL,CRE,,NULL,2998
12152,54316,10506.4,10506.4,USD,CK 00464478,2021-11-30 00:00:00,2021-11-30 00:00:00,0,NULL,CRE,,NULL,2998
12153,52786,500,500,USD,ACH120121,2021-12-01 00:00:00,2021-12-01 00:00:00,0,NULL,CRE,,NULL,2999
12154,54380,16648.32,16648.32,USD,ACH120121,2021-12-01 00:00:00,2021-12-01 00:00:00,0,NULL,CRE,,NULL,3000
12155,54155,7035.2,7035.2,USD,ACH120121,2021-12-01 00:00:00,2021-12-01 00:00:00,0,NULL,CRE,,NULL,3001
12156,54249,8280,8280,USD,ACH120121,2021-12-01 00:00:00,2021-12-01 00:00:00,0,NULL,CRE,,NULL,3002
12157,54363,943,943,USD,ACH120321,2021-12-03 00:00:00,2021-12-03 00:00:00,0,NULL,CRE,,NULL,3003
12158,54369,11067.54,11067.54,USD,ACH120321,2021-12-03 00:00:00,2021-12-03 00:00:00,0,NULL,CRE,,NULL,3003
12159,54374,855.6,855.6,USD,ACH120321,2021-12-03 00:00:00,2021-12-03 00:00:00,0,NULL,CRE,,NULL,3003
12160,54386,898.2,898.2,USD,ACH120321,2021-12-03 00:00:00,2021-12-03 00:00:00,0,NULL,CRE,,NULL,3003
12161,54310,8597.4,8597.4,USD,ACH120321,2021-12-03 00:00:00,2021-12-03 00:00:00,0,NULL,CRE,,NULL,3004
12162,54242,2052.6,2052.6,USD,ACH120321,2021-12-03 00:00:00,2021-12-03 00:00:00,0,1115,UAC,,NULL,3006
12163,54357,1442,1442,USD,ACH120321,2021-12-03 00:00:00,2021-12-03 00:00:00,0,1115,UAC,,NULL,3006
12164,54332,1212,1212,USD,ACH120321,2021-12-03 00:00:00,2021-12-03 00:00:00,0,1115,UAC,,NULL,3006
12165,54366,5157,5157,USD,ACH120321,2021-12-03 00:00:00,2021-12-03 00:00:00,0,1115,UAC,,NULL,3006
12166,54387,1921.5,1921.5,USD,ACH120321,2021-12-03 00:00:00,2021-12-03 00:00:00,0,1115,UAC,,NULL,3006
12167,54445,1449.8,1449.8,USD,ACH120321,2021-12-03 00:00:00,2021-12-03 00:00:00,0,1115,UAC,,NULL,3006
12168,54061,2627.8,2627.8,USD,WIR120321,2021-12-03 00:00:00,2021-12-03 00:00:00,0,NULL,CRE,,NULL,3007
12169,54135,10976.44,10976.44,USD,WIR120321,2021-12-03 00:00:00,2021-12-03 00:00:00,0,NULL,CRE,,NULL,3007
12170,54184,3989.47,3989.47,USD,WIR120321,2021-12-03 00:00:00,2021-12-03 00:00:00,0,NULL,CRE,,NULL,3007
12171,54156,10008.78,10008.78,USD,WIR120321,2021-12-03 00:00:00,2021-12-03 00:00:00,0,NULL,CRE,,NULL,3007
12172,54265,2995.97,2995.97,USD,WIR120321,2021-12-03 00:00:00,2021-12-03 00:00:00,0,NULL,CRE,,NULL,3007
12173,54270,12158.58,12158.58,USD,WIR120321,2021-12-03 00:00:00,2021-12-03 00:00:00,0,NULL,CRE,,NULL,3007
12174,54344,4533.2,4533.2,USD,CK 47179,2021-12-06 00:00:00,2021-12-06 00:00:00,0,NULL,CRE,,NULL,3008
12175,54325,18880.91,18880.91,USD,CK 2444,2021-12-07 00:00:00,2021-12-07 00:00:00,0,NULL,CRE,,NULL,3009
12176,54309,15454.2,15454.2,USD,CK 008604,2021-12-07 00:00:00,2021-12-07 00:00:00,0,NULL,CRE,,NULL,3010
12177,54334,2625.6,2625.6,USD,CK 110265,2021-12-07 00:00:00,2021-12-07 00:00:00,0,NULL,CRE,,NULL,3011
12178,54355,13429.2,13429.2,USD,CK 110265,2021-12-07 00:00:00,2021-12-07 00:00:00,0,NULL,CRE,,NULL,3011
12179,54318,10281.6,10281.6,USD,CK 110265,2021-12-07 00:00:00,2021-12-07 00:00:00,0,NULL,CRE,,NULL,3011
12180,54303,19678.8,19678.8,USD,ck 1062707,2021-12-07 00:00:00,2021-12-07 00:00:00,0,1116,UAC,,NULL,3013
12181,54352,16568,16568,USD,ck 1062707,2021-12-07 00:00:00,2021-12-07 00:00:00,0,1116,UAC,,NULL,3013
12182,54073,-18496.8,-18496.8,USD,CK L055070,2021-12-07 00:00:00,2021-12-07 16:59:37,0,NULL,CRE,UNDO 11956,NULL,3014
12183,54073,18496.8,18496.8,USD,ck 1062707,2021-12-07 00:00:00,2021-12-07 00:00:00,0,1116,UAC,,NULL,3015
12184,52786,500,500,USD,ACH120821,2021-12-08 00:00:00,2021-12-08 00:00:00,0,NULL,CRE,,NULL,3016
12185,54343,873.6,873.6,USD,ACH121021,2021-12-10 00:00:00,2021-12-10 00:00:00,0,NULL,CRE,,NULL,3017
12186,54389,858,858,USD,ACH121021,2021-12-10 00:00:00,2021-12-10 00:00:00,0,NULL,CRE,,NULL,3017
12187,54395,8452.65,8452.65,USD,ACH121021,2021-12-10 00:00:00,2021-12-10 00:00:00,0,NULL,CRE,,NULL,3018
12188,54396,8569.2,8569.2,USD,ACH121021,2021-12-10 00:00:00,2021-12-10 00:00:00,0,NULL,CRE,,NULL,3018
12189,54399,16636.62,16636.62,USD,ACH121021,2021-12-10 00:00:00,2021-12-10 00:00:00,0,NULL,CRE,,NULL,3019
12190,54394,8256.55,8256.55,USD,CK 46622,2021-12-10 00:00:00,2021-12-10 00:00:00,0,NULL,CRE,,NULL,3020
12191,54368,3587,3587,USD,CK 7332,2021-12-10 00:00:00,2021-12-10 00:00:00,0,NULL,CRE,,NULL,3021
12192,54415,1876.63,1876.63,USD,ACH121021,2021-12-10 00:00:00,2021-12-10 00:00:00,0,NULL,CRE,,NULL,3022
12193,54416,2057.51,2057.51,USD,ACH121021,2021-12-10 00:00:00,2021-12-10 00:00:00,0,NULL,CRE,,NULL,3022
12194,54401,3753,3753,USD,ACH121021,2021-12-10 00:00:00,2021-12-10 00:00:00,0,NULL,CRE,,NULL,3022
12195,54457,1227.6,1227.6,USD,ACH121021,2021-12-10 00:00:00,2021-12-10 00:00:00,0,NULL,CRE,,NULL,3022
12196,54487,1509.2,1509.2,USD,ACH121021,2021-12-10 00:00:00,2021-12-10 00:00:00,0,NULL,CRE,,NULL,3022
12197,54484,3795.78,3795.78,USD,ACH121021,2021-12-10 00:00:00,2021-12-10 00:00:00,0,NULL,CRE,,NULL,3022
12198,54256,210,210,USD,OFFSET,2021-12-10 00:00:00,2021-12-10 15:34:51,0,0,OFF,,NULL,NULL
12199,54444,384,384,USD,OFFSET,2021-12-10 00:00:00,2021-12-10 15:35:48,0,0,OFF,,NULL,NULL
12200,54288,6642,6642,USD,ACH121321,2021-12-13 00:00:00,2021-12-13 00:00:00,0,NULL,CRE,,NULL,3023
12201,54403,6267.04,6267.04,USD,ACH121321,2021-12-13 00:00:00,2021-12-13 00:00:00,0,NULL,CRE,,NULL,3024
12202,54435,6474.4,6474.4,USD,ACH121321,2021-12-13 00:00:00,2021-12-13 00:00:00,0,NULL,CRE,,NULL,3025
12203,54379,6704.32,6704.32,USD,ACH121321,2021-12-13 00:00:00,2021-12-13 00:00:00,0,NULL,CRE,,NULL,3026
12204,54298,6864.16,6864.16,USD,ACH121321,2021-12-13 00:00:00,2021-12-13 00:00:00,0,NULL,CRE,,NULL,3027
12205,54350,7101.92,7101.92,USD,ACH121321,2021-12-13 00:00:00,2021-12-13 00:00:00,0,NULL,CRE,,NULL,3028
12206,54424,15842.4,15842.4,USD,CK 061825,2021-12-14 00:00:00,2021-12-14 00:00:00,0,NULL,CRE,,NULL,3029
12207,54464,3237,3237,USD,CK 15346,2021-12-15 00:00:00,2021-12-15 00:00:00,0,NULL,CRE,,NULL,3030
12208,52786,55.16,55.16,USD,ACH121521,2021-12-15 00:00:00,2021-12-15 00:00:00,0,1119,UAC,,NULL,3032
12209,52675,444.84,444.84,USD,ACH121521,2021-12-15 00:00:00,2021-12-15 00:00:00,0,1119,UAC,,NULL,3033
12210,54398,4035.64,4035.64,USD,CK 1681,2021-12-16 00:00:00,2021-12-16 00:00:00,0,NULL,CRE,,NULL,3034
12211,54476,12664.26,12664.26,USD,ACH121621,2021-12-16 00:00:00,2021-12-16 00:00:00,0,NULL,CRE,,NULL,3035
12212,54405,8669.62,8669.62,USD,ACH121021,2021-12-10 00:00:00,2021-12-10 00:00:00,0,NULL,CRE,,NULL,3036
12213,54409,9952.8,9952.8,USD,ACH121021,2021-12-10 00:00:00,2021-12-10 00:00:00,0,NULL,CRE,,NULL,3036
12214,54459,621.88,621.88,USD,ACH121021,2021-12-10 00:00:00,2021-12-10 00:00:00,0,NULL,CRE,,NULL,3036
12215,54185,6174.56,6174.56,USD,ACH121721,2021-12-17 00:00:00,2021-12-17 00:00:00,0,NULL,CRE,,NULL,3037
12216,54230,1962.56,1962.56,USD,ACH121721,2021-12-17 00:00:00,2021-12-17 00:00:00,0,NULL,CRE,,NULL,3037
12217,54407,1752,1752,USD,ACH121721,2021-12-17 00:00:00,2021-12-17 00:00:00,0,NULL,CRE,,NULL,3038
12218,54417,1933.58,1933.58,USD,ACH121721,2021-12-17 00:00:00,2021-12-17 00:00:00,0,NULL,CRE,,NULL,3039
12219,54418,2102.9,2102.9,USD,ACH121721,2021-12-17 00:00:00,2021-12-17 00:00:00,0,NULL,CRE,,NULL,3039
12220,54428,3310.2,3310.2,USD,ACH121721,2021-12-17 00:00:00,2021-12-17 00:00:00,0,NULL,CRE,,NULL,3039
12221,54411,3753,3753,USD,ACH121721,2021-12-17 00:00:00,2021-12-17 00:00:00,0,NULL,CRE,,NULL,3039
12222,54170,4282.6,4282.6,USD,CK  077002,2021-12-17 00:00:00,2021-12-17 00:00:00,0,NULL,CRE,,NULL,3040
12223,54197,4665.92,4665.92,USD,CK  077002,2021-12-17 00:00:00,2021-12-17 00:00:00,0,NULL,CRE,,NULL,3040
12224,54225,3418.72,3418.72,USD,CK  077002,2021-12-17 00:00:00,2021-12-17 00:00:00,0,NULL,CRE,,NULL,3040
12225,54459,5770.7,5770.7,USD,ACH122021,2021-12-20 00:00:00,2021-12-20 00:00:00,0,1121,UAC,,NULL,3042
12226,54496,621.88,621.88,USD,ACH122021,2021-12-20 00:00:00,2021-12-20 00:00:00,0,1121,UAC,,NULL,3043
12227,54199,3174,3174,USD,CK 7441,2021-12-20 00:00:00,2021-12-20 00:00:00,0,NULL,CRE,,NULL,3044
12228,54203,5932.8,5932.8,USD,CK 7441,2021-12-20 00:00:00,2021-12-20 00:00:00,0,NULL,CRE,,NULL,3044
12229,54285,6192,6192,USD,CK 7441,2021-12-20 00:00:00,2021-12-20 00:00:00,0,NULL,CRE,,NULL,3044
12230,54327,9187.2,9187.2,USD,CK 7441,2021-12-20 00:00:00,2021-12-20 00:00:00,0,NULL,CRE,,NULL,3044
12231,54337,5372.4,5372.4,USD,CK 7441,2021-12-20 00:00:00,2021-12-20 00:00:00,0,NULL,CRE,,NULL,3044
12232,54341,5636.4,5636.4,USD,CK 7441,2021-12-20 00:00:00,2021-12-20 00:00:00,0,NULL,CRE,,NULL,3044
12233,54439,5484.8,5484.8,USD,ACH122021,2021-12-20 00:00:00,2021-12-20 00:00:00,0,NULL,CRE,,NULL,3045
12234,54460,6476.48,6476.48,USD,ACH122021,2021-12-20 00:00:00,2021-12-20 00:00:00,0,NULL,CRE,,NULL,3046
12235,54240INV,150,150,USD,ACH122121,2021-12-21 00:00:00,2021-12-21 00:00:00,0,NULL,CRE,,NULL,3047
12236,54443INV,300,300,USD,ACH122121,2021-12-21 00:00:00,2021-12-21 00:00:00,0,NULL,CRE,,NULL,3047
12237,54453,27553.5,27553.5,USD,WIR122121,2021-12-21 00:00:00,2021-12-21 00:00:00,0,NULL,CRE,,NULL,3048
12238,54463,18092.8,18092.8,USD,WIR122121,2021-12-21 00:00:00,2021-12-21 00:00:00,0,NULL,CRE,,NULL,3048
12239,54367,15202.46,15202.46,USD,ACH122121,2021-12-21 00:00:00,2021-12-21 00:00:00,0,NULL,CRE,,NULL,3049
12240,52675,554.77,554.77,USD,ACH122321,2021-12-23 00:00:00,2021-12-23 00:00:00,0,NULL,CRE,,NULL,3050
12241,52675,0.39,0.39,USD,ach101321,2021-12-23 00:00:00,2021-12-23 00:00:00,0,1112,UAC,,NULL,3051
12242,54471,5765.28,5765.28,USD,ACH122421,2021-12-24 00:00:00,2021-12-24 00:00:00,0,NULL,CRE,,NULL,3052
12243,54481,6902.45,6902.45,USD,ACH122421,2021-12-24 00:00:00,2021-12-24 00:00:00,0,NULL,CRE,,NULL,3053
12244,54496,8426.28,8426.28,USD,ACH122421,2021-12-27 00:00:00,2021-12-27 00:00:00,0,1122,UAC,,NULL,3055
12245,54511,621.88,621.88,USD,ACH122421,2021-12-27 00:00:00,2021-12-27 00:00:00,0,1122,UAC,,NULL,3056
12246,54440,12344.63,12344.63,USD,ACH122421,2021-12-24 00:00:00,2021-12-24 00:00:00,0,NULL,CRE,,NULL,3057
12247,54166,1927.8,1927.8,USD,ACH122421,2021-12-24 00:00:00,2021-12-24 00:00:00,0,NULL,CRE,,NULL,3058
12248,54358,3612.4,3612.4,USD,ACH122421,2021-12-24 00:00:00,2021-12-24 00:00:00,0,NULL,CRE,,NULL,3058
12249,54376,4579.2,4579.2,USD,ACH122421,2021-12-24 00:00:00,2021-12-24 00:00:00,0,NULL,CRE,,NULL,3058
12250,54408,2764.8,2764.8,USD,ACH122421,2021-12-24 00:00:00,2021-12-24 00:00:00,0,NULL,CRE,,NULL,3058
12251,54410,3731.4,3731.4,USD,ACH122421,2021-12-24 00:00:00,2021-12-24 00:00:00,0,NULL,CRE,,NULL,3058
12252,54419,1764.09,1764.09,USD,ACH122421,2021-12-24 00:00:00,2021-12-24 00:00:00,0,NULL,CRE,,NULL,3058
12253,54434,4547.4,4547.4,USD,ACH122421,2021-12-24 00:00:00,2021-12-24 00:00:00,0,NULL,CRE,,NULL,3058
12254,54442,1486,1486,USD,ACH122421,2021-12-24 00:00:00,2021-12-24 00:00:00,0,NULL,CRE,,NULL,3058
12255,54452,817.8,817.8,USD,ACH122421,2021-12-24 00:00:00,2021-12-24 00:00:00,0,NULL,CRE,,NULL,3058
12256,54483,957.87,957.87,USD,ACH122421,2021-12-24 00:00:00,2021-12-24 00:00:00,0,NULL,CRE,,NULL,3058
12257,54491,4892.4,4892.4,USD,ACH122421,2021-12-24 00:00:00,2021-12-24 00:00:00,0,NULL,CRE,,NULL,3058
12258,54562,8192,8192,USD,ACH122421,2021-12-24 00:00:00,2021-12-24 00:00:00,0,NULL,CRE,,NULL,3058
12259,54383,1283.64,1283.64,USD,CK 2459,2021-12-29 00:00:00,2021-12-29 00:00:00,0,NULL,CRE,,NULL,3059
12260,54425,-1000,-1000,USD,CK 2459,2021-12-29 00:00:00,2021-12-29 00:00:00,0,NULL,CRE,,NULL,3059
12261,54441,14343.73,14343.73,USD,ACH123021,2021-12-30 00:00:00,2021-12-30 00:00:00,0,NULL,CRE,,NULL,3060
12262,54413,7639.36,7639.36,USD,ACH123021,2021-12-30 00:00:00,2021-12-30 00:00:00,0,NULL,CRE,,NULL,3061
12263,54474,10046.4,10046.4,USD,ACH123021,2021-12-30 00:00:00,2021-12-30 00:00:00,0,NULL,CRE,,NULL,3061
12264,54482,7075.38,7075.38,USD,ACH123021,2021-12-30 00:00:00,2021-12-30 00:00:00,0,NULL,CRE,,NULL,3061
12265,54475,1292,1292,USD,ACH123021,2021-12-30 00:00:00,2021-12-30 00:00:00,0,NULL,CRE,,NULL,3061
12266,54495,7786.45,7786.45,USD,ACH123021,2021-12-30 00:00:00,2021-12-30 00:00:00,0,NULL,CRE,,NULL,3061
12267,54446,5051.54,5051.54,USD,ACH123021,2021-12-30 00:00:00,2021-12-30 00:00:00,0,NULL,CRE,,NULL,3061
12268,52675,500,500,USD,ACH122921,2021-12-29 00:00:00,2021-12-29 00:00:00,0,NULL,CRE,,NULL,3062
12269,54529,16855.8,16855.8,USD,ACH010522,2022-01-05 00:00:00,2022-01-05 00:00:00,0,NULL,CRE,,NULL,3063
12270,52675,500,500,USD,ACH010522,2022-01-05 00:00:00,2022-01-05 00:00:00,0,NULL,CRE,,NULL,3064
12271,54531,10184.4,10184.4,USD,ACH123121,2021-12-31 00:00:00,2021-12-31 00:00:00,0,NULL,CRE,,NULL,3065
12272,54513,3683.7,3683.7,USD,ACH123121,2021-12-31 00:00:00,2021-12-31 00:00:00,0,NULL,CRE,,NULL,3065
12273,54525,14521.38,14521.38,USD,ACH010422,2022-01-04 00:00:00,2022-01-04 00:00:00,0,NULL,CRE,,NULL,3066
12274,54518,1876.56,1876.56,USD,ACH123121,2021-12-31 00:00:00,2021-12-31 00:00:00,0,NULL,CRE,,NULL,3067
12275,54578,2571,2571,USD,ACH123121,2021-12-31 00:00:00,2021-12-31 00:00:00,0,NULL,CRE,,NULL,3067
12276,54502,2707.6,2707.6,USD,ACH123121,2021-12-31 00:00:00,2021-12-31 00:00:00,0,NULL,CRE,,NULL,3067
12277,54305,24617.1,24617.1,USD,ACH010422,2022-01-04 00:00:00,2022-01-04 00:00:00,0,NULL,CRE,,NULL,3068
12278,54340,27256.32,27256.32,USD,ACH010422,2022-01-04 00:00:00,2022-01-04 00:00:00,0,NULL,CRE,,NULL,3068
12279,54329,26209.83,26209.83,USD,ACH010522,2022-01-05 00:00:00,2022-01-05 00:00:00,0,NULL,CRE,,NULL,3069
12280,54328,25663.59,25663.59,USD,ACH010522,2022-01-05 00:00:00,2022-01-05 00:00:00,0,NULL,CRE,,NULL,3069
12281,54511,9723.56,9723.56,USD,ACH010722,2022-01-07 00:00:00,2022-01-07 00:00:00,0,NULL,CRE,,NULL,3070
12282,54510,621.88,621.88,USD,ACH010722,2022-01-07 00:00:00,2022-01-07 00:00:00,0,NULL,CRE,,NULL,3070
12283,54503,3252.1,3252.1,USD,ACH010721,2022-01-07 00:00:00,2022-01-07 00:00:00,0,NULL,CRE,,NULL,3071
12284,54547,2763.2,2763.2,USD,ACH010721,2022-01-07 00:00:00,2022-01-07 00:00:00,0,NULL,CRE,,NULL,3071
12285,54523,3574.8,3574.8,USD,ACH010721,2022-01-07 00:00:00,2022-01-07 00:00:00,0,NULL,CRE,,NULL,3071
12286,54516,2046.8,2046.8,USD,ACH010721,2022-01-07 00:00:00,2022-01-07 00:00:00,0,NULL,CRE,,NULL,3071
12287,54501,5821.2,5821.2,USD,ACH010721,2022-01-07 00:00:00,2022-01-07 00:00:00,0,NULL,CRE,,NULL,3071
12288,54566,1353,1353,USD,ACH010721,2022-01-07 00:00:00,2022-01-07 00:00:00,0,NULL,CRE,,NULL,3071
12289,54465,2286.08,2286.08,USD,ACH010721,2022-01-07 00:00:00,2022-01-07 00:00:00,0,NULL,CRE,,NULL,3071
12290,54520,878.8,878.8,USD,ACH010722,2022-01-07 00:00:00,2022-01-07 00:00:00,0,NULL,CRE,,NULL,3072
12291,54420,9335.76,9335.76,USD,CK 50935,2022-01-07 00:00:00,2022-01-07 00:00:00,0,NULL,CRE,,NULL,3073
12292,54041INC,1025,1025,USD,CK 14068,2022-01-07 00:00:00,2022-01-07 00:00:00,0,NULL,CRE,,NULL,3074
12293,54372,5798.8,5798.8,USD,CK 7516,2022-01-07 00:00:00,2022-01-07 00:00:00,0,NULL,CRE,,NULL,3075
12294,54293,9920.4,9920.4,USD,CK 7516,2022-01-07 00:00:00,2022-01-07 00:00:00,0,NULL,CRE,,NULL,3075
12295,54404,9065.1,9065.1,USD,CK 00465742,2022-01-07 00:00:00,2022-01-07 00:00:00,0,NULL,CRE,,NULL,3076
12296,54397,2097.6,2097.6,USD,CK 00465742,2022-01-07 00:00:00,2022-01-07 00:00:00,0,NULL,CRE,,NULL,3076
12297,54346,7142.4,7142.4,USD,CK 00465742,2022-01-07 00:00:00,2022-01-07 00:00:00,0,NULL,CRE,,NULL,3076
12298,54308,17710.84,17710.84,USD,CK 008721,2022-01-07 00:00:00,2022-01-07 00:00:00,0,NULL,CRE,,NULL,3077
12299,54391,4936.8,4936.8,USD,CK  1041795,2022-01-07 00:00:00,2022-01-07 00:00:00,0,NULL,CRE,,NULL,3078
12300,54351,2766.54,2766.54,USD,ACH011022,2022-01-10 00:00:00,2022-01-10 00:00:00,0,NULL,CRE,,NULL,3079
12301,54390,1840.84,1840.84,USD,ACH011022,2022-01-10 00:00:00,2022-01-10 00:00:00,0,NULL,CRE,,NULL,3079
12302,54400,3138.81,3138.81,USD,ACH011022,2022-01-10 00:00:00,2022-01-10 00:00:00,0,NULL,CRE,,NULL,3079
12303,54450,7288.7,7288.7,USD,CK 00466152,2022-01-11 00:00:00,2022-01-11 00:00:00,0,NULL,CRE,,NULL,3080
12304,54429,8240.9,8240.9,USD,CK 00466152,2022-01-11 00:00:00,2022-01-11 00:00:00,0,NULL,CRE,,NULL,3080
12305,54451,5888,5888,USD,CK 00466152,2022-01-11 00:00:00,2022-01-11 00:00:00,0,NULL,CRE,,NULL,3080
12306,54462,10446.6,10446.6,USD,CK 00466152,2022-01-11 00:00:00,2022-01-11 00:00:00,0,NULL,CRE,,NULL,3080
12307,54479,9921.6,9921.6,USD,CK 00466152,2022-01-11 00:00:00,2022-01-11 00:00:00,0,NULL,CRE,,NULL,3080
12308,54504,10252.3,10252.3,USD,CK 00466152,2022-01-11 00:00:00,2022-01-11 00:00:00,0,NULL,CRE,,NULL,3080
12309,54480,9711.2,9711.2,USD,CK 00466152,2022-01-11 00:00:00,2022-01-11 00:00:00,0,NULL,CRE,,NULL,3080
12310,54349,7757.9,7757.9,USD,CK 00466152,2022-01-11 00:00:00,2022-01-11 00:00:00,0,NULL,CRE,,NULL,3080
12311,54522,2371.3,2371.3,USD,CK 00466152,2022-01-11 00:00:00,2022-01-11 00:00:00,0,NULL,CRE,,NULL,3080
12312,54548,10255.1,10255.1,USD,CK 00466152,2022-01-11 00:00:00,2022-01-11 00:00:00,0,NULL,CRE,,NULL,3080
12313,54499,9059.6,9059.6,USD,CK 00466152,2022-01-11 00:00:00,2022-01-11 00:00:00,0,NULL,CRE,,NULL,3080
12314,54603,9783.4,9783.4,USD,CK 00466152,2022-01-11 00:00:00,2022-01-11 00:00:00,0,NULL,CRE,,NULL,3080
12315,54413,-7639.36,-7639.36,USD,ACH123021,2021-12-30 00:00:00,2022-01-13 10:03:08,0,NULL,CRE,UNDO 12262,NULL,3081
12316,54413,7639.36,7639.36,USD,ACH123021,2021-12-30 00:00:00,2021-12-30 00:00:00,0,NULL,CRE,,NULL,3082
12317,54500,8190,8190,USD,ach011422,2022-01-14 00:00:00,2022-01-14 00:00:00,0,1123,UAC,,NULL,3084
12318,54414,6931.2,6931.2,USD,ach011422,2022-01-14 00:00:00,2022-01-14 00:00:00,0,1123,UAC,,NULL,3084
12319,54497,12030.9,12030.9,USD,ach011422,2022-01-14 00:00:00,2022-01-14 00:00:00,0,1123,UAC,,NULL,3084
12320,54536,1614.15,1614.15,USD,ach011422,2022-01-14 00:00:00,2022-01-14 00:00:00,0,1123,UAC,,NULL,3084
12321,54582,3259.9,3259.9,USD,ACH011422,2022-01-14 00:00:00,2022-01-14 00:00:00,0,NULL,CRE,,NULL,3085
12322,54543,904.4,904.4,USD,ACH011422,2022-01-14 00:00:00,2022-01-14 00:00:00,0,NULL,CRE,,NULL,3086
12323,54537,1288,1288,USD,ACH011422,2022-01-14 00:00:00,2022-01-14 00:00:00,0,NULL,CRE,,NULL,3086
12324,54510,9410.12,9410.12,USD,ACH011422,2022-01-14 00:00:00,2022-01-14 00:00:00,0,1124,UAC,,NULL,3088
12325,54545,7524.66,7524.66,USD,ACH011422,2022-01-14 00:00:00,2022-01-14 00:00:00,0,1124,UAC,,NULL,3088
12326,54359,1743,1743,USD,CK 5728,2022-01-14 00:00:00,2022-01-14 00:00:00,0,NULL,CRE,,NULL,3089
12327,54524,4672.48,4672.48,USD,ACH011422,2022-01-14 00:00:00,2022-01-14 00:00:00,0,NULL,CRE,,NULL,3090
12328,54596,6182.4,6182.4,USD,ACH011422,2022-01-14 00:00:00,2022-01-14 00:00:00,0,NULL,CRE,,NULL,3091
12329,54539,4747.2,4747.2,USD,ACH011422,2022-01-14 00:00:00,2022-01-14 00:00:00,0,NULL,CRE,,NULL,3092
12330,54468,6275.2,6275.2,USD,ACH011422,2022-01-14 00:00:00,2022-01-14 00:00:00,0,NULL,CRE,,NULL,3093
12331,54508,4811.6,4811.6,USD,ACJ011422,2022-01-14 00:00:00,2022-01-14 00:00:00,0,NULL,CRE,,NULL,3094
12332,54470,6291.2,6291.2,USD,ACH011422,2022-01-14 00:00:00,2022-01-14 00:00:00,0,NULL,CRE,,NULL,3095
12333,54472,5523.2,5523.2,USD,ACH011422,2022-01-14 00:00:00,2022-01-14 00:00:00,0,NULL,CRE,,NULL,3096
12334,54377,6296.4,6296.4,USD,ACH011422,2022-01-14 00:00:00,2022-01-14 00:00:00,0,NULL,CRE,,NULL,3097
12335,54473,5574.4,5574.4,USD,ACH011422,2022-01-14 00:00:00,2022-01-14 00:00:00,0,NULL,CRE,,NULL,3098
12336,54469,5955.36,5955.36,USD,ACJ011422,2022-01-14 00:00:00,2022-01-14 00:00:00,0,NULL,CRE,,NULL,3099
12337,54467,6620.16,6620.16,USD,ACH011422,2022-01-14 00:00:00,2022-01-14 00:00:00,0,NULL,CRE,,NULL,3100
12338,54535,18681.55,18681.55,USD,ACH012022,2022-01-20 00:00:00,2022-01-20 00:00:00,0,NULL,CRE,,NULL,3101
12339,54392,4457.4,4457.4,USD,CK 7586,2022-01-20 00:00:00,2022-01-20 00:00:00,0,NULL,CRE,,NULL,3102
12340,54406,6248.16,6248.16,USD,CK 077100,2022-01-19 00:00:00,2022-01-19 00:00:00,0,NULL,CRE,,NULL,3103
12341,54436,5468.52,5468.52,USD,CK 077100,2022-01-19 00:00:00,2022-01-19 00:00:00,0,NULL,CRE,,NULL,3103
12342,54489,9154,9154,USD,CK 110881,2022-01-20 00:00:00,2022-01-20 00:00:00,0,NULL,CRE,,NULL,3104
12343,54593,6794.7,6794.7,USD,CK 110881,2022-01-20 00:00:00,2022-01-20 00:00:00,0,NULL,CRE,,NULL,3104
12344,54589,1656.8,1656.8,USD,CK 110881,2022-01-20 00:00:00,2022-01-20 00:00:00,0,NULL,CRE,,NULL,3104
12345,54591,1442.52,1442.52,USD,CK 2479,2022-01-19 00:00:00,2022-01-19 00:00:00,0,NULL,CRE,,NULL,3105
12346,54532,9294.3,9294.3,USD,ACH012122,2022-01-21 00:00:00,2022-01-21 00:00:00,0,NULL,CRE,,NULL,3106
12347,54286,67.5,67.5,USD,ach011422,2022-01-21 00:00:00,2022-01-21 00:00:00,0,1123,UAC,,NULL,3107
12348,54286,2171.1,2171.1,USD,ACH012122,2022-01-21 00:00:00,2022-01-21 00:00:00,0,NULL,CRE,,NULL,3108
12349,54426,2097.9,2097.9,USD,ACH012122,2022-01-21 00:00:00,2022-01-21 00:00:00,0,NULL,CRE,,NULL,3109
12350,54506,1596,1596,USD,ACH012122,2022-01-21 00:00:00,2022-01-21 00:00:00,0,NULL,CRE,,NULL,3110
12351,54553,779.2,779.2,USD,ACH012122,2022-01-21 00:00:00,2022-01-21 00:00:00,0,NULL,CRE,,NULL,3110
12352,54560,3270,3270,USD,ACH012122,2022-01-21 00:00:00,2022-01-21 00:00:00,0,NULL,CRE,,NULL,3110
12353,54564,7000,7000,USD,ACH012122,2022-01-21 00:00:00,2022-01-21 00:00:00,0,NULL,CRE,,NULL,3110
12354,54600,3065,3065,USD,ACH012122,2022-01-21 00:00:00,2022-01-21 00:00:00,0,NULL,CRE,,NULL,3110
12355,54425R,1233.6,1233.6,USD,CK 001294,2022-01-21 00:00:00,2022-01-21 00:00:00,0,NULL,CRE,,NULL,3111
12356,54430,4485.74,4485.74,USD,CK 10418015,2022-01-21 00:00:00,2022-01-21 00:00:00,0,NULL,CRE,,NULL,3112
12357,54595,6457.6,6457.6,USD,ACH012422,2022-01-24 00:00:00,2022-01-24 00:00:00,0,NULL,CRE,,NULL,3113
12358,54604,4764.8,4764.8,USD,ACH012422,2022-01-24 00:00:00,2022-01-24 00:00:00,0,NULL,CRE,,NULL,3114
12359,54509,4903.6,4903.6,USD,ACH012422,2022-01-24 00:00:00,2022-01-24 00:00:00,0,NULL,CRE,,NULL,3115
12360,54544INV,300,300,USD,ACH012522,2022-01-25 00:00:00,2022-01-25 00:00:00,0,NULL,CRE,,NULL,3116
12361,54550,2536.8,2536.8,USD,CK 1763,2022-01-25 00:00:00,2022-01-25 00:00:00,0,NULL,CRE,,NULL,3117
12362,54195,5492,5492,USD,WIR012522,2022-01-25 00:00:00,2022-01-25 00:00:00,0,NULL,CRE,,NULL,3118
12363,54521,6654.04,6654.04,USD,WIR012522,2022-01-25 00:00:00,2022-01-25 00:00:00,0,NULL,CRE,,NULL,3118
12364,54412,1417.5,1417.5,USD,CK 11176,2022-01-28 00:00:00,2022-01-28 00:00:00,0,NULL,CRE,,NULL,3119
12365,54292,4190.72,4190.72,USD,CK 077059,2022-01-27 00:00:00,2022-01-27 00:00:00,0,NULL,CRE,,NULL,3120
12366,54306,5806.08,5806.08,USD,CK 077059,2022-01-27 00:00:00,2022-01-27 00:00:00,0,NULL,CRE,,NULL,3120
12367,54307,3849.28,3849.28,USD,CK 077059,2022-01-27 00:00:00,2022-01-27 00:00:00,0,NULL,CRE,,NULL,3120
12368,54370,5187.2,5187.2,USD,CK 077059,2022-01-27 00:00:00,2022-01-27 00:00:00,0,NULL,CRE,,NULL,3120
12369,54587,13847.4,13847.4,USD,CK 39320,2022-01-28 00:00:00,2022-01-28 00:00:00,0,NULL,CRE,,NULL,3121
12370,54588,14031.15,14031.15,USD,CK 39320,2022-01-28 00:00:00,2022-01-28 00:00:00,0,NULL,CRE,,NULL,3121
12371,54573,10112.5,10112.5,USD,CK 20237403,2022-01-28 00:00:00,2022-01-28 00:00:00,0,NULL,CRE,,NULL,3122
12372,54437,4521.6,4521.6,USD,ACH012822,2022-01-28 00:00:00,2022-01-28 00:00:00,0,NULL,CRE,,NULL,3123
12373,54540,9943.2,9943.2,USD,ACH012822,2022-01-28 00:00:00,2022-01-28 00:00:00,0,NULL,CRE,,NULL,3124
12374,54563,12778.8,12778.8,USD,ACH012822,2022-01-28 00:00:00,2022-01-28 00:00:00,0,NULL,CRE,,NULL,3124
12375,54565,4052.8,4052.8,USD,ACH012822,2022-01-28 00:00:00,2022-01-28 00:00:00,0,NULL,CRE,,NULL,3124
12376,54572,1247.4,1247.4,USD,ACH012822,2022-01-28 00:00:00,2022-01-28 00:00:00,0,NULL,CRE,,NULL,3124
12377,54551,5190.51,5190.51,USD,ACH012822,2022-01-28 00:00:00,2022-01-28 00:00:00,0,NULL,CRE,,NULL,3124
12378,54505,1248,1248,USD,ACH012822,2022-01-28 00:00:00,2022-01-28 00:00:00,0,NULL,CRE,,NULL,3125
12379,54585,5750,5750,USD,ACH012822,2022-01-28 00:00:00,2022-01-28 00:00:00,0,NULL,CRE,,NULL,3125
12380,54602,3965,3965,USD,ACH012822,2022-01-28 00:00:00,2022-01-28 00:00:00,0,NULL,CRE,,NULL,3125
12381,54657,1194,1194,USD,ACH012822,2022-01-28 00:00:00,2022-01-28 00:00:00,0,NULL,CRE,,NULL,3125
12382,54526,7040,7040,USD,ACH012722,2022-01-27 00:00:00,2022-01-27 00:00:00,0,NULL,CRE,,NULL,3126
12383,54592,14205.27,14205.27,USD,ACH012722,2022-01-27 00:00:00,2022-01-27 00:00:00,0,NULL,CRE,,NULL,3126
12384,54574,12003,12003,USD,ACH012822,2022-01-28 00:00:00,2022-01-28 00:00:00,0,NULL,CRE,,NULL,3127
12385,54584,8857.8,8857.8,USD,ACH012822,2022-01-28 00:00:00,2022-01-28 00:00:00,0,NULL,CRE,,NULL,3127
12386,54514,6999.2,6999.2,USD,CK 132866,2022-01-31 00:00:00,2022-01-31 00:00:00,0,NULL,CRE,,NULL,3128
12387,54017,3389.54,3389.54,USD,CK 9687,2022-01-31 00:00:00,2022-01-31 00:00:00,0,NULL,CRE,,NULL,3129
12388,54554,2770,2770,USD,ACH013122,2022-01-31 00:00:00,2022-01-31 00:00:00,0,NULL,CRE,,NULL,3130
12389,54388,3064,3064,USD,ACH013122,2022-01-31 00:00:00,2022-01-31 00:00:00,0,NULL,CRE,,NULL,3131
12390,54612,2661.2,2661.2,USD,CK 7361,2022-02-01 00:00:00,2022-02-01 00:00:00,0,NULL,CRE,,NULL,3132
12391,54559,11598,11598,USD,CK 008809,2022-02-01 00:00:00,2022-02-01 00:00:00,0,NULL,CRE,,NULL,3133
12392,54666,3264.8,3264.8,USD,CK 114728,2022-02-01 00:00:00,2022-02-01 00:00:00,0,NULL,CRE,,NULL,3134
12393,54640,3286.8,3286.8,USD,CK 114728,2022-02-01 00:00:00,2022-02-01 00:00:00,0,NULL,CRE,,NULL,3134
12394,54641,3339.6,3339.6,USD,CK 114728,2022-02-01 00:00:00,2022-02-01 00:00:00,0,NULL,CRE,,NULL,3134
12395,54638,8029,8029,USD,CK 114728,2022-02-01 00:00:00,2022-02-01 00:00:00,0,NULL,CRE,,NULL,3134
12396,54639,3148.2,3148.2,USD,CK 114728,2022-02-01 00:00:00,2022-02-01 00:00:00,0,NULL,CRE,,NULL,3134
12397,54722INV,3326.15,3326.15,USD,CK 30076,2022-02-02 00:00:00,2022-02-02 00:00:00,0,NULL,CRE,,NULL,3135
12398,54601,4280.6,4280.6,USD,ACH020422,2022-02-04 00:00:00,2022-02-04 00:00:00,0,NULL,CRE,,NULL,3136
12399,54623,1120,1120,USD,ACH020422,2022-02-04 00:00:00,2022-02-04 00:00:00,0,NULL,CRE,,NULL,3136
12400,54421,7313.82,7313.82,USD,ACH020222,2022-02-02 00:00:00,2022-02-02 00:00:00,0,NULL,CRE,,NULL,3137
12401,54555,2381.12,2381.12,USD,CK 20784,2022-02-07 00:00:00,2022-02-07 00:00:00,0,NULL,CRE,,NULL,3138
12402,54621,5632.53,5632.53,USD,ACH020722,2022-02-07 00:00:00,2022-02-07 00:00:00,0,NULL,CRE,,NULL,3139
12403,54533,8485.7,8485.7,USD,ACH020722,2022-02-09 00:00:00,2022-02-09 00:00:00,0,NULL,CRE,,NULL,3140
12404,54490,4963.2,4963.2,USD,CK 077140,2022-02-10 00:00:00,2022-02-10 00:00:00,0,NULL,CRE,,NULL,3141
12405,54561,2641.28,2641.28,USD,CK 077140,2022-02-10 00:00:00,2022-02-10 00:00:00,0,NULL,CRE,,NULL,3141
12406,54542,4102.1,4102.1,USD,ACH020922,2022-02-09 00:00:00,2022-02-09 00:00:00,0,NULL,CRE,,NULL,3142
12407,54542,400,400,USD,CM 54519R,2022-02-10 00:00:00,2022-02-10 00:00:00,0,NULL,CRE,,NULL,3143
12408,54519R,-400,-400,USD,CM 54519R,2022-02-10 00:00:00,2022-02-10 00:00:00,0,NULL,CRE,,NULL,3143
12409,54672,14818.5,14818.5,USD,ach021022,2022-02-11 00:00:00,2022-02-11 00:00:00,0,1125,UAC,,NULL,3145
12410,54642,15505.96,15505.96,USD,ach021022,2022-02-11 00:00:00,2022-02-11 00:00:00,0,1125,UAC,,NULL,3145
12411,54607,12347.57,12347.57,USD,ACH021122,2022-02-11 00:00:00,2022-02-11 00:00:00,0,NULL,CRE,,NULL,3146
12412,54624,4051.2,4051.2,USD,ACH021122,2022-02-11 00:00:00,2022-02-11 00:00:00,0,NULL,CRE,,NULL,3146
12413,54667,9921.6,9921.6,USD,ACH021122,2022-02-11 00:00:00,2022-02-11 00:00:00,0,NULL,CRE,,NULL,3147
12414,54534,10374,10374,USD,ACH021122,2022-02-11 00:00:00,2022-02-11 00:00:00,0,NULL,CRE,,NULL,3148
12415,54527,4744.25,4744.25,USD,ACH021122,2022-02-11 00:00:00,2022-02-11 00:00:00,0,NULL,CRE,,NULL,3148
12416,54571,1348,1348,USD,ACH021122,2022-02-11 00:00:00,2022-02-11 00:00:00,0,NULL,CRE,,NULL,3149
12417,54586,2655,2655,USD,ACH021122,2022-02-11 00:00:00,2022-02-11 00:00:00,0,NULL,CRE,,NULL,3149
12418,54661,708.36,708.36,USD,ACH021122,2022-02-11 00:00:00,2022-02-11 00:00:00,0,NULL,CRE,,NULL,3149
12419,54660,1018.8,1018.8,USD,ACH021122,2022-02-11 00:00:00,2022-02-11 00:00:00,0,NULL,CRE,,NULL,3149
12420,54663,1048,1048,USD,ACH021122,2022-02-11 00:00:00,2022-02-11 00:00:00,0,NULL,CRE,,NULL,3149
12421,54634,1837,1837,USD,ACH021122,2022-02-11 00:00:00,2022-02-11 00:00:00,0,NULL,CRE,,NULL,3149
12422,54674,1070.4,1070.4,USD,ACH021122,2022-02-11 00:00:00,2022-02-11 00:00:00,0,NULL,CRE,,NULL,3149
12423,54711,1690.5,1690.5,USD,ACH021122,2022-02-11 00:00:00,2022-02-11 00:00:00,0,NULL,CRE,,NULL,3149
12424,54652,14296,14296,USD,ACH021422,2022-02-14 00:00:00,2022-02-14 00:00:00,0,NULL,CRE,,NULL,3150
12425,54616,4445.9,4445.9,USD,ACH021422,2022-02-14 00:00:00,2022-02-14 00:00:00,0,NULL,CRE,,NULL,3151
12426,54569,4664.4,4664.4,USD,ACH021422,2022-02-14 00:00:00,2022-02-14 00:00:00,0,NULL,CRE,,NULL,3152
12427,54567,4473.5,4473.5,USD,ACH021422,2022-02-14 00:00:00,2022-02-14 00:00:00,0,NULL,CRE,,NULL,3153
12428,54568,4533.3,4533.3,USD,ACH021422,2022-02-14 00:00:00,2022-02-14 00:00:00,0,NULL,CRE,,NULL,3154
12429,54699,4820.8,4820.8,USD,ACH021422,2022-02-14 00:00:00,2022-02-14 00:00:00,0,NULL,CRE,,NULL,3155
12430,54615,4915.1,4915.1,USD,ACH021422,2022-02-14 00:00:00,2022-02-14 00:00:00,0,NULL,CRE,,NULL,3156
12431,54651,13496.84,13496.84,USD,ACH021522,2022-02-15 00:00:00,2022-02-15 00:00:00,0,NULL,CRE,,NULL,3157
12432,54493,13582.8,13582.8,USD,CK 1067939,2022-02-15 00:00:00,2022-02-15 00:00:00,0,NULL,CRE,,NULL,3158
12433,54538,12909.6,12909.6,USD,CK 1067939,2022-02-15 00:00:00,2022-02-15 00:00:00,0,NULL,CRE,,NULL,3158
12434,54619,13444.2,13444.2,USD,CK 1069083,2022-02-15 00:00:00,2022-02-15 00:00:00,0,NULL,CRE,,NULL,3159
12435,54614,6897.7,6897.7,USD,CK 00467799,2022-02-15 00:00:00,2022-02-15 00:00:00,0,NULL,CRE,,NULL,3160
12436,54637,8237.4,8237.4,USD,CK 79020,2022-02-15 00:00:00,2022-02-15 00:00:00,0,NULL,CRE,,NULL,3161
12437,54546,7851.56,7851.56,USD,ACH021722,2022-02-17 00:00:00,2022-02-17 00:00:00,0,NULL,CRE,,NULL,3162
12438,54659,1004,1004,USD,CK11471,2022-02-17 00:00:00,2022-02-17 00:00:00,0,NULL,CRE,,NULL,3163
12439,54643,13732.55,13732.55,USD,ach021022,2022-02-17 00:00:00,2022-02-17 00:00:00,0,1125,UAC,,NULL,3164
12440,54575,12396,12396,USD,ACH021822,2022-02-18 00:00:00,2022-02-18 00:00:00,0,NULL,CRE,,NULL,3165
12441,54629,9461.52,9461.52,USD,ACH021822,2022-02-18 00:00:00,2022-02-18 00:00:00,0,NULL,CRE,,NULL,3166
12442,54633,9600,9600,USD,ACH021822,2022-02-18 00:00:00,2022-02-18 00:00:00,0,NULL,CRE,,NULL,3166
12443,54664,677,677,USD,ACH021822,2022-02-18 00:00:00,2022-02-18 00:00:00,0,NULL,CRE,,NULL,3166
12444,54646,780,780,USD,ACH021822,2022-02-18 00:00:00,2022-02-18 00:00:00,0,NULL,CRE,,NULL,3166
12445,54687,1728,1728,USD,ACH021822,2022-02-18 00:00:00,2022-02-18 00:00:00,0,NULL,CRE,,NULL,3167
12446,54688,1809,1809,USD,ACH021822,2022-02-18 00:00:00,2022-02-18 00:00:00,0,NULL,CRE,,NULL,3167
12447,54689,1689,1689,USD,ACH021822,2022-02-18 00:00:00,2022-02-18 00:00:00,0,NULL,CRE,,NULL,3167
12448,54690,1770,1770,USD,ACH021822,2022-02-18 00:00:00,2022-02-18 00:00:00,0,NULL,CRE,,NULL,3167
12449,54679,1466,1466,USD,ACH021822,2022-02-18 00:00:00,2022-02-18 00:00:00,0,NULL,CRE,,NULL,3167
12450,54680,1596,1596,USD,ACH021822,2022-02-18 00:00:00,2022-02-18 00:00:00,0,NULL,CRE,,NULL,3167
12451,54685,1735.2,1735.2,USD,ACH021822,2022-02-18 00:00:00,2022-02-18 00:00:00,0,NULL,CRE,,NULL,3167
12452,54754,2308.8,2308.8,USD,ACH021822,2022-02-18 00:00:00,2022-02-18 00:00:00,0,NULL,CRE,,NULL,3167
12453,54735,2898,2898,USD,ACH021822,2022-02-18 00:00:00,2022-02-18 00:00:00,0,NULL,CRE,,NULL,3167
12454,54431,4320,4320,USD,CK 10417980,2022-01-13 00:00:00,2022-01-13 00:00:00,0,NULL,CRE,,NULL,3168
12455,54684,3879.2,3879.2,USD,ACH022222,2022-02-24 00:00:00,2022-02-24 00:00:00,0,NULL,CRE,,NULL,3169
12456,54659INV,496.51,496.51,USD,ach022222,2022-02-24 00:00:00,2022-02-24 00:00:00,0,1126,UAC,,NULL,3171
12457,54454,28056.38,28056.38,USD,CK 2470,2022-01-13 00:00:00,2022-01-13 00:00:00,0,NULL,CRE,,NULL,3172
12458,54301,3914.4,3914.4,USD,CK 209666,2022-01-13 00:00:00,2022-01-13 00:00:00,0,NULL,CRE,,NULL,3173
12459,54650,9361,9361,USD,CK 111476,2022-02-28 00:00:00,2022-02-28 00:00:00,0,NULL,CRE,,NULL,3174
12460,54611,10131.9,10131.9,USD,CK 111476,2022-02-28 00:00:00,2022-02-28 00:00:00,0,NULL,CRE,,NULL,3174
12461,54653,6573.6,6573.6,USD,CK 111476,2022-02-28 00:00:00,2022-02-28 00:00:00,0,NULL,CRE,,NULL,3174
12462,54648,9931.6,9931.6,USD,CK 111476,2022-02-28 00:00:00,2022-02-28 00:00:00,0,NULL,CRE,,NULL,3174
12463,54339,3876,3876,USD,CK 111476,2022-02-28 00:00:00,2022-02-28 00:00:00,0,NULL,CRE,,NULL,3174
12464,54751,5268,5268,USD,CK 111476,2022-02-28 00:00:00,2022-02-28 00:00:00,0,NULL,CRE,,NULL,3174
12465,54787,2410.8,2410.8,USD,CK 111476,2022-02-28 00:00:00,2022-02-28 00:00:00,0,NULL,CRE,,NULL,3174
12466,54631,4505.6,4505.6,USD,CK 107101,2022-02-28 00:00:00,2022-02-28 00:00:00,0,NULL,CRE,,NULL,3175
12467,54686,1166.4,1166.4,USD,CK 11497,2022-02-28 00:00:00,2022-02-28 00:00:00,0,NULL,CRE,,NULL,3176
12468,54632,9866.8,9866.8,USD,CK 00468083,2022-02-28 00:00:00,2022-02-28 00:00:00,0,NULL,CRE,,NULL,3177
12469,54681,3841.2,3841.2,USD,CK 115113,2022-02-28 00:00:00,2022-02-28 00:00:00,0,NULL,CRE,,NULL,3178
12470,54682,3623.4,3623.4,USD,CK 115113,2022-02-28 00:00:00,2022-02-28 00:00:00,0,NULL,CRE,,NULL,3178
12471,54594,8484,8484,USD,CK 115113,2022-02-28 00:00:00,2022-02-28 00:00:00,0,NULL,CRE,,NULL,3178
12472,54727,8132.6,8132.6,USD,CK 115113,2022-02-28 00:00:00,2022-02-28 00:00:00,0,NULL,CRE,,NULL,3178
12473,54759,6005.32,6005.32,USD,CK 115247,2022-03-01 00:00:00,2022-03-01 00:00:00,0,NULL,CRE,,NULL,3179
12474,54728,9094.6,9094.6,USD,CK 115247,2022-03-01 00:00:00,2022-03-01 00:00:00,0,NULL,CRE,,NULL,3179
12475,54696,8076.6,8076.6,USD,ACH022522,2022-02-25 00:00:00,2022-02-25 00:00:00,0,NULL,CRE,,NULL,3180
12476,54675,9054,9054,USD,ACH022522,2022-02-25 00:00:00,2022-02-25 00:00:00,0,NULL,CRE,,NULL,3180
12477,54580,25034.12,25034.12,USD,ACH022522,2022-02-25 00:00:00,2022-02-25 00:00:00,0,NULL,CRE,,NULL,3180
12478,54709,12619.59,12619.59,USD,ACH030122,2022-03-01 00:00:00,2022-03-01 00:00:00,0,NULL,CRE,,NULL,3181
12479,54725,14332,14332,USD,ACH030122,2022-03-01 00:00:00,2022-03-01 00:00:00,0,NULL,CRE,,NULL,3182
12480,54723,2336,2336,USD,ACH022822,2022-02-28 00:00:00,2022-02-28 00:00:00,0,NULL,CRE,,NULL,3183
12481,54618,4786.3,4786.3,USD,ACH022822,2022-02-28 00:00:00,2022-02-28 00:00:00,0,NULL,CRE,,NULL,3184
12482,54721,6256,6256,USD,ACH022822,2022-02-28 00:00:00,2022-02-28 00:00:00,0,NULL,CRE,,NULL,3185
12483,54659INV,150,150,USD,ach022222,2022-03-02 00:00:00,2022-03-02 00:00:00,0,1126,UAC,,NULL,3186
12484,54647,4947.2,4947.2,USD,CK 077226,2022-03-01 00:00:00,2022-03-01 00:00:00,0,NULL,CRE,,NULL,3187
12485,54708,6572.64,6572.64,USD,CK 077226,2022-03-01 00:00:00,2022-03-01 00:00:00,0,NULL,CRE,,NULL,3187
12486,54701,6060,6060,USD,CK 48811,2022-03-02 00:00:00,2022-03-02 00:00:00,0,NULL,CRE,,NULL,3188
12487,54692,9417.6,9417.6,USD,CK 7949,2022-03-02 00:00:00,2022-03-02 00:00:00,0,NULL,CRE,,NULL,3189
12488,54328,664.14,664.14,USD,ACH030322,2022-03-03 00:00:00,2022-03-03 00:00:00,0,NULL,CRE,,NULL,3190
12489,54342,10429.37,10429.37,USD,ACH030322,2022-03-03 00:00:00,2022-03-03 00:00:00,0,NULL,CRE,,NULL,3190
12490,54498,21655.7,21655.7,USD,ACH030322,2022-03-03 00:00:00,2022-03-03 00:00:00,0,NULL,CRE,,NULL,3190
12491,54330,26337.55,26337.55,USD,ACH030322,2022-03-03 00:00:00,2022-03-03 00:00:00,0,NULL,CRE,,NULL,3190
12492,54673,14953.55,14953.55,USD,CK 39481,2022-03-03 00:00:00,2022-03-03 00:00:00,0,NULL,CRE,,NULL,3191
12493,54706,14828.4,14828.4,USD,ACH030422,2022-03-04 00:00:00,2022-03-04 00:00:00,0,NULL,CRE,,NULL,3192
12494,54533,850,850,USD,ACH030422,2022-03-04 00:00:00,2022-03-04 00:00:00,0,NULL,CRE,,NULL,3193
12495,54576,12103.5,12103.5,USD,ACH030422,2022-03-04 00:00:00,2022-03-04 00:00:00,0,NULL,CRE,,NULL,3193
12496,54662,1872.4,1872.4,USD,ACH030422,2022-03-04 00:00:00,2022-03-04 00:00:00,0,NULL,CRE,,NULL,3194
12497,54745,4736,4736,USD,ACH030422,2022-03-04 00:00:00,2022-03-04 00:00:00,0,NULL,CRE,,NULL,3194
12498,54755,953.6,953.6,USD,ACH030422,2022-03-04 00:00:00,2022-03-04 00:00:00,0,NULL,CRE,,NULL,3194
12499,54557,1468.15,1468.15,USD,ACH030422,2022-03-04 00:00:00,2022-03-04 00:00:00,0,NULL,CRE,,NULL,3195
12500,54558,1209.93,1209.93,USD,ACH030422,2022-03-04 00:00:00,2022-03-04 00:00:00,0,NULL,CRE,,NULL,3195
12501,54579,1932.75,1932.75,USD,ACH030422,2022-03-04 00:00:00,2022-03-04 00:00:00,0,NULL,CRE,,NULL,3195
12502,54746,4339.2,4339.2,USD,ACH022522,2022-03-07 00:00:00,2022-03-07 00:00:00,0,1127,UAC,,NULL,3197
12503,54726,3710,3710,USD,ACH030722,2022-03-07 00:00:00,2022-03-07 00:00:00,0,NULL,CRE,,NULL,3198
12504,54733,3430,3430,USD,ACH030722,2022-03-07 00:00:00,2022-03-07 00:00:00,0,NULL,CRE,,NULL,3198
12505,54758,1338,1338,USD,ACH030722,2022-03-07 00:00:00,2022-03-07 00:00:00,0,NULL,CRE,,NULL,3198
12506,54752,2397.6,2397.6,USD,ACH030722,2022-03-07 00:00:00,2022-03-07 00:00:00,0,NULL,CRE,,NULL,3198
12507,54788,2980.8,2980.8,USD,ACH030722,2022-03-07 00:00:00,2022-03-07 00:00:00,0,NULL,CRE,,NULL,3198
12508,54783,3514.8,3514.8,USD,ACH030722,2022-03-07 00:00:00,2022-03-07 00:00:00,0,NULL,CRE,,NULL,3198
12509,54794,3812.4,3812.4,USD,ACH030722,2022-03-07 00:00:00,2022-03-07 00:00:00,0,NULL,CRE,,NULL,3198
12510,54810,1766.4,1766.4,USD,ACH030722,2022-03-07 00:00:00,2022-03-07 00:00:00,0,NULL,CRE,,NULL,3198
12511,54777,13596.4,13596.4,USD,ACH030822,2022-03-08 00:00:00,2022-03-08 00:00:00,0,NULL,CRE,,NULL,3199
12512,54530,11502.4,11502.4,USD,CK 5799,2022-03-08 00:00:00,2022-03-08 00:00:00,0,NULL,CRE,,NULL,3200
12513,54731,5950.7,5950.7,USD,CK 9991,2022-03-08 00:00:00,2022-03-08 00:00:00,0,NULL,CRE,,NULL,3201
12514,54737,4556,4556,USD,CK 133254,2022-03-08 00:00:00,2022-03-08 00:00:00,0,NULL,CRE,,NULL,3202
12515,54738,4457.4,4457.4,USD,CK 133254,2022-03-08 00:00:00,2022-03-08 00:00:00,0,NULL,CRE,,NULL,3202
12516,54739,4678.4,4678.4,USD,CK 133254,2022-03-08 00:00:00,2022-03-08 00:00:00,0,NULL,CRE,,NULL,3202
12517,54683,7080.3,7080.3,USD,CK 00468500,2022-03-08 00:00:00,2022-03-08 00:00:00,0,NULL,CRE,,NULL,3203
12518,54622,3605,3605,USD,ACH020722,2022-02-09 00:00:00,2022-02-09 00:00:00,0,NULL,CRE,,NULL,3204
12519,54698,1223.2,1223.2,USD,ACH020722,2022-02-09 00:00:00,2022-02-09 00:00:00,0,NULL,CRE,,NULL,3204
12520,54665,1411.85,1411.85,USD,ACH020722,2022-02-09 00:00:00,2022-02-09 00:00:00,0,NULL,CRE,,NULL,3204
12521,54590,2805.6,2805.6,USD,CK 1857,2022-02-10 00:00:00,2022-02-10 00:00:00,0,NULL,CRE,,NULL,3205
12522,54809,2619.2,2619.2,USD,ACH030922,2022-03-09 00:00:00,2022-03-09 00:00:00,0,NULL,CRE,,NULL,3206
12523,54635,11612.35,11612.35,USD,WIR030922,2022-03-09 00:00:00,2022-03-09 00:00:00,0,NULL,CRE,,NULL,3207
12524,54620,8513.74,8513.74,USD,WIR030922,2022-03-09 00:00:00,2022-03-09 00:00:00,0,NULL,CRE,,NULL,3207
12525,54702,5704,5704,USD,ACH031022,2022-03-10 00:00:00,2022-03-10 00:00:00,0,NULL,CRE,,NULL,3208
12526,54775,11183.6,11183.6,USD,ACH031122,2022-03-11 00:00:00,2022-03-11 00:00:00,0,NULL,CRE,,NULL,3209
12527,54756,8527.2,8527.2,USD,CK 7386,2022-03-11 00:00:00,2022-03-11 00:00:00,0,NULL,CRE,,NULL,3210
12528,54761,5803.21,5803.21,USD,CK 115416,2022-03-11 00:00:00,2022-03-11 00:00:00,0,NULL,CRE,,NULL,3211
12529,54625,875.2,875.2,USD,ACH031122,2022-03-11 00:00:00,2022-03-11 00:00:00,0,NULL,CRE,,NULL,3212
12530,54833,1056,1056,USD,ACH031122,2022-03-11 00:00:00,2022-03-11 00:00:00,0,NULL,CRE,,NULL,3212
12531,54824,4071.6,4071.6,USD,ACH031122,2022-03-11 00:00:00,2022-03-11 00:00:00,0,NULL,CRE,,NULL,3212
12532,54826,1522.5,1522.5,USD,ACH031122,2022-03-11 00:00:00,2022-03-11 00:00:00,0,NULL,CRE,,NULL,3212
12533,54813,3628.8,3628.8,USD,ACH031122,2022-03-11 00:00:00,2022-03-11 00:00:00,0,NULL,CRE,,NULL,3212
12534,54829,3886,3886,USD,ACH031122,2022-03-11 00:00:00,2022-03-11 00:00:00,0,NULL,CRE,,NULL,3212
12535,54814,3801.61,3801.61,USD,ACH031122,2022-03-11 00:00:00,2022-03-11 00:00:00,0,NULL,CRE,,NULL,3212
12536,54779,831.51,831.51,USD,ACH031122,2022-03-11 00:00:00,2022-03-11 00:00:00,0,NULL,CRE,,NULL,3213
12537,54668,69,69,USD,ACH112020,2022-03-15 00:00:00,2022-03-15 00:00:00,0,1094,UAC,,NULL,3214
12538,54825,4304,4304,USD,ACH031422,2022-03-14 00:00:00,2022-03-14 00:00:00,0,NULL,CRE,,NULL,3215
12539,54695,4923.04,4923.04,USD,CK 077271,2022-03-15 00:00:00,2022-03-15 00:00:00,0,NULL,CRE,,NULL,3216
12540,54819,7896.36,7896.36,USD,CK 115553,2022-03-15 00:00:00,2022-03-15 00:00:00,0,NULL,CRE,,NULL,3217
12541,54760,5838,5838,USD,CK 115553,2022-03-15 00:00:00,2022-03-15 00:00:00,0,NULL,CRE,,NULL,3217
12542,54360,1743,1743,USD,CK 5796,2022-03-15 00:00:00,2022-03-15 00:00:00,0,NULL,CRE,,NULL,3218
12543,54361,1653,1653,USD,CK 5796,2022-03-15 00:00:00,2022-03-15 00:00:00,0,NULL,CRE,,NULL,3218
12544,54613,7930.4,7930.4,USD,CK 468685,2022-03-15 00:00:00,2022-03-15 00:00:00,0,NULL,CRE,,NULL,3219
12545,54246,-150,-150,USD,54246,2022-03-17 00:00:00,2022-03-17 00:00:00,0,NULL,CRE,,NULL,3220
12546,54785,150,150,USD,54246,2022-03-17 00:00:00,2022-03-17 00:00:00,0,NULL,CRE,,NULL,3220
12547,54694,14179.4,14179.4,USD,CK 109312,2022-03-17 00:00:00,2022-03-17 00:00:00,0,NULL,CRE,,NULL,3221
12548,54806,12498.6,12498.6,USD,ACH031822,2022-03-18 00:00:00,2022-03-18 00:00:00,0,NULL,CRE,,NULL,3222
12549,54668,9978.78,9978.78,USD,ACH022522,2022-03-18 00:00:00,2022-03-18 00:00:00,0,1127,UAC,,NULL,3223
12550,54598,10763.75,10763.75,USD,ACH031822,2022-03-18 00:00:00,2022-03-18 00:00:00,0,NULL,CRE,,NULL,3224
12551,54577,12100.5,12100.5,USD,ACH031822,2022-03-18 00:00:00,2022-03-18 00:00:00,0,NULL,CRE,,NULL,3224
12552,54811,16013.4,16013.4,USD,ACH031822,2022-03-18 00:00:00,2022-03-18 00:00:00,0,NULL,CRE,,NULL,3224
12553,54785,4836.93,4836.93,USD,ACH031822,2022-03-18 00:00:00,2022-03-18 00:00:00,0,1128,UAC,,NULL,3226
12554,54776,8878,8878,USD,ACH031822,2022-03-18 00:00:00,2022-03-18 00:00:00,0,1128,UAC,,NULL,3226
12555,54800,4425.2,4425.2,USD,ACH031722,2022-03-17 00:00:00,2022-03-17 00:00:00,0,NULL,CRE,,NULL,3227
12556,54714,4728.8,4728.8,USD,ACH031722,2022-03-17 00:00:00,2022-03-17 00:00:00,0,NULL,CRE,,NULL,3228
12557,54719,4752.95,4752.95,USD,ACH031722,2022-03-17 00:00:00,2022-03-17 00:00:00,0,NULL,CRE,,NULL,3229
12558,54718,4784,4784,USD,ACH031722,2022-03-17 00:00:00,2022-03-17 00:00:00,0,NULL,CRE,,NULL,3230
12559,54700,4850.7,4850.7,USD,ACH031722,2022-03-17 00:00:00,2022-03-17 00:00:00,0,NULL,CRE,,NULL,3231
12560,54715,4885.2,4885.2,USD,ACH031722,2022-03-17 00:00:00,2022-03-17 00:00:00,0,NULL,CRE,,NULL,3232
12561,54716,5057.7,5057.7,USD,ACH031722,2022-03-17 00:00:00,2022-03-17 00:00:00,0,NULL,CRE,,NULL,3233
12562,54747,5249.6,5249.6,USD,ACH031722,2022-03-17 00:00:00,2022-03-17 00:00:00,0,NULL,CRE,,NULL,3234
12563,54770,5878.98,5878.98,USD,ACH031722,2022-03-18 00:00:00,2022-03-18 00:00:00,0,NULL,CRE,,NULL,3235
12564,54730,5924.5,5924.5,USD,ACH031722,2022-03-17 00:00:00,2022-03-17 00:00:00,0,NULL,CRE,,NULL,3236
12565,54729,8135.69,8135.69,USD,ACH031722,2022-03-17 00:00:00,2022-03-17 00:00:00,0,NULL,CRE,,NULL,3237
12566,54801,9406.54,9406.54,USD,ACH031822,2022-03-18 00:00:00,2022-03-18 00:00:00,0,1129,UAC,,NULL,3239
12567,54421,370.52,370.52,USD,ACH031722,2022-03-17 00:00:00,2022-03-17 00:00:00,0,NULL,CRE,,NULL,3240
12568,54423,6038.42,6038.42,USD,ACH031722,2022-03-17 00:00:00,2022-03-17 00:00:00,0,NULL,CRE,,NULL,3240
12569,54422,7220.12,7220.12,USD,ACH031722,2022-03-17 00:00:00,2022-03-17 00:00:00,0,NULL,CRE,,NULL,3240
12570,54802,8407.62,8407.62,USD,ACH031822,2022-03-18 00:00:00,2022-03-18 00:00:00,0,1129,UAC,,NULL,3241
12571,54693,14456.8,14456.8,USD,CK 110048,2022-03-22 00:00:00,2022-03-22 00:00:00,0,NULL,CRE,,NULL,3242
12572,54762,13057.2,13057.2,USD,CK 110048,2022-03-22 00:00:00,2022-03-22 00:00:00,0,NULL,CRE,,NULL,3242
12573,54818,1275,1275,USD,CK 11300,2022-03-22 00:00:00,2022-03-22 00:00:00,0,NULL,CRE,,NULL,3243
12574,54331,26501.3,26501.3,USD,ACH032222,2022-03-22 00:00:00,2022-03-22 00:00:00,0,NULL,CRE,,NULL,3244
12575,54704,20516.08,20516.08,USD,ACH032222,2022-03-22 00:00:00,2022-03-22 00:00:00,0,NULL,CRE,,NULL,3244
12576,54713,9116.1,9116.1,USD,CK 00468883,2022-03-23 00:00:00,2022-03-23 00:00:00,0,NULL,CRE,,NULL,3245
12577,54816,13672,13672,USD,ACH032422,2022-03-24 00:00:00,2022-03-24 00:00:00,0,NULL,CRE,,NULL,3246
12578,54834,19897.44,19897.44,USD,ACH032522,2022-03-25 00:00:00,2022-03-25 00:00:00,0,NULL,CRE,,NULL,3247
12579,54812,12150,12150,USD,ACH032522,2022-03-25 00:00:00,2022-03-25 00:00:00,0,NULL,CRE,,NULL,3248
12580,54697,5583.2,5583.2,USD,ACH032522,2022-03-25 00:00:00,2022-03-25 00:00:00,0,NULL,CRE,,NULL,3249
12581,54753,6171,6171,USD,ACH032522,2022-03-25 00:00:00,2022-03-25 00:00:00,0,NULL,CRE,,NULL,3249
12582,54766,6558,6558,USD,ACH032522,2022-03-25 00:00:00,2022-03-25 00:00:00,0,NULL,CRE,,NULL,3249
12583,54658,1096,1096,USD,ACH032522,2022-03-25 00:00:00,2022-03-25 00:00:00,0,NULL,CRE,,NULL,3250
12584,54828,3409.2,3409.2,USD,ACH032522,2022-03-25 00:00:00,2022-03-25 00:00:00,0,NULL,CRE,,NULL,3250
12585,54748,1520.2,1520.2,USD,ACH032522,2022-03-25 00:00:00,2022-03-25 00:00:00,0,NULL,CRE,,NULL,3250
12586,54846,3699,3699,USD,ACH032522,2022-03-25 00:00:00,2022-03-25 00:00:00,0,NULL,CRE,,NULL,3250
12587,54859,3969,3969,USD,ACH032522,2022-03-25 00:00:00,2022-03-25 00:00:00,0,NULL,CRE,,NULL,3250
12588,54847,5748.3,5748.3,USD,ACH032522,2022-03-25 00:00:00,2022-03-25 00:00:00,0,NULL,CRE,,NULL,3250
12589,54881,3920.4,3920.4,USD,ACH032522,2022-03-25 00:00:00,2022-03-25 00:00:00,0,NULL,CRE,,NULL,3250
12590,54883,2786.13,2786.13,USD,ACH032522,2022-03-25 00:00:00,2022-03-25 00:00:00,0,NULL,CRE,,NULL,3250
12591,54884,3078,3078,USD,ACH032522,2022-03-25 00:00:00,2022-03-25 00:00:00,0,NULL,CRE,,NULL,3250
12592,54802,717.01,717.01,USD,ACH032522,2022-03-25 00:00:00,2022-03-25 00:00:00,0,NULL,CRE,,NULL,3251
12593,54820,6780.92,6780.92,USD,ACH032522,2022-03-25 00:00:00,2022-03-25 00:00:00,0,NULL,CRE,,NULL,3251
12594,54823,11024,11024,USD,ACH032522,2022-03-25 00:00:00,2022-03-25 00:00:00,0,NULL,CRE,,NULL,3251
12595,54772,5501.2,5501.2,USD,ACH032822,2022-03-28 00:00:00,2022-03-28 00:00:00,0,NULL,CRE,,NULL,3252
12596,54769,6769.4,6769.4,USD,ACH032822,2022-03-28 00:00:00,2022-03-28 00:00:00,0,NULL,CRE,,NULL,3253
12597,54717,4765.6,4765.6,USD,ACH032822,2022-03-28 00:00:00,2022-03-28 00:00:00,0,NULL,CRE,,NULL,3254
12598,54888,2940,2940,USD,CK 15750,2022-03-29 00:00:00,2022-03-29 00:00:00,0,NULL,CRE,,NULL,3255
12599,54830,10720.2,10720.2,USD,CK 7397,2022-03-29 00:00:00,2022-03-29 00:00:00,0,NULL,CRE,,NULL,3256
12600,54644INV,300,300,USD,ACH032922,2022-03-29 00:00:00,2022-03-29 00:00:00,0,NULL,CRE,,NULL,3257
12601,54796,6256.4,6256.4,USD,ACH033122,2022-03-31 00:00:00,2022-03-31 00:00:00,0,NULL,CRE,,NULL,3259
12602,54832,6127.2,6127.2,USD,ACH040122,2022-04-01 00:00:00,2022-04-01 00:00:00,0,NULL,CRE,,NULL,3260
12603,54789,7124.4,7124.4,USD,ACH040122,2022-04-01 00:00:00,2022-04-01 00:00:00,0,NULL,CRE,,NULL,3260
12604,54779,800,800,USD,ACH040122,2022-04-01 00:00:00,2022-04-01 00:00:00,0,NULL,CRE,,NULL,3261
12605,54736,1164.52,1164.52,USD,ACH040122,2022-04-01 00:00:00,2022-04-01 00:00:00,0,NULL,CRE,,NULL,3261
12606,54793,4918.4,4918.4,USD,CK 077333,2022-03-31 00:00:00,2022-03-31 00:00:00,0,NULL,CRE,,NULL,3262
12607,54763,16434.6,16434.6,USD,CK 111051,2022-04-04 00:00:00,2022-04-04 00:00:00,0,NULL,CRE,,NULL,3263
12608,54821,6289.8,6289.8,USD,CK 112016,2022-04-04 00:00:00,2022-04-04 00:00:00,0,NULL,CRE,,NULL,3264
12609,54786,15418.56,15418.56,USD,CK 112016,2022-04-04 00:00:00,2022-04-04 00:00:00,0,NULL,CRE,,NULL,3264
12610,54671,3931.5,3931.5,USD,CK 001010,2022-04-04 00:00:00,2022-04-04 00:00:00,0,NULL,CRE,,NULL,3265
12611,54780,4897.28,4897.28,USD,CK 077368,2022-04-04 00:00:00,2022-04-04 00:00:00,0,NULL,CRE,,NULL,3266
12612,54856,4330.9,4330.9,USD,ACH040522,2022-04-05 00:00:00,2022-04-05 00:00:00,0,NULL,CRE,,NULL,3267
12613,54781,2805,2805,USD,ACH040422,2022-04-04 00:00:00,2022-04-04 00:00:00,0,NULL,CRE,,NULL,3268
12614,54928,3029.4,3029.4,USD,ACH040422,2022-04-04 00:00:00,2022-04-04 00:00:00,0,NULL,CRE,,NULL,3268
12615,54932,3067.2,3067.2,USD,ACH040422,2022-04-04 00:00:00,2022-04-04 00:00:00,0,NULL,CRE,,NULL,3268
12616,54919,3331.8,3331.8,USD,ACH040422,2022-04-04 00:00:00,2022-04-04 00:00:00,0,NULL,CRE,,NULL,3268
12617,54817,8172.6,8172.6,USD,ACH040422,2022-04-04 00:00:00,2022-04-04 00:00:00,0,NULL,CRE,,NULL,3269
12618,54771,6182.05,6182.05,USD,ACH040422,2022-04-04 00:00:00,2022-04-04 00:00:00,0,NULL,CRE,,NULL,3270
12619,54768,5810.6,5810.6,USD,ACH040422,2022-04-04 00:00:00,2022-04-04 00:00:00,0,NULL,CRE,,NULL,3271
12620,54862,4719.6,4719.6,USD,ACH040422,2022-04-04 00:00:00,2022-04-04 00:00:00,0,NULL,CRE,,NULL,3272
12621,54869,4510.3,4510.3,USD,ACH040422,2022-04-04 00:00:00,2022-04-04 00:00:00,0,NULL,CRE,,NULL,3273
12622,54797,6404,6404,USD,ACH040722,2022-04-07 00:00:00,2022-04-07 00:00:00,0,NULL,CRE,,NULL,3274
12623,54795,20239.5,20239.5,USD,ACH040622,2022-04-06 00:00:00,2022-04-06 00:00:00,0,NULL,CRE,,NULL,3275
12624,54678,23315.85,23315.85,USD,ACH040622,2022-04-06 00:00:00,2022-04-06 00:00:00,0,NULL,CRE,,NULL,3275
12625,54599,239.5,239.5,USD,OFFSET,2022-04-07 00:00:00,2022-04-07 12:00:29,0,0,OFF,,NULL,NULL
12626,54925,377.85,377.85,USD,OFFSET,2022-04-07 00:00:00,2022-04-07 12:00:42,0,0,OFF,,NULL,NULL
12627,54878,14611.1,14611.1,USD,ACH040822,2022-04-08 00:00:00,2022-04-08 00:00:00,0,NULL,CRE,,NULL,3276
12628,54880,16320,16320,USD,ACH040822,2022-04-08 00:00:00,2022-04-08 00:00:00,0,NULL,CRE,,NULL,3276
12629,54835,19634.4,19634.4,USD,ACH040822,2022-04-08 00:00:00,2022-04-08 00:00:00,0,NULL,CRE,,NULL,3276
12630,54860,6735,6735,USD,ACH040822,2022-04-08 00:00:00,2022-04-08 00:00:00,0,NULL,CRE,,NULL,3276
12631,54848,9859.68,9859.68,USD,ACH040822,2022-04-08 00:00:00,2022-04-08 00:00:00,0,NULL,CRE,,NULL,3276
12632,54882,1240.2,1240.2,USD,ACH040822,2022-04-08 00:00:00,2022-04-08 00:00:00,0,NULL,CRE,,NULL,3276
12633,54831,19970.9,19970.9,USD,ACH040822,2022-04-08 00:00:00,2022-04-08 00:00:00,0,NULL,CRE,,NULL,3276
12634,54839,9763.95,9763.95,USD,ACH040822,2022-04-08 00:00:00,2022-04-08 00:00:00,0,NULL,CRE,,NULL,3276
12635,54898,4203.5,4203.5,USD,ACH040822,2022-04-08 00:00:00,2022-04-08 00:00:00,0,NULL,CRE,,NULL,3277
12636,54897,11280.62,11280.62,USD,ACH040822,2022-04-08 00:00:00,2022-04-08 00:00:00,0,NULL,CRE,,NULL,3278
12637,54488,1489.4,1489.4,USD,ACH040822,2022-04-08 00:00:00,2022-04-08 00:00:00,0,NULL,CRE,,NULL,3279
12638,54920,3369.6,3369.6,USD,ACH040822,2022-04-08 00:00:00,2022-04-08 00:00:00,0,NULL,CRE,,NULL,3279
12639,54934,3591,3591,USD,ACH040822,2022-04-08 00:00:00,2022-04-08 00:00:00,0,NULL,CRE,,NULL,3279
12640,54670,3614,3614,USD,ACH040822,2022-04-08 00:00:00,2022-04-08 00:00:00,0,NULL,CRE,,NULL,3280
12641,54669,2416,2416,USD,CK 1965,2022-03-14 00:00:00,2022-03-14 00:00:00,0,NULL,CRE,,NULL,3281
12642,54808,3452,3452,USD,CK 2008,2022-03-30 00:00:00,2022-03-30 00:00:00,0,NULL,CRE,,NULL,3282
12643,52607,1199.2,1199.2,USD,CK 1078,2022-04-11 00:00:00,2022-04-11 00:00:00,0,NULL,CRE,,NULL,3283
12644,54844,9707.85,9707.85,USD,ACH041322,2022-04-13 00:00:00,2022-04-13 00:00:00,0,NULL,CRE,,NULL,3284
12645,54886,9933.45,9933.45,USD,ACH041322,2022-04-13 00:00:00,2022-04-13 00:00:00,0,NULL,CRE,,NULL,3284
12646,54765,13213.8,13213.8,USD,ACH041222,2022-04-13 00:00:00,2022-04-13 00:00:00,0,NULL,CRE,,NULL,3285
12647,54764,15041.95,15041.95,USD,ACH041222,2022-04-13 00:00:00,2022-04-13 00:00:00,0,NULL,CRE,,NULL,3285
12648,54853,14018,14018,USD,CK 062378,2022-04-14 00:00:00,2022-04-14 00:00:00,0,1130,UAC,,NULL,3286
12649,54855,4970.4,4970.4,USD,CK 7416,2022-04-13 00:00:00,2022-04-13 00:00:00,0,NULL,CRE,,NULL,3288
12650,54861,3438,3438,USD,CK 3825,2022-04-13 00:00:00,2022-04-13 00:00:00,0,NULL,CRE,,NULL,3289
12651,54734,3289.51,3289.51,USD,CK 001012,2022-04-13 00:00:00,2022-04-13 00:00:00,0,NULL,CRE,,NULL,3290
12652,54864,9753.7,9753.7,USD,ACH041422,2022-04-14 00:00:00,2022-04-14 00:00:00,0,NULL,CRE,,NULL,3291
12653,54967,8413.2,8413.2,USD,ACH041422,2022-04-14 00:00:00,2022-04-14 00:00:00,0,NULL,CRE,,NULL,3291
12654,54885,8452.4,8452.4,USD,ACH041522,2022-04-15 00:00:00,2022-04-15 00:00:00,0,NULL,CRE,,NULL,3292
12655,54913,423,423,USD,ACH041522,2022-04-15 00:00:00,2022-04-15 00:00:00,0,NULL,CRE,,NULL,3292
12656,54784,2240.28,2240.28,USD,ACH041522,2022-04-15 00:00:00,2022-04-15 00:00:00,0,NULL,CRE,,NULL,3293
12657,54707,21676,21676,USD,ACH041522,2022-04-15 00:00:00,2022-04-15 00:00:00,0,NULL,CRE,,NULL,3294
12658,54512,6805.76,6805.76,USD,AR041522,2022-04-15 00:00:00,2022-04-15 00:00:00,0,NULL,CRE,,NULL,3295
12659,54917,11211.2,11211.2,USD,AR041522,2022-04-15 00:00:00,2022-04-15 00:00:00,0,NULL,CRE,,NULL,3295
12660,54908,2798.2,2798.2,USD,ACH041522,2022-04-15 00:00:00,2022-04-15 00:00:00,0,NULL,CRE,,NULL,3296
12661,54935,4082.4,4082.4,USD,ACH041522,2022-04-15 00:00:00,2022-04-15 00:00:00,0,NULL,CRE,,NULL,3296
12662,54956,3072.6,3072.6,USD,ACH041522,2022-04-15 00:00:00,2022-04-15 00:00:00,0,NULL,CRE,,NULL,3296
12663,54943,4314.6,4314.6,USD,ACH041522,2022-04-15 00:00:00,2022-04-15 00:00:00,0,NULL,CRE,,NULL,3296
12664,54749,1788.6,1788.6,USD,ACH041522,2022-04-15 00:00:00,2022-04-15 00:00:00,0,NULL,CRE,,NULL,3296
12665,54890,6267.6,6267.6,USD,ACH041822,2022-04-18 00:00:00,2022-04-18 00:00:00,0,NULL,CRE,,NULL,3297
12666,54338,7147.8,7147.8,USD,CK 110669,2022-01-07 00:00:00,2022-01-07 00:00:00,0,NULL,CRE,,NULL,3298
12667,54402,6903.6,6903.6,USD,CK 110669,2022-01-07 00:00:00,2022-01-07 00:00:00,0,NULL,CRE,,NULL,3298
12668,54485,11821.6,11821.6,USD,CK 110669,2022-01-07 00:00:00,2022-01-07 00:00:00,0,NULL,CRE,,NULL,3298
12669,54654,2657.88,2657.88,USD,ACH041822,2022-04-18 00:00:00,2022-04-18 00:00:00,0,NULL,CRE,,NULL,3299
12670,54927,2806,2806,USD,CK 2457,2022-04-19 00:00:00,2022-04-19 00:00:00,0,NULL,CRE,,NULL,3300
12671,54874,3310.4,3310.4,USD,CK 112321,2022-04-19 00:00:00,2022-04-19 00:00:00,0,NULL,CRE,,NULL,3301
12672,54899,6377.55,6377.55,USD,CK 112321,2022-04-19 00:00:00,2022-04-19 00:00:00,0,NULL,CRE,,NULL,3301
12673,54912,4436.85,4436.85,USD,CK 16154,2022-04-19 00:00:00,2022-04-19 00:00:00,0,NULL,CRE,,NULL,3302
12674,54900,4095,4095,USD,CK 16154,2022-04-19 00:00:00,2022-04-19 00:00:00,0,NULL,CRE,,NULL,3302
12675,54841,4517.64,4517.64,USD,CK 16154,2022-04-19 00:00:00,2022-04-19 00:00:00,0,NULL,CRE,,NULL,3302
12676,54854,3720.64,3720.64,USD,CK 077408,2022-04-19 00:00:00,2022-04-19 00:00:00,0,NULL,CRE,,NULL,3303
12677,54799,20652.84,20652.84,USD,ACH041922,2022-04-19 00:00:00,2022-04-19 00:00:00,0,NULL,CRE,,NULL,3304
12678,54528,1965.04,1965.04,USD,ACH041922,2022-04-19 00:00:00,2022-04-19 00:00:00,0,NULL,CRE,,NULL,3304
12679,54778,5874,5874,USD,ACH041922,2022-04-19 00:00:00,2022-04-19 00:00:00,0,NULL,CRE,,NULL,3304
12680,54807,10906.28,10906.28,USD,CK 50039,2022-04-21 00:00:00,2022-04-21 00:00:00,0,NULL,CRE,,NULL,3305
12681,54782,12308.8,12308.8,USD,CK 50039,2022-04-21 00:00:00,2022-04-21 00:00:00,0,NULL,CRE,,NULL,3305
12682,54655,2745,2745,USD,ACH042522,2022-04-25 00:00:00,2022-04-25 00:00:00,0,NULL,CRE,,NULL,3306
12683,54656,-441.2,-441.2,USD,ACH042522,2022-04-25 00:00:00,2022-04-25 00:00:00,0,NULL,CRE,,NULL,3306
12684,54978,1060,1060,USD,ACH042222,2022-04-22 00:00:00,2022-04-22 00:00:00,0,NULL,CRE,,NULL,3307
12685,54989,3002.4,3002.4,USD,ACH042222,2022-04-22 00:00:00,2022-04-22 00:00:00,0,NULL,CRE,,NULL,3307
12686,54773,6868,6868,USD,ACH042222,2022-04-26 00:00:00,2022-04-26 00:00:00,0,1134,UAC,,NULL,3309
12687,54863,4602.3,4602.3,USD,ACH042222,2022-04-26 00:00:00,2022-04-26 00:00:00,0,1134,UAC,,NULL,3309
12688,54871,4634.5,4634.5,USD,ACH042222,2022-04-26 00:00:00,2022-04-26 00:00:00,0,1134,UAC,,NULL,3309
12689,54868,4128.5,4128.5,USD,ACH042222,2022-04-26 00:00:00,2022-04-26 00:00:00,0,1134,UAC,,NULL,3309
12690,54960,7874.4,7874.4,USD,ACH042222,2022-04-26 00:00:00,2022-04-26 00:00:00,0,1134,UAC,,NULL,3309
12691,54866,5004.8,5004.8,USD,ACH042222,2022-04-26 00:00:00,2022-04-26 00:00:00,0,1134,UAC,,NULL,3309
12692,54798,7844.4,7844.4,USD,ACH042222,2022-04-26 00:00:00,2022-04-26 00:00:00,0,1134,UAC,,NULL,3309
12693,55014,9469.6,9469.6,USD,ACH042222,2022-04-26 00:00:00,2022-04-26 00:00:00,0,1134,UAC,,NULL,3309
12694,54936,20446.08,20446.08,USD,ACH042222,2022-04-22 00:00:00,2022-04-22 00:00:00,0,NULL,CRE,,NULL,3310
12695,54940,741.6,741.6,USD,ACH042222,2022-04-22 00:00:00,2022-04-22 00:00:00,0,NULL,CRE,,NULL,3310
12696,54849,9521.28,9521.28,USD,ACH042222,2022-04-22 00:00:00,2022-04-22 00:00:00,0,NULL,CRE,,NULL,3310
12697,54815,3093.2,3093.2,USD,ACH042222,2022-04-22 00:00:00,2022-04-22 00:00:00,0,NULL,CRE,,NULL,3310
12698,54973,692.8,692.8,USD,ACH042222,2022-04-22 00:00:00,2022-04-22 00:00:00,0,NULL,CRE,,NULL,3310
12699,54907,11892,11892,USD,CK 009096,2022-04-25 00:00:00,2022-04-25 00:00:00,0,NULL,CRE,,NULL,3311
12700,54952,3665.25,3665.25,USD,CK 13107,2022-04-25 00:00:00,2022-04-25 00:00:00,0,NULL,CRE,,NULL,3312
12701,54782,-12308.8,-12308.8,USD,CK 50039,2022-04-21 00:00:00,2022-04-26 14:28:48,0,NULL,CRE,UNDO 12681,NULL,3313
12702,54807,-10906.28,-10906.28,USD,CK 50039,2022-04-21 00:00:00,2022-04-26 14:29:17,0,NULL,CRE,UNDO 12680,NULL,3314
12703,54845A,12285.2,12285.2,USD,CK 062499,2022-04-27 00:00:00,2022-04-27 00:00:00,0,1133,UAC,,NULL,3315
12704,54807,10906.28,10906.28,USD,ACH042722,2022-04-27 00:00:00,2022-04-27 00:00:00,0,NULL,CRE,,NULL,3316
12705,54782,12308.8,12308.8,USD,ACH042722,2022-04-27 00:00:00,2022-04-27 00:00:00,0,NULL,CRE,,NULL,3316
12706,54901,1529.76,1529.76,USD,CK 2559,2022-04-27 00:00:00,2022-04-27 00:00:00,0,NULL,CRE,,NULL,3317
12707,54905,3065.9,3065.9,USD,CK 4562,2022-04-27 00:00:00,2022-04-27 00:00:00,0,NULL,CRE,,NULL,3318
12708,54906,3836.7,3836.7,USD,CK 4562,2022-04-27 00:00:00,2022-04-27 00:00:00,0,NULL,CRE,,NULL,3318
12709,54904,2845.1,2845.1,USD,CK 4562,2022-04-27 00:00:00,2022-04-27 00:00:00,0,NULL,CRE,,NULL,3318
12710,54949,3146.4,3146.4,USD,CK 4562,2022-04-27 00:00:00,2022-04-27 00:00:00,0,NULL,CRE,,NULL,3318
12711,54921,1408,1408,USD,CK 3873,2022-04-27 00:00:00,2022-04-27 00:00:00,0,NULL,CRE,,NULL,3319
12712,54961,1468.8,1468.8,USD,CK 3873,2022-04-27 00:00:00,2022-04-27 00:00:00,0,NULL,CRE,,NULL,3319
12713,54948,4802.4,4802.4,USD,CK 077454,2022-04-27 00:00:00,2022-04-27 00:00:00,0,NULL,CRE,,NULL,3320
12714,54873,4921.95,4921.95,USD,ACH042222,2022-04-29 00:00:00,2022-04-29 00:00:00,0,1134,UAC,,NULL,3321
12715,54822,3396.6,3396.6,USD,ACH042922,2022-04-29 00:00:00,2022-04-29 00:00:00,0,NULL,CRE,,NULL,3323
12716,54955,10654.8,10654.8,USD,ACH042922,2022-04-29 00:00:00,2022-04-29 00:00:00,0,NULL,CRE,,NULL,3324
12717,54930,14916,14916,USD,ACH042922,2022-04-29 00:00:00,2022-04-29 00:00:00,0,NULL,CRE,,NULL,3325
12718,54992,8421,8421,USD,ACH042922,2022-04-29 00:00:00,2022-04-29 00:00:00,0,NULL,CRE,,NULL,3325
12719,54994,436.25,436.25,USD,ACH042922,2022-04-29 00:00:00,2022-04-29 00:00:00,0,NULL,CRE,,NULL,3325
12720,54941,6998.7,6998.7,USD,ACH042822,2022-04-28 00:00:00,2022-04-28 00:00:00,0,NULL,CRE,,NULL,3326
12721,54941,-6998.7,-6998.7,USD,ACH042822,2022-04-29 00:00:00,2022-04-29 15:04:34,0,NULL,CRE,UNDO 12720,NULL,3327
12722,54941,6998.7,6998.7,USD,ACH042822,2022-04-28 00:00:00,2022-04-28 00:00:00,0,NULL,CRE,,NULL,3328
12723,54902,6174,6174,USD,ACH042822,2022-04-28 00:00:00,2022-04-28 00:00:00,0,NULL,CRE,,NULL,3329
12724,55006,3867.6,3867.6,USD,CK 116315,2022-04-29 00:00:00,2022-04-29 00:00:00,0,NULL,CRE,,NULL,3330
12725,54877,2194.4,2194.4,USD,CK 61147,2022-05-02 00:00:00,2022-05-02 00:00:00,0,NULL,CRE,,NULL,3331
12726,54876,2402,2402,USD,CK 61147,2022-05-02 00:00:00,2022-05-02 00:00:00,0,NULL,CRE,,NULL,3332
12727,54946,672,672,USD,CK 10385,2022-05-02 00:00:00,2022-05-02 00:00:00,0,NULL,CRE,,NULL,3333
12728,54947,9045,9045,USD,CK 7427,2022-05-02 00:00:00,2022-05-02 00:00:00,0,NULL,CRE,,NULL,3334
12729,54969,3009.96,3009.96,USD,ACH050222,2022-05-02 00:00:00,2022-05-02 00:00:00,0,NULL,CRE,,NULL,3335
12730,54916,1654.2,1654.2,USD,ACH050222,2022-05-02 00:00:00,2022-05-02 00:00:00,0,NULL,CRE,,NULL,3335
12731,55039,4279.82,4279.82,USD,ACH050222,2022-05-02 00:00:00,2022-05-02 00:00:00,0,NULL,CRE,,NULL,3335
12732,54991,3083.4,3083.4,USD,ACH050222,2022-05-02 00:00:00,2022-05-02 00:00:00,0,NULL,CRE,,NULL,3335
12733,55012,3817.8,3817.8,USD,ACH050222,2022-05-02 00:00:00,2022-05-02 00:00:00,0,NULL,CRE,,NULL,3335
12734,54981,4652.9,4652.9,USD,ACH050222,2022-05-02 00:00:00,2022-05-02 00:00:00,0,NULL,CRE,,NULL,3336
12735,54903,17833.2,17833.2,USD,CK 114244,2022-05-03 00:00:00,2022-05-03 00:00:00,0,NULL,CRE,,NULL,3337
12736,54792,2130,2130,USD,CK 10419095,2022-05-03 00:00:00,2022-05-03 00:00:00,0,NULL,CRE,,NULL,3338
12737,54926,10944,10944,USD,CK 112477,2022-05-03 00:00:00,2022-05-03 00:00:00,0,NULL,CRE,,NULL,3339
12738,54857,10008,10008,USD,CK 112477,2022-05-03 00:00:00,2022-05-03 00:00:00,0,NULL,CRE,,NULL,3339
12739,54963,11732.5,11732.5,USD,CK 112477,2022-05-03 00:00:00,2022-05-03 00:00:00,0,NULL,CRE,,NULL,3339
12740,54968,4548.6,4548.6,USD,CK 112477,2022-05-03 00:00:00,2022-05-03 00:00:00,0,NULL,CRE,,NULL,3339
12741,54980,12080.5,12080.5,USD,ACH050422,2022-05-04 00:00:00,2022-05-04 00:00:00,0,NULL,CRE,,NULL,3340
12742,55015,10816,10816,USD,ACH050622,2022-05-06 00:00:00,2022-05-06 00:00:00,0,NULL,CRE,,NULL,3341
12743,55008,11951.94,11951.94,USD,ACH050622,2022-05-06 00:00:00,2022-05-06 00:00:00,0,NULL,CRE,,NULL,3341
12744,55043,4150.4,4150.4,USD,ACH050622,2022-05-06 00:00:00,2022-05-06 00:00:00,0,NULL,CRE,,NULL,3342
12745,54933,5908.45,5908.45,USD,ACH050622,2022-05-06 00:00:00,2022-05-06 00:00:00,0,NULL,CRE,,NULL,3342
12746,54993,1593,1593,USD,ACH050622,2022-05-06 00:00:00,2022-05-06 00:00:00,0,NULL,CRE,,NULL,3343
12747,55021,1579.6,1579.6,USD,ACH050622,2022-05-06 00:00:00,2022-05-06 00:00:00,0,NULL,CRE,,NULL,3343
12748,55013,3645,3645,USD,ACH050622,2022-05-06 00:00:00,2022-05-06 00:00:00,0,NULL,CRE,,NULL,3343
12749,55025,3828,3828,USD,ACH050622,2022-05-06 00:00:00,2022-05-06 00:00:00,0,NULL,CRE,,NULL,3343
12750,55063,3628.8,3628.8,USD,ACH050622,2022-05-06 00:00:00,2022-05-06 00:00:00,0,NULL,CRE,,NULL,3343
12751,55079,4033.8,4033.8,USD,ACH050622,2022-05-06 00:00:00,2022-05-06 00:00:00,0,NULL,CRE,,NULL,3343
12752,54983,13659.15,13659.15,USD,ACH051022,2022-05-10 00:00:00,2022-05-10 00:00:00,0,NULL,CRE,,NULL,3344
12753,55049,6206,6206,USD,ACH50922,2022-05-09 00:00:00,2022-05-09 00:00:00,0,NULL,CRE,,NULL,3345
12754,55048,5829,5829,USD,ACH050922,2022-05-09 00:00:00,2022-05-09 00:00:00,0,NULL,CRE,,NULL,3346
12755,55046,6426.4,6426.4,USD,ACH050922,2022-05-09 00:00:00,2022-05-09 00:00:00,0,NULL,CRE,,NULL,3347
12756,55045,6603.3,6603.3,USD,ACH050922,2022-05-09 00:00:00,2022-05-09 00:00:00,0,NULL,CRE,,NULL,3348
12757,55091,9408,9408,USD,ACH050922,2022-05-09 00:00:00,2022-05-09 00:00:00,0,NULL,CRE,,NULL,3349
12758,55044,6014.6,6014.6,USD,ACH050922,2022-05-09 00:00:00,2022-05-09 00:00:00,0,NULL,CRE,,NULL,3350
12759,55024,7801.2,7801.2,USD,ACH050922,2022-05-09 00:00:00,2022-05-09 00:00:00,0,NULL,CRE,,NULL,3351
12760,55004,7549.2,7549.2,USD,ACH050922,2022-05-09 00:00:00,2022-05-09 00:00:00,0,NULL,CRE,,NULL,3352
12761,55003,6508.8,6508.8,USD,ACH050922,2022-05-09 00:00:00,2022-05-09 00:00:00,0,NULL,CRE,,NULL,3353
12762,54990,8991.3,8991.3,USD,ACH050922,2022-05-09 00:00:00,2022-05-09 00:00:00,0,NULL,CRE,,NULL,3354
12763,54879,8801.81,8801.81,USD,CK 001019,2022-05-10 00:00:00,2022-05-10 00:00:00,0,NULL,CRE,,NULL,3355
12764,54896,4179.77,4179.77,USD,CK 001019,2022-05-10 00:00:00,2022-05-10 00:00:00,0,NULL,CRE,,NULL,3355
12765,54851,6050.14,6050.14,USD,CK 001019,2022-05-10 00:00:00,2022-05-10 00:00:00,0,NULL,CRE,,NULL,3355
12766,54922,16357.5,16357.5,USD,ck 62638,2022-05-10 00:00:00,2022-05-10 00:00:00,0,1136,UAC,,NULL,3357
12767,54950,5156,5156,USD,CK 2927,2022-05-10 00:00:00,2022-05-10 00:00:00,0,NULL,CRE,,NULL,3358
12768,55023,2896.4,2896.4,USD,CK 2927,2022-05-10 00:00:00,2022-05-10 00:00:00,0,NULL,CRE,,NULL,3358
12769,55121,3454,3454,USD,CK 2927,2022-05-10 00:00:00,2022-05-10 00:00:00,0,NULL,CRE,,NULL,3358
12770,54915,5250,5250,USD,ACH051222,2022-05-12 00:00:00,2022-05-12 00:00:00,0,NULL,CRE,,NULL,3359
12771,54942,7039.7,7039.7,USD,ACH51222,2022-05-12 00:00:00,2022-05-12 00:00:00,0,NULL,CRE,,NULL,3360
12772,54985,1243.23,1243.23,USD,CK 5606,2022-05-11 00:00:00,2022-05-11 00:00:00,0,NULL,CRE,,NULL,3361
12773,55062,15989.4,15989.4,USD,ck 62638,2022-05-12 00:00:00,2022-05-12 00:00:00,0,1136,UAC,,NULL,3362
12774,54891R,2521.44,2521.44,USD,ACH051322,2022-05-13 00:00:00,2022-05-13 00:00:00,0,NULL,CRE,,NULL,3363
12775,54953,2271.92,2271.92,USD,ACH051322,2022-05-13 00:00:00,2022-05-13 00:00:00,0,NULL,CRE,,NULL,3364
12776,54957,2333.1,2333.1,USD,ACH051322,2022-05-13 00:00:00,2022-05-13 00:00:00,0,NULL,CRE,,NULL,3364
12777,55038,1030.8,1030.8,USD,ACH051322,2022-05-13 00:00:00,2022-05-13 00:00:00,0,NULL,CRE,,NULL,3364
12778,55031,2497.44,2497.44,USD,ACH051322,2022-05-13 00:00:00,2022-05-13 00:00:00,0,NULL,CRE,,NULL,3364
12779,55098,2818.8,2818.8,USD,ACH051322,2022-05-13 00:00:00,2022-05-13 00:00:00,0,NULL,CRE,,NULL,3364
12780,55032,2137.96,2137.96,USD,ACH051322,2022-05-13 00:00:00,2022-05-13 00:00:00,0,NULL,CRE,,NULL,3364
12781,55096,1382.67,1382.67,USD,ACH051322,2022-05-13 00:00:00,2022-05-13 00:00:00,0,NULL,CRE,,NULL,3364
12782,55085,2343.6,2343.6,USD,ACH051322,2022-05-13 00:00:00,2022-05-13 00:00:00,0,NULL,CRE,,NULL,3364
12783,55120,1006.4,1006.4,USD,ACH051322,2022-05-13 00:00:00,2022-05-13 00:00:00,0,NULL,CRE,,NULL,3364
12784,54836,3931.2,3931.2,USD,ACH051622,2022-05-16 00:00:00,2022-05-16 00:00:00,0,NULL,CRE,,NULL,3365
12785,54910,16419,16419,USD,ACH051622,2022-05-16 00:00:00,2022-05-16 00:00:00,0,NULL,CRE,,NULL,3366
12786,55078,13439.08,13439.08,USD,ACH051822,2022-05-18 00:00:00,2022-05-18 00:00:00,0,NULL,CRE,,NULL,3367
12787,55030,-950,-950,USD,ACH051822,2022-05-18 00:00:00,2022-05-18 00:00:00,0,NULL,CRE,,NULL,3367
12788,54752INV,300.77,300.77,USD,OFFSET,2022-05-18 00:00:00,2022-05-18 15:52:29,0,0,OFF,,NULL,NULL
12789,55055,6872.92,6872.92,USD,ACH052022,2022-05-20 00:00:00,2022-05-20 00:00:00,0,NULL,CRE,,NULL,3368
12790,54974,8840.3,8840.3,USD,ACH052022,2022-05-20 00:00:00,2022-05-20 00:00:00,0,NULL,CRE,,NULL,3369
12791,55083,588,588,USD,ACH052022,2022-05-20 00:00:00,2022-05-20 00:00:00,0,NULL,CRE,,NULL,3369
12792,55054,1109,1109,USD,ACH052022,2022-05-20 00:00:00,2022-05-20 00:00:00,0,NULL,CRE,,NULL,3369
12793,54977,3142.24,3142.24,USD,ACH052022,2022-05-20 00:00:00,2022-05-20 00:00:00,0,NULL,CRE,,NULL,3369
12794,55115,17647.2,17647.2,USD,ACH052022,2022-05-20 00:00:00,2022-05-20 00:00:00,0,NULL,CRE,,NULL,3369
12795,55128,19833.6,19833.6,USD,ACH052022,2022-05-20 00:00:00,2022-05-20 00:00:00,0,NULL,CRE,,NULL,3369
12796,55069,6826.4,6826.4,USD,ACH052022,2022-05-20 00:00:00,2022-05-20 00:00:00,0,NULL,CRE,,NULL,3369
12797,55077,1714,1714,USD,ACH052022,2022-05-20 00:00:00,2022-05-20 00:00:00,0,NULL,CRE,,NULL,3369
12798,55086,703.2,703.2,USD,ACH052022,2022-05-20 00:00:00,2022-05-20 00:00:00,0,NULL,CRE,,NULL,3369
12799,54839,-382.9,-382.9,USD,54839,2022-05-20 00:00:00,2022-05-20 00:00:00,0,NULL,CRE,,NULL,3370
12800,54974,382.9,382.9,USD,54839,2022-05-20 00:00:00,2022-05-20 00:00:00,0,NULL,CRE,,NULL,3370
12801,54937,2572.68,2572.68,USD,ACH052022,2022-05-20 00:00:00,2022-05-20 00:00:00,0,NULL,CRE,,NULL,3371
12802,55033,2712.6,2712.6,USD,ACH052022,2022-05-20 00:00:00,2022-05-20 00:00:00,0,NULL,CRE,,NULL,3371
12803,55127,4568.4,4568.4,USD,ACH052022,2022-05-20 00:00:00,2022-05-20 00:00:00,0,NULL,CRE,,NULL,3371
12804,55140,4309.4,4309.4,USD,ACH052022,2022-05-20 00:00:00,2022-05-20 00:00:00,0,NULL,CRE,,NULL,3371
12805,55040,7470,7470,USD,ACH052322,2022-05-23 00:00:00,2022-05-23 00:00:00,0,NULL,CRE,,NULL,3372
12806,54918,3602.37,3602.37,USD, CK 001020,2022-05-23 00:00:00,2022-05-23 00:00:00,0,NULL,CRE,,NULL,3373
12807,54966,3725.45,3725.45,USD, CK 001020,2022-05-23 00:00:00,2022-05-23 00:00:00,0,NULL,CRE,,NULL,3373
12808,54945,17193.28,17193.28,USD, CK 001020,2022-05-23 00:00:00,2022-05-23 00:00:00,0,NULL,CRE,,NULL,3373
12809,55022,1316,1316,USD, CK 3970,2022-05-23 00:00:00,2022-05-23 00:00:00,0,NULL,CRE,,NULL,3374
12810,55011,3446,3446,USD,CK 1860,2022-05-23 00:00:00,2022-05-23 00:00:00,0,NULL,CRE,,NULL,3375
12811,54348,6411.3,6411.3,USD,CK 00470579,2022-05-23 00:00:00,2022-05-23 00:00:00,0,NULL,CRE,,NULL,3376
12812,54995,4311.3,4311.3,USD,CK 112745,2022-05-24 00:00:00,2022-05-24 00:00:00,0,NULL,CRE,,NULL,3377
12813,54999,13269.4,13269.4,USD,CK 112745,2022-05-24 00:00:00,2022-05-24 00:00:00,0,NULL,CRE,,NULL,3377
12814,55001,7919.12,7919.12,USD,CK 112745,2022-05-24 00:00:00,2022-05-24 00:00:00,0,NULL,CRE,,NULL,3377
12815,55029,5068.8,5068.8,USD,CK 112745,2022-05-24 00:00:00,2022-05-24 00:00:00,0,NULL,CRE,,NULL,3377
12816,54570,4760.8,4760.8,USD,CK 112745,2022-05-24 00:00:00,2022-05-24 00:00:00,0,NULL,CRE,,NULL,3377
12817,54858,10300,10300,USD,CK 112745,2022-05-24 00:00:00,2022-05-24 00:00:00,0,NULL,CRE,,NULL,3377
12818,55020,8470,8470,USD,CK 112745,2022-05-24 00:00:00,2022-05-24 00:00:00,0,NULL,CRE,,NULL,3377
12819,54976,20636.05,20636.05,USD,CK 116432,2022-05-24 00:00:00,2022-05-24 00:00:00,0,NULL,CRE,,NULL,3378
12820,55080,8556,8556,USD,CK 001751,2022-05-26 00:00:00,2022-05-26 00:00:00,0,NULL,CRE,,NULL,3379
12821,55028,5120,5120,USD,CK 077609,2022-05-26 00:00:00,2022-05-26 00:00:00,0,NULL,CRE,,NULL,3380
12822,55018,6281.2,6281.2,USD,ACH052622,2022-05-26 00:00:00,2022-05-26 00:00:00,0,NULL,CRE,,NULL,3381
12823,55195,9293.5,9293.5,USD,ACH052622,2022-05-26 00:00:00,2022-05-26 00:00:00,0,NULL,CRE,,NULL,3382
12824,55088,11138.4,11138.4,USD,ACH052722,2022-05-27 00:00:00,2022-05-27 00:00:00,0,NULL,CRE,,NULL,3383
12825,55114,9432.8,9432.8,USD,ACH052722,2022-05-27 00:00:00,2022-05-27 00:00:00,0,NULL,CRE,,NULL,3383
12826,55126,1351.8,1351.8,USD,ACJ052722,2022-05-27 00:00:00,2022-05-27 00:00:00,0,NULL,CRE,,NULL,3384
12827,55037,12078.3,12078.3,USD,ACJ052722,2022-05-27 00:00:00,2022-05-27 00:00:00,0,NULL,CRE,,NULL,3384
12828,54931,1667.6,1667.6,USD,ACH052722,2022-05-27 00:00:00,2022-05-27 00:00:00,0,NULL,CRE,,NULL,3385
12829,55095,2187,2187,USD,ACH052722,2022-05-27 00:00:00,2022-05-27 00:00:00,0,NULL,CRE,,NULL,3385
12830,55149,4239,4239,USD,ACH052722,2022-05-27 00:00:00,2022-05-27 00:00:00,0,NULL,CRE,,NULL,3385
12831,55164,3342.6,3342.6,USD,ACH052722,2022-05-27 00:00:00,2022-05-27 00:00:00,0,NULL,CRE,,NULL,3385
12832,55165,3159,3159,USD,ACH052722,2022-05-27 00:00:00,2022-05-27 00:00:00,0,NULL,CRE,,NULL,3385
12833,55168,3648.08,3648.08,USD,ACH052722,2022-05-27 00:00:00,2022-05-27 00:00:00,0,NULL,CRE,,NULL,3385
12834,55169,2662.2,2662.2,USD,ACH052722,2022-05-27 00:00:00,2022-05-27 00:00:00,0,NULL,CRE,,NULL,3385
12835,55087,2479.8,2479.8,USD,ACH053122,2022-05-31 00:00:00,2022-05-31 00:00:00,0,NULL,CRE,,NULL,3386
12836,55056,4659.52,4659.52,USD,CK 077639,2022-06-01 00:00:00,2022-06-01 00:00:00,0,NULL,CRE,,NULL,3387
12837,55068,10605.3,10605.3,USD,CK 7451,2022-05-31 00:00:00,2022-05-31 00:00:00,0,NULL,CRE,,NULL,3388
12838,55007,11326.1,11326.1,USD,CK 7451,2022-05-31 00:00:00,2022-05-31 00:00:00,0,NULL,CRE,,NULL,3388
12839,55119,2606.1,2606.1,USD,CK 190411,2022-06-01 00:00:00,2022-06-01 00:00:00,0,NULL,CRE,,NULL,3389
12840,54954,2943,2943,USD,CK 3992,2022-05-31 00:00:00,2022-05-31 00:00:00,0,NULL,CRE,,NULL,3390
12841,55000,8780.86,8780.86,USD,CK 112871,2022-05-31 00:00:00,2022-05-31 00:00:00,0,NULL,CRE,,NULL,3391
12842,54996,6279,6279,USD,CK 112871,2022-05-31 00:00:00,2022-05-31 00:00:00,0,NULL,CRE,,NULL,3391
12843,55066,9525,9525,USD,CK 112871,2022-05-31 00:00:00,2022-05-31 00:00:00,0,NULL,CRE,,NULL,3391
12844,55064,4624.32,4624.32,USD,CK 112871,2022-05-31 00:00:00,2022-05-31 00:00:00,0,NULL,CRE,,NULL,3391
12845,55093,4677.2,4677.2,USD,CK 112871,2022-05-31 00:00:00,2022-05-31 00:00:00,0,NULL,CRE,,NULL,3391
12846,55065,4925.8,4925.8,USD,CK 112871,2022-05-31 00:00:00,2022-05-31 00:00:00,0,NULL,CRE,,NULL,3391
12847,55092,4994,4994,USD,CK 112871,2022-05-31 00:00:00,2022-05-31 00:00:00,0,NULL,CRE,,NULL,3391
12848,55017,11844,11844,USD,CK 112871,2022-05-31 00:00:00,2022-05-31 00:00:00,0,NULL,CRE,,NULL,3391
12849,55058,4347.2,4347.2,USD,CK 112871,2022-05-31 00:00:00,2022-05-31 00:00:00,0,NULL,CRE,,NULL,3391
12850,55135,13452,13452,USD,ACH060122,2022-06-01 00:00:00,2022-06-01 00:00:00,0,NULL,CRE,,NULL,3392
12851,55034,1450.8,1450.8,USD,ACH060122,2022-06-01 00:00:00,2022-06-01 00:00:00,0,NULL,CRE,,NULL,3392
12852,55132,15181,15181,USD,ACH060122,2022-06-01 00:00:00,2022-06-01 00:00:00,0,NULL,CRE,,NULL,3393
12853,55139,4654.8,4654.8,USD,ACH060122,2022-06-01 00:00:00,2022-06-01 00:00:00,0,NULL,CRE,,NULL,3393
12854,55136,5515.8,5515.8,USD,ACH053122,2022-05-31 00:00:00,2022-05-31 00:00:00,0,NULL,CRE,,NULL,3394
12855,55105,6897.6,6897.6,USD,ACH053122,2022-05-31 00:00:00,2022-05-31 00:00:00,0,NULL,CRE,,NULL,3395
12856,55104,7696.8,7696.8,USD,ACH053122,2022-05-31 00:00:00,2022-05-31 00:00:00,0,NULL,CRE,,NULL,3396
12857,55089,7009.2,7009.2,USD,ACH053122,2022-05-31 00:00:00,2022-05-31 00:00:00,0,NULL,CRE,,NULL,3397
12858,55053,5652.1,5652.1,USD,ACH053122,2022-05-31 00:00:00,2022-05-31 00:00:00,0,NULL,CRE,,NULL,3398
12859,55052,5388.2,5388.2,USD,ACH053122,2022-05-31 00:00:00,2022-05-31 00:00:00,0,NULL,CRE,,NULL,3399
12860,55051,6258.2,6258.2,USD,ACH053122,2022-05-31 00:00:00,2022-05-31 00:00:00,0,NULL,CRE,,NULL,3400
12861,55047,6194.4,6194.4,USD,ACH053122,2022-05-31 00:00:00,2022-05-31 00:00:00,0,NULL,CRE,,NULL,3401
12862,54982,5152,5152,USD,ACH053122,2022-05-31 00:00:00,2022-05-31 00:00:00,0,NULL,CRE,,NULL,3402
12863,54872,4756.4,4756.4,USD,ACH053122,2022-05-31 00:00:00,2022-05-31 00:00:00,0,NULL,CRE,,NULL,3403
12864,54870,4462,4462,USD,ACH053122,2022-05-31 00:00:00,2022-05-31 00:00:00,0,NULL,CRE,,NULL,3404
12865,54865,4710.4,4710.4,USD,ACH053122,2022-05-31 00:00:00,2022-05-31 00:00:00,0,NULL,CRE,,NULL,3405
12866,54909,8380.46,8380.46,USD,ACH060122,2022-06-01 00:00:00,2022-06-01 00:00:00,0,NULL,CRE,,NULL,3406
12867,54850,20667.92,20667.92,USD,ACH060122,2022-06-01 00:00:00,2022-06-01 00:00:00,0,NULL,CRE,,NULL,3406
12868,55246,9057.4,9057.4,USD,ACH060222,2022-06-02 00:00:00,2022-06-02 00:00:00,0,NULL,CRE,,NULL,3407
12869,55289,19072.6,19072.6,USD,ACH060222,2022-06-02 00:00:00,2022-06-02 00:00:00,0,NULL,CRE,,NULL,3407
12870,55019,6355,6355,USD,ACH060222,2022-06-02 00:00:00,2022-06-02 00:00:00,0,NULL,CRE,,NULL,3408
12871,54975,9084.96,9084.96,USD,ACH060322,2022-06-03 00:00:00,2022-06-03 00:00:00,0,NULL,CRE,,NULL,3409
12872,55167,15922.76,15922.76,USD,ACH060322,2022-06-03 00:00:00,2022-06-03 00:00:00,0,NULL,CRE,,NULL,3409
12873,55042,4760,4760,USD,CK 3080,2022-06-06 00:00:00,2022-06-06 00:00:00,0,NULL,CRE,,NULL,3410
12874,55122,5240,5240,USD,CK 3080,2022-06-06 00:00:00,2022-06-06 00:00:00,0,NULL,CRE,,NULL,3410
12875,55306,1663.2,1663.2,USD,CK 3080,2022-06-06 00:00:00,2022-06-06 00:00:00,0,NULL,CRE,,NULL,3410
12876,55305,1771.2,1771.2,USD,CK 3080,2022-06-06 00:00:00,2022-06-06 00:00:00,0,NULL,CRE,,NULL,3410
12877,55219,5468,5468,USD,CK 3080,2022-06-06 00:00:00,2022-06-06 00:00:00,0,NULL,CRE,,NULL,3410
12878,55118,3838.09,3838.09,USD,ACH060622,2022-06-06 00:00:00,2022-06-06 00:00:00,0,NULL,CRE,,NULL,3411
12879,55163,2667.6,2667.6,USD,ACH060622,2022-06-06 00:00:00,2022-06-06 00:00:00,0,NULL,CRE,,NULL,3411
12880,55375,4000,4000,USD,WIR060822,2022-06-08 00:00:00,2022-06-08 00:00:00,0,NULL,CRE,,NULL,3412
12881,55375,4000,4000,USD,ACH060922,2022-06-09 00:00:00,2022-06-09 00:00:00,0,NULL,CRE,,NULL,3413
12882,55137,4503.6,4503.6,USD,ACH060922,2022-06-09 00:00:00,2022-06-09 00:00:00,0,NULL,CRE,,NULL,3414
12883,55141,2538,2538,USD,ACH060922,2022-06-09 00:00:00,2022-06-09 00:00:00,0,NULL,CRE,,NULL,3414
12884,55235,10633,10633,USD,ACH061022,2022-06-10 00:00:00,2022-06-10 00:00:00,0,NULL,CRE,,NULL,3415
12885,55131,7476.6,7476.6,USD,ACH061322,2022-06-13 00:00:00,2022-06-13 00:00:00,0,NULL,CRE,,NULL,3416
12886,55147,6181.2,6181.2,USD,ACH061322,2022-06-13 00:00:00,2022-06-13 00:00:00,0,NULL,CRE,,NULL,3416
12887,55148,6830.6,6830.6,USD,ACH061322,2022-06-13 00:00:00,2022-06-13 00:00:00,0,NULL,CRE,,NULL,3416
12888,55067,1467.62,1467.62,USD,ACH061322,2022-06-13 00:00:00,2022-06-13 00:00:00,0,NULL,CRE,,NULL,3417
12889,55236,2532.6,2532.6,USD,ACH061322,2022-06-13 00:00:00,2022-06-13 00:00:00,0,NULL,CRE,,NULL,3417
12890,55258,3385.82,3385.82,USD,ACH061322,2022-06-13 00:00:00,2022-06-13 00:00:00,0,NULL,CRE,,NULL,3417
12891,55073,3564,3564,USD,ACH061322,2022-06-13 00:00:00,2022-06-13 00:00:00,0,NULL,CRE,,NULL,3417
12892,55268,2484,2484,USD,ACH061322,2022-06-13 00:00:00,2022-06-13 00:00:00,0,NULL,CRE,,NULL,3418
12893,55171,6883.8,6883.8,USD,ACH061322,2022-06-13 00:00:00,2022-06-13 00:00:00,0,NULL,CRE,,NULL,3419
12894,55252,9139.2,9139.2,USD,ACH061322,2022-06-13 00:00:00,2022-06-13 00:00:00,0,NULL,CRE,,NULL,3420
12895,55251,8702.4,8702.4,USD,ACH061322,2022-06-13 00:00:00,2022-06-13 00:00:00,0,NULL,CRE,,NULL,3421
12896,55248,11102.4,11102.4,USD,ACH061322,2022-06-13 00:00:00,2022-06-13 00:00:00,0,NULL,CRE,,NULL,3422
12897,55247,2092,2092,USD,ACH061322,2022-06-13 00:00:00,2022-06-13 00:00:00,0,NULL,CRE,,NULL,3423
12898,55002,6508.8,6508.8,USD,ACH061322,2022-06-13 00:00:00,2022-06-13 00:00:00,0,NULL,CRE,,NULL,3424
12899,55271,2368,2368,USD,ACH061322,2022-06-13 00:00:00,2022-06-13 00:00:00,0,NULL,CRE,,NULL,3425
12900,55269,2264,2264,USD,ACH061322,2022-06-13 00:00:00,2022-06-13 00:00:00,0,NULL,CRE,,NULL,3426
12901,55226,7456,7456,USD,ACH061322,2022-06-13 00:00:00,2022-06-13 00:00:00,0,NULL,CRE,,NULL,3427
12902,55225,7360,7360,USD,ACH061322,2022-06-13 00:00:00,2022-06-13 00:00:00,0,NULL,CRE,,NULL,3428
12903,55206,9030,9030,USD,ACH061322,2022-06-13 00:00:00,2022-06-13 00:00:00,0,NULL,CRE,,NULL,3429
12904,55205,9324,9324,USD,ACH061322,2022-06-13 00:00:00,2022-06-13 00:00:00,0,NULL,CRE,,NULL,3430
12905,55190,2216,2216,USD,ACH061322,2022-06-13 00:00:00,2022-06-13 00:00:00,0,NULL,CRE,,NULL,3431
12906,55189,2348,2348,USD,ACH061322,2022-06-13 00:00:00,2022-06-13 00:00:00,0,NULL,CRE,,NULL,3432
12907,55186,8132.4,8132.4,USD,ACH061322,2022-06-13 00:00:00,2022-06-13 00:00:00,0,NULL,CRE,,NULL,3433
12908,55184,7296.3,7296.3,USD,ACH061322,2022-06-13 00:00:00,2022-06-13 00:00:00,0,NULL,CRE,,NULL,3434
12909,55179,6982.8,6982.8,USD,ACH061322,2022-06-13 00:00:00,2022-06-13 00:00:00,0,NULL,CRE,,NULL,3435
12910,55178,7293,7293,USD,ACH061322,2022-06-13 00:00:00,2022-06-13 00:00:00,0,NULL,CRE,,NULL,3436
12911,55176,6732,6732,USD,ACH061322,2022-06-13 00:00:00,2022-06-13 00:00:00,0,NULL,CRE,,NULL,3437
12912,55173,7078.5,7078.5,USD,ACH061322,2022-06-13 00:00:00,2022-06-13 00:00:00,0,NULL,CRE,,NULL,3438
12913,55172,7184.1,7184.1,USD,ACH061322,2022-06-13 00:00:00,2022-06-13 00:00:00,0,NULL,CRE,,NULL,3439
12914,55161,2132,2132,USD,ACH061322,2022-06-13 00:00:00,2022-06-13 00:00:00,0,NULL,CRE,,NULL,3440
12915,55106,7671.6,7671.6,USD,ACH061322,2022-06-13 00:00:00,2022-06-13 00:00:00,0,NULL,CRE,,NULL,3441
12916,55099,6518.4,6518.4,USD,ACH061322,2022-06-13 00:00:00,2022-06-13 00:00:00,0,NULL,CRE,,NULL,3442
12917,55070,1450.8,1450.8,USD,ACH061422,2022-06-14 00:00:00,2022-06-14 00:00:00,0,NULL,CRE,,NULL,3443
12918,54958,3161.2,3161.2,USD,ACH061422,2022-06-14 00:00:00,2022-06-14 00:00:00,0,NULL,CRE,,NULL,3444
12919,55138,7456.8,7456.8,USD,ACH061422,2022-06-14 00:00:00,2022-06-14 00:00:00,0,NULL,CRE,,NULL,3445
12920,55130,9295.22,9295.22,USD,CK 79796,2022-06-13 00:00:00,2022-06-13 00:00:00,0,NULL,CRE,,NULL,3446
12921,55145,20376.54,20376.54,USD,CK 2586,2022-06-13 00:00:00,2022-06-13 00:00:00,0,NULL,CRE,,NULL,3447
12922,55129,5907.36,5907.36,USD,CK 7465,2022-06-13 00:00:00,2022-06-13 00:00:00,0,NULL,CRE,,NULL,3448
12923,54986,10595,10595,USD,CK 7459,2022-06-13 00:00:00,2022-06-13 00:00:00,0,NULL,CRE,,NULL,3449
12924,55027,10144,10144,USD,CK 119321,2022-06-13 00:00:00,2022-06-13 00:00:00,0,NULL,CRE,,NULL,3450
12925,55035,10378.8,10378.8,USD,CK 117952,2022-06-13 00:00:00,2022-06-13 00:00:00,0,NULL,CRE,,NULL,3451
12926,54951,13234.8,13234.8,USD,CK 8588,2022-06-13 00:00:00,2022-06-13 00:00:00,0,NULL,CRE,,NULL,3452
12927,54944,14013.8,14013.8,USD,CK 8588,2022-06-13 00:00:00,2022-06-13 00:00:00,0,NULL,CRE,,NULL,3452
12928,55143,1696,1696,USD,CK 4039,2022-06-14 00:00:00,2022-06-14 00:00:00,0,NULL,CRE,,NULL,3453
12929,55144,1800,1800,USD,CK 4039,2022-06-14 00:00:00,2022-06-14 00:00:00,0,NULL,CRE,,NULL,3453
12930,55160,1940,1940,USD,CK 4039,2022-06-14 00:00:00,2022-06-14 00:00:00,0,NULL,CRE,,NULL,3453
12931,55117,8126.8,8126.8,USD,CK 113121,2022-06-14 00:00:00,2022-06-14 00:00:00,0,NULL,CRE,,NULL,3454
12932,55124,4547.4,4547.4,USD,CK 113121,2022-06-14 00:00:00,2022-06-14 00:00:00,0,NULL,CRE,,NULL,3454
12933,55123,6378,6378,USD,CK 113121,2022-06-14 00:00:00,2022-06-14 00:00:00,0,NULL,CRE,,NULL,3454
12934,55103,6324,6324,USD,CK 113121,2022-06-14 00:00:00,2022-06-14 00:00:00,0,NULL,CRE,,NULL,3454
12935,55111,6075,6075,USD,CK 113121,2022-06-14 00:00:00,2022-06-14 00:00:00,0,NULL,CRE,,NULL,3454
12936,55110,10585,10585,USD,CK 113121,2022-06-14 00:00:00,2022-06-14 00:00:00,0,NULL,CRE,,NULL,3454
12937,55041,6159,6159,USD,CK 10754,2022-06-14 00:00:00,2022-06-14 00:00:00,0,NULL,CRE,,NULL,3455
12938,55076,4384.8,4384.8,USD,ACH061522,2022-06-15 00:00:00,2022-06-15 00:00:00,0,NULL,CRE,,NULL,3456
12939,55125,5448.3,5448.3,USD,CK 190723,2022-06-15 00:00:00,2022-06-15 00:00:00,0,NULL,CRE,,NULL,3457
12940,55221,6706.58,6706.58,USD,ACH061622,2022-06-16 00:00:00,2022-06-16 00:00:00,0,NULL,CRE,,NULL,3460
12941,55288,314,314,USD,OFFSET,2022-06-16 00:00:00,2022-06-16 12:27:11,0,0,OFF,,NULL,NULL
12942,55261,6883.8,6883.8,USD,ACH061322,2022-06-13 00:00:00,2022-06-13 00:00:00,0,NULL,CRE,,NULL,3461
12943,55090,2036,2036,USD,ACH061322,2022-06-16 00:00:00,2022-06-16 00:00:00,0,1141,UAC,,NULL,3463
12944,55097,6385.4,6385.4,USD,CK 23325,2022-06-16 00:00:00,2022-06-16 00:00:00,0,NULL,CRE,,NULL,3464
12945,55133,17262,17262,USD,ACH061722,2022-06-17 00:00:00,2022-06-17 00:00:00,0,NULL,CRE,,NULL,3465
12946,55267,474,474,USD,ACH061722,2022-06-17 00:00:00,2022-06-17 00:00:00,0,NULL,CRE,,NULL,3466
12947,55220,5878.8,5878.8,USD,ACH061722,2022-06-17 00:00:00,2022-06-17 00:00:00,0,NULL,CRE,,NULL,3466
12948,55321,7415.1,7415.1,USD,ACH061722,2022-06-17 00:00:00,2022-06-17 00:00:00,0,NULL,CRE,,NULL,3467
12949,55320,7342.5,7342.5,USD,ACH061722,2022-06-17 00:00:00,2022-06-17 00:00:00,0,NULL,CRE,,NULL,3468
12950,55185,7088.4,7088.4,USD,ACH061722,2022-06-17 00:00:00,2022-06-17 00:00:00,0,NULL,CRE,,NULL,3469
12951,55180,7071.9,7071.9,USD,ACH061722,2022-06-17 00:00:00,2022-06-17 00:00:00,0,NULL,CRE,,NULL,3470
12952,55181,6501,6501,USD,ACH061722,2022-06-17 00:00:00,2022-06-17 00:00:00,0,NULL,CRE,,NULL,3471
12953,55292,2272,2272,USD,ACH061722,2022-06-17 00:00:00,2022-06-17 00:00:00,0,NULL,CRE,,NULL,3472
12954,55282,2240,2240,USD,ACH061722,2022-06-17 00:00:00,2022-06-17 00:00:00,0,NULL,CRE,,NULL,3473
12955,55280,2192,2192,USD,ACH061722,2022-06-17 00:00:00,2022-06-17 00:00:00,0,NULL,CRE,,NULL,3474
12956,55283,2192,2192,USD,ACH061722,2022-06-17 00:00:00,2022-06-17 00:00:00,0,NULL,CRE,,NULL,3475
12957,54988,11725,11725,USD,CK 7472,2022-06-17 00:00:00,2022-06-17 00:00:00,0,NULL,CRE,,NULL,3476
12958,55197,894,894,USD,ACH061722,2022-06-17 00:00:00,2022-06-17 00:00:00,0,NULL,CRE,,NULL,3477
12959,55198,891.6,891.6,USD,ACH061722,2022-06-17 00:00:00,2022-06-17 00:00:00,0,NULL,CRE,,NULL,3477
12960,55277,3311.8,3311.8,USD,ACH061722,2022-06-17 00:00:00,2022-06-17 00:00:00,0,NULL,CRE,,NULL,3477
12961,55291,4972.15,4972.15,USD,ACH061722,2022-06-17 00:00:00,2022-06-17 00:00:00,0,NULL,CRE,,NULL,3477
12962,55263,3248.64,3248.64,USD,ACH061722,2022-06-17 00:00:00,2022-06-17 00:00:00,0,NULL,CRE,,NULL,3477
12963,55304,9033.2,9033.2,USD,ACH062322,2022-06-23 00:00:00,2022-06-23 00:00:00,0,NULL,CRE,,NULL,3478
12964,54893R,959.31,959.31,USD,ACH062222,2022-06-22 00:00:00,2022-06-22 00:00:00,0,NULL,CRE,,NULL,3479
12965,54892R,2573.63,2573.63,USD,ACH062222,2022-06-22 00:00:00,2022-06-22 00:00:00,0,NULL,CRE,,NULL,3479
12966,54895,2642.31,2642.31,USD,ACH062222,2022-06-22 00:00:00,2022-06-22 00:00:00,0,NULL,CRE,,NULL,3479
12967,54911,16602.3,16602.3,USD,ACH062122,2022-06-21 00:00:00,2022-06-21 00:00:00,0,NULL,CRE,,NULL,3480
12968,55249,11045.46,11045.46,USD,ACH062222,2022-06-22 00:00:00,2022-06-22 00:00:00,0,NULL,CRE,,NULL,3481
12969,55223,24698.55,24698.55,USD,ACH062322,2022-06-23 00:00:00,2022-06-23 00:00:00,0,NULL,CRE,,NULL,3482
12970,55250,11827.5,11827.5,USD,ACH062822,2022-06-28 00:00:00,2022-06-28 00:00:00,0,NULL,CRE,,NULL,3483
12971,55264,7038,7038,USD,ACH062722,2022-06-27 00:00:00,2022-06-27 00:00:00,0,NULL,CRE,,NULL,3484
12972,55261,2826.6,2826.6,USD,ACH062722,2022-06-27 00:00:00,2022-06-27 00:00:00,0,NULL,CRE,,NULL,3485
12973,55108,1920,1920,USD,CK 4081,2022-06-27 00:00:00,2022-06-27 00:00:00,0,NULL,CRE,,NULL,3486
12974,54987,8920,8920,USD,CK 7473,2022-06-27 00:00:00,2022-06-27 00:00:00,0,NULL,CRE,,NULL,3487
12975,54803,11999.6,11999.6,USD,CK 50078,2022-06-27 00:00:00,2022-06-27 00:00:00,0,NULL,CRE,,NULL,3488
12976,54840,12012,12012,USD,CK 50076,2022-06-27 00:00:00,2022-06-27 00:00:00,0,NULL,CRE,,NULL,3489
12977,54842,12191.2,12191.2,USD,CK 50077,2022-06-27 00:00:00,2022-06-27 00:00:00,0,NULL,CRE,,NULL,3490
12978,55059,13843.27,13843.27,USD,CK 119269,2022-06-27 00:00:00,2022-06-27 00:00:00,0,NULL,CRE,,NULL,3491
12979,55060,19966,19966,USD,CK 119269,2022-06-27 00:00:00,2022-06-27 00:00:00,0,NULL,CRE,,NULL,3491
12980,55146,9341.2,9341.2,USD,CK 113233,2022-06-27 00:00:00,2022-06-27 00:00:00,0,NULL,CRE,,NULL,3492
12981,55082,12006,12006,USD,CK 113233,2022-06-27 00:00:00,2022-06-27 00:00:00,0,NULL,CRE,,NULL,3492
12982,55276,1564.74,1564.74,USD,CK 2597,2022-06-27 00:00:00,2022-06-27 00:00:00,0,NULL,CRE,,NULL,3493
12983,55214,363.31,363.31,USD,ACH061522,2022-06-28 00:00:00,2022-06-28 00:00:00,0,1138,UAC,,NULL,3494
12984,55308,331.75,331.75,USD,ACH061522,2022-06-28 00:00:00,2022-06-28 00:00:00,0,1139,UAC,,NULL,3495
12985,55308,328.83,328.83,USD,CK 5845,2022-06-28 00:00:00,2022-06-28 00:00:00,0,NULL,CRE,,NULL,3496
12986,55327,1667.3,1667.3,USD,ACH062722,2022-06-27 00:00:00,2022-06-27 00:00:00,0,NULL,CRE,,NULL,3497
12987,55330,1078,1078,USD,ACH062722,2022-06-27 00:00:00,2022-06-27 00:00:00,0,NULL,CRE,,NULL,3497
12988,55290,5330.7,5330.7,USD,ACH062722,2022-06-27 00:00:00,2022-06-27 00:00:00,0,NULL,CRE,,NULL,3497
12989,55296,6771.6,6771.6,USD,ACH062722,2022-06-27 00:00:00,2022-06-27 00:00:00,0,NULL,CRE,,NULL,3497
12990,54703,4168.8,4168.8,USD,ACH062722,2022-06-27 00:00:00,2022-06-27 00:00:00,0,NULL,CRE,,NULL,3497
12991,55332,3310.12,3310.12,USD,ACH062722,2022-06-27 00:00:00,2022-06-27 00:00:00,0,NULL,CRE,,NULL,3497
12992,55259,1491.6,1491.6,USD,ACH062722,2022-06-27 00:00:00,2022-06-27 00:00:00,0,NULL,CRE,,NULL,3497
12993,55112,16064.8,16064.8,USD,CK 119641,2022-06-29 00:00:00,2022-06-29 00:00:00,0,NULL,CRE,,NULL,3498
12994,55156,11741.6,11741.6,USD,CK 110813,2022-06-29 00:00:00,2022-06-29 00:00:00,0,NULL,CRE,,NULL,3499
12995,55081,13059.55,13059.55,USD, CK 001025,2022-06-30 00:00:00,2022-06-30 00:00:00,0,NULL,CRE,,NULL,3500
12996,55075,2874.97,2874.97,USD, CK 001025,2022-06-30 00:00:00,2022-06-30 00:00:00,0,NULL,CRE,,NULL,3500
12997,55107,16501.22,16501.22,USD, CK 001025,2022-06-30 00:00:00,2022-06-30 00:00:00,0,NULL,CRE,,NULL,3500
12998,55116,6611.25,6611.25,USD, CK 001025,2022-06-30 00:00:00,2022-06-30 00:00:00,0,NULL,CRE,,NULL,3500
12999,54887,156,156,USD,CK 10879,2022-06-29 00:00:00,2022-06-29 00:00:00,0,NULL,CRE,,NULL,3501
13000,55191,18007.08,18007.08,USD,ACH063022,2022-06-30 00:00:00,2022-06-30 00:00:00,0,NULL,CRE,,NULL,3502
13001,55192,15654.96,15654.96,USD,ACH063022,2022-06-30 00:00:00,2022-06-30 00:00:00,0,NULL,CRE,,NULL,3502
13002,55254,2856.6,2856.6,USD,ACH063022,2022-06-30 00:00:00,2022-06-30 00:00:00,0,NULL,CRE,,NULL,3503
13003,55273,3898.8,3898.8,USD,ACH063022,2022-06-30 00:00:00,2022-06-30 00:00:00,0,NULL,CRE,,NULL,3503
13004,55316,4460.4,4460.4,USD,ACH063022,2022-06-30 00:00:00,2022-06-30 00:00:00,0,NULL,CRE,,NULL,3503
13005,55253,3180.6,3180.6,USD,ACH063022,2022-06-30 00:00:00,2022-06-30 00:00:00,0,NULL,CRE,,NULL,3503
13006,55297,12565.7,12565.7,USD,ACH070122,2022-07-01 00:00:00,2022-07-01 00:00:00,0,NULL,CRE,,NULL,3504
13007,55400,6784.7,6784.7,USD,ACH070122,2022-07-01 00:00:00,2022-07-01 00:00:00,0,NULL,CRE,,NULL,3505
13008,55349,6674.2,6674.2,USD,ACH070122,2022-07-01 00:00:00,2022-07-01 00:00:00,0,NULL,CRE,,NULL,3506
13009,55348,6715,6715,USD,ACH070122,2022-07-01 00:00:00,2022-07-01 00:00:00,0,NULL,CRE,,NULL,3507
13010,55347,7585.4,7585.4,USD,ACH070122,2022-07-01 00:00:00,2022-07-01 00:00:00,0,NULL,CRE,,NULL,3508
13011,55346,7344,7344,USD,ACH070122,2022-07-01 00:00:00,2022-07-01 00:00:00,0,NULL,CRE,,NULL,3509
13012,55344,7225,7225,USD,ACH070122,2022-07-01 00:00:00,2022-07-01 00:00:00,0,NULL,CRE,,NULL,3510
13013,55322,7256.7,7256.7,USD,ACH070122,2022-07-01 00:00:00,2022-07-01 00:00:00,0,NULL,CRE,,NULL,3511
13014,55319,2404,2404,USD,ACH070122,2022-07-01 00:00:00,2022-07-01 00:00:00,0,NULL,CRE,,NULL,3512
13015,55317,2280,2280,USD,ACH070122,2022-07-01 00:00:00,2022-07-01 00:00:00,0,NULL,CRE,,NULL,3513
13016,55279,8496.6,8496.6,USD,ACH070122,2022-07-01 00:00:00,2022-07-01 00:00:00,0,NULL,CRE,,NULL,3514
13017,55270,5812.8,5812.8,USD,ACH070122,2022-07-01 00:00:00,2022-07-01 00:00:00,0,NULL,CRE,,NULL,3515
13018,55204,9072.9,9072.9,USD,ACH070122,2022-07-01 00:00:00,2022-07-01 00:00:00,0,NULL,CRE,,NULL,3516
13019,55174,6633,6633,USD,ACH070122,2022-07-01 00:00:00,2022-07-01 00:00:00,0,NULL,CRE,,NULL,3517
13020,55109,1384,1384,USD,ACH070122,2022-07-01 00:00:00,2022-07-01 00:00:00,0,NULL,CRE,,NULL,3518
13021,55074,7430.4,7430.4,USD,ACH070122,2022-07-01 00:00:00,2022-07-01 00:00:00,0,NULL,CRE,,NULL,3519
13022,55274,2100.82,2100.82,USD,ACH070122,2022-07-01 00:00:00,2022-07-01 00:00:00,0,NULL,CRE,,NULL,3520
13023,55303,1555.4,1555.4,USD,ACH070122,2022-07-01 00:00:00,2022-07-01 00:00:00,0,NULL,CRE,,NULL,3520
13024,55388,3844.8,3844.8,USD,ACH070122,2022-07-01 00:00:00,2022-07-01 00:00:00,0,NULL,CRE,,NULL,3520
13025,55405,1130,1130,USD,ACH070122,2022-07-01 00:00:00,2022-07-01 00:00:00,0,NULL,CRE,,NULL,3520
13026,55339,996.8,996.8,USD,ACH070122,2022-07-01 00:00:00,2022-07-01 00:00:00,0,NULL,CRE,,NULL,3520
13027,55307,1060,1060,USD,ACH070122,2022-07-01 00:00:00,2022-07-01 00:00:00,0,NULL,CRE,,NULL,3521
13028,55337,8862,8862,USD,ACH070122,2022-07-01 00:00:00,2022-07-01 00:00:00,0,NULL,CRE,,NULL,3521
13029,55333,9061.6,9061.6,USD,ACH070122,2022-07-01 00:00:00,2022-07-01 00:00:00,0,NULL,CRE,,NULL,3521
13030,55372,16312,16312,USD,ACH070122,2022-07-01 00:00:00,2022-07-01 00:00:00,0,NULL,CRE,,NULL,3521
13031,55287,2968,2968,USD,ACH070122,2022-07-01 00:00:00,2022-07-01 00:00:00,0,NULL,CRE,,NULL,3521
13032,55199,6779.43,6779.43,USD,ACH070522,2022-07-05 00:00:00,2022-07-05 00:00:00,0,NULL,CRE,,NULL,3522
13033,55010,2552.03,2552.03,USD,ACH070522,2022-07-05 00:00:00,2022-07-05 00:00:00,0,NULL,CRE,,NULL,3523
13034,55102,1294.01,1294.01,USD,ACH070522,2022-07-05 00:00:00,2022-07-05 00:00:00,0,NULL,CRE,,NULL,3523
13035,55134,88.9,88.9,USD,1715,2022-06-13 00:00:00,2022-06-13 00:00:00,0,NULL,CRE,,NULL,3524
13036,55293,4538.7,4538.7,USD,CK 117505,2022-07-05 00:00:00,2022-07-05 00:00:00,0,NULL,CRE,,NULL,3525
13037,55294,10579.2,10579.2,USD,CK 117505,2022-07-05 00:00:00,2022-07-05 00:00:00,0,NULL,CRE,,NULL,3525
13038,55295,10115.6,10115.6,USD,CK 117505,2022-07-05 00:00:00,2022-07-05 00:00:00,0,NULL,CRE,,NULL,3525
13039,55097,-6385.4,-6385.4,USD,CK 23325,2022-06-16 00:00:00,2022-07-11 16:42:37,0,NULL,CRE,UNDO 12944,NULL,3526
13040,55097,6385.4,6385.4,USD,CK 23325,2022-06-16 00:00:00,2022-06-16 00:00:00,0,NULL,CRE,,NULL,3527
13041,55097,697.62,697.62,USD,CK 23459,2022-07-08 00:00:00,2022-07-08 00:00:00,0,NULL,CRE,,NULL,3528
13042,55310,487,487,USD,ACH070822,2022-07-08 00:00:00,2022-07-08 00:00:00,0,NULL,CRE,,NULL,3529
13043,55367,1571.4,1571.4,USD,ACH070822,2022-07-08 00:00:00,2022-07-08 00:00:00,0,NULL,CRE,,NULL,3530
13044,55373,7355.01,7355.01,USD,ACH070822,2022-07-08 00:00:00,2022-07-08 00:00:00,0,NULL,CRE,,NULL,3531
13045,55299,28108,28108,USD,ACH070822,2022-07-08 00:00:00,2022-07-08 00:00:00,0,NULL,CRE,,NULL,3532
13046,55378,2751.03,2751.03,USD,ACH071122,2022-07-11 00:00:00,2022-07-11 00:00:00,0,NULL,CRE,,NULL,3533
13047,55238,3814.8,3814.8,USD,ACH071222,2022-07-12 00:00:00,2022-07-12 00:00:00,0,NULL,CRE,,NULL,3534
13048,55218,15493.29,15493.29,USD,CK 001027,2022-07-11 00:00:00,2022-07-11 00:00:00,0,NULL,CRE,,NULL,3535
13049,55458,20981.4,20981.4,USD,CK 2612,2022-07-11 00:00:00,2022-07-11 00:00:00,0,NULL,CRE,,NULL,3536
13050,55440,18277.6,18277.6,USD,ACH0707222,2022-07-07 00:00:00,2022-07-07 00:00:00,0,NULL,CRE,,NULL,3537
13051,55441,18612,18612,USD,ACH0707222,2022-07-07 00:00:00,2022-07-07 00:00:00,0,NULL,CRE,,NULL,3537
13052,55113,1732,1732,USD,CK 077742,2022-07-12 00:00:00,2022-07-12 00:00:00,0,NULL,CRE,,NULL,3538
13053,55196,6541.2,6541.2,USD,CK 077742,2022-07-12 00:00:00,2022-07-12 00:00:00,0,NULL,CRE,,NULL,3538
13054,55255,15942.4,15942.4,USD,CK 063114,2022-07-13 00:00:00,2022-07-13 00:00:00,0,1142,UAC,,NULL,3540
13055,55211,5383.68,5383.68,USD,CK 077768,2022-07-12 00:00:00,2022-07-12 00:00:00,0,NULL,CRE,,NULL,3541
13056,55302,7123.2,7123.2,USD,ACH062422,2022-06-24 00:00:00,2022-06-24 00:00:00,0,NULL,CRE,,NULL,3542
13057,55385,1638,1638,USD,CK 3231,2022-07-13 00:00:00,2022-07-13 00:00:00,0,NULL,CRE,,NULL,3543
13058,55420,1677.6,1677.6,USD,CK 3231,2022-07-13 00:00:00,2022-07-13 00:00:00,0,NULL,CRE,,NULL,3543
13059,55366,1746,1746,USD,CK 3231,2022-07-13 00:00:00,2022-07-13 00:00:00,0,NULL,CRE,,NULL,3543
13060,55403,1753.2,1753.2,USD,CK 3231,2022-07-13 00:00:00,2022-07-13 00:00:00,0,NULL,CRE,,NULL,3543
13061,54977,-589.17,-589.17,USD,ACH071522,2022-07-15 00:00:00,2022-07-15 00:00:00,0,NULL,CRE,,NULL,3544
13062,55402,5774.55,5774.55,USD,ACH071522,2022-07-15 00:00:00,2022-07-15 00:00:00,0,NULL,CRE,,NULL,3544
13063,55272,2217.4,2217.4,USD,ACH071522,2022-07-15 00:00:00,2022-07-15 00:00:00,0,NULL,CRE,,NULL,3545
13064,55159,10755,10755,USD,CK 113526,2022-07-15 00:00:00,2022-07-15 00:00:00,0,NULL,CRE,,NULL,3546
13065,55234,10720,10720,USD,CK 113526,2022-07-15 00:00:00,2022-07-15 00:00:00,0,NULL,CRE,,NULL,3546
13066,55335,14563.5,14563.5,USD,CK 113526,2022-07-15 00:00:00,2022-07-15 00:00:00,0,NULL,CRE,,NULL,3546
13067,55237,12194.84,12194.84,USD,CK 110914,2022-07-15 00:00:00,2022-07-15 00:00:00,0,NULL,CRE,,NULL,3547
13068,54923A,10928.4,10928.4,USD,ACH071422,2022-07-14 00:00:00,2022-07-14 00:00:00,0,NULL,CRE,,NULL,3548
13069,55376,5186.7,5186.7,USD,ACH071422,2022-07-14 00:00:00,2022-07-14 00:00:00,0,NULL,CRE,,NULL,3548
13070,55255,-15942.4,-15942.4,USD,CK 063114,2022-07-13 00:00:00,2022-07-19 09:43:14,0,1142,UAC,UNDO 13054,NULL,3549
13071,55255,15942.4,15942.4,USD,CK 063114,2022-07-19 00:00:00,2022-07-19 00:00:00,0,1142,UAC,,NULL,3550
13072,55379,16337.2,16337.2,USD,CK 063114,2022-07-19 00:00:00,2022-07-19 00:00:00,0,1142,UAC,,NULL,3550
13073,55342,14973,14973,USD,CK 063114,2022-07-19 00:00:00,2022-07-19 00:00:00,0,1142,UAC,,NULL,3550
13074,55325,9763.2,9763.2,USD,CK 62096,2022-07-19 00:00:00,2022-07-19 00:00:00,0,NULL,CRE,,NULL,3551
13075,55326,10636.8,10636.8,USD,CK 62149,2022-07-19 00:00:00,2022-07-19 00:00:00,0,NULL,CRE,,NULL,3552
13076,55284,2128,2128,USD,ACH071822,2022-07-18 00:00:00,2022-07-18 00:00:00,0,NULL,CRE,,NULL,3553
13077,55382,5872,5872,USD,ACH071822,2022-07-18 00:00:00,2022-07-18 00:00:00,0,NULL,CRE,,NULL,3554
13078,55182,6557.1,6557.1,USD,ACH071822,2022-07-18 00:00:00,2022-07-18 00:00:00,0,NULL,CRE,,NULL,3555
13079,55177,7068.6,7068.6,USD,ACH071822,2022-07-18 00:00:00,2022-07-18 00:00:00,0,NULL,CRE,,NULL,3556
13080,55398,7160,7160,USD,ACH0718232,2022-07-18 00:00:00,2022-07-18 00:00:00,0,NULL,CRE,,NULL,3557
13081,55396,7488,7488,USD,ACH071822,2022-07-18 00:00:00,2022-07-18 00:00:00,0,NULL,CRE,,NULL,3558
13082,55397,7804,7804,USD,ACH071822,2022-07-18 00:00:00,2022-07-18 00:00:00,0,NULL,CRE,,NULL,3559
13083,55386,8644,8644,USD,ACH071822,2022-07-18 00:00:00,2022-07-18 00:00:00,0,NULL,CRE,,NULL,3560
13084,55278,8732.4,8732.4,USD,ACH071822,2022-07-18 00:00:00,2022-07-18 00:00:00,0,NULL,CRE,,NULL,3561
13085,55389,10792.32,10792.32,USD,ACH071822,2022-07-18 00:00:00,2022-07-18 00:00:00,0,NULL,CRE,,NULL,3562
13086,55423,1064,1064,USD,ACH072222,2022-07-22 00:00:00,2022-07-22 00:00:00,0,NULL,CRE,,NULL,3564
13087,55417,1540.8,1540.8,USD,ACH072222,2022-07-22 00:00:00,2022-07-22 00:00:00,0,NULL,CRE,,NULL,3564
13088,55193,1619.85,1619.85,USD,ACH072222,2022-07-22 00:00:00,2022-07-22 00:00:00,0,NULL,CRE,,NULL,3565
13089,55334,4168.8,4168.8,USD,ACH072222,2022-07-22 00:00:00,2022-07-22 00:00:00,0,NULL,CRE,,NULL,3566
13090,55451,4482,4482,USD,ACH072222,2022-07-22 00:00:00,2022-07-22 00:00:00,0,NULL,CRE,,NULL,3567
13091,55416,7178.2,7178.2,USD,ACH072122,2022-07-21 00:00:00,2022-07-21 00:00:00,0,NULL,CRE,,NULL,3568
13092,55142,1525,1525,USD,ACH072122,2022-07-21 00:00:00,2022-07-21 00:00:00,0,NULL,CRE,,NULL,3569
13093,55315,5148,5148,USD,ACH072122,2022-07-21 00:00:00,2022-07-21 00:00:00,0,NULL,CRE,,NULL,3570
13094,55324,3387.2,3387.2,USD,ACH071822,2022-07-22 00:00:00,2022-07-22 00:00:00,0,1143,UAC,,NULL,3571
13095,55390,14699.16,14699.16,USD,ACH072622,2022-07-26 00:00:00,2022-07-26 00:00:00,0,NULL,CRE,,NULL,3572
13096,55384,7508,7508,USD,ACH072522,2022-07-25 00:00:00,2022-07-25 00:00:00,0,NULL,CRE,,NULL,3573
13097,55351,7459.6,7459.6,USD,ACH072522,2022-07-25 00:00:00,2022-07-25 00:00:00,0,NULL,CRE,,NULL,3574
13098,55446,7497,7497,USD,ACH072522,2022-07-25 00:00:00,2022-07-25 00:00:00,0,NULL,CRE,,NULL,3575
13099,55350,7150.2,7150.2,USD,ACH072522,2022-07-25 00:00:00,2022-07-25 00:00:00,0,NULL,CRE,,NULL,3576
13100,55460,7000.6,7000.6,USD,ACH072522,2022-07-25 00:00:00,2022-07-25 00:00:00,0,NULL,CRE,,NULL,3577
13101,55459,6902,6902,USD,ACH0725,2022-07-25 00:00:00,2022-07-25 00:00:00,0,NULL,CRE,,NULL,3578
13102,55424,6861.2,6861.2,USD,ACH072522,2022-07-25 00:00:00,2022-07-25 00:00:00,0,NULL,CRE,,NULL,3579
13103,55476,6820.4,6820.4,USD,ACH072522,2022-07-25 00:00:00,2022-07-25 00:00:00,0,NULL,CRE,,NULL,3580
13104,55312,6728.6,6728.6,USD,ACH072522,2022-07-25 00:00:00,2022-07-25 00:00:00,0,NULL,CRE,,NULL,3581
13105,55175,6439.6,6439.6,USD,ACH072522,2022-07-25 00:00:00,2022-07-25 00:00:00,0,NULL,CRE,,NULL,3582
13106,54962,1904,1904,USD,ACH072522,2022-07-25 00:00:00,2022-07-25 00:00:00,0,NULL,CRE,,NULL,3583
13107,55313,5868.4,5868.4,USD,ACH072522,2022-07-25 00:00:00,2022-07-25 00:00:00,0,NULL,CRE,,NULL,3584
13108,55318,2956,2956,USD,ACH072522,2022-07-25 00:00:00,2022-07-25 00:00:00,0,NULL,CRE,,NULL,3585
13109,55355,1966,1966,USD,ACH072522,2022-07-25 00:00:00,2022-07-25 00:00:00,0,NULL,CRE,,NULL,3586
13110,55446,-7497,-7497,USD,ACH072522,2022-07-26 00:00:00,2022-07-26 16:18:22,0,NULL,CRE,UNDO 13098,NULL,3587
13111,55448,7497,7497,USD,ACH072522,2022-07-25 00:00:00,2022-07-25 00:00:00,0,NULL,CRE,,NULL,3588
13112,55446,2297,2297,USD,ACH072522,2022-07-25 00:00:00,2022-07-25 00:00:00,0,NULL,CRE,,NULL,3589
13113,55431,4287.6,4287.6,USD,ACH072622,2022-07-26 00:00:00,2022-07-26 00:00:00,0,NULL,CRE,,NULL,3590
13114,55404,3363.06,3363.06,USD,CK 117909,2022-07-26 00:00:00,2022-07-26 00:00:00,0,NULL,CRE,,NULL,3591
13115,55338,18440,18440,USD,CK 113632,2022-07-26 00:00:00,2022-07-26 00:00:00,0,NULL,CRE,,NULL,3592
13116,55481,3780,3780,USD,ACH072922,2022-07-29 00:00:00,2022-07-29 00:00:00,0,NULL,CRE,,NULL,3593
13117,55488,3120.69,3120.69,USD,ACH072922,2022-07-29 00:00:00,2022-07-29 00:00:00,0,NULL,CRE,,NULL,3593
13118,55450,3499.2,3499.2,USD,ACH072922,2022-07-29 00:00:00,2022-07-29 00:00:00,0,NULL,CRE,,NULL,3593
13119,55256A,11535.3,11535.3,USD,ACH072822,2022-07-28 00:00:00,2022-07-28 00:00:00,0,NULL,CRE,,NULL,3594
13120,55468,2975.4,2975.4,USD,ACH072822,2022-07-28 00:00:00,2022-07-28 00:00:00,0,NULL,CRE,,NULL,3594
13121,55410,1162.59,1162.59,USD,ACH072722,2022-07-27 00:00:00,2022-07-27 00:00:00,0,NULL,CRE,,NULL,3595
13122,55341,11356.4,11356.4,USD,ACH072922,2022-07-29 00:00:00,2022-07-29 00:00:00,0,NULL,CRE,,NULL,3596
13123,55452,12702,12702,USD,ACH072922,2022-07-29 00:00:00,2022-07-29 00:00:00,0,NULL,CRE,,NULL,3596
13124,55170INV,3025,3025,USD,CK 9216,2022-07-29 00:00:00,2022-07-29 00:00:00,0,NULL,CRE,,NULL,3597
13125,55381,5257.46,5257.46,USD,DK 1918,2022-07-29 00:00:00,2022-07-29 00:00:00,0,NULL,CRE,,NULL,3598
13126,55409,5691.4,5691.4,USD,CK 11159,2022-07-29 00:00:00,2022-07-29 00:00:00,0,NULL,CRE,,NULL,3599
13127,55113INV,204.6,204.6,USD,OFFSET,2022-08-01 00:00:00,2022-08-01 10:41:43,0,0,OFF,,NULL,NULL
13128,55419,2921.4,2921.4,USD,CK 007558,2022-08-01 00:00:00,2022-08-01 00:00:00,0,NULL,CRE,,NULL,3600
13129,55383,15162,15162,USD,CK 122266,2022-08-01 00:00:00,2022-08-01 00:00:00,0,NULL,CRE,,NULL,3601
13130,55084,16606.2,16606.2,USD,CK 122266,2022-08-01 00:00:00,2022-08-01 00:00:00,0,NULL,CRE,,NULL,3601
13131,55286,17974,17974,USD,CK 122266,2022-08-01 00:00:00,2022-08-01 00:00:00,0,NULL,CRE,,NULL,3601
13132,55157,21034,21034,USD,CK 122266,2022-08-01 00:00:00,2022-08-01 00:00:00,0,NULL,CRE,,NULL,3601
13133,55444,3110.4,3110.4,USD,ACH080222,2022-08-02 00:00:00,2022-08-02 00:00:00,0,NULL,CRE,,NULL,3602
13134,54851,372.8,372.8,USD,CK 001029,2022-08-03 00:00:00,2022-08-03 00:00:00,0,NULL,CRE,,NULL,3603
13135,55030INV,950,950,USD,CK 001029,2022-08-03 00:00:00,2022-08-03 00:00:00,0,NULL,CRE,,NULL,3603
13136,54630,12434.73,12434.73,USD,CK 001029,2022-08-03 00:00:00,2022-08-03 00:00:00,0,NULL,CRE,,NULL,3603
13137,55380,9092,9092,USD,ACH072522,2022-07-25 00:00:00,2022-07-25 00:00:00,0,NULL,CRE,,NULL,3604
13138,55463,8712,8712,USD,ACH072522,2022-07-25 00:00:00,2022-07-25 00:00:00,0,NULL,CRE,,NULL,3605
13139,55447,7775.8,7775.8,USD,ACH072522,2022-07-25 00:00:00,2022-07-25 00:00:00,0,NULL,CRE,,NULL,3606
13140,55472,1812.8,1812.8,USD,ACH080522,2022-08-05 00:00:00,2022-08-05 00:00:00,0,NULL,CRE,,NULL,3607
13141,55527,4002,4002,USD,ACH080522,2022-08-05 00:00:00,2022-08-05 00:00:00,0,NULL,CRE,,NULL,3607
13142,55531,4179.6,4179.6,USD,ACH080522,2022-08-05 00:00:00,2022-08-05 00:00:00,0,NULL,CRE,,NULL,3607
13143,55453,11681.2,11681.2,USD,AR 080522,2022-08-05 00:00:00,2022-08-05 00:00:00,0,NULL,CRE,,NULL,3608
13144,55374,13432.8,13432.8,USD,AR 080522,2022-08-05 00:00:00,2022-08-05 00:00:00,0,NULL,CRE,,NULL,3608
13145,55368,5446.35,5446.35,USD,ACH080522,2022-08-05 00:00:00,2022-08-05 00:00:00,0,NULL,CRE,,NULL,3609
13146,55336,3596.2,3596.2,USD,ACH080522,2022-08-05 00:00:00,2022-08-05 00:00:00,0,NULL,CRE,,NULL,3610
13147,55526,587,587,USD,ACH080522,2022-08-05 00:00:00,2022-08-05 00:00:00,0,NULL,CRE,,NULL,3610
13148,55336,2750,2750,USD,ACH080522,2022-08-08 00:00:00,2022-08-08 00:00:00,0,NULL,CRE,,NULL,3611
13149,55413,-2750,-2750,USD,ACH080522,2022-08-08 00:00:00,2022-08-08 00:00:00,0,NULL,CRE,,NULL,3611
13150,55239,5262.4,5262.4,USD,CK 077797,2022-08-08 00:00:00,2022-08-08 00:00:00,0,NULL,CRE,,NULL,3612
13151,55298,6222,6222,USD,CK 077797,2022-08-08 00:00:00,2022-08-08 00:00:00,0,NULL,CRE,,NULL,3612
13152,55473,5026,5026,USD,CK 118132,2022-08-08 00:00:00,2022-08-08 00:00:00,0,NULL,CRE,,NULL,3613
13153,55446,5200,5200,USD,ACH080922,2022-08-09 00:00:00,2022-08-09 00:00:00,0,NULL,CRE,,NULL,3614
13154,55529,10312.4,10312.4,USD,ACH080922,2022-08-09 00:00:00,2022-08-09 00:00:00,0,NULL,CRE,,NULL,3615
13155,55408,5150.4,5150.4,USD,ACH080822,2022-08-08 00:00:00,2022-08-08 00:00:00,0,NULL,CRE,,NULL,3616
13156,55544,1356,1356,USD,CK 3360,2022-08-10 00:00:00,2022-08-10 00:00:00,0,NULL,CRE,,NULL,3617
13157,55590,1464,1464,USD,CK 3360,2022-08-10 00:00:00,2022-08-10 00:00:00,0,NULL,CRE,,NULL,3617
13158,55328INV,1920,1920,USD,CK 206652,2022-08-11 00:00:00,2022-08-11 00:00:00,0,NULL,CRE,,NULL,3618
13159,55187,9853.2,9853.2,USD,CK 9096,2022-08-10 00:00:00,2022-08-10 00:00:00,0,NULL,CRE,,NULL,3619
13160,55401,12254.4,12254.4,USD,CK 113778,2022-08-10 00:00:00,2022-08-10 00:00:00,0,NULL,CRE,,NULL,3620
13161,55376,526.5,526.5,USD,ACH081122,2022-08-11 00:00:00,2022-08-11 00:00:00,0,NULL,CRE,,NULL,3621
13162,55256A,1300,1300,USD,ACH081122,2022-08-11 00:00:00,2022-08-11 00:00:00,0,NULL,CRE,,NULL,3621
13163,55506,9388.14,9388.14,USD,ACH081122,2022-08-11 00:00:00,2022-08-11 00:00:00,0,NULL,CRE,,NULL,3622
13164,55608,5616.4,5616.4,USD,ACH081122,2022-08-11 00:00:00,2022-08-11 00:00:00,0,NULL,CRE,,NULL,3622
13165,55421,11659.38,11659.38,USD,CK 120163,2022-08-12 00:00:00,2022-08-12 00:00:00,0,NULL,CRE,,NULL,3623
13166,55395,9922.5,9922.5,USD,CK 7515,2022-08-12 00:00:00,2022-08-12 00:00:00,0,NULL,CRE,,NULL,3624
13167,55539,12053.49,12053.49,USD,ACH081622,2022-08-16 00:00:00,2022-08-16 00:00:00,0,NULL,CRE,,NULL,3625
13168,55414,2043.3,2043.3,USD,ACH081622,2022-08-16 00:00:00,2022-08-16 00:00:00,0,NULL,CRE,,NULL,3626
13169,55435,6448,6448,USD,ACH081622,2022-08-16 00:00:00,2022-08-16 00:00:00,0,NULL,CRE,,NULL,3627
13170,55009,11849.6,11849.6,USD,ACH081522,2022-08-15 00:00:00,2022-08-15 00:00:00,0,NULL,CRE,,NULL,3628
13171,55465,8572,8572,USD,ACH081522,2022-08-15 00:00:00,2022-08-15 00:00:00,0,NULL,CRE,,NULL,3629
13172,55442,8348,8348,USD,ACH081522,2022-08-15 00:00:00,2022-08-15 00:00:00,0,NULL,CRE,,NULL,3630
13173,55491,8306.8,8306.8,USD,ACH081522,2022-08-15 00:00:00,2022-08-15 00:00:00,0,NULL,CRE,,NULL,3631
13174,55464,8124,8124,USD,ACH081522,2022-08-15 00:00:00,2022-08-15 00:00:00,0,NULL,CRE,,NULL,3632
13175,55490,8018,8018,USD,ACH081522,2022-08-15 00:00:00,2022-08-15 00:00:00,0,NULL,CRE,,NULL,3633
13176,55492,7486,7486,USD,ACH081522,2022-08-15 00:00:00,2022-08-15 00:00:00,0,NULL,CRE,,NULL,3634
13177,55340,6924,6924,USD,ACH081522,2022-08-15 00:00:00,2022-08-15 00:00:00,0,NULL,CRE,,NULL,3635
13178,55443,6783,6783,USD,ACH081522,2022-08-15 00:00:00,2022-08-15 00:00:00,0,NULL,CRE,,NULL,3636
13179,55183,6562,6562,USD,ACH081522,2022-08-15 00:00:00,2022-08-15 00:00:00,0,NULL,CRE,,NULL,3637
13180,55466,6168,6168,USD,ACH081522,2022-08-15 00:00:00,2022-08-15 00:00:00,0,NULL,CRE,,NULL,3638
13181,55546,3337.2,3337.2,USD,ACH081522,2022-08-15 00:00:00,2022-08-15 00:00:00,0,NULL,CRE,,NULL,3639
13182,55556,4444.2,4444.2,USD,ACH081522,2022-08-15 00:00:00,2022-08-15 00:00:00,0,NULL,CRE,,NULL,3639
13183,55566,3623.4,3623.4,USD,ACH081522,2022-08-15 00:00:00,2022-08-15 00:00:00,0,NULL,CRE,,NULL,3639
13184,55545,3307.5,3307.5,USD,ACH081522,2022-08-15 00:00:00,2022-08-15 00:00:00,0,NULL,CRE,,NULL,3639
13185,55581,3715.47,3715.47,USD,ACH081522,2022-08-15 00:00:00,2022-08-15 00:00:00,0,NULL,CRE,,NULL,3639
13186,55543,5259.6,5259.6,USD,ACH081522,2022-08-15 00:00:00,2022-08-15 00:00:00,0,NULL,CRE,,NULL,3639
13187,55471,2284.2,2284.2,USD,ACH081522,2022-08-15 00:00:00,2022-08-15 00:00:00,0,NULL,CRE,,NULL,3639
13188,55553,3277.8,3277.8,USD,ACH081522,2022-08-15 00:00:00,2022-08-15 00:00:00,0,NULL,CRE,,NULL,3639
13189,55568,12651.52,12651.52,USD,ACH081922,2022-08-19 00:00:00,2022-08-19 00:00:00,0,NULL,CRE,,NULL,3640
13190,55550,2811.6,2811.6,USD,ACH081922,2022-08-19 00:00:00,2022-08-19 00:00:00,0,NULL,CRE,,NULL,3641
13191,55587,2435.4,2435.4,USD,ACH081922,2022-08-19 00:00:00,2022-08-19 00:00:00,0,NULL,CRE,,NULL,3641
13192,55536,3661.2,3661.2,USD,ACH081922,2022-08-19 00:00:00,2022-08-19 00:00:00,0,NULL,CRE,,NULL,3641
13193,55588,4719.6,4719.6,USD,ACH081922,2022-08-19 00:00:00,2022-08-19 00:00:00,0,NULL,CRE,,NULL,3641
13194,55585,3230.6,3230.6,USD,ACH081922,2022-08-19 00:00:00,2022-08-19 00:00:00,0,NULL,CRE,,NULL,3641
13195,55589,5070,5070,USD,ACH081922,2022-08-19 00:00:00,2022-08-19 00:00:00,0,NULL,CRE,,NULL,3641
13196,55537,3137.4,3137.4,USD,ACH081922,2022-08-19 00:00:00,2022-08-19 00:00:00,0,NULL,CRE,,NULL,3641
13197,55570,3220,3220,USD,ACH081922,2022-08-19 00:00:00,2022-08-19 00:00:00,0,NULL,CRE,,NULL,3641
13198,55626,9586.4,9586.4,USD,ACH081822,2022-08-18 00:00:00,2022-08-18 00:00:00,0,NULL,CRE,,NULL,3642
13199,55486,2225,2225,USD,ACH081722,2022-08-17 00:00:00,2022-08-17 00:00:00,0,NULL,CRE,,NULL,3643
13200,55467,12587,12587,USD,ACH081722,2022-08-17 00:00:00,2022-08-17 00:00:00,0,NULL,CRE,,NULL,3643
13201,55356,2592,2592,USD,ACH080122,2022-08-01 00:00:00,2022-08-01 00:00:00,0,NULL,CRE,,NULL,3644
13202,55493,7805.2,7805.2,USD,ACH082222,2022-08-22 00:00:00,2022-08-22 00:00:00,0,NULL,CRE,,NULL,3645
13203,55353,1600,1600,USD,CK 4173,2022-08-22 00:00:00,2022-08-22 00:00:00,0,NULL,CRE,,NULL,3646
13204,55432,1920,1920,USD,CK 4173,2022-08-22 00:00:00,2022-08-22 00:00:00,0,NULL,CRE,,NULL,3646
13205,55474,1196,1196,USD,CK 4173,2022-08-22 00:00:00,2022-08-22 00:00:00,0,NULL,CRE,,NULL,3646
13206,55530INV,3507,3507,USD,CK 1937,2022-08-22 00:00:00,2022-08-22 00:00:00,0,NULL,CRE,,NULL,3647
13207,55418,14532,14532,USD,CK 00001099,2022-08-22 00:00:00,2022-08-22 00:00:00,0,NULL,CRE,,NULL,3648
13208,55439,16848.36,16848.36,USD,CK 40100,2022-08-22 00:00:00,2022-08-22 00:00:00,0,NULL,CRE,,NULL,3649
13209,55479,16644.72,16644.72,USD,CK 40100,2022-08-22 00:00:00,2022-08-22 00:00:00,0,NULL,CRE,,NULL,3649
13210,55480,17138.28,17138.28,USD,CK 40100,2022-08-22 00:00:00,2022-08-22 00:00:00,0,NULL,CRE,,NULL,3649
13211,55437,17793,17793,USD,CK 40091,2022-08-22 00:00:00,2022-08-22 00:00:00,0,NULL,CRE,,NULL,3650
13212,55392,10710,10710,USD,CK 9168,2022-08-22 00:00:00,2022-08-22 00:00:00,0,NULL,CRE,,NULL,3651
13213,55540,13851.32,13851.32,USD,ACH082422,2022-08-24 00:00:00,2022-08-24 00:00:00,0,NULL,CRE,,NULL,3652
13214,54659INV,-150,-150,USD,ACH082522,2022-08-25 00:00:00,2022-08-25 00:00:00,0,NULL,CRE,,NULL,3653
13215,55576INV,500,500,USD,ACH082522,2022-08-25 00:00:00,2022-08-25 00:00:00,0,NULL,CRE,,NULL,3653
13216,55562,2870.4,2870.4,USD,ACH082522,2022-08-25 00:00:00,2022-08-25 00:00:00,0,NULL,CRE,,NULL,3654
13217,55565,9948.4,9948.4,USD,ACH082522,2022-08-25 00:00:00,2022-08-25 00:00:00,0,NULL,CRE,,NULL,3654
13218,55563,2150.4,2150.4,USD,ACH082522,2022-08-25 00:00:00,2022-08-25 00:00:00,0,NULL,CRE,,NULL,3654
13219,55094,16594.5,16594.5,USD,ACH082522,2022-08-25 00:00:00,2022-08-25 00:00:00,0,NULL,CRE,,NULL,3655
13220,55101,21580.02,21580.02,USD,ACH082522,2022-08-25 00:00:00,2022-08-25 00:00:00,0,NULL,CRE,,NULL,3655
13221,55162,16185,16185,USD,ACH082522,2022-08-25 00:00:00,2022-08-25 00:00:00,0,NULL,CRE,,NULL,3655
13222,55241,19374.5,19374.5,USD,ACH082522,2022-08-25 00:00:00,2022-08-25 00:00:00,0,NULL,CRE,,NULL,3655
13223,55607,2985,2985,USD,ACH082622,2022-08-26 00:00:00,2022-08-26 00:00:00,0,NULL,CRE,,NULL,3656
13224,55572,7273,7273,USD,ACH082622,2022-08-26 00:00:00,2022-08-26 00:00:00,0,NULL,CRE,,NULL,3657
13225,54843,10253.6,10253.6,USD,CK 50155,2022-09-02 00:00:00,2022-09-02 00:00:00,0,NULL,CRE,,NULL,3658
13226,55005,10371.2,10371.2,USD,CK 50155,2022-09-02 00:00:00,2022-09-02 00:00:00,0,NULL,CRE,,NULL,3658
13227,55202,9760.4,9760.4,USD,CK 50156,2022-09-02 00:00:00,2022-09-02 00:00:00,0,NULL,CRE,,NULL,3659
13228,55200,9891.92,9891.92,USD,CK 50156,2022-09-02 00:00:00,2022-09-02 00:00:00,0,NULL,CRE,,NULL,3659
13229,55470,9592,9592,USD,CK 114081,2022-08-29 00:00:00,2022-08-29 00:00:00,0,NULL,CRE,,NULL,3660
13230,55314,19557.64,19557.64,USD,CK 00000545,2022-08-31 00:00:00,2022-08-31 00:00:00,0,NULL,CRE,,NULL,3661
13231,55573,9202.53,9202.53,USD,CK 80431,2022-09-06 00:00:00,2022-09-06 00:00:00,0,NULL,CRE,,NULL,3662
13232,55449,13292.4,13292.4,USD,CK 00002111,2022-09-06 00:00:00,2022-09-06 00:00:00,0,NULL,CRE,,NULL,3663
13233,55455,13965.6,13965.6,USD,CK 00002111,2022-09-06 00:00:00,2022-09-06 00:00:00,0,NULL,CRE,,NULL,3663
13234,55429,15385.4,15385.4,USD,CK 211600,2022-09-06 00:00:00,2022-09-06 00:00:00,0,NULL,CRE,,NULL,3664
13235,55422,17630,17630,USD,CK 211600,2022-09-06 00:00:00,2022-09-06 00:00:00,0,NULL,CRE,,NULL,3664
13236,55496,8895.8,8895.8,USD,ACH082922,2022-08-29 00:00:00,2022-08-29 00:00:00,0,NULL,CRE,,NULL,3665
13237,55497,8793.2,8793.2,USD,ACH082922,2022-08-29 00:00:00,2022-08-29 00:00:00,0,NULL,CRE,,NULL,3666
13238,55503,7227.6,7227.6,USD,ACH090222,2022-09-02 00:00:00,2022-09-02 00:00:00,0,NULL,CRE,,NULL,3667
13239,55499,7185.8,7185.8,USD,ACH090222,2022-09-02 00:00:00,2022-09-02 00:00:00,0,NULL,CRE,,NULL,3668
13240,55498,7174.4,7174.4,USD,ACH090222,2022-09-02 00:00:00,2022-09-02 00:00:00,0,NULL,CRE,,NULL,3669
13241,55495,6843.8,6843.8,USD,ACH090222,2022-09-02 00:00:00,2022-09-02 00:00:00,0,NULL,CRE,,NULL,3670
13242,55501,5475.8,5475.8,USD,ACH090222,2022-09-02 00:00:00,2022-09-02 00:00:00,0,NULL,CRE,,NULL,3671
13243,55605,7617.6,7617.6,USD,ACH082922,2022-08-29 00:00:00,2022-08-29 00:00:00,0,NULL,CRE,,NULL,3672
13244,55624,2335,2335,USD,ACH090622,2022-09-06 00:00:00,2022-09-06 00:00:00,0,NULL,CRE,,NULL,3673
13245,55625,3300,3300,USD,ACH090622,2022-09-06 00:00:00,2022-09-06 00:00:00,0,NULL,CRE,,NULL,3673
13246,55554,4117.49,4117.49,USD,ACH090622,2022-09-06 00:00:00,2022-09-06 00:00:00,0,NULL,CRE,,NULL,3674
13247,55430,2890,2890,USD,ACJ083022,2022-08-30 00:00:00,2022-08-30 00:00:00,0,NULL,CRE,,NULL,3675
13248,55477,1020.64,1020.64,USD,ACH083122,2022-08-31 00:00:00,2022-08-31 00:00:00,0,NULL,CRE,,NULL,3676
13249,55394,1579.01,1579.01,USD,ACH083122,2022-08-31 00:00:00,2022-08-31 00:00:00,0,NULL,CRE,,NULL,3676
13250,55603,15280.29,15280.29,USD,CK 2646,2022-09-08 00:00:00,2022-09-08 00:00:00,0,NULL,CRE,,NULL,3677
13251,55457,5528.64,5528.64,USD,CK 077947,2022-09-08 00:00:00,2022-09-08 00:00:00,0,NULL,CRE,,NULL,3678
13252,55541,10439.4,10439.4,USD,ACH090722,2022-09-07 00:00:00,2022-09-07 00:00:00,0,NULL,CRE,,NULL,3679
13253,55576,725.4,725.4,USD,ACH090722,2022-09-07 00:00:00,2022-09-07 00:00:00,0,NULL,CRE,,NULL,3679
13254,55584,4177.15,4177.15,USD,ACH090922,2022-09-09 00:00:00,2022-09-09 00:00:00,0,NULL,CRE,,NULL,3680
13255,55630,14140.7,14140.7,USD,ACH090922,2022-09-09 00:00:00,2022-09-09 00:00:00,0,NULL,CRE,,NULL,3680
13256,55645,11476.36,11476.36,USD,ACH090922,2022-09-09 00:00:00,2022-09-09 00:00:00,0,NULL,CRE,,NULL,3681
13257,55600,2281.6,2281.6,USD,ACH091222,2022-09-13 00:00:00,2022-09-13 00:00:00,0,NULL,CRE,,NULL,3682
13258,55596,2378.2,2378.2,USD,ACH091222,2022-09-13 00:00:00,2022-09-13 00:00:00,0,NULL,CRE,,NULL,3682
13259,55629,3345,3345,USD,ACH091222,2022-09-12 00:00:00,2022-09-12 00:00:00,0,NULL,CRE,,NULL,3683
13260,55567,12693.6,12693.6,USD,CK 7535,2022-09-13 00:00:00,2022-09-13 00:00:00,0,NULL,CRE,,NULL,3684
13261,55535,12262.8,12262.8,USD,CK 00002644,2022-09-13 00:00:00,2022-09-13 00:00:00,0,NULL,CRE,,NULL,3685
13262,55412,8803.71,8803.71,USD,CK 80475,2022-09-13 00:00:00,2022-09-13 00:00:00,0,NULL,CRE,,NULL,3686
13263,55634,3714.5,3714.5,USD,CK 12974,2022-09-13 00:00:00,2022-09-13 00:00:00,0,NULL,CRE,,NULL,3687
13264,55627,14810.4,14810.4,USD,CK 2652,2022-09-13 00:00:00,2022-09-13 00:00:00,0,NULL,CRE,,NULL,3688
13265,55520,13206.6,13206.6,USD,CK 211666,2022-09-13 00:00:00,2022-09-13 00:00:00,0,NULL,CRE,,NULL,3689
13266,55521,13404.6,13404.6,USD,CK 211666,2022-09-13 00:00:00,2022-09-13 00:00:00,0,NULL,CRE,,NULL,3689
13267,55571,2654.4,2654.4,USD,ACH091522,2022-09-15 00:00:00,2022-09-15 00:00:00,0,NULL,CRE,,NULL,3690
13268,55524,7868,7868,USD,CK 114467,2022-09-19 00:00:00,2022-09-19 00:00:00,0,NULL,CRE,,NULL,3692
13269,55532,6516,6516,USD,CK 114467,2022-09-19 00:00:00,2022-09-19 00:00:00,0,NULL,CRE,,NULL,3692
13270,55633,12410.86,12410.86,USD,ACH091622,2022-09-16 00:00:00,2022-09-16 00:00:00,0,NULL,CRE,,NULL,3693
13271,55636,7201.75,7201.75,USD,ACH091922,2022-09-19 00:00:00,2022-09-19 00:00:00,0,NULL,CRE,,NULL,3694
13272,55673,3430,3430,USD,AXH091922,2022-09-19 00:00:00,2022-09-19 00:00:00,0,NULL,CRE,,NULL,3695
13273,55674,2373.25,2373.25,USD,AXH091922,2022-09-19 00:00:00,2022-09-19 00:00:00,0,NULL,CRE,,NULL,3695
13274,55635,3501.5,3501.5,USD,AXH091922,2022-09-19 00:00:00,2022-09-19 00:00:00,0,NULL,CRE,,NULL,3695
13275,55655,8725,8725,USD,AXH091922,2022-09-19 00:00:00,2022-09-19 00:00:00,0,NULL,CRE,,NULL,3695
13276,55668,4265,4265,USD,AXH091922,2022-09-19 00:00:00,2022-09-19 00:00:00,0,NULL,CRE,,NULL,3695
13277,55680,3050,3050,USD,AXH091922,2022-09-19 00:00:00,2022-09-19 00:00:00,0,NULL,CRE,,NULL,3695
13278,55632,2420,2420,USD,AXH091922,2022-09-19 00:00:00,2022-09-19 00:00:00,0,NULL,CRE,,NULL,3695
13279,55677,3255,3255,USD,AXH091922,2022-09-19 00:00:00,2022-09-19 00:00:00,0,NULL,CRE,,NULL,3695
13280,55575,796.6,796.6,USD,ACH092020,2022-09-20 00:00:00,2022-09-20 00:00:00,0,NULL,CRE,,NULL,3696
13281,55628,10833.6,10833.6,USD,ACH092022,2022-09-20 00:00:00,2022-09-20 00:00:00,0,NULL,CRE,,NULL,3697
13282,55580,3728.4,3728.4,USD,ACH092022,2022-09-20 00:00:00,2022-09-20 00:00:00,0,NULL,CRE,,NULL,3698
13283,55621,765.8,765.8,USD,CK 2659,2022-09-20 00:00:00,2022-09-20 00:00:00,0,NULL,CRE,,NULL,3700
13284,55594,4121.6,4121.6,USD,ACH092122,2022-09-21 00:00:00,2022-09-21 00:00:00,0,NULL,CRE,,NULL,3701
13285,55648,9628.8,9628.8,USD,ACH092122,2022-09-21 00:00:00,2022-09-21 00:00:00,0,NULL,CRE,,NULL,3701
13286,55650,1856.4,1856.4,USD,ACH092122,2022-09-21 00:00:00,2022-09-21 00:00:00,0,NULL,CRE,,NULL,3701
13287,55530,-3507,-3507,USD,OFFSET,2022-09-23 00:00:00,2022-09-23 09:17:14,0,0,OFF,,NULL,NULL
13288,55438,17250,17250,USD,CK 40053,2022-08-04 00:00:00,2022-08-04 00:00:00,0,NULL,CRE,,NULL,3702
13289,55525,17268.3,17268.3,USD,ACH092322,2022-09-23 00:00:00,2022-09-23 00:00:00,0,NULL,CRE,,NULL,3703
13290,54964INV,2450,2450,USD,OFFSET,2022-09-27 00:00:00,2022-09-27 16:36:07,0,0,OFF,,NULL,NULL
13291,55649,6562.46,6562.46,USD,92722,2022-09-27 00:00:00,2022-09-27 00:00:00,0,NULL,CRE,,NULL,3704
13292,55595,2451.57,2451.57,USD,ACH092722,2022-09-27 00:00:00,2022-09-27 00:00:00,0,NULL,CRE,,NULL,3705
13293,55679,1592,1592,USD,AR092622,2022-09-26 00:00:00,2022-09-26 00:00:00,0,NULL,CRE,,NULL,3706
13294,55688,3773.5,3773.5,USD,AR092622,2022-09-26 00:00:00,2022-09-26 00:00:00,0,NULL,CRE,,NULL,3706
13295,55475,14430.24,14430.24,USD,CK 00003702,2022-09-28 00:00:00,2022-09-28 00:00:00,0,NULL,CRE,,NULL,3707
13296,55574,11575.4,11575.4,USD,CK 00003702,2022-09-28 00:00:00,2022-09-28 00:00:00,0,NULL,CRE,,NULL,3707
13297,55285,2691.71,2691.71,USD,CK 001039,2022-09-28 00:00:00,2022-09-28 00:00:00,0,NULL,CRE,,NULL,3708
13298,55415,13155.77,13155.77,USD,CK 001039,2022-09-28 00:00:00,2022-09-28 00:00:00,0,NULL,CRE,,NULL,3708
13299,55555,3357.79,3357.79,USD,CK 001039,2022-09-28 00:00:00,2022-09-28 00:00:00,0,NULL,CRE,,NULL,3708
13300,55561INV,625,625,USD,CK 001039,2022-09-28 00:00:00,2022-09-28 00:00:00,0,NULL,CRE,,NULL,3708
13301,55399,1488.52,1488.52,USD,CK 001039,2022-09-28 00:00:00,2022-09-28 00:00:00,0,NULL,CRE,,NULL,3708
13302,55601,13336.38,13336.38,USD,CK 001039,2022-09-28 00:00:00,2022-09-28 00:00:00,0,NULL,CRE,,NULL,3708
13303,55640,3256,3256,USD,CK 1963,2022-09-29 00:00:00,2022-09-29 00:00:00,0,NULL,CRE,,NULL,3709
13304,55549,5608.2,5608.2,USD,ACH092822,2022-09-28 00:00:00,2022-09-28 00:00:00,0,NULL,CRE,,NULL,3710
13305,55690,8912.4,8912.4,USD,ACH092922,2022-09-29 00:00:00,2022-09-29 00:00:00,0,NULL,CRE,,NULL,3711
13306,55661,3433.32,3433.32,USD,ACJ093022,2022-09-30 00:00:00,2022-09-30 00:00:00,0,NULL,CRE,,NULL,3712
13307,55695,15003,15003,USD,ACJ093022,2022-09-30 00:00:00,2022-09-30 00:00:00,0,NULL,CRE,,NULL,3712
13308,55727,1200,1200,USD,DEP091522,2022-10-03 00:00:00,2022-10-03 00:00:00,0,1145,UAC,,NULL,3713
13309,55508,5172.05,5172.05,USD,ACH100322,2022-10-03 00:00:00,2022-10-03 00:00:00,0,NULL,CRE,,NULL,3714
13310,55667,496.8,496.8,USD,ACH100322,2022-10-03 00:00:00,2022-10-03 00:00:00,0,NULL,CRE,,NULL,3715
13311,55700,2616,2616,USD,ACH100322,2022-10-03 00:00:00,2022-10-03 00:00:00,0,NULL,CRE,,NULL,3715
13312,55611,5742.8,5742.8,USD,ACH100322,2022-10-03 00:00:00,2022-10-03 00:00:00,0,NULL,CRE,,NULL,3716
13313,55676,9350,9350,USD,ACH100322,2022-10-03 00:00:00,2022-10-03 00:00:00,0,NULL,CRE,,NULL,3717
13314,55502,7049,7049,USD,ACH100322,2022-10-03 00:00:00,2022-10-03 00:00:00,0,NULL,CRE,,NULL,3718
13315,55500,4769,4769,USD,ACH100322,2022-10-03 00:00:00,2022-10-03 00:00:00,0,NULL,CRE,,NULL,3719
13316,55534,66,66,USD,OFFSET,2022-10-03 00:00:00,2022-10-03 16:52:47,0,0,OFF,,NULL,NULL
13317,55411,150,150,USD,OFFSET,2022-10-03 00:00:00,2022-10-03 16:53:05,0,0,OFF,,NULL,NULL
13318,55533,150,150,USD,OFFSET,2022-10-03 00:00:00,2022-10-03 16:53:22,0,0,OFF,,NULL,NULL
13319,55710,4200,4200,USD,ACH091922,2022-10-06 00:00:00,2022-10-06 00:00:00,0,1146,UAC,,NULL,3720
13320,55262,5450.4,5450.4,USD,ACH100622,2022-10-07 00:00:00,2022-10-07 00:00:00,0,NULL,CRE,,NULL,3721
13321,55575INV,500,500,USD,ACH100622,2022-10-06 00:00:00,2022-10-06 00:00:00,0,NULL,CRE,,NULL,3722
13322,55678,9644.1,9644.1,USD,ACH100722,2022-10-07 00:00:00,2022-10-07 00:00:00,0,NULL,CRE,,NULL,3723
13323,55693,11289.2,11289.2,USD,ACH100722,2022-10-07 00:00:00,2022-10-07 00:00:00,0,NULL,CRE,,NULL,3724
13324,55691,11570,11570,USD,ACH100722,2022-10-07 00:00:00,2022-10-07 00:00:00,0,NULL,CRE,,NULL,3724
13325,55699,10727.6,10727.6,USD,ACH100722,2022-10-07 00:00:00,2022-10-07 00:00:00,0,NULL,CRE,,NULL,3724
13326,55619,1280.8,1280.8,USD,ACH100722,2022-10-07 00:00:00,2022-10-07 00:00:00,0,NULL,CRE,,NULL,3725
13327,55675,8991.62,8991.62,USD,CK 80624,2022-10-06 00:00:00,2022-10-06 00:00:00,0,NULL,CRE,,NULL,3726
13328,55478,5168.16,5168.16,USD,CK 078008,2022-10-07 00:00:00,2022-10-07 00:00:00,0,NULL,CRE,,NULL,3727
13329,55487,5638.14,5638.14,USD,CK 078008,2022-10-07 00:00:00,2022-10-07 00:00:00,0,NULL,CRE,,NULL,3727
13330,55242,25000,25000,USD,ACH100722,2022-10-07 00:00:00,2022-10-07 00:00:00,0,NULL,CRE,,NULL,3729
13331,55613,5213.6,5213.6,USD,ACH101122,2022-10-11 00:00:00,2022-10-11 00:00:00,0,NULL,CRE,,NULL,3730
13332,55612,5423.6,5423.6,USD,ACH101122,2022-10-11 00:00:00,2022-10-11 00:00:00,0,NULL,CRE,,NULL,3731
13333,55617,2846.2,2846.2,USD,ACH101222,2022-10-12 00:00:00,2022-10-12 00:00:00,0,NULL,CRE,,NULL,3732
13334,55542,3631.04,3631.04,USD,CK 078045,2022-10-13 00:00:00,2022-10-13 00:00:00,0,NULL,CRE,,NULL,3733
13335,55606,1169.75,1169.75,USD,CK 2670,2022-10-13 00:00:00,2022-10-13 00:00:00,0,NULL,CRE,,NULL,3734
13336,55623,11528.4,11528.4,USD,CK 114772,2022-10-13 00:00:00,2022-10-13 00:00:00,0,NULL,CRE,,NULL,3735
13337,55610,8364,8364,USD,CK 114772,2022-10-13 00:00:00,2022-10-13 00:00:00,0,NULL,CRE,,NULL,3735
13338,55665,4194,4194,USD,CK 114772,2022-10-13 00:00:00,2022-10-13 00:00:00,0,NULL,CRE,,NULL,3735
13339,55519,7306.2,7306.2,USD,CK 211972,2022-10-13 00:00:00,2022-10-13 00:00:00,0,NULL,CRE,,NULL,3736
13340,55522,13041.6,13041.6,USD,CK 211972,2022-10-13 00:00:00,2022-10-13 00:00:00,0,NULL,CRE,,NULL,3736
13341,55705,11452.5,11452.5,USD,ACH101422,2022-10-14 00:00:00,2022-10-14 00:00:00,0,NULL,CRE,,NULL,3737
13342,55729,2444,2444,USD,ACH101722,2022-10-17 00:00:00,2022-10-17 00:00:00,0,NULL,CRE,,NULL,3738
13343,55757,2692,2692,USD,ACH101722,2022-10-17 00:00:00,2022-10-17 00:00:00,0,NULL,CRE,,NULL,3738
13344,55735,3164,3164,USD,ACH101722,2022-10-17 00:00:00,2022-10-17 00:00:00,0,NULL,CRE,,NULL,3738
13345,55762,2660,2660,USD,ACH101722,2022-10-17 00:00:00,2022-10-17 00:00:00,0,NULL,CRE,,NULL,3738
13346,55241,1000,1000,USD,ACH101722,2022-10-17 00:00:00,2022-10-17 00:00:00,0,NULL,CRE,,NULL,3739
13347,55242,18.25,18.25,USD,ACH101722,2022-10-17 00:00:00,2022-10-17 00:00:00,0,NULL,CRE,,NULL,3739
13348,55217,8482.1,8482.1,USD,ACH101722,2022-10-17 00:00:00,2022-10-17 00:00:00,0,NULL,CRE,,NULL,3739
13349,55257,8492.88,8492.88,USD,ACH101722,2022-10-17 00:00:00,2022-10-17 00:00:00,0,NULL,CRE,,NULL,3739
13350,55216,9378.38,9378.38,USD,ACH101722,2022-10-17 00:00:00,2022-10-17 00:00:00,0,NULL,CRE,,NULL,3739
13351,55243,24345.5,24345.5,USD,ACH101722,2022-10-17 00:00:00,2022-10-17 00:00:00,0,NULL,CRE,,NULL,3739
13352,55426,672.14,672.14,USD,ACH101722,2022-10-17 00:00:00,2022-10-17 00:00:00,0,NULL,CRE,,NULL,3740
13353,55485,1682.41,1682.41,USD,ACH101722,2022-10-17 00:00:00,2022-10-17 00:00:00,0,NULL,CRE,,NULL,3740
13354,55631INV,200,200,USD,ACH101822,2022-10-18 00:00:00,2022-10-18 00:00:00,0,NULL,CRE,,NULL,3741
13355,55715INV,200,200,USD,ACH101822,2022-10-18 00:00:00,2022-10-18 00:00:00,0,NULL,CRE,,NULL,3741
13356,55709,2167.2,2167.2,USD,ACH101822,2022-10-18 00:00:00,2022-10-18 00:00:00,0,NULL,CRE,,NULL,3742
13357,55686,10329.2,10329.2,USD,ACH101822,2022-10-18 00:00:00,2022-10-18 00:00:00,0,NULL,CRE,,NULL,3742
13358,55804,5600,5600,USD,WIR100722,2022-10-19 00:00:00,2022-10-19 00:00:00,0,1153,UAC,,NULL,3743
13359,55807,4400,4400,USD,WIR100722,2022-10-19 00:00:00,2022-10-19 00:00:00,0,1153,UAC,,NULL,3744
13360,55805,4200,4200,USD,WIR100722,2022-10-19 00:00:00,2022-10-19 00:00:00,0,1153,UAC,,NULL,3745
13361,55725,4070.4,4070.4,USD,ACH101922,2022-10-19 00:00:00,2022-10-19 00:00:00,0,NULL,CRE,,NULL,3746
13362,55774,7344,7344,USD,ACH101922,2022-10-19 00:00:00,2022-10-19 00:00:00,0,NULL,CRE,,NULL,3747
13363,55646,6473.28,6473.28,USD,ACH101322,2022-10-13 00:00:00,2022-10-13 00:00:00,0,NULL,CRE,,NULL,3748
13364,55701,9381.2,9381.2,USD,ACH102122,2022-10-21 00:00:00,2022-10-21 00:00:00,0,NULL,CRE,,NULL,3749
13365,55742,927.16,927.16,USD,ACH102122,2022-10-21 00:00:00,2022-10-21 00:00:00,0,NULL,CRE,,NULL,3749
13366,55733,14200.09,14200.09,USD,ACH102122,2022-10-21 00:00:00,2022-10-21 00:00:00,0,NULL,CRE,,NULL,3749
13367,55736,1498.5,1498.5,USD,ACH102122,2022-10-21 00:00:00,2022-10-21 00:00:00,0,NULL,CRE,,NULL,3750
13368,55618,17856.72,17856.72,USD,CK 00005371,2022-10-24 00:00:00,2022-10-24 00:00:00,0,NULL,CRE,,NULL,3751
13369,55597,12846.4,12846.4,USD,CK 00005371,2022-10-24 00:00:00,2022-10-24 00:00:00,0,NULL,CRE,,NULL,3751
13370,55598,12958,12958,USD,CK 00005371,2022-10-24 00:00:00,2022-10-24 00:00:00,0,NULL,CRE,,NULL,3751
13371,55732,3772,3772,USD,CK 115003,2022-10-24 00:00:00,2022-10-24 00:00:00,0,NULL,CRE,,NULL,3752
13372,55712,2647.4,2647.4,USD,CK 115003,2022-10-24 00:00:00,2022-10-24 00:00:00,0,NULL,CRE,,NULL,3752
13373,55647,4337.92,4337.92,USD,CK 078078,2022-10-24 00:00:00,2022-10-24 00:00:00,0,NULL,CRE,,NULL,3753
13374,55652,800.8,800.8,USD,CK 4804,2022-10-24 00:00:00,2022-10-24 00:00:00,0,NULL,CRE,,NULL,3754
13375,55663,732,732,USD,CK 4804,2022-10-24 00:00:00,2022-10-24 00:00:00,0,NULL,CRE,,NULL,3754
13376,55825,1800,1800,USD,CK 6120,2022-10-24 00:00:00,2022-10-24 00:00:00,0,NULL,CRE,,NULL,3755
13377,55739,3591.25,3591.25,USD,ACH102422,2022-10-24 00:00:00,2022-10-24 00:00:00,0,NULL,CRE,,NULL,3756
13378,55728,9857.75,9857.75,USD,ACH102422,2022-10-24 00:00:00,2022-10-24 00:00:00,0,NULL,CRE,,NULL,3757
13379,55730,11469.9,11469.9,USD,ACH102422,2022-10-24 00:00:00,2022-10-24 00:00:00,0,NULL,CRE,,NULL,3757
13380,55653,14344.41,14344.41,USD,ACH102422,2022-10-24 00:00:00,2022-10-24 00:00:00,0,NULL,CRE,,NULL,3758
13381,55750,1050,1050,USD,CK 3670,2022-10-25 00:00:00,2022-10-25 00:00:00,0,NULL,CRE,,NULL,3759
13382,55666INV,100,100,USD,CK 08507,2022-10-25 00:00:00,2022-10-25 00:00:00,0,NULL,CRE,,NULL,3760
13383,55830,1200,1200,USD,CK 6130,2022-10-25 00:00:00,2022-10-25 00:00:00,0,NULL,CRE,,NULL,3761
13384,55584,1000,1000,USD,CM 55619,2022-10-25 00:00:00,2022-10-25 00:00:00,0,NULL,CRE,,NULL,3762
13385,55619,-1000,-1000,USD,CM 55619,2022-10-25 00:00:00,2022-10-25 00:00:00,0,NULL,CRE,,NULL,3762
13386,55584,-1000,-1000,USD,CM 55619,2022-10-26 00:00:00,2022-10-26 11:27:25,0,NULL,CRE,UNDO 13384,NULL,3763
13387,55619,1000,1000,USD,CM 55619,2022-10-26 00:00:00,2022-10-26 11:30:33,0,NULL,CRE,UNDO 13385,NULL,3764
13388,55584,950,950,USD,CM 55584,2022-10-26 00:00:00,2022-10-26 00:00:00,0,NULL,CRE,,NULL,3765
13389,55619,-950,-950,USD,CM 55584,2022-10-26 00:00:00,2022-10-26 00:00:00,0,NULL,CRE,,NULL,3765
13390,55720,2633.4,2633.4,USD,ACH102022,2022-10-20 00:00:00,2022-10-20 00:00:00,0,NULL,CRE,,NULL,3766
13391,55702,3313.8,3313.8,USD,ACH102022,2022-10-20 00:00:00,2022-10-20 00:00:00,0,NULL,CRE,,NULL,3766
13392,55723,2808,2808,USD,ACH102722,2022-10-27 00:00:00,2022-10-27 00:00:00,0,NULL,CRE,,NULL,3767
13393,55662,1574.89,1574.89,USD,ACH102622,2022-10-26 00:00:00,2022-10-26 00:00:00,0,NULL,CRE,,NULL,3768
13394,55656A,10251.5,10251.5,USD,ACH102822,2022-10-28 00:00:00,2022-10-28 00:00:00,0,NULL,CRE,,NULL,3769
13395,55599A,10494.4,10494.4,USD,ACH102822,2022-10-28 00:00:00,2022-10-28 00:00:00,0,NULL,CRE,,NULL,3769
13396,55734,3048,3048,USD,ACH102822,2022-10-28 00:00:00,2022-10-28 00:00:00,0,NULL,CRE,,NULL,3770
13397,55731,5336,5336,USD,ACH102822,2022-10-28 00:00:00,2022-10-28 00:00:00,0,NULL,CRE,,NULL,3770
13398,55721,5445.6,5445.6,USD,ACH102822,2022-10-28 00:00:00,2022-10-28 00:00:00,0,NULL,CRE,,NULL,3770
13399,55752,7239.6,7239.6,USD,AR102822,2022-10-28 00:00:00,2022-10-28 00:00:00,0,NULL,CRE,,NULL,3771
13400,55782,6315,6315,USD,ACH102822,2022-10-28 00:00:00,2022-10-28 00:00:00,0,NULL,CRE,,NULL,3772
13401,55671,2464,2464,USD,CK 9607,2022-10-28 00:00:00,2022-10-28 00:00:00,0,NULL,CRE,,NULL,3773
13402,55672,3008,3008,USD,CK 9607,2022-10-28 00:00:00,2022-10-28 00:00:00,0,NULL,CRE,,NULL,3773
13403,55660,1914,1914,USD,CK 9515,2022-10-28 00:00:00,2022-10-28 00:00:00,0,NULL,CRE,,NULL,3774
13404,55494,7736.8,7736.8,USD,ACH103122,2022-10-31 00:00:00,2022-10-31 00:00:00,0,NULL,CRE,,NULL,3775
13405,55771INV,200,200,USD,ACH110122,2022-11-01 00:00:00,2022-11-01 00:00:00,0,NULL,CRE,,NULL,3776
13406,55740,1700.8,1700.8,USD,ACH110122,2022-11-01 00:00:00,2022-11-01 00:00:00,0,NULL,CRE,,NULL,3777
13407,55716,1724.52,1724.52,USD,ACH110122,2022-11-01 00:00:00,2022-11-01 00:00:00,0,NULL,CRE,,NULL,3777
13408,55787,8860.8,8860.8,USD,CK 115226,2022-11-04 00:00:00,2022-11-04 00:00:00,0,NULL,CRE,,NULL,3778
13409,55654,14560.73,14560.73,USD,ACH110222,2022-11-02 00:00:00,2022-11-02 00:00:00,0,NULL,CRE,,NULL,3779
13410,55769,5202,5202,USD,CK 1086,2022-11-07 00:00:00,2022-11-07 00:00:00,0,NULL,CRE,,NULL,3780
13411,55716INV,287.12,287.12,USD,CK 70569,2022-11-07 00:00:00,2022-11-07 00:00:00,0,NULL,CRE,,NULL,3781
13412,55523,9629.4,9629.4,USD,CK  212085,2022-11-07 00:00:00,2022-11-07 00:00:00,0,NULL,CRE,,NULL,3782
13413,55658,11345.4,11345.4,USD,CK 00006966,2022-11-07 00:00:00,2022-11-07 00:00:00,0,NULL,CRE,,NULL,3783
13414,55780,10435,10435,USD,ACH110722,2022-11-07 00:00:00,2022-11-07 00:00:00,0,NULL,CRE,,NULL,3784
13415,55754,1372,1372,USD,ACH110722,2022-11-07 00:00:00,2022-11-07 00:00:00,0,NULL,CRE,,NULL,3785
13416,55753,2244,2244,USD,ACH110722,2022-11-07 00:00:00,2022-11-07 00:00:00,0,NULL,CRE,,NULL,3785
13417,55770,1976,1976,USD,ACH110722,2022-11-07 00:00:00,2022-11-07 00:00:00,0,NULL,CRE,,NULL,3785
13418,55776,9765,9765,USD,ACH110822,2022-11-08 00:00:00,2022-11-08 00:00:00,0,NULL,CRE,,NULL,3786
13419,55827,9133.5,9133.5,USD,ACH110822,2022-11-08 00:00:00,2022-11-08 00:00:00,0,NULL,CRE,,NULL,3786
13420,55756,1058.16,1058.16,USD,ACH110922,2022-11-09 00:00:00,2022-11-09 00:00:00,0,NULL,CRE,,NULL,3788
13421,55828,817.81,817.81,USD,ACH110922,2022-11-09 00:00:00,2022-11-09 00:00:00,0,NULL,CRE,,NULL,3788
13422,55717,14942.88,14942.88,USD,CK 00007414,2022-11-11 00:00:00,2022-11-11 00:00:00,0,NULL,CRE,,NULL,3789
13423,55722,9890,9890,USD,CK 00007414,2022-11-11 00:00:00,2022-11-11 00:00:00,0,NULL,CRE,,NULL,3789
13424,55753INV,200,200,USD,CK 19305,2022-11-11 00:00:00,2022-11-11 00:00:00,0,NULL,CRE,,NULL,3790
13425,55754INV,1100,1100,USD,CK 19305,2022-11-11 00:00:00,2022-11-11 00:00:00,0,NULL,CRE,,NULL,3790
13426,55809,9393.72,9393.72,USD,ACH111422,2022-11-14 00:00:00,2022-11-14 00:00:00,0,NULL,CRE,,NULL,3791
13427,55824,9002.91,9002.91,USD,ACH111422,2022-11-14 00:00:00,2022-11-14 00:00:00,0,NULL,CRE,,NULL,3791
13428,54933,100,100,USD,ACH111422,2022-11-14 00:00:00,2022-11-14 00:00:00,0,NULL,CRE,,NULL,3792
13429,55741,8792.49,8792.49,USD,ACH111422,2022-11-14 00:00:00,2022-11-14 00:00:00,0,NULL,CRE,,NULL,3792
13430,55714,486.6,486.6,USD,ACH111422,2022-11-14 00:00:00,2022-11-14 00:00:00,0,NULL,CRE,,NULL,3792
13431,55777,2392,2392,USD,ACH111422,2022-11-14 00:00:00,2022-11-14 00:00:00,0,NULL,CRE,,NULL,3793
13432,55786,2426.4,2426.4,USD,ACH111422,2022-11-14 00:00:00,2022-11-14 00:00:00,0,NULL,CRE,,NULL,3793
13433,55785,2862,2862,USD,ACH111422,2022-11-14 00:00:00,2022-11-14 00:00:00,0,NULL,CRE,,NULL,3793
13434,55793,1626.4,1626.4,USD,ACH111422,2022-11-14 00:00:00,2022-11-14 00:00:00,0,NULL,CRE,,NULL,3793
13435,55743,2064,2064,USD,ACH111422,2022-11-14 00:00:00,2022-11-14 00:00:00,0,NULL,CRE,,NULL,3793
13436,55783,3920,3920,USD,CK 1149,2022-11-15 00:00:00,2022-11-15 00:00:00,0,NULL,CRE,,NULL,3794
13437,55577,6279,6279,USD,CK 316883,2022-11-15 00:00:00,2022-11-15 00:00:00,0,NULL,CRE,,NULL,3795
13438,55868INV,200,200,USD,CK 3415,2022-11-15 00:00:00,2022-11-15 00:00:00,0,NULL,CRE,,NULL,3796
13439,55898INV,1200,1200,USD,ACH111522,2022-11-15 00:00:00,2022-11-15 00:00:00,0,NULL,CRE,,NULL,3797
13440,55609,19653.82,19653.82,USD,WIR111622,2022-11-16 00:00:00,2022-11-16 00:00:00,0,NULL,CRE,,NULL,3798
13441,55620,4636.42,4636.42,USD,WIR111622,2022-11-16 00:00:00,2022-11-16 00:00:00,0,NULL,CRE,,NULL,3798
13442,55507,3504.78,3504.78,USD,WIR111622,2022-11-16 00:00:00,2022-11-16 00:00:00,0,NULL,CRE,,NULL,3798
13443,55831,1384.14,1384.14,USD,ACH111822,2022-11-18 00:00:00,2022-11-18 00:00:00,0,NULL,CRE,,NULL,3799
13444,55801,2064,2064,USD,ACH111822,2022-11-18 00:00:00,2022-11-18 00:00:00,0,NULL,CRE,,NULL,3800
13445,55891,2424,2424,USD,AR111822,2022-11-18 00:00:00,2022-11-18 00:00:00,0,NULL,CRE,,NULL,3801
13446,55873,2804,2804,USD,AR111822,2022-11-18 00:00:00,2022-11-18 00:00:00,0,NULL,CRE,,NULL,3801
13447,55862,2688,2688,USD,AR111822,2022-11-18 00:00:00,2022-11-18 00:00:00,0,NULL,CRE,,NULL,3801
13448,55803,2696,2696,USD,AR111822,2022-11-18 00:00:00,2022-11-18 00:00:00,0,NULL,CRE,,NULL,3801
13449,55704,-3300,-3300,USD,CM 55704,2022-11-18 00:00:00,2022-11-18 00:00:00,0,NULL,CRE,,NULL,3802
13450,55782,3300,3300,USD,CM 55704,2022-11-18 00:00:00,2022-11-18 00:00:00,0,NULL,CRE,,NULL,3802
13451,55704,-575,-575,USD,CM 55704,2022-11-18 00:00:00,2022-11-18 00:00:00,0,NULL,CRE,,NULL,3803
13452,55831,575,575,USD,CM 55704,2022-11-18 00:00:00,2022-11-18 00:00:00,0,NULL,CRE,,NULL,3803
13453,55819,864.05,864.05,USD,CK 119948,2022-11-18 00:00:00,2022-11-18 00:00:00,0,NULL,CRE,,NULL,3804
13454,55798,910.54,910.54,USD,CK 119948,2022-11-18 00:00:00,2022-11-18 00:00:00,0,NULL,CRE,,NULL,3804
13455,55832,1137,1137,USD,CK 119948,2022-11-18 00:00:00,2022-11-18 00:00:00,0,NULL,CRE,,NULL,3804
13456,55760,8770.5,8770.5,USD,CK 7570,2022-11-18 00:00:00,2022-11-18 00:00:00,0,NULL,CRE,,NULL,3805
13457,55759,9490.5,9490.5,USD,CK 7570,2022-11-18 00:00:00,2022-11-18 00:00:00,0,NULL,CRE,,NULL,3805
13458,55659,11178,11178,USD,CK 00007920,2022-11-21 00:00:00,2022-11-21 00:00:00,0,NULL,CRE,,NULL,3806
13459,55814,1418.58,1418.58,USD,ACH112122,2022-11-21 00:00:00,2022-11-21 00:00:00,0,NULL,CRE,,NULL,3807
13460,55802,1846.4,1846.4,USD,ACH112122,2022-11-21 00:00:00,2022-11-21 00:00:00,0,NULL,CRE,,NULL,3807
13461,55800,1904,1904,USD,ACH112122,2022-11-21 00:00:00,2022-11-21 00:00:00,0,NULL,CRE,,NULL,3807
13462,55826,1942.4,1942.4,USD,ACH112122,2022-11-21 00:00:00,2022-11-21 00:00:00,0,NULL,CRE,,NULL,3807
13463,55799,1369.05,1369.05,USD,CK 2698,2022-11-22 00:00:00,2022-11-22 00:00:00,0,NULL,CRE,,NULL,3808
13464,55908,1943,1943,USD,CK 115507,2022-11-22 00:00:00,2022-11-22 00:00:00,0,NULL,CRE,,NULL,3809
13465,55905,6009,6009,USD,CK 115507,2022-11-22 00:00:00,2022-11-22 00:00:00,0,NULL,CRE,,NULL,3809
13466,55703,13826.12,13826.12,USD,ACH112322,2022-11-23 00:00:00,2022-11-23 00:00:00,0,NULL,CRE,,NULL,3810
13467,55878,2916,2916,USD,ACH112522,2022-11-25 00:00:00,2022-11-25 00:00:00,0,NULL,CRE,,NULL,3811
13468,55892,3832,3832,USD,ACH112522,2022-11-25 00:00:00,2022-11-25 00:00:00,0,NULL,CRE,,NULL,3811
13469,55916,4284,4284,USD,ACH112522,2022-11-25 00:00:00,2022-11-25 00:00:00,0,NULL,CRE,,NULL,3811
13470,55885,3464,3464,USD,ACH112522,2022-11-25 00:00:00,2022-11-25 00:00:00,0,NULL,CRE,,NULL,3811
13471,55889,2719,2719,USD,ACH112522,2022-11-25 00:00:00,2022-11-25 00:00:00,0,NULL,CRE,,NULL,3811
13472,55903,2796,2796,USD,ACH112522,2022-11-25 00:00:00,2022-11-25 00:00:00,0,NULL,CRE,,NULL,3811
13473,55863,1362.4,1362.4,USD,ACH112822,2022-11-28 00:00:00,2022-11-28 00:00:00,0,NULL,CRE,,NULL,3812
13474,55751,8637.2,8637.2,USD,ACH112822,2022-11-28 00:00:00,2022-11-28 00:00:00,0,NULL,CRE,,NULL,3813
13475,55857,2179.74,2179.74,USD,ACH112822,2022-11-28 00:00:00,2022-11-28 00:00:00,0,NULL,CRE,,NULL,3814
13476,55861,13922.3,13922.3,USD,ACH120122,2022-12-01 00:00:00,2022-12-01 00:00:00,0,NULL,CRE,,NULL,3815
13477,55775,5356.8,5356.8,USD,CK 1287,2022-12-01 00:00:00,2022-12-01 00:00:00,0,NULL,CRE,,NULL,3816
13478,55779,2611.8,2611.8,USD,CK 9860,2022-12-01 00:00:00,2022-12-01 00:00:00,0,NULL,CRE,,NULL,3817
13479,55793INV,845,845,USD,CK 19402,2022-12-02 00:00:00,2022-12-02 00:00:00,0,NULL,CRE,,NULL,3818
13480,55887,10996.2,10996.2,USD,ACH120222,2022-12-02 00:00:00,2022-12-02 00:00:00,0,NULL,CRE,,NULL,3819
13481,55829,9128.7,9128.7,USD,ACH110322,2022-11-03 00:00:00,2022-11-03 00:00:00,0,NULL,CRE,,NULL,3820
13482,55913,7135.2,7135.2,USD,ACH120522,2022-12-05 00:00:00,2022-12-05 00:00:00,0,NULL,CRE,,NULL,3821
13483,55864,9658,9658,USD,ACH120522,2022-12-05 00:00:00,2022-12-05 00:00:00,0,NULL,CRE,,NULL,3822
13484,55874,7481.27,7481.27,USD,ACH120522,2022-12-05 00:00:00,2022-12-05 00:00:00,0,NULL,CRE,,NULL,3822
13485,55879,9036.4,9036.4,USD,ACH120522,2022-12-05 00:00:00,2022-12-05 00:00:00,0,NULL,CRE,,NULL,3822
13486,55631,148.05,148.05,USD,OFFSET,2022-12-05 00:00:00,2022-12-05 15:50:12,0,0,OFF,,NULL,NULL
13487,55715,67.08,67.08,USD,OFFSET,2022-12-05 00:00:00,2022-12-05 15:50:23,0,0,OFF,,NULL,NULL
13488,55771,33.27,33.27,USD,OFFSET,2022-12-05 00:00:00,2022-12-05 15:50:33,0,0,OFF,,NULL,NULL
13489,55856,107.7,107.7,USD,OFFSET,2022-12-05 00:00:00,2022-12-05 15:50:44,0,0,OFF,,NULL,NULL
13490,55815,2570.4,2570.4,USD,ACH120622,2022-12-06 00:00:00,2022-12-06 00:00:00,0,NULL,CRE,,NULL,3823
13491,55859,5011.2,5011.2,USD,ACH120622,2022-12-06 00:00:00,2022-12-06 00:00:00,0,NULL,CRE,,NULL,3823
13492,55868,2003.2,2003.2,USD,ACH120622,2022-12-06 00:00:00,2022-12-06 00:00:00,0,NULL,CRE,,NULL,3823
13493,55883,3528,3528,USD,ACH120222,2022-12-08 00:00:00,2022-12-08 00:00:00,0,1159,UAC,,NULL,3825
13494,55914,5660,5660,USD,ACH120222,2022-12-08 00:00:00,2022-12-08 00:00:00,0,1159,UAC,,NULL,3825
13495,55926,3432,3432,USD,ACH120222,2022-12-08 00:00:00,2022-12-08 00:00:00,0,1159,UAC,,NULL,3825
13496,55918,3152,3152,USD,ACH120222,2022-12-08 00:00:00,2022-12-08 00:00:00,0,1159,UAC,,NULL,3825
13497,55917,8937.64,8937.64,USD,ACH121222,2022-12-12 00:00:00,2022-12-12 00:00:00,0,NULL,CRE,,NULL,3826
13498,55904,1812.6,1812.6,USD,ACH120922,2022-12-09 00:00:00,2022-12-09 00:00:00,0,NULL,CRE,,NULL,3827
13499,55920,2060,2060,USD,ACH120922,2022-12-09 00:00:00,2022-12-09 00:00:00,0,NULL,CRE,,NULL,3827
13500,55925,2832,2832,USD,ACH120922,2022-12-09 00:00:00,2022-12-09 00:00:00,0,NULL,CRE,,NULL,3827
13501,55961,3916,3916,USD,ACH120922,2022-12-09 00:00:00,2022-12-09 00:00:00,0,NULL,CRE,,NULL,3827
13502,55893,6344.1,6344.1,USD,ACH120922,2022-12-09 00:00:00,2022-12-09 00:00:00,0,NULL,CRE,,NULL,3828
13503,55413R,5248.48,5248.48,USD,ACH121322,2022-12-13 00:00:00,2022-12-13 00:00:00,0,NULL,CRE,,NULL,3829
13504,55682,4278.08,4278.08,USD,ACH121322,2022-12-13 00:00:00,2022-12-13 00:00:00,0,NULL,CRE,,NULL,3829
13505,55880,1945,1945,USD,ACH121322,2022-12-13 00:00:00,2022-12-13 00:00:00,0,NULL,CRE,,NULL,3830
13506,55881,1979,1979,USD,ACH121322,2022-12-13 00:00:00,2022-12-13 00:00:00,0,NULL,CRE,,NULL,3830
13507,55761,3391.34,3391.34,USD,ACH21322,2022-12-13 00:00:00,2022-12-13 00:00:00,0,NULL,CRE,,NULL,3831
13508,55823,-892.8,-892.8,USD,ACH21322,2022-12-13 00:00:00,2022-12-13 00:00:00,0,NULL,CRE,,NULL,3831
13509,55915,2613.6,2613.6,USD,ACH121422,2022-12-14 00:00:00,2022-12-14 00:00:00,0,NULL,CRE,,NULL,3832
13510,55724,10823.7,10823.7,USD,ACH121322,2022-12-13 00:00:00,2022-12-13 00:00:00,0,NULL,CRE,,NULL,3833
13511,55816,3800,3800,USD,ach110922,2022-12-15 00:00:00,2022-12-15 00:00:00,0,1154,UAC,,NULL,3834
13512,55789,8714.16,8714.16,USD,ACH121522,2022-12-15 00:00:00,2022-12-15 00:00:00,0,NULL,CRE,,NULL,3835
13513,55902,1988,1988,USD,ACH121622,2022-12-16 00:00:00,2022-12-16 00:00:00,0,NULL,CRE,,NULL,3836
13514,55952,12120,12120,USD,ACH121622,2022-12-16 00:00:00,2022-12-16 00:00:00,0,NULL,CRE,,NULL,3837
13515,55941,1881.5,1881.5,USD,ACH121922,2022-12-19 00:00:00,2022-12-19 00:00:00,0,NULL,CRE,,NULL,3838
13516,55875,7347.2,7347.2,USD,ACH121922,2022-12-19 00:00:00,2022-12-19 00:00:00,0,NULL,CRE,,NULL,3839
13517,55933,7834.41,7834.41,USD,ACH121922,2022-12-19 00:00:00,2022-12-19 00:00:00,0,NULL,CRE,,NULL,3839
13518,55869,1225.61,1225.61,USD,ACH122122,2022-12-21 00:00:00,2022-12-21 00:00:00,0,NULL,CRE,,NULL,3840
13519,55870,950.06,950.06,USD,ACH122122,2022-12-21 00:00:00,2022-12-21 00:00:00,0,NULL,CRE,,NULL,3840
13520,55872,1318.01,1318.01,USD,ACH122122,2022-12-21 00:00:00,2022-12-21 00:00:00,0,NULL,CRE,,NULL,3840
13521,55907,2080,2080,USD,ACH122022,2022-12-20 00:00:00,2022-12-20 00:00:00,0,NULL,CRE,,NULL,3841
13522,55910,2336,2336,USD,ACH122022,2022-12-20 00:00:00,2022-12-20 00:00:00,0,NULL,CRE,,NULL,3841
13523,55938,3395.6,3395.6,USD,ACH122022,2022-12-20 00:00:00,2022-12-20 00:00:00,0,NULL,CRE,,NULL,3842
13524,55924,3352,3352,USD,ACH122322,2022-12-23 00:00:00,2022-12-23 00:00:00,0,NULL,CRE,,NULL,3843
13525,55911,2404,2404,USD,ACH122322,2022-12-23 00:00:00,2022-12-23 00:00:00,0,NULL,CRE,,NULL,3843
13526,55928,6880,6880,USD,ACH122322,2022-12-23 00:00:00,2022-12-23 00:00:00,0,NULL,CRE,,NULL,3844
13527,56056INV,2200,2200,USD,ACH122922,2022-12-29 00:00:00,2022-12-29 00:00:00,0,NULL,CRE,,NULL,3845
13528,55950,1917.6,1917.6,USD,WIR122922,2022-12-29 00:00:00,2022-12-29 00:00:00,0,NULL,CRE,,NULL,3846
13529,55949,2560,2560,USD,WIR122922,2022-12-29 00:00:00,2022-12-29 00:00:00,0,NULL,CRE,,NULL,3846
13530,55930,1411.2,1411.2,USD,ACH122822,2022-12-28 00:00:00,2022-12-28 00:00:00,0,NULL,CRE,,NULL,3847
13531,55877,1425.6,1425.6,USD,ACH122822,2022-12-28 00:00:00,2022-12-28 00:00:00,0,NULL,CRE,,NULL,3847
13532,55968,1828.8,1828.8,USD,ACH123022,2022-12-30 00:00:00,2022-12-30 00:00:00,0,NULL,CRE,,NULL,3848
13533,56017,1532.69,1532.69,USD,ACH123022,2022-12-30 00:00:00,2022-12-30 00:00:00,0,NULL,CRE,,NULL,3848
13534,55967,2232,2232,USD,ACH123022,2022-12-30 00:00:00,2022-12-30 00:00:00,0,NULL,CRE,,NULL,3848
13535,55922,7088.08,7088.08,USD,ACH123022,2022-12-30 00:00:00,2022-12-30 00:00:00,0,NULL,CRE,,NULL,3849
13536,55927,2025,2025,USD,ACH123022,2022-12-30 00:00:00,2022-12-30 00:00:00,0,NULL,CRE,,NULL,3850
13537,55963,5920,5920,USD,ACH123022,2022-12-30 00:00:00,2022-12-30 00:00:00,0,NULL,CRE,,NULL,3851
13538,55909,7168,7168,USD,ACH123022,2022-12-30 00:00:00,2022-12-30 00:00:00,0,NULL,CRE,,NULL,3852
13539,55994,6826,6826,USD,ACH22922,2022-12-29 00:00:00,2022-12-29 00:00:00,0,NULL,CRE,,NULL,3853
13540,55795,7622.19,7622.19,USD,CK 14424,2023-01-03 00:00:00,2023-01-03 00:00:00,0,NULL,CRE,,NULL,3854
13541,55934,24786,24786,USD,CK 7591,2023-01-03 00:00:00,2023-01-03 00:00:00,0,NULL,CRE,,NULL,3855
13542,55970,4216.8,4216.8,USD,CK 115942,2023-01-03 00:00:00,2023-01-03 00:00:00,0,NULL,CRE,,NULL,3856
13543,55985,2045,2045,USD,CK 115942,2023-01-03 00:00:00,2023-01-03 00:00:00,0,NULL,CRE,,NULL,3856
13544,55867,8191.8,8191.8,USD,CK 81067,2023-01-03 00:00:00,2023-01-03 00:00:00,0,NULL,CRE,,NULL,3857
13545,55953,13865.94,13865.94,USD,CK 9227,2023-01-03 00:00:00,2023-01-03 00:00:00,0,NULL,CRE,,NULL,3858
13546,55919,5100,5100,USD,CK 386138,2023-01-03 00:00:00,2023-01-03 00:00:00,0,NULL,CRE,,NULL,3859
13547,55882,2602,2602,USD,CK 10005,2023-01-03 00:00:00,2023-01-03 00:00:00,0,NULL,CRE,,NULL,3860
13548,55923,5889,5889,USD,CK 115627,2023-01-03 00:00:00,2023-01-03 00:00:00,0,NULL,CRE,,NULL,3861
13549,55906,4586.69,4586.69,USD,CK 115627,2023-01-03 00:00:00,2023-01-03 00:00:00,0,NULL,CRE,,NULL,3861
13550,55748,6191.4,6191.4,USD,CK 00009427,2023-01-03 00:00:00,2023-01-03 00:00:00,0,NULL,CRE,,NULL,3862
13551,55687,4957.2,4957.2,USD,CK 078194,2023-01-03 00:00:00,2023-01-03 00:00:00,0,NULL,CRE,,NULL,3863
13552,55749,6711.6,6711.6,USD,CK 00010051,2023-01-03 00:00:00,2023-01-03 00:00:00,0,NULL,CRE,,NULL,3864
13553,55602,1236,1236,USD,CK 4366,2023-01-03 00:00:00,2023-01-03 00:00:00,0,NULL,CRE,,NULL,3865
13554,55604,2260,2260,USD,CK 4366,2023-01-03 00:00:00,2023-01-03 00:00:00,0,NULL,CRE,,NULL,3865
13555,55951,5403.15,5403.15,USD,CK 6169,2023-01-03 00:00:00,2023-01-03 00:00:00,0,NULL,CRE,,NULL,3866
13556,55425,11138.4,11138.4,USD,CK 50208,2023-01-03 00:00:00,2023-01-03 00:00:00,0,NULL,CRE,,NULL,3867
13557,55201,10774.4,10774.4,USD,CK 50208,2023-01-03 00:00:00,2023-01-03 00:00:00,0,NULL,CRE,,NULL,3867
13558,55564,9315,9315,USD,CK 50208,2023-01-03 00:00:00,2023-01-03 00:00:00,0,NULL,CRE,,NULL,3867
13559,55704INV,3875,3875,USD,27820,2023-01-03 00:00:00,2023-01-03 00:00:00,0,NULL,CRE,,NULL,3868
13560,55994,341.3,341.3,USD,ACH010523,2023-01-05 00:00:00,2023-01-05 00:00:00,0,NULL,CRE,,NULL,3869
13561,55772,14899.23,14899.23,USD,ACH123022,2022-12-30 00:00:00,2022-12-30 00:00:00,0,NULL,CRE,,NULL,3870
13562,55681,1227.44,1227.44,USD,ACH123022,2022-12-30 00:00:00,2022-12-30 00:00:00,0,NULL,CRE,,NULL,3870
13563,56013,2819,2819,USD,ACH01062023,2023-01-06 00:00:00,2023-01-06 00:00:00,0,NULL,CRE,,NULL,3871
13564,55966,8588.07,8588.07,USD,ACJ010923,2023-01-09 00:00:00,2023-01-09 00:00:00,0,NULL,CRE,,NULL,3872
13565,55974,8737.72,8737.72,USD,ACJ010923,2023-01-09 00:00:00,2023-01-09 00:00:00,0,NULL,CRE,,NULL,3872
13566,56001,8012.22,8012.22,USD,ACJ010923,2023-01-09 00:00:00,2023-01-09 00:00:00,0,NULL,CRE,,NULL,3872
13567,55955,6885.13,6885.13,USD,ACJ010923,2023-01-09 00:00:00,2023-01-09 00:00:00,0,NULL,CRE,,NULL,3872
13568,55942,8057.8,8057.8,USD,CK 14455,2023-01-12 00:00:00,2023-01-12 00:00:00,0,NULL,CRE,,NULL,3874
13569,55445,4880.64,4880.64,USD,CK 078277,2023-01-12 00:00:00,2023-01-12 00:00:00,0,NULL,CRE,,NULL,3875
13570,55988,1456.1,1456.1,USD,CK 16845,2023-01-13 00:00:00,2023-01-13 00:00:00,0,1161,UAC,,NULL,3877
13571,55986,1576,1576,USD,CK 16845,2023-01-13 00:00:00,2023-01-13 00:00:00,0,1161,UAC,,NULL,3877
13572,55987,1578.6,1578.6,USD,CK 16845,2023-01-13 00:00:00,2023-01-13 00:00:00,0,1161,UAC,,NULL,3877
13573,55986,-1576,-1576,USD,CK 16845,2023-01-16 00:00:00,2023-01-16 15:44:37,0,1161,UAC,UNDO 13571,NULL,3878
13574,55986,1381,1381,USD,CK 16845,2023-01-16 00:00:00,2023-01-16 00:00:00,0,1161,UAC,,NULL,3879
13575,55896,1500,1500,USD,ACH011323,2023-01-13 00:00:00,2023-01-13 00:00:00,0,NULL,CRE,,NULL,3880
13576,55931,1800,1800,USD,ACH011323,2023-01-13 00:00:00,2023-01-13 00:00:00,0,NULL,CRE,,NULL,3881
13577,56013,112.5,112.5,USD,ACH0113223,2023-01-13 00:00:00,2023-01-13 00:00:00,0,NULL,CRE,,NULL,3882
13578,55993,258.68,258.68,USD,OFFSET,2023-01-17 00:00:00,2023-01-17 10:50:34,0,0,OFF,,NULL,O108951
13579,56032,258.53,258.53,USD,OFFSET,2023-01-17 00:00:00,2023-01-17 10:50:47,0,0,OFF,,NULL,O108952
13580,56040,258.53,258.53,USD,OFFSET,2023-01-17 00:00:00,2023-01-17 10:50:57,0,0,OFF,,NULL,O108953
13581,56041,258.53,258.53,USD,OFFSET,2023-01-17 00:00:00,2023-01-17 10:51:06,0,0,OFF,,NULL,O108954
13582,56058,99,99,USD,OFFSET,2023-01-17 00:00:00,2023-01-17 10:51:15,0,0,OFF,,NULL,O108955
13583,56062,102,102,USD,OFFSET,2023-01-17 00:00:00,2023-01-17 10:51:25,0,0,OFF,,NULL,O108956
13584,56065,146,146,USD,OFFSET,2023-01-17 00:00:00,2023-01-17 10:51:34,0,0,OFF,,NULL,O108957
13585,55747,6259.4,6259.4,USD,CK 00011153,2023-01-19 00:00:00,2023-01-19 00:00:00,0,NULL,CRE,,NULL,3883
13586,PO8142FRT,13850,13850,USD, CK 2982,2023-01-19 00:00:00,2023-01-19 00:00:00,0,NULL,CRE,,NULL,3884
13587,55932,8182.09,8182.09,USD,CK 2981,2023-01-19 00:00:00,2023-01-19 00:00:00,0,NULL,CRE,,NULL,3885
13588,55936,8263.67,8263.67,USD,CK 2981,2023-01-19 00:00:00,2023-01-19 00:00:00,0,NULL,CRE,,NULL,3885
13589,55937,5563.08,5563.08,USD,CK 2981,2023-01-19 00:00:00,2023-01-19 00:00:00,0,NULL,CRE,,NULL,3885
13590,56016,4370.1,4370.1,USD,CK 116208,2023-01-19 00:00:00,2023-01-19 00:00:00,0,NULL,CRE,,NULL,3886
13591,55912,1652.32,1652.32,USD,CK 2056,2023-01-19 00:00:00,2023-01-19 00:00:00,0,NULL,CRE,,NULL,3887
13592,55939,5400,5400,USD,CK 126757,2023-01-19 00:00:00,2023-01-19 00:00:00,0,NULL,CRE,,NULL,3888
13593,55940,5196,5196,USD,CK 126757,2023-01-19 00:00:00,2023-01-19 00:00:00,0,NULL,CRE,,NULL,3888
13594,55871,1364.77,1364.77,USD,CK 0700,2023-01-19 00:00:00,2023-01-19 00:00:00,0,NULL,CRE,,NULL,3889
13595,55947,865.1,865.1,USD,CK 0700,2023-01-19 00:00:00,2023-01-19 00:00:00,0,NULL,CRE,,NULL,3889
13596,55948,1138.41,1138.41,USD,CK 0700,2023-01-19 00:00:00,2023-01-19 00:00:00,0,NULL,CRE,,NULL,3889
13597,56010,429.14,429.14,USD,CK 0700,2023-01-19 00:00:00,2023-01-19 00:00:00,0,NULL,CRE,,NULL,3889
13598,56011,589.21,589.21,USD,CK 0700,2023-01-19 00:00:00,2023-01-19 00:00:00,0,NULL,CRE,,NULL,3889
13599,56020,1281.6,1281.6,USD,ACH012323,2023-01-23 00:00:00,2023-01-23 00:00:00,0,NULL,CRE,,NULL,3890
13600,55989,862.23,862.23,USD,CK 16881,2023-01-24 00:00:00,2023-01-24 00:00:00,0,1170,UAC,,NULL,3893
13601,55990,538.8,538.8,USD,CK 16881,2023-01-24 00:00:00,2023-01-24 00:00:00,0,1170,UAC,,NULL,3893
13602,56002,823.89,823.89,USD,CK 16881,2023-01-24 00:00:00,2023-01-24 00:00:00,0,1170,UAC,,NULL,3893
13603,56003,812.94,812.94,USD,CK 16881,2023-01-24 00:00:00,2023-01-24 00:00:00,0,1170,UAC,,NULL,3893
13604,55984,506.77,506.77,USD,CK 53924,2023-01-23 00:00:00,2023-01-23 00:00:00,0,NULL,CRE,,NULL,3894
13605,55983,857.25,857.25,USD,CK 53924,2023-01-23 00:00:00,2023-01-23 00:00:00,0,NULL,CRE,,NULL,3894
13606,56022,4382.4,4382.4,USD,CK 1666,2023-01-23 00:00:00,2023-01-23 00:00:00,0,NULL,CRE,,NULL,3895
13607,55755,5390.4,5390.4,USD,CK 11934,2022-10-31 00:00:00,2022-10-31 00:00:00,0,NULL,CRE,,NULL,3896
13608,55710,2.1,2.1,USD,55805,2023-01-25 00:00:00,2023-01-25 00:00:00,0,NULL,CRE,,NULL,3897
13609,55805,-2.1,-2.1,USD,55805,2023-01-25 00:00:00,2023-01-25 00:00:00,0,NULL,CRE,,NULL,3897
13610,55710,63,63,USD,55804,2023-01-25 00:00:00,2023-01-25 00:00:00,0,NULL,CRE,,NULL,3898
13611,55804,-63,-63,USD,55804,2023-01-25 00:00:00,2023-01-25 00:00:00,0,NULL,CRE,,NULL,3898
13612,55807,-377.4,-377.4,USD,55807,2023-01-25 00:00:00,2023-01-25 00:00:00,0,NULL,CRE,,NULL,3899
13613,55816,377.4,377.4,USD,55807,2023-01-25 00:00:00,2023-01-25 00:00:00,0,NULL,CRE,,NULL,3899
13614,55969,1061.6,1061.6,USD,ACH012523,2023-01-25 00:00:00,2023-01-25 00:00:00,0,NULL,CRE,,NULL,3900
13615,56012,2086.24,2086.24,USD,ACH012423,2023-01-24 00:00:00,2023-01-24 00:00:00,0,NULL,CRE,,NULL,3901
13616,56000,4655.88,4655.88,USD,ACH012423,2023-01-24 00:00:00,2023-01-24 00:00:00,0,NULL,CRE,,NULL,3902
13617,56013,2524,2524,USD,56039,2023-01-26 00:00:00,2023-01-26 00:00:00,0,NULL,CRE,,NULL,3903
13618,56039,-2524,-2524,USD,56039,2023-01-26 00:00:00,2023-01-26 00:00:00,0,NULL,CRE,,NULL,3903
13619,55706,4475.04,4475.04,USD,CK 078334,2023-01-27 00:00:00,2023-01-27 00:00:00,0,NULL,CRE,,NULL,3906
13620,55738,6098.4,6098.4,USD,CK 078334,2023-01-27 00:00:00,2023-01-27 00:00:00,0,NULL,CRE,,NULL,3906
13621,56021,7975,7975,USD,ACH012723,2023-01-27 00:00:00,2023-01-27 00:00:00,0,NULL,CRE,,NULL,3907
13622,55761,307.2,307.2,USD,ACH012723,2023-01-27 00:00:00,2023-01-27 00:00:00,0,NULL,CRE,,NULL,3908
13623,55876,1166.4,1166.4,USD,ACH013023,2023-01-30 00:00:00,2023-01-30 00:00:00,0,NULL,CRE,,NULL,3909
13624,56052,2136,2136,USD,ACH013023,2023-01-30 00:00:00,2023-01-30 00:00:00,0,NULL,CRE,,NULL,3909
13625,56076,1440,1440,USD,ACH013023,2023-01-30 00:00:00,2023-01-30 00:00:00,0,NULL,CRE,,NULL,3909
13626,55991,7856.42,7856.42,USD,ACH013023,2023-01-30 00:00:00,2023-01-30 00:00:00,0,NULL,CRE,,NULL,3910
13627,56004,1331,1331,USD,CK 16845,2023-01-31 00:00:00,2023-01-31 00:00:00,0,1161,UAC,,NULL,3911
13628,56005,864.39,864.39,USD,CK 16881,2023-01-31 00:00:00,2023-01-31 00:00:00,0,1170,UAC,,NULL,3912
13629,55971,4615,4615,USD,CK 00011524,2023-02-01 00:00:00,2023-02-01 00:00:00,0,NULL,CRE,,NULL,3913
13630,56102INV,250,250,USD,3501,2023-02-02 00:00:00,2023-02-02 00:00:00,0,NULL,CRE,,NULL,3914
13631,56045,651.44,651.44,USD,ACH020323,2023-02-03 00:00:00,2023-02-03 00:00:00,0,NULL,CRE,,NULL,3915
13632,56064,4682.4,4682.4,USD,ACH020323,2023-02-03 00:00:00,2023-02-03 00:00:00,0,NULL,CRE,,NULL,3915
13633,56081,1384.8,1384.8,USD,ACH020323,2023-02-03 00:00:00,2023-02-03 00:00:00,0,NULL,CRE,,NULL,3915
13634,56070,879.84,879.84,USD,ACH020323,2023-02-03 00:00:00,2023-02-03 00:00:00,0,NULL,CRE,,NULL,3915
13635,56066,1401.09,1401.09,USD,ACH020323,2023-02-03 00:00:00,2023-02-03 00:00:00,0,NULL,CRE,,NULL,3915
13636,56053,6989.76,6989.76,USD,CK 81529,2023-02-06 00:00:00,2023-02-06 00:00:00,0,NULL,CRE,,NULL,3916
13637,55972,5155.8,5155.8,USD,CK 00012095,2023-02-07 00:00:00,2023-02-07 00:00:00,0,NULL,CRE,,NULL,3917
13638,55973,4759.56,4759.56,USD,CK 00012095,2023-02-07 00:00:00,2023-02-07 00:00:00,0,NULL,CRE,,NULL,3917
13639,55992,1348.97,1348.97,USD,ACH011323,2023-01-13 00:00:00,2023-01-13 00:00:00,0,NULL,CRE,,NULL,3918
13640,55992,288.6,288.6,USD,ACH020623,2023-02-06 00:00:00,2023-02-06 00:00:00,0,NULL,CRE,,NULL,3919
13641,56069,-158.8,-158.8,USD,CM 56069,2023-02-08 00:00:00,2023-02-08 00:00:00,0,NULL,CRE,,NULL,3920
13642,56074,158.8,158.8,USD,CM 56069,2023-02-08 00:00:00,2023-02-08 00:00:00,0,NULL,CRE,,NULL,3920
13643,56048,739.57,739.57,USD,ACH020723,2023-02-07 00:00:00,2023-02-07 00:00:00,0,NULL,CRE,,NULL,3921
13644,56109,70,70,USD,CK 16959,2023-02-08 00:00:00,2023-02-08 00:00:00,0,NULL,CRE,,NULL,3922
13645,55976,3597.5,3597.5,USD,CK 10151,2023-02-08 00:00:00,2023-02-08 00:00:00,0,NULL,CRE,,NULL,3923
13646,55651,1092.5,1092.5,USD,CK 4484,2023-02-08 00:00:00,2023-02-08 00:00:00,0,NULL,CRE,,NULL,3924
13647,56028,8524.31,8524.31,USD,ACH021023,2023-02-10 00:00:00,2023-02-10 00:00:00,0,NULL,CRE,,NULL,3925
13648,55784,11669.61,11669.61,USD,ACH021023,2023-02-10 00:00:00,2023-02-10 00:00:00,0,NULL,CRE,,NULL,3926
13649,56051,931.68,931.68,USD,ACH021023,2023-02-10 00:00:00,2023-02-10 00:00:00,0,NULL,CRE,,NULL,3927
13650,56102,1735.2,1735.2,USD,ACH021023,2023-02-10 00:00:00,2023-02-10 00:00:00,0,NULL,CRE,,NULL,3927
13651,56122,1316.16,1316.16,USD,ACH021023,2023-02-10 00:00:00,2023-02-10 00:00:00,0,NULL,CRE,,NULL,3927
13652,56075,1891.2,1891.2,USD,ACH021023,2023-02-10 00:00:00,2023-02-10 00:00:00,0,NULL,CRE,,NULL,3927
13653,56135INV,2200,2200,USD,ACH012523,2023-02-10 00:00:00,2023-02-10 00:00:00,0,1171,UAC,,NULL,3928
13654,56126INV,2000,2000,USD,ach012523,2023-02-10 00:00:00,2023-02-10 00:00:00,0,1172,UAC,,NULL,3929
13655,55765,2369.06,2369.06,USD,WIR021323,2023-02-13 00:00:00,2023-02-13 00:00:00,0,NULL,CRE,,NULL,3930
13656,55766,2390.98,2390.98,USD,WIR021323,2023-02-13 00:00:00,2023-02-13 00:00:00,0,NULL,CRE,,NULL,3930
13657,55767,2373.86,2373.86,USD,WIR021323,2023-02-13 00:00:00,2023-02-13 00:00:00,0,NULL,CRE,,NULL,3930
13658,55768,1656.1,1656.1,USD,WIR021323,2023-02-13 00:00:00,2023-02-13 00:00:00,0,NULL,CRE,,NULL,3930
13659,55763,2003.1,2003.1,USD,WIR021323,2023-02-13 00:00:00,2023-02-13 00:00:00,0,NULL,CRE,,NULL,3930
13660,55764,2035.35,2035.35,USD,WIR021323,2023-02-13 00:00:00,2023-02-13 00:00:00,0,NULL,CRE,,NULL,3930
13661,55921,8296.59,8296.59,USD,WIR021323,2023-02-13 00:00:00,2023-02-13 00:00:00,0,NULL,CRE,,NULL,3930
13662,55791,7003.8,7003.8,USD,CK 078351,2023-02-15 00:00:00,2023-02-15 00:00:00,0,NULL,CRE,,NULL,3931
13663,55794,3490.56,3490.56,USD,CK 078351,2023-02-15 00:00:00,2023-02-15 00:00:00,0,NULL,CRE,,NULL,3931
13664,55683,5388.8,5388.8,USD,CK 7811,2023-02-15 00:00:00,2023-02-15 00:00:00,0,NULL,CRE,,NULL,3932
13665,56148,7189.6,7189.6,USD,ACH021623,2023-02-16 00:00:00,2023-02-16 00:00:00,0,NULL,CRE,,NULL,3933
13666,55865,5961.54,5961.54,USD,ACH021623,2023-02-16 00:00:00,2023-02-16 00:00:00,0,NULL,CRE,,NULL,3934
13667,56079,1155.6,1155.6,USD,ACH021723,2023-02-17 00:00:00,2023-02-17 00:00:00,0,NULL,CRE,,NULL,3935
13668,56119,1203.12,1203.12,USD,ACH021723,2023-02-17 00:00:00,2023-02-17 00:00:00,0,NULL,CRE,,NULL,3935
13669,56120,1343.52,1343.52,USD,ACH021723,2023-02-17 00:00:00,2023-02-17 00:00:00,0,NULL,CRE,,NULL,3935
13670,56071,5190,5190,USD,CK #387552,2023-02-20 00:00:00,2023-02-20 00:00:00,0,NULL,CRE,,NULL,3936
13671,55456,11270,11270,USD,CK #50247,2023-02-20 00:00:00,2023-02-20 00:00:00,0,NULL,CRE,,NULL,3937
13672,56055,20224.32,20224.32,USD,ACH02123,2023-02-21 00:00:00,2023-02-21 00:00:00,0,NULL,CRE,,NULL,3938
13673,56112,7945.2,7945.2,USD,ACH022123,2023-02-21 00:00:00,2023-02-21 00:00:00,0,NULL,CRE,,NULL,3939
13674,56068,1819.2,1819.2,USD,ACH021723,2023-02-17 00:00:00,2023-02-17 00:00:00,0,NULL,CRE,,NULL,3940
13675,56077,5030.4,5030.4,USD,ACH022323,2023-02-23 00:00:00,2023-02-23 00:00:00,0,NULL,CRE,,NULL,3941
13676,56123,366,366,USD,CK 17014,2023-02-23 00:00:00,2023-02-23 00:00:00,0,NULL,CRE,,NULL,3942
13677,56038,4911.4,4911.4,USD,CK 00013859,2023-02-23 00:00:00,2023-02-23 00:00:00,0,NULL,CRE,,NULL,3943
13678,56042,4903.6,4903.6,USD,CK 00013859,2023-02-23 00:00:00,2023-02-23 00:00:00,0,NULL,CRE,,NULL,3943
13679,56082INV,200,200,USD,ACH021423,2023-02-14 00:00:00,2023-02-14 00:00:00,0,NULL,CRE,,NULL,3944
13680,56103INV,250,250,USD,CK 4865,2023-02-15 00:00:00,2023-02-15 00:00:00,0,NULL,CRE,,NULL,3945
13681,56113,7470,7470,USD,ACH022723,2023-02-27 00:00:00,2023-02-27 00:00:00,0,NULL,CRE,,NULL,3946
13682,56059,391,391,USD,ACH022723,2023-02-27 00:00:00,2023-02-27 00:00:00,0,NULL,CRE,,NULL,3947
13683,56103,1547.52,1547.52,USD,ACH022423,2023-02-24 00:00:00,2023-02-24 00:00:00,0,NULL,CRE,,NULL,3948
13684,56086,3317.04,3317.04,USD,ACH030223,2023-03-02 00:00:00,2023-03-02 00:00:00,0,NULL,CRE,,NULL,3949
13685,56087,3346.16,3346.16,USD,ACH030223,2023-03-02 00:00:00,2023-03-02 00:00:00,0,NULL,CRE,,NULL,3949
13686,56110,1351.2,1351.2,USD,CK 2745,2023-03-01 00:00:00,2023-03-01 00:00:00,0,NULL,CRE,,NULL,3950
13687,56104,2131.2,2131.2,USD,CK 13516357,2023-03-01 00:00:00,2023-03-01 00:00:00,0,NULL,CRE,,NULL,3951
13688,56106,6339,6339,USD,CK 116764,2023-03-01 00:00:00,2023-03-01 00:00:00,0,NULL,CRE,,NULL,3952
13689,56107,1920,1920,USD,CK 116764,2023-03-01 00:00:00,2023-03-01 00:00:00,0,NULL,CRE,,NULL,3952
13690,56111,2210,2210,USD,CK 116764,2023-03-01 00:00:00,2023-03-01 00:00:00,0,NULL,CRE,,NULL,3952
13691,56134,13926.9,13926.9,USD,CK 116764,2023-03-01 00:00:00,2023-03-01 00:00:00,0,NULL,CRE,,NULL,3952
13692,56078,5868,5868,USD,CK 116764,2023-03-01 00:00:00,2023-03-01 00:00:00,0,NULL,CRE,,NULL,3952
13693,55945,3620,3620,USD,CK 10308,2023-03-01 00:00:00,2023-03-01 00:00:00,0,NULL,CRE,,NULL,3953
13694,56163INV,250,250,USD,995572,2023-03-01 00:00:00,2023-03-01 00:00:00,0,NULL,CRE,,NULL,3954
13695,56094,3200,3200,USD,ACH011023,2023-03-02 00:00:00,2023-03-02 00:00:00,0,1160,UAC,,NULL,3956
13696,56099,3529.8,3529.8,USD,ACH011023,2023-03-02 00:00:00,2023-03-02 00:00:00,0,1160,UAC,,NULL,3957
13697,56100,3040,3040,USD,ACH012023,2023-03-02 00:00:00,2023-03-02 00:00:00,0,1169,UAC,,NULL,3958
13698,56101,3337.6,3337.6,USD,ACH012023,2023-03-02 00:00:00,2023-03-02 00:00:00,0,1169,UAC,,NULL,3959
13699,56163,1819.68,1819.68,USD,ACH030323,2023-03-03 00:00:00,2023-03-03 00:00:00,0,NULL,CRE,,NULL,3961
13700,56114,8273.8,8273.8,USD,ACH030323,2023-03-03 00:00:00,2023-03-03 00:00:00,0,NULL,CRE,,NULL,3962
13701,56123,-366,-366,USD,CK 17014,2023-03-07 00:00:00,2023-03-07 16:06:59,0,NULL,CRE,UNDO 13676,NULL,3964
13702,56123,66,66,USD,CK 17014,2023-03-07 00:00:00,2023-03-07 00:00:00,0,1175,UAC,,NULL,3965
13703,56152,2622.2,2622.2,USD,ACH030823,2023-03-08 00:00:00,2023-03-08 00:00:00,0,NULL,CRE,,NULL,3966
13704,56164,7066.4,7066.4,USD,WIR030723,2023-03-08 00:00:00,2023-03-08 00:00:00,0,NULL,CRE,,NULL,3967
13705,56172INV,3275,3275,USD,WIR030723,2023-03-08 00:00:00,2023-03-08 00:00:00,0,NULL,CRE,,NULL,3967
13706,56132INV,-1034.6,-1034.6,USD,WIR030723,2023-03-08 00:00:00,2023-03-08 00:00:00,0,NULL,CRE,,NULL,3967
13707,56185,300,300,USD,CK 17014,2023-03-08 00:00:00,2023-03-08 00:00:00,0,1175,UAC,,NULL,3968
13708,56185,52.8,52.8,USD,CK 17050,2023-03-07 00:00:00,2023-03-07 00:00:00,0,NULL,CRE,,NULL,3969
13709,56108,4822.08,4822.08,USD,CK 13516391,2023-03-07 00:00:00,2023-03-07 00:00:00,0,NULL,CRE,,NULL,3970
13710,56043,5036.2,5036.2,USD,CK 00014770,2023-03-07 00:00:00,2023-03-07 00:00:00,0,NULL,CRE,,NULL,3971
13711,56044,5441.8,5441.8,USD,CK 00014770,2023-03-07 00:00:00,2023-03-07 00:00:00,0,NULL,CRE,,NULL,3971
13712,56129,3482,3482,USD,CK 1944,2023-03-07 00:00:00,2023-03-07 00:00:00,0,NULL,CRE,,NULL,3972
13713,56149,11618.64,11618.64,USD,ACH030123,2023-03-01 00:00:00,2023-03-01 00:00:00,0,NULL,CRE,,NULL,3973
13714,55584,697.5,697.5,USD,ACH031023,2023-03-10 00:00:00,2023-03-10 00:00:00,0,NULL,CRE,,NULL,3974
13715,55569,-129.1,-129.1,USD,ACH031023,2023-03-10 00:00:00,2023-03-10 00:00:00,0,NULL,CRE,,NULL,3974
13716,55831,9,9,USD,ACH031023,2023-03-10 00:00:00,2023-03-10 00:00:00,0,NULL,CRE,,NULL,3974
13717,55954,6233.24,6233.24,USD,ACH030823,2023-03-08 00:00:00,2023-03-08 00:00:00,0,NULL,CRE,,NULL,3975
13718,55981,10536.5,10536.5,USD,ACH031023,2023-03-10 00:00:00,2023-03-10 00:00:00,0,NULL,CRE,,NULL,3976
13719,55982,10488.4,10488.4,USD,ACH031023,2023-03-10 00:00:00,2023-03-10 00:00:00,0,NULL,CRE,,NULL,3976
13720,56184,2651.16,2651.16,USD,ACH031023,2023-03-10 00:00:00,2023-03-10 00:00:00,0,NULL,CRE,,NULL,3976
13721,56153,491,491,USD,CK 75259,2023-03-09 00:00:00,2023-03-09 00:00:00,0,NULL,CRE,,NULL,3977
13722,56154,690,690,USD,CK 75259,2023-03-09 00:00:00,2023-03-09 00:00:00,0,NULL,CRE,,NULL,3977
13723,56156,400,400,USD,CK 75259,2023-03-09 00:00:00,2023-03-09 00:00:00,0,NULL,CRE,,NULL,3977
13724,56119INV,250,250,USD,CK 6711,2023-03-10 00:00:00,2023-03-10 00:00:00,0,NULL,CRE,,NULL,3978
13725,56120INV,250,250,USD,CK 6711,2023-03-10 00:00:00,2023-03-10 00:00:00,0,NULL,CRE,,NULL,3978
13726,56125,5396.4,5396.4,USD,ACH031323,2023-03-13 00:00:00,2023-03-13 00:00:00,0,NULL,CRE,,NULL,3979
13727,56124,7081.2,7081.2,USD,ACH031323,2023-03-13 00:00:00,2023-03-13 00:00:00,0,NULL,CRE,,NULL,3979
13728,56171,7915.09,7915.09,USD,ACH031323,2023-03-13 00:00:00,2023-03-13 00:00:00,0,NULL,CRE,,NULL,3980
13729,56209,98,98,USD,CK 17096,2023-03-15 00:00:00,2023-03-15 00:00:00,0,NULL,CRE,,NULL,3981
13730,56138,3295.08,3295.08,USD,CK 64599,2023-03-16 00:00:00,2023-03-16 00:00:00,0,1174,UAC,,NULL,3982
13731,56137,6196,6196,USD,CK 64599,2023-03-16 00:00:00,2023-03-16 00:00:00,0,1174,UAC,,NULL,3982
13732,56147,3153.6,3153.6,USD,ACH030123,2023-03-16 00:00:00,2023-03-16 00:00:00,0,1173,UAC,,NULL,3983
13733,56088,1169.6,1169.6,USD,ACH031423,2023-03-14 00:00:00,2023-03-14 00:00:00,0,NULL,CRE,,NULL,3984
13734,56116,1629.6,1629.6,USD,ACH031423,2023-03-14 00:00:00,2023-03-14 00:00:00,0,NULL,CRE,,NULL,3984
13735,56019,710.13,710.13,USD,ACH031623,2023-03-16 00:00:00,2023-03-16 00:00:00,0,NULL,CRE,,NULL,3985
13736,56030,1073.6,1073.6,USD,ACH031623,2023-03-16 00:00:00,2023-03-16 00:00:00,0,NULL,CRE,,NULL,3985
13737,56197,1532.52,1532.52,USD,ACH031723,2023-03-17 00:00:00,2023-03-17 00:00:00,0,NULL,CRE,,NULL,3986
13738,56114,275.52,275.52,USD,ACH031723,2023-03-17 00:00:00,2023-03-17 00:00:00,0,NULL,CRE,,NULL,3987
13739,56149,117.36,117.36,USD,ACH031723,2023-03-17 00:00:00,2023-03-17 00:00:00,0,NULL,CRE,,NULL,3988
13740,56191,6711.9,6711.9,USD,ACH031723,2023-03-17 00:00:00,2023-03-17 00:00:00,0,NULL,CRE,,NULL,3991
13741,56173,7241.87,7241.87,USD,ACH031723,2023-03-17 00:00:00,2023-03-17 00:00:00,0,NULL,CRE,,NULL,3991
13742,56133,8654.4,8654.4,USD,ACH031723,2023-03-17 00:00:00,2023-03-17 00:00:00,0,NULL,CRE,,NULL,3991
13743,56034,1027.7,1027.7,USD,ACH031723,2023-03-17 00:00:00,2023-03-17 00:00:00,0,NULL,CRE,,NULL,3992
13744,56072,972.57,972.57,USD,ACH031723,2023-03-17 00:00:00,2023-03-17 00:00:00,0,NULL,CRE,,NULL,3992
13745,56073,1150.28,1150.28,USD,ACH031723,2023-03-17 00:00:00,2023-03-17 00:00:00,0,NULL,CRE,,NULL,3992
13746,56143,5112,5112,USD,CK 388184,2023-03-21 00:00:00,2023-03-21 00:00:00,0,NULL,CRE,,NULL,3994
13747,56136,9726.5,9726.5,USD,CK 7625,2023-03-22 00:00:00,2023-03-22 00:00:00,0,NULL,CRE,,NULL,3995
13748,56210,48.8,48.8,USD,CK 17113,2023-03-22 00:00:00,2023-03-22 00:00:00,0,NULL,CRE,,NULL,3996
13749,56195,6444,6444,USD,ACH031723,2023-03-23 00:00:00,2023-03-23 00:00:00,0,1178,UAC,,NULL,3997
13750,56154INV,1200,1200,USD,ACH032323,2023-03-23 00:00:00,2023-03-23 00:00:00,0,NULL,CRE,,NULL,3998
13751,56156INV,2000,2000,USD,ACH032323,2023-03-23 00:00:00,2023-03-23 00:00:00,0,NULL,CRE,,NULL,3998
13752,56117,1367.91,1367.91,USD,ACH032223,2023-03-22 00:00:00,2023-03-22 00:00:00,0,NULL,CRE,,NULL,3999
13753,56158,2651.6,2651.6,USD,ACH032323,2023-03-23 00:00:00,2023-03-23 00:00:00,0,NULL,CRE,,NULL,4000
13754,56196,6144,6144,USD,ACH032423,2023-03-24 00:00:00,2023-03-24 00:00:00,0,NULL,CRE,,NULL,4001
13755,56166,2668.4,2668.4,USD,ACH032723,2023-03-27 00:00:00,2023-03-27 00:00:00,0,NULL,CRE,,NULL,4002
13756,56183,4080.51,4080.51,USD,ACH032723,2023-03-27 00:00:00,2023-03-27 00:00:00,0,NULL,CRE,,NULL,4003
13757,56217,1624.8,1624.8,USD,ACH032723,2023-03-27 00:00:00,2023-03-27 00:00:00,0,NULL,CRE,,NULL,4004
13758,56216,1315.2,1315.2,USD,ACH032723,2023-03-27 00:00:00,2023-03-27 00:00:00,0,NULL,CRE,,NULL,4004
13759,56199,1946.66,1946.66,USD,ACH032723,2023-03-27 00:00:00,2023-03-27 00:00:00,0,NULL,CRE,,NULL,4004
13760,56253,1323.3,1323.3,USD,ACH032723,2023-03-27 00:00:00,2023-03-27 00:00:00,0,NULL,CRE,,NULL,4004
13761,56202,1445.22,1445.22,USD,ACH032723,2023-03-27 00:00:00,2023-03-27 00:00:00,0,NULL,CRE,,NULL,4004
13762,56159,18456.68,18456.68,USD,ACH032723,2023-03-27 00:00:00,2023-03-27 00:00:00,0,NULL,CRE,,NULL,4005
13763,56085,2945.6,2945.6,USD,ACH033023,2023-03-30 00:00:00,2023-03-30 00:00:00,0,NULL,CRE,,NULL,4006
13764,56157,3168.99,3168.99,USD,ACH033023,2023-03-30 00:00:00,2023-03-30 00:00:00,0,NULL,CRE,,NULL,4006
13765,56296,3675.6,3675.6,USD,ACH033023,2023-03-30 00:00:00,2023-03-30 00:00:00,0,1179,UAC,,NULL,4008
13766,55657,11610,11610,USD,CK 00006467,2022-10-31 00:00:00,2022-10-31 00:00:00,0,NULL,CRE,,NULL,4009
13767,56139,5491.2,5491.2,USD,CK 00016146,2023-03-31 00:00:00,2023-03-31 00:00:00,0,NULL,CRE,,NULL,4010
13768,56168,6890.4,6890.4,USD,CK 7627,2023-03-31 00:00:00,2023-03-31 00:00:00,0,NULL,CRE,,NULL,4011
13769,55583,1384,1384,USD,CK 4523,2023-03-31 00:00:00,2023-03-31 00:00:00,0,NULL,CRE,,NULL,4012
13770,56142,182,182,USD,CK 4523,2023-03-31 00:00:00,2023-03-31 00:00:00,0,NULL,CRE,,NULL,4012
13771,56142INV,500,500,USD,ACH040423,2023-04-04 00:00:00,2023-04-04 00:00:00,0,NULL,CRE,,NULL,4013
13772,56165,3144.4,3144.4,USD,ACH040423,2023-04-04 00:00:00,2023-04-04 00:00:00,0,NULL,CRE,,NULL,4014
13773,56213,3081.9,3081.9,USD,ACH040323,2023-04-03 00:00:00,2023-04-03 00:00:00,0,NULL,CRE,,NULL,4015
13774,56207,792.8,792.8,USD,ACH040323,2023-04-03 00:00:00,2023-04-03 00:00:00,0,NULL,CRE,,NULL,4015
13775,56198,1708,1708,USD,ACH033123,2023-03-31 00:00:00,2023-03-31 00:00:00,0,NULL,CRE,,NULL,4016
13776,56067,1990.8,1990.8,USD,ACH033123,2023-03-31 00:00:00,2023-03-31 00:00:00,0,NULL,CRE,,NULL,4016
13777,56269,2209.2,2209.2,USD,ACH033123,2023-03-31 00:00:00,2023-03-31 00:00:00,0,NULL,CRE,,NULL,4016
13778,56248,1503.48,1503.48,USD,ACH033123,2023-03-31 00:00:00,2023-03-31 00:00:00,0,NULL,CRE,,NULL,4016
13779,56267,1368,1368,USD,ACH033123,2023-03-31 00:00:00,2023-03-31 00:00:00,0,NULL,CRE,,NULL,4016
13780,56200,1894.26,1894.26,USD,ACH033123,2023-03-31 00:00:00,2023-03-31 00:00:00,0,NULL,CRE,,NULL,4016
13781,56279,1430,1430,USD,ACH033123,2023-03-31 00:00:00,2023-03-31 00:00:00,0,NULL,CRE,,NULL,4016
13782,56162,7004,7004,USD,ACH033023,2023-04-04 00:00:00,2023-04-04 00:00:00,0,1179,UAC,,NULL,4017
13783,56249,4114.8,4114.8,USD,ACH041023,2023-04-10 00:00:00,2023-04-10 00:00:00,0,NULL,CRE,,NULL,4018
13784,56271,1660.4,1660.4,USD,ACH041023,2023-04-10 00:00:00,2023-04-10 00:00:00,0,NULL,CRE,,NULL,4019
13785,56245,1686.4,1686.4,USD,ACH041023,2023-04-10 00:00:00,2023-04-10 00:00:00,0,NULL,CRE,,NULL,4019
13786,56266,1664.4,1664.4,USD,ACH041023,2023-04-10 00:00:00,2023-04-10 00:00:00,0,NULL,CRE,,NULL,4019
13787,56280,1520,1520,USD,ACH041023,2023-04-10 00:00:00,2023-04-10 00:00:00,0,NULL,CRE,,NULL,4019
13788,56282,1808.76,1808.76,USD,ACH041023,2023-04-10 00:00:00,2023-04-10 00:00:00,0,NULL,CRE,,NULL,4019
13789,56244,1681.6,1681.6,USD,ACH041023,2023-04-10 00:00:00,2023-04-10 00:00:00,0,NULL,CRE,,NULL,4019
13790,56327,1855.56,1855.56,USD,ACH041023,2023-04-10 00:00:00,2023-04-10 00:00:00,0,NULL,CRE,,NULL,4019
13791,56083,1165.92,1165.92,USD,ACH040723,2023-04-07 00:00:00,2023-04-07 00:00:00,0,NULL,CRE,,NULL,4020
13792,56084,1224.91,1224.91,USD,ACH040723,2023-04-07 00:00:00,2023-04-07 00:00:00,0,NULL,CRE,,NULL,4020
13793,55876INV,302.77,302.77,USD,CK 26986,2023-04-07 00:00:00,2023-04-07 00:00:00,0,NULL,CRE,,NULL,4021
13794,56194,1684.8,1684.8,USD,CK 12142,2023-04-07 00:00:00,2023-04-07 00:00:00,0,NULL,CRE,,NULL,4022
13795,56140,5207.8,5207.8,USD,CK 00016573,2023-04-07 00:00:00,2023-04-07 00:00:00,0,NULL,CRE,,NULL,4023
13796,56153INV,250,250,USD,ACH041123,2023-04-11 00:00:00,2023-04-11 00:00:00,0,NULL,CRE,,NULL,4024
13797,56127,1125.85,1125.85,USD,ACH041323,2023-04-13 00:00:00,2023-04-13 00:00:00,0,NULL,CRE,,NULL,4025
13798,55259INV,826.5,826.5,USD,ACH041423,2023-04-14 00:00:00,2023-04-14 00:00:00,0,NULL,CRE,,NULL,4026
13799,56324,7740,7740,USD,ACH041723,2023-04-17 00:00:00,2023-04-17 00:00:00,0,NULL,CRE,,NULL,4027
13800,56243,4993.62,4993.62,USD,ACH041723,2023-04-17 00:00:00,2023-04-17 00:00:00,0,NULL,CRE,,NULL,4028
13801,56265,8500.64,8500.64,USD,ACH041723,2023-04-17 00:00:00,2023-04-17 00:00:00,0,NULL,CRE,,NULL,4028
13802,56201,1775.2,1775.2,USD,ACH041723,2023-04-17 00:00:00,2023-04-17 00:00:00,0,NULL,CRE,,NULL,4029
13803,56275,1892.8,1892.8,USD,ACH041723,2023-04-17 00:00:00,2023-04-17 00:00:00,0,NULL,CRE,,NULL,4029
13804,56302,1622.4,1622.4,USD,ACH041723,2023-04-17 00:00:00,2023-04-17 00:00:00,0,NULL,CRE,,NULL,4029
13805,56298,1654.8,1654.8,USD,ACH041723,2023-04-17 00:00:00,2023-04-17 00:00:00,0,NULL,CRE,,NULL,4029
13806,56299,1892.8,1892.8,USD,ACH041723,2023-04-17 00:00:00,2023-04-17 00:00:00,0,NULL,CRE,,NULL,4029
13807,56356,2645.3,2645.3,USD,ACH041723,2023-04-17 00:00:00,2023-04-17 00:00:00,0,NULL,CRE,,NULL,4029
13808,56306,1974,1974,USD,ACH041723,2023-04-17 00:00:00,2023-04-17 00:00:00,0,NULL,CRE,,NULL,4029
13809,56301,1402.8,1402.8,USD,ACH041723,2023-04-17 00:00:00,2023-04-17 00:00:00,0,NULL,CRE,,NULL,4029
13810,56141,5532.8,5532.8,USD,CK 00017131,2023-04-17 00:00:00,2023-04-17 00:00:00,0,NULL,CRE,,NULL,4030
13811,56174,5258.4,5258.4,USD,CK 113045,2023-04-17 00:00:00,2023-04-17 00:00:00,0,NULL,CRE,,NULL,4031
13812,56270,238,238,USD,CK 75400,2023-04-17 00:00:00,2023-04-17 00:00:00,0,NULL,CRE,,NULL,4032
13813,56268INV,27.45,27.45,USD,14982,2023-04-17 00:00:00,2023-04-17 00:00:00,0,NULL,CRE,,NULL,4033
13814,56218,3892,3892,USD,CK 2272,2023-04-17 00:00:00,2023-04-17 00:00:00,0,NULL,CRE,,NULL,4034
13815,56356,-2645.3,-2645.3,USD,ACH041723,2023-04-19 00:00:00,2023-04-19 15:19:59,0,NULL,CRE,UNDO 13807,NULL,4035
13816,56356,2645.3,2645.3,USD,ACH041723,2023-04-17 00:00:00,2023-04-17 00:00:00,0,NULL,CRE,,NULL,4036
13817,56170,6189.6,6189.6,USD,CK 14563,2023-04-17 00:00:00,2023-04-17 00:00:00,0,NULL,CRE,,NULL,4037
13818,56270INV,250,250,USD,ACH041823,2023-04-18 00:00:00,2023-04-18 00:00:00,0,NULL,CRE,,NULL,4038
13819,56082,44.8,44.8,USD,OFFSET,2023-04-21 00:00:00,2023-04-21 11:33:29,0,0,OFF,,NULL,O109301
13820,56250,154,154,USD,OFFSET,2023-04-21 00:00:00,2023-04-21 11:33:40,0,0,OFF,,NULL,O109302
13821,56284,102,102,USD,OFFSET,2023-04-21 00:00:00,2023-04-21 11:33:51,0,0,OFF,,NULL,O109303
13822,56214,150.8,150.8,USD,OFFSET,2023-04-21 00:00:00,2023-04-21 11:34:10,0,0,OFF,,NULL,O109304
13823,56293,9216.1,9216.1,USD,CK 064585,2023-04-20 00:00:00,2023-04-20 00:00:00,0,NULL,CRE,,NULL,4039
13824,56278,1023.5,1023.5,USD,CK 2790,2023-04-20 00:00:00,2023-04-20 00:00:00,0,NULL,CRE,,NULL,4040
13825,55718,5059.2,5059.2,USD,CK 50294,2023-04-20 00:00:00,2023-04-20 00:00:00,0,NULL,CRE,,NULL,4041
13826,55964,6168,6168,USD,CK 50294,2023-04-20 00:00:00,2023-04-20 00:00:00,0,NULL,CRE,,NULL,4041
13827,55965,6075,6075,USD,CK 50294,2023-04-20 00:00:00,2023-04-20 00:00:00,0,NULL,CRE,,NULL,4041
13828,56039INV,1262,1262,USD,CK 3391,2023-04-21 00:00:00,2023-04-21 00:00:00,0,NULL,CRE,,NULL,4042
13829,56347,1503,1503,USD,ACH042123,2023-04-21 00:00:00,2023-04-21 00:00:00,0,NULL,CRE,,NULL,4043
13830,56359,1578,1578,USD,ACH042123,2023-04-21 00:00:00,2023-04-21 00:00:00,0,NULL,CRE,,NULL,4043
13831,56331,9463.35,9463.35,USD,ACH042123,2023-04-21 00:00:00,2023-04-21 00:00:00,0,NULL,CRE,,NULL,4044
13832,56208,5012,5012,USD,ACH042423,2023-04-24 00:00:00,2023-04-24 00:00:00,0,NULL,CRE,,NULL,4045
13833,56257,2979.2,2979.2,USD,ACH042423,2023-04-24 00:00:00,2023-04-24 00:00:00,0,NULL,CRE,,NULL,4046
13834,56281,4512.69,4512.69,USD,ACH042423,2023-04-24 00:00:00,2023-04-24 00:00:00,0,NULL,CRE,,NULL,4047
13835,56080,7466.25,7466.25,USD,WIR042523,2023-04-25 00:00:00,2023-04-25 00:00:00,0,NULL,CRE,,NULL,4048
13836,56115,7479.93,7479.93,USD,WIR042523,2023-04-25 00:00:00,2023-04-25 00:00:00,0,NULL,CRE,,NULL,4048
13837,56304,825.38,825.38,USD,WIR042523,2023-04-25 00:00:00,2023-04-25 00:00:00,0,NULL,CRE,,NULL,4048
13838,56305,837.75,837.75,USD,WIR042523,2023-04-25 00:00:00,2023-04-25 00:00:00,0,NULL,CRE,,NULL,4048
13839,56303,1042.22,1042.22,USD,WIR042523,2023-04-25 00:00:00,2023-04-25 00:00:00,0,NULL,CRE,,NULL,4048
13840,56240,2196.4,2196.4,USD,ACH042523,2023-04-25 00:00:00,2023-04-25 00:00:00,0,NULL,CRE,,NULL,4049
13841,56344,2882.6,2882.6,USD,ACH042823,2023-04-28 00:00:00,2023-04-28 00:00:00,0,NULL,CRE,,NULL,4050
13842,56328,9667.97,9667.97,USD,ACH042823,2023-04-28 00:00:00,2023-04-28 00:00:00,0,NULL,CRE,,NULL,4050
13843,56242,5076,5076,USD,CK 388953,2023-04-28 00:00:00,2023-04-28 00:00:00,0,NULL,CRE,,NULL,4051
13844,55737INV,2330,2330,USD,CK 80994,2023-04-28 00:00:00,2023-04-28 00:00:00,0,NULL,CRE,,NULL,4052
13845,56201,25.2,25.2,USD,ACH042823,2023-04-28 00:00:00,2023-04-28 00:00:00,0,NULL,CRE,,NULL,4053
13846,56360,1689,1689,USD,ACH042823,2023-04-28 00:00:00,2023-04-28 00:00:00,0,NULL,CRE,,NULL,4053
13847,56354,2214.24,2214.24,USD,ACH042823,2023-04-28 00:00:00,2023-04-28 00:00:00,0,NULL,CRE,,NULL,4053
13848,56381,2244.65,2244.65,USD,ACH042823,2023-04-28 00:00:00,2023-04-28 00:00:00,0,NULL,CRE,,NULL,4053
13849,56382,1402.87,1402.87,USD,ACH042823,2023-04-28 00:00:00,2023-04-28 00:00:00,0,NULL,CRE,,NULL,4053
13850,56355,3077.27,3077.27,USD,ACH042823,2023-04-28 00:00:00,2023-04-28 00:00:00,0,NULL,CRE,,NULL,4053
13851,56365,1672.77,1672.77,USD,ACH042823,2023-04-28 00:00:00,2023-04-28 00:00:00,0,NULL,CRE,,NULL,4053
13852,56368,1746.1,1746.1,USD,ACH042823,2023-04-28 00:00:00,2023-04-28 00:00:00,0,NULL,CRE,,NULL,4053
13853,56366,1749,1749,USD,ACH042823,2023-04-28 00:00:00,2023-04-28 00:00:00,0,NULL,CRE,,NULL,4053
13854,56190,3628.6,3628.6,USD,CK 14582,2023-05-01 00:00:00,2023-05-01 00:00:00,0,NULL,CRE,,NULL,4054
13855,56170,1808.08,1808.08,USD,CK 14582,2023-05-01 00:00:00,2023-05-01 00:00:00,0,NULL,CRE,,NULL,4054
13856,56206,3515,3515,USD,CK 14582,2023-05-01 00:00:00,2023-05-01 00:00:00,0,NULL,CRE,,NULL,4054
13857,55884,3364.16,3364.16,USD,CK 078541,2023-05-01 00:00:00,2023-05-01 00:00:00,0,NULL,CRE,,NULL,4055
13858,56192,3421.71,3421.71,USD,ACH050223,2023-05-02 00:00:00,2023-05-02 00:00:00,0,NULL,CRE,,NULL,4056
13859,56215,4048.38,4048.38,USD,ACH050223,2023-05-02 00:00:00,2023-05-02 00:00:00,0,NULL,CRE,,NULL,4056
13860,56211,8582.3,8582.3,USD,ACH050223,2023-05-02 00:00:00,2023-05-02 00:00:00,0,NULL,CRE,,NULL,4056
13861,56268,1580.6,1580.6,USD,ACH050123,2023-05-01 00:00:00,2023-05-01 00:00:00,0,NULL,CRE,,NULL,4057
13862,56251,3392,3392,USD,ACH050123,2023-05-01 00:00:00,2023-05-01 00:00:00,0,NULL,CRE,,NULL,4057
13863,56289,7308,7308,USD,ACH050123,2023-05-01 00:00:00,2023-05-01 00:00:00,0,NULL,CRE,,NULL,4058
13864,56343,8375.65,8375.65,USD,ACH050123,2023-05-10 00:00:00,2023-05-10 00:00:00,0,NULL,CRE,,NULL,4059
13865,56219,9107.54,9107.54,USD,ACH050123,2023-05-01 00:00:00,2023-05-01 00:00:00,0,NULL,CRE,,NULL,4060
13866,56203,11407.2,11407.2,USD,ACH050123,2023-05-01 00:00:00,2023-05-01 00:00:00,0,NULL,CRE,,NULL,4060
13867,56399,9851.2,9851.2,USD,ACH050223,2023-05-02 00:00:00,2023-05-02 00:00:00,0,NULL,CRE,,NULL,4061
13868,56264,17718.8,17718.8,USD,ACH050223,2023-05-02 00:00:00,2023-05-02 00:00:00,0,NULL,CRE,,NULL,4062
13869,55946,-138.62,-138.62,USD,CM 55946,2023-05-04 00:00:00,2023-05-04 00:00:00,0,NULL,CRE,,NULL,4063
13870,56128,138.62,138.62,USD,CM 55946,2023-05-04 00:00:00,2023-05-04 00:00:00,0,NULL,CRE,,NULL,4063
13871,56387,3114.1,3114.1,USD,ACH050523,2023-05-05 00:00:00,2023-05-05 00:00:00,0,NULL,CRE,,NULL,4064
13872,56378,5983.5,5983.5,USD,ACH050523,2023-05-05 00:00:00,2023-05-05 00:00:00,0,NULL,CRE,,NULL,4065
13873,56325,4350.34,4350.34,USD,CK 205022,2023-05-05 00:00:00,2023-05-05 00:00:00,0,NULL,CRE,,NULL,4066
13874,56330,2744,2744,USD,CK 2410,2023-05-05 00:00:00,2023-05-05 00:00:00,0,NULL,CRE,,NULL,4067
13875,56290,14280,14280,USD,CK 7637,2023-05-05 00:00:00,2023-05-05 00:00:00,0,NULL,CRE,,NULL,4068
13876,56415,1695,1695,USD,ACH050823,2023-05-08 00:00:00,2023-05-08 00:00:00,0,NULL,CRE,,NULL,4069
13877,56397,2416.98,2416.98,USD,ACH050823,2023-05-08 00:00:00,2023-05-08 00:00:00,0,NULL,CRE,,NULL,4069
13878,56413,2904.45,2904.45,USD,ACH050823,2023-05-08 00:00:00,2023-05-08 00:00:00,0,NULL,CRE,,NULL,4069
13879,56416,2370,2370,USD,ACH050823,2023-05-08 00:00:00,2023-05-08 00:00:00,0,NULL,CRE,,NULL,4069
13880,56419,1598.3,1598.3,USD,ACH050823,2023-05-08 00:00:00,2023-05-08 00:00:00,0,NULL,CRE,,NULL,4069
13881,56422,1842.15,1842.15,USD,ACH050823,2023-05-08 00:00:00,2023-05-08 00:00:00,0,NULL,CRE,,NULL,4069
13882,56391,7182,7182,USD,ACH050823,2023-05-08 00:00:00,2023-05-08 00:00:00,0,NULL,CRE,,NULL,4070
13883,56370,8115.9,8115.9,USD,ACH050823,2023-05-08 00:00:00,2023-05-08 00:00:00,0,NULL,CRE,,NULL,4071
13884,56379,8076.36,8076.36,USD,ACH050823,2023-05-08 00:00:00,2023-05-08 00:00:00,0,NULL,CRE,,NULL,4071
13885,56175,9081.6,9081.6,USD,ACH051023,2023-05-10 00:00:00,2023-05-10 00:00:00,0,NULL,CRE,,NULL,4073
13886,55371,4076.2,4076.2,USD,CK 28013,2023-05-11 00:00:00,2023-05-11 00:00:00,0,NULL,CRE,,NULL,4074
13887,56436,4076.6,4076.6,USD,CK 122892,2023-05-11 00:00:00,2023-05-11 00:00:00,0,NULL,CRE,,NULL,4075
13888,56437,4083.4,4083.4,USD,CK 122892,2023-05-11 00:00:00,2023-05-11 00:00:00,0,NULL,CRE,,NULL,4075
13889,56367,4672.8,4672.8,USD,CK 2463,2023-05-11 00:00:00,2023-05-11 00:00:00,0,NULL,CRE,,NULL,4076
13890,56363,8523.8,8523.8,USD,CK 064704,2023-05-12 00:00:00,2023-05-12 00:00:00,0,1185,UAC,,NULL,4078
13891,56364,8629.6,8629.6,USD,CK 064704,2023-05-12 00:00:00,2023-05-12 00:00:00,0,1185,UAC,,NULL,4078
13892,56446,8726.2,8726.2,USD,CK 064704,2023-05-12 00:00:00,2023-05-12 00:00:00,0,1185,UAC,,NULL,4078
13893,56447,8795.2,8795.2,USD,CK 064704,2023-05-12 00:00:00,2023-05-12 00:00:00,0,1185,UAC,,NULL,4078
13894,56383A,9528.9,9528.9,USD,CK 064704,2023-05-12 00:00:00,2023-05-12 00:00:00,0,1185,UAC,,NULL,4078
13895,56384A,9953.25,9953.25,USD,CK 064704,2023-05-12 00:00:00,2023-05-12 00:00:00,0,1185,UAC,,NULL,4078
13896,56448,9385.15,9385.15,USD,CK 064704,2023-05-12 00:00:00,2023-05-12 00:00:00,0,1185,UAC,,NULL,4078
13897,56162,250,250,USD,ACH051123,2023-05-11 00:00:00,2023-05-11 00:00:00,0,NULL,CRE,,NULL,4079
13898,56362,2734.4,2734.4,USD,ACH051223,2023-05-12 00:00:00,2023-05-12 00:00:00,0,NULL,CRE,,NULL,4080
13899,56252,3809.6,3809.6,USD,ACH051223,2023-05-12 00:00:00,2023-05-12 00:00:00,0,NULL,CRE,,NULL,4080
13900,56204,1093.6,1093.6,USD,ACH051123,2023-05-11 00:00:00,2023-05-11 00:00:00,0,NULL,CRE,,NULL,4081
13901,56260,9150.82,9150.82,USD,ACH051223,2023-05-12 00:00:00,2023-05-12 00:00:00,0,NULL,CRE,,NULL,4082
13902,56184,1500,1500,USD,ACH051223,2023-05-12 00:00:00,2023-05-12 00:00:00,0,NULL,CRE,,NULL,4083
13903,56297,4048.25,4048.25,USD,ACH051223,2023-05-12 00:00:00,2023-05-12 00:00:00,0,NULL,CRE,,NULL,4084
13904,56357,7954,7954,USD,CK 7645,2023-05-15 00:00:00,2023-05-15 00:00:00,0,NULL,CRE,,NULL,4085
13905,56287,4409,4409,USD,CK 14602,2023-05-15 00:00:00,2023-05-15 00:00:00,0,NULL,CRE,,NULL,4086
13906,56288,1563.4,1563.4,USD,CK 14602,2023-05-15 00:00:00,2023-05-15 00:00:00,0,NULL,CRE,,NULL,4086
13907,56445,1273.89,1273.89,USD,ACH051523,2023-05-15 00:00:00,2023-05-15 00:00:00,0,NULL,CRE,,NULL,4087
13908,56410,1689,1689,USD,ACH051523,2023-05-15 00:00:00,2023-05-15 00:00:00,0,NULL,CRE,,NULL,4087
13909,56411,1928.17,1928.17,USD,ACH051523,2023-05-15 00:00:00,2023-05-15 00:00:00,0,NULL,CRE,,NULL,4087
13910,56412,2043,2043,USD,ACH051523,2023-05-15 00:00:00,2023-05-15 00:00:00,0,NULL,CRE,,NULL,4087
13911,56457,2259,2259,USD,ACH051523,2023-05-15 00:00:00,2023-05-15 00:00:00,0,NULL,CRE,,NULL,4087
13912,56424,1737,1737,USD,ACH051523,2023-05-15 00:00:00,2023-05-15 00:00:00,0,NULL,CRE,,NULL,4087
13913,56454,1540,1540,USD,ACH051523,2023-05-15 00:00:00,2023-05-15 00:00:00,0,NULL,CRE,,NULL,4087
13914,56389,1631.25,1631.25,USD,ACH051523,2023-05-15 00:00:00,2023-05-15 00:00:00,0,NULL,CRE,,NULL,4087
13915,56433,2245.95,2245.95,USD,ACH051523,2023-05-15 00:00:00,2023-05-15 00:00:00,0,NULL,CRE,,NULL,4087
13916,56408,6314.1,6314.1,USD,ACH051523,2023-05-15 00:00:00,2023-05-15 00:00:00,0,NULL,CRE,,NULL,4088
13917,56128,-138.62,-138.62,USD,CM 55946,2023-05-19 00:00:00,2023-05-19 13:49:30,0,NULL,CRE,UNDO 13870,NULL,4091
13918,56128,138.62,138.62,USD,ACH051723,2023-05-17 00:00:00,2023-05-17 00:00:00,0,NULL,CRE,,NULL,4092
13919,56131,1155.49,1155.49,USD,ACH051723,2023-05-17 00:00:00,2023-05-17 00:00:00,0,NULL,CRE,,NULL,4092
13920,56235,1169.76,1169.76,USD,ACH051723,2023-05-17 00:00:00,2023-05-17 00:00:00,0,NULL,CRE,,NULL,4092
13921,55946,138.62,138.62,USD,CM 55946,2023-05-19 00:00:00,2023-05-19 13:55:09,0,NULL,CRE,UNDO 13869,NULL,4093
13922,56318,6305.4,6305.4,USD,CK 00019684,2023-05-18 00:00:00,2023-05-18 00:00:00,0,NULL,CRE,,NULL,4094
13923,56346,7599.6,7599.6,USD,CK 00019684,2023-05-18 00:00:00,2023-05-18 00:00:00,0,NULL,CRE,,NULL,4094
13924,56405,5184,5184,USD,CL 389458,2023-05-18 00:00:00,2023-05-18 00:00:00,0,NULL,CRE,,NULL,4095
13925,56358,7728.5,7728.5,USD,CK 7648,2023-05-18 00:00:00,2023-05-18 00:00:00,0,NULL,CRE,,NULL,4096
13926,56417,7305.3,7305.3,USD,CK 10293,2023-05-18 00:00:00,2023-05-18 00:00:00,0,NULL,CRE,,NULL,4097
13927,56468,1608.3,1608.3,USD,ACH051923,2023-05-19 00:00:00,2023-05-19 00:00:00,0,NULL,CRE,,NULL,4098
13928,56434,1730.22,1730.22,USD,ACH051923,2023-05-19 00:00:00,2023-05-19 00:00:00,0,NULL,CRE,,NULL,4098
13929,56462,1749.15,1749.15,USD,ACH051923,2023-05-19 00:00:00,2023-05-19 00:00:00,0,NULL,CRE,,NULL,4098
13930,56438,2547.36,2547.36,USD,ACH051923,2023-05-19 00:00:00,2023-05-19 00:00:00,0,NULL,CRE,,NULL,4098
13931,56470,4063.65,4063.65,USD,ACH051923,2023-05-19 00:00:00,2023-05-19 00:00:00,0,NULL,CRE,,NULL,4098
13932,56463,2147.7,2147.7,USD,ACH051923,2023-05-19 00:00:00,2023-05-19 00:00:00,0,NULL,CRE,,NULL,4098
13933,56461,2149.56,2149.56,USD,ACH051923,2023-05-19 00:00:00,2023-05-19 00:00:00,0,NULL,CRE,,NULL,4098
13934,56484,2038.38,2038.38,USD,ACH051923,2023-05-19 00:00:00,2023-05-19 00:00:00,0,NULL,CRE,,NULL,4098
13935,56444,6662.25,6662.25,USD,ACH051823,2023-05-18 00:00:00,2023-05-18 00:00:00,0,NULL,CRE,,NULL,4099
13936,56307,5478.9,5478.9,USD,CK 54704,2023-05-22 00:00:00,2023-05-22 00:00:00,0,NULL,CRE,,NULL,4100
13937,56294,2136.2,2136.2,USD,CK 14621,2023-05-22 00:00:00,2023-05-22 00:00:00,0,NULL,CRE,,NULL,4101
13938,56404,3496,3496,USD,CK 118100,2023-05-22 00:00:00,2023-05-22 00:00:00,0,NULL,CRE,,NULL,4102
13939,56466,5412.4,5412.4,USD,CK 118100,2023-05-22 00:00:00,2023-05-22 00:00:00,0,NULL,CRE,,NULL,4102
13940,56452,7921,7921,USD,CK 118100,2023-05-22 00:00:00,2023-05-22 00:00:00,0,NULL,CRE,,NULL,4102
13941,56489,2196.4,2196.4,USD,CK 118100,2023-05-22 00:00:00,2023-05-22 00:00:00,0,NULL,CRE,,NULL,4102
13942,56439,19086.3,19086.3,USD,CK 118100,2023-05-22 00:00:00,2023-05-22 00:00:00,0,NULL,CRE,,NULL,4102
13943,56488,3878,3878,USD,CK 118100,2023-05-22 00:00:00,2023-05-22 00:00:00,0,NULL,CRE,,NULL,4102
13944,56496,15844.2,15844.2,USD,CK 118100,2023-05-22 00:00:00,2023-05-22 00:00:00,0,NULL,CRE,,NULL,4102
13945,54208,295,295,USD,OFFSET,2023-05-25 00:00:00,2023-05-25 10:16:17,0,0,OFF,,NULL,O109507
13946,56440,2226.9,2226.9,USD,ACH052623,2023-05-25 00:00:00,2023-05-25 00:00:00,0,NULL,CRE,,NULL,4103
13947,56230,2800,2800,USD,ACH051023,2023-05-25 00:00:00,2023-05-25 00:00:00,0,1187,UAC,,NULL,4104
13948,56255,3126.4,3126.4,USD,ACH050823,2023-05-25 00:00:00,2023-05-25 00:00:00,0,1184,UAC,,NULL,4105
13949,56385A,9425.4,9425.4,USD,CK 064704,2023-05-26 00:00:00,2023-05-26 00:00:00,0,1185,UAC,,NULL,4106
13950,56394,8229.4,8229.4,USD,ACH052623,2023-05-26 00:00:00,2023-05-26 00:00:00,0,NULL,CRE,,NULL,4107
13951,56435,2616.6,2616.6,USD,ACH052623,2023-05-26 00:00:00,2023-05-26 00:00:00,0,NULL,CRE,,NULL,4108
13952,56497,1410,1410,USD,ACH052623,2023-05-26 00:00:00,2023-05-26 00:00:00,0,NULL,CRE,,NULL,4108
13953,56506,1836,1836,USD,ACH052623,2023-05-26 00:00:00,2023-05-26 00:00:00,0,NULL,CRE,,NULL,4108
13954,56471,2103,2103,USD,ACH052623,2023-05-26 00:00:00,2023-05-26 00:00:00,0,NULL,CRE,,NULL,4108
13955,56525,2556,2556,USD,ACH052623,2023-05-26 00:00:00,2023-05-26 00:00:00,0,NULL,CRE,,NULL,4108
13956,56509,3090.24,3090.24,USD,ACH052623,2023-05-26 00:00:00,2023-05-26 00:00:00,0,NULL,CRE,,NULL,4108
13957,56467INV,200,200,USD,ACH053023,2023-05-30 00:00:00,2023-05-30 00:00:00,0,NULL,CRE,,NULL,4109
13958,56481,15661.7,15661.7,USD,ACH053123,2023-05-31 00:00:00,2023-05-31 00:00:00,0,NULL,CRE,,NULL,4110
13959,56494,2387.2,2387.2,USD,CK 2646,2023-05-31 00:00:00,2023-05-31 00:00:00,0,NULL,CRE,,NULL,4111
13960,56469,3264,3264,USD,CK 2646,2023-05-31 00:00:00,2023-05-31 00:00:00,0,NULL,CRE,,NULL,4111
13961,56319,7642.8,7642.8,USD,CK 00020804,2023-05-31 00:00:00,2023-05-31 00:00:00,0,NULL,CRE,,NULL,4112
13962,56505,1322.4,1322.4,USD,ACH060223,2023-06-02 00:00:00,2023-06-02 00:00:00,0,NULL,CRE,,NULL,4113
13963,56504,2209.68,2209.68,USD,ACH060223,2023-06-02 00:00:00,2023-06-02 00:00:00,0,NULL,CRE,,NULL,4113
13964,56545,4159.2,4159.2,USD,ACH060223,2023-06-02 00:00:00,2023-06-02 00:00:00,0,NULL,CRE,,NULL,4113
13965,56361,9110.2,9110.2,USD,ACH060223,2023-06-02 00:00:00,2023-06-02 00:00:00,0,NULL,CRE,,NULL,4114
13966,56505,-1322.4,-1322.4,USD,ACH060223,2023-06-02 00:00:00,2023-06-02 16:33:10,0,NULL,CRE,UNDO 13962,NULL,4115
13967,56505,1322.4,1322.4,USD,ACH060223,2023-06-02 00:00:00,2023-06-02 00:00:00,0,NULL,CRE,,NULL,4116
13968,56432,6615,6615,USD,ACH060523,2023-06-05 00:00:00,2023-06-05 00:00:00,0,NULL,CRE,,NULL,4117
13969,56460,4872.4,4872.4,USD,ACH060523,2023-06-05 00:00:00,2023-06-05 00:00:00,0,NULL,CRE,,NULL,4118
13970,56516INV,350,350,USD,ACH060623,2023-06-06 00:00:00,2023-06-06 00:00:00,0,NULL,CRE,,NULL,4119
13971,56490,3105,3105,USD,ACH060523,2023-06-05 00:00:00,2023-06-05 00:00:00,0,NULL,CRE,,NULL,4120
13972,56485,2084.55,2084.55,USD,ACH060523,2023-06-05 00:00:00,2023-06-05 00:00:00,0,NULL,CRE,,NULL,4120
13973,56118INV,1500,1500,USD,CK 102191,2023-06-06 00:00:00,2023-06-06 00:00:00,0,NULL,CRE,,NULL,4121
13974,56377,630,630,USD,CK 94514,2023-06-06 00:00:00,2023-06-06 00:00:00,0,NULL,CRE,,NULL,4122
13975,56320,7786.8,7786.8,USD,CK 00021153,2023-06-06 00:00:00,2023-06-06 00:00:00,0,NULL,CRE,,NULL,4123
13976,56414,7765.2,7765.2,USD,CK 00021153,2023-06-06 00:00:00,2023-06-06 00:00:00,0,NULL,CRE,,NULL,4123
13977,56451,7095.6,7095.6,USD,CK 00021153,2023-06-06 00:00:00,2023-06-06 00:00:00,0,NULL,CRE,,NULL,4123
13978,56459,8954.1,8954.1,USD,CK 7654,2023-06-08 00:00:00,2023-06-08 00:00:00,0,NULL,CRE,,NULL,4124
13979,56372,512.31,512.31,USD,CK 7654,2023-06-08 00:00:00,2023-06-08 00:00:00,0,NULL,CRE,,NULL,4124
13980,56326,4052.43,4052.43,USD,ACH060723,2023-06-07 00:00:00,2023-06-07 00:00:00,0,NULL,CRE,,NULL,4125
13981,56400,704.4,704.4,USD,OFFSET,2023-06-09 00:00:00,2023-06-09 16:23:17,0,0,OFF,,NULL,O109581
13982,56323,27.7,27.7,USD,OFFSET,2023-06-09 00:00:00,2023-06-09 16:23:27,0,0,OFF,,NULL,O109582
13983,56528,2891.52,2891.52,USD,ACH060923,2023-06-09 00:00:00,2023-06-09 00:00:00,0,NULL,CRE,,NULL,4126
13984,56529,2743.5,2743.5,USD,ACH060923,2023-06-09 00:00:00,2023-06-09 00:00:00,0,NULL,CRE,,NULL,4126
13985,56542,1554,1554,USD,ACH060923,2023-06-09 00:00:00,2023-06-09 00:00:00,0,NULL,CRE,,NULL,4126
13986,56543,1824,1824,USD,ACH060923,2023-06-09 00:00:00,2023-06-09 00:00:00,0,NULL,CRE,,NULL,4126
13987,56576,2916,2916,USD,ACH060923,2023-06-09 00:00:00,2023-06-09 00:00:00,0,NULL,CRE,,NULL,4126
13988,56547,3632.84,3632.84,USD,ACH060923,2023-06-09 00:00:00,2023-06-09 00:00:00,0,NULL,CRE,,NULL,4126
13989,56212,8275.8,8275.8,USD,ACH061223,2023-06-12 00:00:00,2023-06-12 00:00:00,0,NULL,CRE,,NULL,4127
13990,56513,4307.8,4307.8,USD,CK 124330,2023-06-12 00:00:00,2023-06-12 00:00:00,0,NULL,CRE,,NULL,4128
13991,56538,3096,3096,USD,CK 124330,2023-06-12 00:00:00,2023-06-12 00:00:00,0,NULL,CRE,,NULL,4128
13992,56539,2196,2196,USD,CK 124330,2023-06-12 00:00:00,2023-06-12 00:00:00,0,NULL,CRE,,NULL,4128
13993,56418,6933.6,6933.6,USD,CK 10339,2023-06-12 00:00:00,2023-06-12 00:00:00,0,NULL,CRE,,NULL,4129
13994,56376INV,477.42,477.42,USD,CK 2819,2023-06-12 00:00:00,2023-06-12 00:00:00,0,NULL,CRE,,NULL,4130
13995,56130,1116.6,1116.6,USD,ACH061423,2023-06-14 00:00:00,2023-06-14 00:00:00,0,NULL,CRE,,NULL,4131
13996,56236,1176.79,1176.79,USD,ACH061423,2023-06-14 00:00:00,2023-06-14 00:00:00,0,NULL,CRE,,NULL,4131
13997,56285,963.32,963.32,USD,ACH061423,2023-06-14 00:00:00,2023-06-14 00:00:00,0,NULL,CRE,,NULL,4131
13998,56286,1093.78,1093.78,USD,ACH061423,2023-06-14 00:00:00,2023-06-14 00:00:00,0,NULL,CRE,,NULL,4131
13999,56342,1061.84,1061.84,USD,ACH061423,2023-06-14 00:00:00,2023-06-14 00:00:00,0,NULL,CRE,,NULL,4131
14000,56420,5094,5094,USD,CK 7658,2023-06-14 00:00:00,2023-06-14 00:00:00,0,NULL,CRE,,NULL,4132
14001,56441,1449.92,1449.92,USD,CK 2150,2023-06-14 00:00:00,2023-06-14 00:00:00,0,NULL,CRE,,NULL,4133
14002,56482,4434.72,4434.72,USD,CK 2150,2023-06-14 00:00:00,2023-06-14 00:00:00,0,NULL,CRE,,NULL,4133
14003,56258,3902.85,3902.85,USD,ACH061623,2023-06-16 00:00:00,2023-06-16 00:00:00,0,NULL,CRE,,NULL,4134
14004,56472,1905,1905,USD,ACH061623,2023-06-16 00:00:00,2023-06-16 00:00:00,0,NULL,CRE,,NULL,4135
14005,56530,1896,1896,USD,ACH061623,2023-06-16 00:00:00,2023-06-16 00:00:00,0,NULL,CRE,,NULL,4135
14006,56531,1946.28,1946.28,USD,ACH061623,2023-06-16 00:00:00,2023-06-16 00:00:00,0,NULL,CRE,,NULL,4135
14007,56392,6456,6456,USD,ACH061623,2023-06-16 00:00:00,2023-06-16 00:00:00,0,NULL,CRE,,NULL,4136
14008,56548INV,350,350,USD,ACH061523,2023-06-15 00:00:00,2023-06-15 00:00:00,0,NULL,CRE,,NULL,4137
14009,56550INV,350,350,USD,ACH061523,2023-06-15 00:00:00,2023-06-15 00:00:00,0,NULL,CRE,,NULL,4137
14010,56551INV,350,350,USD,ACH061523,2023-06-15 00:00:00,2023-06-15 00:00:00,0,NULL,CRE,,NULL,4137
14011,56578INV,350,350,USD,ACH062223,2023-06-22 00:00:00,2023-06-22 00:00:00,0,NULL,CRE,,NULL,4138
14012,56429,451.2,451.2,USD,ACH062223,2023-06-22 00:00:00,2023-06-22 00:00:00,0,NULL,CRE,,NULL,4139
14013,56566,2928.8,2928.8,USD,ACH062223,2023-06-22 00:00:00,2023-06-22 00:00:00,0,NULL,CRE,,NULL,4139
14014,56568,5268.9,5268.9,USD,ACH062223,2023-06-22 00:00:00,2023-06-22 00:00:00,0,NULL,CRE,,NULL,4140
14015,56510,11910,11910,USD,ACH062123,2023-06-21 00:00:00,2023-06-21 00:00:00,0,NULL,CRE,,NULL,4141
14016,56348,10218,10218,USD,ACH062123,2023-06-21 00:00:00,2023-06-21 00:00:00,0,NULL,CRE,,NULL,4142
14017,56376,-977.64,-977.64,USD,ACH062123,2023-06-21 00:00:00,2023-06-21 00:00:00,0,NULL,CRE,,NULL,4142
14018,56493,6140.4,6140.4,USD,CK 118455,2023-06-26 00:00:00,2023-06-26 00:00:00,0,NULL,CRE,,NULL,4143
14019,56562,3918,3918,USD,CK 118455,2023-06-26 00:00:00,2023-06-26 00:00:00,0,NULL,CRE,,NULL,4143
14020,56386A,9469.1,9469.1,USD,CK 118455,2023-06-26 00:00:00,2023-06-26 00:00:00,0,NULL,CRE,,NULL,4143
14021,56571,9067.75,9067.75,USD,CK 118455,2023-06-26 00:00:00,2023-06-26 00:00:00,0,NULL,CRE,,NULL,4143
14022,56563,3996,3996,USD,CK 118455,2023-06-26 00:00:00,2023-06-26 00:00:00,0,NULL,CRE,,NULL,4143
14023,56505INV,250,250,USD,CK 33901,2023-06-26 00:00:00,2023-06-26 00:00:00,0,NULL,CRE,,NULL,4144
14024,56395,10458.56,10458.56,USD,CK 00021731,2023-06-26 00:00:00,2023-06-26 00:00:00,0,NULL,CRE,,NULL,4145
14025,56474,7545.6,7545.6,USD,CK 00021731,2023-06-26 00:00:00,2023-06-26 00:00:00,0,NULL,CRE,,NULL,4145
14026,56520,5878.5,5878.5,USD,CK 82335,2023-06-26 00:00:00,2023-06-26 00:00:00,0,NULL,CRE,,NULL,4146
14027,56508,9283.95,9283.95,USD,CK 064973,2023-06-26 00:00:00,2023-06-26 00:00:00,0,NULL,CRE,,NULL,4147
14028,56572,5781,5781,USD,CK 118543,2023-06-26 00:00:00,2023-06-26 00:00:00,0,NULL,CRE,,NULL,4148
14029,56575,9206.65,9206.65,USD,CK 118543,2023-06-26 00:00:00,2023-06-26 00:00:00,0,NULL,CRE,,NULL,4148
14030,56585,3736,3736,USD,CK 118543,2023-06-26 00:00:00,2023-06-26 00:00:00,0,NULL,CRE,,NULL,4148
14031,56586,3906,3906,USD,CK 118543,2023-06-26 00:00:00,2023-06-26 00:00:00,0,NULL,CRE,,NULL,4148
14032,56492,2621.31,2621.31,USD,CK 205920,2023-06-26 00:00:00,2023-06-26 00:00:00,0,NULL,CRE,,NULL,4149
14033,56465,677,677,USD,ACH062323,2023-06-23 00:00:00,2023-06-23 00:00:00,0,NULL,CRE,,NULL,4150
14034,56565,11379.69,11379.69,USD,ACJ062323,2023-06-23 00:00:00,2023-06-23 00:00:00,0,NULL,CRE,,NULL,4151
14035,56601,1782,1782,USD,ACH062623,2023-06-26 00:00:00,2023-06-26 00:00:00,0,NULL,CRE,,NULL,4152
14036,56507,994.02,994.02,USD,ACH062623,2023-06-26 00:00:00,2023-06-26 00:00:00,0,NULL,CRE,,NULL,4152
14037,56577,3236.4,3236.4,USD,ACH062623,2023-06-26 00:00:00,2023-06-26 00:00:00,0,NULL,CRE,,NULL,4152
14038,56600,1795.5,1795.5,USD,ACH062623,2023-06-26 00:00:00,2023-06-26 00:00:00,0,NULL,CRE,,NULL,4152
14039,56523,8992.2,8992.2,USD,ACH062623,2023-06-26 00:00:00,2023-06-26 00:00:00,0,NULL,CRE,,NULL,4153
14040,56591,6559.2,6559.2,USD,ACH062623,2023-06-26 00:00:00,2023-06-26 00:00:00,0,NULL,CRE,,NULL,4154
14041,56375,1717.02,1717.02,USD,ACH062823,2023-06-28 00:00:00,2023-06-28 00:00:00,0,NULL,CRE,,NULL,4155
14042,56398,2528.73,2528.73,USD,ACH062823,2023-06-28 00:00:00,2023-06-28 00:00:00,0,NULL,CRE,,NULL,4155
14043,56335,1018,1018,USD,ACH062823,2023-06-28 00:00:00,2023-06-28 00:00:00,0,NULL,CRE,,NULL,4156
14044,56373,1058.45,1058.45,USD,ACH062823,2023-06-28 00:00:00,2023-06-28 00:00:00,0,NULL,CRE,,NULL,4156
14045,56495,18430.72,18430.72,USD,ACH062723,2023-06-27 00:00:00,2023-06-27 00:00:00,0,NULL,CRE,,NULL,4157
14046,56587,9590,9590,USD,CK 7665,2023-06-30 00:00:00,2023-06-30 00:00:00,0,NULL,CRE,,NULL,4158
14047,56500,26325.18,26325.18,USD,CK 94632,2023-06-30 00:00:00,2023-06-30 00:00:00,0,NULL,CRE,,NULL,4159
14048,56544,2094.75,2094.75,USD,CK 124700,2023-06-30 00:00:00,2023-06-30 00:00:00,0,NULL,CRE,,NULL,4160
14049,56332,5878.6,5878.6,USD,CK 214012,2023-06-30 00:00:00,2023-06-30 00:00:00,0,NULL,CRE,,NULL,4161
14050,56491,3870.95,3870.95,USD,ACH063023,2023-06-30 00:00:00,2023-06-30 00:00:00,0,NULL,CRE,,NULL,4162
14051,56564,12583.2,12583.2,USD,ACH063023,2023-06-30 00:00:00,2023-06-30 00:00:00,0,NULL,CRE,,NULL,4162
14052,56591,39.6,39.6,USD,ACH063023,2023-06-30 00:00:00,2023-06-30 00:00:00,0,NULL,CRE,,NULL,4163
14053,56555,3118.05,3118.05,USD,WIR062923,2023-06-29 00:00:00,2023-06-29 00:00:00,0,NULL,CRE,,NULL,4164
14054,56567,3080.64,3080.64,USD,WIR062923,2023-06-29 00:00:00,2023-06-29 00:00:00,0,NULL,CRE,,NULL,4165
14055,56321,7444.8,7444.8,USD,CK 00022947,2023-07-05 00:00:00,2023-07-05 00:00:00,0,NULL,CRE,,NULL,4166
14056,56475,7682.4,7682.4,USD,CK 00022947,2023-07-05 00:00:00,2023-07-05 00:00:00,0,NULL,CRE,,NULL,4166
14057,56590,528,528,USD,CK 4767,2023-07-05 00:00:00,2023-07-05 00:00:00,0,NULL,CRE,,NULL,4167
14058,56455,6258.6,6258.6,USD,CK 214152,2023-07-05 00:00:00,2023-07-05 00:00:00,0,NULL,CRE,,NULL,4168
14059,56514,2819.4,2819.4,USD,ACH070323,2023-07-03 00:00:00,2023-07-03 00:00:00,0,NULL,CRE,,NULL,4169
14060,56541,3838.75,3838.75,USD,ACH070323,2023-07-03 00:00:00,2023-07-03 00:00:00,0,NULL,CRE,,NULL,4169
14061,56546,3677.8,3677.8,USD,ACH070323,2023-07-03 00:00:00,2023-07-03 00:00:00,0,NULL,CRE,,NULL,4169
14062,55434,971.25,971.25,USD,WIR070523,2023-07-05 00:00:00,2023-07-05 00:00:00,0,NULL,CRE,,NULL,4170
14063,56349,11808.98,11808.98,USD,WIR070523,2023-07-05 00:00:00,2023-07-05 00:00:00,0,NULL,CRE,,NULL,4170
14064,56401,9628.1,9628.1,USD,WIR070523,2023-07-05 00:00:00,2023-07-05 00:00:00,0,NULL,CRE,,NULL,4170
14065,56614,1713.96,1713.96,USD,ACH070323,2023-07-03 00:00:00,2023-07-03 00:00:00,0,NULL,CRE,,NULL,4171
14066,56602,2262,2262,USD,ACH070323,2023-07-03 00:00:00,2023-07-03 00:00:00,0,NULL,CRE,,NULL,4171
14067,56629,1567.44,1567.44,USD,ACH070323,2023-07-03 00:00:00,2023-07-03 00:00:00,0,NULL,CRE,,NULL,4171
14068,56619,1903.5,1903.5,USD,ACH070323,2023-07-03 00:00:00,2023-07-03 00:00:00,0,NULL,CRE,,NULL,4171
14069,56625,1872,1872,USD,ACH070723,2023-07-07 00:00:00,2023-07-07 00:00:00,0,NULL,CRE,,NULL,4172
14070,56615,2535,2535,USD,ACH070723,2023-07-07 00:00:00,2023-07-07 00:00:00,0,NULL,CRE,,NULL,4172
14071,56650,2062.8,2062.8,USD,ACH070723,2023-07-07 00:00:00,2023-07-07 00:00:00,0,NULL,CRE,,NULL,4172
14072,56647,1607.4,1607.4,USD,ACH070723,2023-07-07 00:00:00,2023-07-07 00:00:00,0,NULL,CRE,,NULL,4172
14073,56648,1756.59,1756.59,USD,ACH070723,2023-07-07 00:00:00,2023-07-07 00:00:00,0,NULL,CRE,,NULL,4172
14074,56641,2006.52,2006.52,USD,ACH070723,2023-07-07 00:00:00,2023-07-07 00:00:00,0,NULL,CRE,,NULL,4172
14075,56169INV,-1450,-1450,USD,WIR070623,2023-07-06 00:00:00,2023-07-06 00:00:00,0,NULL,CRE,,NULL,4173
14076,56371,5856.17,5856.17,USD,WIR070623,2023-07-06 00:00:00,2023-07-06 00:00:00,0,NULL,CRE,,NULL,4173
14077,56336,1131.31,1131.31,USD,ACH071123,2023-07-11 00:00:00,2023-07-11 00:00:00,0,NULL,CRE,,NULL,4174
14078,56453,783.39,783.39,USD,ACH071123,2023-07-11 00:00:00,2023-07-11 00:00:00,0,NULL,CRE,,NULL,4174
14079,56569,1023.04,1023.04,USD,CK 124922,2023-07-11 00:00:00,2023-07-11 00:00:00,0,NULL,CRE,,NULL,4175
14080,56588,6411,6411,USD,CK 7672,2023-07-11 00:00:00,2023-07-11 00:00:00,0,NULL,CRE,,NULL,4176
14081,56573,4788,4788,USD,CK 10434,2023-07-11 00:00:00,2023-07-11 00:00:00,0,NULL,CRE,,NULL,4177
14082,56649,855,855,USD,ACH071423,2023-07-14 00:00:00,2023-07-14 00:00:00,0,NULL,CRE,,NULL,4178
14083,56633,696,696,USD,ACH071423,2023-07-14 00:00:00,2023-07-14 00:00:00,0,NULL,CRE,,NULL,4178
14084,56639,1842.12,1842.12,USD,ACH071423,2023-07-14 00:00:00,2023-07-14 00:00:00,0,NULL,CRE,,NULL,4178
14085,56642,2084.28,2084.28,USD,ACH071423,2023-07-14 00:00:00,2023-07-14 00:00:00,0,NULL,CRE,,NULL,4178
14086,56643,1755.45,1755.45,USD,ACH071423,2023-07-14 00:00:00,2023-07-14 00:00:00,0,NULL,CRE,,NULL,4178
14087,56645,1966.8,1966.8,USD,ACH071423,2023-07-14 00:00:00,2023-07-14 00:00:00,0,NULL,CRE,,NULL,4178
14088,56651,1672.56,1672.56,USD,ACH071423,2023-07-14 00:00:00,2023-07-14 00:00:00,0,NULL,CRE,,NULL,4178
14089,56646,11719.12,11719.12,USD,ACH071423,2023-07-14 00:00:00,2023-07-14 00:00:00,0,NULL,CRE,,NULL,4179
14090,56634,10752.5,10752.5,USD,ACH071423,2023-07-14 00:00:00,2023-07-14 00:00:00,0,NULL,CRE,,NULL,4179
14091,56511,13996.72,13996.72,USD,ACH071323,2023-07-13 00:00:00,2023-07-13 00:00:00,0,NULL,CRE,,NULL,4180
14092,56624,7357.6,7357.6,USD,ACH071323,2023-07-13 00:00:00,2023-07-13 00:00:00,0,NULL,CRE,,NULL,4181
14093,56608INV,750,750,USD,CK 466400,2023-07-17 00:00:00,2023-07-17 00:00:00,0,NULL,CRE,,NULL,4182
14094,56476,7500,7500,USD,CK 00024002,2023-07-17 00:00:00,2023-07-17 00:00:00,0,NULL,CRE,,NULL,4183
14095,56611,7388.2,7388.2,USD,CK 00024002,2023-07-17 00:00:00,2023-07-17 00:00:00,0,NULL,CRE,,NULL,4183
14096,56622,6345,6345,USD,CK 118911,2023-07-17 00:00:00,2023-07-17 00:00:00,0,NULL,CRE,,NULL,4184
14097,56620,3970,3970,USD,CK 118911,2023-07-17 00:00:00,2023-07-17 00:00:00,0,NULL,CRE,,NULL,4184
14098,56621,3854,3854,USD,CK 118911,2023-07-17 00:00:00,2023-07-17 00:00:00,0,NULL,CRE,,NULL,4184
14099,56443A,9496.7,9496.7,USD,CK 118911,2023-07-17 00:00:00,2023-07-17 00:00:00,0,NULL,CRE,,NULL,4184
14100,56609,2624,2624,USD,CK 3874,2023-07-17 00:00:00,2023-07-17 00:00:00,0,NULL,CRE,,NULL,4185
14101,56604,2849,2849,USD,ACH07172023,2023-07-17 00:00:00,2023-07-17 00:00:00,0,NULL,CRE,,NULL,4186
14102,56540,1212,1212,USD,CK 125044,2023-07-19 00:00:00,2023-07-19 00:00:00,0,NULL,CRE,,NULL,4187
14103,56534,-1000,-1000,USD,OFFSET,2023-07-14 00:00:00,2023-07-20 13:55:51,0,0,OFF,,NULL,O109724
14104,56535,-1000,-1000,USD,OFFSET,2023-07-19 00:00:00,2023-07-20 13:58:19,0,0,OFF,,NULL,O109725
14105,56616,-291.2,-291.2,USD,OFFSET,2023-06-16 00:00:00,2023-07-20 14:02:48,0,0,OFF,,NULL,O109726
14106,56612,25.9,25.9,USD,OFFSET,2023-07-21 00:00:00,2023-07-21 11:57:56,0,0,OFF,,NULL,O109738
14107,56670,1219.9,1219.9,USD,ACH072423,2023-07-24 00:00:00,2023-07-24 00:00:00,0,NULL,CRE,,NULL,4188
14108,56661,5169.6,5169.6,USD,ACH072423,2023-07-24 00:00:00,2023-07-24 00:00:00,0,NULL,CRE,,NULL,4189
14109,56609INV,325,325,USD,CK 80026695,2023-07-24 00:00:00,2023-07-24 00:00:00,0,NULL,CRE,,NULL,4190
14110,56537,8904.5,8904.5,USD,ACH072523,2023-07-25 00:00:00,2023-07-25 00:00:00,0,NULL,CRE,,NULL,4191
14111,56515,554,554,USD,ACH071823,2023-07-18 00:00:00,2023-07-18 00:00:00,0,NULL,CRE,,NULL,4192
14112,56522,1903,1903,USD,ACH071823,2023-07-18 00:00:00,2023-07-18 00:00:00,0,NULL,CRE,,NULL,4192
14113,56532,2125,2125,USD, ACH072823,2023-07-28 00:00:00,2023-07-28 00:00:00,0,NULL,CRE,,NULL,4193
14114,56659,2776.2,2776.2,USD,ACH072823,2023-07-28 00:00:00,2023-07-28 00:00:00,0,NULL,CRE,,NULL,4194
14115,56686,775.12,775.12,USD,ACH072823,2023-07-28 00:00:00,2023-07-28 00:00:00,0,NULL,CRE,,NULL,4195
14116,56687,1961.84,1961.84,USD,ACH072823,2023-07-28 00:00:00,2023-07-28 00:00:00,0,NULL,CRE,,NULL,4195
14117,56679,2411.28,2411.28,USD,ACH072823,2023-07-28 00:00:00,2023-07-28 00:00:00,0,NULL,CRE,,NULL,4195
14118,56700,1654.32,1654.32,USD,ACH072823,2023-07-28 00:00:00,2023-07-28 00:00:00,0,NULL,CRE,,NULL,4195
14119,56662,6289.2,6289.2,USD,ACH073123,2023-07-31 00:00:00,2023-07-31 00:00:00,0,NULL,CRE,,NULL,4196
14120,56603,6525,6525,USD,CK 391057,2023-07-31 00:00:00,2023-07-31 00:00:00,0,NULL,CRE,,NULL,4197
14121,56570A,9637,9637,USD,CK 65160,2023-07-31 00:00:00,2023-07-31 00:00:00,0,NULL,CRE,,NULL,4198
14122,56230,323.4,323.4,USD,CK 2073,2023-07-31 00:00:00,2023-07-31 00:00:00,0,NULL,CRE,,NULL,4199
14123,56256,6.4,6.4,USD,CK 2073,2023-07-31 00:00:00,2023-07-31 00:00:00,0,NULL,CRE,,NULL,4199
14124,56442,1612.4,1612.4,USD,CK 2185,2023-08-02 00:00:00,2023-08-02 00:00:00,0,NULL,CRE,,NULL,4200
14125,56660,6291.2,6291.2,USD,CK 7679,2023-08-02 00:00:00,2023-08-02 00:00:00,0,NULL,CRE,,NULL,4201
14126,56132,5523.2,5523.2,USD,CK 50343,2023-08-02 00:00:00,2023-08-02 00:00:00,0,NULL,CRE,,NULL,4202
14127,56145,3514,3514,USD,CK 50343,2023-08-02 00:00:00,2023-08-02 00:00:00,0,NULL,CRE,,NULL,4202
14128,56144,4499.6,4499.6,USD,CK 50343,2023-08-02 00:00:00,2023-08-02 00:00:00,0,NULL,CRE,,NULL,4202
14129,56638,9126.4,9126.4,USD,CK 119114,2023-08-02 00:00:00,2023-08-02 00:00:00,0,NULL,CRE,,NULL,4203
14130,56655,2121,2121,USD,CK 119114,2023-08-02 00:00:00,2023-08-02 00:00:00,0,NULL,CRE,,NULL,4203
14131,56654,3044.8,3044.8,USD,CK 119114,2023-08-02 00:00:00,2023-08-02 00:00:00,0,NULL,CRE,,NULL,4203
14132,56657,3289.6,3289.6,USD,CK 119114,2023-08-02 00:00:00,2023-08-02 00:00:00,0,NULL,CRE,,NULL,4203
14133,56656,2992,2992,USD,CK 119114,2023-08-02 00:00:00,2023-08-02 00:00:00,0,NULL,CRE,,NULL,4203
14134,56690,6439.6,6439.6,USD,CK 119114,2023-08-02 00:00:00,2023-08-02 00:00:00,0,NULL,CRE,,NULL,4203
14135,56715,8220.6,8220.6,USD,ACH080323,2023-08-03 00:00:00,2023-08-03 00:00:00,0,NULL,CRE,,NULL,4204
14136,56711,1704.2,1704.2,USD,ACH080423,2023-08-04 00:00:00,2023-08-04 00:00:00,0,NULL,CRE,,NULL,4205
14137,56680,1553.6,1553.6,USD,ACH080423,2023-08-04 00:00:00,2023-08-04 00:00:00,0,NULL,CRE,,NULL,4205
14138,56701,1186.68,1186.68,USD,ACH080423,2023-08-04 00:00:00,2023-08-04 00:00:00,0,NULL,CRE,,NULL,4205
14139,56658,7185.6,7185.6,USD,CK 10192,2023-08-09 00:00:00,2023-08-09 00:00:00,0,NULL,CRE,,NULL,4206
14140,56334,1102.6,1102.6,USD,ACH080923,2023-08-09 00:00:00,2023-08-09 00:00:00,0,NULL,CRE,,NULL,4207
14141,56526,965.92,965.92,USD,ACH080923,2023-08-09 00:00:00,2023-08-09 00:00:00,0,NULL,CRE,,NULL,4207
14142,56512,511.39,511.39,USD,ACH080923,2023-08-09 00:00:00,2023-08-09 00:00:00,0,NULL,CRE,,NULL,4207
14143,56534INV,985,985,USD,CK 1114,2023-06-29 00:00:00,2023-06-29 00:00:00,0,NULL,CRE,,NULL,4208
14144,56535INV,985,985,USD,CK 1114,2023-06-29 00:00:00,2023-06-29 00:00:00,0,NULL,CRE,,NULL,4208
14145,56730,1228.8,1228.8,USD,ACH081123,2023-08-11 00:00:00,2023-08-11 00:00:00,0,NULL,CRE,,NULL,4209
14146,56729,1513.2,1513.2,USD,ACH081123,2023-08-11 00:00:00,2023-08-11 00:00:00,0,NULL,CRE,,NULL,4209
14147,56628,3283.92,3283.92,USD,ACH081123,2023-08-11 00:00:00,2023-08-11 00:00:00,0,NULL,CRE,,NULL,4210
14148,56702,12139.4,12139.4,USD,ACH081123,2023-08-11 00:00:00,2023-08-11 00:00:00,0,NULL,CRE,,NULL,4211
14149,56745,7381.4,7381.4,USD,ACH081023,2023-08-10 00:00:00,2023-08-10 00:00:00,0,NULL,CRE,,NULL,4212
14150,56663,4572,4572,USD,ACH081412,2023-08-14 00:00:00,2023-08-14 00:00:00,0,NULL,CRE,,NULL,4213
14151,55946,-216.85,-216.85,USD,ACH081523,2023-08-15 00:00:00,2023-08-15 00:00:00,0,NULL,CRE,,NULL,4214
14152,56626,962.46,962.46,USD,ACH081523,2023-08-15 00:00:00,2023-08-15 00:00:00,0,NULL,CRE,,NULL,4214
14153,56256,-6.4,-6.4,USD,CK 2073,2023-08-16 00:00:00,2023-08-16 12:27:23,0,NULL,CRE,UNDO 14123,NULL,4215
14154,56256,3200,3200,USD,ACG051523,2023-08-16 00:00:00,2023-08-16 00:00:00,0,1186,UAC,,NULL,4216
14155,56256,6.4,6.4,USD,CK 2073,2023-07-31 00:00:00,2023-07-31 00:00:00,0,NULL,CRE,,NULL,4217
14156,56256,-3200,-3200,USD,ACG051523,2023-08-16 00:00:00,2023-08-16 13:21:16,0,1186,UAC,UNDO 14154,NULL,4218
14157,56256,3200,3200,USD,ACG051523,2023-08-16 00:00:00,2023-08-16 00:00:00,0,1186,UAC,,NULL,4219
14158,56256,-3200,-3200,USD,ACG051523,2023-08-16 00:00:00,2023-08-16 13:22:57,0,1186,UAC,UNDO 14157,NULL,4220
14159,56256,3200,3200,USD,ACG051523,2023-07-31 00:00:00,2023-07-31 00:00:00,0,1186,UAC,,NULL,4221
14160,56666,17732.5,17732.5,USD,ACH081623,2023-08-16 00:00:00,2023-08-16 00:00:00,0,NULL,CRE,,NULL,4222
14161,55886,5000,5000,USD,ACH081723,2023-08-17 00:00:00,2023-08-17 00:00:00,0,NULL,CRE,,NULL,4223
14163,56736,1387.36,1387.36,USD,ACH081823,2023-08-18 00:00:00,2023-08-18 00:00:00,0,NULL,CRE,,NULL,4225
14164,56732,1095.12,1095.12,USD,ACH081823,2023-08-18 00:00:00,2023-08-18 00:00:00,0,NULL,CRE,,NULL,4225
14165,56733,1287.36,1287.36,USD,ACH081823,2023-08-18 00:00:00,2023-08-18 00:00:00,0,NULL,CRE,,NULL,4225
14166,56741,1726.08,1726.08,USD,ACH081823,2023-08-18 00:00:00,2023-08-18 00:00:00,0,NULL,CRE,,NULL,4225
14167,56747,1432.2,1432.2,USD,ACH081823,2023-08-18 00:00:00,2023-08-18 00:00:00,0,NULL,CRE,,NULL,4225
14168,56665,11620,11620,USD,ACH081823,2023-08-18 00:00:00,2023-08-18 00:00:00,0,NULL,CRE,,NULL,4226
14169,56706,71.82,71.82,USD,ACH081823,2023-08-18 00:00:00,2023-08-18 00:00:00,0,NULL,CRE,,NULL,4226
14170,56674,7167.6,7167.6,USD,CK 00025771,2023-08-21 00:00:00,2023-08-21 00:00:00,0,NULL,CRE,,NULL,4227
14171,56705,2560,2560,USD,CK 119367,2023-08-21 00:00:00,2023-08-21 00:00:00,0,NULL,CRE,,NULL,4228
14172,56777,4030,4030,USD,CK 119367,2023-08-21 00:00:00,2023-08-21 00:00:00,0,NULL,CRE,,NULL,4228
14173,56685,6553.6,6553.6,USD,CK 7684,2023-08-21 00:00:00,2023-08-21 00:00:00,0,NULL,CRE,,NULL,4229
14174,56688,6321.6,6321.6,USD,CK 3259,2023-08-21 00:00:00,2023-08-21 00:00:00,0,NULL,CRE,,NULL,4230
14175,56724,2757.6,2757.6,USD,CK 125545,2023-08-21 00:00:00,2023-08-21 00:00:00,0,NULL,CRE,,NULL,4231
14176,56671,6260.94,6260.94,USD,CK 00025405,2023-08-21 00:00:00,2023-08-21 00:00:00,0,NULL,CRE,,NULL,4232
14177,56599,11534.88,11534.88,USD,CK 00025405,2023-08-21 00:00:00,2023-08-21 00:00:00,0,NULL,CRE,,NULL,4232
14178,56672,5909.4,5909.4,USD,CK 82702,2023-08-21 00:00:00,2023-08-21 00:00:00,0,NULL,CRE,,NULL,4233
14179,56678,4132,4132,USD,CK 391490,2023-08-24 00:00:00,2023-08-24 00:00:00,0,NULL,CRE,,NULL,4234
14180,56689,13280.15,13280.15,USD,ACH082323,2023-08-23 00:00:00,2023-08-23 00:00:00,0,NULL,CRE,,NULL,4235
14181,56351INV,1335,1335,USD,PAYPAL,2023-08-18 00:00:00,2023-08-18 00:00:00,0,NULL,CRE,,NULL,4236
14182,56352INV,1335,1335,USD,PAYPAL,2023-08-18 00:00:00,2023-08-18 00:00:00,0,NULL,CRE,,NULL,4236
14183,56653,900,900,USD,ACH082423,2023-08-24 00:00:00,2023-08-24 00:00:00,0,NULL,CRE,,NULL,4237
14184,56748,1068.12,1068.12,USD,ACH082523,2023-08-25 00:00:00,2023-08-25 00:00:00,0,NULL,CRE,,NULL,4238
14185,56753,1559.04,1559.04,USD,ACH082523,2023-08-25 00:00:00,2023-08-25 00:00:00,0,NULL,CRE,,NULL,4238
14186,56763,1466.48,1466.48,USD,ACH082523,2023-08-25 00:00:00,2023-08-25 00:00:00,0,NULL,CRE,,NULL,4238
14187,56742,7640,7640,USD,ACG082823,2023-08-28 00:00:00,2023-08-28 00:00:00,0,NULL,CRE,,NULL,4239
14189,56708,1827.1,1827.1,USD,CK 7687,2023-08-28 00:00:00,2023-08-28 00:00:00,0,NULL,CRE,,NULL,4241
14190,56627,928.1,928.1,USD,ACH083023,2023-08-30 00:00:00,2023-08-30 00:00:00,0,NULL,CRE,,NULL,4242
14191,56635,1542.99,1542.99,USD,ACH083023,2023-08-30 00:00:00,2023-08-30 00:00:00,0,NULL,CRE,,NULL,4242
14192,56746,5513.1,5513.1,USD,ACH083123,2023-08-31 00:00:00,2023-08-31 00:00:00,0,NULL,CRE,,NULL,4243
14193,56691,4676,4676,USD,391778,2023-09-05 00:00:00,2023-09-05 00:00:00,0,NULL,CRE,,NULL,4244
14194,56766INV,250,250,USD,123915,2023-09-05 00:00:00,2023-09-05 00:00:00,0,NULL,CRE,,NULL,4245
14195,56521,6034.4,6034.4,USD,CK 214501,2023-09-05 00:00:00,2023-09-05 00:00:00,0,NULL,CRE,,NULL,4246
14196,56709,7506,7506,USD,CK 7693,2023-09-08 00:00:00,2023-09-08 00:00:00,0,NULL,CRE,,NULL,4247
14197,56762,5888.4,5888.4,USD,ACH090823,2023-09-08 00:00:00,2023-09-08 00:00:00,0,NULL,CRE,,NULL,4248
14198,56755,1182.32,1182.32,USD,ACH090823,2023-09-08 00:00:00,2023-09-08 00:00:00,0,NULL,CRE,,NULL,4249
14199,56815,1498.56,1498.56,USD,ACH090823,2023-09-08 00:00:00,2023-09-08 00:00:00,0,NULL,CRE,,NULL,4249
14200,56502,5949.32,5949.32,USD,ACH090123,2023-09-01 00:00:00,2023-09-01 00:00:00,0,NULL,CRE,,NULL,4250
14201,56757INV,350,350,USD,ACH090723,2023-09-07 00:00:00,2023-09-07 00:00:00,0,NULL,CRE,,NULL,4251
14202,56735,7318.8,7318.8,USD,ACH090523,2023-09-05 00:00:00,2023-09-05 00:00:00,0,NULL,CRE,,NULL,4252
14203,56353,22859.4,22859.4,USD,WIR090523,2023-09-05 00:00:00,2023-09-05 00:00:00,0,NULL,CRE,,NULL,4253
14204,56758,3868.6,3868.6,USD,AR090523,2023-09-05 00:00:00,2023-09-05 00:00:00,0,NULL,CRE,,NULL,4254
14205,56743,7612,7612,USD,AR090523,2023-09-05 00:00:00,2023-09-05 00:00:00,0,NULL,CRE,,NULL,4254
14206,56764,1315.6,1315.6,USD,ACH090123,2023-09-12 00:00:00,2023-09-12 00:00:00,0,NULL,CRE,,NULL,4255
14207,56473,1326.08,1326.08,USD,ACH090123,2023-09-12 00:00:00,2023-09-12 00:00:00,0,NULL,CRE,,NULL,4255
14208,56767,1586.4,1586.4,USD,ACH090123,2023-09-12 00:00:00,2023-09-12 00:00:00,0,NULL,CRE,,NULL,4255
14209,56766,1255.68,1255.68,USD,ACH090123,2023-09-12 00:00:00,2023-09-12 00:00:00,0,NULL,CRE,,NULL,4255
14210,56786,1799.96,1799.96,USD,ACH090123,2023-09-12 00:00:00,2023-09-12 00:00:00,0,NULL,CRE,,NULL,4255
14211,56630,915.6,915.6,USD,ACH091123,2023-09-11 00:00:00,2023-09-11 00:00:00,0,NULL,CRE,,NULL,4256
14212,56728,6188.85,6188.85,USD,CK 82863,2023-09-13 00:00:00,2023-09-13 00:00:00,0,NULL,CRE,,NULL,4257
14213,56731,6871.4,6871.4,USD,CK 7695,2023-09-14 00:00:00,2023-09-14 00:00:00,0,NULL,CRE,,NULL,4258
14214,56710,2068,2068,USD,CK 11121,2023-09-15 00:00:00,2023-09-15 00:00:00,0,NULL,CRE,,NULL,4259
14215,56699,9719.84,9719.84,USD,CK 0002755,2023-09-05 00:00:00,2023-09-05 00:00:00,0,NULL,CRE,,NULL,4260
14216,56613,899.12,899.12,USD,ACH091923,2023-09-19 00:00:00,2023-09-19 00:00:00,0,NULL,CRE,,NULL,4261
14217,56759,6456.8,6456.8,USD,ACH091523,2023-09-15 00:00:00,2023-09-15 00:00:00,0,NULL,CRE,,NULL,4262
14218,56696,1450,1450,USD,ACH091523,2023-09-15 00:00:00,2023-09-15 00:00:00,0,NULL,CRE,,NULL,4263
14219,56813,1851.36,1851.36,USD,ACH091523,2023-09-15 00:00:00,2023-09-15 00:00:00,0,NULL,CRE,,NULL,4263
14220,56380,6582.4,6582.4,USD,CK 50383,2023-09-21 00:00:00,2023-09-21 00:00:00,0,NULL,CRE,,NULL,4264
14221,56498,6982.4,6982.4,USD,CK 50383,2023-09-21 00:00:00,2023-09-21 00:00:00,0,NULL,CRE,,NULL,4264
14222,56593,6697.6,6697.6,USD,CK 50383,2023-09-21 00:00:00,2023-09-21 00:00:00,0,NULL,CRE,,NULL,4264
14223,56847,2550,2550,USD,CK 11305,2023-09-21 00:00:00,2023-09-21 00:00:00,0,NULL,CRE,,NULL,4265
14224,56855INV,200,200,USD,ACH092223,2023-09-22 00:00:00,2023-09-22 00:00:00,0,NULL,CRE,,NULL,4266
14225,56821,1654.4,1654.4,USD,ACH092223,2023-09-22 00:00:00,2023-09-22 00:00:00,0,NULL,CRE,,NULL,4267
14226,56822,1666.4,1666.4,USD,ACH092223,2023-09-22 00:00:00,2023-09-22 00:00:00,0,NULL,CRE,,NULL,4267
14227,56820,1668,1668,USD,ACH092223,2023-09-22 00:00:00,2023-09-22 00:00:00,0,NULL,CRE,,NULL,4267
14228,56756,14785.2,14785.2,USD,ACH092023,2023-09-20 00:00:00,2023-09-20 00:00:00,0,NULL,CRE,,NULL,4268
14229,56734,1192.4,1192.4,USD,ACH092223,2023-09-22 00:00:00,2023-09-22 00:00:00,0,NULL,CRE,,NULL,4269
14230,56812,888.96,888.96,USD,ACH092223,2023-09-22 00:00:00,2023-09-22 00:00:00,0,NULL,CRE,,NULL,4269
14231,56784,1685,1685,USD,ACH092223,2023-09-22 00:00:00,2023-09-22 00:00:00,0,NULL,CRE,,NULL,4270
14232,56855,68.4,68.4,USD,CK 17781,2023-09-25 00:00:00,2023-09-25 00:00:00,0,NULL,CRE,,NULL,4271
14233,56809,3946.05,3946.05,USD,CK 3574,2023-09-25 00:00:00,2023-09-25 00:00:00,0,NULL,CRE,,NULL,4272
14234,56814,5203.63,5203.63,USD,CK 3574,2023-09-25 00:00:00,2023-09-25 00:00:00,0,NULL,CRE,,NULL,4272
14235,56768,7218.2,7218.2,USD,CK 7696,2023-09-25 00:00:00,2023-09-25 00:00:00,0,NULL,CRE,,NULL,4273
14236,56837,1920,1920,USD,CK 2408,2023-09-25 00:00:00,2023-09-25 00:00:00,0,NULL,CRE,,NULL,4274
14237,56744,2863.28,2863.28,USD,CK 2225,2023-09-25 00:00:00,2023-09-25 00:00:00,0,NULL,CRE,,NULL,4275
14238,56727,6203.4,6203.4,USD,CK 00028684,2023-09-25 00:00:00,2023-09-25 00:00:00,0,NULL,CRE,,NULL,4276
14239,56830,672,672,USD,ACH092523,2023-09-25 00:00:00,2023-09-25 00:00:00,0,NULL,CRE,,NULL,4277
14240,56770,5009.4,5009.4,USD,ACH092523,2023-09-25 00:00:00,2023-09-25 00:00:00,0,NULL,CRE,,NULL,4278
14241,56819,3420,3420,USD,ACH092723,2023-09-27 00:00:00,2023-09-27 00:00:00,0,NULL,CRE,,NULL,4279
14242,56259,3701.16,3701.16,USD,ACH092723,2023-09-27 00:00:00,2023-09-27 00:00:00,0,NULL,CRE,,NULL,4279
14243,56840,3596.1,3596.1,USD,ACJ092523,2023-09-28 00:00:00,2023-09-28 00:00:00,0,NULL,CRE,,NULL,4280
14244,56845,1358,1358,USD,ACH092923,2023-09-29 00:00:00,2023-09-29 00:00:00,0,NULL,CRE,,NULL,4281
14245,56864,1651.44,1651.44,USD,ACH092923,2023-09-29 00:00:00,2023-09-29 00:00:00,0,NULL,CRE,,NULL,4281
14246,56524,3800.44,3800.44,USD,WIR092923,2023-09-29 00:00:00,2023-09-29 00:00:00,0,NULL,CRE,,NULL,4282
14247,56652,4133.6,4133.6,USD,WIR092923,2023-09-29 00:00:00,2023-09-29 00:00:00,0,NULL,CRE,,NULL,4282
14248,56839,7485.4,7485.4,USD,ACH100223,2023-10-02 00:00:00,2023-10-02 00:00:00,0,NULL,CRE,,NULL,4283
14249,56817,9295.92,9295.92,USD,CK 7697,2023-10-02 00:00:00,2023-10-02 00:00:00,0,NULL,CRE,,NULL,4284
14250,56773,5130.4,5130.4,USD,CK 23693,2023-10-02 00:00:00,2023-10-02 00:00:00,0,NULL,CRE,,NULL,4285
14251,56823,1626.4,1626.4,USD,ACH100223,2023-10-02 00:00:00,2023-10-02 00:00:00,0,NULL,CRE,,NULL,4286
14252,56801INV,350,350,USD,ACH100323,2023-10-03 00:00:00,2023-10-03 00:00:00,0,NULL,CRE,,NULL,4287
14253,56866,1342.32,1342.32,USD,ACJ100623,2023-10-06 00:00:00,2023-10-06 00:00:00,0,NULL,CRE,,NULL,4288
14254,56856,1471,1471,USD,ACJ100623,2023-10-06 00:00:00,2023-10-06 00:00:00,0,NULL,CRE,,NULL,4288
14255,56885,1478.4,1478.4,USD,ACJ100623,2023-10-06 00:00:00,2023-10-06 00:00:00,0,NULL,CRE,,NULL,4288
14256,56880,1214.16,1214.16,USD,ACJ100623,2023-10-06 00:00:00,2023-10-06 00:00:00,0,NULL,CRE,,NULL,4288
14257,56808,3197.6,3197.6,USD,ACH100623,2023-10-06 00:00:00,2023-10-06 00:00:00,0,NULL,CRE,,NULL,4289
14258,56802,3361.6,3361.6,USD,ACH100623,2023-10-06 00:00:00,2023-10-06 00:00:00,0,NULL,CRE,,NULL,4289
14259,56804,3510.4,3510.4,USD,ACH100623,2023-10-06 00:00:00,2023-10-06 00:00:00,0,NULL,CRE,,NULL,4289
14260,56789,1269.6,1269.6,USD,ACH100623,2023-10-06 00:00:00,2023-10-06 00:00:00,0,NULL,CRE,,NULL,4290
14261,56796,1380,1380,USD,ACH100623,2023-10-06 00:00:00,2023-10-06 00:00:00,0,NULL,CRE,,NULL,4290
14262,56818,9612,9612,USD,CK 7701,2023-10-10 00:00:00,2023-10-10 00:00:00,0,NULL,CRE,,NULL,4291
14263,56878,7987,7987,USD,ACH101023,2023-10-10 00:00:00,2023-10-10 00:00:00,0,NULL,CRE,,NULL,4292
14264,56723,7800,7800,USD,ACH101123,2023-10-11 00:00:00,2023-10-11 00:00:00,0,NULL,CRE,,NULL,4293
14265,56852,14244.3,14244.3,USD,ACH101323,2023-10-13 00:00:00,2023-10-13 00:00:00,0,NULL,CRE,,NULL,4294
14266,56894,1713.64,1713.64,USD,ACH101323,2023-10-13 00:00:00,2023-10-13 00:00:00,0,NULL,CRE,,NULL,4295
14267,56924,1523.12,1523.12,USD,ACH101323,2023-10-13 00:00:00,2023-10-13 00:00:00,0,NULL,CRE,,NULL,4295
14268,56824,1662.4,1662.4,USD,ACH101323,2023-10-13 00:00:00,2023-10-13 00:00:00,0,NULL,CRE,,NULL,4296
14269,56842,3196.6,3196.6,USD,CK 3691,2023-10-13 00:00:00,2023-10-13 00:00:00,0,NULL,CRE,,NULL,4297
14270,56775,9411.84,9411.84,USD,29660,2023-10-13 00:00:00,2023-10-13 00:00:00,0,NULL,CRE,,NULL,4298
14271,56816,959,959,USD,CK 37689,2023-10-13 00:00:00,2023-10-13 00:00:00,0,NULL,CRE,,NULL,4299
14272,56910,3798.7,3798.7,USD,ACH101623,2023-10-16 00:00:00,2023-10-16 00:00:00,0,NULL,CRE,,NULL,4300
14273,56831,1920,1920,USD,ACH101623,2023-10-16 00:00:00,2023-10-16 00:00:00,0,NULL,CRE,,NULL,4301
14274,56872,1920,1920,USD,ACH101623,2023-10-16 00:00:00,2023-10-16 00:00:00,0,NULL,CRE,,NULL,4301
14275,56838,260,260,USD,CK 5899,2023-10-19 00:00:00,2023-10-19 00:00:00,0,NULL,CRE,,NULL,4302
14276,56844,270,270,USD,CK 5899,2023-10-19 00:00:00,2023-10-19 00:00:00,0,NULL,CRE,,NULL,4302
14277,56854,270,270,USD,CK 5899,2023-10-19 00:00:00,2023-10-19 00:00:00,0,NULL,CRE,,NULL,4302
14278,56867,280,280,USD,CK 5899,2023-10-19 00:00:00,2023-10-19 00:00:00,0,NULL,CRE,,NULL,4302
14279,56905,290,290,USD,CK 5899,2023-10-19 00:00:00,2023-10-19 00:00:00,0,NULL,CRE,,NULL,4302
14280,56776,6840,6840,USD,CK 7703,2023-10-19 00:00:00,2023-10-19 00:00:00,0,NULL,CRE,,NULL,4303
14281,56858,6238.5,6238.5,USD,CK 83140,2023-10-19 00:00:00,2023-10-19 00:00:00,0,NULL,CRE,,NULL,4304
14282,56853,649.95,649.95,USD,CK 120052,2023-10-19 00:00:00,2023-10-19 00:00:00,0,NULL,CRE,,NULL,4305
14283,56892,1567,1567,USD,CK 120052,2023-10-19 00:00:00,2023-10-19 00:00:00,0,NULL,CRE,,NULL,4305
14284,56893,3060,3060,USD,CK 120052,2023-10-19 00:00:00,2023-10-19 00:00:00,0,NULL,CRE,,NULL,4305
14285,56896,4719,4719,USD,CK 120052,2023-10-19 00:00:00,2023-10-19 00:00:00,0,NULL,CRE,,NULL,4305
14286,56899,4144,4144,USD,CK 120052,2023-10-19 00:00:00,2023-10-19 00:00:00,0,NULL,CRE,,NULL,4305
14287,56900,4128,4128,USD,CK 120052,2023-10-19 00:00:00,2023-10-19 00:00:00,0,NULL,CRE,,NULL,4305
14288,56868,1789.25,1789.25,USD,ACH102023,2023-10-20 00:00:00,2023-10-20 00:00:00,0,1200,UAC,,NULL,4307
14289,56915,1712.52,1712.52,USD,ACH102023,2023-10-20 00:00:00,2023-10-20 00:00:00,0,NULL,CRE,,NULL,4308
14290,56920,310.75,310.75,USD,ACH102023,2023-10-20 00:00:00,2023-10-20 00:00:00,0,NULL,CRE,,NULL,4308
14291,56917,1188.8,1188.8,USD,ACH102023,2023-10-20 00:00:00,2023-10-20 00:00:00,0,NULL,CRE,,NULL,4308
14292,56790,900,900,USD,ACH102023,2023-10-20 00:00:00,2023-10-20 00:00:00,0,NULL,CRE,,NULL,4309
14293,56797,1095,1095,USD,ACH102023,2023-10-20 00:00:00,2023-10-20 00:00:00,0,NULL,CRE,,NULL,4309
14294,56881,6323.2,6323.2,USD,ACH102023,2023-10-20 00:00:00,2023-10-20 00:00:00,0,NULL,CRE,,NULL,4310
14295,56707,988.17,988.17,USD,ACH102023,2023-10-20 00:00:00,2023-10-20 00:00:00,0,NULL,CRE,,NULL,4311
14296,55886,2112.8,2112.8,USD,ACH102023,2023-10-20 00:00:00,2023-10-20 00:00:00,0,NULL,CRE,,NULL,4312
14297,55958,6684.4,6684.4,USD,ACH102023,2023-10-20 00:00:00,2023-10-20 00:00:00,0,NULL,CRE,,NULL,4312
14298,55888,2961.4,2961.4,USD,ACH102023,2023-10-20 00:00:00,2023-10-20 00:00:00,0,NULL,CRE,,NULL,4312
14299,55957,966,966,USD,ACH102023,2023-10-20 00:00:00,2023-10-20 00:00:00,0,NULL,CRE,,NULL,4312
14300,56865,6789.6,6789.6,USD,ACH102323,2023-10-23 00:00:00,2023-10-23 00:00:00,0,NULL,CRE,,NULL,4313
14301,56913,1920,1920,USD,ACH102323,2023-10-23 00:00:00,2023-10-23 00:00:00,0,NULL,CRE,,NULL,4314
14302,56869,1735.7,1735.7,USD,ACH102023,2023-10-23 00:00:00,2023-10-23 00:00:00,0,1200,UAC,,NULL,4315
14303,56736INV,250,250,USD,CK 124196,2023-10-23 00:00:00,2023-10-23 00:00:00,0,NULL,CRE,,NULL,4316
14304,56889,3714.75,3714.75,USD,CK 3850,2023-10-23 00:00:00,2023-10-23 00:00:00,0,NULL,CRE,,NULL,4317
14305,56825,4582.6,4582.6,USD,CK 23773,2023-10-23 00:00:00,2023-10-23 00:00:00,0,NULL,CRE,,NULL,4318
14306,56607INV,2615,2615,USD,OFFSET,2023-10-26 00:00:00,2023-10-26 12:09:24,0,0,OFF,,NULL,O110035
14307,56921,8347.5,8347.5,USD,ACH102723,2023-10-27 00:00:00,2023-10-27 00:00:00,0,NULL,CRE,,NULL,4319
14308,56857INV,200,200,USD,CK 70011881,2023-10-30 00:00:00,2023-10-30 00:00:00,0,NULL,CRE,,NULL,4320
14309,56850,4350.35,4350.35,USD,CK 208151,2023-10-30 00:00:00,2023-10-30 00:00:00,0,NULL,CRE,,NULL,4321
14310,56879,4255.2,4255.2,USD,CK 7706,2023-10-30 00:00:00,2023-10-30 00:00:00,0,NULL,CRE,,NULL,4322
14311,56888,7161.6,7161.6,USD,CK 7706,2023-10-30 00:00:00,2023-10-30 00:00:00,0,NULL,CRE,,NULL,4322
14312,56633INV,682.64,682.64,USD,CK 6993,2023-10-30 00:00:00,2023-10-30 00:00:00,0,NULL,CRE,,NULL,4323
14313,56810,3177,3177,USD,CK 23818,2023-10-30 00:00:00,2023-10-30 00:00:00,0,NULL,CRE,,NULL,4324
14314,56834,1094.4,1094.4,USD,ACH102723,2023-10-27 00:00:00,2023-10-27 00:00:00,0,NULL,CRE,,NULL,4325
14315,56697,427.5,427.5,USD,ACH103023,2023-10-30 00:00:00,2023-10-30 00:00:00,0,NULL,CRE,,NULL,4326
14316,56608R,161.8,161.8,USD,ACH103023,2023-10-30 00:00:00,2023-10-30 00:00:00,0,NULL,CRE,,NULL,4326
14317,56713,2177.5,2177.5,USD,ACH103023,2023-10-30 00:00:00,2023-10-30 00:00:00,0,NULL,CRE,,NULL,4326
14318,56760,1707,1707,USD,ACH103023,2023-10-30 00:00:00,2023-10-30 00:00:00,0,NULL,CRE,,NULL,4326
14319,56891,1034,1034,USD,ACH102723,2023-10-27 00:00:00,2023-10-27 00:00:00,0,NULL,CRE,,NULL,4327
14320,56859,4176,4176,USD,ACH103123,2023-10-31 00:00:00,2023-10-31 00:00:00,0,NULL,CRE,,NULL,4328
14321,56963,8582.19,8582.19,USD,CK 120167,2023-11-02 00:00:00,2023-11-02 00:00:00,0,NULL,CRE,,NULL,4329
14322,56932,427.36,427.36,USD,CJ 2903,2023-11-03 00:00:00,2023-11-03 00:00:00,0,NULL,CRE,,NULL,4330
14323,56873,1920,1920,USD,CK 28828,2023-11-03 00:00:00,2023-11-03 00:00:00,0,NULL,CRE,,NULL,4331
14324,56973,3910,3910,USD,CK 2486,2023-11-06 00:00:00,2023-11-06 00:00:00,0,NULL,CRE,,NULL,4332
14325,56863,2342.4,2342.4,USD,CK 11941,2023-11-06 00:00:00,2023-11-06 00:00:00,0,NULL,CRE,,NULL,4333
14326,56918,1699.2,1699.2,USD,CK 3940,2023-11-07 00:00:00,2023-11-07 00:00:00,0,1202,UAC,,NULL,4335
14327,56958,4220.1,4220.1,USD,CK 3940,2023-11-07 00:00:00,2023-11-07 00:00:00,0,1202,UAC,,NULL,4335
14328,56891,205.24,205.24,USD,ACH111023,2023-11-10 00:00:00,2023-11-10 00:00:00,0,NULL,CRE,,NULL,4336
14329,56750,1049.4,1049.4,USD,ACH111323,2023-11-13 00:00:00,2023-11-13 00:00:00,0,NULL,CRE,,NULL,4337
14330,56740,798.66,798.66,USD,ACH111323,2023-11-13 00:00:00,2023-11-13 00:00:00,0,NULL,CRE,,NULL,4337
14331,56749,988.2,988.2,USD,ACH111323,2023-11-13 00:00:00,2023-11-13 00:00:00,0,NULL,CRE,,NULL,4337
14332,56722,1157.46,1157.46,USD,ACH111323,2023-11-13 00:00:00,2023-11-13 00:00:00,0,NULL,CRE,,NULL,4337
14333,56856INV,250,250,USD,ACH111323,2023-11-13 00:00:00,2023-11-13 00:00:00,0,NULL,CRE,,NULL,4338
14334,56965,3910,3910,USD,ACH111523,2023-11-15 00:00:00,2023-11-15 00:00:00,0,NULL,CRE,,NULL,4339
14335,56897,7876,7876,USD,CK 74567,2023-11-16 00:00:00,2023-11-16 00:00:00,0,NULL,CRE,,NULL,4340
14336,56909,2207,2207,USD,CK 010143,2023-11-16 00:00:00,2023-11-16 00:00:00,0,NULL,CRE,,NULL,4341
14337,56827,3655.8,3655.8,USD,CK 23913,2023-11-16 00:00:00,2023-11-16 00:00:00,0,NULL,CRE,,NULL,4342
14338,56754,1107.5,1107.5,USD,CK 23913,2023-11-16 00:00:00,2023-11-16 00:00:00,0,NULL,CRE,,NULL,4342
14339,56918,-1699.2,-1699.2,USD,CK 3940,2023-11-17 00:00:00,2023-11-17 14:29:18,0,1202,UAC,UNDO 14326,NULL,4343
14340,56918,1699.2,1699.2,USD,CK 3940,2023-11-17 00:00:00,2023-11-17 00:00:00,0,1202,UAC,,NULL,4344
14341,56323INV,200,200,USD,ACH082123,2023-08-21 00:00:00,2023-08-21 00:00:00,0,NULL,CRE,,NULL,4345
14342,56716INV,200,200,USD,ACH082123,2023-08-21 00:00:00,2023-08-21 00:00:00,0,NULL,CRE,,NULL,4345
14343,56906,260,260,USD,CK 6133,2023-11-20 00:00:00,2023-11-20 00:00:00,0,1203,UAC,,NULL,4347
14344,56953,130,130,USD,CK 6133,2023-11-20 00:00:00,2023-11-20 00:00:00,0,1203,UAC,,NULL,4347
14345,56739,5625,5625,USD,ACH112023,2023-11-20 00:00:00,2023-11-20 00:00:00,0,NULL,CRE,,NULL,4348
14346,56726,4914.54,4914.54,USD,ACH112023,2023-11-20 00:00:00,2023-11-20 00:00:00,0,NULL,CRE,,NULL,4349
14347,56902,9704.88,9704.88,USD,ACH112023,2023-11-20 00:00:00,2023-11-20 00:00:00,0,NULL,CRE,,NULL,4349
14348,56919,9672.96,9672.96,USD,ACH112023,2023-11-20 00:00:00,2023-11-20 00:00:00,0,NULL,CRE,,NULL,4349
14349,56936,9840.24,9840.24,USD,ACH112023,2023-11-20 00:00:00,2023-11-20 00:00:00,0,NULL,CRE,,NULL,4349
14350,56930,5959.8,5959.8,USD,ACH111723,2023-11-17 00:00:00,2023-11-17 00:00:00,0,NULL,CRE,,NULL,4350
14351,56946,2755.2,2755.2,USD,ACH111723,2023-11-17 00:00:00,2023-11-17 00:00:00,0,NULL,CRE,,NULL,4350
14352,56959,5661.09,5661.09,USD,ACH111723,2023-11-17 00:00:00,2023-11-17 00:00:00,0,NULL,CRE,,NULL,4351
14353,56612INV,200,200,USD,ACH081423,2023-08-14 00:00:00,2023-08-14 00:00:00,0,NULL,CRE,,NULL,4352
14354,56214INV,200,200,USD,ACH111323,2023-11-13 00:00:00,2023-11-13 00:00:00,0,NULL,CRE,,NULL,4353
14355,56966,7816,7816,USD,ACH112123,2023-11-21 00:00:00,2023-11-21 00:00:00,0,NULL,CRE,,NULL,4354
14356,56716,50.39,50.39,USD,OFFSET,2023-11-21 00:00:00,2023-11-21 16:18:41,0,0,OFF,,NULL,O110138
14357,56693,24.7,24.7,USD,OFFSET,2023-11-21 00:00:00,2023-11-21 16:18:59,0,0,OFF,,NULL,O110139
14358,56772,133,133,USD,OFFSET,2023-11-21 00:00:00,2023-11-21 16:19:12,0,0,OFF,,NULL,O110140
14359,56828,133,133,USD,OFFSET,2023-11-21 00:00:00,2023-11-21 16:19:23,0,0,OFF,,NULL,O110141
14360,56908,39.6,39.6,USD,OFFSET,2023-11-21 00:00:00,2023-11-21 16:19:34,0,0,OFF,,NULL,O110142
14361,57000,1384.6,1384.6,USD,ACH112223,2023-11-22 00:00:00,2023-11-22 00:00:00,0,NULL,CRE,,NULL,4355
14362,57008,1635.32,1635.32,USD,ACH112223,2023-11-22 00:00:00,2023-11-22 00:00:00,0,NULL,CRE,,NULL,4355
14363,56860,1440,1440,USD,ACH112223,2023-11-22 00:00:00,2023-11-22 00:00:00,0,NULL,CRE,,NULL,4356
14364,56925,1466.4,1466.4,USD,ACH112223,2023-11-22 00:00:00,2023-11-22 00:00:00,0,NULL,CRE,,NULL,4356
14365,56907,1216.8,1216.8,USD,ACH112223,2023-11-22 00:00:00,2023-11-22 00:00:00,0,NULL,CRE,,NULL,4356
14366,56675,1005.1,1005.1,USD,IB-11-22-23,2023-10-26 00:00:00,2023-10-26 00:00:00,0,NULL,CRE,,NULL,4357
14367,56816,191.8,191.8,USD,CK 37918,2023-11-25 00:00:00,2023-11-25 00:00:00,0,NULL,CRE,,NULL,4358
14368,56940,12996.3,12996.3,USD,CK 114767,2023-11-25 00:00:00,2023-11-25 00:00:00,0,NULL,CRE,,NULL,4359
14369,56898,7924,7924,USD,CK 74638,2023-11-25 00:00:00,2023-11-25 00:00:00,0,NULL,CRE,,NULL,4360
14370,56960,750,750,USD,CK 74638,2023-11-25 00:00:00,2023-11-25 00:00:00,0,NULL,CRE,,NULL,4360
14371,56949,1177.08,1177.08,USD,CK 011157,2023-11-25 00:00:00,2023-11-25 00:00:00,0,NULL,CRE,,NULL,4361
14372,56976,1624.56,1624.56,USD,CK 011178,2023-11-25 00:00:00,2023-11-25 00:00:00,0,NULL,CRE,,NULL,4362
14373,56890,2382.8,2382.8,USD,CK 23995,2023-11-25 00:00:00,2023-11-25 00:00:00,0,NULL,CRE,,NULL,4363
14374,55807,-261.8,-261.8,USD,CM55807,2023-11-28 00:00:00,2023-11-28 00:00:00,0,NULL,CRE,,NULL,4364
14375,56094,261.8,261.8,USD,CM55807,2023-11-28 00:00:00,2023-11-28 00:00:00,0,NULL,CRE,,NULL,4364
14376,55804,-85.4,-85.4,USD,55804,2023-11-28 00:00:00,2023-11-28 00:00:00,0,NULL,CRE,,NULL,4365
14377,56094,85.4,85.4,USD,55804,2023-11-28 00:00:00,2023-11-28 00:00:00,0,NULL,CRE,,NULL,4365
14378,56094,6.4,6.4,USD,56146,2023-11-28 00:00:00,2023-11-28 00:00:00,0,NULL,CRE,,NULL,4366
14379,56146,-6.4,-6.4,USD,56146,2023-11-28 00:00:00,2023-11-28 00:00:00,0,NULL,CRE,,NULL,4366
14380,56851,6512.31,6512.31,USD,CK 001061,2023-11-28 00:00:00,2023-11-28 00:00:00,0,NULL,CRE,,NULL,4367
14381,56953,130,130,USD,CK 6199,2023-11-28 00:00:00,2023-11-28 00:00:00,0,NULL,CRE,,NULL,4368
14382,56964,260,260,USD,CK 6199,2023-11-28 00:00:00,2023-11-28 00:00:00,0,NULL,CRE,,NULL,4368
14383,56911,1920,1920,USD,CK 2523,2023-11-28 00:00:00,2023-11-28 00:00:00,0,NULL,CRE,,NULL,4369
14384,56978,500,500,USD,CM 56981,2023-11-29 00:00:00,2023-11-29 00:00:00,0,NULL,CRE,,NULL,4370
14385,56981,-500,-500,USD,CM 56981,2023-11-29 00:00:00,2023-11-29 00:00:00,0,NULL,CRE,,NULL,4370
14386,56978,5724,5724,USD,ACH112423,2023-11-24 00:00:00,2023-11-24 00:00:00,0,NULL,CRE,,NULL,4371
14387,56931,2037,2037,USD,ACH112823,2023-11-28 00:00:00,2023-11-28 00:00:00,0,NULL,CRE,,NULL,4372
14388,56977,2298,2298,USD,ACH112823,2023-11-28 00:00:00,2023-11-28 00:00:00,0,NULL,CRE,,NULL,4372
14389,56943,1563,1563,USD,ACH112823,2023-11-28 00:00:00,2023-11-28 00:00:00,0,NULL,CRE,,NULL,4372
14390,57012,17023.5,17023.5,USD,ACH112823,2023-11-28 00:00:00,2023-11-28 00:00:00,0,NULL,CRE,,NULL,4373
14391,56950,9171.7,9171.7,USD,ACH120423,2023-12-04 00:00:00,2023-12-04 00:00:00,0,NULL,CRE,,NULL,4374
14392,56914,9838.4,9838.4,USD,ACH120423,2023-12-04 00:00:00,2023-12-04 00:00:00,0,NULL,CRE,,NULL,4374
14393,56984,8733,8733,USD,ACH120423,2023-12-04 00:00:00,2023-12-04 00:00:00,0,NULL,CRE,,NULL,4374
14394,56870,1714.11,1714.11,USD,ACH120423,2023-12-04 00:00:00,2023-12-04 00:00:00,0,NULL,CRE,,NULL,4375
14395,57059,3137.2,3137.2,USD,CL 25819,2023-12-05 00:00:00,2023-12-05 00:00:00,0,NULL,CRE,,NULL,4376
14396,57050,1785,1785,USD,ACH120523,2023-12-05 00:00:00,2023-12-05 00:00:00,0,NULL,CRE,,NULL,4377
14397,56948,5157.38,5157.38,USD,CK 7718,2023-12-08 00:00:00,2023-12-08 00:00:00,0,NULL,CRE,,NULL,4378
14398,56947,5307.5,5307.5,USD,CK 7718,2023-12-08 00:00:00,2023-12-08 00:00:00,0,NULL,CRE,,NULL,4378
14399,56941,5340,5340,USD,CK 7718,2023-12-08 00:00:00,2023-12-08 00:00:00,0,NULL,CRE,,NULL,4378
14400,56483,7097.6,7097.6,USD,CK 50407,2023-12-08 00:00:00,2023-12-08 00:00:00,0,NULL,CRE,,NULL,4379
14401,56664,6234,6234,USD,CK 50407,2023-12-08 00:00:00,2023-12-08 00:00:00,0,NULL,CRE,,NULL,4379
14402,56692,2086,2086,USD,CK 50407,2023-12-08 00:00:00,2023-12-08 00:00:00,0,NULL,CRE,,NULL,4379
14403,56835,3052.8,3052.8,USD,CK 50407,2023-12-08 00:00:00,2023-12-08 00:00:00,0,NULL,CRE,,NULL,4379
14404,56901,1186.57,1186.57,USD,CK 24044,2023-12-08 00:00:00,2023-12-08 00:00:00,0,NULL,CRE,,NULL,4380
14405,56998,1562.36,1562.36,USD,ACK121123,2023-12-11 00:00:00,2023-12-11 00:00:00,0,NULL,CRE,,NULL,4381
14406,57076,1702.52,1702.52,USD,ACK121123,2023-12-11 00:00:00,2023-12-11 00:00:00,0,NULL,CRE,,NULL,4381
14407,57056,1295.04,1295.04,USD,ACK121123,2023-12-11 00:00:00,2023-12-11 00:00:00,0,NULL,CRE,,NULL,4381
14408,56979,14986.65,14986.65,USD,ACH121123,2023-12-11 00:00:00,2023-12-11 00:00:00,0,NULL,CRE,,NULL,4382
14409,57003,4140,4140,USD,ACH121123,2023-12-11 00:00:00,2023-12-11 00:00:00,0,NULL,CRE,,NULL,4383
14410,57029,3990,3990,USD,ACH121123,2023-12-11 00:00:00,2023-12-11 00:00:00,0,NULL,CRE,,NULL,4383
14411,57024,2862.3,2862.3,USD,ACH120823,2023-12-08 00:00:00,2023-12-08 00:00:00,0,NULL,CRE,,NULL,4384
14412,56923,1326,1326,USD,ACH120823,2023-12-08 00:00:00,2023-12-08 00:00:00,0,NULL,CRE,,NULL,4385
14413,56980,2164.8,2164.8,USD,CK 011275,2023-12-08 00:00:00,2023-12-08 00:00:00,0,NULL,CRE,,NULL,4386
14414,57112,1955,1955,USD,ACH121223,2023-12-12 00:00:00,2023-12-12 00:00:00,0,NULL,CRE,,NULL,4387
14415,57002,5226,5226,USD,CK 7722,2023-12-13 00:00:00,2023-12-13 00:00:00,0,NULL,CRE,,NULL,4388
14416,56985,1340.52,1340.52,USD,CK 011335,2023-12-13 00:00:00,2023-12-13 00:00:00,0,NULL,CRE,,NULL,4389
14417,57035,1362,1362,USD,CK 127107,2023-12-13 00:00:00,2023-12-13 00:00:00,0,NULL,CRE,,NULL,4390
14418,56833INV,1675,1675,USD,CK 3615,2023-12-13 00:00:00,2023-12-13 00:00:00,0,NULL,CRE,,NULL,4391
14419,56613INV,178.92,178.92,USD,CK 70013651,2023-12-14 00:00:00,2023-12-14 00:00:00,0,NULL,CRE,,NULL,4392
14420,57058,493.2,493.2,USD,ACH121523,2023-12-15 00:00:00,2023-12-15 00:00:00,0,NULL,CRE,,NULL,4393
14421,57058,-493.2,-493.2,USD,ACH121523,2023-12-18 00:00:00,2023-12-18 13:45:12,0,NULL,CRE,UNDO 14420,NULL,4394
14422,57058,438.4,438.4,USD,ach121523,2023-12-18 00:00:00,2023-12-18 00:00:00,0,1209,UAC,,NULL,4396
14423,57061,1421.96,1421.96,USD,ACH121523,2023-12-15 00:00:00,2023-12-15 00:00:00,0,NULL,CRE,,NULL,4397
14424,57062,1472.32,1472.32,USD,ACH121523,2023-12-15 00:00:00,2023-12-15 00:00:00,0,NULL,CRE,,NULL,4397
14425,57065,1056.72,1056.72,USD,ACH121523,2023-12-15 00:00:00,2023-12-15 00:00:00,0,NULL,CRE,,NULL,4397
14426,57032,5073.25,5073.25,USD,CK 80305,2023-12-18 00:00:00,2023-12-18 00:00:00,0,NULL,CRE,,NULL,4398
14427,56812INV,402.92,402.92,USD,CK.117527,2023-12-19 00:00:00,2023-12-19 00:00:00,0,NULL,CRE,,NULL,4399
14428,56981INV,500,500,USD,CK 220268,2023-12-19 00:00:00,2023-12-19 00:00:00,0,NULL,CRE,,NULL,4400
14429,56986,3916,3916,USD,CK 12238,2023-12-20 00:00:00,2023-12-20 00:00:00,0,NULL,CRE,,NULL,4401
14430,56988,4141.39,4141.39,USD,CK 2277,2023-12-20 00:00:00,2023-12-20 00:00:00,0,NULL,CRE,,NULL,4402
14431,56983,1281.72,1281.72,USD,CK 011412,2023-12-20 00:00:00,2023-12-20 00:00:00,0,NULL,CRE,,NULL,4403
14432,56982,1490.4,1490.4,USD,CK 011386,2023-12-20 00:00:00,2023-12-20 00:00:00,0,NULL,CRE,,NULL,4404
14433,57023,7515.4,7515.4,USD,ACH122023,2023-12-20 00:00:00,2023-12-20 00:00:00,0,NULL,CRE,,NULL,4405
14434,57006,5323.8,5323.8,USD,CK 1221,2023-12-22 00:00:00,2023-12-22 00:00:00,0,NULL,CRE,,NULL,4406
14435,57096,7113.6,7113.6,USD,ACH122123,2023-12-21 00:00:00,2023-12-21 00:00:00,0,NULL,CRE,,NULL,4407
14436,57036,1582.8,1582.8,USD,ACH122223,2023-12-22 00:00:00,2023-12-22 00:00:00,0,NULL,CRE,,NULL,4408
14437,57037,1616.4,1616.4,USD,ACH122223,2023-12-22 00:00:00,2023-12-22 00:00:00,0,NULL,CRE,,NULL,4408
14438,57033,9093.8,9093.8,USD,ACH122223,2023-12-22 00:00:00,2023-12-22 00:00:00,0,NULL,CRE,,NULL,4409
14439,57005,7957.95,7957.95,USD,ACH122223,2023-12-22 00:00:00,2023-12-22 00:00:00,0,NULL,CRE,,NULL,4409
14440,57098,1554.12,1554.12,USD,ACH122223,2023-12-22 00:00:00,2023-12-22 00:00:00,0,NULL,CRE,,NULL,4410
14441,57097,1753,1753,USD,ACH122223,2023-12-22 00:00:00,2023-12-22 00:00:00,0,NULL,CRE,,NULL,4410
14442,57063,8848.77,8848.77,USD,ACH122223,2023-12-22 00:00:00,2023-12-22 00:00:00,0,NULL,CRE,,NULL,4411
14443,57030,7174.8,7174.8,USD,ACH122623,2023-12-26 00:00:00,2023-12-26 00:00:00,0,NULL,CRE,,NULL,4412
14444,56978,500,500,USD,ACH122923,2023-12-29 00:00:00,2023-12-29 00:00:00,0,NULL,CRE,,NULL,4413
14445,57107,14345.45,14345.45,USD,ACH122823,2023-12-28 00:00:00,2023-12-28 00:00:00,0,NULL,CRE,,NULL,4414
14446,57044,1710.6,1710.6,USD,ACH122923,2023-12-29 00:00:00,2023-12-29 00:00:00,0,NULL,CRE,,NULL,4415
14447,57086,1196.6,1196.6,USD,ACH122923,2023-12-29 00:00:00,2023-12-29 00:00:00,0,NULL,CRE,,NULL,4415
14448,57116,1441.56,1441.56,USD,ACH122923,2023-12-29 00:00:00,2023-12-29 00:00:00,0,NULL,CRE,,NULL,4415
14449,57078,1641.4,1641.4,USD,ACH122923,2023-12-29 00:00:00,2023-12-29 00:00:00,0,NULL,CRE,,NULL,4415
14450,57137,3910,3910,USD,ACH122923,2024-01-02 00:00:00,2024-01-02 00:00:00,0,1210,UAC,,NULL,4417
14451,57081,999.9,999.9,USD,ACH010223,2024-01-02 00:00:00,2024-01-02 00:00:00,0,NULL,CRE,,NULL,4418
14452,57028,7324,7324,USD,CK 120823,2024-01-02 00:00:00,2024-01-02 00:00:00,0,NULL,CRE,,NULL,4419
14453,57075,9445.2,9445.2,USD,CK 120823,2024-01-02 00:00:00,2024-01-02 00:00:00,0,NULL,CRE,,NULL,4419
14454,57081,-999.9,-999.9,USD,ACH010223,2024-01-03 00:00:00,2024-01-03 11:20:02,0,NULL,CRE,UNDO 14451,NULL,4420
14455,57081,999.9,999.9,USD,CK 010219,2024-01-02 00:00:00,2024-01-02 00:00:00,0,NULL,CRE,,NULL,4421
14456,57083,4948.8,4948.8,USD,CK 4272,2024-01-02 00:00:00,2024-01-02 00:00:00,0,NULL,CRE,,NULL,4422
14457,57025,748,748,USD,CK 127167,2024-01-02 00:00:00,2024-01-02 00:00:00,0,NULL,CRE,,NULL,4423
14458,56999,1285.6,1285.6,USD,ACH010524,2024-01-05 00:00:00,2024-01-05 00:00:00,0,NULL,CRE,,NULL,4424
14459,57089,1332.64,1332.64,USD,ACH010524,2024-01-05 00:00:00,2024-01-05 00:00:00,0,NULL,CRE,,NULL,4424
14460,57077,1422.68,1422.68,USD,ACH010524,2024-01-05 00:00:00,2024-01-05 00:00:00,0,NULL,CRE,,NULL,4424
14461,56903,1039.35,1039.35,USD,ACH010524,2024-01-05 00:00:00,2024-01-05 00:00:00,0,NULL,CRE,,NULL,4425
14462,56935,4591.02,4591.02,USD,ACH010524,2024-01-05 00:00:00,2024-01-05 00:00:00,0,NULL,CRE,,NULL,4425
14463,57060,2268,2268,USD,ACH010524,2024-01-05 00:00:00,2024-01-05 00:00:00,0,NULL,CRE,,NULL,4426
14464,57118,3273.6,3273.6,USD,CK #25944,2024-01-05 00:00:00,2024-01-05 00:00:00,0,NULL,CRE,,NULL,4427
14465,57119,3273.6,3273.6,USD,CK #25944,2024-01-05 00:00:00,2024-01-05 00:00:00,0,NULL,CRE,,NULL,4427
14466,57122,3273.6,3273.6,USD,CK #25944,2024-01-05 00:00:00,2024-01-05 00:00:00,0,NULL,CRE,,NULL,4427
14467,57165,3273.6,3273.6,USD,CK #25944,2024-01-05 00:00:00,2024-01-05 00:00:00,0,NULL,CRE,,NULL,4427
14468,57166,3273.6,3273.6,USD,CK #25944,2024-01-05 00:00:00,2024-01-05 00:00:00,0,NULL,CRE,,NULL,4427
14469,57120,3273.6,3273.6,USD,CK #25944,2024-01-05 00:00:00,2024-01-05 00:00:00,0,NULL,CRE,,NULL,4427
14470,57121,3273.6,3273.6,USD,CK #25944,2024-01-05 00:00:00,2024-01-05 00:00:00,0,NULL,CRE,,NULL,4427
14471,56871,4648,4648,USD,CK 7729,2024-01-03 00:00:00,2024-01-03 00:00:00,0,NULL,CRE,,NULL,4428
14472,57043,8210.16,8210.16,USD,ACH010824,2024-01-08 00:00:00,2024-01-08 00:00:00,0,NULL,CRE,,NULL,4429
14473,57066,1411.8,1411.8,USD,CK 24238,2024-01-10 00:00:00,2024-01-10 00:00:00,0,NULL,CRE,,NULL,4430
14474,57101,1092.6,1092.6,USD,CK 010235,2024-01-10 00:00:00,2024-01-10 00:00:00,0,NULL,CRE,,NULL,4431
14475,57117,4780.8,4780.8,USD,CK 4325,2024-01-10 00:00:00,2024-01-10 00:00:00,0,NULL,CRE,,NULL,4432
14476,57189,8955.45,8955.45,USD,ACJ011024,2024-01-10 00:00:00,2024-01-10 00:00:00,0,NULL,CRE,,NULL,4433
14477,57105,1421.64,1421.64,USD,ACH011224,2024-01-12 00:00:00,2024-01-12 00:00:00,0,NULL,CRE,,NULL,4434
14478,57140,2337.48,2337.48,USD,ACH011224,2024-01-12 00:00:00,2024-01-12 00:00:00,0,NULL,CRE,,NULL,4435
14479,57134,1289.68,1289.68,USD,ACH011224,2024-01-12 00:00:00,2024-01-12 00:00:00,0,NULL,CRE,,NULL,4435
14480,56937,8331.2,8331.2,USD,ACH011224,2024-01-12 00:00:00,2024-01-12 00:00:00,0,NULL,CRE,,NULL,4436
14481,56989,3357.2,3357.2,USD,CK 215424,2024-01-12 00:00:00,2024-01-12 00:00:00,0,NULL,CRE,,NULL,4437
14482,57038,7412.4,7412.4,USD,ACH011624,2024-01-16 00:00:00,2024-01-16 00:00:00,0,NULL,CRE,,NULL,4438
14483,56908INV,500,500,USD,ACH011624,2024-01-16 00:00:00,2024-01-16 00:00:00,0,NULL,CRE,,NULL,4439
14484,56884,3670.08,3670.08,USD,ACH011624,2024-01-16 00:00:00,2024-01-16 00:00:00,0,NULL,CRE,,NULL,4440
14485,57027,570.56,570.56,USD,ACH011624,2024-01-16 00:00:00,2024-01-16 00:00:00,0,NULL,CRE,,NULL,4440
14486,57150,3962.1,3962.1,USD,ACH011624,2024-01-16 00:00:00,2024-01-16 00:00:00,0,NULL,CRE,,NULL,4441
14487,57153,8316,8316,USD,ACH011624,2024-01-16 00:00:00,2024-01-16 00:00:00,0,NULL,CRE,,NULL,4441
14488,57152,7942,7942,USD,ACH011624,2024-01-16 00:00:00,2024-01-16 00:00:00,0,NULL,CRE,,NULL,4441
14489,57079,13037.3,13037.3,USD,ACH011724,2024-01-17 00:00:00,2024-01-17 00:00:00,0,NULL,CRE,,NULL,4442
14490,57106,1596,1596,USD,CK 121055,2024-01-17 00:00:00,2024-01-17 00:00:00,0,NULL,CRE,,NULL,4443
14491,57108,1615,1615,USD,CK 121055,2024-01-17 00:00:00,2024-01-17 00:00:00,0,NULL,CRE,,NULL,4443
14492,57176,1661,1661,USD,CK 121055,2024-01-17 00:00:00,2024-01-17 00:00:00,0,NULL,CRE,,NULL,4443
14493,57131,8619.6,8619.6,USD,CK 121055,2024-01-17 00:00:00,2024-01-17 00:00:00,0,NULL,CRE,,NULL,4443
14494,57053,9968.5,9968.5,USD,CK 74823,2024-01-17 00:00:00,2024-01-17 00:00:00,0,NULL,CRE,,NULL,4444
14495,57001,3505.5,3505.5,USD,CK 50683,2024-01-17 00:00:00,2024-01-17 00:00:00,0,NULL,CRE,,NULL,4445
14496,57100,4264.5,4264.5,USD,CK 50683,2024-01-17 00:00:00,2024-01-17 00:00:00,0,NULL,CRE,,NULL,4445
14497,57064,-1651,-1651,USD,ACH011924,2024-01-19 00:00:00,2024-01-19 00:00:00,0,NULL,CRE,,NULL,4446
14498,57146,10373.66,10373.66,USD,ACH011924,2024-01-19 00:00:00,2024-01-19 00:00:00,0,NULL,CRE,,NULL,4446
14499,57155,411.58,411.58,USD,ACH011924,2024-01-19 00:00:00,2024-01-19 00:00:00,0,NULL,CRE,,NULL,4447
14500,57191,1862.48,1862.48,USD,ACH011924,2024-01-19 00:00:00,2024-01-19 00:00:00,0,NULL,CRE,,NULL,4448
14501,56944,2356.37,2356.37,USD,ACH012224,2024-01-22 00:00:00,2024-01-22 00:00:00,0,NULL,CRE,,NULL,4449
14502,57034,1825.33,1825.33,USD,ACH012224,2024-01-22 00:00:00,2024-01-22 00:00:00,0,NULL,CRE,,NULL,4449
14503,57151,4122.4,4122.4,USD,ACH012224,2024-01-22 00:00:00,2024-01-22 00:00:00,0,NULL,CRE,,NULL,4450
14504,56693INV,200,200,USD,ACH012224,2024-01-22 00:00:00,2024-01-22 00:00:00,0,NULL,CRE,,NULL,4451
14505,57155INV,125.35,125.35,USD,7001450112,2024-01-25 00:00:00,2024-01-25 00:00:00,0,NULL,CRE,,NULL,4452
14506,57190,1218.16,1218.16,USD,ACH012624,2024-01-26 00:00:00,2024-01-26 00:00:00,0,NULL,CRE,,NULL,4453
14507,56811,2332.4,2332.4,USD,ACH012624,2024-01-26 00:00:00,2024-01-26 00:00:00,0,NULL,CRE,,NULL,4454
14508,57156,2622.04,2622.04,USD,CK 24402,2024-01-31 00:00:00,2024-01-31 00:00:00,0,NULL,CRE,,NULL,4455
14509,56952,8856.28,8856.28,USD,CK 001066,2024-01-31 00:00:00,2024-01-31 00:00:00,0,NULL,CRE,,NULL,4456
14510,57164INV,200,200,USD,CK 3759,2024-01-31 00:00:00,2024-01-31 00:00:00,0,NULL,CRE,,NULL,4457
14511,57087,3956.4,3956.4,USD,CK 1285,2024-01-31 00:00:00,2024-01-31 00:00:00,0,NULL,CRE,,NULL,4458
14512,57138,5262.4,5262.4,USD,CK 83732,2024-02-02 00:00:00,2024-02-02 00:00:00,0,NULL,CRE,,NULL,4459
14513,57212INV,200,200,USD,CK 70014702,2024-02-02 00:00:00,2024-02-02 00:00:00,0,NULL,CRE,,NULL,4460
14514,56216INV,300,300,USD,CK 74270,2024-02-05 00:00:00,2024-02-05 00:00:00,0,NULL,CRE,,NULL,4461
14515,57109,110.95,110.95,USD,CK 6817,2024-02-05 00:00:00,2024-02-05 00:00:00,0,NULL,CRE,,NULL,4462
14516,57184,3465.72,3465.72,USD,CK 7737,2024-02-07 00:00:00,2024-02-07 00:00:00,0,NULL,CRE,,NULL,4463
14517,57188,4167.8,4167.8,USD,CK 7737,2024-02-07 00:00:00,2024-02-07 00:00:00,0,NULL,CRE,,NULL,4463
14518,57175,7154.4,7154.4,USD,CK 7737,2024-02-07 00:00:00,2024-02-07 00:00:00,0,NULL,CRE,,NULL,4463
14519,56610,1864,1864,USD,CK 010301,2024-02-07 00:00:00,2024-02-07 00:00:00,0,NULL,CRE,,NULL,4464
14520,57226,1980.95,1980.95,USD,CK 127519,2024-02-08 00:00:00,2024-02-08 00:00:00,0,NULL,CRE,,NULL,4465
14521,57262,545.05,545.05,USD,CK 127519,2024-02-08 00:00:00,2024-02-08 00:00:00,0,NULL,CRE,,NULL,4465
14522,57128,7749,7749,USD,ACH020824,2024-02-08 00:00:00,2024-02-08 00:00:00,0,NULL,CRE,,NULL,4466
14523,57073,7300.8,7300.8,USD,ACH020824,2024-02-08 00:00:00,2024-02-08 00:00:00,0,NULL,CRE,,NULL,4467
14524,57154INV,500,500,USD,ACH020524,2024-02-05 00:00:00,2024-02-05 00:00:00,0,NULL,CRE,,NULL,4468
14525,57125,1125,1125,USD,ACH020224,2024-02-02 00:00:00,2024-02-02 00:00:00,0,NULL,CRE,,NULL,4469
14526,57147,1248,1248,USD,ACH020924,2024-02-09 00:00:00,2024-02-09 00:00:00,0,NULL,CRE,,NULL,4470
14527,57099,1117.8,1117.8,USD,ACH020924,2024-02-09 00:00:00,2024-02-09 00:00:00,0,NULL,CRE,,NULL,4470
14528,57164,1569.36,1569.36,USD,ACH020924,2024-02-09 00:00:00,2024-02-09 00:00:00,0,NULL,CRE,,NULL,4470
14529,57180,1266.72,1266.72,USD,ACH020924,2024-02-09 00:00:00,2024-02-09 00:00:00,0,NULL,CRE,,NULL,4470
14530,57205,1008,1008,USD,ACH020924,2024-02-09 00:00:00,2024-02-09 00:00:00,0,NULL,CRE,,NULL,4470
14531,57136,1404,1404,USD,ACH020924,2024-02-09 00:00:00,2024-02-09 00:00:00,0,NULL,CRE,,NULL,4470
14532,57133,1588.08,1588.08,USD,ACH020924,2024-02-09 00:00:00,2024-02-09 00:00:00,0,NULL,CRE,,NULL,4470
14533,57218,2562,2562,USD,ACH020924,2024-02-09 00:00:00,2024-02-09 00:00:00,0,NULL,CRE,,NULL,4470
14534,57013,2776.8,2776.8,USD,ACH020924,2024-02-09 00:00:00,2024-02-09 00:00:00,0,NULL,CRE,,NULL,4471
14535,56987,1554,1554,USD,ACH020924,2024-02-09 00:00:00,2024-02-09 00:00:00,0,NULL,CRE,,NULL,4471
14536,57323INV,328.14,328.14,USD,CK 18129,2024-02-13 00:00:00,2024-02-13 00:00:00,0,NULL,CRE,,NULL,4472
14537,57160,8531,8531,USD,CK 1307,2024-02-13 00:00:00,2024-02-13 00:00:00,0,NULL,CRE,,NULL,4473
14538,57124,11128,11128,USD,CK 00038292,2024-02-13 00:00:00,2024-02-13 00:00:00,0,NULL,CRE,,NULL,4474
14539,56862INV,200,200,USD,CK 70015032,2024-02-13 00:00:00,2024-02-13 00:00:00,0,NULL,CRE,,NULL,4475
14540,57149INV,200,200,USD,CK 70015032,2024-02-13 00:00:00,2024-02-13 00:00:00,0,NULL,CRE,,NULL,4475
14541,57299,5123.2,5123.2,USD,ACH021524,2024-02-15 00:00:00,2024-02-15 00:00:00,0,NULL,CRE,,NULL,4476
14542,57179,6042.82,6042.82,USD,ACH021324,2024-02-13 00:00:00,2024-02-13 00:00:00,0,NULL,CRE,,NULL,4477
14543,57284,1154,1154,USD,ACH021624,2024-02-16 00:00:00,2024-02-16 00:00:00,0,NULL,CRE,,NULL,4478
14544,57207,1619.3,1619.3,USD,ACH021624,2024-02-16 00:00:00,2024-02-16 00:00:00,0,NULL,CRE,,NULL,4478
14545,57173,7297.2,7297.2,USD,ACH021624,2024-02-16 00:00:00,2024-02-16 00:00:00,0,NULL,CRE,,NULL,4479
14546,57230,1121.18,1121.18,USD,ACH021624,2024-02-16 00:00:00,2024-02-16 00:00:00,0,NULL,CRE,,NULL,4480
14547,56069,-5.54,-5.54,USD,CK 18321,2024-02-19 00:00:00,2024-02-19 00:00:00,0,NULL,CRE,,NULL,4481
14548,57234,2101,2101,USD,CK 18321,2024-02-19 00:00:00,2024-02-19 00:00:00,0,NULL,CRE,,NULL,4481
14549,56874,2500,2500,USD,CK 2779,2024-02-20 00:00:00,2024-02-20 00:00:00,0,NULL,CRE,,NULL,4482
14550,56874,220,220,USD,CK 2799,2024-02-20 00:00:00,2024-02-20 00:00:00,0,NULL,CRE,,NULL,4483
14551,56912,2280,2280,USD,CK 2799,2024-02-20 00:00:00,2024-02-20 00:00:00,0,NULL,CRE,,NULL,4483
14552,56912,227.5,227.5,USD,CK 4800,2024-02-20 00:00:00,2024-02-20 00:00:00,0,NULL,CRE,,NULL,4484
14553,56922,2272.5,2272.5,USD,CK 4800,2024-02-20 00:00:00,2024-02-20 00:00:00,0,NULL,CRE,,NULL,4484
14554,57056INV,141.64,141.64,USD,7001516101,2024-02-16 00:00:00,2024-02-16 00:00:00,0,NULL,CRE,,NULL,4485
14555,57132INV,310.56,310.56,USD,7001516101,2024-02-16 00:00:00,2024-02-16 00:00:00,0,NULL,CRE,,NULL,4485
14556,55587INV,316.27,316.27,USD,7001516101,2024-02-16 00:00:00,2024-02-16 00:00:00,0,NULL,CRE,,NULL,4485
14557,55594INV,2325,2325,USD,7001516101,2024-02-16 00:00:00,2024-02-16 00:00:00,0,NULL,CRE,,NULL,4485
14558,56019INV,64.5,64.5,USD,7001516101,2024-02-16 00:00:00,2024-02-16 00:00:00,0,NULL,CRE,,NULL,4485
14559,57129,9480.48,9480.48,USD,CK 64663,2024-02-21 00:00:00,2024-02-21 00:00:00,0,NULL,CRE,,NULL,4486
14560,56916,3931,3931,USD,CK 50435,2024-02-21 00:00:00,2024-02-21 00:00:00,0,NULL,CRE,,NULL,4487
14561,57260,6969.6,6969.6,USD,ACH020124,2024-02-01 00:00:00,2024-02-01 00:00:00,0,NULL,CRE,,NULL,4488
14562,57169,2006.4,2006.4,USD,ACH020624,2024-02-22 00:00:00,2024-02-22 00:00:00,0,NULL,CRE,,NULL,4489
14563,57139,2745.6,2745.6,USD,ACH020624,2024-02-22 00:00:00,2024-02-22 00:00:00,0,NULL,CRE,,NULL,4489
14564,57294,1080,1080,USD,ACH022324,2024-02-23 00:00:00,2024-02-23 00:00:00,0,NULL,CRE,,NULL,4490
14565,57288,1314,1314,USD,ACH022324,2024-02-23 00:00:00,2024-02-23 00:00:00,0,NULL,CRE,,NULL,4490
14566,57258,2572.08,2572.08,USD,ACH022324,2024-02-23 00:00:00,2024-02-23 00:00:00,0,NULL,CRE,,NULL,4491
14567,57227,451.52,451.52,USD,ACH022324,2024-02-23 00:00:00,2024-02-23 00:00:00,0,NULL,CRE,,NULL,4491
14568,56912,-227.5,-227.5,USD,CK 4800,2024-02-23 00:00:00,2024-02-23 11:06:42,0,NULL,CRE,UNDO 14552,NULL,4493
14569,56922,-2272.5,-2272.5,USD,CK 4800,2024-02-23 00:00:00,2024-02-23 11:07:16,0,NULL,CRE,UNDO 14553,NULL,4494
14570,56912,-2280,-2280,USD,CK 2799,2024-02-23 00:00:00,2024-02-23 11:08:02,0,NULL,CRE,UNDO 14551,NULL,4495
14571,56874,-220,-220,USD,CK 2799,2024-02-23 00:00:00,2024-02-23 11:08:33,0,NULL,CRE,UNDO 14550,NULL,4496
14572,56874,-2500,-2500,USD,CK 2779,2024-02-23 00:00:00,2024-02-23 11:09:11,0,NULL,CRE,UNDO 14549,NULL,4497
14573,57352,1700,1700,USD,ACH122923,2024-02-26 00:00:00,2024-02-26 00:00:00,0,1210,UAC,,NULL,4498
14574,57354,255,255,USD,ACH122923,2024-02-26 00:00:00,2024-02-26 00:00:00,0,1210,UAC,,NULL,4499
14575,57354,3655,3655,USD,ACH022124,2024-02-26 00:00:00,2024-02-26 00:00:00,0,NULL,CRE,,NULL,4500
14576,57356,3910,3910,USD,ACH022124,2024-02-26 00:00:00,2024-02-26 00:00:00,0,NULL,CRE,,NULL,4501
14577,57264,535,535,USD,ACH022324,2024-02-26 00:00:00,2024-02-26 00:00:00,0,NULL,CRE,,NULL,4502
14578,57263,666.35,666.35,USD,ACH022324,2024-02-26 00:00:00,2024-02-26 00:00:00,0,NULL,CRE,,NULL,4502
14579,57302,1809.75,1809.75,USD,ACH022324,2024-02-26 00:00:00,2024-02-26 00:00:00,0,NULL,CRE,,NULL,4502
14580,57170,3273.6,3273.6,USD,CK 26132,2024-02-27 00:00:00,2024-02-27 00:00:00,0,NULL,CRE,,NULL,4503
14581,57251,3273.6,3273.6,USD,CK 26132,2024-02-27 00:00:00,2024-02-27 00:00:00,0,NULL,CRE,,NULL,4503
14582,57253,3273.6,3273.6,USD,CK 26132,2024-02-27 00:00:00,2024-02-27 00:00:00,0,NULL,CRE,,NULL,4503
14583,57254,3273.6,3273.6,USD,CK 26132,2024-02-27 00:00:00,2024-02-27 00:00:00,0,NULL,CRE,,NULL,4503
14584,57309,3273.6,3273.6,USD,CK 26132,2024-02-27 00:00:00,2024-02-27 00:00:00,0,NULL,CRE,,NULL,4503
14585,57310,2380.8,2380.8,USD,CK 26132,2024-02-27 00:00:00,2024-02-27 00:00:00,0,NULL,CRE,,NULL,4503
14586,57355,2550,2550,USD,ACH022824,2024-02-28 00:00:00,2024-02-28 00:00:00,0,NULL,CRE,,NULL,4504
14587,57209,1698,1698,USD,CK #121645,2024-03-01 00:00:00,2024-03-01 00:00:00,0,NULL,CRE,,NULL,4505
14588,57221,2580,2580,USD,CK #121645,2024-03-01 00:00:00,2024-03-01 00:00:00,0,NULL,CRE,,NULL,4505
14589,57222,2386.8,2386.8,USD,CK #121645,2024-03-01 00:00:00,2024-03-01 00:00:00,0,NULL,CRE,,NULL,4505
14590,57210,2170.8,2170.8,USD,CK #121645,2024-03-01 00:00:00,2024-03-01 00:00:00,0,NULL,CRE,,NULL,4505
14591,57247,-3279.88,-3279.88,USD,CK #121645,2024-03-01 00:00:00,2024-03-01 00:00:00,0,NULL,CRE,,NULL,4505
14592,57223,2498.4,2498.4,USD,CK #121645,2024-03-01 00:00:00,2024-03-01 00:00:00,0,NULL,CRE,,NULL,4505
14593,57246,2703.6,2703.6,USD,CK #121645,2024-03-01 00:00:00,2024-03-01 00:00:00,0,NULL,CRE,,NULL,4505
14594,57205INV,335.7,335.7,USD,CK 74464,2024-02-27 00:00:00,2024-02-27 00:00:00,0,NULL,CRE,,NULL,4506
14595,57232,6639.2,6639.2,USD,ACH030124,2024-03-01 00:00:00,2024-03-01 00:00:00,0,NULL,CRE,,NULL,4507
14596,57362,1342,1342,USD,ACH030124,2024-03-01 00:00:00,2024-03-01 00:00:00,0,NULL,CRE,,NULL,4508
14597,57360,1238.1,1238.1,USD,ACH030124,2024-03-01 00:00:00,2024-03-01 00:00:00,0,NULL,CRE,,NULL,4508
14598,57386,1270,1270,USD,ACH030124,2024-03-01 00:00:00,2024-03-01 00:00:00,0,NULL,CRE,,NULL,4508
14599,57287,1761.3,1761.3,USD,ACH030124,2024-03-01 00:00:00,2024-03-01 00:00:00,0,NULL,CRE,,NULL,4509
14600,57224,4857.6,4857.6,USD,ACH030124,2024-03-01 00:00:00,2024-03-01 00:00:00,0,NULL,CRE,,NULL,4510
14601,57026,7060.5,7060.5,USD,CK 1249,2024-03-05 00:00:00,2024-03-05 00:00:00,0,NULL,CRE,,NULL,4511
14602,57031,5203.15,5203.15,USD,CK 1249,2024-03-05 00:00:00,2024-03-05 00:00:00,0,NULL,CRE,,NULL,4511
14603,57057,3845.56,3845.56,USD,ACH012524,2024-03-07 00:00:00,2024-03-07 00:00:00,38.84,NULL,CRE,,NULL,4513
14604,57421,6502.4,6502.4,USD,ACH030724,2024-03-07 00:00:00,2024-03-07 00:00:00,0,NULL,CRE,,NULL,4514
14605,57231,5032.8,5032.8,USD,ACH030724,2024-03-07 00:00:00,2024-03-07 00:00:00,0,NULL,CRE,,NULL,4515
14606,57091,937.12,937.12,USD,ACH030724,2024-03-07 00:00:00,2024-03-07 00:00:00,0,NULL,CRE,,NULL,4516
14607,57135,1163.82,1163.82,USD,ACH030724,2024-03-07 00:00:00,2024-03-07 00:00:00,0,NULL,CRE,,NULL,4516
14608,57163,1215.01,1215.01,USD,ACH030724,2024-03-07 00:00:00,2024-03-07 00:00:00,0,NULL,CRE,,NULL,4516
14609,57186,9802.5,9802.5,USD,ACH0308/24,2024-03-08 00:00:00,2024-03-08 00:00:00,0,NULL,CRE,,NULL,4517
14610,57283,2094.3,2094.3,USD,ACH030824,2024-03-08 00:00:00,2024-03-08 00:00:00,0,NULL,CRE,,NULL,4518
14611,57183,1092,1092,USD,ACH030824,2024-03-08 00:00:00,2024-03-08 00:00:00,0,NULL,CRE,,NULL,4519
14612,57132,1085.76,1085.76,USD,ACH030424,2024-03-04 00:00:00,2024-03-04 00:00:00,0,NULL,CRE,,NULL,4520
14613,57162,1248,1248,USD,ACH030424,2024-03-04 00:00:00,2024-03-04 00:00:00,0,NULL,CRE,,NULL,4520
14614,57363,1466,1466,USD,ACH030824,2024-03-08 00:00:00,2024-03-08 00:00:00,0,NULL,CRE,,NULL,4521
14615,57370,1360,1360,USD,ACH030824,2024-03-08 00:00:00,2024-03-08 00:00:00,0,NULL,CRE,,NULL,4521
14616,57433,1793.04,1793.04,USD,ACH030824,2024-03-08 00:00:00,2024-03-08 00:00:00,0,NULL,CRE,,NULL,4521
14617,57321,7253.4,7253.4,USD,ACH030824,2024-03-08 00:00:00,2024-03-08 00:00:00,0,NULL,CRE,,NULL,4522
14618,57308,4062.5,4062.5,USD,ACH030824,2024-03-08 00:00:00,2024-03-08 00:00:00,0,NULL,CRE,,NULL,4523
14619,57392,3000,3000,USD,WIR022224,2024-03-08 00:00:00,2024-03-08 00:00:00,0,1211,UAC,,NULL,4525
14620,57392,2127,2127,USD,ACH030424,2024-03-08 00:00:00,2024-03-08 00:00:00,0,1213,UAC,,NULL,4526
14621,57144,5727.4,5727.4,USD,WIR030824,2024-03-12 00:00:00,2024-03-12 00:00:00,0,NULL,CRE,,NULL,4527
14622,57143,5825.4,5825.4,USD,WIR030824,2024-03-12 00:00:00,2024-03-12 00:00:00,0,NULL,CRE,,NULL,4527
14623,57142,5897.5,5897.5,USD,WIR030824,2024-03-12 00:00:00,2024-03-12 00:00:00,0,NULL,CRE,,NULL,4527
14624,57141,6069,6069,USD,WIR030824,2024-03-12 00:00:00,2024-03-12 00:00:00,0,NULL,CRE,,NULL,4527
14625,57363INV,200,200,USD,CK 33353891,2024-03-12 00:00:00,2024-03-12 00:00:00,0,NULL,CRE,,NULL,4528
14626,57423INV,200,200,USD,CK 33353891,2024-03-12 00:00:00,2024-03-12 00:00:00,0,NULL,CRE,,NULL,4528
14627,56128INV,631.75,631.75,USD,CK 70015591,2024-03-12 00:00:00,2024-03-12 00:00:00,0,NULL,CRE,,NULL,4529
14628,56334INV,900,900,USD,CK 70015591,2024-03-12 00:00:00,2024-03-12 00:00:00,0,NULL,CRE,,NULL,4529
14629,56793INV,200,200,USD,CK 70015591,2024-03-12 00:00:00,2024-03-12 00:00:00,0,NULL,CRE,,NULL,4530
14630,56798INV,200,200,USD,CK 70015591,2024-03-12 00:00:00,2024-03-12 00:00:00,0,NULL,CRE,,NULL,4530
14631,56799INV,200,200,USD,CK 70015591,2024-03-12 00:00:00,2024-03-12 00:00:00,0,NULL,CRE,,NULL,4530
14632,56942,4112,4112,USD,CK 12685,2024-03-12 00:00:00,2024-03-12 00:00:00,0,NULL,CRE,,NULL,4531
14633,57054,6827.2,6827.2,USD,CK 12685,2024-03-12 00:00:00,2024-03-12 00:00:00,0,NULL,CRE,,NULL,4531
14634,57324,2044.36,2044.36,USD,CK 121839,2024-03-12 00:00:00,2024-03-12 00:00:00,0,NULL,CRE,,NULL,4532
14635,57314,10247.2,10247.2,USD,CK 121839,2024-03-12 00:00:00,2024-03-12 00:00:00,0,NULL,CRE,,NULL,4532
14636,57248,2323.2,2323.2,USD,CK 121839,2024-03-12 00:00:00,2024-03-12 00:00:00,0,NULL,CRE,,NULL,4532
14637,57290,5928,5928,USD,ACH031324,2024-03-13 00:00:00,2024-03-13 00:00:00,0,NULL,CRE,,NULL,4533
14638,57007,10125.6,10125.6,USD,ACH031224,2024-03-12 00:00:00,2024-03-12 00:00:00,0,NULL,CRE,,NULL,4534
14639,57130,2294,2294,USD,ACH031224,2024-03-12 00:00:00,2024-03-12 00:00:00,0,NULL,CRE,,NULL,4535
14640,57064INV,1200,1200,USD,OFFSET,2023-12-12 00:00:00,2024-03-14 10:24:33,0,0,OFF,,NULL,O110662
14641,57259,8082.6,8082.6,USD,CK 1353,2024-03-14 00:00:00,2024-03-14 00:00:00,0,NULL,CRE,,NULL,4536
14642,57272,8250.56,8250.56,USD,CK 1353,2024-03-14 00:00:00,2024-03-14 00:00:00,0,NULL,CRE,,NULL,4536
14643,57027INV,65.22,65.22,USD,OFFSET,2024-03-15 00:00:00,2024-03-15 10:39:13,0,0,OFF,,NULL,O110674
14644,57228,5946.24,5946.24,USD,CK 7744,2024-03-15 00:00:00,2024-03-15 00:00:00,0,NULL,CRE,,NULL,4537
14645,56616INV,400,400,USD,CK 70015321,2024-03-15 00:00:00,2024-03-15 00:00:00,0,NULL,CRE,,NULL,4538
14646,57219INV,236.81,236.81,USD,CK 70015321,2024-03-15 00:00:00,2024-03-15 00:00:00,0,NULL,CRE,,NULL,4538
14647,57145,1248.16,1248.16,USD,CK 010331,2024-03-15 00:00:00,2024-03-15 00:00:00,0,NULL,CRE,,NULL,4539
14648,57366,2046.15,2046.15,USD,ACH031524,2024-03-15 00:00:00,2024-03-15 00:00:00,0,NULL,CRE,,NULL,4540
14649,57367,2089.35,2089.35,USD,ACH031524,2024-03-15 00:00:00,2024-03-15 00:00:00,0,NULL,CRE,,NULL,4540
14650,57358,10426.32,10426.32,USD,ACH031524,2024-03-15 00:00:00,2024-03-15 00:00:00,0,NULL,CRE,,NULL,4541
14651,57403,1848,1848,USD,ACH031524,2024-03-15 00:00:00,2024-03-15 00:00:00,0,NULL,CRE,,NULL,4542
14652,57423,1756.8,1756.8,USD,ACH031524,2024-03-15 00:00:00,2024-03-15 00:00:00,0,NULL,CRE,,NULL,4542
14653,57437,1984.8,1984.8,USD,ACH031524,2024-03-15 00:00:00,2024-03-15 00:00:00,0,NULL,CRE,,NULL,4542
14654,57444,1634.4,1634.4,USD,ACH031524,2024-03-15 00:00:00,2024-03-15 00:00:00,0,NULL,CRE,,NULL,4542
14655,57405,1888.8,1888.8,USD,ACH031524,2024-03-15 00:00:00,2024-03-15 00:00:00,0,NULL,CRE,,NULL,4542
14656,56853A,106.5,106.5,USD,OFFSET,2024-03-18 00:00:00,2024-03-18 14:21:54,0,0,OFF,,NULL,O110693
14657,57185,9767.25,9767.25,USD,CK 74963,2024-03-18 00:00:00,2024-03-18 00:00:00,0,NULL,CRE,,NULL,4543
14658,57273,8425.2,8425.2,USD,CK 74963,2024-03-18 00:00:00,2024-03-18 00:00:00,0,NULL,CRE,,NULL,4543
14659,57291,7592,7592,USD,ACH031824,2024-03-18 00:00:00,2024-03-18 00:00:00,0,NULL,CRE,,NULL,4544
14660,56874,2720,2720,USD,CK 01350648,2024-03-14 00:00:00,2024-03-14 00:00:00,0,NULL,CRE,,NULL,4545
14661,56912,2280,2280,USD,CK 01350648,2024-03-14 00:00:00,2024-03-14 00:00:00,0,NULL,CRE,,NULL,4545
14662,57391,2170,2170,USD,ACH031824,2024-03-18 00:00:00,2024-03-18 00:00:00,0,NULL,CRE,,NULL,4546
14663,57267,11341.2,11341.2,USD,CK 00040605,2024-03-20 00:00:00,2024-03-20 00:00:00,0,NULL,CRE,,NULL,4547
14664,57080,13097.6,13097.6,USD,CK 00040136,2024-03-21 00:00:00,2024-03-21 00:00:00,0,NULL,CRE,,NULL,4548
14665,57178,4464.3,4464.3,USD,CK 00040136,2024-03-21 00:00:00,2024-03-21 00:00:00,0,NULL,CRE,,NULL,4549
14666,56045INV,237.04,237.04,USD,CK 10141,2024-03-21 00:00:00,2024-03-21 00:00:00,0,NULL,CRE,,NULL,4550
14667,56924INV,250,250,USD,CK 124934,2024-03-21 00:00:00,2024-03-21 00:00:00,0,NULL,CRE,,NULL,4551
14668,57329,4304,4304,USD,CK 24585,2024-03-21 00:00:00,2024-03-21 00:00:00,0,NULL,CRE,,NULL,4552
14669,57180INV,243.29,243.29,USD,CK700154194,2024-03-21 00:00:00,2024-03-21 00:00:00,0,NULL,CRE,,NULL,4553
14670,57183INV,257.95,257.95,USD,CK700154194,2024-03-21 00:00:00,2024-03-21 00:00:00,0,NULL,CRE,,NULL,4553
14671,56626INV,154.05,154.05,USD,CK700154194,2024-03-21 00:00:00,2024-03-21 00:00:00,0,NULL,CRE,,NULL,4554
14672,57276INV,200,200,USD,CK700154619,2024-03-21 00:00:00,2024-03-21 00:00:00,0,NULL,CRE,,NULL,4555
14673,57268,2597.18,2597.18,USD,CK 010343,2024-03-21 00:00:00,2024-03-21 00:00:00,0,NULL,CRE,,NULL,4556
14674,57295INV,229.64,229.64,USD,CK 46612,2024-03-22 00:00:00,2024-03-22 00:00:00,0,NULL,CRE,,NULL,4557
14675,57316,1443.13,1443.13,USD,ACH032224,2024-03-22 00:00:00,2024-03-22 00:00:00,0,NULL,CRE,,NULL,4558
14676,57394,1994.33,1994.33,USD,ACH032224,2024-03-22 00:00:00,2024-03-22 00:00:00,0,NULL,CRE,,NULL,4558
14677,57335INV,342,342,USD,ACH032124,2024-03-21 00:00:00,2024-03-21 00:00:00,0,NULL,CRE,,NULL,4559
14678,57473,5139.2,5139.2,USD,ACH032124,2024-03-21 00:00:00,2024-03-21 00:00:00,0,NULL,CRE,,NULL,4560
14679,57390,149.94,149.94,USD,ACH3224,2024-03-22 00:00:00,2024-03-22 00:00:00,0,NULL,CRE,,NULL,4561
14680,57359,2845.8,2845.8,USD,ACH032224,2024-03-22 00:00:00,2024-03-22 00:00:00,0,NULL,CRE,,NULL,4562
14681,57295,1126.2,1126.2,USD,ACH032224,2024-03-22 00:00:00,2024-03-22 00:00:00,0,NULL,CRE,,NULL,4563
14682,57404,1728,1728,USD,ACH032224,2024-03-22 00:00:00,2024-03-22 00:00:00,0,NULL,CRE,,NULL,4563
14683,57470,1380,1380,USD,ACH032224,2024-03-22 00:00:00,2024-03-22 00:00:00,0,NULL,CRE,,NULL,4563
14684,57441,1273.56,1273.56,USD,ACH032224,2024-03-22 00:00:00,2024-03-22 00:00:00,0,NULL,CRE,,NULL,4563
14685,57448,2061.96,2061.96,USD,ACH032224,2024-03-22 00:00:00,2024-03-22 00:00:00,0,NULL,CRE,,NULL,4563
14686,57452,1622.4,1622.4,USD,ACH032224,2024-03-22 00:00:00,2024-03-22 00:00:00,0,NULL,CRE,,NULL,4563
14687,57323,1053,1053,USD,ACH032224,2024-03-26 00:00:00,2024-03-26 00:00:00,0,NULL,CRE,,NULL,4564
14688,57315,1780.8,1780.8,USD,ACH032224,2024-03-26 00:00:00,2024-03-26 00:00:00,0,NULL,CRE,,NULL,4565
14689,57393,2040,2040,USD,ACH030824,2024-03-26 00:00:00,2024-03-26 00:00:00,0,1214,UAC,,NULL,4566
14690,57393,328.6,328.6,USD,ACH032524,2024-03-26 00:00:00,2024-03-26 00:00:00,0,NULL,CRE,,NULL,4567
14691,57274,6821.64,6821.64,USD,CK 1339,2024-03-26 00:00:00,2024-03-26 00:00:00,0,NULL,CRE,,NULL,4568
14692,57123,129.6,129.6,USD,OFFSET,2024-03-27 00:00:00,2024-03-27 16:56:58,0,0,OFF,,NULL,O110733
14693,57204,72.4,72.4,USD,OFFSET,2024-03-27 00:00:00,2024-03-27 16:57:25,0,0,OFF,,NULL,O110734
14694,57154,38.5,38.5,USD,OFFSET,2024-03-27 00:00:00,2024-03-27 16:57:51,0,0,OFF,,NULL,O110735
14695,57480,591,591,USD,OFFSET,2024-03-27 00:00:00,2024-03-27 16:58:10,0,0,OFF,,NULL,O110736
14696,57469,8003.7,8003.7,USD,CK 13025,2024-03-28 00:00:00,2024-03-28 00:00:00,0,NULL,CRE,,NULL,4569
14697,57219,1154.4,1154.4,USD,ACH031524,2024-03-28 00:00:00,2024-03-28 00:00:00,0,NULL,CRE,,NULL,4570
14698,57115,745.92,745.92,USD,ACH032924,2024-03-29 00:00:00,2024-03-29 00:00:00,0,NULL,CRE,,NULL,4571
14699,57504,2260,2260,USD,ACH032824,2024-03-28 00:00:00,2024-03-28 00:00:00,0,NULL,CRE,,NULL,4572
14700,57126,-500,-500,USD,ACJ032724,2024-03-29 00:00:00,2024-03-29 00:00:00,0,NULL,CRE,,NULL,4573
14701,57305,6756.48,6756.48,USD,ACJ032724,2024-03-29 00:00:00,2024-03-29 00:00:00,0,NULL,CRE,,NULL,4573
14702,57369,2146.05,2146.05,USD,ACJ032724,2024-03-29 00:00:00,2024-03-29 00:00:00,0,NULL,CRE,,NULL,4573
14704,57453,1603.2,1603.2,USD,ACH032924,2024-03-29 00:00:00,2024-03-29 00:00:00,0,NULL,CRE,,NULL,4574
14705,57484,2743.8,2743.8,USD,ACH032924,2024-03-29 00:00:00,2024-03-29 00:00:00,0,NULL,CRE,,NULL,4574
14706,57490,1572,1572,USD,ACH032924,2024-03-29 00:00:00,2024-03-29 00:00:00,0,NULL,CRE,,NULL,4574
14707,57506,2191.2,2191.2,USD,ACH032924,2024-03-29 00:00:00,2024-03-29 00:00:00,0,NULL,CRE,,NULL,4574
14708,57516,1929.96,1929.96,USD,ACH032924,2024-03-29 00:00:00,2024-03-29 00:00:00,0,NULL,CRE,,NULL,4574
14709,57517,1538.4,1538.4,USD,ACH032924,2024-03-29 00:00:00,2024-03-29 00:00:00,0,NULL,CRE,,NULL,4574
14710,57522,2718.48,2718.48,USD,ACH032924,2024-03-29 00:00:00,2024-03-29 00:00:00,0,NULL,CRE,,NULL,4574
14712,57305,-6756.48,-6756.48,USD,ACJ032724,2024-03-29 00:00:00,2024-03-29 14:53:49,0,NULL,CRE,UNDO 14701,NULL,4576
14713,57126,500,500,USD,ACJ032724,2024-03-29 00:00:00,2024-03-29 14:54:33,0,NULL,CRE,UNDO 14700,NULL,4577
14714,57369,-2146.05,-2146.05,USD,ACJ032724,2024-03-29 00:00:00,2024-03-29 14:55:03,0,NULL,CRE,UNDO 14702,NULL,4578
14715,57126,-500,-500,USD,ACH032724,2024-03-27 00:00:00,2024-03-27 00:00:00,0,NULL,CRE,,NULL,4579
14716,57305,6306.48,6306.48,USD,ACH032724,2024-03-27 00:00:00,2024-03-27 00:00:00,0,NULL,CRE,,NULL,4579
14717,57369,2146.05,2146.05,USD,ACH032724,2024-03-27 00:00:00,2024-03-27 00:00:00,0,NULL,CRE,,NULL,4579
14718,57399,412,412,USD,CK 3058,2024-03-29 00:00:00,2024-03-29 00:00:00,0,NULL,CRE,,NULL,4580
14719,57400,414.84,414.84,USD,CK 3058,2024-03-29 00:00:00,2024-03-29 00:00:00,0,NULL,CRE,,NULL,4580
14720,57313,7190.4,7190.4,USD,ACH040224,2024-04-02 00:00:00,2024-04-02 00:00:00,0,NULL,CRE,,NULL,4581
14721,57499,386.94,386.94,USD,ACH040224,2024-04-02 00:00:00,2024-04-02 00:00:00,0,NULL,CRE,,NULL,4582
14722,57401,413.74,413.74,USD,ACH040224,2024-04-02 00:00:00,2024-04-02 00:00:00,0,NULL,CRE,,NULL,4582
14723,57364,1955,1955,USD,ACH040124,2024-04-01 00:00:00,2024-04-01 00:00:00,0,NULL,CRE,,NULL,4583
14724,57507,3910,3910,USD,ACH040124,2024-04-01 00:00:00,2024-04-01 00:00:00,0,NULL,CRE,,NULL,4584
14725,57426,1744.6,1744.6,USD,ACH040224,2024-04-02 00:00:00,2024-04-02 00:00:00,0,NULL,CRE,,NULL,4585
14726,57446INV,200,200,USD,CK700015878,2024-04-01 00:00:00,2024-04-01 00:00:00,0,NULL,CRE,,NULL,4586
14727,57455INV,200,200,USD,CK700015878,2024-04-01 00:00:00,2024-04-01 00:00:00,0,NULL,CRE,,NULL,4586
14728,57225,3088,3088,USD,CK 24694,2024-04-01 00:00:00,2024-04-01 00:00:00,0,NULL,CRE,,NULL,4587
14729,57504INV,2060,2060,USD,CK 18036,2024-04-01 00:00:00,2024-04-01 00:00:00,0,NULL,CRE,,NULL,4588
14730,57055,6324,6324,USD,CK 50459,2024-04-03 00:00:00,2024-04-03 00:00:00,0,NULL,CRE,,NULL,4589
14731,57441INV,357.09,357.09,USD,CK 24698,2024-04-03 00:00:00,2024-04-03 00:00:00,0,NULL,CRE,,NULL,4590
14732,57317,9288,9288,USD,CK 64958,2024-04-03 00:00:00,2024-04-03 00:00:00,0,NULL,CRE,,NULL,4591
14733,57482INV,600,600,USD,ACH040424,2024-04-04 00:00:00,2024-04-04 00:00:00,0,NULL,CRE,,NULL,4592
14734,57335,943.8,943.8,USD,ACH040224,2024-04-02 00:00:00,2024-04-02 00:00:00,0,NULL,CRE,,NULL,4593
14735,57336,1344.2,1344.2,USD,ACH040224,2024-04-02 00:00:00,2024-04-02 00:00:00,0,NULL,CRE,,NULL,4593
14736,57325,2504.88,2504.88,USD,ACH040224,2024-04-02 00:00:00,2024-04-02 00:00:00,0,NULL,CRE,,NULL,4593
14737,57148,4270,4270,USD,ACH040524,2024-04-05 00:00:00,2024-04-05 00:00:00,0,NULL,CRE,,NULL,4594
14738,57533,1471.2,1471.2,USD,ACH040524,2024-04-05 00:00:00,2024-04-05 00:00:00,0,NULL,CRE,,NULL,4595
14739,57540,1545.6,1545.6,USD,ACH040524,2024-04-05 00:00:00,2024-04-05 00:00:00,0,NULL,CRE,,NULL,4595
14740,57438,1629.6,1629.6,USD,ACH040524,2024-04-05 00:00:00,2024-04-05 00:00:00,0,NULL,CRE,,NULL,4595
14741,57546,1905.6,1905.6,USD,ACH040524,2024-04-05 00:00:00,2024-04-05 00:00:00,0,NULL,CRE,,NULL,4595
14742,57534,1219.2,1219.2,USD,ACH040524,2024-04-05 00:00:00,2024-04-05 00:00:00,0,NULL,CRE,,NULL,4595
14743,57536,1238.4,1238.4,USD,ACH040524,2024-04-05 00:00:00,2024-04-05 00:00:00,0,NULL,CRE,,NULL,4595
14744,57532,1387.2,1387.2,USD,ACH040524,2024-04-05 00:00:00,2024-04-05 00:00:00,0,NULL,CRE,,NULL,4595
14745,57526,991.36,991.36,USD,ACH040524,2024-04-05 00:00:00,2024-04-05 00:00:00,0,NULL,CRE,,NULL,4595
14746,57330,1058.2,1058.2,USD,ACH040524,2024-04-08 00:00:00,2024-04-08 00:00:00,0,NULL,CRE,,NULL,4596
14747,57378,1144,1144,USD,ACH040524,2024-04-08 00:00:00,2024-04-08 00:00:00,0,NULL,CRE,,NULL,4596
14748,57379,1333.2,1333.2,USD,ACH040524,2024-04-08 00:00:00,2024-04-08 00:00:00,0,NULL,CRE,,NULL,4596
14749,57187,525,525,USD,ACH040824,2024-04-08 00:00:00,2024-04-08 00:00:00,0,NULL,CRE,,NULL,4597
14750,57510,4025,4025,USD,ACH040824,2024-04-08 00:00:00,2024-04-08 00:00:00,0,NULL,CRE,,NULL,4598
14751,56901INV,423.03,423.03,USD,CK 5269,2024-04-08 00:00:00,2024-04-08 00:00:00,0,NULL,CRE,,NULL,4599
14752,57322,9836.16,9836.16,USD,CK 00041595,2024-04-08 00:00:00,2024-04-08 00:00:00,0,NULL,CRE,,NULL,4600
14753,57489INV,200,200,USD,WIR040924,2024-04-09 00:00:00,2024-04-09 00:00:00,0,NULL,CRE,,NULL,4601
14754,57490INV,200,200,USD,WIR040924,2024-04-09 00:00:00,2024-04-09 00:00:00,0,NULL,CRE,,NULL,4601
14755,57491INV,200,200,USD,WIR040924,2024-04-09 00:00:00,2024-04-09 00:00:00,0,NULL,CRE,,NULL,4601
14756,57402,419.6,419.6,USD,ACH040924,2024-04-09 00:00:00,2024-04-09 00:00:00,0,NULL,CRE,,NULL,4602
14757,57307,6076.8,6076.8,USD,CK 4692,2024-04-10 00:00:00,2024-04-10 00:00:00,0,NULL,CRE,,NULL,4603
14758,57410,4033.59,4033.59,USD,12418,2024-04-10 00:00:00,2024-04-10 00:00:00,0,NULL,CRE,,NULL,4604
14759,57425,699.8,699.8,USD,CK 1392,2024-04-10 00:00:00,2024-04-10 00:00:00,0,NULL,CRE,,NULL,4605
14760,57468,9160.2,9160.2,USD,CK 1392,2024-04-10 00:00:00,2024-04-10 00:00:00,0,NULL,CRE,,NULL,4605
14761,57482,221.6,221.6,USD,CK 5668,2024-04-10 00:00:00,2024-04-10 00:00:00,0,NULL,CRE,,NULL,4606
14762,57511INV,200,200,USD,7001623123,2024-04-10 00:00:00,2024-04-10 00:00:00,0,NULL,CRE,,NULL,4607
14763,57357,2268,2268,USD,CK 122157,2024-04-10 00:00:00,2024-04-10 00:00:00,0,NULL,CRE,,NULL,4608
14764,57387,2131.2,2131.2,USD,CK 122157,2024-04-10 00:00:00,2024-04-10 00:00:00,0,NULL,CRE,,NULL,4608
14765,57389,10512,10512,USD,CK 122157,2024-04-10 00:00:00,2024-04-10 00:00:00,0,NULL,CRE,,NULL,4608
14766,57424,9716,9716,USD,CK 012408,2024-04-10 00:00:00,2024-04-10 00:00:00,0,NULL,CRE,,NULL,4609
14767,57126,500,500,USD,ACH032724,2024-04-12 00:00:00,2024-04-12 11:07:57,0,NULL,CRE,UNDO 14715,NULL,4610
14768,57305,-6306.48,-6306.48,USD,ACH032724,2024-04-12 00:00:00,2024-04-12 11:08:38,0,NULL,CRE,UNDO 14716,NULL,4611
14769,57369,-2146.05,-2146.05,USD,ACH032724,2024-04-12 00:00:00,2024-04-12 11:09:15,0,NULL,CRE,UNDO 14717,NULL,4612
14770,57126,-500,-500,USD,ACH032724,2024-03-29 00:00:00,2024-03-29 00:00:00,0,NULL,CRE,,NULL,4613
14771,57369,2146.05,2146.05,USD,ACH032724,2024-03-29 00:00:00,2024-03-29 00:00:00,0,NULL,CRE,,NULL,4613
14772,57305,6756.48,6756.48,USD,ACH032724,2024-03-29 00:00:00,2024-03-29 00:00:00,0,NULL,CRE,,NULL,4613
14773,57467,-450,-450,USD,ACH032724,2024-03-29 00:00:00,2024-03-29 00:00:00,0,NULL,CRE,,NULL,4613
14774,57547,1555.2,1555.2,USD,ACH041224,2024-04-12 00:00:00,2024-04-12 00:00:00,0,NULL,CRE,,NULL,4614
14775,57439,1574.4,1574.4,USD,ACH041224,2024-04-12 00:00:00,2024-04-12 00:00:00,0,NULL,CRE,,NULL,4614
14776,57537,1872,1872,USD,ACH041224,2024-04-12 00:00:00,2024-04-12 00:00:00,0,NULL,CRE,,NULL,4614
14777,57538,2128.56,2128.56,USD,ACH041224,2024-04-12 00:00:00,2024-04-12 00:00:00,0,NULL,CRE,,NULL,4614
14778,57491,1399.2,1399.2,USD,ACH041224,2024-04-12 00:00:00,2024-04-12 00:00:00,0,NULL,CRE,,NULL,4614
14779,57328-INV,8526,8526,USD,ACH041224,2024-04-12 00:00:00,2024-04-12 00:00:00,0,NULL,CRE,,NULL,4615
14780,57337,9689,9689,USD,ACH041224,2024-04-12 00:00:00,2024-04-12 00:00:00,0,NULL,CRE,,NULL,4615
14781,57384,8744.4,8744.4,USD,ACH041224,2024-04-12 00:00:00,2024-04-12 00:00:00,0,NULL,CRE,,NULL,4615
14782,57427,7371,7371,USD,ACH041224,2024-04-12 00:00:00,2024-04-12 00:00:00,0,NULL,CRE,,NULL,4615
14783,57230,222.8,222.8,USD,ACH041124,2024-04-11 00:00:00,2024-04-11 00:00:00,0,NULL,CRE,,NULL,4616
14784,57509,3910,3910,USD,ACH041524,2024-04-15 00:00:00,2024-04-15 00:00:00,0,NULL,CRE,,NULL,4617
14785,57424,150,150,USD,CM 57424,2024-04-16 00:00:00,2024-04-16 00:00:00,0,NULL,CRE,,NULL,4618
14786,57410,-150,-150,USD,CM 57424,2024-04-16 00:00:00,2024-04-16 00:00:00,0,NULL,CRE,,NULL,4618
14787,57464,7140,7140,USD,CK 1409,2024-04-16 00:00:00,2024-04-16 00:00:00,0,NULL,CRE,,NULL,4619
14788,57168,3273.6,3273.6,USD,CK 26450,2024-04-16 00:00:00,2024-04-16 00:00:00,0,NULL,CRE,,NULL,4620
14789,57167,3273.6,3273.6,USD,CK 26450,2024-04-16 00:00:00,2024-04-16 00:00:00,0,NULL,CRE,,NULL,4620
14790,57252,3273.6,3273.6,USD,CK 26450,2024-04-16 00:00:00,2024-04-16 00:00:00,0,NULL,CRE,,NULL,4620
14791,57449,10257.48,10257.48,USD,CK 122341,2024-04-16 00:00:00,2024-04-16 00:00:00,0,NULL,CRE,,NULL,4621
14792,57497,2466,2466,USD,CK 24798,2024-04-12 00:00:00,2024-04-12 00:00:00,0,NULL,CRE,,NULL,4622
14793,57315INV,79.46,79.46,USD,CK 132151,2024-04-17 00:00:00,2024-04-17 00:00:00,0,NULL,CRE,,NULL,4626
14794,57598,6850.6,6850.6,USD,CK 13060,2024-04-19 00:00:00,2024-04-19 00:00:00,69.2,NULL,CRE,,NULL,4627
14795,57569,3307.32,3307.32,USD,ACH041924,2024-04-19 00:00:00,2024-04-19 00:00:00,0,NULL,CRE,,NULL,4628
14796,57587,1171.2,1171.2,USD,ACH041924,2024-04-19 00:00:00,2024-04-19 00:00:00,0,NULL,CRE,,NULL,4628
14797,57564,1471.2,1471.2,USD,ACH041924,2024-04-19 00:00:00,2024-04-19 00:00:00,0,NULL,CRE,,NULL,4628
14798,57582,1495.2,1495.2,USD,ACH041924,2024-04-19 00:00:00,2024-04-19 00:00:00,0,NULL,CRE,,NULL,4628
14799,57588,1432.8,1432.8,USD,ACH041924,2024-04-19 00:00:00,2024-04-19 00:00:00,0,NULL,CRE,,NULL,4628
14800,57560,389.6,389.6,USD,ACH041924,2024-04-19 00:00:00,2024-04-19 00:00:00,0,NULL,CRE,,NULL,4629
14801,57561,423.2,423.2,USD,ACH041924,2024-04-19 00:00:00,2024-04-19 00:00:00,0,NULL,CRE,,NULL,4629
14802,57500,484,484,USD,ACH041724,2024-04-17 00:00:00,2024-04-17 00:00:00,0,NULL,CRE,,NULL,4630
14803,57385,429,429,USD,ACH041724,2024-04-17 00:00:00,2024-04-17 00:00:00,0,NULL,CRE,,NULL,4631
14804,57398,6159.6,6159.6,USD,ACH041824,2024-04-18 00:00:00,2024-04-18 00:00:00,0,NULL,CRE,,NULL,4633
14805,57326,8400,8400,USD,ACH041824,2024-04-18 00:00:00,2024-04-18 00:00:00,0,NULL,CRE,,NULL,4633
14806,57327,8736,8736,USD,ACH041824,2024-04-18 00:00:00,2024-04-18 00:00:00,0,NULL,CRE,,NULL,4633
14807,57418,8934,8934,USD,ACH041924,2024-04-19 00:00:00,2024-04-19 00:00:00,0,NULL,CRE,,NULL,4634
14808,57498,4342,4342,USD,ACH041924,2024-04-19 00:00:00,2024-04-19 00:00:00,0,NULL,CRE,,NULL,4635
14809,57472,2589.36,2589.36,USD,ACH041924,2024-04-19 00:00:00,2024-04-19 00:00:00,0,NULL,CRE,,NULL,4635
14810,57525,2756.6,2756.6,USD,ACH041924,2024-04-22 00:00:00,2024-04-22 00:00:00,0,NULL,CRE,,NULL,4636
14811,57485,3968.8,3968.8,USD,ACH042224,2024-04-22 00:00:00,2024-04-22 00:00:00,0,NULL,CRE,,NULL,4637
14812,57371,4503.4,4503.4,USD,ACH042224,2024-04-22 00:00:00,2024-04-22 00:00:00,0,NULL,CRE,,NULL,4637
14813,57492,7224.8,7224.8,USD,ACH042224,2024-04-22 00:00:00,2024-04-22 00:00:00,0,NULL,CRE,,NULL,4638
14814,57489,1109.68,1109.68,USD,ACH042224,2024-04-22 00:00:00,2024-04-22 00:00:00,0,NULL,CRE,,NULL,4639
14815,57442,1145.04,1145.04,USD,ACH042224,2024-04-22 00:00:00,2024-04-22 00:00:00,0,NULL,CRE,,NULL,4639
14816,57466,8676.8,8676.8,USD,ACH042424,2024-04-24 00:00:00,2024-04-24 00:00:00,0,NULL,CRE,,NULL,4640
14817,57592,5862.1,5862.1,USD,ACH042224,2024-04-22 00:00:00,2024-04-22 00:00:00,0,NULL,CRE,,NULL,4641
14818,57481,3552,3552,USD,CK 122460,2024-04-25 00:00:00,2024-04-25 00:00:00,0,NULL,CRE,,NULL,4642
14819,57591,3570,3570,USD,CK 5076,2024-04-25 00:00:00,2024-04-25 00:00:00,0,NULL,CRE,,NULL,4643
14820,57377,860.4,860.4,USD,CK 11545,2024-04-25 00:00:00,2024-04-25 00:00:00,0,NULL,CRE,,NULL,4644
14821,57515,5085.2,5085.2,USD,CK 1417,2024-04-25 00:00:00,2024-04-25 00:00:00,0,NULL,CRE,,NULL,4645
14822,56912,227.5,227.5,USD,CK 1009,2024-04-23 00:00:00,2024-04-23 00:00:00,0,NULL,CRE,,NULL,4646
14823,56922,972.5,972.5,USD,CK 1009,2024-04-23 00:00:00,2024-04-23 00:00:00,0,NULL,CRE,,NULL,4646
14824,57486,9936.96,9936.96,USD,ACH042624,2024-04-26 00:00:00,2024-04-26 00:00:00,0,NULL,CRE,,NULL,4647
14825,57438INV,250,250,USD,CK 70016431,2024-04-26 00:00:00,2024-04-26 00:00:00,0,NULL,CRE,,NULL,4648
14826,57439INV,250,250,USD,CK 70016431,2024-04-26 00:00:00,2024-04-26 00:00:00,0,NULL,CRE,,NULL,4648
14827,57235,6489,6489,USD,CK 12649,2024-04-26 00:00:00,2024-04-26 00:00:00,0,NULL,CRE,,NULL,4649
14828,57585,1958,1958,USD,ACH042924,2024-04-29 00:00:00,2024-04-29 00:00:00,0,NULL,CRE,,NULL,4650
14829,57436,8288,8288,USD,ACH042924,2024-04-29 00:00:00,2024-04-29 00:00:00,0,NULL,CRE,,NULL,4651
14830,57526INV,450,450,USD,ACH042924,2024-04-29 00:00:00,2024-04-29 00:00:00,0,NULL,CRE,,NULL,4652
14831,57126R,9680.44,9680.44,USD,ACH042924,2024-04-29 00:00:00,2024-04-29 00:00:00,0,NULL,CRE,,NULL,4653
14832,57528,6991.6,6991.6,USD,CK 1432,2024-04-29 00:00:00,2024-04-29 00:00:00,0,NULL,CRE,,NULL,4654
14833,57610INV,171.15,171.15,USD,CK 40936,2024-04-29 00:00:00,2024-04-29 00:00:00,0,NULL,CRE,,NULL,4655
14834,57285,2326.4,2326.4,USD,CK 216357,2024-04-29 00:00:00,2024-04-29 00:00:00,0,NULL,CRE,,NULL,4656
14835,57451,1420.8,1420.8,USD,ACH042624,2024-04-26 00:00:00,2024-04-26 00:00:00,0,NULL,CRE,,NULL,4657
14836,57479,1411.2,1411.2,USD,ACH042624,2024-04-26 00:00:00,2024-04-26 00:00:00,0,NULL,CRE,,NULL,4657
14837,57609,2308.92,2308.92,USD,ACH042624,2024-04-26 00:00:00,2024-04-26 00:00:00,0,NULL,CRE,,NULL,4657
14838,57636,1533.6,1533.6,USD,ACH042624,2024-04-26 00:00:00,2024-04-26 00:00:00,0,NULL,CRE,,NULL,4657
14839,57589,1537.32,1537.32,USD,ACH042624,2024-04-26 00:00:00,2024-04-26 00:00:00,0,NULL,CRE,,NULL,4657
14840,57463,1572,1572,USD,ACH042624,2024-04-26 00:00:00,2024-04-26 00:00:00,0,NULL,CRE,,NULL,4657
14841,57600,1420.8,1420.8,USD,ACH042624,2024-04-26 00:00:00,2024-04-26 00:00:00,0,NULL,CRE,,NULL,4657
14842,57610,1346.4,1346.4,USD,ACH042624,2024-04-26 00:00:00,2024-04-26 00:00:00,0,NULL,CRE,,NULL,4657
14843,57627,1353.6,1353.6,USD,ACH042624,2024-04-26 00:00:00,2024-04-26 00:00:00,0,NULL,CRE,,NULL,4657
14844,57637,1005.6,1005.6,USD,ACH042624,2024-04-26 00:00:00,2024-04-26 00:00:00,0,NULL,CRE,,NULL,4657
14845,57524,2934.4,2934.4,USD,ACH043024,2024-04-30 00:00:00,2024-04-30 00:00:00,0,NULL,CRE,,NULL,4658
14846,57696,7000,7000,USD,ACH041724,2024-05-02 00:00:00,2024-05-02 00:00:00,0,1225,UAC,,NULL,4659
14847,57559,4141.93,4141.93,USD,ACH050224,2024-05-02 00:00:00,2024-05-02 00:00:00,0,NULL,CRE,,NULL,4660
14848,57556,2629.06,2629.06,USD,ACH050224,2024-05-02 00:00:00,2024-05-02 00:00:00,0,NULL,CRE,,NULL,4660
14849,57467,6880.52,6880.52,USD,ACH050124,2024-05-01 00:00:00,2024-05-01 00:00:00,0,NULL,CRE,,NULL,4661
14850,57529,6368,6368,USD,ACH050324,2024-05-03 00:00:00,2024-05-03 00:00:00,0,NULL,CRE,,NULL,4662
14851,57430-INV,8622.6,8622.6,USD,ACH050324,2024-05-03 00:00:00,2024-05-03 00:00:00,0,NULL,CRE,,NULL,4662
14852,57644,1603.2,1603.2,USD,ACH050324,2024-05-03 00:00:00,2024-05-03 00:00:00,0,NULL,CRE,,NULL,4663
14853,57639,1680,1680,USD,ACH050324,2024-05-03 00:00:00,2024-05-03 00:00:00,0,NULL,CRE,,NULL,4663
14854,57657,1444.8,1444.8,USD,ACH050324,2024-05-03 00:00:00,2024-05-03 00:00:00,0,NULL,CRE,,NULL,4663
14855,57645,1303.2,1303.2,USD,ACH050324,2024-05-03 00:00:00,2024-05-03 00:00:00,0,NULL,CRE,,NULL,4663
14856,57666,1672.8,1672.8,USD,ACH050324,2024-05-03 00:00:00,2024-05-03 00:00:00,0,NULL,CRE,,NULL,4663
14857,57623,5626.2,5626.2,USD,ACH050224,2024-05-02 00:00:00,2024-05-02 00:00:00,0,NULL,CRE,,NULL,4664
14858,57530,381.75,381.75,USD,OFFSET,2024-05-03 00:00:00,2024-05-03 17:04:23,0,0,OFF,,NULL,O110952
14859,57502,398.2,398.2,USD,OFFSET,2024-05-03 00:00:00,2024-05-03 17:04:54,0,0,OFF,,NULL,O110953
14860,57019,85,85,USD,OFFSET,2024-05-03 00:00:00,2024-05-03 17:05:16,0,0,OFF,,NULL,O110954
14861,57503,4442.9,4442.9,USD,ACH050624,2024-05-06 00:00:00,2024-05-06 00:00:00,0,NULL,CRE,,NULL,4665
14862,57450,1816.63,1816.63,USD,ACH050624,2024-05-06 00:00:00,2024-05-06 00:00:00,0,NULL,CRE,,NULL,4666
14863,57620,4140,4140,USD,ACH050624,2024-05-06 00:00:00,2024-05-06 00:00:00,0,NULL,CRE,,NULL,4667
14864,57562,7131.6,7131.6,USD,ACH050624,2024-05-06 00:00:00,2024-05-06 00:00:00,0,NULL,CRE,,NULL,4668
14865,57429,8530.2,8530.2,USD,ACH050624,2024-05-06 00:00:00,2024-05-06 00:00:00,0,NULL,CRE,,NULL,4669
14866,57411,3879.4,3879.4,USD,CK 012646,2024-05-07 00:00:00,2024-05-07 00:00:00,0,NULL,CRE,,NULL,4670
14867,57424,150,150,USD,57411,2024-05-08 00:00:00,2024-05-08 00:00:00,0,NULL,CRE,,NULL,4671
14868,57411,-150,-150,USD,57411,2024-05-08 00:00:00,2024-05-08 00:00:00,0,NULL,CRE,,NULL,4671
14869,57409,3471.91,3471.91,USD,CK 012623,2024-05-07 00:00:00,2024-05-07 00:00:00,0,NULL,CRE,,NULL,4672
14870,57412,3580.2,3580.2,USD,CK 012623,2024-05-07 00:00:00,2024-05-07 00:00:00,0,NULL,CRE,,NULL,4672
14871,57413,4161.6,4161.6,USD,CK 012623,2024-05-07 00:00:00,2024-05-07 00:00:00,0,NULL,CRE,,NULL,4672
14872,57424,150,150,USD,CM 57409,2024-05-08 00:00:00,2024-05-08 00:00:00,0,NULL,CRE,,NULL,4673
14873,57409,-150,-150,USD,CM 57409,2024-05-08 00:00:00,2024-05-08 00:00:00,0,NULL,CRE,,NULL,4673
14874,57424,150,150,USD,CM 57412,2024-05-08 00:00:00,2024-05-08 00:00:00,0,NULL,CRE,,NULL,4674
14875,57412,-150,-150,USD,CM 57412,2024-05-08 00:00:00,2024-05-08 00:00:00,0,NULL,CRE,,NULL,4674
14876,57236,6864,6864,USD,CK 12689,2024-05-07 00:00:00,2024-05-07 00:00:00,0,NULL,CRE,,NULL,4675
14877,57465,6333.34,6333.34,USD,CK 12689,2024-05-07 00:00:00,2024-05-07 00:00:00,0,NULL,CRE,,NULL,4675
14878,57593,3250,3250,USD,CK 5127,2024-05-07 00:00:00,2024-05-07 00:00:00,0,NULL,CRE,,NULL,4676
14879,57289,4057.02,4057.02,USD,CK 50494,2024-05-07 00:00:00,2024-05-07 00:00:00,0,NULL,CRE,,NULL,4677
14880,57304,3625.68,3625.68,USD,CK 50494,2024-05-07 00:00:00,2024-05-07 00:00:00,0,NULL,CRE,,NULL,4677
14881,57319,6653.57,6653.57,USD,CK 50494,2024-05-07 00:00:00,2024-05-07 00:00:00,0,NULL,CRE,,NULL,4677
14882,57431,5227.3,5227.3,USD,CK 50494,2024-05-07 00:00:00,2024-05-07 00:00:00,0,NULL,CRE,,NULL,4677
14883,55670,2224.8,2224.8,USD,CK 5838,2024-05-08 00:00:00,2024-05-08 00:00:00,0,NULL,CRE,,NULL,4678
14884,57019,-85,-85,USD,OFFSET,2024-05-08 00:00:00,2024-05-08 13:48:55,0,0,OFF,UNDO 14860,NULL,4679
14885,57380,902.64,902.64,USD,ACH050724,2024-05-07 00:00:00,2024-05-07 00:00:00,0,NULL,CRE,,NULL,4680
14886,57483,868.45,868.45,USD,ACH050724,2024-05-07 00:00:00,2024-05-07 00:00:00,0,NULL,CRE,,NULL,4680
14887,57382,1019.13,1019.13,USD,ACH050724,2024-05-07 00:00:00,2024-05-07 00:00:00,0,NULL,CRE,,NULL,4680
14888,57674,1919.78,1919.78,USD,ACH051024,2024-05-10 00:00:00,2024-05-10 00:00:00,0,NULL,CRE,,NULL,4681
14889,57567,11104.52,11104.52,USD,ACH051024,2024-05-10 00:00:00,2024-05-10 00:00:00,0,NULL,CRE,,NULL,4682
14890,57633,4378.8,4378.8,USD,ACH051024,2024-05-10 00:00:00,2024-05-10 00:00:00,0,NULL,CRE,,NULL,4682
14891,57646,1514.4,1514.4,USD,ACH051024,2024-05-10 00:00:00,2024-05-10 00:00:00,0,NULL,CRE,,NULL,4683
14892,57676,1560,1560,USD,ACH051024,2024-05-10 00:00:00,2024-05-10 00:00:00,0,NULL,CRE,,NULL,4683
14893,57697,1581.6,1581.6,USD,ACH051024,2024-05-10 00:00:00,2024-05-10 00:00:00,0,NULL,CRE,,NULL,4683
14894,57705,1723.68,1723.68,USD,ACH051024,2024-05-10 00:00:00,2024-05-10 00:00:00,0,NULL,CRE,,NULL,4683
14895,57621,6579.51,6579.51,USD,ACH051324,2024-05-13 00:00:00,2024-05-13 00:00:00,0,NULL,CRE,,NULL,4684
14896,57714,850,850,USD,ACH051324,2024-05-13 00:00:00,2024-05-13 00:00:00,0,NULL,CRE,,NULL,4685
14897,57535,9583.2,9583.2,USD,ACH051324,2024-05-13 00:00:00,2024-05-13 00:00:00,0,NULL,CRE,,NULL,4686
14898,57019INV,500,500,USD,ACH05132022,2024-05-13 00:00:00,2024-05-13 00:00:00,0,NULL,CRE,,NULL,4687
14899,57689,2827,2827,USD,CK 5222,2024-05-13 00:00:00,2024-05-13 00:00:00,0,NULL,CRE,,NULL,4688
14900,57637INV,950,950,USD,ACH051624,2024-05-16 00:00:00,2024-05-16 00:00:00,0,NULL,CRE,,NULL,4689
14901,57388,5060,5060,USD,ACH051524,2024-05-15 00:00:00,2024-05-15 00:00:00,0,NULL,CRE,,NULL,4690
14902,57361,1190.4,1190.4,USD,CK 45672,2024-05-14 00:00:00,2024-05-14 00:00:00,0,NULL,CRE,,NULL,4691
14903,57475,9705.6,9705.6,USD,CK #65244,2024-05-15 00:00:00,2024-05-15 00:00:00,0,NULL,CRE,,NULL,4692
14904,57244,5179.25,5179.25,USD,WIR051624,2024-05-16 00:00:00,2024-05-16 00:00:00,0,NULL,CRE,,NULL,4693
14905,57301,6117.6,6117.6,USD,WIR051624,2024-05-16 00:00:00,2024-05-16 00:00:00,0,NULL,CRE,,NULL,4693
14906,57237,9773.39,9773.39,USD,WIR051624,2024-05-16 00:00:00,2024-05-16 00:00:00,0,NULL,CRE,,NULL,4693
14907,57659,1473.6,1473.6,USD,ACH051724,2024-05-17 00:00:00,2024-05-17 00:00:00,0,NULL,CRE,,NULL,4694
14908,57716,2263.08,2263.08,USD,ACH051724,2024-05-17 00:00:00,2024-05-17 00:00:00,0,NULL,CRE,,NULL,4694
14909,57590,770.4,770.4,USD,ACH051724,2024-05-17 00:00:00,2024-05-17 00:00:00,0,NULL,CRE,,NULL,4694
14910,57715,1692,1692,USD,ACH051724,2024-05-17 00:00:00,2024-05-17 00:00:00,0,NULL,CRE,,NULL,4694
14911,57415,2234.42,2234.42,USD,CK 012793,2024-05-20 00:00:00,2024-05-20 00:00:00,0,NULL,CRE,,NULL,4695
14912,57543,3027.6,3027.6,USD,CK 012763,2024-05-20 00:00:00,2024-05-20 00:00:00,0,NULL,CRE,,NULL,4696
14913,57414,4562.8,4562.8,USD,CK 012763,2024-05-20 00:00:00,2024-05-20 00:00:00,0,NULL,CRE,,NULL,4696
14914,57690,8331.8,8331.8,USD,CK 1467,2024-05-20 00:00:00,2024-05-20 00:00:00,0,NULL,CRE,,NULL,4697
14915,57501INV,112.14,112.14,USD,CK 70001686,2024-05-20 00:00:00,2024-05-20 00:00:00,0,NULL,CRE,,NULL,4698
14916,54466INV,2340,2340,USD,CK 70001686,2024-05-20 00:00:00,2024-05-20 00:00:00,0,NULL,CRE,,NULL,4699
14917,57607,6425.43,6425.43,USD,CK 7774,2024-05-20 00:00:00,2024-05-20 00:00:00,0,NULL,CRE,,NULL,4700
14918,57419,3546,3546,USD,ACH052024,2024-05-20 00:00:00,2024-05-20 00:00:00,0,NULL,CRE,,NULL,4701
14919,57440,2824.36,2824.36,USD,ACH042924,2024-04-29 00:00:00,2024-04-29 00:00:00,0,NULL,CRE,,NULL,4702
14920,57523,856.8,856.8,USD,ACH042924,2024-04-29 00:00:00,2024-04-29 00:00:00,0,NULL,CRE,,NULL,4702
14921,57544,2766.6,2766.6,USD,CK 012820,2024-05-23 00:00:00,2024-05-23 00:00:00,0,NULL,CRE,,NULL,4703
14922,57712INV,900,900,USD,ACH052324,2024-05-23 00:00:00,2024-05-23 00:00:00,0,NULL,CRE,,NULL,4704
14923,57381,1326.2,1326.2,USD,ACH052324,2024-05-23 00:00:00,2024-05-23 00:00:00,0,NULL,CRE,,NULL,4705
14924,57565,1051.2,1051.2,USD,ACH052324,2024-05-23 00:00:00,2024-05-23 00:00:00,0,NULL,CRE,,NULL,4705
14925,57663,1579.2,1579.2,USD,ACH052124,2024-05-21 00:00:00,2024-05-21 00:00:00,0,NULL,CRE,,NULL,4706
14926,57664,1632,1632,USD,ACH052124,2024-05-21 00:00:00,2024-05-21 00:00:00,0,NULL,CRE,,NULL,4706
14927,57577,1175.46,1175.46,USD,ACH052324,2024-05-23 00:00:00,2024-05-23 00:00:00,0,NULL,CRE,,NULL,4707
14928,57596,3045.24,3045.24,USD,ACH052324,2024-05-23 00:00:00,2024-05-23 00:00:00,0,NULL,CRE,,NULL,4707
14929,57318,10360.32,10360.32,USD,ACH052424,2024-05-24 00:00:00,2024-05-24 00:00:00,0,NULL,CRE,,NULL,4708
14930,57669,3037.1,3037.1,USD,ACH052424,2024-05-24 00:00:00,2024-05-24 00:00:00,0,NULL,CRE,,NULL,4708
14931,57671,3102.14,3102.14,USD,ACH052424,2024-05-24 00:00:00,2024-05-24 00:00:00,0,NULL,CRE,,NULL,4708
14932,57670,3109.7,3109.7,USD,ACH052424,2024-05-24 00:00:00,2024-05-24 00:00:00,0,NULL,CRE,,NULL,4708
14933,57673,3292.71,3292.71,USD,ACH052424,2024-05-24 00:00:00,2024-05-24 00:00:00,0,NULL,CRE,,NULL,4708
14934,57672,3083.99,3083.99,USD,ACH052424,2024-05-24 00:00:00,2024-05-24 00:00:00,0,NULL,CRE,,NULL,4708
14935,57653,521.5,521.5,USD,ACH052424,2024-05-24 00:00:00,2024-05-24 00:00:00,0,NULL,CRE,,NULL,4709
14936,57661,2438.8,2438.8,USD,ACH052424,2024-05-24 00:00:00,2024-05-24 00:00:00,0,NULL,CRE,,NULL,4710
14937,57584,1364,1364,USD,ACH052424,2024-05-24 00:00:00,2024-05-24 00:00:00,0,NULL,CRE,,NULL,4710
14938,57778,2812.8,2812.8,USD,ACH052424,2024-05-24 00:00:00,2024-05-24 00:00:00,0,NULL,CRE,,NULL,4710
14939,57806,2880,2880,USD,ACH052424,2024-05-24 00:00:00,2024-05-24 00:00:00,0,NULL,CRE,,NULL,4710
14940,57712,852.84,852.84,USD,ACH052424,2024-05-28 00:00:00,2024-05-28 00:00:00,0,NULL,CRE,,NULL,4711
14941,57719,1634.4,1634.4,USD,ACH052424,2024-05-28 00:00:00,2024-05-28 00:00:00,0,NULL,CRE,,NULL,4711
14942,57711,1653.6,1653.6,USD,ACH052424,2024-05-28 00:00:00,2024-05-28 00:00:00,0,NULL,CRE,,NULL,4711
14943,57740,1339.2,1339.2,USD,ACH052424,2024-05-28 00:00:00,2024-05-28 00:00:00,0,NULL,CRE,,NULL,4711
14944,57730,1492.8,1492.8,USD,ACH052424,2024-05-28 00:00:00,2024-05-28 00:00:00,0,NULL,CRE,,NULL,4711
14945,57738,909,909,USD,ACH052424,2024-05-28 00:00:00,2024-05-28 00:00:00,0,NULL,CRE,,NULL,4711
14946,57231INV,-3291.48,-3291.48,USD,ACH052424,2024-05-28 00:00:00,2024-05-28 00:00:00,0,NULL,CRE,,NULL,4711
14947,57564INV,200,200,USD,CK 34336,2024-05-28 00:00:00,2024-05-28 00:00:00,0,NULL,CRE,,NULL,4712
14948,57627INV,200,200,USD,CK 34336,2024-05-28 00:00:00,2024-05-28 00:00:00,0,NULL,CRE,,NULL,4712
14949,57660,6537,6537,USD,CK 122819,2024-05-28 00:00:00,2024-05-28 00:00:00,0,NULL,CRE,,NULL,4713
14950,57668,4344.78,4344.78,USD,ACH052824,2024-05-28 00:00:00,2024-05-28 00:00:00,0,NULL,CRE,,NULL,4714
14951,57793,1955,1955,USD,ACH052824,2024-05-28 00:00:00,2024-05-28 00:00:00,0,NULL,CRE,,NULL,4715
14952,57792,1700,1700,USD,ACH052824,2024-05-28 00:00:00,2024-05-28 00:00:00,0,NULL,CRE,,NULL,4716
14953,57682,4478.4,4478.4,USD,ACH052824,2024-05-28 00:00:00,2024-05-28 00:00:00,0,NULL,CRE,,NULL,4717
14954,57428,8557.5,8557.5,USD,ACJ052824,2024-05-28 00:00:00,2024-05-28 00:00:00,0,NULL,CRE,,NULL,4718
14955,57615,2902.5,2902.5,USD,ACH053024,2024-05-30 00:00:00,2024-05-30 00:00:00,0,NULL,CRE,,NULL,4719
14956,57821,415.6,415.6,USD,ACH053024,2024-05-30 00:00:00,2024-05-30 00:00:00,0,NULL,CRE,,NULL,4720
14957,57590INV,350.5,350.5,USD,ACH053024,2024-05-30 00:00:00,2024-05-30 00:00:00,0,NULL,CRE,,NULL,4721
14958,57652,4413.64,4413.64,USD,CK 211954,2024-05-31 00:00:00,2024-05-31 00:00:00,0,NULL,CRE,,NULL,4722
14959,57704,6128.22,6128.22,USD,CK 1483,2024-05-31 00:00:00,2024-05-31 00:00:00,0,NULL,CRE,,NULL,4723
14960,57780,3243.98,3243.98,USD,CK 13127,2024-05-31 00:00:00,2024-05-31 00:00:00,32.77,NULL,CRE,,NULL,4724
14961,57679,4039.2,4039.2,USD,CK 25221,2024-05-31 00:00:00,2024-05-31 00:00:00,0,NULL,CRE,,NULL,4725
14962,57769,1468.8,1468.8,USD,ACJ053124,2024-05-31 00:00:00,2024-05-31 00:00:00,0,NULL,CRE,,NULL,4726
14963,57720,1360.8,1360.8,USD,ACJ053124,2024-05-31 00:00:00,2024-05-31 00:00:00,0,NULL,CRE,,NULL,4726
14964,57748,1423.2,1423.2,USD,ACJ053124,2024-05-31 00:00:00,2024-05-31 00:00:00,0,NULL,CRE,,NULL,4726
14965,57734,1987.8,1987.8,USD,ACJ053124,2024-05-31 00:00:00,2024-05-31 00:00:00,0,NULL,CRE,,NULL,4726
14966,57703,1245.6,1245.6,USD,ACJ053124,2024-05-31 00:00:00,2024-05-31 00:00:00,0,NULL,CRE,,NULL,4726
14967,57019,40.18,40.18,USD,OFFSET,2024-05-31 00:00:00,2024-05-31 15:55:32,0,0,OFF,,NULL,O111110
14968,57570,328.5,328.5,USD,OFFSET,2024-05-31 00:00:00,2024-05-31 15:57:06,0,0,OFF,,NULL,O111111
14969,57601,356.35,356.35,USD,OFFSET,2024-05-31 00:00:00,2024-05-31 15:57:28,0,0,OFF,,NULL,O111112
14970,57555,362,362,USD,OFFSET,2024-05-31 00:00:00,2024-05-31 15:57:50,0,0,OFF,,NULL,O111113
14971,57667,382.15,382.15,USD,OFFSET,2024-05-31 00:00:00,2024-05-31 15:58:07,0,0,OFF,,NULL,O111114
14972,57636INV,300,300,USD,CK 109758,2024-06-03 00:00:00,2024-06-03 00:00:00,0,NULL,CRE,,NULL,4727
14973,57695,8571.05,8571.05,USD,CK 2584,2024-06-03 00:00:00,2024-06-03 00:00:00,0,NULL,CRE,,NULL,4728
14974,57729,2893.15,2893.15,USD,ACH060324,2024-06-03 00:00:00,2024-06-03 00:00:00,0,NULL,CRE,,NULL,4729
14975,57851,3910,3910,USD,ACH060324,2024-06-03 00:00:00,2024-06-03 00:00:00,0,NULL,CRE,,NULL,4730
14976,57794,3910,3910,USD,ACH060324,2024-06-03 00:00:00,2024-06-03 00:00:00,0,NULL,CRE,,NULL,4731
14977,57320,6867.2,6867.2,USD,CK 50508,2024-06-05 00:00:00,2024-06-05 00:00:00,0,NULL,CRE,,NULL,4732
14978,57541,1786.68,1786.68,USD,CK 50508,2024-06-05 00:00:00,2024-06-05 00:00:00,0,NULL,CRE,,NULL,4732
14979,57579,1855.2,1855.2,USD,CK 50508,2024-06-05 00:00:00,2024-06-05 00:00:00,0,NULL,CRE,,NULL,4732
14980,57578,1860,1860,USD,CK 50508,2024-06-05 00:00:00,2024-06-05 00:00:00,0,NULL,CRE,,NULL,4732
14981,57531,4288,4288,USD,CK 50508,2024-06-05 00:00:00,2024-06-05 00:00:00,0,NULL,CRE,,NULL,4732
14982,57539,5589,5589,USD,CK 50508,2024-06-05 00:00:00,2024-06-05 00:00:00,0,NULL,CRE,,NULL,4732
14983,57065INV,170.86,170.86,USD,CK 185615,2024-06-05 00:00:00,2024-06-05 00:00:00,0,NULL,CRE,,NULL,4733
14984,57698,2058.65,2058.65,USD,CK 5380,2024-06-05 00:00:00,2024-06-05 00:00:00,0,NULL,CRE,,NULL,4734
14985,57832,7096.22,7096.22,USD,CK 13136,2024-06-05 00:00:00,2024-06-05 00:00:00,71.68,NULL,CRE,,NULL,4735
14986,57638,12167.55,12167.55,USD,CK 00045819,2024-06-05 00:00:00,2024-06-05 00:00:00,0,NULL,CRE,,NULL,4736
14987,57730INV,200,200,USD,WIR051624,2024-05-16 00:00:00,2024-05-16 00:00:00,0,NULL,CRE,,NULL,4737
14988,57417,8760,8760,USD,ACH060424,2024-06-04 00:00:00,2024-06-04 00:00:00,0,NULL,CRE,,NULL,4738
14989,57508INV,300,300,USD,ACH053124,2024-06-06 00:00:00,2024-06-06 00:00:00,0,NULL,CRE,,NULL,4739
14990,57487,803.66,803.66,USD,ACH053124,2024-06-06 00:00:00,2024-06-06 00:00:00,0,NULL,CRE,,NULL,4740
14991,57501,923.78,923.78,USD,ACH053124,2024-06-06 00:00:00,2024-06-06 00:00:00,0,NULL,CRE,,NULL,4740
14992,57686,3380.52,3380.52,USD,ACH053124,2024-06-06 00:00:00,2024-06-06 00:00:00,0,NULL,CRE,,NULL,4740
14993,57487INV,254.26,254.26,USD,CK 70017053,2024-06-06 00:00:00,2024-06-06 00:00:00,0,NULL,CRE,,NULL,4741
14994,57512INV,200,200,USD,CK 70017053,2024-06-06 00:00:00,2024-06-06 00:00:00,0,NULL,CRE,,NULL,4742
14995,57737,10529.75,10529.75,USD,ACH060724,2024-06-07 00:00:00,2024-06-07 00:00:00,0,NULL,CRE,,NULL,4743
14996,57742,13164.8,13164.8,USD,ACH060724,2024-06-07 00:00:00,2024-06-07 00:00:00,0,NULL,CRE,,NULL,4743
14997,57743,9405.85,9405.85,USD,ACH060724,2024-06-07 00:00:00,2024-06-07 00:00:00,0,NULL,CRE,,NULL,4743
14998,57634,10400.25,10400.25,USD,ACH060724,2024-06-07 00:00:00,2024-06-07 00:00:00,0,NULL,CRE,,NULL,4744
14999,57658,3118,3118,USD,ACH060724,2024-06-07 00:00:00,2024-06-07 00:00:00,0,NULL,CRE,,NULL,4744
15000,57803,1478.4,1478.4,USD,ACH060724,2024-06-07 00:00:00,2024-06-07 00:00:00,0,NULL,CRE,,NULL,4745
15001,57751,1125.6,1125.6,USD,ACH060724,2024-06-07 00:00:00,2024-06-07 00:00:00,0,NULL,CRE,,NULL,4745
15002,57848,1821.6,1821.6,USD,ACH060724,2024-06-07 00:00:00,2024-06-07 00:00:00,0,NULL,CRE,,NULL,4745
15003,57804,1442.4,1442.4,USD,ACH060724,2024-06-07 00:00:00,2024-06-07 00:00:00,0,NULL,CRE,,NULL,4745
15004,57805,1490.4,1490.4,USD,ACH060724,2024-06-07 00:00:00,2024-06-07 00:00:00,0,NULL,CRE,,NULL,4745
15005,57655,1600,1600,USD,ACH040924,2024-06-07 00:00:00,2024-06-07 00:00:00,0,1223,UAC,,NULL,4746
15006,57656,1568.8,1568.8,USD,ACH040824,2024-06-07 00:00:00,2024-06-07 00:00:00,0,1222,UAC,,NULL,4747
15007,57687,2800,2800,USD,ACH041124,2024-06-07 00:00:00,2024-06-07 00:00:00,0,1224,UAC,,NULL,4748
15008,57688,2800,2800,USD,ACH041124,2024-06-07 00:00:00,2024-06-07 00:00:00,0,1224,UAC,,NULL,4749
15009,57655,31.2,31.2,USD,ACH040824,2024-06-07 00:00:00,2024-06-07 00:00:00,0,1222,UAC,,NULL,4750
15010,57518,-219.8,-219.8,USD,57518,2024-06-07 00:00:00,2024-06-07 00:00:00,0,NULL,CRE,,NULL,4751
15011,57687,219.8,219.8,USD,57518,2024-06-07 00:00:00,2024-06-07 00:00:00,0,NULL,CRE,,NULL,4751
15012,57518,-170.8,-170.8,USD,57518,2024-06-07 00:00:00,2024-06-07 00:00:00,0,NULL,CRE,,NULL,4752
15013,57688,170.8,170.8,USD,57518,2024-06-07 00:00:00,2024-06-07 00:00:00,0,NULL,CRE,,NULL,4752
15014,57513,6867.3,6867.3,USD,CK 7779,2024-06-11 00:00:00,2024-06-11 00:00:00,0,NULL,CRE,,NULL,4753
15015,57694,7488.8,7488.8,USD,CK 42593,2024-06-11 00:00:00,2024-06-11 00:00:00,0,NULL,CRE,,NULL,4754
15016,56164INV,432.4,432.4,USD,CK 01040,2024-06-11 00:00:00,2024-06-11 00:00:00,0,NULL,CRE,,NULL,4755
15017,57749,6068.85,6068.85,USD,CK 84452,2024-06-11 00:00:00,2024-06-11 00:00:00,0,NULL,CRE,,NULL,4756
15018,57657INV,44.1,44.1,USD,CK 72914,2024-06-11 00:00:00,2024-06-11 00:00:00,0,NULL,CRE,,NULL,4757
15019,57780,585,585,USD,CK 13151,2024-06-11 00:00:00,2024-06-11 00:00:00,0,NULL,CRE,,NULL,4758
15020,57750,5587.2,5587.2,USD,ACH061024,2024-06-10 00:00:00,2024-06-10 00:00:00,0,NULL,CRE,,NULL,4759
15021,57675,3297.3,3297.3,USD,ACH061024,2024-06-10 00:00:00,2024-06-10 00:00:00,0,NULL,CRE,,NULL,4760
15022,57794,340,340,USD,ACH061224,2024-06-12 00:00:00,2024-06-12 00:00:00,0,NULL,CRE,,NULL,4761
15023,57630,11062,11062,USD,ACH061124,2024-06-11 00:00:00,2024-06-11 00:00:00,0,NULL,CRE,,NULL,4762
15024,57628,2269.5,2269.5,USD,ACH061124,2024-06-11 00:00:00,2024-06-11 00:00:00,0,NULL,CRE,,NULL,4763
15025,57718INV,400,400,USD,ACH061124,2024-06-11 00:00:00,2024-06-11 00:00:00,0,NULL,CRE,,NULL,4764
15026,57731,12431.25,12431.25,USD,CK 187374,2024-06-11 00:00:00,2024-06-11 00:00:00,0,NULL,CRE,,NULL,4765
15027,57654,1696,1696,USD,CK 11543,2024-06-14 00:00:00,2024-06-14 00:00:00,0,NULL,CRE,,NULL,4766
15028,57741,2054.4,2054.4,USD,CK 11543,2024-06-14 00:00:00,2024-06-14 00:00:00,0,NULL,CRE,,NULL,4766
15029,57568,10263.72,10263.72,USD,ACH061424,2024-06-14 00:00:00,2024-06-14 00:00:00,0,NULL,CRE,,NULL,4767
15030,57822,1166.4,1166.4,USD,ACJ061424,2024-06-14 00:00:00,2024-06-14 00:00:00,0,NULL,CRE,,NULL,4768
15031,57761,1333.56,1333.56,USD,ACJ061424,2024-06-14 00:00:00,2024-06-14 00:00:00,0,NULL,CRE,,NULL,4768
15032,57845,1377.6,1377.6,USD,ACJ061424,2024-06-14 00:00:00,2024-06-14 00:00:00,0,NULL,CRE,,NULL,4768
15033,57811,1497.6,1497.6,USD,ACJ061424,2024-06-14 00:00:00,2024-06-14 00:00:00,0,NULL,CRE,,NULL,4768
15034,57339,8566.2,8566.2,USD,WIR060724,2024-06-07 00:00:00,2024-06-07 00:00:00,0,NULL,CRE,,NULL,4769
15035,57508,1105.9,1105.9,USD,WIR060724,2024-06-07 00:00:00,2024-06-07 00:00:00,0,NULL,CRE,,NULL,4769
15036,57434,2031.23,2031.23,USD,WIR060724,2024-06-07 00:00:00,2024-06-07 00:00:00,0,NULL,CRE,,NULL,4769
15037,57804INV,200,200,USD,ACH061424,2024-06-17 00:00:00,2024-06-17 00:00:00,0,NULL,CRE,,NULL,4770
15038,57796,4800.6,4800.6,USD,CK 1515,2024-06-17 00:00:00,2024-06-17 00:00:00,0,NULL,CRE,,NULL,4771
15039,57817,4469.6,4469.6,USD,CK 11367,2024-06-17 00:00:00,2024-06-17 00:00:00,0,NULL,CRE,,NULL,4772
15040,57819,4681.75,4681.75,USD,CK 11367,2024-06-17 00:00:00,2024-06-17 00:00:00,0,NULL,CRE,,NULL,4772
15041,57727,15667.75,15667.75,USD,CK 42605,2024-06-17 00:00:00,2024-06-17 00:00:00,0,NULL,CRE,,NULL,4773
15042,57736,2999.6,2999.6,USD,CK 42605,2024-06-17 00:00:00,2024-06-17 00:00:00,0,NULL,CRE,,NULL,4773
15043,57942,1200,1200,USD,ACH061724,2024-06-17 00:00:00,2024-06-17 00:00:00,0,NULL,CRE,,NULL,4774
15044,57518,-1409.4,-1409.4,USD,CM 57518,2024-06-19 00:00:00,2024-06-19 00:00:00,0,NULL,CRE,,NULL,4775
15045,57942,1409.4,1409.4,USD,CM 57518,2024-06-19 00:00:00,2024-06-19 00:00:00,0,NULL,CRE,,NULL,4775
15046,55582,3605,3605,USD,ACH061824,2024-06-18 00:00:00,2024-06-18 00:00:00,0,NULL,CRE,,NULL,4776
15047,57807,10327.5,10327.5,USD,ACH062124,2024-06-21 00:00:00,2024-06-21 00:00:00,0,NULL,CRE,,NULL,4777
15048,57732INV,1050,1050,USD,ACH062124,2024-06-21 00:00:00,2024-06-21 00:00:00,0,NULL,CRE,,NULL,4778
15049,57846,1243.2,1243.2,USD,ACH062124,2024-06-21 00:00:00,2024-06-21 00:00:00,0,NULL,CRE,,NULL,4779
15050,57849,1891.2,1891.2,USD,ACH062124,2024-06-21 00:00:00,2024-06-21 00:00:00,0,NULL,CRE,,NULL,4779
15051,57847,2001,2001,USD,ACH062124,2024-06-21 00:00:00,2024-06-21 00:00:00,0,NULL,CRE,,NULL,4779
15052,57874,1456.6,1456.6,USD,ACH062124,2024-06-21 00:00:00,2024-06-21 00:00:00,0,NULL,CRE,,NULL,4779
15053,57850,1142,1142,USD,ACH062124,2024-06-21 00:00:00,2024-06-21 00:00:00,0,NULL,CRE,,NULL,4779
15054,57602,7081.63,7081.63,USD,ACH062124,2024-06-21 00:00:00,2024-06-21 00:00:00,0,NULL,CRE,,NULL,4780
15055,57603,7652.47,7652.47,USD,ACH062124,2024-06-21 00:00:00,2024-06-21 00:00:00,0,NULL,CRE,,NULL,4780
15056,57665,1582.5,1582.5,USD,ACH062124,2024-06-21 00:00:00,2024-06-21 00:00:00,0,NULL,CRE,,NULL,4781
15057,57820,3976,3976,USD,CK 11385,2024-06-24 00:00:00,2024-06-24 00:00:00,0,NULL,CRE,,NULL,4782
15058,57706,2176,2176,USD,CK 013075,2024-06-24 00:00:00,2024-06-24 00:00:00,0,NULL,CRE,,NULL,4783
15059,57731,1188,1188,USD,CK 187458,2024-06-24 00:00:00,2024-06-24 00:00:00,0,NULL,CRE,,NULL,4784
15060,57642,1015.3,1015.3,USD,ACH062124,2024-06-21 00:00:00,2024-06-21 00:00:00,0,NULL,CRE,,NULL,4785
15061,57860,850,850,USD,ACH062424,2024-06-24 00:00:00,2024-06-24 00:00:00,0,NULL,CRE,,NULL,4786
15062,57527,947.52,947.52,USD,ACH062524,2024-06-25 00:00:00,2024-06-25 00:00:00,0,NULL,CRE,,NULL,4787
15063,57542,2065.8,2065.8,USD,ACH062524,2024-06-25 00:00:00,2024-06-25 00:00:00,0,NULL,CRE,,NULL,4787
15064,57581,1698.4,1698.4,USD,ACH062524,2024-06-25 00:00:00,2024-06-25 00:00:00,0,NULL,CRE,,NULL,4787
15065,57810,4462,4462,USD,CK 25351,2024-06-25 00:00:00,2024-06-25 00:00:00,0,NULL,CRE,,NULL,4788
15066,57812,2937.6,2937.6,USD,CK 123169,2024-06-25 00:00:00,2024-06-25 00:00:00,0,NULL,CRE,,NULL,4789
15067,57915INV,179.17,179.17,USD,CK 75405,2024-06-25 00:00:00,2024-06-25 00:00:00,0,NULL,CRE,,NULL,4790
15068,57830,8094.24,8094.24,USD,CK 1526,2024-06-25 00:00:00,2024-06-25 00:00:00,0,NULL,CRE,,NULL,4791
15069,57838,6811.9,6811.9,USD,CK 5547,2024-06-25 00:00:00,2024-06-25 00:00:00,0,NULL,CRE,,NULL,4792
15070,57536INV,200,200,USD,CK 131925,2024-06-25 00:00:00,2024-06-25 00:00:00,0,NULL,CRE,,NULL,4793
15071,57788,4144.8,4144.8,USD,ACH062724,2024-06-27 00:00:00,2024-06-27 00:00:00,0,NULL,CRE,,NULL,4794
15072,57910,1833.3,1833.3,USD,ACH062824,2024-06-28 00:00:00,2024-06-28 00:00:00,0,NULL,CRE,,NULL,4795
15073,57824,4025,4025,USD,ACJ062824,2024-06-28 00:00:00,2024-06-28 00:00:00,0,NULL,CRE,,NULL,4796
15074,57857,4557.6,4557.6,USD,ACJ062824,2024-06-28 00:00:00,2024-06-28 00:00:00,0,NULL,CRE,,NULL,4796
15075,57583,1039.2,1039.2,USD,ACH062824,2024-06-28 00:00:00,2024-06-28 00:00:00,0,NULL,CRE,,NULL,4797
15076,57573,490.53,490.53,USD,ACH062824,2024-06-28 00:00:00,2024-06-28 00:00:00,0,NULL,CRE,,NULL,4797
15077,57597,2410.02,2410.02,USD,ACH062824,2024-06-28 00:00:00,2024-06-28 00:00:00,0,NULL,CRE,,NULL,4797
15078,57566,377.21,377.21,USD,ACH062824,2024-06-28 00:00:00,2024-06-28 00:00:00,0,NULL,CRE,,NULL,4797
15079,57580,2595.89,2595.89,USD,ACH062824,2024-06-28 00:00:00,2024-06-28 00:00:00,0,NULL,CRE,,NULL,4797
15080,57518INV,1800,1800,USD,CK 2121,2024-06-28 00:00:00,2024-06-28 00:00:00,0,NULL,CRE,,NULL,4799
15081,57782,3138,3138,USD,ACH062824,2024-07-01 00:00:00,2024-07-01 00:00:00,0,NULL,CRE,,NULL,4800
15082,57924,2550,2550,USD,ACH070124,2024-07-01 00:00:00,2024-07-01 00:00:00,0,NULL,CRE,,NULL,4801
15083,57900,3118.95,3118.95,USD,ACH070124,2024-07-01 00:00:00,2024-07-01 00:00:00,0,NULL,CRE,,NULL,4802
15084,57611,5062,5062,USD,ACH070224,2024-07-02 00:00:00,2024-07-02 00:00:00,0,NULL,CRE,,NULL,4803
15085,57805INV,200,200,USD,WIR052924,2024-07-08 00:00:00,2024-07-08 00:00:00,0,NULL,CRE,,NULL,4804
15086,57901INV,200,200,USD,WIR052924,2024-07-08 00:00:00,2024-07-08 00:00:00,0,NULL,CRE,,NULL,4804
15087,57902INV,200,200,USD,WIR070324,2024-07-03 00:00:00,2024-07-03 00:00:00,0,NULL,CRE,,NULL,4805
15088,57896,6660.6,6660.6,USD,CK 5606,2024-07-08 00:00:00,2024-07-08 00:00:00,0,NULL,CRE,,NULL,4806
15089,56999INV,222,222,USD,CK 131973,2024-07-08 00:00:00,2024-07-08 00:00:00,0,NULL,CRE,,NULL,4807
15090,57779,4224.25,4224.25,USD,CK 13176,2024-07-08 00:00:00,2024-07-08 00:00:00,0,NULL,CRE,,NULL,4808
15091,57831,8408.4,8408.4,USD,CK 1543,2024-07-08 00:00:00,2024-07-08 00:00:00,0,NULL,CRE,,NULL,4809
15092,57875,8723,8723,USD,CK 1543,2024-07-08 00:00:00,2024-07-08 00:00:00,0,NULL,CRE,,NULL,4809
15093,57911,1340,1340,USD,ACH070524,2024-07-05 00:00:00,2024-07-05 00:00:00,0,NULL,CRE,,NULL,4810
15094,57915,1000,1000,USD,ACH070524,2024-07-05 00:00:00,2024-07-05 00:00:00,0,NULL,CRE,,NULL,4810
15095,57935,1468,1468,USD,ACH070524,2024-07-05 00:00:00,2024-07-05 00:00:00,0,NULL,CRE,,NULL,4810
15096,57922,1565.3,1565.3,USD,ACH070524,2024-07-05 00:00:00,2024-07-05 00:00:00,0,NULL,CRE,,NULL,4810
15097,57576,3057,3057,USD,ACH070824,2024-07-08 00:00:00,2024-07-08 00:00:00,0,NULL,CRE,,NULL,4811
15098,57744,4996.8,4996.8,USD,ACH070924,2024-07-09 00:00:00,2024-07-09 00:00:00,0,NULL,CRE,,NULL,4812
15099,57932,406,406,USD,ACH071024,2024-07-10 00:00:00,2024-07-10 00:00:00,0,NULL,CRE,,NULL,4813
15100,58008,344.8,344.8,USD,ACH071024,2024-07-10 00:00:00,2024-07-10 00:00:00,0,NULL,CRE,,NULL,4813
15101,57898,7226.28,7226.28,USD,ACH071024,2024-07-10 00:00:00,2024-07-10 00:00:00,0,NULL,CRE,,NULL,4814
15102,57899,7296.66,7296.66,USD,ACH071024,2024-07-10 00:00:00,2024-07-10 00:00:00,0,NULL,CRE,,NULL,4814
15103,57957,5868.4,5868.4,USD,ACH071124,2024-07-11 00:00:00,2024-07-11 00:00:00,0,NULL,CRE,,NULL,4815
15104,57573INV,311.68,311.68,USD,CK 70001769,2024-07-11 00:00:00,2024-07-11 00:00:00,0,NULL,CRE,,NULL,4816
15105,57919,3161.6,3161.6,USD,CK 5667,2024-07-11 00:00:00,2024-07-11 00:00:00,0,NULL,CRE,,NULL,4817
15106,57859,4308,4308,USD,CK 11400,2024-07-11 00:00:00,2024-07-11 00:00:00,0,NULL,CRE,,NULL,4818
15107,57789,4341.59,4341.59,USD,ACH071224,2024-07-12 00:00:00,2024-07-12 00:00:00,0,NULL,CRE,,NULL,4819
15108,57903,1800.05,1800.05,USD,ACH071224,2024-07-12 00:00:00,2024-07-12 00:00:00,0,NULL,CRE,,NULL,4820
15109,57937,1692,1692,USD,ACH071224,2024-07-12 00:00:00,2024-07-12 00:00:00,0,NULL,CRE,,NULL,4821
15110,57991,1480,1480,USD,ACH071224,2024-07-12 00:00:00,2024-07-12 00:00:00,0,NULL,CRE,,NULL,4821
15111,57959,1547.4,1547.4,USD,ACH071224,2024-07-12 00:00:00,2024-07-12 00:00:00,0,NULL,CRE,,NULL,4821
15112,58001,1474,1474,USD,ACH071224,2024-07-12 00:00:00,2024-07-12 00:00:00,0,NULL,CRE,,NULL,4821
15113,57942,665.1,665.1,USD,ACH071224,2024-07-12 00:00:00,2024-07-12 00:00:00,0,1239,UAC,,NULL,4823
15114,57921,4025,4025,USD,ACH071524,2024-07-15 00:00:00,2024-07-15 00:00:00,0,NULL,CRE,,NULL,4824
15115,57471,375,375,USD,CK 013028,2024-07-15 00:00:00,2024-07-15 00:00:00,0,NULL,CRE,,NULL,4825
15116,57545,2509.2,2509.2,USD,CK 013028,2024-07-15 00:00:00,2024-07-15 00:00:00,0,NULL,CRE,,NULL,4825
15117,57822INV,235.6,235.6,USD,CK 10020733,2024-07-15 00:00:00,2024-07-15 00:00:00,0,NULL,CRE,,NULL,4826
15118,57856,4799.2,4799.2,USD,CK 123372,2024-07-15 00:00:00,2024-07-15 00:00:00,0,NULL,CRE,,NULL,4827
15119,57494,4325.2,4325.2,USD,CK 50539,2024-07-17 00:00:00,2024-07-17 00:00:00,0,NULL,CRE,,NULL,4828
15120,57608,7047,7047,USD,CK 50539,2024-07-17 00:00:00,2024-07-17 00:00:00,0,NULL,CRE,,NULL,4828
15121,57625,7924,7924,USD,CK 50539,2024-07-17 00:00:00,2024-07-17 00:00:00,0,NULL,CRE,,NULL,4828
15122,57735,6742.8,6742.8,USD,CK 50539,2024-07-17 00:00:00,2024-07-17 00:00:00,0,NULL,CRE,,NULL,4828
15123,57855,6419.25,6419.25,USD,CK 84617,2024-07-17 00:00:00,2024-07-17 00:00:00,0,NULL,CRE,,NULL,4829
15124,57938,2800,2800,USD,ACH071224,2024-07-18 00:00:00,2024-07-18 00:00:00,0,1239,UAC,,NULL,4830
15125,57844,4500,4500,USD,ACH071724,2024-07-17 00:00:00,2024-07-17 00:00:00,0,NULL,CRE,,NULL,4832
15126,57858,5060,5060,USD,ACH071724,2024-07-17 00:00:00,2024-07-17 00:00:00,0,NULL,CRE,,NULL,4832
15127,57946,5060,5060,USD,ACH071724,2024-07-17 00:00:00,2024-07-17 00:00:00,0,NULL,CRE,,NULL,4832
15128,57718,2277.6,2277.6,USD,ACH071624,2024-07-16 00:00:00,2024-07-16 00:00:00,0,NULL,CRE,,NULL,4833
15129,57629,935,935,USD,ACH071624,2024-07-16 00:00:00,2024-07-16 00:00:00,0,NULL,CRE,,NULL,4833
15130,57699,2367.48,2367.48,USD,ACH071624,2024-07-16 00:00:00,2024-07-16 00:00:00,0,NULL,CRE,,NULL,4833
15131,57930INV,850,850,USD,ACH071824,2024-07-18 00:00:00,2024-07-18 00:00:00,0,NULL,CRE,,NULL,4834
15132,57929INV,850,850,USD,ACH071824,2024-07-18 00:00:00,2024-07-18 00:00:00,0,NULL,CRE,,NULL,4834
15133,57938,147,147,USD,ACH071924,2024-07-19 00:00:00,2024-07-19 00:00:00,0,1241,UAC,,NULL,4836
15134,57902,1188,1188,USD,ACH071924,2024-07-19 00:00:00,2024-07-19 00:00:00,0,NULL,CRE,,NULL,4837
15135,57956,1240,1240,USD,ACH071924,2024-07-19 00:00:00,2024-07-19 00:00:00,0,NULL,CRE,,NULL,4837
15136,58013,1458,1458,USD,ACH071924,2024-07-19 00:00:00,2024-07-19 00:00:00,0,NULL,CRE,,NULL,4837
15137,57643,1144,1144,USD,ACH071924,2024-07-19 00:00:00,2024-07-19 00:00:00,0,NULL,CRE,,NULL,4838
15138,57826,8435.9,8435.9,USD,ACH071924,2024-07-19 00:00:00,2024-07-19 00:00:00,0,NULL,CRE,,NULL,4839
15139,57841,1942.4,1942.4,USD,CK 013306,2024-07-22 00:00:00,2024-07-22 00:00:00,0,NULL,CRE,,NULL,4840
15140,57873,2527.2,2527.2,USD,CK 013341,2024-07-22 00:00:00,2024-07-22 00:00:00,0,NULL,CRE,,NULL,4841
15141,57833,8159.08,8159.08,USD,CK 13202,2024-07-22 00:00:00,2024-07-22 00:00:00,82.42,NULL,CRE,,NULL,4842
15142,57955,7200,7200,USD,ACH072224,2024-07-22 00:00:00,2024-07-22 00:00:00,0,NULL,CRE,,NULL,4843
15143,57928INV,850,850,USD,ACH072324,2024-07-23 00:00:00,2024-07-23 00:00:00,0,NULL,CRE,,NULL,4844
15144,57972,4250,4250,USD,ACH072224,2024-07-22 00:00:00,2024-07-22 00:00:00,0,NULL,CRE,,NULL,4845
15145,57961,3910,3910,USD,ACH072224,2024-07-22 00:00:00,2024-07-22 00:00:00,0,NULL,CRE,,NULL,4846
15146,58005,3116.68,3116.68,USD,ACH072224,2024-07-22 00:00:00,2024-07-22 00:00:00,0,NULL,CRE,,NULL,4847
15147,57990,3385.6,3385.6,USD,ACH072224,2024-07-22 00:00:00,2024-07-22 00:00:00,0,NULL,CRE,,NULL,4848
15148,57920,10749.02,10749.02,USD,ACH072624,2024-07-26 00:00:00,2024-07-26 00:00:00,0,NULL,CRE,,NULL,4851
15149,57827,8641.6,8641.6,USD,ACH072624,2024-07-26 00:00:00,2024-07-26 00:00:00,0,NULL,CRE,,NULL,4851
15150,57939,2800,2800,USD,ACH071924,2024-07-26 00:00:00,2024-07-26 00:00:00,0,1241,UAC,,NULL,4852
15151,57939,348.6,348.6,USD,ACH072624,2024-07-26 00:00:00,2024-07-26 00:00:00,0,1243,UAC,,NULL,4853
15152,57930,513,513,USD,CK 5597,2024-07-25 00:00:00,2024-07-25 00:00:00,0,NULL,CRE,,NULL,4854
15153,57928,488,488,USD,CK 5597,2024-07-25 00:00:00,2024-07-25 00:00:00,0,NULL,CRE,,NULL,4854
15154,57929,493,493,USD,CK 5597,2024-07-25 00:00:00,2024-07-25 00:00:00,0,NULL,CRE,,NULL,4854
15155,57809,8891.3,8891.3,USD,CK 1578,2024-07-26 00:00:00,2024-07-26 00:00:00,0,NULL,CRE,,NULL,4855
15156,57995,1192,1192,USD,ACH072924,2024-07-29 00:00:00,2024-07-29 00:00:00,0,NULL,CRE,,NULL,4856
15157,57996,1294,1294,USD,ACH072924,2024-07-29 00:00:00,2024-07-29 00:00:00,0,NULL,CRE,,NULL,4856
15158,57933,5112.8,5112.8,USD,ACH072624,2024-07-31 00:00:00,2024-07-31 00:00:00,0,NULL,CRE,,NULL,4857
15159,57901,1281.28,1281.28,USD,ACH073124,2024-07-31 00:00:00,2024-07-31 00:00:00,0,NULL,CRE,,NULL,4858
15160,57927,8154.8,8154.8,USD,CK 7795,2024-07-31 00:00:00,2024-07-31 00:00:00,0,NULL,CRE,,NULL,4859
15161,57991INV,250,250,USD,CK 70018023,2024-07-31 00:00:00,2024-07-31 00:00:00,0,NULL,CRE,,NULL,4860
15162,57967,2600.4,2600.4,USD,CK 5838,2024-07-31 00:00:00,2024-07-31 00:00:00,0,NULL,CRE,,NULL,4861
15163,57974,6892.2,6892.2,USD,CK 1596,2024-07-31 00:00:00,2024-07-31 00:00:00,0,NULL,CRE,,NULL,4862
15164,57853,300,300,USD,CK 7437,2024-08-01 00:00:00,2024-08-01 00:00:00,0,1237,UAC,,NULL,4863
15165,58139,2800,2800,USD,ACH072624,2024-08-02 00:00:00,2024-08-02 00:00:00,0,1243,UAC,,NULL,4865
15166,58054,1256,1256,USD,ACH080224,2024-08-02 00:00:00,2024-08-02 00:00:00,0,NULL,CRE,,NULL,4866
15167,58037,1276.6,1276.6,USD,ACH080224,2024-08-02 00:00:00,2024-08-02 00:00:00,0,NULL,CRE,,NULL,4866
15168,58083,1674,1674,USD,ACH080224,2024-08-02 00:00:00,2024-08-02 00:00:00,0,NULL,CRE,,NULL,4866
15169,58050INV,200,200,USD,WIR072324,2024-08-02 00:00:00,2024-08-02 00:00:00,0,NULL,CRE,,NULL,4867
15170,57684,8185.9,8185.9,USD,WIR080224,2024-08-02 00:00:00,2024-08-02 00:00:00,0,NULL,CRE,,NULL,4868
15171,57774,1436.58,1436.58,USD,ACH080524,2024-08-05 00:00:00,2024-08-05 00:00:00,0,NULL,CRE,,NULL,4869
15172,57771,2350.08,2350.08,USD,ACH080524,2024-08-05 00:00:00,2024-08-05 00:00:00,0,NULL,CRE,,NULL,4869
15173,58098,3910,3910,USD,WIR080524,2024-08-05 00:00:00,2024-08-05 00:00:00,0,NULL,CRE,,NULL,4870
15174,58134INV,200,200,USD,WIR080524,2024-08-05 00:00:00,2024-08-05 00:00:00,0,NULL,CRE,,NULL,4871
15175,57906,12426.5,12426.5,USD,CK 00049034,2024-08-05 00:00:00,2024-08-05 00:00:00,0,NULL,CRE,,NULL,4872
15176,57691,3824.1,3824.1,USD,CK 1609,2024-08-05 00:00:00,2024-08-05 00:00:00,0,NULL,CRE,,NULL,4873
15177,57936,8916.48,8916.48,USD,CK 1609,2024-08-05 00:00:00,2024-08-05 00:00:00,0,NULL,CRE,,NULL,4873
15178,58096,2400,2400,USD,ACH072524,2024-08-09 00:00:00,2024-08-09 00:00:00,0,1242,UAC,,NULL,4874
15179,58088,3000,3000,USD,ACH071724,2024-08-09 00:00:00,2024-08-09 00:00:00,0,1240,UAC,,NULL,4875
15180,58143,2800,2800,USD,ACH072624,2024-08-09 00:00:00,2024-08-09 00:00:00,0,1243,UAC,,NULL,4876
15181,57940,2800,2800,USD,ACH072624,2024-08-09 00:00:00,2024-08-09 00:00:00,0,1243,UAC,,NULL,4877
15182,57945,9666.8,9666.8,USD,ACH080724,2024-08-07 00:00:00,2024-08-07 00:00:00,0,NULL,CRE,,NULL,4878
15183,57951,7811.6,7811.6,USD,ACH080724,2024-08-07 00:00:00,2024-08-07 00:00:00,0,NULL,CRE,,NULL,4879
15184,58009,9911.25,9911.25,USD,ACH080924,2024-08-09 00:00:00,2024-08-09 00:00:00,0,NULL,CRE,,NULL,4880
15185,58010,9598.75,9598.75,USD,ACH080924,2024-08-09 00:00:00,2024-08-09 00:00:00,0,NULL,CRE,,NULL,4880
15186,58019,860,860,USD,ACH080924,2024-08-09 00:00:00,2024-08-09 00:00:00,0,NULL,CRE,,NULL,4881
15187,58053,1374,1374,USD,ACH080924,2024-08-09 00:00:00,2024-08-09 00:00:00,0,NULL,CRE,,NULL,4881
15188,58066,1296,1296,USD,ACH080924,2024-08-09 00:00:00,2024-08-09 00:00:00,0,NULL,CRE,,NULL,4881
15189,57904,1201.2,1201.2,USD,ACH080924,2024-08-09 00:00:00,2024-08-09 00:00:00,0,NULL,CRE,,NULL,4882
15190,57934,1055.34,1055.34,USD,ACH080924,2024-08-09 00:00:00,2024-08-09 00:00:00,0,NULL,CRE,,NULL,4882
15191,57764,1312.08,1312.08,USD,ACH080924,2024-08-09 00:00:00,2024-08-09 00:00:00,0,NULL,CRE,,NULL,4882
15192,58020INV,24.18,24.18,USD,CK 86037367,2024-08-12 00:00:00,2024-08-12 00:00:00,0,NULL,CRE,,NULL,4883
15193,58045,5168.8,5168.8,USD,CK 123712,2024-08-12 00:00:00,2024-08-12 00:00:00,0,NULL,CRE,,NULL,4884
15194,57834,6500.64,6500.64,USD,CK 13243,2024-08-12 00:00:00,2024-08-12 00:00:00,65.66,NULL,CRE,,NULL,4885
15195,57692INV,300,300,USD,CK700182417,2024-08-12 00:00:00,2024-08-12 00:00:00,0,NULL,CRE,,NULL,4886
15196,57937INV,250,250,USD,CK700182418,2024-08-12 00:00:00,2024-08-12 00:00:00,0,NULL,CRE,,NULL,4887
15197,57973,1929.6,1929.6,USD,CK 13504,2024-08-12 00:00:00,2024-08-12 00:00:00,0,NULL,CRE,,NULL,4888
15198,57975,535,535,USD,CK 5624,2024-08-12 00:00:00,2024-08-12 00:00:00,0,NULL,CRE,,NULL,4889
15199,57999,539,539,USD,CK 5624,2024-08-12 00:00:00,2024-08-12 00:00:00,0,NULL,CRE,,NULL,4889
15200,58000,551,551,USD,CK 5624,2024-08-12 00:00:00,2024-08-12 00:00:00,0,NULL,CRE,,NULL,4889
15201,57998,501,501,USD,CK 5624,2024-08-12 00:00:00,2024-08-12 00:00:00,0,NULL,CRE,,NULL,4889
15202,57970,3855.94,3855.94,USD,ACH081224,2024-08-12 00:00:00,2024-08-12 00:00:00,0,NULL,CRE,,NULL,4890
15203,57781,5131.91,5131.91,USD,CK 13253,2024-08-13 00:00:00,2024-08-13 00:00:00,51.84,NULL,CRE,,NULL,4891
15204,58099,3910,3910,USD,ACH081324,2024-08-13 00:00:00,2024-08-13 00:00:00,0,NULL,CRE,,NULL,4892
15205,57975INV,1850,1850,USD,ACH081324,2024-08-13 00:00:00,2024-08-13 00:00:00,0,NULL,CRE,,NULL,4893
15206,57999INV,1850,1850,USD,ACH081324,2024-08-13 00:00:00,2024-08-13 00:00:00,0,NULL,CRE,,NULL,4893
15207,58000INV,1850,1850,USD,ACH081324,2024-08-13 00:00:00,2024-08-13 00:00:00,0,NULL,CRE,,NULL,4893
15208,57998INV,850,850,USD,ACH081324,2024-08-13 00:00:00,2024-08-13 00:00:00,0,NULL,CRE,,NULL,4893
15209,58016INV,850,850,USD,ACH081324,2024-08-13 00:00:00,2024-08-13 00:00:00,0,NULL,CRE,,NULL,4893
15210,58088,27,27,USD,ACH081424,2024-08-15 00:00:00,2024-08-15 00:00:00,0,1245,UAC,,NULL,4895
15211,58096,48,48,USD,ACH081424,2024-08-15 00:00:00,2024-08-15 00:00:00,0,1245,UAC,,NULL,4895
15212,58139,112.7,112.7,USD,ACH081424,2024-08-15 00:00:00,2024-08-15 00:00:00,0,1245,UAC,,NULL,4895
15213,58143,85.4,85.4,USD,ACH081424,2024-08-15 00:00:00,2024-08-15 00:00:00,0,1245,UAC,,NULL,4895
15214,57940,326.2,326.2,USD,ACH081424,2024-08-15 00:00:00,2024-08-15 00:00:00,0,1245,UAC,,NULL,4895
15215,57979,5383.6,5383.6,USD,ACH081624,2024-08-16 00:00:00,2024-08-16 00:00:00,0,NULL,CRE,,NULL,4896
15216,58002,3835.16,3835.16,USD,ACH081524,2024-08-15 00:00:00,2024-08-15 00:00:00,0,NULL,CRE,,NULL,4897
15217,58016,611,611,USD,CK 5636,2024-08-19 00:00:00,2024-08-19 00:00:00,0,NULL,CRE,,NULL,4898
15218,57988INV,472.24,472.24,USD,CK 13774,2024-08-19 00:00:00,2024-08-19 00:00:00,0,NULL,CRE,,NULL,4899
15219,57425INV,3344.4,3344.4,USD,CK 57276,2024-08-19 00:00:00,2024-08-19 00:00:00,0,NULL,CRE,,NULL,4900
15220,57634INV,100.48,100.48,USD,CK 70001835,2024-08-19 00:00:00,2024-08-19 00:00:00,0,NULL,CRE,,NULL,4901
15221,57572INV,300,300,USD,CK700001835,2024-08-19 00:00:00,2024-08-19 00:00:00,0,NULL,CRE,,NULL,4902
15222,57997,1670,1670,USD,ACH081924,2024-08-19 00:00:00,2024-08-19 00:00:00,0,NULL,CRE,,NULL,4903
15223,58079,1194,1194,USD,ACH081924,2024-08-19 00:00:00,2024-08-19 00:00:00,0,NULL,CRE,,NULL,4903
15224,58081,1518,1518,USD,ACH081924,2024-08-19 00:00:00,2024-08-19 00:00:00,0,NULL,CRE,,NULL,4903
15225,58134,1238,1238,USD,ACH081924,2024-08-19 00:00:00,2024-08-19 00:00:00,0,NULL,CRE,,NULL,4903
15226,58082,1174,1174,USD,ACH081924,2024-08-19 00:00:00,2024-08-19 00:00:00,0,NULL,CRE,,NULL,4903
15227,57839,1351.2,1351.2,USD,ACH081924,2024-08-19 00:00:00,2024-08-19 00:00:00,0,NULL,CRE,,NULL,4904
15228,57905,1827.76,1827.76,USD,ACH081924,2024-08-19 00:00:00,2024-08-19 00:00:00,0,NULL,CRE,,NULL,4904
15229,58077,3258.15,3258.15,USD,ACH081924,2024-08-19 00:00:00,2024-08-19 00:00:00,0,NULL,CRE,,NULL,4905
15230,58253,3200,3200,USD,ACH081424,2024-08-20 00:00:00,2024-08-20 00:00:00,0,1245,UAC,,NULL,4906
15231,58140,2800,2800,USD,ACH072624,2024-08-20 00:00:00,2024-08-20 00:00:00,0,1243,UAC,,NULL,4907
15232,58150,3910,3910,USD,ACH082024,2024-08-20 00:00:00,2024-08-20 00:00:00,0,NULL,CRE,,NULL,4908
15233,58148,394.4,394.4,USD,ACH082024,2024-08-20 00:00:00,2024-08-20 00:00:00,0,NULL,CRE,,NULL,4909
15234,58020,1638.4,1638.4,USD,CK 013629,2024-08-21 00:00:00,2024-08-21 00:00:00,0,NULL,CRE,,NULL,4910
15235,58100,4140,4140,USD,ACH082124,2024-08-21 00:00:00,2024-08-21 00:00:00,0,NULL,CRE,,NULL,4911
15236,57958,4500,4500,USD,ACH082124,2024-08-21 00:00:00,2024-08-21 00:00:00,0,NULL,CRE,,NULL,4912
15237,57768,8496.4,8496.4,USD,ACH082124,2024-08-21 00:00:00,2024-08-21 00:00:00,0,NULL,CRE,,NULL,4913
15238,57854,300,300,USD,CK 7661,2024-08-23 00:00:00,2024-08-23 00:00:00,0,1244,UAC,,NULL,4914
15239,57861,260,260,USD,CK 7661,2024-08-23 00:00:00,2024-08-23 00:00:00,0,1244,UAC,,NULL,4914
15240,57909,280,280,USD,CK 7661,2024-08-23 00:00:00,2024-08-23 00:00:00,0,1244,UAC,,NULL,4914
15241,57993,325,325,USD,CK 7661,2024-08-23 00:00:00,2024-08-23 00:00:00,0,1244,UAC,,NULL,4914
15242,58017,4233,4233,USD,ACH082224,2024-08-22 00:00:00,2024-08-22 00:00:00,0,NULL,CRE,,NULL,4915
15243,58036INV,850,850,USD,ACH082224,2024-08-22 00:00:00,2024-08-22 00:00:00,0,NULL,CRE,,NULL,4916
15244,58093INV,950,950,USD,ACH082224,2024-08-22 00:00:00,2024-08-22 00:00:00,0,NULL,CRE,,NULL,4916
15245,58094INV,950,950,USD,ACH082224,2024-08-22 00:00:00,2024-08-22 00:00:00,0,NULL,CRE,,NULL,4916
15246,58107,10711.98,10711.98,USD,ACH082324,2024-08-23 00:00:00,2024-08-23 00:00:00,0,NULL,CRE,,NULL,4917
15247,57677,1161.46,1161.46,USD,ACH082324,2024-08-23 00:00:00,2024-08-23 00:00:00,0,NULL,CRE,,NULL,4918
15248,57952,2391.6,2391.6,USD,ACH082324,2024-08-23 00:00:00,2024-08-23 00:00:00,0,NULL,CRE,,NULL,4918
15249,57976,1467.4,1467.4,USD,ACH082324,2024-08-23 00:00:00,2024-08-23 00:00:00,0,NULL,CRE,,NULL,4918
15250,57766,854.59,854.59,USD,ACH082324,2024-08-23 00:00:00,2024-08-23 00:00:00,0,NULL,CRE,,NULL,4918
15251,57840,6211,6211,USD,ACH082324,2024-08-23 00:00:00,2024-08-23 00:00:00,0,NULL,CRE,,NULL,4919
15252,58063,2136.15,2136.15,USD,ACH082324,2024-08-23 00:00:00,2024-08-23 00:00:00,0,NULL,CRE,,NULL,4920
15253,57918,13836.68,13836.68,USD,ACH082324,2024-08-23 00:00:00,2024-08-23 00:00:00,0,NULL,CRE,,NULL,4921
15254,58161,1897.2,1897.2,USD,ACH082324,2024-08-23 00:00:00,2024-08-23 00:00:00,0,NULL,CRE,,NULL,4922
15255,58159,1008,1008,USD,ACH082324,2024-08-23 00:00:00,2024-08-23 00:00:00,0,NULL,CRE,,NULL,4922
15256,58102,1260.9,1260.9,USD,ACH082324,2024-08-23 00:00:00,2024-08-23 00:00:00,0,NULL,CRE,,NULL,4922
15257,57997INV,250,250,USD,CK700184315,2024-08-23 00:00:00,2024-08-23 00:00:00,0,NULL,CRE,,NULL,4923
15258,58046,5110,5110,USD,CK 123832,2024-08-23 00:00:00,2024-08-23 00:00:00,0,NULL,CRE,,NULL,4924
15259,58047,4989.6,4989.6,USD,CK 123832,2024-08-23 00:00:00,2024-08-23 00:00:00,0,NULL,CRE,,NULL,4924
15260,58055,3872,3872,USD,CK 123832,2024-08-23 00:00:00,2024-08-23 00:00:00,0,NULL,CRE,,NULL,4924
15261,57872,407,407,USD,OFFSET,2024-08-23 00:00:00,2024-08-23 15:52:35,0,0,OFF,,NULL,O111623
15262,57923,362,362,USD,OFFSET,2024-08-23 00:00:00,2024-08-23 15:52:55,0,0,OFF,,NULL,O111624
15263,58109INV,850,850,USD,ACH08292024,2024-08-29 00:00:00,2024-08-29 00:00:00,0,NULL,CRE,,NULL,4925
15264,58145INV,950,950,USD,ACH08292024,2024-08-29 00:00:00,2024-08-29 00:00:00,0,NULL,CRE,,NULL,4925
15265,58147,3214.7,3214.7,USD,ACH082724,2024-08-27 00:00:00,2024-08-27 00:00:00,0,NULL,CRE,,NULL,4926
15266,58108INV,850,850,USD,ACH082724,2024-08-27 00:00:00,2024-08-27 00:00:00,0,NULL,CRE,,NULL,4927
15267,58129,2100,2100,USD,ACH082824,2024-08-28 00:00:00,2024-08-28 00:00:00,0,NULL,CRE,,NULL,4928
15268,58036,563,563,USD,CK 5654,2024-08-29 00:00:00,2024-08-29 00:00:00,0,NULL,CRE,,NULL,4929
15269,58109,554,554,USD,CK 5654,2024-08-29 00:00:00,2024-08-29 00:00:00,0,NULL,CRE,,NULL,4929
15270,58108,579,579,USD,CK 5654,2024-08-29 00:00:00,2024-08-29 00:00:00,0,NULL,CRE,,NULL,4929
15271,57960,2492,2492,USD,CK 25740,2024-08-28 00:00:00,2024-08-28 00:00:00,0,NULL,CRE,,NULL,4930
15272,57622,1058.8,1058.8,USD,CK 25563,2024-08-28 00:00:00,2024-08-28 00:00:00,0,NULL,CRE,,NULL,4931
15273,58072,5730.4,5730.4,USD,CK 6013,2024-08-28 00:00:00,2024-08-28 00:00:00,0,NULL,CRE,,NULL,4932
15274,58091,5013,5013,USD,CK 6013,2024-08-28 00:00:00,2024-08-28 00:00:00,0,NULL,CRE,,NULL,4932
15275,57980,8523.3,8523.3,USD,CK 013712,2024-08-28 00:00:00,2024-08-28 00:00:00,0,NULL,CRE,,NULL,4933
15276,58129,-2100,-2100,USD,ACH082824,2024-08-29 00:00:00,2024-08-29 12:05:15,0,NULL,CRE,UNDO 15267,NULL,4934
15277,58129,2100,2100,USD,ACH082824,2024-08-28 00:00:00,2024-08-28 00:00:00,0,NULL,CRE,,NULL,4935
15278,58146,14137.9,14137.9,USD,CK 1649,2024-08-30 00:00:00,2024-08-30 00:00:00,0,NULL,CRE,,NULL,4936
15279,58085,1557.6,1557.6,USD,CK 013731,2024-08-30 00:00:00,2024-08-30 00:00:00,0,NULL,CRE,,NULL,4937
15280,57852,1653,1653,USD,CK 11066,2024-08-30 00:00:00,2024-08-30 00:00:00,0,1249,UAC,,NULL,4939
15281,58076,9557.5,9557.5,USD,ACH083024,2024-08-30 00:00:00,2024-08-30 00:00:00,0,NULL,CRE,,NULL,4940
15282,57925,746.5,746.5,USD,ACH083024,2024-08-30 00:00:00,2024-08-30 00:00:00,0,NULL,CRE,,NULL,4941
15283,58130INV,3100,3100,USD,WIR082924,2024-08-29 00:00:00,2024-08-29 00:00:00,0,NULL,CRE,,NULL,4942
15284,58282,7000.69,7000.69,USD,CK 13283,2024-09-10 00:00:00,2024-09-10 00:00:00,70.71,NULL,CRE,,NULL,4943
15285,58087,8095.95,8095.95,USD,CK 1662,2024-09-10 00:00:00,2024-09-10 00:00:00,0,NULL,CRE,,NULL,4944
15286,58178,2972,2972,USD,CK 6109,2024-09-10 00:00:00,2024-09-10 00:00:00,0,NULL,CRE,,NULL,4945
15287,INV56975,6944,6944,USD,CK 29979,2024-09-10 00:00:00,2024-09-10 00:00:00,0,NULL,CRE,,NULL,4946
15288,58142,1148,1148,USD,ACH083024,2024-09-10 00:00:00,2024-09-10 00:00:00,0,NULL,CRE,,NULL,4947
15289,58144,789.6,789.6,USD,ACH083024,2024-09-10 00:00:00,2024-09-10 00:00:00,0,NULL,CRE,,NULL,4947
15290,58230,1619.3,1619.3,USD,ACH083024,2024-09-10 00:00:00,2024-09-10 00:00:00,0,NULL,CRE,,NULL,4947
15291,58080,1222,1222,USD,ACH083024,2024-09-10 00:00:00,2024-09-10 00:00:00,0,NULL,CRE,,NULL,4947
15292,58231,1536,1536,USD,ACH083024,2024-09-10 00:00:00,2024-09-10 00:00:00,0,NULL,CRE,,NULL,4947
15293,57776,3146,3146,USD,ACH090424,2024-09-10 00:00:00,2024-09-10 00:00:00,0,NULL,CRE,,NULL,4948
15294,57802,3855.6,3855.6,USD,ACH090924,2024-09-10 00:00:00,2024-09-10 00:00:00,0,NULL,CRE,,NULL,4949
15295,57808,3812,3812,USD,ACH090924,2024-09-10 00:00:00,2024-09-10 00:00:00,0,NULL,CRE,,NULL,4949
15296,57823,3350,3350,USD,ACH090924,2024-09-10 00:00:00,2024-09-10 00:00:00,0,NULL,CRE,,NULL,4949
15297,57799,5212.97,5212.97,USD,ACH090924,2024-09-10 00:00:00,2024-09-10 00:00:00,0,NULL,CRE,,NULL,4949
15298,57828,7095.6,7095.6,USD,ACH090924,2024-09-10 00:00:00,2024-09-10 00:00:00,0,NULL,CRE,,NULL,4949
15299,57931,6744,6744,USD,ACH090924,2024-09-10 00:00:00,2024-09-10 00:00:00,0,NULL,CRE,,NULL,4949
15300,57908,2330,2330,USD,ACH090924,2024-09-10 00:00:00,2024-09-10 00:00:00,0,NULL,CRE,,NULL,4949
15301,57953,2602,2602,USD,ACH090924,2024-09-10 00:00:00,2024-09-10 00:00:00,0,NULL,CRE,,NULL,4949
15302,57954,3312,3312,USD,ACH090924,2024-09-10 00:00:00,2024-09-10 00:00:00,0,NULL,CRE,,NULL,4949
15303,57985,1586.2,1586.2,USD,ACH090924,2024-09-10 00:00:00,2024-09-10 00:00:00,0,NULL,CRE,,NULL,4950
15304,58050,1504.36,1504.36,USD,ACH090924,2024-09-10 00:00:00,2024-09-10 00:00:00,0,NULL,CRE,,NULL,4950
15305,57988,1130.25,1130.25,USD,ACH090924,2024-09-10 00:00:00,2024-09-10 00:00:00,0,NULL,CRE,,NULL,4950
15306,57635,1157.86,1157.86,USD,ACH090924,2024-09-10 00:00:00,2024-09-10 00:00:00,0,NULL,CRE,,NULL,4950
15307,57413,-150,-150,USD,CK 013795,2024-09-11 00:00:00,2024-09-11 00:00:00,0,NULL,CRE,,NULL,4951
15308,57414,-150,-150,USD,CK 013795,2024-09-11 00:00:00,2024-09-11 00:00:00,0,NULL,CRE,,NULL,4951
15309,57842,1936,1936,USD,CK 013795,2024-09-11 00:00:00,2024-09-11 00:00:00,0,NULL,CRE,,NULL,4951
15310,58128,2104,2104,USD,CK 013795,2024-09-11 00:00:00,2024-09-11 00:00:00,0,NULL,CRE,,NULL,4951
15311,58169,3847.2,3847.2,USD,CK 013795,2024-09-11 00:00:00,2024-09-11 00:00:00,0,NULL,CRE,,NULL,4951
15312,58090,13411.5,13411.5,USD,CK 00012234,2024-09-11 00:00:00,2024-09-11 00:00:00,0,NULL,CRE,,NULL,4952
15313,57635INV,200,200,USD,CK700187223,2024-09-11 00:00:00,2024-09-11 00:00:00,0,NULL,CRE,,NULL,4953
15314,57912,2242.86,2242.86,USD,ACH090424,2024-09-11 00:00:00,2024-09-11 00:00:00,0,NULL,CRE,,NULL,4954
15315,57914,2116.68,2116.68,USD,ACH090424,2024-09-11 00:00:00,2024-09-11 00:00:00,0,NULL,CRE,,NULL,4954
15316,57947,2226.8,2226.8,USD,ACH090424,2024-09-11 00:00:00,2024-09-11 00:00:00,0,NULL,CRE,,NULL,4954
15317,58029,1289.52,1289.52,USD,ACH090424,2024-09-11 00:00:00,2024-09-11 00:00:00,0,NULL,CRE,,NULL,4954
15318,58163,8244.39,8244.39,USD,ACH090524,2024-09-11 00:00:00,2024-09-11 00:00:00,0,NULL,CRE,,NULL,4955
15319,58154,1256,1256,USD,ACH090624,2024-09-11 00:00:00,2024-09-11 00:00:00,0,NULL,CRE,,NULL,4956
15320,58281,1394,1394,USD,ACH090624,2024-09-11 00:00:00,2024-09-11 00:00:00,0,NULL,CRE,,NULL,4956
15321,58160,1096,1096,USD,ACH090624,2024-09-11 00:00:00,2024-09-11 00:00:00,0,NULL,CRE,,NULL,4956
15322,58191,1196,1196,USD,ACH090624,2024-09-11 00:00:00,2024-09-11 00:00:00,0,NULL,CRE,,NULL,4956
15323,58095,1204,1204,USD,ACH090624,2024-09-11 00:00:00,2024-09-11 00:00:00,0,NULL,CRE,,NULL,4956
15324,58156,4547.2,4547.2,USD,ACH090624,2024-09-11 00:00:00,2024-09-11 00:00:00,0,NULL,CRE,,NULL,4957
15325,58137,10520.28,10520.28,USD,ACH090624,2024-09-11 00:00:00,2024-09-11 00:00:00,0,NULL,CRE,,NULL,4957
15326,58199,-2194,-2194,USD,ACH090624,2024-09-11 00:00:00,2024-09-11 00:00:00,0,NULL,CRE,,NULL,4957
15327,58312,3910,3910,USD,ACH090924,2024-09-11 00:00:00,2024-09-11 00:00:00,0,NULL,CRE,,NULL,4958
15328,58313,3910,3910,USD,ACH090924,2024-09-11 00:00:00,2024-09-11 00:00:00,0,NULL,CRE,,NULL,4959
15329,58103,4140,4140,USD,ACH091124,2024-09-11 00:00:00,2024-09-11 00:00:00,0,NULL,CRE,,NULL,4960
15330,58126,4140,4140,USD,ACH091124,2024-09-11 00:00:00,2024-09-11 00:00:00,0,NULL,CRE,,NULL,4961
15331,58149,4140,4140,USD,ACH091124,2024-09-11 00:00:00,2024-09-11 00:00:00,0,NULL,CRE,,NULL,4962
15332,58190,4140,4140,USD,ACH091124,2024-09-11 00:00:00,2024-09-11 00:00:00,0,NULL,CRE,,NULL,4963
15333,58234,2402.27,2402.27,USD,ACH091024,2024-09-10 00:00:00,2024-09-10 00:00:00,0,NULL,CRE,,NULL,4964
15334,58234,-2402.27,-2402.27,USD,ACH091024,2024-09-12 00:00:00,2024-09-12 16:26:27,0,NULL,CRE,UNDO 15333,NULL,4965
15335,58234,3402.27,3402.27,USD,ACH091024,2024-09-10 00:00:00,2024-09-10 00:00:00,0,NULL,CRE,,NULL,4966
15336,58201INV,850,850,USD,ACH091224,2024-09-12 00:00:00,2024-09-12 00:00:00,0,NULL,CRE,,NULL,4967
15337,58237,2533.15,2533.15,USD,ACH091224,2024-09-12 00:00:00,2024-09-12 00:00:00,0,NULL,CRE,,NULL,4968
15338,58200,1180,1180,USD,ACH091324,2024-09-13 00:00:00,2024-09-13 00:00:00,0,NULL,CRE,,NULL,4969
15339,58248,1200,1200,USD,ACH091324,2024-09-13 00:00:00,2024-09-13 00:00:00,0,NULL,CRE,,NULL,4969
15340,58284,2460.1,2460.1,USD,ACH091324,2024-09-13 00:00:00,2024-09-13 00:00:00,0,NULL,CRE,,NULL,4969
15341,58297,1174,1174,USD,ACH091324,2024-09-13 00:00:00,2024-09-13 00:00:00,0,NULL,CRE,,NULL,4969
15342,58175,1792.65,1792.65,USD,ACH091324,2024-09-13 00:00:00,2024-09-13 00:00:00,0,NULL,CRE,,NULL,4970
15343,58075-INV,10397.5,10397.5,USD,ACH091324,2024-09-13 00:00:00,2024-09-13 00:00:00,0,NULL,CRE,,NULL,4971
15344,57487,514.41,514.41,USD,ACH091324,2024-09-13 00:00:00,2024-09-13 00:00:00,0,NULL,CRE,,NULL,4972
15345,57983,986.7,986.7,USD,ACH091324,2024-09-13 00:00:00,2024-09-13 00:00:00,0,NULL,CRE,,NULL,4972
15346,58052,1144,1144,USD,ACH091324,2024-09-13 00:00:00,2024-09-13 00:00:00,0,NULL,CRE,,NULL,4972
15347,58035,1339.84,1339.84,USD,CK 25633,2024-09-13 00:00:00,2024-09-13 00:00:00,0,NULL,CRE,,NULL,4973
15348,58197INV,339.28,339.28,USD,CK700188114,2024-09-13 00:00:00,2024-09-13 00:00:00,0,NULL,CRE,,NULL,4974
15349,58056,3670,3670,USD,CK 124125,2024-09-13 00:00:00,2024-09-13 00:00:00,0,NULL,CRE,,NULL,4975
15350,57766INV,262.67,262.67,USD,7001891149,2024-09-16 00:00:00,2024-09-16 00:00:00,0,NULL,CRE,,NULL,4976
15351,INV58205,191.17,191.17,USD,7001891149,2024-09-16 00:00:00,2024-09-16 00:00:00,0,NULL,CRE,,NULL,4976
15352,57642INV,158.12,158.12,USD,7001891149,2024-09-16 00:00:00,2024-09-16 00:00:00,0,NULL,CRE,,NULL,4977
15353,INV58102,211,211,USD,CK 317822,2024-09-16 00:00:00,2024-09-16 00:00:00,0,NULL,CRE,,NULL,4978
15354,58170,3253.6,3253.6,USD,CK 013898,2024-09-18 00:00:00,2024-09-18 00:00:00,0,NULL,CRE,,NULL,4979
15355,58166,7594.38,7594.38,USD,CK 013898,2024-09-18 00:00:00,2024-09-18 00:00:00,0,NULL,CRE,,NULL,4979
15356,57763INV,200,200,USD,ACH091624,2024-09-16 00:00:00,2024-09-16 00:00:00,0,NULL,CRE,,NULL,4980
15357,INV58154,200,200,USD,WIR091724,2024-09-17 00:00:00,2024-09-17 00:00:00,0,NULL,CRE,,NULL,4981
15358,58247,1204,1204,USD,ACH091724,2024-09-17 00:00:00,2024-09-17 00:00:00,0,NULL,CRE,,NULL,4982
15359,58043,-2128,-2128,USD,ACH091824,2024-09-19 00:00:00,2024-09-19 00:00:00,0,1250,UAC,,NULL,4984
15360,57950,4680.77,4680.77,USD,ACH091824,2024-09-19 00:00:00,2024-09-19 00:00:00,0,1250,UAC,,NULL,4984
15361,58048,2827.8,2827.8,USD,ACH091924,2024-09-19 00:00:00,2024-09-19 00:00:00,0,NULL,CRE,,NULL,4985
15362,57926,968.12,968.12,USD,ACH091924,2024-09-19 00:00:00,2024-09-19 00:00:00,0,NULL,CRE,,NULL,4985
15363,58196,12637.5,12637.5,USD,ACH091924,2024-09-19 00:00:00,2024-09-19 00:00:00,0,NULL,CRE,,NULL,4986
15364,58202,7508.7,7508.7,USD,ACH092024,2024-09-20 00:00:00,2024-09-20 00:00:00,0,NULL,CRE,,NULL,4987
15365,58049,5097.28,5097.28,USD,ACH092024,2024-09-20 00:00:00,2024-09-20 00:00:00,0,NULL,CRE,,NULL,4988
15366,58067,692,692,USD,ACH092024,2024-09-20 00:00:00,2024-09-20 00:00:00,0,NULL,CRE,,NULL,4989
15367,58317,792,792,USD,ACH092024,2024-09-20 00:00:00,2024-09-20 00:00:00,0,NULL,CRE,,NULL,4989
15368,58296,1082,1082,USD,ACH092024,2024-09-20 00:00:00,2024-09-20 00:00:00,0,NULL,CRE,,NULL,4989
15369,58273,1606,1606,USD,ACH092024,2024-09-20 00:00:00,2024-09-20 00:00:00,0,NULL,CRE,,NULL,4989
15370,INV58102,211,211,USD,317822,2024-09-20 00:00:00,2024-09-20 00:00:00,0,NULL,CRE,,NULL,4990
15371,58212,2400,2400,USD,CK 0101730,2024-09-20 00:00:00,2024-09-20 00:00:00,0,NULL,CRE,,NULL,4991
15372,58298,2368,2368,USD,10723,2024-09-20 00:00:00,2024-09-20 00:00:00,0,NULL,CRE,,NULL,4992
15373,58236,2800,2800,USD,ACH081424,2024-09-20 00:00:00,2024-09-20 00:00:00,0,1245,UAC,,NULL,4993
15374,58251,3200,3200,USD,ACH081424,2024-09-20 00:00:00,2024-09-20 00:00:00,0,1245,UAC,,NULL,4994
15375,58252,3200,3200,USD,ACH081424,2024-09-20 00:00:00,2024-09-20 00:00:00,0,1245,UAC,,NULL,4995
15376,58250,3200,3200,USD,ACH081424,2024-09-20 00:00:00,2024-09-20 00:00:00,0,1245,UAC,,NULL,4996
15377,58254,3200,3200,USD,ACH081424,2024-09-20 00:00:00,2024-09-20 00:00:00,0,1245,UAC,,NULL,4997
15378,58201,502,502,USD,CK 5682,2024-09-24 00:00:00,2024-09-24 00:00:00,0,NULL,CRE,,NULL,4998
15379,58277,5770.7,5770.7,USD,CK 1678,2024-09-24 00:00:00,2024-09-24 00:00:00,0,NULL,CRE,,NULL,4999
15380,58285,9733.6,9733.6,USD,CK 1678,2024-09-24 00:00:00,2024-09-24 00:00:00,0,NULL,CRE,,NULL,4999
15381,57306,-1604.48,-1604.48,USD,ACH092524,2024-09-25 00:00:00,2024-09-25 00:00:00,0,NULL,CRE,,NULL,5000
15382,57994,13278.85,13278.85,USD,ACH092524,2024-09-25 00:00:00,2024-09-25 00:00:00,0,NULL,CRE,,NULL,5000
15383,58033,5652,5652,USD,CH092524,2024-09-25 00:00:00,2024-09-25 00:00:00,0,NULL,CRE,,NULL,5001
15384,58261,5733,5733,USD,CH092524,2024-09-25 00:00:00,2024-09-25 00:00:00,0,NULL,CRE,,NULL,5001
15385,58204,2163,2163,USD,CH092524,2024-09-25 00:00:00,2024-09-25 00:00:00,0,NULL,CRE,,NULL,5001
15386,57897,135.2,135.2,USD,OFFSET,2024-09-27 00:00:00,2024-09-27 10:29:58,0,0,OFF,,NULL,O111866
15387,58064,378,378,USD,OFFSET,2024-09-27 00:00:00,2024-09-27 10:30:30,0,0,OFF,,NULL,O111867
15388,58355,200,200,USD,OFFSET,2024-09-27 00:00:00,2024-09-27 10:30:56,0,0,OFF,,NULL,O111868
15389,58365,400,400,USD,OFFSET,2024-09-27 00:00:00,2024-09-27 10:31:18,0,0,OFF,,NULL,O111869
15390,58267,696.6,696.6,USD,ACH092724,2024-09-27 00:00:00,2024-09-27 00:00:00,0,NULL,CRE,,NULL,5002
15391,58268,491.2,491.2,USD,ACH092724,2024-09-27 00:00:00,2024-09-27 00:00:00,0,NULL,CRE,,NULL,5002
15392,58266,422.3,422.3,USD,ACH092724,2024-09-27 00:00:00,2024-09-27 00:00:00,0,NULL,CRE,,NULL,5002
15393,58269,632.9,632.9,USD,ACH092724,2024-09-27 00:00:00,2024-09-27 00:00:00,0,NULL,CRE,,NULL,5002
15394,58290,2260.95,2260.95,USD,ACH092724,2024-09-27 00:00:00,2024-09-27 00:00:00,0,NULL,CRE,,NULL,5003
15395,58344,1616,1616,USD,ACH092724,2024-09-27 00:00:00,2024-09-27 00:00:00,0,NULL,CRE,,NULL,5004
15396,58270,1116,1116,USD,ACH092724,2024-09-27 00:00:00,2024-09-27 00:00:00,0,NULL,CRE,,NULL,5004
15397,58345,1582,1582,USD,ACH092724,2024-09-27 00:00:00,2024-09-27 00:00:00,0,NULL,CRE,,NULL,5004
15398,58346,1613.3,1613.3,USD,ACH092724,2024-09-27 00:00:00,2024-09-27 00:00:00,0,NULL,CRE,,NULL,5004
15399,58354,1187.1,1187.1,USD,ACH092724,2024-09-27 00:00:00,2024-09-27 00:00:00,0,NULL,CRE,,NULL,5004
15400,58360,2431.4,2431.4,USD,ACH092724,2024-09-27 00:00:00,2024-09-27 00:00:00,0,NULL,CRE,,NULL,5004
15401,57330INV,192.5,192.5,USD,INV58095,2024-09-27 00:00:00,2024-09-27 00:00:00,0,NULL,CRE,,NULL,5005
15402,INV58095,-100,-100,USD,INV58095,2024-09-27 00:00:00,2024-09-27 00:00:00,0,NULL,CRE,,NULL,5005
15403,58286,5896.8,5896.8,USD,ACH092724,2024-09-27 00:00:00,2024-09-27 00:00:00,0,NULL,CRE,,NULL,5006
15404,58198,6456.1,6456.1,USD,CK 1690,2024-09-30 00:00:00,2024-09-30 00:00:00,0,NULL,CRE,,NULL,5007
15405,58227INV,300,300,USD,CK700190620,2024-09-30 00:00:00,2024-09-30 00:00:00,0,NULL,CRE,,NULL,5008
15406,58230INV,250,250,USD,CK700190620,2024-09-30 00:00:00,2024-09-30 00:00:00,0,NULL,CRE,,NULL,5008
15407,58127INV,300,300,USD,CK700190615,2024-09-30 00:00:00,2024-09-30 00:00:00,0,NULL,CRE,,NULL,5009
15408,58210INV,300,300,USD,CK700190615,2024-09-30 00:00:00,2024-09-30 00:00:00,0,NULL,CRE,,NULL,5009
15409,INV58273,250,250,USD,CK700192018,2024-10-01 00:00:00,2024-10-01 00:00:00,0,NULL,CRE,,NULL,5010
15410,58233,1451.88,1451.88,USD,CK 014000,2024-10-01 00:00:00,2024-10-01 00:00:00,0,NULL,CRE,,NULL,5011
15411,58264,2536.8,2536.8,USD,CK 014000,2024-10-01 00:00:00,2024-10-01 00:00:00,0,NULL,CRE,,NULL,5011
15412,57987,1436.6,1436.6,USD,ACH093024,2024-09-30 00:00:00,2024-09-30 00:00:00,0,NULL,CRE,,NULL,5012
15413,57986,1644.5,1644.5,USD,ACH093024,2024-09-30 00:00:00,2024-09-30 00:00:00,0,NULL,CRE,,NULL,5012
15414,57969,2859,2859,USD,ACH100324,2024-10-03 00:00:00,2024-10-03 00:00:00,0,NULL,CRE,,NULL,5013
15415,58084,1080,1080,USD,ACH100324,2024-10-03 00:00:00,2024-10-03 00:00:00,0,NULL,CRE,,NULL,5013
15416,58135,784.8,784.8,USD,ACH100324,2024-10-03 00:00:00,2024-10-03 00:00:00,0,NULL,CRE,,NULL,5013
15417,58051,842.58,842.58,USD,ACH100324,2024-10-03 00:00:00,2024-10-03 00:00:00,0,NULL,CRE,,NULL,5013
15418,58235,10225.8,10225.8,USD,ACH100224,2024-10-02 00:00:00,2024-10-02 00:00:00,0,NULL,CRE,,NULL,5014
15419,58179,11693.09,11693.09,USD,ACH100224,2024-10-02 00:00:00,2024-10-02 00:00:00,0,NULL,CRE,,NULL,5015
15420,INV58342,200,200,USD,WIR100124,2024-10-01 00:00:00,2024-10-01 00:00:00,0,NULL,CRE,,NULL,5016
15421,58249,11473.85,11473.85,USD,ACH100324,2024-10-03 00:00:00,2024-10-03 00:00:00,0,NULL,CRE,,NULL,5017
15422,INV58266,612.08,612.08,USD,OFFSET,2024-10-03 00:00:00,2024-10-03 17:01:48,0,0,OFF,,NULL,O111923
15423,INV58267,388.61,388.61,USD,OFFSET,2024-10-03 00:00:00,2024-10-03 17:02:08,0,0,OFF,,NULL,O111924
15424,INV58268,555.95,555.95,USD,OFFSET,2024-10-03 00:00:00,2024-10-03 17:02:32,0,0,OFF,,NULL,O111925
15425,INV58269,378.4,378.4,USD,OFFSET,2024-10-03 00:00:00,2024-10-03 17:02:57,0,0,OFF,,NULL,O111926
15426,INV58271,441.67,441.67,USD,OFFSET,2024-10-03 00:00:00,2024-10-03 17:03:16,0,0,OFF,,NULL,O111927
15427,INV58272,934.6,934.6,USD,OFFSET,2024-10-03 00:00:00,2024-10-03 17:03:33,0,0,OFF,,NULL,O111928
15428,58351,6728.4,6728.4,USD,ACH100424,2024-10-04 00:00:00,2024-10-04 00:00:00,0,NULL,CRE,,NULL,5018
15429,58399,1272,1272,USD,ACH100424,2024-10-04 00:00:00,2024-10-04 00:00:00,0,NULL,CRE,,NULL,5019
15430,58342,1280,1280,USD,ACH100424,2024-10-04 00:00:00,2024-10-04 00:00:00,0,NULL,CRE,,NULL,5019
15431,58404,1400,1400,USD,ACH100424,2024-10-04 00:00:00,2024-10-04 00:00:00,0,NULL,CRE,,NULL,5019
15432,58158,1268,1268,USD,ACH100424,2024-10-04 00:00:00,2024-10-04 00:00:00,0,NULL,CRE,,NULL,5019
15433,58361,2209.2,2209.2,USD,ACH100424,2024-10-04 00:00:00,2024-10-04 00:00:00,0,NULL,CRE,,NULL,5019
15434,58388,1098,1098,USD,ACH100424,2024-10-04 00:00:00,2024-10-04 00:00:00,0,NULL,CRE,,NULL,5019
15435,58362,10733.85,10733.85,USD,ACH100724,2024-10-07 00:00:00,2024-10-07 00:00:00,0,NULL,CRE,,NULL,5020
15436,58352,1174,1174,USD,ACH101124,2024-10-11 00:00:00,2024-10-11 00:00:00,0,NULL,CRE,,NULL,5021
15437,58378,1294,1294,USD,ACH101124,2024-10-11 00:00:00,2024-10-11 00:00:00,0,NULL,CRE,,NULL,5021
15438,58343,1256,1256,USD,ACH101124,2024-10-11 00:00:00,2024-10-11 00:00:00,0,NULL,CRE,,NULL,5021
15439,58271,631.47,631.47,USD,ACH101124,2024-10-11 00:00:00,2024-10-11 00:00:00,0,NULL,CRE,,NULL,5022
15440,58272,232.6,232.6,USD,ACH101124,2024-10-11 00:00:00,2024-10-11 00:00:00,0,NULL,CRE,,NULL,5022
15441,58052,789.8,789.8,USD,ACH101124,2024-10-11 00:00:00,2024-10-11 00:00:00,0,NULL,CRE,,NULL,5023
15442,INV58144,323.19,323.19,USD,CK 120853,2024-10-15 00:00:00,2024-10-15 00:00:00,0,NULL,CRE,,NULL,5024
15443,58289,11433,11433,USD,CK 124510,2024-10-15 00:00:00,2024-10-15 00:00:00,0,NULL,CRE,,NULL,5025
15444,58238,11262,11262,USD,CK 124510,2024-10-15 00:00:00,2024-10-15 00:00:00,0,NULL,CRE,,NULL,5025
15445,58239-INV,12321,12321,USD,CK 124510,2024-10-15 00:00:00,2024-10-15 00:00:00,0,NULL,CRE,,NULL,5025
15446,58097,12512.02,12512.02,USD,ACH101524,2024-10-15 00:00:00,2024-10-15 00:00:00,0,NULL,CRE,,NULL,5026
15447,58310,5612,5612,USD,ACH101524,2024-10-15 00:00:00,2024-10-15 00:00:00,0,NULL,CRE,,NULL,5027
15448,58417,3910,3910,USD,ACH101524,2024-10-15 00:00:00,2024-10-15 00:00:00,0,NULL,CRE,,NULL,5028
15449,INV58343,200,200,USD,WIR101624,2024-10-16 00:00:00,2024-10-16 00:00:00,0,NULL,CRE,,NULL,5029
15450,58314,4140,4140,USD,ACH101724,2024-10-17 00:00:00,2024-10-17 00:00:00,0,NULL,CRE,,NULL,5030
15451,INV58287,950,950,USD,ACH101724,2024-10-17 00:00:00,2024-10-17 00:00:00,0,NULL,CRE,,NULL,5031
15452,INV58288,950,950,USD,ACH101724,2024-10-17 00:00:00,2024-10-17 00:00:00,0,NULL,CRE,,NULL,5031
15453,INV57306,3138.36,3138.36,USD,ACH101724,2024-10-17 00:00:00,2024-10-17 00:00:00,0,NULL,CRE,,NULL,5032
15454,INV58043,2128,2128,USD,ACH101724,2024-10-17 00:00:00,2024-10-17 00:00:00,0,NULL,CRE,,NULL,5032
15455,58458,1700,1700,USD,ACH101824,2024-10-18 00:00:00,2024-10-18 00:00:00,0,NULL,CRE,,NULL,5033
15456,58459,498,498,USD,ACH101824,2024-10-18 00:00:00,2024-10-18 00:00:00,0,NULL,CRE,,NULL,5033
15457,58432,1232,1232,USD,ACH101824,2024-10-18 00:00:00,2024-10-18 00:00:00,0,NULL,CRE,,NULL,5033
15458,58291,6815,6815,USD,ACH102124,2024-10-21 00:00:00,2024-10-21 00:00:00,0,NULL,CRE,,NULL,5034
15459,58461,10521.53,10521.53,USD,ACH102224,2024-10-22 00:00:00,2024-10-22 00:00:00,0,NULL,CRE,,NULL,5035
15460,58462,9953.62,9953.62,USD,ACH102224,2024-10-22 00:00:00,2024-10-22 00:00:00,0,NULL,CRE,,NULL,5035
15461,58401,10014.94,10014.94,USD,ACH102224,2024-10-22 00:00:00,2024-10-22 00:00:00,0,NULL,CRE,,NULL,5036
15462,58407,12441,12441,USD,ACH102224,2024-10-22 00:00:00,2024-10-22 00:00:00,0,NULL,CRE,,NULL,5036
15463,58386,2808.64,2808.64,USD,ACH102524,2024-10-25 00:00:00,2024-10-25 00:00:00,0,NULL,CRE,,NULL,5037
15464,58550,5463.52,5463.52,USD,ACH102424,2024-10-24 00:00:00,2024-10-24 00:00:00,0,NULL,CRE,,NULL,5038
15465,58184,3290.95,3290.95,USD,ACH102524,2024-10-25 00:00:00,2024-10-25 00:00:00,0,NULL,CRE,,NULL,5039
15466,58185,3259.75,3259.75,USD,ACH102524,2024-10-25 00:00:00,2024-10-25 00:00:00,0,NULL,CRE,,NULL,5039
15467,58192,1740.14,1740.14,USD,ACH102524,2024-10-25 00:00:00,2024-10-25 00:00:00,0,NULL,CRE,,NULL,5039
15468,58197,520.41,520.41,USD,ACH102524,2024-10-25 00:00:00,2024-10-25 00:00:00,0,NULL,CRE,,NULL,5039
15469,58171,1184.66,1184.66,USD,ACH102524,2024-10-25 00:00:00,2024-10-25 00:00:00,0,NULL,CRE,,NULL,5039
15470,58460,1150,1150,USD,ACH102524,2024-10-25 00:00:00,2024-10-25 00:00:00,0,NULL,CRE,,NULL,5040
15471,58456,1223.9,1223.9,USD,ACH102524,2024-10-25 00:00:00,2024-10-25 00:00:00,0,NULL,CRE,,NULL,5040
15472,58451,1234,1234,USD,ACH102524,2024-10-25 00:00:00,2024-10-25 00:00:00,0,NULL,CRE,,NULL,5040
15473,58457,2462.9,2462.9,USD,ACH102524,2024-10-25 00:00:00,2024-10-25 00:00:00,0,NULL,CRE,,NULL,5040
15474,58394,-380.5,-380.5,USD,OFFSET,2024-10-25 00:00:00,2024-10-25 11:36:14,0,0,OFF,,NULL,O112066
15475,58395,-292,-292,USD,OFFSET,2024-09-30 00:00:00,2024-10-25 11:38:36,0,0,OFF,,NULL,O112067
15476,58465,334.5,334.5,USD,OFFSET,2024-10-25 00:00:00,2024-10-25 11:41:30,0,0,OFF,,NULL,O112068
15477,58464,423.6,423.6,USD,OFFSET,2024-10-25 00:00:00,2024-10-25 11:41:50,0,0,OFF,,NULL,O112069
15478,58382,444.6,444.6,USD,OFFSET,2024-10-25 00:00:00,2024-10-25 11:42:10,0,0,OFF,,NULL,O112070
15479,58389,502.2,502.2,USD,OFFSET,2024-10-25 00:00:00,2024-10-25 11:42:30,0,0,OFF,,NULL,O112071
15480,58416,4140,4140,USD,ACH102824,2024-10-28 00:00:00,2024-10-28 00:00:00,0,NULL,CRE,,NULL,5041
15481,58533,3910,3910,USD,ACH102824,2024-10-28 00:00:00,2024-10-28 00:00:00,0,NULL,CRE,,NULL,5042
15482,58415,13128.5,13128.5,USD,ACH102824,2024-10-28 00:00:00,2024-10-28 00:00:00,0,NULL,CRE,,NULL,5043
15483,58379,10727.2,10727.2,USD,ACH102824,2024-10-28 00:00:00,2024-10-28 00:00:00,0,NULL,CRE,,NULL,5043
15484,57745,5121.6,5121.6,USD,ACH102824,2024-10-28 00:00:00,2024-10-28 00:00:00,0,NULL,CRE,,NULL,5044
15485,58092,4276.8,4276.8,USD,ACH102824,2024-10-28 00:00:00,2024-10-28 00:00:00,0,NULL,CRE,,NULL,5044
15486,58584,1612,1612,USD,ACH110124,2024-11-01 00:00:00,2024-11-01 00:00:00,0,NULL,CRE,,NULL,5045
15487,58466,2128.2,2128.2,USD,ACH110124,2024-11-01 00:00:00,2024-11-01 00:00:00,0,NULL,CRE,,NULL,5045
15488,58498,1096,1096,USD,ACH110124,2024-11-01 00:00:00,2024-11-01 00:00:00,0,NULL,CRE,,NULL,5045
15489,58412,3240,3240,USD,ACH110124,2024-11-01 00:00:00,2024-11-01 00:00:00,0,NULL,CRE,,NULL,5046
15490,58430,6314,6314,USD,ACH103024,2024-10-30 00:00:00,2024-10-30 00:00:00,0,NULL,CRE,,NULL,5047
15491,58524,8867.25,8867.25,USD,ACH103024,2024-10-30 00:00:00,2024-10-30 00:00:00,0,NULL,CRE,,NULL,5047
15492,58585,8636.25,8636.25,USD,ACH103024,2024-10-30 00:00:00,2024-10-30 00:00:00,0,NULL,CRE,,NULL,5047
15493,58586,8523.27,8523.27,USD,ACH103024,2024-10-30 00:00:00,2024-10-30 00:00:00,0,NULL,CRE,,NULL,5047
15494,58587,8851.29,8851.29,USD,ACH103024,2024-10-30 00:00:00,2024-10-30 00:00:00,0,NULL,CRE,,NULL,5047
15495,58588,8908.2,8908.2,USD,ACH103024,2024-10-30 00:00:00,2024-10-30 00:00:00,0,NULL,CRE,,NULL,5047
15496,58392,1695.5,1695.5,USD,ACH103124,2024-10-31 00:00:00,2024-10-31 00:00:00,0,NULL,CRE,,NULL,5048
15497,58363,3639.04,3639.04,USD,ACH103124,2024-10-31 00:00:00,2024-10-31 00:00:00,0,NULL,CRE,,NULL,5048
15498,INV58394,1400,1400,USD,ACH103124,2024-10-31 00:00:00,2024-10-31 00:00:00,0,NULL,CRE,,NULL,5049
15499,INV58395,1400,1400,USD,ACH103124,2024-10-31 00:00:00,2024-10-31 00:00:00,0,NULL,CRE,,NULL,5049
15500,INV58396,1400,1400,USD,ACH103124,2024-10-31 00:00:00,2024-10-31 00:00:00,0,NULL,CRE,,NULL,5049
15501,INV58477,850,850,USD,ACH103124,2024-10-31 00:00:00,2024-10-31 00:00:00,0,NULL,CRE,,NULL,5049
15502,INV58463,650,650,USD,ACH103124,2024-10-31 00:00:00,2024-10-31 00:00:00,0,NULL,CRE,,NULL,5049
15503,58347,5817,5817,USD,ACH103124,2024-10-31 00:00:00,2024-10-31 00:00:00,0,NULL,CRE,,NULL,5050
15504,58444,5411.2,5411.2,USD,CK 6505,2024-11-04 00:00:00,2024-11-04 00:00:00,0,NULL,CRE,,NULL,5051
15505,INV58155,14.49,14.49,USD,CK 132628,2024-11-04 00:00:00,2024-11-04 00:00:00,0,NULL,CRE,,NULL,5052
15506,58477,562,562,USD,CK 5737,2024-11-04 00:00:00,2024-11-04 00:00:00,0,NULL,CRE,,NULL,5053
15507,58478,532,532,USD,CK 5737,2024-11-04 00:00:00,2024-11-04 00:00:00,0,NULL,CRE,,NULL,5053
15508,INV58405,591.6,591.6,USD,CK 99056068,2024-11-04 00:00:00,2024-11-04 00:00:00,0,NULL,CRE,,NULL,5054
15509,58066INV,200,200,USD,CK 9304520,2024-11-04 00:00:00,2024-11-04 00:00:00,0,NULL,CRE,,NULL,5055
15510,INV58067,1350,1350,USD,CK 9304520,2024-11-04 00:00:00,2024-11-04 00:00:00,0,NULL,CRE,,NULL,5055
15511,58326,9399.6,9399.6,USD,CK 183354,2024-11-04 00:00:00,2024-11-04 00:00:00,0,NULL,CRE,,NULL,5056
15512,INV58231,150,150,USD,CK 60387,2024-11-04 00:00:00,2024-11-04 00:00:00,0,NULL,CRE,,NULL,5057
15513,INV58317,429.85,429.85,USD,CK 1381,2024-11-04 00:00:00,2024-11-04 00:00:00,0,NULL,CRE,,NULL,5058
15514,58381,11292,11292,USD,CK 124773,2024-11-04 00:00:00,2024-11-04 00:00:00,0,NULL,CRE,,NULL,5059
15515,58275,-3073.05,-3073.05,USD,CK 124773,2024-11-04 00:00:00,2024-11-04 00:00:00,0,NULL,CRE,,NULL,5059
15516,58276,-3033.45,-3033.45,USD,CK 124773,2024-11-04 00:00:00,2024-11-04 00:00:00,0,NULL,CRE,,NULL,5059
15517,58278/79,88.2,88.2,USD,CK 86038373,2024-11-04 00:00:00,2024-11-04 00:00:00,0,NULL,CRE,,NULL,5060
15518,INV58297,112.8,112.8,USD,CK 7363,2024-11-04 00:00:00,2024-11-04 00:00:00,0,NULL,CRE,,NULL,5061
15519,58406,12780.3,12780.3,USD,ACH110124,2024-11-04 00:00:00,2024-11-04 00:00:00,0,NULL,CRE,,NULL,5062
15520,58021,10026.93,10026.93,USD,WIR110124,2024-11-04 00:00:00,2024-11-04 00:00:00,0,NULL,CRE,,NULL,5063
15521,58397,15609.44,15609.44,USD,CK 15348,2024-11-06 00:00:00,2024-11-06 00:00:00,0,NULL,CRE,,NULL,5064
15522,58384,286.54,286.54,USD,CK 014471,2024-11-06 00:00:00,2024-11-06 00:00:00,0,NULL,CRE,,NULL,5065
15523,58470,5998.5,5998.5,USD,ACH110624,2024-11-06 00:00:00,2024-11-06 00:00:00,0,NULL,CRE,,NULL,5066
15524,58431,1800.5,1800.5,USD,ACH110624,2024-11-06 00:00:00,2024-11-06 00:00:00,0,NULL,CRE,,NULL,5066
15525,58061,5154,5154,USD,ACH110624,2024-11-06 00:00:00,2024-11-06 00:00:00,0,NULL,CRE,,NULL,5067
15526,58505,4140,4140,USD,ACH110624,2024-11-06 00:00:00,2024-11-06 00:00:00,0,NULL,CRE,,NULL,5068
15527,58429,4140,4140,USD,ACH110624,2024-11-06 00:00:00,2024-11-06 00:00:00,0,NULL,CRE,,NULL,5069
15528,INV58478,850,850,USD,ACH110524,2024-11-05 00:00:00,2024-11-05 00:00:00,0,NULL,CRE,,NULL,5070
15529,INV58451,200,200,USD,WIR110424,2024-11-07 00:00:00,2024-11-07 00:00:00,0,NULL,CRE,,NULL,5071
15530,58265,805.7,805.7,USD,CK 014043,2024-11-07 00:00:00,2024-11-07 00:00:00,0,NULL,CRE,,NULL,5072
15531,58384,1322.3,1322.3,USD,CK 014043,2024-11-07 00:00:00,2024-11-07 00:00:00,0,NULL,CRE,,NULL,5072
15532,58488,4180.25,4180.25,USD,ACH110824,2024-11-08 00:00:00,2024-11-08 00:00:00,0,NULL,CRE,,NULL,5073
15533,58537,1274,1274,USD,ACH110824,2024-11-08 00:00:00,2024-11-08 00:00:00,0,NULL,CRE,,NULL,5074
15534,58567,1228,1228,USD,ACH110824,2024-11-08 00:00:00,2024-11-08 00:00:00,0,NULL,CRE,,NULL,5074
15535,58613,1068,1068,USD,ACH110824,2024-11-08 00:00:00,2024-11-08 00:00:00,0,NULL,CRE,,NULL,5074
15536,58452,1298,1298,USD,ACH110824,2024-11-08 00:00:00,2024-11-08 00:00:00,0,NULL,CRE,,NULL,5074
15537,58445,14308.35,14308.35,USD,ACH110824,2024-11-08 00:00:00,2024-11-08 00:00:00,0,NULL,CRE,,NULL,5075
15538,58409,9471.4,9471.4,USD,ACH110824,2024-11-08 00:00:00,2024-11-08 00:00:00,0,NULL,CRE,,NULL,5075
15539,58011,8471.38,8471.38,USD,ACH110824,2024-11-08 00:00:00,2024-11-08 00:00:00,0,NULL,CRE,,NULL,5076
15540,58408,11256,11256,USD,ACH110824,2024-11-08 00:00:00,2024-11-08 00:00:00,0,NULL,CRE,,NULL,5076
15541,58427-INV,11557.5,11557.5,USD,ACH110824,2024-11-08 00:00:00,2024-11-08 00:00:00,0,NULL,CRE,,NULL,5076
15542,58589,8832.18,8832.18,USD,ACH110824,2024-11-08 00:00:00,2024-11-08 00:00:00,0,NULL,CRE,,NULL,5077
15543,58590,8843.1,8843.1,USD,ACH110824,2024-11-08 00:00:00,2024-11-08 00:00:00,0,NULL,CRE,,NULL,5077
15544,57843,11026.26,11026.26,USD,OFFSET,2024-11-08 00:00:00,2024-11-08 14:55:00,0,0,OFF,,NULL,O112165
15545,57907,11444.95,11444.95,USD,OFFSET,2024-11-08 00:00:00,2024-11-08 14:55:20,0,0,OFF,,NULL,O112166
15546,58014,11858.97,11858.97,USD,OFFSET,2024-11-08 00:00:00,2024-11-08 14:55:40,0,0,OFF,,NULL,O112167
15547,58467,5216,5216,USD,CK 6692,2024-11-13 00:00:00,2024-11-13 00:00:00,0,NULL,CRE,,NULL,5078
15548,INV58399,197.6,197.6,USD,CK 5072,2024-11-13 00:00:00,2024-11-13 00:00:00,0,NULL,CRE,,NULL,5079
15549,58502,13412,13412,USD,CK 166529,2024-11-13 00:00:00,2024-11-13 00:00:00,0,NULL,CRE,,NULL,5080
15550,58622,300,300,USD, CK 8471,2024-11-13 00:00:00,2024-11-13 00:00:00,0,NULL,CRE,,NULL,5081
15551,57968,3187.8,3187.8,USD,ACH111224,2024-11-12 00:00:00,2024-11-12 00:00:00,0,NULL,CRE,,NULL,5082
15552,58155,1035.99,1035.99,USD,ACH111224,2024-11-12 00:00:00,2024-11-12 00:00:00,0,NULL,CRE,,NULL,5082
15553,58157,1209.64,1209.64,USD,ACH111224,2024-11-12 00:00:00,2024-11-12 00:00:00,0,NULL,CRE,,NULL,5082
15554,58172,930.79,930.79,USD,ACH111224,2024-11-12 00:00:00,2024-11-12 00:00:00,0,NULL,CRE,,NULL,5082
15555,58195,2766,2766,USD,ACH111224,2024-11-12 00:00:00,2024-11-12 00:00:00,0,NULL,CRE,,NULL,5082
15556,58398,10422,10422,USD,CK 014524,2024-11-13 00:00:00,2024-11-13 00:00:00,0,NULL,CRE,,NULL,5083
15557,57992,7448.4,7448.4,USD,ACH111324,2024-11-13 00:00:00,2024-11-13 00:00:00,0,NULL,CRE,,NULL,5084
15558,58003,7334.4,7334.4,USD,ACH111324,2024-11-13 00:00:00,2024-11-13 00:00:00,0,NULL,CRE,,NULL,5084
15559,58007,6260.8,6260.8,USD,ACH111324,2024-11-13 00:00:00,2024-11-13 00:00:00,0,NULL,CRE,,NULL,5084
15560,58106,3166,3166,USD,ACH111324,2024-11-13 00:00:00,2024-11-13 00:00:00,0,NULL,CRE,,NULL,5084
15561,58132,2369,2369,USD,ACH111324,2024-11-13 00:00:00,2024-11-13 00:00:00,0,NULL,CRE,,NULL,5084
15562,58133,4064,4064,USD,ACH111324,2024-11-13 00:00:00,2024-11-13 00:00:00,0,NULL,CRE,,NULL,5084
15563,57454,3295.7,3295.7,USD,ACH111424,2024-11-14 00:00:00,2024-11-14 00:00:00,0,NULL,CRE,,NULL,5085
15564,58535,4140,4140,USD,ACH111424,2024-11-14 00:00:00,2024-11-14 00:00:00,0,NULL,CRE,,NULL,5086
15565,58385,2450,2450,USD,ACH111424,2024-11-14 00:00:00,2024-11-14 00:00:00,0,NULL,CRE,,NULL,5087
15566,58474,2100,2100,USD,ACH111424,2024-11-14 00:00:00,2024-11-14 00:00:00,0,NULL,CRE,,NULL,5088
15567,58611,2692.5,2692.5,USD,ACH111424,2024-11-14 00:00:00,2024-11-14 00:00:00,0,NULL,CRE,,NULL,5089
15568,58164,11241.6,11241.6,USD,ACH111424,2024-11-14 00:00:00,2024-11-14 00:00:00,0,NULL,CRE,,NULL,5090
15569,58205,735.48,735.48,USD,ACH111824,2024-11-20 00:00:00,2024-11-20 00:00:00,0,NULL,CRE,,NULL,5091
15570,58214,1274.4,1274.4,USD,ACH111824,2024-11-20 00:00:00,2024-11-20 00:00:00,0,NULL,CRE,,NULL,5091
15571,58215,1227.96,1227.96,USD,ACH111824,2024-11-20 00:00:00,2024-11-20 00:00:00,0,NULL,CRE,,NULL,5091
15572,58207,1125.6,1125.6,USD,ACH111824,2024-11-20 00:00:00,2024-11-20 00:00:00,0,NULL,CRE,,NULL,5091
15573,58337,1289.88,1289.88,USD,ACH111824,2024-11-20 00:00:00,2024-11-20 00:00:00,0,NULL,CRE,,NULL,5091
15574,58631,1126,1126,USD,ACH111524,2024-11-20 00:00:00,2024-11-20 00:00:00,0,NULL,CRE,,NULL,5092
15575,58629,1278,1278,USD,ACH111524,2024-11-20 00:00:00,2024-11-20 00:00:00,0,NULL,CRE,,NULL,5092
15576,58551,9461.1,9461.1,USD,ACH111524,2024-11-20 00:00:00,2024-11-20 00:00:00,0,NULL,CRE,,NULL,5093
15577,58594,8840.79,8840.79,USD,ACH111524,2024-11-20 00:00:00,2024-11-20 00:00:00,0,NULL,CRE,,NULL,5094
15578,58595,8845.83,8845.83,USD,ACH111524,2024-11-20 00:00:00,2024-11-20 00:00:00,0,NULL,CRE,,NULL,5094
15579,58592,8858.43,8858.43,USD,ACH111524,2024-11-20 00:00:00,2024-11-20 00:00:00,0,NULL,CRE,,NULL,5094
15580,58593,8899.59,8899.59,USD,ACH111524,2024-11-20 00:00:00,2024-11-20 00:00:00,0,NULL,CRE,,NULL,5094
15581,58664,8800.68,8800.68,USD,ACH111524,2024-11-20 00:00:00,2024-11-20 00:00:00,0,NULL,CRE,,NULL,5094
15582,58591,8829.45,8829.45,USD,ACH111524,2024-11-20 00:00:00,2024-11-20 00:00:00,0,NULL,CRE,,NULL,5094
15583,58596,8837.64,8837.64,USD,ACH111524,2024-11-20 00:00:00,2024-11-20 00:00:00,0,NULL,CRE,,NULL,5094
15584,58499,13269.9,13269.9,USD,CK 016219,2024-11-19 00:00:00,2024-11-19 00:00:00,0,NULL,CRE,,NULL,5095
15585,58500,12355.2,12355.2,USD,CK 016219,2024-11-19 00:00:00,2024-11-19 00:00:00,0,NULL,CRE,,NULL,5095
15586,INV58157,9.38,9.38,USD,CK70002012,2024-11-19 00:00:00,2024-11-19 00:00:00,0,NULL,CRE,,NULL,5096
15587,58581,7228.9,7228.9,USD,CK 13399,2024-11-19 00:00:00,2024-11-19 00:00:00,0,NULL,CRE,,NULL,5097
15588,58425-INV,12394.55,12394.55,USD,CK 124964,2024-11-19 00:00:00,2024-11-19 00:00:00,0,NULL,CRE,,NULL,5098
15589,INV58572,950,950,USD,ACH112124,2024-11-22 00:00:00,2024-11-22 00:00:00,0,NULL,CRE,,NULL,5100
15590,58570,4083.1,4083.1,USD,ACH112224,2024-11-22 00:00:00,2024-11-22 00:00:00,0,NULL,CRE,,NULL,5101
15591,58364,3768.8,3768.8,USD,ACH112224,2024-11-22 00:00:00,2024-11-22 00:00:00,0,NULL,CRE,,NULL,5102
15592,58318,2358.72,2358.72,USD,ACH112224,2024-11-22 00:00:00,2024-11-22 00:00:00,0,NULL,CRE,,NULL,5102
15593,58319,1367.46,1367.46,USD,ACH112224,2024-11-22 00:00:00,2024-11-22 00:00:00,0,NULL,CRE,,NULL,5102
15594,58453,809.6,809.6,USD,ACH112224,2024-11-22 00:00:00,2024-11-22 00:00:00,0,NULL,CRE,,NULL,5102
15595,58531,418.8,418.8,USD,ACH112224,2024-11-22 00:00:00,2024-11-22 00:00:00,0,NULL,CRE,,NULL,5103
15596,58548,8927.6,8927.6,USD,ACH112224,2024-11-22 00:00:00,2024-11-22 00:00:00,0,NULL,CRE,,NULL,5104
15597,58549,10244.15,10244.15,USD,ACH112224,2024-11-22 00:00:00,2024-11-22 00:00:00,0,NULL,CRE,,NULL,5104
15598,58493,14333.55,14333.55,USD,ACH112224,2024-11-22 00:00:00,2024-11-22 00:00:00,0,NULL,CRE,,NULL,5104
15599,58492,14335.3,14335.3,USD,ACH112224,2024-11-22 00:00:00,2024-11-22 00:00:00,0,NULL,CRE,,NULL,5104
15600,58519,1440,1440,USD,ACH112224,2024-11-22 00:00:00,2024-11-22 00:00:00,0,NULL,CRE,,NULL,5105
15601,58649,675,675,USD,ACH112224,2024-11-22 00:00:00,2024-11-22 00:00:00,0,NULL,CRE,,NULL,5105
15602,58497,4761,4761,USD,CK 43245,2024-11-22 00:00:00,2024-11-22 00:00:00,0,NULL,CRE,,NULL,5107
15603,58528,7463,7463,USD,CK 7833,2024-11-22 00:00:00,2024-11-22 00:00:00,0,NULL,CRE,,NULL,5108
15604,INV58452,200,200,USD,ACH102524,2024-11-26 00:00:00,2024-11-26 00:00:00,0,NULL,CRE,,NULL,5109
15605,58336,7634.58,7634.58,USD,CK 13330,2024-11-26 00:00:00,2024-11-26 00:00:00,77.12,NULL,CRE,,NULL,5110
15606,58487,9787.2,9787.2,USD,ACH112524,2024-11-25 00:00:00,2024-11-25 00:00:00,0,NULL,CRE,,NULL,5111
15607,58321,1169.1,1169.1,USD,ACH112724,2024-11-27 00:00:00,2024-11-27 00:00:00,0,NULL,CRE,,NULL,5112
15608,58472,1696.97,1696.97,USD,ACH112724,2024-11-27 00:00:00,2024-11-27 00:00:00,0,NULL,CRE,,NULL,5112
15609,58393,2558.4,2558.4,USD,ACH112724,2024-11-27 00:00:00,2024-11-27 00:00:00,0,NULL,CRE,,NULL,5112
15610,58293,4503,4503,USD,ACH112724,2024-11-27 00:00:00,2024-11-27 00:00:00,0,NULL,CRE,,NULL,5113
15611,58294,6178.5,6178.5,USD,ACH112724,2024-11-27 00:00:00,2024-11-27 00:00:00,0,NULL,CRE,,NULL,5113
15612,58295,5910.9,5910.9,USD,ACH112724,2024-11-27 00:00:00,2024-11-27 00:00:00,0,NULL,CRE,,NULL,5113
15613,58292,5533.5,5533.5,USD,ACH112724,2024-11-27 00:00:00,2024-11-27 00:00:00,0,NULL,CRE,,NULL,5113
15614,58652,802,802,USD,ACH112924,2024-11-29 00:00:00,2024-11-29 00:00:00,0,NULL,CRE,,NULL,5114
15615,58650,404,404,USD,ACH112924,2024-11-29 00:00:00,2024-11-29 00:00:00,0,NULL,CRE,,NULL,5114
15616,58074,5902.4,5902.4,USD,ACH101024,2024-12-02 00:00:00,2024-12-02 00:00:00,0,NULL,CRE,,NULL,5115
15617,58564,11188.8,11188.8,USD,CK 117570,2024-12-02 00:00:00,2024-12-02 00:00:00,0,NULL,CRE,,NULL,5116
15618,58542,12784,12784,USD,CK 125140,2024-12-02 00:00:00,2024-12-02 00:00:00,0,NULL,CRE,,NULL,5117
15619,58583A,12127.8,12127.8,USD,CK 125140,2024-12-02 00:00:00,2024-12-02 00:00:00,0,NULL,CRE,,NULL,5117
15620,58614,5882.8,5882.8,USD,CK 6821,2024-12-02 00:00:00,2024-12-02 00:00:00,0,NULL,CRE,,NULL,5118
15621,INV58629,200,200,USD,WIR101624,2024-12-03 00:00:00,2024-12-03 00:00:00,0,NULL,CRE,,NULL,5119
15622,58323,1575.6,1575.6,USD,ACH120324,2024-12-03 00:00:00,2024-12-03 00:00:00,0,NULL,CRE,,NULL,5120
15623,INV58573,950,950,USD,ACH120324,2024-12-03 00:00:00,2024-12-03 00:00:00,0,NULL,CRE,,NULL,5121
15624,INV58574,950,950,USD,ACH120324,2024-12-03 00:00:00,2024-12-03 00:00:00,0,NULL,CRE,,NULL,5121
15625,INV58575,950,950,USD,ACH120324,2024-12-03 00:00:00,2024-12-03 00:00:00,0,NULL,CRE,,NULL,5121
15626,INV58576,950,950,USD,ACH120324,2024-12-03 00:00:00,2024-12-03 00:00:00,0,NULL,CRE,,NULL,5121
15627,INV58577,950,950,USD,ACH120324,2024-12-03 00:00:00,2024-12-03 00:00:00,0,NULL,CRE,,NULL,5121
15628,58410,8707.8,8707.8,USD,ACH120524,2024-12-05 00:00:00,2024-12-05 00:00:00,0,NULL,CRE,,NULL,5122
15629,58415,780.5,780.5,USD,ACH120524,2024-12-05 00:00:00,2024-12-05 00:00:00,0,NULL,CRE,,NULL,5123
15630,58615,14793.1,14793.1,USD,ACH120524,2024-12-05 00:00:00,2024-12-05 00:00:00,0,NULL,CRE,,NULL,5123
15631,58627,4922.4,4922.4,USD,ACH120524,2024-12-05 00:00:00,2024-12-05 00:00:00,0,NULL,CRE,,NULL,5124
15632,58666,8958.39,8958.39,USD,ACH120524,2024-12-05 00:00:00,2024-12-05 00:00:00,0,NULL,CRE,,NULL,5124
15633,58665,8947.26,8947.26,USD,ACH120524,2024-12-05 00:00:00,2024-12-05 00:00:00,0,NULL,CRE,,NULL,5124
15634,58668,8997.87,8997.87,USD,ACH120524,2024-12-05 00:00:00,2024-12-05 00:00:00,0,NULL,CRE,,NULL,5124
15635,58669,8826.3,8826.3,USD,ACH120524,2024-12-05 00:00:00,2024-12-05 00:00:00,0,NULL,CRE,,NULL,5124
15636,58667,8852.55,8852.55,USD,ACH120524,2024-12-05 00:00:00,2024-12-05 00:00:00,0,NULL,CRE,,NULL,5124
15637,INV58650,227.03,227.03,USD,CK 20011067,2024-12-04 00:00:00,2024-12-04 00:00:00,0,NULL,CRE,,NULL,5125
15638,58604,8356.6,8356.6,USD,CK 215186,2024-12-04 00:00:00,2024-12-04 00:00:00,0,NULL,CRE,,NULL,5126
15639,58633,8402.8,8402.8,USD,CK 215186,2024-12-04 00:00:00,2024-12-04 00:00:00,0,NULL,CRE,,NULL,5126
15640,58610,4001.1,4001.1,USD,CK 85446,2024-12-05 00:00:00,2024-12-05 00:00:00,0,NULL,CRE,,NULL,5127
15641,58610,-4001.1,-4001.1,USD,CK 85446,2024-12-05 00:00:00,2024-12-05 15:26:04,0,NULL,CRE,UNDO 15640,NULL,5128
15642,58525,303.24,303.24,USD,ACH120424,2024-12-04 00:00:00,2024-12-04 00:00:00,0,NULL,CRE,,NULL,5129
15643,58479,552.64,552.64,USD,ACH120624,2024-12-06 00:00:00,2024-12-06 00:00:00,0,NULL,CRE,,NULL,5130
15644,58520,2511,2511,USD,ACH120624,2024-12-06 00:00:00,2024-12-06 00:00:00,0,NULL,CRE,,NULL,5130
15645,58552,10211.22,10211.22,USD,ACH120624,2024-12-06 00:00:00,2024-12-06 00:00:00,0,NULL,CRE,,NULL,5131
15646,57918,1450,1450,USD,ACH20924,2024-12-09 00:00:00,2024-12-09 00:00:00,0,NULL,CRE,,NULL,5132
15647,58612,7596,7596,USD,ACH120924,2024-12-09 00:00:00,2024-12-09 00:00:00,0,NULL,CRE,,NULL,5133
15648,58534,425,425,USD,ACH120924,2024-12-09 00:00:00,2024-12-09 00:00:00,0,NULL,CRE,,NULL,5134
15649,58610,4001.1,4001.1,USD,CK 85446,2024-12-09 00:00:00,2024-12-09 00:00:00,0,NULL,CRE,,NULL,5135
15650,58463,-200,-200,USD,OFFSET,2024-12-10 00:00:00,2024-12-10 10:49:28,0,0,OFF,,NULL,O112308
15651,58540A,4000,4000,USD,CASH,2024-12-10 00:00:00,2024-12-10 00:00:00,0,1274,UAC,,NULL,5137
15652,INV58199,2194,2194,USD,ACH121124,2024-12-11 00:00:00,2024-12-11 00:00:00,0,NULL,CRE,,NULL,5138
15653,57971INV,1100,1100,USD,ACH121124,2024-12-11 00:00:00,2024-12-11 00:00:00,0,NULL,CRE,,NULL,5138
15654,58703,192.48,192.48,USD,ACH121124,2024-12-11 00:00:00,2024-12-11 00:00:00,0,NULL,CRE,,NULL,5138
15655,58702,219.13,219.13,USD,ACH121124,2024-12-11 00:00:00,2024-12-11 00:00:00,0,NULL,CRE,,NULL,5138
15656,58688,1471.6,1471.6,USD,CK 215331,2024-12-11 00:00:00,2024-12-11 00:00:00,0,NULL,CRE,,NULL,5139
15657,INV58035,68.58,68.58,USD,CK 010611,2024-12-11 00:00:00,2024-12-11 00:00:00,0,NULL,CRE,,NULL,5140
15658,58647,2360,2360,USD,CK 010823,2024-12-11 00:00:00,2024-12-11 00:00:00,0,NULL,CRE,,NULL,5141
15659,58507,7126,7126,USD,CK 14201,2024-12-13 00:00:00,2024-12-13 00:00:00,0,NULL,CRE,,NULL,5142
15660,58606,4140,4140,USD,ACH121324,2024-12-13 00:00:00,2024-12-13 00:00:00,0,NULL,CRE,,NULL,5143
15661,58607,4140,4140,USD,ACH121324,2024-12-13 00:00:00,2024-12-13 00:00:00,0,NULL,CRE,,NULL,5144
15662,58758,3487.5,3487.5,USD,ACH121324,2024-12-13 00:00:00,2024-12-13 00:00:00,0,NULL,CRE,,NULL,5145
15663,58686,3640,3640,USD,ACH121824,2024-12-18 00:00:00,2024-12-18 00:00:00,0,NULL,CRE,,NULL,5146
15664,58390,4291,4291,USD,ACH121824,2024-12-18 00:00:00,2024-12-18 00:00:00,0,NULL,CRE,,NULL,5147
15665,58003,10,10,USD,ACH121824,2024-12-18 00:00:00,2024-12-18 00:00:00,0,NULL,CRE,,NULL,5148
15666,58089,4552.72,4552.72,USD,ACH121824,2024-12-18 00:00:00,2024-12-18 00:00:00,0,NULL,CRE,,NULL,5148
15667,58114,7976,7976,USD,ACH121824,2024-12-18 00:00:00,2024-12-18 00:00:00,0,NULL,CRE,,NULL,5148
15668,58168,7290,7290,USD,ACH121824,2024-12-18 00:00:00,2024-12-18 00:00:00,0,NULL,CRE,,NULL,5148
15669,58619,7946.4,7946.4,USD,ACH121724,2024-12-17 00:00:00,2024-12-17 00:00:00,0,NULL,CRE,,NULL,5149
15670,58786,3910,3910,USD,ACH121724,2024-12-17 00:00:00,2024-12-17 00:00:00,0,NULL,CRE,,NULL,5150
15671,58715,561,561,USD,ACH121724,2024-12-17 00:00:00,2024-12-17 00:00:00,0,NULL,CRE,,NULL,5151
15672,58699,752.96,752.96,USD,ACH121624,2024-12-16 00:00:00,2024-12-16 00:00:00,0,NULL,CRE,,NULL,5152
15673,58471,1648.8,1648.8,USD,ACH122324,2024-12-23 00:00:00,2024-12-23 00:00:00,0,NULL,CRE,,NULL,5153
15674,58628,6095,6095,USD,ACH122324,2024-12-23 00:00:00,2024-12-23 00:00:00,0,NULL,CRE,,NULL,5154
15675,58617,9100.96,9100.96,USD,ACH122324,2024-12-23 00:00:00,2024-12-23 00:00:00,0,NULL,CRE,,NULL,5154
15676,58616,14667.8,14667.8,USD,ACH122324,2024-12-23 00:00:00,2024-12-23 00:00:00,0,NULL,CRE,,NULL,5154
15677,58638,14271.25,14271.25,USD,ACH122324,2024-12-23 00:00:00,2024-12-23 00:00:00,0,NULL,CRE,,NULL,5154
15678,58700,1120,1120,USD,ACH122024,2024-12-20 00:00:00,2024-12-20 00:00:00,0,NULL,CRE,,NULL,5155
15679,58111,2947.6,2947.6,USD,CK 1083,2024-12-23 00:00:00,2024-12-23 00:00:00,0,NULL,CRE,,NULL,5156
15680,58442,9181.7,9181.7,USD,CK 13449,2024-12-23 00:00:00,2024-12-23 00:00:00,0,NULL,CRE,,NULL,5157
15681,58624,2325.75,2325.75,USD,CK 43391,2024-12-23 00:00:00,2024-12-23 00:00:00,0,NULL,CRE,,NULL,5158
15682,INV58352,250,250,USD,CK 18646,2024-12-23 00:00:00,2024-12-23 00:00:00,0,NULL,CRE,,NULL,5159
15683,INV58652,765,765,USD,CK 11448,2024-12-23 00:00:00,2024-12-23 00:00:00,0,NULL,CRE,,NULL,5160
15684,58568,-1960,-1960,USD,ACH112024,2024-12-26 00:00:00,2024-12-26 00:00:00,0,1271,UAC,,NULL,5161
15685,58563,3501,3501,USD,ACH112024,2024-12-26 00:00:00,2024-12-26 00:00:00,0,1271,UAC,,NULL,5161
15687,58753,1507.68,1507.68,USD,ACH122724,2024-12-30 00:00:00,2024-12-30 00:00:00,0,NULL,CRE,,NULL,5163
15688,58711,1684,1684,USD,ACH122724,2024-12-30 00:00:00,2024-12-30 00:00:00,0,NULL,CRE,,NULL,5164
15689,58681,1692.72,1692.72,USD,ACH122724,2024-12-30 00:00:00,2024-12-30 00:00:00,0,NULL,CRE,,NULL,5165
15690,58785,4025,4025,USD,ACH123024,2024-12-30 00:00:00,2024-12-30 00:00:00,0,NULL,CRE,,NULL,5166
15691,58671,8804.67,8804.67,USD,ACH123024,2024-12-30 00:00:00,2024-12-30 00:00:00,0,NULL,CRE,,NULL,5167
15692,57107,-10353,-10353,USD,"CM,57107",2024-12-31 00:00:00,2024-12-31 00:00:00,0,NULL,CRE,,NULL,5168
15693,57292,8004,8004,USD,"CM,57107",2024-12-31 00:00:00,2024-12-31 00:00:00,0,NULL,CRE,,NULL,5168
15694,57505,2349,2349,USD,"CM,57107",2024-12-31 00:00:00,2024-12-31 00:00:00,0,NULL,CRE,,NULL,5168
15695,57943,8268.86,8268.86,USD,WIR121924,2024-12-31 00:00:00,2024-12-31 00:00:00,0,NULL,CRE,,NULL,5169
15696,58042,8267.53,8267.53,USD,WIR121924,2024-12-31 00:00:00,2024-12-31 00:00:00,0,NULL,CRE,,NULL,5169
15697,58597,771.83,771.83,USD,ACH121624,2024-12-31 00:00:00,2024-12-31 00:00:00,0,NULL,CRE,,NULL,5170
15698,58630,904.8,904.8,USD,ACH121624,2024-12-31 00:00:00,2024-12-31 00:00:00,0,NULL,CRE,,NULL,5170
15699,58135INV,450.45,450.45,USD,ACH123124,2024-12-31 00:00:00,2024-12-31 00:00:00,0,NULL,CRE,,NULL,5171
15700,58136INV,990,990,USD,ACH123124,2024-12-31 00:00:00,2024-12-31 00:00:00,0,NULL,CRE,,NULL,5171
15701,INV58742,1050,1050,USD,ACH123124,2024-12-31 00:00:00,2024-12-31 00:00:00,0,NULL,CRE,,NULL,5172
15702,58639,14605.85,14605.85,USD,ACH123124,2024-12-31 00:00:00,2024-12-31 00:00:00,0,NULL,CRE,,NULL,5173
15703,INV58531,250,250,USD,CK 119551,2025-01-02 00:00:00,2025-01-02 00:00:00,0,NULL,CRE,,NULL,5174
15704,58618INV,11308,11308,USD,CK 125375,2025-01-02 00:00:00,2025-01-02 00:00:00,0,NULL,CRE,,NULL,5175
15705,58687,5943,5943,USD,CK 125375,2025-01-02 00:00:00,2025-01-02 00:00:00,0,NULL,CRE,,NULL,5175
15706,58651,5862,5862,USD,CK 015037,2025-01-02 00:00:00,2025-01-02 00:00:00,0,NULL,CRE,,NULL,5176
15707,58582,6693,6693,USD,CK 13450,2025-01-02 00:00:00,2025-01-02 00:00:00,0,NULL,CRE,,NULL,5177
15708,58634,11704,11704,USD,ACH010625,2025-01-06 00:00:00,2025-01-06 00:00:00,0,NULL,CRE,,NULL,5178
15709,58759,1796.94,1796.94,USD,ACH010325,2025-01-07 00:00:00,2025-01-07 00:00:00,0,1275,UAC,,NULL,5180
15710,58760,2262.06,2262.06,USD,ACH010325,2025-01-07 00:00:00,2025-01-07 00:00:00,0,1275,UAC,,NULL,5180
15711,58779,1324.35,1324.35,USD,ACH010325,2025-01-07 00:00:00,2025-01-07 00:00:00,0,1275,UAC,,NULL,5180
15712,58811,1126.53,1126.53,USD,ACH010325,2025-01-07 00:00:00,2025-01-07 00:00:00,0,1275,UAC,,NULL,5180
15713,58769,18077.63,18077.63,USD,ACH010325,2025-01-07 00:00:00,2025-01-07 00:00:00,0,1275,UAC,,NULL,5181
15714,58623,700,700,USD,ACH010925,2025-01-09 00:00:00,2025-01-09 00:00:00,0,NULL,CRE,,NULL,5182
15715,58706,2937.6,2937.6,USD,ACH010925,2025-01-09 00:00:00,2025-01-09 00:00:00,0,NULL,CRE,,NULL,5183
15716,58728,1810.76,1810.76,USD,ACH010925,2025-01-09 00:00:00,2025-01-09 00:00:00,0,NULL,CRE,,NULL,5183
15717,58694,3568.8,3568.8,USD,ACH010925,2025-01-09 00:00:00,2025-01-09 00:00:00,0,NULL,CRE,,NULL,5184
15718,58689,8813.2,8813.2,USD,ACH010825,2025-01-08 00:00:00,2025-01-08 00:00:00,0,NULL,CRE,,NULL,5185
15719,58697,14400.75,14400.75,USD,ACH010825,2025-01-08 00:00:00,2025-01-08 00:00:00,0,NULL,CRE,,NULL,5185
15720,58709,8430.4,8430.4,USD,ACH010825,2025-01-08 00:00:00,2025-01-08 00:00:00,0,NULL,CRE,,NULL,5185
15721,INV58743,1050,1050,USD,ACJ010725,2025-01-07 00:00:00,2025-01-07 00:00:00,0,NULL,CRE,,NULL,5186
15722,INV58744,1050,1050,USD,ACJ010725,2025-01-07 00:00:00,2025-01-07 00:00:00,0,NULL,CRE,,NULL,5186
15723,58639,-14605.85,-14605.85,USD,ACH123124,2025-01-09 00:00:00,2025-01-09 15:57:47,0,NULL,CRE,UNDO 15702,NULL,5187
15724,58676,-1263.85,-1263.85,USD,OFFSET,2025-01-10 00:00:00,2025-01-10 13:28:02,0,0,OFF,,NULL,O112451
15725,58167,4845,4845,USD,ACH011025,2025-01-10 00:00:00,2025-01-10 00:00:00,0,NULL,CRE,,NULL,5188
15726,58283,2737.6,2737.6,USD,ACH011025,2025-01-10 00:00:00,2025-01-10 00:00:00,0,NULL,CRE,,NULL,5188
15727,58311,4435.6,4435.6,USD,ACH011025,2025-01-10 00:00:00,2025-01-10 00:00:00,0,NULL,CRE,,NULL,5188
15728,58353,4515.2,4515.2,USD,ACH011025,2025-01-10 00:00:00,2025-01-10 00:00:00,0,NULL,CRE,,NULL,5188
15729,INV58458/59,277.45,277.45,USD,ACH011025,2025-01-10 00:00:00,2025-01-10 00:00:00,0,NULL,CRE,,NULL,5189
15730,58757,1231.2,1231.2,USD,ACH011025,2025-01-13 00:00:00,2025-01-13 00:00:00,0,1277,UAC,,NULL,5191
15731,58795,8755.11,8755.11,USD,ACH011025,2025-01-13 00:00:00,2025-01-13 00:00:00,0,NULL,CRE,,NULL,5192
15732,58796,8802.36,8802.36,USD,ACH011025,2025-01-13 00:00:00,2025-01-13 00:00:00,0,NULL,CRE,,NULL,5192
15733,58797,8834.7,8834.7,USD,ACH011025,2025-01-13 00:00:00,2025-01-13 00:00:00,0,NULL,CRE,,NULL,5192
15734,58798,8226.75,8226.75,USD,ACH011025,2025-01-13 00:00:00,2025-01-13 00:00:00,0,NULL,CRE,,NULL,5192
15735,58799,8226.75,8226.75,USD,ACH011025,2025-01-13 00:00:00,2025-01-13 00:00:00,0,NULL,CRE,,NULL,5192
15736,58800,8826.72,8826.72,USD,ACH011025,2025-01-13 00:00:00,2025-01-13 00:00:00,0,NULL,CRE,,NULL,5192
15737,58801,8837.22,8837.22,USD,ACH011025,2025-01-13 00:00:00,2025-01-13 00:00:00,0,NULL,CRE,,NULL,5192
15738,58140,195.3,195.3,USD,ACH011325,2025-01-13 00:00:00,2025-01-13 00:00:00,0,1278,UAC,,NULL,5194
15739,58253,304,304,USD,ACH011325,2025-01-13 00:00:00,2025-01-13 00:00:00,0,1278,UAC,,NULL,5194
15740,58236,252,252,USD,ACH011325,2025-01-13 00:00:00,2025-01-13 00:00:00,0,1278,UAC,,NULL,5194
15741,58250,160,160,USD,ACH011325,2025-01-13 00:00:00,2025-01-13 00:00:00,0,1278,UAC,,NULL,5194
15742,58251,208.8,208.8,USD,ACH011325,2025-01-13 00:00:00,2025-01-13 00:00:00,0,1278,UAC,,NULL,5194
15743,58252,124,124,USD,ACH011325,2025-01-13 00:00:00,2025-01-13 00:00:00,0,1278,UAC,,NULL,5194
15744,58254,180.8,180.8,USD,ACH011325,2025-01-13 00:00:00,2025-01-13 00:00:00,0,1278,UAC,,NULL,5194
15745,58843,210.5,210.5,USD,ACH011325,2025-01-13 00:00:00,2025-01-13 00:00:00,0,NULL,CRE,,NULL,5195
15746,58729,1708.74,1708.74,USD,ACH011025,2025-01-13 00:00:00,2025-01-13 00:00:00,0,NULL,CRE,,NULL,5196
15747,58813,1044,1044,USD,ACH011025,2025-01-13 00:00:00,2025-01-13 00:00:00,0,NULL,CRE,,NULL,5196
15748,58831,1299.6,1299.6,USD,ACH011025,2025-01-13 00:00:00,2025-01-13 00:00:00,0,NULL,CRE,,NULL,5196
15749,58639,14605.85,14605.85,USD,ACH123124,2025-01-14 00:00:00,2025-01-14 00:00:00,0,NULL,CRE,,NULL,5197
15750,57943,-400,-400,USD,CM57943,2025-01-16 00:00:00,2025-01-16 00:00:00,0,NULL,CRE,,NULL,5198
15751,58042,400,400,USD,CM57943,2025-01-16 00:00:00,2025-01-16 00:00:00,0,NULL,CRE,,NULL,5198
15752,57943,400,400,USD,CM57943,2025-01-16 00:00:00,2025-01-16 10:31:08,0,NULL,CRE,UNDO 15750,NULL,5199
15753,57943,-399.72,-399.72,USD,CM 57943,2025-01-16 00:00:00,2025-01-16 00:00:00,0,NULL,CRE,,NULL,5200
15754,58042,399.72,399.72,USD,CM 57943,2025-01-16 00:00:00,2025-01-16 00:00:00,0,NULL,CRE,,NULL,5200
15755,58486,5853.12,5853.12,USD,CK 215767,2025-01-17 00:00:00,2025-01-17 00:00:00,0,NULL,CRE,,NULL,5201
15756,INV58813,250,250,USD,CK 7432,2025-01-17 00:00:00,2025-01-17 00:00:00,0,NULL,CRE,,NULL,5202
15757,INV58578,1185.5,1185.5,USD,CK 12895,2025-01-17 00:00:00,2025-01-17 00:00:00,0,NULL,CRE,,NULL,5203
15758,58411,1101.2,1101.2,USD,ACH011725,2025-01-17 00:00:00,2025-01-17 00:00:00,0,NULL,CRE,,NULL,5204
15759,58832,1384.2,1384.2,USD,ACH011725,2025-01-17 00:00:00,2025-01-17 00:00:00,0,NULL,CRE,,NULL,5205
15760,58707,12253.08,12253.08,USD,ACH011725,2025-01-17 00:00:00,2025-01-17 00:00:00,0,NULL,CRE,,NULL,5206
15761,58693,4173,4173,USD,ACH011625,2025-01-16 00:00:00,2025-01-16 00:00:00,0,NULL,CRE,,NULL,5207
15762,58752,9640.4,9640.4,USD,ACH011625,2025-01-16 00:00:00,2025-01-16 00:00:00,0,NULL,CRE,,NULL,5207
15763,58784,4140,4140,USD,ACH011525,2025-01-15 00:00:00,2025-01-15 00:00:00,0,NULL,CRE,,NULL,5208
15764,58543,11480.1,11480.1,USD,CK 125650,2025-01-17 00:00:00,2025-01-17 00:00:00,0,NULL,CRE,,NULL,5209
15765,58764,11097.9,11097.9,USD,CK 125650,2025-01-17 00:00:00,2025-01-17 00:00:00,0,NULL,CRE,,NULL,5209
15766,58729,10.26,10.26,USD,ACH012425,2025-01-24 00:00:00,2025-01-24 00:00:00,0,NULL,CRE,,NULL,5210
15767,58865,1445.4,1445.4,USD,ACH012425,2025-01-24 00:00:00,2025-01-24 00:00:00,0,NULL,CRE,,NULL,5210
15768,58636,9647.46,9647.46,USD,ACH011025,2025-01-28 00:00:00,2025-01-28 00:00:00,0,1277,UAC,,NULL,5211
15769,58793,8770.86,8770.86,USD,ACH011425,2025-01-30 00:00:00,2025-01-30 00:00:00,0,NULL,CRE,,NULL,5212
15770,INV58745,1050,1050,USD,ACH011425,2025-01-30 00:00:00,2025-01-30 00:00:00,0,NULL,CRE,,NULL,5213
15771,INV58746,1050,1050,USD,ACH011425,2025-01-30 00:00:00,2025-01-30 00:00:00,0,NULL,CRE,,NULL,5213
15772,INV58765,1050,1050,USD,ACH012825,2025-01-28 00:00:00,2025-01-28 00:00:00,0,NULL,CRE,,NULL,5214
15773,57951,250,250,USD,ACH012925,2025-01-29 00:00:00,2025-01-29 00:00:00,0,NULL,CRE,,NULL,5215
15774,58731,1404,1404,USD,ACH013125,2025-01-31 00:00:00,2025-01-31 00:00:00,0,NULL,CRE,,NULL,5216
15775,58830,7160.4,7160.4,USD,CK 7862,2025-02-03 00:00:00,2025-02-03 00:00:00,0,NULL,CRE,,NULL,5217
15776,58772,1772,1772,USD,ACH020325,2025-02-03 00:00:00,2025-02-03 00:00:00,0,NULL,CRE,,NULL,5218
15777,58773,1772.4,1772.4,USD,ACH020325,2025-02-03 00:00:00,2025-02-03 00:00:00,0,NULL,CRE,,NULL,5218
15778,58897,3910,3910,USD,ACH020325,2025-02-03 00:00:00,2025-02-03 00:00:00,0,NULL,CRE,,NULL,5219
15779,58815,5327,5327,USD,ACH020325,2025-02-03 00:00:00,2025-02-03 00:00:00,0,NULL,CRE,,NULL,5220
15780,58503,10729.18,10729.18,USD,WIR013125,2025-01-31 00:00:00,2025-01-31 00:00:00,0,NULL,CRE,,NULL,5221
15781,58418,4957.04,4957.04,USD,ACH012225,2025-01-31 00:00:00,2025-01-31 00:00:00,0,NULL,CRE,,NULL,5222
15782,58484,1264.8,1264.8,USD,ACH012225,2025-01-31 00:00:00,2025-01-31 00:00:00,0,NULL,CRE,,NULL,5222
15783,58501,923.05,923.05,USD,ACH012225,2025-01-31 00:00:00,2025-01-31 00:00:00,0,NULL,CRE,,NULL,5222
15784,58566,1070.88,1070.88,USD,ACH012225,2025-01-31 00:00:00,2025-01-31 00:00:00,0,NULL,CRE,,NULL,5222
15785,58538,1206.72,1206.72,USD,ACH012225,2025-01-31 00:00:00,2025-01-31 00:00:00,0,NULL,CRE,,NULL,5222
15786,58539,1327.2,1327.2,USD,ACH012225,2025-01-31 00:00:00,2025-01-31 00:00:00,0,NULL,CRE,,NULL,5222
15787,58508,1600.96,1600.96,USD,ACH012225,2025-01-31 00:00:00,2025-01-31 00:00:00,0,NULL,CRE,,NULL,5222
15788,58881,1027.8,1027.8,USD,ACH013125,2025-02-06 00:00:00,2025-02-06 00:00:00,0,NULL,CRE,,NULL,5223
15789,58880,1060.2,1060.2,USD,ACH013125,2025-02-06 00:00:00,2025-02-06 00:00:00,0,NULL,CRE,,NULL,5223
15790,58879,1018.8,1018.8,USD,ACH013125,2025-02-06 00:00:00,2025-02-06 00:00:00,0,NULL,CRE,,NULL,5223
15791,58866,1267.2,1267.2,USD,ACH020725,2025-02-07 00:00:00,2025-02-07 00:00:00,0,NULL,CRE,,NULL,5224
15792,58919,1384.2,1384.2,USD,ACH020725,2025-02-07 00:00:00,2025-02-07 00:00:00,0,NULL,CRE,,NULL,5224
15793,58901,1465.2,1465.2,USD,ACH020725,2025-02-07 00:00:00,2025-02-07 00:00:00,0,NULL,CRE,,NULL,5224
15794,58906,18066.45,18066.45,USD,ACH020725,2025-02-07 00:00:00,2025-02-07 00:00:00,0,NULL,CRE,,NULL,5224
15795,58814,1306.64,1306.64,USD,ACH020725,2025-02-07 00:00:00,2025-02-07 00:00:00,0,NULL,CRE,,NULL,5225
15796,58794,8818.32,8818.32,USD,ACH020625,2025-02-06 00:00:00,2025-02-06 00:00:00,0,NULL,CRE,,NULL,5226
15797,58848,649.6,649.6,USD,ACH020625,2025-02-06 00:00:00,2025-02-06 00:00:00,0,NULL,CRE,,NULL,5227
15798,58673,8812.02,8812.02,USD,ACH020525,2025-02-05 00:00:00,2025-02-05 00:00:00,0,NULL,CRE,,NULL,5228
15799,58670,8903.37,8903.37,USD,ACH020525,2025-02-05 00:00:00,2025-02-05 00:00:00,0,NULL,CRE,,NULL,5228
15800,58672,8791.44,8791.44,USD,ACH020525,2025-02-05 00:00:00,2025-02-05 00:00:00,0,NULL,CRE,,NULL,5228
15801,58716,8250.27,8250.27,USD,ACH020525,2025-02-05 00:00:00,2025-02-05 00:00:00,0,NULL,CRE,,NULL,5228
15802,58717,8260.35,8260.35,USD,ACH020525,2025-02-05 00:00:00,2025-02-05 00:00:00,0,NULL,CRE,,NULL,5228
15803,58674,8571.57,8571.57,USD,ACH020525,2025-02-05 00:00:00,2025-02-05 00:00:00,0,NULL,CRE,,NULL,5228
15804,INV58710,250,250,USD,7002122144,2025-02-07 00:00:00,2025-02-07 00:00:00,0,NULL,CRE,,NULL,5229
15805,INV58613,106.7,106.7,USD,7002132196,2025-02-07 00:00:00,2025-02-07 00:00:00,0,NULL,CRE,,NULL,5230
15806,57330INV,100,100,USD,INV58095,2025-02-10 00:00:00,2025-02-10 00:00:00,0,NULL,CRE,,NULL,5231
15807,INV58095,-100,-100,USD,INV58095,2025-02-10 00:00:00,2025-02-10 00:00:00,0,NULL,CRE,,NULL,5231
15808,57330INV,92.5,92.5,USD,CK 17962,2025-02-07 00:00:00,2025-02-07 00:00:00,0,NULL,CRE,,NULL,5232
15809,58833,5802.75,5802.75,USD,CK 216243,2025-02-11 00:00:00,2025-02-11 00:00:00,0,NULL,CRE,,NULL,5233
15810,58841,192,192,USD,CK 5836,2025-02-11 00:00:00,2025-02-11 00:00:00,0,NULL,CRE,,NULL,5234
15811,58840,222,222,USD,CK 5836,2025-02-11 00:00:00,2025-02-11 00:00:00,0,NULL,CRE,,NULL,5234
15812,58799,571.41,571.41,USD,ACH020725,2025-02-11 00:00:00,2025-02-11 00:00:00,0,NULL,CRE,,NULL,5235
15813,58802,8686.86,8686.86,USD,ACH020725,2025-02-11 00:00:00,2025-02-11 00:00:00,0,NULL,CRE,,NULL,5235
15814,58803,8708.49,8708.49,USD,ACH020725,2025-02-11 00:00:00,2025-02-11 00:00:00,0,NULL,CRE,,NULL,5235
15815,58804,8028.13,8028.13,USD,ACH020725,2025-02-11 00:00:00,2025-02-11 00:00:00,0,NULL,CRE,,NULL,5235
15816,58918,1500,1500,USD,CK1490,2025-02-11 00:00:00,2025-02-11 00:00:00,0,NULL,CRE,,NULL,5236
15817,58836,-782.84,-782.84,USD,58836,2025-02-11 00:00:00,2025-02-11 00:00:00,0,NULL,CRE,,NULL,5237
15818,58804,782.84,782.84,USD,58836,2025-02-11 00:00:00,2025-02-11 00:00:00,0,NULL,CRE,,NULL,5237
15819,58824,5572.8,5572.8,USD,ACH021025,2025-02-10 00:00:00,2025-02-10 00:00:00,0,NULL,CRE,,NULL,5238
15820,58842,4140,4140,USD,ACH021225,2025-02-12 00:00:00,2025-02-12 00:00:00,0,NULL,CRE,,NULL,5240
15821,58473,2450,2450,USD,ACH021225,2025-02-12 00:00:00,2025-02-12 00:00:00,0,NULL,CRE,,NULL,5241
15822,58696,2450,2450,USD,ACH021225,2025-02-12 00:00:00,2025-02-12 00:00:00,0,NULL,CRE,,NULL,5242
15823,58527,2100,2100,USD,ACH021225,2025-02-12 00:00:00,2025-02-12 00:00:00,0,NULL,CRE,,NULL,5243
15824,58962,179.43,179.43,USD,ACH021225,2025-02-12 00:00:00,2025-02-12 00:00:00,0,NULL,CRE,,NULL,5244
15825,58890,3800,3800,USD,ACH011325,2025-02-13 00:00:00,2025-02-13 00:00:00,0,1278,UAC,,NULL,5245
15826,INV5867,1050,1050,USD,ACH021325,2025-02-13 00:00:00,2025-02-13 00:00:00,0,NULL,CRE,,NULL,5246
15827,INV58766,1050,1050,USD,ACH021325,2025-02-13 00:00:00,2025-02-13 00:00:00,0,NULL,CRE,,NULL,5246
15828,INV58768,1050,1050,USD,ACH021325,2025-02-13 00:00:00,2025-02-13 00:00:00,0,NULL,CRE,,NULL,5246
15829,INV58840,1150,1150,USD,ACH021325,2025-02-13 00:00:00,2025-02-13 00:00:00,0,NULL,CRE,,NULL,5246
15830,INV58841,1150,1150,USD,ACH021325,2025-02-13 00:00:00,2025-02-13 00:00:00,0,NULL,CRE,,NULL,5246
15831,58698,14708.75,14708.75,USD,ACH021325,2025-02-13 00:00:00,2025-02-13 00:00:00,0,NULL,CRE,,NULL,5247
15832,58748,1272.46,1272.46,USD,ACH021225,2025-02-12 00:00:00,2025-02-12 00:00:00,0,NULL,CRE,,NULL,5248
15833,INV58652,45,45,USD,CK 11066,2025-02-13 00:00:00,2025-02-13 00:00:00,0,1249,UAC,,NULL,5249
15834,58751,2268,2268,USD,ACH021225,2025-02-12 00:00:00,2025-02-12 00:00:00,0,NULL,CRE,,NULL,5250
15835,58605,4799.64,4799.64,USD,ACH021825,2025-02-18 00:00:00,2025-02-18 00:00:00,0,NULL,CRE,,NULL,5251
15836,58892,3800,3800,USD,ACH011325,2025-02-18 00:00:00,2025-02-18 00:00:00,0,1278,UAC,,NULL,5252
15837,58891,3800,3800,USD,ACH011325,2025-02-18 00:00:00,2025-02-18 00:00:00,0,1278,UAC,,NULL,5253
15838,58890,376.2,376.2,USD,ACH021825,2025-02-18 00:00:00,2025-02-18 00:00:00,0,1282,UAC,,NULL,5255
15839,58920,1436.4,1436.4,USD,ACH021425,2025-02-19 00:00:00,2025-02-19 00:00:00,0,1283,UAC,,NULL,5257
15840,58921,1483.2,1483.2,USD,ACH021425,2025-02-19 00:00:00,2025-02-19 00:00:00,0,1283,UAC,,NULL,5257
15841,58900,1554,1554,USD,ACH021425,2025-02-19 00:00:00,2025-02-19 00:00:00,0,1283,UAC,,NULL,5257
15842,58914,1172,1172,USD,ACH021425,2025-02-19 00:00:00,2025-02-19 00:00:00,0,1283,UAC,,NULL,5258
15843,58914,-1172,-1172,USD,ACH021425,2025-02-19 00:00:00,2025-02-19 10:55:39,0,1283,UAC,UNDO 15842,NULL,5259
15844,58732,1728.48,1728.48,USD,ACH021425,2025-02-14 00:00:00,2025-02-14 00:00:00,0,NULL,CRE,,NULL,5261
15845,58735,1454.4,1454.4,USD,ACH021425,2025-02-14 00:00:00,2025-02-14 00:00:00,0,NULL,CRE,,NULL,5261
15846,58922,1345.86,1345.86,USD,ACH021425,2025-02-20 00:00:00,2025-02-20 00:00:00,0,1283,UAC,,NULL,5262
15847,58914,1172,1172,USD,ACH021425,2025-02-20 00:00:00,2025-02-20 00:00:00,0,1283,UAC,,NULL,5262
15848,58806,8812.65,8812.65,USD,ACH022125,2025-02-21 00:00:00,2025-02-21 00:00:00,0,NULL,CRE,,NULL,5263
15849,58807,8796.9,8796.9,USD,ACH022125,2025-02-21 00:00:00,2025-02-21 00:00:00,0,NULL,CRE,,NULL,5263
15850,58844,8582.7,8582.7,USD,ACH022125,2025-02-21 00:00:00,2025-02-21 00:00:00,0,NULL,CRE,,NULL,5263
15851,58839,8618.4,8618.4,USD,ACH022125,2025-02-21 00:00:00,2025-02-21 00:00:00,0,NULL,CRE,,NULL,5263
15852,58846,2192.4,2192.4,USD,ACH022125,2025-02-21 00:00:00,2025-02-21 00:00:00,0,NULL,CRE,,NULL,5264
15853,58448,5346,5346,USD,ACH021925,2025-02-19 00:00:00,2025-02-19 00:00:00,0,NULL,CRE,,NULL,5265
15854,58943,1422,1422,USD,ACH022125,2025-02-21 00:00:00,2025-02-21 00:00:00,0,NULL,CRE,,NULL,5266
15855,58915,1150,1150,USD,ACH022125,2025-02-21 00:00:00,2025-02-21 00:00:00,0,NULL,CRE,,NULL,5266
15856,58946,1182,1182,USD,ACH022125,2025-02-21 00:00:00,2025-02-21 00:00:00,0,NULL,CRE,,NULL,5266
15857,58944,1640,1640,USD,ACH022125,2025-02-21 00:00:00,2025-02-21 00:00:00,0,NULL,CRE,,NULL,5266
15858,58849,764.16,764.16,USD,ACH022125,2025-02-21 00:00:00,2025-02-21 00:00:00,0,NULL,CRE,,NULL,5267
15859,58823,5640,5640,USD,ACH022425,2025-02-24 00:00:00,2025-02-24 00:00:00,0,NULL,CRE,,NULL,5268
15860,58893,6527.4,6527.4,USD,CK 85049,2025-02-24 00:00:00,2025-02-24 00:00:00,0,NULL,CRE,,NULL,5269
15861,58837,13914.23,13914.23,USD,CK 126011,2025-02-24 00:00:00,2025-02-24 00:00:00,0,NULL,CRE,,NULL,5270
15862,58838,13572.53,13572.53,USD,CK 126011,2025-02-24 00:00:00,2025-02-24 00:00:00,0,NULL,CRE,,NULL,5270
15863,58835,3281.8,3281.8,USD,CK 126011,2025-02-24 00:00:00,2025-02-24 00:00:00,0,NULL,CRE,,NULL,5270
15864,58884A,11421.3,11421.3,USD,CK 126011,2025-02-24 00:00:00,2025-02-24 00:00:00,0,NULL,CRE,,NULL,5270
15865,INV58915,300,300,USD,CK 187526,2025-02-24 00:00:00,2025-02-24 00:00:00,0,NULL,CRE,,NULL,5271
15866,58899,7350.31,7350.31,USD,CK 13542,2025-02-25 00:00:00,2025-02-25 00:00:00,74.25,NULL,CRE,,NULL,5272
15867,58834,6249.6,6249.6,USD,CK 14299,2025-02-25 00:00:00,2025-02-25 00:00:00,0,NULL,CRE,,NULL,5273
15868,58506,8074,8074,USD,CK 13568,2025-02-25 00:00:00,2025-02-25 00:00:00,0,NULL,CRE,,NULL,5274
15869,INV58820,1050,1050,USD,ACH022725,2025-02-27 00:00:00,2025-02-27 00:00:00,0,NULL,CRE,,NULL,5275
15870,58889,2800,2800,USD,ACH021025,2025-02-27 00:00:00,2025-02-27 00:00:00,0,1281,UAC,,NULL,5277
15871,58891,34.2,34.2,USD,ACH022625,2025-02-27 00:00:00,2025-02-27 00:00:00,0,1285,UAC,,NULL,5278
15872,58892,74.1,74.1,USD,ACH022625,2025-02-27 00:00:00,2025-02-27 00:00:00,0,1285,UAC,,NULL,5278
15873,58889,28,28,USD,ACH022625,2025-02-27 00:00:00,2025-02-27 00:00:00,0,1285,UAC,,NULL,5278
15874,58937,9588.48,9588.48,USD,ACH022825,2025-02-28 00:00:00,2025-02-28 00:00:00,0,NULL,CRE,,NULL,5279
15875,58885,1058,1058,USD,ACH022825,2025-02-28 00:00:00,2025-02-28 00:00:00,0,NULL,CRE,,NULL,5280
15876,56922,1747.5,1747.5,USD,WIR022725,2025-02-27 00:00:00,2025-02-27 00:00:00,0,NULL,CRE,,NULL,5281
15877,56967,752.5,752.5,USD,WIR022725,2025-02-27 00:00:00,2025-02-27 00:00:00,0,NULL,CRE,,NULL,5281
15878,56967,2500,2500,USD,WIR022825,2025-02-28 00:00:00,2025-02-28 00:00:00,0,NULL,CRE,,NULL,5282
15879,57010,1112.5,1112.5,USD,WIR030325,2025-03-03 00:00:00,2025-03-03 00:00:00,0,NULL,CRE,,NULL,5283
15880,56967,887.5,887.5,USD,WIR030325,2025-03-03 00:00:00,2025-03-03 00:00:00,0,NULL,CRE,,NULL,5283
15881,57010,828.2,828.2,USD,WIR030325,2025-03-03 00:00:00,2025-03-03 00:00:00,0,NULL,CRE,,NULL,5284
15882,56968,4140,4140,USD,WIR030325,2025-03-03 00:00:00,2025-03-03 00:00:00,0,NULL,CRE,,NULL,5284
15883,INV58914,300,300,USD,CK 187608,2025-03-03 00:00:00,2025-03-03 00:00:00,0,NULL,CRE,,NULL,5285
15884,58888,3897.2,3897.2,USD,CK 85914,2025-03-03 00:00:00,2025-03-03 00:00:00,0,NULL,CRE,,NULL,5286
15885,INV58822,600,600,USD,CK 39078,2025-03-04 00:00:00,2025-03-04 00:00:00,0,NULL,CRE,,NULL,5287
15886,INV58946,200,200,USD,CK 77253,2025-03-04 00:00:00,2025-03-04 00:00:00,0,NULL,CRE,,NULL,5288
15887,58544,13584.45,13584.45,USD,CK 126186,2025-03-04 00:00:00,2025-03-04 00:00:00,0,NULL,CRE,,NULL,5289
15888,58924,13192,13192,USD,CK 126186,2025-03-04 00:00:00,2025-03-04 00:00:00,0,NULL,CRE,,NULL,5289
15889,58947,4395.8,4395.8,USD,CK 126186,2025-03-04 00:00:00,2025-03-04 00:00:00,0,NULL,CRE,,NULL,5289
15890,58971,1752,1752,USD,ACH022825,2025-03-05 00:00:00,2025-03-05 00:00:00,0,1286,UAC,,NULL,5291
15891,58857,10713.04,10713.04,USD,ACH022825,2025-03-05 00:00:00,2025-03-05 00:00:00,0,1286,UAC,,NULL,5291
15892,58854,8469.37,8469.37,USD,ACH030425,2025-03-04 00:00:00,2025-03-04 00:00:00,0,NULL,CRE,,NULL,5292
15893,INV58458/59,-277.45,-277.45,USD,ACH011025,2025-03-05 00:00:00,2025-03-05 12:09:06,0,NULL,CRE,UNDO 15729,NULL,5293
15894,INV58458/59,277.45,277.45,USD,ACH011025,2025-01-10 00:00:00,2025-01-10 00:00:00,0,NULL,CRE,,NULL,5294
15895,58729,-1708.74,-1708.74,USD,ACH011025,2025-03-05 00:00:00,2025-03-05 12:18:52,0,NULL,CRE,UNDO 15746,NULL,5295
15896,58831,-1299.6,-1299.6,USD,ACH011025,2025-03-05 00:00:00,2025-03-05 12:19:18,0,NULL,CRE,UNDO 15748,NULL,5296
15897,58813,-1044,-1044,USD,ACH011025,2025-03-05 00:00:00,2025-03-05 12:19:40,0,NULL,CRE,UNDO 15747,NULL,5297
15898,58729,1708.74,1708.74,USD,ACH011025,2025-01-10 00:00:00,2025-01-10 00:00:00,0,NULL,CRE,,NULL,5298
15899,58813,1044,1044,USD,ACH011025,2025-01-10 00:00:00,2025-01-10 00:00:00,0,NULL,CRE,,NULL,5298
15900,58831,1299.6,1299.6,USD,ACH011025,2025-01-10 00:00:00,2025-01-10 00:00:00,0,NULL,CRE,,NULL,5298
15901,58757,-1231.2,-1231.2,USD,ACH011025,2025-03-05 00:00:00,2025-03-05 12:26:33,0,1277,UAC,UNDO 15730,NULL,5299
15902,58636,-9647.46,-9647.46,USD,ACH011025,2025-03-05 00:00:00,2025-03-05 12:26:55,0,1277,UAC,UNDO 15768,NULL,5300
15903,58757,1231.2,1231.2,USD,ACH011825,2025-01-18 00:00:00,2025-01-18 00:00:00,0,NULL,CRE,,NULL,5301
15904,58636,9647.46,9647.46,USD,ACH011825,2025-01-18 00:00:00,2025-01-18 00:00:00,0,NULL,CRE,,NULL,5301
15905,57010,2199.3,2199.3,USD,WIR030425,2025-03-04 00:00:00,2025-03-04 00:00:00,0,NULL,CRE,,NULL,5302
15906,57011,800.7,800.7,USD,WIR030425,2025-03-04 00:00:00,2025-03-04 00:00:00,0,NULL,CRE,,NULL,5302
15907,INV58729,350,350,USD,ACH030528,2025-03-05 00:00:00,2025-03-05 00:00:00,0,NULL,CRE,,NULL,5303
15908,58938,9407.52,9407.52,USD,ACH030525,2025-03-05 00:00:00,2025-03-05 00:00:00,0,NULL,CRE,,NULL,5304
15909,58934,1390.8,1390.8,USD,ACH030625,2025-03-06 00:00:00,2025-03-06 00:00:00,0,NULL,CRE,,NULL,5305
15910,58719,8260.94,8260.94,USD,ACH030625,2025-03-06 00:00:00,2025-03-06 00:00:00,0,NULL,CRE,,NULL,5305
15911,58675,8680.14,8680.14,USD,ACH030625,2025-03-06 00:00:00,2025-03-06 00:00:00,0,NULL,CRE,,NULL,5305
15912,58720,8854.65,8854.65,USD,ACH030625,2025-03-06 00:00:00,2025-03-06 00:00:00,0,NULL,CRE,,NULL,5305
15913,58718,8896.02,8896.02,USD,ACH030625,2025-03-06 00:00:00,2025-03-06 00:00:00,0,NULL,CRE,,NULL,5305
15914,58721,8599.08,8599.08,USD,ACH030625,2025-03-06 00:00:00,2025-03-06 00:00:00,0,NULL,CRE,,NULL,5305
15915,58722,8484.84,8484.84,USD,ACH030625,2025-03-06 00:00:00,2025-03-06 00:00:00,0,NULL,CRE,,NULL,5305
15916,58723,8621.13,8621.13,USD,ACH030625,2025-03-06 00:00:00,2025-03-06 00:00:00,0,NULL,CRE,,NULL,5305
15917,58725,8591.31,8591.31,USD,ACH030625,2025-03-06 00:00:00,2025-03-06 00:00:00,0,NULL,CRE,,NULL,5305
15918,58724,8641.5,8641.5,USD,ACH030625,2025-03-06 00:00:00,2025-03-06 00:00:00,0,NULL,CRE,,NULL,5305
15919,58917,1500,1500,USD,WIR030625,2025-03-06 00:00:00,2025-03-06 00:00:00,0,NULL,CRE,,NULL,5306
15920,58978,8678.46,8678.46,USD,ACH030725,2025-03-07 00:00:00,2025-03-07 00:00:00,0,NULL,CRE,,NULL,5307
15921,58979,8759.52,8759.52,USD,ACH030725,2025-03-07 00:00:00,2025-03-07 00:00:00,0,NULL,CRE,,NULL,5307
15922,58980,8801.31,8801.31,USD,ACH030725,2025-03-07 00:00:00,2025-03-07 00:00:00,0,NULL,CRE,,NULL,5307
15923,58995,8408.19,8408.19,USD,ACH030725,2025-03-07 00:00:00,2025-03-07 00:00:00,0,NULL,CRE,,NULL,5308
15924,58726,8409.87,8409.87,USD,ACH030725,2025-03-07 00:00:00,2025-03-07 00:00:00,0,NULL,CRE,,NULL,5308
15925,58994,8695.26,8695.26,USD,ACH030725,2025-03-07 00:00:00,2025-03-07 00:00:00,0,NULL,CRE,,NULL,5308
15926,58727,8754.06,8754.06,USD,ACH030725,2025-03-07 00:00:00,2025-03-07 00:00:00,0,NULL,CRE,,NULL,5308
15927,58996,8822.52,8822.52,USD,ACH030725,2025-03-07 00:00:00,2025-03-07 00:00:00,0,NULL,CRE,,NULL,5308
15928,58997,8486.31,8486.31,USD,ACH030725,2025-03-07 00:00:00,2025-03-07 00:00:00,0,NULL,CRE,,NULL,5308
15929,58998,8535.66,8535.66,USD,ACH030725,2025-03-07 00:00:00,2025-03-07 00:00:00,0,NULL,CRE,,NULL,5308
15930,59000,8422.26,8422.26,USD,ACH030725,2025-03-07 00:00:00,2025-03-07 00:00:00,0,NULL,CRE,,NULL,5308
15931,58999,8392.86,8392.86,USD,ACH030725,2025-03-07 00:00:00,2025-03-07 00:00:00,0,NULL,CRE,,NULL,5308
15932,58805,8713.11,8713.11,USD,ACH030758,2025-03-07 00:00:00,2025-03-07 00:00:00,0,NULL,CRE,,NULL,5309
15933,58579,440.4,440.4,USD,OFFSET,2025-03-07 00:00:00,2025-03-07 17:13:28,0,0,OFF,,NULL,O112747
15934,58678,457.8,457.8,USD,OFFSET,2025-03-07 00:00:00,2025-03-07 17:15:26,0,0,OFF,,NULL,O112748
15935,58990,1218,1218,USD,ACH030725,2025-03-11 00:00:00,2025-03-11 00:00:00,0,NULL,CRE,,NULL,5310
15936,58926,1476,1476,USD,ACH030725,2025-03-11 00:00:00,2025-03-11 00:00:00,0,NULL,CRE,,NULL,5310
15937,58972,1796,1796,USD,ACH030725,2025-03-11 00:00:00,2025-03-11 00:00:00,0,NULL,CRE,,NULL,5310
15938,58858,10972,10972,USD,ACH030725,2025-03-11 00:00:00,2025-03-11 00:00:00,0,NULL,CRE,,NULL,5310
15939,58883,3364.25,3364.25,USD,ACH02282025,2025-03-11 00:00:00,2025-03-11 00:00:00,0,NULL,CRE,,NULL,5311
15940,58966,526.5,526.5,USD,ACH031125,2025-03-11 00:00:00,2025-03-11 00:00:00,0,NULL,CRE,,NULL,5312
15941,58967,526.56,526.56,USD,ACH031125,2025-03-11 00:00:00,2025-03-11 00:00:00,0,NULL,CRE,,NULL,5312
15942,58475,3379.86,3379.86,USD,ACH031225,2025-03-12 00:00:00,2025-03-12 00:00:00,0,NULL,CRE,,NULL,5313
15943,58469,5752.3,5752.3,USD,ACH031225,2025-03-12 00:00:00,2025-03-12 00:00:00,0,NULL,CRE,,NULL,5313
15944,58546,3619,3619,USD,ACH031225,2025-03-12 00:00:00,2025-03-12 00:00:00,0,NULL,CRE,,NULL,5313
15945,58547,3998,3998,USD,ACH031225,2025-03-12 00:00:00,2025-03-12 00:00:00,0,NULL,CRE,,NULL,5313
15946,58608,6096,6096,USD,ACH031225,2025-03-12 00:00:00,2025-03-12 00:00:00,0,NULL,CRE,,NULL,5313
15947,58620,2109.39,2109.39,USD,ACH031225,2025-03-12 00:00:00,2025-03-12 00:00:00,0,NULL,CRE,,NULL,5313
15948,58621,2607,2607,USD,ACH031225,2025-03-12 00:00:00,2025-03-12 00:00:00,0,NULL,CRE,,NULL,5313
15949,58691,5921.95,5921.95,USD,ACH031225,2025-03-12 00:00:00,2025-03-12 00:00:00,0,NULL,CRE,,NULL,5313
15950,58578,1185.5,1185.5,USD,ACH021025,2025-02-10 00:00:00,2025-02-10 00:00:00,0,NULL,CRE,,NULL,5314
15951,58959,9495,9495,USD,ACH031425,2025-03-14 00:00:00,2025-03-14 00:00:00,0,NULL,CRE,,NULL,5315
15952,58882,4140,4140,USD,ACH031725,2025-03-17 00:00:00,2025-03-17 00:00:00,0,NULL,CRE,,NULL,5316
15953,58913,2790,2790,USD,ACH031725,2025-03-17 00:00:00,2025-03-17 00:00:00,0,NULL,CRE,,NULL,5317
15954,59063,1600,1600,USD,ACJ031725,2025-03-17 00:00:00,2025-03-17 00:00:00,0,NULL,CRE,,NULL,5318
15955,59064,1624,1624,USD,ACJ031725,2025-03-17 00:00:00,2025-03-17 00:00:00,0,NULL,CRE,,NULL,5318
15956,59059,1818,1818,USD,ACJ031725,2025-03-17 00:00:00,2025-03-17 00:00:00,0,NULL,CRE,,NULL,5318
15957,58976,1558,1558,USD,ACJ031725,2025-03-17 00:00:00,2025-03-17 00:00:00,0,NULL,CRE,,NULL,5318
15958,59061,1046,1046,USD,ACJ031725,2025-03-17 00:00:00,2025-03-17 00:00:00,0,NULL,CRE,,NULL,5318
15959,58961,2158.24,2158.24,USD,CK 85308,2025-03-19 00:00:00,2025-03-19 00:00:00,0,NULL,CRE,,NULL,5319
15960,INV58943,300,300,USD,CK 324782,2025-03-19 00:00:00,2025-03-19 00:00:00,0,NULL,CRE,,NULL,5320
15961,INV58944,300,300,USD,CK 324782,2025-03-19 00:00:00,2025-03-19 00:00:00,0,NULL,CRE,,NULL,5320
15962,58982,8809.92,8809.92,USD,ACH031925,2025-03-19 00:00:00,2025-03-19 00:00:00,0,NULL,CRE,,NULL,5322
15963,58981,8817.69,8817.69,USD,ACH031925,2025-03-19 00:00:00,2025-03-19 00:00:00,0,NULL,CRE,,NULL,5322
15964,59065,8817.48,8817.48,USD,ACH031925,2025-03-19 00:00:00,2025-03-19 00:00:00,0,NULL,CRE,,NULL,5322
15965,58898,1121.2,1121.2,USD,ACH030325,2025-03-03 00:00:00,2025-03-03 00:00:00,0,NULL,CRE,,NULL,5323
15966,58939,15262.32,15262.32,USD,ACH032025,2025-03-20 00:00:00,2025-03-20 00:00:00,0,NULL,CRE,,NULL,5324
15967,59001,8624.28,8624.28,USD,ACH032025,2025-03-20 00:00:00,2025-03-20 00:00:00,0,NULL,CRE,,NULL,5325
15968,59010,8683.92,8683.92,USD,ACH032025,2025-03-20 00:00:00,2025-03-20 00:00:00,0,NULL,CRE,,NULL,5325
15969,59002,8684.76,8684.76,USD,ACH032025,2025-03-20 00:00:00,2025-03-20 00:00:00,0,NULL,CRE,,NULL,5325
15970,59003,8684.76,8684.76,USD,ACH032025,2025-03-20 00:00:00,2025-03-20 00:00:00,0,NULL,CRE,,NULL,5325
15971,58907,1908.01,1908.01,USD,ACH031325,2025-03-21 00:00:00,2025-03-21 00:00:00,0,NULL,CRE,,NULL,5326
15972,58736,1594.8,1594.8,USD,ACH032125,2025-03-21 00:00:00,2025-03-21 00:00:00,0,NULL,CRE,,NULL,5327
15973,58847,688.72,688.72,USD,ACH032125,2025-03-21 00:00:00,2025-03-21 00:00:00,0,NULL,CRE,,NULL,5328
15974,58969,777.68,777.68,USD,ACH032125,2025-03-21 00:00:00,2025-03-21 00:00:00,0,NULL,CRE,,NULL,5328
15975,58930,7045.38,7045.38,USD,ACH032125,2025-03-21 00:00:00,2025-03-21 00:00:00,0,NULL,CRE,,NULL,5329
15976,59096,1454.2,1454.2,USD,ACH032425,2025-03-24 00:00:00,2025-03-24 00:00:00,0,NULL,CRE,,NULL,5330
15977,59111,1630.42,1630.42,USD,ACH032425,2025-03-24 00:00:00,2025-03-24 00:00:00,0,NULL,CRE,,NULL,5330
15978,59060,1634.6,1634.6,USD,ACH032425,2025-03-24 00:00:00,2025-03-24 00:00:00,0,NULL,CRE,,NULL,5330
15979,59117,1500,1500,USD,ACH031725,2025-03-26 00:00:00,2025-03-26 00:00:00,0,NULL,CRE,,NULL,5331
15980,59172,1500,1500,USD,WIR032525,2025-03-27 00:00:00,2025-03-27 00:00:00,0,NULL,CRE,,NULL,5332
15981,59070,8419.95,8419.95,USD,ACH032525,2025-03-25 00:00:00,2025-03-25 00:00:00,0,NULL,CRE,,NULL,5333
15982,59069,8517.39,8517.39,USD,ACH032525,2025-03-25 00:00:00,2025-03-25 00:00:00,0,NULL,CRE,,NULL,5333
15983,59066,8562.12,8562.12,USD,ACH032525,2025-03-25 00:00:00,2025-03-25 00:00:00,0,NULL,CRE,,NULL,5333
15984,59081,10201.44,10201.44,USD,ACH032625,2025-03-26 00:00:00,2025-03-26 00:00:00,0,NULL,CRE,,NULL,5334
15985,59080,11152.53,11152.53,USD,ACH032625,2025-03-26 00:00:00,2025-03-26 00:00:00,0,NULL,CRE,,NULL,5335
15986,58876,8479.6,8479.6,USD,ACH032625,2025-03-26 00:00:00,2025-03-26 00:00:00,0,NULL,CRE,,NULL,5336
15987,INV58733,152.24,152.24,USD,7002214113,2025-03-27 00:00:00,2025-03-27 00:00:00,0,NULL,CRE,,NULL,5337
15988,INV58976,150,150,USD,7002214113,2025-03-27 00:00:00,2025-03-27 00:00:00,0,NULL,CRE,,NULL,5337
15989,59141,5818.4,5818.4,USD,ACH032725,2025-03-27 00:00:00,2025-03-27 00:00:00,0,NULL,CRE,,NULL,5338
15990,58377,1638,1638,USD,ACH032825,2025-03-28 00:00:00,2025-03-28 00:00:00,0,NULL,CRE,,NULL,5339
15991,58733,1203,1203,USD,ACH032825,2025-03-28 00:00:00,2025-03-28 00:00:00,0,NULL,CRE,,NULL,5339
15992,58738,1840.8,1840.8,USD,ACH032825,2025-03-28 00:00:00,2025-03-28 00:00:00,0,NULL,CRE,,NULL,5339
15993,58993,18322.73,18322.73,USD,ACH032825,2025-03-28 00:00:00,2025-03-28 00:00:00,0,NULL,CRE,,NULL,5340
15994,59136,1700.6,1700.6,USD,ACH032825,2025-03-28 00:00:00,2025-03-28 00:00:00,0,NULL,CRE,,NULL,5340
15995,59128,1643.4,1643.4,USD,ACH032825,2025-03-28 00:00:00,2025-03-28 00:00:00,0,NULL,CRE,,NULL,5340
15996,59116,1383.8,1383.8,USD,ACH032825,2025-03-28 00:00:00,2025-03-28 00:00:00,0,NULL,CRE,,NULL,5340
15997,59113,1196.8,1196.8,USD,ACH032825,2025-03-28 00:00:00,2025-03-28 00:00:00,0,NULL,CRE,,NULL,5340
15998,59071,8544.27,8544.27,USD,ACH032825,2025-03-28 00:00:00,2025-03-28 00:00:00,0,NULL,CRE,,NULL,5341
15999,59067,8642.34,8642.34,USD,ACH032825,2025-03-28 00:00:00,2025-03-28 00:00:00,0,NULL,CRE,,NULL,5341
16000,59068,8800.05,8800.05,USD,ACH032825,2025-03-28 00:00:00,2025-03-28 00:00:00,0,NULL,CRE,,NULL,5341
16001,58983,8562.12,8562.12,USD,ACH032825,2025-03-28 00:00:00,2025-03-28 00:00:00,0,NULL,CRE,,NULL,5341
16002,59073,8421,8421,USD,ACH032825,2025-03-28 00:00:00,2025-03-28 00:00:00,0,NULL,CRE,,NULL,5341
16003,INV59139,200,200,USD,CK 31224,2025-03-28 00:00:00,2025-03-28 00:00:00,0,NULL,CRE,,NULL,5342
16004,INV589762,250,250,USD,C7002226166,2025-03-28 00:00:00,2025-03-28 00:00:00,0,NULL,CRE,,NULL,5343
16005,58936,7495.2,7495.2,USD,ACH030325,2025-03-31 00:00:00,2025-03-31 00:00:00,0,NULL,CRE,,NULL,5344
16006,58845,8859.9,8859.9,USD,ACH032825,2025-04-01 00:00:00,2025-04-01 00:00:00,0,NULL,CRE,,NULL,5345
16007,INV57021,7133,7133,USD,CK 30097,2024-10-23 00:00:00,2024-10-23 00:00:00,0,NULL,CRE,,NULL,5346
16008,59088,10100,10100,USD,ACH040225,2025-04-02 00:00:00,2025-04-02 00:00:00,0,NULL,CRE,,NULL,5347
16009,57011,1200,1200,USD,ACH033125,2025-03-31 00:00:00,2025-03-31 00:00:00,0,NULL,CRE,,NULL,5348
16010,57011,2139.3,2139.3,USD,ACH040125,2025-04-01 00:00:00,2025-04-01 00:00:00,0,NULL,CRE,,NULL,5349
16011,57045,360.7,360.7,USD,ACH040125,2025-04-01 00:00:00,2025-04-01 00:00:00,0,NULL,CRE,,NULL,5349
16012,59067,-8642.34,-8642.34,USD,ACH032825,2025-04-03 00:00:00,2025-04-03 10:13:40,0,NULL,CRE,UNDO 15999,NULL,5350
16013,59068,-8800.05,-8800.05,USD,ACH032825,2025-04-03 00:00:00,2025-04-03 10:14:06,0,NULL,CRE,UNDO 16000,NULL,5351
16014,59071,-8544.27,-8544.27,USD,ACH032825,2025-04-03 00:00:00,2025-04-03 10:14:39,0,NULL,CRE,UNDO 15998,NULL,5352
16015,59073,-8421,-8421,USD,ACH032825,2025-04-03 00:00:00,2025-04-03 10:15:01,0,NULL,CRE,UNDO 16002,NULL,5353
16016,58983,-8562.12,-8562.12,USD,ACH032825,2025-04-03 00:00:00,2025-04-03 10:19:14,0,NULL,CRE,UNDO 16001,NULL,5354
16017,59071,8544.27,8544.27,USD,ACH032825,2025-04-03 00:00:00,2025-04-03 00:00:00,0,NULL,CRE,,NULL,5355
16018,59067,8642.34,8642.34,USD,ACH032825,2025-04-03 00:00:00,2025-04-03 00:00:00,0,NULL,CRE,,NULL,5355
16019,59068,8800.05,8800.05,USD,ACH032825,2025-04-03 00:00:00,2025-04-03 00:00:00,0,NULL,CRE,,NULL,5355
16020,58983,8562.12,8562.12,USD,ACH032825,2025-04-03 00:00:00,2025-04-03 00:00:00,0,NULL,CRE,,NULL,5355
16021,59073,8421,8421,USD,ACH032825,2025-04-03 00:00:00,2025-04-03 00:00:00,0,NULL,CRE,,NULL,5355
16022,59072,8419.95,8419.95,USD,ACH032825,2025-04-03 00:00:00,2025-04-03 00:00:00,0,NULL,CRE,,NULL,5355
16023,59082,6650,6650,USD,ACH040425,2025-04-04 00:00:00,2025-04-04 00:00:00,0,NULL,CRE,,NULL,5356
16024,58960,10436.5,10436.5,USD,ACH040425,2025-04-04 00:00:00,2025-04-04 00:00:00,0,NULL,CRE,,NULL,5356
16025,58637,9677.54,9677.54,USD,ACH040425,2025-04-04 00:00:00,2025-04-04 00:00:00,0,NULL,CRE,,NULL,5356
16026,59133,1401.4,1401.4,USD,ACH040425,2025-04-04 00:00:00,2025-04-04 00:00:00,0,NULL,CRE,,NULL,5357
16027,59139,1471.25,1471.25,USD,ACH040425,2025-04-04 00:00:00,2025-04-04 00:00:00,0,NULL,CRE,,NULL,5357
16028,59134,1372.8,1372.8,USD,ACH040425,2025-04-04 00:00:00,2025-04-04 00:00:00,0,NULL,CRE,,NULL,5357
16029,59137,1601.6,1601.6,USD,ACH040425,2025-04-04 00:00:00,2025-04-04 00:00:00,0,NULL,CRE,,NULL,5357
16030,59152,1846.79,1846.79,USD,ACH040425,2025-04-04 00:00:00,2025-04-04 00:00:00,0,NULL,CRE,,NULL,5357
16031,59135,1122,1122,USD,ACH040425,2025-04-04 00:00:00,2025-04-04 00:00:00,0,NULL,CRE,,NULL,5357
16032,58965,1539.76,1539.76,USD,ACH040425,2025-04-04 00:00:00,2025-04-04 00:00:00,0,NULL,CRE,,NULL,5358
16033,INV58966,750,750,USD,ACH040425,2025-04-04 00:00:00,2025-04-04 00:00:00,0,NULL,CRE,,NULL,5359
16034,INV58966,-750,-750,USD,ACH040425,2025-04-04 00:00:00,2025-04-04 10:41:15,0,NULL,CRE,UNDO 16033,NULL,5360
16035,INV58967,750,750,USD,ACH040425,2025-04-04 00:00:00,2025-04-04 00:00:00,0,NULL,CRE,,NULL,5361
16036,58654,11749.35,11749.35,USD,ACH040325,2025-04-03 00:00:00,2025-04-03 00:00:00,0,NULL,CRE,,NULL,5362
16037,58974,4653.4,4653.4,USD,ACH040325,2025-04-03 00:00:00,2025-04-03 00:00:00,0,NULL,CRE,,NULL,5363
16038,57009,1496,1496,USD,ACH040225,2025-04-02 00:00:00,2025-04-02 00:00:00,0,NULL,CRE,,NULL,5364
16039,57045,1504,1504,USD,ACH040225,2025-04-02 00:00:00,2025-04-02 00:00:00,0,NULL,CRE,,NULL,5364
16040,INV58816,3750,3750,USD,CK 2567,2025-04-07 00:00:00,2025-04-07 00:00:00,0,1292,UAC,,NULL,5366
16041,INV58990,200,200,USD,CK 77421,2025-04-07 00:00:00,2025-04-07 00:00:00,0,NULL,CRE,,NULL,5367
16042,INV59096,250,250,USD,C7002236132,2025-04-07 00:00:00,2025-04-07 00:00:00,0,NULL,CRE,,NULL,5368
16043,58877,6286.6,6286.6,USD,CK 7889,2025-04-07 00:00:00,2025-04-07 00:00:00,0,NULL,CRE,,NULL,5369
16044,58878,6966.6,6966.6,USD,CK 7889,2025-04-07 00:00:00,2025-04-07 00:00:00,0,NULL,CRE,,NULL,5369
16045,58968,6646.4,6646.4,USD,CK 43838,2025-04-07 00:00:00,2025-04-07 00:00:00,0,NULL,CRE,,NULL,5370
16046,58957,10996.8,10996.8,USD,ACH040625,2025-04-06 00:00:00,2025-04-06 00:00:00,0,NULL,CRE,,NULL,5371
16047,58626,1166.4,1166.4,USD,ACH040725,2025-04-07 00:00:00,2025-04-07 00:00:00,0,NULL,CRE,,NULL,5372
16048,58656,2906.4,2906.4,USD,ACH040725,2025-04-07 00:00:00,2025-04-07 00:00:00,0,NULL,CRE,,NULL,5372
16049,59072,61.32,61.32,USD,ACH040725,2025-04-07 00:00:00,2025-04-07 00:00:00,0,NULL,CRE,,NULL,5373
16050,57045,2275.3,2275.3,USD,WIR040325,2025-04-07 00:00:00,2025-04-07 00:00:00,0,NULL,CRE,,NULL,5374
16051,57046,1024.7,1024.7,USD,WIR040325,2025-04-07 00:00:00,2025-04-07 00:00:00,0,NULL,CRE,,NULL,5374
16052,58443,6264,6264,USD,ACH040925,2025-04-09 00:00:00,2025-04-09 00:00:00,0,NULL,CRE,,NULL,5375
16053,58859,4746,4746,USD,ACH040925,2025-04-09 00:00:00,2025-04-09 00:00:00,0,NULL,CRE,,NULL,5375
16054,58776,5028,5028,USD,ACH040925,2025-04-09 00:00:00,2025-04-09 00:00:00,0,NULL,CRE,,NULL,5375
16055,58923,6585,6585,USD,ACH040925,2025-04-09 00:00:00,2025-04-09 00:00:00,0,NULL,CRE,,NULL,5375
16056,58970,2387,2387,USD,ACH040925,2025-04-09 00:00:00,2025-04-09 00:00:00,0,NULL,CRE,,NULL,5376
16057,59090,10024.91,10024.91,USD,ACH040925,2025-04-09 00:00:00,2025-04-09 00:00:00,0,NULL,CRE,,NULL,5377
16058,59089,10255.09,10255.09,USD,ACH040925,2025-04-09 00:00:00,2025-04-09 00:00:00,0,NULL,CRE,,NULL,5377
16059,58818A,1245,1245,USD,DEP040825,2025-04-08 00:00:00,2025-04-08 00:00:00,0,NULL,CRE,,NULL,5378
16060,58734,1454.4,1454.4,USD,ACH041125,2025-04-11 00:00:00,2025-04-11 00:00:00,0,NULL,CRE,,NULL,5379
16061,59011,8624.7,8624.7,USD,ACH041425,2025-04-14 00:00:00,2025-04-14 00:00:00,0,NULL,CRE,,NULL,5380
16062,59012,8756.79,8756.79,USD,ACH041425,2025-04-14 00:00:00,2025-04-14 00:00:00,0,NULL,CRE,,NULL,5380
16063,59013,8558.76,8558.76,USD,ACH041425,2025-04-14 00:00:00,2025-04-14 00:00:00,0,NULL,CRE,,NULL,5380
16064,59014,8643.6,8643.6,USD,ACH041425,2025-04-14 00:00:00,2025-04-14 00:00:00,0,NULL,CRE,,NULL,5380
16065,59008,10384.75,10384.75,USD,ACH041425,2025-04-14 00:00:00,2025-04-14 00:00:00,0,NULL,CRE,,NULL,5381
16066,59009,10241.75,10241.75,USD,ACH041425,2025-04-14 00:00:00,2025-04-14 00:00:00,0,NULL,CRE,,NULL,5381
16067,59138,1575.2,1575.2,USD,ACH041125,2025-04-16 00:00:00,2025-04-16 00:00:00,0,1293,UAC,,NULL,5383
16068,59166,2578.95,2578.95,USD,ACH041125,2025-04-16 00:00:00,2025-04-16 00:00:00,0,1293,UAC,,NULL,5383
16069,59154,1141.8,1141.8,USD,ACH041125,2025-04-16 00:00:00,2025-04-16 00:00:00,0,1293,UAC,,NULL,5383
16070,58808,10863.58,10863.58,USD,ACH041125,2025-04-16 00:00:00,2025-04-16 00:00:00,0,1293,UAC,,NULL,5383
16071,59178,2150.5,2150.5,USD,ACH041525,2025-04-15 00:00:00,2025-04-15 00:00:00,0,NULL,CRE,,NULL,5384
16072,INV58966,750,750,USD,ACH041625,2025-04-16 00:00:00,2025-04-16 00:00:00,0,NULL,CRE,,NULL,5385
16073,59093,194.3,194.3,USD,ACH041525,2025-04-15 00:00:00,2025-04-15 00:00:00,0,NULL,CRE,,NULL,5386
16074,59225,262.8,262.8,USD,ACH041625,2025-04-16 00:00:00,2025-04-16 00:00:00,0,NULL,CRE,,NULL,5387
16075,58526,1100,1100,USD,ACH041525,2025-04-15 00:00:00,2025-04-15 00:00:00,0,NULL,CRE,,NULL,5388
16076,INV58926,500,500,USD,7002249151,2025-04-17 00:00:00,2025-04-17 00:00:00,0,NULL,CRE,,NULL,5389
16077,INV9061,250,250,USD,7002249151,2025-04-17 00:00:00,2025-04-17 00:00:00,0,NULL,CRE,,NULL,5389
16078,INV59059,250,250,USD,7002249151,2025-04-17 00:00:00,2025-04-17 00:00:00,0,NULL,CRE,,NULL,5390
16079,INV59060,250,250,USD,7002249151,2025-04-17 00:00:00,2025-04-17 00:00:00,0,NULL,CRE,,NULL,5390
16080,INV58378,250,250,USD,CK 5805,2025-04-22 00:00:00,2025-04-22 00:00:00,0,NULL,CRE,,NULL,5391
16081,59104,8327.5,8327.5,USD,CK 217543,2025-04-22 00:00:00,2025-04-22 00:00:00,0,NULL,CRE,,NULL,5392
16082,INV59152,250,250,USD,7002263149,2025-04-22 00:00:00,2025-04-22 00:00:00,0,NULL,CRE,,NULL,5393
16083,59015,8597.4,8597.4,USD,ACH042225,2025-04-22 00:00:00,2025-04-22 00:00:00,0,NULL,CRE,,NULL,5394
16084,58655,1120.57,1120.57,USD,ACH042125,2025-04-21 00:00:00,2025-04-21 00:00:00,0,NULL,CRE,,NULL,5395
16085,58714,1212.2,1212.2,USD,ACH042125,2025-04-21 00:00:00,2025-04-21 00:00:00,0,NULL,CRE,,NULL,5395
16086,58710,906.1,906.1,USD,ACH042125,2025-04-21 00:00:00,2025-04-21 00:00:00,0,NULL,CRE,,NULL,5395
16087,58991,2610,2610,USD,ACH042125,2025-04-21 00:00:00,2025-04-21 00:00:00,0,NULL,CRE,,NULL,5396
16088,59109,1678.04,1678.04,USD,ACH041825,2025-04-18 00:00:00,2025-04-18 00:00:00,0,NULL,CRE,,NULL,5397
16089,59094,2621.52,2621.52,USD,ACH041825,2025-04-18 00:00:00,2025-04-18 00:00:00,0,NULL,CRE,,NULL,5397
16090,59165,9722.4,9722.4,USD,ACH041825,2025-04-22 00:00:00,2025-04-22 00:00:00,0,NULL,CRE,,NULL,5398
16091,59170,1449.36,1449.36,USD,ACH041825,2025-04-22 00:00:00,2025-04-22 00:00:00,0,NULL,CRE,,NULL,5399
16092,59202,1555.4,1555.4,USD,ACH041825,2025-04-22 00:00:00,2025-04-22 00:00:00,0,NULL,CRE,,NULL,5399
16093,59125,18082.36,18082.36,USD,ACH041825,2025-04-22 00:00:00,2025-04-22 00:00:00,0,NULL,CRE,,NULL,5399
16094,59231,1533.4,1533.4,USD,ACH041825,2025-04-22 00:00:00,2025-04-22 00:00:00,0,NULL,CRE,,NULL,5399
16095,59173,1161.6,1161.6,USD,ACH041825,2025-04-22 00:00:00,2025-04-22 00:00:00,0,NULL,CRE,,NULL,5399
16096,59201,1674.2,1674.2,USD,ACH041825,2025-04-22 00:00:00,2025-04-22 00:00:00,0,NULL,CRE,,NULL,5399
16097,59153,4804.8,4804.8,USD,CK 126653,2025-04-22 00:00:00,2025-04-22 00:00:00,0,NULL,CRE,,NULL,5400
16098,59114,4821.6,4821.6,USD,CK 126653,2025-04-22 00:00:00,2025-04-22 00:00:00,0,NULL,CRE,,NULL,5400
16099,58951A,12837,12837,USD,CK 126653,2025-04-22 00:00:00,2025-04-22 00:00:00,0,NULL,CRE,,NULL,5400
16100,59034,4476,4476,USD,ACH042325,2025-04-23 00:00:00,2025-04-23 00:00:00,0,NULL,CRE,,NULL,5401
16101,59035,1785.6,1785.6,USD,ACH042325,2025-04-23 00:00:00,2025-04-23 00:00:00,0,NULL,CRE,,NULL,5401
16102,59102,7098.66,7098.66,USD,ACH042425,2025-04-24 00:00:00,2025-04-24 00:00:00,0,NULL,CRE,,NULL,5402
16103,59242,1652.2,1652.2,USD,ACH042525,2025-04-25 00:00:00,2025-04-25 00:00:00,0,NULL,CRE,,NULL,5403
16104,59076,1705,1705,USD,ACH042525,2025-04-25 00:00:00,2025-04-25 00:00:00,0,NULL,CRE,,NULL,5403
16105,59254,1608.2,1608.2,USD,ACH042525,2025-04-25 00:00:00,2025-04-25 00:00:00,0,NULL,CRE,,NULL,5403
16106,59079R,9943.47,9943.47,USD,ACH042525,2025-04-25 00:00:00,2025-04-25 00:00:00,0,NULL,CRE,,NULL,5404
16107,INV58933,2390.7,2390.7,USD,ACH04242025,2025-04-24 00:00:00,2025-04-24 00:00:00,0,NULL,CRE,,NULL,5405
16108,59112,2956,2956,USD,ACH042825,2025-04-29 00:00:00,2025-04-29 00:00:00,0,NULL,CRE,,NULL,5406
16109,59155,7160.4,7160.4,USD,ACH042825,2025-04-29 00:00:00,2025-04-29 00:00:00,0,NULL,CRE,,NULL,5406
16110,58739,1669.2,1669.2,USD,ACH042525,2025-04-25 00:00:00,2025-04-25 00:00:00,0,NULL,CRE,,NULL,5407
16111,58740,1629.6,1629.6,USD,ACH042525,2025-04-25 00:00:00,2025-04-25 00:00:00,0,NULL,CRE,,NULL,5407
16112,59124,1570.4,1570.4,USD,ACH042525,2025-04-25 00:00:00,2025-04-25 00:00:00,0,NULL,CRE,,NULL,5407
16113,59129,565,565,USD,ACH042525,2025-04-25 00:00:00,2025-04-25 00:00:00,0,NULL,CRE,,NULL,5407
16114,59143,1603.44,1603.44,USD,ACH042525,2025-04-25 00:00:00,2025-04-25 00:00:00,0,NULL,CRE,,NULL,5407
16115,59018,8618.82,8618.82,USD,ACH042925,2025-04-29 00:00:00,2025-04-29 00:00:00,0,NULL,CRE,,NULL,5408
16116,59019,8485.89,8485.89,USD,ACH042925,2025-04-29 00:00:00,2025-04-29 00:00:00,0,NULL,CRE,,NULL,5408
16117,59159,6048.1,6048.1,USD,ACH042925,2025-04-29 00:00:00,2025-04-29 00:00:00,0,NULL,CRE,,NULL,5408
16118,59016,8521.8,8521.8,USD,ACH042925,2025-04-29 00:00:00,2025-04-29 00:00:00,0,NULL,CRE,,NULL,5408
16119,58905,6453,6453,USD,ACH042925,2025-04-29 00:00:00,2025-04-29 00:00:00,0,NULL,CRE,,NULL,5409
16120,58904,5493,5493,USD,ACH042925,2025-04-29 00:00:00,2025-04-29 00:00:00,0,NULL,CRE,,NULL,5409
16121,58958,5077.8,5077.8,USD,ACH042925,2025-04-29 00:00:00,2025-04-29 00:00:00,0,NULL,CRE,,NULL,5409
16122,58949,8787.24,8787.24,USD,ACH042925,2025-04-29 00:00:00,2025-04-29 00:00:00,0,NULL,CRE,,NULL,5409
16123,58950,8416.17,8416.17,USD,ACH042925,2025-04-29 00:00:00,2025-04-29 00:00:00,0,NULL,CRE,,NULL,5409
16124,59183,4404.5,4404.5,USD,CK 217666,2025-04-28 00:00:00,2025-04-28 00:00:00,0,NULL,CRE,,NULL,5410
16125,59101,4969.8,4969.8,USD,CK 43964,2025-04-28 00:00:00,2025-04-28 00:00:00,0,NULL,CRE,,NULL,5411
16126,INV59154,250,250,USD,CK 7527,2025-04-29 00:00:00,2025-04-29 00:00:00,0,NULL,CRE,,NULL,5412
16127,59099,6969.6,6969.6,USD,CK 7855,2025-04-28 00:00:00,2025-04-28 00:00:00,0,NULL,CRE,,NULL,5413
16128,INV58734,250,250,USD,882985843,2025-04-29 00:00:00,2025-04-29 00:00:00,0,NULL,CRE,,NULL,5414
16129,59193,9840.6,9840.6,USD,ACH050125,2025-05-01 00:00:00,2025-05-01 00:00:00,0,NULL,CRE,,NULL,5415
16130,59236,1196.8,1196.8,USD,ACH050225,2025-05-02 00:00:00,2025-05-02 00:00:00,0,NULL,CRE,,NULL,5416
16131,59280,1744.6,1744.6,USD,ACH050225,2025-05-02 00:00:00,2025-05-02 00:00:00,0,NULL,CRE,,NULL,5416
16132,59271,1830.4,1830.4,USD,ACH050225,2025-05-02 00:00:00,2025-05-02 00:00:00,0,NULL,CRE,,NULL,5416
16133,59171,4470,4470,USD,ACH050125,2025-05-01 00:00:00,2025-05-01 00:00:00,0,NULL,CRE,,NULL,5417
16134,57046,2500,2500,USD,WIR042925,2025-04-29 00:00:00,2025-04-29 00:00:00,0,NULL,CRE,,NULL,5418
16135,57046,615.3,615.3,USD,WIR043025,2025-04-30 00:00:00,2025-04-30 00:00:00,0,NULL,CRE,,NULL,5419
16136,57088,1884.7,1884.7,USD,WIR043025,2025-04-30 00:00:00,2025-04-30 00:00:00,0,NULL,CRE,,NULL,5419
16137,57088,2255.3,2255.3,USD,WIR050125,2025-05-01 00:00:00,2025-05-01 00:00:00,0,NULL,CRE,,NULL,5420
16138,57113,44.7,44.7,USD,WIR050125,2025-05-01 00:00:00,2025-05-01 00:00:00,0,NULL,CRE,,NULL,5420
16139,58246,1483.2,1483.2,USD,ACH050125,2025-05-01 00:00:00,2025-05-01 00:00:00,0,NULL,CRE,,NULL,5421
16140,58948,8449.14,8449.14,USD,ACH050125,2025-05-01 00:00:00,2025-05-01 00:00:00,0,NULL,CRE,,NULL,5422
16141,58770,1734,1734,USD,ACH050525,2025-05-05 00:00:00,2025-05-05 00:00:00,0,NULL,CRE,,NULL,5423
16142,58867,1247.4,1247.4,USD,ACH050525,2025-05-05 00:00:00,2025-05-05 00:00:00,0,NULL,CRE,,NULL,5423
16143,59240,8708.49,8708.49,USD,ACH050625,2025-05-06 00:00:00,2025-05-06 00:00:00,0,NULL,CRE,,NULL,5425
16144,59184,7387.5,7387.5,USD,CK 217785,2025-05-05 00:00:00,2025-05-05 00:00:00,0,NULL,CRE,,NULL,5426
16145,59161,1900.8,1900.8,USD,ACH050625,2025-05-06 00:00:00,2025-05-06 00:00:00,0,NULL,CRE,,NULL,5427
16146,57113,2700,2700,USD,WIR050225,2025-05-05 00:00:00,2025-05-05 00:00:00,0,NULL,CRE,,NULL,5428
16147,59091,10161.6,10161.6,USD,ACH050825,2025-05-08 00:00:00,2025-05-08 00:00:00,0,NULL,CRE,,NULL,5429
16148,59163,10490,10490,USD,ACH050825,2025-05-08 00:00:00,2025-05-08 00:00:00,0,NULL,CRE,,NULL,5429
16149,59092,6076,6076,USD,ACH050825,2025-05-08 00:00:00,2025-05-08 00:00:00,0,NULL,CRE,,NULL,5429
16150,59164,9839.2,9839.2,USD,ACH050825,2025-05-08 00:00:00,2025-05-08 00:00:00,0,NULL,CRE,,NULL,5429
16151,59095,18148,18148,USD,CK 13798,2025-05-09 00:00:00,2025-05-09 00:00:00,0,NULL,CRE,,NULL,5430
16152,59400,1000,1000,USD,ACH050625,2025-05-13 00:00:00,2025-05-13 00:00:00,0,NULL,CRE,,NULL,5431
16153,59272,947.65,947.65,USD,ACJ050925,2025-05-13 00:00:00,2025-05-13 00:00:00,0,NULL,CRE,,NULL,5432
16154,59249,1460.8,1460.8,USD,ACH051225,2025-05-12 00:00:00,2025-05-12 00:00:00,0,NULL,CRE,,NULL,5433
16155,59162,2576.52,2576.52,USD,ACH051225,2025-05-12 00:00:00,2025-05-12 00:00:00,0,NULL,CRE,,NULL,5434
16156,59167,852.84,852.84,USD,ACH051225,2025-05-12 00:00:00,2025-05-12 00:00:00,0,NULL,CRE,,NULL,5434
16157,58701,11124.86,11124.86,USD,WIR050925,2025-05-09 00:00:00,2025-05-09 00:00:00,0,NULL,CRE,,NULL,5435
16158,59286,9564.28,9564.28,USD,ACH051325,2025-05-13 00:00:00,2025-05-13 00:00:00,0,NULL,CRE,,NULL,5436
16159,59288,9027.7,9027.7,USD,ACH051325,2025-05-13 00:00:00,2025-05-13 00:00:00,0,NULL,CRE,,NULL,5436
16160,59255,9108,9108,USD,ACH051325,2025-05-13 00:00:00,2025-05-13 00:00:00,0,NULL,CRE,,NULL,5436
16161,59258,9296.6,9296.6,USD,ACH051325,2025-05-13 00:00:00,2025-05-13 00:00:00,0,NULL,CRE,,NULL,5436
16162,59257,9328.8,9328.8,USD,ACH051325,2025-05-13 00:00:00,2025-05-13 00:00:00,0,NULL,CRE,,NULL,5436
16163,59277,9346.05,9346.05,USD,ACH051325,2025-05-13 00:00:00,2025-05-13 00:00:00,0,NULL,CRE,,NULL,5436
16164,59256,9390.9,9390.9,USD,ACH051325,2025-05-13 00:00:00,2025-05-13 00:00:00,0,NULL,CRE,,NULL,5436
16165,59278,9455.3,9455.3,USD,ACH051325,2025-05-13 00:00:00,2025-05-13 00:00:00,0,NULL,CRE,,NULL,5436
16166,59279,9302.35,9302.35,USD,ACH051325,2025-05-13 00:00:00,2025-05-13 00:00:00,0,NULL,CRE,,NULL,5436
16167,58927,833.4,833.4,USD,ACH051425,2025-05-14 00:00:00,2025-05-14 00:00:00,0,NULL,CRE,,NULL,5437
16168,59132,1240.8,1240.8,USD,ACH051425,2025-05-14 00:00:00,2025-05-14 00:00:00,0,NULL,CRE,,NULL,5437
16169,INV59272,250,250,USD,7000230194,2025-05-09 00:00:00,2025-05-09 00:00:00,0,NULL,CRE,,NULL,5438
16170,59315,1105.5,1105.5,USD,ACH051625,2025-05-16 00:00:00,2025-05-16 00:00:00,0,NULL,CRE,,NULL,5439
16171,59303,7873.4,7873.4,USD,ACH051625,2025-05-16 00:00:00,2025-05-16 00:00:00,0,NULL,CRE,,NULL,5439
16172,59332,2050.4,2050.4,USD,ACH051625,2025-05-16 00:00:00,2025-05-16 00:00:00,0,NULL,CRE,,NULL,5440
16173,59343,1678.6,1678.6,USD,ACH051625,2025-05-16 00:00:00,2025-05-16 00:00:00,0,NULL,CRE,,NULL,5440
16174,59337,1328.8,1328.8,USD,ACH051625,2025-05-16 00:00:00,2025-05-16 00:00:00,0,NULL,CRE,,NULL,5440
16175,59336,1603.36,1603.36,USD,ACH051625,2025-05-16 00:00:00,2025-05-16 00:00:00,0,NULL,CRE,,NULL,5440
16176,59347,1652.2,1652.2,USD,ACH051625,2025-05-16 00:00:00,2025-05-16 00:00:00,0,NULL,CRE,,NULL,5440
16177,59157,9023.84,9023.84,USD,ACH051425,2025-05-14 00:00:00,2025-05-14 00:00:00,0,NULL,CRE,,NULL,5441
16178,59238,5076,5076,USD,CK 8017,2025-05-15 00:00:00,2025-05-15 00:00:00,0,NULL,CRE,,NULL,5442
16179,59238,-5076,-5076,USD,CK 8017,2025-05-16 00:00:00,2025-05-16 15:59:51,0,NULL,CRE,UNDO 16178,NULL,5443
16180,59238,5076,5076,USD,CK 8017,2025-05-15 00:00:00,2025-05-15 00:00:00,0,NULL,CRE,,NULL,5444
16181,59108,8509.7,8509.7,USD,ACH051925,2025-05-19 00:00:00,2025-05-19 00:00:00,0,NULL,CRE,,NULL,5445
16182,59250,10000,10000,USD,ACH051925,2025-05-19 00:00:00,2025-05-19 00:00:00,0,NULL,CRE,,NULL,5446
16183,59198,6732,6732,USD,ACH051925,2025-05-19 00:00:00,2025-05-19 00:00:00,0,NULL,CRE,,NULL,5447
16184,59034,-4476,-4476,USD,ACH042325,2025-05-21 00:00:00,2025-05-21 16:45:01,0,NULL,CRE,UNDO 16100,NULL,5448
16185,59034,4476,4476,USD,ACH042325,2025-04-23 00:00:00,2025-04-23 00:00:00,0,NULL,CRE,,NULL,5449
16186,59370,265.14,265.14,USD,ACH052025,2025-05-20 00:00:00,2025-05-20 00:00:00,0,NULL,CRE,,NULL,5450
16187,59355,1700,1700,USD,ACH052025,2025-05-20 00:00:00,2025-05-20 00:00:00,0,NULL,CRE,,NULL,5451
16188,58984,10035.5,10035.5,USD,ACH052025,2025-05-20 00:00:00,2025-05-20 00:00:00,0,NULL,CRE,,NULL,5452
16189,59017,8843.52,8843.52,USD,ACH052025,2025-05-20 00:00:00,2025-05-20 00:00:00,0,NULL,CRE,,NULL,5453
16190,59205,6111.65,6111.65,USD,ACH052025,2025-05-20 00:00:00,2025-05-20 00:00:00,0,NULL,CRE,,NULL,5453
16191,59241,8616.3,8616.3,USD,ACH052025,2025-05-20 00:00:00,2025-05-20 00:00:00,0,NULL,CRE,,NULL,5453
16192,59283,9113.28,9113.28,USD,ACH052025,2025-05-20 00:00:00,2025-05-20 00:00:00,0,NULL,CRE,,NULL,5453
16193,59284,9060.7,9060.7,USD,ACH052025,2025-05-20 00:00:00,2025-05-20 00:00:00,0,NULL,CRE,,NULL,5453
16194,59285,8901.42,8901.42,USD,ACH052025,2025-05-20 00:00:00,2025-05-20 00:00:00,0,NULL,CRE,,NULL,5453
16195,59127,6468.15,6468.15,USD,ACJ052125,2025-05-21 00:00:00,2025-05-21 00:00:00,0,NULL,CRE,,NULL,5454
16196,58985,9869.4,9869.4,USD,ACH052125,2025-05-21 00:00:00,2025-05-21 00:00:00,0,NULL,CRE,,NULL,5455
16197,58855,9792.48,9792.48,USD,ACH052125,2025-05-21 00:00:00,2025-05-21 00:00:00,0,NULL,CRE,,NULL,5455
16198,58856,10066.91,10066.91,USD,ACH052125,2025-05-21 00:00:00,2025-05-21 00:00:00,0,NULL,CRE,,NULL,5455
16199,59239,13217.05,13217.05,USD,ACH052225,2025-05-22 00:00:00,2025-05-22 00:00:00,0,NULL,CRE,,NULL,5456
16200,59227,2829.6,2829.6,USD,ACH052325,2025-05-23 00:00:00,2025-05-23 00:00:00,0,NULL,CRE,,NULL,5457
16201,59228,2246.4,2246.4,USD,ACH052325,2025-05-23 00:00:00,2025-05-23 00:00:00,0,NULL,CRE,,NULL,5457
16202,59229,2311.2,2311.2,USD,ACH052325,2025-05-23 00:00:00,2025-05-23 00:00:00,0,NULL,CRE,,NULL,5457
16203,59244,1514.24,1514.24,USD,ACH052325,2025-05-23 00:00:00,2025-05-23 00:00:00,0,NULL,CRE,,NULL,5457
16204,59158,1720.4,1720.4,USD,ACH041125,2025-05-23 00:00:00,2025-05-23 00:00:00,0,1293,UAC,,NULL,5458
16205,59145,1500,1500,USD,WIR040425,2025-05-27 00:00:00,2025-05-27 00:00:00,0,1295,UAC,,NULL,5460
16206,59344,1500,1500,USD,WIR042425,2025-05-27 00:00:00,2025-05-27 00:00:00,0,1296,UAC,,NULL,5462
16207,INV58926,-500,-500,USD,7002249151,2025-05-28 00:00:00,2025-05-28 10:39:44,0,NULL,CRE,UNDO 16076,NULL,5463
16208,INV9061,-250,-250,USD,7002249151,2025-05-28 00:00:00,2025-05-28 10:40:13,0,NULL,CRE,UNDO 16077,NULL,5464
16209,INV59060,-250,-250,USD,7002249151,2025-05-28 00:00:00,2025-05-28 10:40:36,0,NULL,CRE,UNDO 16079,NULL,5465
16210,INV59059,-250,-250,USD,7002249151,2025-05-28 00:00:00,2025-05-28 10:41:02,0,NULL,CRE,UNDO 16078,NULL,5466
16211,INV59059,250,250,USD,C7002249151,2025-04-21 00:00:00,2025-04-21 00:00:00,0,NULL,CRE,,NULL,5467
16212,INV59060,250,250,USD,C7002249151,2025-04-21 00:00:00,2025-04-21 00:00:00,0,NULL,CRE,,NULL,5467
16213,INV58926,500,500,USD,C7002249151,2025-04-21 00:00:00,2025-04-21 00:00:00,0,NULL,CRE,,NULL,5468
16214,INV9061,250,250,USD,C7002249151,2025-04-21 00:00:00,2025-04-21 00:00:00,0,NULL,CRE,,NULL,5468
16215,59301,4442.4,4442.4,USD,ACH052725,2025-05-27 00:00:00,2025-05-27 00:00:00,0,NULL,CRE,,NULL,5469
16216,59219,4326,4326,USD,ACH052725,2025-05-27 00:00:00,2025-05-27 00:00:00,0,NULL,CRE,,NULL,5470
16217,59107,3843.35,3843.35,USD,ACH052725,2025-05-27 00:00:00,2025-05-27 00:00:00,0,NULL,CRE,,NULL,5471
16218,57113,1395.3,1395.3,USD,WIR052825,2025-05-28 00:00:00,2025-05-28 00:00:00,0,NULL,CRE,,NULL,5472
16219,57181,604.7,604.7,USD,WIR052825,2025-05-28 00:00:00,2025-05-28 00:00:00,0,NULL,CRE,,NULL,5472
16220,59356,2892.48,2892.48,USD,ACH052025,2025-05-30 00:00:00,2025-05-30 00:00:00,0,1297,UAC,,NULL,5474
16221,58992,7800,7800,USD,ACH053025,2025-05-30 00:00:00,2025-05-30 00:00:00,0,NULL,CRE,,NULL,5475
16222,59398,1680.03,1680.03,USD,ACH053025,2025-05-30 00:00:00,2025-05-30 00:00:00,0,NULL,CRE,,NULL,5476
16223,59364,8523.48,8523.48,USD,ACH053025,2025-05-30 00:00:00,2025-05-30 00:00:00,0,NULL,CRE,,NULL,5477
16224,59243,1086.96,1086.96,USD,ACH053025,2025-05-30 00:00:00,2025-05-30 00:00:00,0,NULL,CRE,,NULL,5478
16225,59363,8669.43,8669.43,USD,ACH053025,2025-05-30 00:00:00,2025-05-30 00:00:00,0,NULL,CRE,,NULL,5479
16226,59341,8734.32,8734.32,USD,ACH053025,2025-05-30 00:00:00,2025-05-30 00:00:00,0,NULL,CRE,,NULL,5479
16227,59342,8896.02,8896.02,USD,ACH053025,2025-05-30 00:00:00,2025-05-30 00:00:00,0,NULL,CRE,,NULL,5479
16228,59287,8363.88,8363.88,USD,ACH060325,2025-06-03 00:00:00,2025-06-03 00:00:00,0,NULL,CRE,,NULL,5480
16229,57177,1107,1107,USD,CK 334,2025-05-30 00:00:00,2025-05-30 00:00:00,0,NULL,CRE,,NULL,5481
16230,57181,893,893,USD,CK 334,2025-05-30 00:00:00,2025-05-30 00:00:00,0,NULL,CRE,,NULL,5481
16231,57181,2642.3,2642.3,USD,CK 341,2025-06-02 00:00:00,2025-06-02 00:00:00,0,NULL,CRE,,NULL,5482
16232,57208,357.7,357.7,USD,CK 341,2025-06-02 00:00:00,2025-06-02 00:00:00,0,NULL,CRE,,NULL,5482
16233,57220,900,900,USD,CK 342,2025-06-03 00:00:00,2025-06-03 00:00:00,0,NULL,CRE,,NULL,5483
16234,57208,2100,2100,USD,CK 342,2025-06-03 00:00:00,2025-06-03 00:00:00,0,NULL,CRE,,NULL,5483
16235,59311,3375,3375,USD,CK 27508,2025-06-03 00:00:00,2025-06-03 00:00:00,0,NULL,CRE,,NULL,5484
16236,INV59107,352.4,352.4,USD,CK 8163,2025-06-03 00:00:00,2025-06-03 00:00:00,0,NULL,CRE,,NULL,5485
16237,INV59128,300,300,USD,CK 328113,2025-06-03 00:00:00,2025-06-03 00:00:00,0,NULL,CRE,,NULL,5486
16238,INV59242,300,300,USD,CK 328113,2025-06-03 00:00:00,2025-06-03 00:00:00,0,NULL,CRE,,NULL,5486
16239,59168,5703.6,5703.6,USD,CK 12022,2025-06-03 00:00:00,2025-06-03 00:00:00,0,NULL,CRE,,NULL,5487
16240,INV59249,200,200,USD,CK 188376,2025-06-03 00:00:00,2025-06-03 00:00:00,0,NULL,CRE,,NULL,5488
16241,59348,3232,3232,USD,ACH060325,2025-06-03 00:00:00,2025-06-03 00:00:00,0,NULL,CRE,,NULL,5491
16242,59349,2964,2964,USD,ACH060325,2025-06-03 00:00:00,2025-06-03 00:00:00,0,NULL,CRE,,NULL,5491
16243,59350,3004,3004,USD,ACH060325,2025-06-03 00:00:00,2025-06-03 00:00:00,0,NULL,CRE,,NULL,5491
16244,59311,-3375,-3375,USD,CK 27508,2025-06-06 00:00:00,2025-06-06 11:06:38,0,NULL,CRE,UNDO 16235,NULL,5492
16245,59311,3375,3375,USD,CK 27508,2025-06-06 00:00:00,2025-06-06 00:00:00,0,NULL,CRE,,NULL,5493
16246,INV59107,-352.4,-352.4,USD,CK 8163,2025-06-06 00:00:00,2025-06-06 11:09:37,0,NULL,CRE,UNDO 16236,NULL,5494
16247,INV59107,352.4,352.4,USD,CK 8163,2025-06-06 00:00:00,2025-06-06 00:00:00,0,NULL,CRE,,NULL,5495
16248,59168,-5703.6,-5703.6,USD,CK 12022,2025-06-06 00:00:00,2025-06-06 11:13:04,0,NULL,CRE,UNDO 16239,NULL,5496
16249,59168,5703.6,5703.6,USD,CK 12022,2025-06-06 00:00:00,2025-06-06 00:00:00,0,NULL,CRE,,NULL,5497
16250,INV59249,-200,-200,USD,CK 188376,2025-06-06 00:00:00,2025-06-06 11:15:54,0,NULL,CRE,UNDO 16240,NULL,5498
16251,INV59249,200,200,USD,CK 188376,2025-06-06 00:00:00,2025-06-06 00:00:00,0,NULL,CRE,,NULL,5499
16252,INV59128,-300,-300,USD,CK 328113,2025-06-06 00:00:00,2025-06-06 11:17:59,0,NULL,CRE,UNDO 16237,NULL,5500
16253,INV59242,-300,-300,USD,CK 328113,2025-06-06 00:00:00,2025-06-06 11:18:16,0,NULL,CRE,UNDO 16238,NULL,5501
16254,INV59128,300,300,USD,CK 328113,2025-06-06 00:00:00,2025-06-06 00:00:00,0,NULL,CRE,,NULL,5502
16255,INV59242,300,300,USD,CK 328113,2025-06-06 00:00:00,2025-06-06 00:00:00,0,NULL,CRE,,NULL,5502
16256,59195,9975.4,9975.4,USD,CK 218328,2025-06-06 00:00:00,2025-06-06 00:00:00,0,NULL,CRE,,NULL,5503
16257,59105,5936.06,5936.06,USD,CK 7918,2025-06-04 00:00:00,2025-06-04 00:00:00,0,NULL,CRE,,NULL,5504
16258,59115,15739.5,15739.5,USD,CK 7918,2025-06-04 00:00:00,2025-06-04 00:00:00,0,NULL,CRE,,NULL,5504
16259,59237,8044.2,8044.2,USD,CK 127256,2025-06-04 00:00:00,2025-06-04 00:00:00,0,NULL,CRE,,NULL,5505
16260,59302A,12535.5,12535.5,USD,CK 127256,2025-06-04 00:00:00,2025-06-04 00:00:00,0,NULL,CRE,,NULL,5505
16261,58810R,10222.5,10222.5,USD,ACH060625,2025-06-06 00:00:00,2025-06-06 00:00:00,0,NULL,CRE,,NULL,5506
16262,59282,2625.84,2625.84,USD,ACH060625,2025-06-06 00:00:00,2025-06-06 00:00:00,0,NULL,CRE,,NULL,5507
16263,59358,6251,6251,USD,ACH060625,2025-06-06 00:00:00,2025-06-06 00:00:00,0,NULL,CRE,,NULL,5508
16264,59304,7728,7728,USD,ACH060625,2025-06-06 00:00:00,2025-06-06 00:00:00,0,NULL,CRE,,NULL,5509
16265,59335,3289.6,3289.6,USD,ACH060925,2025-06-09 00:00:00,2025-06-09 00:00:00,0,NULL,CRE,,NULL,5510
16266,59422,1313.4,1313.4,USD,ACH060625,2025-06-10 00:00:00,2025-06-10 00:00:00,0,NULL,CRE,,NULL,5511
16267,59426,1419,1419,USD,ACH060625,2025-06-10 00:00:00,2025-06-10 00:00:00,0,NULL,CRE,,NULL,5511
16268,INV58886,1490,1490,USD,CK 1589,2025-06-10 00:00:00,2025-06-10 00:00:00,0,NULL,CRE,,NULL,5512
16269,INV58887,1490,1490,USD,CK 1589,2025-06-10 00:00:00,2025-06-10 00:00:00,0,NULL,CRE,,NULL,5512
16270,INV58963,1195,1195,USD,CK 1589,2025-06-10 00:00:00,2025-06-10 00:00:00,0,NULL,CRE,,NULL,5512
16271,59399,1192.95,1192.95,USD,ACH061325,2025-06-13 00:00:00,2025-06-13 00:00:00,0,NULL,CRE,,NULL,5513
16272,59388,1566.4,1566.4,USD,ACH061325,2025-06-13 00:00:00,2025-06-13 00:00:00,0,NULL,CRE,,NULL,5513
16273,59387,1687.95,1687.95,USD,ACH061325,2025-06-13 00:00:00,2025-06-13 00:00:00,0,NULL,CRE,,NULL,5513
16274,59415,1224.85,1224.85,USD,ACH061325,2025-06-13 00:00:00,2025-06-13 00:00:00,0,NULL,CRE,,NULL,5513
16275,59316,1065.9,1065.9,USD,ACH061325,2025-06-13 00:00:00,2025-06-13 00:00:00,0,NULL,CRE,,NULL,5513
16276,59251,9770,9770,USD,ACH061325,2025-06-13 00:00:00,2025-06-13 00:00:00,0,NULL,CRE,,NULL,5514
16277,59338,8769.6,8769.6,USD,ACH061125,2025-06-11 00:00:00,2025-06-11 00:00:00,0,NULL,CRE,,NULL,5515
16278,59452,345.89,345.89,USD,ACH061125,2025-06-11 00:00:00,2025-06-11 00:00:00,0,NULL,CRE,,NULL,5516
16279,INV58821,1050,1050,USD,ACH061325,2025-06-13 00:00:00,2025-06-13 00:00:00,0,NULL,CRE,,NULL,5517
16280,INV59263,525,525,USD,ACH061225,2025-06-12 00:00:00,2025-06-12 00:00:00,0,NULL,CRE,,NULL,5518
16281,INV59259,525,525,USD,ACH061225,2025-06-12 00:00:00,2025-06-12 00:00:00,0,NULL,CRE,,NULL,5518
16282,INV59260,525,525,USD,ACH061225,2025-06-12 00:00:00,2025-06-12 00:00:00,0,NULL,CRE,,NULL,5518
16283,INV59261,525,525,USD,ACH061225,2025-06-12 00:00:00,2025-06-12 00:00:00,0,NULL,CRE,,NULL,5518
16284,INV59266,525,525,USD,ACH061225,2025-06-12 00:00:00,2025-06-12 00:00:00,0,NULL,CRE,,NULL,5518
16285,INV59267,525,525,USD,ACH061225,2025-06-12 00:00:00,2025-06-12 00:00:00,0,NULL,CRE,,NULL,5518
16286,59098,4867,4867,USD,ACH061625,2025-06-16 00:00:00,2025-06-16 00:00:00,0,NULL,CRE,,NULL,5519
16287,59401,7020,7020,USD,ACH061625,2025-06-16 00:00:00,2025-06-16 00:00:00,0,NULL,CRE,,NULL,5520
16288,59289,1469,1469,USD,ACH061725,2025-06-17 00:00:00,2025-06-17 00:00:00,0,NULL,CRE,,NULL,5521
16289,59310,2228.4,2228.4,USD,ACH061725,2025-06-17 00:00:00,2025-06-17 00:00:00,0,NULL,CRE,,NULL,5521
16290,59309,2410.2,2410.2,USD,ACH061725,2025-06-17 00:00:00,2025-06-17 00:00:00,0,NULL,CRE,,NULL,5521
16291,59306,4140,4140,USD,ACH061825,2025-06-18 00:00:00,2025-06-18 00:00:00,0,NULL,CRE,,NULL,5522
16292,59423,3865,3865,USD,ACH062025,2025-06-20 00:00:00,2025-06-20 00:00:00,0,NULL,CRE,,NULL,5523
16293,59443,1713.69,1713.69,USD,ACH062325,2025-06-23 00:00:00,2025-06-23 00:00:00,0,NULL,CRE,,NULL,5524
16294,59458,1228,1228,USD,ACH062325,2025-06-23 00:00:00,2025-06-23 00:00:00,0,NULL,CRE,,NULL,5524
16295,59403,7168.22,7168.22,USD,ACH062325,2025-06-23 00:00:00,2025-06-23 00:00:00,0,NULL,CRE,,NULL,5525
16296,59253,6659.1,6659.1,USD,ACH062325,2025-06-23 00:00:00,2025-06-23 00:00:00,0,NULL,CRE,,NULL,5526
16297,INV59268,525,525,USD,ACH062025,2025-06-20 00:00:00,2025-06-20 00:00:00,0,NULL,CRE,,NULL,5527
16298,IN V59262,525,525,USD,ACH062025,2025-06-20 00:00:00,2025-06-20 00:00:00,0,NULL,CRE,,NULL,5527
16299,58986,9924.21,9924.21,USD,ACH062325,2025-06-23 00:00:00,2025-06-23 00:00:00,0,NULL,CRE,,NULL,5528
16300,59273,8525.37,8525.37,USD,ACH062325,2025-06-23 00:00:00,2025-06-23 00:00:00,0,NULL,CRE,,NULL,5529
16301,59445,2055.35,2055.35,USD,ACH062325,2025-06-23 00:00:00,2025-06-23 00:00:00,0,NULL,CRE,,NULL,5530
16302,59450,1523.98,1523.98,USD,ACH062325,2025-06-23 00:00:00,2025-06-23 00:00:00,0,NULL,CRE,,NULL,5531
16303,59259,612,612,USD,CK 13842,2025-06-23 00:00:00,2025-06-23 00:00:00,0,NULL,CRE,,NULL,5532
16304,59260,553.2,553.2,USD,CK 13842,2025-06-23 00:00:00,2025-06-23 00:00:00,0,NULL,CRE,,NULL,5532
16305,59261,667.2,667.2,USD,CK 13842,2025-06-23 00:00:00,2025-06-23 00:00:00,0,NULL,CRE,,NULL,5532
16306,59262,358.8,358.8,USD,CK 13842,2025-06-23 00:00:00,2025-06-23 00:00:00,0,NULL,CRE,,NULL,5532
16307,59263,535.2,535.2,USD,CK 13842,2025-06-23 00:00:00,2025-06-23 00:00:00,0,NULL,CRE,,NULL,5532
16308,59266,757.2,757.2,USD,CK 13842,2025-06-23 00:00:00,2025-06-23 00:00:00,0,NULL,CRE,,NULL,5532
16309,59268,724.8,724.8,USD,CK 13842,2025-06-23 00:00:00,2025-06-23 00:00:00,0,NULL,CRE,,NULL,5532
16310,59267,675.6,675.6,USD,CK 13842,2025-06-23 00:00:00,2025-06-23 00:00:00,0,NULL,CRE,,NULL,5532
16311,59106,1317.44,1317.44,USD,CK VV018,2025-06-23 00:00:00,2025-06-23 00:00:00,0,NULL,CRE,,NULL,5533
16312,59148,965.16,965.16,USD,CK VV018,2025-06-23 00:00:00,2025-06-23 00:00:00,0,NULL,CRE,,NULL,5533
16313,58940,384.6,384.6,USD,OFFSET,2025-06-24 00:00:00,2025-06-24 17:09:48,0,0,OFF,,NULL,O113403
16314,58941,340.92,340.92,USD,OFFSET,2025-06-24 00:00:00,2025-06-24 17:10:09,0,0,OFF,,NULL,O113404
16315,58942,375,375,USD,OFFSET,2025-06-24 00:00:00,2025-06-24 17:10:26,0,0,OFF,,NULL,O113405
16316,58973,205.74,205.74,USD,OFFSET,2025-06-24 00:00:00,2025-06-24 17:10:45,0,0,OFF,,NULL,O113406
16317,59432,1500,1500,USD,ACH052325,2025-06-25 00:00:00,2025-06-25 00:00:00,0,1306,UAC,,NULL,5538
16318,59441,1500,1500,USD,ACH052825,2025-06-25 00:00:00,2025-06-25 00:00:00,0,1307,UAC,,NULL,5539
16319,59474,1500,1500,USD,ACH062025,2025-06-25 00:00:00,2025-06-25 00:00:00,0,1308,UAC,,NULL,5541
16320,59118,3800,3800,USD,ACH031925,2025-06-25 00:00:00,2025-06-25 00:00:00,0,1289,UAC,,NULL,5542
16321,59119,3800,3800,USD,ACH031925,2025-06-25 00:00:00,2025-06-25 00:00:00,0,1289,UAC,,NULL,5543
16322,58952,1000,1000,USD,ACH021825,2025-06-25 00:00:00,2025-06-25 00:00:00,0,1282,UAC,,NULL,5544
16323,58952,-1000,-1000,USD,ACH021825,2025-06-25 00:00:00,2025-06-25 09:43:43,0,1282,UAC,UNDO 16322,NULL,5545
16324,58952,1000,1000,USD,ACH021825,2025-06-25 00:00:00,2025-06-25 00:00:00,0,1282,UAC,,NULL,5546
16325,58952,2800,2800,USD,ACH022625,2025-06-25 00:00:00,2025-06-25 00:00:00,0,1285,UAC,,NULL,5547
16326,58953,3800,3800,USD,ACH022625,2025-06-25 00:00:00,2025-06-25 00:00:00,0,1285,UAC,,NULL,5548
16327,59334,2900,2900,USD,ACH062525,2025-06-25 00:00:00,2025-06-25 00:00:00,0,NULL,CRE,,NULL,5549
16328,59245,9897.5,9897.5,USD,ACH062525,2025-06-25 00:00:00,2025-06-25 00:00:00,0,NULL,CRE,,NULL,5550
16329,59246,10262.5,10262.5,USD,ACH062525,2025-06-25 00:00:00,2025-06-25 00:00:00,0,NULL,CRE,,NULL,5550
16330,59247,9347.5,9347.5,USD,ACH062525,2025-06-25 00:00:00,2025-06-25 00:00:00,0,NULL,CRE,,NULL,5550
16331,59248,9175,9175,USD,ACH062525,2025-06-25 00:00:00,2025-06-25 00:00:00,0,NULL,CRE,,NULL,5550
16332,59234A,42697.2,42697.2,USD,CK 127462,2025-06-24 00:00:00,2025-06-24 00:00:00,0,NULL,CRE,,NULL,5551
16333,INV59361,1350,1350,USD,CK 7160,2025-06-24 00:00:00,2025-06-24 00:00:00,0,NULL,CRE,,NULL,5552
16334,59444,1894.44,1894.44,USD,CK 10433731,2025-06-24 00:00:00,2025-06-24 00:00:00,0,NULL,CRE,,NULL,5553
16335,59450,235.52,235.52,USD,ACH052025,2025-06-26 00:00:00,2025-06-26 00:00:00,0,1297,UAC,,NULL,5554
16336,59481,1384,1384,USD,ACH062725,2025-06-27 00:00:00,2025-06-27 00:00:00,0,NULL,CRE,,NULL,5555
16337,59421,10031,10031,USD,ACH062725,2025-06-27 00:00:00,2025-06-27 00:00:00,0,NULL,CRE,,NULL,5556
16338,59252,10019,10019,USD,ACH062725,2025-06-27 00:00:00,2025-06-27 00:00:00,0,NULL,CRE,,NULL,5556
16339,59359,7275.6,7275.6,USD,ACH062625,2025-06-26 00:00:00,2025-06-26 00:00:00,0,NULL,CRE,,NULL,5557
16340,59394,2530,2530,USD,ACH062625,2025-06-26 00:00:00,2025-06-26 00:00:00,0,NULL,CRE,,NULL,5558
16341,59375,5060,5060,USD,ACH062625,2025-06-26 00:00:00,2025-06-26 00:00:00,0,NULL,CRE,,NULL,5558
16342,59351,5060,5060,USD,ACH062625,2025-06-26 00:00:00,2025-06-26 00:00:00,0,NULL,CRE,,NULL,5558
16343,59354,4048,4048,USD,ACH062625,2025-06-26 00:00:00,2025-06-26 00:00:00,0,NULL,CRE,,NULL,5558
16344,59317,2408,2408,USD,ACH062625,2025-06-26 00:00:00,2025-06-26 00:00:00,0,NULL,CRE,,NULL,5558
16345,59318,2492,2492,USD,ACH062625,2025-06-26 00:00:00,2025-06-26 00:00:00,0,NULL,CRE,,NULL,5558
16346,59405,5060,5060,USD,ACH062625,2025-06-26 00:00:00,2025-06-26 00:00:00,0,NULL,CRE,,NULL,5558
16347,59418,2275,2275,USD,ACH062625,2025-06-26 00:00:00,2025-06-26 00:00:00,0,NULL,CRE,,NULL,5558
16348,59147,8993.6,8993.6,USD,CK 13947,2025-06-27 00:00:00,2025-06-27 00:00:00,0,NULL,CRE,,NULL,5559
16349,INV59138,200,200,USD,CK 31808,2025-06-27 00:00:00,2025-06-27 00:00:00,0,NULL,CRE,,NULL,5560
16350,INV59426,200,200,USD,CK 31808,2025-06-27 00:00:00,2025-06-27 00:00:00,0,NULL,CRE,,NULL,5560
16351,59305,6144.75,6144.75,USD,CK 76259,2025-06-27 00:00:00,2025-06-27 00:00:00,0,NULL,CRE,,NULL,5561
16352,59305,-6144.75,-6144.75,USD,CK 76259,2025-06-27 00:00:00,2025-06-27 15:26:36,0,NULL,CRE,UNDO 16351,NULL,5562
16353,59305,6144.75,6144.75,USD,CK 76259,2025-06-27 00:00:00,2025-06-27 00:00:00,0,NULL,CRE,,NULL,5563
16354,59424,2352.9,2352.9,USD,CK 2332,2025-06-30 00:00:00,2025-06-30 00:00:00,0,NULL,CRE,,NULL,5564
16355,INV59135,109.5,109.5,USD,C2001312366,2025-06-30 00:00:00,2025-06-30 00:00:00,0,NULL,CRE,,NULL,5565
16356,INV59315,130,130,USD,C2001312366,2025-06-30 00:00:00,2025-06-30 00:00:00,0,NULL,CRE,,NULL,5565
16357,INV59316,125.13,125.13,USD,C2001312366,2025-06-30 00:00:00,2025-06-30 00:00:00,0,NULL,CRE,,NULL,5565
16358,59346,537.96,537.96,USD,ACH062025,2025-06-20 00:00:00,2025-06-20 00:00:00,0,NULL,CRE,,NULL,5566
16359,59307,857.56,857.56,USD,ACH062025,2025-06-20 00:00:00,2025-06-20 00:00:00,0,NULL,CRE,,NULL,5566
16360,59345,1294.8,1294.8,USD,ACH062025,2025-06-20 00:00:00,2025-06-20 00:00:00,0,NULL,CRE,,NULL,5566
16361,59372,3684,3684,USD,ACH063025,2025-06-30 00:00:00,2025-06-30 00:00:00,0,NULL,CRE,,NULL,5567
16362,59083,1574.4,1574.4,USD,ACH063025,2025-06-30 00:00:00,2025-06-30 00:00:00,0,NULL,CRE,,NULL,5567
16363,59084,1780.8,1780.8,USD,ACH063025,2025-06-30 00:00:00,2025-06-30 00:00:00,0,NULL,CRE,,NULL,5567
16364,59374,724.85,724.85,USD,ACH063025,2025-06-30 00:00:00,2025-06-30 00:00:00,0,NULL,CRE,,NULL,5568
16365,59435,8990.4,8990.4,USD,ACH063025,2025-06-30 00:00:00,2025-06-30 00:00:00,0,NULL,CRE,,NULL,5569
16366,59200,1002.4,1002.4,USD,ACH063025,2025-06-30 00:00:00,2025-06-30 00:00:00,0,NULL,CRE,,NULL,5570
16367,59130,2433,2433,USD,ACH062425,2025-06-24 00:00:00,2025-06-24 00:00:00,0,NULL,CRE,,NULL,5571
16368,59131,2340,2340,USD,ACH062425,2025-06-24 00:00:00,2025-06-24 00:00:00,0,NULL,CRE,,NULL,5571
16369,59448,8546.8,8546.8,USD,ACH070325,2025-07-03 00:00:00,2025-07-03 00:00:00,0,NULL,CRE,,NULL,5572
16370,59353,10265,10265,USD,ACH070325,2025-07-03 00:00:00,2025-07-03 00:00:00,0,NULL,CRE,,NULL,5572
16371,57208,1682.3,1682.3,USD,CK 488,2025-07-01 00:00:00,2025-07-01 00:00:00,0,NULL,CRE,,NULL,5573
16372,57275,317.7,317.7,USD,CK 488,2025-07-01 00:00:00,2025-07-01 00:00:00,0,NULL,CRE,,NULL,5573
16373,INV59388,300,300,USD,ACH070125,2025-07-01 00:00:00,2025-07-01 00:00:00,0,NULL,CRE,,NULL,5574
16374,59550,2170.2,2170.2,USD,ACH070325,2025-07-08 00:00:00,2025-07-08 00:00:00,0,1309,UAC,,NULL,5576
16375,59548,1490.7,1490.7,USD,ACH070325,2025-07-08 00:00:00,2025-07-08 00:00:00,0,1309,UAC,,NULL,5576
16376,59475,1118,1118,USD,ACH070325,2025-07-08 00:00:00,2025-07-08 00:00:00,0,1309,UAC,,NULL,5576
16377,59390,2611,2611,USD,ACH070725,2025-07-07 00:00:00,2025-07-07 00:00:00,0,NULL,CRE,,NULL,5577
16378,59411,878.16,878.16,USD,ACH070725,2025-07-07 00:00:00,2025-07-07 00:00:00,0,NULL,CRE,,NULL,5578
16379,57275,2500,2500,USD,CK 468,2025-07-07 00:00:00,2025-07-07 00:00:00,0,NULL,CRE,,NULL,5579
16380,57275,1322.3,1322.3,USD,CK 469,2025-07-08 00:00:00,2025-07-08 00:00:00,0,NULL,CRE,,NULL,5580
16381,57341,1177.7,1177.7,USD,CK 469,2025-07-08 00:00:00,2025-07-08 00:00:00,0,NULL,CRE,,NULL,5580
16382,57341,1000,1000,USD,CK 470,2025-07-08 00:00:00,2025-07-08 00:00:00,0,NULL,CRE,,NULL,5581
16383,59204,10219.2,10219.2,USD,ACH071025,2025-07-10 00:00:00,2025-07-10 00:00:00,0,NULL,CRE,,NULL,5582
16384,59367,9820.8,9820.8,USD,ACH071025,2025-07-10 00:00:00,2025-07-10 00:00:00,0,NULL,CRE,,NULL,5582
16385,59199,10029.8,10029.8,USD,ACH071025,2025-07-10 00:00:00,2025-07-10 00:00:00,0,NULL,CRE,,NULL,5582
16386,INV59314,2090,2090,USD,ACH070925,2025-07-09 00:00:00,2025-07-09 00:00:00,0,NULL,CRE,,NULL,5583
16387,59567,1364,1364,USD,ACH071125,2025-07-11 00:00:00,2025-07-11 00:00:00,0,NULL,CRE,,NULL,5584
16388,59582,744,744,USD,ACH071125,2025-07-11 00:00:00,2025-07-11 00:00:00,0,NULL,CRE,,NULL,5584
16389,59581,1004.8,1004.8,USD,ACH071125,2025-07-11 00:00:00,2025-07-11 00:00:00,0,NULL,CRE,,NULL,5584
16390,59431,2219.4,2219.4,USD,ACH071125,2025-07-11 00:00:00,2025-07-11 00:00:00,0,NULL,CRE,,NULL,5585
16391,59468,5353.6,5353.6,USD,CK 8432,2025-07-11 00:00:00,2025-07-11 00:00:00,0,NULL,CRE,,NULL,5586
16392,INV59422,250,250,USD,7002380160,2025-07-11 00:00:00,2025-07-11 00:00:00,0,NULL,CRE,,NULL,5587
16393,INV58846,12.1,12.1,USD,CK 20013182,2025-07-11 00:00:00,2025-07-11 00:00:00,0,NULL,CRE,,NULL,5588
16394,59410,8731.25,8731.25,USD,ACH071125,2025-07-11 00:00:00,2025-07-11 00:00:00,0,NULL,CRE,,NULL,5589
16395,59470,-985.95,-985.95,USD,ACH071125,2025-07-11 00:00:00,2025-07-11 00:00:00,0,NULL,CRE,,NULL,5589
16396,59395,290,290,USD,ACH062425,2025-06-24 00:00:00,2025-06-24 00:00:00,0,NULL,CRE,,NULL,5590
16397,57341,1962.3,1962.3,USD,CK 456,2025-07-15 00:00:00,2025-07-15 00:00:00,0,1310,UAC,,NULL,5592
16398,INV59399,300,300,USD,CK 14369,2025-07-14 00:00:00,2025-07-14 00:00:00,0,NULL,CRE,,NULL,5593
16399,59352A,13814.18,13814.18,USD,ACH071425,2025-07-14 00:00:00,2025-07-14 00:00:00,0,NULL,CRE,,NULL,5594
16400,59479,6012,6012,USD,ACH071525,2025-07-15 00:00:00,2025-07-15 00:00:00,0,NULL,CRE,,NULL,5595
16401,59176,9394,9394,USD,ACH071525,2025-07-15 00:00:00,2025-07-15 00:00:00,0,NULL,CRE,,NULL,5596
16402,59058,5094,5094,USD,ACH071525,2025-07-15 00:00:00,2025-07-15 00:00:00,0,NULL,CRE,,NULL,5597
16403,58945,6490.6,6490.6,USD,ACH071525,2025-07-15 00:00:00,2025-07-15 00:00:00,0,NULL,CRE,,NULL,5597
16404,58987,9684.18,9684.18,USD,ACH071525,2025-07-15 00:00:00,2025-07-15 00:00:00,0,NULL,CRE,,NULL,5597
16405,58988,9918.34,9918.34,USD,ACH071525,2025-07-15 00:00:00,2025-07-15 00:00:00,0,NULL,CRE,,NULL,5597
16406,59389,8097,8097,USD,CK 44260,2025-07-18 00:00:00,2025-07-18 00:00:00,0,NULL,CRE,,NULL,5598
16407,INV59481,300,300,USD,CK 329813,2025-07-18 00:00:00,2025-07-18 00:00:00,0,NULL,CRE,,NULL,5599
16408,59075,11542,11542,USD,ACH071725,2025-07-17 00:00:00,2025-07-17 00:00:00,0,NULL,CRE,,NULL,5600
16409,59439,2161.8,2161.8,USD,ACH071825,2025-07-18 00:00:00,2025-07-18 00:00:00,0,NULL,CRE,,NULL,5601
16410,59604,1312,1312,USD,ACH071825,2025-07-18 00:00:00,2025-07-18 00:00:00,0,NULL,CRE,,NULL,5602
16411,58545,8425.3,8425.3,USD,CK 127636,2025-07-18 00:00:00,2025-07-18 00:00:00,0,1311,UAC,,NULL,5604
16412,59446,1995,1995,USD,CK 127636,2025-07-18 00:00:00,2025-07-18 00:00:00,0,1311,UAC,,NULL,5604
16413,58545,-8425.3,-8425.3,USD,CK 127636,2025-07-18 00:00:00,2025-07-18 13:56:36,0,1311,UAC,UNDO 16411,NULL,5605
16414,59446,-1995,-1995,USD,CK 127636,2025-07-18 00:00:00,2025-07-18 13:58:13,0,1311,UAC,UNDO 16412,NULL,5606
16415,58545,8425.3,8425.3,USD,CK 127636,2025-07-18 00:00:00,2025-07-18 00:00:00,0,1311,UAC,,NULL,5607
16416,59446,1995,1995,USD,CK 127636,2025-07-18 00:00:00,2025-07-18 00:00:00,0,1311,UAC,,NULL,5607
16417,59269,9804.2,9804.2,USD,ACH072125,2025-07-21 00:00:00,2025-07-21 00:00:00,0,NULL,CRE,,NULL,5608
16418,59118,184.3,184.3,USD,ACH071825,2025-07-21 00:00:00,2025-07-21 00:00:00,0,1312,UAC,,NULL,5610
16419,59119,62.7,62.7,USD,ACH071825,2025-07-21 00:00:00,2025-07-21 00:00:00,0,1312,UAC,,NULL,5610
16420,58952,186.2,186.2,USD,ACH071825,2025-07-21 00:00:00,2025-07-21 00:00:00,0,1312,UAC,,NULL,5610
16421,58953,203.3,203.3,USD,ACH071825,2025-07-21 00:00:00,2025-07-21 00:00:00,0,1312,UAC,,NULL,5610
16422,59590,1500,1500,USD,ACH071425,2025-07-14 00:00:00,2025-07-14 00:00:00,0,NULL,CRE,,NULL,5611
16423,59402,1558.2,1558.2,USD,ACH070325,2025-07-03 00:00:00,2025-07-03 00:00:00,0,NULL,CRE,,NULL,5612
16424,59547,9700.8,9700.8,USD,ACH072425,2025-07-24 00:00:00,2025-07-24 00:00:00,0,NULL,CRE,,NULL,5613
16425,59512,5857.6,5857.6,USD,ACH072325,2025-07-23 00:00:00,2025-07-23 00:00:00,0,NULL,CRE,,NULL,5614
16426,59524,9204.6,9204.6,USD,ACH072325,2025-07-23 00:00:00,2025-07-23 00:00:00,0,NULL,CRE,,NULL,5614
16427,59522,9318.22,9318.22,USD,ACH072325,2025-07-23 00:00:00,2025-07-23 00:00:00,0,NULL,CRE,,NULL,5614
16428,59526,9395.96,9395.96,USD,ACH072325,2025-07-23 00:00:00,2025-07-23 00:00:00,0,NULL,CRE,,NULL,5614
16429,59523,9516.71,9516.71,USD,ACH072325,2025-07-23 00:00:00,2025-07-23 00:00:00,0,NULL,CRE,,NULL,5614
16430,59525,9208.74,9208.74,USD,ACH072325,2025-07-23 00:00:00,2025-07-23 00:00:00,0,NULL,CRE,,NULL,5614
16431,59177,9372,9372,USD,ACH072325,2025-07-23 00:00:00,2025-07-23 00:00:00,0,NULL,CRE,,NULL,5615
16432,59414,2057.2,2057.2,USD,ACH072325,2025-07-23 00:00:00,2025-07-23 00:00:00,0,NULL,CRE,,NULL,5616
16433,59413,5704,5704,USD,ACH072325,2025-07-23 00:00:00,2025-07-23 00:00:00,0,NULL,CRE,,NULL,5616
16434,59036,1245,1245,USD,ACH072525,2025-07-25 00:00:00,2025-07-25 00:00:00,0,NULL,CRE,,NULL,5617
16435,59611,1772.8,1772.8,USD,ACH072525,2025-07-25 00:00:00,2025-07-25 00:00:00,0,NULL,CRE,,NULL,5618
16436,59552,9890,9890,USD,ACH072525,2025-07-25 00:00:00,2025-07-25 00:00:00,0,NULL,CRE,,NULL,5619
16437,59555,11958,11958,USD,ACH072525,2025-07-25 00:00:00,2025-07-25 00:00:00,0,NULL,CRE,,NULL,5620
16438,59575,9228.29,9228.29,USD,ACH072925,2025-07-29 00:00:00,2025-07-29 00:00:00,0,NULL,CRE,,NULL,5622
16439,59573,9303.96,9303.96,USD,ACH072925,2025-07-29 00:00:00,2025-07-29 00:00:00,0,NULL,CRE,,NULL,5622
16440,59527,9437.59,9437.59,USD,ACH072925,2025-07-29 00:00:00,2025-07-29 00:00:00,0,NULL,CRE,,NULL,5622
16441,59572,9578.81,9578.81,USD,ACH072925,2025-07-29 00:00:00,2025-07-29 00:00:00,0,NULL,CRE,,NULL,5622
16442,59433,11728.64,11728.64,USD,ACH072925,2025-07-29 00:00:00,2025-07-29 00:00:00,0,NULL,CRE,,NULL,5622
16443,59626,2499.5,2499.5,USD,ACH080125,2025-08-01 00:00:00,2025-08-01 00:00:00,0,NULL,CRE,,NULL,5623
16444,59627,3280.2,3280.2,USD,ACH080125,2025-08-01 00:00:00,2025-08-01 00:00:00,0,NULL,CRE,,NULL,5623
16445,59636,3910,3910,USD,ACH080125,2025-08-01 00:00:00,2025-08-01 00:00:00,0,NULL,CRE,,NULL,5624
16446,59549,885.5,885.5,USD,ACH080125,2025-08-01 00:00:00,2025-08-01 00:00:00,0,NULL,CRE,,NULL,5625
16447,59457,515.94,515.94,USD,ACH080125,2025-08-01 00:00:00,2025-08-01 00:00:00,0,NULL,CRE,,NULL,5626
16448,59438,524.01,524.01,USD,ACH080125,2025-08-01 00:00:00,2025-08-01 00:00:00,0,NULL,CRE,,NULL,5626
16449,59480,895.09,895.09,USD,ACH080125,2025-08-01 00:00:00,2025-08-01 00:00:00,0,NULL,CRE,,NULL,5626
16450,59085,1497.6,1497.6,USD,ACH080125,2025-08-01 00:00:00,2025-08-01 00:00:00,0,NULL,CRE,,NULL,5626
16451,59420,4439,4439,USD,ACH073025,2025-07-30 00:00:00,2025-07-30 00:00:00,0,NULL,CRE,,NULL,5627
16452,59419,5060,5060,USD,ACH073025,2025-07-30 00:00:00,2025-07-30 00:00:00,0,NULL,CRE,,NULL,5627
16453,59454,2060,2060,USD,ACH073025,2025-07-30 00:00:00,2025-07-30 00:00:00,0,NULL,CRE,,NULL,5627
16454,59591,4050,4050,USD,ACH073025,2025-07-30 00:00:00,2025-07-30 00:00:00,0,NULL,CRE,,NULL,5627
16455,59605,5060,5060,USD,ACH073025,2025-07-30 00:00:00,2025-07-30 00:00:00,0,NULL,CRE,,NULL,5627
16456,59568,5060,5060,USD,ACH073025,2025-07-30 00:00:00,2025-07-30 00:00:00,0,NULL,CRE,,NULL,5627
16457,59609,2025,2025,USD,ACH073025,2025-07-30 00:00:00,2025-07-30 00:00:00,0,NULL,CRE,,NULL,5627
16458,59312,3524.4,3524.4,USD,CK 27927,2025-08-02 00:00:00,2025-08-02 00:00:00,0,NULL,CRE,,NULL,5628
16459,INV59581,130.13,130.13,USD,2001334625,2025-08-02 00:00:00,2025-08-02 00:00:00,0,NULL,CRE,,NULL,5629
16460,59610,11352,11352,USD,CK 31093,2025-08-02 00:00:00,2025-08-02 00:00:00,0,NULL,CRE,,NULL,5630
16461,59569,2599.2,2599.2,USD,ACH080825,2025-08-08 00:00:00,2025-08-08 00:00:00,0,NULL,CRE,,NULL,5631
16462,59489,2070,2070,USD,ACH080825,2025-08-08 00:00:00,2025-08-08 00:00:00,0,NULL,CRE,,NULL,5631
16463,59478,8292.9,8292.9,USD,ACH080825,2025-08-08 00:00:00,2025-08-08 00:00:00,0,NULL,CRE,,NULL,5632
16464,59406,1418.7,1418.7,USD,ACH080825,2025-08-08 00:00:00,2025-08-08 00:00:00,0,NULL,CRE,,NULL,5632
16465,59668,1196,1196,USD,ACJ080825,2025-08-08 00:00:00,2025-08-08 00:00:00,0,NULL,CRE,,NULL,5633
16466,59669,1358,1358,USD,ACJ080825,2025-08-08 00:00:00,2025-08-08 00:00:00,0,NULL,CRE,,NULL,5633
16467,59673,1230,1230,USD,ACJ080825,2025-08-08 00:00:00,2025-08-08 00:00:00,0,NULL,CRE,,NULL,5633
16468,59646,1685.8,1685.8,USD,ACJ080825,2025-08-08 00:00:00,2025-08-08 00:00:00,0,NULL,CRE,,NULL,5633
16469,59333,5125.5,5125.5,USD,CK 7519,2025-08-08 00:00:00,2025-08-08 00:00:00,0,NULL,CRE,,NULL,5634
16470,59397A,11134.8,11134.8,USD,CK 127636,2025-08-11 00:00:00,2025-08-11 00:00:00,0,1311,UAC,,NULL,5636
16471,59556,5043.6,5043.6,USD,ACH08112025,2025-08-11 00:00:00,2025-08-11 00:00:00,0,NULL,CRE,,NULL,5637
16472,58809,9014.06,9014.06,USD,ACH081225,2025-08-12 00:00:00,2025-08-12 00:00:00,0,NULL,CRE,,NULL,5638
16473,59638,1254.54,1254.54,USD,ACH081225,2025-08-12 00:00:00,2025-08-12 00:00:00,0,NULL,CRE,,NULL,5639
16474,59579,5068.8,5068.8,USD,ACH081525,2025-08-15 00:00:00,2025-08-15 00:00:00,0,NULL,CRE,,NULL,5641
16475,59684,1486.2,1486.2,USD,ACH081525,2025-08-15 00:00:00,2025-08-15 00:00:00,0,NULL,CRE,,NULL,5642
16476,59694,1262,1262,USD,ACH081525,2025-08-15 00:00:00,2025-08-15 00:00:00,0,NULL,CRE,,NULL,5642
16477,59086,861.6,861.6,USD,ACH081525,2025-08-15 00:00:00,2025-08-15 00:00:00,0,NULL,CRE,,NULL,5643
16478,59194,1370.52,1370.52,USD,VV008,2025-06-20 00:00:00,2025-06-20 00:00:00,0,NULL,CRE,,NULL,5644
16479,59182,1473.06,1473.06,USD,VV008,2025-06-20 00:00:00,2025-06-20 00:00:00,0,NULL,CRE,,NULL,5644
16480,59412,4140,4140,USD,ACH081325,2025-08-13 00:00:00,2025-08-13 00:00:00,0,NULL,CRE,,NULL,5645
16481,59587,4140,4140,USD,ACH081325,2025-08-13 00:00:00,2025-08-13 00:00:00,0,NULL,CRE,,NULL,5646
16482,59533,1715.8,1715.8,USD,ACH082025,2025-08-20 00:00:00,2025-08-20 00:00:00,0,NULL,CRE,,NULL,5647
16483,59532,1351,1351,USD,ACH082025,2025-08-20 00:00:00,2025-08-20 00:00:00,0,NULL,CRE,,NULL,5647
16484,59534,1548.2,1548.2,USD,ACH082025,2025-08-20 00:00:00,2025-08-20 00:00:00,0,NULL,CRE,,NULL,5647
16485,59577,9298.21,9298.21,USD,ACH081325,2025-08-13 00:00:00,2025-08-13 00:00:00,0,NULL,CRE,,NULL,5648
16486,59574,9402.4,9402.4,USD,ACH081325,2025-08-13 00:00:00,2025-08-13 00:00:00,0,NULL,CRE,,NULL,5648
16487,59576,9657.01,9657.01,USD,ACH081325,2025-08-13 00:00:00,2025-08-13 00:00:00,0,NULL,CRE,,NULL,5648
16488,59580,10382.75,10382.75,USD,ACH081525,2025-08-15 00:00:00,2025-08-15 00:00:00,0,NULL,CRE,,NULL,5649
16489,59672,9854,9854,USD,ACH082225,2025-08-22 00:00:00,2025-08-22 00:00:00,0,NULL,CRE,,NULL,5650
16490,59631,8085.2,8085.2,USD,ACH082125,2025-08-21 00:00:00,2025-08-21 00:00:00,0,NULL,CRE,,NULL,5651
16491,59704,1751,1751,USD,ACH082225,2025-08-22 00:00:00,2025-08-22 00:00:00,0,NULL,CRE,,NULL,5652
16492,59707,1088,1088,USD,ACH082225,2025-08-22 00:00:00,2025-08-22 00:00:00,0,NULL,CRE,,NULL,5652
16493,59700,1280,1280,USD,ACH082225,2025-08-22 00:00:00,2025-08-22 00:00:00,0,NULL,CRE,,NULL,5652
16494,INV59265,525,525,USD,ACH080125,2025-08-22 00:00:00,2025-08-22 00:00:00,0,NULL,CRE,,NULL,5653
16495,59265,325.8,325.8,USD,CK 13898,2025-08-25 00:00:00,2025-08-25 00:00:00,0,NULL,CRE,,NULL,5656
16496,59653,9464.6,9464.6,USD,CK 31154,2025-08-25 00:00:00,2025-08-25 00:00:00,0,NULL,CRE,,NULL,5657
16497,59628,16880,16880,USD,CK 31155,2025-08-25 00:00:00,2025-08-25 00:00:00,0,NULL,CRE,,NULL,5658
16498,59586,1672,1672,USD,CK 27587,2025-08-25 00:00:00,2025-08-25 00:00:00,0,NULL,CRE,,NULL,5659
16499,INV59475,250,250,USD,7002443248,2025-08-25 00:00:00,2025-08-25 00:00:00,0,NULL,CRE,,NULL,5660
16500,59121,3800,3800,USD,ACH071825,2025-08-25 00:00:00,2025-08-25 00:00:00,0,1312,UAC,,NULL,5663
16501,59122,3800,3800,USD,ACH071825,2025-08-25 00:00:00,2025-08-25 00:00:00,0,1312,UAC,,NULL,5664
16502,59120,10,10,USD,ACH012023,2025-08-25 00:00:00,2025-08-25 00:00:00,0,1169,UAC,,NULL,5665
16503,59120,3790,3790,USD,ACH071825,2025-08-25 00:00:00,2025-08-25 00:00:00,0,1312,UAC,,NULL,5666
16504,59122,-131.1,-131.1,USD,ACH081525,2025-08-25 00:00:00,2025-08-25 00:00:00,0,1318,UAC,,NULL,5667
16505,59121,450.3,450.3,USD,ACH081525,2025-08-25 00:00:00,2025-08-25 00:00:00,0,1318,UAC,,NULL,5667
16506,59120,243.2,243.2,USD,ACH081525,2025-08-25 00:00:00,2025-08-25 00:00:00,0,1318,UAC,,NULL,5667
16507,59671,4025,4025,USD,ACH082525,2025-08-25 00:00:00,2025-08-25 00:00:00,0,NULL,CRE,,NULL,5668
16508,59530,-965,-965,USD,ACH081325,2025-08-27 00:00:00,2025-08-27 00:00:00,0,NULL,CRE,,NULL,5669
16509,59476,2584,2584,USD,ACH081325,2025-08-27 00:00:00,2025-08-27 00:00:00,0,NULL,CRE,,NULL,5669
16510,59477,2620,2620,USD,ACH081325,2025-08-27 00:00:00,2025-08-27 00:00:00,0,NULL,CRE,,NULL,5669
16511,59535,1603.8,1603.8,USD,ACH081325,2025-08-27 00:00:00,2025-08-27 00:00:00,0,NULL,CRE,,NULL,5669
16512,59537,1519.8,1519.8,USD,ACH081325,2025-08-27 00:00:00,2025-08-27 00:00:00,0,NULL,CRE,,NULL,5669
16513,59538,112,112,USD,ACH081325,2025-08-27 00:00:00,2025-08-27 00:00:00,0,NULL,CRE,,NULL,5669
16514,59651,9066.64,9066.64,USD,ACH082625,2025-08-26 00:00:00,2025-08-26 00:00:00,0,NULL,CRE,,NULL,5670
16515,58988,0.2,0.2,USD,ACH082525,2025-08-25 00:00:00,2025-08-25 00:00:00,0,NULL,CRE,,NULL,5671
16516,58989,10208.07,10208.07,USD,ACH082525,2025-08-25 00:00:00,2025-08-25 00:00:00,0,NULL,CRE,,NULL,5671
16517,59142,6733.7,6733.7,USD,ACH082525,2025-08-25 00:00:00,2025-08-25 00:00:00,0,NULL,CRE,,NULL,5671
16518,59146,4302,4302,USD,ACH082525,2025-08-25 00:00:00,2025-08-25 00:00:00,0,NULL,CRE,,NULL,5671
16519,58749,9467.72,9467.72,USD,ACH081925,2025-08-28 00:00:00,2025-08-28 00:00:00,0,1319,UAC,,NULL,5672
16520,58625,4125,4125,USD,ACH081925,2025-08-28 00:00:00,2025-08-28 00:00:00,0,1319,UAC,,NULL,5672
16521,58569,1407.28,1407.28,USD,ACH081925,2025-08-28 00:00:00,2025-08-28 00:00:00,0,1319,UAC,,NULL,5672
16522,59417,290,290,USD,ACH082725,2025-08-27 00:00:00,2025-08-27 00:00:00,0,NULL,CRE,,NULL,5673
16523,59624,530.01,530.01,USD,ACH082925,2025-08-29 00:00:00,2025-08-29 00:00:00,0,NULL,CRE,,NULL,5674
16524,59583,869.88,869.88,USD,ACH082925,2025-08-29 00:00:00,2025-08-29 00:00:00,0,NULL,CRE,,NULL,5674
16525,59529,10525.2,10525.2,USD,ACH082925,2025-08-29 00:00:00,2025-08-29 00:00:00,0,NULL,CRE,,NULL,5675
16526,59736,10925.4,10925.4,USD,CK 127636,2025-08-29 00:00:00,2025-08-29 00:00:00,0,1311,UAC,,NULL,5676
16527,59736,-10925.4,-10925.4,USD,CK 127636,2025-08-29 00:00:00,2025-08-29 16:10:01,0,1311,UAC,UNDO 16526,NULL,5677
16528,59440A,27808.8,27808.8,USD,CK 127636,2025-08-29 00:00:00,2025-08-29 00:00:00,0,1311,UAC,,NULL,5678
16529,59440A,1381.2,1381.2,USD,CK127985,2025-08-29 00:00:00,2025-08-29 00:00:00,0,1314,UAC,,NULL,5679
16530,INV59549,262.08,262.08,USD,CK 122209,2025-09-02 00:00:00,2025-09-02 00:00:00,0,NULL,CRE,,NULL,5680
16531,59449,908.6,908.6,USD,CK VV114,2025-08-29 00:00:00,2025-08-29 00:00:00,0,NULL,CRE,,NULL,5681
16532,59613,1191.9,1191.9,USD,CK VV114,2025-08-29 00:00:00,2025-08-29 00:00:00,0,NULL,CRE,,NULL,5681
16533,59678,975.9,975.9,USD,CK VV114,2025-08-29 00:00:00,2025-08-29 00:00:00,0,NULL,CRE,,NULL,5681
16534,58136,264,264,USD,CK VV130,2025-08-29 00:00:00,2025-08-29 00:00:00,0,NULL,CRE,,NULL,5682
16535,58977,1092.36,1092.36,USD,CK VV130,2025-08-29 00:00:00,2025-08-29 00:00:00,0,NULL,CRE,,NULL,5682
16536,59290,2822.47,2822.47,USD,CK VV130,2025-08-29 00:00:00,2025-08-29 00:00:00,0,NULL,CRE,,NULL,5682
16537,59386,1355.04,1355.04,USD,CK VV130,2025-08-29 00:00:00,2025-08-29 00:00:00,0,NULL,CRE,,NULL,5682
16538,INV59646,250,250,USD,70024621427,2025-09-02 00:00:00,2025-09-02 00:00:00,0,NULL,CRE,,NULL,5683
16539,54445,0.01,0.01,USD,ACH120321,2025-09-02 00:00:00,2025-09-02 00:00:00,0,1115,UAC,,NULL,5684
16540,59714,1080,1080,USD,ACH082925,2025-08-29 00:00:00,2025-08-29 00:00:00,0,NULL,CRE,,NULL,5686
16541,59737,1522.6,1522.6,USD,ACH082925,2025-08-29 00:00:00,2025-08-29 00:00:00,0,NULL,CRE,,NULL,5686
16542,59588,870,870,USD,ACH082925,2025-08-29 00:00:00,2025-08-29 00:00:00,0,NULL,CRE,,NULL,5686
16543,59765,3800,3800,USD,ACH081525,2025-09-04 00:00:00,2025-09-04 00:00:00,0,1318,UAC,,NULL,5687
16544,59762,3800,3800,USD,ACH081525,2025-09-04 00:00:00,2025-09-04 00:00:00,0,1318,UAC,,NULL,5688
16545,59764,3800,3800,USD,ACH081525,2025-09-04 00:00:00,2025-09-04 00:00:00,0,1318,UAC,,NULL,5689
16546,59652,9116.36,9116.36,USD,ACH090325,2025-09-03 00:00:00,2025-09-03 00:00:00,0,NULL,CRE,,NULL,5690
16547,59174,8929.58,8929.58,USD,ACH090325,2025-09-03 00:00:00,2025-09-03 00:00:00,0,NULL,CRE,,NULL,5691
16548,59440A,-1381.2,-1381.2,USD,CK127985,2025-09-05 00:00:00,2025-09-05 14:11:16,0,1314,UAC,UNDO 16529,NULL,5693
16549,59440A,-27808.8,-27808.8,USD,CK 127636,2025-09-05 00:00:00,2025-09-05 14:11:22,0,1311,UAC,UNDO 16528,NULL,5694
16550,59440A,27808.8,27808.8,USD,CK 127636,2025-09-05 00:00:00,2025-09-05 00:00:00,0,1311,UAC,,NULL,5695
16551,59440A,1381.2,1381.2,USD,CK127985,2025-09-05 00:00:00,2025-09-05 00:00:00,0,1314,UAC,,NULL,5696
16552,59440A,-27808.8,-27808.8,USD,CK 127636,2025-09-05 00:00:00,2025-09-05 14:15:23,0,1311,UAC,UNDO 16550,NULL,5697
16553,59440A,27808.8,27808.8,USD,CK 127636,2025-09-05 00:00:00,2025-09-05 00:00:00,0,1311,UAC,,NULL,5698
16554,59333,-5125.5,-5125.5,USD,CK 7519,2025-09-05 00:00:00,2025-09-05 14:19:10,0,NULL,CRE,UNDO 16469,NULL,5699
16555,59333,5125.5,5125.5,USD,CK 7519,2025-08-08 00:00:00,2025-08-08 00:00:00,0,NULL,CRE,,NULL,5700
16556,59312,-3524.4,-3524.4,USD,CK 27927,2025-09-05 00:00:00,2025-09-05 14:25:34,0,NULL,CRE,UNDO 16458,NULL,5701
16557,59312,3524.4,3524.4,USD,CK 27927,2025-08-02 00:00:00,2025-08-02 00:00:00,0,NULL,CRE,,NULL,5702
16558,59610,-11352,-11352,USD,CK 31093,2025-09-05 00:00:00,2025-09-05 14:43:55,0,NULL,CRE,UNDO 16460,NULL,5703
16559,59610,11352,11352,USD,CK 31093,2025-08-04 00:00:00,2025-08-04 00:00:00,0,NULL,CRE,,NULL,5704
16560,INV59581,-130.13,-130.13,USD,2001334625,2025-09-05 00:00:00,2025-09-05 14:48:16,0,NULL,CRE,UNDO 16459,NULL,5705
16561,INV59581,130.13,130.13,USD,2001334625,2025-08-02 00:00:00,2025-08-02 00:00:00,0,NULL,CRE,,NULL,5706
16562,59440A,-1381.2,-1381.2,USD,CK127985,2025-09-05 00:00:00,2025-09-05 15:01:09,0,1314,UAC,UNDO 16551,NULL,5707
16563,59440A,1381.2,1381.2,USD,CK127985,2025-09-05 00:00:00,2025-09-05 00:00:00,0,1314,UAC,,NULL,5708
16564,59740,1130,1130,USD,ACH090525,2025-09-11 00:00:00,2025-09-11 00:00:00,0,1321,UAC,,NULL,5709
16565,59592,4050,4050,USD,ACH091025,2025-09-10 00:00:00,2025-09-10 00:00:00,0,NULL,CRE,,NULL,5710
16566,59498,2016,2016,USD,ACH091025,2025-09-10 00:00:00,2025-09-10 00:00:00,0,NULL,CRE,,NULL,5710
16567,59500,2023,2023,USD,ACH091025,2025-09-10 00:00:00,2025-09-10 00:00:00,0,NULL,CRE,,NULL,5710
16568,59496,1988,1988,USD,ACH091025,2025-09-10 00:00:00,2025-09-10 00:00:00,0,NULL,CRE,,NULL,5710
16569,59502,2002,2002,USD,ACH091025,2025-09-10 00:00:00,2025-09-10 00:00:00,0,NULL,CRE,,NULL,5710
16570,59681,4050,4050,USD,ACH091025,2025-09-10 00:00:00,2025-09-10 00:00:00,0,NULL,CRE,,NULL,5710
16571,59501,1953,1953,USD,ACH091025,2025-09-10 00:00:00,2025-09-10 00:00:00,0,NULL,CRE,,NULL,5710
16572,59503,1960,1960,USD,ACH091025,2025-09-10 00:00:00,2025-09-10 00:00:00,0,NULL,CRE,,NULL,5710
16573,59629,7041.8,7041.8,USD,ACH090925,2025-09-09 00:00:00,2025-09-09 00:00:00,0,NULL,CRE,,NULL,5711
16574,59647,461.16,461.16,USD,ACH091225,2025-09-12 00:00:00,2025-09-12 00:00:00,0,NULL,CRE,,NULL,5712
16575,59087,936,936,USD,ACH091225,2025-09-12 00:00:00,2025-09-12 00:00:00,0,NULL,CRE,,NULL,5712
16576,59677,640.58,640.58,USD,ACH091225,2025-09-12 00:00:00,2025-09-12 00:00:00,0,NULL,CRE,,NULL,5712
16577,59693,478.8,478.8,USD,ACH091225,2025-09-12 00:00:00,2025-09-12 00:00:00,0,NULL,CRE,,NULL,5712
16578,59708,9980,9980,USD,ACH091225,2025-09-12 00:00:00,2025-09-12 00:00:00,0,NULL,CRE,,NULL,5713
16579,59776,1735.14,1735.14,USD,ACH091225,2025-09-12 00:00:00,2025-09-12 00:00:00,0,NULL,CRE,,NULL,5714
16580,59784,1021.68,1021.68,USD,ACH091225,2025-09-12 00:00:00,2025-09-12 00:00:00,0,NULL,CRE,,NULL,5714
16581,59712,5814,5814,USD,ACH091225,2025-09-12 00:00:00,2025-09-12 00:00:00,0,NULL,CRE,,NULL,5714
16582,59644,3009.6,3009.6,USD,ACH091225,2025-09-12 00:00:00,2025-09-12 00:00:00,0,NULL,CRE,,NULL,5715
16583,59744,1200,1200,USD,ACH090525,2025-09-18 00:00:00,2025-09-18 00:00:00,0,1321,UAC,,NULL,5716
16584,59741,1149.5,1149.5,USD,ACH091225,2025-09-18 00:00:00,2025-09-18 00:00:00,0,1322,UAC,,NULL,5718
16585,59745,1122,1122,USD,ACH091225,2025-09-18 00:00:00,2025-09-18 00:00:00,0,1322,UAC,,NULL,5718
16586,59538,1446.2,1446.2,USD,ACH091725,2025-09-17 00:00:00,2025-09-17 00:00:00,0,NULL,CRE,,NULL,5719
16587,59540,1601.8,1601.8,USD,ACH091725,2025-09-17 00:00:00,2025-09-17 00:00:00,0,NULL,CRE,,NULL,5719
16588,59536,1635.8,1635.8,USD,ACH091725,2025-09-17 00:00:00,2025-09-17 00:00:00,0,NULL,CRE,,NULL,5719
16589,59539,1537.8,1537.8,USD,ACH091725,2025-09-17 00:00:00,2025-09-17 00:00:00,0,NULL,CRE,,NULL,5719
16590,59542,1633.8,1633.8,USD,ACH091725,2025-09-17 00:00:00,2025-09-17 00:00:00,0,NULL,CRE,,NULL,5719
16591,59541,1641.8,1641.8,USD,ACH091725,2025-09-17 00:00:00,2025-09-17 00:00:00,0,NULL,CRE,,NULL,5719
16592,59531,-965,-965,USD,ACH091725,2025-09-17 00:00:00,2025-09-17 00:00:00,0,NULL,CRE,,NULL,5719
16593,59686,6243.2,6243.2,USD,ACJ091625,2025-09-16 00:00:00,2025-09-16 00:00:00,0,NULL,CRE,,NULL,5720
16594,59746,1284,1284,USD,ACH091925,2025-09-19 00:00:00,2025-09-19 00:00:00,0,NULL,CRE,,NULL,5721
16595,59747,1162.5,1162.5,USD,ACH091925,2025-09-19 00:00:00,2025-09-19 00:00:00,0,NULL,CRE,,NULL,5721
16596,59778,1640,1640,USD,ACH091925,2025-09-19 00:00:00,2025-09-19 00:00:00,0,NULL,CRE,,NULL,5721
16597,59221,3924,3924,USD,ACH091925,2025-09-19 00:00:00,2025-09-19 00:00:00,0,NULL,CRE,,NULL,5722
16598,59620,6153,6153,USD,ACH091925,2025-09-19 00:00:00,2025-09-19 00:00:00,0,NULL,CRE,,NULL,5722
16599,59758,7477.2,7477.2,USD,ACH091925,2025-09-19 00:00:00,2025-09-19 00:00:00,0,NULL,CRE,,NULL,5723
16600,59767,4537.65,4537.65,USD,ACH091925,2025-09-19 00:00:00,2025-09-19 00:00:00,0,NULL,CRE,,NULL,5724
16601,59683,12660,12660,USD,CK 31228,2025-09-22 00:00:00,2025-09-22 00:00:00,0,NULL,CRE,,NULL,5725
16602,59710,12564.6,12564.6,USD,CK 31249,2025-09-22 00:00:00,2025-09-22 00:00:00,0,NULL,CRE,,NULL,5726
16603,59675,10550,10550,USD,CK 31227,2025-09-22 00:00:00,2025-09-22 00:00:00,0,NULL,CRE,,NULL,5727
16604,59736,10925.4,10925.4,USD,CK 128413,2025-09-23 00:00:00,2025-09-23 00:00:00,0,NULL,CRE,,NULL,5729
16605,59689,1188.6,1188.6,USD,CK 128413,2025-09-23 00:00:00,2025-09-23 00:00:00,0,NULL,CRE,,NULL,5729
16606,INV59684,300,300,USD,CK 331574,2025-09-23 00:00:00,2025-09-23 00:00:00,0,NULL,CRE,,NULL,5730
16607,59676,5931.68,5931.68,USD,CK 12242,2025-09-23 00:00:00,2025-09-23 00:00:00,0,NULL,CRE,,NULL,5731
16608,59770,8960.6,8960.6,USD,ACH092225,2025-09-22 00:00:00,2025-09-22 00:00:00,0,NULL,CRE,,NULL,5732
16609,59786,2008.6,2008.6,USD,ACH091925,2025-09-24 00:00:00,2025-09-24 00:00:00,0,1324,UAC,,NULL,5734
16610,59790,1995.4,1995.4,USD,ACH091925,2025-09-24 00:00:00,2025-09-24 00:00:00,0,1324,UAC,,NULL,5734
16611,59789,1491.16,1491.16,USD,ACH091925,2025-09-24 00:00:00,2025-09-24 00:00:00,0,1324,UAC,,NULL,5734
16612,59103,7425.17,7425.17,USD,WIR091125,2025-09-11 00:00:00,2025-09-11 00:00:00,0,NULL,CRE,,NULL,5735
16613,59360,10818.9,10818.9,USD,WIR091125,2025-09-11 00:00:00,2025-09-11 00:00:00,0,NULL,CRE,,NULL,5735
16614,59615,8270,8270,USD,ACH092625,2025-09-26 00:00:00,2025-09-26 00:00:00,0,NULL,CRE,,NULL,5736
16615,59373,3626.4,3626.4,USD,ACH092625,2025-09-26 00:00:00,2025-09-26 00:00:00,0,NULL,CRE,,NULL,5737
16616,59771,8965.22,8965.22,USD,ACH092625,2025-09-26 00:00:00,2025-09-26 00:00:00,0,NULL,CRE,,NULL,5738
16617,59551,8261.5,8261.5,USD,ACH092525,2025-09-25 00:00:00,2025-09-25 00:00:00,0,NULL,CRE,,NULL,5739
16618,59644,1086.72,1086.72,USD,ACH092625,2025-09-26 00:00:00,2025-09-26 00:00:00,0,NULL,CRE,,NULL,5740
16619,59797,1320,1320,USD,ACH092625,2025-09-26 00:00:00,2025-09-26 00:00:00,0,NULL,CRE,,NULL,5741
16620,59791,1102.2,1102.2,USD,ACH092625,2025-09-26 00:00:00,2025-09-26 00:00:00,0,NULL,CRE,,NULL,5741
16621,59799,1436.6,1436.6,USD,ACH092625,2025-09-26 00:00:00,2025-09-26 00:00:00,0,NULL,CRE,,NULL,5741
16622,59798,1463,1463,USD,ACH092625,2025-09-26 00:00:00,2025-09-26 00:00:00,0,NULL,CRE,,NULL,5741
16623,59810,3180.65,3180.65,USD,ACH092625,2025-09-26 00:00:00,2025-09-26 00:00:00,0,NULL,CRE,,NULL,5741
16624,59777,5976,5976,USD,ACH092625,2025-09-26 00:00:00,2025-09-26 00:00:00,0,NULL,CRE,,NULL,5741
16625,59800,1447.6,1447.6,USD,ACH092625,2025-09-26 00:00:00,2025-09-26 00:00:00,0,NULL,CRE,,NULL,5741
16626,INV59778,250,250,USD,7002505112,2025-09-29 00:00:00,2025-09-29 00:00:00,0,NULL,CRE,,NULL,5742
16627,INV59673,250,250,USD,CK 7693,2025-09-29 00:00:00,2025-09-29 00:00:00,0,NULL,CRE,,NULL,5743
16628,59685,5925.35,5925.35,USD,CK 8995,2025-09-29 00:00:00,2025-09-29 00:00:00,0,NULL,CRE,,NULL,5744
16629,INV57944,5782.35,5782.35,USD,OFFSET,2025-10-01 00:00:00,2025-10-01 11:55:04,0,0,OFF,,NULL,O113877
16630,59692,8661.6,8661.6,USD,ACH092925,2025-09-29 00:00:00,2025-09-29 00:00:00,0,NULL,CRE,,NULL,5745
16631,59175,9210.74,9210.74,USD,ACH100125,2025-10-01 00:00:00,2025-10-01 00:00:00,0,NULL,CRE,,NULL,5746
16632,59625,7990.4,7990.4,USD,ACH092925,2025-09-29 00:00:00,2025-09-29 00:00:00,0,NULL,CRE,,NULL,5747
16633,59543,1591.8,1591.8,USD,ACH092925,2025-09-29 00:00:00,2025-09-29 00:00:00,0,NULL,CRE,,NULL,5747
16634,59544,1567.8,1567.8,USD,ACH100125,2025-10-01 00:00:00,2025-10-01 00:00:00,0,NULL,CRE,,NULL,5748
16635,59545,1711.8,1711.8,USD,ACH100125,2025-10-01 00:00:00,2025-10-01 00:00:00,0,NULL,CRE,,NULL,5748
16636,59654,1755.8,1755.8,USD,ACH100125,2025-10-01 00:00:00,2025-10-01 00:00:00,0,NULL,CRE,,NULL,5748
16637,59792,1375,1375,USD,ACH100325,2025-10-03 00:00:00,2025-10-03 00:00:00,0,NULL,CRE,,NULL,5749
16638,59833,1654.4,1654.4,USD,ACH100325,2025-10-03 00:00:00,2025-10-03 00:00:00,0,NULL,CRE,,NULL,5749
16639,59820,1602.48,1602.48,USD,ACH100325,2025-10-03 00:00:00,2025-10-03 00:00:00,0,NULL,CRE,,NULL,5749
16640,59811,2072.62,2072.62,USD,ACH100325,2025-10-03 00:00:00,2025-10-03 00:00:00,0,NULL,CRE,,NULL,5749
16641,59821,3825.8,3825.8,USD,ACH100325,2025-10-03 00:00:00,2025-10-03 00:00:00,0,NULL,CRE,,NULL,5749
16642,59621,5501.55,5501.55,USD,ACH100325,2025-10-03 00:00:00,2025-10-03 00:00:00,0,NULL,CRE,,NULL,5750
16643,59782,8837.6,8837.6,USD,ACH100325,2025-10-08 00:00:00,2025-10-08 00:00:00,0,NULL,CRE,,NULL,5752
16644,59731,1250,1250,USD,ACH072425,2025-10-08 00:00:00,2025-10-08 00:00:00,0,1313,UAC,,NULL,5753
16645,59730,1500,1500,USD,ACH080425,2025-10-08 00:00:00,2025-10-08 00:00:00,0,1315,UAC,,NULL,5754
16646,59734,1500,1500,USD,ACH081425,2025-10-08 00:00:00,2025-10-08 00:00:00,0,1316,UAC,,NULL,5755
16647,59735,1500,1500,USD,ACH082125,2025-10-08 00:00:00,2025-10-08 00:00:00,0,1317,UAC,,NULL,5756
16648,59733,1500,1500,USD,ACH082825,2025-10-08 00:00:00,2025-10-08 00:00:00,0,1320,UAC,,NULL,5757
16649,59836,1500,1500,USD,WIR091525,2025-10-08 00:00:00,2025-10-08 00:00:00,0,1323,UAC,,NULL,5758
16650,59838,1500,1500,USD,ACH092325,2025-10-08 00:00:00,2025-10-08 00:00:00,0,1326,UAC,,NULL,5759
16651,59670,8551.9,8551.9,USD,CK 3100,2025-10-10 00:00:00,2025-10-10 00:00:00,0,NULL,CRE,,NULL,5760
16652,59738,13124.2,13124.2,USD,CK 31286,2025-10-10 00:00:00,2025-10-10 00:00:00,0,NULL,CRE,,NULL,5761
16653,59795,3624,3624,USD,ACH100825,2025-10-08 00:00:00,2025-10-08 00:00:00,0,NULL,CRE,,NULL,5762
16654,59932,1500,1500,USD,WIR100725,2025-10-07 00:00:00,2025-10-07 00:00:00,0,NULL,CRE,,NULL,5763
16655,59856,1075.8,1075.8,USD,ACH101025,2025-10-10 00:00:00,2025-10-10 00:00:00,0,NULL,CRE,,NULL,5764
16656,59857,1408,1408,USD,ACH101025,2025-10-10 00:00:00,2025-10-10 00:00:00,0,NULL,CRE,,NULL,5764
16657,59847,1760,1760,USD,ACH101025,2025-10-10 00:00:00,2025-10-10 00:00:00,0,NULL,CRE,,NULL,5764
16658,59839,1321.54,1321.54,USD,ACH101025,2025-10-10 00:00:00,2025-10-10 00:00:00,0,NULL,CRE,,NULL,5764
16659,59853,1530.98,1530.98,USD,ACH101025,2025-10-10 00:00:00,2025-10-10 00:00:00,0,NULL,CRE,,NULL,5764
16660,59844,1689.6,1689.6,USD,ACH101025,2025-10-10 00:00:00,2025-10-10 00:00:00,0,NULL,CRE,,NULL,5764
16661,59817,10320,10320,USD,ACH101025,2025-10-10 00:00:00,2025-10-10 00:00:00,0,NULL,CRE,,NULL,5765
16662,59782,250,250,USD,ACH101025,2025-10-10 00:00:00,2025-10-10 00:00:00,0,NULL,CRE,,NULL,5765
16663,59160,4704.6,4704.6,USD,ACH100925,2025-10-09 00:00:00,2025-10-09 00:00:00,0,NULL,CRE,,NULL,5766
16664,59110,5676,5676,USD,ACH100925,2025-10-09 00:00:00,2025-10-09 00:00:00,0,NULL,CRE,,NULL,5766
16665,59270,6117,6117,USD,ACH100925,2025-10-09 00:00:00,2025-10-09 00:00:00,0,NULL,CRE,,NULL,5766
16666,59368,5113.5,5113.5,USD,ACH100925,2025-10-09 00:00:00,2025-10-09 00:00:00,0,NULL,CRE,,NULL,5766
16667,59505,2023,2023,USD,ACH101625,2025-10-16 00:00:00,2025-10-16 00:00:00,0,NULL,CRE,,NULL,5767
16668,59504,1904,1904,USD,ACH101625,2025-10-16 00:00:00,2025-10-16 00:00:00,0,NULL,CRE,,NULL,5767
16669,59805,9179.94,9179.94,USD,ACH101525,2025-10-15 00:00:00,2025-10-15 00:00:00,0,NULL,CRE,,NULL,5768
16670,59806,8595.4,8595.4,USD,ACH101525,2025-10-15 00:00:00,2025-10-15 00:00:00,0,NULL,CRE,,NULL,5769
16671,59751,702.81,702.81,USD,ACH101525,2025-10-15 00:00:00,2025-10-15 00:00:00,0,NULL,CRE,,NULL,5770
16672,59727,1862.82,1862.82,USD,ACH101725,2025-10-17 00:00:00,2025-10-17 00:00:00,0,NULL,CRE,,NULL,5771
16673,59829,10557,10557,USD,ACH101725,2025-10-17 00:00:00,2025-10-17 00:00:00,0,NULL,CRE,,NULL,5772
16674,59818,10635,10635,USD,ACH101725,2025-10-17 00:00:00,2025-10-17 00:00:00,0,NULL,CRE,,NULL,5772
16675,59728,1116.5,1116.5,USD,ACH101725,2025-10-17 00:00:00,2025-10-17 00:00:00,0,NULL,CRE,,NULL,5773
16676,59858,1095,1095,USD,ACH101725,2025-10-17 00:00:00,2025-10-17 00:00:00,0,NULL,CRE,,NULL,5773
16677,59873,5787,5787,USD,ACH101725,2025-10-17 00:00:00,2025-10-17 00:00:00,0,NULL,CRE,,NULL,5774
16678,59822,2439.8,2439.8,USD,ACH101725,2025-10-17 00:00:00,2025-10-17 00:00:00,0,NULL,CRE,,NULL,5774
16679,59680,970,970,USD,ACH101425,2025-10-14 00:00:00,2025-10-14 00:00:00,0,NULL,CRE,,NULL,5775
16680,59801,11215.2,11215.2,USD,CK 128661,2025-10-17 00:00:00,2025-10-17 00:00:00,0,NULL,CRE,,NULL,5776
16681,59796,3160,3160,USD,CK 128661,2025-10-17 00:00:00,2025-10-17 00:00:00,0,NULL,CRE,,NULL,5776
16682,59812,3193.6,3193.6,USD,CK 128661,2025-10-17 00:00:00,2025-10-17 00:00:00,0,NULL,CRE,,NULL,5776
16683,59849,15917.1,15917.1,USD,CK 128661,2025-10-17 00:00:00,2025-10-17 00:00:00,0,NULL,CRE,,NULL,5776
16684,59742,907.2,907.2,USD,ACH102025,2025-10-20 00:00:00,2025-10-20 00:00:00,0,NULL,CRE,,NULL,5777
16685,59743,1152,1152,USD,ACH102025,2025-10-20 00:00:00,2025-10-20 00:00:00,0,NULL,CRE,,NULL,5777
16686,59754,2822.18,2822.18,USD,ACH102025,2025-10-20 00:00:00,2025-10-20 00:00:00,0,NULL,CRE,,NULL,5778
16687,59753,7113.4,7113.4,USD,ACH102125,2025-10-21 00:00:00,2025-10-21 00:00:00,0,NULL,CRE,,NULL,5779
16688,59616,7560,7560,USD,ACH102325,2025-10-23 00:00:00,2025-10-23 00:00:00,0,NULL,CRE,,NULL,5780
16689,59823,7232.4,7232.4,USD,ACH102425,2025-10-24 00:00:00,2025-10-24 00:00:00,0,NULL,CRE,,NULL,5781
16690,59859,428.5,428.5,USD,ACH102425,2025-10-24 00:00:00,2025-10-24 00:00:00,0,NULL,CRE,,NULL,5782
16691,59809,3750,3750,USD,ACH102425,2025-10-24 00:00:00,2025-10-24 00:00:00,0,NULL,CRE,,NULL,5783
16692,59899,1746.36,1746.36,USD,ACH102425,2025-10-24 00:00:00,2025-10-24 00:00:00,0,NULL,CRE,,NULL,5784
16693,59908,976.8,976.8,USD,ACH102425,2025-10-24 00:00:00,2025-10-24 00:00:00,0,NULL,CRE,,NULL,5784
16694,59906,1154.01,1154.01,USD,ACH102425,2025-10-24 00:00:00,2025-10-24 00:00:00,0,NULL,CRE,,NULL,5784
16695,59830,9332,9332,USD,ACH102425,2025-10-24 00:00:00,2025-10-24 00:00:00,0,NULL,CRE,,NULL,5785
16696,59815,10237.5,10237.5,USD,ACH102425,2025-10-24 00:00:00,2025-10-24 00:00:00,0,NULL,CRE,,NULL,5785
16697,59709,10130,10130,USD,ACH102425,2025-10-24 00:00:00,2025-10-24 00:00:00,0,NULL,CRE,,NULL,5785
16698,59640,10564.5,10564.5,USD,ACH102425,2025-10-24 00:00:00,2025-10-24 00:00:00,0,NULL,CRE,,NULL,5785
16699,59641,10622.75,10622.75,USD,ACH102425,2025-10-24 00:00:00,2025-10-24 00:00:00,0,NULL,CRE,,NULL,5785
16700,59787,11734.27,11734.27,USD,ACH102325,2025-10-23 00:00:00,2025-10-23 00:00:00,0,NULL,CRE,,NULL,5786
16701,INV59588,447.5,447.5,USD,ACH102225,2025-10-22 00:00:00,2025-10-22 00:00:00,0,NULL,CRE,,NULL,5787
16702,59885,4415.62,4415.62,USD,ACH102825,2025-10-28 00:00:00,2025-10-28 00:00:00,0,NULL,CRE,,NULL,5788
16703,59874,6266.2,6266.2,USD,ACH102825,2025-10-28 00:00:00,2025-10-28 00:00:00,0,NULL,CRE,,NULL,5789
16704,59872,7023.6,7023.6,USD,ACH102825,2025-10-28 00:00:00,2025-10-28 00:00:00,0,NULL,CRE,,NULL,5790
16705,59655,1521.8,1521.8,USD,ACH102825,2025-10-28 00:00:00,2025-10-28 00:00:00,0,NULL,CRE,,NULL,5791
16706,59658,1573.8,1573.8,USD,ACH102825,2025-10-28 00:00:00,2025-10-28 00:00:00,0,NULL,CRE,,NULL,5791
16707,59725,7387.2,7387.2,USD,ACH102825,2025-10-28 00:00:00,2025-10-28 00:00:00,0,NULL,CRE,,NULL,5791
16708,59706,9259.2,9259.2,USD,ACH102825,2025-10-28 00:00:00,2025-10-28 00:00:00,0,NULL,CRE,,NULL,5791
16709,59755,9352,9352,USD,ACH102825,2025-10-28 00:00:00,2025-10-28 00:00:00,0,NULL,CRE,,NULL,5791
16710,59726,10801.29,10801.29,USD,ACH102825,2025-10-28 00:00:00,2025-10-28 00:00:00,0,NULL,CRE,,NULL,5791
16711,INV59271,300,300,USD,CK 333230,2025-10-30 00:00:00,2025-10-30 00:00:00,0,NULL,CRE,,NULL,5792
16712,INV59347,300,300,USD,CK 333230,2025-10-30 00:00:00,2025-10-30 00:00:00,0,NULL,CRE,,NULL,5792
16713,INV59833,300,300,USD,CK 333230,2025-10-30 00:00:00,2025-10-30 00:00:00,0,NULL,CRE,,NULL,5792
16714,INV59037,2903.75,2903.75,USD,CK 134282,2025-10-30 00:00:00,2025-10-30 00:00:00,0,NULL,CRE,,NULL,5793
16715,59843,9455,9455,USD,CK 13964,2025-10-30 00:00:00,2025-10-30 00:00:00,0,NULL,CRE,,NULL,5794
16716,59761,11605,11605,USD,CK 31310,2025-10-30 00:00:00,2025-10-30 00:00:00,0,NULL,CRE,,NULL,5795
16717,59850,7214.94,7214.94,USD,CK 12295,2025-10-30 00:00:00,2025-10-30 00:00:00,0,NULL,CRE,,NULL,5796
16718,59841,7111.26,7111.26,USD,CK 12295,2025-10-30 00:00:00,2025-10-30 00:00:00,0,NULL,CRE,,NULL,5796
16719,59716,2030,2030,USD,ACH103125,2025-10-31 00:00:00,2025-10-31 00:00:00,0,NULL,CRE,,NULL,5797
16720,59715,1834,1834,USD,ACH103125,2025-10-31 00:00:00,2025-10-31 00:00:00,0,NULL,CRE,,NULL,5797
16721,59819,2296,2296,USD,ACH103125,2025-10-31 00:00:00,2025-10-31 00:00:00,0,NULL,CRE,,NULL,5797
16722,59877,2331,2331,USD,ACH103125,2025-10-31 00:00:00,2025-10-31 00:00:00,0,NULL,CRE,,NULL,5797
16723,59717,1953,1953,USD,ACH103125,2025-10-31 00:00:00,2025-10-31 00:00:00,0,NULL,CRE,,NULL,5797
16724,59927,1463,1463,USD,ACH103125,2025-10-31 00:00:00,2025-10-31 00:00:00,0,NULL,CRE,,NULL,5798
16725,59926,1841.18,1841.18,USD,ACH103125,2025-10-31 00:00:00,2025-10-31 00:00:00,0,NULL,CRE,,NULL,5798
16726,59910,5949,5949,USD,ACH103125,2025-10-31 00:00:00,2025-10-31 00:00:00,0,NULL,CRE,,NULL,5798
16727,59934,1493.8,1493.8,USD,ACH103125,2025-10-31 00:00:00,2025-10-31 00:00:00,0,NULL,CRE,,NULL,5798
16728,59203,9316.8,9316.8,USD,ACH103125,2025-10-31 00:00:00,2025-10-31 00:00:00,0,NULL,CRE,,NULL,5799
16729,59816,9691.4,9691.4,USD,ACH103125,2025-10-31 00:00:00,2025-10-31 00:00:00,0,NULL,CRE,,NULL,5799
16730,59814,7672.8,7672.8,USD,ACH103025,2025-10-30 00:00:00,2025-10-30 00:00:00,0,NULL,CRE,,NULL,5800
16731,INV58885,95,95,USD,CK 50015,2025-11-05 00:00:00,2025-11-05 00:00:00,0,NULL,CRE,,NULL,5802
16732,INV59236,150,150,USD,CK 50015,2025-11-05 00:00:00,2025-11-05 00:00:00,0,NULL,CRE,,NULL,5802
16733,INV59899,350,350,USD,ACH110325,2025-11-03 00:00:00,2025-11-03 00:00:00,0,NULL,CRE,,NULL,5803
16734,59802,4779.72,4779.72,USD,ACH110425,2025-11-04 00:00:00,2025-11-04 00:00:00,0,NULL,CRE,,NULL,5804
16735,59788,11160.6,11160.6,USD,ACH110425,2025-11-04 00:00:00,2025-11-04 00:00:00,0,NULL,CRE,,NULL,5804
16736,59703R,1233.6,1233.6,USD,ACH110325,2025-11-03 00:00:00,2025-11-03 00:00:00,0,NULL,CRE,,NULL,5805
16737,59807,9081.38,9081.38,USD,ACH110425,2025-11-04 00:00:00,2025-11-04 00:00:00,0,NULL,CRE,,NULL,5806
16738,59848,2293.2,2293.2,USD,ACH111025,2025-11-10 00:00:00,2025-11-10 00:00:00,0,NULL,CRE,,NULL,5807
16739,59832,693.18,693.18,USD,ACH111025,2025-11-10 00:00:00,2025-11-10 00:00:00,0,NULL,CRE,,NULL,5807
16740,59935,1348.6,1348.6,USD,ACH110725,2025-11-07 00:00:00,2025-11-07 00:00:00,0,NULL,CRE,,NULL,5808
16741,59941,1438.8,1438.8,USD,ACH110725,2025-11-07 00:00:00,2025-11-07 00:00:00,0,NULL,CRE,,NULL,5808
16742,59954,1313.4,1313.4,USD,ACH110725,2025-11-07 00:00:00,2025-11-07 00:00:00,0,NULL,CRE,,NULL,5808
16743,59958,1104.4,1104.4,USD,ACH110725,2025-11-07 00:00:00,2025-11-07 00:00:00,0,NULL,CRE,,NULL,5808
16744,59775,1771,1771,USD,CK 7570,2025-11-11 00:00:00,2025-11-11 00:00:00,0,1327,UAC,,NULL,5809
16745,59442C,648.64,648.64,USD,CK 7570,2025-11-11 00:00:00,2025-11-11 00:00:00,0,1327,UAC,,NULL,5809
16746,59763,3800,3800,USD,ACH081525,2025-11-11 00:00:00,2025-11-11 00:00:00,0,1318,UAC,,NULL,5810
16747,59854,5998.75,5998.75,USD,ACH111425,2025-11-14 00:00:00,2025-11-14 00:00:00,0,NULL,CRE,,NULL,5811
16748,59900,8104.8,8104.8,USD,ACH111425,2025-11-14 00:00:00,2025-11-14 00:00:00,0,NULL,CRE,,NULL,5811
16749,59766,3441.6,3441.6,USD,ACH111325,2025-11-13 00:00:00,2025-11-13 00:00:00,0,NULL,CRE,,NULL,5812
16750,59739A,8549.52,8549.52,USD,ACH111325,2025-11-13 00:00:00,2025-11-13 00:00:00,0,NULL,CRE,,NULL,5812
16751,59656,2345.8,2345.8,USD,ACH111325,2025-11-13 00:00:00,2025-11-13 00:00:00,0,NULL,CRE,,NULL,5812
16752,59657,1566.6,1566.6,USD,ACH111325,2025-11-13 00:00:00,2025-11-13 00:00:00,0,NULL,CRE,,NULL,5812
16753,59660,1615.8,1615.8,USD,ACH111325,2025-11-13 00:00:00,2025-11-13 00:00:00,0,NULL,CRE,,NULL,5812
16754,59661,1648.3,1648.3,USD,ACH111325,2025-11-13 00:00:00,2025-11-13 00:00:00,0,NULL,CRE,,NULL,5812
16755,59659,1685.8,1685.8,USD,ACH111325,2025-11-13 00:00:00,2025-11-13 00:00:00,0,NULL,CRE,,NULL,5812
16756,59617,6370,6370,USD,ACH111325,2025-11-13 00:00:00,2025-11-13 00:00:00,0,NULL,CRE,,NULL,5813
16757,59895,5914.24,5914.24,USD,ACH111325,2025-11-13 00:00:00,2025-11-13 00:00:00,0,NULL,CRE,,NULL,5814
16758,59936,1298,1298,USD,ACH111425,2025-11-14 00:00:00,2025-11-14 00:00:00,0,NULL,CRE,,NULL,5815
16759,59986,1651.98,1651.98,USD,ACH111425,2025-11-14 00:00:00,2025-11-14 00:00:00,0,NULL,CRE,,NULL,5815
16760,59979,3492.8,3492.8,USD,ACH111425,2025-11-14 00:00:00,2025-11-14 00:00:00,0,NULL,CRE,,NULL,5815
16761,59971,3795,3795,USD,ACH111425,2025-11-14 00:00:00,2025-11-14 00:00:00,0,NULL,CRE,,NULL,5815
16762,59970,1284.8,1284.8,USD,ACH111425,2025-11-14 00:00:00,2025-11-14 00:00:00,0,NULL,CRE,,NULL,5815
16763,59964,1038.4,1038.4,USD,ACH111425,2025-11-14 00:00:00,2025-11-14 00:00:00,0,NULL,CRE,,NULL,5815
16764,59803,4925.45,4925.45,USD,ACH110725,2025-11-07 00:00:00,2025-11-07 00:00:00,0,NULL,CRE,,NULL,5816
16765,59888,4739.2,4739.2,USD,CK 128837,2025-11-17 00:00:00,2025-11-17 00:00:00,0,NULL,CRE,,NULL,5817
16766,59917,10382.6,10382.6,USD,CK 128837,2025-11-17 00:00:00,2025-11-17 00:00:00,0,NULL,CRE,,NULL,5817
16767,59920,6366.72,6366.72,USD,CK 12350,2025-11-17 00:00:00,2025-11-17 00:00:00,0,NULL,CRE,,NULL,5818
16768,INV59714,250,250,USD,7002585153,2025-11-17 00:00:00,2025-11-17 00:00:00,0,NULL,CRE,,NULL,5819
16769,59925,4538.25,4538.25,USD,CK 221215,2025-11-17 00:00:00,2025-11-17 00:00:00,0,NULL,CRE,,NULL,5820
16770,59808,8320,8320,USD,CK 31385,2025-11-17 00:00:00,2025-11-17 00:00:00,0,NULL,CRE,,NULL,5821
16771,59875,4513.6,4513.6,USD,CK 9316,2025-11-17 00:00:00,2025-11-17 00:00:00,0,NULL,CRE,,NULL,5822
16772,59773,11605,11605,USD,CK 31362,2025-11-17 00:00:00,2025-11-17 00:00:00,0,NULL,CRE,,NULL,5823
16773,59831,7777,7777,USD,ACH111725,2025-11-17 00:00:00,2025-11-17 00:00:00,0,NULL,CRE,,NULL,5824
16774,59804,2277,2277,USD,ACH112125,2025-11-21 00:00:00,2025-11-21 00:00:00,0,NULL,CRE,,NULL,5825
16775,59760,4091.6,4091.6,USD,ACH112125,2025-11-21 00:00:00,2025-11-21 00:00:00,0,NULL,CRE,,NULL,5826
16776,59975,1179.2,1179.2,USD,ACH112125,2025-11-21 00:00:00,2025-11-21 00:00:00,0,NULL,CRE,,NULL,5827
16777,59993,8060.6,8060.6,USD,ACH112125,2025-11-21 00:00:00,2025-11-21 00:00:00,0,NULL,CRE,,NULL,5827
16778,60013,1009.91,1009.91,USD,ACH112125,2025-11-21 00:00:00,2025-11-21 00:00:00,0,NULL,CRE,,NULL,5827
16779,59937,1276,1276,USD,ACH112125,2025-11-21 00:00:00,2025-11-21 00:00:00,0,NULL,CRE,,NULL,5827
16780,60011,1559.8,1559.8,USD,ACH112125,2025-11-21 00:00:00,2025-11-21 00:00:00,0,NULL,CRE,,NULL,5827
16781,60022,1165.13,1165.13,USD,ACH112125,2025-11-21 00:00:00,2025-11-21 00:00:00,0,NULL,CRE,,NULL,5827
16782,59630,10045.75,10045.75,USD,WIR112025,2025-11-20 00:00:00,2025-11-20 00:00:00,0,NULL,CRE,,NULL,5828
16783,59855,8074.8,8074.8,USD,ACH112025,2025-11-20 00:00:00,2025-11-20 00:00:00,0,NULL,CRE,,NULL,5829
16784,59883,2156,2156,USD,ACH111925,2025-11-19 00:00:00,2025-11-19 00:00:00,0,NULL,CRE,,NULL,5830
16785,59914,2177,2177,USD,ACH111925,2025-11-19 00:00:00,2025-11-19 00:00:00,0,NULL,CRE,,NULL,5830
16786,59913,2282,2282,USD,ACH111925,2025-11-19 00:00:00,2025-11-19 00:00:00,0,NULL,CRE,,NULL,5830
16787,59876,3750,3750,USD,ACH111925,2025-11-19 00:00:00,2025-11-19 00:00:00,0,NULL,CRE,,NULL,5831
16788,59909,4350,4350,USD,CK 44659,2025-11-21 00:00:00,2025-11-21 00:00:00,0,NULL,CRE,,NULL,5832
16789,59931,3143.4,3143.4,USD,CK 28120,2025-11-21 00:00:00,2025-11-21 00:00:00,0,NULL,CRE,,NULL,5833
16790,59827,14145,14145,USD,CK 31404,2025-11-21 00:00:00,2025-11-21 00:00:00,0,NULL,CRE,,NULL,5834
16791,59871,8439.2,8439.2,USD,CK 31386,2025-11-21 00:00:00,2025-11-21 00:00:00,0,NULL,CRE,,NULL,5835
16792,59965,10522.6,10522.6,USD,CK 128948,2025-11-25 00:00:00,2025-11-25 00:00:00,0,NULL,CRE,,NULL,5836
16793,59990,3832.4,3832.4,USD,CK 128948,2025-11-25 00:00:00,2025-11-25 00:00:00,0,NULL,CRE,,NULL,5836
16794,59842,541.56,541.56,USD,ACH112425,2025-11-24 00:00:00,2025-11-24 00:00:00,0,NULL,CRE,,NULL,5837
16795,59898,558.48,558.48,USD,ACH112425,2025-11-24 00:00:00,2025-11-24 00:00:00,0,NULL,CRE,,NULL,5837
16796,59901,603.32,603.32,USD,ACH112425,2025-11-24 00:00:00,2025-11-24 00:00:00,0,NULL,CRE,,NULL,5837
16797,59904,1557.33,1557.33,USD,ACH112425,2025-11-24 00:00:00,2025-11-24 00:00:00,0,NULL,CRE,,NULL,5837
16798,INV59954,400,400,USD,ACH112525,2025-11-25 00:00:00,2025-11-25 00:00:00,0,NULL,CRE,,NULL,5838
16799,INV9856,145.23,145.23,USD,2001428315,2025-11-17 00:00:00,2025-11-17 00:00:00,0,NULL,CRE,,NULL,5839
16800,INV59859,568.98,568.98,USD,2001428315,2025-11-17 00:00:00,2025-11-17 00:00:00,0,NULL,CRE,,NULL,5839
16801,59992,4963.2,4963.2,USD,CK 129148,2025-12-01 00:00:00,2025-12-01 00:00:00,0,NULL,CRE,,NULL,5840
16802,60025,10306.2,10306.2,USD,CK 129148,2025-12-01 00:00:00,2025-12-01 00:00:00,0,NULL,CRE,,NULL,5840
16803,59952,4313.5,4313.5,USD,AK 87402,2025-12-01 00:00:00,2025-12-01 00:00:00,0,NULL,CRE,,NULL,5841
16804,60028,1943.8,1943.8,USD,CK 2484,2025-12-01 00:00:00,2025-12-01 00:00:00,0,NULL,CRE,,NULL,5842
16805,59983,15960,15960,USD,ACH112625,2025-11-26 00:00:00,2025-11-26 00:00:00,0,NULL,CRE,,NULL,5843
16806,60021,1786.4,1786.4,USD,ACH112825,2025-11-28 00:00:00,2025-11-28 00:00:00,0,NULL,CRE,,NULL,5844
16807,60018,1845.8,1845.8,USD,ACH112825,2025-11-28 00:00:00,2025-11-28 00:00:00,0,NULL,CRE,,NULL,5844
16808,59980,3249.6,3249.6,USD,ACH112825,2025-11-28 00:00:00,2025-11-28 00:00:00,0,NULL,CRE,,NULL,5844
16809,60020,5508,5508,USD,ACH112825,2025-11-28 00:00:00,2025-11-28 00:00:00,0,NULL,CRE,,NULL,5844
16810,59846,10821.16,10821.16,USD,ACH120125,2025-12-01 00:00:00,2025-12-01 00:00:00,0,NULL,CRE,,NULL,5845
16811,59966,5922,5922,USD,ACH120225,2025-12-02 00:00:00,2025-12-02 00:00:00,0,NULL,CRE,,NULL,5846
16812,59756,4500,4500,USD,ACH120425,2025-12-04 00:00:00,2025-12-04 00:00:00,0,NULL,CRE,,NULL,5847
16813,59982,15960,15960,USD,ACH120425,2025-12-04 00:00:00,2025-12-04 00:00:00,0,NULL,CRE,,NULL,5848
16814,59989,7340.4,7340.4,USD,CK 2392,2025-12-05 00:00:00,2025-12-05 00:00:00,0,NULL,CRE,,NULL,5849
16815,58141,3204,3204,USD,CK VV190,2025-12-05 00:00:00,2025-12-05 00:00:00,0,NULL,CRE,,NULL,5850
16816,58348,1213.56,1213.56,USD,CK VV190,2025-12-05 00:00:00,2025-12-05 00:00:00,0,NULL,CRE,,NULL,5850
16817,58349,1196.76,1196.76,USD,CK VV190,2025-12-05 00:00:00,2025-12-05 00:00:00,0,NULL,CRE,,NULL,5850
16818,58405,211.2,211.2,USD,CK VV190,2025-12-05 00:00:00,2025-12-05 00:00:00,0,NULL,CRE,,NULL,5850
16819,58483,1291.32,1291.32,USD,CK VV190,2025-12-05 00:00:00,2025-12-05 00:00:00,0,NULL,CRE,,NULL,5850
16820,INV59975,250,250,USD,7002606131,2025-11-20 00:00:00,2025-11-20 00:00:00,0,NULL,CRE,,NULL,5851
16821,59882,437.06,437.06,USD,ACH111425,2025-11-14 00:00:00,2025-11-14 00:00:00,0,NULL,CRE,,NULL,5852
16822,59893,1371.5,1371.5,USD,ACH120825,2025-12-08 00:00:00,2025-12-08 00:00:00,0,NULL,CRE,,NULL,5853
16823,59930,687.35,687.35,USD,ACH120825,2025-12-08 00:00:00,2025-12-08 00:00:00,0,NULL,CRE,,NULL,5853
16824,59840,2017.39,2017.39,USD,ACH120825,2025-12-08 00:00:00,2025-12-08 00:00:00,0,NULL,CRE,,NULL,5853
16825,59881,2584.8,2584.8,USD,ACH120825,2025-12-08 00:00:00,2025-12-08 00:00:00,0,NULL,CRE,,NULL,5853
16826,59955,587.62,587.62,USD,ACH120825,2025-12-08 00:00:00,2025-12-08 00:00:00,0,NULL,CRE,,NULL,5853
16827,59759,1052.74,1052.74,USD,ACH120825,2025-12-08 00:00:00,2025-12-08 00:00:00,0,NULL,CRE,,NULL,5853
16828,59781,439.2,439.2,USD,ACH120825,2025-12-08 00:00:00,2025-12-08 00:00:00,0,NULL,CRE,,NULL,5853
16829,59995,6944.4,6944.4,USD,59995,2025-12-08 00:00:00,2025-12-08 00:00:00,0,NULL,CRE,,NULL,5854
16830,60017,1628.64,1628.64,USD,ACH120525,2025-12-05 00:00:00,2025-12-05 00:00:00,0,NULL,CRE,,NULL,5855
16831,60029,1603.8,1603.8,USD,ACH120525,2025-12-05 00:00:00,2025-12-05 00:00:00,0,NULL,CRE,,NULL,5855
16832,60078,1350.8,1350.8,USD,ACH120525,2025-12-05 00:00:00,2025-12-05 00:00:00,0,NULL,CRE,,NULL,5855
16833,60068,3106.5,3106.5,USD,ACH120525,2025-12-05 00:00:00,2025-12-05 00:00:00,0,NULL,CRE,,NULL,5855
16834,59988,3372.6,3372.6,USD,ACH121025,2025-12-10 00:00:00,2025-12-10 00:00:00,0,NULL,CRE,,NULL,5856
16835,59968,8088,8088,USD,ACH121025,2025-12-10 00:00:00,2025-12-10 00:00:00,0,NULL,CRE,,NULL,5857
16836,59973,4425.3,4425.3,USD,ACH121025,2025-12-10 00:00:00,2025-12-10 00:00:00,0,NULL,CRE,,NULL,5858
16837,59713,10411.2,10411.2,USD,ACH121225,2025-12-12 00:00:00,2025-12-12 00:00:00,0,NULL,CRE,,NULL,5859
16838,59662,1566.8,1566.8,USD,ACH121225,2025-12-12 00:00:00,2025-12-12 00:00:00,0,NULL,CRE,,NULL,5859
16839,59785,1699.2,1699.2,USD,ACH121225,2025-12-12 00:00:00,2025-12-12 00:00:00,0,NULL,CRE,,NULL,5859
16840,59663,1565.8,1565.8,USD,ACH121225,2025-12-12 00:00:00,2025-12-12 00:00:00,0,NULL,CRE,,NULL,5859
16841,59793,4512,4512,USD,ACH121225,2025-12-12 00:00:00,2025-12-12 00:00:00,0,NULL,CRE,,NULL,5859
16842,59664,2129.8,2129.8,USD,ACH121225,2025-12-12 00:00:00,2025-12-12 00:00:00,0,NULL,CRE,,NULL,5859
16843,59997,10502.4,10502.4,USD,ACH121225,2025-12-12 00:00:00,2025-12-12 00:00:00,0,NULL,CRE,,NULL,5860
16844,59953,10027.2,10027.2,USD,ACH121125,2025-12-11 00:00:00,2025-12-11 00:00:00,0,NULL,CRE,,NULL,5861
16845,59618,7960,7960,USD,ACH121125,2025-12-11 00:00:00,2025-12-11 00:00:00,0,NULL,CRE,,NULL,5861
16846,60088,1282.6,1282.6,USD,ACH121225,2025-12-12 00:00:00,2025-12-12 00:00:00,0,NULL,CRE,,NULL,5862
16847,60081,1937.76,1937.76,USD,ACH121225,2025-12-12 00:00:00,2025-12-12 00:00:00,0,NULL,CRE,,NULL,5862
16848,60067,3351,3351,USD,ACH121225,2025-12-12 00:00:00,2025-12-12 00:00:00,0,NULL,CRE,,NULL,5862
16849,60092,3160,3160,USD,ACH121225,2025-12-12 00:00:00,2025-12-12 00:00:00,0,NULL,CRE,,NULL,5862
16850,59921,8730.33,8730.33,USD,46761,2025-12-15 00:00:00,2025-12-15 00:00:00,0,NULL,CRE,,NULL,5863
16851,59902,3750,3750,USD,ACH121625,2025-12-16 00:00:00,2025-12-16 00:00:00,0,NULL,CRE,,NULL,5864
16852,59894,1972.32,1972.32,USD,ACH121625,2025-12-16 00:00:00,2025-12-16 00:00:00,0,NULL,CRE,,NULL,5865
16853,59718,1876,1876,USD,ACH121725,2025-12-17 00:00:00,2025-12-17 00:00:00,0,NULL,CRE,,NULL,5866
16854,59720,1890,1890,USD,ACH121725,2025-12-17 00:00:00,2025-12-17 00:00:00,0,NULL,CRE,,NULL,5866
16855,59719,1911,1911,USD,ACH121725,2025-12-17 00:00:00,2025-12-17 00:00:00,0,NULL,CRE,,NULL,5866
16856,59723,1939,1939,USD,ACH121725,2025-12-17 00:00:00,2025-12-17 00:00:00,0,NULL,CRE,,NULL,5866
16857,59722,1953,1953,USD,ACH121725,2025-12-17 00:00:00,2025-12-17 00:00:00,0,NULL,CRE,,NULL,5866
16858,59721,1834,1834,USD,ACH121725,2025-12-17 00:00:00,2025-12-17 00:00:00,0,NULL,CRE,,NULL,5866
16859,60061,4320,4320,USD,ACH122225,2025-12-22 00:00:00,2025-12-22 00:00:00,0,NULL,CRE,,NULL,5867
16860,60014,13812.68,13812.68,USD,ACH122225,2025-12-22 00:00:00,2025-12-22 00:00:00,0,NULL,CRE,,NULL,5868
16861,59437,5301,5301,USD,ACH121925,2025-12-19 00:00:00,2025-12-19 00:00:00,0,NULL,CRE,,NULL,5869
16862,59054,4611,4611,USD,ACH121925,2025-12-19 00:00:00,2025-12-19 00:00:00,0,NULL,CRE,,NULL,5869
16863,59436,6342.4,6342.4,USD,ACH121925,2025-12-19 00:00:00,2025-12-19 00:00:00,0,NULL,CRE,,NULL,5869
16864,59585,5844.6,5844.6,USD,ACH121925,2025-12-19 00:00:00,2025-12-19 00:00:00,0,NULL,CRE,,NULL,5869
16865,59961,1074.08,1074.08,USD,ACH121925,2025-12-19 00:00:00,2025-12-19 00:00:00,0,NULL,CRE,,NULL,5870
16866,59972,1678.43,1678.43,USD,ACH121925,2025-12-19 00:00:00,2025-12-19 00:00:00,0,NULL,CRE,,NULL,5870
16867,60069,2825.25,2825.25,USD,ACH121925,2025-12-19 00:00:00,2025-12-19 00:00:00,0,NULL,CRE,,NULL,5871
16868,59977,2810.72,2810.72,USD,CK 28843,2025-12-15 00:00:00,2025-12-15 00:00:00,0,NULL,CRE,,NULL,5872
16869,59978,3308.14,3308.14,USD,CK 28843,2025-12-15 00:00:00,2025-12-15 00:00:00,0,NULL,CRE,,NULL,5872
16870,INV59415,250,250,USD,C1002089867,2025-12-22 00:00:00,2025-12-22 00:00:00,0,NULL,CRE,,NULL,5873
16871,INV59445,250,250,USD,C1002089867,2025-12-22 00:00:00,2025-12-22 00:00:00,0,NULL,CRE,,NULL,5873
16872,59969,9649.1,9649.1,USD,ACH122425,2025-12-24 00:00:00,2025-12-24 00:00:00,0,NULL,CRE,,NULL,5874
16873,60059,9823.5,9823.5,USD,ACH122425,2025-12-24 00:00:00,2025-12-24 00:00:00,0,NULL,CRE,,NULL,5874
16874,59619,8115,8115,USD,ACH122425,2025-12-24 00:00:00,2025-12-24 00:00:00,0,NULL,CRE,,NULL,5874
16875,59905,10335.3,10335.3,USD,ACH122425,2025-12-24 00:00:00,2025-12-24 00:00:00,0,NULL,CRE,,NULL,5874
16876,60101,1006,1006,USD,ACH122625,2025-12-26 00:00:00,2025-12-26 00:00:00,0,NULL,CRE,,NULL,5875
16877,60105,1708,1708,USD,ACH122625,2025-12-26 00:00:00,2025-12-26 00:00:00,0,NULL,CRE,,NULL,5875
16878,60070,2299.5,2299.5,USD,ACH122625,2025-12-26 00:00:00,2025-12-26 00:00:00,0,NULL,CRE,,NULL,5875
16879,60073,4788,4788,USD,ACH122625,2025-12-26 00:00:00,2025-12-26 00:00:00,0,NULL,CRE,,NULL,5876
16880,59929,528,528,USD,ACH122625,2025-12-26 00:00:00,2025-12-26 00:00:00,0,NULL,CRE,,NULL,5877
16881,60034,804.96,804.96,USD,ACH122625,2025-12-26 00:00:00,2025-12-26 00:00:00,0,NULL,CRE,,NULL,5877
16882,59912,2246.4,2246.4,USD,ACH122625,2025-12-26 00:00:00,2025-12-26 00:00:00,0,NULL,CRE,,NULL,5877
16883,59911,2657.85,2657.85,USD,ACH122625,2025-12-26 00:00:00,2025-12-26 00:00:00,0,NULL,CRE,,NULL,5877
16884,59570,6198.4,6198.4,USD,ACH122325,2025-12-23 00:00:00,2025-12-23 00:00:00,0,NULL,CRE,,NULL,5878
16885,59608,6169.6,6169.6,USD,ACH122325,2025-12-23 00:00:00,2025-12-23 00:00:00,0,NULL,CRE,,NULL,5878
16886,60076,5527.2,5527.2,USD,ACH123025,2025-12-30 00:00:00,2025-12-30 00:00:00,0,NULL,CRE,,NULL,5879
16887,58569,2462.72,2462.72,USD,INV59825,2026-01-02 00:00:00,2026-01-02 00:00:00,0,NULL,CRE,,NULL,5880
16888,58750,9430.92,9430.92,USD,INV59825,2026-01-02 00:00:00,2026-01-02 00:00:00,0,NULL,CRE,,NULL,5880
16889,58902,1107.45,1107.45,USD,INV59825,2026-01-02 00:00:00,2026-01-02 00:00:00,0,NULL,CRE,,NULL,5880
16890,INV59825,-13001.09,-13001.09,USD,INV59825,2026-01-02 00:00:00,2026-01-02 00:00:00,0,NULL,CRE,,NULL,5880
16891,INV58698,-14318.42,-14318.42,USD,INV58698,2026-01-02 00:00:00,2026-01-02 00:00:00,0,NULL,CRE,,NULL,5881
16892,58902,9818.99,9818.99,USD,INV58698,2026-01-02 00:00:00,2026-01-02 00:00:00,0,NULL,CRE,,NULL,5881
16893,58916,4499.43,4499.43,USD,INV58698,2026-01-02 00:00:00,2026-01-02 00:00:00,0,NULL,CRE,,NULL,5881
16894,59408,2740.4,2740.4,USD,CM60171,2026-01-02 00:00:00,2026-01-02 00:00:00,0,NULL,CRE,,NULL,5882
16895,59407,2756,2756,USD,CM60171,2026-01-02 00:00:00,2026-01-02 00:00:00,0,NULL,CRE,,NULL,5882
16896,59409,712.01,712.01,USD,CM60171,2026-01-02 00:00:00,2026-01-02 00:00:00,0,NULL,CRE,,NULL,5882
16897,60171,-6208.41,-6208.41,USD,CM60171,2026-01-02 00:00:00,2026-01-02 00:00:00,0,NULL,CRE,,NULL,5882
16898,59996,6231.6,6231.6,USD,ACH123125,2025-12-31 00:00:00,2025-12-31 00:00:00,0,NULL,CRE,,NULL,5883
16899,60015,7105.14,7105.14,USD,ACH123125,2025-12-31 00:00:00,2025-12-31 00:00:00,0,NULL,CRE,,NULL,5883
16900,60035,9724.3,9724.3,USD,ACH123125,2025-12-31 00:00:00,2025-12-31 00:00:00,0,NULL,CRE,,NULL,5884
16901,60031,10462.2,10462.2,USD,ACH123125,2025-12-31 00:00:00,2025-12-31 00:00:00,0,NULL,CRE,,NULL,5884
16902,60093,1995.2,1995.2,USD,ACH010226,2026-01-05 00:00:00,2026-01-05 00:00:00,0,NULL,CRE,,NULL,5885
16903,60112,5625,5625,USD,ACH010226,2026-01-05 00:00:00,2026-01-05 00:00:00,0,NULL,CRE,,NULL,5885
16904,60131,1062,1062,USD,ACH010226,2026-01-05 00:00:00,2026-01-05 00:00:00,0,NULL,CRE,,NULL,5885
16905,60140,1092.3,1092.3,USD,ACH010226,2026-01-05 00:00:00,2026-01-05 00:00:00,0,NULL,CRE,,NULL,5885
16906,60142,7056.32,7056.32,USD,ACH010226,2026-01-05 00:00:00,2026-01-05 00:00:00,0,NULL,CRE,,NULL,5885
16907,59999,4116,4116,USD,CK 14021,2026-01-06 00:00:00,2026-01-06 00:00:00,0,NULL,CRE,,NULL,5886
16908,60032,4716.75,4716.75,USD,CK 14021,2026-01-06 00:00:00,2026-01-06 00:00:00,0,NULL,CRE,,NULL,5886
16909,59918,9255,9255,USD,CK 11879,2026-01-06 00:00:00,2026-01-06 00:00:00,0,NULL,CRE,,NULL,5887
16910,59466B,3025.7,3025.7,USD,CK 11879,2026-01-06 00:00:00,2026-01-06 00:00:00,0,NULL,CRE,,NULL,5887
16911,60060,4491.15,4491.15,USD,CK 221921,2026-01-06 00:00:00,2026-01-06 00:00:00,0,NULL,CRE,,NULL,5888
16912,59924,9735,9735,USD,CK 31447,2026-01-06 00:00:00,2026-01-06 00:00:00,0,NULL,CRE,,NULL,5889
16913,60104,5625.2,5625.2,USD,CK 9724,2026-01-06 00:00:00,2026-01-06 00:00:00,0,NULL,CRE,,NULL,5890
16914,60065,7401.4,7401.4,USD,CK 3793091,2026-01-06 00:00:00,2026-01-06 00:00:00,0,NULL,CRE,,NULL,5891
16915,59976,2606.12,2606.12,USD,CK 28879,2026-01-07 00:00:00,2026-01-07 00:00:00,0,NULL,CRE,,NULL,5892
16916,60077,9256.5,9256.5,USD,ACH010526,2026-01-05 00:00:00,2026-01-05 00:00:00,0,NULL,CRE,,NULL,5893
16917,59991,3458,3458,USD,CK 129408,2026-01-08 00:00:00,2026-01-08 00:00:00,0,1328,UAC,,NULL,5895
16918,60119,4243.2,4243.2,USD,CK 129408,2026-01-08 00:00:00,2026-01-08 00:00:00,0,1328,UAC,,NULL,5895
16919,60120,2832,2832,USD,CK 129408,2026-01-08 00:00:00,2026-01-08 00:00:00,0,1328,UAC,,NULL,5895
16920,60103,1491,1491,USD,CK 129408,2026-01-08 00:00:00,2026-01-08 00:00:00,0,1328,UAC,,NULL,5895
16921,INV59824,3600,3600,USD,CK 7984,2026-01-06 00:00:00,2026-01-06 00:00:00,0,NULL,CRE,,NULL,5896
16922,60122,1412,1412,USD,ACH010926,2026-01-09 00:00:00,2026-01-09 00:00:00,0,NULL,CRE,,NULL,5897
16923,60123,1349,1349,USD,ACH010926,2026-01-09 00:00:00,2026-01-09 00:00:00,0,NULL,CRE,,NULL,5897
16924,60030,9066.6,9066.6,USD,ACH010926,2026-01-09 00:00:00,2026-01-09 00:00:00,0,NULL,CRE,,NULL,5898
16925,59987,11555.34,11555.34,USD,ACH010726,2026-01-07 00:00:00,2026-01-07 00:00:00,0,NULL,CRE,,NULL,5899
16926,60082,9538.1,9538.1,USD,CK 3794748,2026-01-12 00:00:00,2026-01-12 00:00:00,0,NULL,CRE,,NULL,5900
16927,60106,3691.8,3691.8,USD,ACH011226,2026-01-12 00:00:00,2026-01-12 00:00:00,0,NULL,CRE,,NULL,5901
16928,60107,3691.8,3691.8,USD,ACH011226,2026-01-12 00:00:00,2026-01-12 00:00:00,0,NULL,CRE,,NULL,5901
16929,60090,8131.5,8131.5,USD,ACH011226,2026-01-12 00:00:00,2026-01-12 00:00:00,0,NULL,CRE,,NULL,5902
16930,59977,458.48,458.48,USD,CK 28903,2026-01-12 00:00:00,2026-01-12 00:00:00,0,NULL,CRE,,NULL,5903
16931,60074,1828.64,1828.64,USD,CK 28903,2026-01-12 00:00:00,2026-01-12 00:00:00,0,NULL,CRE,,NULL,5903
16932,59998,2170.68,2170.68,USD,ACH011426,2026-01-14 00:00:00,2026-01-14 00:00:00,0,NULL,CRE,,NULL,5904
16933,59825,13420.48,13420.48,USD,ACH011326,2026-01-13 00:00:00,2026-01-13 00:00:00,0,NULL,CRE,,NULL,5905
16934,60062,4065,4065,USD,ACH011326,2026-01-13 00:00:00,2026-01-13 00:00:00,0,NULL,CRE,,NULL,5906
16935,60148,10945,10945,USD,ACH011226,2026-01-12 00:00:00,2026-01-12 00:00:00,0,NULL,CRE,,NULL,5907
16936,60132,1028,1028,USD,ACH 011626,2026-01-16 00:00:00,2026-01-16 00:00:00,0,NULL,CRE,,NULL,5908
16937,60133,910.5,910.5,USD,ACH 011626,2026-01-16 00:00:00,2026-01-16 00:00:00,0,NULL,CRE,,NULL,5908
16938,60117,8640,8640,USD,ACH011626,2026-01-16 00:00:00,2026-01-16 00:00:00,0,NULL,CRE,,NULL,5909
16939,59878,5367.6,5367.6,USD,ACH011526,2026-01-15 00:00:00,2026-01-15 00:00:00,0,NULL,CRE,,NULL,5910
16940,59879,5539.8,5539.8,USD,ACH011526,2026-01-15 00:00:00,2026-01-15 00:00:00,0,NULL,CRE,,NULL,5910
16941,60038,1192.96,1192.96,USD,ACH011526,2026-01-15 00:00:00,2026-01-15 00:00:00,0,NULL,CRE,,NULL,5910
16942,60039,1397.76,1397.76,USD,ACH011526,2026-01-15 00:00:00,2026-01-15 00:00:00,0,NULL,CRE,,NULL,5910
16943,59963,718.6,718.6,USD,ACH011526,2026-01-15 00:00:00,2026-01-15 00:00:00,0,NULL,CRE,,NULL,5910
16944,60113,716.5,716.5,USD,ACH011526,2026-01-15 00:00:00,2026-01-15 00:00:00,0,NULL,CRE,,NULL,5910
16945,60045,1470.72,1470.72,USD,ACH011526,2026-01-15 00:00:00,2026-01-15 00:00:00,0,NULL,CRE,,NULL,5910
16946,60043,1484.8,1484.8,USD,ACH011526,2026-01-15 00:00:00,2026-01-15 00:00:00,0,NULL,CRE,,NULL,5910
16947,60114,707.9,707.9,USD,ACH011526,2026-01-15 00:00:00,2026-01-15 00:00:00,0,NULL,CRE,,NULL,5910
16948,59987,-11555.34,-11555.34,USD,ACH010726,2026-01-16 00:00:00,2026-01-16 11:17:44,0,NULL,CRE,UNDO 16925,NULL,5911
16949,59987,11156.88,11156.88,USD,ACH010726,2026-01-16 00:00:00,2026-01-16 00:00:00,0,1329,UAC,,NULL,5913
16950,60023,7516.74,7516.74,USD,ACH011426,2026-01-14 00:00:00,2026-01-14 00:00:00,0,NULL,CRE,,NULL,5914
16951,60023,-7516.74,-7516.74,USD,ACH011426,2026-01-16 00:00:00,2026-01-16 11:35:07,0,NULL,CRE,UNDO 16950,NULL,5915
16952,59987,-11156.88,-11156.88,USD,ACH010726,2026-01-16 00:00:00,2026-01-16 11:36:50,0,1329,UAC,UNDO 16949,NULL,5916
16953,59987,11156.88,11156.88,USD,ACH010726,2026-01-07 00:00:00,2026-01-07 00:00:00,0,NULL,CRE,,NULL,5918
16954,59632,7516.74,7516.74,USD,ACH011426,2026-01-14 00:00:00,2026-01-14 00:00:00,0,NULL,CRE,,NULL,5919
16955,59632,398.46,398.46,USD,ACH010726,2026-01-07 00:00:00,2026-01-07 00:00:00,0,NULL,CRE,,NULL,5920
16956,58916,6264.57,6264.57,USD,CM 60214,2026-01-19 00:00:00,2026-01-19 00:00:00,0,NULL,CRE,,NULL,5921
16957,58850,9418.57,9418.57,USD,CM 60214,2026-01-19 00:00:00,2026-01-19 00:00:00,0,NULL,CRE,,NULL,5921
16958,58935,10306.4,10306.4,USD,CM 60214,2026-01-19 00:00:00,2026-01-19 00:00:00,0,NULL,CRE,,NULL,5921
16959,59150,2582.8,2582.8,USD,CM 60214,2026-01-19 00:00:00,2026-01-19 00:00:00,0,NULL,CRE,,NULL,5921
16960,59149,3727.02,3727.02,USD,CM 60214,2026-01-19 00:00:00,2026-01-19 00:00:00,0,NULL,CRE,,NULL,5921
16961,59206,10361.67,10361.67,USD,CM 60214,2026-01-19 00:00:00,2026-01-19 00:00:00,0,NULL,CRE,,NULL,5921
16962,59156,9392.05,9392.05,USD,CM 60214,2026-01-19 00:00:00,2026-01-19 00:00:00,0,NULL,CRE,,NULL,5921
16963,59179,2122.12,2122.12,USD,CM 60214,2026-01-19 00:00:00,2026-01-19 00:00:00,0,NULL,CRE,,NULL,5921
16964,60214,-54175.2,-54175.2,USD,CM 60214,2026-01-19 00:00:00,2026-01-19 00:00:00,0,NULL,CRE,,NULL,5921
16965,60128,5609.85,5609.85,USD,ACH011626,2026-01-16 00:00:00,2026-01-16 00:00:00,0,NULL,CRE,,NULL,5922
16966,60124,1523,1523,USD,ACH011626,2026-01-16 00:00:00,2026-01-16 00:00:00,0,NULL,CRE,,NULL,5922
16967,60109,7384.5,7384.5,USD,ACH012126,2026-01-21 00:00:00,2026-01-21 00:00:00,0,NULL,CRE,,NULL,5923
16968,60079,7272,7272,USD,ACH012126,2026-01-21 00:00:00,2026-01-21 00:00:00,0,NULL,CRE,,NULL,5923
16969,60098,11220,11220,USD,ACH012026,2026-01-20 00:00:00,2026-01-20 00:00:00,0,NULL,CRE,,NULL,5924
16970,60137,11520.6,11520.6,USD,ACH012226,2026-01-22 00:00:00,2026-01-22 00:00:00,0,NULL,CRE,,NULL,5925
16971,60118,8958.6,8958.6,USD,ACH011626,2026-01-22 00:00:00,2026-01-22 00:00:00,0,NULL,CRE,,NULL,5926
16972,60161,1424,1424,USD,ACH012326,2026-01-23 00:00:00,2026-01-23 00:00:00,0,NULL,CRE,,NULL,5927
16973,60158,5405.85,5405.85,USD,ACH012626,2026-01-26 00:00:00,2026-01-26 00:00:00,0,NULL,CRE,,NULL,5928
16974,60159,5488.56,5488.56,USD,ACH012626,2026-01-26 00:00:00,2026-01-26 00:00:00,0,NULL,CRE,,NULL,5928
16975,60095,1468.8,1468.8,USD,ACH012626,2026-01-26 00:00:00,2026-01-26 00:00:00,0,NULL,CRE,,NULL,5929
16976,60108,4817.3,4817.3,USD,CK 222201,2026-01-28 00:00:00,2026-01-28 00:00:00,0,NULL,CRE,,NULL,5930
16977,60066,7394.73,7394.73,USD,CK 3795782,2026-01-28 00:00:00,2026-01-28 00:00:00,0,NULL,CRE,,NULL,5931
16978,59724,1624,1624,USD,ACH012826,2026-01-28 00:00:00,2026-01-28 00:00:00,0,NULL,CRE,,NULL,5932
16979,59665,2489.8,2489.8,USD,ACH012826,2026-01-28 00:00:00,2026-01-28 00:00:00,0,NULL,CRE,,NULL,5933
16980,59666,2491.8,2491.8,USD,ACH012826,2026-01-28 00:00:00,2026-01-28 00:00:00,0,NULL,CRE,,NULL,5933
16981,59828,4488.84,4488.84,USD,ACH012826,2026-01-28 00:00:00,2026-01-28 00:00:00,0,NULL,CRE,,NULL,5933
16982,59779A,6243.6,6243.6,USD,ACH012826,2026-01-28 00:00:00,2026-01-28 00:00:00,0,NULL,CRE,,NULL,5933
16983,59667,2051.8,2051.8,USD,ACH012826,2026-01-28 00:00:00,2026-01-28 00:00:00,0,NULL,CRE,,NULL,5933
16984,59884,6780,6780,USD,ACH012826,2026-01-28 00:00:00,2026-01-28 00:00:00,0,NULL,CRE,,NULL,5933
16985,60194,1466,1466,USD,ACH013026,2026-01-30 00:00:00,2026-01-30 00:00:00,0,NULL,CRE,,NULL,5934
16986,60155,2876.8,2876.8,USD,ACH013026,2026-01-30 00:00:00,2026-01-30 00:00:00,0,NULL,CRE,,NULL,5935
16987,60044,1340.16,1340.16,USD,ACH012926,2026-01-29 00:00:00,2026-01-29 00:00:00,0,NULL,CRE,,NULL,5936
16988,60042,1521.92,1521.92,USD,ACH012926,2026-01-29 00:00:00,2026-01-29 00:00:00,0,NULL,CRE,,NULL,5936
16989,60041,1949.44,1949.44,USD,ACH012926,2026-01-29 00:00:00,2026-01-29 00:00:00,0,NULL,CRE,,NULL,5936
16990,60047,1840.64,1840.64,USD,ACH012926,2026-01-29 00:00:00,2026-01-29 00:00:00,0,NULL,CRE,,NULL,5936
16991,60146,9380.2,9380.2,USD,CK 129650,2026-01-30 00:00:00,2026-01-30 00:00:00,0,NULL,CRE,,NULL,5937
16992,60138,10115.56,10115.56,USD,ACH020326,2026-02-03 00:00:00,2026-02-03 00:00:00,0,NULL,CRE,,NULL,5938
16993,59962,11000,11000,USD,ACH020226,2026-02-02 00:00:00,2026-02-02 00:00:00,0,NULL,CRE,,NULL,5939
16994,60126,15920,15920,USD,ACH020226,2026-02-02 00:00:00,2026-02-02 00:00:00,0,NULL,CRE,,NULL,5939
16995,60046,1706.88,1706.88,USD,ACH020226,2026-02-02 00:00:00,2026-02-02 00:00:00,0,NULL,CRE,,NULL,5940
16996,60048,1297.28,1297.28,USD,ACH020226,2026-02-02 00:00:00,2026-02-02 00:00:00,0,NULL,CRE,,NULL,5940
16997,60152,2598.68,2598.68,USD,ACH020226,2026-02-02 00:00:00,2026-02-02 00:00:00,0,NULL,CRE,,NULL,5940
16998,59391,2812.6,2812.6,USD,ACH020226,2026-02-02 00:00:00,2026-02-02 00:00:00,0,NULL,CRE,,NULL,5941
16999,60145,538.2,538.2,USD,ACH013026,2026-01-30 00:00:00,2026-01-30 00:00:00,0,NULL,CRE,,NULL,5942
17000,59854,4050,4050,USD,59928,2026-02-05 00:00:00,2026-02-05 00:00:00,0,NULL,CRE,,NULL,5943
17001,59928,-4050,-4050,USD,59928,2026-02-05 00:00:00,2026-02-05 00:00:00,0,NULL,CRE,,NULL,5943
17002,60198,1170,1170,USD,ACH020626,2026-02-06 00:00:00,2026-02-06 00:00:00,0,NULL,CRE,,NULL,5944
17003,60196,1650.88,1650.88,USD,ACH020626,2026-02-06 00:00:00,2026-02-06 00:00:00,0,NULL,CRE,,NULL,5944
17004,59981,3315.2,3315.2,USD,ACH020626,2026-02-06 00:00:00,2026-02-06 00:00:00,0,NULL,CRE,,NULL,5944
17005,60195,5664,5664,USD,ACH020626,2026-02-06 00:00:00,2026-02-06 00:00:00,0,NULL,CRE,,NULL,5944
17006,60204,1334,1334,USD,ACH020626,2026-02-06 00:00:00,2026-02-06 00:00:00,0,NULL,CRE,,NULL,5944
17007,60121,1254.24,1254.24,USD,ACH020626,2026-02-06 00:00:00,2026-02-06 00:00:00,0,NULL,CRE,,NULL,5945
17008,59922,9937.2,9937.2,USD,ACH020626,2026-02-06 00:00:00,2026-02-06 00:00:00,0,NULL,CRE,,NULL,5946
17009,60099,8830.13,8830.13,USD,ACH020626,2026-02-06 00:00:00,2026-02-06 00:00:00,0,NULL,CRE,,NULL,5946
17010,59598,10395.75,10395.75,USD,ACH020926,2026-02-09 00:00:00,2026-02-09 00:00:00,0,NULL,CRE,,NULL,5948
17011,59597,10467.5,10467.5,USD,ACH020926,2026-02-09 00:00:00,2026-02-09 00:00:00,0,NULL,CRE,,NULL,5948
17012,60083,9213.88,9213.88,USD,ACH020926,2026-02-09 00:00:00,2026-02-09 00:00:00,0,NULL,CRE,,NULL,5949
17013,60141,7546.5,7546.5,USD,ACH020926,2026-02-09 00:00:00,2026-02-09 00:00:00,0,NULL,CRE,,NULL,5950
17014,60125,1197,1197,USD,ACH020626,2026-02-11 00:00:00,2026-02-11 00:00:00,0,1331,UAC,,NULL,5951
17015,60129,1087,1087,USD,ACH020626,2026-02-11 00:00:00,2026-02-11 00:00:00,0,1331,UAC,,NULL,5951
17016,60023,11939.13,11939.13,USD,ACH021126,2026-02-11 00:00:00,2026-02-11 00:00:00,0,NULL,CRE,,NULL,5952
17017,60173,930.5,930.5,USD,ACH021326,2026-02-13 00:00:00,2026-02-13 00:00:00,0,NULL,CRE,,NULL,5953
17018,60149R,1287,1287,USD,ACH021326,2026-02-13 00:00:00,2026-02-13 00:00:00,0,NULL,CRE,,NULL,5954
17019,60212,1586,1586,USD,ACH021326,2026-02-13 00:00:00,2026-02-13 00:00:00,0,NULL,CRE,,NULL,5954
17020,60220,1022,1022,USD,ACH021326,2026-02-13 00:00:00,2026-02-13 00:00:00,0,NULL,CRE,,NULL,5954
17021,60188,7400.4,7400.4,USD,ACH021326,2026-02-13 00:00:00,2026-02-13 00:00:00,0,NULL,CRE,,NULL,5955
17022,60130,10246.5,10246.5,USD,ACH021326,2026-02-13 00:00:00,2026-02-13 00:00:00,0,NULL,CRE,,NULL,5955
17023,60163,14850,14850,USD,ACH021826,2026-02-20 00:00:00,2026-02-20 00:00:00,0,1332,UAC,,NULL,5957
17024,60206,7581.6,7581.6,USD,ACH022026,2026-02-20 00:00:00,2026-02-20 00:00:00,0,NULL,CRE,,NULL,5958
17025,60184,8059.8,8059.8,USD,ACH022026,2026-02-20 00:00:00,2026-02-20 00:00:00,0,NULL,CRE,,NULL,5959
17026,INV59986,300,300,USD,CK 337118,2026-02-20 00:00:00,2026-02-20 00:00:00,0,NULL,CRE,,NULL,5960
17027,INV60198,600,600,USD,7002720156,2026-02-05 00:00:00,2026-02-05 00:00:00,0,NULL,CRE,,NULL,5961
17028,INV59958,400,400,USD,CK 1174,2026-02-20 00:00:00,2026-02-20 00:00:00,0,NULL,CRE,,NULL,5962
17029,60154,7577.35,7577.35,USD,CK 3801466,2026-02-20 00:00:00,2026-02-20 00:00:00,0,NULL,CRE,,NULL,5963
17030,59928R,1873.75,1873.75,USD,CK 222853,2026-02-20 00:00:00,2026-02-20 00:00:00,0,NULL,CRE,,NULL,5964
17031,59634,6845.9,6845.9,USD,ACH022326,2026-02-23 00:00:00,2026-02-23 00:00:00,0,NULL,CRE,,NULL,5965
17032,59729,6321,6321,USD,ACH022326,2026-02-23 00:00:00,2026-02-23 00:00:00,0,NULL,CRE,,NULL,5965
17033,60162,11791.65,11791.65,USD,ACH022626,2026-02-26 00:00:00,2026-02-26 00:00:00,0,NULL,CRE,,NULL,5966
17034,60201,9466.8,9466.8,USD,ACH022626,2026-02-26 00:00:00,2026-02-26 00:00:00,0,NULL,CRE,,NULL,5967
17035,60200,1188,1188,USD,ACH022726,2026-02-27 00:00:00,2026-02-27 00:00:00,0,NULL,CRE,,NULL,5968
17036,59984,3375,3375,USD,ACH022726,2026-02-27 00:00:00,2026-02-27 00:00:00,0,NULL,CRE,,NULL,5969
17037,60150,1424.64,1424.64,USD,ACH022726,2026-02-27 00:00:00,2026-02-27 00:00:00,0,NULL,CRE,,NULL,5970
17038,60229R,635.1,635.1,USD,ACH022726,2026-02-27 00:00:00,2026-02-27 00:00:00,0,NULL,CRE,,NULL,5971
17039,60110,10359,10359,USD,ACH030226,2026-03-02 00:00:00,2026-03-02 00:00:00,0,NULL,CRE,,NULL,5972
17040,60111,9346.5,9346.5,USD,ACH030226,2026-03-02 00:00:00,2026-03-02 00:00:00,0,NULL,CRE,,NULL,5972
17041,60160,7602.4,7602.4,USD,ACH030226,2026-03-02 00:00:00,2026-03-02 00:00:00,0,NULL,CRE,,NULL,5972
17042,60185,8316,8316,USD,ACH030226,2026-03-02 00:00:00,2026-03-02 00:00:00,0,NULL,CRE,,NULL,5972
17043,60251,5575.6,5575.6,USD,ACH030226,2026-03-02 00:00:00,2026-03-02 00:00:00,0,NULL,CRE,,NULL,5973
17044,60224,1264,1264,USD,ACH030626,2026-03-06 00:00:00,2026-03-06 00:00:00,0,NULL,CRE,,NULL,5975
17045,60267,1302,1302,USD,ACH030626,2026-03-06 00:00:00,2026-03-06 00:00:00,0,NULL,CRE,,NULL,5976
17046,60270,1030,1030,USD,ACH030626,2026-03-06 00:00:00,2026-03-06 00:00:00,0,NULL,CRE,,NULL,5976
17047,60190,9345,9345,USD,ACH030426,2026-03-04 00:00:00,2026-03-04 00:00:00,0,NULL,CRE,,NULL,5977
17048,60193,8748.6,8748.6,USD,ACH030426,2026-03-04 00:00:00,2026-03-04 00:00:00,0,NULL,CRE,,NULL,5977
17049,60197,3171,3171,USD,ACH030626,2026-03-06 00:00:00,2026-03-06 00:00:00,0,NULL,CRE,,NULL,5978
17050,60186,7925.4,7925.4,USD,ACH030626,2026-03-06 00:00:00,2026-03-06 00:00:00,0,NULL,CRE,,NULL,5978
17051,59942,1827,1827,USD,ACH030426,2026-03-04 00:00:00,2026-03-04 00:00:00,0,NULL,CRE,,NULL,5979
17052,59943,1883,1883,USD,ACH030426,2026-03-04 00:00:00,2026-03-04 00:00:00,0,NULL,CRE,,NULL,5979
17053,60176,1995,1995,USD,ACH030426,2026-03-04 00:00:00,2026-03-04 00:00:00,0,NULL,CRE,,NULL,5979
17054,60177,1967,1967,USD,ACH030426,2026-03-04 00:00:00,2026-03-04 00:00:00,0,NULL,CRE,,NULL,5979
17055,60178,1834,1834,USD,ACH030426,2026-03-04 00:00:00,2026-03-04 00:00:00,0,NULL,CRE,,NULL,5979
17056,60179,1806,1806,USD,ACH030426,2026-03-04 00:00:00,2026-03-04 00:00:00,0,NULL,CRE,,NULL,5979
17057,60226,4500,4500,USD,ACH030426,2026-03-04 00:00:00,2026-03-04 00:00:00,0,NULL,CRE,,NULL,5980
17058,INV60132,121.83,121.83,USD,ACH030526,2026-03-05 00:00:00,2026-03-05 00:00:00,0,NULL,CRE,,NULL,5981
17059,INV60133,229.19,229.19,USD,ACH030526,2026-03-05 00:00:00,2026-03-05 00:00:00,0,NULL,CRE,,NULL,5981
17060,INV60212,700,700,USD,CK 337771,2026-03-06 00:00:00,2026-03-06 00:00:00,0,NULL,CRE,,NULL,5982
17061,60182,6315,6315,USD,CK 8002,2026-03-06 00:00:00,2026-03-06 00:00:00,0,NULL,CRE,,NULL,5983
17062,60213,4969,4969,USD,CK 129958,2026-03-09 00:00:00,2026-03-09 00:00:00,0,NULL,CRE,,NULL,5984
17063,60207,10007.5,10007.5,USD,CK 129958,2026-03-09 00:00:00,2026-03-09 00:00:00,0,NULL,CRE,,NULL,5984
17064,60208,14957.6,14957.6,USD,CK 129958,2026-03-09 00:00:00,2026-03-09 00:00:00,0,NULL,CRE,,NULL,5984
17065,60240A,10352.5,10352.5,USD,CK 129958,2026-03-09 00:00:00,2026-03-09 00:00:00,0,NULL,CRE,,NULL,5984
17066,60239A,9628.75,9628.75,USD,CK 129958,2026-03-09 00:00:00,2026-03-09 00:00:00,0,NULL,CRE,,NULL,5984
17067,60202,1934,1934,USD,CK 2562,2026-03-09 00:00:00,2026-03-09 00:00:00,0,NULL,CRE,,NULL,5985
17068,INV59906,250,250,USD,CK 099869,2026-03-09 00:00:00,2026-03-09 00:00:00,0,NULL,CRE,,NULL,5986
17069,INV60013,250,250,USD,CK 099869,2026-03-09 00:00:00,2026-03-09 00:00:00,0,NULL,CRE,,NULL,5986
17070,INV60140,250,250,USD,CK 099869,2026-03-09 00:00:00,2026-03-09 00:00:00,0,NULL,CRE,,NULL,5986
17071,59880,5325.6,5325.6,USD,ACH031126,2026-03-11 00:00:00,2026-03-11 00:00:00,0,NULL,CRE,,NULL,5987
17072,60040,1391.36,1391.36,USD,ACH031126,2026-03-11 00:00:00,2026-03-11 00:00:00,0,NULL,CRE,,NULL,5987
17073,60049,1530.24,1530.24,USD,ACH031126,2026-03-11 00:00:00,2026-03-11 00:00:00,0,NULL,CRE,,NULL,5987
17074,60151,2488.36,2488.36,USD,ACH031126,2026-03-11 00:00:00,2026-03-11 00:00:00,0,NULL,CRE,,NULL,5987
17075,60050,1060.48,1060.48,USD,ACH031126,2026-03-11 00:00:00,2026-03-11 00:00:00,0,NULL,CRE,,NULL,5987
17076,60115,715.4,715.4,USD,ACH031126,2026-03-11 00:00:00,2026-03-11 00:00:00,0,NULL,CRE,,NULL,5987
17077,60276,1544,1544,USD,ACH031326,2026-03-13 00:00:00,2026-03-13 00:00:00,0,NULL,CRE,,NULL,5988
17078,59861,1723.8,1723.8,USD,ACH031326,2026-03-13 00:00:00,2026-03-13 00:00:00,0,NULL,CRE,,NULL,5989
17079,59862,1651.8,1651.8,USD,ACH031326,2026-03-13 00:00:00,2026-03-13 00:00:00,0,NULL,CRE,,NULL,5989
17080,59863,1611.8,1611.8,USD,ACH031326,2026-03-13 00:00:00,2026-03-13 00:00:00,0,NULL,CRE,,NULL,5989
17081,59939,7165.2,7165.2,USD,ACH031326,2026-03-13 00:00:00,2026-03-13 00:00:00,0,NULL,CRE,,NULL,5989
17082,59865,1627.8,1627.8,USD,ACH031326,2026-03-13 00:00:00,2026-03-13 00:00:00,0,NULL,CRE,,NULL,5989
17083,59864,1631.8,1631.8,USD,ACH031326,2026-03-13 00:00:00,2026-03-13 00:00:00,0,NULL,CRE,,NULL,5989
17084,59867,1661.8,1661.8,USD,ACH031326,2026-03-13 00:00:00,2026-03-13 00:00:00,0,NULL,CRE,,NULL,5989
17085,59866,2099.8,2099.8,USD,ACH031326,2026-03-13 00:00:00,2026-03-13 00:00:00,0,NULL,CRE,,NULL,5989
17086,59868,2185.8,2185.8,USD,ACH031326,2026-03-13 00:00:00,2026-03-13 00:00:00,0,NULL,CRE,,NULL,5989
17087,59870,2259.6,2259.6,USD,ACH031326,2026-03-13 00:00:00,2026-03-13 00:00:00,0,NULL,CRE,,NULL,5989
17088,59869,2375.8,2375.8,USD,ACH031326,2026-03-13 00:00:00,2026-03-13 00:00:00,0,NULL,CRE,,NULL,5989
17089,59834,13425.6,13425.6,USD,ACH031326,2026-03-13 00:00:00,2026-03-13 00:00:00,0,NULL,CRE,,NULL,5989
17090,60199,5260.8,5260.8,USD,ACH031326,2026-03-13 00:00:00,2026-03-13 00:00:00,0,NULL,CRE,,NULL,5989
17091,60192,8769.6,8769.6,USD,ACH031326,2026-03-13 00:00:00,2026-03-13 00:00:00,0,NULL,CRE,,NULL,5990
17092,60187,9231.6,9231.6,USD,ACH031326,2026-03-13 00:00:00,2026-03-13 00:00:00,0,NULL,CRE,,NULL,5990
17093,59469,240,240,USD,ACH031826,2026-03-18 00:00:00,2026-03-18 00:00:00,0,NULL,CRE,,NULL,5991
17094,59396,284,284,USD,ACH031826,2026-03-18 00:00:00,2026-03-18 00:00:00,0,NULL,CRE,,NULL,5992
17095,59938,5835.2,5835.2,USD,ACH031626,2026-03-16 00:00:00,2026-03-16 00:00:00,0,NULL,CRE,,NULL,5993
17096,59923,10259.61,10259.61,USD,ACH111425,2025-11-14 00:00:00,2025-11-14 00:00:00,0,NULL,CRE,,NULL,5994
17097,60269,5865.6,5865.6,USD,CK 10237,2026-03-20 00:00:00,2026-03-20 00:00:00,0,NULL,CRE,,NULL,5995
17098,60164,4780,4780,USD,CK 44976,2026-03-20 00:00:00,2026-03-20 00:00:00,0,NULL,CRE,,NULL,5996
17099,60247,5516.7,5516.7,USD,ACH032025,2026-03-20 00:00:00,2026-03-20 00:00:00,0,NULL,CRE,,NULL,5997
17100,60294,3451.2,3451.2,USD,ACH032026,2026-03-20 00:00:00,2026-03-20 00:00:00,0,NULL,CRE,,NULL,5998
17101,60268,9193.8,9193.8,USD,ACH031926,2026-03-19 00:00:00,2026-03-19 00:00:00,0,NULL,CRE,,NULL,5999
17102,59933,710.5,710.5,USD,ACH032426,2026-03-24 00:00:00,2026-03-24 00:00:00,0,NULL,CRE,,NULL,6000
17103,INV60262,1458,1458,USD,ACH32526,2026-03-25 00:00:00,2026-03-25 00:00:00,0,NULL,CRE,,NULL,6001
17104,INV60270,600,600,USD,7002787124,2026-03-26 00:00:00,2026-03-26 00:00:00,0,NULL,CRE,,NULL,6002
17105,60238A,18033.3,18033.3,USD,CK 130233,2026-03-26 00:00:00,2026-03-26 00:00:00,0,NULL,CRE,,NULL,6003
17106,60289,23080.8,23080.8,USD,CK 130233,2026-03-26 00:00:00,2026-03-26 00:00:00,0,NULL,CRE,,NULL,6003
17107,INV59930,417.79,417.79,USD,CK 41679,2026-03-26 00:00:00,2026-03-26 00:00:00,0,NULL,CRE,,NULL,6004
17108,60064,8560.18,8560.18,USD,WIR032726,2026-03-27 00:00:00,2026-03-27 00:00:00,0,NULL,CRE,,NULL,6005
17109,60174,2586.48,2586.48,USD,WIR032726,2026-03-27 00:00:00,2026-03-27 00:00:00,0,NULL,CRE,,NULL,6005
17110,60209,2722.41,2722.41,USD,WIR032726,2026-03-27 00:00:00,2026-03-27 00:00:00,0,NULL,CRE,,NULL,6005
17111,60175,2559.96,2559.96,USD,WIR032726,2026-03-27 00:00:00,2026-03-27 00:00:00,0,NULL,CRE,,NULL,6005
17112,60290,559.35,559.35,USD,ACH032726,2026-03-27 00:00:00,2026-03-27 00:00:00,0,NULL,CRE,,NULL,6006
17113,60299,1161.6,1161.6,USD,ACH032726,2026-03-27 00:00:00,2026-03-27 00:00:00,0,NULL,CRE,,NULL,6007
17114,60298,1308.89,1308.89,USD,ACH032726,2026-03-27 00:00:00,2026-03-27 00:00:00,0,NULL,CRE,,NULL,6007
17115,60316,1585,1585,USD,ACH032726,2026-03-27 00:00:00,2026-03-27 00:00:00,0,NULL,CRE,,NULL,6007
17116,60314,1667.16,1667.16,USD,ACH032726,2026-03-27 00:00:00,2026-03-27 00:00:00,0,NULL,CRE,,NULL,6007
17117,60300,6327.4,6327.4,USD,ACH032726,2026-03-27 00:00:00,2026-03-27 00:00:00,0,NULL,CRE,,NULL,6007
17118,INV60267,700,700,USD,ACH033026,2026-03-30 00:00:00,2026-03-30 00:00:00,0,NULL,CRE,,NULL,6008
17119,INV60276,700,700,USD,ACH033026,2026-03-30 00:00:00,2026-03-30 00:00:00,0,NULL,CRE,,NULL,6008
17120,60243,6203.4,6203.4,USD,ACH033026,2026-03-30 00:00:00,2026-03-30 00:00:00,0,NULL,CRE,,NULL,6009
17121,60231,8572.2,8572.2,USD,ACH033026,2026-03-30 00:00:00,2026-03-30 00:00:00,0,NULL,CRE,,NULL,6009
17122,60310,1736.35,1736.35,USD,ACH040326,2026-04-03 00:00:00,2026-04-03 00:00:00,0,NULL,CRE,,NULL,6010
17123,60286,8845.2,8845.2,USD,ACH040326,2026-04-03 00:00:00,2026-04-03 00:00:00,0,NULL,CRE,,NULL,6011
17124,60234,1722,1722,USD,ACH040126,2026-04-01 00:00:00,2026-04-01 00:00:00,0,NULL,CRE,,NULL,6012
17125,60180,1827,1827,USD,ACH040126,2026-04-01 00:00:00,2026-04-01 00:00:00,0,NULL,CRE,,NULL,6012
17126,60233,1848,1848,USD,ACH040126,2026-04-01 00:00:00,2026-04-01 00:00:00,0,NULL,CRE,,NULL,6012
17127,60236,1785,1785,USD,ACH040126,2026-04-01 00:00:00,2026-04-01 00:00:00,0,NULL,CRE,,NULL,6012
17128,60235,1799,1799,USD,ACH040126,2026-04-01 00:00:00,2026-04-01 00:00:00,0,NULL,CRE,,NULL,6012
17129,60280,1834,1834,USD,ACH040126,2026-04-01 00:00:00,2026-04-01 00:00:00,0,NULL,CRE,,NULL,6012
17130,60278,1869,1869,USD,ACH040126,2026-04-01 00:00:00,2026-04-01 00:00:00,0,NULL,CRE,,NULL,6012
17131,60237,1883,1883,USD,ACH040126,2026-04-01 00:00:00,2026-04-01 00:00:00,0,NULL,CRE,,NULL,6012
17132,60279,1953,1953,USD,ACH040126,2026-04-01 00:00:00,2026-04-01 00:00:00,0,NULL,CRE,,NULL,6012
17133,60024,11437.2,11437.2,USD,ACH040126,2026-04-01 00:00:00,2026-04-01 00:00:00,0,NULL,CRE,,NULL,6013
17134,60210,6348.8,6348.8,USD,ACH033126,2026-03-31 00:00:00,2026-03-31 00:00:00,0,NULL,CRE,,NULL,6014
17135,60245,3222.4,3222.4,USD,ACH033126,2026-03-31 00:00:00,2026-03-31 00:00:00,0,NULL,CRE,,NULL,6014
17136,60332,1126.4,1126.4,USD,ACH040326,2026-04-07 00:00:00,2026-04-07 00:00:00,0,1334,UAC,,NULL,6016
17137,60309,1509.09,1509.09,USD,ACH040326,2026-04-07 00:00:00,2026-04-07 00:00:00,0,1334,UAC,,NULL,6016
17138,60337,1190.86,1190.86,USD,ACH040326,2026-04-07 00:00:00,2026-04-07 00:00:00,0,1334,UAC,,NULL,6016
17139,60296,1346.4,1346.4,USD,ACH040326,2026-04-07 00:00:00,2026-04-07 00:00:00,0,1334,UAC,,NULL,6016
17140,60097,2047.2,2047.2,USD,ACH040726,2026-04-07 00:00:00,2026-04-07 00:00:00,0,NULL,CRE,,NULL,6017
17141,59897,1010.6,1010.6,USD,ACH040826,2026-04-08 00:00:00,2026-04-08 00:00:00,0,NULL,CRE,,NULL,6018
17142,60230,9431.2,9431.2,USD,ACH040826,2026-04-08 00:00:00,2026-04-08 00:00:00,0,NULL,CRE,,NULL,6019
17143,60147,4071,4071,USD,CK 14074,2026-04-09 00:00:00,2026-04-09 00:00:00,0,NULL,CRE,,NULL,6020
17144,60216,5768,5768,USD,CK 45019,2026-04-09 00:00:00,2026-04-09 00:00:00,0,NULL,CRE,,NULL,6021
17145,60260,9350.42,9350.42,USD,CK 46931,2026-04-09 00:00:00,2026-04-09 00:00:00,0,NULL,CRE,,NULL,6022
17146,59679,901,901,USD,CK 10197,2026-04-09 00:00:00,2026-04-09 00:00:00,0,NULL,CRE,,NULL,6023
17147,59690,974.4,974.4,USD,CK 10197,2026-04-09 00:00:00,2026-04-09 00:00:00,0,NULL,CRE,,NULL,6023
17148,60227,1500,1500,USD,CK 995001,2026-04-09 00:00:00,2026-04-09 00:00:00,0,NULL,CRE,,NULL,6024
17149,INV60204,100,100,USD,CK 50902,2026-04-09 00:00:00,2026-04-09 00:00:00,0,NULL,CRE,,NULL,6025
17150,60322,3814.25,3814.25,USD,ACH040326,2026-04-10 00:00:00,2026-04-10 00:00:00,0,1334,UAC,,NULL,6026
17151,60244,6682.2,6682.2,USD,ACH040926,2026-04-10 00:00:00,2026-04-10 00:00:00,0,NULL,CRE,,NULL,6027
17152,60319,1329.35,1329.35,USD,ACH041026,2026-04-10 00:00:00,2026-04-10 00:00:00,0,NULL,CRE,,NULL,6028
17153,60308,1405.8,1405.8,USD,ACH041026,2026-04-10 00:00:00,2026-04-10 00:00:00,0,NULL,CRE,,NULL,6028
17154,60015,-2368.38,-2368.38,USD,ACH041326,2026-04-13 00:00:00,2026-04-13 00:00:00,0,NULL,CRE,,NULL,6029
17155,60292,6321.49,6321.49,USD,ACH041326,2026-04-13 00:00:00,2026-04-13 00:00:00,0,NULL,CRE,,NULL,6029
17156,60261,8784,8784,USD,ACH041326,2026-04-13 00:00:00,2026-04-13 00:00:00,0,NULL,CRE,,NULL,6030
17157,60275,8614.2,8614.2,USD,ACH041326,2026-04-13 00:00:00,2026-04-13 00:00:00,0,NULL,CRE,,NULL,6031
17158,60248,8430,8430,USD,ACH041026,2026-04-10 00:00:00,2026-04-10 00:00:00,0,NULL,CRE,,NULL,6032
17159,60248,1070,1070,USD,ACH021826,2026-04-13 00:00:00,2026-04-13 00:00:00,0,1332,UAC,,NULL,6033
17160,INV60319,150,150,USD,CL 26673,2026-04-11 00:00:00,2026-04-11 00:00:00,0,NULL,CRE,,NULL,6034
17161,NV60332,250,250,USD,INV60332,2026-04-11 00:00:00,2026-04-11 00:00:00,0,NULL,CRE,,NULL,6035
17162,59940,703.51,703.51,USD,ACH041426,2026-04-14 00:00:00,2026-04-14 00:00:00,0,NULL,CRE,,NULL,6036
17163,60287,7170.6,7170.6,USD,ACH041626,2026-04-16 00:00:00,2026-04-16 00:00:00,0,NULL,CRE,,NULL,6037
17164,60221,8000.66,8000.66,USD,ACH041726,2026-04-17 00:00:00,2026-04-17 00:00:00,0,NULL,CRE,,NULL,6038
17165,60338,1202.3,1202.3,USD,ACH041726,2026-04-17 00:00:00,2026-04-17 00:00:00,0,NULL,CRE,,NULL,6039
17166,60367,1348.6,1348.6,USD,ACH042026,2026-04-20 00:00:00,2026-04-20 00:00:00,0,NULL,CRE,,NULL,6040
17167,60362,5297.2,5297.2,USD,ACH042026,2026-04-20 00:00:00,2026-04-20 00:00:00,0,NULL,CRE,,NULL,6040
17168,60315R,3545.85,3545.85,USD,ACH042026,2026-04-20 00:00:00,2026-04-20 00:00:00,0,NULL,CRE,,NULL,6040
17169,INV60290,349.72,349.72,USD,CK 31507,2026-04-23 00:00:00,2026-04-23 00:00:00,0,NULL,CRE,,NULL,6041
17170,60284,7637,7637,USD,CK 45060,2026-04-23 00:00:00,2026-04-23 00:00:00,0,NULL,CRE,,NULL,6042
17171,60321,4663,4663,USD,ACH042426,2026-04-24 00:00:00,2026-04-24 00:00:00,0,NULL,CRE,,NULL,6043
17172,60295,5369.4,5369.4,USD,ACH042426,2026-04-24 00:00:00,2026-04-24 00:00:00,0,NULL,CRE,,NULL,6044
17173,60223,8140.67,8140.67,USD,ACH042426,2026-04-24 00:00:00,2026-04-24 00:00:00,0,NULL,CRE,,NULL,6045
17174,60222,8186.49,8186.49,USD,ACH042426,2026-04-24 00:00:00,2026-04-24 00:00:00,0,NULL,CRE,,NULL,6045
17175,60232,7753.2,7753.2,USD,ACH042326,2026-04-23 00:00:00,2026-04-23 00:00:00,0,NULL,CRE,,NULL,6046
17176,60277,1093.4,1093.4,USD,ACH042326,2026-04-23 00:00:00,2026-04-23 00:00:00,0,NULL,CRE,,NULL,6047
17177,60262,650.2,650.2,USD,ACH042326,2026-04-23 00:00:00,2026-04-23 00:00:00,0,NULL,CRE,,NULL,6047
17178,60378,1351.2,1351.2,USD,ACH042426,2026-04-24 00:00:00,2026-04-24 00:00:00,0,NULL,CRE,,NULL,6048
17179,60379,3149.52,3149.52,USD,ACH042426,2026-04-24 00:00:00,2026-04-24 00:00:00,0,NULL,CRE,,NULL,6048
17180,60382,1706.4,1706.4,USD,ACH042426,2026-04-24 00:00:00,2026-04-24 00:00:00,0,NULL,CRE,,NULL,6048
17181,60372,1845.6,1845.6,USD,ACH042426,2026-04-24 00:00:00,2026-04-24 00:00:00,0,NULL,CRE,,NULL,6048
17182,60136,682.8,682.8,USD,CK 3813169,2026-04-27 00:00:00,2026-04-27 00:00:00,0,NULL,CRE,,NULL,6049
17183,59774,4718.84,4718.84,USD,CK 12064,2026-04-27 00:00:00,2026-04-27 00:00:00,0,NULL,CRE,,NULL,6050
17184,60328,7102.2,7102.2,USD,ACH042726,2026-04-27 00:00:00,2026-04-27 00:00:00,0,NULL,CRE,,NULL,6051
17185,60089,3997.34,3997.34,USD,ACH042726,2026-04-28 00:00:00,2026-04-28 00:00:00,0,NULL,CRE,,NULL,6052
17186,60291,7803.6,7803.6,USD,ACH043026,2026-04-30 00:00:00,2026-04-30 00:00:00,0,NULL,CRE,,NULL,6053
17187,60334,9114,9114,USD,ACH043026,2026-04-30 00:00:00,2026-04-30 00:00:00,0,NULL,CRE,,NULL,6053
17188,60330,5600,5600,USD,ACH042926,2026-04-29 00:00:00,2026-04-29 00:00:00,0,NULL,CRE,,NULL,6054
17189,60211,2515.32,2515.32,USD,ACH050126,2026-05-01 00:00:00,2026-05-01 00:00:00,0,NULL,CRE,,NULL,6055
17190,60387,1612.8,1612.8,USD,ACH050126,2026-05-01 00:00:00,2026-05-01 00:00:00,0,NULL,CRE,,NULL,6055
17191,60388,2096.92,2096.92,USD,ACH050126,2026-05-01 00:00:00,2026-05-01 00:00:00,0,NULL,CRE,,NULL,6055
17192,60383,7827.65,7827.65,USD,CK 10582,2026-05-04 00:00:00,2026-05-04 00:00:00,0,NULL,CRE,,NULL,6056
17193,INV60347,195.66,195.66,USD,ACH050126,2026-05-01 00:00:00,2026-05-01 00:00:00,0,NULL,CRE,,NULL,6057
17194,INV60363,285.26,285.26,USD,ACH050126,2026-05-01 00:00:00,2026-05-01 00:00:00,0,NULL,CRE,,NULL,6057
17195,60369,5331.2,5331.2,USD,ACH050526,2026-05-05 00:00:00,2026-05-05 00:00:00,0,NULL,CRE,,NULL,6058
17196,60353,5728.8,5728.8,USD,ACH50626,2026-05-06 00:00:00,2026-05-06 00:00:00,0,NULL,CRE,,NULL,6059
17197,60402,1499.16,1499.16,USD,ACH050826,2026-05-08 00:00:00,2026-05-08 00:00:00,0,NULL,CRE,,NULL,6060
17198,60415,1634.4,1634.4,USD,ACH050826,2026-05-08 00:00:00,2026-05-08 00:00:00,0,NULL,CRE,,NULL,6060
17199,60416,1731.12,1731.12,USD,ACH050826,2026-05-08 00:00:00,2026-05-08 00:00:00,0,NULL,CRE,,NULL,6060
17200,60417,1951.32,1951.32,USD,ACH050826,2026-05-08 00:00:00,2026-05-08 00:00:00,0,NULL,CRE,,NULL,6060
17201,60272,3187.5,3187.5,USD,ACH050726,2026-05-07 00:00:00,2026-05-07 00:00:00,0,NULL,CRE,,NULL,6061
17202,59985,3127.5,3127.5,USD,ACH050726,2026-05-07 00:00:00,2026-05-07 00:00:00,0,NULL,CRE,,NULL,6062
17203,60343,13804.8,13804.8,USD,CK 130705,2026-05-08 00:00:00,2026-05-08 00:00:00,0,NULL,CRE,,NULL,6063
17204,60313A,10285,10285,USD,CK 130705,2026-05-08 00:00:00,2026-05-08 00:00:00,0,NULL,CRE,,NULL,6063
17205,60365,2502.24,2502.24,USD,CK 29908,2026-05-11 00:00:00,2026-05-11 00:00:00,0,NULL,CRE,,NULL,6064
17206,60390,9428.75,9428.75,USD,ACH050826,2026-05-08 00:00:00,2026-05-08 00:00:00,0,NULL,CRE,,NULL,6065
17207,60386,4267.8,4267.8,USD,ACH051126,2026-05-11 00:00:00,2026-05-11 00:00:00,0,NULL,CRE,,NULL,6066
17208,60341,2379.2,2379.2,USD,ACH050826,2026-05-08 00:00:00,2026-05-08 00:00:00,0,NULL,CRE,,NULL,6067
17209,60361,5108.6,5108.6,USD,CK 3819914,2026-05-13 00:00:00,2026-05-13 00:00:00,0,NULL,CRE,,NULL,6068
17210,60361,-5108.6,-5108.6,USD,CK 3819914,2026-05-14 00:00:00,2026-05-14 14:03:49,0,NULL,CRE,UNDO 17209,NULL,6069
17211,60361,5108.6,5108.6,USD,CK 3819914,2026-05-13 00:00:00,2026-05-13 00:00:00,0,NULL,CRE,,NULL,6070
17212,60323,1687,1687,USD,ACH051325,2026-05-13 00:00:00,2026-05-13 00:00:00,0,NULL,CRE,,NULL,6071
17213,60325,1827,1827,USD,ACH051325,2026-05-13 00:00:00,2026-05-13 00:00:00,0,NULL,CRE,,NULL,6071
17214,60324,1876,1876,USD,ACH051325,2026-05-13 00:00:00,2026-05-13 00:00:00,0,NULL,CRE,,NULL,6071
17215,60281,1890,1890,USD,ACH051325,2026-05-13 00:00:00,2026-05-13 00:00:00,0,NULL,CRE,,NULL,6071
17216,60282,1911,1911,USD,ACH051325,2026-05-13 00:00:00,2026-05-13 00:00:00,0,NULL,CRE,,NULL,6071
17217,60307,3331.2,3331.2,USD,ACH051225,2026-05-12 00:00:00,2026-05-12 00:00:00,0,NULL,CRE,,NULL,6072
17218,60297,8014.42,8014.42,USD,ACH051225,2026-05-12 00:00:00,2026-05-12 00:00:00,0,NULL,CRE,,NULL,6072
17219,60333,14593.54,14593.54,USD,ACH042126,2026-04-21 00:00:00,2026-04-21 00:00:00,0,NULL,CRE,,NULL,6073
17220,60346,609.36,609.36,USD,ACH042126,2026-04-21 00:00:00,2026-04-21 00:00:00,0,NULL,CRE,,NULL,6073
17221,60411,833.04,833.04,USD,ACH051226,2026-05-12 00:00:00,2026-05-12 00:00:00,0,NULL,CRE,,NULL,6074
17222,60410,897.12,897.12,USD,ACH051226,2026-05-12 00:00:00,2026-05-12 00:00:00,0,NULL,CRE,,NULL,6074
17223,60412,945.24,945.24,USD,ACH051226,2026-05-12 00:00:00,2026-05-12 00:00:00,0,NULL,CRE,,NULL,6074
17224,60393,2793,2793,USD,ACH051526,2026-05-15 00:00:00,2026-05-15 00:00:00,0,NULL,CRE,,NULL,6075
17225,60384,7452,7452,USD,ACH051526,2026-05-15 00:00:00,2026-05-15 00:00:00,0,NULL,CRE,,NULL,6076
17226,60426,1704,1704,USD,ACH051526,2026-05-15 00:00:00,2026-05-15 00:00:00,0,NULL,CRE,,NULL,6077
17227,60427,1346.4,1346.4,USD,ACH051526,2026-05-15 00:00:00,2026-05-15 00:00:00,0,NULL,CRE,,NULL,6077
17228,60429,1791.96,1791.96,USD,ACH051526,2026-05-15 00:00:00,2026-05-15 00:00:00,0,NULL,CRE,,NULL,6077
17229,60428,2059.08,2059.08,USD,ACH051526,2026-05-15 00:00:00,2026-05-15 00:00:00,0,NULL,CRE,,NULL,6077
17230,60430,1838.4,1838.4,USD,ACH051526,2026-05-15 00:00:00,2026-05-15 00:00:00,0,NULL,CRE,,NULL,6077
17231,60293,1014.5,1014.5,USD,CK 2627,2026-05-18 00:00:00,2026-05-18 00:00:00,0,NULL,CRE,,NULL,6078
17232,60454,1438.15,1438.15,USD,CK 2627,2026-05-18 00:00:00,2026-05-18 00:00:00,0,NULL,CRE,,NULL,6078
17233,60424,4578,4578,USD,ACH050826,2026-05-08 00:00:00,2026-05-08 00:00:00,0,NULL,CRE,,NULL,6079
17234,60172,897.72,897.72,USD,ACH030626,2026-05-21 00:00:00,2026-05-21 00:00:00,0,NULL,CRE,,NULL,6081
17235,60096,1473.84,1473.84,USD,ACH031326,2026-03-13 00:00:00,2026-03-13 00:00:00,0,NULL,CRE,,NULL,6082
17236,60165,1201.44,1201.44,USD,ACH031326,2026-03-13 00:00:00,2026-03-13 00:00:00,0,NULL,CRE,,NULL,6082
17237,60181,2328.48,2328.48,USD,ACH031326,2026-03-13 00:00:00,2026-03-13 00:00:00,0,NULL,CRE,,NULL,6082
17238,60241,2468.85,2468.85,USD,ACH032726,2026-03-27 00:00:00,2026-03-27 00:00:00,0,NULL,CRE,,NULL,6083
17239,60335,8937.6,8937.6,USD,ACH052026,2026-05-20 00:00:00,2026-05-20 00:00:00,0,NULL,CRE,,NULL,6084
17240,60305,2000,2000,USD,ACH030326,2026-05-21 00:00:00,2026-05-21 00:00:00,0,1333,UAC,,NULL,6085
17241,60305,4741.3,4741.3,USD,ACH032326,2026-05-21 00:00:00,2026-05-21 00:00:00,0,1336,UAC,,NULL,6087
17242,60263,7208.6,7208.6,USD,ACH032326,2026-03-23 00:00:00,2026-03-23 00:00:00,0,NULL,CRE,,NULL,6088
17243,59768,886,886,USD,CK VV366,2026-05-21 00:00:00,2026-05-21 00:00:00,0,NULL,CRE,,NULL,6089
17244,59783,438.76,438.76,USD,CK VV366,2026-05-21 00:00:00,2026-05-21 00:00:00,0,NULL,CRE,,NULL,6089
17245,59757,1135.52,1135.52,USD,CK VV366,2026-05-21 00:00:00,2026-05-21 00:00:00,0,NULL,CRE,,NULL,6089
17246,60100,1005.2,1005.2,USD,CK VV419,2026-05-21 00:00:00,2026-05-21 00:00:00,0,NULL,CRE,,NULL,6090
17247,60203,1254.4,1254.4,USD,CK VV419,2026-05-21 00:00:00,2026-05-21 00:00:00,0,NULL,CRE,,NULL,6090
17248,60394,3445,3445,USD,ACH052226,2026-05-22 00:00:00,2026-05-22 00:00:00,0,NULL,CRE,,NULL,6091
17249,60395,2913.3,2913.3,USD,ACH052226,2026-05-22 00:00:00,2026-05-22 00:00:00,0,NULL,CRE,,NULL,6091
17250,60396,3010.8,3010.8,USD,ACH052226,2026-05-22 00:00:00,2026-05-22 00:00:00,0,NULL,CRE,,NULL,6091
17251,60397,3863.6,3863.6,USD,ACH052226,2026-05-22 00:00:00,2026-05-22 00:00:00,0,NULL,CRE,,NULL,6091
17252,60413,877.08,877.08,USD,ACH052226,2026-05-22 00:00:00,2026-05-22 00:00:00,0,NULL,CRE,,NULL,6092
17253,60414,921.12,921.12,USD,ACH052226,2026-05-22 00:00:00,2026-05-22 00:00:00,0,NULL,CRE,,NULL,6092
17254,60394,-3445,-3445,USD,ACH052226,2026-05-22 00:00:00,2026-05-22 10:10:57,0,NULL,CRE,UNDO 17248,NULL,6093
17255,60395,-2913.3,-2913.3,USD,ACH052226,2026-05-22 00:00:00,2026-05-22 10:11:16,0,NULL,CRE,UNDO 17249,NULL,6094
17256,60396,-3010.8,-3010.8,USD,ACH052226,2026-05-22 00:00:00,2026-05-22 10:11:30,0,NULL,CRE,UNDO 17250,NULL,6095
17257,60397,-3863.6,-3863.6,USD,ACH052226,2026-05-22 00:00:00,2026-05-22 10:11:49,0,NULL,CRE,UNDO 17251,NULL,6096
17258,60394,3445,3445,USD,ACH052226,2026-05-22 00:00:00,2026-05-22 00:00:00,0,NULL,CRE,,NULL,6097
17259,60395,2913.3,2913.3,USD,ACH052226,2026-05-22 00:00:00,2026-05-22 00:00:00,0,NULL,CRE,,NULL,6097
17260,60396,3010.8,3010.8,USD,ACH052226,2026-05-22 00:00:00,2026-05-22 00:00:00,0,NULL,CRE,,NULL,6097
17261,60397,3863.6,3863.6,USD,ACH052226,2026-05-22 00:00:00,2026-05-22 00:00:00,0,NULL,CRE,,NULL,6097
17262,60446,7282.8,7282.8,USD,ACH052226,2026-05-22 00:00:00,2026-05-22 00:00:00,0,NULL,CRE,,NULL,6098
17263,60450,1684.8,1684.8,USD,ACH052226,2026-05-22 00:00:00,2026-05-22 00:00:00,0,NULL,CRE,,NULL,6098
17264,60360,6834.6,6834.6,USD,ACH052226,2026-05-22 00:00:00,2026-05-22 00:00:00,0,NULL,CRE,,NULL,6099
17265,60347,901.55,901.55,USD,ACH052226,2026-05-22 00:00:00,2026-05-22 00:00:00,0,NULL,CRE,,NULL,6100
17266,60363,774.8,774.8,USD,ACH052226,2026-05-22 00:00:00,2026-05-22 00:00:00,0,NULL,CRE,,NULL,6100
17267,60424,960.4,960.4,USD,ACH052226,2026-05-22 00:00:00,2026-05-22 00:00:00,0,NULL,CRE,,NULL,6101
17268,60301,7189.2,7189.2,USD,ACH052226,2026-05-22 00:00:00,2026-05-22 00:00:00,0,NULL,CRE,,NULL,6102
17269,60271,7193.15,7193.15,USD,WIR052126,2026-05-01 00:00:00,2026-05-01 00:00:00,0,NULL,CRE,,NULL,6103
17270,INV60387,750,750,USD, CK 27218,2026-05-21 00:00:00,2026-05-21 00:00:00,0,NULL,CRE,,NULL,6104
17271,INV60372,250,250,USD,CK 27219,2026-05-21 00:00:00,2026-05-21 00:00:00,0,NULL,CRE,,NULL,6105
17272,60336,9097.2,9097.2,USD,ACH052626,2026-05-26 00:00:00,2026-05-26 00:00:00,0,NULL,CRE,,NULL,6106
17273,INV60367,800,800,USD,ACH052626,2026-05-26 00:00:00,2026-05-26 00:00:00,0,NULL,CRE,,NULL,6107
17274,59442C,207.04,207.04,USD,ACH052626,2026-05-26 00:00:00,2026-05-26 00:00:00,0,NULL,CRE,,NULL,6108
17275,60144,908.53,908.53,USD,ACH052626,2026-05-26 00:00:00,2026-05-26 00:00:00,0,NULL,CRE,,NULL,6108
17276,60368,14528.8,14528.8,USD,CK 130959,2026-05-28 00:00:00,2026-05-28 00:00:00,0,NULL,CRE,,NULL,6110
17277,60385,20971.9,20971.9,USD,CK 130959,2026-05-28 00:00:00,2026-05-28 00:00:00,0,NULL,CRE,,NULL,6110
17278,60445,3632.85,3632.85,USD,ACH052926,2026-05-29 00:00:00,2026-05-29 00:00:00,0,NULL,CRE,,NULL,6111
17279,60460,1593.8,1593.8,USD,ACH052926,2026-05-29 00:00:00,2026-05-29 00:00:00,0,NULL,CRE,,NULL,6112
17280,60370,3995.9,3995.9,USD,ACH052826,2026-05-28 00:00:00,2026-05-28 00:00:00,0,NULL,CRE,,NULL,6113
17281,60344,2596.86,2596.86,USD,ACH052826,2026-05-28 00:00:00,2026-05-28 00:00:00,0,NULL,CRE,,NULL,6113
17282,60288,3217.5,3217.5,USD,ACH052826,2026-05-28 00:00:00,2026-05-28 00:00:00,0,NULL,CRE,,NULL,6114
17283,60425,5084.8,5084.8,USD,ACH051526,2026-05-29 00:00:00,2026-05-29 00:00:00,0,1337,UAC,,NULL,6117
17284,60395,-2913.3,-2913.3,USD,ACH052226,2026-06-02 00:00:00,2026-06-02 12:06:25,0,NULL,CRE,UNDO 17259,NULL,6118
17285,60394,-3445,-3445,USD,ACH052226,2026-06-02 00:00:00,2026-06-02 12:06:41,0,NULL,CRE,UNDO 17258,NULL,6119
17286,60396,-3010.8,-3010.8,USD,ACH052226,2026-06-02 00:00:00,2026-06-02 12:06:58,0,NULL,CRE,UNDO 17260,NULL,6120
17287,60397,-3863.6,-3863.6,USD,ACH052226,2026-06-02 00:00:00,2026-06-02 12:07:14,0,NULL,CRE,UNDO 17261,NULL,6121
17288,60394,3445,3445,USD,ACH052226,2026-05-22 00:00:00,2026-05-22 00:00:00,0,NULL,CRE,,NULL,6122
17289,60395,2913.3,2913.3,USD,ACH052226,2026-05-22 00:00:00,2026-05-22 00:00:00,0,NULL,CRE,,NULL,6122
17290,60396,3010.8,3010.8,USD,ACH052226,2026-05-22 00:00:00,2026-05-22 00:00:00,0,NULL,CRE,,NULL,6122
17291,60397,3863.6,3863.6,USD,ACH052226,2026-05-22 00:00:00,2026-05-22 00:00:00,0,NULL,CRE,,NULL,6122
17292,INV60363,-285.26,-285.26,USD,ACH050126,2026-06-02 00:00:00,2026-06-02 12:12:47,0,NULL,CRE,UNDO 17194,NULL,6123
17293,INV60347,-195.66,-195.66,USD,ACH050126,2026-06-02 00:00:00,2026-06-02 12:13:01,0,NULL,CRE,UNDO 17193,NULL,6124
17294,INV60347,195.66,195.66,USD,ACH050122,2026-05-01 00:00:00,2026-05-01 00:00:00,0,NULL,CRE,,NULL,6125
17295,INV60363,285.26,285.26,USD,ACH050122,2026-05-01 00:00:00,2026-05-01 00:00:00,0,NULL,CRE,,NULL,6125
17296,INV60426,800,800,USD,ACH060126,2026-06-01 00:00:00,2026-06-01 00:00:00,0,NULL,CRE,,NULL,6126
17297,60403A,13234.65,13234.65,USD,CK 131119,2026-06-03 00:00:00,2026-06-03 00:00:00,0,NULL,CRE,,NULL,6127
17298,59453,4077.59,4077.59,USD,CK924228643,2026-06-04 00:00:00,2026-06-04 00:00:00,0,NULL,CRE,,NULL,6128
17299,60510,2692.8,2692.8,USD,ACH060526,2026-06-05 00:00:00,2026-06-05 00:00:00,0,NULL,CRE,,NULL,6129
17300,60302,7169.58,7169.58,USD,ACH060526,2026-06-05 00:00:00,2026-06-05 00:00:00,0,NULL,CRE,,NULL,6130
17301,60381,9120.3,9120.3,USD,ACH060826,2026-06-08 00:00:00,2026-06-08 00:00:00,0,NULL,CRE,,NULL,6131
17302,60435,11331.6,11331.6,USD,ACH060826,2026-06-11 00:00:00,2026-06-11 00:00:00,0,1340,UAC,,NULL,6133
17303,60436,11544.4,11544.4,USD,ACH060826,2026-06-11 00:00:00,2026-06-11 00:00:00,0,1340,UAC,,NULL,6133
17304,60391,8556.16,8556.16,USD,ACH060926,2026-06-09 00:00:00,2026-06-09 00:00:00,0,NULL,CRE,,NULL,6134
17305,60317,11544,11544,USD,ACH060926,2026-06-09 00:00:00,2026-06-09 00:00:00,0,NULL,CRE,,NULL,6134
17306,60462,1971.2,1971.2,USD,ACH061226,2026-06-12 00:00:00,2026-06-12 00:00:00,0,NULL,CRE,,NULL,6135
17307,60453,1744.4,1744.4,USD,ACH061226,2026-06-12 00:00:00,2026-06-12 00:00:00,0,NULL,CRE,,NULL,6135
17308,60474,926.8,926.8,USD,ACH061226,2026-06-12 00:00:00,2026-06-12 00:00:00,0,NULL,CRE,,NULL,6135
17309,60463,5385.6,5385.6,USD,ACH061226,2026-06-12 00:00:00,2026-06-12 00:00:00,0,NULL,CRE,,NULL,6136
17310,60315,1069.46,1069.46,USD,ACH061226,2026-06-12 00:00:00,2026-06-12 00:00:00,0,NULL,CRE,,NULL,6137
17311,60511,3714.5,3714.5,USD,ACH061226,2026-06-12 00:00:00,2026-06-12 00:00:00,0,NULL,CRE,,NULL,6138
17312,60512,3279.3,3279.3,USD,ACH061226,2026-06-12 00:00:00,2026-06-12 00:00:00,0,NULL,CRE,,NULL,6138
17313,60513,3007.3,3007.3,USD,ACH061226,2026-06-12 00:00:00,2026-06-12 00:00:00,0,NULL,CRE,,NULL,6138
17314,60318,6300.8,6300.8,USD,ACH061226,2026-06-12 00:00:00,2026-06-12 00:00:00,0,NULL,CRE,,NULL,6139
17315,60342,6839.6,6839.6,USD,ACH061226,2026-06-12 00:00:00,2026-06-12 00:00:00,0,NULL,CRE,,NULL,6139
17316,INV60460,150,150,USD,7002919107,2026-06-16 00:00:00,2026-06-16 00:00:00,0,NULL,CRE,,NULL,6140
17317,INV60417,700,700,USD,7002919107,2026-06-16 00:00:00,2026-06-16 00:00:00,0,NULL,CRE,,NULL,6141
17318,60246,5382.4,5382.4,USD,CK 8036,2026-06-17 00:00:00,2026-06-17 00:00:00,0,NULL,CRE,,NULL,6142
17319,60458,13613.6,13613.6,USD,CK 131242,2026-06-17 00:00:00,2026-06-17 00:00:00,0,NULL,CRE,,NULL,6143
17320,60459,14586,14586,USD,CK 131242,2026-06-17 00:00:00,2026-06-17 00:00:00,0,NULL,CRE,,NULL,6143
17321,60451,5085,5085,USD,CK 131242,2026-06-17 00:00:00,2026-06-17 00:00:00,0,NULL,CRE,,NULL,6143
17322,60447,10183.6,10183.6,USD,CK 131242,2026-06-17 00:00:00,2026-06-17 00:00:00,0,NULL,CRE,,NULL,6143
17323,60432A,13559.7,13559.7,USD,CK 131242,2026-06-17 00:00:00,2026-06-17 00:00:00,0,NULL,CRE,,NULL,6143
17324,60264,6639.73,6639.73,USD,ACH061626,2026-06-16 00:00:00,2026-06-16 00:00:00,0,NULL,CRE,,NULL,6144
17325,60303,7106.22,7106.22,USD,ACH061626,2026-06-16 00:00:00,2026-06-16 00:00:00,0,NULL,CRE,,NULL,6144
17326,60464,1947,1947,USD,ACH61726,2026-06-17 00:00:00,2026-06-17 00:00:00,0,NULL,CRE,,NULL,6145
17327,INV60173,536.34,536.34,USD,CK 7921,2026-06-23 00:00:00,2026-06-23 00:00:00,0,NULL,CRE,,NULL,6146
17328,60529,3129.6,3129.6,USD,CK 83288,2026-06-23 00:00:00,2026-06-23 00:00:00,0,NULL,CRE,,NULL,6147
17329,INV60427,400,400,USD,CK 51353,2026-06-23 00:00:00,2026-06-23 00:00:00,0,NULL,CRE,,NULL,6148
17330,60475,2636.2,2636.2,USD,ACH062226,2026-06-22 00:00:00,2026-06-22 00:00:00,0,NULL,CRE,,NULL,6149
17331,60461,2931,2931,USD,ACH062226,2026-06-22 00:00:00,2026-06-22 00:00:00,0,NULL,CRE,,NULL,6149
17332,60476,1491,1491,USD,ACH062226,2026-06-22 00:00:00,2026-06-22 00:00:00,0,NULL,CRE,,NULL,6149
17333,59769,5736,5736,USD,ACH062226,2026-06-22 00:00:00,2026-06-22 00:00:00,0,NULL,CRE,,NULL,6150
17334,59896,6603,6603,USD,ACH062226,2026-06-22 00:00:00,2026-06-22 00:00:00,0,NULL,CRE,,NULL,6150
17335,60380,8975.4,8975.4,USD,ACH062526,2026-06-25 00:00:00,2026-06-25 00:00:00,0,NULL,CRE,,NULL,6151
17336,60420,8891,8891,USD,ACH062526,2026-06-25 00:00:00,2026-06-25 00:00:00,0,NULL,CRE,,NULL,6151
17337,60465,8185.4,8185.4,USD,ACH062426,2026-06-24 00:00:00,2026-06-24 00:00:00,0,NULL,CRE,,NULL,6152
17338,60466,8529.4,8529.4,USD,ACH062426,2026-06-24 00:00:00,2026-06-24 00:00:00,0,NULL,CRE,,NULL,6152
17339,60471,1000,1000,USD,ACH051526,2026-06-25 00:00:00,2026-06-25 00:00:00,0,1335,UAC,,NULL,6153
17340,60471,197.63,197.63,USD,ACH062326,2026-06-25 00:00:00,2026-06-25 00:00:00,0,1341,UAC,,NULL,6155
17341,60443,8993,8993,USD,ACH062626,2026-06-26 00:00:00,2026-06-26 00:00:00,0,NULL,CRE,,NULL,6157
17342,60442,8999.9,8999.9,USD,ACH062926,2026-06-29 00:00:00,2026-06-29 00:00:00,0,NULL,CRE,,NULL,6158
17343,60487,9894.6,9894.6,USD,ACH062926,2026-06-29 00:00:00,2026-06-29 00:00:00,0,NULL,CRE,,NULL,6158
17344,60623,1653,1653,USD,ACH061826,2026-06-30 00:00:00,2026-06-30 00:00:00,0,1342,UAC,,NULL,6159
17345,60493,1404,1404,USD,ACH062626,2026-06-26 00:00:00,2026-06-26 00:00:00,0,NULL,CRE,,NULL,6160
17346,60448,521,521,USD,ACH063026,2026-06-30 00:00:00,2026-06-30 00:00:00,0,NULL,CRE,,NULL,6161
17347,60536,8275.4,8275.4,USD,ACH070626,2026-07-06 00:00:00,2026-07-06 00:00:00,0,NULL,CRE,,NULL,6162
17348,60555,6667.2,6667.2,USD,ACH070326,2026-07-03 00:00:00,2026-07-03 00:00:00,0,NULL,CRE,,NULL,6163
17349,60519,1738.8,1738.8,USD,ACH070326,2026-07-06 00:00:00,2026-07-06 00:00:00,0,NULL,CRE,,NULL,6164
17350,60479,2160.9,2160.9,USD,ACH070326,2026-07-06 00:00:00,2026-07-06 00:00:00,0,NULL,CRE,,NULL,6164
17351,INV60493,600,600,USD,ACH070326,2026-07-03 00:00:00,2026-07-03 00:00:00,0,NULL,CRE,,NULL,6165
17352,60407,1708,1708,USD,ACH070226,2026-07-02 00:00:00,2026-07-02 00:00:00,0,NULL,CRE,,NULL,6166
17353,60406,1771,1771,USD,ACH070226,2026-07-02 00:00:00,2026-07-02 00:00:00,0,NULL,CRE,,NULL,6166
17354,60405,1820,1820,USD,ACH070226,2026-07-02 00:00:00,2026-07-02 00:00:00,0,NULL,CRE,,NULL,6166
17355,60326,1855,1855,USD,ACH070226,2026-07-02 00:00:00,2026-07-02 00:00:00,0,NULL,CRE,,NULL,6166
17356,60327,1799,1799,USD,ACH070226,2026-07-02 00:00:00,2026-07-02 00:00:00,0,NULL,CRE,,NULL,6166
17357,60404,1687,1687,USD,ACH070226,2026-07-02 00:00:00,2026-07-02 00:00:00,0,NULL,CRE,,NULL,6166
17358,60408,1687,1687,USD,ACH070226,2026-07-02 00:00:00,2026-07-02 00:00:00,0,NULL,CRE,,NULL,6166
17359,60521,1694,1694,USD,ACH070226,2026-07-02 00:00:00,2026-07-02 00:00:00,0,NULL,CRE,,NULL,6166
17360,60522,1610,1610,USD,ACH070226,2026-07-02 00:00:00,2026-07-02 00:00:00,0,NULL,CRE,,NULL,6166
17361,60534,3970.8,3970.8,USD,CK 29474,2026-07-10 00:00:00,2026-07-10 00:00:00,0,1343,UAC,,NULL,6168
17362,60576,3644,3644,USD,ACH070326,2026-07-10 00:00:00,2026-07-10 00:00:00,0,1344,UAC,,NULL,6170
17363,60444,7755.6,7755.6,USD,ACH071026,2026-07-10 00:00:00,2026-07-10 00:00:00,0,NULL,CRE,,NULL,6171
17364,60469,12056.99,12056.99,USD,ACH070826,2026-07-08 00:00:00,2026-07-08 00:00:00,0,NULL,CRE,,NULL,6172
17365,57027INV,-65.22,-65.22,USD,OFFSET,2026-07-10 00:00:00,2026-07-10 14:38:48,0,0,OFF,UNDO 14643,NULL,6173
17366,57027INV,65.22,65.22,USD,CH070126,2026-07-01 00:00:00,2026-07-01 00:00:00,0,NULL,CRE,,NULL,6174
17367,60470,23828.4,23828.4,USD,CK 131408,2026-07-08 00:00:00,2026-07-08 00:00:00,0,NULL,CRE,,NULL,6175
17368,60494,12169.5,12169.5,USD,CK 131408,2026-07-08 00:00:00,2026-07-08 00:00:00,0,NULL,CRE,,NULL,6175
17369,59994,5161,5161,USD,ACH071326,2026-07-13 00:00:00,2026-07-13 00:00:00,0,NULL,CRE,,NULL,6176
17370,60520,612.3,612.3,USD,ACH071326,2026-07-13 00:00:00,2026-07-13 00:00:00,0,NULL,CRE,,NULL,6177
17371,60516,873.99,873.99,USD,ACH071326,2026-07-13 00:00:00,2026-07-13 00:00:00,0,NULL,CRE,,NULL,6177
17372,60488,1852.8,1852.8,USD,ACH071326,2026-07-13 00:00:00,2026-07-13 00:00:00,0,NULL,CRE,,NULL,6177
17373,60399,9000,9000,USD,ACH071326,2026-07-13 00:00:00,2026-07-13 00:00:00,0,NULL,CRE,,NULL,6178
17374,60478,1666.7,1666.7,USD,ACH071726,2026-07-17 00:00:00,2026-07-17 00:00:00,0,NULL,CRE,,NULL,6179
17375,60601,2018.8,2018.8,USD,ACH071726,2026-07-17 00:00:00,2026-07-17 00:00:00,0,NULL,CRE,,NULL,6179
17376,60477,2664.2,2664.2,USD,ACH071726,2026-07-17 00:00:00,2026-07-17 00:00:00,0,NULL,CRE,,NULL,6179
17377,60603,2324,2324,USD,ACH071726,2026-07-17 00:00:00,2026-07-17 00:00:00,0,NULL,CRE,,NULL,6179
17378,60304,7057.8,7057.8,USD,ACH071726,2026-07-17 00:00:00,2026-07-17 00:00:00,0,NULL,CRE,,NULL,6180
17379,60507,7403.7,7403.7,USD,ACH071726,2026-07-17 00:00:00,2026-07-17 00:00:00,0,NULL,CRE,,NULL,6180
17380,INV60337,200,200,USD,CK 80265,2026-07-17 00:00:00,2026-07-17 00:00:00,0,NULL,CRE,,NULL,6181
17381,INV60338,307,307,USD,CK 80265,2026-07-17 00:00:00,2026-07-17 00:00:00,0,NULL,CRE,,NULL,6181
17382,60467,504,504,USD,CK 19402,2026-07-17 00:00:00,2026-07-17 00:00:00,0,NULL,CRE,,NULL,6182
17383,INV60548,375,375,USD,CK 050739,2026-07-17 00:00:00,2026-07-17 00:00:00,0,NULL,CRE,,NULL,6183
17384,60544,1581.6,1581.6,USD,CK 94314,2026-07-17 00:00:00,2026-07-17 00:00:00,0,NULL,CRE,,NULL,6184
17385,60562,2508,2508,USD,CK 10531,2026-07-21 00:00:00,2026-07-21 00:00:00,0,1346,UAC,,NULL,6186
17386,60561,2685,2685,USD,CK 10531,2026-07-21 00:00:00,2026-07-21 00:00:00,0,1346,UAC,,NULL,6186
17387,60392,11250,11250,USD,ACH072226,2026-07-22 00:00:00,2026-07-22 00:00:00,0,NULL,CRE,,NULL,6187
17388,60492,8291,8291,USD, ACH072226,2026-07-22 00:00:00,2026-07-22 00:00:00,0,NULL,CRE,,NULL,6188
17389,60455,4288,4288,USD,ACH072126,2026-07-21 00:00:00,2026-07-21 00:00:00,0,NULL,CRE,,NULL,6189
17390,60431,5140.44,5140.44,USD,ACH072126,2026-07-21 00:00:00,2026-07-21 00:00:00,0,NULL,CRE,,NULL,6189
17391,60433,8616,8616,USD,ACH072126,2026-07-21 00:00:00,2026-07-21 00:00:00,0,NULL,CRE,,NULL,6189
17392,60452,8932,8932,USD,ACH072126,2026-07-21 00:00:00,2026-07-21 00:00:00,0,NULL,CRE,,NULL,6189
17393,60537,9954.4,9954.4,USD,ACH072326,2026-07-23 00:00:00,2026-07-23 00:00:00,0,NULL,CRE,,NULL,6190
17394,60531,11150,11150,USD,ACH072326,2026-07-23 00:00:00,2026-07-23 00:00:00,0,NULL,CRE,,NULL,6190
17395,60543,4887.5,4887.5,USD,ACH072226,2026-07-22 00:00:00,2026-07-22 00:00:00,0,NULL,CRE,,NULL,6191
17396,60398,11250,11250,USD,ACH072726,2026-07-27 00:00:00,2026-07-27 00:00:00,0,NULL,CRE,,NULL,6192
17397,60503,25265.57,25265.57,USD,ACH072726,2026-07-27 00:00:00,2026-07-27 00:00:00,0,NULL,CRE,,NULL,6193
17398,60440,1122,1122,USD,CK 14221,2026-07-24 00:00:00,2026-07-24 00:00:00,0,NULL,CRE,,NULL,6194
17399,60439,1255.06,1255.06,USD,CK 14221,2026-07-24 00:00:00,2026-07-24 00:00:00,0,NULL,CRE,,NULL,6194
17400,60437,1391,1391,USD,CK 14221,2026-07-24 00:00:00,2026-07-24 00:00:00,0,NULL,CRE,,NULL,6194
17401,60441,1091.72,1091.72,USD,CK 14221,2026-07-24 00:00:00,2026-07-24 00:00:00,0,NULL,CRE,,NULL,6194
17402,60438,1164.8,1164.8,USD,CK 14221,2026-07-24 00:00:00,2026-07-24 00:00:00,0,NULL,CRE,,NULL,6194
17403,60485,1680,1680,USD,AC072426,2026-07-24 00:00:00,2026-07-24 00:00:00,0,NULL,CRE,,NULL,6195
17404,60502,1763.2,1763.2,USD,AC072426,2026-07-24 00:00:00,2026-07-24 00:00:00,0,NULL,CRE,,NULL,6195
17405,60484,1767.75,1767.75,USD,AC072426,2026-07-24 00:00:00,2026-07-24 00:00:00,0,NULL,CRE,,NULL,6195
17406,60541,1858.5,1858.5,USD,AC072426,2026-07-24 00:00:00,2026-07-24 00:00:00,0,NULL,CRE,,NULL,6195
17407,60558,869.42,869.42,USD,AC072426,2026-07-24 00:00:00,2026-07-24 00:00:00,0,NULL,CRE,,NULL,6195
17408,60548,924.8,924.8,USD,AC072426,2026-07-24 00:00:00,2026-07-24 00:00:00,0,NULL,CRE,,NULL,6195
17409,60569,9775,9775,USD,ACH072726,2026-07-27 00:00:00,2026-07-27 00:00:00,0,NULL,CRE,,NULL,6196
17410,60509,7178,7178,USD,ACH072426,2026-07-27 00:00:00,2026-07-27 00:00:00,0,NULL,CRE,,NULL,6197
17411,60610,4431.6,4431.6,USD,ACH072826,2026-07-28 00:00:00,2026-07-28 00:00:00,0,NULL,CRE,,NULL,6198
17412,60551,9347.2,9347.2,USD,ACH073026,2026-07-30 00:00:00,2026-07-30 00:00:00,0,NULL,CRE,,NULL,6199
17413,60320,14850,14850,USD,ACH072926,2026-07-31 00:00:00,2026-07-31 00:00:00,0,1347,UAC,,NULL,6201
17414,60401,9055.2,9055.2,USD,ACH073126,2026-07-31 00:00:00,2026-07-31 00:00:00,0,NULL,CRE,,NULL,6202
17415,60593,7695,7695,USD,ACH073126,2026-07-31 00:00:00,2026-07-31 00:00:00,0,NULL,CRE,,NULL,6203
17416,60517,2978.75,2978.75,USD,CK 225524,2026-07-30 00:00:00,2026-07-30 00:00:00,0,NULL,CRE,,NULL,6204
17417,INV60462,350,350,USD,CK 27615,2026-07-30 00:00:00,2026-07-30 00:00:00,0,NULL,CRE,,NULL,6205
17418,60563,2712,2712,USD,CK 10623,2026-07-30 00:00:00,2026-07-30 00:00:00,0,NULL,CRE,,NULL,6206
17419,60622,8446,8446,USD,ACH080326,2026-08-03 00:00:00,2026-08-03 00:00:00,0,NULL,CRE,,NULL,6207
17420,60525,1617,1617,USD,ACH080526,2026-08-05 00:00:00,2026-08-05 00:00:00,0,NULL,CRE,,NULL,6208
17421,60584,1638,1638,USD,ACH080526,2026-08-05 00:00:00,2026-08-05 00:00:00,0,NULL,CRE,,NULL,6208
17422,60524,1701,1701,USD,ACH080526,2026-08-05 00:00:00,2026-08-05 00:00:00,0,NULL,CRE,,NULL,6208
17423,60585,1708,1708,USD,ACH080526,2026-08-05 00:00:00,2026-08-05 00:00:00,0,NULL,CRE,,NULL,6208
17424,60523,1722,1722,USD,ACH080526,2026-08-05 00:00:00,2026-08-05 00:00:00,0,NULL,CRE,,NULL,6208
17425,60694,2117.94,2117.94,USD,CK 29561,2026-08-05 00:00:00,2026-08-05 00:00:00,0,1348,UAC,,NULL,6210
17426,60602,2401.3,2401.3,USD,CK 29561,2026-08-05 00:00:00,2026-08-05 00:00:00,0,1348,UAC,,NULL,6210
17427,60635,11250,11250,USD,ACH080726,2026-08-07 00:00:00,2026-08-07 00:00:00,0,NULL,CRE,,NULL,6211
17428,60538,9738.2,9738.2,USD,ACH080626,2026-08-06 00:00:00,2026-08-06 00:00:00,0,NULL,CRE,,NULL,6212
17429,60556,996,996,USD, ACH080626,2026-08-06 00:00:00,2026-08-06 00:00:00,0,NULL,CRE,,NULL,6213
17430,60573,4118,4118,USD, ACH080626,2026-08-06 00:00:00,2026-08-06 00:00:00,0,NULL,CRE,,NULL,6214
